# Blender 5.2.2 LTS
# www.blender.org
mtllib 弹匣.mtl
o 弹匣.001
v 0.2115447 -0.5309109 0.0869057
v 0.3649820 -0.4404815 -0.0853235
v 0.3649819 -0.4404803 0.0868368
v 0.2115452 -0.5309065 -0.0853984
v 0.4448550 -0.3929078 0.0662436
v 0.4448500 -0.3929203 -0.0647294
v 0.0786306 -0.5317065 0.0863014
v 0.0786213 -0.5316986 -0.0847915
v 0.2115479 -0.5309134 -0.0853775
v 0.2115489 -0.5309040 0.0869110
v 0.0428727 -0.5317105 0.0635237
v 0.0428858 -0.5316983 -0.0620269
v -0.0056343 0.6285338 -0.0601262
v -0.2753000 0.6285287 -0.0601247
v -0.2648879 0.6285368 -0.0502104
v -0.2753054 0.6285393 -0.0248387
v -0.2752929 0.6285284 0.0263459
v -0.0114217 0.6285445 -0.0501977
v -0.2648796 0.6285327 0.0517117
v 0.0068578 0.6285361 -0.0395233
v -0.2752958 0.6285309 0.0616421
v 0.0010761 0.6285338 -0.0295964
v -0.0056369 0.6285413 0.0616335
v 0.0918535 0.6285420 -0.0296001
v -0.0114140 0.6285339 0.0517251
v 0.0963398 0.6285421 -0.0395171
v 0.0068541 0.6285304 0.0410435
v 0.1051650 0.6285394 -0.0300322
v 0.0010783 0.6285287 0.0311148
v 0.1001327 0.6285250 -0.0206836
v 0.0918353 0.6285263 0.0311167
v 0.1208598 0.6285408 -0.0279468
v 0.0963309 0.6285328 0.0410396
v 0.1051740 0.6285433 0.0315483
v 0.1001330 0.6285325 0.0222042
v 0.1208713 0.6285353 0.0294604
v 0.1001432 0.6285324 0.0221935
v 0.1051515 0.6285350 0.0315383
v 0.1208583 0.6285475 0.0294477
v -0.2825694 0.5137811 0.0263536
v -0.2825842 0.5137796 -0.0248340
v -0.2882497 0.5108568 -0.0248352
v -0.2882598 0.5108661 0.0263432
v -0.2983820 0.5100215 -0.0248485
v -0.2983684 0.5100241 0.0263413
v 0.4268665 -0.3605007 0.0395359
v 0.4216617 -0.3810781 -0.0425805
v 0.4268684 -0.3605071 -0.0380180
v 0.4216649 -0.3810752 0.0440883
v -0.0114299 0.5586476 0.0517143
v 0.0010738 0.5586612 -0.0295973
v -0.0114182 0.5586614 -0.0502110
v -0.2648860 0.5586666 -0.0502003
v -0.2648769 0.5586574 0.0517079
v 0.0010740 0.5586613 0.0311227
v 0.0918440 0.5586583 -0.0296104
v 0.0918354 0.5586537 0.0311118
v 0.1001302 0.5586610 0.0221942
v 0.1001271 0.5586447 -0.0206834
v -0.2753051 0.6285456 -0.0248267
v -0.2868101 0.5953743 -0.0248317
v -0.2752902 0.6285388 0.0263504
v -0.2868101 0.5953647 0.0263533
v 0.1270419 0.5242632 -0.0380022
v 0.1130032 0.5317726 -0.0395316
v 0.1247229 0.5283783 -0.0300288
v 0.1139063 0.5300867 -0.0423936
v 0.1139026 0.5300938 0.0439280
v 0.1270436 0.5242699 0.0395146
v 0.1130249 0.5317600 0.0410301
v 0.1247081 0.5283895 0.0315415
v 0.0258591 0.5310482 0.0410326
v 0.0460105 0.5146680 0.0592763
v 0.0456839 0.5257333 0.0410418
v 0.0200860 0.5210875 0.0593676
v 0.0460090 0.5146557 0.0592684
v 0.1139067 0.5300827 0.0439081
v 0.1130069 0.5317693 0.0410441
v 0.0457029 0.5257400 0.0410443
v 0.0460218 0.5146656 -0.0577663
v 0.0258468 0.5310465 -0.0395342
v 0.0456889 0.5257428 -0.0395171
v 0.1130218 0.5317622 -0.0395286
v 0.1139137 0.5300941 -0.0423884
v 0.0200984 0.5210981 -0.0578286
v 0.0123759 0.5445366 -0.0395325
v 0.0024076 0.5387941 -0.0578327
v -0.0042507 0.5636369 -0.0578478
v 0.0024143 0.5387946 -0.0578320
v 0.0068609 0.5651146 -0.0395349
v 0.2075487 -0.2729356 0.0675398
v 0.1668128 -0.2919164 0.0675207
v 0.1697948 -0.2944847 0.0562622
v 0.2078215 -0.2767799 0.0562576
v 0.1120705 -0.3213585 -0.0547552
v 0.1413160 -0.3037721 -0.0660145
v 0.1416145 -0.3076081 -0.0547382
v 0.1090846 -0.3187846 -0.0660115
v 0.0835714 -0.3306519 0.0675277
v 0.0428359 -0.3496298 0.0675275
v 0.0458246 -0.3521929 0.0562536
v 0.0838676 -0.3345012 0.0562714
v 0.1413356 -0.3037784 0.0675336
v 0.1090673 -0.3187956 0.0675227
v 0.1120696 -0.3213570 0.0562630
v 0.1416005 -0.3076140 0.0562696
v 0.0458277 -0.3521945 -0.0547450
v 0.0835887 -0.3306507 -0.0660135
v 0.0838585 -0.3344910 -0.0547469
v 0.0428399 -0.3496334 -0.0660194
v 0.1698081 -0.2944949 -0.0547533
v 0.2075489 -0.2729442 -0.0660048
v 0.2078389 -0.2767744 -0.0547561
v 0.1668137 -0.2919006 -0.0660152
v -0.2704351 0.5730218 0.0616318
v -0.0179434 0.5657580 0.0675333
v -0.0056456 0.5730272 0.0616447
v -0.2697888 0.5657744 0.0675335
v -0.2704143 0.5730381 -0.0601130
v -0.0091010 0.5657770 -0.0660231
v -0.2697753 0.5657686 -0.0660058
v -0.0056367 0.5730358 -0.0601114
v -0.1419459 0.4360941 0.0675270
v -0.2030175 0.4416168 0.0570672
v -0.2053112 0.4360933 0.0675271
v -0.1442262 0.4416231 0.0570729
v -0.1419415 0.4361119 -0.0660044
v -0.2030348 0.4416062 -0.0555384
v -0.1442177 0.4416045 -0.0555448
v -0.2053061 0.4360951 -0.0660210
v -0.1442144 0.4416224 0.0570604
v -0.1419269 0.4360955 0.0675237
v -0.1395279 0.4463115 0.0570634
v -0.1340117 0.4440332 0.0675240
v -0.1395110 0.4463176 -0.0555458
v -0.1419265 0.4361004 -0.0660101
v -0.1442219 0.4416061 -0.0555602
v -0.1419270 0.4360975 -0.0660094
v -0.1395216 0.4463060 -0.0555559
v -0.1340130 0.4440188 -0.0660245
v 0.1205651 0.5180183 -0.0488255
v 0.1139047 0.5300970 -0.0423884
v 0.1270496 0.5242533 -0.0380138
v 0.1205581 0.5180334 0.0503381
v 0.1270560 0.5242559 0.0395373
v 0.1139061 0.5300954 0.0439295
v 0.2705829 -0.2281931 0.0511046
v 0.3052704 -0.2110671 0.0517867
v 0.2674480 -0.2250394 0.0612178
v 0.3054059 -0.2153354 0.0426902
v 0.2674506 -0.2250482 -0.0597001
v 0.2965394 -0.2142888 -0.0524410
v 0.2705855 -0.2282095 -0.0495817
v 0.2966749 -0.2185686 -0.0432911
v 0.0835692 -0.3306431 -0.0660261
v 0.0879869 -0.3357049 -0.0547456
v 0.0838575 -0.3344834 -0.0547577
v 0.0903240 -0.3326345 -0.0660083
v 0.0835685 -0.3306570 0.0675391
v 0.0879884 -0.3357062 0.0562706
v 0.0903204 -0.3326516 0.0675354
v 0.0838725 -0.3344955 0.0562576
v -0.0330617 -0.3694464 0.0393630
v -0.0204218 -0.3621936 0.0538324
v -0.0117235 -0.3575951 0.0675177
v -0.0084049 -0.3557651 0.0538120
v -0.0084154 -0.3557752 0.0675186
v -0.0272845 -0.3658941 0.0445812
v -0.0272828 -0.3659021 -0.0430529
v -0.0330591 -0.3694433 -0.0378359
v -0.0204415 -0.3622122 -0.0523029
v -0.0117224 -0.3576008 -0.0660263
v -0.0084140 -0.3557590 -0.0523146
v -0.0084112 -0.3557739 -0.0660244
v -0.2732245 0.6146967 -0.0306325
v -0.2807922 0.5945296 -0.0306358
v -0.2868119 0.5953823 -0.0248467
v -0.2752895 0.6285393 -0.0248466
v -0.2732242 0.6146852 0.0321385
v -0.2868103 0.5953849 0.0263495
v -0.2807849 0.5945221 0.0321421
v -0.2753103 0.6285475 0.0263591
v 0.0188774 -0.3175156 -0.0660198
v 0.1821291 -0.2176746 -0.0660060
v 0.0208270 -0.3189815 -0.0547486
v 0.1824880 -0.2201344 -0.0547539
v 0.1821353 -0.2176802 0.0675369
v 0.0188812 -0.3175070 0.0675400
v 0.0208416 -0.3189708 0.0562612
v 0.1824897 -0.2201243 0.0562739
v 0.2674581 -0.2250397 0.0612027
v 0.2693528 -0.2316586 0.0517558
v 0.2705803 -0.2282080 0.0510991
v 0.2649764 -0.2320112 0.0626973
v 0.2693555 -0.2316625 -0.0502642
v 0.2674436 -0.2250371 -0.0596985
v 0.2705931 -0.2282034 -0.0495736
v 0.2649852 -0.2320140 -0.0611962
v 0.0024038 0.5387856 0.0593608
v 0.0201018 0.5210949 0.0593595
v 0.0123637 0.5445346 0.0410275
v 0.0258427 0.5310463 0.0410480
v 0.1413268 -0.3037622 0.0675179
v 0.1457079 -0.3088248 0.0562541
v 0.1480375 -0.3057784 0.0675404
v 0.1416147 -0.3076104 0.0562698
v 0.1413182 -0.3037641 -0.0660075
v 0.1457012 -0.3088367 -0.0547481
v 0.1416050 -0.3076125 -0.0547575
v 0.1480335 -0.3057844 -0.0660190
v 0.1077138 0.3736910 0.0422967
v 0.0819004 0.3673788 0.0486213
v 0.0838150 0.3619870 0.0606128
v 0.1136403 0.3692994 0.0532962
v 0.1077122 0.3737046 -0.0407791
v 0.0838181 0.3619901 -0.0590982
v 0.0819126 0.3673739 -0.0471108
v 0.1136478 0.3692941 -0.0517934
v 0.0796385 0.3689906 0.0491388
v 0.0838166 0.3619865 0.0606202
v 0.0818936 0.3673730 0.0486230
v 0.0777068 0.3663741 0.0619893
v 0.0838075 0.3619934 -0.0590945
v 0.0796404 0.3689916 -0.0476190
v 0.0818965 0.3673823 -0.0471237
v 0.0776893 0.3663561 -0.0604909
v 0.0375490 0.5027499 -0.0660250
v 0.0460176 0.5146737 -0.0577530
v 0.0550526 0.5027655 -0.0639348
v 0.0375682 0.5027598 0.0675277
v 0.0550718 0.5027561 0.0654532
v 0.0460125 0.5146687 0.0592866
v -0.0980322 0.3205161 0.0675308
v -0.0628273 0.3272302 0.0675316
v -0.0648859 0.3305025 0.0562680
v -0.0971422 0.3243595 0.0562641
v -0.0648885 0.3304951 -0.0547450
v -0.0980363 0.3205142 -0.0660172
v -0.0971424 0.3243520 -0.0547533
v -0.0628357 0.3272142 -0.0660107
v -0.0352632 0.3324664 0.0675329
v 0.0091110 0.3409065 0.0675266
v 0.0070739 0.3442078 0.0562661
v -0.0343881 0.3363017 0.0562745
v -0.1276448 0.3185498 -0.0547549
v -0.1699700 0.3068147 -0.0660083
v -0.1690943 0.3106636 -0.0547531
v -0.1255810 0.3152650 -0.0660057
v 0.0070707 0.3441911 -0.0547494
v -0.0352621 0.3324803 -0.0660211
v -0.0343766 0.3363055 -0.0547547
v 0.0091059 0.3409119 -0.0660197
v -0.1699746 0.3068281 0.0675395
v -0.1255989 0.3152684 0.0675384
v -0.1276403 0.3185446 0.0562648
v -0.1690847 0.3106660 0.0562592
v 0.0550723 0.5027499 -0.0639463
v 0.1138990 0.5300949 -0.0424055
v 0.1205646 0.5180343 -0.0488248
v 0.0460182 0.5146660 -0.0577586
v 0.0550684 0.5027498 0.0654558
v 0.1139144 0.5300996 0.0439116
v 0.0460168 0.5146555 0.0592781
v 0.1205688 0.5180232 0.0503202
v -0.0272796 -0.3659007 0.0445673
v -0.0272726 -0.3659029 -0.0430598
v 0.0531285 -0.4717767 0.0499304
v 0.0531455 -0.4717651 -0.0484193
v -0.0709661 -0.2951967 -0.0378352
v -0.0578647 -0.2889247 -0.0523132
v -0.0648342 -0.2922736 -0.0425042
v -0.0648367 -0.2922750 0.0440244
v -0.0489839 -0.2846650 -0.0660164
v -0.0445359 -0.2825376 -0.0523040
v -0.0445484 -0.2825296 -0.0660254
v -0.0709645 -0.2951980 0.0393495
v -0.0578542 -0.2889204 0.0538266
v -0.0489788 -0.2846647 0.0675298
v -0.0445416 -0.2825221 0.0538323
v -0.0445378 -0.2825355 0.0675400
v -0.1214509 0.3208245 -0.0660077
v -0.1276515 0.3185443 -0.0547416
v -0.1251763 0.3218387 -0.0547377
v -0.1255832 0.3152655 -0.0660081
v -0.1214505 0.3208139 0.0675272
v -0.1276431 0.3185414 0.0562746
v -0.1255848 0.3152810 0.0675189
v -0.1251663 0.3218568 0.0562628
v -0.2983711 0.5100420 0.0263431
v -0.2983840 0.5100291 -0.0248304
v -0.2935704 0.4512613 -0.0248336
v -0.2935655 0.4512589 0.0263605
v -0.2868217 0.5953846 0.0263486
v -0.2868027 0.5953776 -0.0248421
v -0.2806252 0.5198301 -0.0248352
v -0.2806229 0.5198363 0.0263495
v -0.2825838 0.5137812 -0.0248483
v -0.2825753 0.5137728 0.0263565
v 0.2118953 -0.2780176 0.0562638
v 0.2075607 -0.2729252 0.0675391
v 0.2078226 -0.2767731 0.0562563
v 0.2142528 -0.2749681 0.0675353
v 0.2075656 -0.2729296 -0.0660153
v 0.2118795 -0.2780137 -0.0547586
v 0.2078245 -0.2767918 -0.0547569
v 0.2142380 -0.2749520 -0.0660066
v 0.1205604 0.5180161 -0.0488049
v 0.1374599 0.5058524 -0.0346466
v 0.1334635 0.4956859 -0.0458016
v 0.1270546 0.5242709 -0.0380145
v 0.1205708 0.5180165 0.0503210
v 0.1334650 0.4956825 0.0473205
v 0.1374699 0.5058553 0.0361620
v 0.1270463 0.5242629 0.0395253
v -0.0330631 -0.3694396 -0.0378343
v -0.0330552 -0.3694314 0.0393538
v -0.0433864 -0.3525864 -0.0378401
v -0.0433720 -0.3525771 0.0393480
v -0.0098736 0.5316960 -0.0660155
v 0.0200873 0.5211002 -0.0578254
v 0.0130740 0.5087609 -0.0660124
v 0.0024183 0.5387887 -0.0578328
v 0.0375701 0.5027555 -0.0660142
v 0.0460130 0.5146705 -0.0577689
v 0.1697942 -0.2944856 0.0562557
v 0.1650302 -0.2978613 0.0675309
v 0.1689495 -0.2973468 0.0562619
v 0.1667981 -0.2919175 0.0675226
v 0.1689337 -0.2973326 -0.0547446
v 0.1650423 -0.2978687 -0.0660136
v 0.1697914 -0.2944866 -0.0547445
v 0.1668043 -0.2919048 -0.0660071
v 0.0200944 0.5210874 0.0593486
v -0.0098555 0.5317038 0.0675304
v 0.0130851 0.5087420 0.0675405
v 0.0024023 0.5387821 0.0593749
v 0.0375497 0.5027501 0.0675314
v 0.0460133 0.5146493 0.0592818
v 0.2123995 -0.1236538 -0.0476267
v 0.2094053 -0.1223841 -0.0604738
v 0.2135323 -0.1210459 -0.0471129
v 0.2124252 -0.1154635 -0.0591155
v 0.2135315 -0.1210546 0.0486317
v 0.2093968 -0.1223906 0.0619971
v 0.2124059 -0.1236547 0.0491449
v 0.2124296 -0.1154722 0.0606102
v 0.1051542 0.5754450 0.0328306
v 0.1051708 0.5754302 -0.0313029
v 0.1051652 0.6090577 0.0315539
v 0.1051530 0.6090549 -0.0300245
v 0.1113194 0.5520888 0.0328283
v 0.1113161 0.5520887 -0.0313120
v 0.1247078 0.5283865 -0.0300376
v 0.1247223 0.5283715 0.0315360
v 0.1374684 0.5058655 0.0361627
v 0.1270597 0.5242525 0.0395332
v 0.1374560 0.5058652 -0.0346432
v 0.1270453 0.5242549 -0.0380092
v 0.1130195 0.5317528 0.0410375
v 0.1113242 0.5520903 0.0328320
v 0.1027542 0.5498654 0.0410376
v 0.1247205 0.5283716 0.0315514
v -0.2746293 0.5191520 0.0321370
v -0.2825740 0.5137618 0.0263560
v -0.2776875 0.5096238 0.0321521
v -0.2866023 0.5050435 0.0321452
v -0.2806216 0.5198319 0.0263547
v -0.2807851 0.5945304 0.0321338
v -0.2868168 0.5953791 0.0263559
v -0.2882626 0.5108669 0.0263607
v -0.2919791 0.5045937 0.0321385
v -0.2983878 0.5100314 0.0263463
v -0.2746298 0.5191415 -0.0306357
v -0.2776954 0.5096256 -0.0306281
v -0.2825760 0.5137776 -0.0248346
v -0.2865985 0.5050371 -0.0306269
v -0.2806430 0.5198373 -0.0248417
v -0.2807954 0.5945402 -0.0306238
v -0.2868205 0.5953632 -0.0248486
v -0.2882629 0.5108506 -0.0248430
v -0.2919926 0.5046120 -0.0306234
v -0.2983771 0.5100379 -0.0248462
v 0.1374675 0.5058644 -0.0346377
v 0.1374643 0.5058678 0.0361632
v 0.1422034 0.4893501 0.0348285
v 0.1421977 0.4893403 -0.0333216
v -0.2356871 0.2528223 -0.0424993
v -0.2423453 0.2515098 0.0393604
v -0.2356963 0.2528106 0.0440149
v -0.2281586 0.2546635 0.0538203
v -0.2423388 0.2514990 -0.0378522
v -0.2185460 0.2567936 0.0675218
v -0.2135854 0.2578794 0.0538154
v -0.2135935 0.2578931 0.0675380
v -0.2281561 0.2546593 -0.0523002
v -0.2185332 0.2567731 -0.0660159
v -0.2136010 0.2578866 -0.0523142
v -0.2135906 0.2578881 -0.0660227
v 0.0736185 -0.1705318 0.0675196
v 0.0400216 -0.1826520 0.0675288
v 0.0427657 -0.1854878 0.0562598
v 0.0735387 -0.1743847 0.0562628
v 0.0427459 -0.1854892 -0.0547375
v 0.0736145 -0.1705336 -0.0660211
v 0.0735503 -0.1743854 -0.0547440
v 0.0400424 -0.1826469 -0.0660254
v 0.1424213 -0.1457281 0.0675196
v 0.1000379 -0.1610225 0.0675190
v 0.1027561 -0.1638556 0.0562688
v 0.1423390 -0.1495753 0.0562622
v 0.1027498 -0.1638702 -0.0547437
v 0.1424348 -0.1457156 -0.0660070
v 0.1423377 -0.1495785 -0.0547544
v 0.1000384 -0.1610040 -0.0660143
v 0.0136122 -0.1921744 0.0675293
v -0.0287682 -0.2074612 0.0675297
v -0.0260358 -0.2103085 0.0562659
v 0.0135441 -0.1960286 0.0562685
v -0.0260572 -0.2103069 -0.0547536
v 0.0136109 -0.1921628 -0.0660237
v 0.0135326 -0.1960411 -0.0547591
v -0.0287690 -0.2074542 -0.0660059
v 0.2417274 -0.1064039 0.0533010
v 0.2124226 -0.1154674 0.0606226
v 0.2135384 -0.1210554 0.0486331
v 0.2388946 -0.1132088 0.0422963
v 0.2417238 -0.1063882 -0.0517985
v 0.2135323 -0.1210655 -0.0471033
v 0.2124321 -0.1154592 -0.0591063
v 0.2388936 -0.1132111 -0.0407850
v 0.0136106 -0.1921611 0.0675377
v 0.0174169 -0.1976219 0.0562652
v 0.0200585 -0.1948039 0.0675329
v 0.0135452 -0.1960194 0.0562637
v 0.0136235 -0.1921813 -0.0660126
v 0.0174211 -0.1976085 -0.0547473
v 0.0135528 -0.1960372 -0.0547421
v 0.0200597 -0.1948017 -0.0660077
v -0.2534006 0.3724833 -0.0306352
v -0.2475711 0.3129026 -0.0660088
v -0.2518818 0.3538538 -0.0248368
v -0.2485206 0.3129029 -0.0306389
v -0.2697855 0.5657595 -0.0660191
v -0.2518794 0.3538708 0.0263452
v -0.2704139 0.5730352 -0.0601210
v -0.2485194 0.3128998 0.0321521
v -0.2732143 0.6147008 -0.0306354
v -0.2753093 0.6285260 -0.0601126
v -0.2753016 0.6285249 -0.0248450
v -0.2475811 0.3129110 0.0675266
v -0.2534066 0.3724969 0.0321386
v -0.2697905 0.5657738 0.0675381
v -0.2704146 0.5730361 0.0616426
v -0.2732050 0.6146993 0.0321422
v -0.2752902 0.6285299 0.0616425
v -0.2753000 0.6285298 0.0263531
v 0.0209445 0.2812506 -0.0660234
v -0.1698635 0.2669222 -0.0660077
v 0.0197997 0.2834391 -0.0547382
v -0.1691400 0.2692416 -0.0547514
v -0.1698786 0.2669145 0.0675306
v 0.0209450 0.2812534 0.0675325
v 0.0198079 0.2834472 0.0562665
v -0.1691465 0.2692646 0.0562550
v -0.0586744 0.3327621 -0.0660202
v -0.0648860 0.3305060 -0.0547545
v -0.0623781 0.3338148 -0.0547386
v -0.0628361 0.3272206 -0.0660047
v -0.0586596 0.3327686 0.0675230
v -0.0648704 0.3304923 0.0562595
v -0.0628249 0.3272180 0.0675250
v -0.0623959 0.3338181 0.0562649
v 0.1821422 -0.2176819 -0.0660036
v 0.1862688 -0.2211551 -0.0547599
v 0.1824940 -0.2201232 -0.0547518
v 0.1878086 -0.2192228 -0.0660234
v 0.1862601 -0.2211532 0.0562567
v 0.1821408 -0.2176669 0.0675364
v 0.1824984 -0.2201346 0.0562527
v 0.1878074 -0.2192117 0.0675260
v -0.0084099 -0.3557718 -0.0660253
v 0.0508331 -0.4554389 -0.0522988
v -0.0084077 -0.3557716 -0.0523124
v 0.0508535 -0.4554317 -0.0660230
v -0.0084180 -0.3557693 0.0675254
v 0.0508491 -0.4554316 0.0538198
v 0.0508453 -0.4554466 0.0675318
v -0.0084157 -0.3557683 0.0538159
v -0.0795125 -0.2773947 -0.0378420
v -0.0709713 -0.2952157 0.0393535
v -0.0795118 -0.2774038 0.0393545
v -0.0709513 -0.2952127 -0.0378334
v 0.2356262 0.0682782 0.0270209
v 0.2579546 -0.0542459 0.0348175
v 0.2356291 0.0682652 -0.0255166
v 0.2579568 -0.0542291 -0.0333209
v -0.0330665 -0.3694484 0.0393498
v -0.0220233 -0.3407673 0.0675245
v -0.0433770 -0.3525910 0.0393547
v -0.0117263 -0.3576045 0.0675319
v -0.0433747 -0.3525948 -0.0378463
v -0.0220232 -0.3407693 -0.0660138
v -0.0330545 -0.3694458 -0.0378333
v -0.0117247 -0.3576076 -0.0660177
v 0.2316201 0.0806834 -0.0255160
v 0.2316251 0.0806774 0.0270143
v 0.2356303 0.0682659 0.0270187
v 0.2356243 0.0682679 -0.0255212
v -0.1006497 -0.2176877 -0.0424987
v -0.0733896 -0.2744599 0.0440164
v -0.1006486 -0.2177005 0.0440074
v -0.0733941 -0.2744638 -0.0424945
v -0.0648382 -0.2922683 0.0440192
v -0.0648467 -0.2922711 -0.0425070
v -0.0375954 -0.3490567 0.0440037
v -0.0376084 -0.3490559 -0.0424937
v 0.1334560 0.4956851 -0.0458055
v 0.1374573 0.5058656 -0.0346459
v 0.1421900 0.4893517 -0.0333251
v 0.1334692 0.4956847 0.0473052
v 0.1421994 0.4893626 0.0348499
v 0.1374486 0.5058717 0.0361638
v -0.1146182 -0.2021974 -0.0378500
v -0.1068862 -0.2203582 0.0393655
v -0.1146254 -0.2021796 0.0393620
v -0.1068803 -0.2203392 -0.0378347
v -0.0272916 -0.3658979 -0.0430607
v 0.0508456 -0.4554350 -0.0523103
v 0.0531313 -0.4717783 -0.0484328
v -0.0204217 -0.3621924 -0.0523163
v -0.0272779 -0.3659038 0.0445676
v 0.0531501 -0.4717741 0.0499405
v 0.0508327 -0.4554439 0.0538305
v -0.0204336 -0.3621933 0.0538137
v 0.1780103 0.1930221 -0.0333297
v 0.2316336 0.0806653 0.0270295
v 0.2316358 0.0806824 -0.0255004
v 0.1780191 0.1930362 0.0348346
v 0.1112332 -0.3241921 -0.0547389
v 0.1073152 -0.3247372 -0.0660072
v 0.1120752 -0.3213598 -0.0547481
v 0.1090706 -0.3187787 -0.0660081
v 0.1120746 -0.3213689 0.0562674
v 0.1073198 -0.3247240 0.0675375
v 0.1112410 -0.3241816 0.0562694
v 0.1090751 -0.3187957 0.0675207
v -0.2423538 0.2514987 -0.0378476
v -0.2385378 0.2321716 0.0393694
v -0.2423472 0.2514944 0.0393627
v -0.2385294 0.2321856 -0.0378435
v -0.2287828 0.1829044 0.0393614
v -0.2288016 0.1829468 -0.0378330
v -0.2249671 0.1636288 -0.0378354
v -0.2249715 0.1636163 0.0393524
v -0.2935799 0.4512468 -0.0248364
v -0.2983672 0.5100315 -0.0248334
v -0.2919746 0.5046028 -0.0306206
v -0.2877331 0.4526988 -0.0306280
v -0.2935802 0.4512495 0.0263620
v -0.2919872 0.5045995 0.0321360
v -0.2983742 0.5100206 0.0263554
v -0.2877381 0.4526934 0.0321415
v -0.1437198 -0.1243642 -0.0378395
v -0.1368007 -0.1428574 0.0393583
v -0.1437052 -0.1243674 0.0393474
v -0.1368041 -0.1428659 -0.0378481
v -0.1068911 -0.2203577 0.0393666
v -0.0935098 -0.2146386 0.0538155
v -0.0844506 -0.2107945 0.0675331
v -0.0798989 -0.2088593 0.0538187
v -0.0799070 -0.2088566 0.0675268
v -0.1006382 -0.2177005 0.0440062
v -0.1006391 -0.2176845 -0.0424996
v -0.1068820 -0.2203559 -0.0378324
v -0.0935047 -0.2146574 -0.0522962
v -0.0844595 -0.2108035 -0.0660208
v -0.0798945 -0.2088676 -0.0523135
v -0.0799106 -0.2088523 -0.0660063
v -0.2152116 0.1142045 -0.0378506
v -0.2106851 0.0949767 0.0393537
v -0.2151946 0.1141964 0.0393547
v -0.2106834 0.0949750 -0.0378526
v -0.0368749 0.3381793 0.0562622
v -0.0352813 0.3324747 0.0675244
v -0.0343796 0.3362967 0.0562692
v -0.0403134 0.3362672 0.0675247
v -0.0352646 0.3324640 -0.0660131
v -0.0368828 0.3381850 -0.0547559
v -0.0343808 0.3362982 -0.0547462
v -0.0403043 0.3362521 -0.0660181
v -0.1716736 -0.0461662 -0.0378334
v -0.1656044 -0.0649445 0.0393479
v -0.1716726 -0.0461599 0.0393491
v -0.1655970 -0.0649468 -0.0378473
v -0.2183210 0.1649379 -0.0425113
v -0.2086031 0.1157620 0.0440157
v -0.2183310 0.1649371 0.0440121
v -0.2085956 0.1157596 -0.0424900
v -0.2221800 0.1844139 -0.0425046
v -0.2318749 0.2334869 0.0440240
v -0.2318710 0.2334888 -0.0424921
v -0.2221685 0.1843775 0.0440242
v -0.1939503 0.0339034 -0.0378385
v -0.1887118 0.0148692 0.0393570
v -0.1939494 0.0339070 0.0393572
v -0.1887185 0.0148717 -0.0378405
v -0.1594223 -0.0629576 -0.0425109
v -0.1373702 -0.1219815 0.0440025
v -0.1594328 -0.0629636 0.0440151
v -0.1373646 -0.1219963 -0.0425036
v -0.1304473 -0.1404838 0.0440170
v -0.1083679 -0.1995227 -0.0425109
v -0.1083780 -0.1995333 0.0440176
v -0.1304445 -0.1405005 -0.0425042
v -0.2475844 0.3129064 -0.0424955
v -0.2356907 0.2528025 -0.0424957
v -0.2485240 0.3129030 -0.0306380
v -0.2356891 0.2528128 0.0440158
v -0.2485202 0.3128969 0.0321348
v -0.2475782 0.3129040 0.0440116
v -0.1006408 -0.2176909 0.0440069
v -0.0663917 -0.2711049 0.0538118
v -0.0935137 -0.2146379 0.0538256
v -0.0733857 -0.2744649 0.0440134
v -0.1006396 -0.2176868 -0.0424977
v -0.0664057 -0.2711015 -0.0523179
v -0.0733900 -0.2744619 -0.0424978
v -0.0934944 -0.2146423 -0.0523152
v -0.0648370 -0.2922763 0.0440101
v -0.0307532 -0.3453787 0.0538238
v -0.0578580 -0.2889189 0.0538326
v -0.0375867 -0.3490513 0.0440090
v -0.0648373 -0.2922786 -0.0425084
v -0.0307637 -0.3453844 -0.0523013
v -0.0376028 -0.3490516 -0.0424942
v -0.0578454 -0.2889287 -0.0522981
v 0.1053002 0.2160349 -0.0591180
v 0.1004757 0.2226644 -0.0476341
v 0.1029369 0.2212212 -0.0471069
v 0.0987822 0.2198867 -0.0604853
v 0.1004832 0.2226668 0.0491339
v 0.1052855 0.2160303 0.0606179
v 0.1029252 0.2212034 0.0486268
v 0.0987890 0.2198874 0.0620021
v -0.0177222 -0.3384083 -0.0523054
v -0.0445347 -0.2825275 -0.0523099
v -0.0445425 -0.2825406 -0.0660101
v -0.0177128 -0.3383958 -0.0660044
v -0.0799144 -0.2088456 -0.0660254
v -0.0530951 -0.2647128 -0.0523182
v -0.0798999 -0.2088600 -0.0523075
v -0.0530822 -0.2647266 -0.0660045
v -0.0799048 -0.2088670 0.0538139
v -0.0530907 -0.2647162 0.0675345
v -0.0798989 -0.2088591 0.0675187
v -0.0530893 -0.2647129 0.0538116
v -0.0445484 -0.2825305 0.0538318
v -0.0177332 -0.3383868 0.0538151
v -0.0445471 -0.2825299 0.0675244
v -0.0177149 -0.3384014 0.0675296
v -0.1821844 0.0166573 -0.0424990
v -0.1654999 -0.0441725 0.0440243
v -0.1821827 0.0166529 0.0440044
v -0.1655058 -0.0441652 -0.0424941
v -0.2040902 0.0965309 0.0440227
v -0.1873926 0.0357008 -0.0425076
v -0.1873928 0.0357101 0.0440032
v -0.2040676 0.0965254 -0.0424894
v 0.0736118 -0.1705239 0.0675317
v 0.0774092 -0.1759708 0.0562710
v 0.0800659 -0.1731681 0.0675326
v 0.0735373 -0.1743831 0.0562617
v 0.0736343 -0.1705342 -0.0660056
v 0.0774074 -0.1759745 -0.0547378
v 0.0735393 -0.1743999 -0.0547570
v 0.0800657 -0.1731681 -0.0660086
v 0.2356231 0.0682648 0.0270139
v 0.2316248 0.0806665 0.0270335
v 0.2263572 0.0721277 0.0383628
v 0.2316285 0.0806676 -0.0255075
v 0.2356239 0.0682691 -0.0255162
v 0.2263562 0.0721108 -0.0368466
v -0.0709580 -0.2951994 0.0393558
v -0.0489864 -0.2846711 0.0675309
v -0.0794992 -0.2774047 0.0393645
v -0.0575302 -0.2668637 0.0675280
v -0.0795158 -0.2773940 -0.0378379
v -0.0489884 -0.2846494 -0.0660103
v -0.0709575 -0.2951982 -0.0378507
v -0.0575203 -0.2668525 -0.0660106
v -0.1068868 -0.2203390 0.0393661
v -0.0844557 -0.2108055 0.0675294
v -0.1146265 -0.2021933 0.0393663
v -0.0921816 -0.1926451 0.0675243
v -0.1146209 -0.2021819 -0.0378539
v -0.0844437 -0.2107891 -0.0660140
v -0.1068746 -0.2203524 -0.0378436
v -0.0921847 -0.1926277 -0.0660138
v -0.0492983 -0.1731583 -0.0660157
v 0.1222284 -0.0883490 -0.0660220
v -0.0474912 -0.1748073 -0.0547418
v 0.1223561 -0.0908302 -0.0547540
v 0.1222351 -0.0883405 0.0675232
v -0.0493182 -0.1731605 0.0675378
v -0.0474917 -0.1747985 0.0562630
v 0.1223531 -0.0908304 0.0562709
v -0.2183246 0.1649457 0.0440026
v -0.2010416 0.1174639 0.0538192
v -0.2107694 0.1667204 0.0538260
v -0.2086026 0.1157443 0.0440149
v -0.2183299 0.1649308 -0.0425039
v -0.2010291 0.1174648 -0.0523147
v -0.2086129 0.1157465 -0.0425049
v -0.2107649 0.1667046 -0.0523083
v -0.2318704 0.2335041 0.0440122
v -0.2145888 0.1860809 0.0538238
v -0.2243379 0.2353457 0.0538241
v -0.2221640 0.1843586 0.0440225
v -0.2356855 0.2528159 -0.0424987
v -0.2475674 0.3129003 -0.0425042
v -0.2372147 0.3005212 -0.0523169
v -0.2281613 0.2546615 -0.0523090
v -0.2318827 0.2334846 -0.0425107
v -0.2146056 0.1860908 -0.0523008
v -0.2221658 0.1844136 -0.0424979
v -0.2243326 0.2353482 -0.0523134
v -0.2372140 0.3005182 0.0538102
v -0.2356960 0.2528229 0.0440082
v -0.2281416 0.2546609 0.0538267
v -0.2475717 0.3128937 0.0440127
v 0.0132994 0.3464724 0.0675354
v 0.0070551 0.3442013 0.0562540
v 0.0091099 0.3409249 0.0675360
v 0.0095825 0.3475152 0.0562530
v 0.0132801 0.3464566 -0.0660098
v 0.0070563 0.3441869 -0.0547431
v 0.0095911 0.3475336 -0.0547584
v 0.0090977 0.3409135 -0.0660096
v 0.2966704 -0.2185558 -0.0432904
v 0.2965308 -0.2143028 -0.0524394
v 0.3049307 -0.2172566 -0.0512236
v 0.3023056 -0.2205426 -0.0424644
v -0.1594215 -0.0629518 -0.0425093
v -0.1301053 -0.1192902 -0.0522978
v -0.1373708 -0.1219925 -0.0424951
v -0.1520352 -0.0605795 -0.0523046
v -0.1304515 -0.1405041 0.0440034
v -0.1012362 -0.1964893 0.0538129
v -0.1231767 -0.1377878 0.0538107
v -0.1083666 -0.1995220 0.0440107
v -0.1304451 -0.1405033 -0.0424969
v -0.1012444 -0.1964778 -0.0523106
v -0.1083875 -0.1995215 -0.0424979
v -0.1231751 -0.1377843 -0.0523166
v -0.1594209 -0.0629504 0.0440119
v -0.1300997 -0.1192709 0.0538217
v -0.1520425 -0.0605668 0.0538317
v -0.1373600 -0.1219959 0.0440103
v -0.2423435 0.2515010 -0.0378456
v -0.2147367 0.2374844 -0.0660235
v -0.2385273 0.2321856 -0.0378459
v -0.2185471 0.2567825 -0.0660205
v -0.2288079 0.1829427 -0.0378498
v -0.2011799 0.1688836 -0.0660112
v -0.2249771 0.1636194 -0.0378412
v -0.2050028 0.1882384 -0.0660109
v -0.2385326 0.2321831 0.0393655
v -0.2147343 0.2374735 0.0675189
v -0.2423522 0.2515056 0.0393497
v -0.2185340 0.2567838 0.0675249
v -0.2249800 0.1636204 0.0393559
v -0.2011642 0.1688900 0.0675303
v -0.2287970 0.1829074 0.0393471
v -0.2049990 0.1882380 0.0675260
v -0.1952746 0.1701919 0.0538196
v -0.1864443 0.1207597 0.0538298
v -0.1952935 0.1701929 0.0675277
v -0.1864362 0.1207728 0.0675239
v -0.2076080 0.2390724 0.0538161
v -0.1987713 0.1896375 0.0538314
v -0.2075957 0.2390560 0.0675388
v -0.1987564 0.1896505 0.0675398
v -0.2076052 0.2390604 -0.0660087
v -0.1987496 0.1896203 -0.0660087
v -0.2076024 0.2390741 -0.0523183
v -0.1987507 0.1896092 -0.0523088
v -0.1952745 0.1701838 -0.0660183
v -0.1864324 0.1207548 -0.0523015
v -0.1952739 0.1701809 -0.0523004
v -0.1864455 0.1207658 -0.0660263
v 0.1551305 0.3209898 0.0348485
v 0.1437901 0.4533017 0.0348463
v 0.1351281 0.4527270 0.0464316
v 0.1421950 0.4893468 0.0348455
v 0.1334544 0.4956911 0.0473095
v 0.1465035 0.3198475 0.0464339
v 0.1780248 0.1930314 0.0348258
v 0.1695264 0.1911106 0.0464419
v 0.2316236 0.0806716 0.0270215
v 0.2263376 0.0721163 0.0383806
v 0.1465069 0.3198635 -0.0449349
v 0.1780084 0.1930268 -0.0333126
v 0.1695219 0.1911084 -0.0449366
v 0.2316306 0.0806816 -0.0255171
v 0.2263505 0.0721280 -0.0368560
v 0.1551140 0.3209998 -0.0333225
v 0.1351316 0.4527388 -0.0449128
v 0.1437846 0.4533028 -0.0333336
v 0.1422005 0.4893496 -0.0333326
v 0.1334687 0.4956894 -0.0457880
v -0.1368035 -0.1428776 0.0393665
v -0.1139637 -0.1343445 0.0675315
v -0.1437058 -0.1243666 0.0393609
v -0.1208844 -0.1158397 0.0675232
v -0.1437169 -0.1243753 -0.0378494
v -0.1139512 -0.1343351 -0.0660265
v -0.1368052 -0.1428577 -0.0378412
v -0.1208774 -0.1158272 -0.0660222
v -0.2151962 0.1141965 -0.0378538
v -0.1869076 0.1004107 -0.0660216
v -0.2106672 0.0949826 -0.0378434
v -0.1914451 0.1196205 -0.0660115
v -0.2106723 0.0949854 0.0393527
v -0.1869221 0.1004176 0.0675316
v -0.2152084 0.1142014 0.0393545
v -0.1914478 0.1196324 0.0675253
v 0.0508517 -0.4554270 -0.0660199
v 0.0830722 -0.5096535 -0.0660088
v 0.0584623 -0.5096629 -0.0520113
v 0.0584615 -0.5096557 0.0535266
v 0.0830869 -0.5096441 0.0675230
v 0.0508454 -0.4554337 0.0675228
v -0.1821742 0.0166476 -0.0424944
v -0.1581276 -0.0417801 -0.0523181
v -0.1655015 -0.0441673 -0.0425108
v -0.1747091 0.0186991 -0.0523084
v -0.1821731 0.0166563 0.0440251
v -0.1581082 -0.0417819 0.0538100
v -0.1747042 0.0187098 0.0538182
v -0.1655123 -0.0441814 0.0440128
v -0.2040818 0.0965387 0.0440225
v -0.1799236 0.0377433 0.0538244
v -0.1965016 0.0982503 0.0538260
v -0.1874029 0.0357084 0.0440190
v -0.2040839 0.0965445 -0.0425078
v -0.1799172 0.0377528 -0.0522987
v -0.1873994 0.0357083 -0.0425064
v -0.1965041 0.0982565 -0.0523045
v -0.1656021 -0.0649567 0.0393524
v -0.1424025 -0.0574443 0.0675336
v -0.1716809 -0.0461811 0.0393634
v -0.1484742 -0.0386663 0.0675401
v -0.1716851 -0.0461689 -0.0378344
v -0.1424066 -0.0574594 -0.0660257
v -0.1656072 -0.0649608 -0.0378472
v -0.1484868 -0.0386745 -0.0660094
v 0.3053950 -0.2153414 0.0426988
v 0.3136621 -0.2140253 0.0505568
v 0.3052762 -0.2110736 0.0517816
v 0.3110498 -0.2173277 0.0418754
v 0.1422047 0.4893451 -0.0333263
v 0.1422029 0.4893624 0.0348333
v 0.1437822 0.4532846 0.0348372
v 0.1437751 0.4532914 -0.0333149
v 0.1551227 0.3209974 -0.0333193
v 0.1551270 0.3209933 0.0348273
v 0.1780230 0.1930324 0.0348399
v 0.1780070 0.1930386 -0.0333116
v -0.1887249 0.0148668 0.0393684
v -0.1651968 0.0213166 0.0675381
v -0.1939402 0.0339123 0.0393595
v -0.1704187 0.0403456 0.0675303
v -0.1939275 0.0339128 -0.0378425
v -0.1652150 0.0213114 -0.0660190
v -0.1887163 0.0148567 -0.0378453
v -0.1704200 0.0403599 -0.0660213
v -0.1093533 -0.1326068 -0.0660208
v -0.0876502 -0.1906866 -0.0522964
v -0.1093387 -0.1326184 -0.0523165
v -0.0876302 -0.1906913 -0.0660123
v -0.1379852 -0.0560187 -0.0660169
v -0.1162751 -0.1141187 -0.0523030
v -0.1379736 -0.0560274 -0.0523023
v -0.1162654 -0.1141185 -0.0660254
v -0.1379737 -0.0560187 0.0538128
v -0.1162730 -0.1141014 0.0675345
v -0.1379724 -0.0560277 0.0675262
v -0.1162562 -0.1141070 0.0538229
v -0.1093410 -0.1326036 0.0675375
v -0.0876365 -0.1907032 0.0538264
v -0.0876296 -0.1906860 0.0675238
v -0.1093396 -0.1326075 0.0538257
v -0.2221738 0.1844045 -0.0424980
v -0.2287793 0.1828892 0.0393582
v -0.2221758 0.1843665 0.0440169
v -0.2145935 0.1860947 0.0538289
v -0.2287896 0.1829469 -0.0378455
v -0.2050022 0.1882323 0.0675280
v -0.1987592 0.1896411 0.0538289
v -0.1987715 0.1896408 0.0675350
v -0.2146049 0.1860882 -0.0523103
v -0.2050018 0.1882365 -0.0660156
v -0.1987480 0.1896268 -0.0523051
v -0.1987568 0.1896140 -0.0660181
v 0.2579500 -0.0542419 0.0348242
v 0.2356267 0.0682717 0.0270135
v 0.2263546 0.0721129 0.0383776
v 0.2499483 -0.0576435 0.0464497
v 0.3142655 -0.1715404 0.0348196
v 0.3066022 -0.1756698 0.0464352
v 0.4268638 -0.3605052 0.0395438
v 0.4175761 -0.3617174 0.0514116
v 0.4216447 -0.3810806 0.0441025
v 0.4109263 -0.3874554 0.0557571
v 0.2499344 -0.0576531 -0.0449365
v 0.3142709 -0.1715496 -0.0332985
v 0.3065958 -0.1756584 -0.0449375
v 0.4268587 -0.3605086 -0.0380245
v 0.2579475 -0.0542369 -0.0333187
v 0.2263470 0.0721109 -0.0368678
v 0.2356395 0.0682716 -0.0255222
v 0.4175736 -0.3617254 -0.0499088
v 0.4216492 -0.3810712 -0.0425829
v 0.4109186 -0.3874681 -0.0542558
v 0.1015826 -0.1667199 -0.0547418
v 0.0976508 -0.1668291 -0.0660190
v 0.1027550 -0.1638608 -0.0547459
v 0.1000387 -0.1610127 -0.0660097
v 0.1027503 -0.1638507 0.0562732
v 0.0976481 -0.1668146 0.0675343
v 0.1015826 -0.1667085 0.0562652
v 0.1000347 -0.1610033 0.0675218
v 0.1051556 0.5754390 0.0328309
v 0.1027532 0.5498574 0.0410414
v 0.1113227 0.5520860 0.0328278
v -0.1604611 0.0226192 0.0538287
v -0.1440416 -0.0372305 0.0538136
v -0.1604513 0.0225984 0.0675212
v -0.1440525 -0.0372392 0.0675346
v -0.1820908 0.1015127 0.0538181
v -0.1656842 0.0416531 0.0675272
v -0.1820844 0.1014976 0.0675385
v -0.1656886 0.0416665 0.0538216
v -0.1604446 0.0226194 -0.0660209
v -0.1440504 -0.0372314 -0.0523064
v -0.1604599 0.0226113 -0.0522992
v -0.1440539 -0.0372410 -0.0660260
v -0.1820927 0.1015035 -0.0660211
v -0.1656722 0.0416608 -0.0660182
v -0.1820770 0.1015174 -0.0523141
v -0.1656694 0.0416556 -0.0523071
v -0.0971383 0.1678492 -0.0660241
v -0.1031522 0.1650298 -0.0547409
v -0.1009295 0.1685786 -0.0547479
v -0.1008098 0.1619485 -0.0660110
v -0.0971384 0.1678602 0.0675325
v -0.1031418 0.1650348 0.0562577
v -0.1008186 0.1619533 0.0675372
v -0.1009198 0.1685719 0.0562676
v 0.1623867 0.0050479 0.0484564
v 0.1581966 0.0041980 0.0618032
v 0.1609794 0.0025232 0.0489500
v 0.1618455 0.0108270 0.0604086
v 0.1609912 0.0025375 -0.0474348
v 0.1581833 0.0042127 -0.0602755
v 0.1623809 0.0050472 -0.0469419
v 0.1618282 0.0108179 -0.0588950
v -0.0996744 0.3262534 0.0562684
v -0.0980476 0.3205111 0.0675269
v -0.0971448 0.3243536 0.0562695
v -0.1030976 0.3243054 0.0675203
v -0.0980278 0.3205316 -0.0660177
v -0.0996675 0.3262484 -0.0547451
v -0.0971473 0.3243640 -0.0547520
v -0.1030961 0.3243109 -0.0660178
v 0.2579442 -0.0542439 -0.0333059
v 0.3142509 -0.1715599 0.0348217
v 0.3142656 -0.1715518 -0.0333124
v 0.2579559 -0.0542467 0.0348129
v 0.4268598 -0.3604880 0.0395404
v 0.4268672 -0.3604940 -0.0380126
v -0.1340150 0.4778261 -0.0660041
v -0.1395152 0.4463202 -0.0555405
v -0.1395252 0.4755525 -0.0555484
v -0.1340089 0.4440260 -0.0660209
v -0.1340067 0.4440222 0.0675400
v -0.1340122 0.4778327 0.0675379
v -0.1395192 0.4755389 0.0570562
v -0.1395142 0.4463088 0.0570676
v 0.0458225 -0.3521903 0.0562593
v 0.0410910 -0.3555684 0.0675240
v 0.0450117 -0.3550136 0.0562531
v 0.0428391 -0.3496105 0.0675187
v 0.0449952 -0.3550036 -0.0547596
v 0.0410837 -0.3555611 -0.0660223
v 0.0458250 -0.3521895 -0.0547582
v 0.0428283 -0.3496154 -0.0660139
v 0.1051600 0.5754328 -0.0313009
v 0.1027581 0.5498654 -0.0395194
v 0.0963286 0.5742952 -0.0395301
v 0.0963324 0.6090669 -0.0395297
v 0.1113213 0.5520908 -0.0313064
v 0.1130091 0.5317537 -0.0395148
v 0.1247240 0.5283922 -0.0300266
v 0.1051595 0.6090527 -0.0300221
v 0.0963435 0.6285452 -0.0395190
v 0.1051714 0.6285322 -0.0300373
v 0.1359990 -0.4054605 0.0675232
v 0.0903085 -0.3326362 0.0675297
v 0.0879810 -0.3357143 0.0562553
v 0.1321913 -0.4061717 0.0562548
v 0.0879864 -0.3357178 -0.0547444
v 0.1360073 -0.4054577 -0.0660134
v 0.1322023 -0.4061792 -0.0547406
v 0.0903071 -0.3326566 -0.0660147
v 0.1280838 0.2296668 -0.0407861
v 0.1052823 0.2160326 -0.0591037
v 0.1029169 0.2212196 -0.0471142
v 0.1343746 0.2257865 -0.0518073
v 0.1280711 0.2296688 0.0422886
v 0.1029287 0.2212016 0.0486313
v 0.1052892 0.2160261 0.0606101
v 0.1343723 0.2258071 0.0533014
v -0.0125022 0.1872467 0.0675334
v 0.0308326 0.1996495 0.0675227
v 0.0284943 0.2027231 0.0562662
v -0.0119588 0.1911329 0.0562574
v 0.0284990 0.2027303 -0.0547566
v -0.0124952 0.1872266 -0.0660142
v -0.0119474 0.1911476 -0.0547564
v 0.0308246 0.1996545 -0.0660170
v 0.1424137 -0.1457197 0.0675388
v 0.1462245 -0.1511650 0.0562646
v 0.1488739 -0.1483609 0.0675395
v 0.1423395 -0.1495842 0.0562704
v 0.1424351 -0.1457233 -0.0660186
v 0.1462065 -0.1511735 -0.0547468
v 0.1423387 -0.1495757 -0.0547378
v 0.1488597 -0.1483654 -0.0660153
v -0.0418119 0.1825947 -0.0547489
v -0.0738258 0.1696780 -0.0660215
v -0.0732836 0.1735786 -0.0547538
v -0.0394863 0.1795131 -0.0660190
v -0.0738248 0.1696816 0.0675308
v -0.0394863 0.1794978 0.0675234
v -0.0418123 0.1825869 0.0562675
v -0.0732779 0.1735778 0.0562587
v -0.1031322 0.1650319 -0.0547594
v -0.1441532 0.1495416 -0.0660187
v -0.1435871 0.1534411 -0.0547569
v -0.1008084 0.1619368 -0.0660082
v -0.1441328 0.1495501 0.0675288
v -0.1008249 0.1619369 0.0675380
v -0.1031494 0.1650338 0.0562765
v -0.1435883 0.1534551 0.0562650
v 0.0246502 0.2858312 -0.0660038
v 0.0197991 0.2834406 -0.0547596
v 0.0222686 0.2864986 -0.0547497
v 0.0209425 0.2812512 -0.0660251
v 0.0197998 0.2834443 0.0562606
v 0.0246583 0.2858257 0.0675381
v 0.0222692 0.2864829 0.0562612
v 0.0209547 0.2812488 0.0675191
v 0.4448530 -0.3929072 0.0662352
v 0.4335891 -0.3739653 -0.0647235
v 0.4335966 -0.3739606 0.0662265
v 0.4448641 -0.3929277 -0.0647180
v 0.1077208 0.3736980 0.0423034
v 0.1187726 0.3764197 0.0519269
v 0.1106067 0.3777090 0.0415365
v 0.1136358 0.3692771 0.0533070
v 0.1187641 0.3764178 -0.0504118
v 0.1077115 0.3736861 -0.0407827
v 0.1105885 0.3777053 -0.0400109
v 0.1136392 0.3692845 -0.0517998
v -0.2132295 0.4440297 0.0675312
v -0.2030177 0.4416168 0.0570631
v -0.2077275 0.4462979 0.0570674
v -0.2053240 0.4361002 0.0675317
v -0.2132271 0.4440298 -0.0660147
v -0.2030330 0.4416097 -0.0555538
v -0.2053250 0.4360932 -0.0660254
v -0.2030146 0.4416132 -0.0555587
v -0.2132309 0.4440269 -0.0660087
v -0.2077261 0.4463025 -0.0555424
v 0.1181568 0.1347418 0.0619069
v 0.1326184 0.0902818 0.0489447
v 0.1207534 0.1330149 0.0490064
v 0.1313391 0.0872881 0.0617891
v 0.1181565 0.1347536 -0.0603924
v 0.1326142 0.0902759 -0.0474328
v 0.1313335 0.0872900 -0.0602706
v 0.1207514 0.1330092 -0.0475101
v -0.1367901 -0.1428788 -0.0378515
v -0.1231784 -0.1377790 -0.0523095
v -0.1304450 -0.1405034 -0.0424944
v -0.1139521 -0.1343325 -0.0660115
v -0.1093398 -0.1325994 -0.0523059
v -0.1093448 -0.1326191 -0.0660193
v -0.1367849 -0.1428710 0.0393592
v -0.1304578 -0.1405012 0.0440096
v -0.1231930 -0.1377798 0.0538156
v -0.1139646 -0.1343367 0.0675237
v -0.1093562 -0.1325993 0.0538319
v -0.1093494 -0.1326117 0.0675261
v 0.0427626 -0.1854843 0.0562558
v 0.0376479 -0.1884534 0.0675216
v 0.0415953 -0.1883503 0.0562702
v 0.0400202 -0.1826577 0.0675188
v 0.0415812 -0.1883479 -0.0547470
v 0.0376399 -0.1884691 -0.0660183
v 0.0427489 -0.1855029 -0.0547453
v 0.0400277 -0.1826517 -0.0660129
v -0.0433234 -0.0478085 0.0675197
v -0.0400521 -0.0535580 0.0562558
v -0.0371456 -0.0510119 0.0675366
v -0.0437604 -0.0516364 0.0562597
v -0.0433318 -0.0478051 -0.0660046
v -0.0400567 -0.0535580 -0.0547487
v -0.0437499 -0.0516349 -0.0547441
v -0.0371611 -0.0510025 -0.0660264
v 0.1581788 0.0042159 0.0618052
v 0.1763861 -0.0390695 0.0490088
v 0.1609817 0.0025431 0.0489446
v 0.1753028 -0.0419761 0.0619085
v 0.1581993 0.0041950 -0.0602865
v 0.1763822 -0.0390804 -0.0474927
v 0.1752898 -0.0419835 -0.0603847
v 0.1609818 0.0025335 -0.0474217
v 0.0901140 0.2683684 -0.0604789
v 0.1004899 0.2226685 -0.0476185
v 0.0988014 0.2198873 -0.0604835
v 0.0926740 0.2663396 -0.0476322
v 0.0901182 0.2683649 0.0619988
v 0.1004744 0.2226606 0.0491421
v 0.0926737 0.2663416 0.0491511
v 0.0987864 0.2198688 0.0620077
v -0.0358232 0.1854127 -0.0660115
v -0.0418117 0.1825918 -0.0547444
v -0.0396090 0.1861512 -0.0547537
v -0.0394931 0.1795000 -0.0660174
v -0.0358060 0.1854080 0.0675282
v -0.0418107 0.1825925 0.0562666
v -0.0394882 0.1795038 0.0675306
v -0.0396076 0.1861434 0.0562713
v -0.2935733 0.4512612 0.0263425
v -0.2518752 0.3538649 -0.0248392
v -0.2518783 0.3538730 0.0263629
v -0.2935652 0.4512609 -0.0248357
v -0.1277842 0.3844325 0.0675312
v -0.1251690 0.3218437 0.0562624
v -0.1214464 0.3208113 0.0675294
v -0.1315560 0.3859623 0.0562735
v -0.1281258 0.3879125 0.0675368
v -0.1315599 0.3859581 -0.0547535
v -0.1214471 0.3208064 -0.0660138
v -0.1251801 0.3218473 -0.0547544
v -0.1281207 0.3879241 -0.0660218
v 0.0208423 -0.3189876 -0.0547570
v 0.0172069 -0.3236772 -0.0660064
v 0.0188849 -0.3175014 -0.0660250
v 0.0196352 -0.3234097 -0.0547588
v 0.0208320 -0.3189691 0.0562611
v 0.0171993 -0.3236884 0.0675214
v 0.0196305 -0.3234066 0.0562619
v 0.0188838 -0.3175182 0.0675250
v -0.0145774 0.1927655 0.0562532
v -0.0125035 0.1872296 0.0675268
v -0.0119468 0.1911412 0.0562528
v -0.0178481 0.1905550 0.0675371
v -0.0125046 0.1872480 -0.0660140
v -0.0145740 0.1927690 -0.0547390
v -0.0119519 0.1911434 -0.0547532
v -0.0178397 0.1905606 -0.0660113
v 0.0174101 -0.1976217 -0.0547539
v 0.0557663 -0.2692226 -0.0660086
v 0.0519151 -0.2695197 -0.0547522
v 0.0200578 -0.1947979 -0.0660151
v 0.0557652 -0.2692137 0.0675307
v 0.0200541 -0.1947936 0.0675398
v 0.0174110 -0.1976046 0.0562632
v 0.0519227 -0.2695173 0.0562630
v 0.0068458 0.5650996 0.0410338
v -0.0056365 0.5730327 0.0616312
v -0.0042580 0.5636441 0.0593732
v 0.0123601 0.5445393 0.0410440
v 0.0024146 0.5387723 0.0593577
v -0.1716554 0.3125670 0.0562658
v -0.1699695 0.3068364 0.0675339
v -0.1690943 0.3106708 0.0562567
v -0.1750743 0.3106168 0.0675257
v -0.1699753 0.3068340 -0.0660244
v -0.1716449 0.3125492 -0.0547511
v -0.1690801 0.3106638 -0.0547595
v -0.1750718 0.3106141 -0.0660263
v 0.2093990 -0.1223932 0.0619961
v 0.2316149 -0.1636527 0.0491513
v 0.2124030 -0.1236694 0.0491527
v 0.2307232 -0.1667816 0.0619913
v 0.2094103 -0.1223816 -0.0604792
v 0.2315972 -0.1636534 -0.0476206
v 0.2307210 -0.1668015 -0.0604844
v 0.2124106 -0.1236532 -0.0476239
v 0.1208543 0.6162616 0.0294679
v 0.1208749 0.6285286 -0.0279389
v 0.1208652 0.6285296 0.0294488
v 0.1208607 0.6162670 -0.0279497
v -0.2010355 0.1174664 0.0538167
v -0.2152113 0.1142041 0.0393608
v -0.1914324 0.1196205 0.0675287
v -0.1864349 0.1207604 0.0538136
v -0.1864348 0.1207695 0.0675386
v -0.2086138 0.1157417 0.0440160
v -0.2151928 0.1142011 -0.0378421
v -0.2086042 0.1157484 -0.0424974
v -0.2010442 0.1174549 -0.0522993
v -0.1914257 0.1196275 -0.0660152
v -0.1864366 0.1207622 -0.0523012
v -0.1864314 0.1207692 -0.0660184
v -0.0179414 0.5618531 0.0675234
v -0.0098662 0.5317099 0.0675212
v 0.0023954 0.5387913 0.0593735
v -0.0042710 0.5636489 0.0593797
v 0.1027505 0.5498641 0.0410380
v 0.1051680 0.5754450 0.0328144
v 0.0963439 0.5743032 0.0410325
v 0.0963392 0.6090693 0.0410298
v 0.1051623 0.6090717 0.0315432
v 0.1051545 0.6285428 0.0315413
v 0.0963447 0.6285474 0.0410289
v 0.1916364 0.0171550 -0.0510562
v 0.1623783 0.0050494 -0.0469454
v 0.1618429 0.0108380 -0.0588994
v 0.1881537 0.0105173 -0.0401029
v 0.1916409 0.0171593 0.0525560
v 0.1618369 0.0108294 0.0604049
v 0.1623788 0.0050552 0.0484651
v 0.1881484 0.0105239 0.0416174
v 0.1260395 -0.0921911 0.0562657
v 0.1222224 -0.0883400 0.0675309
v 0.1223660 -0.0908309 0.0562729
v 0.1277358 -0.0904012 0.0675201
v 0.1222363 -0.0883579 -0.0660121
v 0.1260352 -0.0921794 -0.0547591
v 0.1223518 -0.0908319 -0.0547579
v 0.1277446 -0.0903896 -0.0660209
v -0.2534115 0.3724816 -0.0306337
v -0.2935690 0.4512492 -0.0248284
v -0.2877321 0.4527002 -0.0306386
v -0.2518740 0.3538638 -0.0248438
v -0.2935745 0.4512478 0.0263454
v -0.2518676 0.3538748 0.0263630
v -0.2534115 0.3724963 0.0321465
v -0.2877339 0.4527015 0.0321367
v 0.0734738 0.4154465 0.0619805
v 0.0796436 0.3690101 0.0491416
v 0.0758335 0.4131956 0.0491425
v 0.0776885 0.3663563 0.0619898
v 0.0734696 0.4154486 -0.0604749
v 0.0796412 0.3690087 -0.0476302
v 0.0776964 0.3663705 -0.0604801
v 0.0758297 0.4131925 -0.0476217
v -0.0971302 0.1678514 0.0675188
v -0.1117056 0.2492710 0.0675230
v -0.1149949 0.2472643 0.0562638
v -0.1150089 0.2472578 0.0562624
v -0.1009260 0.1685822 0.0562671
v -0.0971327 0.1678456 0.0675349
v -0.1150078 0.2472602 -0.0547586
v -0.0971321 0.1678573 -0.0660061
v -0.1009261 0.1685693 -0.0547425
v -0.0971485 0.1678437 -0.0660085
v -0.1150095 0.2472683 -0.0547504
v -0.1116977 0.2492771 -0.0660058
v -0.0844539 -0.0622989 -0.0547542
v -0.0433168 -0.0477960 -0.0660064
v -0.0437509 -0.0516489 -0.0547456
v -0.0869322 -0.0592148 -0.0660140
v -0.0137049 -0.0437776 -0.0547376
v 0.0183804 -0.0316401 -0.0660124
v 0.0179594 -0.0354818 -0.0547531
v -0.0161637 -0.0406842 -0.0660260
v 0.0480000 -0.0276276 -0.0547600
v 0.0891272 -0.0131282 -0.0660249
v 0.0887068 -0.0169551 -0.0547474
v 0.0455423 -0.0245460 -0.0660215
v 0.0891423 -0.0131109 0.0675341
v 0.0455506 -0.0245367 0.0675271
v 0.0479882 -0.0276210 0.0562644
v 0.0886974 -0.0169635 0.0562737
v -0.0433392 -0.0477945 0.0675397
v -0.0869292 -0.0592116 0.0675258
v -0.0844564 -0.0622912 0.0562717
v -0.0437475 -0.0516492 0.0562697
v 0.0183766 -0.0316424 0.0675381
v -0.0161664 -0.0406964 0.0675363
v -0.0137039 -0.0437702 0.0562593
v 0.0179489 -0.0354910 0.0562647
v 0.2417225 -0.1063976 0.0533023
v 0.2433881 -0.1151609 0.0415359
v 0.2497511 -0.1099054 0.0519441
v 0.2388851 -0.1132057 0.0423033
v 0.1326191 0.0902665 0.0489494
v 0.1381709 0.0840368 0.0604017
v 0.1352164 0.0890477 0.0484522
v 0.1313260 0.0872821 0.0618013
v 0.1381714 0.0840342 -0.0588992
v 0.1326255 0.0902735 -0.0474320
v 0.1352192 0.0890548 -0.0469413
v 0.1313240 0.0872867 -0.0602866
v 0.2417172 -0.1063960 -0.0518062
v 0.2433691 -0.1151739 -0.0400191
v 0.2388980 -0.1132140 -0.0407800
v 0.2497384 -0.1099094 -0.0504149
v -0.0400543 -0.0535772 -0.0547415
v -0.0082295 -0.1283667 -0.0660081
v -0.0121015 -0.1283352 -0.0547604
v -0.0371655 -0.0509972 -0.0660126
v -0.0082454 -0.1283526 0.0675201
v -0.0371608 -0.0510102 0.0675337
v -0.0400522 -0.0535591 0.0562736
v -0.0120929 -0.1283168 0.0562564
v -0.0593541 0.0176987 0.0675208
v -0.0812069 0.0974145 0.0675347
v -0.0843205 0.0951252 0.0562666
v -0.0632113 0.0180967 0.0562525
v -0.0843271 0.0951149 -0.0547382
v -0.0593537 0.0177041 -0.0660163
v -0.0632150 0.0180950 -0.0547380
v -0.0812107 0.0974204 -0.0660121
v 0.0480052 0.1412981 -0.0660189
v -0.1407513 0.1097241 -0.0660121
v 0.0466585 0.1433655 -0.0547541
v -0.1402258 0.1121119 -0.0547567
v -0.1407386 0.1097102 0.0675343
v 0.0479990 0.1412918 0.0675385
v 0.0466572 0.1433708 0.0562696
v -0.1402261 0.1120989 0.0562549
v 0.2380251 -0.1687733 0.0606132
v 0.3066006 -0.1756670 0.0464465
v 0.2634232 -0.1515885 0.0533018
v 0.2657029 -0.1431391 0.0519383
v 0.2497445 -0.1098976 0.0519349
v 0.2376114 -0.2126572 0.0652773
v 0.2307284 -0.1668039 0.0620063
v 0.2093951 -0.1223872 0.0619925
v 0.2499374 -0.0576407 0.0464347
v 0.2417142 -0.1063911 0.0533060
v 0.2124236 -0.1154696 0.0606297
v 0.1779442 -0.0883106 0.0652815
v 0.1823716 -0.0446100 0.0605495
v 0.2091466 -0.0298019 0.0532394
v 0.1752996 -0.0419805 0.0619086
v 0.2121837 -0.0216029 0.0517465
v 0.1295903 0.0408429 0.0650996
v 0.2263382 0.0721231 0.0383635
v 0.1581874 0.0041973 0.0617868
v 0.1992990 0.0129399 0.0511480
v 0.1618357 0.0108317 0.0604019
v 0.1916323 0.0171764 0.0525517
v 0.1660450 0.0963448 0.0525533
v 0.1697945 0.1042542 0.0511367
v 0.1381593 0.0840436 0.0604089
v 0.1600046 0.1398004 0.0517406
v 0.1313417 0.0872698 0.0617938
v 0.1181558 0.1347358 0.0618992
v 0.1695310 0.1911036 0.0464359
v 0.0931670 0.1738542 0.0652945
v 0.1527223 0.1446805 0.0532368
v 0.1223536 0.1410205 0.0605392
v 0.1052923 0.2160246 0.0606156
v 0.0987902 0.2198690 0.0620032
v 0.1343643 0.2257954 0.0533163
v 0.1388301 0.2333300 0.0519415
v 0.0688843 0.3095952 0.0652849
v 0.1465054 0.3198686 0.0464413
v 0.0901280 0.2683611 0.0620039
v 0.1323363 0.2696102 0.0519340
v 0.1255471 0.2751337 0.0533147
v 0.0948735 0.2742332 0.0606132
v 0.0837978 0.3619782 0.0606130
v 0.0776969 0.3663658 0.0619948
v 0.1136393 0.3692893 0.0533117
v 0.1187614 0.3764246 0.0519269
v 0.0569907 0.4476417 0.0652895
v 0.1351305 0.4527206 0.0464301
v 0.0734817 0.4154360 0.0619849
v 0.1155995 0.4131450 0.0519262
v 0.1093379 0.4192175 0.0533127
v 0.0787629 0.4208976 0.0606066
v 0.1334624 0.4956834 0.0473110
v 0.0550531 0.5027649 0.0654594
v 0.1205749 0.5180269 0.0503216
v 0.1866707 -0.3680599 0.0675286
v 0.1480474 -0.3057763 0.0675282
v 0.1457087 -0.3088303 0.0562603
v 0.1828720 -0.3687552 0.0562671
v 0.1457117 -0.3088304 -0.0547433
v 0.1866772 -0.3680620 -0.0660052
v 0.1828695 -0.3687542 -0.0547530
v 0.1480486 -0.3057751 -0.0660111
v 0.0183749 -0.0316595 0.0675246
v 0.0216533 -0.0374007 0.0562733
v 0.0245537 -0.0348544 0.0675326
v 0.0179629 -0.0354952 0.0562640
v 0.0183702 -0.0316567 -0.0660230
v 0.0216503 -0.0374132 -0.0547511
v 0.0179562 -0.0354780 -0.0547516
v 0.0245470 -0.0348445 -0.0660207
v 0.2649727 -0.2320050 0.0626960
v 0.2926219 -0.2707882 0.0521004
v 0.2693539 -0.2316561 0.0517705
v 0.2901541 -0.2743904 0.0629975
v 0.2693522 -0.2316551 -0.0502568
v 0.2926287 -0.2707792 -0.0505817
v 0.2649794 -0.2320119 -0.0611977
v 0.2901430 -0.2743918 -0.0614743
v 0.0550503 0.5027640 -0.0639324
v 0.1334580 0.4956888 -0.0458005
v 0.0569854 0.4476385 -0.0637715
v 0.1205589 0.5180253 -0.0488220
v 0.1351200 0.4527341 -0.0449276
v 0.0787583 0.4208847 -0.0590914
v 0.0734726 0.4154397 -0.0604868
v 0.1093437 0.4192147 -0.0518019
v 0.0776929 0.3663750 -0.0604903
v 0.1156023 0.4131435 -0.0504247
v 0.1187594 0.3764308 -0.0504155
v 0.0688974 0.3095777 -0.0637749
v 0.1465045 0.3198623 -0.0449353
v 0.1136420 0.3692924 -0.0517898
v 0.0838108 0.3619805 -0.0591031
v 0.0948882 0.2742296 -0.0591106
v 0.0901076 0.2683664 -0.0604871
v 0.1255303 0.2751393 -0.0518042
v 0.0987904 0.2198690 -0.0604889
v 0.1323407 0.2696183 -0.0504255
v 0.1388299 0.2333201 -0.0504113
v 0.0931742 0.1738505 -0.0637610
v 0.1695310 0.1911150 -0.0449361
v 0.1343609 0.2257926 -0.0517947
v 0.1052990 0.2160176 -0.0591070
v 0.1223582 0.1410151 -0.0590216
v 0.1527215 0.1446803 -0.0517315
v 0.1181679 0.1347557 -0.0603962
v 0.1600128 0.1397956 -0.0502162
v 0.1296056 0.0408375 -0.0635772
v 0.2263522 0.0721117 -0.0368670
v 0.1313219 0.0872778 -0.0602708
v 0.1697988 0.1042428 -0.0496278
v 0.1381704 0.0840516 -0.0588851
v 0.1660395 0.0963421 -0.0510430
v 0.0479966 -0.0276276 0.0562567
v 0.0426509 -0.0301174 0.0675179
v 0.0465727 -0.0303522 0.0562593
v 0.0455455 -0.0245418 0.0675372
v 0.0465845 -0.0303497 -0.0547489
v 0.0426504 -0.0301129 -0.0660046
v 0.0479858 -0.0276066 -0.0547414
v 0.0455359 -0.0245295 -0.0660060
v 0.1916373 0.0171741 -0.0510442
v 0.1993055 0.0129500 -0.0496391
v 0.1618296 0.0108258 -0.0588861
v 0.2121652 -0.0216039 -0.0502273
v 0.1581822 0.0042049 -0.0602907
v 0.1752832 -0.0419839 -0.0603894
v 0.2499438 -0.0576429 -0.0449255
v 0.1779284 -0.0883174 -0.0637616
v 0.2091424 -0.0298001 -0.0517259
v 0.1823730 -0.0446205 -0.0590212
v 0.2124158 -0.1154642 -0.0591107
v 0.2094069 -0.1223755 -0.0604729
v 0.2417317 -0.1063963 -0.0517870
v 0.2497410 -0.1098930 -0.0504225
v 0.2376115 -0.2126535 -0.0637746
v 0.2307193 -0.1668008 -0.0604944
v 0.3066001 -0.1756594 -0.0449262
v 0.2657123 -0.1431219 -0.0504139
v 0.2634073 -0.1515747 -0.0518044
v 0.2380236 -0.1687675 -0.0591173
v 0.2674397 -0.2250503 -0.0596920
v 0.2649758 -0.2320108 -0.0611912
v 0.2965305 -0.2142896 -0.0524523
v 0.2901477 -0.2743799 -0.0614766
v 0.3049316 -0.2172507 -0.0512388
v 0.3599031 -0.4178453 -0.0643531
v 0.3238449 -0.2489033 -0.0520762
v 0.2977245 -0.2758772 -0.0604369
v 0.4175630 -0.3617049 -0.0499072
v 0.4109245 -0.3874629 -0.0542394
v 0.3221854 -0.2573575 -0.0536088
v 0.0688866 0.3095964 0.0652915
v 0.0395534 0.4465438 0.0675249
v 0.0515689 0.3073073 0.0675248
v 0.0761415 0.1699918 0.0675181
v 0.0569771 0.4476377 0.0652878
v 0.0550512 0.5027522 0.0654572
v 0.0375694 0.5027616 0.0675232
v 0.0931806 0.1738515 0.0652830
v 0.1296057 0.0408436 0.0650983
v 0.1130334 0.0354864 0.0675300
v 0.1618546 -0.0951696 0.0675371
v 0.1779231 -0.0883268 0.0652843
v 0.2222324 -0.2209063 0.0675334
v 0.2376240 -0.2126677 0.0652817
v 0.3448030 -0.4268210 0.0675277
v 0.3598919 -0.4178416 0.0658807
v 0.0395616 0.4465283 -0.0660053
v 0.0688830 0.3095853 -0.0637815
v 0.0515687 0.3072869 -0.0660125
v 0.0761425 0.1700102 -0.0660151
v 0.0569855 0.4476429 -0.0637761
v 0.0550591 0.5027571 -0.0639413
v 0.0375641 0.5027660 -0.0660119
v 0.0931715 0.1738593 -0.0637605
v 0.1296033 0.0408411 -0.0635690
v 0.1130184 0.0354950 -0.0660043
v 0.1618633 -0.0951570 -0.0660243
v 0.1779406 -0.0883255 -0.0637681
v 0.2222151 -0.2209100 -0.0660245
v 0.2376180 -0.2126614 -0.0637777
v 0.3448016 -0.4268112 -0.0660130
v 0.3598933 -0.4178329 -0.0643645
v -0.0272168 -0.2131424 -0.0547497
v -0.0311466 -0.2132756 -0.0660102
v -0.0260354 -0.2102997 -0.0547575
v -0.0287622 -0.2074544 -0.0660191
v -0.0260405 -0.2102950 0.0562550
v -0.0311506 -0.2132706 0.0675389
v -0.0272031 -0.2131554 0.0562737
v -0.0287727 -0.2074598 0.0675288
v -0.2372182 0.3005324 -0.0522961
v -0.2288101 0.2904678 -0.0660131
v -0.2288032 0.2904650 -0.0523130
v -0.2136027 0.2578983 -0.0523037
v -0.2135995 0.2578724 -0.0660125
v -0.2475773 0.3129034 -0.0660054
v -0.2475727 0.3128989 -0.0424973
v -0.2475788 0.3129051 0.0440045
v -0.2372143 0.3005326 0.0538159
v -0.2475817 0.3129036 0.0675217
v -0.2288099 0.2904733 0.0675307
v -0.2288011 0.2904649 0.0538102
v -0.2135940 0.2578987 0.0538323
v -0.2135861 0.2578926 0.0675268
v 0.0345005 0.2055508 0.0675198
v 0.0284974 0.2027204 0.0562686
v 0.0308321 0.1996384 0.0675186
v 0.0307159 0.2062648 0.0562645
v 0.0344892 0.2055393 -0.0660198
v 0.0284927 0.2027138 -0.0547515
v 0.0307112 0.2062800 -0.0547547
v 0.0308135 0.1996424 -0.0660053
v 0.1326173 0.0902839 -0.0474362
v 0.1207467 0.1330156 -0.0474940
v 0.1526889 0.1357992 -0.0398726
v 0.1486125 0.1385249 -0.0407279
v 0.1223378 0.1353631 -0.0469991
v 0.1614180 0.1040875 -0.0393034
v 0.1593285 0.0996964 -0.0401186
v 0.1352320 0.0890555 -0.0469484
v 0.1326113 0.0902735 0.0489321
v 0.1593257 0.0996913 0.0416282
v 0.1614195 0.1041024 0.0408339
v 0.1352258 0.0890397 0.0484624
v 0.1527010 0.1357950 0.0413811
v 0.1207647 0.1330250 0.0490204
v 0.1486001 0.1385289 0.0422350
v 0.1223374 0.1353684 0.0485113
v 0.1763909 -0.0390766 0.0490123
v 0.2039040 -0.0226254 0.0413963
v 0.1609820 0.0025386 0.0489355
v 0.2021923 -0.0272562 0.0422488
v 0.1790354 -0.0400484 0.0485221
v 0.1924205 0.0081724 0.0408252
v 0.1881453 0.0105177 0.0416231
v 0.1623659 0.0050397 0.0484624
v 0.1924149 0.0081631 -0.0393031
v 0.1609850 0.0025402 -0.0474202
v 0.1881368 0.0105184 -0.0401224
v 0.1623874 0.0050585 -0.0469495
v 0.2039059 -0.0226291 -0.0398636
v 0.1763740 -0.0390619 -0.0475095
v 0.2021935 -0.0272554 -0.0407188
v 0.1790214 -0.0400404 -0.0470043
v 0.1004724 0.2226532 0.0491525
v 0.1280893 0.2296657 0.0422985
v 0.1305743 0.2338862 0.0415241
v 0.1029211 0.2212101 0.0486170
v 0.1247856 0.2662501 0.0415383
v 0.0926588 0.2663385 0.0491495
v 0.1209875 0.2693196 0.0422906
v 0.0944668 0.2685442 0.0486293
v 0.1247940 0.2662490 -0.0400223
v 0.0926627 0.2663313 -0.0476343
v 0.1209879 0.2693281 -0.0407890
v 0.0944660 0.2685367 -0.0471179
v 0.1004903 0.2226667 -0.0476312
v 0.1305886 0.2338805 -0.0400195
v 0.1280758 0.2296586 -0.0407927
v 0.1029272 0.2212158 -0.0471033
v 0.2124027 -0.1236648 -0.0476238
v 0.2433852 -0.1151595 -0.0400036
v 0.2316157 -0.1636623 -0.0476337
v 0.2388844 -0.1131974 -0.0407764
v 0.2135462 -0.1210461 -0.0471015
v 0.2576116 -0.1448108 -0.0400099
v 0.2563150 -0.1495267 -0.0407901
v 0.2343497 -0.1644085 -0.0471082
v 0.2123956 -0.1236526 0.0491417
v 0.2388971 -0.1132093 0.0422924
v 0.2135326 -0.1210463 0.0486187
v 0.2433858 -0.1151776 0.0415275
v 0.2316156 -0.1636511 0.0491515
v 0.2576058 -0.1448014 0.0415266
v 0.2563188 -0.1495425 0.0422927
v 0.2343431 -0.1643887 0.0486308
v -0.0091111 0.5630069 -0.0660226
v 0.0024151 0.5387872 -0.0578322
v -0.0098764 0.5316890 -0.0660234
v -0.0042534 0.5636410 -0.0578553
v -0.0758951 0.1752067 0.0562596
v -0.0738250 0.1696689 0.0675309
v -0.0732925 0.1735924 0.0562664
v -0.0791639 0.1730004 0.0675246
v -0.0738325 0.1696741 -0.0660209
v -0.0758925 0.1752197 -0.0547415
v -0.0732724 0.1735699 -0.0547544
v -0.0791434 0.1730040 -0.0660263
v 0.3599062 -0.4178355 0.0658775
v 0.2977235 -0.2758773 0.0619508
v 0.2901433 -0.2743852 0.0629918
v 0.2649645 -0.2320030 0.0627078
v 0.2674523 -0.2250312 0.0612132
v 0.3052803 -0.2110693 0.0517971
v 0.3136783 -0.2140290 0.0505727
v 0.3311980 -0.2433275 0.0513433
v 0.4175763 -0.3617129 0.0514221
v 0.4109265 -0.3874539 0.0557725
v 0.3295505 -0.2517962 0.0528693
v 0.0819116 0.3673687 0.0486215
v 0.1077107 0.3736938 0.0423070
v 0.0796303 0.3689916 0.0491381
v 0.1106026 0.3777108 0.0415341
v 0.0758356 0.4132109 0.0491358
v 0.1077817 0.4104600 0.0415296
v 0.1043089 0.4138386 0.0422906
v 0.0778484 0.4152858 0.0486171
v 0.0796267 0.3689970 -0.0476301
v 0.1106057 0.3776988 -0.0400010
v 0.1077214 0.3736889 -0.0407772
v 0.0818903 0.3673660 -0.0471070
v 0.0758368 0.4132026 -0.0476325
v 0.1077763 0.4104725 -0.0400075
v 0.1042916 0.4138512 -0.0407689
v 0.0778485 0.4152759 -0.0470964
v 0.4448552 -0.3929187 0.0662408
v 0.3537107 -0.4215145 0.0868295
v 0.3649868 -0.4404766 0.0868413
v 0.4335953 -0.3739613 0.0662362
v 0.2056871 -0.5096554 0.0868987
v 0.2115348 -0.5309203 0.0868991
v 0.0786307 -0.5317116 0.0862967
v 0.0786000 -0.5096476 0.0862893
v 0.0428724 -0.5317081 0.0635205
v 0.0428552 -0.5096665 0.0635325
v 0.3537174 -0.4215279 -0.0853119
v 0.4448648 -0.3929272 -0.0647190
v 0.3649956 -0.4404614 -0.0853293
v 0.4336012 -0.3739537 -0.0647323
v 0.2056695 -0.5096450 -0.0853953
v 0.2115318 -0.5309123 -0.0853995
v 0.0786164 -0.5317145 -0.0847736
v 0.0786137 -0.5096606 -0.0847906
v 0.0428731 -0.5317155 -0.0620070
v 0.0428493 -0.5096669 -0.0620144
v -0.1440575 -0.0372314 -0.0660035
v -0.1379819 -0.0560292 -0.0660065
v -0.1484694 -0.0386815 -0.0660116
v -0.1424131 -0.0574478 -0.0660255
v -0.1031644 -0.0410556 -0.0660065
v -0.1070545 -0.0290121 -0.0660210
v -0.0898167 -0.0647990 -0.0660074
v -0.1101291 -0.0019295 -0.0660104
v -0.1043027 -0.0232128 -0.0660067
v -0.1604496 0.0226035 -0.0660185
v -0.0975425 -0.0441119 -0.0660118
v -0.0869283 -0.0592159 -0.0660163
v -0.0433350 -0.0477999 -0.0660241
v -0.1348943 0.0884376 -0.0660194
v -0.0161554 -0.0406837 -0.0660071
v -0.0371460 -0.0509972 -0.0660237
v -0.1656784 0.0416536 -0.0660090
v -0.1652066 0.0213164 -0.0660225
v -0.1704270 0.0403475 -0.0660145
v -0.0190685 -0.0462770 -0.0660145
v -0.0082296 -0.1283578 -0.0660262
v 0.0085309 -0.1200637 -0.0660082
v 0.0875875 0.0043535 -0.0660079
v 0.0183850 -0.0316443 -0.0660259
v 0.0455383 -0.0245317 -0.0660228
v 0.0245496 -0.0348512 -0.0660150
v 0.0891362 -0.0131302 -0.0660089
v 0.0426368 -0.0301157 -0.0660161
v 0.0489445 -0.1000815 -0.0660229
v 0.0656951 -0.0917939 -0.0660203
v 0.0953041 -0.0163193 -0.0660207
v 0.0903928 0.0095132 -0.0660257
v 0.1130168 0.0354833 -0.0660058
v 0.0761398 0.1700063 -0.0660096
v 0.0683186 0.0671254 -0.0660184
v 0.1144944 -0.0676732 -0.0660043
v 0.1618610 -0.0951568 -0.0660035
v 0.0538306 0.1199917 -0.0660096
v 0.0512703 0.1461662 -0.0660070
v 0.0479904 0.1412808 -0.0660098
v 0.0479766 0.1237400 -0.0660190
v 0.0035337 0.1163062 -0.0660178
v 0.1725844 -0.1977671 -0.0660182
v 0.2222170 -0.2209199 -0.0660237
v -0.0241613 0.1116897 -0.0660145
v -0.0183077 0.1079235 -0.0660178
v 0.0001479 0.1110125 -0.0660087
v 0.0001286 0.0407382 -0.0660239
v 0.0175684 0.0474835 -0.0660070
v -0.0593843 0.1057930 -0.0660149
v -0.1407454 0.1097051 -0.0660071
v -0.0870810 0.1011623 -0.0660117
v -0.0812097 0.0974084 -0.0660110
v -0.1315272 0.0937129 -0.0660039
v -0.0627652 0.1004938 -0.0660218
v -0.0593743 0.0177211 -0.0660266
v -0.0419158 0.0244654 -0.0660219
v -0.1460620 0.1132850 -0.0660204
v -0.1820805 0.1014997 -0.0660208
v -0.1488418 0.1256197 -0.0660177
v -0.1864284 0.1207573 -0.0660105
v -0.1869193 0.1004006 -0.0660193
v -0.1914404 0.1196318 -0.0660080
v -0.1494695 0.1528667 -0.0660133
v -0.1455801 0.1311326 -0.0660044
v -0.1952893 0.1701818 -0.0660036
v -0.1987715 0.1896312 -0.0660064
v -0.1659858 0.2451963 -0.0660187
v -0.2049883 0.1882406 -0.0660215
v -0.2011801 0.1688943 -0.0660100
v 0.0952977 -0.0163211 -0.0660074
v 0.1130173 0.0354930 -0.0660212
v 0.1145129 -0.0676741 -0.0660183
v 0.0904103 0.0095093 -0.0660232
v 0.0794792 0.0433111 -0.0660263
v 0.0683362 0.0671341 -0.0660162
v 0.0741552 0.0458321 -0.0660112
v 0.0651986 0.0609091 -0.0660144
v 0.0538251 0.1199963 -0.0660237
v 0.0761351 0.1699970 -0.0660136
v 0.0231747 0.0446487 -0.0660095
v 0.0001238 0.0407189 -0.0660081
v 0.0175721 0.0474852 -0.0660173
v -0.0030011 0.0345137 -0.0660149
v -0.0363062 0.0216231 -0.0660034
v -0.1042988 -0.0232240 -0.0660070
v -0.0593661 0.0177086 -0.0660246
v -0.0419276 0.0244511 -0.0660162
v -0.0625036 0.0114908 -0.0660176
v -0.1045301 -0.0047568 -0.0660252
v -0.1101295 -0.0019316 -0.0660107
v -0.1440493 -0.0372449 -0.0660111
v -0.1070365 -0.0290000 -0.0660126
v 0.0512774 0.1461704 -0.0660134
v 0.0434547 0.1808278 -0.0660265
v 0.0344926 0.2055351 -0.0660201
v 0.0383940 0.1838136 -0.0660181
v 0.0515800 0.3073044 -0.0660054
v 0.0308201 0.1996460 -0.0660095
v 0.0248462 0.2595255 -0.0660240
v -0.0124970 0.1872361 -0.0660113
v 0.0246615 0.2858216 -0.0660215
v 0.0199999 0.3210297 -0.0660087
v 0.0132927 0.3464553 -0.0660247
v 0.0209400 0.2812564 -0.0660185
v 0.0193450 0.2637849 -0.0660237
v -0.0255878 0.2604106 -0.0660198
v 0.0152447 0.3244855 -0.0660119
v 0.0090980 0.3409210 -0.0660232
v -0.0352638 0.3324746 -0.0660074
v 0.0395663 0.4465448 -0.0660143
v 0.0070586 0.4170677 -0.0660037
v 0.0020692 0.4207548 -0.0660233
v -0.0628409 0.3272330 -0.0660116
v -0.0586710 0.3327722 -0.0660181
v -0.0403150 0.3362604 -0.0660225
v -0.0651075 0.4015231 -0.0660121
v -0.0468051 0.4054627 -0.0660184
v -0.0701270 0.4051918 -0.0660203
v -0.0426621 0.4111169 -0.0660041
v -0.0980366 0.3205288 -0.0660035
v -0.1340019 0.4440169 -0.0660219
v 0.0130906 0.5087425 -0.0660163
v -0.1340078 0.4778211 -0.0660145
v -0.1056936 0.3975113 -0.0660156
v -0.1419341 0.4361118 -0.0660225
v -0.1331797 0.3915970 -0.0660230
v -0.1098172 0.3918656 -0.0660236
v -0.1779041 0.3819506 -0.0660197
v -0.1281227 0.3879317 -0.0660243
v -0.2053237 0.4361006 -0.0660162
v -0.1031103 0.3242982 -0.0660153
v -0.1214453 0.3208131 -0.0660155
v -0.1819951 0.3763013 -0.0660159
v -0.1255985 0.3152726 -0.0660224
v -0.2475843 0.3129036 -0.0660127
v -0.2132288 0.4440161 -0.0660065
v -0.1750672 0.3106197 -0.0660151
v -0.1727465 0.2886896 -0.0660190
v -0.1699620 0.3068238 -0.0660263
v -0.1765003 0.2834899 -0.0660040
v -0.2288039 0.2904586 -0.0660155
v -0.2135969 0.2578763 -0.0660257
v -0.1748474 0.2709457 -0.0660098
v -0.2697895 0.5657692 -0.0660242
v -0.2132257 0.4778163 -0.0660041
v -0.2053204 0.4857585 -0.0660065
v -0.0091128 0.5657720 -0.0660225
v -0.1419379 0.4857410 -0.0660240
v -0.0091097 0.5630058 -0.0660063
v -0.0098718 0.5316893 -0.0660062
v -0.2075941 0.2390607 -0.0660174
v -0.1659850 0.2451822 -0.0660180
v -0.1987659 0.1896154 -0.0660208
v -0.1698793 0.2669272 -0.0660256
v -0.1621300 0.2501417 -0.0660237
v -0.1171969 0.2535314 -0.0660064
v -0.0891917 0.2556379 -0.0660217
v -0.1117005 0.2492680 -0.0660093
v -0.0930474 0.2506736 -0.0660048
v -0.0971362 0.1678404 -0.0660044
v -0.0535990 0.2583044 -0.0660105
v -0.0480909 0.2540455 -0.0660068
v -0.0294388 0.2554562 -0.0660052
v -0.0358085 0.1854019 -0.0660096
v -0.0178429 0.1905671 -0.0660161
v -0.0394835 0.1795104 -0.0660261
v -0.0738292 0.1696712 -0.0660051
v -0.1455799 0.1311428 -0.0660260
v -0.1008194 0.1619489 -0.0660175
v -0.1441484 0.1495340 -0.0660236
v -0.1494671 0.1528754 -0.0660242
v -0.1484662 -0.0386638 0.0675215
v -0.1379855 -0.0560231 0.0675311
v -0.1440420 -0.0372457 0.0675350
v -0.1424013 -0.0574564 0.0675185
v -0.1031461 -0.0410446 0.0675280
v -0.1101306 -0.0019403 0.0675405
v -0.1070370 -0.0289914 0.0675369
v -0.1604434 0.0226201 0.0675230
v -0.1042947 -0.0232185 0.0675232
v -0.1045155 -0.0047711 0.0675335
v -0.0625010 0.0114983 0.0675180
v -0.0363258 0.0216359 0.0675350
v -0.0593761 0.0177131 0.0675191
v -0.0419190 0.0244698 0.0675178
v 0.0741650 0.0458286 0.0675339
v -0.0030146 0.0345159 0.0675215
v 0.0231751 0.0446478 0.0675179
v 0.0001255 0.0407272 0.0675293
v 0.0175598 0.0474852 0.0675229
v 0.0651940 0.0609214 0.0675367
v 0.0683279 0.0671320 0.0675295
v 0.0794866 0.0433195 0.0675267
v 0.1130146 0.0354789 0.0675280
v 0.0903971 0.0095134 0.0675274
v 0.0761336 0.1700083 0.0675191
v 0.0538318 0.1200099 0.0675253
v 0.0512824 0.1461651 0.0675313
v 0.0434578 0.1808206 0.0675244
v 0.0345002 0.2055356 0.0675199
v 0.0383810 0.1838262 0.0675234
v 0.0308167 0.1996505 0.0675288
v -0.0125152 0.1872361 0.0675190
v -0.0394885 0.1795174 0.0675185
v -0.0738408 0.1696826 0.0675260
v -0.0358034 0.1854061 0.0675262
v -0.0178404 0.1905518 0.0675390
v 0.0515697 0.3072900 0.0675281
v 0.0248413 0.2595326 0.0675330
v -0.1455861 0.1311301 0.0675355
v -0.1008113 0.1619452 0.0675363
v -0.1441526 0.1495348 0.0675178
v -0.1494707 0.1528721 0.0675342
v -0.1488334 0.1256305 0.0675391
v -0.1864430 0.1207657 0.0675252
v -0.1659958 0.2451875 0.0675386
v -0.1987515 0.1896428 0.0675239
v -0.1869089 0.1004056 0.0675246
v -0.1914408 0.1196147 0.0675179
v -0.1820806 0.1015009 0.0675399
v -0.2049940 0.1882319 0.0675328
v -0.1952913 0.1701819 0.0675204
v -0.2011687 0.1688927 0.0675375
v -0.1656750 0.0416650 0.0675378
v -0.1349032 0.0884325 0.0675277
v -0.1652070 0.0213133 0.0675319
v -0.1704154 0.0403504 0.0675242
v -0.1748460 0.2709588 0.0675253
v -0.1698588 0.2669158 0.0675258
v -0.2135925 0.2578716 0.0675389
v -0.2075979 0.2390570 0.0675264
v -0.2147283 0.2374825 0.0675287
v -0.2185362 0.2567736 0.0675196
v -0.1765078 0.2835027 0.0675383
v -0.1750694 0.3106100 0.0675373
v -0.2287991 0.2904570 0.0675202
v -0.1727473 0.2886787 0.0675277
v -0.1699795 0.3068243 0.0675306
v -0.1255769 0.3152674 0.0675316
v -0.2475838 0.3129012 0.0675264
v -0.1819881 0.3763011 0.0675249
v -0.2053049 0.4360909 0.0675339
v -0.1779009 0.3819438 0.0675373
v -0.2132282 0.4440155 0.0675260
v -0.1419368 0.4360964 0.0675400
v -0.2697736 0.5657776 0.0675269
v -0.2132359 0.4778212 0.0675356
v -0.2053194 0.4857428 0.0675206
v -0.1419330 0.4857588 0.0675372
v -0.1331621 0.3915888 0.0675303
v -0.1340111 0.4778156 0.0675309
v -0.0179367 0.5618334 0.0675322
v -0.0098709 0.5317086 0.0675372
v -0.1057087 0.3975161 0.0675218
v -0.1340207 0.4440162 0.0675176
v -0.0701280 0.4051786 0.0675347
v -0.1098240 0.3918728 0.0675202
v -0.1281244 0.3879216 0.0675348
v -0.1277842 0.3844262 0.0675327
v -0.1031131 0.3243146 0.0675333
v -0.1214521 0.3208079 0.0675249
v -0.0980272 0.3205106 0.0675264
v 0.0152274 0.3244862 0.0675197
v -0.0628323 0.3272282 0.0675323
v 0.0200145 0.3210241 0.0675229
v 0.0132907 0.3464513 0.0675336
v 0.0246551 0.2858269 0.0675386
v 0.0395695 0.4465287 0.0675385
v 0.0070603 0.4170838 0.0675211
v 0.0020646 0.4207553 0.0675387
v 0.0375608 0.5027697 0.0675298
v -0.0426652 0.4111177 0.0675356
v -0.0467973 0.4054623 0.0675220
v -0.0651258 0.4015211 0.0675385
v -0.0647914 0.3979420 0.0675305
v -0.0403118 0.3362467 0.0675214
v -0.0586795 0.3327698 0.0675361
v -0.0161760 -0.0407034 0.0675340
v -0.0371538 -0.0510129 0.0675367
v -0.0190651 -0.0462642 0.0675348
v -0.0082429 -0.1283616 0.0675244
v 0.0085231 -0.1200791 0.0675288
v -0.0433226 -0.0477981 0.0675241
v -0.0975310 -0.0441147 0.0675211
v -0.0869199 -0.0592117 0.0675240
v -0.0898113 -0.0647976 0.0675368
v 0.0875821 0.0043479 0.0675347
v -0.1031487 -0.0410452 0.0675213
v -0.1379674 -0.0560236 0.0675182
v -0.1162535 -0.1141161 0.0675316
v -0.1440597 -0.0372341 0.0675281
v -0.1070495 -0.0290041 0.0675254
v 0.0183904 -0.0316408 0.0675318
v 0.0455397 -0.0245372 0.0675299
v 0.0245592 -0.0348566 0.0675383
v 0.0891240 -0.0131118 0.0675249
v 0.0426589 -0.0301202 0.0675259
v 0.0489474 -0.1000929 0.0675381
v 0.0657066 -0.0918093 0.0675390
v 0.0953057 -0.0163283 0.0675383
v 0.0904090 0.0095058 0.0675307
v 0.1130210 0.0354912 0.0675256
v 0.1144923 -0.0676700 0.0675221
v 0.0953009 -0.0163302 0.0675209
v 0.1618557 -0.0951632 0.0675332
v 0.1277388 -0.0903979 0.0675266
v 0.1416516 -0.1230633 0.0675319
v 0.1222411 -0.0883477 0.0675359
v 0.1119424 -0.0741291 0.0675320
v 0.0715503 -0.0941237 0.0675384
v 0.1725731 -0.1977691 0.0675346
v 0.1488569 -0.1483577 0.0675175
v 0.0489307 -0.1000995 0.0675186
v 0.0657053 -0.0917937 0.0675338
v 0.0463866 -0.1065615 0.0675278
v 0.0143747 -0.1223770 0.0675326
v -0.0493049 -0.1731776 0.0675216
v -0.0082379 -0.1283680 0.0675203
v 0.0085299 -0.1200736 0.0675337
v -0.0108101 -0.1348369 0.0675284
v -0.0511953 -0.1548105 0.0675375
v -0.0570293 -0.1524921 0.0675184
v -0.0515196 -0.1791646 0.0675201
v -0.0876224 -0.1906946 0.0675219
v -0.0465694 -0.1908086 0.0675190
v -0.0798950 -0.2088510 0.0675392
v -0.0844544 -0.2108008 0.0675224
v -0.0921774 -0.1926247 0.0675293
v -0.0311520 -0.2132666 0.0675306
v -0.0530792 -0.2647343 0.0675238
v -0.0445322 -0.2825414 0.0675313
v -0.0489704 -0.2846554 0.0675272
v -0.0575281 -0.2668462 0.0675280
v 0.1618566 -0.0951722 -0.0660062
v 0.1725724 -0.1977774 -0.0660259
v 0.1488621 -0.1483584 -0.0660169
v 0.1416555 -0.1230643 -0.0660260
v 0.1277490 -0.0903921 -0.0660182
v 0.1222255 -0.0883383 -0.0660253
v 0.1119278 -0.0741302 -0.0660075
v 0.0715470 -0.0941091 -0.0660096
v 0.0489430 -0.1000870 -0.0660056
v 0.0657085 -0.0918113 -0.0660119
v 0.0463712 -0.1065568 -0.0660171
v 0.0143756 -0.1223898 -0.0660186
v -0.0493092 -0.1731659 -0.0660117
v -0.0082458 -0.1283522 -0.0660109
v 0.0085220 -0.1200759 -0.0660170
v -0.0108115 -0.1348334 -0.0660189
v -0.0511894 -0.1548008 -0.0660130
v -0.0570337 -0.1524927 -0.0660139
v -0.0515356 -0.1791618 -0.0660242
v -0.0876221 -0.1906946 -0.0660144
v -0.0465801 -0.1908100 -0.0660067
v -0.0799014 -0.2088651 -0.0660046
v -0.0530841 -0.2647229 -0.0660039
v -0.0311407 -0.2132745 -0.0660172
v -0.0445329 -0.2825283 -0.0660093
v -0.0177343 -0.3383979 -0.0660237
v 0.0093381 -0.2976175 -0.0660153
v 0.0171951 -0.3236757 -0.0660263
v 0.0188853 -0.3175049 -0.0660121
v 0.0153509 -0.2993923 -0.0660124
v 0.0537926 -0.2758735 -0.0660263
v 0.0777528 -0.2612296 -0.0660111
v 0.0557753 -0.2692185 -0.0660213
v 0.0717339 -0.2594611 -0.0660236
v 0.1821300 -0.2176834 -0.0660137
v 0.1082259 -0.2426078 -0.0660252
v 0.1101769 -0.2359444 -0.0660181
v 0.1321660 -0.2279510 -0.0660100
v 0.1261440 -0.2261763 -0.0660121
v 0.1706222 -0.2044399 -0.0660215
v 0.1878103 -0.2192052 -0.0660124
v 0.2222199 -0.2209256 -0.0660177
v 0.2045926 -0.2505237 -0.0660168
v 0.2448569 -0.3251185 -0.0660040
v 0.3448059 -0.4268303 -0.0660216
v -0.0876208 -0.1906851 -0.0660064
v -0.0799052 -0.2088537 -0.0660159
v -0.0921930 -0.1926253 -0.0660185
v -0.0844598 -0.2107899 -0.0660082
v -0.0515402 -0.1791686 -0.0660099
v -0.0465616 -0.1908044 -0.0660183
v -0.0311417 -0.2132788 -0.0660102
v -0.0570355 -0.1524879 -0.0660259
v -0.1093491 -0.1326179 -0.0660223
v -0.1139548 -0.1343409 -0.0660264
v -0.1162693 -0.1141082 -0.0660114
v -0.1208816 -0.1158303 -0.0660191
v -0.0406921 -0.1933607 -0.0660056
v -0.0287658 -0.2074459 -0.0660066
v 0.0093352 -0.2976004 -0.0660140
v -0.0445469 -0.2825276 -0.0660225
v 0.0136103 -0.1921676 -0.0660143
v -0.0489894 -0.2846704 -0.0660185
v -0.0530973 -0.2647333 -0.0660171
v -0.0575255 -0.2668605 -0.0660066
v 0.0400340 -0.1826541 -0.0660086
v 0.0200469 -0.1947937 -0.0660051
v 0.1393038 -0.1284730 -0.0660047
v 0.0376456 -0.1884512 -0.0660079
v 0.0557806 -0.2692025 -0.0660155
v 0.0717345 -0.2594439 -0.0660165
v 0.0736311 -0.1705302 -0.0660122
v 0.1000391 -0.1610221 -0.0660175
v 0.0800663 -0.1731760 -0.0660047
v 0.1424273 -0.1457221 -0.0660181
v 0.0976657 -0.1668333 -0.0660190
v 0.1101804 -0.2359324 -0.0660110
v 0.1261410 -0.2261744 -0.0660081
v 0.1488637 -0.1483672 -0.0660241
v 0.1416558 -0.1230648 -0.0660059
v 0.2448610 -0.3251089 -0.0660038
v 0.2142529 -0.2749683 -0.0660220
v 0.2045889 -0.2505065 -0.0660099
v 0.2027380 -0.2561003 -0.0660059
v 0.2075467 -0.2729431 -0.0660190
v 0.1668168 -0.2918977 -0.0660184
v 0.3448197 -0.4268186 -0.0660097
v 0.2435173 -0.3318911 -0.0660070
v 0.2079327 -0.3581611 -0.0660182
v 0.1413224 -0.3037712 -0.0660169
v 0.1480322 -0.3057712 -0.0660212
v 0.1650318 -0.2978614 -0.0660039
v 0.1090723 -0.3187813 -0.0660169
v 0.1997913 -0.3538921 -0.0660192
v 0.1866714 -0.3680642 -0.0660171
v 0.2016858 -0.3569746 -0.0660066
v 0.1853687 -0.3748270 -0.0660131
v 0.0292661 -0.3368705 -0.0660091
v 0.2056848 -0.5096439 -0.0660074
v 0.1572685 -0.3955512 -0.0660210
v 0.1347364 -0.4121956 -0.0660083
v 0.0991135 -0.4384858 -0.0660248
v 0.0830686 -0.5096474 -0.0660197
v 0.0928559 -0.4373185 -0.0660110
v 0.1359934 -0.4054455 -0.0660078
v 0.1510155 -0.3943682 -0.0660118
v 0.1487500 -0.3907450 -0.0660177
v 0.0903214 -0.3326501 -0.0660130
v 0.1073175 -0.3247234 -0.0660162
v 0.0835860 -0.3306533 -0.0660098
v 0.0428334 -0.3496274 -0.0660198
v 0.0411027 -0.3555678 -0.0660052
v 0.0508473 -0.4554261 -0.0660094
v 0.0231938 -0.3348432 -0.0660248
v -0.0084143 -0.3557681 -0.0660116
v 0.0172038 -0.3236908 -0.0660063
v -0.0177153 -0.3384036 -0.0660081
v -0.0117346 -0.3576037 -0.0660191
v -0.0220365 -0.3407790 -0.0660178
v -0.2135919 0.2578931 -0.0660196
v -0.2147379 0.2374812 -0.0660054
v -0.2185483 0.2567807 -0.0660045
v -0.2076151 0.2390776 -0.0660154
v -0.1748359 0.2709438 -0.0660071
v -0.0971329 0.1678547 -0.0660087
v -0.0930378 0.2506594 -0.0660054
v -0.0791653 0.1729912 -0.0660243
v -0.0738372 0.1696738 -0.0660174
v -0.1008128 0.1619449 -0.0660061
v -0.1765020 0.2835103 -0.0660168
v -0.2288121 0.2904744 -0.0660044
v -0.1750737 0.3106204 -0.0660204
v -0.2475807 0.3129063 -0.0660127
v -0.2697731 0.5657690 -0.0660254
v -0.2132247 0.4440222 -0.0660116
v -0.1419307 0.4857465 -0.0660171
v -0.2053260 0.4857403 -0.0660121
v -0.0098665 0.5316980 -0.0660263
v -0.1340223 0.4778245 -0.0660215
v 0.0130766 0.5087518 -0.0660219
v 0.0375651 0.5027673 -0.0660142
v 0.0395644 0.4465402 -0.0660129
v 0.0515739 0.3073024 -0.0660171
v 0.0132959 0.3464665 -0.0660110
v -0.0426611 0.4111126 -0.0660254
v -0.1340210 0.4440176 -0.0660188
v 0.0020854 0.4207547 -0.0660073
v -0.0593593 0.0176989 0.0675277
v -0.0627719 0.1004937 0.0675305
v -0.0812224 0.0974132 0.0675248
v -0.0419159 0.0244621 0.0675401
v -0.0593762 0.1057900 0.0675318
v -0.0870630 0.1011594 0.0675381
v -0.1407486 0.1097208 0.0675361
v -0.1315279 0.0937296 0.0675310
v -0.1349088 0.0884377 0.0675179
v 0.0479876 0.1412829 0.0675327
v -0.1460537 0.1132860 0.0675341
v -0.0241732 0.1116861 0.0675257
v -0.1820768 0.1015179 0.0675216
v -0.1488462 0.1256305 0.0675226
v -0.1864503 0.1207660 0.0675293
v -0.1604504 0.0226102 0.0675384
v -0.1101337 -0.0019396 0.0675405
v -0.1656866 0.0416629 0.0675376
v 0.0035163 0.1163228 0.0675203
v -0.0182943 0.1079401 0.0675265
v 0.0479680 0.1237481 0.0675395
v 0.0001474 0.1110111 0.0675393
v 0.0001293 0.0407191 0.0675302
v 0.0175671 0.0474708 0.0675290
v 0.0538279 0.1200028 0.0675183
v 0.0512715 0.1461660 0.0675249
v 0.0761458 0.1699946 0.0675183
v 0.0515719 0.3072919 0.0675283
v 0.0344963 0.2055498 0.0675213
v 0.0246532 0.2858204 0.0675364
v 0.0248378 0.2595263 0.0675309
v 0.0209546 0.2812618 0.0675394
v 0.0193373 0.2637891 0.0675330
v -0.0256012 0.2604134 0.0675230
v -0.0535866 0.2582990 0.0675257
v -0.0480887 0.2540563 0.0675306
v -0.0294420 0.2554451 0.0675282
v -0.0358171 0.1854099 0.0675192
v -0.0178362 0.1905476 0.0675302
v -0.0394800 0.1795050 0.0675308
v -0.0125135 0.1872468 0.0675209
v -0.0892084 0.2556202 0.0675397
v -0.1698741 0.2669095 0.0675265
v -0.1171960 0.2535393 0.0675332
v -0.1621369 0.2501585 0.0675241
v -0.1659940 0.2451927 0.0675251
v -0.1117009 0.2492729 0.0675250
v -0.0930444 0.2506666 0.0675262
v -0.0971485 0.1678615 0.0675280
v -0.0791574 0.1729944 0.0675401
v -0.0738292 0.1696690 0.0675348
v -0.1008113 0.1619370 0.0675209
v -0.1455825 0.1311384 0.0675215
v 0.0383746 0.1838251 0.0675181
v -0.1748372 0.2709531 0.0675393
v -0.2075996 0.2390760 0.0675222
v -0.1987569 0.1896439 0.0675234
v -0.1494754 0.1528749 0.0675216
v -0.1952783 0.1701812 0.0675262
v -0.2288076 0.2904628 0.0675295
v -0.2135819 0.2578926 0.0675293
v -0.1765059 0.2834900 0.0675295
v -0.0980270 0.3205224 0.0675399
v -0.1727524 0.2886913 0.0675237
v 0.0152321 0.3244729 0.0675369
v -0.1255991 0.3152790 0.0675363
v 0.0132881 0.3464713 0.0675186
v 0.0090948 0.3409180 0.0675260
v -0.0352732 0.3324604 0.0675383
v -0.0628313 0.3272268 0.0675204
v -0.0586662 0.3327613 0.0675218
v -0.0403239 0.3362493 0.0675235
v 0.1618454 -0.0951690 0.0675195
v 0.1725885 -0.1977862 0.0675320
v 0.2222218 -0.2209138 0.0675273
v 0.1821312 -0.2176813 0.0675211
v 0.1878050 -0.2192096 0.0675259
v 0.1416599 -0.1230748 0.0675271
v 0.1488625 -0.1483559 0.0675358
v 0.1393036 -0.1284694 0.0675321
v 0.1424344 -0.1457298 0.0675332
v 0.1000335 -0.1610239 0.0675251
v 0.2045961 -0.2505211 0.0675196
v 0.2142452 -0.2749665 0.0675221
v 0.2027351 -0.2561008 0.0675258
v 0.2075592 -0.2729368 0.0675177
v 0.1668153 -0.2919140 0.0675297
v 0.0736343 -0.1705233 0.0675221
v 0.0800580 -0.1731797 0.0675251
v 0.0400403 -0.1826391 0.0675281
v 0.0976472 -0.1668315 0.0675357
v 0.1101842 -0.2359369 0.0675315
v 0.1261498 -0.2261761 0.0675305
v -0.0406994 -0.1933693 0.0675271
v 0.1413293 -0.3037694 0.0675340
v 0.1480437 -0.3057834 0.0675402
v 0.1090701 -0.3187814 0.0675237
v 0.1650402 -0.2978624 0.0675191
v 0.1866680 -0.3680466 0.0675202
v 0.2016796 -0.3569569 0.0675213
v 0.2079294 -0.3581694 0.0675364
v 0.1853605 -0.3748166 0.0675263
v 0.2056841 -0.5096625 0.0675197
v 0.1572903 -0.3955537 0.0675365
v 0.1347224 -0.4121976 0.0675221
v 0.1359902 -0.4054600 0.0675278
v 0.1510140 -0.3943760 0.0675336
v 0.1073040 -0.3247400 0.0675212
v 0.0903259 -0.3326426 0.0675276
v 0.0835861 -0.3306606 0.0675235
v 0.0292529 -0.3368553 0.0675340
v 0.0428229 -0.3496298 0.0675375
v 0.0410826 -0.3555655 0.0675186
v 0.0231791 -0.3348486 0.0675303
v 0.0508405 -0.4554400 0.0675313
v 0.0928570 -0.4373131 0.0675284
v -0.0084223 -0.3557731 0.0675386
v 0.0172009 -0.3236939 0.0675314
v -0.0177302 -0.3384059 0.0675362
v -0.0445337 -0.2825370 0.0675233
v 0.0093340 -0.2975986 0.0675313
v -0.0311448 -0.2132793 0.0675328
v -0.0465694 -0.1908067 0.0675229
v -0.0799035 -0.2088587 0.0675240
v -0.0287636 -0.2074466 0.0675222
v 0.0136138 -0.1921587 0.0675331
v 0.0376617 -0.1884625 0.0675361
v 0.0200553 -0.1948144 0.0675177
v 0.0557818 -0.2692043 0.0675259
v 0.0717225 -0.2594476 0.0675388
v 0.2448597 -0.3250988 0.0675386
v 0.2222132 -0.2209157 0.0675264
v 0.2142513 -0.2749637 0.0675186
v 0.3448199 -0.4268313 0.0675248
v 0.2435233 -0.3318843 0.0675329
v 0.2079350 -0.3581624 0.0675390
v 0.2056907 -0.5096619 0.0675274
v 0.1878201 -0.2192085 0.0675258
v 0.2046064 -0.2505159 0.0675314
v 0.0991108 -0.4384834 0.0675305
v 0.1347262 -0.4121937 0.0675386
v 0.0830859 -0.5096438 0.0675274
v 0.0928537 -0.4373189 0.0675184
v 0.0508433 -0.4554312 0.0675367
v 0.0410967 -0.3555505 0.0675404
v -0.0084099 -0.3557731 0.0675233
v -0.0177184 -0.3384028 0.0675241
v -0.0117325 -0.3576039 0.0675176
v -0.0220369 -0.3407773 0.0675216
v 0.0172112 -0.3236915 0.0675229
v 0.0093198 -0.2976144 0.0675243
v 0.0188799 -0.3175174 0.0675342
v 0.0153496 -0.2993937 0.0675233
v 0.0537977 -0.2758767 0.0675231
v 0.0777529 -0.2612369 0.0675392
v 0.0557775 -0.2692059 0.0675274
v 0.0717354 -0.2594438 0.0675328
v 0.1821290 -0.2176665 0.0675235
v 0.1082214 -0.2426131 0.0675183
v 0.1321554 -0.2279606 0.0675279
v 0.1101734 -0.2359436 0.0675263
v 0.1261342 -0.2261650 0.0675312
v 0.1706164 -0.2044529 0.0675307
v -0.1656846 0.0416613 -0.0660071
v -0.1820874 0.1015085 -0.0660076
v -0.1349104 0.0884212 -0.0660096
v -0.0898227 -0.0647883 -0.0660178
v -0.1093530 -0.1325997 -0.0660124
v -0.1162666 -0.1141132 -0.0660193
v -0.1379777 -0.0560335 -0.0660050
v -0.0570356 -0.1524881 0.0675289
v -0.0515177 -0.1791788 0.0675363
v -0.0493128 -0.1731671 0.0675247
v -0.1093425 -0.1326072 0.0675348
v -0.0876204 -0.1906999 0.0675312
v -0.1139641 -0.1343406 0.0675343
v -0.1162558 -0.1141085 0.0675322
v -0.1208717 -0.1158245 0.0675191
v -0.1093529 -0.1326193 0.0675375
v -0.0898105 -0.0648003 0.0675254
v -0.1340179 0.4778228 0.0675182
v -0.0426508 0.4111256 0.0675338
v 0.0375604 0.5027494 0.0675329
v -0.0701279 0.4051785 0.0675230
v 0.0130815 0.5087601 0.0675261
v -0.0098743 0.5317099 0.0675293
v 0.0020848 0.4207514 0.0675299
v 0.0395646 0.4465351 0.0675311
v 0.0410909 -0.3555581 -0.0660162
v 0.0508326 -0.4554411 -0.0660069
v -0.0084188 -0.3557746 -0.0660056
v 0.0928496 -0.4373107 -0.0660060
v 0.0830647 -0.5096522 -0.0660201
v -0.1419346 0.4857378 0.0675188
v -0.0179561 0.5657619 0.0675292
v -0.2697871 0.5657688 0.0675207
v -0.0179491 0.5618325 0.0675316
v -0.1698657 0.2669080 -0.0660057
v -0.1727096 0.2721526 -0.0547530
v -0.1691304 0.2692456 -0.0547412
v -0.1748324 0.2709643 -0.0660104
v -0.1727155 0.2721538 0.0562665
v -0.1698654 0.2669276 0.0675212
v -0.1691311 0.2692611 0.0562648
v -0.1748369 0.2709488 0.0675394
v -0.0593731 0.0177081 0.0675221
v -0.0650811 0.0143691 0.0562717
v -0.0625065 0.0114914 0.0675283
v -0.0632115 0.0181039 0.0562519
v -0.0593553 0.0177031 -0.0660136
v -0.0650963 0.0143518 -0.0547548
v -0.0632082 0.0181004 -0.0547379
v -0.0625029 0.0114991 -0.0660074
v 0.3259173 -0.2494552 0.0433032
v 0.3054115 -0.2153264 0.0426955
v 0.2926148 -0.2707850 0.0521036
v 0.2966735 -0.2715864 0.0514351
v 0.2693727 -0.2316703 0.0517690
v 0.2705786 -0.2282036 0.0510949
v 0.3110431 -0.2173115 0.0418769
v 0.3269985 -0.2440051 0.0424131
v 0.2693672 -0.2316680 -0.0502630
v 0.2966682 -0.2185715 -0.0432937
v 0.3023095 -0.2205439 -0.0424604
v 0.2705827 -0.2281944 -0.0495692
v 0.2926278 -0.2707737 -0.0505759
v 0.3196180 -0.2495666 -0.0429590
v 0.3185681 -0.2550139 -0.0438300
v 0.2966797 -0.2715761 -0.0499248
v 0.1207573 0.1330292 -0.0474912
v 0.1181527 0.1347534 -0.0604003
v 0.1223234 0.1353695 -0.0470132
v 0.1223605 0.1410020 -0.0590334
v 0.1223284 0.1353613 0.0485070
v 0.1181628 0.1347454 0.0619148
v 0.1207681 0.1330145 0.0490069
v 0.1223539 0.1410055 0.0605383
v -0.0685514 0.3995584 -0.0547535
v -0.0586703 0.3327680 -0.0660256
v -0.0623855 0.3338251 -0.0547573
v -0.0651151 0.4015053 -0.0660216
v -0.0647714 0.3979446 0.0675294
v -0.0623967 0.3338136 0.0562563
v -0.0586640 0.3327708 0.0675190
v -0.0685422 0.3995666 0.0562707
v -0.0651111 0.4015217 0.0675357
v -0.0056374 0.6285402 0.0616471
v -0.2704244 0.5730433 0.0616365
v -0.0056433 0.5730321 0.0616353
v -0.2753002 0.6285347 0.0616245
v -0.0056333 0.6285246 -0.0601236
v -0.2704274 0.5730283 -0.0601293
v -0.2752876 0.6285284 -0.0601181
v -0.0056424 0.5730223 -0.0601137
v -0.1656120 -0.0649617 -0.0378479
v -0.1520449 -0.0605732 -0.0523092
v -0.1594289 -0.0629650 -0.0424948
v -0.1423998 -0.0574650 -0.0660202
v -0.1379891 -0.0560270 -0.0523075
v -0.1379672 -0.0560241 -0.0660221
v -0.1655958 -0.0649629 0.0393516
v -0.1594380 -0.0629466 0.0440242
v -0.1520561 -0.0605733 0.0538325
v -0.1424116 -0.0574565 0.0675240
v -0.1379794 -0.0560341 0.0538293
v -0.1379894 -0.0560201 0.0675301
v -0.2030366 0.4416213 -0.0555562
v -0.2030368 0.4802423 -0.0555463
v -0.1442182 0.4416171 -0.0555471
v -0.2077345 0.4755397 -0.0555410
v -0.2077338 0.4463186 -0.0555489
v -0.1442290 0.4802315 -0.0555613
v -0.1395276 0.4755425 -0.0555536
v -0.1395304 0.4463084 -0.0555480
v -0.1442123 0.4416044 0.0570669
v -0.1442178 0.4802448 0.0570592
v -0.2030148 0.4416026 0.0570584
v -0.1395135 0.4755384 0.0570717
v -0.1395148 0.4462994 0.0570684
v -0.2030284 0.4802467 0.0570679
v -0.2077180 0.4755485 0.0570716
v -0.2077220 0.4463173 0.0570618
v 0.0776247 0.0416808 -0.0547495
v 0.0860406 0.0063064 -0.0547463
v 0.0740830 0.0433529 -0.0547516
v 0.0879335 0.0097389 -0.0547492
v -0.1026270 -0.0250222 -0.0547466
v -0.0972513 -0.0416807 -0.0547578
v -0.1012711 -0.0394873 -0.0547408
v -0.1046156 -0.0291641 -0.0547422
v 0.1260437 -0.0921873 -0.0547410
v 0.1376303 -0.1266560 -0.0547591
v 0.1223640 -0.0908260 -0.0547497
v 0.1391819 -0.1230600 -0.0547589
v -0.0406240 -0.1909165 -0.0547487
v -0.0474974 -0.1748002 -0.0547474
v -0.0448461 -0.1890971 -0.0547543
v -0.0490887 -0.1791030 -0.0547598
v 0.0222842 0.2864939 -0.0547436
v 0.0147039 0.3220669 -0.0547404
v 0.0178860 0.3197569 -0.0547486
v 0.0198074 0.2834586 -0.0547456
v -0.1714417 0.2866198 -0.0547454
v -0.1691295 0.2692460 -0.0547471
v -0.1741311 0.2829107 -0.0547424
v -0.1727152 0.2721525 -0.0547380
v 0.1862663 -0.2211436 -0.0547509
v 0.2008810 -0.2544568 -0.0547416
v 0.1824939 -0.2201366 -0.0547547
v 0.2021231 -0.2507200 -0.0547375
v 0.0208394 -0.3189779 -0.0547548
v 0.0291083 -0.3344201 -0.0547476
v 0.0247682 -0.3329713 -0.0547381
v 0.0196250 -0.3234024 -0.0547520
v 0.0488380 0.1466390 -0.0547530
v 0.0380693 0.1813575 -0.0547414
v 0.0414412 0.1793721 -0.0547553
v 0.0466712 0.1433737 -0.0547600
v -0.1440949 0.1291944 -0.0547562
v -0.1402106 0.1121006 -0.0547380
v -0.1440423 0.1146647 -0.0547571
v -0.1464171 0.1252445 -0.0547601
v 0.0860598 0.0063046 0.0562531
v -0.1026214 -0.0250245 0.0562548
v -0.0972536 -0.0416876 0.0562565
v -0.1012789 -0.0394860 0.0562546
v -0.1046178 -0.0291546 0.0562742
v 0.0740837 0.0433722 0.0562669
v 0.0776142 0.0416880 0.0562724
v 0.0879456 0.0097329 0.0562635
v -0.0448461 -0.1890802 0.0562649
v -0.0474849 -0.1748093 0.0562695
v -0.0490968 -0.1791080 0.0562728
v -0.0406266 -0.1909333 0.0562588
v 0.1223636 -0.0908127 0.0562565
v 0.1376209 -0.1266536 0.0562633
v 0.1260323 -0.0921869 0.0562590
v 0.1391889 -0.1230497 0.0562663
v 0.0146863 0.3220655 0.0562651
v 0.0222769 0.2864836 0.0562635
v 0.0178866 0.3197523 0.0562739
v 0.0198144 0.2834576 0.0562696
v -0.1714448 0.2866314 0.0562575
v -0.1691359 0.2692478 0.0562557
v -0.1741337 0.2829044 0.0562668
v -0.1727142 0.2721365 0.0562692
v 0.0291055 -0.3344105 0.0562545
v 0.0208420 -0.3189857 0.0562677
v 0.0247493 -0.3329782 0.0562595
v 0.0196306 -0.3234031 0.0562607
v 0.2008925 -0.2544554 0.0562701
v 0.1824903 -0.2201363 0.0562739
v 0.1862782 -0.2211476 0.0562518
v 0.2021346 -0.2507210 0.0562703
v 0.0380743 0.1813620 0.0562591
v 0.0488393 0.1466378 0.0562654
v 0.0414397 0.1793578 0.0562600
v 0.0466579 0.1433676 0.0562557
v -0.1440872 0.1292038 0.0562745
v -0.1402221 0.1121165 0.0562661
v -0.1440244 0.1146612 0.0562606
v -0.1464247 0.1252491 0.0562615
v 0.0950527 -0.4340545 -0.0547571
v 0.0450046 -0.3550057 -0.0547438
v 0.0879931 -0.3357143 -0.0547396
v 0.0838602 -0.3345018 -0.0547541
v 0.0458189 -0.3521946 -0.0547535
v 0.1322115 -0.4061745 -0.0547552
v 0.1314373 -0.4101389 -0.0547466
v 0.0982392 -0.4346489 -0.0547600
v 0.1287089 -0.2231756 -0.0547391
v 0.1015818 -0.1667048 -0.0547547
v 0.1462255 -0.1511626 -0.0547512
v 0.1423575 -0.1495884 -0.0547578
v 0.1027579 -0.1638502 -0.0547424
v 0.1687425 -0.1980825 -0.0547498
v 0.1675567 -0.2021015 -0.0547547
v 0.1316441 -0.2240362 -0.0547543
v -0.1309982 0.0878263 -0.0547538
v -0.0843223 0.0951167 -0.0547562
v -0.1070857 0.0005591 -0.0547487
v -0.0878455 0.0973654 -0.0547548
v -0.1293567 0.0904406 -0.0547432
v -0.0632131 0.0181000 -0.0547486
v -0.0650941 0.0143641 -0.0547402
v -0.1043341 -0.0008276 -0.0547480
v -0.0542174 -0.1497310 0.0562636
v -0.0136451 -0.1322213 0.0562744
v -0.0120913 -0.1283329 0.0562643
v -0.0513623 -0.1508587 0.0562547
v -0.0400529 -0.0535733 0.0562537
v -0.0858752 -0.0650295 0.0562550
v -0.0437651 -0.0516460 0.0562532
v -0.0844701 -0.0623097 0.0562732
v 0.1462161 -0.1511631 0.0562615
v 0.1287016 -0.2231685 0.0562593
v 0.1687349 -0.1980900 0.0562566
v 0.1675477 -0.2020947 0.0562658
v 0.1316585 -0.2240446 0.0562557
v 0.1015946 -0.1667200 0.0562682
v 0.1423472 -0.1495800 0.0562681
v 0.1027505 -0.1638584 0.0562581
v 0.0113343 -0.1173040 0.0562539
v 0.0435307 -0.1039287 0.0562630
v 0.0450819 -0.1000510 0.0562664
v 0.0142090 -0.1184356 0.0562558
v 0.0216553 -0.0374117 0.0562662
v -0.0151202 -0.0464983 0.0562645
v 0.0179425 -0.0354872 0.0562665
v -0.0137085 -0.0437765 0.0562515
v 0.0742810 -0.2564568 -0.0547445
v 0.0415844 -0.1883537 -0.0547604
v 0.0774103 -0.1759677 -0.0547563
v 0.0735553 -0.1743906 -0.0547494
v 0.0427566 -0.1854995 -0.0547524
v 0.1063418 -0.2362358 -0.0547427
v 0.1051452 -0.2402578 -0.0547395
v 0.0772351 -0.2573339 -0.0547484
v -0.1782502 0.3753100 -0.0547566
v -0.1251756 0.3218427 -0.0547550
v -0.1716528 0.3125639 -0.0547464
v -0.1276294 0.3185626 -0.0547528
v -0.1690942 0.3106679 -0.0547577
v -0.1315606 0.3859645 -0.0547542
v -0.1757914 0.3787202 -0.0547399
v -0.1339853 0.3877385 -0.0547535
v 0.0118963 -0.2946064 0.0562559
v 0.0507357 -0.2735244 0.0562642
v 0.0519104 -0.2695100 0.0562634
v 0.0148319 -0.2954915 0.0562653
v 0.0174071 -0.1976092 0.0562545
v -0.0272032 -0.2131459 0.0562534
v 0.0135391 -0.1960327 0.0562697
v -0.0260555 -0.2103033 0.0562602
v 0.0118908 -0.2946124 -0.0547566
v -0.0272035 -0.2131569 -0.0547600
v 0.0174151 -0.1976045 -0.0547440
v 0.0135310 -0.1960290 -0.0547434
v -0.0260484 -0.2102928 -0.0547531
v 0.0519170 -0.2695112 -0.0547604
v 0.0507255 -0.2735315 -0.0547398
v 0.0148350 -0.2954812 -0.0547393
v -0.1690949 0.3106691 0.0562567
v -0.1276394 0.3185446 0.0562620
v -0.1716481 0.3125706 0.0562604
v -0.1251745 0.3218401 0.0562678
v -0.1782555 0.3753119 0.0562639
v -0.1315554 0.3859576 0.0562602
v -0.1757810 0.3787277 0.0562695
v -0.1339918 0.3877353 0.0562685
v 0.0950567 -0.4340466 0.0562568
v 0.1314366 -0.4101441 0.0562646
v 0.1322096 -0.4061743 0.0562616
v 0.0982436 -0.4346645 0.0562562
v 0.0879878 -0.3357091 0.0562666
v 0.0450113 -0.3550137 0.0562614
v 0.0838510 -0.3344879 0.0562703
v 0.0458278 -0.3521947 0.0562585
v -0.0732783 0.1735752 0.0562647
v -0.0418087 0.1825936 0.0562529
v -0.0758809 0.1752120 0.0562647
v -0.0396004 0.1861354 0.0562622
v -0.0514066 0.2520586 0.0562595
v -0.0892277 0.2497363 0.0562632
v -0.0547014 0.2546077 0.0562617
v -0.0873373 0.2521515 0.0562639
v -0.0514049 0.2520501 0.0562611
v -0.0758839 0.1752125 0.0562640
v -0.1060929 0.3908564 -0.0547493
v -0.0623846 0.3338164 -0.0547582
v -0.0996821 0.3262521 -0.0547430
v -0.0648921 0.3305065 -0.0547599
v -0.0971456 0.3243632 -0.0547573
v -0.0685420 0.3995630 -0.0547420
v -0.1035967 0.3942906 -0.0547404
v -0.0709573 0.4013204 -0.0547397
v -0.0892188 0.2497382 -0.0547572
v -0.0514053 0.2520505 -0.0547406
v -0.0758930 0.1752162 -0.0547466
v -0.0547050 0.2546213 -0.0547412
v -0.0873317 0.2521611 -0.0547533
v -0.0758991 0.1752055 -0.0547376
v -0.0514019 0.2520471 -0.0547511
v -0.0396075 0.1861363 -0.0547392
v -0.0418246 0.1825815 -0.0547399
v -0.0732916 0.1735907 -0.0547537
v -0.0588756 0.0999012 -0.0547574
v -0.0214161 0.1056470 -0.0547584
v -0.0388638 0.0269457 -0.0547508
v -0.0249387 0.1079063 -0.0547486
v -0.0572179 0.1024884 -0.0547603
v -0.0037206 0.0411133 -0.0547598
v -0.0055920 0.0373895 -0.0547602
v -0.0361193 0.0255712 -0.0547558
v 0.0040341 0.1104281 -0.0547556
v 0.0507253 0.1177228 -0.0547542
v 0.0206077 0.0499756 -0.0547589
v 0.0472141 0.1199648 -0.0547591
v 0.0057008 0.1130267 -0.0547558
v 0.0644883 0.0674988 -0.0547472
v 0.0626053 0.0637735 -0.0547424
v 0.0233544 0.0485975 -0.0547505
v -0.1621657 0.2442515 -0.0547512
v -0.1150009 0.2472570 -0.0547480
v -0.1462084 0.1550810 -0.0547581
v -0.1183081 0.2498360 -0.0547527
v -0.1602606 0.2466820 -0.0547451
v -0.1461938 0.1550768 -0.0547598
v -0.1150058 0.2472729 -0.0547602
v -0.1009383 0.1685761 -0.0547435
v -0.1031466 0.1650330 -0.0547479
v -0.1436026 0.1534541 -0.0547567
v -0.0256185 0.2545103 -0.0547592
v 0.0215402 0.2575289 -0.0547386
v -0.0145787 0.1927651 -0.0547539
v 0.0182404 0.2600911 -0.0547506
v -0.0237368 0.2569350 -0.0547503
v -0.0145775 0.1927686 -0.0547430
v 0.0215294 0.2575241 -0.0547492
v 0.0306978 0.2062649 -0.0547564
v 0.0284989 0.2027238 -0.0547596
v -0.0119503 0.1911358 -0.0547517
v 0.1532379 -0.3911173 -0.0547558
v 0.1112246 -0.3241943 -0.0547580
v 0.1457174 -0.3088434 -0.0547502
v 0.1416112 -0.3076212 -0.0547553
v 0.1120671 -0.3213596 -0.0547448
v 0.1828673 -0.3687546 -0.0547591
v 0.1821025 -0.3727601 -0.0547405
v 0.1564020 -0.3917335 -0.0547555
v 0.2039174 -0.3537293 -0.0547498
v 0.1689525 -0.2973387 -0.0547400
v 0.2118841 -0.2780149 -0.0547563
v 0.2078285 -0.2767824 -0.0547434
v 0.1698108 -0.2944957 -0.0547517
v 0.2410489 -0.3257802 -0.0547521
v 0.2402471 -0.3298146 -0.0547447
v 0.2070536 -0.3543263 -0.0547474
v 0.0685170 -0.0890499 0.0562722
v 0.1090955 -0.0715324 0.0562583
v 0.1106455 -0.0676360 0.0562526
v 0.0713823 -0.0901848 0.0562664
v 0.0924202 -0.0188759 0.0562695
v 0.0465709 -0.0303470 0.0562739
v 0.0887126 -0.0169695 0.0562554
v 0.0479876 -0.0276142 0.0562541
v -0.0542231 -0.1497284 -0.0547605
v -0.0858826 -0.0650315 -0.0547509
v -0.0400524 -0.0535663 -0.0547538
v -0.0437638 -0.0516530 -0.0547426
v -0.0844633 -0.0622964 -0.0547393
v -0.0121015 -0.1283364 -0.0547493
v -0.0136394 -0.1322215 -0.0547497
v -0.0513498 -0.1508643 -0.0547509
v 0.0685264 -0.0890327 -0.0547438
v 0.0465703 -0.0303540 -0.0547562
v 0.0924152 -0.0188889 -0.0547529
v 0.0887029 -0.0169622 -0.0547559
v 0.0480055 -0.0276198 -0.0547465
v 0.1106484 -0.0676330 -0.0547396
v 0.1091105 -0.0715223 -0.0547440
v 0.0713772 -0.0901842 -0.0547374
v -0.1043288 -0.0008175 0.0562602
v -0.0650970 0.0143534 0.0562625
v -0.1070884 0.0005685 0.0562649
v -0.0632011 0.0180956 0.0562715
v -0.0843176 0.0951110 0.0562638
v -0.1310024 0.0878264 0.0562723
v -0.0878395 0.0973773 0.0562600
v -0.1293591 0.0904336 0.0562618
v -0.0361177 0.0255591 0.0562533
v -0.0055910 0.0373697 0.0562646
v -0.0388821 0.0269602 0.0562673
v -0.0037215 0.0411048 0.0562684
v -0.0214090 0.1056402 0.0562519
v -0.0588731 0.0999123 0.0562643
v -0.0249438 0.1079082 0.0562679
v -0.0572014 0.1025104 0.0562595
v -0.1436036 0.1534388 0.0562710
v -0.1031321 0.1650377 0.0562698
v -0.1462023 0.1550746 0.0562606
v -0.1009399 0.1685794 0.0562710
v -0.1150101 0.2472570 0.0562663
v -0.1621528 0.2442381 0.0562739
v -0.1182977 0.2498370 0.0562557
v -0.1602681 0.2466697 0.0562701
v -0.1150046 0.2472631 0.0562582
v -0.1461934 0.1550752 0.0562611
v -0.0430841 0.4044308 -0.0547473
v 0.0095789 0.3475243 -0.0547405
v -0.0368650 0.3381747 -0.0547461
v 0.0070727 0.3442044 -0.0547420
v -0.0343843 0.3363093 -0.0547590
v 0.0036262 0.4151382 -0.0547537
v -0.0405484 0.4078905 -0.0547420
v 0.0012467 0.4168988 -0.0547452
v 0.0113479 -0.1173121 -0.0547428
v -0.0151402 -0.0465177 -0.0547509
v 0.0216698 -0.0374097 -0.0547437
v 0.0179564 -0.0354912 -0.0547543
v -0.0137123 -0.0437847 -0.0547392
v 0.0450762 -0.1000436 -0.0547542
v 0.0435426 -0.1039474 -0.0547562
v 0.0141970 -0.1184509 -0.0547444
v 0.0233517 0.0486005 0.0562736
v 0.0626129 0.0637783 0.0562590
v 0.0206210 0.0499806 0.0562687
v 0.0644866 0.0674992 0.0562696
v 0.0507266 0.1177089 0.0562708
v 0.0040420 0.1104290 0.0562683
v 0.0472003 0.1199608 0.0562626
v 0.0057057 0.1130119 0.0562677
v 0.1532362 -0.3911316 0.0562654
v 0.1820952 -0.3727590 0.0562739
v 0.1828806 -0.3687599 0.0562723
v 0.1563923 -0.3917134 0.0562660
v 0.1457007 -0.3088353 0.0562540
v 0.1112411 -0.3241938 0.0562742
v 0.1416033 -0.3076049 0.0562557
v 0.1120772 -0.3213631 0.0562678
v -0.0343804 0.3363072 0.0562729
v 0.0070635 0.3441886 0.0562707
v -0.0368650 0.3381752 0.0562701
v 0.0095719 0.3475236 0.0562740
v -0.0430862 0.4044392 0.0562693
v 0.0036095 0.4151383 0.0562680
v -0.0405656 0.4078914 0.0562661
v 0.0012414 0.4169029 0.0562589
v 0.0742781 -0.2564601 0.0562529
v 0.1051566 -0.2402494 0.0562560
v 0.1063362 -0.2362471 0.0562681
v 0.0772371 -0.2573163 0.0562570
v 0.0774238 -0.1759828 0.0562602
v 0.0415829 -0.1883397 0.0562693
v 0.0735578 -0.1743946 0.0562597
v 0.0427574 -0.1854924 0.0562701
v 0.2039129 -0.3537333 0.0562596
v 0.2402554 -0.3298168 0.0562722
v 0.2410580 -0.3257910 0.0562718
v 0.2070619 -0.3543239 0.0562673
v 0.2118999 -0.2780017 0.0562745
v 0.1689421 -0.2973321 0.0562738
v 0.2078228 -0.2767717 0.0562610
v 0.1698104 -0.2944926 0.0562631
v -0.0119553 0.1911369 0.0562651
v 0.0284984 0.2027210 0.0562697
v -0.0145662 0.1927602 0.0562568
v 0.0307032 0.2062802 0.0562551
v 0.0215433 0.2575185 0.0562730
v -0.0256055 0.2544956 0.0562712
v 0.0182359 0.2600937 0.0562548
v -0.0237207 0.2569459 0.0562718
v 0.0215269 0.2575205 0.0562631
v -0.0145717 0.1927787 0.0562591
v -0.0971569 0.3243565 0.0562604
v -0.0648821 0.3305033 0.0562650
v -0.0996704 0.3262317 0.0562720
v -0.0623893 0.3338147 0.0562518
v -0.1060975 0.3908551 0.0562601
v -0.0685459 0.3995718 0.0562683
v -0.1035953 0.3942881 0.0562736
v -0.0709645 0.4013295 0.0562739
v 0.0774140 -0.1759693 -0.0547459
v 0.1101942 -0.2359291 -0.0660149
v 0.1063372 -0.2362437 -0.0547443
v 0.0800716 -0.1731754 -0.0660149
v 0.1101801 -0.2359229 0.0675252
v 0.0800562 -0.1731758 0.0675327
v 0.0774234 -0.1759806 0.0562701
v 0.1063318 -0.2362322 0.0562667
v -0.0663952 -0.2711079 -0.0523180
v -0.0935059 -0.2146569 -0.0523085
v -0.0799125 -0.2088530 -0.0523157
v -0.0530745 -0.2647251 -0.0523128
v -0.1301018 -0.1192692 0.0538229
v -0.1379870 -0.0560309 0.0538268
v -0.1520435 -0.0605726 0.0538278
v -0.1162714 -0.1141030 0.0538199
v -0.1746868 0.0187038 0.0538300
v -0.1581133 -0.0417894 0.0538229
v -0.1440408 -0.0372452 0.0538229
v -0.1604537 0.0226175 0.0538215
v -0.1864319 0.1207584 0.0538248
v -0.1952846 0.1701836 0.0538236
v -0.2107660 0.1667091 0.0538312
v -0.2010403 0.1174689 0.0538208
v 0.0508490 -0.4554306 0.0538296
v -0.0084056 -0.3557587 0.0538215
v -0.0204426 -0.3622116 0.0538246
v -0.0084221 -0.3557583 -0.0522959
v 0.0508402 -0.4554444 -0.0523093
v -0.0204371 -0.3622015 -0.0523097
v -0.0578654 -0.2889227 0.0538180
v -0.0307513 -0.3453923 0.0538139
v -0.0177148 -0.3384075 0.0538237
v -0.0445428 -0.2825330 0.0538171
v -0.1300914 -0.1192706 -0.0523108
v -0.1520457 -0.0605639 -0.0523157
v -0.1379788 -0.0560205 -0.0523103
v -0.1162752 -0.1141017 -0.0523095
v -0.1231770 -0.1377749 0.0538167
v -0.1012407 -0.1964963 0.0538133
v -0.0876373 -0.1906876 0.0538197
v -0.1093428 -0.1326168 0.0538162
v -0.2281425 0.2546604 0.0538242
v -0.2288000 0.2904645 0.0538167
v -0.2372134 0.3005179 0.0538290
v -0.2135912 0.2578909 0.0538239
v -0.2243385 0.2353390 -0.0523101
v -0.1987529 0.1896215 -0.0522981
v -0.2145897 0.1860890 -0.0523015
v -0.2076153 0.2390614 -0.0523176
v -0.0578558 -0.2889268 -0.0523082
v -0.0177230 -0.3383969 -0.0523097
v -0.0307452 -0.3453797 -0.0523037
v -0.0445466 -0.2825405 -0.0523174
v -0.1799225 0.0377619 0.0538307
v -0.1820857 0.1015032 0.0538279
v -0.1965218 0.0982460 0.0538232
v -0.1656767 0.0416529 0.0538193
v -0.0663919 -0.2711138 0.0538324
v -0.0799046 -0.2088493 0.0538121
v -0.0935098 -0.2146548 0.0538312
v -0.0530962 -0.2647221 0.0538156
v -0.1746876 0.0186976 -0.0522983
v -0.1440593 -0.0372494 -0.0523137
v -0.1581219 -0.0417867 -0.0522961
v -0.1604584 0.0226199 -0.0523107
v -0.2107756 0.1667064 -0.0523145
v -0.1864470 0.1207644 -0.0523059
v -0.2010247 0.1174649 -0.0523037
v -0.1952879 0.1701996 -0.0522989
v -0.1799142 0.0377539 -0.0523128
v -0.1965197 0.0982428 -0.0523108
v -0.1820853 0.1014967 -0.0522983
v -0.1656853 0.0416627 -0.0522993
v -0.1231826 -0.1377746 -0.0523020
v -0.0876488 -0.1906900 -0.0523030
v -0.1012297 -0.1964847 -0.0523130
v -0.1093439 -0.1326023 -0.0523045
v -0.2281501 0.2546494 -0.0523047
v -0.2372184 0.3005296 -0.0523134
v -0.2288160 0.2904727 -0.0523068
v -0.2135880 0.2579002 -0.0523110
v -0.1987701 0.1896518 0.0538196
v -0.2076082 0.2390568 0.0538110
v -0.2243270 0.2353338 0.0538308
v -0.2145992 0.1860833 0.0538099
v -0.1043016 -0.0232146 -0.0660157
v 0.0741682 0.0458407 -0.0660118
v -0.1026369 -0.0250100 -0.0547376
v 0.0740702 0.0433550 -0.0547527
v 0.0741720 0.0458362 0.0675237
v -0.1043029 -0.0232257 0.0675360
v -0.1026333 -0.0250278 0.0562697
v 0.0740818 0.0433719 0.0562557
v 0.1208697 0.6285284 0.0294601
v 0.1051539 0.6285364 0.0315555
v 0.1208608 0.6162504 0.0294516
v 0.1051582 0.6090683 0.0315573
v 0.1051602 0.6285304 -0.0300330
v 0.1208668 0.6162607 -0.0279563
v 0.1051593 0.6090602 -0.0300291
v 0.1208551 0.6285460 -0.0279454
v 0.0891264 -0.0131170 -0.0660259
v 0.0924083 -0.0188776 -0.0547414
v 0.0886999 -0.0169494 -0.0547516
v 0.0953157 -0.0163272 -0.0660233
v 0.0891388 -0.0131279 0.0675233
v 0.0924109 -0.0188784 0.0562745
v 0.0953146 -0.0163202 0.0675180
v 0.0887186 -0.0169686 0.0562614
v -0.0358185 0.1854169 0.0675214
v -0.0480909 0.2540471 0.0675296
v -0.0513897 0.2520421 0.0562635
v -0.0514031 0.2520556 0.0562522
v -0.0395984 0.1861418 0.0562582
v -0.0358036 0.1854081 0.0675378
v -0.0513895 0.2520397 -0.0547593
v -0.0358129 0.1854164 -0.0660200
v -0.0396129 0.1861513 -0.0547526
v -0.0358142 0.1854104 -0.0660191
v -0.0513936 0.2520457 -0.0547514
v -0.0480993 0.2540548 -0.0660133
v 0.0068582 0.6285446 0.0410448
v 0.0963405 0.6090567 0.0410374
v 0.0963432 0.6285316 0.0410305
v 0.0068585 0.5651024 0.0410333
v 0.0963278 0.5742831 0.0410290
v 0.0457036 0.5257305 0.0410328
v 0.1027526 0.5498761 0.0410492
v 0.1130060 0.5317588 0.0410391
v 0.0963428 0.6090586 0.0410371
v 0.0068625 0.5651091 0.0410368
v 0.0963389 0.5742878 0.0410382
v 0.0456826 0.5257466 0.0410405
v 0.0123616 0.5445398 0.0410324
v 0.0258579 0.5310597 0.0410287
v 0.0123728 0.5445443 -0.0395134
v 0.0457020 0.5257267 -0.0395227
v 0.0258553 0.5310502 -0.0395217
v 0.0068457 0.5651003 -0.0395156
v 0.0963311 0.5742822 -0.0395218
v 0.0963476 0.6090603 -0.0395266
v 0.1027567 0.5498748 -0.0395243
v 0.1130042 0.5317615 -0.0395216
v 0.0068524 0.6285257 -0.0395203
v 0.0963470 0.6285294 -0.0395243
v 0.0068500 0.6285440 -0.0395317
v 0.0963251 0.6090652 -0.0395331
v 0.0068539 0.5651139 -0.0395284
v -0.0137177 -0.0437813 0.0562684
v -0.0190662 -0.0462684 0.0675238
v -0.0151233 -0.0465140 0.0562689
v -0.0161621 -0.0406856 0.0675377
v -0.0151200 -0.0465066 -0.0547543
v -0.0190661 -0.0462777 -0.0660096
v -0.0137204 -0.0437703 -0.0547484
v -0.0161750 -0.0407055 -0.0660248
v 0.0216593 -0.0374024 -0.0547505
v 0.0489442 -0.1000819 -0.0660132
v 0.0450706 -0.1000468 -0.0547396
v 0.0245494 -0.0348500 -0.0660167
v 0.0489410 -0.1000819 0.0675280
v 0.0245454 -0.0348439 0.0675346
v 0.0216552 -0.0374070 0.0562591
v 0.0450828 -0.1000554 0.0562585
v -0.0474902 -0.1748004 -0.0547549
v -0.0515211 -0.1791652 -0.0660096
v -0.0493197 -0.1731745 -0.0660104
v -0.0490846 -0.1791193 -0.0547508
v -0.0474827 -0.1747998 0.0562575
v -0.0515261 -0.1791675 0.0675219
v -0.0490931 -0.1791080 0.0562614
v -0.0493123 -0.1731710 0.0675329
v -0.1874080 0.0357055 0.0440242
v -0.1939397 0.0339225 -0.0378390
v -0.1939329 0.0339226 0.0393485
v -0.1874089 0.0356927 -0.0425030
v -0.1799329 0.0377427 0.0538252
v -0.1799217 0.0377520 -0.0523072
v -0.1704256 0.0403582 0.0675270
v -0.1656748 0.0416612 0.0538100
v -0.1656823 0.0416475 0.0675237
v -0.1704199 0.0403547 -0.0660104
v -0.1656786 0.0416686 -0.0523107
v -0.1656819 0.0416465 -0.0660117
v -0.0214074 0.1056448 -0.0547537
v 0.0001142 0.0407400 -0.0660097
v -0.0037186 0.0411224 -0.0547420
v -0.0183013 0.1079385 -0.0660071
v 0.0001298 0.0407253 0.0675311
v -0.0183126 0.1079267 0.0675349
v -0.0214015 0.1056538 0.0562637
v -0.0037185 0.0411214 0.0562697
v -0.0870639 0.1011544 -0.0660222
v -0.0843103 0.0951261 -0.0547517
v -0.0878492 0.0973798 -0.0547483
v -0.0812102 0.0974030 -0.0660208
v -0.0870664 0.1011570 0.0675406
v -0.0843112 0.0951180 0.0562702
v -0.0812036 0.0974030 0.0675235
v -0.0878416 0.0973784 0.0562589
v 0.1388243 0.2333328 -0.0504253
v 0.1280845 0.2296570 -0.0407883
v 0.1305797 0.2338731 -0.0400064
v 0.1343650 0.2257934 -0.0517955
v 0.1280888 0.2296742 0.0423054
v 0.1388319 0.2333211 0.0519308
v 0.1305796 0.2338706 0.0415304
v 0.1343656 0.2258005 0.0533118
v -0.2534068 0.3724907 0.0321341
v -0.2732173 0.6146861 0.0321469
v -0.2746138 0.5191457 0.0321434
v -0.2807933 0.5945431 0.0321353
v -0.2776781 0.5096223 0.0321547
v -0.2877389 0.4527054 0.0321505
v -0.2865842 0.5050410 0.0321457
v -0.2919793 0.5046156 0.0321495
v -0.2732178 0.6146989 -0.0306395
v -0.2746105 0.5191414 -0.0306256
v -0.2807816 0.5945295 -0.0306248
v -0.2533952 0.3724921 -0.0306414
v -0.2776800 0.5096299 -0.0306269
v -0.2877384 0.4526858 -0.0306371
v -0.2865932 0.5050367 -0.0306195
v -0.2919929 0.5046066 -0.0306287
v 0.0508436 -0.4554454 0.0675335
v 0.0531343 -0.4717688 0.0499403
v 0.0584779 -0.5096628 0.0535401
v 0.0508450 -0.4554345 0.0538307
v 0.0531278 -0.4717719 -0.0484216
v 0.0584754 -0.5096589 -0.0520170
v 0.0508396 -0.4554455 -0.0660069
v 0.0508326 -0.4554277 -0.0523044
v 0.0512795 0.1461669 -0.0660168
v 0.0466568 0.1433604 -0.0547581
v 0.0488326 0.1466193 -0.0547570
v 0.0480011 0.1412924 -0.0660151
v 0.0466590 0.1433650 0.0562630
v 0.0512705 0.1461754 0.0675288
v 0.0488446 0.1466296 0.0562721
v 0.0479888 0.1412936 0.0675342
v 0.0001505 0.1110323 0.0675286
v 0.0206123 0.0499841 0.0562721
v 0.0040332 0.1104349 0.0562716
v 0.0175597 0.0474805 0.0675405
v 0.0001529 0.1110197 -0.0660132
v 0.0206176 0.0499666 -0.0547408
v 0.0175743 0.0474865 -0.0660161
v 0.0040386 0.1104227 -0.0547406
v 0.0001298 0.0407347 0.0675197
v -0.0055897 0.0373805 0.0562577
v -0.0030121 0.0345300 0.0675285
v -0.0037277 0.0411250 0.0562524
v 0.0001310 0.0407364 -0.0660253
v -0.0055978 0.0373796 -0.0547547
v -0.0037236 0.0411231 -0.0547532
v -0.0030006 0.0345152 -0.0660093
v 0.0426543 -0.0301147 0.0675224
v 0.0685241 -0.0890310 0.0562695
v 0.0465834 -0.0303492 0.0562727
v 0.0657151 -0.0918039 0.0675274
v 0.0426461 -0.0301079 -0.0660148
v 0.0685229 -0.0890285 -0.0547594
v 0.0656998 -0.0918075 -0.0660075
v 0.0465742 -0.0303422 -0.0547541
v -0.1441514 0.1495379 -0.0660149
v -0.1462080 0.1550851 -0.0547464
v -0.1435972 0.1534554 -0.0547551
v -0.1494684 0.1528603 -0.0660062
v -0.1462078 0.1550781 0.0562617
v -0.1441353 0.1495518 0.0675227
v -0.1435967 0.1534393 0.0562540
v -0.1494574 0.1528657 0.0675199
v 0.2118947 -0.2780078 -0.0547531
v 0.2448410 -0.3251088 -0.0660109
v 0.2410472 -0.3257878 -0.0547438
v 0.2142470 -0.2749593 -0.0660067
v 0.0231793 0.0446633 -0.0660066
v 0.0206144 0.0499787 -0.0547569
v 0.0233685 0.0485934 -0.0547561
v 0.0175650 0.0474904 -0.0660049
v 0.2448571 -0.3251154 0.0675368
v 0.2142552 -0.2749659 0.0675323
v 0.2118817 -0.2780138 0.0562607
v 0.2410547 -0.3257962 0.0562565
v 0.0206220 0.0499784 0.0562619
v 0.0231585 0.0446446 0.0675297
v 0.0233532 0.0485859 0.0562610
v 0.0175520 0.0474690 0.0675192
v 0.1593262 0.0996775 -0.0401096
v 0.1381649 0.0840542 -0.0588939
v 0.1352184 0.0890429 -0.0469533
v 0.1660354 0.0963507 -0.0510556
v 0.1593150 0.0996994 0.0416172
v 0.1352137 0.0890554 0.0484601
v 0.1381539 0.0840379 0.0603977
v 0.1660395 0.0963467 0.0525564
v 0.0068453 0.6285364 0.0410429
v -0.0056389 0.5730282 0.0616436
v 0.0068494 0.5651107 0.0410457
v -0.0056325 0.6285372 0.0616394
v 0.0068496 0.6285420 -0.0395242
v 0.0068473 0.5651001 -0.0395259
v -0.0056382 0.5730271 -0.0601303
v -0.0056411 0.6285342 -0.0601184
v -0.0042646 0.5636420 -0.0578367
v -0.0091041 0.5657644 -0.0660092
v -0.0091105 0.5629959 -0.0660176
v -0.0294520 0.2554481 0.0675240
v -0.0145826 0.1927600 0.0562523
v -0.0256189 0.2544971 0.0562592
v -0.0145766 0.1927581 0.0562726
v -0.0294324 0.2554403 0.0675182
v -0.0178376 0.1905695 0.0675269
v -0.0294318 0.2554367 -0.0660061
v -0.0145605 0.1927756 -0.0547408
v -0.0178306 0.1905601 -0.0660234
v -0.0145739 0.1927706 -0.0547423
v -0.0294401 0.2554566 -0.0660165
v -0.0256047 0.2545166 -0.0547556
v -0.1045234 -0.0047703 0.0675316
v -0.0625045 0.0115081 0.0675366
v -0.0650950 0.0143663 0.0562538
v -0.1043313 -0.0008157 0.0562603
v -0.0363111 0.0216301 0.0675309
v -0.0030141 0.0345216 0.0675362
v -0.0056093 0.0373853 0.0562645
v -0.0361286 0.0255698 0.0562745
v -0.0055893 0.0373826 -0.0547517
v -0.0363245 0.0216278 -0.0660041
v -0.0361292 0.0255588 -0.0547423
v -0.0029974 0.0345219 -0.0660118
v -0.0650864 0.0143487 -0.0547474
v -0.1045131 -0.0047604 -0.0660080
v -0.1043358 -0.0008160 -0.0547377
v -0.0624985 0.0115034 -0.0660237
v 0.0231603 0.0446552 0.0675389
v 0.0651933 0.0609230 0.0675300
v 0.0626181 0.0637789 0.0562680
v 0.0233704 0.0485800 0.0562673
v 0.0625971 0.0637768 -0.0547511
v 0.0231723 0.0446568 -0.0660263
v 0.0233725 0.0485791 -0.0547553
v 0.0651910 0.0609087 -0.0660214
v 0.0976660 -0.1668287 0.0675381
v 0.1287005 -0.2231752 0.0562519
v 0.1015976 -0.1667049 0.0562523
v 0.1261372 -0.2261747 0.0675314
v 0.0976576 -0.1668206 -0.0660220
v 0.1286938 -0.2231745 -0.0547395
v 0.1261390 -0.2261775 -0.0660035
v 0.1015985 -0.1667118 -0.0547529
v 0.1916251 0.0171610 -0.0510382
v 0.1924244 0.0081776 -0.0393028
v 0.1881451 0.0105164 -0.0401225
v 0.1993137 0.0129512 -0.0496319
v 0.1916436 0.0171653 0.0525695
v 0.1924306 0.0081731 0.0408228
v 0.1993207 0.0129500 0.0511401
v 0.1881542 0.0105198 0.0416254
v -0.0467900 0.4054621 -0.0660156
v -0.0368623 0.3381754 -0.0547564
v -0.0403044 0.3362667 -0.0660166
v -0.0430936 0.4044277 -0.0547449
v -0.0467929 0.4054634 0.0675313
v -0.0368725 0.3381837 0.0562645
v -0.0430804 0.4044357 0.0562623
v -0.0403145 0.3362502 0.0675237
v -0.0179445 0.5618520 0.0675201
v -0.0042668 0.5636495 0.0593689
v -0.0179565 0.5657709 0.0675381
v -0.0056354 0.5730294 0.0616462
v 0.0776126 0.0416868 0.0562692
v 0.0741582 0.0458475 0.0675345
v 0.0740727 0.0433695 0.0562591
v 0.0794743 0.0433052 0.0675200
v 0.0741624 0.0458432 -0.0660215
v 0.0776185 0.0416748 -0.0547405
v 0.0740743 0.0433636 -0.0547409
v 0.0794772 0.0433122 -0.0660062
v 0.0132884 0.3464722 0.0675332
v 0.0070741 0.4170685 0.0675369
v 0.0036133 0.4151541 0.0562653
v 0.0095746 0.3475225 0.0562622
v 0.0036251 0.4151509 -0.0547481
v 0.0132822 0.3464636 -0.0660124
v 0.0095804 0.3475356 -0.0547452
v 0.0070594 0.4170754 -0.0660121
v 0.0010741 0.6285377 0.0311224
v 0.0010569 0.5586435 0.0311137
v -0.0114137 0.6285357 0.0517097
v -0.0114095 0.5586631 0.0517067
v -0.0114117 0.6285456 -0.0501906
v 0.0010721 0.5586469 -0.0296028
v 0.0010632 0.6285284 -0.0295945
v -0.0114149 0.5586655 -0.0502032
v -0.0241585 0.1116845 0.0675265
v -0.0214076 0.1056561 0.0562614
v -0.0182979 0.1079376 0.0675183
v -0.0249226 0.1078959 0.0562672
v -0.0241526 0.1116865 -0.0660142
v -0.0213968 0.1056517 -0.0547448
v -0.0249424 0.1078986 -0.0547453
v -0.0182951 0.1079268 -0.0660193
v 0.1763758 -0.0390664 0.0490105
v 0.1823681 -0.0445993 0.0605475
v 0.1790408 -0.0400522 0.0485103
v 0.1752894 -0.0419801 0.0619111
v 0.1823616 -0.0446142 -0.0590210
v 0.1763901 -0.0390789 -0.0475050
v 0.1790289 -0.0400536 -0.0470006
v 0.1752995 -0.0419768 -0.0603802
v -0.0858843 -0.0650246 -0.0547442
v -0.0898229 -0.0647975 -0.0660191
v -0.0844629 -0.0622947 -0.0547457
v -0.0869279 -0.0592214 -0.0660043
v -0.0844734 -0.0622897 0.0562714
v -0.0898082 -0.0647914 0.0675322
v -0.0858865 -0.0650360 0.0562675
v -0.0869142 -0.0592089 0.0675339
v 0.1878201 -0.2192138 -0.0660144
v 0.2045956 -0.2505130 -0.0660170
v 0.1862704 -0.2211549 -0.0547558
v 0.2021367 -0.2507372 -0.0547549
v 0.2045980 -0.2505166 0.0675394
v 0.1878015 -0.2192086 0.0675342
v 0.1862714 -0.2211448 0.0562544
v 0.2021305 -0.2507387 0.0562668
v -0.1887177 0.0148676 0.0393691
v -0.1746982 0.0187064 0.0538135
v -0.1651993 0.0212977 0.0675232
v -0.1604511 0.0226111 0.0538119
v -0.1604558 0.0226189 0.0675308
v -0.1821681 0.0166639 0.0440056
v -0.1821852 0.0166515 -0.0425075
v -0.1887252 0.0148530 -0.0378482
v -0.1746958 0.0186964 -0.0523010
v -0.1652009 0.0213189 -0.0660158
v -0.1604605 0.0226042 -0.0523101
v -0.1604511 0.0226010 -0.0660075
v 0.1725803 -0.1977723 0.0675329
v 0.1488610 -0.1483634 0.0675195
v 0.1462275 -0.1511633 0.0562555
v 0.1687253 -0.1980816 0.0562554
v 0.1462207 -0.1511601 -0.0547418
v 0.1725955 -0.1977686 -0.0660120
v 0.1687363 -0.1980923 -0.0547536
v 0.1488632 -0.1483603 -0.0660172
v 0.0056978 0.1130252 0.0562742
v 0.0001352 0.1110157 0.0675309
v 0.0040463 0.1104364 0.0562521
v 0.0035338 0.1163157 0.0675399
v 0.0040457 0.1104280 -0.0547430
v 0.0001516 0.1110260 -0.0660109
v 0.0057018 0.1130162 -0.0547510
v 0.0035338 0.1163122 -0.0660207
v 0.0683342 0.0671273 0.0675186
v 0.0626091 0.0637729 0.0562531
v 0.0651937 0.0609215 0.0675238
v 0.0644877 0.0675126 0.0562618
v 0.0683271 0.0671333 -0.0660246
v 0.0626094 0.0637868 -0.0547523
v 0.0644905 0.0675151 -0.0547449
v 0.0652039 0.0609047 -0.0660242
v -0.1407455 0.1097049 -0.0660053
v -0.1440425 0.1146702 -0.0547448
v -0.1402286 0.1121053 -0.0547563
v -0.1460569 0.1132790 -0.0660108
v -0.1440457 0.1146685 0.0562625
v -0.1407458 0.1097173 0.0675265
v -0.1402147 0.1121106 0.0562525
v -0.1460603 0.1132753 0.0675199
v -0.0082444 -0.1283735 -0.0660113
v -0.0136314 -0.1322223 -0.0547472
v -0.0121101 -0.1283252 -0.0547514
v -0.0107920 -0.1348222 -0.0660235
v -0.0363212 0.0216379 -0.0660175
v -0.0388737 0.0269484 -0.0547529
v -0.0361289 0.0255591 -0.0547439
v -0.0419279 0.0244523 -0.0660135
v -0.0388609 0.0269522 0.0562698
v -0.0363052 0.0216329 0.0675291
v -0.0361176 0.0255729 0.0562721
v -0.0419207 0.0244690 0.0675258
v -0.0136429 -0.1322019 0.0562673
v -0.0082357 -0.1283602 0.0675388
v -0.0121090 -0.1283178 0.0562534
v -0.0108042 -0.1348280 0.0675288
v 0.0215464 0.2575237 -0.0547603
v 0.0344967 0.2055401 -0.0660070
v 0.0307044 0.2062855 -0.0547549
v 0.0248320 0.2595169 -0.0660241
v 0.0345078 0.2055397 0.0675403
v 0.0248321 0.2595250 0.0675249
v 0.0215270 0.2575242 0.0562545
v 0.0307188 0.2062714 0.0562575
v 0.1527274 0.1446706 -0.0517318
v 0.1223246 0.1353616 -0.0470024
v 0.1223519 0.1410179 -0.0590237
v 0.1486089 0.1385327 -0.0407348
v 0.1527376 0.1446734 0.0532379
v 0.1223686 0.1410061 0.0605369
v 0.1223209 0.1353724 0.0485222
v 0.1486098 0.1385439 0.0422446
v 0.0200023 0.3210346 -0.0660163
v 0.0246604 0.2858209 -0.0660061
v 0.0178847 0.3197649 -0.0547581
v 0.0222845 0.2864873 -0.0547377
v 0.0246550 0.2858101 0.0675327
v 0.0200085 0.3210324 0.0675234
v 0.0178827 0.3197565 0.0562554
v 0.0222888 0.2864876 0.0562680
v 0.0010668 0.6285435 -0.0296024
v 0.0010769 0.5586571 -0.0296000
v 0.0918478 0.6285367 -0.0296052
v 0.0918331 0.5586653 -0.0295929
v 0.0918416 0.6285326 0.0311090
v 0.0010792 0.5586538 0.0311255
v 0.0010672 0.6285465 0.0311262
v 0.0918509 0.5586557 0.0311129
v 0.1650349 -0.2978658 0.0675297
v 0.2039266 -0.3537224 0.0562744
v 0.1689544 -0.2973509 0.0562711
v 0.2016788 -0.3569734 0.0675304
v 0.1650287 -0.2978561 -0.0660251
v 0.2039138 -0.3537320 -0.0547569
v 0.1997724 -0.3538885 -0.0660052
v 0.2016975 -0.3569778 -0.0660093
v 0.1689446 -0.2973479 -0.0547433
v 0.0428777 -0.5317161 -0.0620246
v 0.0428821 -0.5317033 0.0635226
v 0.0428461 -0.5096621 -0.0620201
v 0.0428556 -0.5096583 0.0635299
v 0.1145093 -0.0676791 0.0675235
v 0.0953035 -0.0163161 0.0675377
v 0.0924072 -0.0188892 0.0562601
v 0.1106313 -0.0676375 0.0562609
v 0.0924127 -0.0188888 -0.0547447
v 0.1145111 -0.0676826 -0.0660149
v 0.1106314 -0.0676246 -0.0547597
v 0.0953131 -0.0163246 -0.0660231
v -0.0627563 0.1005039 0.0675358
v -0.0388744 0.0269477 0.0562614
v -0.0588601 0.0999126 0.0562690
v -0.0419339 0.0244489 0.0675197
v -0.0627723 0.1004981 -0.0660110
v -0.0388625 0.0269664 -0.0547402
v -0.0419211 0.0244527 -0.0660258
v -0.0588610 0.0999050 -0.0547539
v 0.0683329 0.0671333 0.0675175
v 0.0538435 0.1200126 0.0675401
v 0.0507251 0.1177048 0.0562669
v 0.0645002 0.0675123 0.0562651
v 0.0507211 0.1177127 -0.0547565
v 0.0683221 0.0671177 -0.0660152
v 0.0644912 0.0675023 -0.0547605
v 0.0538366 0.1200102 -0.0660090
v 0.1277534 -0.0903809 -0.0660180
v 0.1416647 -0.1230682 -0.0660214
v 0.1260262 -0.0921811 -0.0547535
v 0.1391862 -0.1230619 -0.0547448
v 0.1416674 -0.1230666 0.0675324
v 0.1277391 -0.0903855 0.0675219
v 0.1260477 -0.0921777 0.0562675
v 0.1391994 -0.1230545 0.0562646
v -0.1655148 -0.0441679 0.0440145
v -0.1655001 -0.0441804 -0.0425099
v -0.1716861 -0.0461761 0.0393640
v -0.1581195 -0.0417830 0.0538309
v -0.1716687 -0.0461681 -0.0378327
v -0.1484687 -0.0386699 0.0675295
v -0.1440409 -0.0372338 0.0538282
v -0.1440503 -0.0372480 0.0675321
v -0.1581110 -0.0417972 -0.0523067
v -0.1484734 -0.0386615 -0.0660078
v -0.1440430 -0.0372406 -0.0522993
v -0.1440429 -0.0372489 -0.0660138
v -0.1293552 0.0904282 -0.0547556
v -0.0870760 0.1011653 -0.0660222
v -0.0878462 0.0973855 -0.0547377
v -0.1315309 0.0937289 -0.0660261
v -0.0572240 0.1024885 -0.0547428
v -0.0241579 0.1116728 -0.0660097
v -0.0249248 0.1079102 -0.0547518
v -0.0593928 0.1057875 -0.0660195
v -0.0870727 0.1011659 0.0675309
v -0.1315255 0.0937096 0.0675306
v -0.1293437 0.0904292 0.0562600
v -0.0878489 0.0973665 0.0562687
v -0.0241619 0.1116898 0.0675370
v -0.0593774 0.1057807 0.0675386
v -0.0572183 0.1025047 0.0562682
v -0.0249272 0.1078907 0.0562629
v 0.0479738 0.1237415 0.0675232
v 0.0035214 0.1163030 0.0675262
v 0.0056897 0.1130218 0.0562727
v 0.0471960 0.1199669 0.0562650
v -0.0190563 -0.0462768 0.0675248
v 0.0113364 -0.1173134 0.0562690
v -0.0151364 -0.0465009 0.0562550
v 0.0085243 -0.1200676 0.0675205
v -0.0190762 -0.0462805 -0.0660179
v 0.0113474 -0.1173064 -0.0547516
v 0.0085298 -0.1200703 -0.0660259
v -0.0151197 -0.0465046 -0.0547397
v 0.0056922 0.1130117 -0.0547424
v 0.0479748 0.1237529 -0.0660036
v 0.0471978 0.1199576 -0.0547439
v 0.0035300 0.1163181 -0.0660049
v -0.0930584 0.2506698 0.0675382
v -0.0758813 0.1752010 0.0562663
v -0.0892246 0.2497345 0.0562738
v -0.0758968 0.1752095 0.0562615
v -0.0930539 0.2506790 0.0675270
v -0.0791542 0.1730094 0.0675261
v -0.0930407 0.2506575 -0.0660149
v -0.0758936 0.1752136 -0.0547554
v -0.0791450 0.1730060 -0.0660145
v -0.0758996 0.1752189 -0.0547521
v -0.0930519 0.2506621 -0.0660101
v -0.0892211 0.2497382 -0.0547542
v 0.0434437 0.1808147 -0.0660120
v 0.0512750 0.1461824 -0.0660177
v 0.0414503 0.1793543 -0.0547554
v 0.0488452 0.1466348 -0.0547430
v 0.0512842 0.1461669 0.0675338
v 0.0434432 0.1808113 0.0675333
v 0.0414428 0.1793553 0.0562692
v 0.0488454 0.1466286 0.0562718
v 0.0944610 0.2685374 0.0486322
v 0.0901234 0.2683575 0.0619954
v 0.0926591 0.2663309 0.0491370
v 0.0948839 0.2742251 0.0606289
v 0.0926582 0.2663389 -0.0476262
v 0.0901111 0.2683599 -0.0604800
v 0.0944525 0.2685382 -0.0471123
v 0.0948896 0.2742369 -0.0591128
v 0.0794690 0.0432993 -0.0660265
v 0.0903903 0.0095042 -0.0660243
v 0.0776238 0.0416722 -0.0547534
v 0.0879276 0.0097435 -0.0547577
v 0.0904061 0.0095113 0.0675318
v 0.0794847 0.0433095 0.0675237
v 0.0776099 0.0416673 0.0562586
v 0.0879424 0.0097378 0.0562702
v -0.0114135 0.6285250 0.0517054
v -0.2648677 0.5586508 0.0517201
v -0.2648796 0.6285413 0.0517121
v -0.0114239 0.5586464 0.0517069
v -0.0114225 0.6285350 -0.0502071
v -0.2648811 0.6285397 -0.0502104
v -0.2648696 0.5586626 -0.0502040
v -0.0114241 0.5586486 -0.0501975
v 0.0875863 0.0043624 -0.0660035
v -0.0975523 -0.0441088 -0.0660170
v 0.0860567 0.0062937 -0.0547471
v -0.0972425 -0.0416928 -0.0547588
v -0.0975391 -0.0441176 0.0675260
v 0.0875691 0.0043527 0.0675183
v 0.0860536 0.0063024 0.0562599
v -0.0972462 -0.0416854 0.0562591
v 0.0479671 0.1237523 -0.0660253
v 0.0507184 0.1177094 -0.0547581
v 0.0472016 0.1199707 -0.0547383
v 0.0538419 0.1199966 -0.0660054
v 0.0479801 0.1237414 0.0675205
v 0.0507211 0.1177020 0.0562545
v 0.0538414 0.1200076 0.0675217
v 0.0471956 0.1199581 0.0562734
v -0.1171972 0.2535295 0.0675316
v -0.1150062 0.2472662 0.0562566
v -0.1117031 0.2492569 0.0675237
v -0.1183044 0.2498436 0.0562665
v -0.1172034 0.2535217 -0.0660230
v -0.1150050 0.2472642 -0.0547433
v -0.1183129 0.2498363 -0.0547465
v -0.1116955 0.2492761 -0.0660115
v -0.1026229 -0.0250200 -0.0547471
v -0.1070456 -0.0290029 -0.0660140
v -0.1043095 -0.0232256 -0.0660077
v -0.1046015 -0.0291681 -0.0547502
v -0.1026231 -0.0250280 0.0562738
v -0.1070538 -0.0290108 0.0675270
v -0.1046071 -0.0291737 0.0562630
v -0.1043135 -0.0232277 0.0675198
v 0.0376619 -0.1884509 -0.0660201
v 0.0742771 -0.2564625 -0.0547560
v 0.0717143 -0.2594612 -0.0660096
v 0.0415882 -0.1883372 -0.0547430
v 0.0376557 -0.1884699 0.0675210
v 0.0742753 -0.2564452 0.0562739
v 0.0415809 -0.1883556 0.0562611
v 0.0717302 -0.2594439 0.0675210
v 0.1697848 0.1042540 0.0511494
v 0.1593211 0.0996827 0.0416355
v 0.1660337 0.0963357 0.0525620
v 0.1614134 0.1040990 0.0408180
v 0.1698027 0.1042467 -0.0496302
v 0.1593206 0.0996978 -0.0401076
v 0.1614226 0.1040863 -0.0393163
v 0.1660376 0.0963376 -0.0510481
v -0.1098161 0.3918770 0.0675309
v -0.0996788 0.3262409 0.0562685
v -0.1060957 0.3908504 0.0562698
v -0.1031049 0.3243065 0.0675248
v -0.1098121 0.3918700 -0.0660214
v -0.0996782 0.3262360 -0.0547453
v -0.1031063 0.3243110 -0.0660120
v -0.1060986 0.3908562 -0.0547420
v -0.0588666 0.0999080 -0.0547532
v -0.0627759 0.1004933 -0.0660212
v -0.0572119 0.1025024 -0.0547602
v -0.0593854 0.1057817 -0.0660085
v -0.0572189 0.1025027 0.0562720
v -0.0627774 0.1004857 0.0675305
v -0.0588623 0.0999024 0.0562584
v -0.0593853 0.1057780 0.0675289
v 0.0435488 -0.1039366 0.0562594
v 0.0489507 -0.1000846 0.0675219
v 0.0450865 -0.1000622 0.0562735
v 0.0463757 -0.1065474 0.0675235
v 0.0489496 -0.1000799 -0.0660258
v 0.0435302 -0.1039499 -0.0547378
v 0.0450749 -0.1000591 -0.0547594
v 0.0463724 -0.1065525 -0.0660174
v 0.0903901 0.0095194 -0.0660204
v 0.0860550 0.0062995 -0.0547456
v 0.0879255 0.0097531 -0.0547563
v 0.0875885 0.0043616 -0.0660163
v 0.0860592 0.0063040 0.0562635
v 0.0903991 0.0095048 0.0675324
v 0.0879466 0.0097372 0.0562690
v 0.0875750 0.0043627 0.0675359
v 0.1187786 0.3764227 0.0519203
v 0.1156076 0.4131538 0.0519422
v 0.1077840 0.4104642 0.0415175
v 0.1105993 0.3777071 0.0415247
v 0.1077888 0.4104690 -0.0400166
v 0.1187563 0.3764117 -0.0504110
v 0.1105951 0.3777042 -0.0400154
v 0.1155969 0.4131446 -0.0504261
v -0.1070820 0.0005523 0.0562547
v -0.1045274 -0.0047695 0.0675366
v -0.1043256 -0.0008361 0.0562584
v -0.1101243 -0.0019303 0.0675387
v -0.1045214 -0.0047724 -0.0660049
v -0.1070880 0.0005528 -0.0547465
v -0.1043301 -0.0008309 -0.0547428
v -0.1101333 -0.0019308 -0.0660144
v 0.2657096 -0.1431325 0.0519392
v 0.2497572 -0.1098903 0.0519284
v 0.2433870 -0.1151750 0.0415301
v 0.2576024 -0.1448052 0.0415239
v 0.2433723 -0.1151630 -0.0400223
v 0.2657013 -0.1431403 -0.0504201
v 0.2576067 -0.1448021 -0.0400178
v 0.2497479 -0.1099103 -0.0504079
v 0.3049230 -0.2172588 -0.0512395
v 0.3238481 -0.2489087 -0.0520824
v 0.3023079 -0.2205545 -0.0424622
v 0.3196111 -0.2495706 -0.0429606
v 0.1001463 0.6285325 0.0222126
v 0.0918399 0.5586506 0.0311181
v 0.0918320 0.6285321 0.0311112
v 0.1001305 0.5586622 0.0222112
v 0.1001343 0.5586649 -0.0206848
v 0.1001265 0.6285347 -0.0206941
v 0.0918401 0.5586477 -0.0296144
v 0.0918429 0.6285346 -0.0295992
v 0.0685085 -0.0890434 0.0562523
v 0.0715485 -0.0941100 0.0675178
v 0.0713869 -0.0901823 0.0562721
v 0.0657062 -0.0918073 0.0675386
v 0.0715488 -0.0941241 -0.0660098
v 0.0685130 -0.0890312 -0.0547601
v 0.0713768 -0.0901822 -0.0547475
v 0.0657124 -0.0917925 -0.0660057
v -0.2106783 0.0949729 -0.0378497
v -0.1965050 0.0982485 -0.0523062
v -0.2040791 0.0965453 -0.0424993
v -0.2040889 0.0965255 0.0440230
v -0.1869246 0.1004014 -0.0660144
v -0.1820807 0.1015006 -0.0523055
v -0.1820749 0.1015058 -0.0660255
v -0.2106870 0.0949834 0.0393621
v -0.1965214 0.0982501 0.0538291
v -0.1869035 0.1004049 0.0675378
v -0.1820923 0.1015147 0.0538280
v -0.1820826 0.1015043 0.0675336
v 0.1527276 0.1446788 0.0532418
v 0.1527022 0.1357853 0.0413986
v 0.1600060 0.1397919 0.0517450
v 0.1485996 0.1385446 0.0422373
v 0.1600108 0.1398007 -0.0502150
v 0.1526906 0.1357960 -0.0398790
v 0.1527292 0.1446710 -0.0517176
v 0.1485948 0.1385260 -0.0407294
v 0.1073057 -0.3247380 -0.0660136
v 0.1532263 -0.3911177 -0.0547469
v 0.1487476 -0.3907412 -0.0660219
v 0.1510060 -0.3943759 -0.0660182
v 0.1112347 -0.3241860 -0.0547376
v 0.1073184 -0.3247341 0.0675365
v 0.1532246 -0.3911176 0.0562636
v 0.1112442 -0.3241939 0.0562564
v 0.1510075 -0.3943595 0.0675364
v 0.1388261 0.2333343 0.0519254
v 0.1323345 0.2696220 0.0519291
v 0.1247962 0.2662464 0.0415380
v 0.1305828 0.2338724 0.0415277
v 0.1247914 0.2662552 -0.0400255
v 0.1388163 0.2333387 -0.0504162
v 0.1305682 0.2338680 -0.0400182
v 0.1323432 0.2696070 -0.0504226
v 0.3110362 -0.2173297 0.0418786
v 0.3312012 -0.2433325 0.0513531
v 0.3136717 -0.2140150 0.0505601
v 0.3269839 -0.2440085 0.0424155
v -0.0535855 0.2583047 0.0675180
v -0.0513924 0.2520541 0.0562692
v -0.0480939 0.2540372 0.0675402
v -0.0546978 0.2546185 0.0562624
v -0.0535960 0.2583118 -0.0660108
v -0.0514029 0.2520515 -0.0547589
v -0.0546954 0.2546117 -0.0547463
v -0.0481076 0.2540374 -0.0660155
v 0.2121643 -0.0215894 0.0517338
v 0.1993135 0.0129432 0.0511473
v 0.1924233 0.0081631 0.0408326
v 0.2039012 -0.0226182 0.0413774
v 0.1924138 0.0081678 -0.0393105
v 0.2121750 -0.0215987 -0.0502291
v 0.2038959 -0.0226300 -0.0398801
v 0.1993088 0.0129407 -0.0496341
v 0.1697980 0.1042445 0.0511373
v 0.1600073 0.1398011 0.0517403
v 0.1527064 0.1357869 0.0413861
v 0.1614230 0.1040993 0.0408358
v 0.1526980 0.1357915 -0.0398705
v 0.1697836 0.1042453 -0.0496442
v 0.1614122 0.1040947 -0.0393085
v 0.1600071 0.1397894 -0.0502270
v -0.1455948 0.1311247 -0.0660205
v 0.0383903 0.1838151 -0.0660107
v -0.1440833 0.1291922 -0.0547428
v 0.0380717 0.1813518 -0.0547512
v 0.0383912 0.1838065 0.0675218
v -0.1455782 0.1311464 0.0675400
v -0.1440999 0.1292073 0.0562671
v 0.0380673 0.1813547 0.0562626
v -0.1349123 0.0884354 0.0675311
v -0.1070874 0.0005543 0.0562621
v -0.1310001 0.0878427 0.0562633
v -0.1101312 -0.0019293 0.0675183
v -0.1349024 0.0884201 -0.0660176
v -0.1070795 0.0005609 -0.0547559
v -0.1101381 -0.0019254 -0.0660172
v -0.1310120 0.0878435 -0.0547537
v 0.0557632 -0.2692191 -0.0660241
v 0.0507422 -0.2735292 -0.0547493
v 0.0519139 -0.2695300 -0.0547448
v 0.0537972 -0.2758801 -0.0660205
v 0.0507423 -0.2735332 0.0562700
v 0.0557669 -0.2692130 0.0675313
v 0.0519106 -0.2695214 0.0562579
v 0.0537890 -0.2758896 0.0675193
v -0.0898181 -0.0647902 0.0675289
v -0.0542298 -0.1497318 0.0562630
v -0.0858832 -0.0650365 0.0562606
v -0.0570449 -0.1524846 0.0675322
v -0.0898120 -0.0647951 -0.0660159
v -0.0542299 -0.1497360 -0.0547448
v -0.0570450 -0.1524815 -0.0660204
v -0.0858886 -0.0650436 -0.0547495
v 0.0383741 0.1838170 -0.0660124
v 0.0414517 0.1793707 -0.0547423
v 0.0380700 0.1813564 -0.0547459
v 0.0434440 0.1808138 -0.0660076
v 0.0414330 0.1793657 0.0562651
v 0.0383915 0.1838260 0.0675330
v 0.0380641 0.1813519 0.0562529
v 0.0434480 0.1808077 0.0675312
v -0.1373564 -0.1219931 -0.0425066
v -0.1437122 -0.1243630 0.0393513
v -0.1373610 -0.1219953 0.0440223
v -0.1301067 -0.1192758 0.0538125
v -0.1437172 -0.1243609 -0.0378411
v -0.1208748 -0.1158318 0.0675377
v -0.1162535 -0.1140996 0.0538207
v -0.1162596 -0.1141137 0.0675262
v -0.1300890 -0.1192702 -0.0523168
v -0.1208776 -0.1158340 -0.0660164
v -0.1162679 -0.1141029 -0.0523143
v -0.1162635 -0.1141144 -0.0660103
v -0.1659786 0.2451952 -0.0660199
v -0.1462072 0.1550757 -0.0547580
v -0.1494787 0.1528636 -0.0660147
v -0.1462091 0.1550839 -0.0547568
v -0.1659835 0.2451857 -0.0660179
v -0.1621622 0.2442444 -0.0547494
v -0.1659952 0.2451999 0.0675337
v -0.1462088 0.1550752 0.0562574
v -0.1621465 0.2442547 0.0562678
v -0.1461914 0.1550863 0.0562721
v -0.1659737 0.2451840 0.0675205
v -0.1494609 0.1528634 0.0675236
v -0.1310056 0.0878312 -0.0547577
v -0.1348948 0.0884243 -0.0660068
v -0.1293433 0.0904379 -0.0547493
v -0.1315216 0.0937221 -0.0660230
v 0.1145113 -0.0676671 -0.0660257
v 0.1090968 -0.0715266 -0.0547458
v 0.1106523 -0.0676461 -0.0547479
v 0.1119379 -0.0741357 -0.0660117
v 0.1091047 -0.0715154 0.0562641
v 0.1145088 -0.0676823 0.0675378
v 0.1106521 -0.0676391 0.0562619
v 0.1119405 -0.0741282 0.0675236
v -0.1293595 0.0904390 0.0562744
v -0.1349127 0.0884353 0.0675311
v -0.1310120 0.0878422 0.0562693
v -0.1315133 0.0937157 0.0675351
v 0.2021955 -0.0272489 -0.0407217
v 0.1823586 -0.0446152 -0.0590193
v 0.1790279 -0.0400487 -0.0470046
v 0.2091272 -0.0297978 -0.0517399
v 0.2022007 -0.0272546 0.0422404
v 0.1790381 -0.0400599 0.0485180
v 0.1823747 -0.0446177 0.0605364
v 0.2091343 -0.0298067 0.0532495
v -0.1070432 -0.0290110 -0.0660215
v -0.1046073 -0.0291727 -0.0547532
v -0.1012732 -0.0394887 -0.0547424
v -0.1031528 -0.0410361 -0.0660249
v -0.1070462 -0.0290007 0.0675291
v -0.1012809 -0.0394908 0.0562697
v -0.1046156 -0.0291637 0.0562703
v -0.1031529 -0.0410334 0.0675337
v -0.0975509 -0.0441202 -0.0660059
v -0.1012713 -0.0394779 -0.0547379
v -0.0972328 -0.0416939 -0.0547580
v -0.1031548 -0.0410426 -0.0660056
v -0.1012644 -0.0394796 0.0562698
v -0.0975474 -0.0441160 0.0675272
v -0.0972369 -0.0416858 0.0562526
v -0.1031534 -0.0410455 0.0675301
v 0.2380051 -0.1687699 -0.0591102
v 0.2315973 -0.1636552 -0.0476250
v 0.2343536 -0.1644021 -0.0471116
v 0.2307087 -0.1667863 -0.0604881
v 0.2316139 -0.1636589 0.0491482
v 0.2380203 -0.1687572 0.0606320
v 0.2343537 -0.1643923 0.0486155
v 0.2307201 -0.1667999 0.0620082
v -0.1488525 0.1256211 -0.0660145
v -0.1464198 0.1252506 -0.0547452
v -0.1440456 0.1146690 -0.0547545
v -0.1460608 0.1132767 -0.0660185
v -0.1488332 0.1256206 0.0675366
v -0.1440296 0.1146597 0.0562579
v -0.1464207 0.1252470 0.0562710
v -0.1460478 0.1132916 0.0675277
v -0.0311395 -0.2132605 -0.0660224
v 0.0118771 -0.2946130 -0.0547413
v 0.0093272 -0.2976056 -0.0660118
v -0.0272220 -0.2131567 -0.0547502
v -0.0311542 -0.2132666 0.0675347
v 0.0118817 -0.2946078 0.0562666
v -0.0272209 -0.2131422 0.0562574
v 0.0093291 -0.2976105 0.0675228
v -0.0256153 0.2545066 -0.0547407
v -0.0294312 0.2554456 -0.0660221
v -0.0237387 0.2569354 -0.0547407
v -0.0255960 0.2604144 -0.0660044
v -0.0237389 0.2569489 0.0562745
v -0.0294446 0.2554547 0.0675405
v -0.0256020 0.2545139 0.0562570
v -0.0255888 0.2604056 0.0675311
v -0.1819982 0.3762987 0.0675231
v -0.1716382 0.3125570 0.0562599
v -0.1782514 0.3753027 0.0562741
v -0.1750709 0.3106118 0.0675339
v -0.1819930 0.3762941 -0.0660152
v -0.1716543 0.3125543 -0.0547521
v -0.1750605 0.3106102 -0.0660057
v -0.1782653 0.3753128 -0.0547434
v 0.0435388 -0.1039363 -0.0547447
v 0.0143593 -0.1223785 -0.0660081
v 0.0142027 -0.1184441 -0.0547545
v 0.0463794 -0.1065544 -0.0660141
v -0.0136393 -0.1322095 -0.0547490
v -0.0511825 -0.1548050 -0.0660093
v -0.0513592 -0.1508626 -0.0547465
v -0.0107964 -0.1348274 -0.0660125
v 0.0143759 -0.1223763 0.0675269
v 0.0463704 -0.1065498 0.0675379
v 0.0435429 -0.1039296 0.0562535
v 0.0142143 -0.1184566 0.0562736
v -0.0511867 -0.1548007 0.0675304
v -0.0108122 -0.1348200 0.0675240
v -0.0136429 -0.1322140 0.0562516
v -0.0513720 -0.1508634 0.0562668
v 0.0715297 -0.0941200 0.0675316
v 0.1119470 -0.0741373 0.0675259
v 0.1091058 -0.0715290 0.0562622
v 0.0713686 -0.0901807 0.0562547
v 0.1090955 -0.0715334 -0.0547374
v 0.0715471 -0.0941050 -0.0660161
v 0.0713887 -0.0901750 -0.0547490
v 0.1119354 -0.0741327 -0.0660052
v -0.0515240 -0.1791708 -0.0660182
v -0.0490920 -0.1791007 -0.0547408
v -0.0448423 -0.1890853 -0.0547515
v -0.0465649 -0.1908120 -0.0660237
v -0.0515375 -0.1791633 0.0675313
v -0.0448412 -0.1890820 0.0562601
v -0.0490790 -0.1791095 0.0562740
v -0.0465705 -0.1908226 0.0675181
v 0.0113356 -0.1173179 0.0562528
v 0.0143714 -0.1223936 0.0675386
v 0.0142098 -0.1184435 0.0562619
v 0.0085106 -0.1200716 0.0675226
v 0.0143647 -0.1223770 -0.0660136
v 0.0113285 -0.1173095 -0.0547577
v 0.0142012 -0.1184449 -0.0547408
v 0.0085185 -0.1200695 -0.0660228
v -0.1764928 0.2834937 -0.0660241
v -0.1741329 0.2829088 -0.0547402
v -0.1727083 0.2721495 -0.0547406
v -0.1748435 0.2709567 -0.0660099
v -0.1764975 0.2834932 0.0675331
v -0.1727029 0.2721537 0.0562600
v -0.1741175 0.2829017 0.0562541
v -0.1748380 0.2709592 0.0675226
v 0.0193358 0.2637768 -0.0660140
v 0.0215373 0.2575242 -0.0547553
v 0.0182243 0.2600887 -0.0547378
v 0.0248461 0.2595360 -0.0660057
v 0.0193307 0.2637878 0.0675279
v 0.0215288 0.2575357 0.0562718
v 0.0248343 0.2595322 0.0675184
v 0.0182365 0.2600873 0.0562585
v -0.1419391 0.4857521 -0.0660223
v -0.1395227 0.4755428 -0.0555611
v -0.1442299 0.4802418 -0.0555453
v -0.1340210 0.4778293 -0.0660178
v -0.1419337 0.4857591 0.0675188
v -0.1395088 0.4755497 0.0570638
v -0.1340079 0.4778194 0.0675257
v -0.1442304 0.4802296 0.0570656
v 0.1101927 -0.2359282 -0.0660164
v 0.1051543 -0.2402437 -0.0547556
v 0.1063460 -0.2362312 -0.0547394
v 0.1082214 -0.2425949 -0.0660085
v 0.1051557 -0.2402588 0.0562642
v 0.1101884 -0.2359431 0.0675265
v 0.1063397 -0.2362361 0.0562530
v 0.1082129 -0.2426136 0.0675264
v 0.2121825 -0.0215917 -0.0502199
v 0.2022027 -0.0272471 -0.0407275
v 0.2039018 -0.0226230 -0.0398739
v 0.2091278 -0.0298091 -0.0517372
v 0.2021947 -0.0272540 0.0422446
v 0.2121682 -0.0215901 0.0517485
v 0.2038928 -0.0226334 0.0413801
v 0.2091383 -0.0298178 0.0532460
v -0.2249868 0.1636187 -0.0378431
v -0.2107704 0.1667112 -0.0523098
v -0.2183326 0.1649313 -0.0425022
v -0.2183273 0.1649364 0.0440152
v -0.2011741 0.1688768 -0.0660048
v -0.1952752 0.1701985 -0.0523157
v -0.1952753 0.1701954 -0.0660211
v -0.2249731 0.1636261 0.0393653
v -0.2107710 0.1667192 0.0538254
v -0.2011620 0.1688917 0.0675262
v -0.1952836 0.1701802 0.0538318
v -0.1952720 0.1701909 0.0675354
v 0.0171979 -0.3236797 -0.0660169
v 0.0196405 -0.3234057 -0.0547595
v 0.0247543 -0.3329731 -0.0547522
v 0.0231905 -0.3348361 -0.0660045
v 0.0172035 -0.3236981 0.0675188
v 0.0247514 -0.3329772 0.0562655
v 0.0196296 -0.3234059 0.0562557
v 0.0231750 -0.3348423 0.0675277
v -0.1440966 0.1291964 -0.0547529
v -0.1488415 0.1256239 -0.0660208
v -0.1455936 0.1311318 -0.0660185
v -0.1464152 0.1252474 -0.0547383
v -0.1440775 0.1291933 0.0562584
v -0.1455766 0.1311366 0.0675300
v -0.1488358 0.1256388 0.0675185
v -0.1464271 0.1252482 0.0562646
v -0.1315459 0.3859537 0.0562692
v -0.1331624 0.3915916 0.0675222
v -0.1339817 0.3877328 0.0562719
v -0.1281349 0.3879221 0.0675224
v -0.1331670 0.3915869 -0.0660111
v -0.1315568 0.3859511 -0.0547505
v -0.1339929 0.3877338 -0.0547427
v -0.1281323 0.3879126 -0.0660196
v 0.1255500 0.2751322 0.0533135
v 0.0948818 0.2742234 0.0606282
v 0.0944676 0.2685515 0.0486278
v 0.1209940 0.2693369 0.0423035
v 0.1255499 0.2751337 -0.0517867
v 0.0944481 0.2685374 -0.0471061
v 0.0948790 0.2742258 -0.0591142
v 0.1209766 0.2693383 -0.0407867
v 0.0410944 -0.3555667 0.0675254
v 0.0950607 -0.4340669 0.0562639
v 0.0450114 -0.3549994 0.0562664
v 0.0928423 -0.4372967 0.0675177
v 0.0410835 -0.3555555 -0.0660264
v 0.0950458 -0.4340560 -0.0547541
v 0.0928455 -0.4373037 -0.0660136
v 0.0450157 -0.3550011 -0.0547565
v -0.2132335 0.4778307 0.0675233
v -0.2077296 0.4463126 0.0570750
v -0.2077291 0.4755324 0.0570655
v -0.2132282 0.4440188 0.0675295
v -0.2132229 0.4440344 -0.0660139
v -0.2132454 0.4778222 -0.0660256
v -0.2077153 0.4755357 -0.0555481
v -0.2077358 0.4462975 -0.0555401
v 0.0758464 0.4132136 -0.0476143
v 0.0734807 0.4154489 -0.0604817
v 0.0778587 0.4152765 -0.0471025
v 0.0787637 0.4208891 -0.0591065
v 0.0778407 0.4152965 0.0486040
v 0.0734697 0.4154457 0.0619985
v 0.0758397 0.4131986 0.0491382
v 0.0787522 0.4208938 0.0606101
v -0.0892199 0.2497193 -0.0547551
v -0.0930430 0.2506750 -0.0660126
v -0.0873396 0.2521535 -0.0547414
v -0.0892068 0.2556329 -0.0660127
v -0.0873329 0.2521591 0.0562624
v -0.0930409 0.2506647 0.0675394
v -0.0892340 0.2497336 0.0562527
v -0.0892011 0.2556411 0.0675345
v 0.1416576 -0.1230806 -0.0660168
v 0.1376098 -0.1266611 -0.0547455
v 0.1391817 -0.1230535 -0.0547572
v 0.1393212 -0.1284657 -0.0660134
v 0.1376104 -0.1266669 0.0562526
v 0.1416725 -0.1230619 0.0675309
v 0.1391869 -0.1230588 0.0562661
v 0.1393193 -0.1284618 0.0675211
v 0.1323427 0.2696191 -0.0504210
v 0.1247785 0.2662496 -0.0400147
v 0.1255306 0.2751413 -0.0517923
v 0.1209853 0.2693236 -0.0407846
v 0.1255458 0.2751370 0.0533036
v 0.1247894 0.2662518 0.0415394
v 0.1323216 0.2696125 0.0519236
v 0.1209914 0.2693334 0.0422980
v -0.1602734 0.2466845 -0.0547398
v -0.1171959 0.2535226 -0.0660123
v -0.1183068 0.2498418 -0.0547571
v -0.1621429 0.2501564 -0.0660084
v -0.0237179 0.2569282 -0.0547462
v 0.0193515 0.2637866 -0.0660093
v 0.0182446 0.2600965 -0.0547538
v -0.0256000 0.2604198 -0.0660129
v -0.0873377 0.2521510 -0.0547402
v -0.0535981 0.2582958 -0.0660103
v -0.0546946 0.2546159 -0.0547589
v -0.0892093 0.2556248 -0.0660248
v -0.1171867 0.2535348 0.0675388
v -0.1621511 0.2501456 0.0675290
v -0.1602632 0.2466802 0.0562764
v -0.1183129 0.2498432 0.0562688
v 0.0193389 0.2637942 0.0675303
v -0.0255920 0.2604147 0.0675293
v -0.0237185 0.2569385 0.0562529
v 0.0182357 0.2600909 0.0562670
v -0.0535986 0.2583053 0.0675360
v -0.0892029 0.2556340 0.0675367
v -0.0873264 0.2521549 0.0562642
v -0.0547123 0.2546006 0.0562685
v 0.1314527 -0.4101378 0.0562565
v 0.1359996 -0.4054472 0.0675309
v 0.1321965 -0.4061619 0.0562530
v 0.1347202 -0.4121998 0.0675377
v 0.1360004 -0.4054515 -0.0660090
v 0.1314455 -0.4101533 -0.0547524
v 0.1321905 -0.4061680 -0.0547481
v 0.1347180 -0.4121965 -0.0660162
v -0.0511938 -0.1548144 -0.0660114
v -0.0542193 -0.1497191 -0.0547590
v -0.0513509 -0.1508537 -0.0547596
v -0.0570469 -0.1524975 -0.0660243
v -0.0542188 -0.1497372 0.0562597
v -0.0511957 -0.1548021 0.0675335
v -0.0513677 -0.1508528 0.0562647
v -0.0570321 -0.1525005 0.0675245
v -0.0876468 -0.1907037 -0.0522997
v -0.0876374 -0.1906969 -0.0660147
v -0.0921937 -0.1926316 -0.0660048
v -0.1012318 -0.1964776 -0.0523083
v -0.1146185 -0.2021908 -0.0378482
v -0.1083668 -0.1995345 -0.0424931
v -0.1146202 -0.2021900 0.0393515
v -0.1083729 -0.1995282 0.0440186
v -0.1012459 -0.1964899 0.0538191
v -0.0921842 -0.1926245 0.0675293
v -0.0876443 -0.1906933 0.0538212
v -0.0876306 -0.1907044 0.0675219
v 0.1675376 -0.2020863 0.0562588
v 0.1725785 -0.1977788 0.0675354
v 0.1687235 -0.1980951 0.0562544
v 0.1706180 -0.2044452 0.0675299
v 0.1725917 -0.1977811 -0.0660213
v 0.1675477 -0.2020965 -0.0547444
v 0.1687431 -0.1980789 -0.0547468
v 0.1706204 -0.2044370 -0.0660146
v 0.1393051 -0.1284598 -0.0660238
v -0.0406965 -0.1933620 -0.0660260
v 0.1376074 -0.1266627 -0.0547387
v -0.0406271 -0.1909338 -0.0547459
v -0.0406916 -0.1933677 0.0675296
v 0.1393134 -0.1284505 0.0675397
v 0.1376150 -0.1266565 0.0562656
v -0.0406341 -0.1909279 0.0562627
v -0.0701378 0.4051992 -0.0660091
v -0.0685567 0.3995627 -0.0547479
v -0.0709553 0.4013258 -0.0547531
v -0.0651246 0.4015101 -0.0660135
v -0.0685542 0.3995550 0.0562630
v -0.0701218 0.4051849 0.0675318
v -0.0709556 0.4013177 0.0562515
v -0.0651062 0.4015166 0.0675174
v 0.0152416 0.3244791 -0.0660122
v 0.0178654 0.3197695 -0.0547586
v 0.0146830 0.3220618 -0.0547424
v 0.0200147 0.3210392 -0.0660231
v 0.0178847 0.3197509 0.0562720
v 0.0152375 0.3244870 0.0675296
v 0.0146950 0.3220686 0.0562640
v 0.0200024 0.3210236 0.0675337
v 0.1321744 -0.2279570 -0.0660239
v 0.1287083 -0.2231644 -0.0547390
v 0.1316465 -0.2240542 -0.0547568
v 0.1261444 -0.2261671 -0.0660039
v 0.1287112 -0.2231836 0.0562641
v 0.1321584 -0.2279575 0.0675289
v 0.1316605 -0.2240486 0.0562632
v 0.1261497 -0.2261742 0.0675382
v 0.2977223 -0.2758696 0.0619455
v 0.2966702 -0.2715828 0.0514307
v 0.2926100 -0.2707769 0.0520925
v 0.2901583 -0.2743851 0.0629861
v 0.2977215 -0.2758660 -0.0604255
v 0.2926173 -0.2707889 -0.0505851
v 0.2966709 -0.2715702 -0.0499322
v 0.2901424 -0.2743846 -0.0614877
v 0.1866755 -0.3680543 -0.0660136
v 0.1820995 -0.3727518 -0.0547494
v 0.1828622 -0.3687492 -0.0547548
v 0.1853625 -0.3748235 -0.0660231
v 0.1821079 -0.3727543 0.0562607
v 0.1866777 -0.3680605 0.0675342
v 0.1828592 -0.3687659 0.0562529
v 0.1853659 -0.3748165 0.0675403
v -0.0405643 0.4078738 0.0562587
v -0.0467881 0.4054566 0.0675196
v -0.0430787 0.4044411 0.0562584
v -0.0426622 0.4111123 0.0675278
v -0.0430936 0.4044421 -0.0547527
v -0.0467993 0.4054535 -0.0660191
v -0.0405527 0.4078742 -0.0547505
v -0.0426517 0.4111266 -0.0660247
v -0.1621457 0.2442522 -0.0547527
v -0.1659865 0.2451945 -0.0660242
v -0.1602796 0.2466698 -0.0547579
v -0.1621484 0.2501635 -0.0660135
v -0.1602639 0.2466749 0.0562725
v -0.1659881 0.2451824 0.0675373
v -0.1621660 0.2442577 0.0562607
v -0.1621433 0.2501482 0.0675287
v -0.2147277 0.2374855 0.0675360
v -0.2385346 0.2321845 0.0393665
v -0.2243384 0.2353420 0.0538235
v -0.2075955 0.2390703 0.0538151
v -0.2076028 0.2390722 0.0675267
v -0.2318743 0.2334828 0.0440153
v -0.2318864 0.2334892 -0.0424920
v -0.2385395 0.2321795 -0.0378510
v -0.2243281 0.2353438 -0.0522993
v -0.2147395 0.2374786 -0.0660055
v -0.2076021 0.2390727 -0.0523105
v -0.2075976 0.2390670 -0.0660239
v 0.2656970 -0.1431397 0.0519234
v 0.2563315 -0.1495387 0.0422935
v 0.2634037 -0.1515757 0.0533104
v 0.2576163 -0.1448006 0.0415171
v 0.2657099 -0.1431408 -0.0504126
v 0.2563305 -0.1495355 -0.0407818
v 0.2575959 -0.1448124 -0.0400203
v 0.2634225 -0.1515912 -0.0517859
v -0.0407134 -0.1933767 -0.0660204
v -0.0448387 -0.1890990 -0.0547602
v -0.0406367 -0.1909316 -0.0547385
v -0.0465806 -0.1908032 -0.0660257
v -0.0448487 -0.1890967 0.0562699
v -0.0407064 -0.1933632 0.0675250
v -0.0406159 -0.1909165 0.0562669
v -0.0465813 -0.1908079 0.0675387
v -0.1727466 0.2886818 -0.0660085
v 0.0152353 0.3244711 -0.0660156
v -0.1714440 0.2866334 -0.0547384
v 0.0146990 0.3220560 -0.0547476
v 0.0152309 0.3244816 0.0675298
v -0.1727574 0.2886803 0.0675307
v -0.1714450 0.2866146 0.0562660
v 0.0146919 0.3220659 0.0562676
v 0.0777605 -0.2612401 -0.0660092
v 0.0742903 -0.2564627 -0.0547595
v 0.0772369 -0.2573277 -0.0547592
v 0.0717177 -0.2594429 -0.0660085
v 0.0742792 -0.2564573 0.0562604
v 0.0777523 -0.2612447 0.0675349
v 0.0772235 -0.2573188 0.0562621
v 0.0717293 -0.2594497 0.0675313
v 0.2563303 -0.1495382 0.0422891
v 0.2343563 -0.1644086 0.0486293
v 0.2380066 -0.1687547 0.0606272
v 0.2634097 -0.1515794 0.0533128
v 0.2563240 -0.1495241 -0.0407790
v 0.2380206 -0.1687646 -0.0590991
v 0.2343498 -0.1644001 -0.0471210
v 0.2634029 -0.1515907 -0.0517846
v 0.0020722 0.4207563 -0.0660230
v 0.0036181 0.4151543 -0.0547596
v 0.0012338 0.4168948 -0.0547499
v 0.0070736 0.4170738 -0.0660238
v 0.0036062 0.4151440 0.0562663
v 0.0020798 0.4207616 0.0675382
v 0.0012375 0.4168935 0.0562723
v 0.0070720 0.4170714 0.0675378
v -0.0530844 -0.2647304 -0.0523121
v -0.0530869 -0.2647289 -0.0660171
v -0.0575342 -0.2668521 -0.0660123
v -0.0664082 -0.2711015 -0.0523123
v -0.0794961 -0.2774000 -0.0378550
v -0.0733871 -0.2744691 -0.0424985
v -0.0795109 -0.2774019 0.0393563
v -0.0733858 -0.2744711 0.0440054
v -0.0663924 -0.2711204 0.0538281
v -0.0575205 -0.2668611 0.0675254
v -0.0530903 -0.2647314 0.0538267
v -0.0530829 -0.2647271 0.0675292
v 0.1156114 0.4131590 -0.0504178
v 0.1077718 0.4104771 -0.0400076
v 0.1093461 0.4192254 -0.0517845
v 0.1042910 0.4138380 -0.0407702
v 0.1093300 0.4192277 0.0533094
v 0.1077859 0.4104771 0.0415175
v 0.1156128 0.4131550 0.0519317
v 0.1043110 0.4138377 0.0422884
v 0.2045898 -0.2505289 -0.0660211
v 0.2008828 -0.2544538 -0.0547463
v 0.2021280 -0.2507285 -0.0547465
v 0.2027483 -0.2560938 -0.0660090
v 0.2008824 -0.2544548 0.0562598
v 0.2046049 -0.2505132 0.0675242
v 0.2021260 -0.2507366 0.0562681
v 0.2027356 -0.2560966 0.0675179
v -0.1060989 0.3908669 -0.0547461
v -0.1098139 0.3918749 -0.0660085
v -0.1036012 0.3942829 -0.0547479
v -0.1057017 0.3975263 -0.0660120
v -0.1036017 0.3942803 0.0562687
v -0.1098227 0.3918749 0.0675254
v -0.1060995 0.3908678 0.0562643
v -0.1057051 0.3975201 0.0675201
v -0.1714451 0.2866152 -0.0547532
v -0.1764945 0.2835084 -0.0660053
v -0.1727556 0.2886974 -0.0660122
v -0.1741265 0.2829018 -0.0547510
v -0.1714393 0.2866219 0.0562710
v -0.1764929 0.2834883 0.0675212
v -0.1741341 0.2828966 0.0562682
v -0.1727611 0.2886892 0.0675304
v 0.2402477 -0.3298310 0.0562543
v 0.2448451 -0.3251176 0.0675218
v 0.2410536 -0.3257802 0.0562586
v 0.2435229 -0.3318882 0.0675404
v 0.2448587 -0.3251185 -0.0660161
v 0.2402617 -0.3298222 -0.0547410
v 0.2410470 -0.3257960 -0.0547520
v 0.2435207 -0.3318936 -0.0660220
v 0.0507326 -0.2735354 -0.0547480
v 0.0153469 -0.2993944 -0.0660151
v 0.0148447 -0.2954902 -0.0547513
v 0.0537994 -0.2758770 -0.0660164
v 0.1051554 -0.2402401 -0.0547601
v 0.0777563 -0.2612276 -0.0660127
v 0.0772417 -0.2573308 -0.0547529
v 0.1082225 -0.2426076 -0.0660067
v 0.1675567 -0.2020883 -0.0547455
v 0.1321660 -0.2279606 -0.0660102
v 0.1316607 -0.2240449 -0.0547430
v 0.1706094 -0.2044529 -0.0660063
v 0.0777468 -0.2612322 0.0675175
v 0.1082264 -0.2426053 0.0675334
v 0.1051589 -0.2402572 0.0562617
v 0.0772416 -0.2573206 0.0562732
v 0.0153560 -0.2993886 0.0675341
v 0.0537975 -0.2758745 0.0675240
v 0.0507248 -0.2735215 0.0562523
v 0.0148406 -0.2954717 0.0562705
v 0.1321543 -0.2279503 0.0675204
v 0.1706268 -0.2044530 0.0675275
v 0.1675405 -0.2020997 0.0562648
v 0.1316444 -0.2240394 0.0562714
v -0.2648765 0.6285458 0.0517202
v -0.2648697 0.5586625 -0.0502073
v -0.2648670 0.6285351 -0.0501986
v -0.2648727 0.5586481 -0.0501971
v -0.2648793 0.6285390 0.0517165
v -0.2648849 0.5586650 0.0517127
v 0.0118846 -0.2945990 0.0562560
v 0.0153431 -0.2993982 0.0675317
v 0.0148328 -0.2954700 0.0562605
v 0.0093225 -0.2976128 0.0675216
v 0.0153488 -0.2993788 -0.0660219
v 0.0118902 -0.2945977 -0.0547436
v 0.0148371 -0.2954701 -0.0547564
v 0.0093352 -0.2976140 -0.0660123
v 0.0787636 0.4208945 0.0606090
v 0.1042970 0.4138397 0.0422954
v 0.1093409 0.4192349 0.0533032
v 0.0778404 0.4152819 0.0486131
v 0.0787508 0.4209002 -0.0590920
v 0.1093344 0.4192312 -0.0517865
v 0.1043048 0.4138432 -0.0407836
v 0.0778548 0.4152950 -0.0470916
v -0.1782717 0.3753095 -0.0547407
v -0.1819927 0.3762982 -0.0660169
v -0.1757953 0.3787206 -0.0547471
v -0.1778987 0.3819476 -0.0660058
v -0.1757883 0.3787294 0.0562566
v -0.1819844 0.3763100 0.0675264
v -0.1782514 0.3753002 0.0562675
v -0.1779034 0.3819529 0.0675176
v -0.0177299 -0.3383909 0.0538151
v -0.0220256 -0.3407806 0.0675255
v -0.0177281 -0.3383976 0.0675225
v -0.0307571 -0.3453742 0.0538227
v -0.0433742 -0.3525839 0.0393570
v -0.0375866 -0.3490570 0.0440254
v -0.0433826 -0.3525942 -0.0378482
v -0.0375916 -0.3490462 -0.0424970
v -0.0307542 -0.3453772 -0.0523057
v -0.0220225 -0.3407860 -0.0660260
v -0.0177216 -0.3383921 -0.0523110
v -0.0177258 -0.3383951 -0.0660059
v -0.1757829 0.3787314 -0.0547423
v -0.1331729 0.3916028 -0.0660050
v -0.1339835 0.3877411 -0.0547382
v -0.1778934 0.3819633 -0.0660120
v -0.0405615 0.4078842 -0.0547592
v 0.0020727 0.4207551 -0.0660229
v 0.0012379 0.4169021 -0.0547374
v -0.0426455 0.4111229 -0.0660106
v -0.1035998 0.3942973 -0.0547419
v -0.0701324 0.4051931 -0.0660189
v -0.0709517 0.4013255 -0.0547406
v -0.1057093 0.3975303 -0.0660176
v -0.1331686 0.3915982 0.0675347
v -0.1779122 0.3819497 0.0675325
v -0.1757854 0.3787309 0.0562609
v -0.1339931 0.3877278 0.0562656
v 0.0020835 0.4207615 0.0675343
v -0.0426654 0.4111056 0.0675390
v -0.0405560 0.4078749 0.0562704
v 0.0012443 0.4169031 0.0562670
v -0.0701362 0.4051808 0.0675374
v -0.1057046 0.3975304 0.0675334
v -0.1036070 0.3942786 0.0562598
v -0.0709478 0.4013270 0.0562598
v 0.2039254 -0.3537222 0.0562668
v 0.2079348 -0.3581644 0.0675331
v 0.2070558 -0.3543422 0.0562605
v 0.2016871 -0.3569697 0.0675254
v 0.2079346 -0.3581672 -0.0660253
v 0.2039115 -0.3537394 -0.0547496
v 0.2070620 -0.3543289 -0.0547409
v 0.2016851 -0.3569622 -0.0660236
v 0.3238285 -0.2489029 -0.0520665
v 0.3185529 -0.2550226 -0.0438428
v 0.3196243 -0.2495767 -0.0429650
v 0.3221865 -0.2573544 -0.0536011
v 0.3311959 -0.2433410 0.0513338
v 0.3269897 -0.2440021 0.0424005
v 0.3259239 -0.2494468 0.0432936
v 0.3295694 -0.2517958 0.0528896
v 0.2027325 -0.2560959 -0.0660231
v 0.0292626 -0.3368568 -0.0660064
v 0.2008873 -0.2544432 -0.0547416
v 0.0291191 -0.3344169 -0.0547385
v 0.0292526 -0.3368613 0.0675223
v 0.2027323 -0.2561049 0.0675230
v 0.2008851 -0.2544603 0.0562708
v 0.0291067 -0.3344292 0.0562568
v 0.0292533 -0.3368615 -0.0660049
v 0.0247560 -0.3329653 -0.0547482
v 0.0291080 -0.3344173 -0.0547560
v 0.0231908 -0.3348290 -0.0660120
v 0.0247483 -0.3329601 0.0562672
v 0.0292642 -0.3368579 0.0675356
v 0.0291197 -0.3344172 0.0562540
v 0.0231751 -0.3348454 0.0675192
v -0.2030152 0.4802270 -0.0555567
v -0.1419363 0.4857423 -0.0660113
v -0.1442179 0.4802466 -0.0555452
v -0.2053171 0.4857432 -0.0660074
v -0.1419331 0.4857582 0.0675277
v -0.2053238 0.4857543 0.0675370
v -0.2030341 0.4802266 0.0570549
v -0.1442180 0.4802367 0.0570634
v -0.2030372 0.4802399 0.0570742
v -0.2132375 0.4778163 0.0675180
v -0.2077321 0.4755351 0.0570534
v -0.2053082 0.4857457 0.0675326
v -0.2077336 0.4755442 -0.0555393
v -0.2132332 0.4778235 -0.0660192
v -0.2030177 0.4802253 -0.0555450
v -0.2053227 0.4857372 -0.0660154
v 0.1532425 -0.3911116 0.0562540
v 0.1572689 -0.3955474 0.0675218
v 0.1564006 -0.3917218 0.0562673
v 0.1510085 -0.3943809 0.0675308
v 0.1572815 -0.3955508 -0.0660106
v 0.1532380 -0.3911241 -0.0547403
v 0.1563947 -0.3917195 -0.0547412
v 0.1510074 -0.3943661 -0.0660046
v 0.3259319 -0.2494433 0.0433131
v 0.2966707 -0.2715735 0.0514296
v 0.3295665 -0.2517839 0.0528798
v 0.2977178 -0.2758661 0.0619565
v 0.3221866 -0.2573688 -0.0536101
v 0.2966577 -0.2715849 -0.0499286
v 0.3185593 -0.2550138 -0.0438374
v 0.2977209 -0.2758760 -0.0604334
v 0.2435222 -0.3318853 -0.0660157
v 0.2079291 -0.3581587 -0.0660174
v 0.2402519 -0.3298194 -0.0547546
v 0.2070497 -0.3543350 -0.0547536
v 0.1821031 -0.3727508 -0.0547515
v 0.1572726 -0.3955674 -0.0660143
v 0.1564087 -0.3917302 -0.0547417
v 0.1853650 -0.3748176 -0.0660089
v 0.1314540 -0.4101377 -0.0547577
v 0.0991279 -0.4384929 -0.0660040
v 0.0982410 -0.4346564 -0.0547475
v 0.1347305 -0.4122000 -0.0660079
v 0.1572802 -0.3955560 0.0675237
v 0.1853715 -0.3748097 0.0675293
v 0.1820907 -0.3727635 0.0562569
v 0.1564051 -0.3917318 0.0562582
v 0.0991149 -0.4384840 0.0675392
v 0.1347229 -0.4122020 0.0675299
v 0.1314572 -0.4101345 0.0562541
v 0.0982327 -0.4346549 0.0562574
v 0.2079179 -0.3581775 0.0675273
v 0.2435174 -0.3318842 0.0675387
v 0.2402471 -0.3298110 0.0562612
v 0.2070543 -0.3543420 0.0562529
v 0.0950460 -0.4340516 0.0562630
v 0.0991219 -0.4384798 0.0675323
v 0.0982348 -0.4346637 0.0562633
v 0.0928595 -0.4373050 0.0675297
v 0.0991136 -0.4384879 -0.0660249
v 0.0950453 -0.4340533 -0.0547582
v 0.0982553 -0.4346610 -0.0547496
v 0.0928493 -0.4373092 -0.0660068
v 0.1208739 0.6162644 -0.0279532
v 0.1051725 0.6090536 0.0315356
v 0.1051714 0.6090642 -0.0300254
v 0.1051738 0.6090575 0.0315369
v 0.1208658 0.6162664 -0.0279503
v 0.1208534 0.6162567 0.0294584
v 0.0584806 -0.5096481 -0.0520200
v 0.0428470 -0.5096616 0.0635256
v 0.0584742 -0.5096644 0.0535337
v 0.0786043 -0.5096611 0.0862927
v 0.0428532 -0.5096453 -0.0620147
v 0.0830651 -0.5096645 0.0675212
v 0.2056882 -0.5096598 0.0869079
v 0.2056950 -0.5096478 0.0675311
v 0.0786134 -0.5096491 -0.0847819
v 0.0830664 -0.5096515 -0.0660239
v 0.2056744 -0.5096641 -0.0853817
v 0.2056946 -0.5096421 -0.0660145
v 0.4335842 -0.3739576 0.0662253
v 0.4216520 -0.3810744 -0.0425791
v 0.4216614 -0.3810621 0.0440973
v 0.4109267 -0.3874494 0.0557641
v 0.4335863 -0.3739532 -0.0647183
v 0.4109304 -0.3874681 -0.0542501
v 0.3537105 -0.4215118 0.0868281
v 0.3537318 -0.4215082 -0.0853263
v 0.3599044 -0.4178363 0.0658794
v 0.3598952 -0.4178375 -0.0643644
v 0.3448124 -0.4268267 0.0675246
v 0.2056697 -0.5096579 0.0868979
v 0.2056805 -0.5096492 0.0675343
v 0.3448061 -0.4268239 -0.0660051
v 0.2056895 -0.5096485 -0.0853775
v 0.2056961 -0.5096432 -0.0660117
v -0.0950426 -0.3658989 -0.0427518
v -0.0828639 -0.3590323 -0.0319975
v -0.0969194 -0.3642899 -0.0411785
v -0.0809505 -0.3606465 -0.0335657
v -0.0775476 -0.3986243 -0.0514640
v -0.0641941 -0.3901447 -0.0425227
v -0.0784855 -0.3957934 -0.0513322
v -0.0632388 -0.3929786 -0.0426561
v -0.0301041 -0.4277673 0.0039239
v -0.0384958 -0.4308742 0.0094003
v -0.0377631 -0.4331486 0.0066788
v -0.0302717 -0.4214853 0.0077070
v -0.0744119 -0.3683045 0.0122525
v -0.0849876 -0.3692820 0.0102858
v -0.0853858 -0.3693511 0.0135735
v -0.0736243 -0.3686301 0.0077397
v -0.0431853 -0.4086146 0.0011731
v -0.0532209 -0.4128720 -0.0006722
v -0.0428896 -0.4079353 -0.0026018
v -0.0531514 -0.4124332 -0.0033876
v -0.0144416 -0.5130440 0.0095310
v -0.0085652 -0.5093711 0.0083210
v -0.0104230 -0.5089188 0.0121776
v -0.0131870 -0.5132837 0.0052647
v 0.1951201 -0.1651658 0.0886224
v 0.0795106 -0.2346669 0.0915881
v 0.1947519 -0.1650327 0.0981181
v 0.0791442 -0.2345272 0.1010999
v 0.2336893 -0.2357293 0.0958810
v 0.1180542 -0.3052140 0.0988724
v 0.2340526 -0.2358602 0.0863625
v 0.1184349 -0.3053678 0.0893569
v 0.3065662 -0.0944502 0.0695233
v 0.3509055 -0.1689422 0.0623759
v 0.3099659 -0.0926628 0.0629745
v 0.3484656 -0.1703488 0.0671551
v 0.3458243 -0.2053957 0.0027781
v 0.2832335 -0.0799290 0.0065514
v 0.3464342 -0.2056151 -0.0128087
v 0.2838349 -0.0801583 -0.0090723
v -0.0659669 -0.2895230 0.0388001
v -0.0007404 -0.4157743 -0.0271408
v -0.0635600 -0.2903907 -0.0233845
v -0.0031510 -0.4148922 0.0350295
v 0.0456193 -0.3648849 0.0852811
v 0.2790429 -0.2430433 0.0766522
v 0.2690067 -0.2238312 0.0777085
v 0.0529714 -0.3790254 0.0848157
v -0.0016767 -0.2741098 0.0882181
v 0.2238198 -0.1371992 0.0824899
v -0.0117587 -0.2547546 0.0888643
v 0.2141949 -0.1187342 0.0835047
v -0.1047865 -0.3777369 -0.0414978
v -0.1080231 -0.3805880 -0.0384914
v -0.1092306 -0.3827045 -0.0337332
v -0.0995719 -0.3740960 -0.0416319
v -0.1073424 -0.3823115 -0.0299463
v -0.1042655 -0.3809149 -0.0271279
v -0.0958314 -0.3711933 -0.0392640
v -0.1006359 -0.3787110 -0.0262516
v -0.0879019 -0.3665052 -0.0317974
v -0.0939395 -0.3736478 -0.0237921
v -0.0869482 -0.3688454 -0.0212182
v -0.0793325 -0.3631566 -0.0198863
v -0.0802956 -0.3649564 -0.0179842
v -0.0775884 -0.3608900 -0.0226282
v -0.0713866 -0.3574998 -0.0170118
v -0.0689080 -0.3559272 -0.0196964
v -0.0684098 -0.3551616 -0.0148921
v -0.0647742 -0.3529884 -0.0167065
v -0.0635311 -0.3518188 -0.0117669
v -0.0667525 -0.3534833 -0.0112538
v -0.0641207 -0.3509817 0.0167859
v -0.0668848 -0.3523679 0.0170942
v -0.0669715 -0.3521637 0.0196613
v -0.0645749 -0.3510562 0.0204374
v -0.0640923 -0.3521021 0.0229213
v -0.0622533 -0.3545840 0.0237932
v -0.0575840 -0.3604349 0.0237592
v -0.0563620 -0.3607633 0.0160161
v -0.0528226 -0.3662517 0.0157387
v -0.0581980 -0.3583582 -0.0133036
v -0.0539412 -0.3663538 0.0236793
v -0.0483174 -0.3747703 0.0153426
v -0.0492935 -0.3752343 0.0234826
v -0.0519228 -0.3678616 -0.0150270
v -0.0594176 -0.3589649 -0.0189055
v -0.0445180 -0.3853347 0.0151662
v -0.0465621 -0.3818764 0.0232917
v -0.0448018 -0.3850592 0.0197483
v -0.0454784 -0.3842893 0.0221632
v -0.0467007 -0.3773225 -0.0165076
v -0.0431283 -0.3861867 -0.0169516
v -0.0534052 -0.3688813 -0.0205326
v -0.0482529 -0.3782502 -0.0217043
v -0.0447679 -0.3871440 -0.0218966
v -0.0566966 -0.3713597 -0.0244027
v -0.0519220 -0.3806803 -0.0252760
v -0.0480766 -0.3886301 -0.0258986
v -0.0561387 -0.3817665 -0.0277116
v -0.0527567 -0.3908944 -0.0289032
v -0.0611525 -0.3949631 -0.0329231
v -0.0653824 -0.3840772 -0.0304075
v -0.0720623 -0.3986915 -0.0422644
v -0.0758945 -0.3905166 -0.0401495
v -0.0770780 -0.3985846 -0.0469574
v -0.0859391 -0.3922715 -0.0448022
v -0.0827566 -0.3988768 -0.0504523
v -0.0880749 -0.4006098 -0.0509296
v -0.0777382 -0.3865477 -0.0390438
v -0.0898587 -0.3942217 -0.0452826
v -0.0876004 -0.3893147 -0.0432222
v -0.0916521 -0.4025744 -0.0500115
v -0.0695663 -0.3757563 -0.0279627
v -0.0800949 -0.3814746 -0.0374803
v -0.0632873 -0.3615473 -0.0219949
v -0.0725922 -0.3703441 -0.0259442
v -0.0834663 -0.3751383 -0.0348221
v -0.0896421 -0.3852442 -0.0418281
v -0.0924058 -0.3792019 -0.0409571
v -0.0959112 -0.3817301 -0.0419696
v -0.0931362 -0.3874793 -0.0419319
v -0.0911028 -0.3912352 -0.0434106
v -0.0989513 -0.3840343 -0.0409196
v -0.0951590 -0.3891943 -0.0407947
v -0.1008658 -0.3855579 -0.0387382
v -0.0930952 -0.3929588 -0.0423449
v -0.0921706 -0.3960545 -0.0442276
v -0.0949707 -0.4047878 -0.0475916
v -0.1018354 -0.3869715 -0.0359333
v -0.0962550 -0.3902134 -0.0394204
v -0.1004544 -0.3876578 -0.0318828
v -0.0974381 -0.3917610 -0.0364195
v -0.0941998 -0.3941466 -0.0408284
v -0.0937188 -0.3976256 -0.0422832
v -0.0960623 -0.4066188 -0.0439121
v -0.0953568 -0.3955611 -0.0378550
v -0.0945408 -0.3991728 -0.0387428
v -0.0948210 -0.4076381 -0.0399514
v -0.0931024 -0.3996186 -0.0355578
v -0.0916460 -0.4078216 -0.0370346
v -0.0875935 -0.4074740 -0.0348293
v -0.0943009 -0.3961520 -0.0345799
v -0.0890362 -0.3992402 -0.0327593
v -0.0813419 -0.4058243 -0.0330685
v -0.0905351 -0.3958389 -0.0319190
v -0.0816786 -0.3940464 -0.0298087
v -0.0758350 -0.4038232 -0.0320905
v -0.0964379 -0.3923869 -0.0331709
v -0.0928189 -0.3917320 -0.0307524
v -0.0960580 -0.3859342 -0.0291028
v -0.0889768 -0.3817208 -0.0263773
v -0.0853662 -0.3880056 -0.0279387
v -0.0821130 -0.3776064 -0.0239689
v -0.0755904 -0.3726843 -0.0215112
v -0.0726798 -0.3785093 -0.0237880
v -0.0784749 -0.3843275 -0.0258911
v -0.0685774 -0.3861514 -0.0262098
v -0.0748348 -0.3908070 -0.0280203
v -0.0651391 -0.3917015 -0.0275537
v -0.0692731 -0.4012930 -0.0312907
v -0.0632064 -0.3982777 -0.0294160
v -0.1075437 -0.3672658 -0.0572408
v -0.1083232 -0.3693612 -0.0523334
v -0.1060828 -0.3698793 -0.0466279
v -0.1038739 -0.3637021 -0.0612270
v -0.1021651 -0.3686984 -0.0429609
v -0.0974828 -0.3591917 -0.0630210
v -0.0974372 -0.3664160 -0.0410997
v -0.0904325 -0.3556512 -0.0606576
v -0.0889288 -0.3604637 -0.0432623
v -0.0837062 -0.3547411 -0.0509842
v -0.0849973 -0.3534287 -0.0573067
v -0.0751425 -0.3497031 -0.0503403
v -0.0783863 -0.3526970 -0.0472591
v -0.0747772 -0.3515047 -0.0441598
v -0.0660599 -0.3466348 -0.0427916
v -0.0616856 -0.3490154 -0.0274217
v -0.0619741 -0.3458133 -0.0376547
v -0.0604828 -0.3466722 -0.0323044
v -0.0821202 -0.3571781 -0.0406117
v -0.0649325 -0.3521229 -0.0240100
v -0.0842497 -0.3606760 -0.0339791
v -0.0702091 -0.3559437 -0.0222765
v -0.0765592 -0.3595253 -0.0231852
v -0.0824673 -0.3617285 -0.0274491
v -0.0447643 -0.3832779 -0.0037786
v -0.0640086 -0.3550561 -0.0027636
v -0.0645034 -0.3548744 0.0098567
v -0.0452409 -0.3830934 0.0088352
v -0.0664363 -0.3559974 0.0163542
v -0.0471834 -0.3842231 0.0153221
v -0.0519743 -0.3874989 0.0201731
v -0.0712332 -0.3592784 0.0211778
v -0.0583347 -0.3920111 0.0220496
v -0.0775816 -0.3637910 0.0230585
v -0.0645429 -0.3965876 0.0204634
v -0.0838011 -0.3683770 0.0215009
v -0.0689718 -0.3999747 0.0158643
v -0.0882261 -0.3717555 0.0168750
v -0.0901300 -0.3734091 0.0104789
v -0.0704040 -0.4012923 0.0094387
v -0.0896468 -0.3735872 -0.0021526
v -0.0699235 -0.4014654 -0.0031700
v -0.0679805 -0.4003430 -0.0096662
v -0.0872356 -0.3721363 -0.0086605
v -0.0824575 -0.3688527 -0.0134717
v -0.0631901 -0.3970759 -0.0145069
v -0.0761057 -0.3643461 -0.0153553
v -0.0568498 -0.3925542 -0.0163767
v -0.0698741 -0.3597581 -0.0137767
v -0.0506176 -0.3879965 -0.0147970
v -0.0654491 -0.3563688 -0.0091779
v -0.0462054 -0.3845850 -0.0102040
v -0.0118403 -0.4638166 0.0099455
v -0.0061943 -0.4582381 0.0069994
v -0.0103211 -0.4538937 0.0049130
v -0.0169015 -0.4603307 0.0079417
v -0.0145321 -0.4494368 0.0033329
v -0.0213600 -0.4561728 0.0059492
v -0.0277130 -0.4479824 0.0057976
v -0.0212237 -0.4412474 0.0030149
v -0.0717012 -0.3681150 0.0153991
v -0.0836353 -0.3692233 0.0169472
v -0.0794008 -0.3751389 0.0166930
v -0.0682029 -0.3722997 0.0151139
v -0.0365776 -0.4283993 0.0125342
v -0.0292088 -0.4195217 0.0110440
v -0.0243051 -0.4253874 0.0116257
v -0.0314193 -0.4341227 0.0125021
v -0.0261359 -0.4367060 0.0128580
v -0.0209337 -0.4265343 0.0133968
v -0.0217099 -0.4373926 0.0140106
v -0.0188464 -0.4265127 0.0155608
v -0.0190368 -0.4376007 0.0162014
v -0.0179569 -0.4263113 0.0178048
v -0.0181351 -0.4376433 0.0190382
v -0.0182086 -0.4261941 0.0201704
v -0.0200757 -0.4376942 0.0218324
v -0.0198832 -0.4264828 0.0224544
v -0.0217298 -0.4267761 0.0247181
v -0.0226029 -0.4377032 0.0245876
v -0.0323341 -0.4273454 0.0328446
v -0.0328623 -0.4380157 0.0325119
v -0.0338400 -0.4276487 0.0357344
v -0.0341860 -0.4383417 0.0351616
v -0.0328217 -0.4279003 0.0374961
v -0.0326938 -0.4386724 0.0367445
v 0.1990909 -0.1703560 0.0979067
v 0.1994515 -0.1705033 0.0883914
v 0.2042484 -0.1752169 0.0976747
v 0.2046102 -0.1753537 0.0881654
v 0.2094928 -0.1787536 0.0974520
v 0.2098509 -0.1789029 0.0879471
v 0.2158097 -0.1813054 0.0972147
v 0.2161677 -0.1814211 0.0876851
v 0.2215507 -0.1825635 0.0874878
v 0.2211962 -0.1824459 0.0969994
v 0.2279954 -0.1847464 0.0872569
v 0.2276458 -0.1846156 0.0967582
v 0.2326019 -0.1896905 0.0870159
v 0.2322349 -0.1895561 0.0965391
v 0.2343806 -0.1963126 0.0868755
v 0.2340060 -0.1961946 0.0963868
v 0.2329340 -0.2032474 0.0868310
v 0.2325704 -0.2030944 0.0963568
v 0.2308080 -0.2085438 0.0963340
v 0.2311632 -0.2086838 0.0868313
v 0.2297227 -0.2155078 0.0962827
v 0.2300927 -0.2156597 0.0867665
v 0.2300327 -0.2220438 0.0961921
v 0.2304040 -0.2221657 0.0866794
v 0.2314441 -0.2291330 0.0960395
v 0.2318083 -0.2292755 0.0865425
v 0.1137231 -0.2998952 0.0990893
v 0.1140912 -0.3000245 0.0895567
v 0.1085693 -0.2950329 0.0993274
v 0.1089456 -0.2951813 0.0898031
v 0.1033244 -0.2914919 0.0995500
v 0.1036831 -0.2916214 0.0900356
v 0.0970193 -0.2889554 0.0997755
v 0.0973922 -0.2890848 0.0902653
v 0.0916116 -0.2878187 0.0999763
v 0.0920013 -0.2879435 0.0904590
v 0.0855410 -0.2857605 0.0907135
v 0.0851760 -0.2856321 0.1002391
v 0.0809518 -0.2808478 0.0909389
v 0.0805776 -0.2807106 0.1004560
v 0.0791790 -0.2742001 0.0910767
v 0.0788014 -0.2740668 0.1005986
v 0.0806084 -0.2672809 0.0911165
v 0.0802588 -0.2671591 0.1006367
v 0.0820141 -0.2616971 0.1006468
v 0.0823847 -0.2618321 0.0911432
v 0.0830926 -0.2547400 0.1007066
v 0.0834604 -0.2548639 0.0911820
v 0.0827957 -0.2482042 0.1008029
v 0.0831679 -0.2483500 0.0912841
v 0.0813745 -0.2411252 0.1009472
v 0.0817312 -0.2412464 0.0914284
v 0.2237441 -0.2061694 0.1136756
v 0.2244136 -0.2064137 0.0965637
v 0.2273379 -0.2025629 0.1136015
v 0.2280049 -0.2027999 0.0964885
v 0.2287723 -0.1977289 0.1136016
v 0.2294208 -0.1979664 0.0964972
v 0.2276615 -0.1929858 0.1137148
v 0.2283141 -0.1932287 0.0966066
v 0.2242824 -0.1896076 0.1138750
v 0.2249441 -0.1898506 0.0967615
v 0.2195934 -0.1884640 0.1140417
v 0.2202547 -0.1887184 0.0969253
v 0.2147894 -0.1898988 0.1141895
v 0.2154584 -0.1901295 0.0970729
v 0.2111996 -0.1935031 0.1142642
v 0.2118572 -0.1937573 0.0971464
v 0.2097753 -0.1983302 0.1142501
v 0.2104440 -0.1985631 0.0971338
v 0.2108896 -0.2030696 0.1141434
v 0.2115488 -0.2033156 0.0970355
v 0.2142516 -0.2064622 0.1139815
v 0.2149180 -0.2066904 0.0968848
v 0.2189641 -0.2075827 0.1138035
v 0.2196174 -0.2078307 0.0967097
v 0.0971827 -0.2805302 0.1169458
v 0.0978631 -0.2807566 0.0998527
v 0.1007934 -0.2769210 0.1168694
v 0.1014439 -0.2771665 0.0997707
v 0.1022115 -0.2720909 0.1168901
v 0.1028812 -0.2723405 0.0997972
v 0.1010862 -0.2673477 0.1169849
v 0.1017570 -0.2675939 0.0998775
v 0.0977331 -0.2639639 0.1171487
v 0.0983907 -0.2642163 0.1000550
v 0.0930294 -0.2628322 0.1173314
v 0.0936880 -0.2630690 0.1002162
v 0.0882395 -0.2642612 0.1174724
v 0.0889082 -0.2645109 0.1003676
v 0.0846446 -0.2678720 0.1175501
v 0.0853121 -0.2681173 0.1004339
v 0.0832294 -0.2726868 0.1175208
v 0.0838749 -0.2729296 0.1004211
v 0.0843410 -0.2774330 0.1174173
v 0.0850015 -0.2776615 0.1003227
v 0.0877023 -0.2808115 0.1172758
v 0.0883654 -0.2810531 0.1001599
v 0.0924155 -0.2819523 0.1170967
v 0.0930680 -0.2821848 0.0999870
v -0.0748562 -0.3703868 -0.0225131
v -0.0712199 -0.3772631 -0.0253083
v -0.0673405 -0.3848399 -0.0276041
v -0.0640963 -0.3904615 -0.0285401
v -0.0620166 -0.3967272 -0.0302683
v -0.0662981 -0.3530361 0.0222726
v -0.0644569 -0.3555327 0.0231782
v -0.0604066 -0.3611655 0.0235388
v -0.0565801 -0.3679058 0.0235592
v -0.0524288 -0.3761701 0.0233548
v -0.0498511 -0.3828315 0.0227166
v -0.0487390 -0.3853360 0.0213885
v -0.0480551 -0.3863389 0.0190614
v -0.0619395 -0.3599863 0.0165089
v -0.0571431 -0.3674187 0.0159399
v -0.0614885 -0.3614565 -0.0122620
v -0.0525983 -0.3759741 0.0153372
v -0.0564706 -0.3685196 -0.0131835
v -0.0471534 -0.3869298 0.0145892
v -0.0516231 -0.3771810 -0.0140589
v -0.0459078 -0.3878536 -0.0151351
v -0.0627382 -0.3627373 -0.0163182
v -0.0577112 -0.3695142 -0.0177686
v -0.0529078 -0.3778958 -0.0188544
v -0.0470437 -0.3887614 -0.0201947
v -0.0558796 -0.3797563 -0.0226992
v -0.0499166 -0.3904362 -0.0245171
v -0.0536807 -0.3922609 -0.0270379
v -0.0607004 -0.3714716 -0.0212381
v -0.0655333 -0.3647854 -0.0191591
v 0.2809176 -0.1032858 -0.0943076
v 0.2831044 -0.0984659 -0.0853396
v 0.3047230 -0.1336365 -0.0865143
v 0.3243402 -0.1685571 -0.0877860
v 0.3340387 -0.1986930 -0.0969395
v 0.3380230 -0.1964444 -0.0889096
v 0.2746996 -0.2338418 -0.0874798
v 0.2727816 -0.2346228 -0.0963301
v 0.2136333 -0.2687774 -0.0934085
v 0.2134947 -0.2689753 -0.1011505
v 0.1956066 -0.2796843 -0.0950007
v 0.1751033 -0.2910146 -0.1116912
v 0.1825788 -0.2886475 -0.0877056
v 0.1624890 -0.2961825 -0.1156585
v 0.1669309 -0.2961531 -0.0825907
v 0.1529094 -0.3005113 -0.1151957
v 0.1446189 -0.3043181 -0.1125647
v 0.1567043 -0.3006197 -0.0816002
v 0.1380501 -0.3076420 -0.1068621
v 0.1354111 -0.3086652 -0.0985646
v 0.1457726 -0.3043409 -0.0839546
v 0.1372475 -0.3079738 -0.0893791
v 0.0854499 -0.2253272 -0.0977753
v 0.0901654 -0.2229779 -0.1080747
v 0.0873111 -0.2248088 -0.1033737
v 0.0855614 -0.2240826 -0.0924492
v 0.0939541 -0.2201916 -0.1116939
v 0.0982900 -0.2164257 -0.1139646
v 0.0867453 -0.2221489 -0.0880399
v 0.1035365 -0.2117952 -0.1152365
v 0.0903886 -0.2181948 -0.0833381
v 0.1087094 -0.2068898 -0.1150347
v 0.0965416 -0.2121640 -0.0800384
v 0.1062293 -0.2041372 -0.0786746
v 0.1265660 -0.1942599 -0.1117478
v 0.1169247 -0.1959806 -0.0796493
v 0.1337635 -0.1879279 -0.0853513
v 0.1463534 -0.1814993 -0.0874299
v 0.1655557 -0.1719978 -0.0984951
v 0.1603861 -0.1731793 -0.0865004
v 0.2199114 -0.1355459 -0.0848543
v 0.2224444 -0.1350861 -0.0948473
v -0.0951712 -0.3581438 -0.0452684
v -0.0930568 -0.3588492 -0.0473964
v -0.0956616 -0.3555310 -0.0453141
v -0.0939846 -0.3540618 -0.0476725
v -0.0971460 -0.3542636 -0.0442402
v -0.0967362 -0.3509781 -0.0457926
v -0.0997094 -0.3509339 -0.0424539
v -0.0989747 -0.3540144 -0.0422645
v -0.1019966 -0.3532892 -0.0390832
v -0.1001442 -0.3559686 -0.0402517
v -0.1029911 -0.3572112 -0.0366906
v -0.1008025 -0.3587602 -0.0386332
v -0.1031512 -0.3610259 -0.0352701
v -0.1007882 -0.3617995 -0.0376266
v -0.0998333 -0.3685605 -0.0364845
v -0.1021529 -0.3684565 -0.0339405
v -0.0982397 -0.3750951 -0.0361141
v -0.1005206 -0.3756486 -0.0333950
v -0.0961082 -0.3813595 -0.0364267
v -0.0980484 -0.3826918 -0.0338386
v -0.0932800 -0.3875955 -0.0375260
v -0.0950033 -0.3894837 -0.0349928
v -0.0895859 -0.3935731 -0.0397025
v -0.0910621 -0.3960571 -0.0372289
v -0.0852777 -0.3985226 -0.0428735
v -0.0862656 -0.4015680 -0.0407579
v -0.0809420 -0.4019291 -0.0465626
v -0.0815800 -0.4054189 -0.0447327
v -0.0763509 -0.4045836 -0.0508179
v -0.0761607 -0.4082192 -0.0498554
v -0.0717914 -0.4081469 -0.0547358
v -0.0730132 -0.4045999 -0.0545182
v -0.0695727 -0.4055457 -0.0580496
v -0.0715085 -0.4029902 -0.0567451
v -0.0687890 -0.4014492 -0.0603030
v -0.0711203 -0.4005338 -0.0579991
v -0.0716105 -0.3987662 -0.0580190
v -0.0696882 -0.3973527 -0.0606100
v -0.0726157 -0.3974249 -0.0573547
v -0.0720469 -0.3942213 -0.0590099
v -0.0747631 -0.3937859 -0.0561205
v -0.0740868 -0.3970651 -0.0558219
v -0.0809717 -0.3535266 -0.0358986
v -0.0788320 -0.3542014 -0.0380127
v -0.0811405 -0.3504006 -0.0364899
v -0.0794170 -0.3489097 -0.0388189
v -0.0826373 -0.3488739 -0.0354986
v -0.0821858 -0.3455725 -0.0370357
v -0.0853226 -0.3452695 -0.0336852
v -0.0846020 -0.3483286 -0.0335181
v -0.0878514 -0.3474112 -0.0302053
v -0.0860086 -0.3500698 -0.0313800
v -0.0891311 -0.3512197 -0.0276410
v -0.0869139 -0.3527300 -0.0295803
v -0.0893562 -0.3550718 -0.0261784
v -0.0869940 -0.3558575 -0.0285181
v -0.0860278 -0.3625956 -0.0274258
v -0.0883867 -0.3625104 -0.0249055
v -0.0844469 -0.3691358 -0.0270952
v -0.0867880 -0.3697288 -0.0243779
v -0.0823242 -0.3754109 -0.0274126
v -0.0843072 -0.3767772 -0.0248449
v -0.0795009 -0.3816617 -0.0285396
v -0.0812631 -0.3835588 -0.0260126
v -0.0757698 -0.3876508 -0.0306838
v -0.0772863 -0.3901659 -0.0282482
v -0.0714654 -0.3926911 -0.0337720
v -0.0724955 -0.3957632 -0.0316901
v -0.0671345 -0.3963979 -0.0373066
v -0.0677929 -0.3998802 -0.0354920
v -0.0624685 -0.3994158 -0.0414013
v -0.0623088 -0.4030572 -0.0404495
v -0.0579280 -0.4027146 -0.0452617
v -0.0591477 -0.3991587 -0.0450717
v -0.0554172 -0.4004270 -0.0487277
v -0.0573461 -0.3978917 -0.0474170
v -0.0542412 -0.3964334 -0.0512637
v -0.0566050 -0.3955398 -0.0489592
v -0.0569270 -0.3936614 -0.0492080
v -0.0549768 -0.3922321 -0.0517795
v -0.0579119 -0.3923822 -0.0485328
v -0.0573294 -0.3892063 -0.0501746
v -0.0593662 -0.3914983 -0.0470284
v -0.0600422 -0.3882129 -0.0473388
v -0.0659453 -0.3851283 -0.0593990
v -0.0712131 -0.3907567 -0.0522848
v -0.0798169 -0.3965774 -0.0506738
v -0.0846203 -0.3989485 -0.0524224
v -0.0885423 -0.4001353 -0.0560869
v -0.0907549 -0.3996041 -0.0617884
v -0.0897234 -0.3973482 -0.0665749
v -0.0859620 -0.3937581 -0.0704355
v -0.0796062 -0.3894212 -0.0716960
v -0.0726226 -0.3859552 -0.0692440
v -0.0673266 -0.3838260 -0.0658665
v -0.0575954 -0.3801946 -0.0588095
v -0.0486393 -0.3772604 -0.0511794
v -0.0446721 -0.3765241 -0.0460186
v -0.0434553 -0.3775658 -0.0407118
v -0.0450815 -0.3800984 -0.0360924
v -0.0485623 -0.3832621 -0.0330721
v -0.0539110 -0.3869770 -0.0318506
v -0.0588906 -0.3896368 -0.0330089
v -0.0641742 -0.3914994 -0.0371518
v -0.0659487 -0.3907214 -0.0427595
v -0.0644924 -0.3875750 -0.0494511
v -0.0577891 -0.3822565 -0.0530301
v -0.0608346 -0.3832151 -0.0557349
v -0.0910680 -0.3518717 0.0048580
v -0.0963649 -0.3572177 0.0085072
v -0.0999520 -0.3425916 0.0024546
v -0.1059545 -0.3482398 0.0073010
v -0.1148405 -0.3388381 0.0075841
v -0.1090785 -0.3331700 0.0013696
v -0.1179925 -0.3344175 0.0086287
v -0.1133250 -0.3284770 0.0014800
v -0.1213951 -0.3279572 0.0113272
v -0.1186530 -0.3215922 0.0029133
v -0.1222157 -0.3134179 0.0074641
v -0.1231599 -0.3206221 0.0164903
v -0.1222080 -0.3069726 0.0131376
v -0.1226905 -0.3147660 0.0221614
v -0.1202216 -0.3024272 0.0179997
v -0.1207096 -0.3102360 0.0273390
v -0.1156346 -0.2989480 0.0225282
v -0.1164761 -0.3065370 0.0322899
v -0.1105675 -0.2970714 0.0260122
v -0.1115375 -0.3049152 0.0359439
v -0.1048068 -0.2968946 0.0287777
v -0.1072944 -0.3048996 0.0383329
v -0.0988090 -0.2984899 0.0307129
v -0.1036474 -0.3060134 0.0399461
v -0.0983688 -0.3100512 0.0408062
v -0.0911515 -0.3036695 0.0321914
v -0.0941382 -0.3156650 0.0405274
v -0.0852052 -0.3111541 0.0325199
v -0.0806688 -0.3222554 0.0318347
v -0.0892566 -0.3270702 0.0392220
v -0.0804836 -0.3304430 0.0303261
v -0.0887110 -0.3347312 0.0368869
v -0.0891839 -0.3426683 0.0317784
v -0.0814557 -0.3389927 0.0257896
v -0.0904681 -0.3488288 0.0261347
v -0.0819929 -0.3461434 0.0209578
v -0.0817697 -0.3531293 0.0173432
v -0.0908767 -0.3543007 0.0216832
v -0.0897587 -0.3607251 0.0168009
v -0.0802981 -0.3595507 0.0145045
v -0.0693883 -0.3761685 0.0044747
v -0.0229290 -0.4428336 0.0005906
v -0.0759627 -0.3835770 0.0057183
v -0.0298193 -0.4498865 0.0026350
v -0.0166047 -0.4508965 0.0009511
v -0.0231050 -0.4584765 0.0030079
v -0.0112001 -0.4564011 0.0023980
v -0.0179955 -0.4636986 0.0048585
v -0.0140920 -0.4654127 0.0077613
v -0.0081290 -0.4580761 0.0044542
v -0.0774448 -0.3601169 0.0167878
v -0.0871469 -0.3611605 0.0186539
v -0.0788374 -0.3543361 0.0187470
v -0.0876795 -0.3554325 0.0226452
v -0.0870964 -0.3500831 0.0267507
v -0.0790231 -0.3475894 0.0220547
v -0.0790164 -0.3406552 0.0271589
v -0.0857720 -0.3440047 0.0325486
v -0.0772615 -0.3316495 0.0325707
v -0.0846556 -0.3351727 0.0381328
v -0.0845579 -0.3260739 0.0405941
v -0.0775294 -0.3221288 0.0342331
v -0.0890718 -0.3145188 0.0420367
v -0.0826760 -0.3092431 0.0347605
v -0.0943428 -0.3074068 0.0423724
v -0.0892022 -0.3008895 0.0343442
v -0.0976564 -0.2951180 0.0327258
v -0.1011031 -0.3021873 0.0414711
v -0.1069019 -0.3000406 0.0394601
v -0.1044890 -0.2933047 0.0305291
v -0.1128341 -0.3001926 0.0364164
v -0.1112569 -0.2938463 0.0275969
v -0.1185764 -0.3028334 0.0322752
v -0.1174645 -0.2965503 0.0238761
v -0.1237517 -0.3075898 0.0267664
v -0.1232088 -0.3007231 0.0187596
v -0.1271104 -0.3125100 0.0207901
v -0.1271566 -0.3056321 0.0128833
v -0.1285628 -0.3170866 0.0158094
v -0.1284999 -0.3105079 0.0079202
v -0.1286868 -0.3216871 0.0116665
v -0.1278594 -0.3155501 0.0039114
v -0.1278116 -0.3264907 0.0082771
v -0.1255835 -0.3206852 0.0010214
v -0.1220340 -0.3257431 -0.0007662
v -0.1256592 -0.3314501 0.0058915
v -0.1173537 -0.3311040 -0.0018949
v -0.1220579 -0.3367266 0.0045295
v -0.1123135 -0.3361770 -0.0021928
v -0.1178221 -0.3417167 0.0039587
v -0.1078148 -0.3516795 0.0042569
v -0.1017707 -0.3456772 -0.0003253
v -0.0978619 -0.3603994 0.0047529
v -0.0921450 -0.3544324 0.0014523
v -0.0861560 -0.3710776 0.0058984
v -0.0799483 -0.3646478 0.0039454
v -0.0203078 -0.4381057 0.0261419
v -0.0167392 -0.4381291 0.0227186
v -0.0141135 -0.4384089 0.0190028
v -0.0139337 -0.4389116 0.0156624
v -0.0185412 -0.4403407 0.0121274
v -0.0259604 -0.4400745 0.0105595
v -0.0330098 -0.4364633 0.0097184
v -0.0189660 -0.4272946 0.0266599
v -0.0156180 -0.4273715 0.0235481
v -0.0130904 -0.4277020 0.0201146
v -0.0125112 -0.4282447 0.0169180
v -0.0136219 -0.4288777 0.0138418
v -0.0179685 -0.4297862 0.0099361
v -0.0236544 -0.4282164 0.0081792
v -0.0455513 -0.4006215 -0.0021319
v -0.0568000 -0.4054512 -0.0024814
v -0.0508813 -0.3924376 -0.0013119
v -0.0620998 -0.3973476 -0.0018242
v -0.0623987 -0.3754517 -0.0003534
v -0.0744837 -0.3804252 -0.0017011
v -0.0681730 -0.3659472 -0.0004897
v -0.0807103 -0.3711107 -0.0024881
v -0.0729402 -0.3580444 -0.0021383
v -0.0857734 -0.3632207 -0.0035991
v -0.0792826 -0.3464487 -0.0054526
v -0.0924184 -0.3517363 -0.0068834
v -0.0853171 -0.3350811 -0.0095212
v -0.0987196 -0.3405296 -0.0112714
v -0.0882887 -0.3290468 -0.0118700
v -0.1022454 -0.3344985 -0.0139480
v -0.0931314 -0.3210720 -0.0143046
v -0.1068583 -0.3272171 -0.0160797
v -0.0980028 -0.3126863 -0.0153603
v -0.1114659 -0.3195311 -0.0167739
v -0.1027649 -0.3036194 -0.0145824
v -0.1162110 -0.3102791 -0.0156590
v -0.1074737 -0.2953498 -0.0135766
v -0.1205488 -0.3017141 -0.0134834
v -0.1105672 -0.2897380 -0.0135217
v -0.1245044 -0.2954915 -0.0122603
v -0.1139257 -0.2846303 -0.0144548
v -0.1281691 -0.2899444 -0.0128932
v -0.1161017 -0.2816812 -0.0190145
v -0.1313850 -0.2869243 -0.0155456
v -0.1329379 -0.2865072 -0.0202705
v -0.1179130 -0.2824035 -0.0278154
v -0.1335929 -0.2874797 -0.0265427
v -0.1335610 -0.2893291 -0.0318654
v -0.1168467 -0.2860587 -0.0367822
v -0.1322346 -0.2932211 -0.0390195
v -0.1279928 -0.3000539 -0.0469022
v -0.1139151 -0.2917805 -0.0452143
v -0.1210159 -0.3099340 -0.0520726
v -0.1071039 -0.3006739 -0.0520834
v -0.1016746 -0.3077730 -0.0533182
v -0.1139384 -0.3195308 -0.0528337
v -0.0984413 -0.3120555 -0.0525238
v -0.1098642 -0.3268388 -0.0523019
v -0.0938668 -0.3188574 -0.0498131
v -0.1056271 -0.3344044 -0.0496060
v -0.0906965 -0.3237302 -0.0463891
v -0.1028937 -0.3386021 -0.0466368
v -0.0881116 -0.3276497 -0.0418634
v -0.1005547 -0.3418808 -0.0426656
v -0.0857759 -0.3308402 -0.0356611
v -0.0985266 -0.3447829 -0.0370252
v -0.0836263 -0.3331406 -0.0266499
v -0.0969902 -0.3467511 -0.0277455
v -0.0945297 -0.3489904 -0.0185301
v -0.0808931 -0.3379530 -0.0171876
v -0.0782825 -0.3427596 -0.0113598
v -0.0915406 -0.3529799 -0.0130772
v -0.0749519 -0.3489823 -0.0076398
v -0.0878418 -0.3586920 -0.0095098
v -0.0713274 -0.3556466 -0.0046553
v -0.0839106 -0.3649002 -0.0066666
v -0.0664682 -0.3639121 -0.0032755
v -0.0791368 -0.3725910 -0.0053139
v -0.0727566 -0.3820082 -0.0050807
v -0.0601312 -0.3740752 -0.0029936
v -0.0653782 -0.3911984 -0.0057511
v -0.0537620 -0.3842052 -0.0038330
v -0.0586156 -0.4016958 -0.0076433
v -0.0471902 -0.3945565 -0.0051960
v -0.0416758 -0.4062858 -0.0077244
v -0.0528404 -0.4131510 -0.0108689
v -0.0371688 -0.4192740 -0.0113322
v -0.0482988 -0.4261321 -0.0160120
v -0.0352673 -0.4271646 -0.0129932
v -0.0463107 -0.4340272 -0.0175646
v -0.0333400 -0.4361198 -0.0130676
v -0.0440572 -0.4429833 -0.0177522
v -0.0319677 -0.4432494 -0.0117976
v -0.0425718 -0.4504122 -0.0169288
v -0.0308694 -0.4514740 -0.0093652
v -0.0406848 -0.4591673 -0.0144734
v -0.0281860 -0.4634874 -0.0037659
v -0.0379311 -0.4720942 -0.0082912
v -0.0232267 -0.4744401 0.0016123
v -0.0329420 -0.4841883 -0.0024941
v -0.0174566 -0.4877135 0.0080568
v -0.0257496 -0.4970197 0.0032360
v -0.0103829 -0.5031139 0.0124169
v -0.0182072 -0.5094167 0.0075165
v -0.0461606 -0.4013316 0.0019719
v -0.0568675 -0.4062597 0.0002655
v -0.0511744 -0.3928538 0.0028663
v -0.0623343 -0.3976878 0.0013531
v -0.0628686 -0.3756502 0.0042400
v -0.0749621 -0.3807075 0.0018465
v -0.0689335 -0.3655725 0.0042999
v -0.0811593 -0.3708458 0.0013407
v -0.0736144 -0.3569738 0.0031407
v -0.0862209 -0.3625072 0.0001871
v -0.0797521 -0.3449609 -0.0005283
v -0.0928494 -0.3503289 -0.0028852
v -0.0857888 -0.3331939 -0.0048456
v -0.0993039 -0.3386118 -0.0072201
v -0.0888267 -0.3275409 -0.0069784
v -0.1026593 -0.3333696 -0.0098303
v -0.0931745 -0.3200722 -0.0090977
v -0.1068237 -0.3263898 -0.0115613
v -0.0977038 -0.3123801 -0.0101046
v -0.1109656 -0.3190170 -0.0116988
v -0.1024320 -0.3039811 -0.0096092
v -0.1155083 -0.3105214 -0.0100026
v -0.1073138 -0.2949713 -0.0077960
v -0.1204402 -0.3013891 -0.0082524
v -0.1107853 -0.2873184 -0.0065313
v -0.1247174 -0.2930082 -0.0064552
v -0.1151691 -0.2810581 -0.0080068
v -0.1294082 -0.2852507 -0.0064966
v -0.1184620 -0.2775468 -0.0128157
v -0.1336375 -0.2812855 -0.0113663
v -0.1206088 -0.2763876 -0.0185717
v -0.1363622 -0.2804253 -0.0185415
v -0.1218202 -0.2765805 -0.0249634
v -0.1370524 -0.2816394 -0.0255487
v -0.1219530 -0.2780533 -0.0309434
v -0.1367447 -0.2840271 -0.0321191
v -0.1214145 -0.2802839 -0.0366703
v -0.1355644 -0.2871026 -0.0381071
v -0.1334924 -0.2908891 -0.0436161
v -0.1201885 -0.2831338 -0.0420892
v -0.1308505 -0.2948772 -0.0481226
v -0.1182013 -0.2864691 -0.0469021
v -0.1273470 -0.3000320 -0.0519672
v -0.1149405 -0.2909640 -0.0518287
v -0.1108162 -0.2965133 -0.0551196
v -0.1235564 -0.3057731 -0.0546616
v -0.1189956 -0.3124410 -0.0565190
v -0.1061125 -0.3037008 -0.0569664
v -0.1024513 -0.3092211 -0.0571334
v -0.1141394 -0.3198309 -0.0572055
v -0.0987124 -0.3143775 -0.0564644
v -0.1092729 -0.3277134 -0.0564560
v -0.0936006 -0.3227167 -0.0536164
v -0.1045365 -0.3362057 -0.0534004
v -0.0901461 -0.3282266 -0.0500390
v -0.1015704 -0.3409335 -0.0499329
v -0.0871931 -0.3325313 -0.0450708
v -0.0990753 -0.3445508 -0.0452950
v -0.0845523 -0.3356512 -0.0382022
v -0.0968971 -0.3474519 -0.0388920
v -0.0948468 -0.3498512 -0.0297270
v -0.0818453 -0.3383104 -0.0291366
v -0.0924443 -0.3525186 -0.0216301
v -0.0795196 -0.3415532 -0.0209344
v -0.0769053 -0.3460036 -0.0160448
v -0.0897008 -0.3563878 -0.0169135
v -0.0736613 -0.3514515 -0.0123669
v -0.0864338 -0.3612311 -0.0133204
v -0.0700599 -0.3575466 -0.0096959
v -0.0828194 -0.3667078 -0.0107170
v -0.0782707 -0.3734213 -0.0095072
v -0.0655937 -0.3649440 -0.0083369
v -0.0722485 -0.3818395 -0.0092644
v -0.0597817 -0.3742407 -0.0081335
v -0.0656282 -0.3903954 -0.0099010
v -0.0537963 -0.3835660 -0.0087154
v -0.0588811 -0.4007012 -0.0115230
v -0.0479823 -0.3931986 -0.0099128
v -0.0428217 -0.4054769 -0.0129527
v -0.0533480 -0.4122304 -0.0150792
v -0.0379099 -0.4188285 -0.0172730
v -0.0484289 -0.4254881 -0.0205059
v -0.0354489 -0.4274960 -0.0185326
v -0.0458723 -0.4335816 -0.0219769
v -0.0330471 -0.4372310 -0.0183905
v -0.0434892 -0.4433006 -0.0220331
v -0.0312184 -0.4451267 -0.0175952
v -0.0416630 -0.4517346 -0.0209641
v -0.0294286 -0.4537437 -0.0150744
v -0.0395445 -0.4610215 -0.0182831
v -0.0270541 -0.4657887 -0.0086180
v -0.0365931 -0.4739843 -0.0123622
v -0.0225914 -0.4768919 -0.0023746
v -0.0313211 -0.4861668 -0.0070938
v -0.0155170 -0.4891172 0.0039601
v -0.0245849 -0.4993100 -0.0013353
v -0.0076491 -0.5035820 0.0087471
v -0.0175469 -0.5108162 0.0026183
v 0.2701046 -0.1068196 0.0659571
v 0.3056167 -0.2070189 0.0686086
v 0.2520469 -0.1169505 0.0755811
v 0.3244001 -0.1960108 0.0609496
v 0.2808065 -0.1001023 0.0578191
v 0.3343187 -0.1902456 0.0548137
v 0.3456644 -0.1824306 0.0547070
v 0.2934231 -0.0926172 0.0568580
v 0.3504876 -0.1783341 0.0576535
v 0.3009126 -0.0888505 0.0595085
v 0.3524788 -0.1739941 0.0605482
v 0.3061451 -0.0886106 0.0617604
v -0.0112514 -0.3754013 -0.0893492
v -0.0178962 -0.3800496 -0.0822045
v -0.0075953 -0.3822748 -0.0876587
v -0.0149084 -0.3881805 -0.0823504
v -0.0265331 -0.3851019 -0.0719940
v -0.0264104 -0.3923929 -0.0724992
v -0.0333888 -0.3877455 -0.0631198
v -0.0342492 -0.3938972 -0.0626208
v -0.0414593 -0.3864510 -0.0535449
v -0.0433140 -0.3926173 -0.0518517
v -0.0499245 -0.3886096 -0.0449761
v -0.0474609 -0.3829498 -0.0473174
v -0.0559540 -0.3823199 -0.0395046
v -0.0528881 -0.3773883 -0.0423475
v -0.0614708 -0.3752839 -0.0361273
v -0.0575925 -0.3713614 -0.0395262
v -0.0658713 -0.3675559 -0.0339558
v -0.0611181 -0.3646386 -0.0379161
v -0.0645309 -0.3558339 -0.0378101
v -0.0704121 -0.3574533 -0.0331090
v -0.0685658 -0.3451695 -0.0394000
v -0.0748109 -0.3453290 -0.0347420
v -0.0725619 -0.3344439 -0.0429200
v -0.0774404 -0.3333628 -0.0398617
v -0.0737492 -0.3285822 -0.0458494
v -0.0782960 -0.3264536 -0.0436515
v -0.0737811 -0.3232494 -0.0491021
v -0.0781758 -0.3204164 -0.0477542
v -0.0720602 -0.3188569 -0.0532889
v -0.0767394 -0.3146522 -0.0524151
v -0.0697257 -0.3150610 -0.0577901
v -0.0748403 -0.3093978 -0.0573817
v -0.0658312 -0.3124810 -0.0629838
v -0.0716821 -0.3054891 -0.0631435
v -0.0656865 -0.3018365 -0.0707469
v -0.0601230 -0.3084931 -0.0684013
v 0.0465321 -0.3777025 -0.1208050
v 0.0299597 -0.3898503 -0.1179681
v 0.0434780 -0.3772951 -0.1265409
v 0.0273156 -0.3869940 -0.1230307
v 0.0098140 -0.3954886 -0.1175245
v 0.0083188 -0.3918646 -0.1213947
v -0.0096240 -0.3974455 -0.1159127
v -0.0107260 -0.3925435 -0.1187001
v -0.0277959 -0.3967267 -0.1095008
v -0.0287955 -0.3912101 -0.1112580
v -0.0433021 -0.3968499 -0.0989741
v -0.0442401 -0.3889838 -0.1000987
v -0.0543355 -0.3964259 -0.0902541
v -0.0553244 -0.3884527 -0.0907388
v -0.0625900 -0.3893888 -0.0833382
v -0.0616873 -0.3973054 -0.0824402
v -0.0705370 -0.3914705 -0.0747354
v -0.0704068 -0.3982604 -0.0722376
v -0.0763626 -0.3910436 -0.0683353
v -0.0766880 -0.3969619 -0.0647743
v -0.0821874 -0.3884253 -0.0622774
v -0.0827768 -0.3927189 -0.0583054
v -0.0877707 -0.3865301 -0.0543127
v -0.0868192 -0.3832601 -0.0589376
v -0.0920864 -0.3789893 -0.0519916
v -0.0907871 -0.3768602 -0.0570078
v -0.0960522 -0.3695499 -0.0513526
v -0.0943242 -0.3688152 -0.0565080
v -0.1004620 -0.3564959 -0.0537627
v -0.0980488 -0.3577285 -0.0586456
v -0.1029875 -0.3433512 -0.0595321
v -0.1001645 -0.3464462 -0.0636361
v -0.1001731 -0.3380382 -0.0701315
v -0.1029712 -0.3337038 -0.0670014
v -0.0979491 -0.3324643 -0.0764006
v -0.1004574 -0.3273467 -0.0742595
v -0.0935418 -0.3288244 -0.0826168
v -0.0956877 -0.3232625 -0.0813392
v -0.0882315 -0.3259619 -0.0886664
v -0.0899273 -0.3201262 -0.0882739
v -0.0829973 -0.3195070 -0.0944490
v -0.0816520 -0.3253807 -0.0940869
v -0.0685851 -0.3199371 -0.1026679
v -0.0671807 -0.3257328 -0.1009239
v -0.0514698 -0.3232156 -0.1073895
v -0.0498932 -0.3278435 -0.1040812
v -0.0376786 -0.3261713 -0.1099630
v -0.0356975 -0.3281119 -0.1056246
v -0.0197402 -0.3264421 -0.1146635
v -0.0178639 -0.3266043 -0.1101351
v -0.0007835 -0.3226867 -0.1162884
v -0.0026227 -0.3232484 -0.1211912
v 0.0065259 -0.3207853 -0.1264423
v 0.0118739 -0.3203293 -0.1225165
v 0.0164556 -0.3182114 -0.1314389
v 0.0240321 -0.3184182 -0.1251689
v 0.0261419 -0.3160473 -0.1318923
v 0.0323716 -0.3149195 -0.1296602
v 0.0285632 -0.3176202 -0.1227402
v 0.0376670 -0.3138936 -0.1254197
v 0.0314813 -0.3165603 -0.1182973
v 0.0401670 -0.3131966 -0.1200833
v 0.0327438 -0.3143969 -0.1124090
v 0.0388948 -0.3121099 -0.1116061
v 0.0345519 -0.3119601 -0.1063643
v 0.0298548 -0.3133463 -0.1078322
v 0.0282980 -0.3128130 -0.1021953
v 0.0248573 -0.3138225 -0.1041245
v 0.0220645 -0.3148430 -0.0991107
v 0.0211303 -0.3156556 -0.1023051
v 0.0401757 -0.3260043 -0.1065391
v 0.0339574 -0.3341107 -0.1066807
v 0.0354301 -0.3309151 -0.1033620
v 0.0357980 -0.3309495 -0.1104362
v 0.0444589 -0.3211191 -0.1130863
v 0.0365424 -0.3293937 -0.1140816
v 0.0362899 -0.3293400 -0.1177186
v 0.0426507 -0.3223163 -0.1202676
v 0.0338229 -0.3315065 -0.1216133
v 0.0375128 -0.3272982 -0.1267004
v 0.0292186 -0.3359896 -0.1245426
v 0.0305780 -0.3341650 -0.1308941
v 0.0236379 -0.3414874 -0.1308987
v 0.0238918 -0.3402903 -0.1243390
v 0.0180648 -0.3484911 -0.1244041
v 0.0213543 -0.3446848 -0.1202066
v 0.0138338 -0.3522950 -0.1170202
v 0.0196736 -0.3504421 -0.1117641
v 0.0096583 -0.3564928 -0.1082045
v 0.0181756 -0.3565635 -0.1009078
v 0.0011366 -0.3660023 -0.0974134
v 0.0072729 -0.3672289 -0.0920529
v 0.0536230 -0.3700156 -0.1240184
v 0.0520189 -0.3681317 -0.1321369
v 0.0623543 -0.3601254 -0.1278234
v 0.0618835 -0.3570804 -0.1361989
v 0.0673834 -0.3533997 -0.1261693
v 0.0695381 -0.3477182 -0.1333282
v 0.0753936 -0.3412115 -0.1247735
v 0.0706903 -0.3490201 -0.1221394
v 0.0716371 -0.3472936 -0.1168090
v 0.0770178 -0.3389008 -0.1167126
v 0.0705142 -0.3477767 -0.1115416
v 0.0753467 -0.3392826 -0.1092262
v 0.0695471 -0.3444826 -0.1016811
v 0.0668811 -0.3511989 -0.1071723
v 0.0604307 -0.3534794 -0.0968588
v 0.0608739 -0.3583015 -0.1033808
v 0.0403486 -0.3715587 -0.0964122
v 0.0427263 -0.3690775 -0.0904308
v 0.0239508 -0.3838208 -0.0863865
v 0.0282568 -0.3825404 -0.0808968
v 0.0107589 -0.3922571 -0.0722912
v 0.0047636 -0.3962615 -0.0778294
v -0.0042891 -0.3999581 -0.0615308
v -0.0101915 -0.4039635 -0.0659631
v -0.0219199 -0.4097862 -0.0478153
v -0.0146938 -0.4054744 -0.0440461
v -0.0249230 -0.4102484 -0.0297792
v -0.0181301 -0.4063295 -0.0293541
v -0.0277098 -0.4098153 0.0389468
v -0.0207910 -0.4058798 0.0383460
v -0.0189896 -0.4053223 0.0498985
v -0.0263313 -0.4092841 0.0517422
v -0.0151258 -0.4034574 0.0619718
v -0.0226907 -0.4072696 0.0652192
v -0.0152612 -0.4024999 0.0768575
v -0.0073297 -0.3992639 0.0715213
v -0.0045281 -0.3955426 0.0855368
v 0.0021522 -0.3931369 0.0789906
v 0.0094628 -0.3866495 0.0907752
v 0.0129784 -0.3854264 0.0834089
v 0.0232206 -0.3782666 0.0929580
v 0.0244808 -0.3781939 0.0851748
v 0.2595333 -0.2335117 0.0872068
v 0.2599155 -0.2337334 0.0753698
v 0.2854988 -0.2189883 0.0748692
v 0.2859133 -0.2182269 0.0875071
v 0.3076572 -0.2053014 0.0806857
v 0.3278526 -0.1936022 0.0677019
v 0.3362012 -0.1887663 0.0623516
v 0.3442303 -0.1830041 0.0620931
v 0.3471590 -0.1802958 0.0640544
v 0.3494345 -0.1757203 0.0662138
v -0.0596189 -0.3058198 -0.0673363
v -0.0598931 -0.3123316 -0.0636052
v -0.0543540 -0.3057070 -0.0614740
v 0.0290004 -0.2627387 -0.1243795
v 0.0339042 -0.2642896 -0.1093647
v 0.0336831 -0.2623665 -0.1175177
v 0.0217349 -0.2636541 -0.1280644
v 0.0286263 -0.2677068 -0.1002633
v 0.0190742 -0.2711385 -0.0966748
v 0.0128436 -0.2662804 -0.1280316
v 0.0074836 -0.2743650 -0.0962475
v 0.0039337 -0.2697267 -0.1253354
v -0.0038836 -0.2733418 -0.1214998
v -0.0032128 -0.2773221 -0.0970880
v -0.0236021 -0.2842995 -0.1089825
v -0.0160864 -0.2821593 -0.0964376
v -0.0422829 -0.2930403 -0.0963182
v -0.0344593 -0.2929503 -0.0871377
v -0.0551646 -0.2981104 -0.0824515
v -0.0453994 -0.2978149 -0.0771252
v 0.3021894 -0.0906690 0.0690490
v 0.2970338 -0.0907964 0.0666366
v 0.2920057 -0.0931758 0.0642281
v 0.2826647 -0.0986162 0.0653474
v 0.2735569 -0.1044153 0.0727008
v 0.2541973 -0.1152611 0.0845422
v 0.2338104 -0.1265627 0.0896845
v 0.2080176 -0.1429026 0.0903545
v -0.0270627 -0.2846532 0.0954117
v -0.0407051 -0.2927595 0.0926930
v -0.0542347 -0.3007092 0.0869468
v -0.0647678 -0.3070164 0.0780072
v -0.0720707 -0.3116473 0.0664052
v -0.0757414 -0.3143923 0.0530293
v -0.0771550 -0.3158676 0.0402861
v -0.0745853 -0.3177477 -0.0293110
v -0.0711001 -0.3154061 -0.0457388
v -0.0490931 -0.3096830 -0.0819690
v -0.0074060 -0.3266592 -0.0919296
v 0.0053105 -0.3480925 -0.0900187
v -0.0187420 -0.3132300 -0.0906004
v -0.0366370 -0.3069174 -0.0912823
v -0.0154424 -0.2977833 -0.1031630
v -0.0041065 -0.3058149 -0.0981143
v -0.0019536 -0.2805269 -0.1022318
v 0.0104011 -0.2993750 -0.1020498
v 0.0188193 -0.3270371 -0.1008516
v 0.0211970 -0.3317889 -0.1016839
v 0.0251823 -0.3340326 -0.1028429
v 0.0291896 -0.3353306 -0.1031393
v 0.0437103 -0.3494264 -0.1035965
v 0.0182689 -0.3220053 -0.1008271
v 0.0046407 -0.3212729 -0.0969533
v 0.0055365 -0.2783395 -0.1024764
v 0.0160572 -0.2978008 -0.1033657
v 0.0150217 -0.2764704 -0.1028226
v 0.0227441 -0.2967726 -0.1058626
v 0.2814021 -0.0805317 0.0196162
v 0.3440018 -0.2059980 0.0158605
v 0.2771800 -0.0826285 0.0317832
v 0.3402546 -0.2078463 0.0280081
v 0.2706450 -0.0861716 0.0430411
v 0.3346804 -0.2108091 0.0392406
v 0.2620531 -0.0909766 0.0530016
v 0.3267638 -0.2152426 0.0491728
v 0.2517346 -0.0969038 0.0612409
v 0.3164617 -0.2211682 0.0574328
v 0.2396421 -0.1039616 0.0677809
v 0.3044115 -0.2282297 0.0626454
v 0.2275360 -0.1111432 0.0714663
v 0.2923573 -0.2354430 0.0650275
v 0.2140819 -0.1192050 0.0730935
v 0.2788914 -0.2434980 0.0666037
v -0.0112537 -0.2549494 0.0761708
v 0.0534945 -0.3791975 0.0721521
v -0.0238743 -0.2625718 0.0763609
v 0.0404290 -0.3870729 0.0724528
v -0.0362113 -0.2700802 0.0751958
v 0.0276477 -0.3948475 0.0713738
v -0.0470255 -0.2767744 0.0717315
v 0.0162739 -0.4018476 0.0680064
v -0.0549871 -0.2818227 0.0662403
v 0.0077680 -0.4072164 0.0624693
v -0.0604896 -0.2854732 0.0578573
v 0.0023090 -0.4108521 0.0540820
v -0.0641222 -0.2880152 0.0492077
v -0.0013191 -0.4133862 0.0454140
v 0.2830219 -0.0811234 -0.0220715
v 0.3456087 -0.2066092 -0.0258338
v 0.2797249 -0.0835614 -0.0340382
v 0.3428116 -0.2087745 -0.0378086
v 0.2740454 -0.0874023 -0.0450008
v 0.3381014 -0.2120702 -0.0487938
v 0.2662143 -0.0924960 -0.0545179
v 0.3309366 -0.2167735 -0.0583204
v 0.2565056 -0.0986558 -0.0622638
v 0.3212377 -0.2229317 -0.0660692
v 0.2449132 -0.1058910 -0.0681840
v 0.3095812 -0.2301413 -0.0706773
v 0.2330633 -0.1131644 -0.0712488
v 0.2977006 -0.2373913 -0.0724497
v 0.2197092 -0.1212776 -0.0721717
v 0.2843179 -0.2454869 -0.0733215
v -0.0058209 -0.2569261 -0.0636303
v 0.0588889 -0.3811792 -0.0672723
v -0.0184692 -0.2645437 -0.0631871
v 0.0458345 -0.3890605 -0.0668948
v -0.0309149 -0.2720110 -0.0613646
v 0.0329405 -0.3967795 -0.0651462
v -0.0420223 -0.2786087 -0.0573588
v 0.0212817 -0.4036843 -0.0611948
v -0.0504124 -0.2835092 -0.0514428
v 0.0123293 -0.4088901 -0.0552108
v -0.0565866 -0.2869039 -0.0427732
v 0.0061949 -0.4122936 -0.0465220
v -0.0609011 -0.2891844 -0.0339025
v 0.0019082 -0.4145534 -0.0376631
v 0.0583221 -0.3819959 -0.0799140
v -0.0213474 -0.2666138 -0.0756112
v -0.0064034 -0.2577437 -0.0763127
v 0.0434474 -0.3910335 -0.0793509
v -0.0360442 -0.2752917 -0.0732379
v 0.0288240 -0.3998280 -0.0770495
v -0.0494571 -0.2831984 -0.0681989
v 0.0153952 -0.4076957 -0.0720243
v -0.0499236 -0.3085042 -0.0614107
v -0.0599006 -0.2893776 -0.0608328
v -0.0677025 -0.2936345 -0.0494584
v -0.0031416 -0.3983317 -0.0641731
v -0.0577507 -0.3127492 -0.0500398
v 0.0048228 -0.4136230 -0.0646424
v -0.0729999 -0.2964158 -0.0383286
v -0.0110267 -0.4024517 -0.0527841
v -0.0630643 -0.3155081 -0.0389138
v -0.0029761 -0.4178865 -0.0532618
v -0.0762965 -0.2978890 -0.0251928
v -0.0163684 -0.4051164 -0.0416796
v -0.0663451 -0.3169701 -0.0257944
v -0.0082678 -0.4206624 -0.0421468
v -0.0788629 -0.2969410 0.0412665
v -0.0196918 -0.4065294 -0.0285364
v -0.0689117 -0.3160196 0.0406749
v -0.0115607 -0.4221517 -0.0290157
v -0.0674321 -0.3146564 0.0533232
v -0.0222716 -0.4055820 0.0379485
v -0.0773790 -0.2955771 0.0539074
v -0.0141478 -0.4211982 0.0374608
v -0.0631624 -0.3116896 0.0649964
v -0.0126611 -0.4198352 0.0500944
v -0.0731128 -0.2925663 0.0655876
v -0.0207748 -0.4042574 0.0505759
v -0.0554449 -0.3067053 0.0752230
v -0.0083887 -0.4168315 0.0617844
v -0.0654108 -0.2875654 0.0758189
v -0.0164460 -0.4013579 0.0622471
v -0.0440709 -0.2996274 0.0832897
v -0.0006958 -0.4118249 0.0720090
v -0.0540775 -0.2804423 0.0838946
v -0.0086765 -0.3965339 0.0724774
v -0.0308359 -0.2915724 0.0876819
v 0.0106556 -0.4047010 0.0800947
v -0.0408522 -0.2723098 0.0882536
v 0.0028251 -0.3896637 0.0805393
v -0.0170180 -0.2832758 0.0887005
v 0.0238609 -0.3965843 0.0844651
v -0.0270709 -0.2639787 0.0893135
v 0.0161979 -0.3818745 0.0849058
v 0.0376519 -0.3882272 0.0854286
v 0.0301737 -0.3738902 0.0858910
v 0.2940947 -0.2340479 0.0748822
v 0.2839944 -0.2147001 0.0759593
v 0.3081244 -0.2257176 0.0720965
v 0.2981855 -0.2066361 0.0729210
v 0.3221306 -0.2175028 0.0660012
v 0.3123638 -0.1987211 0.0665764
v 0.3140877 -0.1977845 0.0652039
v 0.3341550 -0.2106253 0.0564111
v 0.2791004 -0.1049435 0.0596550
v 0.2794304 -0.0807848 0.0486365
v 0.3434720 -0.2054368 0.0448382
v 0.3501118 -0.2019087 0.0317609
v 0.2694395 -0.0863787 0.0602235
v 0.2870407 -0.0767018 0.0355347
v 0.2574098 -0.0932383 0.0698152
v 0.3545580 -0.1997286 0.0176443
v 0.2670552 -0.1117696 0.0692361
v 0.2919702 -0.0742690 0.0213841
v 0.2433419 -0.1014230 0.0774083
v 0.3566136 -0.1990621 0.0030255
v 0.2529851 -0.1199044 0.0766202
v 0.2940028 -0.0735836 0.0067805
v 0.2292643 -0.1097544 0.0816972
v 0.3572544 -0.1992845 -0.0136068
v 0.2388767 -0.1281698 0.0806745
v 0.2946623 -0.0738150 -0.0098567
v 0.2937471 -0.0749204 -0.0243978
v 0.3563430 -0.2003704 -0.0281626
v 0.2899205 -0.0777573 -0.0383219
v 0.3529901 -0.2029442 -0.0420861
v 0.2833039 -0.0822033 -0.0510463
v 0.3473421 -0.2068688 -0.0548492
v 0.2741735 -0.0881204 -0.0621394
v 0.3389043 -0.2123648 -0.0659400
v 0.2628912 -0.0952457 -0.0711352
v 0.3276145 -0.2195014 -0.0749440
v 0.2493707 -0.1036287 -0.0780170
v 0.3140379 -0.2278734 -0.0803270
v 0.2355846 -0.1120743 -0.0815936
v 0.3001945 -0.2362791 -0.0824028
v 0.2206351 -0.1211090 -0.0826433
v 0.2852351 -0.2453197 -0.0833967
v -0.0485102 -0.3854722 0.0085818
v -0.0673094 -0.3574243 -0.0023492
v -0.0480665 -0.3856551 -0.0033603
v -0.0677652 -0.3572585 0.0095870
v -0.0693445 -0.3581854 0.0146457
v -0.0500975 -0.3864173 0.0136207
v -0.0535594 -0.3887722 0.0169610
v -0.0728124 -0.3605674 0.0179727
v -0.0581795 -0.3920675 0.0182461
v -0.0774483 -0.3638443 0.0192749
v -0.0627082 -0.3953813 0.0171793
v -0.0819573 -0.3671614 0.0181868
v -0.0659248 -0.3978640 0.0140037
v -0.0851738 -0.3696452 0.0150278
v -0.0868275 -0.3710369 0.0100485
v -0.0671111 -0.3989188 0.0090337
v -0.0666628 -0.3991002 -0.0029131
v -0.0863658 -0.3711974 -0.0018831
v -0.0650647 -0.3981588 -0.0079629
v -0.0843290 -0.3699464 -0.0069257
v -0.0808701 -0.3675770 -0.0102565
v -0.0616140 -0.3957982 -0.0112926
v -0.0762391 -0.3642794 -0.0115769
v -0.0569796 -0.3925101 -0.0125854
v -0.0717242 -0.3609641 -0.0104878
v -0.0524568 -0.3891895 -0.0115141
v -0.0685024 -0.3584973 -0.0073227
v -0.0492460 -0.3867262 -0.0083343
v -0.0630243 -0.3111377 -0.0439972
v -0.0671588 -0.3124772 -0.0283250
v -0.0702383 -0.3119158 0.0396528
v -0.0685199 -0.3102924 0.0512236
v -0.0646783 -0.3075108 0.0631279
v -0.0581120 -0.3032786 0.0732711
v -0.0489568 -0.2975414 0.0812164
v -0.0377329 -0.2905824 0.0857599
v -0.0264955 -0.2835154 0.0881787
v 0.2083415 -0.1429802 0.0827511
v 0.2332308 -0.1272854 0.0812857
v 0.0192178 -0.3211811 -0.0979355
v 0.0197452 -0.3260999 -0.0977252
v 0.0220929 -0.3307827 -0.0983835
v 0.0260339 -0.3330348 -0.0993221
v 0.0297946 -0.3334173 -0.1004083
v 0.0189286 -0.2648985 -0.1011304
v 0.0054871 -0.2833510 -0.1039001
v 0.0160312 -0.2831494 -0.1029306
v 0.0088384 -0.2623047 -0.1018162
v 0.0263513 -0.2477969 -0.0990025
v 0.0018989 -0.2827158 -0.1122682
v 0.0173686 -0.2425752 -0.0993851
v 0.0377458 -0.2329965 -0.0967231
v 0.0054720 -0.2602810 -0.1100479
v 0.0305230 -0.2255405 -0.0967551
v 0.0523787 -0.2215257 -0.0944336
v 0.0145654 -0.2392446 -0.1074583
v 0.0121913 -0.2608174 -0.1175800
v 0.0088434 -0.2818769 -0.1196610
v 0.0207422 -0.2411050 -0.1151561
v 0.0285949 -0.2210732 -0.1046537
v 0.0222967 -0.2634166 -0.1168846
v 0.0338910 -0.2240593 -0.1125222
v 0.0193965 -0.2816810 -0.1186836
v 0.0465801 -0.2069656 -0.1018359
v 0.0473783 -0.2123166 -0.0941139
v 0.0256563 -0.2654550 -0.1086634
v 0.0229654 -0.2823092 -0.1103064
v 0.0325089 -0.2496549 -0.1067006
v 0.0296982 -0.2463177 -0.1147771
v 0.0430347 -0.2359920 -0.1046059
v 0.0411066 -0.2315101 -0.1124808
v 0.0557239 -0.2200595 -0.1101923
v 0.0565507 -0.2253991 -0.1024641
v 0.0692314 -0.2141794 -0.0922888
v 0.0507459 -0.2108425 -0.1098857
v 0.0721035 -0.2186009 -0.1004764
v 0.0871532 -0.2114322 -0.0904277
v 0.0725737 -0.2127139 -0.1080534
v 0.0886670 -0.2160676 -0.0987693
v 0.0701797 -0.2023706 -0.1074000
v 0.0905154 -0.2099609 -0.1061913
v 0.0908332 -0.1991965 -0.1052380
v 0.1050795 -0.2179631 -0.0974437
v 0.1049264 -0.2134790 -0.0889756
v 0.0672745 -0.1979291 -0.0991881
v 0.0893315 -0.1945699 -0.0969105
v 0.0668140 -0.2038496 -0.0916384
v 0.0874886 -0.2006887 -0.0894819
v 0.1079772 -0.2030441 -0.0878187
v 0.1269067 -0.2107774 -0.0867423
v 0.1213610 -0.2201871 -0.0880469
v 0.1111839 -0.1970781 -0.0951202
v 0.1113272 -0.2015688 -0.1035744
v 0.1429892 -0.2233490 -0.0863418
v 0.1352908 -0.2311014 -0.0877015
v 0.1313681 -0.2053269 -0.0939842
v 0.1302713 -0.2092950 -0.1025060
v 0.1082967 -0.2120149 -0.1047282
v 0.1551153 -0.2399076 -0.0866366
v 0.1458211 -0.2454707 -0.0879439
v 0.1521953 -0.2623090 -0.0887859
v 0.1202581 -0.2241559 -0.0965628
v 0.1247067 -0.2187175 -0.1038095
v 0.1331316 -0.2342376 -0.0962511
v 0.1463356 -0.2218653 -0.1021078
v 0.1428363 -0.2475141 -0.0964829
v 0.1386586 -0.2296213 -0.1034564
v 0.1485163 -0.2187290 -0.0935434
v 0.1614476 -0.2363889 -0.0938502
v 0.1584576 -0.2384204 -0.1023863
v 0.1491844 -0.2439835 -0.1037158
v 0.1555408 -0.2608372 -0.1045509
v 0.1487377 -0.2630557 -0.0972540
v 0.1539735 -0.2804831 -0.0901366
v 0.1503845 -0.2798479 -0.0985226
v 0.1573532 -0.2789978 -0.1058978
v 0.1476966 -0.2967123 -0.1001632
v 0.1510736 -0.2987292 -0.0919351
v 0.1658220 -0.2578391 -0.1033546
v 0.1408544 -0.3125129 -0.1021211
v 0.1436608 -0.3158532 -0.0940583
v 0.1544313 -0.2972685 -0.1077157
v 0.1678830 -0.2787996 -0.1049165
v 0.1692653 -0.2570907 -0.0948749
v 0.1714784 -0.2794365 -0.0965538
v 0.1624552 -0.2593188 -0.0875944
v 0.1645255 -0.2802737 -0.0891648
v 0.1611673 -0.3013293 -0.0912515
v 0.1526234 -0.3210466 -0.0936646
v 0.1322675 -0.3306411 -0.0963263
v 0.1679130 -0.3018794 -0.0987793
v 0.1394844 -0.3380940 -0.0963144
v 0.1176299 -0.3420843 -0.0986397
v 0.1587935 -0.3229142 -0.1013573
v 0.1645389 -0.2998456 -0.1070109
v 0.1559974 -0.3195585 -0.1094283
v 0.1470336 -0.3143709 -0.1098085
v 0.1447753 -0.3410848 -0.1041655
v 0.1303253 -0.3261686 -0.1042424
v 0.1428333 -0.3366052 -0.1120586
v 0.1356140 -0.3291447 -0.1121063
v 0.1209967 -0.3406106 -0.1143984
v 0.1168235 -0.3367432 -0.1063589
v 0.1007907 -0.3494464 -0.1007726
v 0.1259818 -0.3498332 -0.1147069
v 0.1012537 -0.3435437 -0.1083367
v 0.0828668 -0.3521914 -0.1026355
v 0.1041361 -0.3479740 -0.1165362
v 0.1065510 -0.3583060 -0.1171854
v 0.1268063 -0.3551720 -0.1069889
v 0.1060747 -0.3642223 -0.1096289
v 0.1226293 -0.3512951 -0.0989454
v 0.1031923 -0.3597920 -0.1014251
v 0.0840381 -0.3675906 -0.1119164
v 0.0825190 -0.3629396 -0.1035852
v 0.0620240 -0.3605805 -0.1052401
v 0.0650859 -0.3501473 -0.1040866
v 0.0858888 -0.3614803 -0.1193533
v 0.0862117 -0.3507038 -0.1184070
v 0.0653965 -0.3591065 -0.1210174
v 0.0847062 -0.3460757 -0.1100505
v 0.0682747 -0.3441834 -0.1113905
v 0.0684340 -0.3486614 -0.1198527
v 0.0531196 -0.3379899 -0.1122482
v 0.0486639 -0.3434207 -0.1050248
v 0.0402410 -0.3279080 -0.1125856
v 0.0347172 -0.3325256 -0.1053827
v 0.0520099 -0.3419581 -0.1207896
v 0.0464670 -0.3513719 -0.1220713
v 0.0621940 -0.3650693 -0.1137026
v 0.0305228 -0.3146502 -0.1123381
v 0.0242024 -0.3181620 -0.1051170
v 0.0178237 -0.3013328 -0.1042887
v 0.0430986 -0.3528514 -0.1063263
v 0.0420028 -0.3568314 -0.1148454
v 0.0270341 -0.3402729 -0.1067206
v 0.0303743 -0.3388010 -0.1224801
v 0.0148992 -0.3237142 -0.1064361
v 0.0248710 -0.3434078 -0.1152842
v 0.0380661 -0.3310560 -0.1211266
v 0.0182614 -0.3222379 -0.1221962
v 0.0275483 -0.3166934 -0.1208758
v 0.0119265 -0.3257512 -0.1149736
v 0.0040936 -0.3050535 -0.1139392
v 0.0075439 -0.3043106 -0.1054689
v 0.0109104 -0.3028241 -0.1212251
v 0.0211914 -0.2998482 -0.1200488
v 0.0246306 -0.2990974 -0.1115795
v 0.1225683 -0.2126016 -0.0787944
v 0.1478605 -0.2083260 -0.0833600
v 0.1387784 -0.2218767 -0.0787945
v 0.1561595 -0.2242423 -0.0812343
v 0.1476191 -0.2343864 -0.0781688
v 0.1599993 -0.2020130 -0.0856572
v 0.1613648 -0.2296397 -0.0810266
v 0.1520258 -0.2480204 -0.0771136
v 0.1725377 -0.2232454 -0.0843652
v 0.1736141 -0.1948637 -0.0858029
v 0.1660113 -0.2419347 -0.0808797
v 0.1680824 -0.2524345 -0.0806803
v 0.1530694 -0.2588604 -0.0763147
v 0.1798639 -0.2398026 -0.0855971
v 0.1739576 -0.2684050 -0.0807047
v 0.1551213 -0.2760896 -0.0759566
v 0.1878074 -0.2599600 -0.0888245
v 0.2042796 -0.2493920 -0.0890606
v 0.1946827 -0.2309756 -0.0873483
v 0.2648818 -0.2134203 -0.0853415
v 0.2552678 -0.1950188 -0.0836449
v 0.1860540 -0.2156095 -0.0863158
v 0.2466527 -0.1796494 -0.0826204
v 0.2342054 -0.1588897 -0.0821024
v 0.0113110 -0.2986359 -0.0969163
v 0.0196496 -0.2956969 -0.0986700
v 0.0277323 -0.2928839 -0.1018594
v 0.0335562 -0.2908088 -0.1069815
v 0.0353249 -0.2900048 -0.1148072
v 0.0336611 -0.2897142 -0.1219067
v 0.0289254 -0.2900233 -0.1276404
v 0.0222213 -0.2910637 -0.1306255
v 0.0127005 -0.2929304 -0.1292528
v 0.0033603 -0.2950264 -0.1239368
v -0.0050181 -0.2973022 -0.1181984
v -0.0242930 -0.3045344 -0.1061058
v -0.0407347 -0.3105717 -0.1003765
v -0.0534107 -0.3112482 -0.0955371
v -0.0686448 -0.3113360 -0.0866008
v -0.0801204 -0.3139196 -0.0793764
v -0.0840702 -0.3163991 -0.0750824
v -0.0870093 -0.3202584 -0.0692730
v -0.0892930 -0.3245155 -0.0634615
v -0.0908222 -0.3304865 -0.0573350
v -0.0911735 -0.3398521 -0.0516708
v -0.0883379 -0.3528664 -0.0470035
v -0.0819543 -0.3672668 -0.0451656
v -0.0788244 -0.3746498 -0.0463652
v -0.0754786 -0.3813187 -0.0486038
v -0.0716445 -0.3872447 -0.0517486
v -0.0658630 -0.3936803 -0.0573549
v -0.0595916 -0.3973408 -0.0640992
v -0.0511560 -0.3972108 -0.0739125
v -0.0418449 -0.3959753 -0.0832723
v -0.0305042 -0.3948006 -0.0916914
v -0.0174836 -0.3929471 -0.0978532
v -0.0016624 -0.3886542 -0.1013137
v 0.0198569 -0.3795424 -0.1046358
v 0.0333590 -0.3706109 -0.1101106
v 0.0360295 -0.3608692 -0.1153639
v 0.0437174 -0.3583086 -0.1195505
v 0.0483820 -0.3545394 -0.1208727
v 0.0514165 -0.3496455 -0.1203730
v 0.0515330 -0.3438776 -0.1171715
v 0.0513474 -0.3427942 -0.1137236
v 0.0506652 -0.3436453 -0.1102387
v 0.0492603 -0.3468360 -0.1069825
v 0.0449054 -0.3441861 -0.0988133
v 0.0516661 -0.3389062 -0.1023309
v 0.0567844 -0.3340446 -0.1080408
v 0.0590842 -0.3319601 -0.1146450
v 0.0578820 -0.3336696 -0.1218931
v 0.0537812 -0.3380465 -0.1278791
v 0.0463238 -0.3454257 -0.1316023
v 0.0388337 -0.3536477 -0.1309587
v 0.0326717 -0.3632746 -0.1237952
v 0.0241959 -0.3727695 -0.1172390
v 0.0112639 -0.3779222 -0.1116225
v -0.0042091 -0.3815767 -0.1066369
v -0.0179137 -0.3830502 -0.0985864
v -0.0327000 -0.3854882 -0.0921324
v -0.0425065 -0.3863657 -0.0834376
v -0.0505683 -0.3869021 -0.0757026
v -0.0580389 -0.3862460 -0.0676894
v -0.0635105 -0.3836941 -0.0621959
v -0.0687019 -0.3792146 -0.0576003
v -0.0722626 -0.3746381 -0.0550819
v -0.0754482 -0.3693759 -0.0533969
v -0.0783013 -0.3636003 -0.0526490
v -0.0820152 -0.3531788 -0.0537910
v -0.0847959 -0.3432207 -0.0579932
v -0.0845377 -0.3355351 -0.0632612
v -0.0825865 -0.3300694 -0.0685436
v -0.0801182 -0.3268437 -0.0733132
v -0.0771622 -0.3241048 -0.0781218
v -0.0739773 -0.3228816 -0.0813911
v -0.0633723 -0.3199833 -0.0865138
v -0.0488895 -0.3184985 -0.0921883
v -0.0321961 -0.3163141 -0.0968598
v -0.0212893 -0.3121205 -0.1007886
v -0.0026725 -0.3053919 -0.1087724
v -0.0015140 -0.2771506 -0.1169597
v 0.0096174 -0.3010218 -0.1166262
v 0.0095404 -0.2735854 -0.1202623
v 0.0212819 -0.2973750 -0.1201883
v 0.0209751 -0.2723385 -0.1190529
v 0.0246661 -0.2964108 -0.1179968
v 0.0247456 -0.2714519 -0.1149014
v 0.0266639 -0.2960193 -0.1139515
v 0.0254364 -0.2717115 -0.1094530
v 0.0228286 -0.2741916 -0.1052657
v 0.0270667 -0.2962400 -0.1097712
v 0.0183874 -0.3660175 -0.0810958
v 0.0040729 -0.3407156 -0.0836195
v -0.0033954 -0.3642533 -0.0718557
v -0.0049691 -0.3275465 -0.0844592
v -0.0166695 -0.3393805 -0.0715184
v -0.0272189 -0.3213494 -0.0721258
v -0.0171725 -0.3110751 -0.0823635
v 0.1123733 -0.2194286 -0.0786648
v 0.1289359 -0.2280307 -0.0794777
v 0.1043972 -0.2252405 -0.0823794
v 0.1216389 -0.2329792 -0.0837402
v 0.1382026 -0.2395123 -0.0795496
v 0.1313754 -0.2434828 -0.0844151
v 0.1430227 -0.2522876 -0.0788418
v 0.1444300 -0.2630096 -0.0780761
v 0.1362452 -0.2556785 -0.0841012
v 0.1273331 -0.2464963 -0.0914828
v 0.1171995 -0.2377694 -0.0910021
v 0.1321849 -0.2579106 -0.0913541
v 0.1376261 -0.2664307 -0.0835320
v 0.1465403 -0.2790639 -0.0771368
v 0.1385719 -0.2823574 -0.0827431
v 0.1384992 -0.2821766 -0.0827189
v 0.1338056 -0.2840094 -0.0910291
v 0.1335902 -0.2686220 -0.0909755
v 0.1335588 -0.2689071 -0.0976215
v 0.1332618 -0.2838875 -0.0983329
v 0.1383239 -0.2792308 -0.1071686
v 0.1537322 -0.2734110 -0.1150591
v 0.1392246 -0.2650999 -0.1063734
v 0.1321055 -0.2581432 -0.0979243
v 0.1735200 -0.2645040 -0.1100003
v 0.1544013 -0.2577113 -0.1137802
v 0.1382130 -0.2550520 -0.1066884
v 0.1272039 -0.2474278 -0.0980979
v 0.2039222 -0.2473022 -0.1008298
v 0.1706773 -0.2480784 -0.1089857
v 0.2634474 -0.2159471 -0.0958469
v 0.2530650 -0.1950975 -0.0954095
v 0.1942866 -0.2277235 -0.1006485
v 0.2446264 -0.1782210 -0.0951493
v 0.1859995 -0.2115997 -0.1004136
v 0.2344172 -0.1580555 -0.0948314
v 0.1760655 -0.1923606 -0.0995855
v 0.1627320 -0.2265868 -0.1082889
v 0.1464031 -0.2094301 -0.1090609
v 0.1212179 -0.2182908 -0.1152694
v 0.1385892 -0.2253973 -0.1141605
v 0.1040579 -0.2273345 -0.1129816
v 0.1229936 -0.2361473 -0.1091157
v 0.1006555 -0.2330123 -0.1079330
v 0.1492837 -0.2362773 -0.1134391
v 0.1333808 -0.2440792 -0.1073382
v 0.1534938 -0.2478725 -0.1132975
v 0.1167941 -0.2401010 -0.0982843
v 0.0987230 -0.2352961 -0.1015834
v 0.0991097 -0.2343754 -0.0945415
v 0.1012151 -0.2302879 -0.0871986
v -0.0571232 -0.3840215 -0.0418606
v -0.0562644 -0.3871411 -0.0435652
v -0.0593045 -0.3864756 -0.0392099
v -0.0584366 -0.3896013 -0.0409028
v -0.0567286 -0.3864873 -0.0360541
v -0.0602413 -0.3916150 -0.0431852
v -0.0580678 -0.3891341 -0.0458392
v -0.0740986 -0.3968753 -0.0538339
v -0.0719270 -0.3944158 -0.0564800
v -0.0750749 -0.3943197 -0.0580046
v -0.0728878 -0.4013099 -0.0543801
v -0.0772538 -0.3967795 -0.0553531
v -0.0799842 -0.3943418 -0.0551049
v -0.0778066 -0.3918769 -0.0577560
v -0.0835909 -0.3967007 -0.0567046
v -0.0813315 -0.3992526 -0.0572908
v -0.0805845 -0.3984817 -0.0609231
v -0.0832797 -0.3954346 -0.0602449
v -0.0786122 -0.4009639 -0.0570564
v -0.0756907 -0.4016917 -0.0560580
v -0.0771086 -0.4006663 -0.0606237
v -0.0777013 -0.3951261 -0.0617372
v -0.0799537 -0.3925658 -0.0611647
v -0.0734004 -0.4015953 -0.0593587
v -0.0749546 -0.3968407 -0.0615057
v -0.0700604 -0.4011356 -0.0573591
v -0.0720362 -0.3975675 -0.0605027
v -0.0692483 -0.3971864 -0.0588348
v -0.0547915 -0.3916580 -0.0477014
v -0.0552782 -0.3955113 -0.0459921
v -0.0526947 -0.3901932 -0.0456409
v -0.0584254 -0.3957915 -0.0432686
v -0.0527844 -0.3937273 -0.0435364
v -0.0563327 -0.3943277 -0.0411851
v -0.0553292 -0.3921093 -0.0391597
v -0.0514972 -0.3909098 -0.0409621
v -0.0554331 -0.3894008 -0.0373795
v -0.0516889 -0.3879706 -0.0436326
v -0.0516350 -0.3874608 -0.0387053
v -0.0531631 -0.3839785 -0.0371037
v -0.0517999 -0.3852536 -0.0418572
v -0.0530658 -0.3823427 -0.0405271
v -0.0957343 -0.3641069 -0.0480643
v -0.0982988 -0.3641067 -0.0512170
v -0.0965994 -0.3609530 -0.0463636
v -0.0995921 -0.3611819 -0.0498860
v -0.0996971 -0.3584624 -0.0481200
v -0.1034018 -0.3631155 -0.0485751
v -0.1018647 -0.3665997 -0.0501839
v -0.1035556 -0.3596709 -0.0463344
v -0.1032374 -0.3653142 -0.0454383
v -0.1019596 -0.3682459 -0.0467614
v -0.0986954 -0.3562531 -0.0460848
v -0.1033432 -0.3626018 -0.0436516
v -0.0987764 -0.3634211 -0.0437256
v -0.0978924 -0.3665563 -0.0453976
v -0.0948069 -0.3589771 -0.0441006
v -0.1023417 -0.3603800 -0.0416420
v -0.0969744 -0.3614423 -0.0414535
v -0.1022502 -0.3568305 -0.0437575
v -0.1002426 -0.3589160 -0.0395599
v -0.0809387 -0.3536967 -0.0334614
v -0.0997630 -0.3550676 -0.0412777
v -0.0966152 -0.3547800 -0.0440185
v -0.0821483 -0.3492770 -0.0329152
v -0.0849693 -0.3494437 -0.0299302
v -0.0777744 -0.3538049 -0.0319307
v -0.0857845 -0.3534061 -0.0284583
v -0.0831027 -0.3561680 -0.0307952
v -0.0799511 -0.3562728 -0.0292627
v -0.0750570 -0.3562333 -0.0321739
v -0.0772311 -0.3586843 -0.0295326
v -0.0750794 -0.3580101 -0.0261220
v -0.0829833 -0.3530205 -0.0267766
v -0.0816361 -0.3489945 -0.0279148
v -0.0773476 -0.3554553 -0.0255295
v -0.0717708 -0.3551536 -0.0270515
v -0.0800674 -0.3537334 -0.0257699
v -0.0793494 -0.3488888 -0.0312182
v -0.0779234 -0.3499246 -0.0266449
v -0.0744599 -0.3520878 -0.0263434
v -0.0714493 -0.3538624 -0.0305777
v -0.0764251 -0.3495999 -0.0302263
v -0.0737017 -0.3513178 -0.0299926
vn 0.5084 -0.8611 -0.0004
vn 0.5085 -0.8611 -0.0005
vn 0.5083 -0.8612 -0.0004
vn 0.0043 -1.0000 -0.0004
vn 0.0040 -1.0000 -0.0003
vn 0.0044 -1.0000 -0.0005
vn -0.0005 1.0000 -0.0005
vn -0.0002 1.0000 -0.0002
vn -0.0005 1.0000 0.0005
vn -0.4568 0.8896 -0.0005
vn -0.2741 0.9617 -0.0003
vn -0.2740 0.9617 -0.0005
vn -0.0815 0.9967 -0.0005
vn 0.9694 -0.2456 0.0005
vn 0.9694 -0.2457 0.0005
vn 0.9693 -0.2457 0.0006
vn 0.9694 -0.2456 0.0006
vn -0.9447 0.3279 -0.0003
vn -0.9447 0.3280 -0.0000
vn 0.4745 0.8274 -0.3005
vn 0.5923 0.5894 -0.5493
vn 0.5690 0.6590 -0.4919
vn 0.4745 0.8273 -0.3006
vn 0.4745 0.8274 0.3005
vn 0.5923 0.5894 0.5493
vn 0.5691 0.6590 0.4918
vn 0.4207 0.7375 0.5283
vn 0.0777 0.8505 0.5202
vn 0.0748 0.8507 0.5204
vn 0.4214 0.7372 0.5281
vn -0.0765 0.8516 0.5185
vn -0.0766 0.8517 0.5185
vn 0.0746 0.8507 0.5204
vn 0.0778 0.8505 -0.5201
vn 0.4204 0.7376 -0.5284
vn 0.0748 0.8507 -0.5204
vn -0.0766 0.8516 -0.5185
vn -0.0765 0.8516 -0.5186
vn 0.4216 0.7372 -0.5281
vn 0.7332 0.4236 -0.5320
vn 0.8504 0.0719 -0.5212
vn 0.7332 0.4235 -0.5320
vn 0.7333 0.4234 -0.5320
vn 0.8460 0.1110 -0.5215
vn 0.4023 -0.8635 0.3043
vn 0.4023 -0.8635 0.3042
vn 0.4020 -0.8635 -0.3045
vn 0.4023 -0.8635 -0.3043
vn 0.4019 -0.8635 -0.3047
vn 0.4020 -0.8635 0.3046
vn 0.4023 -0.8634 0.3043
vn 0.4023 -0.8634 0.3044
vn 0.4020 -0.8635 0.3045
vn 0.4019 -0.8635 0.3047
vn 0.4020 -0.8635 -0.3046
vn 0.4023 -0.8634 -0.3044
vn 0.4023 -0.8634 -0.3043
vn 0.4023 -0.8635 -0.3042
vn -0.0000 0.6299 0.7767
vn -0.0003 0.6300 0.7766
vn -0.0005 0.6300 0.7766
vn -0.0000 0.6299 -0.7767
vn -0.0003 0.6300 -0.7766
vn -0.0007 0.6300 -0.7766
vn -0.0005 0.8849 0.4657
vn -0.0003 0.8849 0.4658
vn -0.0004 0.8849 0.4657
vn -0.0003 0.8849 0.4659
vn -0.0003 0.8849 -0.4658
vn -0.0004 0.8849 -0.4657
vn -0.0000 0.8848 -0.4660
vn -0.6256 0.6258 0.4657
vn -0.6255 0.6258 0.4659
vn -0.6258 0.6258 0.4656
vn -0.6256 0.6258 0.4658
vn -0.6256 0.6258 -0.4657
vn -0.6256 0.6258 -0.4658
vn 0.4803 0.6033 -0.6367
vn 0.4802 0.6035 0.6366
vn 0.4020 -0.8288 0.3892
vn 0.4020 -0.8288 0.3893
vn 0.4018 -0.8294 -0.3881
vn -0.2700 -0.9134 -0.3046
vn -0.2699 -0.9134 -0.3047
vn -0.2701 -0.9134 -0.3045
vn -0.2701 -0.9134 -0.3046
vn -0.2700 -0.9134 0.3046
vn -0.2699 -0.9134 0.3047
vn -0.2701 -0.9134 0.3046
vn -0.2702 -0.9134 0.3045
vn 0.5145 -0.8575 0.0005
vn -0.6378 0.2283 -0.7356
vn -0.6378 0.2283 0.7356
vn 0.5114 -0.8362 -0.1980
vn 0.5118 -0.8360 -0.1979
vn 0.5114 -0.8363 -0.1979
vn 0.5114 -0.8363 0.1979
vn 0.5118 -0.8360 0.1979
vn 0.5114 -0.8362 0.1980
vn 0.5117 -0.8361 0.1979
vn 0.9020 -0.2456 0.3550
vn 0.9020 -0.2457 0.3551
vn 0.9020 -0.2457 0.3550
vn 0.9020 -0.2456 -0.3550
vn 0.7332 0.4236 0.5320
vn 0.4216 0.7371 0.5281
vn 0.4209 0.7374 0.5283
vn -0.2725 -0.9127 0.3045
vn -0.2723 -0.9127 0.3046
vn -0.2726 -0.9127 0.3045
vn -0.2722 -0.9127 0.3046
vn -0.2725 -0.9127 -0.3045
vn -0.2721 -0.9129 -0.3044
vn -0.2722 -0.9127 -0.3046
vn -0.2721 -0.9129 -0.3043
vn -0.1168 0.8987 0.4227
vn -0.1165 0.8988 0.4226
vn -0.1165 0.8988 0.4225
vn -0.1168 0.8987 -0.4227
vn -0.1165 0.8988 -0.4225
vn -0.1165 0.8988 -0.4226
vn 0.6012 0.7604 0.2457
vn 0.6011 0.7605 0.2456
vn 0.6012 0.7604 -0.2454
vn 0.6012 0.7604 -0.2457
vn 0.6011 0.7605 -0.2456
vn 0.6012 0.7604 -0.2456
vn 0.1010 0.5176 -0.8497
vn 0.1010 0.5174 0.8498
vn -0.1781 0.9357 0.3047
vn -0.1781 0.9357 0.3046
vn -0.1785 0.9357 0.3042
vn -0.1781 0.9357 -0.3046
vn -0.1781 0.9357 -0.3047
vn -0.1785 0.9357 -0.3042
vn -0.1784 0.9357 0.3044
vn -0.1786 0.9357 0.3042
vn -0.1784 0.9357 -0.3043
vn -0.1781 0.9356 -0.3047
vn -0.1786 0.9357 -0.3042
vn -0.1784 0.9357 -0.3044
vn -0.1781 0.9356 0.3047
vn -0.1784 0.9357 0.3043
vn 0.0806 0.5048 -0.8595
vn 0.0806 0.5047 -0.8595
vn 0.0807 0.5047 -0.8595
vn 0.0806 0.5037 0.8601
vn 0.0806 0.5036 0.8602
vn -0.7963 -0.6049 -0.0000
vn -0.7963 -0.6049 0.0005
vn 0.4325 -0.9017 -0.0000
vn 0.4325 -0.9016 0.0004
vn 0.4321 -0.9018 0.0004
vn 0.4327 -0.9016 -0.0000
vn 0.4325 -0.9016 0.0005
vn 0.4322 -0.9018 0.0003
vn -0.7629 0.5702 -0.3046
vn -0.7628 0.5704 -0.3044
vn -0.7630 0.5702 -0.3046
vn -0.7629 0.5704 -0.3045
vn -0.7629 0.5703 0.3045
vn -0.7629 0.5704 0.3045
vn -0.7630 0.5702 0.3046
vn -0.9967 -0.0815 -0.0003
vn -0.9967 -0.0815 -0.0005
vn -0.9967 -0.0815 -0.0000
vn -0.9934 0.1147 -0.0004
vn -0.9520 0.3062 -0.0005
vn -0.2756 -0.9117 0.3046
vn -0.2759 -0.9117 0.3043
vn -0.2758 -0.9118 0.3043
vn -0.2757 -0.9117 0.3046
vn -0.2759 -0.9118 -0.3042
vn -0.2756 -0.9117 -0.3046
vn -0.2757 -0.9117 -0.3046
vn 0.7345 0.3269 -0.5947
vn 0.7345 0.3270 -0.5947
vn 0.7345 0.3269 0.5947
vn 0.7345 0.3270 0.5947
vn -0.8530 -0.5219 0.0006
vn -0.8530 -0.5219 0.0005
vn 0.5143 0.2370 -0.8242
vn 0.2455 0.4357 -0.8660
vn 0.2466 0.4352 -0.8659
vn 0.5300 0.2223 -0.8184
vn 0.1247 0.5009 -0.8565
vn 0.1246 0.5008 -0.8565
vn 0.9129 -0.2720 0.3043
vn 0.9128 -0.2722 0.3044
vn 0.9129 -0.2721 0.3043
vn 0.9127 -0.2723 0.3047
vn 0.9129 -0.2720 -0.3043
vn 0.9128 -0.2722 -0.3045
vn 0.9129 -0.2721 -0.3043
vn 0.9127 -0.2723 -0.3047
vn 0.2453 0.4354 0.8661
vn 0.4325 0.2497 0.8664
vn 0.2466 0.4352 0.8659
vn 0.1247 0.5009 0.8565
vn 0.1246 0.5008 0.8565
vn 0.9055 -0.3461 -0.2455
vn 0.9054 -0.3463 -0.2455
vn 0.9055 -0.3462 -0.2455
vn 0.9053 -0.3464 -0.2458
vn 0.9055 -0.3462 0.2455
vn 0.9054 -0.3463 0.2455
vn 0.9055 -0.3461 0.2455
vn 0.9052 -0.3464 0.2461
vn 0.9915 0.1297 -0.0003
vn 0.9916 0.1296 -0.0004
vn 1.0000 -0.0005 -0.0005
vn 0.9271 0.3749 -0.0005
vn 0.9271 0.3748 -0.0000
vn 0.8704 0.4924 -0.0000
vn 0.8704 0.4923 -0.0003
vn 0.8704 0.4924 -0.0002
vn 0.8705 0.4922 -0.0004
vn 0.5923 0.5893 0.5494
vn 0.6461 0.2603 0.7174
vn 0.6481 0.2496 0.7195
vn 0.5691 0.6589 0.4919
vn -0.6870 0.0791 0.7223
vn -0.5107 0.4337 0.7423
vn -0.5108 0.4337 0.7423
vn -0.1898 0.6652 0.7221
vn -0.6870 0.0795 0.7223
vn -0.6963 -0.0570 0.7155
vn -0.1896 0.6652 0.7222
vn -0.0571 0.6962 0.7156
vn -0.0570 0.6964 0.7154
vn -0.6870 0.0791 -0.7223
vn -0.5108 0.4337 -0.7423
vn -0.5107 0.4339 -0.7423
vn -0.1898 0.6652 -0.7221
vn -0.6870 0.0793 -0.7223
vn -0.6963 -0.0570 -0.7155
vn -0.1896 0.6652 -0.7222
vn -0.0571 0.6962 -0.7156
vn -0.0570 0.6964 -0.7154
vn 0.9611 0.2761 0.0005
vn 0.9612 0.2760 0.0004
vn -0.2008 0.9796 -0.0005
vn -0.2008 0.9796 -0.0004
vn 0.3229 -0.8961 0.3045
vn 0.3228 -0.8962 0.3042
vn 0.3229 -0.8962 0.3044
vn 0.3229 -0.8962 -0.3044
vn 0.3229 -0.8961 -0.3045
vn 0.3228 -0.8962 -0.3042
vn 0.3229 -0.8962 0.3043
vn 0.3231 -0.8960 0.3045
vn 0.3231 -0.8960 -0.3045
vn 0.3229 -0.8962 -0.3043
vn 0.3228 -0.8962 0.3043
vn 0.3231 -0.8960 0.3046
vn 0.3231 -0.8960 -0.3046
vn 0.3228 -0.8962 -0.3043
vn 0.3621 -0.8318 0.4207
vn 0.3620 -0.8319 0.4206
vn 0.3620 -0.8318 0.4207
vn 0.3620 -0.8318 0.4208
vn 0.3621 -0.8318 -0.4207
vn 0.3620 -0.8318 -0.4207
vn 0.3620 -0.8319 -0.4206
vn 0.3620 -0.8318 -0.4208
vn -0.3607 -0.8815 0.3046
vn -0.3610 -0.8816 0.3042
vn -0.3606 -0.8816 0.3046
vn -0.3610 -0.8815 0.3045
vn -0.3607 -0.8815 -0.3046
vn -0.3609 -0.8815 -0.3045
vn -0.3610 -0.8815 -0.3045
vn -0.3606 -0.8816 -0.3046
vn -0.9963 -0.0855 0.0005
vn -0.0734 0.9775 -0.1978
vn -0.0734 0.9775 0.1978
vn -0.7616 0.5721 -0.3043
vn -0.7617 0.5720 -0.3043
vn -0.7617 0.5720 -0.3044
vn -0.7616 0.5721 0.3044
vn -0.7618 0.5720 0.3043
vn -0.2568 -0.9460 -0.1978
vn -0.2567 -0.9460 -0.1978
vn -0.2568 -0.9460 0.1978
vn -0.2563 -0.9461 0.1978
vn -0.8594 -0.5113 -0.0003
vn -0.8594 -0.5113 -0.0004
vn -0.8593 -0.5114 -0.0004
vn -0.8593 -0.5115 -0.0005
vn -0.9016 -0.4326 0.0003
vn -0.9016 -0.4325 0.0005
vn 0.9838 0.1793 -0.0003
vn 0.9838 0.1794 -0.0004
vn 0.9838 0.1792 -0.0000
vn -0.6450 -0.3947 0.6544
vn -0.6453 -0.3944 0.6543
vn -0.6452 -0.3945 0.6543
vn -0.6452 -0.3945 -0.6543
vn -0.6450 -0.3947 -0.6544
vn -0.6454 -0.3943 -0.6542
vn 0.9516 0.3074 -0.0000
vn 0.9516 0.3074 -0.0005
vn 0.9516 0.3074 -0.0006
vn -0.9016 -0.4325 0.0004
vn -0.9016 -0.4325 -0.0005
vn -0.9016 -0.4326 -0.0003
vn -0.9016 -0.4326 -0.0000
vn 0.8476 0.2040 -0.4899
vn 0.8476 0.2040 0.4899
vn -0.9199 -0.3922 -0.0004
vn -0.5252 -0.3796 -0.7616
vn -0.5252 -0.3795 -0.7617
vn -0.5252 -0.3796 -0.7617
vn -0.5252 -0.3796 0.7616
vn -0.5252 -0.3796 0.7617
vn -0.5252 -0.3795 0.7617
vn 0.9026 0.4305 -0.0005
vn 0.9134 -0.2702 -0.3045
vn 0.9133 -0.2704 -0.3046
vn 0.9133 -0.2707 -0.3044
vn 0.9134 -0.2702 0.3045
vn 0.9133 -0.2704 0.3046
vn 0.9133 -0.2707 0.3044
vn -0.9810 -0.1938 0.0005
vn -0.9810 -0.1938 0.0006
vn -0.9810 -0.1938 0.0003
vn -0.9810 -0.1939 0.0003
vn -0.9810 -0.1941 -0.0000
vn -0.9810 -0.1939 0.0004
vn -0.6962 -0.0571 -0.7155
vn -0.6964 -0.0569 -0.7154
vn -0.6964 -0.0569 -0.7153
vn -0.6966 -0.0569 -0.7152
vn -0.6962 -0.0571 0.7155
vn -0.6964 -0.0569 0.7153
vn -0.6964 -0.0569 0.7154
vn -0.6966 -0.0569 0.7152
vn -0.9366 -0.3503 -0.0000
vn -0.9366 -0.3503 -0.0003
vn 0.3922 -0.9199 -0.0001
vn 0.3923 -0.9198 0.0005
vn 0.3923 -0.9199 0.0005
vn 0.3922 -0.9199 0.0005
vn 0.3923 -0.9198 0.0004
vn 0.3924 -0.9198 0.0003
vn 0.3922 -0.9199 0.0001
vn 0.3921 -0.9199 0.0004
vn -0.9734 -0.2291 0.0003
vn -0.9734 -0.2291 0.0005
vn 0.5719 0.7617 0.3047
vn 0.5720 0.7616 0.3047
vn 0.5720 0.7617 0.3045
vn 0.5720 0.7616 0.3046
vn 0.5720 0.7616 -0.3047
vn 0.5719 0.7617 -0.3047
vn 0.5720 0.7617 -0.3045
vn 0.5720 0.7616 -0.3046
vn -0.9516 -0.3075 0.0003
vn -0.9515 -0.3076 -0.0000
vn -0.9516 -0.3074 0.0004
vn -0.9810 -0.1939 0.0005
vn -0.9810 -0.1939 -0.0000
vn -0.9645 -0.2642 0.0005
vn -0.9645 -0.2642 0.0003
vn -0.9366 -0.3503 0.0005
vn -0.9367 -0.3502 -0.0000
vn -0.9366 -0.3503 -0.0005
vn -0.9776 -0.2106 0.0005
vn -0.9776 -0.2105 0.0005
vn -0.7071 -0.3395 0.6203
vn -0.7070 -0.3394 0.6204
vn -0.7072 -0.3395 0.6202
vn -0.7071 -0.3395 -0.6203
vn -0.7070 -0.3394 -0.6204
vn -0.7072 -0.3395 -0.6202
vn -0.7073 -0.3395 0.6201
vn -0.7072 -0.3393 0.6203
vn -0.7071 -0.3393 0.6203
vn -0.7071 -0.3397 -0.6202
vn -0.7072 -0.3393 -0.6203
vn -0.7071 -0.3393 -0.6203
vn -0.7073 -0.3395 -0.6201
vn 0.5319 0.8104 -0.2455
vn 0.5321 0.8104 -0.2454
vn 0.5318 0.8104 -0.2458
vn 0.5321 0.8104 0.2454
vn 0.5319 0.8104 0.2455
vn 0.5321 0.8103 0.2454
vn -0.9015 -0.4327 -0.0000
vn -0.9016 -0.4325 -0.0004
vn -0.9644 -0.2643 -0.0000
vn -0.9645 -0.2642 -0.0005
vn -0.9644 -0.2644 -0.0000
vn -0.9644 -0.2643 -0.0003
vn -0.3608 -0.8815 0.3046
vn -0.3609 -0.8815 0.3045
vn -0.3608 -0.8815 -0.3046
vn 0.7887 0.2553 0.5592
vn 0.7887 0.2553 -0.5592
vn -0.6817 -0.3272 0.6544
vn -0.6817 -0.3272 -0.6544
vn -0.6960 -0.2964 0.6540
vn -0.6959 -0.2964 0.6541
vn -0.6957 -0.2963 0.6544
vn -0.6957 -0.2964 -0.6544
vn -0.6959 -0.2964 -0.6541
vn -0.6960 -0.2965 -0.6540
vn -0.6960 -0.2964 -0.6540
vn 0.4345 -0.8787 -0.1977
vn 0.4345 -0.8787 -0.1978
vn 0.4342 -0.8788 0.1979
vn 0.4345 -0.8787 0.1977
vn 0.4345 -0.8787 0.1978
vn -0.7691 -0.1518 0.6208
vn -0.7693 -0.1520 0.6206
vn -0.7693 -0.1519 0.6206
vn -0.7692 -0.1518 -0.6208
vn -0.7692 -0.1519 -0.6207
vn -0.7693 -0.1519 -0.6206
vn -0.7692 -0.1519 0.6207
vn -0.7692 -0.1519 0.6208
vn -0.7693 -0.1520 -0.6205
vn -0.7692 -0.1521 -0.6207
vn -0.7693 -0.1521 -0.6205
vn -0.7691 -0.1518 -0.6208
vn -0.7692 -0.1521 0.6207
vn -0.7692 -0.1518 0.6207
vn -0.7693 -0.1520 0.6205
vn -0.7600 0.5742 0.3045
vn -0.7599 0.5744 0.3044
vn -0.7600 0.5741 0.3046
vn -0.7600 0.5742 -0.3045
vn -0.7599 0.5744 -0.3044
vn -0.7598 0.5745 -0.3044
vn -0.7598 0.5745 -0.3043
vn -0.2505 -0.8789 -0.4060
vn -0.2506 -0.8789 -0.4060
vn -0.2507 -0.8788 -0.4060
vn -0.7350 -0.2749 -0.6199
vn -0.7350 -0.2749 -0.6198
vn -0.7349 -0.2748 -0.6200
vn -0.7350 -0.2749 0.6199
vn -0.7350 -0.2749 0.6198
vn -0.7352 -0.2751 -0.6196
vn -0.7349 -0.2749 0.6200
vn -0.7348 -0.2747 0.6202
vn -0.7420 -0.1470 -0.6541
vn -0.7420 -0.1469 -0.6542
vn -0.7420 -0.1471 -0.6540
vn -0.7418 -0.1467 -0.6543
vn -0.7421 -0.1472 -0.6539
vn -0.7420 -0.1471 -0.6541
vn -0.7420 -0.1469 0.6542
vn -0.7420 -0.1470 0.6541
vn -0.7421 -0.1472 0.6539
vn -0.7421 -0.1461 0.6542
vn -0.7421 -0.1460 0.6542
vn -0.7422 -0.1460 0.6541
vn -0.9843 -0.1765 0.0006
vn -0.9844 -0.1761 -0.0000
vn -0.9843 -0.1763 0.0004
vn -0.9843 -0.1763 0.0003
vn -0.9844 -0.1762 0.0003
vn -0.9844 -0.1761 0.0004
vn -0.9843 -0.1763 0.0005
vn -0.9843 -0.1766 0.0005
vn -0.9843 -0.1765 -0.0006
vn -0.9843 -0.1763 -0.0004
vn 0.7937 0.1051 0.5992
vn 0.8056 0.0474 0.5906
vn 0.8055 0.0474 0.5906
vn 0.8135 0.0269 0.5809
vn 0.7935 0.1047 0.5995
vn 0.7682 0.2329 0.5964
vn 0.7701 0.2241 0.5973
vn 0.7438 0.3150 0.5895
vn 0.7935 0.1047 -0.5995
vn 0.7682 0.2329 -0.5964
vn 0.7701 0.2241 -0.5973
vn 0.7438 0.3150 -0.5895
vn 0.7937 0.1051 -0.5992
vn 0.8055 0.0474 -0.5906
vn 0.8056 0.0474 -0.5906
vn 0.8135 0.0269 -0.5809
vn -0.7083 -0.2649 0.6544
vn -0.7083 -0.2649 -0.6544
vn -0.7081 -0.2652 -0.6544
vn -0.7361 -0.1733 -0.6543
vn -0.7361 -0.1733 0.6543
vn -0.4744 -0.2818 -0.8340
vn -0.4744 -0.2818 0.8340
vn -0.7566 -0.2073 -0.6202
vn -0.7565 -0.2073 -0.6202
vn -0.7566 -0.2073 0.6202
vn -0.7565 -0.2073 0.6202
vn -0.7566 -0.2075 0.6201
vn -0.7566 -0.2074 0.6202
vn -0.7566 -0.2075 -0.6201
vn -0.7566 -0.2074 -0.6202
vn -0.7195 -0.2326 0.6543
vn -0.7196 -0.2330 0.6542
vn -0.7195 -0.2326 0.6544
vn -0.7196 -0.2333 0.6541
vn -0.7196 -0.2332 -0.6541
vn -0.7196 -0.2329 -0.6542
vn -0.7195 -0.2326 -0.6543
vn -0.7196 -0.2330 -0.6541
vn -0.2502 -0.8778 0.4086
vn -0.2501 -0.8778 0.4085
vn -0.2504 -0.8776 0.4087
vn 0.9990 0.0443 0.0004
vn 0.9990 0.0443 0.0003
vn 0.9979 0.0649 0.0004
vn 0.9979 0.0647 -0.0000
vn 0.9914 0.1307 -0.0003
vn 0.9844 0.1761 -0.0000
vn 0.9843 0.1763 -0.0004
vn -0.7293 -0.1998 0.6544
vn -0.7293 -0.1998 -0.6544
vn -0.9367 -0.3501 -0.0001
vn -0.9367 -0.3501 -0.0004
vn -0.9366 -0.3503 -0.0004
vn -0.9367 -0.3502 -0.0005
vn -0.9367 -0.3501 0.0001
vn -0.9367 -0.3501 0.0004
vn -0.9366 -0.3505 0.0005
vn -0.9366 -0.3503 0.0004
vn -0.2173 0.9761 0.0005
vn -0.2171 0.9761 0.0005
vn -0.2172 0.9761 0.0005
vn -0.2174 0.9761 0.0005
vn -0.2171 0.9761 0.0006
vn 0.7594 0.2603 0.5963
vn 0.7872 0.1803 0.5898
vn 0.7560 0.2693 0.5966
vn 0.7049 0.3854 0.5955
vn 0.7046 0.3863 0.5953
vn 0.7508 0.1969 0.6306
vn 0.7556 0.1705 0.6325
vn 0.7714 -0.0767 0.6317
vn 0.7715 -0.0769 0.6316
vn 0.7560 0.2693 -0.5966
vn 0.7049 0.3854 -0.5955
vn 0.7046 0.3863 -0.5953
vn 0.7507 0.1968 -0.6306
vn 0.7594 0.2603 -0.5963
vn 0.7872 0.1803 -0.5898
vn 0.7556 0.1705 -0.6325
vn 0.7714 -0.0767 -0.6317
vn 0.8815 -0.3610 -0.3043
vn 0.8815 -0.3610 0.3043
vn 0.6857 0.0934 0.7219
vn 0.6461 0.2603 0.7175
vn -0.8084 0.5037 -0.3047
vn -0.8083 0.5038 -0.3047
vn -0.8085 0.5036 -0.3043
vn -0.8084 0.5036 -0.3048
vn -0.8083 0.5037 0.3048
vn -0.8083 0.5038 0.3047
vn -0.8085 0.5037 0.3043
vn -0.8083 0.5039 0.3047
vn 0.8690 -0.4294 0.2457
vn 0.8691 -0.4294 0.2457
vn 0.8691 -0.4293 0.2457
vn 0.8690 -0.4294 -0.2457
vn 0.5706 0.7626 0.3046
vn 0.5703 0.7628 0.3048
vn 0.5705 0.7628 0.3045
vn 0.5701 0.7629 0.3048
vn 0.5703 0.7628 -0.3048
vn 0.5706 0.7626 -0.3046
vn 0.5703 0.7629 -0.3045
vn 0.5701 0.7629 -0.3048
vn 0.9016 0.4326 -0.0003
vn 0.8810 0.4731 -0.0000
vn 0.8593 0.5114 0.0006
vn 0.8593 0.5115 0.0005
vn -0.8849 -0.0005 -0.4657
vn -0.8849 -0.0000 -0.4658
vn -0.8850 -0.0007 -0.4657
vn -0.8849 -0.0005 0.4657
vn -0.8850 -0.0007 0.4657
vn 0.9141 -0.2684 0.3041
vn 0.9140 -0.2682 0.3043
vn 0.9140 -0.2682 0.3044
vn 0.9140 -0.2685 0.3041
vn 0.9140 -0.2682 -0.3044
vn 0.9140 -0.2682 -0.3043
vn 0.9140 -0.2681 -0.3045
vn 0.9140 -0.2683 -0.3042
vn 0.6857 0.0934 -0.7219
vn 0.6481 0.2496 -0.7195
vn 0.6852 0.0933 -0.7224
vn 0.7197 0.0064 -0.6943
vn 0.6462 0.2603 -0.7174
vn 0.5923 0.5893 -0.5494
vn 0.5691 0.6589 -0.4919
vn 0.7321 -0.0004 -0.6812
vn -0.8069 -0.5063 0.3044
vn -0.8067 -0.5065 0.3044
vn -0.8068 -0.5063 0.3045
vn -0.8069 -0.5063 0.3043
vn -0.8068 -0.5063 -0.3045
vn -0.8069 -0.5063 -0.3044
vn -0.8069 -0.5063 -0.3043
vn -0.8067 -0.5065 -0.3044
vn -0.1920 0.8865 -0.4211
vn -0.1920 0.8866 -0.4208
vn -0.1920 0.8867 -0.4207
vn -0.1920 0.8866 0.4208
vn -0.1920 0.8865 0.4211
vn -0.2622 0.9157 0.3045
vn -0.2622 0.9157 0.3046
vn -0.2622 0.9157 -0.3046
vn -0.2622 0.9157 -0.3045
vn -0.3610 -0.8815 0.3044
vn -0.3610 -0.8815 -0.3044
vn -0.2621 0.9157 -0.3046
vn -0.2621 0.9157 0.3046
vn -0.2622 0.9157 -0.3047
vn -0.2623 0.9158 0.3042
vn -0.2622 0.9157 0.3047
vn -0.2623 0.9158 0.3043
vn -0.7607 0.6181 -0.1980
vn -0.7607 0.6182 -0.1979
vn -0.7610 0.6180 -0.1976
vn -0.7607 0.6182 0.1979
vn -0.7607 0.6182 0.1980
vn -0.7610 0.6180 0.1976
vn 0.8597 0.5108 -0.0000
vn 0.8597 0.5108 -0.0003
vn 0.8597 0.5108 -0.0007
vn -0.6211 0.5525 0.5559
vn -0.6209 0.5529 0.5556
vn -0.6211 0.5524 0.5559
vn -0.6210 0.5529 0.5556
vn -0.6209 0.5529 -0.5556
vn -0.6211 0.5525 -0.5559
vn -0.6211 0.5524 -0.5559
vn -0.6211 0.5528 -0.5556
vn 0.6257 0.6256 0.4661
vn 0.6256 0.6257 0.4660
vn 0.6255 0.6260 0.4658
vn 0.6258 0.6256 0.4658
vn 0.6258 0.6256 -0.4658
vn 0.6255 0.6260 -0.4658
vn 0.9519 0.2634 0.1567
vn 0.9519 0.2633 0.1568
vn 0.9519 0.2632 0.1568
vn 0.9519 0.2633 0.1567
vn 0.9519 0.2634 -0.1568
vn 0.9519 0.2633 -0.1568
vn 0.9519 0.2632 -0.1568
vn 0.9519 0.2634 -0.1567
vn 0.3504 -0.9366 0.0001
vn 0.3503 -0.9366 0.0005
vn 0.3505 -0.9366 0.0003
vn 0.3504 -0.9366 0.0006
vn 0.3503 -0.9366 0.0003
vn 0.3503 -0.9366 0.0006
vn 0.3504 -0.9366 0.0005
vn 0.3503 -0.9367 0.0004
vn 0.8815 -0.3609 0.3044
vn 0.8815 -0.3609 -0.3044
vn -0.4386 -0.8455 0.3046
vn -0.4382 -0.8458 0.3043
vn -0.4387 -0.8455 0.3046
vn -0.4384 -0.8457 -0.3044
vn -0.4384 -0.8456 -0.3045
vn -0.4383 -0.8457 -0.3044
vn -0.4382 -0.8458 -0.3043
vn 0.9259 0.3435 0.1569
vn 0.9259 0.3436 0.1569
vn 0.9260 0.3435 0.1566
vn 0.9260 0.3435 -0.1568
vn 0.9260 0.3435 -0.1569
vn 0.9261 0.3432 -0.1565
vn 0.9710 0.1735 -0.1647
vn 0.9709 0.1737 -0.1650
vn 0.9710 0.1734 -0.1645
vn 0.9710 0.1735 0.1647
vn 0.9709 0.1737 0.1650
vn 0.9710 0.1734 0.1645
vn -0.8085 0.5037 -0.3044
vn -0.8084 0.5036 -0.3047
vn -0.8084 0.5037 0.3047
vn -0.8084 0.5036 0.3047
vn -0.8083 0.5039 0.3046
vn -0.9194 -0.3934 -0.0005
vn -0.9193 -0.3935 -0.0003
vn -0.9194 -0.3934 -0.0004
vn -0.9478 -0.0944 0.3045
vn -0.9478 -0.0942 0.3046
vn -0.9479 -0.0942 0.3042
vn -0.9479 -0.0943 0.3043
vn -0.9478 -0.0943 -0.3046
vn -0.9480 -0.0942 -0.3041
vn -0.9479 -0.0942 -0.3043
vn 0.9461 -0.2565 -0.1978
vn 0.9461 -0.2563 -0.1979
vn 0.9461 -0.2564 -0.1978
vn 0.9461 -0.2564 0.1978
vn 0.9461 -0.2563 0.1979
vn 0.9461 -0.2562 0.1979
vn 0.5036 0.8085 0.3044
vn 0.5034 0.8085 0.3047
vn 0.5035 0.8086 0.3045
vn 0.5035 0.8085 0.3046
vn 0.5034 0.8085 -0.3047
vn 0.5032 0.8086 -0.3048
vn 0.5037 0.8085 -0.3043
vn 0.5035 0.8085 -0.3046
vn -0.8587 -0.4122 -0.3046
vn -0.8588 -0.4120 -0.3045
vn -0.8588 -0.4120 0.3045
vn -0.8587 -0.4122 0.3046
vn 0.8456 0.1109 0.5222
vn 0.8552 -0.0004 0.5183
vn 0.8467 0.1021 0.5222
vn 0.7333 0.4235 0.5320
vn 0.7333 0.4234 0.5320
vn 0.5680 0.7646 0.3046
vn 0.5679 0.7647 0.3046
vn 0.5681 0.7646 0.3045
vn 0.5678 0.7647 0.3046
vn 0.5679 0.7647 -0.3046
vn 0.5680 0.7646 -0.3046
vn 0.5681 0.7646 -0.3045
vn 0.5678 0.7647 -0.3046
vn 0.8893 0.4266 0.1647
vn 0.8893 0.4266 0.1649
vn 0.8893 0.4266 0.1648
vn 0.8893 0.4265 0.1648
vn 0.8893 0.4266 -0.1647
vn 0.8893 0.4266 -0.1649
vn 0.8893 0.4265 -0.1648
vn -0.2281 0.9736 -0.0005
vn -0.2282 0.9736 -0.0005
vn 0.4997 0.0191 0.8660
vn 0.5000 0.0279 0.8656
vn 0.6857 0.0933 0.7219
vn 0.6852 0.0933 0.7224
vn 0.7197 0.0064 0.6943
vn 0.7320 -0.0006 0.6813
vn 0.7321 -0.0004 0.6812
vn 0.2945 -0.8553 -0.4264
vn 0.2944 -0.8551 -0.4267
vn 0.2945 -0.8552 -0.4266
vn 0.2945 -0.8553 0.4264
vn 0.2945 -0.8552 0.4266
vn 0.2944 -0.8551 0.4267
vn -0.3402 -0.9193 0.1978
vn -0.3405 -0.9192 0.1979
vn -0.3403 -0.9193 0.1978
vn -0.3406 -0.9191 -0.1979
vn -0.3402 -0.9193 -0.1978
vn -0.3403 -0.9193 -0.1978
vn -0.6424 -0.2750 -0.7153
vn -0.6423 -0.2749 -0.7155
vn -0.6425 -0.2751 -0.7152
vn -0.6422 -0.2750 0.7155
vn -0.6424 -0.2750 0.7153
vn -0.6422 -0.2749 0.7156
vn 0.9825 0.0846 0.1657
vn 0.9826 0.0845 0.1654
vn 0.9825 0.0846 -0.1657
vn 0.9826 0.0845 -0.1654
vn 0.9825 0.0846 -0.1660
vn -0.9377 -0.1675 0.3044
vn -0.9377 -0.1676 0.3044
vn -0.9376 -0.1677 -0.3046
vn -0.9376 -0.1677 -0.3047
vn 0.2409 -0.9216 -0.3043
vn 0.2408 -0.9216 -0.3043
vn 0.2407 -0.9217 -0.3042
vn 0.2409 -0.9216 -0.3044
vn 0.2410 -0.9216 -0.3044
vn 0.2407 -0.9217 0.3042
vn 0.2409 -0.9216 0.3043
vn 0.2410 -0.9216 0.3044
vn 0.2409 -0.9216 0.3044
vn 0.2408 -0.9216 0.3043
vn -0.2509 -0.7930 0.5551
vn -0.2507 -0.7929 0.5554
vn 0.4539 0.8565 0.2458
vn 0.4540 0.8564 0.2458
vn 0.4540 0.8565 0.2457
vn 0.4539 0.8565 -0.2458
vn 0.4539 0.8565 -0.2457
vn -0.2507 -0.7929 -0.5554
vn -0.2506 -0.7929 -0.5555
vn -0.8923 -0.3336 -0.3043
vn -0.8922 -0.3335 -0.3046
vn -0.8922 -0.3335 -0.3044
vn -0.8922 -0.3335 0.3046
vn -0.8922 -0.3335 0.3044
vn -0.8923 -0.3336 0.3043
vn -0.9187 -0.2516 0.3046
vn -0.9187 -0.2519 0.3044
vn -0.9186 -0.2518 0.3044
vn -0.9188 -0.2515 0.3043
vn -0.9186 -0.2518 -0.3044
vn -0.9187 -0.2516 -0.3046
vn -0.9188 -0.2515 -0.3043
vn -0.9187 -0.2519 -0.3044
vn -0.1617 0.9668 -0.1978
vn -0.1617 0.9668 0.1978
vn 0.2111 0.1014 0.9722
vn 0.2009 0.1205 0.9722
vn 0.2112 0.1013 0.9722
vn 0.1969 0.1156 0.9736
vn 0.2112 0.1014 0.9722
vn 0.2113 0.1014 0.9721
vn 0.2183 0.0952 0.9712
vn 0.2111 0.1013 0.9722
vn 0.2151 0.0924 0.9722
vn 0.2194 0.0836 0.9720
vn 0.2195 0.0836 0.9720
vn 0.2291 0.0963 0.9686
vn 0.2359 0.0777 0.9687
vn 0.2368 0.0786 0.9684
vn 0.2233 0.0894 0.9706
vn 0.2331 0.1011 0.9672
vn 0.2331 0.1012 0.9672
vn 0.2332 0.1012 0.9672
vn 0.2418 0.0562 0.9687
vn 0.2400 0.0562 0.9691
vn 0.2388 0.0562 0.9694
vn 0.2409 0.0562 0.9689
vn 0.2349 0.0494 0.9708
vn 0.2350 0.0494 0.9707
vn 0.2305 0.0413 0.9722
vn 0.2306 0.0413 0.9722
vn 0.2310 0.0415 0.9721
vn 0.2309 0.0415 0.9721
vn 0.2320 0.0307 0.9722
vn 0.2309 0.0414 0.9721
vn 0.2333 0.0202 0.9722
vn 0.2334 0.0202 0.9722
vn 0.2332 0.0200 0.9722
vn 0.2310 0.0101 0.9729
vn 0.2312 0.0093 0.9729
vn 0.2329 0.0200 0.9723
vn 0.2333 0.0200 0.9722
vn 0.2291 -0.0014 0.9734
vn 0.2290 -0.0014 0.9734
vn 0.2290 -0.0015 0.9734
vn -0.8095 -0.5021 0.3042
vn -0.8096 -0.5018 0.3044
vn -0.8096 -0.5018 -0.3044
vn -0.8095 -0.5021 -0.3042
vn -0.4384 -0.8457 0.3045
vn -0.4385 -0.8456 0.3044
vn -0.4385 -0.8455 0.3047
vn -0.4384 -0.8457 0.3044
vn -0.4386 -0.8455 -0.3046
vn -0.4385 -0.8455 -0.3047
vn 0.8073 0.4822 0.3403
vn 0.8073 0.4820 0.3405
vn 0.8073 0.4821 0.3404
vn 0.8073 0.4820 0.3404
vn 0.8073 0.4821 -0.3403
vn 0.8073 0.4821 -0.3404
vn 0.8073 0.4820 -0.3404
vn 0.8073 0.4820 -0.3405
vn 0.2290 -0.0014 -0.9734
vn 0.2291 -0.0014 -0.9734
vn 0.2310 0.0101 -0.9729
vn 0.2290 -0.0015 -0.9734
vn 0.2312 0.0093 -0.9729
vn 0.2333 0.0200 -0.9722
vn 0.2328 0.0200 -0.9723
vn 0.2332 0.0200 -0.9722
vn 0.2331 0.0200 -0.9722
vn 0.2320 0.0307 -0.9722
vn 0.2333 0.0202 -0.9722
vn 0.2309 0.0415 -0.9721
vn 0.2307 0.0412 -0.9722
vn 0.2310 0.0416 -0.9721
vn 0.2306 0.0413 -0.9722
vn 0.2310 0.0415 -0.9721
vn 0.2350 0.0494 -0.9707
vn 0.2349 0.0494 -0.9708
vn 0.2305 0.0413 -0.9722
vn 0.2388 0.0562 -0.9694
vn 0.2409 0.0562 -0.9689
vn 0.2359 0.0778 -0.9687
vn 0.2368 0.0786 -0.9684
vn 0.2418 0.0562 -0.9687
vn 0.2400 0.0562 -0.9691
vn 0.8457 -0.4384 0.3044
vn 0.8456 -0.4387 0.3042
vn 0.8457 -0.4385 0.3043
vn 0.8457 -0.4382 0.3044
vn 0.8457 -0.4385 -0.3043
vn 0.8457 -0.4383 -0.3044
vn 0.8457 -0.4384 -0.3043
vn 0.8457 -0.4382 -0.3044
vn 0.2331 0.1012 -0.9672
vn 0.2331 0.1011 -0.9672
vn 0.2291 0.0963 -0.9686
vn 0.2232 0.0894 -0.9707
vn 0.2192 0.0835 -0.9721
vn 0.2183 0.0952 -0.9712
vn 0.2151 0.0924 -0.9722
vn 0.2194 0.0836 -0.9720
vn 0.2193 0.0835 -0.9721
vn 0.2112 0.1013 -0.9722
vn 0.2113 0.1014 -0.9721
vn 0.2114 0.1011 -0.9722
vn 0.2111 0.1014 -0.9722
vn 0.1970 0.1153 -0.9736
vn 0.2112 0.1014 -0.9722
vn 0.2009 0.1205 -0.9722
vn 0.1909 0.1393 -0.9717
vn 0.1686 0.1168 -0.9787
vn 0.1910 0.1393 -0.9717
vn 0.1588 0.1051 -0.9817
vn 0.1911 0.1392 -0.9717
vn 0.1831 0.1314 -0.9743
vn 0.1607 0.1070 -0.9812
vn 0.1263 0.0167 0.9919
vn 0.1246 0.0073 0.9922
vn 0.1265 0.0172 0.9918
vn 0.1275 0.0288 0.9914
vn 0.1226 0.0025 0.9925
vn 0.1227 0.0025 0.9924
vn 0.1265 0.0406 0.9911
vn 0.1197 0.0513 0.9915
vn 0.1050 0.0562 0.9929
vn 0.0943 0.0581 0.9938
vn 0.1246 0.0073 -0.9922
vn 0.1263 0.0167 -0.9919
vn 0.1265 0.0172 -0.9918
vn 0.1275 0.0288 -0.9914
vn 0.1226 0.0025 -0.9925
vn 0.1227 0.0025 -0.9924
vn 0.1265 0.0406 -0.9911
vn 0.1197 0.0513 -0.9915
vn 0.1050 0.0562 -0.9929
vn 0.0942 0.0581 -0.9939
vn -0.7672 -0.6414 -0.0002
vn -0.8437 -0.5369 -0.0005
vn -0.9060 -0.4233 0.0004
vn -0.9059 -0.4235 0.0006
vn -0.7673 -0.6413 -0.0005
vn -0.7673 -0.6413 0.0005
vn -0.7672 -0.6414 0.0003
vn -0.8437 -0.5369 0.0005
vn -0.9060 -0.4233 -0.0004
vn -0.9059 -0.4235 -0.0006
vn -0.8085 0.5037 0.3044
vn 0.2360 0.0572 -0.9701
vn 0.2361 0.0572 -0.9701
vn 0.2361 0.0572 -0.9700
vn 0.2360 0.0572 0.9701
vn 0.2361 0.0572 0.9700
vn 0.2243 0.0914 0.9702
vn 0.2244 0.0914 0.9702
vn 0.2243 0.0914 -0.9702
vn 0.2244 0.0914 -0.9702
vn 0.2311 0.0416 0.9720
vn 0.2308 0.0414 0.9721
vn 0.2306 0.0412 0.9722
vn 0.2308 0.0414 -0.9721
vn 0.2309 0.0414 -0.9721
vn 0.2305 0.0414 -0.9722
vn 0.2114 0.1012 -0.9721
vn 0.2113 0.1012 -0.9722
vn 0.2115 0.1011 -0.9721
vn 0.2112 0.1015 -0.9722
vn 0.2113 0.1012 0.9722
vn 0.2111 0.1015 0.9722
vn 0.2115 0.1008 0.9722
vn 0.6718 0.0709 -0.7373
vn 0.5301 0.2223 -0.8183
vn 0.5144 0.2369 -0.8242
vn 0.6719 0.0709 -0.7372
vn 0.5038 0.8084 0.3045
vn 0.5039 0.8083 0.3045
vn 0.5038 0.8085 0.3043
vn 0.5037 0.8084 0.3044
vn 0.5037 0.8084 -0.3044
vn 0.5039 0.8083 -0.3045
vn 0.5037 0.8085 -0.3044
vn 0.1597 0.1070 0.9814
vn 0.1597 0.1070 0.9813
vn 0.1705 0.1177 0.9783
vn 0.1905 0.1396 0.9717
vn 0.1909 0.1393 0.9717
vn 0.1842 0.1324 0.9739
vn 0.1618 0.1080 0.9809
vn 0.2330 0.0200 0.9723
vn 0.2331 0.0201 0.9722
vn 0.2334 0.0200 0.9722
vn 0.2333 0.0199 0.9722
vn 0.2332 0.0198 0.9722
vn 0.2334 0.0200 -0.9722
vn 0.2329 0.0200 -0.9723
vn 0.2331 0.0201 -0.9722
vn 0.2333 0.0199 -0.9722
vn 0.2332 0.0198 -0.9722
vn 0.1861 0.1108 0.9763
vn 0.0924 0.0552 0.9942
vn 0.0923 0.0552 0.9942
vn -0.0014 -0.0005 1.0000
vn -0.2809 -0.0005 0.9597
vn -0.2808 -0.0005 0.9598
vn -0.5372 -0.0005 0.8434
vn 0.0925 0.0552 -0.9942
vn 0.1861 0.1108 -0.9763
vn 0.1861 0.1109 -0.9762
vn -0.0014 -0.0005 -1.0000
vn -0.2809 -0.0005 -0.9597
vn -0.2808 -0.0005 -0.9598
vn -0.5372 -0.0005 -0.8434
vn -0.0005 -0.0005 -1.0000
vn -0.0002 -0.0002 -1.0000
vn -0.0000 -0.0000 -1.0000
vn -0.0005 -0.0005 1.0000
vn -0.0002 -0.0002 1.0000
vn 0.6178 0.7610 -0.1979
vn 0.6180 0.7608 -0.1979
vn 0.6181 0.7607 -0.1979
vn 0.6181 0.7608 -0.1979
vn 0.6181 0.7608 0.1979
vn 0.6179 0.7609 0.1979
vn 0.6180 0.7609 0.1979
vn -0.8507 0.4286 0.3044
vn -0.8507 0.4285 0.3044
vn -0.8507 0.4284 0.3045
vn -0.8507 0.4285 -0.3044
vn -0.8508 0.4282 -0.3047
vn -0.8508 0.4284 -0.3045
vn 0.1841 0.1226 0.9752
vn 0.1841 0.1227 0.9752
vn 0.1851 0.1226 -0.9750
vn 0.1850 0.1226 -0.9751
vn 0.1851 0.1226 -0.9751
vn 0.8301 -0.5056 -0.2350
vn 0.8303 -0.5053 -0.2351
vn 0.8299 -0.5061 -0.2349
vn 0.8301 -0.5057 0.2350
vn 0.8302 -0.5056 0.2350
vn 0.8301 -0.5056 0.2350
vn -0.9484 -0.0885 -0.3044
vn -0.9484 -0.0886 -0.3044
vn -0.9483 -0.0889 -0.3045
vn -0.9484 -0.0890 0.3044
vn -0.9484 -0.0885 0.3044
vn -0.9484 -0.0883 0.3044
vn 0.3075 -0.9515 0.0003
vn 0.3074 -0.9516 0.0003
vn 0.3079 -0.9514 0.0003
vn 0.3075 -0.9515 -0.0000
vn 0.3075 -0.9516 0.0003
vn 0.3075 -0.9516 -0.0000
vn 0.3077 -0.9515 -0.0000
vn 0.3075 -0.9516 0.0004
vn 0.3074 -0.9516 0.0002
vn -0.0005 -0.0004 -1.0000
vn -0.0006 -0.0005 1.0000
vn -0.8587 -0.4121 -0.3046
vn -0.8589 -0.4117 -0.3046
vn -0.8587 -0.4121 -0.3045
vn -0.8589 -0.4117 0.3046
vn -0.8587 -0.4121 0.3046
vn -0.8587 -0.4121 0.3045
vn 0.3537 -0.9141 -0.1980
vn 0.3538 -0.9142 -0.1979
vn 0.3542 -0.9140 -0.1978
vn 0.3541 -0.9141 0.1978
vn 0.3537 -0.9141 0.1980
vn 0.3542 -0.9140 0.1979
vn 0.3542 -0.9140 0.1978
vn 0.1315 -0.0004 0.9913
vn 0.1316 -0.0003 0.9913
vn 0.1315 -0.0005 0.9913
vn 0.1316 -0.0003 -0.9913
vn 0.1315 -0.0004 -0.9913
vn 0.1315 -0.0005 -0.9913
vn -0.4382 -0.8458 -0.3044
vn -0.4385 -0.8456 0.3045
vn -0.4384 -0.8456 0.3044
vn -0.4384 -0.8456 0.3045
vn -0.4383 -0.8457 0.3044
vn -0.9376 -0.1678 0.3046
vn -0.9376 -0.1678 -0.3046
vn 0.8457 -0.4383 0.3044
vn 0.8456 -0.4385 0.3045
vn 0.8457 -0.4384 -0.3044
vn -0.8923 -0.3336 -0.3041
vn -0.8924 -0.3335 -0.3040
vn -0.8922 -0.3336 -0.3044
vn -0.8923 -0.3336 0.3041
vn -0.8922 -0.3336 0.3044
vn -0.8924 -0.3335 0.3040
vn 0.9192 -0.3405 -0.1979
vn 0.9191 -0.3408 -0.1980
vn 0.9192 -0.3406 -0.1979
vn 0.9191 -0.3406 -0.1980
vn 0.9192 -0.3406 0.1978
vn 0.9192 -0.3405 0.1978
vn -0.2643 0.9644 -0.0001
vn -0.2642 0.9645 -0.0005
vn -0.2643 0.9645 -0.0003
vn -0.2642 0.9645 -0.0004
vn -0.2644 0.9644 -0.0005
vn -0.2643 0.9644 -0.0004
vn -0.2645 0.9644 -0.0001
vn -0.9187 -0.2516 -0.3045
vn -0.9187 -0.2516 0.3045
vn -0.5133 -0.8024 -0.3043
vn -0.5133 -0.8025 -0.3043
vn -0.5134 -0.8024 -0.3043
vn -0.5136 -0.8024 -0.3039
vn -0.5131 -0.8025 0.3045
vn -0.5130 -0.8026 0.3045
vn -0.5136 -0.8024 0.3039
vn -0.6668 0.4969 -0.5554
vn -0.6672 0.4967 -0.5551
vn -0.6671 0.4969 -0.5550
vn -0.6670 0.4967 -0.5554
vn -0.6672 0.4967 0.5551
vn -0.6669 0.4968 0.5554
vn -0.6673 0.4963 0.5554
vn -0.9903 -0.1392 -0.0003
vn -0.9903 -0.1392 -0.0005
vn -0.9903 -0.1393 -0.0003
vn -0.9903 -0.1393 -0.0004
vn -0.9903 -0.1392 -0.0006
vn -0.9903 -0.1392 -0.0004
vn -0.8136 0.5467 -0.1979
vn -0.8135 0.5468 -0.1979
vn -0.8135 0.5468 -0.1981
vn -0.8136 0.5467 0.1979
vn -0.8135 0.5468 0.1979
vn -0.8135 0.5468 0.1981
vn 0.9186 0.2518 0.3046
vn 0.9188 0.2515 0.3043
vn 0.9189 0.2514 0.3041
vn 0.9186 0.2518 -0.3046
vn 0.9188 0.2515 -0.3042
vn -0.8507 0.4283 0.3047
vn -0.8506 0.4285 0.3046
vn -0.8507 0.4286 -0.3043
vn -0.8507 0.4286 -0.3044
vn -0.8506 0.4285 -0.3046
vn 0.8923 0.3336 0.3042
vn 0.8922 0.3335 0.3046
vn 0.8923 0.3336 0.3041
vn 0.8923 0.3336 -0.3042
vn 0.8922 0.3335 -0.3046
vn 0.8923 0.3336 -0.3041
vn 0.5038 0.8084 -0.3044
vn 0.5041 0.8081 -0.3047
vn 0.5038 0.8084 0.3044
vn 0.5037 0.8085 0.3044
vn 0.5035 0.8086 0.3043
vn -0.8135 -0.4957 -0.3042
vn -0.8133 -0.4960 -0.3043
vn -0.8131 -0.4963 -0.3042
vn -0.8133 -0.4959 -0.3044
vn 0.4286 0.8506 -0.3045
vn 0.4285 0.8507 -0.3044
vn 0.4287 0.8506 -0.3044
vn 0.4288 0.8505 -0.3046
vn -0.8133 -0.4960 0.3043
vn -0.8133 -0.4959 0.3044
vn -0.8135 -0.4957 0.3042
vn -0.8131 -0.4963 0.3042
vn 0.4284 0.8508 0.3044
vn 0.4286 0.8506 0.3045
vn 0.4288 0.8505 0.3046
vn -0.2614 0.8660 -0.4264
vn -0.2615 0.8658 -0.4266
vn -0.2613 0.8660 -0.4264
vn -0.2615 0.8660 0.4263
vn -0.2612 0.8658 0.4267
vn -0.2614 0.8658 0.4267
vn -0.2613 0.8660 0.4264
vn 0.8551 -0.0000 0.5185
vn 0.8552 -0.0003 0.5183
vn 0.8552 0.0004 -0.5183
vn 0.8460 0.1109 -0.5215
vn 0.8553 0.0005 -0.5181
vn 0.8552 0.0003 -0.5183
vn 0.8504 0.0718 -0.5212
vn 0.8553 0.0005 -0.5182
vn 0.8552 0.0005 -0.5182
vn 0.9377 0.1676 0.3043
vn 0.9378 0.1676 -0.3042
vn 0.9377 0.1676 -0.3043
vn -0.3437 0.8883 0.3046
vn -0.3438 0.8883 0.3044
vn -0.3437 0.8883 0.3047
vn -0.3434 0.8885 0.3043
vn -0.3434 0.8885 -0.3043
vn -0.3437 0.8883 -0.3046
vn -0.3438 0.8883 -0.3044
vn -0.3437 0.8883 -0.3047
vn -0.3435 0.8884 0.3045
vn -0.3435 0.8884 0.3044
vn -0.3435 0.8884 -0.3044
vn -0.3435 0.8884 -0.3045
vn 0.8587 0.4122 0.3044
vn 0.8587 0.4122 0.3046
vn 0.8587 0.4123 0.3043
vn 0.8587 0.4122 -0.3044
vn 0.8587 0.4122 -0.3046
vn 0.8587 0.4123 -0.3043
vn -0.3152 -0.7633 -0.5639
vn -0.3152 -0.7631 -0.5642
vn -0.3145 -0.7635 -0.5641
vn -0.3154 -0.7633 -0.5639
vn -0.3148 -0.7633 0.5642
vn -0.3148 -0.7634 0.5640
vn -0.3154 -0.7633 0.5639
vn -0.3148 -0.7633 0.5641
vn 0.9484 0.0885 -0.3045
vn 0.9484 0.0886 -0.3046
vn 0.9485 0.0884 -0.3043
vn 0.9484 0.0886 0.3045
vn 0.9485 0.0884 0.3043
vn 0.9484 0.0885 0.3045
vn 0.5000 0.0278 0.8656
vn 0.4989 -0.0952 0.8614
vn 0.4989 -0.0953 0.8614
vn -0.4215 -0.8850 0.1978
vn -0.4215 -0.8850 -0.1978
vn -0.4217 -0.8849 -0.1979
vn -0.9488 -0.0837 0.3044
vn -0.9489 -0.0835 0.3044
vn -0.9489 -0.0835 0.3043
vn -0.9489 -0.0834 0.3042
vn -0.9489 -0.0835 -0.3043
vn -0.9488 -0.0837 -0.3044
vn -0.9489 -0.0834 -0.3042
vn -0.9489 -0.0835 -0.3044
vn -0.8553 -0.0006 -0.5182
vn -0.8552 -0.0004 -0.5183
vn -0.8552 -0.0005 -0.5182
vn -0.8552 -0.0005 0.5182
vn -0.8552 -0.0004 0.5183
vn -0.8553 -0.0006 0.5182
vn -0.5134 -0.8024 0.3042
vn -0.5134 -0.8024 0.3043
vn -0.5131 -0.8025 -0.3045
vn -0.5134 -0.8024 -0.3042
vn -0.5135 -0.8024 -0.3042
vn -0.5137 -0.8023 -0.3039
vn 0.3777 0.8956 0.2350
vn 0.3776 0.8957 0.2349
vn 0.3776 0.8956 0.2350
vn 0.3777 0.8956 0.2351
vn 0.3774 0.8958 -0.2348
vn 0.3777 0.8956 -0.2350
vn 0.3778 0.8956 -0.2350
vn 0.3777 0.8956 -0.2351
vn 0.8458 -0.4382 -0.3044
vn 0.8458 -0.4380 -0.3045
vn 0.8456 -0.4385 -0.3043
vn 0.8458 -0.4381 0.3044
vn 0.8458 -0.4382 0.3044
vn 0.8456 -0.4385 0.3043
vn -0.8637 -0.4636 -0.1976
vn -0.8639 -0.4633 -0.1977
vn -0.8639 -0.4632 -0.1978
vn -0.8639 -0.4633 -0.1976
vn -0.8639 -0.4633 0.1977
vn -0.8639 -0.4632 0.1979
vn -0.8639 -0.4632 0.1978
vn -0.8639 -0.4633 0.1976
vn 0.2642 -0.9645 0.0005
vn 0.2640 -0.9645 0.0003
vn 0.2642 -0.9645 -0.0000
vn 0.2642 -0.9645 0.0004
vn 0.2642 -0.9645 0.0006
vn 0.2641 -0.9645 0.0002
vn 0.2641 -0.9645 -0.0002
vn 0.2642 -0.9645 0.0003
vn -0.8586 -0.4121 0.3048
vn -0.8588 -0.4120 0.3044
vn -0.8586 -0.4121 -0.3048
vn -0.8588 -0.4120 -0.3044
vn 0.8026 -0.5131 0.3044
vn 0.8025 -0.5132 0.3043
vn 0.8025 -0.5131 0.3044
vn 0.8025 -0.5132 -0.3043
vn 0.8026 -0.5131 -0.3044
vn -0.8506 0.4287 0.3046
vn -0.8508 0.4284 0.3044
vn -0.8506 0.4287 -0.3046
vn -0.8505 0.4290 -0.3044
vn 0.5467 0.8136 -0.1979
vn 0.5466 0.8137 -0.1979
vn 0.5463 0.8139 -0.1980
vn 0.5468 0.8135 0.1979
vn 0.5467 0.8136 0.1979
vn 0.5463 0.8138 0.1980
vn 0.5469 0.8135 0.1979
vn -0.8857 0.3506 -0.3044
vn -0.8858 0.3503 -0.3044
vn -0.8857 0.3505 -0.3044
vn 0.4286 0.8507 -0.3044
vn 0.4284 0.8508 -0.3044
vn 0.4285 0.8507 0.3044
vn 0.4289 0.8505 0.3046
vn 0.4287 0.8506 0.3044
vn -0.8858 0.3504 0.3044
vn -0.8858 0.3503 0.3044
vn -0.9376 -0.1678 -0.3047
vn -0.9377 -0.1675 -0.3043
vn -0.9376 -0.1677 0.3047
vn -0.9376 -0.1678 0.3047
vn -0.9377 -0.1675 0.3043
vn 0.2067 -0.8857 -0.4157
vn 0.2067 -0.8857 -0.4158
vn 0.2067 -0.8858 -0.4155
vn 0.2066 -0.8856 0.4160
vn 0.2067 -0.8858 0.4155
vn 0.2067 -0.8857 0.4158
vn 0.2066 -0.8857 0.4157
vn -0.9717 -0.1284 -0.1981
vn -0.9718 -0.1286 -0.1977
vn -0.9717 -0.1285 -0.1980
vn -0.9718 -0.1286 -0.1976
vn -0.9718 -0.1286 0.1977
vn -0.9717 -0.1284 0.1981
vn -0.9717 -0.1285 0.1980
vn -0.9718 -0.1286 0.1976
vn 0.8094 0.5021 0.3045
vn 0.8095 0.5021 0.3045
vn 0.8094 0.5021 -0.3045
vn 0.8097 0.5017 -0.3044
vn -1.0000 -0.0014 -0.0004
vn -0.8923 -0.3336 0.3042
vn -0.8921 -0.3335 0.3047
vn -0.8922 -0.3335 0.3047
vn -0.8921 -0.3335 -0.3047
vn -0.8923 -0.3336 -0.3042
vn -0.8922 -0.3335 -0.3047
vn 0.9187 0.2516 0.3044
vn 0.9187 0.2516 -0.3044
vn 0.9188 0.2515 -0.3043
vn -0.9188 -0.2514 0.3043
vn -0.9187 -0.2518 0.3044
vn -0.9187 -0.2518 -0.3044
vn -0.9188 -0.2514 -0.3043
vn -0.9019 -0.3840 -0.1979
vn -0.9019 -0.3842 -0.1976
vn -0.9019 -0.3841 -0.1978
vn -0.9019 -0.3842 -0.1975
vn -0.9019 -0.3842 0.1976
vn -0.9018 -0.3843 0.1977
vn -0.9019 -0.3841 0.1978
vn -0.9017 -0.3843 0.1980
vn -0.3074 0.9516 -0.0003
vn -0.3076 0.9515 -0.0004
vn -0.3074 0.9516 -0.0005
vn -0.3077 0.9515 -0.0000
vn -0.3074 0.9516 -0.0004
vn -0.3073 0.9516 -0.0006
vn -0.3075 0.9515 -0.0005
vn -0.3075 0.9516 -0.0004
vn -0.3075 0.9515 -0.0004
vn 0.1569 -0.9395 -0.3044
vn 0.1567 -0.9396 -0.3043
vn 0.1572 -0.9394 -0.3046
vn 0.1568 -0.9396 -0.3043
vn 0.1565 -0.9396 -0.3043
vn 0.1567 -0.9396 0.3043
vn 0.1572 -0.9394 0.3046
vn 0.1569 -0.9395 0.3044
vn 0.1565 -0.9396 0.3043
vn 0.1568 -0.9396 0.3043
vn 0.1568 -0.9396 0.3044
vn 0.1569 -0.9395 0.3045
vn 0.8921 0.3335 0.3047
vn 0.8921 0.3335 0.3048
vn 0.8922 0.3336 0.3043
vn 0.8923 0.3336 -0.3043
vn 0.8922 0.3335 -0.3047
vn 0.8921 0.3335 -0.3048
vn 0.1569 -0.9395 -0.3045
vn 0.1568 -0.9396 -0.3044
vn 0.9377 0.1676 0.3044
vn 0.9378 0.1674 0.3041
vn 0.9376 0.1677 -0.3046
vn 0.9376 0.1675 -0.3046
vn -0.9561 -0.2160 -0.1982
vn -0.9561 -0.2161 -0.1979
vn -0.9561 -0.2160 -0.1981
vn -0.9560 -0.2165 -0.1979
vn -0.9561 -0.2161 0.1979
vn -0.9561 -0.2160 0.1982
vn -0.9561 -0.2160 0.1981
vn -0.9561 -0.2161 0.1978
vn 0.7800 -0.5756 0.2455
vn 0.7799 -0.5757 0.2455
vn 0.7801 -0.5755 0.2455
vn 0.7799 -0.5758 0.2455
vn 0.7797 -0.5759 -0.2457
vn 0.7799 -0.5757 -0.2455
vn 0.7800 -0.5756 -0.2455
vn 0.7799 -0.5758 -0.2455
vn -0.9327 -0.3015 -0.1977
vn -0.9327 -0.3015 -0.1978
vn -0.9327 -0.3015 0.1978
vn -0.9327 -0.3015 0.1977
vn -0.9327 -0.3014 0.1981
vn -0.2487 0.9482 -0.1978
vn -0.2483 0.9483 -0.1978
vn -0.2483 0.9483 -0.1979
vn -0.2483 0.9483 0.1978
vn -0.2487 0.9482 0.1978
vn -0.2483 0.9483 0.1979
vn -0.5132 -0.8025 -0.3044
vn -0.5133 -0.8025 0.3043
vn -0.5132 -0.8025 0.3044
vn -0.5838 -0.7525 0.3048
vn -0.5840 -0.7524 0.3047
vn -0.5839 -0.7526 0.3045
vn -0.5838 -0.7525 -0.3047
vn -0.5840 -0.7524 -0.3046
vn -0.5838 -0.7527 -0.3044
vn -0.5838 -0.7526 -0.3047
vn 0.8850 -0.4214 -0.1979
vn 0.8849 -0.4217 -0.1979
vn 0.8849 -0.4217 -0.1978
vn 0.8850 -0.4214 0.1979
vn 0.8850 -0.4215 0.1979
vn 0.8849 -0.4217 0.1978
vn 0.8849 -0.4217 0.1979
vn 0.8587 0.4121 -0.3046
vn 0.8589 0.4119 -0.3043
vn 0.8588 0.4122 -0.3043
vn 0.8589 0.4118 0.3043
vn 0.8588 0.4122 0.3043
vn 0.8589 0.4119 0.3043
vn -0.7023 0.4344 0.5639
vn -0.7021 0.4345 0.5641
vn -0.7023 0.4341 0.5641
vn -0.7021 0.4343 0.5644
vn -0.7021 0.4343 -0.5643
vn -0.7021 0.4344 -0.5643
vn -0.7021 0.4344 -0.5642
vn -0.7023 0.4341 -0.5641
vn 0.9479 0.0943 0.3043
vn 0.9479 0.0942 0.3044
vn 0.9479 0.0943 0.3042
vn 0.9479 0.0943 -0.3043
vn 0.9479 0.0943 -0.3042
vn 0.8026 -0.5130 0.3044
vn -0.8857 0.3505 0.3044
vn -0.8857 0.3504 0.3044
vn -0.8857 0.3504 -0.3044
vn -0.8599 0.4706 -0.1980
vn -0.8598 0.4708 -0.1979
vn -0.8597 0.4709 -0.1978
vn -0.8599 0.4705 -0.1980
vn -0.8598 0.4708 0.1979
vn -0.8599 0.4706 0.1980
vn -0.8597 0.4709 0.1978
vn -0.8599 0.4705 0.1980
vn -0.7887 -0.0678 0.6110
vn -0.7887 -0.0679 0.6110
vn -0.7887 -0.0679 -0.6110
vn -0.7887 -0.0678 -0.6110
vn 0.4284 0.8508 0.3043
vn 0.4286 0.8507 0.3044
vn 0.4286 0.8506 -0.3044
vn 0.4289 0.8504 -0.3046
vn -0.7137 -0.3424 0.6111
vn -0.7137 -0.3425 0.6110
vn -0.7136 -0.3424 0.6112
vn -0.7139 -0.3427 0.6106
vn -0.7136 -0.3424 -0.6112
vn -0.7137 -0.3424 -0.6111
vn -0.7139 -0.3427 -0.6106
vn -0.7137 -0.3425 -0.6110
vn -0.7891 -0.4627 -0.4041
vn -0.7891 -0.4627 -0.4040
vn -0.9307 -0.0005 -0.3659
vn -0.7321 -0.0000 -0.6812
vn -0.7320 -0.0007 -0.6813
vn -0.9306 -0.0000 -0.3660
vn -0.9306 -0.0000 0.3660
vn -0.9307 -0.0005 0.3659
vn -0.7321 -0.0000 0.6812
vn -0.7320 -0.0007 0.6813
vn 0.3503 0.8858 0.3044
vn 0.3502 0.8858 0.3044
vn 0.3508 0.8855 0.3047
vn 0.3503 0.8858 -0.3044
vn 0.3502 0.8859 -0.3044
vn 0.3510 0.8855 -0.3046
vn 0.3505 0.8857 -0.3045
vn 0.2282 -0.9736 0.0005
vn 0.2281 -0.9736 0.0005
vn -0.3808 -0.7392 0.5555
vn -0.3807 -0.7394 0.5554
vn -0.3807 -0.7392 0.5555
vn -0.3808 -0.7391 0.5556
vn -0.3809 -0.7392 -0.5554
vn -0.3807 -0.7394 -0.5554
vn -0.3806 -0.7393 -0.5556
vn -0.3805 -0.7394 -0.5555
vn 0.8066 0.5067 -0.3043
vn 0.8066 0.5066 -0.3044
vn 0.8066 0.5068 -0.3042
vn 0.8066 0.5066 -0.3046
vn 0.8066 0.5066 0.3044
vn 0.8066 0.5066 0.3045
vn 0.8066 0.5068 0.3042
vn -0.7792 -0.1392 0.6111
vn -0.7793 -0.1393 0.6110
vn -0.7795 -0.1395 0.6106
vn -0.7793 -0.1393 -0.6110
vn -0.7792 -0.1392 -0.6111
vn -0.7795 -0.1395 -0.6106
vn -0.7868 -0.4615 0.4098
vn -0.7868 -0.4615 0.4099
vn -0.7868 -0.4615 0.4097
vn -0.5838 -0.7526 0.3047
vn -0.5839 -0.7525 0.3046
vn -0.5839 -0.7525 -0.3046
vn -0.7409 -0.2652 0.6170
vn -0.7407 -0.2652 0.6172
vn -0.7406 -0.2651 0.6174
vn -0.7406 -0.2651 -0.6174
vn -0.7409 -0.2652 -0.6170
vn -0.7407 -0.2652 -0.6172
vn -0.7560 -0.2183 0.6171
vn -0.7560 -0.2184 0.6170
vn -0.7560 -0.2184 0.6171
vn -0.7559 -0.2184 0.6172
vn -0.7560 -0.2184 -0.6171
vn -0.7560 -0.2183 -0.6171
vn -0.7559 -0.2184 -0.6172
vn -0.7560 -0.2184 -0.6170
vn 0.2699 -0.9424 -0.1978
vn 0.2698 -0.9423 -0.1979
vn 0.2703 -0.9422 -0.1978
vn 0.2704 -0.9422 -0.1978
vn 0.2703 -0.9423 0.1978
vn 0.2703 -0.9422 0.1978
vn 0.2698 -0.9424 0.1978
vn 0.2704 -0.9422 0.1978
vn -0.9133 0.2704 -0.3046
vn -0.9134 0.2703 -0.3045
vn -0.9134 0.2703 -0.3044
vn -0.9132 0.2706 -0.3045
vn -0.9134 0.2703 0.3045
vn -0.9133 0.2704 0.3046
vn -0.9134 0.2703 0.3044
vn -0.9132 0.2706 0.3045
vn 0.8923 0.3335 0.3042
vn 0.8923 0.3335 0.3044
vn 0.8923 0.3335 0.3043
vn 0.8922 0.3334 -0.3047
vn -0.4996 -0.8434 -0.1978
vn -0.4995 -0.8434 -0.1978
vn -0.4997 -0.8433 -0.1977
vn -0.4996 -0.8434 0.1978
vn -0.4993 -0.8435 0.1979
vn -0.4998 -0.8433 0.1977
vn -0.4992 -0.8436 0.1980
vn -0.3502 0.9367 -0.0004
vn -0.3503 0.9366 -0.0004
vn -0.3502 0.9367 -0.0003
vn -0.3502 0.9367 -0.0005
vn -0.3501 0.9367 -0.0000
vn -0.3504 0.9366 -0.0005
vn -0.3503 0.9366 -0.0005
vn -0.3503 0.9366 -0.0003
vn 0.9377 0.1676 -0.3044
vn 0.9376 0.1677 -0.3047
vn 0.9377 0.1675 0.3044
vn 0.9375 0.1677 0.3048
vn 0.8025 -0.5131 -0.3043
vn 0.8025 -0.5131 -0.3044
vn 0.8025 -0.5133 -0.3043
vn -0.8857 0.3506 -0.3045
vn -0.8858 0.3502 -0.3043
vn -0.8858 0.3502 -0.3044
vn -0.8857 0.3506 0.3045
vn -0.8858 0.3502 0.3044
vn 0.8025 -0.5131 0.3043
vn 0.8025 -0.5132 0.3044
vn -0.3513 0.8389 -0.4157
vn -0.3513 0.8389 -0.4158
vn -0.3513 0.8390 -0.4156
vn -0.3513 0.8389 0.4157
vn -0.3513 0.8390 0.4156
vn -0.3510 0.8390 0.4159
vn -0.3513 0.8389 0.4158
vn 0.9328 0.3014 -0.1977
vn 0.9328 0.3013 -0.1978
vn 0.9328 0.3014 0.1977
vn 0.9328 0.3013 0.1978
vn 0.4708 0.8598 -0.1977
vn 0.4706 0.8598 -0.1982
vn 0.4708 0.8598 0.1977
vn 0.4708 0.8598 0.1978
vn 0.2964 0.9229 -0.2457
vn 0.2963 0.9230 -0.2455
vn 0.2965 0.9229 -0.2457
vn 0.2961 0.9230 -0.2456
vn 0.2963 0.9230 0.2455
vn 0.2961 0.9230 0.2456
vn 0.2964 0.9230 0.2454
vn 0.2965 0.9229 0.2457
vn 0.9562 0.2158 -0.1980
vn 0.9560 0.2164 -0.1979
vn 0.9561 0.2162 -0.1979
vn 0.9561 0.2163 -0.1979
vn 0.9561 0.2162 0.1979
vn 0.9562 0.2158 0.1980
vn 0.9560 0.2164 0.1979
vn 0.9561 0.2163 0.1979
vn 0.7528 -0.5838 -0.3042
vn 0.7528 -0.5836 -0.3044
vn 0.7528 -0.5836 0.3044
vn 0.9473 0.1002 0.3044
vn 0.9473 0.1002 0.3043
vn 0.9472 0.1001 0.3045
vn 0.9473 0.1003 0.3042
vn 0.9473 0.1001 -0.3044
vn 0.9473 0.1002 -0.3044
vn 0.9473 0.1002 -0.3043
vn 0.9472 0.1000 -0.3046
vn -0.4225 0.8537 -0.3044
vn -0.4227 0.8536 -0.3044
vn -0.4222 0.8538 -0.3045
vn -0.4222 0.8538 -0.3046
vn -0.4226 0.8537 -0.3044
vn -0.4228 0.8536 -0.3044
vn -0.4227 0.8536 0.3044
vn -0.4222 0.8538 0.3045
vn -0.4225 0.8537 0.3044
vn -0.4228 0.8536 0.3044
vn -0.4222 0.8538 0.3046
vn -0.4226 0.8537 0.3044
vn 0.9018 0.3843 -0.1977
vn 0.9017 0.3844 -0.1978
vn 0.9019 0.3841 -0.1974
vn 0.9018 0.3843 0.1978
vn 0.9019 0.3841 0.1974
vn 0.9017 0.3844 0.1978
vn 0.3503 0.8858 0.3043
vn 0.3504 0.8858 0.3043
vn 0.3504 0.8859 0.3041
vn 0.3502 0.8857 -0.3046
vn 0.3503 0.8858 -0.3043
vn 0.3504 0.8858 -0.3043
vn 0.9718 0.1283 -0.1979
vn 0.9718 0.1283 0.1979
vn -0.5834 -0.7529 -0.3045
vn -0.5840 -0.7526 -0.3042
vn -0.5836 -0.7528 -0.3043
vn -0.5834 -0.7529 0.3045
vn -0.5838 -0.7527 0.3044
vn -0.5836 -0.7528 0.3043
vn -0.5840 -0.7526 0.3042
vn -0.6258 -0.6258 -0.4655
vn -0.6257 -0.6258 -0.4657
vn -0.6256 -0.6258 -0.4657
vn -0.6256 -0.6258 -0.4658
vn -0.6258 -0.6258 0.4655
vn -0.6258 -0.6258 0.4656
vn -0.6256 -0.6258 0.4658
vn -0.6256 -0.6258 0.4657
vn -0.9134 0.2701 -0.3045
vn -0.9134 0.2702 -0.3044
vn -0.9134 0.2701 0.3045
vn -0.9134 0.2702 0.3044
vn -0.7416 0.3761 -0.5555
vn -0.7416 0.3767 -0.5551
vn -0.7417 0.3765 -0.5552
vn -0.7417 0.3766 -0.5550
vn -0.7416 0.3767 0.5551
vn -0.7417 0.3765 0.5551
vn -0.7417 0.3764 0.5552
vn -0.7417 0.3763 0.5552
vn 0.1998 -0.9798 0.0005
vn 0.1999 -0.9798 0.0005
vn 0.8639 0.4634 -0.1975
vn 0.8638 0.4634 -0.1978
vn 0.8638 0.4634 0.1978
vn 0.8639 0.4634 0.1975
vn 0.8433 -0.4997 -0.1978
vn 0.8435 -0.4994 -0.1978
vn 0.8435 -0.4995 -0.1978
vn 0.8434 -0.4995 -0.1978
vn 0.8433 -0.4997 0.1978
vn 0.8435 -0.4995 0.1978
vn 0.8435 -0.4994 0.1978
vn 0.8434 -0.4995 0.1978
vn -0.5612 -0.7696 0.3046
vn -0.5614 -0.7695 0.3044
vn -0.5610 -0.7697 0.3047
vn -0.5611 -0.7697 -0.3046
vn -0.5612 -0.7696 -0.3046
vn -0.5610 -0.7697 -0.3047
vn 0.1273 -0.8982 0.4207
vn 0.1276 -0.8983 0.4205
vn 0.1275 -0.8983 0.4206
vn 0.1274 -0.8982 0.4207
vn 0.1272 -0.8982 -0.4208
vn 0.1274 -0.8982 -0.4207
vn 0.1276 -0.8983 -0.4205
vn 0.1270 -0.8981 -0.4211
vn 0.8048 0.5095 0.3045
vn 0.8048 0.5095 -0.3045
vn 0.8849 -0.0003 0.4657
vn 0.8849 -0.0000 0.4658
vn 0.8849 -0.0006 -0.4657
vn 0.8849 -0.0000 -0.4658
vn 0.7264 -0.6422 -0.2448
vn 0.7264 -0.6421 -0.2448
vn 0.7264 -0.6421 -0.2450
vn 0.7263 -0.6423 0.2446
vn 0.7265 -0.6420 0.2450
vn 0.7264 -0.6422 0.2448
vn 0.7263 -0.6423 0.2447
vn 0.7528 -0.5837 -0.3043
vn 0.7528 -0.5836 -0.3046
vn 0.7527 -0.5838 -0.3043
vn 0.7528 -0.5837 -0.3044
vn 0.7529 -0.5836 0.3043
vn 0.7528 -0.5836 0.3046
vn 0.7528 -0.5837 0.3043
vn 0.7527 -0.5838 0.3043
vn -0.8986 0.3917 -0.1978
vn -0.8986 0.3916 -0.1979
vn -0.8987 0.3915 -0.1979
vn -0.8987 0.3913 0.1979
vn -0.8986 0.3917 0.1978
vn -0.8986 0.3916 0.1979
vn -0.8987 0.3915 0.1979
vn -0.4538 -0.6970 -0.5552
vn -0.4537 -0.6971 -0.5552
vn -0.4537 -0.6969 -0.5555
vn -0.4536 -0.6971 -0.5552
vn -0.4538 -0.6970 0.5552
vn -0.4537 -0.6971 0.5552
vn -0.4536 -0.6971 0.5552
vn 0.0716 -0.9499 -0.3044
vn 0.0717 -0.9499 -0.3043
vn 0.0717 -0.9499 -0.3044
vn 0.0720 -0.9499 -0.3041
vn 0.0719 -0.9499 -0.3042
vn 0.0719 -0.9499 -0.3043
vn 0.0718 -0.9499 -0.3043
vn 0.0717 -0.9499 -0.3042
vn 0.0716 -0.9499 0.3044
vn 0.0718 -0.9499 0.3042
vn 0.0717 -0.9499 0.3043
vn 0.0720 -0.9499 0.3041
vn 0.0719 -0.9499 0.3042
vn 0.0718 -0.9499 0.3043
vn 0.0717 -0.9499 0.3044
vn 0.0719 -0.9499 0.3043
vn 0.0717 -0.9499 0.3042
vn -0.9359 0.1774 0.3044
vn -0.9359 0.1773 0.3045
vn -0.9359 0.1774 0.3045
vn -0.9359 0.1774 -0.3045
vn -0.9359 0.1774 -0.3044
vn -0.9359 0.1778 -0.3042
vn -0.9359 0.1771 -0.3046
vn 0.3505 0.8857 -0.3046
vn 0.3506 0.8856 -0.3045
vn 0.3507 0.8856 0.3045
vn 0.3501 0.8859 0.3042
vn -0.3922 0.9199 -0.0004
vn -0.3923 0.9198 -0.0005
vn -0.3921 0.9199 -0.0004
vn -0.3922 0.9199 -0.0005
vn -0.3920 0.9199 -0.0004
vn -0.3923 0.9198 -0.0006
vn -0.9134 0.2701 0.3046
vn -0.9134 0.2701 -0.3046
vn -0.3325 0.9221 -0.1978
vn -0.3329 0.9220 -0.1979
vn -0.3328 0.9220 -0.1979
vn -0.3325 0.9221 -0.1980
vn -0.3325 0.9221 0.1980
vn -0.3325 0.9221 0.1978
vn -0.3328 0.9220 0.1979
vn -0.5631 -0.7684 -0.3042
vn -0.5632 -0.7682 -0.3046
vn -0.5631 -0.7682 -0.3046
vn -0.5632 -0.7682 0.3046
vn -0.5631 -0.7684 0.3042
vn -0.5631 -0.7682 0.3046
vn -0.5634 -0.7681 0.3045
vn -0.5740 -0.7946 -0.1980
vn -0.5739 -0.7946 -0.1981
vn -0.5738 -0.7947 -0.1981
vn -0.5741 -0.7945 -0.1980
vn -0.5739 -0.7946 0.1981
vn -0.5740 -0.7946 0.1980
vn -0.5738 -0.7947 0.1981
vn -0.5741 -0.7945 0.1980
vn 0.2703 0.9134 -0.3044
vn 0.2700 0.9134 -0.3047
vn 0.2704 0.9134 -0.3043
vn 0.2704 0.9134 0.3043
vn 0.2703 0.9134 0.3044
vn 0.2700 0.9134 0.3047
vn 0.2289 0.9082 0.3505
vn 0.2291 0.9082 0.3503
vn 0.2290 0.9082 -0.3504
vn 0.2292 0.9082 -0.3503
vn 0.2291 0.9082 -0.3503
vn -0.9354 0.1796 -0.3045
vn -0.9355 0.1795 -0.3043
vn -0.9355 0.1794 -0.3044
vn -0.9354 0.1794 -0.3046
vn -0.9355 0.1797 0.3043
vn -0.9354 0.1796 0.3045
vn -0.9355 0.1794 0.3043
vn -0.9354 0.1794 0.3046
vn 0.7682 -0.5630 0.3047
vn 0.7682 -0.5631 0.3047
vn 0.7682 -0.5631 -0.3047
vn 0.7682 -0.5630 -0.3047
vn 0.7527 -0.5837 -0.3044
vn 0.7528 -0.5835 -0.3045
vn 0.7528 -0.5836 0.3045
vn 0.7528 -0.5838 0.3042
vn 0.7527 -0.5838 0.3042
vn 0.2018 -0.9794 0.0005
vn 0.2017 -0.9794 0.0005
vn -0.7752 0.3005 0.5557
vn -0.7754 0.3005 0.5554
vn -0.7753 0.3005 0.5555
vn -0.7754 0.3006 0.5553
vn -0.7756 0.3006 -0.5551
vn -0.7754 0.3005 -0.5555
vn -0.7753 0.3004 -0.5555
vn -0.7753 0.3005 -0.5555
vn 0.3917 0.8986 -0.1977
vn 0.3912 0.8987 -0.1982
vn 0.3914 0.8987 -0.1979
vn 0.3917 0.8986 0.1977
vn 0.3916 0.8986 0.1977
vn 0.3918 0.8986 0.1977
vn 0.1833 -0.9629 -0.1979
vn 0.1833 -0.9630 -0.1978
vn 0.1830 -0.9630 -0.1979
vn 0.1833 -0.9630 0.1978
vn 0.1833 -0.9629 0.1979
vn 0.2704 0.9134 -0.3044
vn 0.2700 0.9134 -0.3045
vn 0.2701 0.9134 -0.3045
vn 0.2700 0.9134 0.3045
vn 0.2698 0.9135 0.3046
vn 0.2701 0.9134 0.3045
vn -0.4220 0.8029 0.4210
vn -0.4220 0.8029 -0.4210
vn -0.5653 -0.7665 -0.3047
vn -0.5655 -0.7664 -0.3047
vn -0.5653 -0.7667 -0.3043
vn -0.5654 -0.7667 -0.3043
vn -0.5653 -0.7667 0.3043
vn -0.5653 -0.7665 0.3047
vn -0.5655 -0.7664 0.3046
vn -0.4327 0.9016 -0.0000
vn -0.4326 0.9016 -0.0003
vn -0.4325 0.9016 -0.0003
vn -0.4329 0.9015 -0.0001
vn -0.4325 0.9016 -0.0005
vn -0.4327 0.9015 -0.0000
vn -0.4323 0.9017 -0.0003
vn -0.5134 -0.6550 -0.5544
vn -0.5133 -0.6551 -0.5545
vn -0.5132 -0.6550 -0.5546
vn -0.5133 -0.6551 0.5545
vn -0.5134 -0.6550 0.5544
vn -0.5135 -0.6550 0.5544
vn -0.5132 -0.6550 0.5546
vn -0.9301 0.3094 -0.1981
vn -0.9301 0.3092 -0.1980
vn -0.9301 0.3093 -0.1980
vn -0.9301 0.3094 -0.1980
vn -0.9301 0.3094 0.1979
vn -0.9301 0.3094 0.1981
vn -0.9301 0.3094 0.1980
vn 0.7695 -0.5615 -0.3042
vn 0.7697 -0.5612 -0.3044
vn 0.7694 -0.5616 -0.3044
vn 0.7695 -0.5615 -0.3044
vn 0.7697 -0.5612 0.3044
vn 0.7696 -0.5612 0.3044
vn 0.7695 -0.5615 0.3042
vn 0.7696 -0.5613 0.3044
vn 0.7949 -0.5736 -0.1979
vn 0.7948 -0.5737 -0.1978
vn 0.7948 -0.5738 -0.1978
vn 0.7949 -0.5735 -0.1979
vn 0.7949 -0.5736 0.1979
vn 0.7948 -0.5737 0.1978
vn 0.7947 -0.5739 0.1978
vn 0.7948 -0.5738 0.1978
vn -0.9348 0.1832 0.3044
vn -0.9348 0.1833 0.3044
vn -0.9347 0.1834 0.3043
vn -0.9347 0.1834 0.3044
vn -0.9348 0.1833 -0.3044
vn -0.9348 0.1832 -0.3044
vn -0.9347 0.1834 -0.3044
vn -0.9348 0.1831 -0.3045
vn -0.4969 0.8126 -0.3045
vn -0.4970 0.8126 -0.3045
vn -0.4970 0.8126 -0.3046
vn -0.4970 0.8127 -0.3042
vn -0.4968 0.8126 -0.3048
vn -0.4969 0.8126 -0.3046
vn -0.4970 0.8126 -0.3044
vn -0.4970 0.8127 0.3042
vn -0.4970 0.8126 0.3045
vn -0.4970 0.8126 0.3046
vn -0.4968 0.8126 0.3048
vn -0.4969 0.8126 0.3045
vn -0.4969 0.8126 0.3046
vn -0.4970 0.8126 0.3044
vn 1.0000 -0.0005 0.0005
vn 0.2701 0.9134 0.3046
vn 0.2701 0.9134 -0.3046
vn 0.0511 -0.9063 0.4196
vn 0.0508 -0.9063 0.4195
vn 0.0513 -0.9063 0.4196
vn 0.0508 -0.9063 -0.4195
vn 0.0513 -0.9063 -0.4196
vn 0.7717 -0.5584 -0.3044
vn 0.7715 -0.5586 -0.3046
vn 0.7715 -0.5586 -0.3045
vn 0.7716 -0.5585 -0.3045
vn 0.7716 -0.5586 0.3045
vn 0.7717 -0.5584 0.3044
vn 0.7716 -0.5585 0.3045
vn -0.5133 0.8582 -0.0005
vn -0.5134 0.8582 -0.0005
vn 0.2008 -0.9311 -0.3047
vn 0.2007 -0.9311 -0.3046
vn 0.2008 -0.9311 -0.3045
vn 0.2007 -0.9311 -0.3047
vn 0.2008 -0.9311 -0.3046
vn 0.2008 -0.9311 0.3047
vn 0.2008 -0.9311 0.3045
vn 0.2007 -0.9311 0.3047
vn 0.2007 -0.9311 0.3046
vn 0.2008 -0.9311 0.3046
vn 0.1794 0.9355 0.3044
vn 0.1795 0.9355 0.3044
vn 0.1799 0.9353 0.3046
vn 0.1795 0.9355 -0.3044
vn 0.1796 0.9354 -0.3045
vn 0.1799 0.9353 -0.3046
vn -0.8886 0.2412 -0.3903
vn -0.8886 0.2409 -0.3903
vn -0.8854 0.2416 0.3970
vn -0.8854 0.2418 0.3970
vn -0.8854 0.2417 0.3970
vn -0.4137 0.8886 -0.1981
vn -0.4138 0.8886 -0.1977
vn -0.4137 0.8886 -0.1980
vn -0.4138 0.8886 0.1977
vn -0.4137 0.8886 0.1981
vn -0.4137 0.8886 0.1980
vn 0.3097 0.9301 -0.1977
vn 0.3097 0.9300 -0.1977
vn 0.3097 0.9301 0.1977
vn 0.3097 0.9300 0.1977
vn -0.0004 -0.8849 -0.4658
vn -0.0000 -0.8848 -0.4660
vn -0.0005 -0.8850 -0.4657
vn -0.0000 -0.8848 0.4660
vn -0.0005 -0.8850 0.4657
vn -0.0004 -0.8849 0.4658
vn 0.6258 -0.6258 0.4656
vn 0.6257 -0.6257 0.4658
vn 0.6257 -0.6259 0.4656
vn 0.6258 -0.6258 0.4655
vn 0.6257 -0.6259 -0.4656
vn 0.6258 -0.6258 -0.4657
vn 0.6257 -0.6258 -0.4657
vn 0.6258 -0.6257 -0.4657
vn 0.1775 0.9358 0.3046
vn 0.1774 0.9359 0.3042
vn 0.1776 0.9358 0.3045
vn 0.1773 0.9358 0.3047
vn 0.1774 0.9359 -0.3043
vn 0.1775 0.9358 -0.3046
vn 0.1776 0.9358 -0.3045
vn 0.1773 0.9358 -0.3047
vn -0.4900 0.7871 0.3747
vn -0.4922 0.7874 -0.3711
vn -0.4922 0.7875 -0.3709
vn -0.4922 0.7874 -0.3712
vn -0.5657 0.7663 -0.3045
vn -0.5653 0.7666 -0.3044
vn -0.5654 0.7666 -0.3043
vn -0.5654 0.7666 -0.3045
vn -0.5654 0.7666 -0.3044
vn -0.5654 0.7665 -0.3045
vn -0.5656 0.7663 -0.3047
vn -0.5654 0.7666 0.3045
vn -0.5653 0.7666 0.3044
vn -0.5654 0.7665 0.3045
vn -0.5656 0.7663 0.3047
vn -0.5654 0.7666 0.3044
vn -0.5657 0.7663 0.3046
vn -0.5655 0.7665 0.3044
vn 0.1754 0.9363 0.3043
vn 0.1755 0.9362 0.3046
vn 0.1755 0.9362 -0.3046
vn 0.4166 -0.9091 -0.0000
vn 0.4167 -0.9091 -0.0003
vn -0.0003 1.0000 -0.0002
vn -0.0006 1.0000 -0.0005
vn -0.0003 1.0000 -0.0003
vn -0.0006 1.0000 -0.0006
vn -0.5115 0.8593 0.0004
vn -0.5115 0.8593 -0.0000
vn -0.5115 0.8593 0.0001
vn -0.5115 0.8593 -0.0001
vn -0.5116 0.8593 0.0001
vn -0.5115 0.8593 0.0003
vn -0.5116 0.8592 -0.0000
vn -0.5116 0.8592 0.0001
vn -0.1234 -0.7643 0.6330
vn -0.1235 -0.7642 0.6330
vn -0.1235 -0.7644 0.6328
vn -0.1236 -0.7642 0.6330
vn -0.4597 -0.1940 0.8666
vn -0.4597 -0.1942 0.8666
vn -0.4597 -0.1941 0.8666
vn 0.6037 -0.4383 0.6659
vn 0.6064 -0.4395 0.6626
vn 0.6106 -0.4296 0.6653
vn 0.6003 -0.4449 0.6647
vn -0.0825 0.9951 -0.0553
vn -0.0817 0.9958 -0.0413
vn -0.0787 0.9960 -0.0414
vn -0.0852 0.9948 -0.0550
vn 0.4121 -0.9006 -0.1381
vn 0.4114 -0.9007 -0.1398
vn 0.4117 -0.9008 -0.1383
vn 0.4115 -0.9006 -0.1400
vn 0.5551 -0.7870 0.2693
vn 0.5532 -0.7849 0.2792
vn 0.5544 -0.7836 0.2803
vn 0.5549 -0.7874 0.2685
vn -0.5129 0.8577 -0.0360
vn -0.5130 0.8576 -0.0361
vn -0.5128 0.8577 -0.0360
vn -0.5129 0.8577 -0.0361
vn 0.5200 -0.8537 0.0282
vn 0.5198 -0.8538 0.0282
vn 0.5199 -0.8538 0.0281
vn 0.5199 -0.8538 0.0283
vn 0.5198 -0.8538 0.0281
vn 0.7625 0.4116 0.4992
vn 0.7623 0.4117 0.4994
vn 0.7624 0.4117 0.4993
vn -0.8964 -0.4421 -0.0323
vn -0.8963 -0.4422 -0.0324
vn -0.8964 -0.4421 -0.0322
vn 0.8930 0.4494 0.0242
vn 0.8930 0.4495 0.0245
vn 0.8930 0.4494 0.0244
vn 0.8930 0.4494 0.0243
vn 0.0470 -0.0160 0.9988
vn 0.0474 -0.0158 0.9988
vn 0.0472 -0.0159 0.9988
vn 0.0483 -0.0185 0.9987
vn 0.0480 -0.0188 0.9987
vn 0.0482 -0.0186 0.9987
vn 0.0428 -0.0214 0.9989
vn 0.0429 -0.0213 0.9989
vn 0.0427 -0.0215 0.9989
vn 0.0419 -0.0186 0.9989
vn 0.0416 -0.0186 0.9990
vn 0.0421 -0.0186 0.9989
vn -0.5501 0.8117 0.1963
vn -0.4998 0.8333 0.2362
vn -0.5488 0.8124 0.1970
vn -0.5920 0.7863 0.1767
vn -0.5503 0.8119 0.1948
vn -0.5845 0.7889 0.1897
vn -0.6153 0.7662 0.1856
vn -0.6153 0.7629 0.1986
vn -0.6188 0.7562 0.2126
vn -0.6244 0.7569 0.1929
vn -0.6063 0.7616 0.2288
vn -0.5955 0.7764 0.2063
vn -0.5945 0.7614 0.2587
vn -0.5896 0.7878 0.1782
vn -0.5689 0.8211 0.0459
vn -0.5662 0.8242 -0.0008
vn -0.5382 0.8379 -0.0910
vn -0.5312 0.8441 -0.0724
vn -0.4813 0.8724 -0.0847
vn -0.4662 0.8771 -0.1151
vn -0.4402 0.8965 -0.0500
vn -0.4408 0.8960 -0.0532
vn -0.4298 0.9013 -0.0539
vn -0.4285 0.9023 -0.0484
vn 0.7788 0.6189 0.1020
vn 0.7786 0.6191 0.1022
vn 0.7784 0.6193 0.1024
vn 0.7810 0.6227 0.0484
vn 0.8072 0.5812 0.1036
vn 0.8114 0.5826 0.0476
vn 0.7439 0.6564 -0.1254
vn 0.8605 0.5059 0.0594
vn 0.7788 0.6113 -0.1403
vn 0.8595 0.4955 0.1256
vn 0.5166 0.6508 -0.5564
vn 0.9089 0.4110 0.0711
vn 0.9051 0.4079 0.1199
vn 0.8401 0.5211 -0.1508
vn 0.5748 0.5872 -0.5698
vn 0.9286 0.3675 0.0514
vn 0.9187 0.3884 0.0717
vn 0.8929 0.4483 0.0429
vn 0.9273 0.3437 0.1482
vn 0.8865 0.4329 -0.1637
vn 0.9142 0.3644 -0.1774
vn 0.6725 0.4860 -0.5582
vn 0.7279 0.4009 -0.5563
vn 0.7564 0.3445 -0.5561
vn 0.3490 0.3762 -0.8583
vn 0.5000 0.3140 -0.8071
vn 0.5235 0.2893 -0.8014
vn 0.3050 0.2965 -0.9050
vn 0.3334 0.2723 -0.9026
vn 0.3946 0.3441 -0.8520
vn 0.3376 0.3713 -0.8650
vn 0.5567 0.4285 -0.7117
vn 0.4085 0.4733 -0.7804
vn 0.4067 0.6008 -0.6882
vn 0.0634 0.5593 -0.8266
vn 0.1109 0.6810 -0.7238
vn -0.3177 0.5663 -0.7605
vn 0.3598 0.4444 -0.8204
vn -0.3954 0.4760 -0.7856
vn 0.0646 0.4042 -0.9124
vn -0.6090 0.4772 -0.6336
vn 0.2858 0.4169 -0.8628
vn 0.3578 0.4485 -0.8190
vn 0.2232 0.4399 -0.8699
vn 0.1455 0.4637 -0.8740
vn 0.2570 0.4406 -0.8601
vn 0.2191 0.4404 -0.8707
vn 0.3916 0.4611 -0.7962
vn 0.4158 0.4658 -0.7811
vn 0.1387 0.3144 -0.9391
vn 0.2749 0.3075 -0.9110
vn 0.3589 0.3468 -0.8665
vn 0.1041 0.0909 -0.9904
vn 0.0058 0.0332 -0.9994
vn -0.2570 -0.2907 -0.9217
vn -0.2155 0.0814 -0.9731
vn -0.3522 0.2701 -0.8961
vn -0.3183 -0.2752 -0.9072
vn -0.5292 -0.1645 -0.8324
vn -0.5273 -0.5443 -0.6525
vn -0.4721 -0.6077 -0.6386
vn -0.6799 0.0824 -0.7287
vn -0.7367 0.3308 -0.5898
vn -0.8638 0.3697 -0.3424
vn -0.6420 -0.7324 -0.2269
vn -0.5063 -0.8581 -0.0858
vn -0.7003 -0.3497 -0.6223
vn -0.4157 -0.7905 0.4497
vn -0.5117 -0.6965 0.5030
vn -0.2307 -0.5838 0.7784
vn -0.8183 -0.5472 -0.1757
vn -0.1110 -0.4504 0.8859
vn -0.8496 -0.0893 -0.5198
vn -0.9217 0.1912 -0.3375
vn -0.9854 0.1652 0.0412
vn -0.9449 -0.3106 -0.1030
vn -0.9938 -0.0405 0.1036
vn -0.8706 -0.1018 0.4813
vn -0.7236 -0.2840 0.6290
vn -0.5602 -0.2420 0.7922
vn -0.3481 -0.2670 0.8986
vn -0.7120 -0.4699 0.5218
vn -0.3285 -0.3165 0.8899
vn -0.1574 -0.2660 0.9510
vn -0.3224 -0.3984 0.8587
vn -0.1088 -0.3138 0.9432
vn -0.0958 -0.2799 0.9552
vn -0.6371 -0.5781 0.5098
vn -0.2882 -0.4232 0.8590
vn -0.1889 -0.4369 0.8794
vn -0.0998 -0.3652 0.9256
vn -0.1170 -0.3427 0.9321
vn -0.1279 -0.3404 0.9315
vn -0.0965 -0.3569 0.9291
vn -0.1143 -0.3812 0.9174
vn -0.0867 -0.3745 0.9232
vn -0.1142 -0.4008 0.9090
vn -0.0370 -0.3318 0.9426
vn -0.0730 -0.3261 0.9425
vn -0.0477 -0.3143 0.9481
vn -0.0627 -0.3118 0.9481
vn -0.0890 -0.3114 0.9461
vn -0.0833 -0.2976 0.9511
vn -0.1403 -0.3076 0.9411
vn -0.5023 0.8212 0.2709
vn -0.5028 0.8208 0.2710
vn -0.5029 0.8208 0.2710
vn -0.5017 0.8216 0.2707
vn -0.5021 0.8213 0.2707
vn -0.5023 0.8212 0.2708
vn -0.5021 0.8213 0.2709
vn -0.5021 0.8214 0.2706
vn -0.5018 0.8216 0.2705
vn -0.5017 0.8217 0.2705
vn -0.5021 0.8214 0.2707
vn -0.5019 0.8215 0.2706
vn -0.5018 0.8215 0.2708
vn -0.5027 0.8209 0.2710
vn -0.5024 0.8211 0.2709
vn -0.5025 0.8211 0.2709
vn -0.5017 0.8216 0.2705
vn -0.5028 0.8208 0.2709
vn 0.8137 0.5624 -0.1471
vn 0.8155 0.5631 -0.1337
vn 0.8144 0.5512 0.1815
vn 0.8158 0.5527 0.1703
vn 0.6866 0.4478 0.5727
vn 0.6957 0.4548 0.5560
vn 0.3888 0.2357 0.8907
vn 0.3882 0.2353 0.8910
vn 0.0303 -0.0111 0.9995
vn 0.0366 -0.0070 0.9993
vn -0.3478 -0.2641 0.8996
vn -0.3353 -0.2559 0.9067
vn -0.6765 -0.4848 0.5544
vn -0.6616 -0.4769 0.5787
vn -0.8054 -0.5697 0.1636
vn -0.8091 -0.5701 0.1428
vn -0.8069 -0.5569 -0.1968
vn -0.8047 -0.5570 -0.2054
vn -0.6754 -0.4430 -0.5896
vn -0.6794 -0.4446 -0.5837
vn -0.3844 -0.2243 -0.8955
vn -0.3837 -0.2238 -0.8959
vn -0.0274 0.0217 -0.9994
vn -0.0337 0.0174 -0.9993
vn 0.3462 0.2715 -0.8980
vn 0.3339 0.2630 -0.9052
vn 0.6819 0.4853 -0.5472
vn 0.6727 0.4794 -0.5635
vn -0.0147 0.4597 0.8880
vn -0.0169 0.4582 0.8887
vn -0.0038 0.4245 0.9054
vn -0.0034 0.4305 0.9026
vn 0.1099 0.2899 0.9507
vn 0.1020 0.3006 0.9483
vn 0.2342 0.1582 0.9592
vn 0.2386 0.1535 0.9589
vn 0.2709 0.1244 0.9545
vn 0.2714 0.1251 0.9543
vn 0.1307 0.0499 0.9902
vn 0.1311 0.0497 0.9901
vn 0.1347 0.0435 0.9899
vn 0.1410 0.0484 0.9888
vn 0.0961 0.0702 0.9929
vn 0.1043 0.0648 0.9924
vn -0.0672 0.1289 0.9894
vn -0.0711 0.1185 0.9904
vn -0.3089 0.1127 0.9444
vn -0.3424 0.1326 0.9301
vn -0.6026 0.0666 0.7953
vn -0.6783 0.0851 0.7298
vn -0.9002 0.0360 0.4340
vn -0.9481 0.0508 0.3139
vn -0.9752 0.0464 -0.2163
vn -0.9588 0.0505 -0.2795
vn -0.7830 0.0609 -0.6190
vn -0.7835 0.0622 -0.6183
vn -0.6890 0.0655 -0.7217
vn -0.6775 0.0608 -0.7330
vn -0.7612 0.0644 -0.6453
vn -0.7733 0.0612 -0.6311
vn -0.9986 0.0218 0.0476
vn -0.9932 0.0203 0.1147
vn -0.8154 -0.0178 0.5786
vn -0.7988 -0.0226 0.6012
vn 0.7757 0.6308 0.0174
vn 0.7758 0.6307 0.0171
vn 0.7334 0.6796 0.0193
vn 0.7757 0.6309 0.0175
vn 0.7325 0.6807 0.0129
vn 0.7286 0.6848 0.0149
vn 0.6229 0.7822 0.0096
vn 0.6169 0.7870 0.0093
vn 0.4743 0.8804 0.0020
vn 0.4651 0.8852 0.0015
vn 0.2942 0.9557 -0.0060
vn 0.2861 0.9582 -0.0063
vn 0.2652 0.9642 -0.0070
vn 0.2596 0.9657 -0.0074
vn 0.5483 0.8363 0.0057
vn 0.5285 0.8489 0.0049
vn 0.8770 0.4800 0.0236
vn 0.8681 0.4958 0.0230
vn 0.9991 0.0257 0.0346
vn 0.9988 0.0344 0.0344
vn 0.9666 -0.2534 0.0372
vn 0.9668 -0.2528 0.0372
vn 0.9744 -0.2219 0.0371
vn 0.9746 -0.2210 0.0371
vn 0.9982 -0.0474 0.0356
vn 0.9984 -0.0445 0.0355
vn 0.9917 0.1244 0.0329
vn 0.9913 0.1278 0.0329
vn 0.9642 0.2635 0.0300
vn 0.9632 0.2671 0.0300
vn 0.9466 0.3212 0.0282
vn 0.9466 0.3213 0.0282
vn -0.7793 -0.6261 -0.0254
vn -0.7795 -0.6259 -0.0250
vn -0.7372 -0.6752 -0.0265
vn -0.7795 -0.6259 -0.0249
vn -0.7333 -0.6795 -0.0206
vn -0.7365 -0.6761 -0.0228
vn -0.6205 -0.7840 -0.0169
vn -0.6264 -0.7793 -0.0172
vn -0.4675 -0.8840 -0.0092
vn -0.4767 -0.8790 -0.0097
vn -0.2867 -0.9580 -0.0015
vn -0.2948 -0.9556 -0.0017
vn -0.2654 -0.9641 -0.0007
vn -0.2599 -0.9656 -0.0005
vn -0.5315 -0.8470 -0.0127
vn -0.5513 -0.8342 -0.0137
vn -0.8718 -0.4888 -0.0306
vn -0.8806 -0.4729 -0.0312
vn -0.9988 -0.0238 -0.0422
vn -0.9990 -0.0152 -0.0424
vn -0.9636 0.2636 -0.0450
vn -0.9635 0.2640 -0.0450
vn -0.9718 0.2317 -0.0449
vn -0.9715 0.2327 -0.0447
vn -0.9975 0.0553 -0.0433
vn -0.9974 0.0582 -0.0433
vn -0.9922 -0.1176 -0.0406
vn -0.9926 -0.1143 -0.0406
vn -0.9654 -0.2579 -0.0376
vn -0.9664 -0.2543 -0.0378
vn -0.9491 -0.3128 -0.0362
vn -0.9491 -0.3128 -0.0361
vn 0.5114 -0.8589 0.0279
vn 0.5242 -0.8511 0.0283
vn 0.8603 -0.5084 0.0367
vn 0.8624 -0.5049 0.0368
vn 0.9992 -0.0208 0.0352
vn 0.9990 -0.0291 0.0354
vn 0.8673 0.4973 0.0229
vn 0.8772 0.4795 0.0236
vn 0.4796 0.8775 0.0022
vn 0.5028 0.8644 0.0035
vn -0.0364 0.9991 -0.0196
vn -0.0126 0.9997 -0.0188
vn -0.5174 0.8550 -0.0363
vn -0.5045 0.8627 -0.0357
vn -0.8568 0.5138 -0.0445
vn -0.8546 0.5174 -0.0446
vn -0.9983 0.0399 -0.0432
vn -0.9986 0.0315 -0.0430
vn -0.8808 -0.4724 -0.0313
vn -0.8710 -0.4903 -0.0306
vn -0.5053 -0.8629 -0.0111
vn -0.4821 -0.8761 -0.0100
vn 0.0154 -0.9998 0.0110
vn 0.0391 -0.9992 0.0119
vn 0.8603 -0.5085 0.0367
vn 0.8624 -0.5049 0.0367
vn 0.9992 -0.0210 0.0353
vn 0.4795 0.8775 0.0023
vn 0.5028 0.8644 0.0034
vn -0.0363 0.9991 -0.0197
vn -0.5045 0.8627 -0.0358
vn -0.8567 0.5138 -0.0446
vn -0.9986 0.0316 -0.0430
vn -0.8809 -0.4723 -0.0313
vn -0.8711 -0.4902 -0.0306
vn 0.0392 -0.9992 0.0119
vn 0.7324 0.1799 0.6567
vn 0.7232 0.1459 0.6751
vn 0.7334 0.1764 0.6565
vn 0.7145 0.1157 0.6900
vn 0.6876 0.1098 0.7177
vn 0.6869 0.1114 0.7181
vn 0.6356 0.1630 0.7546
vn 0.6352 0.1642 0.7547
vn 0.6193 0.1113 0.7772
vn 0.6241 0.0777 0.7774
vn 0.6412 -0.0053 0.7673
vn 0.6415 -0.0029 0.7671
vn -0.4586 0.5702 0.6816
vn -0.4690 0.7892 0.3965
vn -0.4707 0.7907 0.3914
vn -0.4232 0.4381 0.7931
vn -0.2431 0.0298 0.9695
vn -0.2068 0.0013 0.9784
vn -0.1105 -0.0587 0.9921
vn -0.0846 -0.0468 0.9953
vn -0.0377 -0.0297 0.9988
vn -0.0383 -0.0296 0.9988
vn -0.0532 -0.0606 0.9967
vn -0.0646 -0.0646 0.9958
vn -0.0632 -0.2702 0.9607
vn -0.0584 -0.2847 0.9568
vn 0.1089 -0.7223 0.6830
vn 0.1022 -0.7169 0.6896
vn 0.2343 -0.8924 0.3856
vn 0.2339 -0.8892 0.3931
vn -0.8149 -0.5794 0.0120
vn -0.8101 -0.5862 0.0111
vn -0.8100 -0.5863 0.0110
vn -0.8277 -0.5605 0.0280
vn -0.8441 -0.5328 0.0598
vn -0.8372 -0.5455 0.0400
vn -0.7932 -0.5665 0.2235
vn -0.8643 -0.5026 0.0172
vn -0.7890 -0.5742 0.2186
vn -0.5457 -0.5273 0.6513
vn -0.8723 -0.4878 0.0330
vn -0.8930 -0.4499 -0.0117
vn -0.9069 -0.4213 -0.0024
vn -0.8272 -0.5358 0.1695
vn -0.9100 -0.4039 -0.0940
vn -0.9321 -0.3386 -0.1287
vn -0.9310 -0.3382 -0.1374
vn -0.8914 -0.4483 -0.0671
vn -0.8664 -0.4792 0.1400
vn -0.8698 -0.4720 0.1436
vn -0.5742 -0.5468 0.6093
vn -0.6655 -0.5213 0.5341
vn -0.7329 -0.4730 0.4890
vn -0.7423 -0.4613 0.4860
vn -0.4308 -0.3971 0.8104
vn -0.5147 -0.3989 0.7589
vn -0.2662 -0.3427 0.9009
vn -0.2140 -0.3228 0.9219
vn -0.1855 -0.3157 0.9305
vn -0.2365 -0.3175 0.9183
vn -0.3449 -0.4270 0.8359
vn -0.1710 -0.3617 0.9165
vn -0.2579 -0.4468 0.8567
vn -0.1064 -0.3835 0.9174
vn -0.2291 -0.4217 0.8773
vn -0.0922 -0.3677 0.9254
vn 0.3094 -0.8836 -0.3514
vn 0.3110 -0.8824 -0.3530
vn 0.3336 -0.8789 -0.3409
vn 0.3323 -0.8682 -0.3686
vn 0.2851 -0.8868 -0.3637
vn 0.3242 -0.8678 -0.3765
vn 0.3460 -0.8591 -0.3771
vn 0.3447 -0.8603 -0.3756
vn 0.3266 -0.8699 -0.3696
vn 0.3436 -0.8744 -0.3426
vn 0.2669 -0.8998 -0.3451
vn 0.3712 -0.8651 -0.3374
vn 0.4736 -0.8151 -0.3338
vn 0.5412 -0.7718 -0.3337
vn 0.5327 -0.7599 -0.3726
vn 0.5059 -0.6760 -0.5358
vn 0.5540 -0.7751 -0.3038
vn 0.5513 -0.7762 -0.3060
vn 0.5870 -0.7857 -0.1954
vn 0.5981 -0.7680 -0.2290
vn 0.5621 -0.8246 -0.0643
vn 0.5441 -0.8356 -0.0756
vn 0.5398 -0.8416 0.0187
vn 0.5256 -0.8499 0.0375
vn 0.4593 -0.8835 0.0925
vn 0.4800 -0.8728 0.0883
vn 0.4255 -0.8937 0.1425
vn 0.4208 -0.8976 0.1313
vn 0.7468 0.4719 -0.4687
vn 0.7532 0.4829 -0.4467
vn 0.7104 0.4183 -0.5660
vn 0.7077 0.4086 -0.5764
vn 0.7575 0.4044 -0.5125
vn 0.7699 0.4019 -0.4957
vn 0.5061 -0.8622 -0.0198
vn 0.5123 -0.8585 -0.0245
vn 0.5120 -0.8586 -0.0246
vn 0.5062 -0.8622 -0.0198
vn 0.5059 -0.8625 -0.0135
vn 0.5055 -0.8627 -0.0133
vn 0.5168 -0.8550 -0.0435
vn 0.4333 -0.9000 -0.0480
vn 0.4737 -0.8777 -0.0728
vn 0.4106 -0.9100 -0.0568
vn 0.4110 -0.9099 -0.0567
vn 0.4105 -0.9101 -0.0569
vn 0.4111 -0.9098 -0.0565
vn 0.3922 -0.9193 -0.0315
vn 0.3945 -0.9182 -0.0361
vn 0.3564 -0.9343 0.0044
vn 0.3425 -0.9390 0.0313
vn 0.3407 -0.9397 0.0305
vn -0.6797 0.7169 -0.1552
vn -0.6805 0.7161 -0.1553
vn -0.7105 0.6821 -0.1728
vn -0.6813 0.7156 -0.1544
vn -0.6796 0.7171 -0.1549
vn -0.6638 0.7351 -0.1378
vn -0.6669 0.7324 -0.1369
vn -0.6648 0.7356 -0.1299
vn -0.6663 0.7348 -0.1271
vn -0.6171 0.7781 -0.1173
vn -0.6266 0.7700 -0.1203
vn -0.5889 0.7997 -0.1168
vn -0.5276 0.8439 -0.0973
vn -0.5565 0.8212 -0.1262
vn -0.4539 0.8867 -0.0879
vn -0.4733 0.8766 -0.0866
vn -0.5067 0.8549 -0.1117
vn -0.4971 0.8607 -0.1105
vn -0.5112 0.8445 -0.1597
vn -0.5020 0.8501 -0.1592
vn -0.4765 0.8502 -0.2237
vn -0.4770 0.8504 -0.2221
vn -0.7320 -0.1894 -0.6545
vn -0.7280 -0.2198 -0.6494
vn -0.7279 -0.2197 -0.6495
vn -0.7318 -0.1898 -0.6546
vn -0.7209 -0.1985 -0.6641
vn -0.7201 -0.1996 -0.6645
vn -0.7175 -0.2149 -0.6626
vn -0.7152 -0.2222 -0.6627
vn -0.7282 -0.2111 -0.6521
vn -0.7305 -0.2131 -0.6488
vn -0.7284 -0.2108 -0.6520
vn -0.7283 -0.2105 -0.6522
vn -0.7243 -0.2094 -0.6570
vn -0.7243 -0.2095 -0.6569
vn -0.7243 -0.2095 -0.6568
vn -0.7243 -0.2094 -0.6569
vn -0.7242 -0.2095 -0.6570
vn -0.7242 -0.2097 -0.6569
vn -0.7243 -0.2097 -0.6569
vn -0.7242 -0.2097 -0.6570
vn -0.7242 -0.2098 -0.6569
vn -0.7241 -0.2097 -0.6570
vn -0.7241 -0.2098 -0.6570
vn -0.7244 -0.2096 -0.6568
vn -0.7244 -0.2095 -0.6568
vn -0.7242 -0.2094 -0.6570
vn 0.7188 0.2235 0.6583
vn 0.7268 0.2033 0.6560
vn 0.7187 0.2237 0.6583
vn 0.7242 0.2019 0.6594
vn 0.7182 0.2061 0.6646
vn 0.7176 0.2067 0.6651
vn 0.7149 0.2221 0.6630
vn 0.7154 0.2222 0.6625
vn 0.7214 0.2171 0.6576
vn 0.7215 0.2170 0.6576
vn 0.7216 0.2169 0.6575
vn 0.7214 0.2167 0.6577
vn 0.7214 0.2172 0.6576
vn 0.7214 0.2173 0.6576
vn 0.7214 0.2172 0.6575
vn 0.7215 0.2172 0.6575
vn 0.7215 0.2171 0.6575
vn 0.7215 0.2170 0.6575
vn 0.7216 0.2170 0.6575
vn 0.7216 0.2168 0.6575
vn 0.7216 0.2169 0.6574
vn 0.7217 0.2168 0.6574
vn 0.7217 0.2169 0.6574
vn 0.7244 0.2099 0.6567
vn 0.7243 0.2100 0.6567
vn 0.7214 0.2170 0.6576
vn 0.7366 0.2088 0.6433
vn 0.7374 0.2080 0.6426
vn 0.7274 0.2029 0.6555
vn 0.7243 0.2097 0.6569
vn 0.6984 0.2048 0.6857
vn 0.5304 0.0588 0.8457
vn 0.7097 0.2272 0.6668
vn 0.7098 0.2262 0.6671
vn 0.5212 0.0546 0.8517
vn 0.0713 -0.2540 0.9646
vn 0.0675 -0.2544 0.9647
vn -0.3436 -0.4523 0.8230
vn -0.3402 -0.4510 0.8251
vn -0.6750 -0.5436 0.4988
vn -0.6748 -0.5436 0.4991
vn -0.8686 -0.4935 -0.0448
vn -0.8681 -0.4945 -0.0422
vn -0.7759 -0.2832 -0.5637
vn -0.7741 -0.2798 -0.5679
vn -0.4863 -0.0210 -0.8736
vn -0.4821 -0.0148 -0.8760
vn -0.0823 0.2368 -0.9681
vn -0.0776 0.2415 -0.9673
vn 0.2506 0.3982 -0.8824
vn 0.2474 0.3967 -0.8840
vn 0.3717 0.4495 -0.8123
vn 0.3712 0.4493 -0.8126
vn 0.4320 0.4662 -0.7720
vn 0.4319 0.4662 -0.7721
vn 0.5541 0.4980 -0.6671
vn 0.5574 0.4987 -0.6638
vn 0.7676 0.5325 -0.3568
vn 0.7611 0.5310 -0.3726
vn 0.8827 0.4408 0.1628
vn 0.8811 0.4518 0.1398
vn 0.7611 0.2393 0.6028
vn 0.7521 0.2363 0.6152
vn 0.5016 0.0089 0.8651
vn 0.4890 0.0065 0.8722
vn 0.1738 -0.2075 0.9627
vn 0.1662 -0.2095 0.9636
vn -0.2103 -0.4114 0.8869
vn -0.2058 -0.4093 0.8889
vn -0.6583 -0.5607 0.5023
vn -0.6608 -0.5610 0.4986
vn -0.8659 -0.4795 -0.1422
vn -0.8663 -0.4824 -0.1296
vn -0.6919 -0.1994 -0.6939
vn -0.6804 -0.1931 -0.7069
vn -0.4450 0.0115 -0.8954
vn -0.4485 0.0072 -0.8938
vn -0.4823 -0.4784 0.7339
vn -0.4429 -0.4662 0.7658
vn -0.4832 -0.4785 0.7332
vn -0.4431 -0.4664 0.7656
vn -0.3990 -0.4497 0.7991
vn -0.3987 -0.4496 0.7993
vn 0.5078 -0.8147 -0.2799
vn 0.5071 -0.8150 -0.2806
vn 0.5078 -0.8147 -0.2800
vn 0.5074 -0.8149 -0.2802
vn 0.5068 -0.8151 -0.2807
vn 0.5070 -0.8150 -0.2806
vn 0.5072 -0.8150 -0.2804
vn 0.5067 -0.8151 -0.2807
vn 0.5079 -0.8147 -0.2798
vn 0.5071 -0.8150 -0.2804
vn 0.5067 -0.8152 -0.2807
vn 0.5067 -0.8151 -0.2808
vn 0.5070 -0.8151 -0.2805
vn 0.5075 -0.8148 -0.2802
vn 0.5078 -0.8148 -0.2798
vn 0.5076 -0.8148 -0.2800
vn 0.5077 -0.8148 -0.2798
vn 0.5077 -0.8148 -0.2799
vn 0.5072 -0.8149 -0.2803
vn 0.5069 -0.8150 -0.2808
vn 0.5071 -0.8150 -0.2805
vn 0.2363 0.3997 0.8857
vn 0.2149 0.3609 0.9075
vn 0.2158 0.3615 0.9071
vn 0.2251 0.3940 0.8911
vn 0.3254 0.4204 0.8470
vn 0.3178 0.4241 0.8480
vn 0.4754 0.3958 0.7857
vn 0.4793 0.3851 0.7886
vn 0.6545 0.3485 0.6710
vn 0.6678 0.3351 0.6646
vn 0.8585 0.2354 0.4556
vn 0.8677 0.2168 0.4474
vn 0.9868 0.0342 0.1583
vn 0.9878 0.0408 0.1500
vn 0.9870 -0.1464 -0.0663
vn 0.9847 -0.1565 -0.0770
vn 0.8938 -0.3649 -0.2608
vn 0.8811 -0.3880 -0.2703
vn 0.7038 -0.5768 -0.4148
vn 0.6756 -0.6029 -0.4242
vn 0.4664 -0.7117 -0.5253
vn 0.4223 -0.7273 -0.5410
vn 0.1774 -0.7717 -0.6108
vn 0.1407 -0.7781 -0.6122
vn -0.1432 -0.7142 -0.6851
vn -0.1665 -0.7060 -0.6884
vn -0.4179 -0.5194 -0.7454
vn -0.4206 -0.5153 -0.7467
vn -0.5523 -0.2944 -0.7800
vn -0.5583 -0.2851 -0.7791
vn -0.6394 -0.0269 -0.7684
vn -0.6433 -0.0071 -0.7656
vn -0.6797 0.2700 -0.6820
vn -0.6876 0.2884 -0.6664
vn -0.6477 0.4801 -0.5916
vn -0.6440 0.4798 -0.5959
vn -0.5548 0.5142 -0.6540
vn -0.5377 0.5265 -0.6585
vn -0.4103 0.4571 -0.7891
vn -0.4459 0.4512 -0.7730
vn -0.2868 0.3403 -0.8955
vn -0.2558 0.2948 -0.9207
vn -0.1938 0.1959 -0.9613
vn -0.2024 0.1981 -0.9591
vn -0.1724 -0.0647 -0.9829
vn -0.1499 -0.0968 -0.9840
vn -0.1719 -0.0642 -0.9830
vn -0.1466 -0.1028 -0.9838
vn -0.0760 -0.2132 -0.9740
vn -0.0600 -0.2259 -0.9723
vn 0.1475 -0.4246 -0.8933
vn 0.1447 -0.4274 -0.8924
vn 0.4338 -0.6444 -0.6297
vn 0.4727 -0.6513 -0.5936
vn 0.6225 -0.7154 -0.3173
vn 0.6166 -0.7040 -0.3523
vn 0.1715 -0.0965 0.9804
vn 0.2315 -0.2219 0.9472
vn 0.1665 -0.0941 0.9815
vn 0.2549 -0.2632 0.9305
vn 0.3914 -0.4335 0.8117
vn 0.4275 -0.4227 0.7991
vn 0.5555 -0.5066 0.6594
vn 0.5361 -0.5171 0.6672
vn 0.6459 -0.4989 0.5778
vn 0.6495 -0.5012 0.5718
vn 0.6900 -0.2918 0.6624
vn 0.6946 -0.3210 0.6438
vn 0.6718 0.0134 0.7406
vn 0.6648 0.0378 0.7461
vn 0.5980 0.3036 0.7418
vn 0.5883 0.3194 0.7429
vn 0.4555 0.5313 0.7143
vn 0.4424 0.5473 0.7105
vn 0.1809 0.7317 0.6572
vn 0.2156 0.7102 0.6701
vn -0.1108 0.8068 0.5804
vn -0.1394 0.8116 0.5673
vn -0.4264 0.7686 0.4769
vn -0.4498 0.7588 0.4710
vn -0.6738 0.6338 0.3799
vn -0.6882 0.6172 0.3813
vn -0.8344 0.4567 0.3084
vn -0.8435 0.4375 0.3115
vn -0.9420 0.2661 0.2045
vn -0.9490 0.2460 0.1970
vn -0.9953 0.0853 0.0460
vn -0.9960 0.0848 0.0288
vn -0.9844 -0.0616 -0.1646
vn -0.9819 -0.0493 -0.1827
vn -0.8868 -0.1799 -0.4257
vn -0.8910 -0.1638 -0.4234
vn -0.7328 -0.2753 -0.6223
vn -0.7200 -0.2908 -0.6301
vn -0.5735 -0.3626 -0.7346
vn -0.5691 -0.3628 -0.7379
vn -0.4218 -0.4155 -0.8059
vn -0.4140 -0.4178 -0.8087
vn -0.2748 -0.4050 -0.8720
vn -0.2802 -0.4062 -0.8698
vn -0.1636 -0.3244 -0.9317
vn -0.1752 -0.3294 -0.9278
vn -0.1163 -0.1978 -0.9733
vn -0.1220 -0.2068 -0.9707
vn -0.1175 -0.1151 -0.9864
vn -0.1197 -0.1185 -0.9857
vn -0.0708 -0.9859 -0.1518
vn -0.0704 -0.9859 -0.1520
vn -0.0463 -0.9861 -0.1597
vn -0.0889 -0.9886 -0.1214
vn -0.0864 -0.9883 -0.1253
vn -0.1229 -0.9883 -0.0908
vn -0.1362 -0.9868 -0.0872
vn -0.1821 -0.9833 -0.0023
vn -0.1905 -0.9811 0.0346
vn -0.2405 -0.9316 0.2725
vn -0.2669 -0.8930 0.3623
vn -0.2545 -0.7527 0.6071
vn -0.2385 -0.7014 0.6717
vn -0.2845 -0.5984 0.7490
vn -0.2968 -0.5951 0.7469
vn -0.4489 -0.5266 0.7220
vn -0.4462 -0.5263 0.7238
vn -0.6600 -0.5475 0.5144
vn -0.5271 -0.4764 0.7037
vn -0.7828 -0.5869 0.2069
vn -0.7701 -0.5921 0.2374
vn -0.6514 -0.4883 0.5808
vn -0.5932 -0.4408 0.6737
vn -0.5933 -0.4406 0.6737
vn -0.6170 -0.4104 0.6715
vn -0.6200 -0.4068 0.6709
vn -0.6213 -0.3669 0.6923
vn -0.6265 -0.3690 0.6865
vn -0.6025 -0.3487 0.7179
vn -0.5962 -0.3518 0.7216
vn -0.7271 -0.5984 0.3365
vn -0.6706 -0.5703 0.4744
vn -0.5696 -0.5229 0.6341
vn -0.7659 -0.5565 0.3221
vn -0.5578 -0.5228 0.6446
vn -0.7207 -0.5147 0.4644
vn -0.4879 -0.4646 0.7390
vn -0.5807 -0.5252 0.6221
vn -0.4835 -0.4627 0.7431
vn -0.5902 -0.5208 0.6168
vn -0.4595 -0.4654 0.7565
vn -0.4388 -0.5552 0.7066
vn -0.4623 -0.4687 0.7527
vn -0.4307 -0.5547 0.7119
vn -0.4628 -0.5038 0.7294
vn -0.3781 -0.5705 0.7291
vn -0.4629 -0.5033 0.7297
vn -0.3784 -0.5715 0.7282
vn -0.4613 -0.5467 0.6988
vn -0.3534 -0.5419 0.7625
vn -0.4602 -0.5289 0.7131
vn -0.3529 -0.5378 0.7657
vn -0.4624 -0.5584 0.6887
vn -0.2949 -0.3711 0.8805
vn -0.3005 -0.3790 0.8752
vn -0.2493 -0.2340 0.9397
vn -0.2504 -0.2345 0.9393
vn -0.2351 -0.2128 0.9484
vn -0.2355 -0.2121 0.9484
vn -0.2535 -0.1958 0.9473
vn -0.2561 -0.1909 0.9476
vn -0.3304 -0.1546 0.9311
vn -0.3408 -0.1554 0.9272
vn -0.4282 -0.1609 0.8893
vn -0.4263 -0.1603 0.8903
vn -0.4832 -0.2126 0.8493
vn -0.4846 -0.2145 0.8480
vn -0.5214 -0.2998 0.7989
vn -0.5204 -0.2993 0.7998
vn -0.5321 -0.4294 0.7297
vn -0.5274 -0.4426 0.7252
vn -0.5012 -0.5503 0.6678
vn -0.5066 -0.5467 0.6667
vn -0.4711 -0.5795 0.6650
vn -0.4739 -0.5826 0.6603
vn -0.4668 -0.5790 0.6685
vn 0.0606 0.9896 0.1302
vn 0.0335 0.9930 0.1130
vn 0.0495 0.9904 0.1290
vn 0.1049 0.9826 0.1535
vn 0.0984 0.9841 0.1479
vn 0.1762 0.9713 0.1599
vn 0.1976 0.9681 0.1538
vn 0.2619 0.9625 0.0707
vn 0.2754 0.9613 -0.0026
vn 0.3036 0.9401 -0.1552
vn 0.3045 0.9352 -0.1806
vn 0.2986 0.8895 -0.3458
vn 0.3075 0.8813 -0.3589
vn 0.3498 0.8176 -0.4573
vn 0.3620 0.8216 -0.4403
vn 0.5723 0.6808 -0.4571
vn 0.5217 0.7062 -0.4787
vn 0.6596 0.5705 -0.4894
vn 0.6493 0.5761 -0.4965
vn 0.6997 0.6116 -0.3693
vn 0.7040 0.6037 -0.3740
vn 0.5751 0.4591 -0.6771
vn 0.5680 0.4263 -0.7040
vn 0.5678 0.4264 -0.7041
vn 0.5849 0.4053 -0.7026
vn 0.5900 0.4058 -0.6980
vn 0.6531 0.4093 -0.6371
vn 0.6513 0.4056 -0.6414
vn 0.6907 0.4350 -0.5777
vn 0.6937 0.4349 -0.5742
vn 0.6863 0.6318 -0.3603
vn 0.6291 0.5846 -0.5123
vn 0.6739 0.6127 -0.4128
vn 0.6022 0.5143 -0.6106
vn 0.6076 0.5536 -0.5695
vn 0.6015 0.5155 -0.6103
vn 0.5876 0.4688 -0.6595
vn 0.5419 0.4196 -0.7282
vn 0.5942 0.4942 -0.6345
vn 0.5386 0.4223 -0.7291
vn 0.5397 0.4132 -0.7335
vn 0.4580 0.4178 -0.7846
vn 0.5325 0.4068 -0.7423
vn 0.4558 0.4205 -0.7845
vn 0.5345 0.4253 -0.7303
vn 0.3875 0.4502 -0.8044
vn 0.5385 0.4398 -0.7188
vn 0.3839 0.4466 -0.8082
vn 0.5975 0.3905 -0.7004
vn 0.3279 0.4743 -0.8170
vn 0.5965 0.3860 -0.7037
vn 0.3096 0.5085 -0.8035
vn 0.6080 0.2420 -0.7562
vn 0.2874 0.5401 -0.7910
vn 0.6077 0.2386 -0.7575
vn 0.5782 0.2113 -0.7881
vn 0.5754 0.2154 -0.7890
vn 0.5049 0.3026 -0.8084
vn 0.5075 0.2992 -0.8080
vn 0.4390 0.3494 -0.8278
vn 0.4369 0.3514 -0.8280
vn 0.3879 0.3740 -0.8424
vn 0.3869 0.3745 -0.8426
vn 0.3646 0.4144 -0.8339
vn 0.3609 0.4028 -0.8411
vn 0.3158 0.4959 -0.8089
vn 0.3298 0.4779 -0.8142
vn 0.2501 0.5962 -0.7629
vn 0.2584 0.5824 -0.7708
vn 0.2189 0.6548 -0.7234
vn 0.2191 0.6548 -0.7233
vn 0.2255 0.6600 -0.7167
vn 0.2250 0.6602 -0.7166
vn 0.2541 0.6091 -0.7513
vn 0.2359 0.6402 -0.7311
vn 0.2614 0.5853 -0.7675
vn 0.0108 0.1020 -0.9947
vn 0.0044 0.0994 -0.9950
vn 0.0061 0.1049 -0.9945
vn 0.0061 0.0986 -0.9951
vn 0.0231 0.0847 -0.9961
vn 0.0309 0.0824 -0.9961
vn 0.0840 0.0536 -0.9950
vn 0.0904 0.0526 -0.9945
vn 0.1459 -0.0100 -0.9893
vn 0.1446 -0.0216 -0.9893
vn 0.1728 -0.1090 -0.9789
vn 0.1731 -0.1203 -0.9775
vn 0.1971 -0.2031 -0.9591
vn 0.1991 -0.2059 -0.9581
vn 0.2218 -0.2460 -0.9436
vn 0.2232 -0.2466 -0.9431
vn 0.2185 -0.2117 -0.9526
vn 0.2203 -0.2018 -0.9543
vn 0.1719 -0.0941 -0.9806
vn 0.1651 -0.0818 -0.9829
vn 0.0786 0.0485 -0.9957
vn 0.0797 0.0483 -0.9956
vn -0.0084 0.1438 -0.9896
vn -0.0053 0.1461 -0.9893
vn -0.0639 0.1221 -0.9905
vn -0.0501 0.1112 -0.9925
vn -0.0570 -0.0330 -0.9978
vn -0.0508 -0.0644 -0.9966
vn 0.0495 -0.4341 -0.8995
vn 0.0658 -0.5020 -0.8623
vn 0.2322 -0.9006 -0.3673
vn 0.2343 -0.8720 -0.4297
vn 0.2959 -0.9546 -0.0342
vn 0.3053 -0.9239 0.2305
vn 0.3097 -0.9311 0.1927
vn 0.3086 -0.8677 0.3896
vn 0.2959 -0.7873 0.5409
vn 0.2946 -0.7748 0.5594
vn 0.2597 -0.5640 0.7839
vn 0.2432 -0.5695 0.7852
vn 0.1462 -0.2430 0.9589
vn 0.1334 -0.2288 0.9643
vn 0.0143 0.0005 0.9999
vn 0.0016 0.0211 0.9998
vn -0.1333 0.1354 0.9818
vn -0.1765 0.1700 0.9695
vn -0.3204 0.2611 0.9106
vn -0.3549 0.2855 0.8902
vn -0.4757 0.3860 0.7904
vn -0.4965 0.4006 0.7701
vn -0.6037 0.4993 0.6215
vn -0.6112 0.5096 0.6056
vn -0.6827 0.6077 0.4057
vn -0.6854 0.6071 0.4020
vn -0.6680 0.6516 0.3595
vn -0.6735 0.6560 0.3406
vn -0.5802 0.6092 0.5405
vn -0.5745 0.6056 0.5506
vn -0.4437 0.4443 0.7782
vn -0.4419 0.4417 0.7808
vn -0.3361 0.2847 0.8978
vn -0.3350 0.2872 0.8974
vn -0.2557 0.1557 0.9541
vn -0.2504 0.1488 0.9566
vn -0.1583 0.0060 0.9874
vn -0.1561 0.0024 0.9877
vn -0.1030 -0.0887 0.9907
vn -0.1005 -0.0930 0.9906
vn -0.0722 -0.1576 0.9849
vn -0.0712 -0.1562 0.9852
vn -0.0666 -0.2348 0.9698
vn -0.0639 -0.2269 0.9718
vn -0.0878 -0.3036 0.9488
vn -0.0883 -0.3102 0.9466
vn -0.1603 -0.3099 0.9372
vn -0.1818 -0.2848 0.9412
vn -0.2788 -0.1814 0.9431
vn -0.2968 -0.1504 0.9430
vn -0.3859 -0.0332 0.9219
vn -0.4022 -0.0034 0.9155
vn -0.4806 0.0893 0.8724
vn -0.4920 0.1144 0.8630
vn -0.5492 0.1945 0.8127
vn -0.5546 0.2093 0.8054
vn -0.5618 0.2128 0.7994
vn -0.5542 0.2054 0.8067
vn -0.5347 0.1505 0.8315
vn -0.5379 0.1454 0.8304
vn -0.5298 0.0715 0.8451
vn -0.5227 0.0603 0.8504
vn -0.5165 -0.0107 0.8562
vn -0.5128 -0.0188 0.8583
vn -0.5125 -0.0347 0.8580
vn -0.5121 -0.0334 0.8583
vn -0.0858 -0.1578 0.9837
vn -0.0937 -0.1612 0.9825
vn -0.0910 -0.1630 0.9824
vn -0.0814 -0.1534 0.9848
vn -0.0899 -0.1423 0.9857
vn -0.0927 -0.1363 0.9863
vn -0.1417 -0.1057 0.9843
vn -0.1487 -0.1048 0.9833
vn -0.2036 -0.0406 0.9782
vn -0.2082 -0.0320 0.9776
vn -0.2445 0.0702 0.9671
vn -0.2435 0.0789 0.9667
vn -0.2527 0.1791 0.9508
vn -0.2559 0.1802 0.9498
vn -0.2606 0.2316 0.9372
vn -0.2654 0.2374 0.9345
vn -0.2570 0.1968 0.9462
vn -0.2541 0.1804 0.9502
vn -0.1927 0.0621 0.9793
vn -0.1895 0.0573 0.9802
vn -0.0755 -0.0641 0.9951
vn -0.0784 -0.0685 0.9946
vn 0.0206 -0.1413 0.9898
vn 0.0189 -0.1447 0.9893
vn 0.0552 -0.1624 0.9852
vn 0.0539 -0.1616 0.9854
vn 0.0453 -0.0322 0.9985
vn 0.0405 -0.0063 0.9992
vn -0.0455 0.4061 0.9127
vn -0.0776 0.5204 0.8504
vn -0.1763 0.8519 0.4932
vn -0.1924 0.8905 0.4123
vn -0.2464 0.9624 0.1142
vn -0.2588 0.9646 0.0499
vn -0.2963 0.9424 -0.1553
vn -0.3044 0.9327 -0.1934
vn -0.3217 0.8803 -0.3486
vn -0.3201 0.8720 -0.3703
vn -0.3385 0.8060 -0.4855
vn -0.3367 0.7957 -0.5035
vn -0.3383 0.7041 -0.6243
vn -0.3351 0.7119 -0.6172
vn -0.3309 0.5813 -0.7434
vn -0.3175 0.5920 -0.7408
vn -0.2806 0.4174 -0.8643
vn -0.2685 0.4174 -0.8682
vn -0.1966 0.2401 -0.9506
vn -0.1945 0.2422 -0.9505
vn -0.0970 0.1058 -0.9896
vn -0.0954 0.1048 -0.9899
vn 0.0116 -0.0035 -0.9999
vn 0.0154 -0.0145 -0.9998
vn 0.1337 -0.1099 -0.9849
vn 0.1766 -0.1400 -0.9743
vn 0.2976 -0.2519 -0.9209
vn 0.3373 -0.2823 -0.8981
vn 0.4514 -0.4029 -0.7962
vn 0.4691 -0.4227 -0.7754
vn 0.5713 -0.5437 -0.6148
vn 0.5774 -0.5516 -0.6020
vn 0.6347 -0.6410 -0.4316
vn 0.6367 -0.6390 -0.4317
vn 0.6305 -0.6708 -0.3905
vn 0.6283 -0.6700 -0.3954
vn 0.5544 -0.5991 -0.5776
vn 0.5483 -0.6059 -0.5764
vn 0.4215 -0.4491 -0.7878
vn 0.4183 -0.4432 -0.7928
vn 0.3154 -0.3184 -0.8939
vn 0.3133 -0.3136 -0.8964
vn 0.2112 -0.1734 -0.9619
vn 0.2076 -0.1671 -0.9638
vn 0.1140 -0.0216 -0.9932
vn 0.1160 -0.0252 -0.9929
vn 0.0552 0.0648 -0.9964
vn 0.0559 0.0625 -0.9965
vn 0.0336 0.1300 -0.9909
vn 0.0333 0.1295 -0.9910
vn 0.0059 0.2182 -0.9759
vn 0.0105 0.2134 -0.9769
vn 0.0066 0.3046 -0.9525
vn 0.0024 0.3155 -0.9489
vn 0.0826 0.2993 -0.9506
vn 0.1136 0.2709 -0.9559
vn 0.2259 0.1553 -0.9617
vn 0.2392 0.1293 -0.9623
vn 0.3094 0.0263 -0.9506
vn 0.3158 0.0161 -0.9487
vn 0.3643 -0.0842 -0.9275
vn 0.3780 -0.1108 -0.9191
vn 0.4560 -0.2103 -0.8648
vn 0.4694 -0.2346 -0.8512
vn 0.5293 -0.2301 -0.8167
vn 0.5302 -0.2231 -0.8180
vn 0.5536 -0.1360 -0.8216
vn 0.5540 -0.1230 -0.8234
vn 0.5382 -0.0392 -0.8419
vn 0.5336 -0.0346 -0.8451
vn 0.5195 0.0073 -0.8545
vn 0.5197 0.0046 -0.8544
vn 0.5365 0.0068 -0.8439
vn 0.5355 0.0037 -0.8445
vn -0.8620 -0.4851 -0.1469
vn -0.8825 -0.4520 -0.1301
vn -0.8825 -0.4522 -0.1295
vn -0.8582 -0.4918 -0.1469
vn -0.8220 -0.5505 -0.1461
vn -0.8182 -0.5559 -0.1467
vn -0.8155 -0.5625 -0.1361
vn -0.8143 -0.5643 -0.1358
vn -0.8422 -0.5338 -0.0755
vn -0.8415 -0.5351 -0.0742
vn -0.8620 -0.5067 -0.0125
vn -0.8638 -0.5038 -0.0021
vn -0.8836 -0.4649 0.0562
vn -0.8827 -0.4663 0.0575
vn -0.8770 -0.4742 0.0779
vn -0.8786 -0.4714 0.0761
vn -0.8656 -0.4957 0.0708
vn -0.8661 -0.4948 0.0702
vn -0.8635 -0.4953 0.0947
vn -0.8635 -0.4954 0.0949
vn -0.8700 -0.4796 0.1146
vn -0.8704 -0.4788 0.1146
vn -0.8761 -0.4732 0.0923
vn -0.8773 -0.4727 0.0836
vn -0.8688 -0.4875 0.0863
vn -0.8672 -0.4901 0.0880
vn -0.8494 -0.5049 0.1533
vn -0.8441 -0.5074 0.1734
vn -0.8182 -0.5283 0.2267
vn -0.8124 -0.5320 0.2386
vn -0.8062 -0.5332 0.2562
vn -0.8074 -0.5289 0.2614
vn -0.8293 -0.5177 0.2103
vn -0.8315 -0.5188 0.1985
vn -0.8424 -0.5142 0.1614
vn -0.8428 -0.5134 0.1614
vn -0.8546 -0.5020 0.1328
vn -0.8570 -0.5010 0.1205
vn -0.8697 -0.4891 0.0667
vn -0.8723 -0.4890 0.0051
vn -0.8696 -0.4929 -0.0287
vn -0.8547 -0.5114 -0.0896
vn -0.8648 -0.4973 -0.0696
vn -0.8494 -0.5185 -0.0986
vn -0.8338 -0.5490 -0.0585
vn -0.8412 -0.5349 -0.0792
vn -0.8236 -0.5670 -0.0125
vn -0.8421 -0.5387 0.0253
vn -0.8432 -0.5370 0.0273
vn -0.8695 -0.4939 -0.0051
vn -0.8694 -0.4941 -0.0061
vn -0.8598 -0.5106 -0.0022
vn -0.8617 -0.5074 -0.0032
vn -0.8467 -0.5313 0.0288
vn -0.8472 -0.5304 0.0294
vn -0.8469 -0.5303 0.0388
vn -0.8507 -0.5241 0.0399
vn -0.8425 -0.5379 0.0302
vn -0.8379 -0.5452 0.0279
vn -0.8278 -0.5597 0.0388
vn -0.8232 -0.5658 0.0468
vn -0.8321 -0.5518 0.0560
vn -0.8356 -0.5461 0.0597
vn -0.8464 -0.5304 0.0487
vn -0.8459 -0.5310 0.0497
vn -0.8506 -0.5244 0.0393
vn -0.8509 -0.5239 0.0375
vn -0.8436 -0.5369 -0.0007
vn -0.8435 -0.5371 -0.0001
vn -0.8289 -0.5567 -0.0552
vn -0.8280 -0.5572 -0.0628
vn -0.8024 -0.5885 -0.0990
vn -0.8037 -0.5867 -0.0991
vn -0.8140 -0.5752 -0.0810
vn -0.8177 -0.5698 -0.0811
vn -0.8729 -0.4851 -0.0529
vn -0.8731 -0.4846 -0.0532
vn -0.9205 -0.3906 -0.0093
vn -0.9230 -0.3847 -0.0018
vn -0.9524 -0.3038 -0.0258
vn -0.9547 -0.2954 -0.0347
vn -0.9641 -0.2469 -0.0976
vn -0.9644 -0.2456 -0.0980
vn -0.9671 -0.2190 -0.1292
vn -0.9669 -0.2204 -0.1288
vn -0.9640 -0.2263 -0.1399
vn -0.9618 -0.2356 -0.1395
vn -0.9510 -0.2666 -0.1565
vn -0.9513 -0.2644 -0.1583
vn -0.9228 -0.3583 -0.1419
vn -0.9234 -0.3539 -0.1488
vn -0.8852 -0.4577 -0.0829
vn -0.8876 -0.4527 -0.0849
vn -0.8688 -0.4951 0.0028
vn -0.8707 -0.4917 -0.0061
vn -0.7545 -0.6550 0.0408
vn -0.7430 -0.6688 0.0273
vn -0.6095 -0.7927 0.0061
vn -0.6135 -0.7895 -0.0168
vn 0.9246 0.3448 0.1617
vn 0.8891 0.4253 0.1693
vn 0.9250 0.3442 0.1607
vn 0.8868 0.4301 0.1689
vn 0.8335 0.5372 0.1294
vn 0.8342 0.5363 0.1286
vn 0.8368 0.5373 0.1056
vn 0.8358 0.5388 0.1055
vn 0.8563 0.5112 0.0741
vn 0.8556 0.5125 0.0726
vn 0.8742 0.4853 0.0141
vn 0.8726 0.4883 0.0116
vn 0.8883 0.4572 -0.0430
vn 0.8870 0.4589 -0.0524
vn 0.8934 0.4434 -0.0730
vn 0.8934 0.4435 -0.0722
vn 0.8813 0.4678 -0.0674
vn 0.8800 0.4705 -0.0653
vn 0.8611 0.5016 -0.0829
vn 0.8611 0.5015 -0.0832
vn 0.8709 0.4862 -0.0713
vn 0.8702 0.4875 -0.0718
vn 0.8717 0.4877 -0.0484
vn 0.8717 0.4877 -0.0483
vn 0.8782 0.4733 -0.0688
vn 0.8779 0.4736 -0.0706
vn 0.8628 0.4894 -0.1268
vn 0.8542 0.5031 -0.1311
vn 0.8252 0.5495 -0.1305
vn 0.8239 0.5503 -0.1355
vn 0.7944 0.5944 -0.1250
vn 0.7817 0.6059 -0.1477
vn 0.7533 0.6352 -0.1704
vn 0.7615 0.6223 -0.1813
vn 0.7686 0.6158 -0.1734
vn 0.7766 0.6086 -0.1627
vn 0.7727 0.6160 -0.1531
vn 0.7713 0.6153 -0.1628
vn 0.7741 0.6165 -0.1442
vn 0.7818 0.6182 -0.0815
vn 0.7809 0.6160 -0.1038
vn 0.7787 0.6249 -0.0561
vn 0.7851 0.5924 -0.1811
vn 0.7786 0.6199 -0.0974
vn 0.7703 0.5845 -0.2548
vn 0.7691 0.5517 -0.3227
vn 0.7689 0.5511 -0.3241
vn 0.8055 0.4763 -0.3525
vn 0.8174 0.4634 -0.3423
vn 0.8581 0.3979 -0.3247
vn 0.8649 0.3866 -0.3202
vn 0.8927 0.3499 -0.2840
vn 0.8979 0.3391 -0.2807
vn 0.9168 0.3296 -0.2257
vn 0.9162 0.3312 -0.2255
vn 0.9226 0.3406 -0.1809
vn 0.9227 0.3422 -0.1776
vn 0.9191 0.3733 -0.1259
vn 0.9189 0.3751 -0.1224
vn 0.9067 0.4139 -0.0810
vn 0.9043 0.4201 -0.0759
vn 0.8866 0.4593 -0.0544
vn 0.8881 0.4569 -0.0498
vn 0.8724 0.4882 -0.0250
vn 0.8738 0.4860 -0.0131
vn 0.8610 0.5083 0.0143
vn 0.8618 0.5069 0.0159
vn 0.8487 0.5280 0.0316
vn 0.8483 0.5286 0.0317
vn 0.8440 0.5348 0.0398
vn 0.8439 0.5350 0.0397
vn 0.8487 0.5271 0.0435
vn 0.8486 0.5272 0.0433
vn 0.8765 0.4809 -0.0219
vn 0.8807 0.4727 -0.0302
vn 0.9107 0.3978 -0.1114
vn 0.9104 0.3983 -0.1116
vn 0.9413 0.3216 -0.1024
vn 0.9451 0.3131 -0.0937
vn 0.9660 0.2528 -0.0537
vn 0.9669 0.2499 -0.0522
vn 0.9738 0.2275 0.0028
vn 0.9745 0.2245 0.0046
vn 0.9753 0.2109 0.0649
vn 0.9754 0.2084 0.0721
vn 0.9635 0.2404 0.1180
vn 0.9643 0.2356 0.1209
vn 0.9434 0.3271 0.0549
vn 0.9423 0.3308 0.0513
vn 0.9009 0.4341 -0.0043
vn 0.9036 0.4284 0.0017
vn 0.8406 0.5012 0.2055
vn 0.8406 0.4989 0.2109
vn 0.8611 0.1929 0.4705
vn 0.8553 0.2403 0.4590
vn 0.8482 -0.1000 0.5202
vn 0.8478 -0.0901 0.5226
vn 0.0352 -0.0077 0.9994
vn 0.0353 -0.0080 0.9993
vn 0.0354 -0.0078 0.9993
vn 0.0351 -0.0077 0.9994
vn 0.0351 -0.0079 0.9994
vn 0.0354 -0.0080 0.9993
vn 0.0353 -0.0077 0.9993
vn 0.0352 -0.0078 0.9993
vn 0.0353 -0.0078 0.9993
vn 0.0352 -0.0079 0.9993
vn -0.3948 -0.1817 -0.9006
vn -0.3558 -0.1434 -0.9235
vn -0.3434 -0.1376 -0.9291
vn -0.4098 -0.1891 -0.8924
vn -0.2487 -0.1092 -0.9624
vn -0.2602 -0.1179 -0.9583
vn 0.1171 0.0923 -0.9888
vn 0.1333 0.1081 -0.9852
vn 0.3517 0.2176 -0.9105
vn 0.3597 0.2321 -0.9037
vn 0.4871 0.2756 -0.8287
vn 0.4842 0.2828 -0.8280
vn 0.6766 0.3744 -0.6341
vn 0.6958 0.3806 -0.6091
vn 0.4980 0.3036 0.8123
vn 0.5911 0.2178 0.7767
vn 0.4969 0.3119 0.8098
vn 0.6045 0.2069 0.7693
vn 0.7350 0.0497 0.6763
vn 0.7456 0.0396 0.6652
vn 0.7805 -0.0402 0.6238
vn 0.7762 -0.0400 0.6292
vn 0.7447 -0.0320 0.6666
vn 0.7398 -0.0257 0.6723
vn 0.6994 -0.0052 0.7147
vn 0.6985 -0.0045 0.7156
vn 0.6447 0.0568 0.7623
vn 0.6431 0.0584 0.7635
vn 0.6002 0.1062 0.7927
vn 0.5998 0.1060 0.7931
vn 0.5859 0.1624 0.7939
vn 0.5860 0.1628 0.7938
vn 0.5603 0.2636 0.7852
vn 0.5595 0.2638 0.7857
vn 0.5452 0.3723 0.7511
vn 0.5437 0.3833 0.7466
vn 0.5429 0.4499 0.7091
vn 0.5428 0.4503 0.7089
vn 0.5412 0.4595 0.7042
vn 0.5413 0.4595 0.7042
vn 0.5312 0.4611 0.7108
vn 0.5314 0.4610 0.7107
vn 0.5408 0.4683 0.6987
vn 0.5440 0.4689 0.6958
vn 0.5672 0.4834 0.6668
vn 0.5666 0.4832 0.6675
vn 0.5166 0.5078 0.6894
vn 0.5158 0.5101 0.6883
vn 0.4653 0.5202 0.7161
vn 0.4729 0.5192 0.7119
vn 0.4349 -0.7815 -0.4474
vn 0.3083 -0.7722 -0.5556
vn 0.4436 -0.7767 -0.4472
vn 0.2971 -0.7717 -0.5624
vn 0.0731 -0.6984 -0.7119
vn 0.0549 -0.6852 -0.7263
vn -0.1930 -0.5346 -0.8228
vn -0.2044 -0.5267 -0.8251
vn -0.4575 -0.3450 -0.8196
vn -0.4678 -0.3369 -0.8171
vn -0.5984 -0.2016 -0.7754
vn -0.6009 -0.1972 -0.7746
vn -0.6645 -0.1475 -0.7326
vn -0.6639 -0.1486 -0.7329
vn -0.7086 -0.1701 -0.6848
vn -0.7089 -0.1692 -0.6848
vn -0.7252 -0.2261 -0.6504
vn -0.7298 -0.2447 -0.6384
vn -0.7485 -0.2982 -0.5923
vn -0.7545 -0.3100 -0.5785
vn -0.7813 -0.3509 -0.5162
vn -0.7817 -0.3536 -0.5137
vn -0.8148 -0.3715 -0.4451
vn -0.8164 -0.3696 -0.4436
vn -0.8517 -0.3564 -0.3842
vn -0.8524 -0.3554 -0.3835
vn -0.8699 -0.3479 -0.3496
vn -0.8701 -0.3476 -0.3494
vn -0.8726 -0.3379 -0.3526
vn -0.8751 -0.3326 -0.3514
vn -0.8749 -0.3034 -0.3776
vn -0.8748 -0.3052 -0.3762
vn -0.8667 -0.2506 -0.4313
vn -0.8652 -0.2461 -0.4369
vn -0.8125 -0.1715 -0.5572
vn -0.8138 -0.1694 -0.5559
vn -0.7443 -0.1380 -0.6534
vn -0.7474 -0.1380 -0.6499
vn -0.6715 -0.1498 -0.7257
vn -0.6772 -0.1439 -0.7216
vn -0.5526 -0.2056 -0.8077
vn -0.5372 -0.2100 -0.8169
vn -0.3752 -0.3543 -0.8566
vn -0.3566 -0.3817 -0.8527
vn -0.2371 -0.6072 -0.7583
vn -0.2212 -0.6586 -0.7193
vn -0.1078 -0.8908 -0.4415
vn -0.0946 -0.9138 -0.3949
vn 0.0882 -0.9879 -0.1272
vn 0.0900 -0.9887 -0.1200
vn 0.2000 -0.9790 -0.0384
vn 0.1965 -0.9798 -0.0375
vn 0.1865 -0.9789 -0.0837
vn 0.1811 -0.9744 -0.1329
vn 0.1601 -0.9678 -0.1941
vn 0.2057 -0.9505 -0.2330
vn 0.2093 -0.9482 -0.2391
vn 0.2977 -0.9305 -0.2135
vn 0.3205 -0.9355 -0.1485
vn 0.3519 -0.9316 -0.0913
vn 0.3621 -0.9297 0.0676
vn 0.3618 -0.9285 0.0840
vn 0.3116 -0.9171 0.2487
vn 0.3116 -0.9203 0.2366
vn 0.2462 -0.9361 0.2511
vn 0.2448 -0.9477 0.2047
vn 0.2707 -0.9565 0.1089
vn 0.3148 -0.9475 0.0567
vn 0.3787 -0.9254 0.0153
vn 0.3683 -0.9296 0.0162
vn -0.7592 0.6508 0.0122
vn -0.7896 0.6119 -0.0458
vn -0.7899 0.6100 -0.0624
vn -0.7632 0.6456 0.0257
vn -0.7275 0.6838 0.0560
vn -0.7275 0.6832 0.0632
vn -0.7236 0.6878 0.0576
vn -0.7236 0.6879 0.0570
vn -0.7172 0.6952 0.0484
vn -0.7181 0.6944 0.0462
vn -0.6989 0.7151 0.0138
vn -0.6960 0.7179 0.0133
vn -0.7408 0.6712 -0.0255
vn -0.7627 0.6462 -0.0278
vn -0.7432 0.6646 0.0773
vn -0.7356 0.6686 0.1090
vn -0.5471 0.8009 0.2435
vn -0.4905 0.8208 0.2926
vn -0.3797 0.8375 0.3929
vn -0.3615 0.8299 0.4250
vn -0.2607 0.7053 0.6592
vn -0.2349 0.7155 0.6580
vn -0.1261 0.5590 0.8195
vn -0.1575 0.5679 0.8079
vn 0.6017 -0.7243 -0.3367
vn 0.6301 -0.7122 -0.3094
vn 0.5998 -0.7257 -0.3372
vn 0.6412 -0.7025 -0.3087
vn 0.7209 -0.6366 -0.2740
vn 0.7441 -0.6141 -0.2631
vn 0.8113 -0.5487 -0.2017
vn 0.8222 -0.5371 -0.1885
vn 0.8466 -0.5280 -0.0664
vn 0.8434 -0.5299 -0.0888
vn 0.8484 -0.5255 0.0633
vn 0.8477 -0.5256 0.0719
vn 0.8249 -0.5269 0.2046
vn 0.8283 -0.5270 0.1901
vn 0.7996 -0.5206 0.2993
vn 0.7874 -0.5299 0.3150
vn 0.7198 -0.6050 0.3404
vn 0.7097 -0.6162 0.3416
vn 0.6381 -0.7641 0.0945
vn 0.6355 -0.7639 0.1124
vn 0.5370 -0.8389 -0.0888
vn 0.5538 -0.8266 -0.0998
vn 0.5110 -0.8596 0.0010
vn 0.5051 -0.8624 0.0337
vn 0.5132 -0.8558 0.0658
vn 0.5148 -0.8550 0.0633
vn 0.5063 -0.8610 0.0476
vn 0.5073 -0.8602 0.0524
vn 0.5009 -0.8647 0.0362
vn 0.5009 -0.8646 0.0383
vn 0.4928 -0.8701 -0.0002
vn 0.4932 -0.8699 -0.0003
vn 0.4738 -0.8804 -0.0189
vn 0.4731 -0.8808 -0.0171
vn 0.4532 -0.8910 0.0278
vn 0.4531 -0.8911 0.0257
vn 0.4537 -0.8864 0.0917
vn 0.4559 -0.8844 0.0997
vn 0.4835 -0.8640 0.1406
vn 0.4925 -0.8582 0.1445
vn 0.5131 -0.8502 0.1182
vn 0.5160 -0.8487 0.1158
vn 0.5195 -0.8520 0.0653
vn 0.5190 -0.8523 0.0653
vn 0.5137 -0.8572 0.0360
vn 0.5129 -0.8577 0.0359
vn 0.5136 -0.8575 0.0286
vn 0.5135 -0.8576 0.0285
vn 0.5197 -0.8539 0.0285
vn 0.5198 -0.8538 0.0284
vn 0.5200 -0.8537 0.0285
vn 0.5199 -0.8534 0.0370
vn 0.5200 -0.8537 0.0286
vn 0.5197 -0.8536 0.0372
vn 0.5519 -0.8334 0.0285
vn 0.5506 -0.8343 0.0290
vn 0.6087 -0.7919 0.0488
vn 0.6033 -0.7960 0.0489
vn 0.7332 -0.6595 0.1658
vn 0.7272 -0.6660 0.1665
vn 0.8872 -0.2592 0.3817
vn 0.8886 -0.2387 0.3916
vn 0.8719 0.0887 0.4815
vn 0.8718 0.0899 0.4816
vn -0.7213 0.1025 0.6850
vn -0.5814 -0.2012 0.7884
vn -0.7765 0.1259 0.6174
vn -0.8004 0.3267 0.5026
vn -0.7832 0.3207 0.5327
vn -0.2304 0.9588 0.1664
vn -0.2705 0.9420 0.1987
vn -0.3955 0.8915 0.2207
vn -0.2538 0.9486 0.1891
vn -0.2683 0.9426 0.1987
vn -0.2694 0.9438 0.1912
vn -0.2680 0.9446 0.1893
vn -0.2886 0.9403 0.1803
vn -0.2851 0.9415 0.1798
vn -0.3291 0.9304 0.1616
vn -0.3450 0.9263 0.1512
vn -0.3868 0.9120 0.1363
vn -0.3880 0.9129 0.1264
vn -0.2825 0.9418 0.1821
vn -0.2866 0.9370 0.1997
vn -0.1463 0.9314 0.3333
vn -0.2186 0.9348 0.2798
vn -0.0946 0.9170 0.3876
vn 0.2627 0.8303 0.4915
vn -0.3177 0.9093 0.2688
vn -0.3734 -0.2338 0.8977
vn -0.2955 -0.1853 0.9372
vn -0.3048 -0.1914 0.9330
vn -0.3797 -0.2377 0.8941
vn -0.3673 -0.2314 0.9008
vn -0.3657 -0.2293 0.9021
vn -0.1424 -0.1018 0.9846
vn -0.1231 -0.0860 0.9887
vn 0.2772 0.1349 0.9513
vn 0.2918 0.1457 0.9453
vn 0.4536 0.2382 0.8588
vn 0.4505 0.2365 0.8609
vn 0.3310 0.1641 0.9292
vn 0.3322 0.1644 0.9288
vn 0.1224 0.0457 0.9914
vn 0.1212 0.0454 0.9916
vn 0.0312 -0.0099 0.9995
vn 0.0284 -0.0112 0.9995
vn -0.0385 -0.0458 0.9982
vn -0.0444 -0.0500 0.9978
vn -0.1947 -0.1167 0.9739
vn -0.2027 -0.1238 0.9714
vn -0.3888 -0.2155 0.8958
vn -0.3986 -0.2232 0.8895
vn -0.6162 -0.3198 0.7197
vn -0.6245 -0.3255 0.7099
vn -0.7866 -0.4101 0.4616
vn -0.7905 -0.4116 0.4535
vn -0.8636 -0.4523 0.2226
vn -0.8652 -0.4514 0.2183
vn -0.8829 -0.4659 0.0584
vn -0.8838 -0.4653 0.0486
vn -0.8801 -0.4605 -0.1153
vn -0.8811 -0.4588 -0.1149
vn -0.8162 -0.4170 -0.3999
vn -0.8210 -0.4189 -0.3878
vn -0.6314 -0.3189 -0.7068
vn -0.7093 -0.4473 -0.5448
vn -0.4175 -0.2567 -0.8717
vn -0.5699 -0.4794 -0.6674
vn -0.6391 -0.6112 -0.4668
vn -0.3211 -0.2113 -0.9232
vn -0.3040 -0.2446 -0.9207
vn -0.3070 -0.2543 -0.9171
vn -0.2492 -0.3677 -0.8959
vn -0.2252 -0.7352 -0.6393
vn -0.0810 -0.4157 -0.9059
vn -0.1546 -0.2710 -0.9501
vn -0.0460 -0.1007 -0.9939
vn -0.2791 -0.2789 -0.9189
vn -0.1337 -0.1152 -0.9843
vn -0.3322 -0.1541 -0.9305
vn -0.3569 -0.2436 -0.9018
vn -0.3381 -0.2547 -0.9060
vn -0.2560 -0.2511 -0.9335
vn -0.1993 -0.2532 -0.9467
vn -0.1357 -0.2822 -0.9497
vn -0.2945 -0.1094 -0.9494
vn -0.2694 -0.1739 -0.9472
vn -0.2473 -0.1461 -0.9579
vn -0.1467 -0.0256 -0.9888
vn -0.2347 -0.0674 -0.9697
vn -0.1988 0.0096 -0.9800
vn -0.3541 -0.1317 -0.9259
vn -0.1417 0.0233 -0.9896
vn -0.3372 -0.0722 -0.9387
vn -0.4308 -0.1358 -0.8922
vn -0.8888 -0.4347 -0.1454
vn -0.8698 -0.4218 -0.2559
vn -0.8887 -0.4347 -0.1455
vn -0.8712 -0.4235 -0.2483
vn -0.8060 -0.3918 -0.4437
vn -0.8073 -0.3943 -0.4390
vn -0.7134 -0.3389 -0.6133
vn -0.7130 -0.3397 -0.6134
vn -0.5855 -0.2769 -0.7619
vn -0.5860 -0.2771 -0.7615
vn -0.4372 -0.1959 -0.8778
vn -0.4364 -0.1963 -0.8781
vn -0.2790 -0.1026 -0.9548
vn -0.2828 -0.1079 -0.9531
vn -0.1580 -0.0313 -0.9869
vn -0.1634 -0.0366 -0.9859
vn -0.0748 0.0112 -0.9971
vn -0.0727 0.0119 -0.9973
vn -0.0300 0.0278 -0.9992
vn -0.0294 0.0289 -0.9992
vn 0.0129 0.0417 -0.9990
vn 0.0160 0.0437 -0.9989
vn 0.1306 0.1026 -0.9861
vn 0.1366 0.1063 -0.9849
vn 0.3173 0.1888 -0.9293
vn 0.3288 0.1959 -0.9239
vn 0.5614 0.3108 -0.7670
vn 0.5776 0.3192 -0.7513
vn 0.7438 0.3896 -0.5431
vn 0.7486 0.3915 -0.5351
vn 0.8337 0.4300 -0.3465
vn 0.8375 0.4314 -0.3355
vn 0.8681 0.4440 -0.2218
vn 0.8681 0.4441 -0.2217
vn -0.8775 -0.4397 0.1915
vn -0.8924 -0.4436 0.0827
vn -0.8924 -0.4437 0.0826
vn -0.8768 -0.4386 0.1972
vn -0.8137 -0.4233 0.3983
vn -0.8136 -0.4199 0.4021
vn -0.7133 -0.3774 0.5905
vn -0.7105 -0.3722 0.5972
vn -0.5704 -0.3160 0.7581
vn -0.5652 -0.3122 0.7636
vn -0.4046 -0.2315 0.8847
vn -0.3937 -0.2290 0.8903
vn -0.2301 -0.1336 0.9639
vn -0.2246 -0.1370 0.9648
vn -0.0969 -0.0593 0.9935
vn -0.0990 -0.0638 0.9930
vn -0.0082 -0.0156 0.9998
vn -0.0063 -0.0142 0.9999
vn 0.0373 0.0014 0.9993
vn 0.0379 0.0026 0.9993
vn 0.0804 0.0152 0.9966
vn 0.0830 0.0174 0.9964
vn 0.1958 0.0761 0.9777
vn 0.1995 0.0789 0.9767
vn 0.3711 0.1609 0.9145
vn 0.3771 0.1647 0.9114
vn 0.5920 0.2808 0.7554
vn 0.5953 0.2828 0.7521
vn 0.7510 0.3604 0.5532
vn 0.7497 0.3597 0.5554
vn 0.8339 0.4086 0.3710
vn 0.8322 0.4076 0.3759
vn 0.8648 0.4277 0.2632
vn -0.0442 0.0123 -0.9989
vn -0.0886 -0.0108 -0.9960
vn -0.0430 0.0131 -0.9990
vn -0.0911 -0.0126 -0.9958
vn -0.2041 -0.0713 -0.9764
vn -0.2130 -0.0764 -0.9741
vn -0.3789 -0.1646 -0.9107
vn -0.3800 -0.1651 -0.9101
vn -0.5554 -0.2601 -0.7898
vn -0.5960 -0.2824 -0.7517
vn -0.7478 -0.3676 -0.5529
vn -0.5569 -0.2610 -0.7885
vn -0.7464 -0.3669 -0.5552
vn -0.5984 -0.2838 -0.7493
vn -0.8297 -0.4157 -0.3725
vn -0.7478 -0.3676 -0.5528
vn -0.8279 -0.4147 -0.3776
vn -0.8809 -0.4494 -0.1486
vn -0.8297 -0.4158 -0.3724
vn -0.8800 -0.4486 -0.1564
vn -0.8279 -0.4147 -0.3775
vn -0.8862 -0.4585 0.0658
vn -0.8809 -0.4493 -0.1485
vn -0.8867 -0.4586 0.0587
vn -0.8799 -0.4486 -0.1564
vn -0.8514 -0.4469 0.2744
vn -0.8483 -0.4458 0.2857
vn -0.7439 -0.3991 0.5360
vn -0.8514 -0.4470 0.2744
vn -0.7368 -0.3956 0.5483
vn -0.8485 -0.4456 0.2854
vn -0.5620 -0.3113 0.7663
vn -0.7441 -0.3989 0.5359
vn -0.5528 -0.3068 0.7747
vn -0.7369 -0.3957 0.5481
vn -0.3452 -0.2030 0.9163
vn -0.5621 -0.3112 0.7663
vn -0.3368 -0.1990 0.9203
vn -0.5530 -0.3067 0.7747
vn -0.1420 -0.0996 0.9848
vn -0.3452 -0.2032 0.9163
vn -0.1299 -0.0932 0.9871
vn -0.3367 -0.1989 0.9204
vn -0.0009 -0.0264 0.9997
vn -0.1357 -0.0961 0.9861
vn 0.0042 -0.0227 0.9997
vn 0.0412 -0.0045 0.9991
vn 0.0416 -0.0042 0.9991
vn -0.0067 -0.0316 0.9995
vn 0.0416 -0.0043 0.9991
vn -0.1299 -0.0931 0.9871
vn -0.0016 -0.0273 0.9996
vn 0.0072 -0.0221 0.9997
vn 0.0471 -0.0015 0.9989
vn 0.0471 -0.0014 0.9989
vn 0.1557 0.0341 0.9872
vn 0.1153 0.0109 0.9933
vn 0.1154 0.0107 0.9933
vn 0.1152 0.0107 0.9933
vn 0.1470 0.0270 0.9888
vn 0.1501 0.0285 0.9883
vn 0.2537 0.1002 0.9621
vn 0.2550 0.0997 0.9618
vn 0.4275 0.2001 0.8816
vn 0.4280 0.1998 0.8814
vn 0.5566 0.2696 0.7858
vn 0.6046 0.2958 0.7396
vn 0.5700 0.2771 0.7736
vn 0.7005 0.3496 0.6222
vn 0.7211 0.3525 0.5965
vn 0.8078 0.4027 0.4304
vn 0.5822 0.2837 0.7620
vn 0.8056 0.4001 0.4370
vn 0.4553 0.2146 0.8641
vn 0.8698 0.4313 0.2395
vn 0.4503 0.2124 0.8672
vn 0.8686 0.4298 0.2468
vn 0.3130 0.1304 0.9408
vn 0.8913 0.4466 0.0784
vn 0.3121 0.1310 0.9410
vn 0.8910 0.4464 0.0824
vn 0.1858 0.0474 0.9814
vn 0.8920 0.4507 -0.0349
vn 0.1775 0.0435 0.9832
vn 0.1149 0.0103 0.9933
vn 0.1150 0.0104 0.9933
vn 0.8922 0.4506 -0.0304
vn 0.8728 0.4461 -0.1979
vn 0.8719 0.4450 -0.2044
vn 0.8076 0.4286 -0.4052
vn 0.8075 0.4260 -0.4080
vn 0.7061 0.3822 -0.5961
vn 0.7045 0.3785 -0.6004
vn 0.5664 0.3229 -0.7583
vn 0.5573 0.3169 -0.7674
vn 0.4023 0.2394 -0.8836
vn 0.3913 0.2369 -0.8892
vn 0.2300 0.1433 -0.9626
vn 0.2237 0.1461 -0.9636
vn 0.1023 0.0632 -0.9927
vn 0.1040 0.0673 -0.9923
vn 0.0165 0.0298 -0.9994
vn 0.0081 0.0246 -0.9997
vn -0.0190 0.0093 -0.9998
vn -0.0192 0.0077 -0.9998
vn -0.5912 0.2988 0.7492
vn -0.5742 0.5807 0.5771
vn -0.5776 0.5805 0.5739
vn -0.5857 0.3495 0.7313
vn -0.3955 -0.3650 0.8428
vn -0.3950 -0.3735 0.8393
vn -0.0158 -0.8323 0.5541
vn 0.0012 -0.8602 0.5100
vn 0.3593 -0.9327 0.0316
vn 0.3926 -0.9175 -0.0637
vn 0.5740 -0.6487 -0.4996
vn 0.5786 -0.6749 -0.4580
vn 0.6137 -0.3843 -0.6897
vn 0.6165 -0.4169 -0.6679
vn 0.5869 -0.1616 -0.7934
vn 0.5869 -0.1415 -0.7972
vn 0.5481 0.0141 -0.8363
vn 0.5452 0.0233 -0.8380
vn 0.4976 0.1422 -0.8557
vn 0.4997 0.1515 -0.8528
vn 0.4425 0.2748 -0.8536
vn 0.4403 0.2790 -0.8534
vn 0.3602 0.4194 -0.8333
vn 0.3655 0.4110 -0.8351
vn 0.2645 0.5694 -0.7783
vn 0.2631 0.5712 -0.7775
vn 0.1606 0.7078 -0.6879
vn 0.1548 0.7123 -0.6846
vn 0.0744 0.8052 -0.5883
vn 0.0672 0.8086 -0.5846
vn -0.0987 0.9195 -0.3805
vn -0.1121 0.9273 -0.3572
vn -0.3703 0.9287 0.0188
vn -0.3387 0.9408 -0.0113
vn -0.5571 0.6962 0.4526
vn -0.5280 0.7386 0.4193
vn -0.5776 0.2195 0.7862
vn -0.5713 0.2616 0.7780
vn -0.4011 -0.3338 0.8530
vn -0.4007 -0.3363 0.8523
vn -0.1053 -0.7687 0.6308
vn -0.0892 -0.7906 0.6059
vn 0.2103 -0.9462 0.2460
vn 0.2295 -0.9556 0.1847
vn 0.3700 -0.9288 -0.0224
vn 0.3721 -0.9280 -0.0184
vn 0.5840 -0.5642 -0.5836
vn 0.5902 -0.2770 -0.7582
vn 0.5871 -0.5642 -0.5806
vn 0.5843 -0.3179 -0.7467
vn 0.4098 0.3279 -0.8512
vn 0.4028 0.3399 -0.8498
vn 0.0301 0.8278 -0.5602
vn -0.0090 0.8571 -0.5151
vn -0.3433 0.9378 -0.0510
vn -0.3687 0.9293 0.0200
vn -0.5555 0.7070 0.4377
vn -0.5499 0.7467 0.3744
vn -0.6124 0.4247 0.6667
vn -0.6118 0.4542 0.6477
vn -0.5980 0.2060 0.7746
vn -0.5933 0.1861 0.7832
vn -0.5527 0.0195 0.8331
vn -0.5483 0.0034 0.8363
vn -0.5033 -0.1252 0.8550
vn -0.4973 -0.1411 0.8560
vn -0.4427 -0.2711 0.8547
vn -0.4445 -0.2674 0.8549
vn -0.3707 -0.4025 0.8370
vn -0.3723 -0.4005 0.8373
vn -0.2757 -0.5631 0.7790
vn -0.2719 -0.5613 0.7817
vn -0.1643 -0.7036 0.6913
vn -0.1582 -0.7037 0.6927
vn -0.0593 -0.8167 0.5740
vn -0.0545 -0.8157 0.5758
vn 0.1129 -0.9265 0.3590
vn 0.1353 -0.9317 0.3370
vn 0.3924 -0.9179 -0.0593
vn 0.3669 -0.9301 -0.0197
vn 0.5693 -0.6689 -0.4779
vn 0.5438 -0.7053 -0.4547
vn 0.5739 -0.2283 -0.7864
vn 0.5698 -0.2745 -0.7746
vn 0.4033 0.3251 -0.8554
vn 0.4040 0.3288 -0.8536
vn 0.0766 0.7932 -0.6042
vn 0.0545 0.8203 -0.5693
vn -0.2483 0.9503 -0.1877
vn -0.2700 0.9546 -0.1260
vn -0.3818 0.9229 0.0510
vn -0.3842 0.9221 0.0465
vn -0.8182 -0.5460 -0.1800
vn -0.8196 -0.5585 0.1279
vn -0.8177 -0.5578 0.1420
vn -0.8167 -0.5444 -0.1916
vn -0.6764 -0.4338 -0.5953
vn -0.6822 -0.4381 -0.5853
vn -0.3718 -0.2177 -0.9024
vn -0.3713 -0.2173 -0.9027
vn -0.0276 0.0216 -0.9994
vn -0.0336 0.0175 -0.9993
vn 0.3322 0.2644 -0.9054
vn 0.3202 0.2567 -0.9119
vn 0.6564 0.4816 -0.5807
vn 0.6396 0.4729 -0.6061
vn 0.7978 0.5745 -0.1830
vn 0.8026 0.5750 -0.1589
vn 0.8003 0.5631 0.2059
vn 0.8028 0.5625 0.1978
vn 0.6624 0.4444 0.6031
vn 0.6658 0.4453 0.5987
vn 0.3763 0.2293 0.8977
vn 0.3759 0.2291 0.8979
vn 0.0306 -0.0109 0.9995
vn 0.0366 -0.0068 0.9993
vn -0.3334 -0.2571 0.9071
vn -0.3215 -0.2492 0.9135
vn -0.6774 -0.4758 0.5610
vn -0.6649 -0.4680 0.5822
vn 0.0427 -0.1752 -0.9836
vn -0.0585 -0.1209 -0.9909
vn -0.0587 -0.1203 -0.9910
vn 0.0196 -0.1529 -0.9880
vn 0.2307 -0.2002 -0.9522
vn 0.3235 -0.2183 -0.9207
vn 0.5361 -0.1621 -0.8284
vn 0.6875 -0.1809 -0.7033
vn 0.9211 -0.1333 -0.3657
vn 0.9733 -0.1506 -0.1733
vn 0.9323 -0.1293 0.3379
vn 0.9076 -0.1293 0.3994
vn 0.7438 -0.1202 0.6575
vn 0.7427 -0.1198 0.6588
vn 0.6573 -0.0932 0.7478
vn 0.6594 -0.0921 0.7461
vn 0.6351 -0.0751 0.7688
vn 0.6338 -0.0785 0.7695
vn -0.5795 0.8007 -0.1518
vn -0.5612 0.8213 -0.1022
vn -0.5788 0.8028 -0.1430
vn -0.5603 0.8248 -0.0762
vn -0.5242 0.8510 -0.0319
vn -0.5548 0.8272 -0.0891
vn -0.5244 0.8507 -0.0356
vn -0.5235 0.8511 -0.0396
vn -0.5209 0.8524 -0.0447
vn -0.5205 0.8527 -0.0444
vn -0.4935 0.8686 -0.0450
vn -0.4934 0.8686 -0.0449
vn -0.5001 0.8652 -0.0365
vn -0.5006 0.8649 -0.0365
vn -0.5066 0.8617 -0.0284
vn -0.4997 0.8657 -0.0278
vn -0.5127 0.8586 0.0001
vn -0.5138 0.8579 -0.0085
vn -0.5249 0.8505 0.0328
vn -0.5239 0.8511 0.0332
vn -0.5173 0.8543 0.0500
vn -0.5184 0.8537 0.0498
vn -0.5187 0.8549 -0.0129
vn -0.5194 0.8544 -0.0129
vn -0.5061 0.8613 -0.0442
vn -0.5130 0.8573 -0.0444
vn -0.4937 0.8685 -0.0441
vn -0.4930 0.8689 -0.0443
vn -0.5207 0.8530 -0.0346
vn -0.5239 0.8510 -0.0372
vn -0.5250 0.8503 -0.0371
vn -0.5267 0.8493 -0.0365
vn -0.4766 0.8787 -0.0266
vn -0.4715 0.8815 -0.0262
vn -0.2662 0.9576 0.1097
vn -0.2957 0.9510 0.0899
vn 0.2387 0.8971 0.3718
vn 0.2063 0.9117 0.3552
vn 0.5477 0.6861 0.4788
vn 0.5474 0.6860 0.4794
vn 0.8882 -0.4303 -0.1611
vn 0.9556 -0.1316 -0.2637
vn 0.8884 -0.4299 -0.1609
vn 0.9485 -0.2021 -0.2440
vn 0.9012 0.2626 -0.3447
vn 0.8787 0.3176 -0.3564
vn 0.6454 0.6632 -0.3791
vn 0.5915 0.7150 -0.3726
vn 0.2684 0.8802 -0.3914
vn 0.2517 0.8841 -0.3938
vn -0.2487 0.8480 -0.4680
vn -0.2062 0.8643 -0.4588
vn -0.5299 0.7271 -0.4366
vn -0.5298 0.7272 -0.4364
vn 0.3165 -0.1876 0.9299
vn -0.6175 -0.0445 0.7853
vn 0.3293 -0.0887 0.9401
vn -0.5961 0.0874 0.7981
vn 0.2839 -0.2885 0.9144
vn -0.9846 0.0492 -0.1679
vn -0.5368 0.2088 0.8175
vn 0.2241 -0.3722 0.9007
vn -0.9457 0.2917 -0.1430
vn -0.4550 0.3095 0.8350
vn 0.1443 -0.4415 0.8856
vn -0.8469 0.5219 -0.1022
vn -0.3662 0.2192 -0.9043
vn -0.3827 0.0939 -0.9191
vn -0.3244 0.3189 -0.8905
vn -0.6977 0.7139 -0.0607
vn 0.5385 -0.0615 -0.8404
vn -0.2574 0.4153 -0.8725
vn 0.5552 0.0623 -0.8294
vn -0.5063 0.8622 -0.0176
vn -0.3487 0.3839 0.8550
vn 0.9482 -0.2847 0.1407
vn 0.9851 -0.0441 0.1661
vn 0.8523 -0.5133 0.1004
vn 0.4882 -0.1653 -0.8569
vn 0.7061 -0.7057 0.0580
vn 0.4121 -0.2534 -0.8752
vn 0.3160 -0.3190 -0.8935
vn 0.5164 -0.8562 0.0141
vn 0.0460 -0.4865 0.8725
vn -0.1693 0.4941 -0.8527
vn 0.2904 -0.9561 -0.0402
vn -0.0622 -0.5143 0.8554
vn 0.2077 -0.3518 -0.9127
vn 0.0299 -0.9956 -0.0886
vn -0.0596 0.5478 -0.8345
vn 0.0919 -0.3503 -0.9321
vn 0.0682 0.5729 -0.8168
vn -0.2365 -0.9629 -0.1297
vn -0.1893 -0.5041 0.8426
vn -0.2796 0.9595 0.0349
vn -0.0221 0.9965 0.0806
vn -0.2271 0.4253 0.8761
vn -0.0958 0.4300 0.8977
vn 0.0336 0.4078 0.9125
vn 0.1564 0.3475 0.9245
vn -0.3018 -0.4618 0.8341
vn 0.2398 0.9623 0.1280
vn 0.2013 0.5644 -0.8006
vn 0.2574 0.2620 0.9301
vn -0.4054 -0.3914 0.8261
vn 0.4888 0.8580 0.1581
vn 0.3370 0.5166 -0.7871
vn -0.0242 -0.3271 -0.9447
vn 0.3294 0.1482 0.9325
vn -0.4847 -0.2937 0.8239
vn -0.5431 -0.1753 0.8211
vn -0.4900 -0.8546 -0.1717
vn -0.1209 -0.2749 -0.9538
vn -0.7048 -0.6823 -0.1942
vn 0.4538 0.4347 -0.7779
vn -0.8670 -0.4573 -0.1980
vn -0.2038 -0.2013 -0.9581
vn 0.7014 0.6901 0.1783
vn 0.8634 0.4706 0.1819
vn 0.5430 0.3249 -0.7743
vn -0.2726 -0.1081 -0.9560
vn -0.3101 -0.0107 -0.9506
vn -0.9584 -0.2043 -0.1993
vn -0.5575 -0.0526 0.8285
vn -0.9831 0.0547 -0.1747
vn -0.3236 0.0984 -0.9411
vn -0.9439 0.2944 -0.1494
vn -0.5397 0.0726 0.8387
vn 0.6011 0.1910 -0.7760
vn -0.8459 0.5222 -0.1085
vn -0.4881 0.1772 0.8546
vn -0.3109 0.1965 -0.9299
vn 0.6146 0.0545 -0.7869
vn 0.9582 0.2201 0.1829
vn 0.9864 -0.0380 0.1597
vn 0.3736 0.0338 0.9270
vn 0.3886 -0.0840 0.9176
vn 0.3724 -0.2106 0.9039
vn 0.3307 -0.3115 0.8909
vn -0.4118 0.2653 0.8718
vn 0.9501 -0.2813 0.1351
vn 0.2629 -0.4093 0.8737
vn -0.3150 0.3310 0.8895
vn 0.8531 -0.5131 0.0944
vn 0.5944 -0.0763 -0.8005
vn 0.5364 -0.1969 -0.8207
vn -0.2781 0.2961 -0.9138
vn 0.7048 -0.7075 0.0526
vn -0.6988 0.7123 -0.0659
vn 0.4553 -0.2975 -0.8392
vn -0.2190 0.3785 -0.8993
vn -0.1401 0.4465 -0.8837
vn -0.5089 0.8605 -0.0215
vn -0.2058 0.3636 0.9085
vn 0.3513 -0.3719 -0.8592
vn -0.2844 0.9582 0.0320
vn -0.0893 0.3619 0.9279
vn -0.0440 0.4910 -0.8700
vn 0.2301 -0.4135 -0.8810
vn 0.5128 -0.8585 0.0099
vn 0.2853 -0.9575 -0.0433
vn 0.1737 -0.4897 0.8544
vn 0.0635 -0.5450 0.8360
vn 0.0247 -0.9957 -0.0896
vn -0.0665 -0.5694 0.8193
vn -0.2014 -0.5613 0.8027
vn 0.0270 0.3390 0.9404
vn 0.0978 -0.4181 -0.9031
vn 0.0639 0.5180 -0.8530
vn -0.0312 -0.3959 -0.9177
vn -0.0270 0.9965 0.0797
vn 0.2365 0.9629 0.1298
vn 0.1892 0.5080 -0.8403
vn 0.4881 0.8575 0.1626
vn 0.1244 0.2865 0.9500
vn 0.7023 0.6874 0.1854
vn 0.2078 0.2127 0.9548
vn 0.3006 0.4662 -0.8320
vn -0.1534 -0.3358 -0.9293
vn -0.2400 -0.9622 -0.1285
vn 0.8648 0.4652 0.1891
vn 0.2772 0.1192 0.9534
vn 0.3153 0.0214 0.9488
vn -0.3386 -0.5136 0.7884
vn -0.4907 -0.8551 -0.1674
vn -0.4565 -0.4297 0.7791
vn -0.2536 -0.2508 -0.9342
vn -0.5462 -0.3181 0.7749
vn -0.7040 -0.6849 -0.1880
vn 0.4033 0.3971 -0.8244
vn -0.3248 -0.1370 -0.9358
vn 0.4819 0.3014 -0.8227
vn -0.8660 -0.4624 -0.1905
vn -0.9587 -0.2102 -0.1916
vn -0.6042 -0.1824 0.7756
vn -0.3683 -0.0231 -0.9294
vn 0.5407 0.1838 -0.8209
vn 0.9582 0.2139 0.1901
vn 0.1696 0.1980 0.9654
vn 0.1457 0.1693 0.9747
vn 0.1739 0.1843 0.9674
vn 0.1278 0.1891 0.9736
vn 0.1496 0.2187 0.9643
vn 0.0352 0.1011 0.9943
vn 0.1619 0.1848 0.9693
vn 0.1747 0.1494 0.9732
vn 0.0559 0.1038 0.9930
vn -0.0540 0.0421 0.9977
vn 0.1943 0.1546 0.9687
vn 0.2174 0.0946 0.9715
vn 0.1570 0.0797 0.9844
vn -0.0219 0.0251 0.9994
vn -0.0173 0.0383 0.9991
vn 0.2570 0.0949 0.9617
vn 0.3022 0.0777 0.9501
vn 0.2351 0.0720 0.9693
vn 0.2389 0.0230 0.9708
vn 0.3785 -0.0158 0.9255
vn 0.2973 -0.0376 0.9540
vn 0.3333 -0.1422 0.9320
vn 0.4287 -0.1018 0.8977
vn 0.3467 -0.1243 0.9297
vn 0.2964 -0.0704 0.9525
vn 0.0592 -0.1773 0.9824
vn 0.0508 -0.1319 0.9900
vn 0.0371 -0.0922 0.9950
vn 0.0552 -0.0616 0.9966
vn 0.0366 -0.0779 0.9963
vn 0.0579 -0.0364 0.9977
vn 0.0667 -0.0250 0.9975
vn 0.0350 -0.0463 0.9983
vn 0.0465 0.0250 0.9986
vn 0.0288 -0.0190 0.9994
vn 0.0203 -0.0223 0.9995
vn -0.0080 0.0158 0.9998
vn 0.0178 0.0474 0.9987
vn 0.1600 0.0045 0.9871
vn 0.1377 -0.0257 0.9901
vn 0.0725 -0.0014 0.9974
vn 0.2529 -0.0162 0.9674
vn 0.2967 0.0162 0.9548
vn 0.2998 -0.0658 0.9517
vn 0.3852 0.0076 0.9228
vn 0.5096 -0.0254 0.8600
vn 0.6821 -0.0160 0.7310
vn 0.6166 0.0353 0.7865
vn 0.8663 0.0456 0.4975
vn 0.9842 0.0464 0.1710
vn 0.9087 0.1414 0.3928
vn 0.9920 0.1260 -0.0055
vn 0.9330 0.0681 -0.3535
vn 0.9636 0.2280 -0.1399
vn 0.8746 0.1450 -0.4626
vn 0.6442 0.0955 -0.7589
vn 0.8029 0.2217 -0.5533
vn 0.5705 0.1286 -0.8112
vn 0.5154 0.1606 -0.8418
vn 0.2023 0.0893 -0.9752
vn 0.1206 0.0915 -0.9885
vn 0.1461 0.0903 -0.9851
vn -0.2269 0.0429 -0.9730
vn -0.3018 0.0426 -0.9524
vn -0.2706 0.0461 -0.9616
vn -0.4418 -0.0204 -0.8969
vn -0.4717 0.0082 -0.8817
vn -0.5081 0.0236 -0.8610
vn -0.4932 -0.0763 -0.8666
vn -0.4975 0.0118 -0.8674
vn -0.5145 0.0892 -0.8528
vn -0.4805 -0.0483 -0.8756
vn -0.4424 0.1179 -0.8890
vn -0.4304 0.2181 -0.8759
vn -0.5299 0.2018 -0.8237
vn -0.2780 0.4499 -0.8487
vn -0.3940 0.3480 -0.8507
vn -0.5507 0.5665 -0.6130
vn -0.1813 0.6653 -0.7242
vn -0.3874 0.6070 -0.6939
vn -0.2266 0.8261 -0.5159
vn -0.3918 0.8085 -0.4392
vn -0.5028 0.7857 -0.3604
vn -0.3450 0.8870 -0.3070
vn -0.4740 0.8554 -0.2090
vn -0.5924 0.8001 -0.0942
vn -0.4797 0.8741 -0.0764
vn -0.6006 0.7989 0.0325
vn -0.7106 0.6930 0.1217
vn -0.5377 0.8308 0.1440
vn -0.6450 0.7340 0.2125
vn -0.7352 0.6209 0.2720
vn -0.5515 0.7650 0.3326
vn -0.6565 0.6599 0.3656
vn -0.7301 0.5502 0.4053
vn -0.5972 0.5911 0.5421
vn -0.6686 0.5021 0.5485
vn -0.7240 0.4098 0.5548
vn -0.5902 0.3554 0.7248
vn -0.6481 0.2878 0.7051
vn -0.7067 0.2297 0.6692
vn -0.5095 0.1003 0.8546
vn -0.5852 0.0334 0.8102
vn -0.6708 -0.0139 0.7415
vn -0.3950 -0.1193 0.9109
vn -0.5982 -0.2291 0.7679
vn -0.4929 -0.1997 0.8469
vn -0.2894 -0.3181 0.9028
vn -0.5099 -0.3949 0.7642
vn -0.3962 -0.3699 0.8404
vn -0.1988 -0.4974 0.8444
vn -0.3044 -0.5282 0.7927
vn -0.4115 -0.5461 0.7297
vn -0.1213 -0.6898 0.7138
vn -0.2058 -0.6885 0.6955
vn -0.3033 -0.6874 0.6599
vn -0.0596 -0.8786 0.4738
vn -0.0998 -0.8613 0.4982
vn -0.1544 -0.8324 0.5322
vn 0.0333 -0.9522 0.3037
vn 0.0187 -0.9733 0.2286
vn 0.0025 -0.9905 0.1376
vn 0.1600 -0.9833 0.0868
vn 0.1108 -0.9936 0.0218
vn 0.0567 -0.9974 -0.0450
vn 0.2387 -0.9700 0.0470
vn 0.0699 -0.9974 -0.0197
vn 0.1498 -0.9885 0.0213
vn 0.1045 -0.9917 0.0754
vn 0.2293 -0.9684 0.0982
vn 0.3842 -0.9128 0.1382
vn 0.1746 -0.9642 0.1995
vn 0.2847 -0.9184 0.2746
vn 0.5089 -0.7478 0.4264
vn 0.2418 -0.8807 0.4073
vn 0.3891 -0.7384 0.5509
vn 0.5481 -0.3714 0.7494
vn 0.3301 -0.7276 0.6013
vn 0.4840 -0.4078 0.7742
vn 0.6082 -0.0003 0.7938
vn 0.4576 -0.4412 0.7720
vn 0.5676 -0.0540 0.8215
vn 0.5484 0.4053 0.7314
vn 0.5121 -0.0889 0.8543
vn 0.4626 0.3023 0.8334
vn 0.3586 0.5329 0.7664
vn 0.1410 0.3771 0.9154
vn 0.2964 0.1575 0.9420
vn 0.4250 -0.0131 0.9051
vn -0.1320 0.0628 0.9893
vn 0.1336 -0.0902 0.9869
vn 0.3324 -0.2319 0.9142
vn -0.0612 -0.4170 0.9069
vn -0.3994 -0.2936 0.8685
vn 0.1776 -0.4962 0.8499
vn -0.3695 -0.7532 0.5442
vn -0.6383 -0.6305 0.4417
vn -0.0322 -0.8078 0.5886
vn -0.6687 -0.7336 -0.1216
vn -0.1995 -0.9749 0.0988
vn -0.4634 -0.8845 -0.0537
vn -0.2192 -0.8915 -0.3964
vn -0.3927 -0.7420 -0.5433
vn -0.5529 -0.6398 -0.5338
vn -0.1852 -0.5959 -0.7814
vn -0.4204 -0.4682 -0.7772
vn -0.2815 -0.5168 -0.8085
vn -0.1758 -0.4451 -0.8781
vn -0.3151 -0.4258 -0.8482
vn -0.3886 -0.4146 -0.8228
vn 0.1530 0.4297 0.8899
vn 0.2186 0.4669 0.8569
vn 0.1799 0.4370 0.8813
vn 0.1883 0.5023 0.8439
vn 0.1148 0.4162 0.9020
vn 0.3589 0.5731 0.7367
vn 0.1864 0.5970 0.7803
vn 0.3301 0.7169 0.6141
vn 0.5611 0.8060 0.1887
vn 0.2925 0.8602 0.4176
vn 0.4472 0.8923 0.0621
vn 0.3311 0.9415 -0.0623
vn 0.2697 0.8257 -0.4954
vn 0.3678 0.7770 -0.5109
vn 0.4694 0.7153 -0.5177
vn 0.0939 0.5713 -0.8153
vn 0.1818 0.5310 -0.8276
vn 0.2585 0.4653 -0.8466
vn -0.1245 0.1974 -0.9724
vn -0.0297 0.1782 -0.9835
vn 0.0575 0.1533 -0.9865
vn -0.2666 -0.1787 -0.9471
vn -0.2145 -0.2241 -0.9507
vn -0.3326 -0.1363 -0.9332
vn -0.4243 -0.3904 -0.8171
vn -0.4342 -0.2328 -0.8702
vn -0.4331 -0.1034 -0.8954
vn -0.5463 -0.2356 -0.8038
vn -0.4735 0.0580 -0.8789
vn -0.3878 0.2571 -0.8851
vn -0.6271 0.0822 -0.7746
vn -0.4841 0.3658 -0.7949
vn -0.2892 0.5901 -0.7538
vn -0.6706 0.3985 -0.6257
vn -0.4251 0.6712 -0.6073
vn -0.2463 0.7766 -0.5799
vn -0.4758 0.8118 -0.3385
vn -0.3012 0.8851 -0.3547
vn -0.2202 0.8912 -0.3966
vn -0.3344 0.9394 -0.0754
vn -0.2327 0.9588 -0.1629
vn -0.1646 0.9607 -0.2237
vn -0.1458 0.9891 -0.0209
vn -0.1565 0.9819 0.1064
vn -0.1467 0.9848 -0.0930
vn -0.0963 0.9949 -0.0286
vn -0.0069 0.9992 0.0405
vn -0.1856 0.9777 -0.0986
vn -0.0429 0.9746 -0.2198
vn 0.1434 0.9763 -0.1619
vn -0.2124 0.9314 -0.2957
vn 0.0464 0.8830 -0.4671
vn 0.2949 0.8821 -0.3674
vn -0.1816 0.8078 -0.5608
vn 0.1620 0.7131 -0.6821
vn 0.4176 0.7430 -0.5230
vn -0.0942 0.6113 -0.7857
vn 0.5208 0.5881 -0.6188
vn 0.2774 0.5221 -0.8065
vn 0.0092 0.4074 -0.9132
vn 0.3709 0.3438 -0.8627
vn 0.5967 0.4129 -0.6881
vn 0.1104 0.2535 -0.9610
vn 0.4578 0.1579 -0.8749
vn 0.6566 0.2418 -0.7144
vn 0.2275 0.0558 -0.9722
vn 0.5411 -0.0347 -0.8402
vn 0.7143 0.0864 -0.6945
vn 0.3275 -0.1702 -0.9294
vn 0.7981 -0.1035 -0.5935
vn 0.6232 -0.2778 -0.7310
vn 0.3922 -0.4249 -0.8159
vn 0.8494 -0.3082 -0.4284
vn 0.3977 -0.6440 -0.6536
vn 0.6586 -0.5063 -0.5567
vn 0.8361 -0.4885 -0.2496
vn 0.6334 -0.6948 -0.3407
vn 0.3711 -0.8050 -0.4629
vn 0.7858 -0.6110 -0.0961
vn 0.5846 -0.7900 -0.1848
vn 0.3428 -0.8946 -0.2868
vn 0.6997 -0.7136 0.0342
vn 0.4807 -0.8767 -0.0198
vn 0.2747 -0.9557 -0.1057
vn 0.5689 -0.7975 0.2011
vn 0.3740 -0.9136 0.1594
vn 0.2103 -0.9712 0.1118
vn 0.4738 -0.7962 0.3763
vn 0.3145 -0.8700 0.3798
vn 0.1624 -0.9229 0.3492
vn 0.4137 -0.6948 0.5883
vn 0.2861 -0.7316 0.6188
vn 0.1664 -0.7868 0.5943
vn 0.4700 -0.3731 0.7999
vn 0.2632 -0.6245 0.7353
vn 0.3801 -0.4708 0.7961
vn 0.4002 -0.4256 0.8116
vn 0.4406 -0.2673 0.8570
vn 0.4802 0.0938 0.8721
vn 0.4958 -0.2830 0.8211
vn 0.4703 -0.0758 0.8793
vn 0.4709 0.0544 0.8805
vn 0.4019 0.1856 0.8967
vn 0.4165 -0.2157 0.8832
vn 0.3369 -0.0523 0.9401
vn 0.2357 0.1300 0.9631
vn -0.0618 -0.2520 0.9657
vn -0.1840 -0.1389 0.9731
vn -0.3299 0.0130 0.9439
vn -0.6208 -0.2808 0.7320
vn -0.7514 -0.1711 0.6373
vn -0.8679 -0.0623 0.4929
vn -0.8650 -0.2885 0.4106
vn -0.9631 -0.1810 0.1994
vn -0.9975 -0.0692 -0.0163
vn -0.9537 -0.2855 -0.0941
vn -0.7941 -0.0238 -0.6073
vn -0.8868 -0.1476 -0.4380
vn -0.7510 -0.1933 -0.6314
vn -0.5898 -0.0564 -0.8056
vn -0.4947 0.0246 -0.8687
vn 0.0735 0.3163 0.9458
vn 0.1344 0.3277 0.9352
vn 0.2747 0.3373 0.9004
vn 0.1533 0.3205 0.9348
vn 0.3518 0.3458 0.8699
vn 0.3923 0.2963 0.8708
vn 0.3601 0.2805 0.8898
vn 0.4294 0.2248 0.8747
vn 0.4600 0.3154 0.8300
vn 0.5124 0.2852 0.8100
vn 0.4443 0.2580 0.8579
vn 0.5966 0.1374 0.7907
vn 0.5175 0.0417 0.8547
vn 0.6298 0.3272 0.7044
vn 0.4617 0.2665 0.8460
vn 0.4400 0.0932 0.8932
vn 0.4826 0.2782 0.8305
vn 0.3147 0.2352 0.9196
vn 0.6438 0.4388 0.6269
vn 0.7503 0.3961 0.5293
vn 0.7493 0.3945 0.5320
vn 0.4903 0.3769 0.7859
vn 0.4751 0.5525 0.6848
vn 0.3870 0.3680 0.8455
vn 0.3121 0.5181 0.7964
vn 0.1813 0.3118 0.9327
vn 0.0378 0.0406 0.9985
vn 0.0252 0.0383 0.9989
vn -0.0516 -0.0443 0.9977
vn 0.0160 -0.0013 0.9999
vn -0.0920 -0.1852 0.9784
vn -0.2104 -0.2718 0.9391
vn -0.1443 -0.1900 0.9711
vn -0.0475 -0.0344 0.9983
vn -0.2105 -0.4290 0.8784
vn -0.3101 -0.4817 0.8196
vn -0.3061 -0.5143 0.8011
vn -0.2761 -0.1235 0.9532
vn -0.1222 -0.0143 0.9924
vn -0.1866 0.0271 0.9821
vn -0.5577 -0.3534 0.7510
vn -0.3787 -0.0308 0.9250
vn -0.1944 0.0438 0.9799
vn -0.4089 0.0069 0.9126
vn -0.0903 -0.0990 0.9910
vn -0.7072 -0.1455 0.6919
vn -0.7463 -0.5446 0.3827
vn -0.3964 -0.7730 0.4953
vn -0.9278 -0.2363 0.2887
vn -0.7487 -0.0319 0.6621
vn -0.3336 -0.1089 0.9364
vn 0.1854 -0.2073 0.9605
vn 0.0096 -0.2288 0.9734
vn -0.3487 -0.2241 0.9101
vn -0.6732 -0.1628 0.7213
vn -0.8415 -0.1579 0.5167
vn -0.7366 -0.0865 0.6708
vn -0.9572 -0.0521 0.2846
vn -0.9926 -0.1007 -0.0672
vn -0.9606 -0.0529 0.2728
vn -0.9632 -0.0322 -0.2670
vn -0.9755 -0.0074 -0.2197
vn -0.8395 -0.0330 -0.5424
vn -0.6939 0.0589 -0.7177
vn -0.5159 0.0597 -0.8546
vn -0.2685 0.0594 -0.9614
vn -0.1440 0.0813 -0.9862
vn 0.0847 0.0545 -0.9949
vn 0.2253 0.0963 -0.9695
vn -0.6557 0.0020 -0.7550
vn -0.9148 -0.2530 -0.3149
vn 0.2260 0.0963 -0.9694
vn 0.1445 0.0784 -0.9864
vn -0.0918 0.0521 -0.9944
vn -0.5669 -0.1583 -0.8084
vn -0.7431 -0.6125 -0.2694
vn 0.1416 0.0762 -0.9870
vn 0.0184 0.0366 -0.9992
vn 0.2354 0.1081 -0.9659
vn 0.0176 0.0364 -0.9992
vn -0.0173 0.0181 -0.9997
vn 0.0280 0.0340 -0.9990
vn 0.1502 0.0891 -0.9846
vn 0.0234 0.0401 -0.9989
vn -0.0084 0.0144 -0.9999
vn 0.1430 0.1005 -0.9846
vn 0.0271 0.0343 -0.9990
vn 0.0262 0.0359 -0.9990
vn 0.1316 0.1021 -0.9860
vn 0.1406 0.1059 -0.9844
vn 0.2417 0.1515 -0.9584
vn 0.2077 0.1654 -0.9641
vn 0.1894 0.1326 -0.9729
vn 0.0600 -0.0663 -0.9960
vn 0.0874 0.0713 -0.9936
vn -0.0428 -0.0822 -0.9957
vn 0.0771 -0.0157 -0.9969
vn -0.1882 -0.3877 -0.9024
vn -0.1849 -0.1792 -0.9663
vn -0.3706 -0.3599 -0.8562
vn -0.2007 -0.5647 -0.8005
vn -0.3389 -0.7130 -0.6138
vn -0.5010 -0.5287 -0.6852
vn -0.6035 -0.6822 -0.4128
vn 0.0406 -0.0165 -0.9990
vn -0.4128 -0.3804 -0.8276
vn -0.0281 -0.0072 -0.9996
vn -0.3865 -0.9157 -0.1104
vn -0.4323 -0.8856 -0.1697
vn -0.6066 -0.7950 0.0050
vn -0.4041 -0.8545 0.3264
vn -0.5163 -0.7787 0.3564
vn -0.3116 -0.6762 0.6676
vn -0.4198 -0.6815 0.5995
vn -0.3655 0.3596 -0.8585
vn -0.3339 0.6049 -0.7230
vn -0.9640 -0.2660 0.0035
vn -0.9465 -0.0452 0.3196
vn -0.1127 -0.4331 0.8943
vn -0.7502 0.2673 0.6048
vn -0.2687 0.8926 -0.3621
vn -0.5209 0.3126 0.7943
vn -0.0674 0.9861 -0.1520
vn 0.3736 0.9276 -0.0004
vn -0.1839 -0.8007 0.5701
vn -0.1484 0.1278 0.9806
vn 0.1198 0.0386 0.9920
vn 0.6625 0.7359 0.1395
vn -0.6545 -0.6434 0.3970
vn -0.5925 -0.7230 0.3551
vn -0.4573 -0.4867 -0.7443
vn -0.5906 -0.3458 -0.7291
vn -0.4480 -0.8068 0.3853
vn -0.2826 -0.8445 0.4549
vn -0.1468 -0.7015 -0.6974
vn 0.1950 0.2954 -0.9353
vn 0.1660 0.3731 -0.9128
vn 0.2046 -0.8140 -0.5436
vn 0.3051 0.2316 -0.9237
vn 0.4575 -0.8097 -0.3677
vn 0.4309 0.1647 -0.8872
vn 0.5281 0.1952 -0.8265
vn 0.5826 0.1999 -0.7878
vn 0.5996 -0.7664 -0.2303
vn 0.6954 0.2174 -0.6849
vn -0.1466 -0.7725 0.6179
vn 0.7669 -0.6418 -0.0017
vn -0.0554 -0.7223 0.6894
vn -0.0434 -0.6094 0.7917
vn 0.8778 -0.3848 0.2854
vn -0.0529 -0.5008 0.8639
vn 0.7566 0.3222 -0.5689
vn 0.8493 -0.0881 0.5205
vn 0.7969 0.0780 0.5991
vn 0.7644 0.4484 -0.4632
vn 0.7185 0.5329 -0.4469
vn 0.9613 0.2753 -0.0111
vn 0.1140 0.4380 -0.8917
vn 0.9438 0.0548 -0.3260
vn 0.0554 0.5042 -0.8618
vn 0.0460 0.6111 -0.7902
vn -0.8442 0.0986 -0.5269
vn -0.7929 -0.0672 -0.6057
vn -0.8713 0.3941 -0.2924
vn -0.7695 -0.4425 0.4606
vn -0.7236 -0.5283 0.4441
vn 0.0573 0.7225 -0.6890
vn -0.7609 -0.3144 0.5676
vn 0.3406 -0.6016 0.7226
vn 0.3717 -0.3526 0.8588
vn 0.7495 -0.2558 -0.6106
vn -0.6992 -0.2091 0.6836
vn 0.2746 -0.8923 0.3584
vn -0.7608 0.6490 -0.0069
vn -0.5860 -0.1917 0.7873
vn 0.5205 -0.3008 -0.7991
vn -0.5946 0.7731 0.2210
vn 0.1466 0.7722 -0.6182
vn 0.1835 0.8003 -0.5709
vn -0.4526 0.8166 0.3582
vn 0.1494 -0.1163 -0.9819
vn -0.5306 -0.1864 0.8269
vn 0.0712 -0.9867 0.1460
vn -0.3753 -0.9269 -0.0078
vn -0.1160 -0.0276 -0.9929
vn -0.6653 -0.7317 -0.1483
vn -0.1655 -0.3671 0.9153
vn -0.4320 -0.1558 0.8883
vn -0.2003 0.8216 0.5337
vn -0.1945 -0.2882 0.9376
vn 0.5938 0.3563 0.7214
vn -0.3052 -0.2238 0.9256
vn 0.2813 0.8435 -0.4575
vn 0.1499 0.7105 0.6876
vn 0.4602 0.4965 0.7360
vn 0.6496 0.6463 -0.4004
vn 0.4444 0.8072 -0.3885
vn 0.5886 0.7245 -0.3586
vn 0.5196 -0.8539 0.0283
vn 0.5197 -0.8539 0.0282
vn 0.5197 -0.8536 0.0362
vn 0.5199 -0.8534 0.0364
vn 0.5197 -0.8539 0.0284
vn 0.5129 -0.8577 0.0366
vn 0.5198 -0.8538 0.0283
vn 0.5133 -0.8574 0.0371
vn 0.5133 -0.8575 0.0360
vn 0.5135 -0.8573 0.0364
vn 0.5069 -0.8616 0.0282
vn 0.5197 -0.8539 0.0280
vn 0.5069 -0.8615 0.0286
vn 0.5071 -0.8614 0.0280
vn 0.5202 -0.8538 0.0200
vn 0.5071 -0.8614 0.0281
vn 0.5071 -0.8614 0.0279
vn 0.5204 -0.8537 0.0202
vn 0.5071 -0.8614 0.0277
vn 0.5205 -0.8536 0.0200
vn 0.5075 -0.8614 0.0193
vn 0.5137 -0.8577 0.0196
vn 0.5074 -0.8615 0.0198
vn 0.5138 -0.8577 0.0195
vn 0.5140 -0.8576 0.0197
vn 0.5137 -0.8577 0.0199
vn 0.5139 -0.8576 0.0201
vn 0.5139 -0.8576 0.0195
vn 0.5132 -0.8579 0.0270
vn 0.5139 -0.8576 0.0200
vn 0.5133 -0.8578 0.0274
vn 0.5139 -0.8576 0.0197
vn 0.5202 -0.8535 0.0292
vn 0.5136 -0.8576 0.0281
vn 0.5203 -0.8535 0.0294
vn 0.5135 -0.8576 0.0278
vn 0.5195 -0.8536 0.0373
vn 0.5069 -0.8616 0.0278
vn 0.5197 -0.8535 0.0372
vn 0.5196 -0.8539 0.0289
vn 0.5069 -0.8616 0.0280
vn 0.5199 -0.8538 0.0288
vn 0.5195 -0.8540 0.0282
vn 0.5136 -0.8576 0.0283
vn 0.5198 -0.8538 0.0280
vn 0.5134 -0.8574 0.0365
vn 0.5134 -0.8574 0.0362
vn 0.5196 -0.8539 0.0284
vn 0.5132 -0.8575 0.0368
vn 0.5131 -0.8576 0.0365
vn 0.5198 -0.8535 0.0362
vn 0.5199 -0.8535 0.0361
vn 0.5130 -0.8576 0.0367
vn 0.5198 -0.8535 0.0360
vn 0.5200 -0.8534 0.0363
vn -0.5130 0.8576 -0.0363
vn -0.5130 0.8576 -0.0362
vn -0.5129 0.8577 -0.0364
vn -0.5128 0.8577 -0.0361
vn -0.5131 0.8576 -0.0364
vn -0.5131 0.8572 -0.0444
vn -0.5128 0.8578 -0.0357
vn -0.5132 0.8571 -0.0445
vn -0.5127 0.8578 -0.0357
vn -0.5132 0.8571 -0.0447
vn -0.5129 0.8580 -0.0275
vn -0.5134 0.8570 -0.0450
vn -0.5133 0.8577 -0.0274
vn -0.5065 0.8611 -0.0450
vn -0.5063 0.8620 -0.0268
vn -0.5068 0.8608 -0.0458
vn -0.5062 0.8620 -0.0267
vn -0.5067 0.8610 -0.0443
vn -0.5063 0.8619 -0.0269
vn -0.5069 0.8608 -0.0446
vn -0.5064 0.8619 -0.0266
vn -0.5000 0.8653 -0.0363
vn -0.5064 0.8619 -0.0271
vn -0.5000 0.8652 -0.0368
vn -0.5065 0.8618 -0.0268
vn -0.5001 0.8652 -0.0358
vn -0.5065 0.8618 -0.0274
vn -0.5000 0.8653 -0.0359
vn -0.5071 0.8615 -0.0271
vn -0.4998 0.8654 -0.0350
vn -0.5064 0.8616 -0.0356
vn -0.4997 0.8655 -0.0353
vn -0.5063 0.8616 -0.0353
vn -0.5000 0.8656 -0.0266
vn -0.4998 0.8654 -0.0355
vn -0.4999 0.8657 -0.0270
vn -0.4997 0.8655 -0.0354
vn -0.5065 0.8618 -0.0266
vn -0.4999 0.8653 -0.0357
vn -0.4999 0.8654 -0.0358
vn -0.5063 0.8620 -0.0261
vn -0.5067 0.8614 -0.0361
vn -0.5055 0.8624 -0.0270
vn -0.5067 0.8614 -0.0359
vn -0.5128 0.8583 -0.0177
vn -0.5069 0.8609 -0.0445
vn -0.5127 0.8584 -0.0178
vn -0.5069 0.8609 -0.0442
vn -0.5131 0.8582 -0.0182
vn -0.5069 0.8608 -0.0448
vn -0.5136 0.8579 -0.0177
vn -0.5068 0.8609 -0.0445
vn -0.5133 0.8578 -0.0270
vn -0.5069 0.8608 -0.0452
vn -0.5130 0.8580 -0.0271
vn -0.5068 0.8609 -0.0449
vn -0.5131 0.8575 -0.0360
vn -0.5068 0.8609 -0.0454
vn -0.5130 0.8577 -0.0360
vn -0.5066 0.8610 -0.0452
vn -0.5131 0.8576 -0.0362
vn -0.5133 0.8574 -0.0369
vn -0.5130 0.8576 -0.0367
vn -0.5131 0.8576 -0.0365
vn -0.5132 0.8575 -0.0365
vn -0.5811 0.8130 -0.0377
vn -0.5812 0.8129 -0.0382
vn -0.5813 0.8128 -0.0381
vn -0.5815 0.8126 -0.0386
vn -0.5815 0.8126 -0.0385
vn -0.5809 0.8131 -0.0376
vn -0.5814 0.8127 -0.0386
vn -0.5810 0.8130 -0.0376
vn -0.5815 0.8127 -0.0386
vn -0.5812 0.8129 -0.0379
vn -0.5812 0.8129 -0.0380
vn -0.5813 0.8128 -0.0384
vn -0.5810 0.8131 -0.0376
vn -0.5814 0.8127 -0.0384
vn -0.5810 0.8130 -0.0377
vn -0.5816 0.8126 -0.0386
vn -0.5811 0.8129 -0.0379
vn -0.5814 0.8127 -0.0385
vn -0.5813 0.8128 -0.0382
vn 0.5882 -0.8082 0.0301
vn 0.5883 -0.8081 0.0302
vn 0.5884 -0.8080 0.0302
vn 0.5885 -0.8079 0.0304
vn 0.5885 -0.8079 0.0305
vn 0.5881 -0.8082 0.0303
vn 0.5887 -0.8078 0.0306
vn 0.5887 -0.8078 0.0305
vn 0.5884 -0.8080 0.0303
vn 0.5886 -0.8079 0.0305
vn 0.5886 -0.8078 0.0304
vn 0.5884 -0.8080 0.0304
vn 0.5886 -0.8078 0.0303
vn 0.5885 -0.8079 0.0303
vn 0.5886 -0.8078 0.0306
vn 0.5883 -0.8081 0.0300
vn 0.5887 -0.8078 0.0304
vn 0.5882 -0.8082 0.0300
vn 0.5885 -0.8080 0.0302
vt 0.000000 0.000000
vt 0.707530 0.521822
vt 0.548547 0.521822
vt 0.548547 0.679073
vt 0.707530 0.679073
vt 0.695623 0.490268
vt 0.560454 0.490268
vt 0.434440 0.380613
vt 0.431496 0.135384
vt 0.442712 0.144753
vt 0.471201 0.135384
vt 0.528802 0.135385
vt 0.445242 0.376117
vt 0.557291 0.144755
vt 0.458127 0.395098
vt 0.568507 0.135386
vt 0.468029 0.390930
vt 0.565560 0.380615
vt 0.466409 0.493041
vt 0.554758 0.376119
vt 0.458127 0.499864
vt 0.541873 0.395098
vt 0.458127 0.510207
vt 0.531971 0.390931
vt 0.472761 0.498340
vt 0.533592 0.493041
vt 0.541873 0.499864
vt 0.541873 0.510207
vt 0.527239 0.498340
vt 0.451219 0.423523
vt 0.449315 0.409099
vt 0.461259 0.416393
vt 0.447953 0.410067
vt 0.789376 0.507681
vt 0.794625 0.509021
vt 0.788967 0.500000
vt 0.794139 0.500000
vt 0.679800 0.500000
vt 0.748072 0.551419
vt 0.741306 0.500000
vt 0.670890 0.551639
vt 0.751234 0.551419
vt 0.751606 0.500000
vt 0.970855 0.237293
vt 0.907751 0.139757
vt 0.932623 0.208042
vt 0.906283 0.265085
vt 0.911610 0.269317
vt 0.941720 0.133141
vt 0.850351 0.082470
vt 0.863680 0.055122
vt 0.759766 0.024673
vt 0.780366 0.055625
vt 0.000492 0.001617
vt 0.000566 0.001689
vt 0.000542 0.001622
vt 0.000474 0.001553
vt 0.000645 0.001729
vt 0.000611 0.001734
vt 0.000592 0.001675
vt 0.000670 0.001791
vt 0.000715 0.001836
vt 0.000789 0.001908
vt 0.000763 0.001849
vt 0.000695 0.001781
vt 0.012236 0.333073
vt 0.032664 0.764234
vt 0.012236 0.791684
vt 0.032664 0.332871
vt 0.032664 0.783939
vt 0.032664 0.333820
vt 0.339318 0.521080
vt 0.395837 0.762912
vt 0.339318 0.728920
vt 0.362831 0.528389
vt 0.160682 0.521080
vt 0.234718 0.717353
vt 0.381537 0.348932
vt 0.160682 0.728920
vt 0.375000 0.464318
vt 0.385761 0.509665
vt 0.410918 0.464318
vt 0.412867 0.326093
vt 0.160682 0.500000
vt 0.000673 0.001730
vt 0.000678 0.001753
vt 0.587553 0.551661
vt 0.662443 0.551639
vt 0.596467 0.500000
vt 0.653533 0.500000
vt 0.000570 0.001622
vt 0.000575 0.001646
vt 0.014628 0.020949
vt 0.014940 0.020432
vt 0.014362 0.019677
vt 0.014079 0.020137
vt 0.015185 0.020026
vt 0.015579 0.019374
vt 0.014988 0.018671
vt 0.014624 0.019262
vt 0.013818 0.020550
vt 0.013989 0.022007
vt 0.013455 0.021139
vt 0.014383 0.021355
vt 0.981625 0.253253
vt 0.923376 0.281327
vt 0.754988 0.569582
vt 0.791860 0.526142
vt 0.013707 0.020229
vt 0.013415 0.019880
vt 0.000454 0.001495
vt 0.000458 0.001521
vt 0.439551 0.426570
vt 0.455457 0.455353
vt 0.444693 0.465189
vt 0.869505 0.043170
vt 0.956583 0.130246
vt 0.980719 0.223002
vt 0.000545 0.001614
vt 0.000533 0.001587
vt 0.538741 0.356586
vt 0.461259 0.356586
vt 0.455201 0.356586
vt 0.538741 0.375387
vt 0.461259 0.375387
vt 0.538741 0.416393
vt 0.544543 0.455353
vt 0.548781 0.423523
vt 0.550685 0.403283
vt 0.550685 0.375387
vt 0.542884 0.468655
vt 0.457116 0.468655
vt 0.001149 0.002904
vt 0.001246 0.002978
vt 0.001229 0.002951
vt 0.001141 0.002883
vt 0.000950 0.002753
vt 0.001073 0.002846
vt 0.001057 0.002819
vt 0.000944 0.002732
vt 0.001322 0.003036
vt 0.001445 0.003129
vt 0.001427 0.003102
vt 0.001313 0.003015
vt 0.001295 0.002990
vt 0.001292 0.002994
vt 0.014249 0.019369
vt 0.013949 0.019041
vt 0.000635 0.001696
vt 0.000648 0.001721
vt 0.014240 0.018812
vt 0.014407 0.019117
vt 0.001123 0.002858
vt 0.001120 0.002862
vt 0.014871 0.018380
vt 0.014562 0.018074
vt 0.001056 0.002808
vt 0.001069 0.002824
vt 0.738376 0.500000
vt 0.756644 0.500000
vt 0.765060 0.500000
vt 0.007150 0.011776
vt 0.007118 0.011713
vt 0.007267 0.011936
vt 0.006902 0.011404
vt 0.013699 0.019653
vt 0.013865 0.019977
vt 0.589082 0.285682
vt 0.575161 0.330922
vt 0.410918 0.285682
vt 0.589082 0.464318
vt 0.571043 0.481849
vt 0.000766 0.001843
vt 0.000753 0.001818
vt 0.868163 0.230339
vt 0.888389 0.240767
vt 0.866922 0.218815
vt 0.841438 0.202202
vt 0.886657 0.249619
vt 0.902636 0.272982
vt 0.847783 0.217046
vt 0.823177 0.190443
vt 0.827403 0.203752
vt 0.000138 0.000361
vt 0.000149 0.000387
vt 0.006454 0.011089
vt 0.006235 0.010935
vt 0.006472 0.011208
vt 0.006672 0.011362
vt 0.000927 0.002707
vt 0.000923 0.002711
vt 0.006816 0.011480
vt 0.006765 0.011308
vt 0.006972 0.011597
vt 0.006591 0.011186
vt 0.007122 0.011559
vt 0.007321 0.011861
vt 0.410918 0.785682
vt 0.419379 0.777729
vt 0.375000 0.785682
vt 0.410918 0.964318
vt 0.375000 0.964318
vt 0.263329 0.757569
vt 0.001241 0.002956
vt 0.001227 0.002940
vt 0.002378 0.004775
vt 0.002323 0.004691
vt 0.002320 0.004700
vt 0.002358 0.004736
vt 0.006850 0.011539
vt 0.006971 0.011693
vt 0.003918 0.005790
vt 0.003560 0.005292
vt 0.003381 0.004998
vt 0.006823 0.011547
vt 0.006763 0.011468
vt 0.000977 0.002425
vt 0.000990 0.002440
vt 0.506453 0.500000
vt 0.501531 0.558059
vt 0.502072 0.551674
vt 0.570200 0.500000
vt 0.579114 0.551661
vt 0.013081 0.020614
vt 0.013245 0.020961
vt 0.550685 0.356586
vt 0.449315 0.356586
vt 0.500163 0.574197
vt 0.583002 0.574197
vt 0.725145 0.500000
vt 0.697116 0.500000
vt 0.716114 0.500000
vt 0.693853 0.500000
vt 0.677015 0.500000
vt 0.011933 0.018617
vt 0.011883 0.018560
vt 0.002561 0.004886
vt 0.002596 0.004936
vt 0.002210 0.004626
vt 0.002071 0.004549
vt 0.002053 0.004510
vt 0.002243 0.004676
vt 0.001905 0.004400
vt 0.001719 0.004289
vt 0.001703 0.004250
vt 0.001936 0.004449
vt 0.001679 0.003670
vt 0.001702 0.003695
vt 0.003180 0.006046
vt 0.004662 0.008233
vt 0.004661 0.008211
vt 0.003228 0.006098
vt 0.000132 0.000385
vt 0.000143 0.000413
vt 0.002019 0.004465
vt 0.002015 0.004474
vt 0.001925 0.004407
vt 0.001900 0.004379
vt 0.001424 0.003091
vt 0.001439 0.003107
vt 0.006512 0.011258
vt 0.006638 0.011403
vt 0.007118 0.011792
vt 0.007062 0.011707
vt 0.002581 0.004802
vt 0.002711 0.004998
vt 0.001506 0.002903
vt 0.001976 0.003646
vt 0.003011 0.005546
vt 0.002759 0.005169
vt 0.001782 0.003426
vt 0.002069 0.004171
vt 0.003015 0.005124
vt 0.002015 0.004208
vt 0.001963 0.003999
vt 0.001940 0.004043
vt 0.001374 0.003048
vt 0.001370 0.003102
vt 0.001807 0.004489
vt 0.001874 0.004111
vt 0.001715 0.003920
vt 0.001773 0.003927
vt 0.001165 0.002842
vt 0.001665 0.003787
vt 0.001280 0.003057
vt 0.001210 0.002956
vt 0.000939 0.002297
vt 0.001618 0.004046
vt 0.001359 0.002979
vt 0.000699 0.001807
vt 0.001954 0.003983
vt 0.003447 0.007096
vt 0.003841 0.007869
vt 0.002437 0.004947
vt 0.003545 0.006852
vt 0.000401 0.001193
vt 0.003842 0.007199
vt 0.003631 0.006859
vt 0.003426 0.006603
vt 0.002444 0.005020
vt 0.002318 0.004857
vt 0.004094 0.007392
vt 0.005537 0.009194
vt 0.004178 0.007344
vt 0.003963 0.007023
vt 0.003573 0.006057
vt 0.003930 0.007089
vt 0.002588 0.004990
vt 0.002591 0.005084
vt 0.005168 0.008552
vt 0.005497 0.009023
vt 0.004313 0.007019
vt 0.006165 0.010092
vt 0.008095 0.012741
vt 0.001917 0.004595
vt 0.002226 0.005250
vt 0.001592 0.003533
vt 0.002297 0.004878
vt 0.002473 0.005090
vt 0.002597 0.005145
vt 0.002618 0.005043
vt 0.002245 0.004158
vt 0.004334 0.008381
vt 0.003351 0.005805
vt 0.005100 0.009660
vt 0.003843 0.006787
vt 0.005593 0.008463
vt 0.005361 0.009328
vt 0.010330 0.015203
vt 0.015204 0.019401
vt 0.022090 0.025674
vt 0.011431 0.016825
vt 0.007032 0.010561
vt 0.009878 0.014985
vt 0.018399 0.022741
vt 0.022369 0.026556
vt 0.026839 0.033374
vt 0.088580 0.054632
vt 0.107452 0.064392
vt 0.026359 0.034526
vt 0.029106 0.037281
vt 0.029543 0.036395
vt 0.083766 0.091503
vt 0.095055 0.089718
vt 0.085418 0.096380
vt 0.104871 0.093734
vt 0.024641 0.034577
vt 0.070487 0.120467
vt 0.074198 0.177537
vt 0.062790 0.089152
vt 0.063149 0.108242
vt 0.048664 0.077993
vt 0.058004 0.083439
vt 0.029625 0.053127
vt 0.049229 0.076553
vt 0.022836 0.049165
vt 0.026337 0.037117
vt 0.024864 0.036292
vt 0.027291 0.048533
vt 0.022909 0.033755
vt 0.019201 0.043178
vt 0.018637 0.029451
vt 0.016557 0.026203
vt 0.018846 0.029575
vt 0.014659 0.023258
vt 0.013214 0.020848
vt 0.019865 0.057804
vt 0.023405 0.074214
vt 0.066714 0.184443
vt 0.750766 0.011150
vt 0.013933 0.021855
vt 0.009455 0.014853
vt 0.010952 0.017015
vt 0.010885 0.016797
vt 0.010406 0.016174
vt 0.010404 0.016105
vt 0.005801 0.009632
vt 0.010467 0.016005
vt 0.009889 0.015150
vt 0.009463 0.014431
vt 0.005705 0.009716
vt 0.005478 0.009398
vt 0.005671 0.009733
vt 0.005823 0.009825
vt 0.005769 0.009608
vt 0.004831 0.007890
vt 0.000367 0.002424
vt 0.000281 0.001895
vt 0.000385 0.002533
vt 0.000428 0.002828
vt 0.000319 0.002154
vt 0.000371 0.002658
vt 0.000367 0.002743
vt 0.000367 0.002643
vt 0.000366 0.002712
vt 0.000314 0.002926
vt 0.000348 0.002752
vt 0.000322 0.002665
vt 0.000343 0.002723
vt 0.000325 0.002651
vt 0.000222 0.001958
vt 0.000188 0.001652
vt 0.000270 0.002559
vt 0.000234 0.002245
vt 0.000254 0.002219
vt 0.000433 0.003965
vt 0.000514 0.004653
vt 0.000399 0.003303
vt 0.000603 0.005370
vt 0.000462 0.003851
vt 0.000688 0.005365
vt 0.000759 0.005657
vt 0.000817 0.005776
vt 0.000760 0.005690
vt 0.000709 0.005456
vt 0.000556 0.004583
vt 0.000918 0.005723
vt 0.000836 0.005682
vt 0.000728 0.004691
vt 0.000656 0.004244
vt 0.000816 0.005060
vt 0.001517 0.010089
vt 0.000439 0.002830
vt 0.002615 0.017194
vt 0.002682 0.017575
vt 0.003077 0.020623
vt 0.004068 0.028044
vt 0.003513 0.023728
vt 0.003977 0.027219
vt 0.003960 0.027072
vt 0.009170 0.069774
vt 0.014809 0.126349
vt 0.009764 0.073593
vt 0.015820 0.139785
vt 0.014080 0.089828
vt 0.020499 0.184173
vt 0.021196 0.186407
vt 0.020394 0.124793
vt 0.010294 0.067609
vt 0.019668 0.114492
vt 0.010110 0.060979
vt 0.014820 0.090850
vt 0.009019 0.049602
vt 0.009669 0.059636
vt 0.009801 0.063718
vt 0.009442 0.061565
vt 0.004021 0.027362
vt 0.004215 0.028717
vt 0.003662 0.025108
vt 0.001265 0.010622
vt 0.003138 0.021878
vt 0.001049 0.009085
vt 0.001442 0.011861
vt 0.000880 0.007712
vt 0.001934 0.015210
vt 0.002441 0.017615
vt 0.007171 0.038661
vt 0.007134 0.039311
vt 0.008302 0.046210
vt 0.007954 0.044925
vt 0.002944 0.020759
vt 0.003321 0.022951
vt 0.000289 0.002207
vt 0.000281 0.002077
vt 0.000278 0.002117
vt 0.000203 0.001568
vt 0.000203 0.001609
vt 0.000296 0.002161
vt 0.000392 0.002617
vt 0.000254 0.001746
vt 0.000215 0.001480
vt 0.000262 0.002489
vt 0.000270 0.002190
vt 0.000248 0.002115
vt 0.000256 0.002096
vt 0.000170 0.001562
vt 0.000241 0.002037
vt 0.000191 0.001618
vt 0.000181 0.001578
vt 0.000137 0.001260
vt 0.000105 0.000983
vt 0.000158 0.001574
vt 0.000140 0.001415
vt 0.000182 0.001789
vt 0.000125 0.001173
vt 0.000181 0.001595
vt 0.000065 0.000644
vt 0.000082 0.000799
vt 0.000195 0.001645
vt 0.000205 0.001637
vt 0.000242 0.001717
vt 0.000207 0.001586
vt 0.000177 0.001285
vt 0.000155 0.001124
vt 0.000215 0.001544
vt 0.000210 0.001497
vt 0.000122 0.000919
vt 0.000520 0.001474
vt 0.000887 0.002580
vt 0.001020 0.002864
vt 0.001178 0.003257
vt 0.000826 0.002155
vt 0.001204 0.002983
vt 0.001303 0.003114
vt 0.001378 0.003151
vt 0.001642 0.003449
vt 0.001398 0.003093
vt 0.001209 0.002557
vt 0.001060 0.002234
vt 0.001500 0.003135
vt 0.001438 0.003032
vt 0.000838 0.001841
vt 0.000622 0.001483
vt 0.000888 0.002097
vt 0.000977 0.002310
vt 0.000712 0.001701
vt 0.000819 0.002056
vt 0.000805 0.002093
vt 0.000803 0.002021
vt 0.000798 0.002055
vt 0.000685 0.002178
vt 0.000758 0.002067
vt 0.000742 0.002024
vt 0.000698 0.001979
vt 0.000699 0.001956
vt 0.000476 0.001428
vt 0.000595 0.001922
vt 0.000523 0.001749
vt 0.000096 0.000292
vt 0.001527 0.003259
vt 0.000990 0.002170
vt 0.001148 0.002648
vt 0.001117 0.002677
vt 0.001091 0.002544
vt 0.000992 0.002864
vt 0.001077 0.002575
vt 0.001038 0.002621
vt 0.000949 0.002504
vt 0.000984 0.002508
vt 0.000644 0.001821
vt 0.000923 0.002421
vt 0.000277 0.000895
vt 0.000583 0.001937
vt 0.000357 0.001155
vt 0.000541 0.001621
vt 0.000102 0.000308
vt 0.000183 0.000533
vt 0.000594 0.001697
vt 0.000555 0.001598
vt 0.000519 0.001541
vt 0.000642 0.001733
vt 0.000210 0.000612
vt 0.000216 0.000615
vt 0.000200 0.000582
vt 0.000205 0.000581
vt 0.000909 0.002186
vt 0.000202 0.000555
vt 0.000178 0.000479
vt 0.000109 0.000286
vt 0.000107 0.000278
vt 0.000195 0.000527
vt 0.000212 0.000581
vt 0.000225 0.000615
vt 0.000622 0.001624
vt 0.000612 0.001643
vt 0.000662 0.001716
vt 0.000572 0.001402
vt 0.000477 0.001168
vt 0.000866 0.002046
vt 0.005876 0.009828
vt 0.000553 0.003922
vt 0.000563 0.003882
vt 0.000574 0.004096
vt 0.000596 0.004063
vt 0.000813 0.005089
vt 0.000521 0.003347
vt 0.000487 0.004403
vt 0.000763 0.004740
vt 0.000526 0.003998
vt 0.000476 0.003812
vt 0.000496 0.003806
vt 0.000316 0.002759
vt 0.000462 0.003669
vt 0.001007 0.008647
vt 0.000691 0.005703
vt 0.001190 0.009041
vt 0.001415 0.010315
vt 0.001314 0.009639
vt 0.001168 0.008801
vt 0.001667 0.011659
vt 0.001824 0.012436
vt 0.001768 0.011737
vt 0.001702 0.011662
vt 0.001611 0.011226
vt 0.000841 0.005768
vt 0.000834 0.005857
vt 0.001562 0.012621
vt 0.002629 0.018918
vt 0.000114 0.001188
vt 0.000102 0.001053
vt 0.000156 0.001567
vt 0.000101 0.000988
vt 0.000146 0.001331
vt 0.000087 0.000953
vt 0.000046 0.000485
vt 0.000099 0.001056
vt 0.000060 0.000625
vt 0.000088 0.000860
vt 0.000157 0.001374
vt 0.000150 0.001318
vt 0.000167 0.001380
vt 0.000142 0.001284
vt 0.000116 0.001061
vt 0.000110 0.001034
vt 0.000221 0.001613
vt 0.000095 0.000888
vt 0.000089 0.000838
vt 0.000101 0.000891
vt 0.000084 0.000816
vt 0.000035 0.000322
vt 0.000032 0.000306
vt 0.000030 0.000281
vt 0.000033 0.000303
vt 0.000032 0.000287
vt 0.000028 0.000246
vt 0.000031 0.000271
vt 0.000033 0.000300
vt 0.000096 0.000843
vt 0.000096 0.000826
vt 0.000102 0.000870
vt 0.000137 0.001079
vt 0.000087 0.000697
vt 0.000072 0.000581
vt 0.000128 0.001001
vt 0.000017 0.000141
vt 0.000133 0.001032
vt 0.000093 0.000739
vt 0.000144 0.001083
vt 0.000170 0.001347
vt 0.000161 0.001325
vt 0.000162 0.001298
vt 0.000122 0.001029
vt 0.000123 0.001056
vt 0.000016 0.000156
vt 0.000017 0.000164
vt 0.000017 0.000146
vt 0.000146 0.001140
vt 0.000107 0.000847
vt 0.000125 0.001044
vt 0.000124 0.001077
vt 0.000119 0.001081
vt 0.000111 0.001049
vt 0.000077 0.000771
vt 0.003189 0.006027
vt 0.003116 0.005929
vt 0.003634 0.004978
vt 0.003454 0.004704
vt 0.004015 0.005467
vt 0.012236 0.324628
vt 0.583339 0.865944
vt 0.544529 0.881303
vt 0.596293 0.363658
vt 0.596267 0.494984
vt 0.599179 0.759602
vt 0.577930 0.776644
vt 0.000150 0.000364
vt 0.000131 0.000341
vt 0.000135 0.000328
vt 0.000841 0.002375
vt 0.000765 0.002346
vt 0.000761 0.002328
vt 0.000829 0.002357
vt 0.005078 0.008552
vt 0.003422 0.006157
vt 0.004736 0.008305
vt 0.005101 0.008597
vt 0.003370 0.006093
vt 0.001822 0.003736
vt 0.001688 0.003663
vt 0.001797 0.003705
vt 0.002553 0.004865
vt 0.001629 0.003663
vt 0.001521 0.003599
vt 0.001534 0.003631
vt 0.001606 0.003632
vt 0.002204 0.004606
vt 0.000945 0.002418
vt 0.000885 0.002396
vt 0.000880 0.002378
vt 0.000933 0.002401
vt 0.003591 0.005646
vt 0.003168 0.004963
vt 0.003211 0.004789
vt 0.001064 0.002468
vt 0.000983 0.002422
vt 0.001051 0.002451
vt 0.010990 0.016983
vt 0.011549 0.017963
vt 0.011199 0.017276
vt 0.011652 0.018093
vt 0.003683 0.005284
vt 0.003248 0.004643
vt 0.003281 0.004509
vt 0.004447 0.008045
vt 0.004111 0.007770
vt 0.003105 0.006044
vt 0.004185 0.007864
vt 0.004468 0.008090
vt 0.002950 0.005999
vt 0.002914 0.005929
vt 0.003055 0.005979
vt 0.003898 0.007604
vt 0.003483 0.007263
vt 0.002828 0.005945
vt 0.003553 0.007358
vt 0.003917 0.007649
vt 0.002631 0.005886
vt 0.002597 0.005816
vt 0.002779 0.005881
vt 0.012569 0.019779
vt 0.007461 0.012065
vt 0.012085 0.018864
vt 0.012667 0.019917
vt 0.010655 0.016388
vt 0.009960 0.015185
vt 0.010179 0.015460
vt 0.010764 0.016508
vt 0.000144 0.000392
vt 0.000126 0.000364
vt 0.000129 0.000353
vt 0.000137 0.000418
vt 0.000135 0.000445
vt 0.000120 0.000392
vt 0.000123 0.000377
vt 0.001461 0.003599
vt 0.001329 0.003525
vt 0.001339 0.003557
vt 0.001439 0.003568
vt 0.001672 0.004205
vt 0.003764 0.004969
vt 0.003719 0.004625
vt 0.003317 0.004364
vt 0.003360 0.004192
vt 0.000873 0.002381
vt 0.001666 0.004214
vt 0.011044 0.017034
vt 0.002230 0.004634
vt 0.001511 0.003606
vt 0.002904 0.005947
vt 0.004111 0.007791
vt 0.004786 0.008389
vt 0.003950 0.007662
vt 0.002823 0.005918
vt 0.002843 0.005830
vt 0.001462 0.003587
vt 0.007408 0.011974
vt 0.000125 0.000415
vt 0.002723 0.005787
vt 0.757204 0.020824
vt 0.010782 0.016571
vt 0.003309 0.005999
vt 0.002996 0.005885
vt 0.002530 0.005717
vt 0.000842 0.002368
vt 0.003475 0.004619
vt 0.003536 0.004371
vt 0.004233 0.007948
vt 0.002580 0.004894
vt 0.000753 0.002331
vt 0.003989 0.007753
vt 0.002586 0.005834
vt 0.001655 0.003616
vt 0.003099 0.006017
vt 0.010019 0.015227
vt 0.000130 0.000393
vt 0.000152 0.000456
vt 0.001318 0.003532
vt 0.004500 0.008103
vt 0.003481 0.007285
vt 0.005177 0.008701
vt 0.004543 0.008195
vt 0.003598 0.007441
vt 0.001630 0.003651
vt 0.011673 0.018152
vt 0.012269 0.019123
vt 0.000946 0.002412
vt 0.003402 0.004913
vt 0.001490 0.003552
vt 0.003415 0.006130
vt 0.001417 0.003524
vt 0.000163 0.000439
vt 0.000136 0.000368
vt 0.011390 0.017521
vt 0.005132 0.008609
vt 0.000966 0.002396
vt 0.001821 0.003725
vt 0.012690 0.019972
vt 0.001300 0.003478
vt 0.001065 0.002462
vt 0.011004 0.016816
vt 0.003318 0.005251
vt 0.001582 0.003588
vt 0.001771 0.003661
vt 0.010383 0.015684
vt 0.839318 0.521080
vt 0.839318 0.500000
vt 0.660682 0.521080
vt 0.660682 0.500000
vt 0.000864 0.002352
vt 0.002659 0.003957
vt 0.000142 0.000342
vt 0.589082 0.785682
vt 0.589082 0.964318
vt 0.011882 0.018417
vt 0.012889 0.020254
vt 0.000108 0.000284
vt 0.000746 0.002302
vt 0.002717 0.003726
vt 0.000819 0.002333
vt 0.000104 0.000303
vt 0.002742 0.003625
vt 0.000921 0.002377
vt 0.002783 0.003462
vt 0.002684 0.003856
vt 0.000099 0.000326
vt 0.001039 0.002427
vt 0.002618 0.004121
vt 0.000102 0.000312
vt 0.839318 0.728920
vt 0.660682 0.728920
vt 0.625000 0.785682
vt 0.625000 0.964318
vt 0.000106 0.000293
vt 0.000112 0.000270
s 1
usemtl 材质
f 1/1/1 2/1/2 3/1/2
f 2/1/2 1/1/1 4/1/3
f 3/1/2 2/1/2 5/1/2
f 5/1/2 2/1/2 6/1/2
f 7/2/4 8/3/5 9/4/6
f 7/2/4 9/4/6 10/5/6
f 11/6/6 8/3/5 7/2/4
f 8/3/5 11/6/6 12/7/6
f 13/8/7 14/9/7 15/10/8
f 16/11/9 15/10/8 14/9/7
f 15/10/8 16/11/9 17/12/9
f 13/8/7 15/10/8 18/13/7
f 19/14/9 15/10/8 17/12/9
f 20/15/7 13/8/7 18/13/7
f 19/14/9 17/12/9 21/16/9
f 18/13/7 22/17/7 20/15/7
f 23/18/9 19/14/9 21/16/9
f 24/19/7 20/15/7 22/17/7
f 19/14/9 23/18/9 25/20/9
f 20/15/7 24/19/7 26/21/7
f 23/18/9 27/22/9 25/20/9
f 26/21/7 24/19/7 28/23/7
f 29/24/9 25/20/9 27/22/9
f 24/19/7 30/25/7 28/23/7
f 31/26/9 29/24/9 27/22/9
f 30/25/7 32/23/9 28/23/7
f 27/22/9 33/27/9 31/26/9
f 34/28/9 31/26/9 33/27/9
f 31/26/9 34/28/9 35/29/9
f 32/23/9 30/25/7 35/29/9
f 36/28/9 32/23/9 35/29/9
f 37/29/9 38/28/9 39/28/9
f 40/1/10 41/1/10 42/1/11
f 40/1/10 42/1/11 43/1/12
f 43/1/12 42/1/11 44/1/13
f 43/1/12 44/1/13 45/1/13
f 46/1/14 47/1/15 48/1/16
f 47/1/15 46/1/14 49/1/17
f 50/20/7 51/17/7 52/13/7
f 53/10/7 50/20/7 52/13/7
f 50/20/7 53/10/7 54/14/7
f 51/17/7 50/20/7 55/24/7
f 55/24/7 56/19/7 51/17/7
f 56/19/7 55/24/7 57/26/7
f 58/29/7 56/19/7 57/26/7
f 56/19/7 58/29/7 59/25/7
f 60/1/18 61/1/19 62/1/19
f 62/1/19 61/1/19 63/1/18
f 64/30/20 65/31/21 66/32/22
f 65/31/21 64/30/20 67/33/23
f 68/34/24 69/35/24 70/36/25
f 71/37/26 70/36/25 69/35/24
f 72/38/27 73/39/28 74/40/29
f 73/39/28 72/38/27 75/41/30
f 76/42/28 77/34/31 78/36/32
f 78/36/32 79/43/33 76/42/28
f 80/44/34 81/45/35 82/46/36
f 83/47/37 80/44/34 82/46/36
f 84/48/38 80/44/34 83/47/37
f 81/45/35 80/44/34 85/49/39
f 85/49/39 86/50/40 81/45/35
f 86/50/40 85/49/39 87/51/40
f 88/52/41 86/50/42 89/51/43
f 88/52/41 90/53/44 86/50/42
f 91/54/45 92/55/46 93/56/46
f 93/56/46 94/57/45 91/54/45
f 95/58/47 96/59/48 97/60/49
f 96/59/48 95/58/47 98/61/47
f 99/62/50 100/63/51 101/64/50
f 101/64/50 102/65/52 99/62/50
f 103/59/45 104/61/53 105/58/53
f 105/58/53 106/60/54 103/59/45
f 107/64/55 108/62/55 109/65/56
f 108/62/55 107/64/55 110/63/57
f 111/56/58 112/54/48 113/57/48
f 112/54/48 111/56/58 114/55/58
f 115/66/59 116/67/60 117/68/59
f 116/67/60 115/66/59 118/69/61
f 119/66/62 120/70/63 121/71/64
f 120/70/63 119/66/62 122/68/63
f 123/72/65 124/73/66 125/74/67
f 124/73/66 123/72/65 126/75/68
f 127/76/69 128/77/70 129/78/71
f 128/77/70 127/76/69 130/79/71
f 131/75/72 132/80/73 133/81/74
f 134/82/75 133/81/74 132/80/73
f 135/83/76 136/76/76 137/78/76
f 138/76/77 139/83/77 140/84/77
f 141/1/78 142/1/78 143/1/78
f 144/1/79 145/1/79 146/1/79
f 147/1/80 148/1/81 149/1/80
f 148/1/81 147/1/80 150/1/81
f 151/1/82 152/1/82 153/1/82
f 153/1/82 152/1/82 154/1/82
f 155/62/83 156/85/84 157/65/85
f 156/85/84 155/62/83 158/86/86
f 159/62/87 160/85/88 161/86/89
f 160/85/88 159/62/87 162/65/90
f 163/1/91 164/1/91 165/1/91
f 166/1/91 165/1/91 164/1/91
f 165/1/91 166/1/91 167/1/91
f 164/1/91 163/1/91 168/1/91
f 163/1/91 169/1/91 168/1/91
f 169/1/91 163/1/91 170/1/91
f 170/1/91 171/1/91 169/1/91
f 170/1/91 172/1/91 171/1/91
f 172/1/91 173/1/91 171/1/91
f 173/1/91 172/1/91 174/1/91
f 175/1/92 176/1/92 177/1/92
f 175/1/92 177/1/92 178/1/92
f 179/1/93 180/1/93 181/1/93
f 180/1/93 179/1/93 182/1/93
f 183/1/94 184/1/95 185/1/94
f 185/1/94 184/1/95 186/1/96
f 187/1/97 188/1/98 189/1/99
f 189/1/99 190/1/100 187/1/97
f 191/1/101 192/1/101 193/1/102
f 192/1/101 191/1/101 194/1/103
f 195/1/104 196/1/104 197/1/104
f 196/1/104 195/1/104 198/1/104
f 199/87/105 200/88/106 201/89/105
f 200/88/106 202/90/107 201/89/105
f 203/59/108 204/91/109 205/92/110
f 204/91/109 203/59/108 206/60/111
f 207/59/112 208/91/113 209/60/114
f 208/91/113 207/59/112 210/92/115
f 211/1/116 212/1/117 213/1/116
f 211/1/116 213/1/116 214/1/118
f 215/1/119 216/1/120 217/1/121
f 216/1/120 215/1/119 218/1/120
f 219/1/122 220/1/122 221/1/123
f 220/1/122 219/1/122 222/1/122
f 223/1/124 224/1/125 225/1/126
f 224/1/125 223/1/124 226/1/127
f 227/1/128 228/1/128 229/1/128
f 230/1/129 231/1/129 232/1/129
f 233/93/130 234/94/131 235/95/131
f 235/95/131 236/96/132 233/93/130
f 237/95/133 238/93/134 239/96/135
f 238/93/134 237/95/133 240/94/133
f 241/97/131 242/98/136 243/99/131
f 243/99/131 244/100/137 241/97/131
f 245/101/138 246/102/133 247/103/133
f 246/102/133 245/101/138 248/104/139
f 249/99/133 250/97/133 251/100/140
f 250/97/133 249/99/133 252/98/141
f 253/102/131 254/104/142 255/101/143
f 255/101/143 256/103/131 253/102/131
f 257/105/144 258/48/145 259/106/145
f 258/48/145 257/105/144 260/44/146
f 261/107/147 262/34/148 263/42/148
f 262/34/148 261/107/147 264/108/148
f 265/1/149 266/1/149 267/1/150
f 266/1/149 268/1/149 267/1/150
f 269/1/151 270/1/152 271/1/152
f 272/1/153 269/1/151 271/1/152
f 270/1/152 269/1/151 273/1/154
f 273/1/154 274/1/155 270/1/152
f 274/1/155 273/1/154 275/1/152
f 269/1/151 272/1/153 276/1/155
f 277/1/156 276/1/155 272/1/153
f 278/1/155 276/1/155 277/1/156
f 277/1/156 279/1/154 278/1/155
f 278/1/155 279/1/154 280/1/152
f 281/109/157 282/101/158 283/110/159
f 282/101/158 281/109/157 284/104/160
f 285/109/161 286/101/161 287/104/162
f 286/101/161 285/109/161 288/110/163
f 289/1/164 290/1/165 291/1/164
f 289/1/164 291/1/164 292/1/164
f 293/1/166 294/1/165 295/1/167
f 293/1/166 295/1/167 296/1/167
f 296/1/167 295/1/167 297/1/168
f 296/1/167 297/1/168 298/1/168
f 299/111/169 300/54/170 301/57/171
f 300/54/170 299/111/169 302/112/172
f 303/54/173 304/111/174 305/57/174
f 304/111/174 303/54/173 306/112/175
f 307/113/176 308/114/177 309/115/176
f 308/114/177 307/113/176 310/30/176
f 311/1/178 312/1/178 313/1/179
f 311/1/178 313/1/179 314/1/178
f 315/1/180 316/1/181 317/1/181
f 318/1/180 317/1/181 316/1/181
f 319/116/182 320/49/183 321/117/184
f 320/49/183 319/116/182 322/51/185
f 320/49/183 323/118/186 321/117/184
f 323/118/186 320/49/183 324/44/187
f 325/56/188 326/119/189 327/120/190
f 326/119/189 325/56/188 328/55/191
f 329/120/192 330/119/193 331/56/194
f 332/55/195 331/56/194 330/119/193
f 333/1/196 334/1/197 335/1/198
f 334/1/197 333/1/196 336/1/197
f 337/1/199 333/1/196 335/1/198
f 333/1/196 337/1/199 338/1/200
f 339/1/201 340/1/202 341/1/203
f 341/1/203 340/1/202 342/1/204
f 343/1/205 344/1/206 345/1/207
f 344/1/206 343/1/205 346/1/208
f 347/121/209 348/122/210 349/121/211
f 350/123/211 349/121/211 348/122/210
f 348/122/210 347/121/209 351/124/212
f 348/122/210 351/124/212 352/125/213
f 351/124/212 353/32/214 352/125/213
f 353/32/214 351/124/212 354/126/214
f 355/127/215 353/32/214 354/126/214
f 355/127/215 354/126/214 356/128/216
f 357/114/217 353/32/214 355/127/215
f 353/32/214 357/114/217 358/30/217
f 359/129/218 360/124/219 361/130/220
f 360/124/219 359/129/218 362/126/221
f 363/1/222 364/1/223 365/1/224
f 366/1/225 365/1/224 364/1/223
f 364/1/223 363/1/222 367/1/226
f 368/1/227 367/1/226 363/1/222
f 367/1/226 368/1/227 369/1/227
f 370/1/228 366/1/225 364/1/223
f 371/1/229 366/1/225 370/1/228
f 370/1/228 372/1/230 371/1/229
f 373/1/231 374/1/232 375/1/233
f 376/1/234 375/1/233 374/1/232
f 373/1/231 375/1/233 377/1/235
f 377/1/235 378/1/236 373/1/231
f 378/1/236 377/1/235 379/1/236
f 375/1/233 376/1/234 380/1/237
f 381/1/238 380/1/237 376/1/234
f 380/1/237 381/1/238 382/1/239
f 383/114/240 384/127/240 385/131/241
f 383/114/240 385/131/241 386/132/240
f 387/1/242 388/1/242 389/1/242
f 388/1/242 390/1/242 389/1/242
f 388/1/242 387/1/242 391/1/242
f 390/1/242 388/1/242 392/1/242
f 392/1/242 393/1/242 390/1/242
f 394/1/242 393/1/242 392/1/242
f 395/1/243 391/1/242 387/1/242
f 396/1/242 391/1/242 395/1/243
f 395/1/243 397/1/242 396/1/242
f 397/1/242 398/1/242 396/1/242
f 399/133/244 400/134/245 401/135/246
f 401/135/246 402/136/244 399/133/244
f 403/135/247 404/133/248 405/136/248
f 404/133/248 403/135/247 406/134/249
f 407/137/250 408/138/251 409/139/251
f 409/139/251 410/140/250 407/137/250
f 411/139/252 412/137/253 413/140/253
f 412/137/253 411/139/252 414/138/252
f 415/141/244 416/142/254 417/143/255
f 417/143/255 418/144/244 415/141/244
f 419/143/256 420/141/248 421/144/248
f 420/141/248 419/143/256 422/142/257
f 423/1/258 424/1/259 425/1/260
f 425/1/260 426/1/261 423/1/258
f 427/1/262 428/1/263 429/1/264
f 428/1/263 427/1/262 430/1/265
f 431/141/266 432/145/267 433/146/268
f 432/145/267 431/141/266 434/144/269
f 435/141/270 436/145/271 437/144/272
f 436/145/271 435/141/270 438/146/273
f 439/1/274 440/1/274 441/1/274
f 441/1/274 440/1/274 442/1/274
f 443/1/274 440/1/274 439/1/274
f 442/1/274 444/1/274 441/1/274
f 439/1/274 445/1/274 443/1/274
f 444/1/274 442/1/274 446/1/274
f 445/1/274 439/1/274 447/1/274
f 447/1/274 448/1/274 445/1/274
f 448/1/274 447/1/274 449/1/274
f 450/1/274 444/1/274 446/1/274
f 444/1/274 450/1/274 451/1/274
f 450/1/274 452/1/274 451/1/274
f 453/1/274 451/1/274 452/1/274
f 451/1/274 453/1/274 454/1/274
f 453/1/274 455/1/274 454/1/274
f 454/1/274 455/1/274 456/1/274
f 457/1/275 458/1/275 459/1/275
f 459/1/275 458/1/275 460/1/275
f 461/1/276 462/1/276 463/1/276
f 463/1/276 464/1/276 461/1/276
f 465/147/277 466/95/278 467/148/279
f 466/95/278 465/147/277 468/94/278
f 469/147/280 470/95/281 471/94/281
f 470/95/281 469/147/280 472/148/280
f 473/1/282 474/1/282 475/1/283
f 474/1/282 473/1/282 476/1/282
f 477/1/284 478/1/285 479/1/285
f 478/1/285 477/1/284 480/1/284
f 481/1/286 482/1/287 483/1/288
f 482/1/287 481/1/286 484/1/289
f 485/1/289 486/1/288 487/1/289
f 486/1/288 485/1/289 488/1/288
f 489/1/290 490/1/290 491/1/291
f 490/1/290 489/1/290 492/1/291
f 493/1/292 494/1/293 495/1/293
f 495/1/293 494/1/293 496/1/294
f 497/1/295 498/1/295 499/1/296
f 498/1/295 497/1/295 500/1/297
f 501/1/298 502/1/299 503/1/299
f 503/1/299 502/1/299 504/1/300
f 505/1/301 506/1/302 507/1/301
f 505/1/301 507/1/301 508/1/303
f 509/1/304 510/1/304 511/1/291
f 510/1/304 509/1/304 512/1/291
f 513/1/305 514/1/306 515/1/307
f 514/1/306 516/1/305 515/1/307
f 517/1/308 518/1/308 519/1/308
f 520/1/309 521/1/309 522/1/309
f 523/1/310 524/1/310 525/1/310
f 524/1/310 523/1/310 526/1/310
f 527/1/311 528/1/312 529/1/313
f 528/1/312 527/1/311 530/1/311
f 531/1/314 532/1/315 533/1/316
f 531/1/314 533/1/316 534/1/314
f 535/1/317 536/1/317 537/1/317
f 536/1/317 535/1/317 538/1/317
f 539/149/318 540/150/319 541/58/318
f 542/61/320 541/58/318 540/150/319
f 543/58/321 544/150/322 545/149/321
f 544/150/322 543/58/321 546/61/323
f 547/1/324 548/1/325 549/1/325
f 548/1/325 547/1/324 550/1/326
f 551/1/327 552/1/328 553/1/324
f 551/1/327 553/1/324 554/1/329
f 555/1/330 556/1/331 557/1/332
f 557/1/332 558/1/333 555/1/330
f 559/1/334 560/1/335 561/1/336
f 560/1/335 559/1/334 562/1/337
f 563/1/338 564/1/338 565/1/339
f 564/1/338 563/1/338 566/1/339
f 567/1/340 568/1/341 569/1/342
f 570/1/343 569/1/342 568/1/341
f 569/1/342 570/1/343 571/1/344
f 568/1/341 567/1/340 572/1/341
f 573/1/345 572/1/341 567/1/340
f 573/1/345 567/1/340 574/1/346
f 574/1/346 575/1/341 573/1/345
f 574/1/346 576/1/346 575/1/341
f 576/1/346 577/1/347 575/1/341
f 577/1/347 576/1/346 578/1/341
f 579/1/348 580/1/349 581/1/349
f 580/1/349 579/1/348 582/1/348
f 583/151/350 584/97/351 585/100/352
f 584/97/351 583/151/350 586/152/353
f 587/97/354 588/151/355 589/100/356
f 588/151/355 587/97/354 590/152/357
f 591/1/358 592/1/358 593/1/359
f 592/1/358 591/1/358 594/1/360
f 595/1/361 596/1/361 597/1/362
f 596/1/361 595/1/361 598/1/325
f 599/1/361 600/1/362 601/1/324
f 600/1/362 599/1/361 602/1/361
f 603/1/363 604/1/363 605/1/364
f 604/1/363 603/1/363 606/1/364
f 607/1/365 608/1/365 609/1/366
f 608/1/365 607/1/365 610/1/366
f 611/1/339 612/1/367 613/1/367
f 612/1/367 611/1/339 614/1/366
f 615/1/368 616/1/368 617/1/369
f 618/1/368 617/1/369 616/1/368
f 617/1/369 618/1/368 619/1/369
f 618/1/368 620/1/368 619/1/369
f 621/1/370 622/1/371 623/1/372
f 621/1/370 624/1/371 622/1/371
f 625/1/373 626/1/374 627/1/374
f 626/1/374 625/1/373 628/1/375
f 629/1/376 630/1/377 631/1/376
f 629/1/376 632/1/378 630/1/377
f 633/1/379 634/1/380 635/1/381
f 634/1/380 633/1/379 636/1/382
f 637/1/383 638/1/384 639/1/385
f 638/1/384 637/1/383 640/1/383
f 641/1/386 642/1/387 643/1/388
f 642/1/387 641/1/386 644/1/387
f 645/1/304 646/1/290 647/1/304
f 647/1/304 648/1/304 645/1/304
f 649/1/290 650/1/304 651/1/290
f 650/1/304 649/1/290 652/1/389
f 653/1/389 654/1/304 655/1/304
f 654/1/304 653/1/389 656/1/290
f 657/1/306 658/1/390 659/1/390
f 659/1/390 658/1/390 660/1/390
f 661/1/391 662/1/391 663/1/392
f 662/1/391 661/1/391 664/1/392
f 665/1/393 666/1/393 667/1/394
f 666/1/393 665/1/393 668/1/393
f 669/133/395 670/153/396 671/154/266
f 670/153/396 669/133/395 672/136/269
f 673/133/397 674/153/271 675/136/272
f 674/153/271 673/133/397 676/154/270
f 677/1/398 678/1/398 679/1/398
f 680/1/399 681/1/399 682/1/399
f 683/1/400 684/1/400 685/1/400
f 686/1/400 685/1/400 684/1/400
f 687/1/401 688/1/401 689/1/401
f 688/1/401 687/1/401 690/1/401
f 691/1/402 692/1/403 693/1/402
f 694/1/404 693/1/402 692/1/403
f 695/1/405 696/1/406 697/1/407
f 696/1/406 695/1/405 698/1/408
f 699/1/409 700/1/410 701/1/409
f 701/1/409 700/1/410 702/1/410
f 703/1/411 704/1/412 705/1/411
f 705/1/411 706/1/413 703/1/411
f 707/1/414 708/1/415 709/1/416
f 708/1/415 707/1/414 710/1/415
f 711/1/417 712/1/418 713/1/418
f 712/1/418 711/1/417 714/1/419
f 715/1/420 716/1/414 717/1/421
f 716/1/414 715/1/420 718/1/420
f 719/1/422 720/1/423 721/1/423
f 719/1/422 721/1/423 722/1/422
f 723/1/424 724/1/424 725/1/425
f 724/1/424 723/1/424 726/1/425
f 727/1/426 728/1/427 729/1/428
f 728/1/427 727/1/426 730/1/426
f 731/155/429 732/99/430 733/98/431
f 732/99/430 731/155/429 734/156/429
f 735/155/432 736/99/433 737/156/434
f 736/99/433 735/155/432 738/98/435
f 739/1/436 740/1/437 741/1/436
f 739/1/436 741/1/436 742/1/438
f 743/1/439 744/1/440 745/1/440
f 744/1/440 743/1/439 746/1/441
f 747/1/442 748/1/443 749/1/442
f 747/1/442 750/1/443 748/1/443
f 751/1/444 752/1/440 753/1/440
f 752/1/440 751/1/444 754/1/440
f 755/1/445 756/1/443 757/1/442
f 756/1/443 755/1/445 758/1/446
f 759/1/447 760/1/447 761/1/448
f 760/1/447 759/1/447 762/1/449
f 763/1/450 764/1/447 765/1/451
f 764/1/447 763/1/450 766/1/452
f 767/1/453 768/1/454 769/1/454
f 770/1/455 769/1/454 768/1/454
f 771/1/456 772/1/456 773/1/457
f 774/1/458 773/1/457 772/1/456
f 775/1/459 776/1/460 777/1/460
f 777/1/460 776/1/460 778/1/461
f 779/1/460 780/1/462 781/1/461
f 781/1/461 780/1/462 782/1/460
f 783/1/463 784/1/464 785/1/465
f 785/1/465 784/1/464 786/1/466
f 787/1/460 788/1/460 789/1/467
f 788/1/460 787/1/460 790/1/468
f 791/1/469 792/1/470 793/1/471
f 794/1/472 793/1/471 792/1/470
f 793/1/471 794/1/472 795/1/472
f 793/1/471 796/1/473 791/1/469
f 797/1/474 791/1/469 796/1/473
f 796/1/473 798/1/475 797/1/474
f 799/1/476 797/1/474 798/1/475
f 798/1/475 800/1/476 799/1/476
f 801/1/477 802/1/478 803/1/479
f 804/1/480 803/1/479 802/1/478
f 803/1/479 804/1/480 805/1/480
f 802/1/478 801/1/477 806/1/481
f 807/1/482 806/1/481 801/1/477
f 806/1/481 807/1/482 808/1/483
f 807/1/482 809/1/484 808/1/483
f 809/1/484 807/1/482 810/1/484
f 811/1/485 812/1/485 813/1/485
f 814/1/485 813/1/485 812/1/485
f 815/1/486 816/1/486 817/1/486
f 816/1/486 815/1/486 818/1/487
f 819/1/488 820/1/488 821/1/488
f 820/1/488 819/1/488 822/1/488
f 823/1/489 824/1/489 825/1/489
f 826/1/489 825/1/489 824/1/489
f 827/1/490 828/1/490 829/1/490
f 830/1/491 831/1/491 832/1/491
f 833/1/492 834/1/493 835/1/493
f 834/1/493 833/1/492 836/1/492
f 837/1/494 838/1/495 839/1/494
f 838/1/495 837/1/494 840/1/495
f 841/1/496 842/1/497 843/1/496
f 842/1/497 841/1/496 844/1/497
f 845/1/498 846/1/499 847/1/499
f 846/1/499 845/1/498 848/1/498
f 849/1/500 850/1/501 851/1/502
f 852/1/503 851/1/502 850/1/501
f 853/1/504 854/1/505 855/1/506
f 854/1/505 853/1/504 856/1/507
f 857/1/508 858/1/509 859/1/510
f 858/1/509 857/1/508 860/1/510
f 861/1/511 862/1/512 863/1/513
f 861/1/511 863/1/513 864/1/514
f 863/1/513 865/1/515 864/1/514
f 865/1/515 863/1/513 866/1/515
f 867/1/516 865/1/515 866/1/515
f 865/1/515 867/1/516 868/1/517
f 869/1/518 870/1/518 871/1/518
f 872/1/518 871/1/518 870/1/518
f 873/1/519 874/1/519 875/1/519
f 874/1/519 873/1/519 876/1/519
f 877/1/520 878/1/521 879/1/522
f 878/1/521 877/1/520 880/1/523
f 881/1/367 882/1/367 883/1/367
f 882/1/367 881/1/367 884/1/367
f 885/1/365 886/1/365 887/1/365
f 886/1/365 885/1/365 888/1/365
f 889/1/524 890/1/525 891/1/526
f 890/1/525 889/1/524 892/1/527
f 893/1/528 894/1/528 895/1/528
f 894/1/528 896/1/528 895/1/528
f 894/1/528 893/1/528 897/1/529
f 896/1/528 894/1/528 898/1/530
f 898/1/530 899/1/531 896/1/528
f 900/1/528 899/1/531 898/1/530
f 901/1/532 897/1/529 893/1/528
f 902/1/530 897/1/529 901/1/532
f 901/1/532 903/1/531 902/1/530
f 903/1/531 904/1/531 902/1/530
f 905/1/533 906/1/534 907/1/534
f 907/1/534 908/1/535 905/1/533
f 909/1/536 905/1/533 908/1/535
f 908/1/535 910/1/537 909/1/536
f 911/1/538 909/1/536 910/1/537
f 910/1/537 912/1/539 911/1/538
f 913/1/540 911/1/538 912/1/539
f 912/1/539 914/1/541 913/1/540
f 915/1/542 916/1/543 917/1/544
f 918/1/545 917/1/544 916/1/543
f 916/1/543 915/1/542 919/1/546
f 920/1/547 919/1/546 915/1/542
f 919/1/546 920/1/547 921/1/547
f 917/1/544 918/1/545 922/1/548
f 923/1/549 922/1/548 918/1/545
f 922/1/548 923/1/549 924/1/549
f 925/157/550 926/158/550 927/139/550
f 928/138/550 927/139/550 926/158/550
f 929/139/551 930/158/551 931/157/551
f 930/158/551 929/139/551 932/138/551
f 933/159/552 934/160/220 935/161/553
f 936/1/391 937/1/391 938/1/391
f 938/1/391 937/1/391 939/1/391
f 940/1/391 941/1/391 942/1/391
f 941/1/391 940/1/391 943/1/391
f 944/1/391 945/1/391 946/1/391
f 945/1/391 944/1/391 947/1/391
f 948/1/391 949/1/391 950/1/391
f 950/1/391 949/1/391 951/1/391
f 952/162/554 953/163/555 954/164/556
f 953/163/555 952/162/554 955/165/557
f 956/162/558 957/163/559 958/165/560
f 957/163/559 956/162/558 959/164/561
f 960/1/562 961/1/562 962/1/563
f 961/1/562 960/1/562 963/1/564
f 964/1/565 965/1/565 966/1/565
f 966/1/565 965/1/565 967/1/565
f 968/166/566 969/93/567 970/96/568
f 969/93/567 968/166/566 971/167/569
f 972/93/570 973/166/571 974/96/572
f 973/166/571 972/93/570 975/167/573
f 976/1/574 977/1/575 978/1/575
f 977/1/575 976/1/574 979/1/574
f 980/1/576 978/1/575 977/1/575
f 978/1/575 980/1/576 981/1/577
f 982/168/578 983/83/578 984/169/579
f 983/83/578 982/168/578 985/170/580
f 986/82/581 987/171/582 988/172/581
f 988/172/581 989/81/581 986/82/581
f 990/64/583 991/173/584 992/174/585
f 991/173/584 990/64/583 993/63/586
f 994/174/587 995/173/588 996/64/589
f 997/63/590 996/64/589 995/173/588
f 998/175/591 999/176/592 1000/177/593
f 1001/178/594 998/175/591 1000/177/593
f 999/176/592 998/175/591 1002/179/595
f 1003/47/596 999/176/592 1002/179/595
f 1003/47/596 1002/179/595 1004/180/597
f 998/175/591 1001/178/594 1005/181/594
f 1006/182/598 1005/181/594 1001/178/594
f 1005/181/594 1006/182/598 1007/183/598
f 1008/184/599 1009/86/600 1010/85/601
f 1010/85/601 1011/185/602 1008/184/599
f 1012/85/603 1013/184/604 1014/185/605
f 1013/184/604 1012/85/603 1015/86/606
f 1016/1/607 1017/1/608 1018/1/607
f 1017/1/608 1016/1/607 1019/1/609
f 1020/1/610 1021/1/611 1022/1/610
f 1020/1/610 1022/1/610 1023/1/611
f 1024/186/612 1025/187/613 1026/188/613
f 1026/188/613 1027/189/612 1024/186/612
f 1028/188/614 1029/186/615 1030/189/615
f 1029/186/615 1028/188/614 1031/187/614
f 1032/137/395 1033/190/396 1034/191/266
f 1033/190/396 1032/137/395 1035/140/616
f 1036/137/397 1037/190/271 1038/140/617
f 1037/190/271 1036/137/397 1039/191/270
f 1040/192/614 1041/193/614 1042/194/615
f 1041/193/614 1040/192/614 1043/195/618
f 1044/193/613 1045/195/619 1046/192/613
f 1046/192/613 1047/194/612 1044/193/613
f 1048/163/614 1049/196/614 1050/197/615
f 1049/196/614 1048/163/614 1051/165/620
f 1052/196/613 1053/165/621 1054/163/622
f 1054/163/622 1055/197/623 1052/196/613
f 1056/1/624 1057/1/625 1058/1/625
f 1057/1/625 1056/1/624 1059/1/626
f 1060/1/627 1061/1/628 1062/1/627
f 1061/1/628 1060/1/627 1063/1/629
f 1064/1/630 1065/1/631 1066/1/630
f 1065/1/631 1064/1/630 1067/1/632
f 1068/1/633 1069/1/634 1070/1/635
f 1069/1/634 1068/1/633 1071/1/636
f 1072/1/637 1073/1/638 1074/1/639
f 1073/1/638 1072/1/637 1075/1/640
f 1076/198/641 1077/73/642 1078/199/643
f 1076/198/641 1079/200/644 1077/73/642
f 1080/201/645 1081/77/645 1082/202/645
f 1083/77/646 1084/201/646 1085/203/646
f 1086/1/647 1087/1/648 1088/1/649
f 1087/1/648 1086/1/647 1089/1/650
f 1090/1/651 1091/1/652 1092/1/653
f 1091/1/652 1090/1/651 1093/1/654
f 1094/1/655 1095/1/656 1096/1/657
f 1095/1/656 1094/1/655 1097/1/656
f 1097/1/656 1098/1/656 1095/1/656
f 1098/1/656 1097/1/656 1099/1/658
f 1096/1/657 1100/1/659 1094/1/655
f 1096/1/657 1101/1/660 1100/1/659
f 1102/1/656 1100/1/659 1101/1/660
f 1103/1/661 1100/1/659 1102/1/656
f 1102/1/656 1104/1/662 1103/1/661
f 1103/1/661 1104/1/662 1105/1/658
f 1106/135/551 1107/204/663 1108/205/551
f 1107/204/663 1106/135/551 1109/134/663
f 1110/205/550 1111/204/664 1112/135/550
f 1113/134/664 1112/135/550 1111/204/664
f 1114/206/665 1115/207/665 1116/208/666
f 1115/207/665 1114/206/665 1117/209/667
f 1118/206/668 1119/207/669 1120/209/670
f 1119/207/669 1118/206/668 1121/208/671
f 1122/1/672 1123/1/672 1124/1/673
f 1123/1/672 1122/1/672 1125/1/674
f 1126/1/675 1127/1/676 1128/1/675
f 1127/1/676 1126/1/675 1129/1/677
f 1130/1/678 1131/1/679 1132/1/679
f 1131/1/679 1130/1/678 1133/1/680
f 1134/1/681 1135/1/682 1136/1/683
f 1135/1/682 1134/1/681 1137/1/682
f 1138/210/684 1139/192/555 1140/211/556
f 1139/192/555 1138/210/684 1141/195/685
f 1142/210/686 1143/192/559 1144/195/687
f 1143/192/559 1142/210/686 1145/211/688
f 1146/1/689 1147/1/689 1148/1/690
f 1147/1/689 1146/1/689 1149/1/691
f 1150/212/692 1151/110/693 1152/109/693
f 1151/110/693 1150/212/692 1153/213/694
f 1154/214/695 1153/213/694 1150/212/692
f 1155/213/696 1156/109/697 1157/110/697
f 1156/109/697 1155/213/696 1158/214/698
f 1159/1/699 1160/1/700 1161/1/700
f 1160/1/700 1159/1/699 1162/1/701
f 1163/1/702 1164/1/703 1165/1/702
f 1164/1/703 1163/1/702 1166/1/704
f 1167/215/705 1168/186/706 1169/189/707
f 1168/186/706 1167/215/705 1170/216/708
f 1171/186/709 1172/215/710 1173/189/711
f 1172/215/710 1171/186/709 1174/216/712
f 1175/145/713 1176/217/714 1177/218/714
f 1176/217/714 1175/145/713 1178/146/713
f 1179/217/715 1180/146/716 1181/145/716
f 1181/145/716 1182/218/715 1179/217/715
f 1183/219/717 1184/220/718 1185/221/719
f 1185/221/719 1186/222/720 1183/219/717
f 1186/222/720 1185/221/719 1187/223/721
f 1188/224/722 1189/102/723 1190/103/724
f 1189/102/723 1188/224/722 1191/225/725
f 1192/102/726 1193/224/727 1194/103/728
f 1193/224/727 1192/102/726 1195/225/729
f 1196/1/730 1197/1/731 1198/1/732
f 1197/1/731 1196/1/730 1199/1/733
f 1200/1/734 1201/1/735 1202/1/736
f 1201/1/735 1200/1/734 1203/1/734
f 1204/226/211 1205/227/211 1206/226/211
f 1205/227/211 1204/226/211 1207/227/211
f 1208/1/737 1209/1/737 1210/1/737
f 1210/1/737 1211/1/737 1208/1/737
f 1212/1/737 1211/1/737 1210/1/737
f 1209/1/737 1208/1/737 1213/1/737
f 1213/1/737 1214/1/738 1209/1/737
f 1213/1/737 1215/1/737 1214/1/738
f 1216/1/737 1214/1/738 1215/1/737
f 1217/1/737 1214/1/738 1216/1/737
f 1216/1/737 1218/1/737 1217/1/737
f 1218/1/737 1219/1/738 1217/1/737
f 1220/228/739 1221/229/197 1222/223/197
f 1220/228/739 1222/223/197 1223/221/740
f 1224/160/220 1225/159/741 1226/230/742
f 1227/231/743 1226/230/742 1225/159/741
f 1225/159/741 1228/232/743 1227/231/743
f 1229/233/744 1227/231/743 1228/232/743
f 1227/231/743 1229/233/744 1230/234/745
f 1231/1/746 1232/1/747 1233/1/748
f 1232/1/747 1231/1/746 1234/1/746
f 1235/1/749 1236/1/750 1237/1/751
f 1237/1/751 1238/1/749 1235/1/749
f 1239/1/752 1240/1/753 1241/1/754
f 1240/1/753 1239/1/752 1242/1/752
f 1243/1/755 1244/1/756 1245/1/757
f 1244/1/756 1243/1/755 1246/1/756
f 1247/1/758 1248/1/759 1249/1/760
f 1250/1/758 1248/1/759 1247/1/758
f 1251/1/761 1252/1/762 1253/1/762
f 1251/1/761 1253/1/762 1254/1/763
f 1255/1/764 1256/1/765 1257/1/765
f 1256/1/765 1255/1/764 1258/1/765
f 1259/1/766 1260/1/767 1261/1/767
f 1260/1/767 1259/1/766 1262/1/768
f 1263/162/769 1264/235/769 1265/236/769
f 1266/236/770 1267/164/770 1268/162/770
f 1269/236/771 1270/162/771 1271/164/771
f 1272/162/772 1273/236/772 1274/235/772
f 1275/237/773 1276/206/774 1277/209/775
f 1276/206/774 1275/237/773 1278/238/775
f 1279/239/773 1280/240/776 1281/241/773
f 1280/240/776 1279/239/773 1282/242/773
f 1283/243/777 1284/244/775 1285/245/776
f 1284/244/775 1283/243/777 1286/246/773
f 1287/244/778 1288/246/779 1289/243/780
f 1289/243/780 1290/245/781 1287/244/778
f 1291/206/782 1292/238/778 1293/237/779
f 1293/237/779 1294/209/778 1291/206/782
f 1295/240/781 1296/242/779 1297/239/779
f 1297/239/779 1298/241/779 1295/240/781
f 1299/1/783 1300/1/784 1301/1/784
f 1300/1/784 1299/1/783 1302/1/784
f 1303/1/785 1304/1/786 1305/1/785
f 1304/1/786 1303/1/785 1306/1/787
f 1307/1/788 1308/1/789 1309/1/788
f 1308/1/789 1307/1/788 1310/1/789
f 1311/1/790 1312/1/790 1313/1/791
f 1311/1/790 1314/1/790 1312/1/790
f 1315/207/792 1316/247/793 1317/248/793
f 1316/247/793 1315/207/792 1318/208/794
f 1319/247/795 1320/208/796 1321/207/797
f 1321/207/797 1322/248/795 1319/247/795
f 1323/249/798 1324/250/799 1325/251/800
f 1325/251/800 1326/252/801 1323/249/798
f 1327/251/802 1328/249/803 1329/252/804
f 1328/249/803 1327/251/802 1330/250/805
f 1331/1/806 1332/1/806 1333/1/806
f 1333/1/806 1332/1/806 1334/1/806
f 1335/1/807 1336/1/807 1337/1/807
f 1337/1/807 1338/1/807 1335/1/807
f 1339/1/808 1340/1/809 1341/1/808
f 1340/1/809 1342/1/810 1341/1/808
f 1340/1/809 1343/1/808 1342/1/810
f 1340/1/809 1339/1/808 1344/1/811
f 1345/1/812 1344/1/811 1339/1/808
f 1346/1/813 1344/1/811 1345/1/812
f 1343/1/808 1340/1/809 1347/1/814
f 1347/1/814 1348/1/815 1343/1/808
f 1347/1/814 1349/1/810 1348/1/815
f 1350/1/816 1346/1/813 1349/1/810
f 1349/1/810 1347/1/814 1350/1/816
f 1350/1/816 1344/1/811 1346/1/813
f 1351/1/817 1350/1/816 1347/1/814
f 1347/1/814 1352/1/817 1351/1/817
f 1353/1/818 1350/1/816 1351/1/817
f 1347/1/814 1354/1/819 1352/1/817
f 1355/1/820 1350/1/816 1353/1/818
f 1347/1/814 1356/1/821 1354/1/819
f 1355/1/820 1353/1/818 1357/1/822
f 1354/1/819 1356/1/821 1358/1/823
f 1355/1/820 1357/1/822 1359/1/824
f 1360/1/825 1355/1/820 1359/1/824
f 1358/1/823 1356/1/821 1360/1/825
f 1355/1/820 1360/1/825 1356/1/821
f 1361/1/826 1355/1/820 1356/1/821
f 1356/1/821 1362/1/827 1361/1/826
f 1355/1/820 1361/1/826 1363/1/826
f 1356/1/821 1364/1/828 1362/1/827
f 1365/1/826 1355/1/820 1363/1/826
f 1366/1/829 1355/1/820 1365/1/826
f 1364/1/828 1356/1/821 1367/1/830
f 1355/1/820 1366/1/829 1368/1/831
f 1367/1/830 1369/1/828 1364/1/828
f 1368/1/831 1366/1/829 1370/1/828
f 1367/1/830 1370/1/828 1369/1/828
f 1370/1/828 1367/1/830 1368/1/831
f 1367/1/830 1371/1/832 1368/1/831
f 1372/1/833 1368/1/831 1371/1/832
f 1371/1/832 1367/1/830 1373/1/834
f 1367/1/830 1374/1/835 1373/1/834
f 1372/1/833 1375/1/836 1368/1/831
f 1376/1/836 1374/1/835 1367/1/830
f 1375/1/836 1372/1/833 1377/1/835
f 1374/1/835 1376/1/836 1378/1/837
f 1376/1/836 1379/1/835 1378/1/837
f 1375/1/836 1377/1/835 1380/1/835
f 1376/1/836 1380/1/835 1379/1/835
f 1380/1/835 1376/1/836 1375/1/836
f 1376/1/836 1381/1/838 1375/1/836
f 1382/1/839 1375/1/836 1381/1/838
f 1381/1/838 1376/1/836 1383/1/840
f 1376/1/836 1384/1/840 1383/1/840
f 1385/1/841 1375/1/836 1382/1/839
f 1386/1/842 1384/1/840 1376/1/836
f 1385/1/841 1382/1/839 1387/1/843
f 1384/1/840 1386/1/842 1388/1/840
f 1386/1/842 1389/1/840 1388/1/840
f 1385/1/841 1387/1/843 1390/1/844
f 1386/1/842 1390/1/844 1389/1/840
f 1390/1/844 1386/1/842 1385/1/841
f 1391/1/845 1385/1/841 1386/1/842
f 1392/1/846 1385/1/841 1391/1/845
f 1392/1/846 1391/1/845 1393/1/847
f 1394/253/848 1395/92/848 1396/91/849
f 1396/91/849 1397/254/848 1394/253/848
f 1398/91/850 1399/253/851 1400/254/851
f 1399/253/851 1398/91/850 1401/92/851
f 1402/240/852 1403/255/853 1404/256/854
f 1403/255/853 1402/240/852 1405/241/855
f 1406/240/856 1407/255/670 1408/241/668
f 1407/255/670 1406/240/856 1409/256/857
f 1410/1/858 1411/1/859 1412/1/860
f 1411/1/859 1410/1/858 1413/1/861
f 1414/1/862 1415/1/863 1416/1/864
f 1416/1/864 1415/1/863 1417/1/865
f 1418/1/866 1419/1/867 1420/1/868
f 1419/1/867 1418/1/866 1421/1/869
f 1420/1/868 1419/1/867 1422/1/870
f 1422/1/870 1423/1/871 1420/1/868
f 1424/1/872 1420/1/868 1423/1/871
f 1423/1/871 1422/1/870 1425/1/873
f 1426/1/874 1420/1/868 1424/1/872
f 1425/1/873 1422/1/870 1427/1/873
f 1422/1/870 1428/1/873 1427/1/873
f 1429/1/875 1420/1/868 1426/1/874
f 1428/1/873 1422/1/870 1430/1/875
f 1428/1/873 1430/1/875 1431/1/873
f 1430/1/875 1432/1/876 1431/1/873
f 1429/1/875 1426/1/874 1432/1/876
f 1432/1/876 1430/1/875 1429/1/875
f 1430/1/875 1433/1/877 1429/1/875
f 1434/1/878 1429/1/875 1433/1/877
f 1433/1/877 1430/1/875 1435/1/879
f 1436/1/880 1429/1/875 1434/1/878
f 1435/1/879 1430/1/875 1437/1/881
f 1430/1/875 1438/1/877 1437/1/881
f 1429/1/875 1436/1/880 1439/1/882
f 1438/1/877 1430/1/875 1440/1/883
f 1440/1/883 1441/1/881 1438/1/877
f 1439/1/882 1436/1/880 1442/1/884
f 1442/1/884 1441/1/881 1440/1/883
f 1442/1/884 1440/1/883 1439/1/882
f 1439/1/882 1440/1/883 1443/1/885
f 1440/1/883 1444/1/885 1443/1/885
f 1439/1/882 1443/1/885 1445/1/886
f 1440/1/883 1446/1/885 1444/1/885
f 1445/1/886 1447/1/887 1439/1/882
f 1440/1/883 1448/1/888 1446/1/885
f 1447/1/887 1445/1/886 1449/1/889
f 1450/1/890 1446/1/885 1448/1/888
f 1451/1/889 1447/1/887 1449/1/889
f 1448/1/888 1452/1/889 1450/1/890
f 1452/1/889 1447/1/887 1451/1/889
f 1447/1/887 1452/1/889 1448/1/888
f 1453/243/891 1454/257/892 1455/258/893
f 1454/257/892 1453/243/891 1456/246/894
f 1457/258/895 1458/257/896 1459/243/897
f 1460/246/898 1459/243/897 1458/257/896
f 1461/1/899 1447/1/887 1448/1/888
f 1448/1/888 1462/1/900 1461/1/899
f 1447/1/887 1461/1/899 1463/1/899
f 1448/1/888 1464/1/901 1462/1/900
f 1465/1/902 1447/1/887 1463/1/899
f 1466/1/903 1447/1/887 1465/1/902
f 1448/1/888 1467/1/904 1464/1/901
f 1468/1/905 1447/1/887 1466/1/903
f 1464/1/901 1467/1/904 1469/1/906
f 1468/1/905 1466/1/903 1470/1/907
f 1470/1/907 1469/1/906 1467/1/904
f 1468/1/905 1470/1/907 1467/1/904
f 1467/1/904 1471/1/908 1468/1/905
f 1472/1/909 1468/1/905 1471/1/908
f 1471/1/908 1467/1/904 1473/1/910
f 1473/1/910 1467/1/904 1474/1/911
f 1472/1/909 1475/1/912 1468/1/905
f 1475/1/912 1472/1/909 1476/1/913
f 1477/1/914 1474/1/911 1467/1/904
f 1474/1/911 1477/1/914 1478/1/908
f 1479/1/910 1478/1/908 1477/1/914
f 1477/1/914 1480/1/911 1479/1/910
f 1480/1/911 1475/1/912 1476/1/913
f 1480/1/911 1477/1/914 1475/1/912
f 1477/1/914 1481/1/915 1475/1/912
f 1482/1/916 1475/1/912 1481/1/915
f 1481/1/915 1477/1/914 1483/1/917
f 1484/1/918 1475/1/912 1482/1/916
f 1485/1/919 1483/1/917 1477/1/914
f 1486/1/918 1475/1/912 1484/1/918
f 1477/1/914 1487/1/920 1485/1/919
f 1488/1/918 1486/1/918 1484/1/918
f 1477/1/914 1489/1/921 1487/1/920
f 1489/1/921 1486/1/918 1488/1/918
f 1486/1/918 1489/1/921 1490/1/918
f 1491/1/918 1489/1/921 1488/1/918
f 1487/1/920 1489/1/921 1491/1/918
f 1492/1/922 1493/1/923 1494/1/924
f 1495/1/925 1492/1/922 1494/1/924
f 1493/1/923 1492/1/922 1496/1/923
f 1497/1/926 1493/1/923 1496/1/923
f 1493/1/923 1497/1/926 1498/1/927
f 1492/1/922 1495/1/925 1499/1/925
f 1495/1/925 1500/1/928 1499/1/925
f 1495/1/925 1501/1/928 1500/1/928
f 1502/1/929 1500/1/928 1501/1/928
f 1500/1/928 1502/1/929 1503/1/929
f 1504/1/930 1503/1/929 1502/1/929
f 1503/1/929 1504/1/930 1505/1/930
f 1506/1/931 1505/1/930 1504/1/930
f 1505/1/930 1506/1/931 1507/1/931
f 1508/1/932 1509/1/933 1510/1/934
f 1511/1/935 1510/1/934 1509/1/933
f 1509/1/933 1508/1/932 1512/1/932
f 1508/1/932 1513/1/936 1512/1/932
f 1513/1/936 1508/1/932 1514/1/937
f 1509/1/933 1515/1/935 1511/1/935
f 1516/1/938 1511/1/935 1515/1/935
f 1511/1/935 1516/1/938 1517/1/938
f 1518/1/939 1517/1/938 1516/1/938
f 1518/1/939 1516/1/938 1519/1/939
f 1520/1/940 1518/1/939 1519/1/939
f 1520/1/940 1519/1/939 1521/1/940
f 1522/1/941 1520/1/940 1521/1/940
f 1522/1/941 1521/1/940 1523/1/941
f 1524/259/550 1525/260/664 1526/143/550
f 1527/142/664 1526/143/550 1525/260/664
f 1528/143/551 1529/260/663 1530/259/551
f 1529/260/663 1528/143/551 1531/142/663
f 1532/1/942 1533/1/943 1534/1/943
f 1533/1/943 1535/1/944 1534/1/943
f 1535/1/944 1533/1/943 1536/1/945
f 1533/1/943 1532/1/942 1537/1/946
f 1538/1/946 1537/1/946 1532/1/942
f 1539/1/947 1540/1/948 1541/1/947
f 1540/1/948 1542/1/949 1541/1/947
f 1542/1/949 1540/1/948 1543/1/949
f 1543/1/949 1544/1/950 1542/1/949
f 1542/1/949 1544/1/950 1545/1/951
f 1546/261/952 1547/188/686 1548/187/686
f 1547/188/686 1546/261/952 1549/262/686
f 1550/261/684 1551/188/554 1552/262/554
f 1551/188/554 1550/261/684 1553/187/554
f 1554/1/953 1555/1/953 1556/1/953
f 1555/1/953 1557/1/953 1556/1/953
f 1557/1/953 1555/1/953 1558/1/954
f 1559/1/955 1554/1/953 1556/1/953
f 1560/1/955 1554/1/953 1559/1/955
f 1554/1/953 1560/1/955 1561/1/953
f 1562/1/956 1563/1/957 1564/1/957
f 1563/1/957 1562/1/956 1565/1/956
f 1566/1/956 1562/1/956 1564/1/957
f 1562/1/956 1566/1/956 1567/1/956
f 1568/1/956 1567/1/956 1566/1/956
f 1567/1/956 1568/1/956 1569/1/957
f 1570/1/958 1571/1/958 1572/1/959
f 1571/1/958 1570/1/958 1573/1/958
f 1574/1/959 1573/1/958 1570/1/958
f 1572/1/959 1571/1/958 1575/1/958
f 1572/1/959 1575/1/958 1576/1/959
f 1572/1/959 1576/1/959 1577/1/959
f 1578/1/960 1579/1/961 1580/1/961
f 1580/1/961 1579/1/961 1581/1/961
f 1582/1/960 1579/1/961 1578/1/960
f 1579/1/961 1582/1/960 1583/1/960
f 1583/1/960 1582/1/960 1584/1/960
f 1583/1/960 1584/1/960 1585/1/961
f 1586/1/833 1587/1/835 1588/1/834
f 1587/1/835 1586/1/833 1589/1/962
f 1590/1/963 1586/1/833 1588/1/834
f 1586/1/833 1590/1/963 1591/1/964
f 1592/1/835 1591/1/964 1590/1/963
f 1591/1/964 1592/1/835 1593/1/837
f 1594/1/965 1595/1/966 1596/1/877
f 1596/1/877 1595/1/966 1597/1/880
f 1595/1/966 1594/1/965 1598/1/966
f 1599/1/881 1598/1/966 1594/1/965
f 1598/1/966 1599/1/881 1600/1/877
f 1598/1/966 1600/1/877 1601/1/967
f 1602/1/913 1603/1/908 1604/1/968
f 1603/1/908 1602/1/913 1605/1/969
f 1605/1/969 1602/1/913 1606/1/970
f 1604/1/968 1603/1/908 1607/1/913
f 1604/1/968 1607/1/913 1608/1/913
f 1604/1/968 1608/1/913 1609/1/971
f 1610/1/812 1611/1/972 1612/1/973
f 1610/1/812 1613/1/810 1611/1/972
f 1614/1/812 1613/1/810 1610/1/812
f 1613/1/810 1614/1/812 1615/1/812
f 1615/1/812 1614/1/812 1616/1/812
f 1616/1/812 1614/1/812 1617/1/974
f 1618/1/975 1619/1/976 1620/1/977
f 1619/1/976 1618/1/975 1621/1/978
f 1622/263/979 1623/193/980 1624/194/981
f 1623/193/980 1622/263/979 1625/264/982
f 1626/193/983 1627/263/984 1628/194/985
f 1627/263/984 1626/193/983 1629/264/983
f 1630/1/986 1631/1/987 1632/1/986
f 1344/1/811 1630/1/986 1632/1/986
f 1344/1/811 1632/1/986 1633/1/988
f 1344/1/811 1633/1/988 1634/1/989
f 1634/1/989 1340/1/809 1344/1/811
f 1340/1/809 1634/1/989 1635/1/990
f 1636/1/990 1340/1/809 1635/1/990
f 1637/1/991 1340/1/809 1636/1/990
f 1638/1/992 1340/1/809 1637/1/991
f 1630/1/986 1638/1/992 1631/1/987
f 1638/1/992 1630/1/986 1639/1/987
f 1638/1/992 1640/1/987 1631/1/987
f 1638/1/992 1637/1/991 1640/1/987
f 1641/1/993 1642/1/994 1643/1/995
f 1644/1/843 1643/1/995 1642/1/994
f 1643/1/995 1644/1/843 1645/1/844
f 1646/1/996 1645/1/844 1644/1/843
f 1645/1/844 1646/1/996 1647/1/997
f 1645/1/844 1647/1/997 1648/1/840
f 1649/1/998 1650/1/999 1651/1/1000
f 1649/1/998 1651/1/1000 1652/1/999
f 1653/1/871 1650/1/999 1649/1/998
f 1650/1/999 1653/1/871 1654/1/1001
f 1654/1/1001 1653/1/871 1655/1/1002
f 1655/1/1002 1653/1/871 1656/1/873
f 1657/1/1003 1658/1/1004 1659/1/1005
f 1658/1/1004 1657/1/1003 1660/1/1003
f 1661/1/1006 1659/1/1005 1658/1/1004
f 1659/1/1005 1661/1/1006 1662/1/1006
f 1663/1/1007 1662/1/1006 1661/1/1006
f 1661/1/1006 1664/1/1008 1663/1/1007
f 1664/1/1008 1665/1/1009 1663/1/1007
f 1665/1/1009 1664/1/1008 1666/1/1009
f 1667/1/1010 1668/1/1011 1669/1/1010
f 1668/1/1011 1667/1/1010 1670/1/1012
f 1671/1/1013 1667/1/1010 1669/1/1010
f 1669/1/1010 1672/1/1013 1671/1/1013
f 1672/1/1013 1673/1/1014 1671/1/1013
f 1674/1/1015 1671/1/1013 1673/1/1014
f 1674/1/1015 1673/1/1014 1675/1/1016
f 1676/1/1016 1674/1/1015 1675/1/1016
f 1677/1/1017 1678/1/1017 1679/1/1017
f 1679/1/1017 1678/1/1017 1680/1/1017
f 1678/1/1017 1677/1/1017 1681/265/1017
f 1681/265/1017 1677/1/1017 1682/266/1017
f 1678/1/1017 1681/265/1017 1683/267/1017
f 1682/266/1017 1684/268/1017 1685/269/1017
f 1677/1/1017 1686/1/1017 1684/268/1017
f 1683/267/1017 1681/265/1017 1687/270/1018
f 1683/267/1017 1687/270/1018 1688/271/1017
f 1687/270/1018 1689/272/1017 1688/271/1017
f 1690/273/1017 1684/268/1017 1686/1/1017
f 1687/270/1018 1691/274/1018 1689/272/1017
f 1691/274/1018 1692/275/1017 1689/272/1017
f 1690/273/1017 1686/1/1017 1693/1/1017
f 1694/1/1017 1693/1/1017 1686/1/1017
f 1693/1/1017 1694/1/1017 1695/1/1017
f 1692/275/1017 1691/274/1018 1696/276/1017
f 1697/277/1017 1692/275/1017 1696/276/1017
f 1697/277/1017 1696/276/1017 1698/278/1017
f 1691/274/1018 1687/270/1018 1699/279/1018
f 1699/279/1018 1700/280/1017 1691/274/1018
f 1700/280/1017 1699/279/1018 1701/281/1017
f 1701/281/1017 1702/282/1017 1700/280/1017
f 1703/283/1017 1701/281/1017 1699/279/1018
f 1702/282/1017 1701/281/1017 1704/284/1017
f 1704/284/1017 1705/285/1017 1702/282/1017
f 1705/285/1017 1704/284/1017 1706/286/1017
f 1699/279/1018 1707/287/1017 1703/283/1017
f 1699/279/1018 1708/288/1017 1707/287/1017
f 1709/1/1017 1707/287/1017 1708/288/1017
f 1710/1/1017 1709/1/1017 1711/289/1017
f 1712/290/1017 1709/1/1017 1713/1/1017
f 1710/1/1017 1714/291/1017 1715/292/1017
f 1715/292/1017 1714/291/1017 1716/293/1018
f 1714/291/1017 1717/294/1017 1716/293/1018
f 1718/295/1017 1716/293/1018 1717/294/1017
f 1719/296/1017 1713/1/1017 1720/1/1017
f 1721/297/1017 1716/293/1018 1718/295/1017
f 1718/295/1017 1722/298/1017 1721/297/1017
f 1722/298/1017 1718/295/1017 1723/299/1017
f 1723/299/1017 1724/300/1017 1722/298/1017
f 1723/299/1017 1725/301/1017 1724/300/1017
f 1716/293/1018 1721/297/1017 1726/302/1018
f 1726/302/1018 1727/303/1018 1716/293/1018
f 1727/303/1018 1726/302/1018 1728/304/1017
f 1726/302/1018 1729/305/1017 1728/304/1017
f 1728/304/1017 1730/306/1017 1727/303/1018
f 1729/305/1017 1726/302/1018 1731/307/1017
f 1731/307/1017 1732/308/1017 1729/305/1017
f 1732/308/1017 1731/307/1017 1733/309/1017
f 1690/273/1017 1727/303/1018 1730/306/1017
f 1690/273/1017 1734/310/1017 1727/303/1018
f 1734/310/1017 1690/273/1017 1735/1/1017
f 1735/1/1017 1736/311/1017 1734/310/1017
f 1736/311/1017 1735/1/1017 1737/1/1018
f 1738/1/1017 1737/1/1018 1735/1/1017
f 1737/1/1018 1738/1/1017 1739/1/1017
f 1737/1/1018 1740/312/1018 1736/311/1017
f 1736/311/1017 1740/312/1018 1741/313/1017
f 1737/1/1018 1742/1/1017 1740/312/1018
f 1743/1/1017 1740/312/1018 1742/1/1017
f 1740/312/1018 1743/1/1017 1744/314/1017
f 1742/1/1017 1745/1/1017 1743/1/1017
f 1745/1/1017 1742/1/1017 1746/1/1017
f 1747/287/1017 1748/1/1017 1749/290/1017
f 1748/1/1017 1750/288/1017 1751/315/1017
f 1752/289/1017 1748/1/1017 1751/315/1017
f 1753/316/1019 1752/289/1017 1751/315/1017
f 1752/289/1017 1753/316/1019 1754/317/1017
f 1755/291/1017 1756/1/1017 1752/289/1017
f 1753/316/1019 1757/318/1017 1754/317/1017
f 1753/316/1019 1758/300/1017 1757/318/1017
f 1757/318/1017 1758/300/1017 1759/301/1017
f 1753/316/1019 1760/319/1017 1758/300/1017
f 1753/316/1019 1761/320/1018 1760/319/1017
f 1761/320/1018 1753/316/1019 1762/269/1017
f 1761/320/1018 1763/308/1017 1764/309/1017
f 1763/308/1017 1761/320/1018 1765/321/1017
f 1761/320/1018 1762/269/1017 1765/321/1017
f 1765/321/1017 1762/269/1017 1766/322/1017
f 1762/269/1017 1767/268/1017 1766/322/1017
f 1768/1/1017 1767/268/1017 1769/266/1017
f 1770/292/1017 1771/323/1017 1756/1/1017
f 1771/323/1017 1772/324/1018 1756/1/1017
f 1773/325/1019 1772/324/1018 1771/323/1017
f 1774/1/1018 1756/1/1017 1772/324/1018
f 1772/324/1018 1773/325/1019 1775/326/1017
f 1774/1/1018 1772/324/1018 1776/327/1017
f 1777/328/1017 1775/326/1017 1773/325/1019
f 1776/327/1017 1778/329/1017 1774/1/1018
f 1774/1/1018 1778/329/1017 1779/330/1017
f 1779/330/1017 1780/331/1017 1774/1/1018
f 1778/329/1017 1776/327/1017 1781/332/1018
f 1781/332/1018 1776/327/1017 1782/333/1017
f 1782/333/1017 1783/334/1017 1781/332/1018
f 1784/335/1018 1780/331/1017 1779/330/1017
f 1780/331/1017 1784/335/1018 1785/336/1017
f 1786/337/1017 1785/336/1017 1784/335/1018
f 1787/1/1017 1780/331/1017 1788/338/1017
f 1789/339/1017 1787/1/1017 1788/338/1017
f 1784/335/1018 1790/340/1017 1786/337/1017
f 1791/341/1017 1786/337/1017 1790/340/1017
f 1786/337/1017 1791/341/1017 1792/342/1017
f 1793/343/1017 1792/342/1017 1791/341/1017
f 1792/342/1017 1793/343/1017 1794/344/1017
f 1795/345/1017 1794/344/1017 1793/343/1017
f 1794/344/1017 1795/345/1017 1796/346/1017
f 1790/340/1017 1784/335/1018 1797/347/1018
f 1795/345/1017 1798/348/1017 1796/346/1017
f 1798/348/1017 1799/117/1017 1787/1/1017
f 1799/117/1017 1798/348/1017 1800/349/1017
f 1801/350/1017 1798/348/1017 1795/345/1017
f 1798/348/1017 1801/350/1017 1802/351/1017
f 1803/352/1017 1802/351/1017 1801/350/1017
f 1804/353/1017 1803/352/1017 1801/350/1017
f 1805/354/1017 1802/351/1017 1803/352/1017
f 1803/352/1017 1804/353/1017 1806/355/1017
f 1802/351/1017 1805/354/1017 1807/356/1017
f 1808/357/1017 1806/355/1017 1804/353/1017
f 1806/355/1017 1808/357/1017 1809/358/1017
f 1809/358/1017 1808/357/1017 1797/347/1018
f 1810/359/1017 1807/356/1017 1805/354/1017
f 1797/347/1018 1811/360/1017 1809/358/1017
f 1812/1/1017 1807/356/1017 1810/359/1017
f 1807/356/1017 1812/1/1017 1813/361/1017
f 1814/362/1017 1812/1/1017 1810/359/1017
f 1797/347/1018 1815/363/1018 1811/360/1017
f 1797/347/1018 1784/335/1018 1815/363/1018
f 1815/363/1018 1816/364/1017 1811/360/1017
f 1815/363/1018 1814/362/1017 1816/364/1017
f 1817/365/1017 1814/362/1017 1815/363/1018
f 1818/1/1017 1817/365/1017 1819/1/1017
f 1819/1/1017 1817/365/1017 1820/366/1017
f 1813/361/1017 1821/1/1017 1822/367/1017
f 1821/1/1017 1823/368/1017 1822/367/1017
f 1824/70/1017 1825/369/1017 1821/1/1017
f 1826/370/1017 1825/369/1017 1824/70/1017
f 1827/1/1017 1825/369/1017 1826/370/1017
f 1828/1/1017 1820/366/1017 1829/314/1017
f 1830/1/1017 1828/1/1017 1829/314/1017
f 1831/371/1018 1829/314/1017 1820/366/1017
f 1829/314/1017 1831/371/1018 1832/372/1017
f 1833/373/1017 1832/372/1017 1831/371/1018
f 1831/371/1018 1834/374/1018 1833/373/1017
f 1834/374/1018 1835/375/1017 1833/373/1017
f 1834/374/1018 1831/371/1018 1781/332/1018
f 1835/375/1017 1834/374/1018 1836/376/1017
f 1837/377/1017 1835/375/1017 1836/376/1017
f 1781/332/1018 1838/378/1017 1834/374/1018
f 1838/378/1017 1781/332/1018 1783/334/1017
f 1783/334/1017 1839/379/1017 1838/378/1017
f 1839/379/1017 1783/334/1017 1840/380/1017
f 1840/380/1017 1841/381/1018 1839/379/1017
f 1841/381/1018 1840/380/1017 1842/382/1017
f 1777/328/1017 1841/381/1018 1842/382/1017
f 1773/325/1019 1841/381/1018 1777/328/1017
f 1773/325/1019 1843/383/1017 1841/381/1018
f 1773/325/1019 1844/384/1017 1843/383/1017
f 1844/384/1017 1773/325/1019 1845/313/1017
f 1844/384/1017 1845/313/1017 1846/385/1017
f 1846/385/1017 1845/313/1017 1847/386/1017
f 1845/313/1017 1848/312/1017 1847/386/1017
f 1849/1/1020 1850/1/1020 1851/1/1020
f 1850/1/1020 1849/1/1020 1852/1/1020
f 1850/1/1020 1853/387/1020 1851/1/1020
f 1854/388/1020 1851/1/1020 1855/389/1020
f 1851/1/1020 1854/388/1020 1856/1/1020
f 1857/390/1021 1854/388/1020 1855/389/1020
f 1854/388/1020 1857/390/1021 1858/391/1020
f 1859/392/1020 1858/391/1020 1857/390/1021
f 1857/390/1021 1860/393/1021 1859/392/1020
f 1860/393/1021 1861/394/1020 1859/392/1020
f 1861/394/1020 1860/393/1021 1862/395/1020
f 1860/393/1021 1857/390/1021 1863/396/1021
f 1863/396/1021 1864/397/1020 1860/393/1021
f 1864/397/1020 1863/396/1021 1865/398/1020
f 1864/397/1020 1865/398/1020 1866/399/1020
f 1866/399/1020 1865/398/1020 1867/400/1020
f 1863/396/1021 1868/401/1020 1865/398/1020
f 1863/396/1021 1869/402/1021 1868/401/1020
f 1870/403/1020 1869/402/1021 1863/396/1021
f 1869/402/1021 1870/403/1020 1871/1/1020
f 1870/403/1020 1872/404/1020 1871/1/1020
f 1871/1/1020 1873/1/1020 1869/402/1021
f 1869/402/1021 1873/1/1020 1874/405/1020
f 1875/406/1020 1873/1/1020 1876/407/1020
f 1877/408/1020 1876/407/1020 1873/1/1020
f 1876/407/1020 1877/408/1020 1878/409/1021
f 1878/409/1021 1877/408/1020 1879/410/1020
f 1879/410/1020 1880/411/1020 1878/409/1021
f 1881/412/1020 1878/409/1021 1880/411/1020
f 1878/409/1021 1881/412/1020 1882/413/1020
f 1883/414/1020 1880/411/1020 1884/415/1020
f 1877/408/1020 1885/1/1020 1886/416/1020
f 1887/417/1020 1882/413/1020 1888/418/1020
f 1887/417/1020 1888/418/1020 1889/419/1020
f 1890/420/1020 1887/417/1020 1889/419/1020
f 1890/420/1020 1891/421/1020 1887/417/1020
f 1891/421/1020 1890/420/1020 1892/1/1020
f 1890/420/1020 1893/422/1020 1894/1/1020
f 1895/1/1020 1892/1/1020 1896/1/1020
f 1892/1/1020 1895/1/1020 1897/1/1020
f 1898/1/1020 1899/1/1020 1894/1/1020
f 1899/1/1020 1898/1/1020 1900/1/1020
f 1897/1/1020 1901/1/1020 1902/423/1020
f 1903/1/1020 1901/1/1020 1904/1/1020
f 1901/1/1020 1903/1/1020 1856/1/1020
f 1905/424/1020 1893/422/1020 1906/425/1020
f 1905/424/1020 1907/1/1020 1908/1/1020
f 1907/1/1020 1909/1/1020 1908/1/1020
f 1909/1/1020 1907/1/1020 1910/1/1020
f 1907/1/1020 1905/424/1020 1911/426/1020
f 1911/426/1020 1912/427/1021 1913/1/1020
f 1914/428/1020 1912/427/1021 1911/426/1020
f 1912/427/1021 1914/428/1020 1915/429/1020
f 1916/430/1020 1915/429/1020 1914/428/1020
f 1912/427/1021 1917/1/1021 1913/1/1020
f 1917/1/1021 1912/427/1021 1918/431/1020
f 1918/431/1020 1919/432/1020 1917/1/1021
f 1919/432/1020 1918/431/1020 1920/433/1020
f 1921/434/1020 1917/1/1021 1919/432/1020
f 1922/435/1020 1919/432/1020 1920/433/1020
f 1923/69/1020 1917/1/1021 1921/434/1020
f 1923/69/1020 1921/434/1020 1924/436/1020
f 1923/69/1020 1924/436/1020 1925/437/1020
f 1926/438/1020 1923/69/1020 1925/437/1020
f 1927/439/1020 1922/435/1020 1920/433/1020
f 1928/440/1020 1929/228/1020 1926/438/1020
f 1929/228/1020 1928/440/1020 1930/1/1020
f 1931/441/1020 1922/435/1020 1927/439/1020
f 1922/435/1020 1931/441/1020 1932/442/1020
f 1933/443/1020 1928/440/1020 1932/442/1020
f 1931/441/1020 1933/443/1020 1932/442/1020
f 1931/441/1020 1927/439/1020 1934/444/1020
f 1934/444/1020 1927/439/1020 1935/445/1020
f 1936/446/1020 1934/444/1020 1935/445/1020
f 1936/446/1020 1937/447/1020 1934/444/1020
f 1937/447/1020 1936/446/1020 1938/448/1020
f 1938/448/1020 1939/449/1020 1937/447/1020
f 1939/449/1020 1938/448/1020 1916/430/1020
f 1940/450/1020 1941/451/1020 1939/449/1020
f 1942/452/1020 1943/453/1020 1940/450/1020
f 1943/453/1020 1942/452/1020 1885/1/1020
f 1944/454/1020 1885/1/1020 1942/452/1020
f 1945/1/1020 1943/453/1020 1885/1/1020
f 1943/453/1020 1945/1/1020 1946/455/1020
f 1945/1/1020 1947/456/1020 1946/455/1020
f 1947/456/1020 1948/1/1020 1949/457/1020
f 1949/457/1020 1933/443/1020 1950/458/1020
f 1950/458/1020 1933/443/1020 1951/459/1020
f 1952/460/1020 1950/458/1020 1951/459/1020
f 1952/460/1020 1953/461/1020 1950/458/1020
f 1953/461/1020 1952/460/1020 1954/462/1020
f 1955/463/1021 1956/464/1020 1957/465/1020
f 1958/466/1020 1957/465/1020 1956/464/1020
f 1957/465/1020 1958/466/1020 1959/467/1020
f 1956/464/1020 1955/463/1021 1960/468/1020
f 1955/463/1021 1961/469/1021 1960/468/1020
f 1962/470/1020 1960/468/1020 1961/469/1021
f 1961/469/1021 1963/471/1020 1962/470/1020
f 1955/463/1021 1964/472/1021 1961/469/1021
f 1965/387/1020 1963/471/1020 1961/469/1021
f 1963/471/1020 1965/387/1020 1966/1/1020
f 1966/1/1020 1967/1/1020 1963/471/1020
f 1968/1/1020 1965/387/1020 1969/389/1020
f 1970/473/1020 1964/472/1021 1955/463/1021
f 1964/472/1021 1970/473/1020 1971/474/1020
f 1972/475/1020 1971/474/1020 1970/473/1020
f 1964/472/1021 1971/474/1020 1973/476/1020
f 1971/474/1020 1972/475/1020 1974/477/1020
f 1975/478/1020 1974/477/1020 1972/475/1020
f 1974/477/1020 1975/478/1020 1976/479/1020
f 1977/480/1020 1964/472/1021 1973/476/1020
f 1977/480/1020 1978/404/1020 1964/472/1021
f 1978/404/1020 1977/480/1020 1979/1/1020
f 1980/481/1021 1871/1/1020 1981/480/1020
f 1871/1/1020 1980/481/1021 1982/1/1020
f 1980/481/1021 1983/482/1020 1982/1/1020
f 1983/482/1020 1984/483/1020 1982/1/1020
f 1983/482/1020 1980/481/1021 1985/484/1021
f 1985/484/1021 1980/481/1021 1986/485/1020
f 1986/485/1020 1987/486/1020 1985/484/1021
f 1988/487/1020 1982/1/1020 1989/488/1020
f 1990/478/1020 1987/486/1020 1991/479/1020
f 1990/478/1020 1992/489/1020 1987/486/1020
f 1992/489/1020 1985/484/1021 1987/486/1020
f 1985/484/1021 1992/489/1020 1993/490/1021
f 1993/490/1021 1994/491/1020 1985/484/1021
f 1995/466/1020 1993/490/1021 1996/467/1020
f 1993/490/1021 1995/466/1020 1997/492/1020
f 1994/491/1020 1993/490/1021 1997/492/1020
f 1997/492/1020 1998/493/1020 1994/491/1020
f 1994/491/1020 1998/493/1020 1999/494/1020
f 2000/495/1020 1999/494/1020 2001/1/1021
f 2001/1/1021 2002/496/1020 2000/495/1020
f 2002/496/1020 2001/1/1021 2003/1/1020
f 2001/1/1021 2004/1/1020 2003/1/1020
f 2004/1/1020 2001/1/1021 2005/1/1020
f 2006/497/1020 2003/1/1020 2007/1/1020
f 2008/1/1020 2006/497/1020 2007/1/1020
f 2007/1/1020 2009/1/1020 2008/1/1020
f 2009/1/1020 2007/1/1020 2010/1/1020
f 2011/1/1017 2012/296/1017 2013/498/1017
f 2014/499/1017 2015/500/1017 2011/1/1017
f 2011/1/1017 2015/500/1017 1749/290/1017
f 2016/501/1019 1749/290/1017 2015/500/1017
f 1749/290/1017 2016/501/1019 2017/502/1017
f 2018/503/1017 2017/502/1017 2016/501/1019
f 2016/501/1019 2019/285/1017 2018/503/1017
f 2018/503/1017 2019/285/1017 2020/286/1017
f 2016/501/1019 2021/504/1017 2019/285/1017
f 2016/501/1019 2022/505/1018 2021/504/1017
f 2022/505/1018 2016/501/1019 2023/506/1018
f 2022/505/1018 2024/277/1017 2025/278/1017
f 2024/277/1017 2022/505/1018 2026/507/1017
f 2022/505/1018 2023/506/1018 2026/507/1017
f 2023/506/1018 2027/508/1017 2026/507/1017
f 2023/506/1018 2028/509/1017 2027/508/1017
f 2029/510/1017 2028/509/1017 2023/506/1018
f 2030/1/1017 2028/509/1017 2029/510/1017
f 2031/511/1017 2032/1/1017 2030/1/1017
f 2033/1/1017 2032/1/1017 2034/512/1017
f 2034/512/1017 2035/1/1017 2033/1/1017
f 2036/1/1017 2035/1/1017 2037/513/1017
f 2036/1/1017 2037/513/1017 2038/514/1017
f 2038/514/1017 2037/513/1017 2039/515/1018
f 2039/515/1018 2037/513/1017 2040/516/1017
f 2041/517/1017 2039/515/1018 2040/516/1017
f 2042/518/1018 2039/515/1018 2041/517/1017
f 2043/519/1017 2042/518/1018 2041/517/1017
f 2042/518/1018 2043/519/1017 2044/520/1017
f 2042/518/1018 2045/521/1019 2039/515/1018
f 2045/521/1019 2042/518/1018 2046/522/1017
f 2045/521/1019 2046/522/1017 2047/523/1017
f 2045/521/1019 2047/523/1017 2048/524/1017
f 2048/524/1017 2047/523/1017 2049/525/1017
f 2048/524/1017 2050/526/1017 2045/521/1019
f 2012/296/1017 2045/521/1019 2050/526/1017
f 2045/521/1019 2012/296/1017 2051/527/1017
f 2012/296/1017 2052/1/1017 2051/527/1017
f 2053/528/1017 2051/527/1017 2052/1/1017
f 2054/529/1017 2052/1/1017 2055/1/1017
f 2056/1/1017 2057/1/1017 2058/1/1017
f 2058/1/1017 2057/1/1017 2059/1/1017
f 2056/1/1017 2060/510/1017 2061/511/1017
f 2057/1/1017 2061/511/1017 2062/512/1017
f 2063/509/1017 2056/1/1017 2064/1/1017
f 2064/1/1017 1683/267/1017 2063/509/1017
f 2065/1/1017 2066/1/1017 2064/1/1017
f 2066/1/1017 2065/1/1017 2067/1/1017
f 2068/530/1018 2062/512/1017 2061/511/1017
f 2062/512/1017 2068/530/1018 2069/531/1017
f 2062/512/1017 2070/513/1017 2071/1/1017
f 2072/532/1017 2069/531/1017 2068/530/1018
f 2073/1/1017 2074/1/1017 2071/1/1017
f 2074/1/1017 2073/1/1017 2075/1/1017
f 2068/530/1018 2076/533/1018 2072/532/1017
f 2076/533/1018 2077/534/1017 2072/532/1017
f 2076/533/1018 2068/530/1018 2078/535/1018
f 2077/534/1017 2076/533/1018 2079/536/1017
f 2079/536/1017 2080/519/1017 2077/534/1017
f 2080/519/1017 2079/536/1017 2081/520/1017
f 2078/535/1018 2082/537/1017 2076/533/1018
f 2082/537/1017 2078/535/1018 2083/538/1017
f 2084/539/1017 2082/537/1017 2083/538/1017
f 2083/538/1017 2078/535/1018 2085/540/1017
f 2084/539/1017 2083/538/1017 2086/541/1017
f 2086/541/1017 2087/523/1017 2084/539/1017
f 2087/523/1017 2086/541/1017 2088/525/1017
f 2078/535/1018 2089/498/1017 2085/540/1017
f 2089/498/1017 2078/535/1018 2090/499/1017
f 2089/498/1017 2090/499/1017 1713/1/1017
f 1720/1/1017 2091/529/1017 2092/542/1017
f 2092/542/1017 2093/528/1017 1720/1/1017
f 2092/542/1017 2094/543/1018 2093/528/1017
f 2094/543/1018 2092/542/1017 2095/544/1017
f 2094/543/1018 2095/544/1017 2096/545/1017
f 2091/529/1017 2097/1/1017 2098/546/1017
f 2099/547/1018 2098/546/1017 2097/1/1017
f 2100/548/1017 2094/543/1018 2096/545/1017
f 2096/545/1017 2101/549/1017 2100/548/1017
f 2101/549/1017 2096/545/1017 2102/550/1017
f 2094/543/1018 2100/548/1017 2103/551/1018
f 2104/552/1017 2101/549/1017 2102/550/1017
f 2105/553/1017 2101/549/1017 2104/552/1017
f 2106/554/1017 2105/553/1017 2104/552/1017
f 2099/547/1018 2105/553/1017 2106/554/1017
f 2105/553/1017 2099/547/1018 2107/555/1017
f 2103/551/1018 2108/556/1018 2094/543/1018
f 2109/1/1018 2099/547/1018 2097/1/1017
f 2099/547/1018 2109/1/1018 2107/555/1017
f 2107/555/1017 2109/1/1018 2110/557/1017
f 2110/557/1017 2109/1/1018 2111/558/1017
f 2111/558/1017 2109/1/1018 2112/559/1017
f 2113/1/1017 2112/559/1017 2109/1/1018
f 2112/559/1017 2113/1/1017 2114/560/1017
f 2115/561/1017 2110/557/1017 2111/558/1017
f 2110/557/1017 2115/561/1017 2116/562/1017
f 2116/562/1017 2115/561/1017 2117/563/1017
f 2118/564/1017 2117/563/1017 2115/561/1017
f 2117/563/1017 2118/564/1017 2119/565/1017
f 2118/564/1017 2103/551/1018 2119/565/1017
f 2103/551/1018 2118/564/1017 2120/566/1017
f 2108/556/1018 2103/551/1018 2120/566/1017
f 2120/566/1017 2121/567/1017 2108/556/1018
f 2122/568/1017 2108/556/1018 2121/567/1017
f 2123/1/1017 2122/568/1017 2114/560/1017
f 2122/568/1017 2124/569/1017 2108/556/1018
f 2124/569/1017 2122/568/1017 2125/1/1017
f 2125/1/1017 2126/514/1017 2124/569/1017
f 2126/514/1017 2125/1/1017 2127/1/1017
f 2127/1/1017 2125/1/1017 2128/1/1017
f 2128/1/1017 2129/1/1017 2127/1/1017
f 2130/1/1017 2131/1/1017 2132/1/1017
f 2131/1/1017 2130/1/1017 2133/1/1017
f 2134/366/1017 2133/1/1017 2130/1/1017
f 2135/377/1017 2136/376/1017 2137/570/1017
f 2138/384/1017 2135/377/1017 2137/570/1017
f 2135/377/1017 2138/384/1017 2139/385/1017
f 2140/365/1017 2141/1/1017 2142/362/1017
f 2143/1/1017 2142/362/1017 2141/1/1017
f 2144/1/1017 2145/361/1017 2143/1/1017
f 2144/1/1017 2146/369/1017 2147/368/1017
f 2146/369/1017 2148/1/1017 2149/349/1017
f 2150/117/1017 2149/349/1017 2148/1/1017
f 2151/118/1017 2152/1/1017 2150/117/1017
f 2152/1/1017 2153/1/1017 2154/331/1017
f 2152/1/1017 2155/346/1017 2156/348/1017
f 2155/346/1017 2152/1/1017 2157/339/1017
f 2158/394/1020 2159/571/1020 2160/572/1020
f 2159/571/1020 2158/394/1020 2161/395/1020
f 2162/573/1021 2160/572/1020 2159/571/1020
f 2160/572/1020 2162/573/1021 2163/574/1020
f 2162/573/1021 2164/575/1021 2163/574/1020
f 2163/574/1020 2164/575/1021 2165/576/1020
f 2166/423/1020 2165/576/1020 2164/575/1021
f 2162/573/1021 2167/577/1021 2164/575/1021
f 2168/578/1020 2166/423/1020 2164/575/1021
f 2169/579/1020 2167/577/1021 2162/573/1021
f 2166/423/1020 2168/578/1020 2170/1/1020
f 2171/421/1020 2170/1/1020 2168/578/1020
f 2171/421/1020 2172/1/1020 2170/1/1020
f 2166/423/1020 2173/1/1020 2174/388/1020
f 2173/1/1020 2166/423/1020 2175/1/1020
f 2167/577/1021 2169/579/1020 2176/580/1020
f 2169/579/1020 2177/581/1020 2176/580/1020
f 2176/580/1020 2178/582/1020 2167/577/1021
f 2176/580/1020 2177/581/1020 2179/583/1020
f 2180/399/1020 2179/583/1020 2177/581/1020
f 2179/583/1020 2180/399/1020 2181/400/1020
f 2182/405/1020 2167/577/1021 2178/582/1020
f 2167/577/1021 2182/405/1020 2183/406/1020
f 2183/406/1020 2182/405/1020 2184/1/1020
f 2184/1/1020 2185/1/1020 2186/408/1020
f 2187/454/1020 2188/416/1020 2185/1/1020
f 2189/584/1021 2188/416/1020 2187/454/1020
f 2188/416/1020 2189/584/1021 2190/585/1020
f 2191/586/1020 2190/585/1020 2189/584/1021
f 2189/584/1021 2192/587/1020 2191/586/1020
f 2192/587/1020 2193/588/1020 2191/586/1020
f 2191/586/1020 2193/588/1020 2194/589/1020
f 2195/414/1020 2194/589/1020 2193/588/1020
f 2194/589/1020 2195/414/1020 2196/415/1020
f 2197/412/1020 2198/411/1020 2195/414/1020
f 2192/587/1020 2189/584/1021 2199/590/1021
f 2199/590/1021 2189/584/1021 2200/425/1020
f 2199/590/1021 2200/425/1020 2201/591/1020
f 2201/591/1020 2200/425/1020 2202/592/1020
f 2203/422/1020 2202/592/1020 2200/425/1020
f 2204/593/1020 2199/590/1021 2201/591/1020
f 2199/590/1021 2204/593/1020 2205/594/1020
f 2206/595/1020 2205/594/1020 2204/593/1020
f 2205/594/1020 2206/595/1020 2207/596/1020
f 2206/595/1020 2208/413/1020 2207/596/1020
f 2208/413/1020 2206/595/1020 2209/418/1020
f 2208/413/1020 2210/417/1020 2211/409/1020
f 2203/422/1020 2212/424/1020 2213/1/1020
f 2213/1/1020 2214/1/1020 2203/422/1020
f 2215/420/1020 2214/1/1020 2216/1/1020
f 2216/1/1020 2172/1/1020 2215/420/1020
f 2217/1/1020 2218/1/1020 2219/426/1020
f 2220/449/1020 2221/428/1020 2222/450/1020
f 2221/428/1020 2220/449/1020 2223/430/1020
f 2222/450/1020 2224/453/1020 2225/597/1020
f 2225/597/1020 2226/598/1020 2222/450/1020
f 2227/451/1020 2222/450/1020 2226/598/1020
f 2227/451/1020 2226/598/1020 2228/462/1020
f 2228/462/1020 2226/598/1020 2229/461/1020
f 2230/1/1020 2231/487/1020 2232/1/1020
f 2231/487/1020 2233/599/1020 2234/600/1020
f 2235/483/1020 2236/488/1020 2230/1/1020
f 2237/601/1021 2236/488/1020 2235/483/1020
f 2236/488/1020 2237/601/1021 2238/602/1020
f 2239/603/1020 2238/602/1020 2237/601/1021
f 2240/604/1020 2241/605/1020 2232/1/1020
f 2242/606/1021 2241/605/1020 2240/604/1020
f 2241/605/1020 2242/606/1021 2243/607/1020
f 2244/608/1020 2243/607/1020 2242/606/1021
f 2237/601/1021 2245/609/1020 2239/603/1020
f 2246/610/1020 2239/603/1020 2245/609/1020
f 2245/609/1020 2237/601/1021 2247/611/1020
f 2239/603/1020 2246/610/1020 2248/612/1020
f 2249/613/1020 2248/612/1020 2246/610/1020
f 2248/612/1020 2249/613/1020 2250/614/1020
f 2247/611/1020 2237/601/1021 2251/615/1021
f 2242/606/1021 2252/616/1020 2244/608/1020
f 2253/617/1020 2244/608/1020 2252/616/1020
f 2252/616/1020 2242/606/1021 2254/618/1020
f 2244/608/1020 2253/617/1020 2255/619/1020
f 2256/620/1020 2255/619/1020 2253/617/1020
f 2255/619/1020 2256/620/1020 2257/621/1020
f 2258/622/1020 2257/621/1020 2256/620/1020
f 2259/623/1020 2258/622/1020 2256/620/1020
f 2260/1/1020 2258/622/1020 2259/623/1020
f 2260/1/1020 2259/623/1020 2261/624/1020
f 2260/1/1020 2261/624/1020 2262/625/1020
f 2262/625/1020 2261/624/1020 2263/626/1020
f 2261/624/1020 2264/627/1020 2263/626/1020
f 2265/628/1021 2263/626/1020 2264/627/1020
f 2263/626/1020 2265/628/1021 2266/629/1020
f 2265/628/1021 2267/630/1020 2266/629/1020
f 2265/628/1021 2268/631/1021 2267/630/1020
f 2267/630/1020 2268/631/1021 2269/632/1020
f 2254/618/1020 2268/631/1021 2265/628/1021
f 2254/618/1020 2242/606/1021 2268/631/1021
f 2270/633/1020 2269/632/1020 2268/631/1021
f 2271/634/1020 2270/633/1020 2268/631/1021
f 2270/633/1020 2272/1/1020 2273/635/1020
f 2270/633/1020 2271/634/1020 2274/1/1020
f 2275/636/1020 2274/1/1020 2271/634/1020
f 2275/636/1020 2276/1/1020 2274/1/1020
f 2277/1/1020 2276/1/1020 2278/637/1020
f 2279/497/1020 2277/1/1020 2278/637/1020
f 2279/497/1020 2280/496/1020 2281/1/1020
f 2280/496/1020 2279/497/1020 2251/615/1021
f 2279/497/1020 2282/638/1020 2251/615/1021
f 2283/639/1020 2251/615/1021 2282/638/1020
f 2284/640/1021 2251/615/1021 2283/639/1020
f 2251/615/1021 2284/640/1021 2247/611/1020
f 2284/640/1021 2283/639/1020 2285/641/1020
f 2286/642/1020 2284/640/1021 2285/641/1020
f 2284/640/1021 2286/642/1020 2287/643/1020
f 2288/644/1020 2289/1/1020 2290/605/1020
f 2291/1/1020 2289/1/1020 2288/644/1020
f 2291/1/1020 2288/644/1020 2292/645/1020
f 2291/1/1020 2292/645/1020 2293/622/1020
f 2293/622/1020 2294/1/1020 2291/1/1020
f 2295/600/1020 2296/604/1020 2289/1/1020
f 1988/487/1020 2295/600/1020 2289/1/1020
f 2297/646/1020 2294/1/1020 2298/625/1020
f 2294/1/1020 2297/646/1020 2299/1/1020
f 2300/635/1020 2299/1/1020 2297/646/1020
f 2299/1/1020 2300/635/1020 2301/1/1020
f 2301/1/1020 2302/633/1020 2303/1/1020
f 2304/1/1020 2305/1/1020 2303/1/1020
f 2305/1/1020 2304/1/1020 2306/1/1020
f 2307/636/1020 2308/637/1020 2304/1/1020
f 2309/647/1021 2308/637/1020 2307/636/1020
f 2308/637/1020 2309/647/1021 2310/648/1020
f 2311/649/1020 2310/648/1020 2309/647/1021
f 2309/647/1021 2312/650/1021 2311/649/1020
f 2311/649/1020 2312/650/1021 2313/642/1020
f 2314/643/1020 2313/642/1020 2312/650/1021
f 2312/650/1021 2309/647/1021 2315/599/1021
f 2315/599/1021 2316/651/1020 2312/650/1021
f 2316/651/1020 2315/599/1021 2317/652/1020
f 2318/613/1020 2316/651/1020 2317/652/1020
f 2317/652/1020 2319/614/1020 2318/613/1020
f 2320/653/1020 2317/652/1020 2315/599/1021
f 2315/599/1021 1988/487/1020 2320/653/1020
f 2321/1/1017 2322/1/1017 2323/273/1017
f 2324/267/1017 2325/1/1017 2326/1/1017
f 2326/1/1017 2327/1/1017 2324/267/1017
f 2328/494/1020 2329/495/1020 2330/491/1020
f 2331/1/1020 2332/1/1020 2328/494/1020
f 1963/471/1020 2331/1/1020 2328/494/1020
f 2333/1/1020 2334/1/1020 2335/1/1020
f 2334/1/1020 2333/1/1020 2336/1/1020
f 2336/1/1020 2337/471/1020 2334/1/1020
f 2338/440/1020 2339/457/1020 2340/1/1020
f 2338/440/1020 2341/443/1020 2339/457/1020
f 2342/1/1020 2338/440/1020 2340/1/1020
f 2343/1/1020 2338/440/1020 2342/1/1020
f 2340/1/1020 2344/456/1020 2345/1/1020
f 2346/568/1017 2347/1/1017 2348/1/1017
f 2349/560/1017 2350/1/1017 2347/1/1017
f 2351/438/1020 2352/1/1020 2353/69/1020
f 2352/1/1020 2351/438/1020 2354/228/1020
f 2355/1/1022 2356/1/1023 2357/1/1024
f 2356/1/1023 2355/1/1022 2358/1/1025
f 2359/1/1026 2360/1/1027 2361/1/1028
f 2360/1/1027 2359/1/1026 2362/1/1026
f 2363/249/1029 2364/654/1029 2365/655/1030
f 2364/654/1029 2363/249/1029 2366/252/1031
f 2367/249/1032 2368/654/1033 2369/252/1034
f 2368/654/1033 2367/249/1032 2370/655/1032
f 2371/1/1035 2372/1/1036 2373/1/1035
f 2371/1/1035 2373/1/1035 2374/1/1035
f 2373/1/1035 2372/1/1036 2375/1/1035
f 2375/1/1035 2372/1/1036 2376/1/1035
f 2372/1/1036 2371/1/1035 2377/1/1035
f 2377/1/1035 2371/1/1035 2378/1/1035
f 2379/1/1037 2380/1/1038 2381/1/1039
f 2380/1/1038 2379/1/1037 2382/1/1037
f 2379/1/1037 2381/1/1039 2383/1/1038
f 2384/1/1038 2383/1/1038 2381/1/1039
f 2385/1/1038 2383/1/1038 2384/1/1038
f 2383/1/1038 2385/1/1038 2386/1/1037
f 2387/1/1040 2388/1/1041 2389/1/1042
f 2389/1/1042 2388/1/1041 2390/1/1040
f 2391/1/1043 2392/1/1044 2393/1/1045
f 2392/1/1044 2391/1/1043 2394/1/1045
f 2395/656/1046 2396/147/1047 2397/148/1048
f 2396/147/1047 2395/656/1046 2398/657/1047
f 2399/658/1049 2400/148/1050 2401/147/1050
f 2400/148/1050 2399/658/1049 2402/656/1051
f 2403/657/1050 2402/656/1051 2399/658/1049
f 2404/68/1020 2405/66/1020 2406/68/1020
f 2405/66/1020 2404/68/1020 2407/659/1020
f 2408/68/1017 2409/66/1017 2410/659/1017
f 2409/66/1017 2408/68/1017 2411/68/1017
f 2412/1/1052 2413/1/1053 2414/1/1054
f 2413/1/1053 2412/1/1052 2415/1/1055
f 2415/1/1055 2416/1/1056 2413/1/1053
f 2416/1/1056 2415/1/1055 2417/1/1057
f 2414/1/1054 2418/1/1058 2412/1/1052
f 2414/1/1054 2419/1/1059 2418/1/1058
f 2420/1/1060 2418/1/1058 2419/1/1059
f 2421/1/1055 2418/1/1058 2420/1/1060
f 2420/1/1060 2422/1/1059 2421/1/1055
f 2421/1/1055 2422/1/1059 2423/1/1057
f 2424/77/1017 2425/660/1017 2426/78/1017
f 2425/660/1017 2424/77/1017 2427/661/1017
f 2427/661/1017 2424/77/1017 2428/203/1017
f 2429/662/1017 2426/78/1017 2425/660/1017
f 2426/78/1017 2429/662/1017 2430/169/1017
f 2426/78/1017 2430/169/1017 2431/83/1017
f 2432/75/1020 2433/663/1020 2434/73/1020
f 2433/663/1020 2432/75/1020 2435/172/1020
f 2435/172/1020 2432/75/1020 2436/81/1020
f 2437/664/1020 2434/73/1020 2433/663/1020
f 2434/73/1020 2437/664/1020 2438/665/1020
f 2434/73/1020 2438/665/1020 2439/199/1020
f 2440/1/1017 2441/1/1017 2442/1/1017
f 2441/1/1017 2440/1/1017 2443/1/1017
f 2441/1/1017 2444/1/1017 2442/1/1017
f 2444/1/1017 2441/1/1017 2445/1/1017
f 2444/1/1017 2445/1/1017 2446/1/1017
f 2444/1/1017 2446/1/1017 2447/1/1017
f 2448/1/1017 2449/1/1017 2450/1/1017
f 2449/1/1017 2448/1/1017 2451/1/1017
f 2450/1/1017 2449/1/1017 2452/1/1017
f 2452/1/1017 2453/1/1017 2450/1/1017
f 2454/1/1017 2453/1/1017 2452/1/1017
f 2453/1/1017 2454/1/1017 2455/1/1017
f 2456/1/1017 2457/1/1017 2458/1/1017
f 2459/1/1017 2457/1/1017 2456/1/1017
f 2459/1/1017 2460/1/1017 2457/1/1017
f 2460/1/1017 2459/1/1017 2461/1/1017
f 2461/1/1017 2462/1/1017 2460/1/1017
f 2462/1/1017 2461/1/1017 2463/1/1017
f 2464/1/1017 2465/1/1017 2466/1/1017
f 2465/1/1017 2464/1/1017 2467/1/1017
f 2465/1/1017 2468/1/1017 2466/1/1017
f 2468/1/1017 2465/1/1017 2469/1/1017
f 2468/1/1017 2469/1/1017 2470/1/1017
f 2468/1/1017 2470/1/1017 2471/1/1017
f 2472/1/1017 2473/1/1017 2474/1/1017
f 2475/1/1017 2473/1/1017 2472/1/1017
f 2475/1/1017 2476/1/1017 2473/1/1017
f 2476/1/1017 2475/1/1017 2477/1/1017
f 2476/1/1017 2477/1/1017 2478/1/1017
f 2476/1/1017 2478/1/1017 2479/1/1017
f 2480/1/1020 2481/1/1020 2482/1/1020
f 2482/1/1020 2481/1/1020 2483/1/1020
f 2483/1/1020 2481/1/1020 2484/1/1020
f 2480/1/1020 2485/1/1020 2481/1/1020
f 2485/1/1020 2480/1/1020 2486/1/1020
f 2486/1/1020 2480/1/1020 2487/1/1020
f 2488/1/1020 2489/1/1020 2490/1/1020
f 2491/1/1020 2489/1/1020 2488/1/1020
f 2491/1/1020 2492/1/1020 2489/1/1020
f 2492/1/1020 2491/1/1020 2493/1/1020
f 2492/1/1020 2493/1/1020 2494/1/1020
f 2494/1/1020 2493/1/1020 2495/1/1020
f 2496/1/1020 2497/1/1020 2498/1/1020
f 2497/1/1020 2496/1/1020 2499/1/1020
f 2499/1/1020 2496/1/1020 2500/1/1020
f 2499/1/1020 2500/1/1020 2501/1/1020
f 2502/1/1020 2501/1/1020 2500/1/1020
f 2501/1/1020 2502/1/1020 2503/1/1020
f 2504/1/1020 2505/1/1020 2506/1/1020
f 2506/1/1020 2505/1/1020 2507/1/1020
f 2508/1/1020 2505/1/1020 2504/1/1020
f 2508/1/1020 2509/1/1020 2505/1/1020
f 2509/1/1020 2508/1/1020 2510/1/1020
f 2510/1/1020 2508/1/1020 2511/1/1020
f 2512/1/1020 2513/1/1020 2514/1/1020
f 2513/1/1020 2512/1/1020 2515/1/1020
f 2515/1/1020 2512/1/1020 2516/1/1020
f 2515/1/1020 2516/1/1020 2517/1/1020
f 2517/1/1020 2516/1/1020 2518/1/1020
f 2518/1/1020 2516/1/1020 2519/1/1020
f 2520/666/1017 2521/174/1017 2522/85/1017
f 2521/174/1017 2523/65/1017 2522/85/1017
f 2523/65/1017 2521/174/1017 2524/64/1017
f 2525/185/1017 2520/666/1017 2522/85/1017
f 2526/667/1017 2520/666/1017 2525/185/1017
f 2520/666/1017 2526/667/1017 2527/668/1017
f 2528/669/1017 2529/157/1017 2530/190/1017
f 2529/157/1017 2531/140/1017 2530/190/1017
f 2531/140/1017 2529/157/1017 2532/139/1061
f 2533/670/1017 2528/669/1017 2530/190/1017
f 2534/671/1017 2528/669/1017 2533/670/1017
f 2528/669/1017 2534/671/1017 2535/672/1017
f 2536/673/1017 2537/251/1017 2538/674/1017
f 2537/251/1017 2536/673/1017 2539/675/1017
f 2539/675/1017 2536/673/1017 2540/676/1017
f 2538/674/1017 2537/251/1017 2541/252/1017
f 2538/674/1017 2541/252/1017 2542/654/1017
f 2542/654/1017 2543/677/1017 2538/674/1017
f 2544/678/1020 2545/679/1020 2546/248/1020
f 2545/679/1020 2544/678/1020 2547/680/1020
f 2548/207/1020 2544/678/1020 2546/248/1020
f 2544/678/1020 2548/207/1020 2549/681/1020
f 2550/209/1020 2549/681/1020 2548/207/1020
f 2549/681/1020 2550/209/1020 2551/237/1020
f 2552/190/1020 2553/669/1020 2554/670/1020
f 2553/669/1020 2555/671/1020 2554/670/1020
f 2555/671/1020 2553/669/1020 2556/672/1020
f 2553/669/1020 2552/190/1020 2557/157/1020
f 2558/140/1020 2557/157/1020 2552/190/1020
f 2557/157/1020 2558/140/1020 2559/139/1020
f 2560/682/1020 2561/683/1020 2562/684/1020
f 2561/683/1020 2560/682/1020 2563/685/1020
f 2564/255/1020 2560/682/1020 2562/684/1020
f 2560/682/1020 2564/255/1020 2565/686/1020
f 2566/241/1020 2565/686/1020 2564/255/1020
f 2565/686/1020 2566/241/1020 2567/239/1020
f 2568/687/1017 2569/205/1017 2570/153/1017
f 2569/205/1017 2571/136/1017 2570/153/1017
f 2571/136/1017 2569/205/1017 2572/135/1017
f 2573/688/1017 2568/687/1017 2570/153/1017
f 2574/689/1017 2568/687/1017 2573/688/1017
f 2568/687/1017 2574/689/1017 2575/690/1017
f 2576/691/1017 2577/110/1017 2578/224/1017
f 2578/224/1017 2577/110/1017 2579/101/1017
f 2579/101/1017 2580/103/1017 2578/224/1017
f 2577/110/1017 2576/691/1017 2581/213/1017
f 2582/692/1017 2581/213/1017 2576/691/1017
f 2581/213/1017 2582/692/1017 2583/693/1017
f 2584/694/1020 2585/695/1020 2586/218/1020
f 2585/695/1020 2584/694/1020 2587/696/1020
f 2588/145/1020 2584/694/1020 2586/218/1020
f 2584/694/1020 2588/145/1020 2589/259/1020
f 2590/144/1020 2589/259/1020 2588/145/1020
f 2589/259/1020 2590/144/1020 2591/143/1020
f 2592/694/1017 2593/259/1017 2594/145/1017
f 2593/259/1017 2595/144/1017 2594/145/1017
f 2595/144/1017 2593/259/1017 2596/143/1017
f 2597/218/1017 2592/694/1017 2594/145/1017
f 2598/695/1017 2592/694/1017 2597/218/1017
f 2592/694/1017 2598/695/1017 2599/696/1017
f 2600/103/1062 2601/101/1020 2602/224/1020
f 2603/110/1020 2602/224/1020 2601/101/1020
f 2602/224/1020 2603/110/1020 2604/691/1020
f 2605/213/1020 2604/691/1020 2603/110/1020
f 2605/213/1020 2606/692/1020 2604/691/1020
f 2606/692/1020 2605/213/1020 2607/693/1020
f 2608/666/1020 2609/667/1020 2610/185/1020
f 2609/667/1020 2608/666/1020 2611/668/1020
f 2608/666/1020 2610/185/1020 2612/85/1020
f 2608/666/1020 2612/85/1020 2613/174/1020
f 2614/65/1020 2613/174/1020 2612/85/1020
f 2613/174/1020 2614/65/1020 2615/64/1020
f 2616/194/1020 2617/192/1020 2618/263/1020
f 2619/211/1020 2618/263/1020 2617/192/1020
f 2620/697/1020 2618/263/1020 2619/211/1020
f 2621/698/1020 2622/699/1020 2623/700/1020
f 2621/698/1020 2624/697/1020 2622/699/1020
f 2625/263/1020 2624/697/1020 2621/698/1020
f 2626/701/1017 2627/148/1017 2628/166/1017
f 2628/166/1017 2627/148/1017 2629/95/1017
f 2629/95/1017 2630/96/1017 2628/166/1017
f 2627/148/1017 2626/701/1017 2631/656/1017
f 2632/702/1017 2631/656/1017 2626/701/1017
f 2631/656/1017 2632/702/1017 2633/703/1017
f 2634/698/1017 2635/697/1017 2636/263/1017
f 2635/697/1017 2634/698/1017 2637/699/1017
f 2637/699/1017 2634/698/1017 2638/700/1017
f 2639/263/1017 2640/697/1017 2641/211/1017
f 2639/263/1017 2641/211/1017 2642/192/1017
f 2642/192/1017 2643/194/1017 2639/263/1017
f 2644/704/1017 2645/705/1017 2646/706/1017
f 2645/705/1017 2644/704/1017 2647/707/1017
f 2647/707/1017 2644/704/1017 2648/708/1017
f 2646/706/1017 2645/705/1017 2649/709/1017
f 2646/706/1017 2649/709/1017 2650/710/1017
f 2650/710/1017 2651/711/1017 2646/706/1017
f 2652/712/1017 2653/713/1017 2654/714/1017
f 2653/713/1017 2652/712/1017 2655/715/1017
f 2655/715/1017 2652/712/1017 2656/716/1017
f 2654/714/1017 2653/713/1017 2657/717/1017
f 2654/714/1017 2657/717/1017 2658/718/1017
f 2658/718/1017 2659/719/1017 2654/714/1017
f 2660/720/1017 2661/236/1017 2662/721/1017
f 2661/236/1017 2660/720/1017 2663/722/1017
f 2663/722/1017 2660/720/1017 2664/723/1017
f 2665/721/1017 2666/236/1017 2667/164/1017
f 2665/721/1017 2667/164/1017 2668/163/1017
f 2668/163/1017 2669/197/1017 2665/721/1017
f 2670/724/1017 2671/725/1017 2672/215/1017
f 2671/725/1017 2670/724/1017 2673/726/1017
f 2673/726/1017 2670/724/1017 2674/727/1017
f 2675/215/1017 2676/725/1017 2677/262/1017
f 2675/215/1017 2677/262/1017 2678/188/1017
f 2678/188/1017 2679/189/1017 2675/215/1017
f 2680/728/1017 2681/149/1017 2682/91/1017
f 2681/149/1017 2683/60/1017 2682/91/1017
f 2683/60/1017 2681/149/1017 2684/58/1017
f 2685/254/1017 2680/728/1017 2682/91/1017
f 2686/729/1017 2680/728/1017 2685/254/1017
f 2680/728/1017 2686/729/1017 2687/730/1017
f 2688/731/1017 2689/120/1017 2690/111/1017
f 2689/120/1017 2691/57/1017 2690/111/1017
f 2691/57/1017 2689/120/1017 2692/56/1017
f 2693/732/1017 2688/731/1017 2690/111/1017
f 2694/733/1017 2688/731/1017 2693/732/1017
f 2688/731/1017 2694/733/1017 2695/734/1017
f 2696/735/1020 2697/736/1020 2698/737/1020
f 2697/736/1020 2696/735/1020 2699/738/1020
f 2700/739/1020 2696/735/1020 2698/737/1020
f 2696/735/1020 2700/739/1020 2701/258/1020
f 2702/245/1020 2701/258/1020 2700/739/1020
f 2701/258/1020 2702/245/1020 2703/243/1020
f 2704/678/1017 2705/681/1017 2706/207/1017
f 2705/681/1017 2707/209/1017 2706/207/1017
f 2707/209/1017 2705/681/1017 2708/237/1017
f 2709/248/1017 2704/678/1017 2706/207/1017
f 2710/679/1017 2704/678/1017 2709/248/1017
f 2704/678/1017 2710/679/1017 2711/680/1017
f 2712/735/1017 2713/258/1017 2714/739/1017
f 2713/258/1017 2715/245/1017 2714/739/1017
f 2715/245/1017 2713/258/1017 2716/243/1017
f 2717/737/1017 2712/735/1017 2714/739/1017
f 2718/736/1017 2712/735/1017 2717/737/1017
f 2712/735/1017 2718/736/1017 2719/738/1017
f 2720/677/1020 2721/654/1020 2722/674/1020
f 2723/252/1020 2722/674/1020 2721/654/1020
f 2724/251/1020 2722/674/1020 2723/252/1020
f 2722/674/1020 2724/251/1020 2725/673/1020
f 2725/673/1020 2724/251/1020 2726/675/1020
f 2725/673/1020 2726/675/1020 2727/676/1020
f 2728/711/1020 2729/710/1020 2730/706/1020
f 2731/709/1020 2730/706/1020 2729/710/1020
f 2732/705/1020 2730/706/1020 2731/709/1020
f 2730/706/1020 2732/705/1020 2733/704/1020
f 2733/704/1020 2732/705/1020 2734/707/1020
f 2733/704/1020 2734/707/1020 2735/708/1020
f 2736/197/1020 2737/163/1020 2738/721/1020
f 2739/164/1020 2738/721/1020 2737/163/1020
f 2740/236/1020 2738/721/1020 2739/164/1020
f 2741/720/1020 2742/722/1020 2743/723/1020
f 2741/720/1020 2744/236/1020 2742/722/1020
f 2745/721/1020 2744/236/1020 2741/720/1020
f 2746/740/1017 2747/156/1017 2748/151/1017
f 2748/151/1017 2747/156/1017 2749/99/1017
f 2749/99/1017 2750/100/1017 2748/151/1017
f 2747/156/1017 2746/740/1017 2751/741/1017
f 2752/742/1017 2751/741/1017 2746/740/1017
f 2751/741/1017 2752/742/1017 2753/743/1017
f 2754/682/1017 2755/686/1017 2756/255/1017
f 2755/686/1017 2757/241/1017 2756/255/1017
f 2757/241/1017 2755/686/1017 2758/239/1017
f 2759/684/1017 2754/682/1017 2756/255/1017
f 2760/683/1017 2754/682/1017 2759/684/1017
f 2754/682/1017 2760/683/1017 2761/685/1017
f 2762/719/1020 2763/718/1020 2764/714/1020
f 2765/717/1020 2764/714/1020 2763/718/1020
f 2766/713/1020 2764/714/1020 2765/717/1020
f 2764/714/1020 2766/713/1020 2767/712/1020
f 2767/712/1020 2766/713/1020 2768/715/1020
f 2767/712/1020 2768/715/1020 2769/716/1020
f 2770/728/1020 2771/729/1020 2772/254/1020
f 2771/729/1020 2770/728/1020 2773/730/1020
f 2770/728/1020 2772/254/1020 2774/91/1020
f 2770/728/1020 2774/91/1020 2775/149/1020
f 2776/60/1020 2775/149/1020 2774/91/1020
f 2775/149/1020 2776/60/1020 2777/58/1020
f 2778/100/1020 2779/99/1020 2780/151/1020
f 2781/156/1020 2780/151/1020 2779/99/1020
f 2780/151/1020 2781/156/1020 2782/740/1020
f 2783/741/1020 2782/740/1020 2781/156/1020
f 2783/741/1020 2784/742/1020 2782/740/1020
f 2784/742/1020 2783/741/1020 2785/743/1020
f 2786/687/1020 2787/689/1020 2788/688/1020
f 2787/689/1020 2786/687/1020 2789/690/1020
f 2790/153/1020 2786/687/1020 2788/688/1020
f 2786/687/1020 2790/153/1020 2791/205/1020
f 2792/136/1020 2791/205/1020 2790/153/1020
f 2791/205/1020 2792/136/1020 2793/135/1020
f 2794/731/1020 2795/733/1020 2796/732/1020
f 2795/733/1020 2794/731/1020 2797/734/1020
f 2794/731/1020 2796/732/1020 2798/111/1020
f 2794/731/1020 2798/111/1020 2799/120/1020
f 2800/57/1020 2799/120/1020 2798/111/1020
f 2799/120/1020 2800/57/1020 2801/56/1020
f 2802/189/1020 2803/188/1020 2804/215/1020
f 2805/262/1020 2804/215/1020 2803/188/1020
f 2806/725/1020 2804/215/1020 2805/262/1020
f 2807/724/1020 2808/726/1020 2809/727/1020
f 2807/724/1020 2810/725/1020 2808/726/1020
f 2811/215/1020 2810/725/1020 2807/724/1020
f 2812/96/1020 2813/95/1020 2814/166/1020
f 2815/148/1020 2814/166/1020 2813/95/1020
f 2814/166/1020 2815/148/1020 2816/701/1020
f 2817/656/1020 2816/701/1020 2815/148/1020
f 2817/656/1020 2818/702/1020 2816/701/1020
f 2818/702/1020 2817/656/1020 2819/703/1020
f 2820/153/1063 2821/744/1064 2822/688/1065
f 2821/744/1064 2820/153/1063 2823/154/1063
f 2824/744/1066 2825/154/1067 2826/153/1067
f 2826/153/1067 2827/688/1068 2824/744/1066
f 2828/1/1017 2829/1/1017 2830/1/1017
f 2828/1/1017 2830/1/1017 2831/1/1017
f 2832/1/1020 2833/1/1020 2834/1/1020
f 2833/1/1020 2832/1/1020 2835/1/1020
f 2836/1/1020 2837/1/1020 2838/1/1020
f 2836/1/1020 2838/1/1020 2839/1/1020
f 2840/1/1020 2841/1/1020 2842/1/1020
f 2842/1/1020 2843/1/1020 2840/1/1020
f 2844/1/1020 2845/1/1020 2846/1/1020
f 2847/1/1017 2848/1/1017 2849/1/1017
f 2850/1/1020 2851/1/1020 2852/1/1020
f 2850/1/1020 2852/1/1020 2853/1/1020
f 2854/1/1017 2855/1/1017 2856/1/1017
f 2854/1/1017 2856/1/1017 2857/1/1017
f 2858/1/1020 2859/1/1020 2860/1/1020
f 2858/1/1020 2860/1/1020 2861/1/1020
f 2862/1/1020 2863/1/1020 2864/1/1020
f 2863/1/1020 2862/1/1020 2865/1/1020
f 2866/1/1017 2867/1/1017 2868/1/1017
f 2867/1/1017 2866/1/1017 2869/1/1017
f 2870/1/1017 2871/1/1017 2872/1/1017
f 2871/1/1017 2870/1/1017 2873/1/1017
f 2874/1/1020 2875/1/1020 2876/1/1020
f 2875/1/1020 2874/1/1020 2877/1/1020
f 2878/1/1020 2879/1/1020 2880/1/1020
f 2879/1/1020 2878/1/1020 2881/1/1020
f 2882/1/1017 2883/1/1017 2884/1/1017
f 2883/1/1017 2882/1/1017 2885/1/1017
f 2886/1/1017 2887/1/1017 2888/1/1017
f 2887/1/1017 2886/1/1017 2889/1/1017
f 2890/1/1017 2891/1/1017 2892/1/1017
f 2892/1/1017 2893/1/1017 2890/1/1017
f 2894/1/1017 2895/1/1017 2896/1/1017
f 2895/1/1017 2894/1/1017 2897/1/1017
f 2898/1/1017 2899/1/1017 2900/1/1017
f 2898/1/1017 2900/1/1017 2901/1/1017
f 2902/1/1020 2903/1/1020 2904/1/1020
f 2904/1/1020 2905/1/1020 2902/1/1020
f 2906/1/1069 2907/1/1070 2908/1/1069
f 2908/1/1069 2907/1/1070 2909/1/1071
f 2910/1/1072 2911/1/1073 2912/1/1074
f 2912/1/1074 2913/1/1075 2910/1/1072
f 2914/233/1076 2915/233/1077 2916/232/1076
f 2915/233/1077 2917/232/1078 2916/232/1076
f 2918/183/1079 2919/181/1080 2920/181/1081
f 2919/181/1080 2918/183/1079 2921/183/1080
f 2922/244/668 2923/739/670 2924/245/668
f 2923/739/670 2922/244/668 2925/745/1082
f 2926/244/1083 2927/739/1084 2928/745/1085
f 2927/739/1084 2926/244/1083 2929/245/1086
f 2930/210/1087 2931/746/1087 2932/697/1087
f 2933/697/1087 2934/211/1087 2935/210/1087
f 2936/697/1088 2937/210/1088 2938/211/1088
f 2939/210/1088 2940/697/1088 2941/746/1088
f 2942/219/1020 2943/231/1020 2944/234/1020
f 2945/219/1020 2943/231/1020 2942/219/1020
f 2946/230/1020 2945/219/1020 2947/43/1020
f 2947/43/1020 2948/160/1020 2946/230/1020
f 2947/43/1020 2949/36/1020 2948/160/1020
f 2950/231/1020 2951/219/1020 2952/230/1020
f 2953/43/1020 2951/219/1020 2954/222/1020
f 2953/43/1020 2954/222/1020 2955/90/1020
f 2956/50/1017 2957/46/1018 2958/45/1017
f 2959/53/1017 2957/46/1018 2956/50/1017
f 2959/53/1017 2960/177/1017 2957/46/1018
f 2960/177/1017 2959/53/1017 2961/178/1017
f 2957/46/1018 2960/177/1017 2962/176/1017
f 2957/46/1018 2962/176/1017 2963/47/1017
f 2961/178/1017 2964/53/1017 2965/182/1017
f 2966/53/1017 2967/178/1017 2968/53/1017
f 2969/239/1089 2970/747/1089 2971/686/1090
f 2970/747/1089 2969/239/1089 2972/242/1089
f 2973/686/1091 2974/747/896 2975/239/896
f 2976/242/896 2975/239/896 2974/747/896
f 2977/255/792 2978/748/1092 2979/684/1093
f 2978/748/1092 2977/255/792 2980/256/1094
f 2981/748/1095 2982/256/1096 2983/255/797
f 2983/255/797 2984/684/1097 2981/748/1095
f 2985/1/1098 2986/1/1099 2987/1/1100
f 2986/1/1099 2985/1/1098 2988/1/1101
f 2989/1/1102 2990/1/1102 2991/1/1102
f 2990/1/1102 2989/1/1102 2992/1/1103
f 2993/1/1104 2994/1/1105 2995/1/1106
f 2994/1/1105 2993/1/1104 2996/1/1105
f 2995/1/1106 2997/1/1107 2993/1/1104
f 2998/1/1108 2994/1/1105 2996/1/1105
f 2997/1/1107 2995/1/1106 2999/1/1109
f 2999/1/1109 3000/1/1107 2997/1/1107
f 3000/1/1107 2999/1/1109 3001/1/1105
f 3002/1/1110 2994/1/1105 2998/1/1108
f 2998/1/1108 3003/1/1107 3002/1/1110
f 3003/1/1107 3004/1/1105 3002/1/1110
f 3005/705/802 3006/749/804 3007/709/1111
f 3006/749/804 3005/705/802 3008/750/804
f 3009/749/801 3010/750/801 3011/705/800
f 3011/705/800 3012/709/1112 3009/749/801
f 3013/751/1113 3014/251/1114 3015/675/1115
f 3014/251/1114 3013/751/1113 3016/250/1116
f 3017/751/1117 3018/251/1118 3019/250/1119
f 3018/251/1118 3017/751/1117 3020/675/1118
f 3021/1/1120 3022/1/1121 3023/1/1122
f 3022/1/1121 3021/1/1120 3024/1/1123
f 3025/1/1124 3026/1/1125 3027/1/1125
f 3026/1/1125 3025/1/1124 3028/1/1126
f 3029/1/1020 3030/1/1020 3031/1/1020
f 3032/1/1020 3031/1/1020 3030/1/1020
f 3029/1/1020 3031/1/1020 3033/1/1020
f 3033/1/1020 3034/1/1020 3029/1/1020
f 3034/1/1020 3033/1/1020 3035/1/1020
f 3034/1/1020 3035/1/1020 3036/1/1020
f 3037/1/1017 3038/1/1017 3039/1/1017
f 3037/1/1017 3040/1/1017 3038/1/1017
f 3040/1/1017 3041/1/1017 3038/1/1017
f 3041/1/1017 3040/1/1017 3042/1/1017
f 3042/1/1017 3043/1/1017 3041/1/1017
f 3042/1/1017 3044/1/1017 3043/1/1017
f 3045/1/1127 3046/1/1128 3047/1/1129
f 3046/1/1128 3045/1/1127 3048/1/1127
f 3046/1/1128 3049/1/1130 3047/1/1129
f 3047/1/1129 3049/1/1130 3050/1/1131
f 3051/1/1132 3050/1/1131 3049/1/1130
f 3051/1/1132 3049/1/1130 3052/1/1127
f 3053/1/1133 3054/1/1133 3055/1/1134
f 3054/1/1133 3053/1/1133 3056/1/1135
f 3057/1/1136 3058/1/1136 3059/1/1137
f 3058/1/1136 3057/1/1136 3060/1/1138
f 3061/752/1139 3062/714/1139 3063/712/1140
f 3062/714/1139 3061/752/1139 3064/753/1141
f 3065/752/1142 3066/714/1142 3067/753/1143
f 3066/714/1142 3065/752/1142 3068/712/1142
f 3069/749/1144 3070/710/1031 3071/754/1145
f 3070/710/1031 3069/749/1144 3072/709/1029
f 3073/749/1146 3074/710/1147 3075/709/1032
f 3074/710/1147 3073/749/1146 3076/754/1148
f 3077/257/1149 3078/735/1150 3079/258/1151
f 3078/735/1150 3077/257/1149 3080/755/1149
f 3081/257/1152 3082/735/1153 3083/755/1152
f 3082/735/1153 3081/257/1152 3084/258/1154
f 3085/196/985 3086/721/1155 3087/197/1155
f 3086/721/1155 3085/196/985 3088/756/1156
f 3089/721/1157 3090/196/1158 3091/197/1159
f 3090/196/1158 3089/721/1157 3092/756/1158
f 3093/111/1160 3094/757/1161 3095/732/1162
f 3094/757/1161 3093/111/1160 3096/112/1163
f 3097/758/1164 3098/714/1165 3099/719/1166
f 3098/714/1165 3097/758/1164 3100/753/1167
f 3101/757/1168 3102/112/1169 3103/111/1170
f 3103/111/1170 3104/732/1171 3101/757/1168
f 3105/714/1172 3106/758/1173 3107/719/1172
f 3106/758/1173 3105/714/1172 3108/753/1174
f 3109/1/1175 3110/1/1176 3111/1/1177
f 3110/1/1176 3109/1/1175 3112/1/1177
f 3113/1/1178 3114/1/1179 3115/1/1180
f 3113/1/1178 3115/1/1180 3116/1/1181
f 3117/219/718 3118/220/1182 3119/219/717
f 3118/220/1182 3117/219/718 3120/220/1183
f 3121/53/1184 3122/53/1185 3123/759/1186
f 3123/759/1186 3124/759/1187 3121/53/1184
f 3123/759/1186 3122/53/1185 3125/52/1188
f 3125/52/1188 3126/370/1189 3123/759/1186
f 3126/370/1189 3125/52/1188 3127/370/1190
f 3128/760/1191 3129/215/1191 3130/724/1191
f 3131/215/1191 3132/760/1191 3133/216/1191
f 3134/760/1192 3135/215/1192 3136/216/1192
f 3137/215/1193 3138/760/1193 3139/724/1193
f 3140/761/1194 3141/655/1195 3142/654/1195
f 3142/654/1195 3143/677/1196 3140/761/1194
f 3144/762/1197 3145/754/1194 3146/710/1197
f 3146/710/1197 3147/711/1197 3144/762/1197
f 3148/710/1198 3149/762/1198 3150/711/1198
f 3149/762/1198 3148/710/1198 3151/754/1199
f 3152/654/1200 3153/761/1199 3154/677/1201
f 3153/761/1199 3152/654/1200 3155/655/1200
f 3156/758/1202 3157/763/1203 3158/718/1203
f 3158/718/1203 3159/719/1196 3156/758/1202
f 3160/718/1204 3161/758/1205 3162/719/1201
f 3161/758/1205 3160/718/1204 3163/763/1204
f 3164/158/1206 3165/669/1207 3166/157/1208
f 3165/669/1207 3164/158/1206 3167/764/1207
f 3168/158/1209 3169/669/1210 3170/764/1210
f 3169/669/1210 3168/158/1209 3171/157/1211
f 3172/1/1212 3173/1/1213 3174/1/1214
f 3172/1/1212 3175/1/1215 3173/1/1213
f 3176/1/1216 3177/1/1217 3178/1/1218
f 3177/1/1217 3176/1/1216 3179/1/1219
f 3180/765/1220 3181/151/1221 3182/152/1220
f 3181/151/1221 3180/765/1220 3183/740/1222
f 3184/765/1223 3185/151/1224 3186/740/1223
f 3185/151/1224 3184/765/1223 3187/152/1225
f 3188/1/739 3189/1/1226 3190/1/1227
f 3191/1/1228 3190/1/1227 3189/1/1226
f 3192/1/1229 3193/1/1229 3194/1/1229
f 3193/1/1229 3192/1/1229 3195/1/1229
f 3196/1/1230 3197/1/1230 3198/1/1230
f 3197/1/1230 3196/1/1230 3199/1/1231
f 3200/155/1232 3201/766/1233 3202/741/1234
f 3202/741/1234 3203/156/1235 3200/155/1232
f 3204/741/1236 3205/155/1237 3206/156/1238
f 3205/155/1237 3204/741/1236 3207/766/1239
f 3208/24/1240 3209/24/1241 3210/20/1242
f 3210/20/1242 3209/24/1241 3211/20/1241
f 3212/13/1243 3213/17/1244 3214/17/1245
f 3213/17/1244 3212/13/1243 3215/13/1244
f 3216/767/1117 3217/705/1246 3218/750/1247
f 3217/705/1246 3216/767/1117 3219/707/1247
f 3220/767/1248 3221/705/1249 3222/707/1250
f 3221/705/1249 3220/767/1248 3223/750/1251
f 3224/1/1252 3225/1/1253 3226/1/1254
f 3225/1/1253 3224/1/1252 3227/1/1255
f 3228/1/1256 3229/1/1257 3230/1/1258
f 3229/1/1257 3228/1/1256 3231/1/1259
f 3232/681/1260 3233/768/896 3234/237/1261
f 3235/238/1262 3234/237/1261 3233/768/896
f 3236/237/1263 3237/768/1089 3238/681/1264
f 3237/768/1089 3236/237/1263 3239/238/1265
f 3240/1/1266 3241/1/1267 3242/1/1268
f 3242/1/1268 3241/1/1267 3243/1/1269
f 3244/1/1270 3245/1/1271 3246/1/1272
f 3246/1/1272 3247/1/1273 3244/1/1270
f 3248/1/1274 3249/1/1275 3250/1/1276
f 3251/1/1277 3250/1/1276 3249/1/1275
f 3250/1/1276 3251/1/1277 3252/1/1278
f 3249/1/1275 3248/1/1274 3253/1/1279
f 3254/1/1280 3253/1/1279 3248/1/1274
f 3254/1/1280 3248/1/1274 3255/1/1277
f 3255/1/1277 3256/1/1274 3254/1/1280
f 3255/1/1277 3257/1/1276 3256/1/1274
f 3257/1/1276 3258/1/1281 3256/1/1274
f 3258/1/1281 3257/1/1276 3259/1/1278
f 3260/769/1282 3261/191/716 3262/190/1067
f 3262/190/1067 3263/670/1283 3260/769/1282
f 3264/190/1063 3265/769/1284 3266/670/1285
f 3265/769/1284 3264/190/1063 3267/191/713
f 3268/716/1286 3269/752/1286 3270/712/1287
f 3269/752/1286 3268/716/1286 3271/770/1288
f 3272/712/1289 3273/752/1289 3274/716/1290
f 3275/770/1290 3274/716/1290 3273/752/1289
f 3276/771/1291 3277/718/1292 3278/763/1145
f 3277/718/1292 3276/771/1291 3279/717/1030
f 3280/771/1293 3281/718/1294 3282/717/1147
f 3281/718/1294 3280/771/1293 3283/763/1148
f 3284/1/1295 3285/1/1296 3286/1/1295
f 3285/1/1296 3284/1/1295 3287/1/1297
f 3288/1/1298 3289/1/1299 3290/1/1300
f 3289/1/1299 3288/1/1298 3291/1/1301
f 3292/247/1302 3293/679/1303 3294/248/1304
f 3293/679/1303 3292/247/1302 3295/772/1304
f 3296/762/1164 3297/706/1305 3298/711/1165
f 3297/706/1305 3296/762/1164 3299/773/1306
f 3300/706/1307 3301/762/1308 3302/711/1309
f 3301/762/1308 3300/706/1307 3303/773/1308
f 3304/679/1310 3305/247/1311 3306/248/1310
f 3305/247/1311 3304/679/1310 3307/772/1310
f 3308/725/1312 3309/261/772 3310/262/1313
f 3309/261/772 3308/725/1312 3311/774/1088
f 3312/261/1314 3313/774/1087 3314/725/1315
f 3314/725/1315 3315/262/1316 3312/261/1314
f 3316/1/1317 3317/1/1318 3318/1/1319
f 3317/1/1318 3316/1/1317 3319/1/1317
f 3320/1/1320 3321/1/1321 3322/1/1322
f 3320/1/1320 3322/1/1322 3323/1/1323
f 3324/1/1324 3325/1/1325 3326/1/1326
f 3326/1/1326 3325/1/1325 3327/1/1327
f 3328/1/1328 3329/1/1329 3330/1/1330
f 3330/1/1330 3331/1/1331 3328/1/1328
f 3332/17/1020 3333/17/1020 3334/19/1020
f 3334/19/1020 3333/17/1020 3335/19/1020
f 3336/26/1017 3337/24/1017 3338/24/1017
f 3337/24/1017 3336/26/1017 3339/26/1017
f 3340/119/1332 3341/731/1333 3342/120/1332
f 3341/731/1333 3340/119/1332 3343/775/1333
f 3344/119/1334 3345/731/1334 3346/776/1334
f 3346/776/1334 3345/731/1334 3347/775/1335
f 3345/731/1334 3344/119/1334 3348/120/1334
f 3349/1/1336 3350/1/1336 3351/1/1336
f 3352/1/1336 3351/1/1336 3350/1/1336
f 3353/777/1337 3354/745/797 3355/739/1338
f 3355/739/1338 3356/737/1339 3353/777/1337
f 3357/739/1340 3358/777/1341 3359/737/1342
f 3358/777/1341 3357/739/1340 3360/745/792
f 3361/778/1139 3362/706/1343 3363/704/1139
f 3362/706/1343 3361/778/1139 3364/773/1139
f 3365/778/1344 3366/706/1142 3367/773/1142
f 3366/706/1142 3365/778/1344 3368/704/1345
f 3369/771/1346 3370/779/1347 3371/713/1347
f 3371/713/1347 3372/717/1347 3369/771/1346
f 3373/713/1348 3374/771/1349 3375/717/1348
f 3374/771/1349 3373/713/1348 3376/779/1348
f 3377/1/1350 3378/1/1351 3379/1/1352
f 3379/1/1352 3378/1/1351 3380/1/1353
f 3381/1/1354 3382/1/1355 3383/1/1356
f 3383/1/1356 3384/1/1357 3381/1/1354
f 3385/1/1358 3386/1/1359 3387/1/1358
f 3387/1/1358 3388/1/1360 3385/1/1358
f 3387/1/1358 3386/1/1359 3389/1/1361
f 3387/1/1358 3390/1/1362 3388/1/1360
f 3390/1/1362 3391/1/1362 3388/1/1360
f 3391/1/1362 3390/1/1362 3392/1/1363
f 3393/1/1364 3389/1/1361 3386/1/1359
f 3394/1/1360 3389/1/1361 3393/1/1364
f 3393/1/1364 3395/1/1365 3394/1/1360
f 3395/1/1365 3396/1/1366 3394/1/1360
f 3397/676/1367 3398/751/1368 3399/675/1369
f 3398/751/1368 3397/676/1367 3400/780/1369
f 3401/708/1369 3402/767/1369 3403/707/1370
f 3402/767/1369 3401/708/1369 3404/781/1371
f 3405/751/1372 3406/780/1373 3407/676/1374
f 3407/676/1374 3408/675/1373 3405/751/1372
f 3409/767/1373 3410/781/1375 3411/708/1373
f 3411/708/1373 3412/707/1376 3409/767/1373
f 3413/782/1377 3414/770/1378 3415/716/1378
f 3415/716/1378 3416/715/1377 3413/782/1377
f 3417/747/1379 3418/682/1149 3419/686/1380
f 3418/682/1149 3417/747/1379 3420/783/1381
f 3421/747/1382 3422/682/1383 3423/783/1383
f 3422/682/1383 3421/747/1382 3424/686/1384
f 3425/716/1385 3426/782/1386 3427/715/1386
f 3426/782/1386 3425/716/1385 3428/770/1385
f 3429/784/1387 3430/263/1387 3431/698/1387
f 3432/263/1388 3433/784/1388 3434/264/1388
f 3435/784/1389 3436/263/1389 3437/264/1389
f 3438/263/1390 3439/784/1390 3440/698/1390
f 3441/1/1391 3442/1/1392 3443/1/1393
f 3443/1/1393 3442/1/1392 3444/1/1394
f 3445/1/1395 3446/1/1396 3447/1/1397
f 3447/1/1397 3448/1/1398 3445/1/1395
f 3449/1/1399 3450/1/1400 3451/1/1401
f 3450/1/1400 3449/1/1399 3452/1/1402
f 3453/1/1403 3454/1/1404 3455/1/1405
f 3455/1/1405 3454/1/1404 3456/1/1406
f 3457/1/1407 3458/1/1408 3459/1/1408
f 3459/1/1408 3458/1/1408 3460/1/1408
f 3461/1/1409 3462/1/1410 3463/1/1411
f 3463/1/1411 3464/1/1409 3461/1/1409
f 3465/20/1017 3466/14/1017 3467/14/1017
f 3466/14/1017 3465/20/1017 3468/20/1017
f 3469/13/1020 3470/10/1020 3471/10/1020
f 3469/13/1020 3471/10/1020 3472/13/1020
f 3473/1/1412 3474/1/1413 3475/1/1414
f 3475/1/1414 3474/1/1413 3476/1/1413
f 3477/1/1415 3478/1/1416 3479/1/1417
f 3479/1/1417 3480/1/1415 3477/1/1415
f 3481/782/1114 3482/713/1418 3483/715/1418
f 3482/713/1418 3481/782/1114 3484/779/1114
f 3485/782/1419 3486/713/1420 3487/779/1419
f 3486/713/1420 3485/782/1419 3488/715/1420
f 3489/785/1421 3490/236/1422 3491/235/1421
f 3490/236/1422 3489/785/1421 3492/722/1423
f 3493/785/1424 3494/236/1425 3495/722/1426
f 3494/236/1425 3493/785/1424 3496/235/1427
f 3497/1/1428 3498/1/1429 3499/1/1429
f 3498/1/1429 3497/1/1428 3500/1/1430
f 3501/1/1431 3502/1/1432 3503/1/1433
f 3502/1/1432 3501/1/1431 3504/1/1434
f 3505/204/1209 3506/687/1435 3507/786/1436
f 3506/687/1435 3505/204/1209 3508/205/1437
f 3509/204/1206 3510/687/1438 3511/205/1439
f 3510/687/1438 3509/204/1206 3512/786/1440
f 3513/1/1441 3514/1/1442 3515/1/1443
f 3514/1/1442 3513/1/1441 3516/1/1444
f 3517/1/1445 3518/1/1446 3519/1/1447
f 3518/1/1446 3517/1/1445 3520/1/1448
f 3521/787/1449 3522/166/1450 3523/701/1451
f 3522/166/1450 3521/787/1449 3524/167/1451
f 3525/787/1452 3526/166/1452 3527/167/1453
f 3526/166/1452 3525/787/1452 3528/701/1453
f 3529/704/1290 3530/778/1290 3531/708/1290
f 3532/781/1289 3531/708/1290 3530/778/1290
f 3533/708/1288 3534/778/1286 3535/704/1287
f 3534/778/1286 3533/708/1288 3536/781/1454
f 3537/683/1455 3538/748/1456 3539/684/1456
f 3538/748/1456 3537/683/1455 3540/788/1456
f 3541/748/1303 3542/683/1457 3543/684/1304
f 3542/683/1457 3541/748/1303 3544/788/1457
f 3545/1/1458 3546/1/1459 3547/1/1460
f 3546/1/1459 3545/1/1458 3548/1/1461
f 3549/1/1462 3550/1/1463 3551/1/1464
f 3550/1/1463 3549/1/1462 3552/1/1465
f 3553/1/1466 3554/1/1467 3555/1/1467
f 3555/1/1467 3556/1/1466 3553/1/1466
f 3557/1/1468 3558/1/1469 3559/1/1469
f 3558/1/1469 3557/1/1468 3560/1/1468
f 3561/674/1307 3562/761/1470 3563/677/1307
f 3562/761/1470 3561/674/1307 3564/789/1471
f 3565/761/1305 3566/674/1472 3567/677/1305
f 3566/674/1472 3565/761/1305 3568/789/1473
f 3569/1/1474 3570/1/1475 3571/1/1476
f 3571/1/1476 3572/1/1477 3569/1/1474
f 3573/1/1478 3574/1/1479 3575/1/1480
f 3574/1/1479 3573/1/1478 3576/1/1481
f 3577/1/1482 3578/1/1483 3579/1/1482
f 3579/1/1482 3578/1/1483 3580/1/1483
f 3581/29/1484 3582/26/1485 3583/26/1486
f 3582/26/1485 3581/29/1484 3584/29/1487
f 3581/29/1484 3585/25/1488 3584/29/1487
f 3586/25/1489 3585/25/1488 3581/29/1484
f 3586/25/1489 3587/19/1490 3585/25/1488
f 3588/19/1491 3587/19/1490 3586/25/1489
f 3589/735/1492 3590/790/1492 3591/738/1493
f 3590/790/1492 3589/735/1492 3592/755/1494
f 3593/790/1495 3594/735/1496 3595/738/1497
f 3594/735/1496 3593/790/1495 3596/755/1498
f 3597/1/1499 3598/1/1500 3599/1/1500
f 3600/1/1499 3597/1/1499 3599/1/1500
f 3598/1/1500 3597/1/1499 3601/1/1500
f 3601/1/1500 3602/1/1500 3598/1/1500
f 3602/1/1500 3601/1/1500 3603/1/1499
f 3597/1/1499 3600/1/1499 3604/1/1499
f 3605/1/1500 3604/1/1499 3600/1/1499
f 3606/1/1500 3604/1/1499 3605/1/1500
f 3605/1/1500 3607/1/1499 3606/1/1500
f 3606/1/1500 3607/1/1499 3608/1/1499
f 3609/1/1501 3610/1/1502 3611/1/1503
f 3610/1/1502 3609/1/1501 3612/1/1504
f 3613/1/1505 3614/1/1506 3615/1/1507
f 3615/1/1507 3614/1/1506 3616/1/1508
f 3617/150/1509 3618/728/1510 3619/791/1511
f 3619/791/1511 3618/728/1510 3620/792/1512
f 3618/728/1510 3617/150/1509 3621/149/1509
f 3622/150/1513 3623/728/1514 3624/149/1513
f 3623/728/1514 3622/150/1513 3625/792/1515
f 3626/1/1516 3627/1/1517 3628/1/1517
f 3628/1/1517 3629/1/1518 3626/1/1516
f 3630/1/1519 3631/1/1520 3632/1/1521
f 3631/1/1520 3630/1/1519 3633/1/1519
f 3634/1/1522 3635/1/1523 3636/1/1522
f 3635/1/1523 3634/1/1522 3637/1/1524
f 3638/793/1525 3639/697/1526 3640/746/1525
f 3639/697/1526 3638/793/1525 3641/699/1526
f 3642/793/1427 3643/697/1527 3644/699/1527
f 3643/697/1527 3642/793/1427 3645/746/1427
f 3646/1/1528 3647/1/1529 3648/1/1530
f 3648/1/1530 3649/1/1528 3646/1/1528
f 3650/1/1531 3651/1/1532 3652/1/1532
f 3651/1/1532 3650/1/1531 3653/1/1533
f 3654/1/1534 3655/1/1535 3656/1/1536
f 3656/1/1536 3657/1/1537 3654/1/1534
f 3658/1/1538 3659/1/1539 3660/1/1540
f 3659/1/1539 3658/1/1538 3661/1/1541
f 3662/1/1542 3663/1/1543 3664/1/1544
f 3664/1/1544 3663/1/1543 3665/1/1545
f 3666/1/1546 3667/1/1547 3668/1/1548
f 3668/1/1548 3669/1/1549 3666/1/1546
f 3670/794/1139 3671/674/1139 3672/673/1139
f 3671/674/1139 3670/794/1139 3673/789/1139
f 3674/794/1142 3675/674/1142 3676/789/1142
f 3675/674/1142 3674/794/1142 3677/673/1142
f 3678/217/1550 3679/695/1551 3680/218/1552
f 3679/695/1551 3678/217/1550 3681/795/1553
f 3682/695/1554 3683/217/1555 3684/218/1556
f 3683/217/1555 3682/695/1554 3685/795/1557
f 3686/768/1558 3687/678/1559 3688/681/1560
f 3687/678/1559 3686/768/1558 3689/796/1149
f 3690/768/1561 3691/678/1152 3692/796/1152
f 3691/678/1152 3690/768/1561 3693/681/1561
f 3694/1/1562 3695/1/1562 3696/1/1563
f 3695/1/1562 3694/1/1562 3697/1/1564
f 3698/1/1565 3699/1/1566 3700/1/1567
f 3699/1/1566 3698/1/1565 3701/1/1568
f 3702/1/1569 3703/1/1570 3704/1/1571
f 3703/1/1570 3705/1/1572 3704/1/1571
f 3703/1/1570 3702/1/1569 3706/1/1573
f 3705/1/1572 3703/1/1570 3707/1/1574
f 3707/1/1574 3708/1/1575 3705/1/1572
f 3709/1/1574 3708/1/1575 3707/1/1574
f 3710/1/1570 3706/1/1573 3702/1/1569
f 3711/1/1576 3706/1/1573 3710/1/1570
f 3710/1/1570 3712/1/1570 3711/1/1576
f 3712/1/1570 3713/1/1574 3711/1/1576
f 3714/797/1577 3715/721/1577 3716/756/1577
f 3717/721/1578 3718/797/1578 3719/720/1578
f 3720/797/1579 3721/721/1579 3722/720/1579
f 3723/721/1580 3724/797/1580 3725/756/1580
f 3726/673/1581 3727/794/1581 3728/676/1582
f 3729/780/1583 3728/676/1582 3727/794/1581
f 3730/777/1303 3731/736/1584 3732/737/1585
f 3731/736/1584 3730/777/1303 3733/798/1586
f 3734/736/1587 3735/777/1311 3736/737/1587
f 3735/777/1311 3734/736/1587 3737/798/1588
f 3738/676/1589 3739/794/1590 3740/673/1286
f 3739/794/1590 3738/676/1589 3741/780/1286
f 3742/1/1591 3743/1/1592 3744/1/1593
f 3743/1/1592 3742/1/1591 3745/1/1592
f 3746/1/1594 3747/1/1595 3748/1/1596
f 3746/1/1594 3748/1/1596 3749/1/1597
f 3750/1/1598 3751/1/1599 3752/1/1598
f 3750/1/1598 3752/1/1598 3753/1/1598
f 3754/1/1600 3755/1/1600 3756/1/1601
f 3755/1/1600 3754/1/1600 3757/1/1600
f 3758/1/1602 3759/1/1602 3760/1/1603
f 3759/1/1602 3758/1/1602 3761/1/1602
f 3762/1/1604 3763/1/1604 3764/1/1605
f 3763/1/1604 3762/1/1604 3765/1/1604
f 3766/1/1606 3767/1/1607 3768/1/1608
f 3767/1/1607 3766/1/1606 3769/1/1609
f 3770/1/1610 3771/1/1611 3772/1/1612
f 3771/1/1611 3770/1/1610 3773/1/1613
f 3774/1/1614 3775/1/1615 3776/1/1616
f 3774/1/1614 3776/1/1616 3777/1/1617
f 3778/1/1618 3779/1/1619 3780/1/1620
f 3779/1/1619 3778/1/1618 3781/1/1621
f 3782/260/1209 3783/694/1210 3784/799/1210
f 3783/694/1210 3782/260/1209 3785/259/1437
f 3786/260/1206 3787/694/1207 3788/259/1439
f 3787/694/1207 3786/260/1206 3789/799/1207
f 3790/724/1622 3791/760/1623 3792/727/1623
f 3793/800/1622 3792/727/1623 3791/760/1623
f 3794/727/1624 3795/760/1624 3796/724/1624
f 3795/760/1624 3794/727/1624 3797/800/1624
f 3798/801/1625 3799/224/1626 3800/691/1627
f 3799/224/1626 3798/801/1625 3801/225/1628
f 3802/801/1629 3803/224/1630 3804/225/1631
f 3803/224/1630 3802/801/1629 3805/691/1632
f 3806/683/1633 3807/802/1634 3808/685/1635
f 3807/802/1634 3806/683/1633 3809/788/1635
f 3810/679/1636 3811/803/1634 3812/680/1637
f 3811/803/1634 3810/679/1636 3813/772/1638
f 3814/802/1639 3815/788/1640 3816/683/1641
f 3816/683/1641 3817/685/1640 3814/802/1639
f 3818/803/1639 3819/772/1642 3820/679/1643
f 3820/679/1643 3821/680/1644 3818/803/1639
f 3822/790/1639 3823/798/1642 3824/736/1644
f 3824/736/1644 3825/738/1643 3822/790/1639
f 3826/736/1637 3827/790/1634 3828/738/1636
f 3827/790/1634 3826/736/1637 3829/798/1638
f 3830/1/1645 3831/1/1646 3832/1/1647
f 3830/1/1645 3832/1/1647 3833/1/1645
f 3834/1/1648 3835/1/1649 3836/1/1650
f 3835/1/1649 3834/1/1648 3837/1/1649
f 3838/682/1651 3839/802/1651 3840/685/1652
f 3839/802/1651 3838/682/1651 3841/783/1653
f 3842/802/1654 3843/682/1655 3844/685/1656
f 3843/682/1655 3842/802/1654 3845/783/1655
f 3846/1/1657 3847/1/1657 3848/1/1657
f 3846/1/1657 3848/1/1657 3849/1/1657
f 3850/1/1658 3851/1/1658 3852/1/1658
f 3851/1/1658 3850/1/1658 3853/1/1658
f 3854/804/1659 3855/725/1426 3856/726/1660
f 3855/725/1426 3854/804/1659 3857/774/1661
f 3858/804/1662 3859/725/1663 3860/774/1664
f 3859/725/1663 3858/804/1662 3861/726/1665
f 3862/805/1666 3863/169/1667 3864/662/1668
f 3862/805/1666 3865/806/1669 3863/169/1667
f 3866/807/1670 3867/172/1671 3868/808/1672
f 3867/172/1671 3866/807/1670 3869/663/1673
f 3870/744/1674 3871/689/1674 3872/688/1551
f 3871/689/1674 3870/744/1674 3873/809/1675
f 3874/689/1676 3875/744/1554 3876/688/1676
f 3875/744/1554 3874/689/1676 3877/809/1677
f 3878/1/1678 3879/1/1679 3880/1/1680
f 3879/1/1679 3878/1/1678 3881/1/1681
f 3882/1/1682 3883/1/1683 3884/1/1684
f 3883/1/1683 3882/1/1682 3885/1/1685
f 3886/1/1686 3887/1/1687 3888/1/1687
f 3889/1/1687 3886/1/1686 3888/1/1687
f 3887/1/1687 3886/1/1686 3890/1/1687
f 3890/1/1687 3891/1/1687 3887/1/1687
f 3891/1/1687 3890/1/1687 3892/1/1687
f 3886/1/1686 3889/1/1687 3893/1/1686
f 3894/1/1687 3893/1/1686 3889/1/1687
f 3895/1/1687 3893/1/1686 3894/1/1687
f 3894/1/1687 3896/1/1687 3895/1/1687
f 3895/1/1687 3896/1/1687 3897/1/1687
f 3898/1/1688 3899/1/1689 3900/1/1688
f 3898/1/1688 3900/1/1688 3901/1/1688
f 3902/1/1690 3903/1/1690 3904/1/1690
f 3903/1/1690 3902/1/1690 3905/1/1691
f 3906/1/1692 3907/1/1693 3908/1/1694
f 3907/1/1693 3906/1/1692 3909/1/1695
f 3910/1/1696 3911/1/1697 3912/1/1698
f 3910/1/1696 3912/1/1698 3913/1/1699
f 3914/213/1700 3915/810/1701 3916/693/1700
f 3915/810/1701 3914/213/1700 3917/214/1702
f 3918/810/1703 3919/213/1704 3920/693/1704
f 3919/213/1704 3918/810/1703 3921/214/1705
f 3922/1/1706 3923/1/1707 3924/1/1708
f 3922/1/1706 3924/1/1708 3925/1/1709
f 3926/1/1710 3927/1/1711 3928/1/1712
f 3927/1/1711 3926/1/1710 3929/1/1713
f 3930/173/1714 3931/666/1714 3932/174/1714
f 3931/666/1714 3930/173/1714 3933/811/1714
f 3934/173/1715 3935/666/1715 3936/811/1715
f 3935/666/1715 3934/173/1715 3937/174/1715
f 3938/812/1716 3939/199/1717 3940/665/1717
f 3939/199/1717 3938/812/1716 3941/198/1717
f 3942/201/1718 3943/813/1719 3944/661/1719
f 3944/661/1719 3945/203/1719 3942/201/1718
f 3946/1/1720 3947/1/1720 3948/1/1721
f 3948/1/1721 3947/1/1720 3949/1/1722
f 3950/1/1723 3951/1/1724 3952/1/1725
f 3951/1/1724 3950/1/1723 3953/1/1726
f 3954/698/1727 3955/784/1728 3956/700/1729
f 3957/814/1730 3956/700/1729 3955/784/1728
f 3958/700/1731 3959/784/1732 3960/698/1733
f 3959/784/1732 3958/700/1731 3961/814/1734
f 3962/1/1735 3963/1/1736 3964/1/1736
f 3963/1/1736 3962/1/1735 3965/1/1737
f 3966/1/1738 3967/1/1739 3968/1/1740
f 3967/1/1739 3966/1/1738 3969/1/1741
f 3970/1/1742 3971/1/1743 3972/1/1744
f 3972/1/1744 3971/1/1743 3973/1/1745
f 3974/1/1746 3975/1/1747 3976/1/1746
f 3975/1/1747 3974/1/1746 3977/1/1748
f 3978/723/1749 3979/785/1750 3980/722/1751
f 3979/785/1750 3978/723/1749 3981/815/1750
f 3982/727/1750 3983/804/1752 3984/726/1750
f 3983/804/1752 3982/727/1750 3985/800/1753
f 3986/700/1754 3987/793/1755 3988/699/1756
f 3987/793/1755 3986/700/1754 3989/814/1751
f 3990/785/1757 3991/815/1758 3992/723/1759
f 3992/723/1759 3993/722/1759 3990/785/1757
f 3994/804/1760 3995/800/1761 3996/727/1759
f 3996/727/1759 3997/726/1759 3994/804/1760
f 3998/793/1762 3999/814/1763 4000/700/1764
f 4000/700/1764 4001/699/1765 3998/793/1762
f 4002/667/1766 4003/184/1767 4004/185/1767
f 4003/184/1767 4002/667/1766 4005/816/1768
f 4006/184/1769 4007/667/1770 4008/185/1771
f 4007/667/1770 4006/184/1769 4009/816/1772
f 4010/803/1773 4011/678/1774 4012/680/1495
f 4011/678/1774 4010/803/1773 4013/796/1495
f 4014/678/1493 4015/803/1492 4016/680/1775
f 4015/803/1492 4014/678/1493 4017/796/1776
f 4018/1/1777 4019/1/1778 4020/1/1779
f 4018/1/1777 4020/1/1779 4021/1/1779
f 4022/1/1777 4021/1/1779 4020/1/1779
f 4021/1/1779 4022/1/1777 4023/1/1780
f 4024/1/1777 4023/1/1780 4022/1/1777
f 4023/1/1780 4024/1/1777 4025/1/1779
f 4024/1/1777 4026/1/1781 4025/1/1779
f 4024/1/1777 4027/1/1777 4026/1/1781
f 4027/1/1777 4028/1/1782 4026/1/1781
f 4029/1/1777 4028/1/1782 4027/1/1777
f 4030/671/1676 4031/769/1783 4032/670/1556
f 4031/769/1783 4030/671/1676 4033/817/1676
f 4034/769/1674 4035/671/1674 4036/670/1784
f 4035/671/1674 4034/769/1674 4037/817/1674
f 4038/1/1785 4039/1/1786 4040/1/1787
f 4040/1/1787 4039/1/1786 4041/1/1788
f 4042/1/1789 4043/1/1790 4044/1/1791
f 4044/1/1791 4045/1/1789 4042/1/1789
f 4046/818/1792 4047/656/1793 4048/703/1794
f 4047/656/1793 4046/818/1792 4049/657/1792
f 4050/656/1795 4051/818/1796 4052/703/1797
f 4051/818/1796 4050/656/1795 4053/657/1798
f 4054/1/1799 4055/1/1800 4056/1/1801
f 4055/1/1800 4054/1/1799 4057/1/1802
f 4058/1/1803 4059/1/1804 4060/1/1805
f 4059/1/1804 4058/1/1803 4061/1/1806
f 4062/819/1807 4063/669/1808 4064/672/1808
f 4063/669/1808 4062/819/1807 4065/764/1809
f 4066/669/1810 4067/819/1811 4068/672/1812
f 4067/819/1811 4066/669/1810 4069/764/1811
f 4070/1/1813 4071/1/1814 4072/1/1814
f 4070/1/1813 4072/1/1814 4073/1/1814
f 4074/1/1815 4075/1/1816 4076/1/1817
f 4075/1/1816 4074/1/1815 4077/1/1817
f 4078/253/1818 4079/729/1819 4080/254/1820
f 4079/729/1819 4078/253/1818 4081/820/1821
f 4082/729/1822 4083/253/1823 4084/254/1824
f 4083/253/1823 4082/729/1822 4085/820/1825
f 4086/742/1826 4087/765/1826 4088/740/1827
f 4087/765/1826 4086/742/1826 4089/821/1826
f 4090/740/1828 4091/765/1829 4092/742/1829
f 4093/821/1829 4092/742/1829 4091/765/1829
f 4094/720/1729 4095/797/1830 4096/723/1729
f 4097/815/1831 4096/723/1729 4095/797/1830
f 4098/723/1832 4099/797/1733 4100/720/1833
f 4099/797/1733 4098/723/1832 4101/815/1834
f 4102/1/1835 4103/1/1836 4104/1/1835
f 4105/1/1835 4102/1/1835 4104/1/1835
f 4102/1/1835 4105/1/1835 4106/1/1835
f 4104/1/1835 4103/1/1836 4107/1/1836
f 4108/1/1836 4107/1/1836 4103/1/1836
f 4108/1/1836 4103/1/1836 4109/1/1835
f 4109/1/1835 4110/1/1835 4108/1/1836
f 4109/1/1835 4111/1/1835 4110/1/1835
f 4111/1/1835 4112/1/1835 4110/1/1835
f 4112/1/1835 4111/1/1835 4113/1/1835
f 4114/1/1837 4115/1/1838 4116/1/1839
f 4115/1/1838 4114/1/1837 4117/1/1840
f 4118/1/1841 4119/1/1842 4120/1/1843
f 4119/1/1842 4118/1/1841 4121/1/1844
f 4122/1/1845 4123/1/1845 4124/1/1846
f 4123/1/1845 4122/1/1845 4125/1/1847
f 4126/1/1848 4127/1/1848 4128/1/1849
f 4127/1/1848 4126/1/1848 4129/1/1850
f 4130/1/1851 4131/1/1852 4132/1/1853
f 4132/1/1853 4131/1/1852 4133/1/1852
f 4134/1/1854 4135/1/1855 4136/1/1855
f 4136/1/1855 4137/1/1854 4134/1/1854
f 4138/822/1856 4139/687/1857 4140/690/1858
f 4139/687/1857 4138/822/1856 4141/786/1858
f 4142/687/1859 4143/822/1860 4144/690/1861
f 4143/822/1860 4142/687/1859 4145/786/1861
f 4146/1/1862 4147/1/1862 4148/1/1862
f 4146/1/1862 4148/1/1862 4149/1/1862
f 4150/1/1863 4151/1/1863 4152/1/1863
f 4151/1/1863 4150/1/1863 4153/1/1863
f 4154/823/1864 4155/741/1865 4156/743/1866
f 4155/741/1865 4154/823/1864 4157/766/1867
f 4158/741/1868 4159/823/1869 4160/743/1870
f 4159/823/1869 4158/741/1868 4161/766/1869
f 4162/1/1871 4163/1/1872 4164/1/1871
f 4162/1/1871 4164/1/1871 4165/1/1873
f 4166/1/1874 4165/1/1873 4164/1/1871
f 4165/1/1873 4166/1/1874 4167/1/1875
f 4168/1/1876 4167/1/1875 4166/1/1874
f 4167/1/1875 4168/1/1876 4169/1/1875
f 4168/1/1876 4170/1/1877 4169/1/1875
f 4168/1/1876 4171/1/1871 4170/1/1877
f 4171/1/1871 4172/1/1872 4170/1/1877
f 4173/1/1872 4172/1/1872 4171/1/1871
f 4174/1/1878 4175/1/1879 4176/1/1878
f 4176/1/1878 4175/1/1879 4177/1/1880
f 4178/1/1881 4179/1/1882 4180/1/1883
f 4179/1/1882 4178/1/1881 4181/1/1884
f 4182/1/1885 4183/1/1886 4184/1/1887
f 4183/1/1886 4182/1/1885 4185/1/1888
f 4186/1/1889 4187/1/1890 4188/1/1891
f 4187/1/1890 4186/1/1889 4189/1/1891
f 4190/701/1892 4191/787/1893 4192/702/1894
f 4193/824/1895 4192/702/1894 4191/787/1893
f 4194/702/1896 4195/787/1897 4196/701/1898
f 4195/787/1897 4194/702/1896 4197/824/1899
f 4198/1/1900 4199/1/1901 4200/1/1902
f 4199/1/1901 4198/1/1900 4201/1/1903
f 4202/1/1904 4203/1/1905 4204/1/1906
f 4203/1/1905 4202/1/1904 4205/1/1907
f 4206/733/1908 4207/757/1909 4208/732/1910
f 4207/757/1909 4206/733/1908 4209/825/1911
f 4210/757/1912 4211/733/1913 4212/732/1914
f 4211/733/1913 4210/757/1912 4213/825/1915
f 4214/695/1916 4215/826/1917 4216/696/1917
f 4215/826/1917 4214/695/1916 4217/795/1916
f 4218/689/1918 4219/822/1919 4220/690/1920
f 4219/822/1919 4218/689/1918 4221/809/1917
f 4222/671/1920 4223/819/1921 4224/672/1917
f 4223/819/1921 4222/671/1920 4225/817/1922
f 4226/822/1923 4227/809/1924 4228/689/1925
f 4228/689/1925 4229/690/1926 4226/822/1923
f 4230/826/1924 4231/795/1927 4232/695/1927
f 4232/695/1927 4233/696/1924 4230/826/1924
f 4234/819/1928 4235/817/1929 4236/671/1926
f 4236/671/1926 4237/672/1924 4234/819/1928
f 4238/14/1930 4239/10/1930 4240/10/1930
f 4241/10/1930 4242/14/1930 4243/14/1930
f 4244/694/1812 4245/826/1931 4246/696/1812
f 4245/826/1931 4244/694/1812 4247/799/1931
f 4248/826/1932 4249/694/1807 4250/696/1808
f 4249/694/1807 4248/826/1932 4251/799/1932
f 4252/1/1933 4253/1/1934 4254/1/1935
f 4253/1/1934 4252/1/1933 4255/1/1933
f 4256/1/1936 4257/1/1937 4258/1/1936
f 4256/1/1936 4258/1/1936 4259/1/1936
f 4260/691/1938 4261/801/1939 4262/692/1940
f 4263/827/1941 4262/692/1940 4261/801/1939
f 4264/692/1942 4265/801/1942 4266/691/1943
f 4265/801/1942 4264/692/1942 4267/827/1944
f 4268/1/1945 4269/1/1945 4270/1/1945
f 4269/1/1945 4268/1/1945 4271/1/1946
f 4272/1/1946 4269/1/1945 4271/1/1946
f 4272/1/1946 4271/1/1946 4273/1/1945
f 4273/1/1945 4274/1/1945 4272/1/1946
f 4273/1/1945 4275/1/1946 4274/1/1945
f 4276/1/1945 4274/1/1945 4275/1/1946
f 4277/1/1945 4274/1/1945 4276/1/1945
f 4278/1/1945 4277/1/1945 4276/1/1945
f 4277/1/1945 4278/1/1945 4279/1/1945
f 4280/692/1947 4281/810/1947 4282/693/1947
f 4281/810/1947 4280/692/1947 4283/827/1947
f 4284/742/1948 4285/823/1949 4286/743/1949
f 4285/823/1949 4284/742/1948 4287/821/1950
f 4288/702/1948 4289/818/1951 4290/703/1951
f 4289/818/1951 4288/702/1948 4291/824/1948
f 4292/810/1952 4293/827/1952 4294/692/1952
f 4294/692/1952 4295/693/1952 4292/810/1952
f 4296/823/1953 4297/821/1954 4298/742/1955
f 4298/742/1955 4299/743/1953 4296/823/1953
f 4300/818/1956 4301/824/1955 4302/702/1955
f 4302/702/1955 4303/703/1956 4300/818/1956
f 4304/731/1957 4305/828/1958 4306/734/1959
f 4305/828/1958 4304/731/1957 4307/775/1959
f 4308/828/1960 4309/731/1961 4310/734/1961
f 4309/731/1961 4308/828/1960 4311/775/1962
f 4312/1/1963 4313/1/1964 4314/1/1964
f 4313/1/1964 4312/1/1963 4315/1/1964
f 4316/1/1965 4317/1/1966 4318/1/1966
f 4318/1/1966 4319/1/1967 4316/1/1965
f 4320/1/1968 4321/1/1969 4322/1/1968
f 4322/1/1968 4321/1/1969 4323/1/1970
f 4324/1/1971 4325/1/1972 4326/1/1972
f 4326/1/1972 4327/1/1973 4324/1/1971
f 4328/1/1974 4329/1/1974 4330/1/1975
f 4329/1/1974 4328/1/1974 4331/1/1974
f 4332/1/1976 4333/1/1976 4334/1/1977
f 4333/1/1976 4332/1/1976 4335/1/1976
f 4336/660/1978 4337/805/1979 4338/662/1979
f 4337/805/1979 4336/660/1978 4339/829/1980
f 4340/807/1981 4341/830/1982 4342/664/1983
f 4342/664/1983 4343/663/1981 4340/807/1981
f 4344/664/1984 4345/812/1985 4346/665/1986
f 4345/812/1985 4344/664/1984 4347/831/1987
f 4348/661/1988 4349/813/1989 4350/660/1990
f 4351/832/1991 4350/660/1990 4349/813/1989
f 4352/728/1992 4353/833/1993 4354/730/1994
f 4353/833/1993 4352/728/1992 4355/792/1995
f 4356/833/1996 4357/728/1997 4358/730/1998
f 4357/728/1997 4356/833/1996 4359/792/1999
f 4360/1/2000 4361/1/2000 4362/1/2000
f 4361/1/2000 4363/1/2000 4362/1/2000
f 4364/1/2001 4365/1/2002 4366/1/2002
f 4365/1/2002 4364/1/2001 4367/1/2003
f 4368/825/2004 4369/828/2005 4370/733/2006
f 4370/733/2006 4369/828/2005 4371/734/2005
f 4372/729/2007 4373/833/2007 4374/730/2007
f 4373/833/2007 4372/729/2007 4375/820/2005
f 4376/667/2008 4377/834/2009 4378/668/2009
f 4377/834/2009 4376/667/2008 4379/816/2010
f 4380/833/2011 4381/820/2012 4382/729/2011
f 4382/729/2011 4383/730/2011 4380/833/2011
f 4384/834/2013 4385/816/2014 4386/667/2015
f 4386/667/2015 4387/668/2013 4384/834/2013
f 4388/828/2016 4389/825/2017 4390/733/2017
f 4390/733/2017 4391/734/2012 4388/828/2016
f 4392/666/2018 4393/834/2019 4394/668/2019
f 4393/834/2019 4392/666/2018 4395/811/2019
f 4396/834/2020 4397/666/2020 4398/668/2020
f 4397/666/2020 4396/834/2020 4399/811/2020
f 4400/227/2021 4401/121/2021 4402/227/2021
f 4403/121/2022 4404/227/2022 4405/226/2022
f 4406/1/7 4407/1/7 4408/1/2023
f 4407/1/7 4409/1/7 4408/1/2023
f 4407/1/7 4406/1/7 4410/1/2024
f 4411/1/7 4408/1/2023 4409/1/7
f 4412/1/2025 4411/1/7 4409/1/7
f 4411/1/7 4412/1/2025 4413/1/7
f 4406/1/7 4414/1/7 4410/1/2024
f 4414/1/7 4406/1/7 4415/1/7
f 4415/1/7 4416/1/7 4414/1/7
f 4416/1/7 4415/1/7 4417/1/2026
f 4418/1/2027 4419/1/2028 4420/1/2028
f 4418/1/2027 4420/1/2028 4421/1/2029
f 4418/1/2027 4422/1/2030 4419/1/2028
f 4419/1/2028 4422/1/2030 4423/1/2027
f 4421/1/2029 4424/1/2031 4418/1/2027
f 4425/1/2032 4423/1/2027 4422/1/2030
f 4421/1/2029 4426/1/2027 4424/1/2031
f 4423/1/2027 4425/1/2032 4427/1/2033
f 4428/1/2029 4424/1/2031 4426/1/2027
f 4429/1/2032 4424/1/2031 4428/1/2029
f 4429/1/2032 4428/1/2029 4430/1/2032
f 4425/1/2032 4431/1/2032 4427/1/2033
f 4432/1/2034 4431/1/2032 4425/1/2032
f 4431/1/2032 4432/1/2034 4433/1/2034
usemtl Other_quickdraw76239_088_Huntshadow_3a.002
f 4434/1/2035 4435/1/2036 4436/1/2037
f 4435/1/2036 4434/1/2035 4437/1/2038
f 4438/1/2039 4439/1/2040 4440/1/2041
f 4439/1/2040 4438/1/2039 4441/1/2041
f 4442/1/2042 4443/1/2043 4444/1/2044
f 4443/1/2043 4442/1/2042 4445/1/2045
f 4446/1/2046 4447/1/2047 4448/1/2048
f 4447/1/2047 4446/1/2046 4449/1/2049
f 4450/1/2050 4451/1/2051 4452/1/2052
f 4451/1/2051 4453/1/2053 4452/1/2052
f 4454/1/2054 4455/1/2055 4456/1/2056
f 4455/1/2055 4454/1/2054 4457/1/2057
f 4458/1/2058 4459/1/2059 4460/1/2060
f 4460/1/2059 4459/1/2061 4461/1/2058
f 4462/1/2062 4463/1/2063 4464/1/2062
f 4464/1/2064 4463/1/2065 4465/1/2066
f 4466/1/2067 4467/1/2068 4468/1/2069
f 4467/1/2068 4466/1/2067 4469/1/2069
f 4470/1/2070 4471/1/2071 4472/1/2072
f 4472/1/2072 4471/1/2071 4473/1/2070
f 4474/1/2073 4475/1/2074 4476/1/2075
f 4475/1/2074 4474/1/2073 4477/1/2076
f 4478/1/2077 4479/1/2078 4480/1/2079
f 4479/1/2080 4478/1/2081 4481/1/2082
f 4482/1/2083 4483/1/2084 4484/1/2085
f 4485/1/2086 4484/1/2087 4483/1/2088
f 4486/1/2089 4487/1/2090 4488/1/2091
f 4489/1/2092 4486/1/2089 4488/1/2091
f 4490/1/2093 4489/1/2092 4488/1/2091
f 4491/1/2094 4489/1/2092 4490/1/2093
f 4491/1/2094 4492/1/2095 4489/1/2092
f 4492/1/2095 4491/1/2094 4493/1/2096
f 4492/1/2095 4493/1/2096 4494/1/2097
f 4494/1/2097 4493/1/2096 4495/1/2098
f 4496/1/2099 4494/1/2097 4495/1/2098
f 4497/1/2100 4494/1/2097 4496/1/2099
f 4496/1/2099 4498/1/2101 4497/1/2100
f 4497/1/2100 4499/1/2102 4494/1/2097
f 4497/1/2100 4500/1/2103 4499/1/2102
f 4501/1/2104 4499/1/2102 4500/1/2103
f 4500/1/2103 4502/1/2105 4501/1/2104
f 4501/1/2104 4502/1/2105 4503/1/2106
f 4503/1/2106 4502/1/2105 4504/1/2107
f 4505/1/2108 4504/1/2107 4502/1/2105
f 4505/1/2108 4506/1/2109 4504/1/2107
f 4506/1/2109 4505/1/2108 4507/1/2110
f 4508/1/2111 4506/1/2109 4507/1/2110
f 4506/1/2109 4508/1/2111 4509/1/2112
f 4509/1/2113 4510/1/2114 4511/1/2115
f 4506/1/2116 4509/1/2113 4511/1/2115
f 4512/1/2117 4506/1/2116 4511/1/2115
f 4513/1/2118 4506/1/2116 4512/1/2117
f 4504/1/2119 4506/1/2116 4513/1/2118
f 4512/1/2117 4514/1/2120 4513/1/2118
f 4504/1/2119 4513/1/2118 4515/1/2121
f 4515/1/2121 4513/1/2118 4514/1/2120
f 4514/1/2120 4512/1/2117 4516/1/2122
f 4503/1/2123 4504/1/2119 4515/1/2121
f 4516/1/2122 4517/1/2124 4514/1/2120
f 4517/1/2124 4516/1/2122 4518/1/2125
f 4515/1/2121 4514/1/2120 4519/1/2126
f 4519/1/2126 4514/1/2120 4517/1/2124
f 4515/1/2121 4520/1/2127 4503/1/2123
f 4515/1/2121 4519/1/2126 4520/1/2127
f 4517/1/2124 4518/1/2125 4521/1/2128
f 4518/1/2125 4522/1/2129 4521/1/2128
f 4521/1/2128 4522/1/2129 4523/1/2130
f 4522/1/2129 4524/1/2131 4523/1/2130
f 4521/1/2128 4525/1/2132 4517/1/2124
f 4519/1/2126 4517/1/2124 4525/1/2132
f 4525/1/2132 4521/1/2128 4526/1/2133
f 4519/1/2126 4525/1/2132 4527/1/2134
f 4519/1/2126 4527/1/2134 4520/1/2127
f 4526/1/2133 4528/1/2135 4525/1/2132
f 4527/1/2134 4525/1/2132 4528/1/2135
f 4528/1/2135 4526/1/2133 4529/1/2136
f 4520/1/2127 4527/1/2134 4530/1/2137
f 4528/1/2135 4530/1/2137 4527/1/2134
f 4531/1/2138 4528/1/2135 4529/1/2136
f 4530/1/2137 4528/1/2135 4531/1/2138
f 4531/1/2138 4529/1/2136 4532/1/2139
f 4532/1/2139 4533/1/2140 4531/1/2138
f 4531/1/2138 4533/1/2140 4530/1/2137
f 4534/1/2141 4533/1/2140 4532/1/2139
f 4535/1/2142 4533/1/2140 4534/1/2141
f 4533/1/2140 4535/1/2142 4536/1/2143
f 4533/1/2140 4536/1/2143 4530/1/2137
f 4537/1/2144 4536/1/2143 4535/1/2142
f 4536/1/2143 4537/1/2144 4538/1/2145
f 4538/1/2145 4537/1/2144 4539/1/2146
f 4538/1/2145 4539/1/2146 4540/1/2147
f 4541/1/2148 4540/1/2147 4539/1/2146
f 4542/1/2149 4540/1/2147 4541/1/2148
f 4540/1/2147 4543/1/2150 4538/1/2145
f 4543/1/2150 4536/1/2143 4538/1/2145
f 4542/1/2149 4544/1/2151 4540/1/2147
f 4543/1/2150 4540/1/2147 4545/1/2152
f 4545/1/2152 4540/1/2147 4544/1/2151
f 4546/1/2153 4544/1/2151 4542/1/2149
f 4543/1/2150 4547/1/2154 4536/1/2143
f 4547/1/2154 4530/1/2137 4536/1/2143
f 4547/1/2154 4543/1/2150 4548/1/2155
f 4545/1/2152 4548/1/2155 4543/1/2150
f 4547/1/2154 4549/1/2156 4530/1/2137
f 4530/1/2137 4549/1/2156 4520/1/2127
f 4549/1/2156 4503/1/2123 4520/1/2127
f 4503/1/2123 4549/1/2156 4501/1/2157
f 4549/1/2156 4547/1/2154 4550/1/2158
f 4550/1/2158 4501/1/2157 4549/1/2156
f 4548/1/2155 4550/1/2158 4547/1/2154
f 4501/1/2157 4550/1/2158 4499/1/2159
f 4551/1/2160 4499/1/2159 4550/1/2158
f 4550/1/2158 4548/1/2155 4551/1/2160
f 4499/1/2159 4551/1/2160 4494/1/2161
f 4552/1/2162 4551/1/2160 4548/1/2155
f 4548/1/2155 4545/1/2152 4552/1/2162
f 4553/1/2163 4494/1/2161 4551/1/2160
f 4551/1/2160 4552/1/2162 4553/1/2163
f 4494/1/2161 4553/1/2163 4492/1/2164
f 4492/1/2164 4553/1/2163 4489/1/2165
f 4489/1/2165 4553/1/2163 4554/1/2166
f 4553/1/2163 4552/1/2162 4554/1/2166
f 4554/1/2166 4486/1/2167 4489/1/2165
f 4555/1/2168 4552/1/2162 4545/1/2152
f 4554/1/2166 4552/1/2162 4555/1/2168
f 4555/1/2168 4545/1/2152 4556/1/2169
f 4556/1/2169 4545/1/2152 4544/1/2151
f 4554/1/2166 4555/1/2168 4557/1/2170
f 4486/1/2167 4554/1/2166 4557/1/2170
f 4555/1/2168 4556/1/2169 4558/1/2171
f 4557/1/2170 4555/1/2168 4558/1/2171
f 4559/1/2172 4486/1/2167 4557/1/2170
f 4557/1/2170 4558/1/2171 4559/1/2172
f 4486/1/2167 4559/1/2172 4487/1/2173
f 4544/1/2151 4560/1/2174 4556/1/2169
f 4558/1/2171 4556/1/2169 4560/1/2174
f 4560/1/2174 4544/1/2151 4561/1/2175
f 4561/1/2175 4544/1/2151 4546/1/2153
f 4562/1/2176 4561/1/2175 4546/1/2153
f 4563/1/2177 4487/1/2173 4559/1/2172
f 4487/1/2173 4563/1/2177 4488/1/2178
f 4559/1/2172 4558/1/2171 4564/1/2179
f 4558/1/2171 4560/1/2174 4564/1/2179
f 4559/1/2172 4564/1/2179 4563/1/2177
f 4488/1/2178 4563/1/2177 4490/1/2180
f 4490/1/2180 4563/1/2177 4565/1/2181
f 4490/1/2180 4565/1/2181 4491/1/2182
f 4566/1/2183 4563/1/2177 4564/1/2179
f 4566/1/2183 4565/1/2181 4563/1/2177
f 4565/1/2181 4493/1/2184 4491/1/2182
f 4567/1/2185 4564/1/2179 4560/1/2174
f 4564/1/2179 4567/1/2185 4566/1/2183
f 4561/1/2175 4567/1/2185 4560/1/2174
f 4562/1/2176 4568/1/2186 4561/1/2175
f 4567/1/2185 4561/1/2175 4568/1/2186
f 4569/1/2187 4568/1/2186 4562/1/2176
f 4567/1/2185 4570/1/2188 4566/1/2183
f 4568/1/2186 4570/1/2188 4567/1/2185
f 4569/1/2187 4571/1/2189 4568/1/2186
f 4570/1/2188 4568/1/2186 4571/1/2189
f 4572/1/2190 4571/1/2189 4569/1/2187
f 4573/1/2191 4571/1/2189 4572/1/2190
f 4573/1/2191 4570/1/2188 4571/1/2189
f 4573/1/2191 4572/1/2190 4574/1/2192
f 4575/1/2193 4573/1/2191 4574/1/2192
f 4576/1/2194 4566/1/2183 4570/1/2188
f 4570/1/2188 4573/1/2191 4576/1/2194
f 4577/1/2195 4573/1/2191 4575/1/2193
f 4577/1/2195 4575/1/2193 4578/1/2196
f 4573/1/2191 4579/1/2197 4576/1/2194
f 4579/1/2197 4573/1/2191 4577/1/2195
f 4578/1/2196 4580/1/2198 4577/1/2195
f 4579/1/2197 4577/1/2195 4580/1/2198
f 4580/1/2198 4578/1/2196 4581/1/2199
f 4566/1/2183 4576/1/2194 4582/1/2200
f 4565/1/2181 4566/1/2183 4582/1/2200
f 4579/1/2197 4583/1/2201 4576/1/2194
f 4582/1/2200 4576/1/2194 4583/1/2201
f 4565/1/2181 4582/1/2200 4584/1/2202
f 4583/1/2201 4584/1/2202 4582/1/2200
f 4493/1/2184 4565/1/2181 4584/1/2202
f 4495/1/2203 4493/1/2184 4584/1/2202
f 4585/1/2204 4584/1/2202 4583/1/2201
f 4495/1/2203 4584/1/2202 4585/1/2204
f 4586/1/2205 4583/1/2201 4579/1/2197
f 4585/1/2204 4583/1/2201 4586/1/2205
f 4586/1/2205 4579/1/2197 4580/1/2198
f 4587/1/2206 4495/1/2203 4585/1/2204
f 4587/1/2206 4585/1/2204 4586/1/2205
f 4495/1/2203 4587/1/2206 4496/1/2207
f 4496/1/2207 4587/1/2206 4588/1/2208
f 4498/1/2209 4496/1/2207 4588/1/2208
f 4587/1/2206 4589/1/2210 4588/1/2208
f 4587/1/2206 4586/1/2205 4590/1/2211
f 4589/1/2210 4587/1/2206 4590/1/2211
f 4590/1/2211 4586/1/2205 4580/1/2198
f 4590/1/2211 4591/1/2212 4589/1/2210
f 4590/1/2211 4580/1/2198 4592/1/2213
f 4591/1/2212 4590/1/2211 4592/1/2213
f 4581/1/2199 4592/1/2213 4580/1/2198
f 4592/1/2213 4593/1/2214 4591/1/2212
f 4592/1/2213 4581/1/2199 4594/1/2215
f 4593/1/2214 4592/1/2213 4594/1/2215
f 4594/1/2215 4595/1/2216 4593/1/2214
f 4596/1/2217 4597/1/2218 4598/1/2219
f 4598/1/2219 4599/1/2220 4596/1/2217
f 4599/1/2220 4598/1/2219 4600/1/2218
f 4600/1/2218 4601/1/2221 4599/1/2220
f 4601/1/2221 4600/1/2218 4602/1/2222
f 4602/1/2222 4603/1/2219 4601/1/2221
f 4603/1/2219 4602/1/2222 4604/1/2223
f 4603/1/2219 4604/1/2223 4605/1/2218
f 4603/1/2219 4605/1/2218 4606/1/2224
f 4605/1/2218 4607/1/2225 4606/1/2224
f 4607/1/2225 4605/1/2218 4608/1/2226
f 4608/1/2226 4609/1/2227 4607/1/2225
f 4609/1/2227 4610/1/2228 4607/1/2225
f 4609/1/2227 4611/1/2229 4610/1/2228
f 4610/1/2228 4611/1/2229 4612/1/2230
f 4611/1/2229 4613/1/2231 4612/1/2230
f 4614/1/2232 4611/1/2229 4609/1/2227
f 4611/1/2229 4614/1/2232 4615/1/2218
f 4615/1/2218 4614/1/2232 4616/1/2218
f 4615/1/2218 4616/1/2218 4617/1/2222
f 4616/1/2218 4618/1/2233 4617/1/2222
f 4618/1/2233 4616/1/2218 4619/1/2234
f 4620/1/2235 4621/1/2236 4622/1/2237
f 4622/1/2237 4623/1/2238 4620/1/2235
f 4624/1/2239 4623/1/2238 4622/1/2237
f 4623/1/2238 4624/1/2239 4625/1/2240
f 4626/1/2241 4625/1/2240 4624/1/2239
f 4627/1/2242 4626/1/2241 4624/1/2239
f 4628/1/2243 4626/1/2241 4627/1/2242
f 4629/1/2244 4628/1/2243 4627/1/2242
f 4629/1/2244 4630/1/2245 4628/1/2243
f 4630/1/2245 4629/1/2244 4631/1/2246
f 4631/1/2246 4632/1/2247 4630/1/2245
f 4632/1/2247 4631/1/2246 4633/1/2248
f 4634/1/2249 4632/1/2247 4633/1/2248
f 4632/1/2247 4634/1/2249 4635/1/2250
f 4635/1/2250 4634/1/2249 4636/1/2251
f 4636/1/2251 4637/1/2252 4635/1/2250
f 4637/1/2252 4636/1/2251 4638/1/2253
f 4638/1/2253 4636/1/2251 4639/1/2254
f 4640/1/2255 4638/1/2253 4639/1/2254
f 4638/1/2253 4640/1/2255 4641/1/2256
f 4642/1/2257 4641/1/2256 4640/1/2255
f 4641/1/2256 4642/1/2257 4643/1/2258
f 4644/1/2259 4643/1/2258 4642/1/2257
f 4643/1/2258 4644/1/2259 4645/1/2260
f 4646/1/2261 4645/1/2260 4644/1/2259
f 4645/1/2260 4646/1/2261 4647/1/2262
f 4646/1/2261 4620/1/2235 4647/1/2262
f 4621/1/2236 4620/1/2235 4646/1/2261
f 4648/1/2263 4649/1/2264 4650/1/2265
f 4650/1/2265 4651/1/2266 4648/1/2263
f 4652/1/2267 4651/1/2266 4650/1/2265
f 4651/1/2266 4652/1/2267 4653/1/2268
f 4652/1/2267 4654/1/2269 4653/1/2268
f 4654/1/2269 4652/1/2267 4655/1/2270
f 4655/1/2270 4444/1/2271 4654/1/2269
f 4444/1/2271 4655/1/2270 4442/1/2272
f 4656/1/2273 4657/1/2274 4658/1/2275
f 4656/1/2273 4658/1/2275 4659/1/2276
f 4658/1/2275 4660/1/2277 4659/1/2276
f 4660/1/2277 4661/1/2278 4659/1/2276
f 4660/1/2277 4662/1/2279 4661/1/2278
f 4662/1/2279 4660/1/2277 4663/1/2280
f 4664/1/2281 4662/1/2279 4663/1/2280
f 4662/1/2279 4664/1/2281 4665/1/2282
f 4666/1/2283 4665/1/2282 4664/1/2281
f 4666/1/2283 4667/1/2284 4665/1/2282
f 4668/1/2285 4667/1/2284 4666/1/2283
f 4667/1/2284 4668/1/2285 4669/1/2286
f 4670/1/2287 4669/1/2286 4668/1/2285
f 4669/1/2286 4670/1/2287 4671/1/2288
f 4672/1/2289 4671/1/2288 4670/1/2287
f 4671/1/2288 4672/1/2289 4673/1/2290
f 4672/1/2289 4674/1/2291 4673/1/2290
f 4674/1/2291 4672/1/2289 4675/1/2292
f 4675/1/2292 4676/1/2293 4674/1/2291
f 4676/1/2293 4675/1/2292 4677/1/2294
f 4677/1/2294 4678/1/2295 4676/1/2293
f 4679/1/2296 4678/1/2295 4677/1/2294
f 4679/1/2296 4680/1/2297 4678/1/2295
f 4680/1/2297 4679/1/2296 4681/1/2298
f 4458/1/2299 4460/1/2300 4682/1/2301
f 4458/1/2302 4682/1/2303 4683/1/2304
f 4684/1/2305 4683/1/2304 4682/1/2303
f 4684/1/2305 4685/1/2306 4683/1/2304
f 4686/1/2307 4685/1/2306 4684/1/2305
f 4686/1/2307 4687/1/2308 4685/1/2306
f 4688/1/2309 4687/1/2308 4686/1/2307
f 4688/1/2309 4689/1/2310 4687/1/2308
f 4688/1/2309 4690/1/2311 4689/1/2310
f 4690/1/2311 4688/1/2309 4691/1/2312
f 4692/1/2313 4690/1/2311 4691/1/2312
f 4693/1/2314 4692/1/2313 4691/1/2312
f 4693/1/2314 4694/1/2315 4692/1/2313
f 4694/1/2315 4693/1/2314 4695/1/2316
f 4695/1/2316 4696/1/2317 4694/1/2315
f 4696/1/2317 4695/1/2316 4697/1/2318
f 4697/1/2318 4698/1/2319 4696/1/2317
f 4698/1/2319 4697/1/2318 4699/1/2320
f 4698/1/2319 4699/1/2320 4700/1/2321
f 4698/1/2319 4700/1/2321 4701/1/2322
f 4701/1/2322 4700/1/2321 4702/1/2323
f 4701/1/2322 4702/1/2323 4703/1/2324
f 4703/1/2324 4702/1/2323 4704/1/2325
f 4703/1/2324 4704/1/2325 4705/1/2326
f 4705/1/2326 4704/1/2325 4706/1/2327
f 4705/1/2326 4706/1/2327 4707/1/2328
f 4707/1/2328 4706/1/2327 4462/1/2329
f 4707/1/2328 4462/1/2329 4464/1/2330
f 4465/1/2331 4463/1/2332 4708/1/2333
f 4465/1/2334 4708/1/2335 4709/1/2336
f 4709/1/2336 4708/1/2335 4710/1/2337
f 4709/1/2336 4710/1/2337 4711/1/2338
f 4711/1/2338 4710/1/2337 4712/1/2339
f 4711/1/2338 4712/1/2339 4713/1/2340
f 4713/1/2340 4712/1/2339 4714/1/2341
f 4713/1/2340 4714/1/2341 4715/1/2342
f 4715/1/2342 4714/1/2341 4716/1/2343
f 4715/1/2342 4716/1/2343 4717/1/2344
f 4717/1/2344 4716/1/2343 4718/1/2345
f 4716/1/2343 4719/1/2346 4718/1/2345
f 4718/1/2345 4719/1/2346 4720/1/2347
f 4721/1/2348 4720/1/2347 4719/1/2346
f 4720/1/2347 4721/1/2348 4722/1/2349
f 4721/1/2348 4723/1/2350 4722/1/2349
f 4722/1/2349 4723/1/2350 4724/1/2351
f 4723/1/2350 4725/1/2352 4724/1/2351
f 4724/1/2351 4725/1/2352 4726/1/2353
f 4724/1/2351 4726/1/2353 4727/1/2354
f 4727/1/2354 4726/1/2353 4728/1/2355
f 4727/1/2354 4728/1/2355 4729/1/2356
f 4729/1/2356 4728/1/2355 4730/1/2357
f 4729/1/2356 4730/1/2357 4731/1/2358
f 4731/1/2358 4730/1/2357 4732/1/2359
f 4731/1/2358 4732/1/2359 4733/1/2360
f 4733/1/2360 4732/1/2359 4461/1/2361
f 4733/1/2360 4461/1/2361 4459/1/2362
f 4734/1/2363 4735/1/2364 4736/1/2365
f 4737/1/2366 4736/1/2365 4735/1/2364
f 4736/1/2365 4737/1/2366 4738/1/2367
f 4739/1/2368 4738/1/2367 4737/1/2366
f 4738/1/2367 4739/1/2368 4740/1/2369
f 4741/1/2370 4740/1/2369 4739/1/2368
f 4741/1/2370 4742/1/2371 4740/1/2369
f 4742/1/2371 4741/1/2370 4743/1/2372
f 4743/1/2372 4744/1/2373 4742/1/2371
f 4744/1/2373 4743/1/2372 4745/1/2374
f 4745/1/2374 4746/1/2375 4744/1/2373
f 4746/1/2375 4745/1/2374 4747/1/2376
f 4747/1/2376 4748/1/2377 4746/1/2375
f 4748/1/2377 4747/1/2376 4749/1/2378
f 4748/1/2377 4749/1/2378 4750/1/2379
f 4751/1/2380 4750/1/2379 4749/1/2378
f 4750/1/2379 4751/1/2380 4752/1/2381
f 4753/1/2382 4752/1/2381 4751/1/2380
f 4752/1/2381 4753/1/2382 4754/1/2383
f 4755/1/2384 4754/1/2383 4753/1/2382
f 4754/1/2383 4755/1/2384 4756/1/2385
f 4757/1/2386 4756/1/2385 4755/1/2384
f 4756/1/2385 4757/1/2386 4734/1/2363
f 4735/1/2364 4734/1/2363 4757/1/2386
f 4758/1/2363 4759/1/2364 4760/1/2387
f 4761/1/2388 4760/1/2387 4759/1/2364
f 4760/1/2387 4761/1/2388 4762/1/2389
f 4763/1/2368 4762/1/2389 4761/1/2388
f 4762/1/2389 4763/1/2368 4764/1/2369
f 4765/1/2370 4764/1/2369 4763/1/2368
f 4765/1/2370 4766/1/2390 4764/1/2369
f 4766/1/2390 4765/1/2370 4767/1/2391
f 4767/1/2391 4768/1/2392 4766/1/2390
f 4768/1/2392 4767/1/2391 4769/1/2374
f 4769/1/2374 4770/1/2375 4768/1/2392
f 4770/1/2375 4769/1/2374 4771/1/2393
f 4771/1/2393 4772/1/2394 4770/1/2375
f 4772/1/2394 4771/1/2393 4773/1/2378
f 4772/1/2394 4773/1/2378 4774/1/2379
f 4775/1/2395 4774/1/2379 4773/1/2378
f 4774/1/2379 4775/1/2395 4776/1/2396
f 4777/1/2397 4776/1/2396 4775/1/2395
f 4776/1/2396 4777/1/2397 4778/1/2383
f 4779/1/2384 4778/1/2383 4777/1/2397
f 4778/1/2383 4779/1/2384 4780/1/2385
f 4781/1/2398 4780/1/2385 4779/1/2384
f 4780/1/2385 4781/1/2398 4758/1/2363
f 4759/1/2364 4758/1/2363 4781/1/2398
f 4498/1/2399 4782/1/2400 4497/1/2401
f 4782/1/2400 4498/1/2399 4588/1/2402
f 4588/1/2402 4783/1/2403 4782/1/2400
f 4783/1/2403 4588/1/2402 4589/1/2404
f 4589/1/2404 4784/1/2405 4783/1/2403
f 4784/1/2405 4589/1/2404 4591/1/2406
f 4591/1/2406 4785/1/2407 4784/1/2405
f 4785/1/2407 4591/1/2406 4593/1/2408
f 4593/1/2408 4786/1/2409 4785/1/2407
f 4786/1/2409 4593/1/2408 4595/1/2410
f 4787/1/2411 4509/1/2412 4508/1/2413
f 4509/1/2412 4787/1/2411 4510/1/2414
f 4788/1/2415 4510/1/2414 4787/1/2411
f 4510/1/2414 4788/1/2415 4511/1/2416
f 4788/1/2415 4789/1/2417 4511/1/2416
f 4511/1/2416 4789/1/2417 4512/1/2418
f 4789/1/2417 4790/1/2419 4512/1/2418
f 4512/1/2418 4790/1/2419 4516/1/2420
f 4790/1/2419 4791/1/2421 4516/1/2420
f 4516/1/2420 4791/1/2421 4518/1/2422
f 4791/1/2421 4792/1/2423 4518/1/2422
f 4518/1/2422 4792/1/2423 4522/1/2424
f 4793/1/2425 4522/1/2424 4792/1/2423
f 4522/1/2424 4793/1/2425 4524/1/2426
f 4524/1/2426 4793/1/2425 4523/1/2427
f 4793/1/2425 4794/1/2428 4523/1/2427
f 4788/1/2429 4787/1/2430 4508/1/2431
f 4507/1/2432 4788/1/2429 4508/1/2431
f 4789/1/2433 4788/1/2429 4507/1/2432
f 4795/1/2434 4789/1/2433 4507/1/2432
f 4505/1/2435 4795/1/2434 4507/1/2432
f 4796/1/2436 4789/1/2433 4795/1/2434
f 4795/1/2434 4505/1/2435 4797/1/2437
f 4797/1/2437 4796/1/2436 4795/1/2434
f 4502/1/2438 4797/1/2437 4505/1/2435
f 4790/1/2439 4789/1/2433 4796/1/2436
f 4798/1/2440 4790/1/2439 4796/1/2436
f 4791/1/2441 4790/1/2439 4798/1/2440
f 4796/1/2436 4797/1/2437 4799/1/2442
f 4799/1/2442 4798/1/2440 4796/1/2436
f 4798/1/2440 4794/1/2443 4791/1/2441
f 4791/1/2441 4794/1/2443 4792/1/2444
f 4793/1/2445 4792/1/2444 4794/1/2443
f 4800/1/2446 4794/1/2443 4798/1/2440
f 4798/1/2440 4801/1/2447 4800/1/2446
f 4798/1/2440 4799/1/2442 4801/1/2447
f 4802/1/2448 4800/1/2446 4801/1/2447
f 4803/1/2449 4799/1/2442 4797/1/2437
f 4797/1/2437 4502/1/2438 4803/1/2449
f 4804/1/2450 4801/1/2447 4799/1/2442
f 4799/1/2442 4803/1/2449 4804/1/2450
f 4802/1/2448 4801/1/2447 4805/1/2451
f 4801/1/2447 4804/1/2450 4805/1/2451
f 4805/1/2451 4806/1/2452 4802/1/2448
f 4806/1/2452 4805/1/2451 4807/1/2453
f 4804/1/2450 4807/1/2453 4805/1/2451
f 4807/1/2453 4808/1/2454 4806/1/2452
f 4808/1/2454 4807/1/2453 4809/1/2455
f 4809/1/2455 4807/1/2453 4785/1/2456
f 4809/1/2455 4785/1/2456 4786/1/2457
f 4785/1/2456 4807/1/2453 4784/1/2458
f 4810/1/2459 4807/1/2453 4804/1/2450
f 4810/1/2459 4784/1/2458 4807/1/2453
f 4810/1/2459 4804/1/2450 4803/1/2449
f 4810/1/2459 4783/1/2460 4784/1/2458
f 4811/1/2461 4810/1/2459 4803/1/2449
f 4811/1/2461 4783/1/2460 4810/1/2459
f 4811/1/2461 4803/1/2449 4502/1/2438
f 4811/1/2461 4782/1/2462 4783/1/2460
f 4500/1/2463 4811/1/2461 4502/1/2438
f 4782/1/2462 4811/1/2461 4500/1/2463
f 4500/1/2463 4497/1/2464 4782/1/2462
f 4562/1/2465 4572/1/2466 4569/1/2467
f 4546/1/2468 4572/1/2466 4562/1/2465
f 4546/1/2468 4574/1/2469 4572/1/2466
f 4546/1/2468 4575/1/2470 4574/1/2469
f 4575/1/2470 4546/1/2468 4542/1/2471
f 4542/1/2471 4578/1/2472 4575/1/2470
f 4578/1/2472 4542/1/2471 4541/1/2473
f 4541/1/2473 4581/1/2474 4578/1/2472
f 4541/1/2473 4539/1/2475 4581/1/2474
f 4539/1/2475 4537/1/2476 4581/1/2474
f 4537/1/2476 4594/1/2477 4581/1/2474
f 4537/1/2476 4535/1/2478 4594/1/2477
f 4535/1/2478 4786/1/2479 4594/1/2477
f 4786/1/2479 4595/1/2480 4594/1/2477
f 4534/1/2481 4786/1/2479 4535/1/2478
f 4786/1/2479 4534/1/2481 4809/1/2482
f 4532/1/2483 4809/1/2482 4534/1/2481
f 4809/1/2482 4532/1/2483 4808/1/2484
f 4806/1/2485 4808/1/2484 4532/1/2483
f 4529/1/2486 4806/1/2485 4532/1/2483
f 4526/1/2487 4806/1/2485 4529/1/2486
f 4802/1/2488 4806/1/2485 4526/1/2487
f 4526/1/2487 4521/1/2489 4802/1/2488
f 4800/1/2490 4802/1/2488 4521/1/2489
f 4521/1/2489 4794/1/2491 4800/1/2490
f 4794/1/2491 4521/1/2489 4523/1/2492
f 4812/1/2493 4813/1/2494 4814/1/2495
f 4815/1/2496 4812/1/2493 4814/1/2495
f 4812/1/2493 4815/1/2496 4816/1/2497
f 4816/1/2497 4815/1/2496 4817/1/2498
f 4818/1/2499 4816/1/2500 4817/1/2501
f 4816/1/2500 4818/1/2499 4819/1/2502
f 4818/1/2499 4820/1/2503 4819/1/2502
f 4819/1/2502 4820/1/2503 4821/1/2504
f 4820/1/2503 4822/1/2505 4821/1/2504
f 4823/1/2506 4821/1/2504 4822/1/2505
f 4823/1/2506 4822/1/2505 4824/1/2507
f 4823/1/2506 4824/1/2507 4825/1/2508
f 4825/1/2508 4824/1/2507 4826/1/2509
f 4825/1/2508 4826/1/2509 4827/1/2510
f 4827/1/2510 4826/1/2509 4828/1/2511
f 4828/1/2511 4826/1/2509 4829/1/2512
f 4828/1/2511 4829/1/2512 4830/1/2513
f 4830/1/2513 4829/1/2512 4831/1/2514
f 4831/1/2514 4829/1/2512 4832/1/2515
f 4831/1/2514 4832/1/2515 4833/1/2516
f 4834/1/2517 4835/1/2518 4836/1/2519
f 4837/1/2520 4835/1/2518 4834/1/2517
f 4837/1/2520 4838/1/2521 4835/1/2518
f 4837/1/2520 4839/1/2522 4838/1/2521
f 4839/1/2522 4837/1/2520 4840/1/2523
f 4840/1/2523 4841/1/2524 4839/1/2522
f 4841/1/2524 4840/1/2523 4842/1/2525
f 4841/1/2524 4842/1/2525 4843/1/2526
f 4844/1/2527 4843/1/2526 4842/1/2525
f 4845/1/2528 4843/1/2526 4844/1/2527
f 4843/1/2526 4845/1/2528 4846/1/2529
f 4847/1/2530 4846/1/2529 4845/1/2528
f 4848/1/2531 4846/1/2529 4847/1/2530
f 4849/1/2532 4846/1/2529 4848/1/2531
f 4849/1/2532 4850/1/2533 4846/1/2529
f 4850/1/2533 4849/1/2532 4851/1/2534
f 4851/1/2534 4852/1/2535 4850/1/2533
f 4853/1/2536 4850/1/2533 4852/1/2535
f 4812/1/2537 4853/1/2536 4852/1/2535
f 4852/1/2535 4813/1/2538 4812/1/2537
f 4854/1/2539 4434/1/2540 4436/1/2541
f 4434/1/2540 4854/1/2539 4855/1/2542
f 4856/1/2543 4855/1/2542 4854/1/2539
f 4857/1/2544 4855/1/2542 4856/1/2543
f 4857/1/2544 4856/1/2543 4858/1/2545
f 4858/1/2545 4859/1/2546 4857/1/2544
f 4858/1/2545 4860/1/2547 4859/1/2546
f 4860/1/2547 4858/1/2545 4861/1/2548
f 4861/1/2548 4862/1/2549 4860/1/2547
f 4862/1/2549 4861/1/2548 4863/1/2550
f 4863/1/2550 4864/1/2551 4862/1/2549
f 4864/1/2551 4863/1/2550 4865/1/2552
f 4865/1/2552 4866/1/2553 4864/1/2551
f 4866/1/2553 4865/1/2552 4867/1/2554
f 4866/1/2553 4867/1/2554 4868/1/2552
f 4869/1/2554 4866/1/2553 4868/1/2552
f 4870/1/2555 4869/1/2554 4868/1/2552
f 4871/1/2552 4869/1/2554 4870/1/2555
f 4872/1/2555 4871/1/2552 4870/1/2555
f 4873/1/2555 4871/1/2552 4872/1/2555
f 4874/1/2556 4873/1/2555 4872/1/2555
f 4873/1/2555 4874/1/2556 4875/1/2557
f 4876/1/2558 4875/1/2557 4874/1/2556
f 4875/1/2557 4876/1/2558 4877/1/2559
f 4878/1/2560 4877/1/2559 4876/1/2558
f 4877/1/2559 4878/1/2560 4879/1/2559
f 4880/1/2560 4879/1/2559 4878/1/2560
f 4879/1/2559 4880/1/2560 4881/1/2560
f 4882/1/2559 4881/1/2560 4880/1/2560
f 4881/1/2560 4882/1/2559 4883/1/2561
f 4882/1/2559 4884/1/2551 4883/1/2561
f 4884/1/2551 4882/1/2559 4885/1/2562
f 4885/1/2562 4886/1/2554 4884/1/2551
f 4886/1/2554 4885/1/2562 4887/1/2563
f 4887/1/2563 4888/1/2554 4886/1/2554
f 4888/1/2554 4887/1/2563 4889/1/2564
f 4890/1/2560 4888/1/2554 4889/1/2564
f 4891/1/2558 4888/1/2554 4890/1/2560
f 4891/1/2558 4890/1/2560 4892/1/2560
f 4892/1/2560 4893/1/2561 4891/1/2558
f 4892/1/2560 4894/1/2556 4893/1/2561
f 4894/1/2556 4892/1/2560 4895/1/2556
f 4895/1/2556 4440/1/2555 4894/1/2556
f 4440/1/2555 4895/1/2556 4438/1/2555
f 4437/1/2565 4896/1/2566 4435/1/2567
f 4896/1/2566 4437/1/2565 4897/1/2568
f 4897/1/2568 4898/1/2569 4896/1/2566
f 4898/1/2569 4897/1/2568 4899/1/2570
f 4899/1/2570 4900/1/2571 4898/1/2569
f 4900/1/2571 4899/1/2570 4901/1/2572
f 4901/1/2572 4902/1/2573 4900/1/2571
f 4902/1/2573 4903/1/2574 4900/1/2571
f 4902/1/2573 4904/1/2575 4903/1/2574
f 4905/1/2576 4903/1/2574 4904/1/2575
f 4906/1/2577 4905/1/2576 4904/1/2575
f 4905/1/2576 4906/1/2577 4907/1/2578
f 4908/1/2579 4907/1/2578 4906/1/2577
f 4907/1/2578 4908/1/2579 4909/1/2580
f 4908/1/2579 4910/1/2581 4909/1/2580
f 4910/1/2581 4908/1/2579 4911/1/2581
f 4911/1/2581 4912/1/2582 4910/1/2581
f 4912/1/2582 4911/1/2581 4913/1/2582
f 4913/1/2582 4914/1/2583 4912/1/2582
f 4914/1/2583 4913/1/2582 4915/1/2583
f 4915/1/2583 4916/1/2584 4914/1/2583
f 4916/1/2584 4915/1/2583 4917/1/2575
f 4917/1/2575 4918/1/2584 4916/1/2584
f 4918/1/2584 4917/1/2575 4919/1/2585
f 4919/1/2585 4920/1/2586 4918/1/2584
f 4920/1/2586 4919/1/2585 4921/1/2587
f 4921/1/2587 4922/1/2586 4920/1/2586
f 4922/1/2586 4921/1/2587 4923/1/2586
f 4923/1/2586 4924/1/2588 4922/1/2586
f 4924/1/2588 4923/1/2586 4925/1/2589
f 4926/1/2581 4924/1/2588 4925/1/2589
f 4924/1/2588 4926/1/2581 4927/1/2582
f 4927/1/2582 4926/1/2581 4928/1/2582
f 4927/1/2582 4928/1/2582 4929/1/2573
f 4928/1/2582 4930/1/2590 4929/1/2573
f 4930/1/2590 4931/1/2573 4929/1/2573
f 4930/1/2590 4932/1/2585 4931/1/2573
f 4932/1/2585 4930/1/2590 4933/1/2583
f 4933/1/2583 4934/1/2591 4932/1/2585
f 4934/1/2591 4933/1/2583 4935/1/2592
f 4935/1/2592 4936/1/2593 4934/1/2591
f 4936/1/2593 4935/1/2592 4937/1/2594
f 4937/1/2594 4439/1/2595 4936/1/2593
f 4441/1/2595 4936/1/2593 4439/1/2595
f 4604/1/2596 4938/1/2597 4605/1/2598
f 4938/1/2597 4604/1/2596 4939/1/2599
f 4602/1/2600 4939/1/2599 4604/1/2596
f 4939/1/2599 4602/1/2600 4940/1/2601
f 4602/1/2600 4941/1/2602 4940/1/2601
f 4941/1/2602 4602/1/2600 4600/1/2603
f 4600/1/2603 4942/1/2604 4941/1/2602
f 4942/1/2604 4600/1/2603 4598/1/2605
f 4942/1/2604 4598/1/2605 4597/1/2606
f 4597/1/2606 4943/1/2607 4942/1/2604
f 4597/1/2606 4944/1/2608 4943/1/2607
f 4944/1/2608 4597/1/2606 4596/1/2609
f 4596/1/2609 4945/1/2610 4944/1/2608
f 4945/1/2610 4596/1/2609 4599/1/2611
f 4599/1/2611 4946/1/2612 4945/1/2610
f 4946/1/2612 4599/1/2611 4601/1/2613
f 4603/1/2614 4946/1/2612 4601/1/2613
f 4946/1/2612 4603/1/2614 4947/1/2615
f 4606/1/2616 4947/1/2615 4603/1/2614
f 4947/1/2615 4606/1/2616 4948/1/2617
f 4607/1/2618 4948/1/2617 4606/1/2616
f 4948/1/2617 4607/1/2618 4949/1/2619
f 4610/1/2620 4949/1/2619 4607/1/2618
f 4949/1/2619 4610/1/2620 4950/1/2621
f 4610/1/2620 4951/1/2622 4950/1/2621
f 4951/1/2622 4610/1/2620 4612/1/2623
f 4612/1/2623 4952/1/2624 4951/1/2622
f 4952/1/2624 4612/1/2623 4613/1/2625
f 4611/1/2626 4952/1/2624 4613/1/2625
f 4611/1/2626 4953/1/2627 4952/1/2624
f 4615/1/2628 4953/1/2627 4611/1/2626
f 4953/1/2627 4615/1/2628 4954/1/2629
f 4617/1/2630 4954/1/2629 4615/1/2628
f 4954/1/2629 4617/1/2630 4955/1/2631
f 4617/1/2630 4956/1/2632 4955/1/2631
f 4956/1/2632 4617/1/2630 4618/1/2633
f 4618/1/2633 4957/1/2634 4956/1/2632
f 4957/1/2634 4618/1/2633 4619/1/2635
f 4957/1/2634 4619/1/2635 4616/1/2636
f 4616/1/2636 4958/1/2637 4957/1/2634
f 4616/1/2636 4959/1/2638 4958/1/2637
f 4959/1/2638 4616/1/2636 4614/1/2639
f 4614/1/2639 4960/1/2640 4959/1/2638
f 4960/1/2640 4614/1/2639 4609/1/2641
f 4609/1/2642 4961/1/2643 4960/1/2644
f 4961/1/2643 4609/1/2642 4608/1/2645
f 4608/1/2645 4938/1/2646 4961/1/2643
f 4938/1/2646 4608/1/2645 4605/1/2647
f 4944/1/2648 4942/1/2649 4943/1/2650
f 4945/1/2651 4942/1/2649 4944/1/2648
f 4942/1/2649 4945/1/2651 4941/1/2652
f 4946/1/2653 4941/1/2652 4945/1/2651
f 4946/1/2653 4940/1/2654 4941/1/2652
f 4940/1/2654 4946/1/2653 4947/1/2655
f 4947/1/2655 4939/1/2656 4940/1/2654
f 4947/1/2655 4938/1/2657 4939/1/2656
f 4938/1/2657 4947/1/2655 4948/1/2658
f 4949/1/2658 4938/1/2657 4948/1/2658
f 4938/1/2657 4949/1/2658 4961/1/2659
f 4949/1/2658 4960/1/2660 4961/1/2659
f 4960/1/2660 4949/1/2658 4950/1/2655
f 4951/1/2653 4960/1/2660 4950/1/2655
f 4960/1/2660 4951/1/2653 4952/1/2661
f 4960/1/2660 4952/1/2661 4953/1/2662
f 4953/1/2662 4959/1/2663 4960/1/2660
f 4959/1/2663 4953/1/2662 4954/1/2664
f 4954/1/2664 4958/1/2665 4959/1/2663
f 4958/1/2665 4954/1/2664 4955/1/2666
f 4958/1/2665 4955/1/2666 4956/1/2667
f 4958/1/2665 4956/1/2667 4957/1/2668
f 4962/1/2669 4447/1/2670 4449/1/2671
f 4447/1/2670 4962/1/2669 4963/1/2672
f 4964/1/2673 4963/1/2672 4962/1/2669
f 4963/1/2672 4964/1/2673 4965/1/2674
f 4964/1/2673 4966/1/2675 4965/1/2674
f 4966/1/2675 4964/1/2673 4967/1/2676
f 4967/1/2676 4968/1/2677 4966/1/2675
f 4968/1/2677 4967/1/2676 4969/1/2678
f 4969/1/2678 4970/1/2679 4968/1/2677
f 4970/1/2679 4969/1/2678 4971/1/2680
f 4970/1/2679 4971/1/2680 4972/1/2681
f 4973/1/2682 4970/1/2679 4972/1/2681
f 4973/1/2682 4972/1/2681 4974/1/2683
f 4973/1/2682 4974/1/2683 4975/1/2684
f 4976/1/2685 4975/1/2684 4974/1/2683
f 4975/1/2684 4976/1/2685 4977/1/2686
f 4978/1/2687 4977/1/2686 4976/1/2685
f 4977/1/2686 4978/1/2687 4979/1/2688
f 4980/1/2689 4979/1/2688 4978/1/2687
f 4979/1/2688 4980/1/2689 4981/1/2690
f 4981/1/2690 4980/1/2689 4982/1/2691
f 4982/1/2691 4983/1/2692 4981/1/2690
f 4984/1/2693 4983/1/2692 4982/1/2691
f 4983/1/2692 4984/1/2693 4985/1/2694
f 4984/1/2693 4986/1/2695 4985/1/2694
f 4986/1/2695 4984/1/2693 4987/1/2696
f 4986/1/2695 4987/1/2696 4988/1/2697
f 4987/1/2696 4989/1/2698 4988/1/2697
f 4990/1/2699 4988/1/2697 4989/1/2698
f 4988/1/2697 4990/1/2699 4991/1/2700
f 4992/1/2701 4991/1/2700 4990/1/2699
f 4991/1/2700 4992/1/2701 4993/1/2702
f 4992/1/2701 4994/1/2703 4993/1/2702
f 4995/1/2704 4994/1/2703 4992/1/2701
f 4995/1/2704 4996/1/2705 4994/1/2703
f 4997/1/2706 4996/1/2705 4995/1/2704
f 4998/1/2707 4996/1/2705 4997/1/2706
f 4996/1/2705 4998/1/2707 4999/1/2708
f 4998/1/2707 5000/1/2709 4999/1/2708
f 5001/1/2710 5000/1/2709 4998/1/2707
f 5000/1/2709 5001/1/2710 4448/1/2711
f 5001/1/2710 4446/1/2712 4448/1/2711
f 5002/1/2713 5003/1/2714 5004/1/2715
f 5004/1/2715 5003/1/2714 5005/1/2716
f 5006/1/2717 5005/1/2716 5003/1/2714
f 5005/1/2716 5006/1/2717 5007/1/2718
f 5008/1/2719 5007/1/2718 5006/1/2717
f 5007/1/2718 5008/1/2719 5009/1/2720
f 5009/1/2720 5008/1/2719 5010/1/2721
f 5010/1/2721 5008/1/2719 5011/1/2722
f 5010/1/2721 5011/1/2722 4648/1/2723
f 5011/1/2722 4649/1/2724 4648/1/2723
f 4656/1/2725 5012/1/2726 4657/1/2727
f 5012/1/2726 5013/1/2728 4657/1/2727
f 5012/1/2726 5014/1/2729 5013/1/2728
f 5014/1/2729 5015/1/2730 5013/1/2728
f 5014/1/2729 5016/1/2731 5015/1/2730
f 5016/1/2731 5014/1/2729 5017/1/2732
f 5018/1/2733 5016/1/2731 5017/1/2732
f 5016/1/2731 5018/1/2733 5019/1/2734
f 5020/1/2735 5019/1/2734 5018/1/2733
f 5019/1/2734 5020/1/2735 5021/1/2736
f 5020/1/2735 5022/1/2737 5021/1/2736
f 5022/1/2737 5020/1/2735 5023/1/2738
f 5023/1/2738 5024/1/2739 5022/1/2737
f 5024/1/2739 5023/1/2738 5025/1/2740
f 5025/1/2740 5026/1/2741 5024/1/2739
f 5026/1/2741 5025/1/2740 5027/1/2742
f 5028/1/2743 5026/1/2741 5027/1/2742
f 5026/1/2741 5028/1/2743 5029/1/2744
f 5028/1/2743 5030/1/2745 5029/1/2744
f 5030/1/2745 5028/1/2743 5031/1/2746
f 5031/1/2746 5032/1/2747 5030/1/2745
f 5032/1/2747 5031/1/2746 5033/1/2748
f 5033/1/2748 5034/1/2749 5032/1/2747
f 5034/1/2749 5033/1/2748 5035/1/2750
f 5035/1/2750 5036/1/2751 5034/1/2749
f 5036/1/2751 5035/1/2750 5037/1/2752
f 5037/1/2752 5038/1/2753 5036/1/2751
f 5038/1/2753 5037/1/2752 5039/1/2754
f 5039/1/2754 5040/1/2755 5038/1/2753
f 5040/1/2755 5039/1/2754 5041/1/2756
f 5041/1/2756 5042/1/2757 5040/1/2755
f 5042/1/2757 5041/1/2756 5043/1/2758
f 5043/1/2758 5044/1/2759 5042/1/2757
f 5044/1/2759 5043/1/2758 5045/1/2760
f 5044/1/2759 5045/1/2760 5046/1/2761
f 5046/1/2761 5047/1/2762 5044/1/2759
f 5047/1/2762 5046/1/2761 5048/1/2763
f 5048/1/2763 5049/1/2764 5047/1/2762
f 5050/1/2765 5049/1/2764 5048/1/2763
f 5049/1/2764 5050/1/2765 5051/1/2766
f 5050/1/2765 5052/1/2767 5051/1/2766
f 5052/1/2767 5050/1/2765 5053/1/2768
f 5053/1/2768 5054/1/2769 5052/1/2767
f 5054/1/2769 5053/1/2768 5055/1/2770
f 5055/1/2770 5056/1/2771 5054/1/2769
f 5056/1/2771 5055/1/2770 5057/1/2772
f 5002/1/2773 5056/1/2771 5057/1/2772
f 5056/1/2771 5002/1/2773 5004/1/2774
f 4677/1/2775 4681/1/2776 4679/1/2777
f 4677/1/2775 5058/1/2778 4681/1/2776
f 5058/1/2778 4677/1/2775 4675/1/2779
f 4675/1/2779 4672/1/2780 5058/1/2778
f 4672/1/2780 5059/1/2781 5058/1/2778
f 5059/1/2781 4672/1/2780 4670/1/2782
f 5059/1/2781 4670/1/2782 5060/1/2783
f 4670/1/2782 5061/1/2784 5060/1/2783
f 5061/1/2784 4670/1/2782 4668/1/2785
f 4668/1/2785 5062/1/2786 5061/1/2784
f 5062/1/2786 4668/1/2785 4666/1/2787
f 4666/1/2787 5063/1/2788 5062/1/2786
f 5063/1/2788 4666/1/2787 4664/1/2789
f 4664/1/2789 5064/1/2790 5063/1/2788
f 5064/1/2790 4664/1/2789 4663/1/2791
f 4663/1/2791 4443/1/2792 5064/1/2790
f 4443/1/2792 4663/1/2791 4660/1/2793
f 4660/1/2793 4658/1/2794 4443/1/2792
f 5004/1/2795 4443/1/2792 4658/1/2794
f 4443/1/2792 5004/1/2795 4444/1/2796
f 4444/1/2796 5004/1/2795 5005/1/2797
f 5005/1/2797 4654/1/2798 4444/1/2796
f 5005/1/2797 4653/1/2799 4654/1/2798
f 4653/1/2799 5005/1/2797 5007/1/2800
f 5007/1/2800 4651/1/2801 4653/1/2799
f 4651/1/2801 5007/1/2800 5009/1/2802
f 4651/1/2801 5009/1/2802 5010/1/2803
f 4651/1/2801 5010/1/2803 4648/1/2804
f 5004/1/2795 4658/1/2794 4447/1/2805
f 5004/1/2795 4447/1/2805 5056/1/2806
f 4447/1/2805 5054/1/2807 5056/1/2806
f 4447/1/2805 4658/1/2794 4448/1/2808
f 5054/1/2807 4447/1/2805 4963/1/2809
f 4658/1/2794 4657/1/2810 4448/1/2808
f 4963/1/2809 5052/1/2811 5054/1/2807
f 4657/1/2810 5000/1/2812 4448/1/2808
f 5052/1/2811 4963/1/2809 4965/1/2813
f 5000/1/2812 4657/1/2810 5013/1/2814
f 4965/1/2813 5051/1/2815 5052/1/2811
f 5013/1/2814 5015/1/2816 5000/1/2812
f 5051/1/2815 4965/1/2813 4966/1/2817
f 4999/1/2818 5000/1/2812 5015/1/2816
f 4968/1/2819 5051/1/2815 4966/1/2817
f 5015/1/2816 5016/1/2820 4999/1/2818
f 5049/1/2821 5051/1/2815 4968/1/2819
f 5016/1/2820 4996/1/2822 4999/1/2818
f 4970/1/2823 5049/1/2821 4968/1/2819
f 5016/1/2820 5019/1/2824 4996/1/2822
f 4970/1/2823 5047/1/2825 5049/1/2821
f 5019/1/2824 4994/1/2826 4996/1/2822
f 5047/1/2825 4970/1/2823 5044/1/2827
f 5019/1/2824 5021/1/2828 4994/1/2826
f 5021/1/2828 4993/1/2829 4994/1/2826
f 5021/1/2828 5022/1/2830 4993/1/2829
f 4991/1/2831 4993/1/2829 5022/1/2830
f 5022/1/2830 5024/1/2832 4991/1/2831
f 4988/1/2833 4991/1/2831 5024/1/2832
f 5026/1/2834 4988/1/2833 5024/1/2832
f 4986/1/2835 4988/1/2833 5026/1/2834
f 5029/1/2836 4986/1/2835 5026/1/2834
f 4986/1/2835 5029/1/2836 4985/1/2837
f 5029/1/2836 4983/1/2838 4985/1/2837
f 4983/1/2838 5029/1/2836 5030/1/2839
f 5030/1/2839 4981/1/2840 4983/1/2838
f 4981/1/2840 5030/1/2839 5032/1/2841
f 5032/1/2841 4979/1/2842 4981/1/2840
f 4979/1/2842 5032/1/2841 5034/1/2843
f 5034/1/2843 4977/1/2844 4979/1/2842
f 4977/1/2844 5034/1/2843 5036/1/2845
f 5038/1/2846 4977/1/2844 5036/1/2845
f 4977/1/2844 5038/1/2846 4975/1/2847
f 5038/1/2846 4973/1/2848 4975/1/2847
f 4973/1/2848 5038/1/2846 5040/1/2849
f 5042/1/2850 4973/1/2848 5040/1/2849
f 5044/1/2827 4973/1/2848 5042/1/2850
f 4973/1/2848 5044/1/2827 4970/1/2823
f 4676/1/2851 4678/1/2852 4680/1/2853
f 4680/1/2853 5065/1/2854 4676/1/2851
f 4676/1/2851 5065/1/2854 4674/1/2855
f 5065/1/2854 4673/1/2856 4674/1/2855
f 4673/1/2856 5065/1/2854 5066/1/2857
f 5066/1/2857 4671/1/2858 4673/1/2856
f 4671/1/2858 5066/1/2857 5067/1/2859
f 5067/1/2859 4669/1/2860 4671/1/2858
f 4669/1/2860 5067/1/2859 5068/1/2861
f 5069/1/2862 4669/1/2860 5068/1/2861
f 5069/1/2862 4667/1/2863 4669/1/2860
f 4667/1/2863 5069/1/2862 5070/1/2864
f 5070/1/2864 4665/1/2865 4667/1/2863
f 5070/1/2864 4662/1/2866 4665/1/2865
f 4662/1/2866 5070/1/2864 5071/1/2867
f 4445/1/2868 4662/1/2866 5071/1/2867
f 4662/1/2866 4445/1/2868 4661/1/2869
f 4659/1/2870 4661/1/2869 4445/1/2868
f 4445/1/2868 5002/1/2871 4659/1/2870
f 5002/1/2871 4445/1/2868 4442/1/2872
f 5003/1/2873 5002/1/2871 4442/1/2872
f 5003/1/2873 4442/1/2872 4655/1/2874
f 4655/1/2874 5006/1/2875 5003/1/2873
f 5006/1/2875 4655/1/2874 4652/1/2876
f 4652/1/2876 4650/1/2877 5006/1/2875
f 5008/1/2878 5006/1/2875 4650/1/2877
f 4650/1/2877 5011/1/2879 5008/1/2878
f 5011/1/2879 4650/1/2877 4649/1/2880
f 4449/1/2881 4659/1/2870 5002/1/2871
f 4449/1/2881 5002/1/2871 5057/1/2882
f 4449/1/2881 4446/1/2883 4659/1/2870
f 5057/1/2882 4962/1/2884 4449/1/2881
f 4659/1/2870 4446/1/2883 4656/1/2885
f 4962/1/2884 5057/1/2882 5055/1/2886
f 4656/1/2885 4446/1/2883 5001/1/2887
f 5055/1/2886 5053/1/2888 4962/1/2884
f 5012/1/2889 4656/1/2885 5001/1/2887
f 4964/1/2890 4962/1/2884 5053/1/2888
f 5001/1/2887 5014/1/2891 5012/1/2889
f 5053/1/2888 5050/1/2892 4964/1/2890
f 5014/1/2891 5001/1/2887 4998/1/2893
f 4967/1/2894 4964/1/2890 5050/1/2892
f 4998/1/2893 5017/1/2895 5014/1/2891
f 5050/1/2892 4969/1/2896 4967/1/2894
f 5017/1/2895 4998/1/2893 4997/1/2897
f 4969/1/2896 5050/1/2892 5048/1/2898
f 4997/1/2897 5018/1/2899 5017/1/2895
f 5046/1/2900 4969/1/2896 5048/1/2898
f 5018/1/2899 4997/1/2897 4995/1/2901
f 4971/1/2902 4969/1/2896 5046/1/2900
f 4995/1/2901 5020/1/2903 5018/1/2899
f 5045/1/2904 4971/1/2902 5046/1/2900
f 5020/1/2903 4995/1/2901 4992/1/2905
f 4992/1/2905 5023/1/2906 5020/1/2903
f 5023/1/2906 4992/1/2905 4990/1/2907
f 4990/1/2907 5025/1/2908 5023/1/2906
f 5025/1/2908 4990/1/2907 4989/1/2909
f 4987/1/2910 5025/1/2908 4989/1/2909
f 5027/1/2911 5025/1/2908 4987/1/2910
f 4984/1/2912 5027/1/2911 4987/1/2910
f 5027/1/2911 4984/1/2912 5028/1/2913
f 4982/1/2914 5028/1/2913 4984/1/2912
f 5028/1/2913 4982/1/2914 5031/1/2915
f 4980/1/2916 5031/1/2915 4982/1/2914
f 5031/1/2915 4980/1/2916 5033/1/2917
f 4980/1/2916 4978/1/2918 5033/1/2917
f 5035/1/2919 5033/1/2917 4978/1/2918
f 5035/1/2919 4978/1/2918 4976/1/2920
f 5037/1/2921 5035/1/2919 4976/1/2920
f 4974/1/2922 5037/1/2921 4976/1/2920
f 4974/1/2922 5039/1/2923 5037/1/2921
f 4972/1/2924 5039/1/2923 4974/1/2922
f 5039/1/2923 4972/1/2924 5041/1/2925
f 5041/1/2925 4972/1/2924 5043/1/2926
f 4972/1/2924 5045/1/2904 5043/1/2926
f 5045/1/2904 4972/1/2924 4971/1/2902
f 4453/1/2927 5072/1/2928 4452/1/2929
f 5072/1/2928 4453/1/2927 5073/1/2930
f 5073/1/2930 5074/1/2931 5072/1/2928
f 5074/1/2931 5073/1/2930 5075/1/2932
f 5075/1/2932 5076/1/2933 5074/1/2931
f 5076/1/2933 5075/1/2932 5077/1/2934
f 5077/1/2934 5078/1/2935 5076/1/2933
f 5078/1/2935 5077/1/2934 5079/1/2936
f 5079/1/2936 5080/1/2937 5078/1/2935
f 5080/1/2937 5079/1/2936 5081/1/2938
f 5081/1/2938 5082/1/2939 5080/1/2937
f 5082/1/2939 5081/1/2938 5083/1/2940
f 5083/1/2940 5084/1/2941 5082/1/2939
f 5084/1/2941 5083/1/2940 5085/1/2942
f 5085/1/2942 5086/1/2943 5084/1/2941
f 5086/1/2943 5085/1/2942 5087/1/2944
f 5087/1/2944 5088/1/2945 5086/1/2943
f 5088/1/2945 5087/1/2944 5089/1/2946
f 5089/1/2946 5090/1/2947 5088/1/2945
f 5090/1/2947 5089/1/2946 5091/1/2948
f 5091/1/2948 5092/1/2949 5090/1/2947
f 5092/1/2949 5091/1/2948 5093/1/2950
f 5093/1/2950 5094/1/2951 5092/1/2949
f 5094/1/2951 5093/1/2950 5095/1/2952
f 5095/1/2952 5096/1/2953 5094/1/2951
f 5096/1/2953 5095/1/2952 5097/1/2954
f 5097/1/2954 5098/1/2955 5096/1/2953
f 5098/1/2955 5097/1/2954 5099/1/2956
f 5099/1/2956 5100/1/2957 5098/1/2955
f 5100/1/2957 5099/1/2956 5101/1/2958
f 5101/1/2958 5102/1/2959 5100/1/2957
f 5102/1/2959 5103/1/2960 5100/1/2957
f 5103/1/2960 5102/1/2959 5104/1/2961
f 5104/1/2961 5105/1/2962 5103/1/2960
f 5103/1/2960 5105/1/2962 5106/1/2963
f 5105/1/2962 5107/1/2964 5106/1/2963
f 5108/1/2965 5106/1/2963 5107/1/2964
f 5106/1/2963 5108/1/2965 5109/1/2966
f 5110/1/2967 5109/1/2966 5108/1/2965
f 5109/1/2966 5110/1/2967 5111/1/2968
f 5111/1/2968 5110/1/2967 5112/1/2969
f 5113/1/2970 5112/1/2969 5110/1/2967
f 5112/1/2969 5113/1/2970 5114/1/2971
f 5115/1/2972 5114/1/2971 5113/1/2970
f 5114/1/2971 5115/1/2972 5116/1/2973
f 5117/1/2974 5116/1/2973 5115/1/2972
f 5116/1/2973 5117/1/2974 5118/1/2975
f 5119/1/2976 5118/1/2975 5117/1/2974
f 5119/1/2976 5120/1/2977 5118/1/2975
f 5120/1/2977 5119/1/2976 5121/1/2978
f 5120/1/2977 5121/1/2978 5122/1/2979
f 5123/1/2980 5122/1/2979 5121/1/2978
f 5123/1/2980 5124/1/2981 5122/1/2979
f 5125/1/2982 5124/1/2981 5123/1/2980
f 5126/1/2983 5124/1/2981 5125/1/2982
f 5124/1/2981 5126/1/2983 5127/1/2984
f 5127/1/2984 5126/1/2983 5128/1/2985
f 5129/1/2986 5128/1/2985 5126/1/2983
f 5128/1/2985 5129/1/2986 5130/1/2987
f 5131/1/2988 5130/1/2987 5129/1/2986
f 5131/1/2988 5132/1/2989 5130/1/2987
f 5132/1/2989 5131/1/2988 5133/1/2990
f 5133/1/2990 5134/1/2991 5132/1/2989
f 5134/1/2991 5133/1/2990 5135/1/2992
f 5136/1/2993 5134/1/2991 5135/1/2992
f 5134/1/2991 5136/1/2993 5137/1/2994
f 5138/1/2995 5137/1/2994 5136/1/2993
f 5137/1/2994 5138/1/2995 5139/1/2996
f 5140/1/2997 5139/1/2996 5138/1/2995
f 5139/1/2996 5140/1/2997 5141/1/2998
f 5141/1/2998 5140/1/2997 5142/1/2999
f 5140/1/2997 5143/1/3000 5142/1/2999
f 5142/1/2999 5143/1/3000 5144/1/3001
f 5143/1/3000 5145/1/3002 5144/1/3001
f 5144/1/3001 5145/1/3002 5146/1/3003
f 5145/1/3002 5147/1/3004 5146/1/3003
f 5146/1/3003 5147/1/3004 5148/1/3005
f 5147/1/3004 5149/1/3006 5148/1/3005
f 5149/1/3006 5150/1/3007 5148/1/3005
f 5150/1/3007 5149/1/3006 5151/1/3008
f 5150/1/3007 5151/1/3008 5152/1/3009
f 5151/1/3008 5153/1/3010 5152/1/3009
f 5152/1/3009 5153/1/3010 5154/1/3011
f 5153/1/3010 5155/1/3012 5154/1/3011
f 5154/1/3011 5155/1/3012 5156/1/3013
f 5155/1/3012 5157/1/3014 5156/1/3013
f 5156/1/3013 5157/1/3014 5158/1/3015
f 5157/1/3014 5159/1/3016 5158/1/3015
f 5158/1/3015 5159/1/3016 5160/1/3017
f 5159/1/3016 5161/1/3018 5160/1/3017
f 5161/1/3018 4456/1/3019 5160/1/3017
f 4456/1/3019 5161/1/3018 4454/1/3020
f 5162/1/3021 4451/1/3022 4450/1/3023
f 4451/1/3022 5162/1/3021 5163/1/3024
f 5164/1/3025 5163/1/3024 5162/1/3021
f 5164/1/3025 5165/1/3026 5163/1/3024
f 5166/1/3027 5165/1/3026 5164/1/3025
f 5167/1/3028 5165/1/3026 5166/1/3027
f 5168/1/3029 5167/1/3028 5166/1/3027
f 5168/1/3029 5169/1/3030 5167/1/3028
f 5170/1/3031 5169/1/3030 5168/1/3029
f 5170/1/3031 5171/1/3032 5169/1/3030
f 5172/1/3033 5171/1/3032 5170/1/3031
f 5172/1/3033 5173/1/3034 5171/1/3032
f 5174/1/3035 5173/1/3034 5172/1/3033
f 5174/1/3035 5175/1/3036 5173/1/3034
f 5176/1/3037 5175/1/3036 5174/1/3035
f 5176/1/3037 5177/1/3038 5175/1/3036
f 5178/1/3039 5177/1/3038 5176/1/3037
f 5178/1/3039 5179/1/3040 5177/1/3038
f 5180/1/3041 5179/1/3040 5178/1/3039
f 5180/1/3041 5181/1/3042 5179/1/3040
f 5182/1/3043 5181/1/3042 5180/1/3041
f 5182/1/3043 5183/1/3044 5181/1/3042
f 5184/1/3045 5183/1/3044 5182/1/3043
f 5184/1/3045 5185/1/3046 5183/1/3044
f 5186/1/3047 5185/1/3046 5184/1/3045
f 5186/1/3047 5187/1/3048 5185/1/3046
f 5188/1/3049 5187/1/3048 5186/1/3047
f 5188/1/3049 5189/1/3050 5187/1/3048
f 5190/1/3051 5189/1/3050 5188/1/3049
f 5190/1/3051 5191/1/3052 5189/1/3050
f 5192/1/3053 5191/1/3052 5190/1/3051
f 5191/1/3052 5192/1/3053 5193/1/3054
f 5194/1/3055 5193/1/3054 5192/1/3053
f 5193/1/3054 5194/1/3055 5195/1/3056
f 5196/1/3057 5195/1/3056 5194/1/3055
f 5195/1/3056 5196/1/3057 5197/1/3058
f 5198/1/3059 5197/1/3058 5196/1/3057
f 5197/1/3058 5198/1/3059 5199/1/3060
f 5198/1/3059 5200/1/3061 5199/1/3060
f 5200/1/3061 5198/1/3059 5201/1/3062
f 5201/1/3062 5202/1/3063 5200/1/3061
f 5202/1/3063 5201/1/3062 5203/1/3064
f 5203/1/3064 5204/1/3065 5202/1/3063
f 5204/1/3065 5203/1/3064 5205/1/3066
f 5204/1/3065 5205/1/3066 5206/1/3067
f 5204/1/3065 5206/1/3067 5207/1/3068
f 5206/1/3067 5208/1/3069 5207/1/3068
f 5208/1/3069 5206/1/3067 5209/1/3070
f 5208/1/3069 5209/1/3070 5210/1/3071
f 5208/1/3069 5210/1/3071 5211/1/3072
f 5211/1/3072 5210/1/3071 5212/1/3073
f 5211/1/3072 5212/1/3073 5213/1/3074
f 5213/1/3074 5212/1/3073 5214/1/3075
f 5213/1/3074 5214/1/3075 5215/1/3076
f 5215/1/3076 5214/1/3075 5216/1/3077
f 5215/1/3076 5216/1/3077 5217/1/3078
f 5217/1/3078 5216/1/3077 5218/1/3079
f 5217/1/3078 5218/1/3079 5219/1/3080
f 5220/1/3081 5219/1/3080 5218/1/3079
f 5220/1/3081 5221/1/3082 5219/1/3080
f 5220/1/3081 5222/1/3083 5221/1/3082
f 5222/1/3083 5220/1/3081 5223/1/3084
f 5223/1/3084 5224/1/3085 5222/1/3083
f 5224/1/3085 5223/1/3084 5225/1/3086
f 5224/1/3085 5225/1/3086 5226/1/3087
f 5224/1/3085 5226/1/3087 5227/1/3088
f 5227/1/3088 5226/1/3087 5228/1/3089
f 5227/1/3088 5228/1/3089 5229/1/3090
f 5229/1/3090 5228/1/3089 5230/1/3091
f 5229/1/3090 5230/1/3091 5231/1/3092
f 5230/1/3091 5232/1/3093 5231/1/3092
f 5232/1/3093 5230/1/3091 5233/1/3094
f 5233/1/3094 5234/1/3095 5232/1/3093
f 5234/1/3095 5233/1/3094 5235/1/3096
f 5235/1/3096 5236/1/3097 5234/1/3095
f 5236/1/3097 5235/1/3096 5237/1/3098
f 5237/1/3098 5238/1/3099 5236/1/3097
f 5238/1/3099 5237/1/3098 5239/1/3100
f 5239/1/3100 5240/1/3101 5238/1/3099
f 5238/1/3099 5240/1/3101 5241/1/3102
f 5240/1/3101 5242/1/3103 5241/1/3102
f 5241/1/3102 5242/1/3103 5243/1/3104
f 5242/1/3103 5244/1/3105 5243/1/3104
f 5243/1/3104 5244/1/3105 5245/1/3106
f 5244/1/3105 5246/1/3107 5245/1/3106
f 5245/1/3106 5246/1/3107 5247/1/3108
f 5246/1/3107 5248/1/3109 5247/1/3108
f 5247/1/3108 5248/1/3109 5249/1/3110
f 5248/1/3109 5250/1/3111 5249/1/3110
f 5249/1/3110 5250/1/3111 5251/1/3112
f 5250/1/3111 5252/1/3113 5251/1/3112
f 5251/1/3112 5252/1/3113 5253/1/3114
f 5252/1/3113 5254/1/3115 5253/1/3114
f 5253/1/3114 5254/1/3115 5255/1/3116
f 5254/1/3115 5256/1/3117 5255/1/3116
f 5255/1/3116 5256/1/3117 5257/1/3118
f 5256/1/3117 5258/1/3119 5257/1/3118
f 5257/1/3118 5258/1/3119 5259/1/3120
f 5259/1/3120 5258/1/3119 4455/1/3121
f 5259/1/3120 4455/1/3121 4457/1/3122
f 5163/1/3123 4453/1/3124 4451/1/3125
f 4453/1/3124 5163/1/3123 5073/1/3126
f 5163/1/3123 5165/1/3127 5073/1/3126
f 5073/1/3126 5165/1/3127 5075/1/3128
f 5165/1/3127 5167/1/3129 5075/1/3128
f 5075/1/3128 5167/1/3129 5077/1/3130
f 5167/1/3129 5169/1/3131 5077/1/3130
f 5169/1/3131 5079/1/3132 5077/1/3130
f 5169/1/3131 5171/1/3133 5079/1/3132
f 5171/1/3133 5081/1/3134 5079/1/3132
f 5171/1/3133 5173/1/3135 5081/1/3134
f 5173/1/3135 5083/1/3136 5081/1/3134
f 5173/1/3135 5175/1/3137 5083/1/3136
f 5085/1/3138 5083/1/3136 5175/1/3137
f 5175/1/3137 5177/1/3139 5085/1/3138
f 5177/1/3139 5087/1/3140 5085/1/3138
f 5177/1/3139 5179/1/3141 5087/1/3140
f 5179/1/3141 5089/1/3142 5087/1/3140
f 5179/1/3141 5091/1/3143 5089/1/3142
f 5091/1/3143 5179/1/3141 5181/1/3144
f 5181/1/3144 5093/1/3145 5091/1/3143
f 5093/1/3145 5181/1/3144 5183/1/3146
f 5183/1/3146 5095/1/3147 5093/1/3145
f 5095/1/3147 5183/1/3146 5185/1/3148
f 5185/1/3148 5097/1/3149 5095/1/3147
f 5097/1/3149 5185/1/3148 5187/1/3150
f 5187/1/3150 5099/1/3151 5097/1/3149
f 5099/1/3151 5187/1/3150 5189/1/3152
f 5189/1/3152 5191/1/3153 5099/1/3151
f 5191/1/3153 5101/1/3154 5099/1/3151
f 5193/1/3155 5101/1/3154 5191/1/3153
f 5101/1/3154 5193/1/3155 5102/1/3156
f 5195/1/3157 5102/1/3156 5193/1/3155
f 5102/1/3156 5195/1/3157 5104/1/3158
f 5197/1/3159 5104/1/3158 5195/1/3157
f 5104/1/3158 5197/1/3159 5105/1/3160
f 5199/1/3161 5105/1/3160 5197/1/3159
f 5105/1/3160 5199/1/3161 5107/1/3162
f 5200/1/3163 5107/1/3162 5199/1/3161
f 5200/1/3163 5108/1/3164 5107/1/3162
f 5108/1/3164 5200/1/3163 5202/1/3165
f 5204/1/3166 5108/1/3164 5202/1/3165
f 5204/1/3166 5110/1/3167 5108/1/3164
f 5110/1/3167 5204/1/3166 5207/1/3168
f 5208/1/3169 5110/1/3167 5207/1/3168
f 5208/1/3169 5113/1/3170 5110/1/3167
f 5113/1/3170 5208/1/3169 5211/1/3171
f 5213/1/3172 5113/1/3170 5211/1/3171
f 5113/1/3170 5213/1/3172 5115/1/3173
f 5215/1/3174 5115/1/3173 5213/1/3172
f 5115/1/3173 5215/1/3174 5117/1/3175
f 5217/1/3176 5117/1/3175 5215/1/3174
f 5117/1/3175 5217/1/3176 5119/1/3177
f 5119/1/3177 5217/1/3176 5219/1/3178
f 5119/1/3177 5219/1/3178 5121/1/3179
f 5219/1/3178 5221/1/3180 5121/1/3179
f 5221/1/3180 5123/1/3181 5121/1/3179
f 5221/1/3180 5222/1/3182 5123/1/3181
f 5222/1/3182 5125/1/3183 5123/1/3181
f 5222/1/3182 5224/1/3184 5125/1/3183
f 5224/1/3184 5126/1/3185 5125/1/3183
f 5126/1/3185 5224/1/3184 5227/1/3186
f 5126/1/3185 5227/1/3186 5129/1/3187
f 5229/1/3188 5129/1/3187 5227/1/3186
f 5129/1/3187 5229/1/3188 5131/1/3189
f 5231/1/3190 5131/1/3189 5229/1/3188
f 5131/1/3189 5231/1/3190 5133/1/3191
f 5231/1/3190 5135/1/3192 5133/1/3191
f 5135/1/3192 5231/1/3190 5232/1/3193
f 5234/1/3194 5135/1/3192 5232/1/3193
f 5136/1/3195 5135/1/3192 5234/1/3194
f 5236/1/3196 5136/1/3195 5234/1/3194
f 5138/1/3197 5136/1/3195 5236/1/3196
f 5238/1/3198 5138/1/3197 5236/1/3196
f 5140/1/3199 5138/1/3197 5238/1/3198
f 5238/1/3198 5143/1/3200 5140/1/3199
f 5143/1/3200 5238/1/3198 5241/1/3201
f 5241/1/3201 5145/1/3202 5143/1/3200
f 5145/1/3202 5241/1/3201 5243/1/3203
f 5243/1/3203 5147/1/3204 5145/1/3202
f 5147/1/3204 5243/1/3203 5245/1/3205
f 5247/1/3206 5147/1/3204 5245/1/3205
f 5147/1/3204 5247/1/3206 5149/1/3207
f 5247/1/3206 5151/1/3208 5149/1/3207
f 5151/1/3208 5247/1/3206 5249/1/3209
f 5251/1/3210 5151/1/3208 5249/1/3209
f 5151/1/3208 5251/1/3210 5153/1/3211
f 5253/1/3212 5153/1/3211 5251/1/3210
f 5153/1/3211 5253/1/3212 5155/1/3213
f 5255/1/3214 5155/1/3213 5253/1/3212
f 5155/1/3213 5255/1/3214 5157/1/3215
f 5257/1/3216 5157/1/3215 5255/1/3214
f 5157/1/3215 5257/1/3216 5159/1/3217
f 5259/1/3218 5159/1/3217 5257/1/3216
f 5159/1/3217 5259/1/3218 5161/1/3219
f 4457/1/3220 5161/1/3219 5259/1/3218
f 5161/1/3219 4457/1/3220 4454/1/3221
f 4452/1/3222 5162/1/3223 4450/1/3224
f 5162/1/3223 4452/1/3222 5072/1/3225
f 5072/1/3225 5164/1/3226 5162/1/3223
f 5164/1/3226 5072/1/3225 5074/1/3227
f 5074/1/3227 5166/1/3228 5164/1/3226
f 5166/1/3228 5074/1/3227 5076/1/3229
f 5076/1/3229 5168/1/3230 5166/1/3228
f 5168/1/3230 5076/1/3229 5078/1/3231
f 5078/1/3231 5170/1/3232 5168/1/3230
f 5170/1/3232 5078/1/3231 5080/1/3233
f 5080/1/3233 5172/1/3234 5170/1/3232
f 5172/1/3234 5080/1/3233 5082/1/3235
f 5082/1/3235 5174/1/3236 5172/1/3234
f 5174/1/3236 5082/1/3235 5084/1/3237
f 5084/1/3237 5176/1/3238 5174/1/3236
f 5176/1/3238 5084/1/3237 5086/1/3239
f 5086/1/3239 5178/1/3240 5176/1/3238
f 5178/1/3240 5086/1/3239 5088/1/3241
f 5088/1/3241 5180/1/3242 5178/1/3240
f 5180/1/3242 5088/1/3241 5090/1/3243
f 5092/1/3244 5180/1/3242 5090/1/3243
f 5092/1/3244 5182/1/3245 5180/1/3242
f 5094/1/3246 5182/1/3245 5092/1/3244
f 5184/1/3247 5182/1/3245 5094/1/3246
f 5096/1/3248 5184/1/3247 5094/1/3246
f 5096/1/3248 5186/1/3249 5184/1/3247
f 5098/1/3250 5186/1/3249 5096/1/3248
f 5186/1/3249 5098/1/3250 5188/1/3251
f 5098/1/3250 5190/1/3252 5188/1/3251
f 5190/1/3252 5098/1/3250 5100/1/3253
f 5190/1/3252 5100/1/3253 5192/1/3254
f 5100/1/3253 5194/1/3255 5192/1/3254
f 5194/1/3255 5100/1/3253 5103/1/3256
f 5194/1/3255 5103/1/3256 5196/1/3257
f 5196/1/3257 5103/1/3256 5106/1/3258
f 5198/1/3259 5196/1/3257 5106/1/3258
f 5198/1/3259 5106/1/3258 5201/1/3260
f 5109/1/3261 5201/1/3260 5106/1/3258
f 5109/1/3261 5203/1/3262 5201/1/3260
f 5203/1/3262 5109/1/3261 5205/1/3263
f 5111/1/3264 5205/1/3263 5109/1/3261
f 5205/1/3263 5111/1/3264 5206/1/3265
f 5206/1/3265 5111/1/3264 5209/1/3266
f 5111/1/3264 5112/1/3267 5209/1/3266
f 5209/1/3266 5112/1/3267 5210/1/3268
f 5210/1/3268 5112/1/3267 5114/1/3269
f 5212/1/3270 5210/1/3268 5114/1/3269
f 5212/1/3270 5114/1/3269 5116/1/3271
f 5214/1/3272 5212/1/3270 5116/1/3271
f 5214/1/3272 5116/1/3271 5118/1/3273
f 5216/1/3274 5214/1/3272 5118/1/3273
f 5118/1/3273 5218/1/3275 5216/1/3274
f 5218/1/3275 5118/1/3273 5120/1/3276
f 5120/1/3276 5220/1/3277 5218/1/3275
f 5220/1/3277 5120/1/3276 5122/1/3278
f 5122/1/3278 5223/1/3279 5220/1/3277
f 5223/1/3279 5122/1/3278 5124/1/3280
f 5124/1/3280 5225/1/3281 5223/1/3279
f 5225/1/3281 5124/1/3280 5127/1/3282
f 5127/1/3282 5226/1/3283 5225/1/3281
f 5226/1/3283 5127/1/3282 5128/1/3284
f 5128/1/3284 5228/1/3285 5226/1/3283
f 5228/1/3285 5128/1/3284 5130/1/3286
f 5130/1/3286 5230/1/3287 5228/1/3285
f 5230/1/3287 5130/1/3286 5132/1/3288
f 5132/1/3288 5134/1/3289 5230/1/3287
f 5230/1/3287 5134/1/3289 5233/1/3290
f 5134/1/3289 5137/1/3291 5233/1/3290
f 5233/1/3290 5137/1/3291 5235/1/3292
f 5137/1/3291 5237/1/3293 5235/1/3292
f 5237/1/3293 5137/1/3291 5139/1/3294
f 5139/1/3294 5239/1/3295 5237/1/3293
f 5239/1/3295 5139/1/3294 5141/1/3296
f 5142/1/3297 5239/1/3295 5141/1/3296
f 5239/1/3295 5142/1/3297 5240/1/3298
f 5144/1/3299 5240/1/3298 5142/1/3297
f 5240/1/3298 5144/1/3299 5242/1/3300
f 5146/1/3301 5242/1/3300 5144/1/3299
f 5242/1/3300 5146/1/3301 5244/1/3302
f 5146/1/3301 5148/1/3303 5244/1/3302
f 5244/1/3302 5148/1/3303 5246/1/3304
f 5148/1/3303 5150/1/3305 5246/1/3304
f 5246/1/3304 5150/1/3305 5248/1/3306
f 5150/1/3305 5250/1/3307 5248/1/3306
f 5250/1/3307 5150/1/3305 5152/1/3308
f 5152/1/3308 5252/1/3309 5250/1/3307
f 5252/1/3309 5152/1/3308 5154/1/3310
f 5154/1/3310 5254/1/3311 5252/1/3309
f 5254/1/3311 5154/1/3310 5156/1/3312
f 5156/1/3312 5256/1/3313 5254/1/3311
f 5256/1/3313 5156/1/3312 5158/1/3314
f 5158/1/3314 5258/1/3315 5256/1/3313
f 5258/1/3315 5158/1/3314 5160/1/3316
f 4456/1/3317 5258/1/3315 5160/1/3316
f 5258/1/3315 4456/1/3317 4455/1/3318
f 4719/1/3319 4723/1/3320 4721/1/3321
f 4716/1/3322 4723/1/3320 4719/1/3319
f 4716/1/3322 4725/1/3321 4723/1/3320
f 4716/1/3322 4726/1/3321 4725/1/3321
f 4726/1/3321 4716/1/3322 4714/1/3322
f 4714/1/3322 4688/1/3322 4726/1/3321
f 4688/1/3322 4728/1/3321 4726/1/3321
f 4688/1/3322 4714/1/3322 4700/1/3321
f 4712/1/3323 4700/1/3321 4714/1/3322
f 4700/1/3321 4712/1/3323 4702/1/3324
f 4710/1/3319 4702/1/3324 4712/1/3323
f 4702/1/3324 4710/1/3319 4704/1/3321
f 4710/1/3319 4706/1/3321 4704/1/3321
f 4706/1/3321 4710/1/3319 4708/1/3325
f 4706/1/3321 4708/1/3325 4463/1/3326
f 4706/1/3321 4463/1/3326 4462/1/3321
f 4699/1/3320 4688/1/3322 4700/1/3321
f 4688/1/3322 4699/1/3320 4691/1/3323
f 4691/1/3323 4699/1/3320 4697/1/3320
f 4691/1/3323 4697/1/3320 4693/1/3319
f 4693/1/3319 4697/1/3320 4695/1/3327
f 4728/1/3321 4688/1/3322 4686/1/3319
f 4684/1/3328 4728/1/3321 4686/1/3319
f 4728/1/3321 4684/1/3328 4730/1/3324
f 4682/1/3327 4730/1/3324 4684/1/3328
f 4730/1/3324 4682/1/3327 4732/1/3321
f 4682/1/3327 4461/1/3319 4732/1/3321
f 4461/1/3319 4682/1/3327 4460/1/3319
f 4752/1/3320 4748/1/3325 4750/1/3321
f 4752/1/3320 4746/1/3322 4748/1/3325
f 4754/1/3319 4746/1/3322 4752/1/3320
f 4756/1/3322 4746/1/3322 4754/1/3319
f 4756/1/3322 4744/1/3322 4746/1/3322
f 4756/1/3322 4742/1/3319 4744/1/3322
f 4742/1/3319 4756/1/3322 4734/1/3319
f 4736/1/3320 4742/1/3319 4734/1/3319
f 4742/1/3319 4736/1/3320 4740/1/3327
f 4740/1/3327 4736/1/3320 4738/1/3321
f 4776/1/3320 4772/1/3325 4774/1/3321
f 4776/1/3320 4770/1/3322 4772/1/3325
f 4778/1/3319 4770/1/3322 4776/1/3320
f 4780/1/3322 4770/1/3322 4778/1/3319
f 4780/1/3322 4768/1/3322 4770/1/3322
f 4780/1/3322 4766/1/3319 4768/1/3322
f 4766/1/3319 4780/1/3322 4758/1/3319
f 4760/1/3320 4766/1/3319 4758/1/3319
f 4766/1/3319 4760/1/3320 4764/1/3327
f 4764/1/3327 4760/1/3320 4762/1/3321
f 5260/1/3329 5261/1/3330 5262/1/3331
f 5261/1/3330 5260/1/3329 5263/1/3332
f 5264/1/3333 5263/1/3332 5260/1/3329
f 5263/1/3332 5264/1/3333 5265/1/3334
f 5264/1/3333 5266/1/3335 5265/1/3334
f 5267/1/3336 5266/1/3335 5264/1/3333
f 5267/1/3336 5268/1/3337 5266/1/3335
f 5268/1/3337 5267/1/3336 5269/1/3338
f 5269/1/3338 5270/1/3339 5268/1/3337
f 5270/1/3339 5269/1/3338 5271/1/3340
f 4468/1/3341 5270/1/3339 5271/1/3340
f 5270/1/3339 4468/1/3341 4467/1/3342
f 5272/1/3343 5273/1/3344 5274/1/3345
f 5273/1/3344 5275/1/3346 5274/1/3345
f 5273/1/3344 5276/1/3347 5275/1/3346
f 5277/1/3348 5275/1/3346 5276/1/3347
f 5276/1/3347 5278/1/3349 5277/1/3348
f 5279/1/3350 5277/1/3348 5278/1/3349
f 5278/1/3349 5280/1/3351 5279/1/3350
f 5280/1/3351 5281/1/3352 5279/1/3350
f 5280/1/3351 5282/1/3353 5281/1/3352
f 5282/1/3353 5280/1/3351 5283/1/3354
f 5283/1/3354 5284/1/3355 5282/1/3353
f 5284/1/3355 5283/1/3354 5285/1/3356
f 5285/1/3356 5286/1/3357 5284/1/3355
f 5286/1/3357 5285/1/3356 5287/1/3358
f 5287/1/3358 5288/1/3359 5286/1/3357
f 5288/1/3359 5287/1/3358 5289/1/3360
f 5290/1/3361 5288/1/3359 5289/1/3360
f 5291/1/3362 5288/1/3359 5290/1/3361
f 5292/1/3363 5291/1/3362 5290/1/3361
f 5293/1/3364 5291/1/3362 5292/1/3363
f 5292/1/3363 5294/1/3365 5293/1/3364
f 5295/1/3366 5293/1/3364 5294/1/3365
f 5294/1/3365 5296/1/3367 5295/1/3366
f 5296/1/3367 5297/1/3368 5295/1/3366
f 5296/1/3367 5298/1/3369 5297/1/3368
f 5298/1/3369 5299/1/3370 5297/1/3368
f 5299/1/3370 5298/1/3369 5300/1/3371
f 5300/1/3371 5301/1/3372 5299/1/3370
f 5301/1/3372 5300/1/3371 5302/1/3373
f 5302/1/3373 5303/1/3374 5301/1/3372
f 5303/1/3374 5302/1/3373 5304/1/3375
f 5303/1/3374 5304/1/3375 5305/1/3376
f 5304/1/3375 5306/1/3377 5305/1/3376
f 5306/1/3377 5304/1/3375 5307/1/3378
f 5308/1/3379 5309/1/3380 5310/1/3381
f 5311/1/3382 5310/1/3381 5309/1/3380
f 5309/1/3380 5312/1/3383 5311/1/3382
f 5313/1/3384 5311/1/3382 5312/1/3383
f 5312/1/3383 5314/1/3385 5313/1/3384
f 5313/1/3384 5314/1/3385 5315/1/3386
f 5314/1/3385 5316/1/3387 5315/1/3386
f 5315/1/3386 5316/1/3387 5317/1/3388
f 5316/1/3387 5318/1/3389 5317/1/3388
f 5317/1/3388 5318/1/3389 5319/1/3390
f 5318/1/3389 5320/1/3391 5319/1/3390
f 5319/1/3390 5320/1/3391 5321/1/3392
f 5320/1/3391 5322/1/3393 5321/1/3392
f 5322/1/3393 5320/1/3391 5323/1/3394
f 5323/1/3394 5324/1/3395 5322/1/3393
f 5324/1/3395 5323/1/3394 5325/1/3396
f 5325/1/3396 5326/1/3397 5324/1/3395
f 5326/1/3397 5325/1/3396 5327/1/3398
f 5327/1/3398 5328/1/3399 5326/1/3397
f 5328/1/3399 5327/1/3398 5329/1/3400
f 5328/1/3399 5329/1/3400 5330/1/3401
f 5331/1/3402 5328/1/3399 5330/1/3401
f 5331/1/3402 5330/1/3401 5332/1/3403
f 5331/1/3402 5332/1/3403 5333/1/3404
f 5332/1/3403 5334/1/3405 5333/1/3404
f 5333/1/3404 5334/1/3405 5335/1/3406
f 5334/1/3405 5336/1/3407 5335/1/3406
f 5335/1/3406 5336/1/3407 5337/1/3408
f 5338/1/3409 5337/1/3408 5336/1/3407
f 5337/1/3408 5338/1/3409 5339/1/3410
f 5338/1/3409 5340/1/3411 5339/1/3410
f 5340/1/3411 5338/1/3409 5341/1/3412
f 5341/1/3412 5342/1/3413 5340/1/3411
f 5342/1/3413 5341/1/3412 5343/1/3414
f 5343/1/3414 5344/1/3415 5342/1/3413
f 5344/1/3415 5343/1/3414 5345/1/3416
f 5345/1/3416 5346/1/3417 5344/1/3415
f 5346/1/3417 5345/1/3416 5347/1/3418
f 5348/1/3419 5346/1/3417 5347/1/3418
f 5348/1/3419 5349/1/3420 5346/1/3417
f 5350/1/3421 5349/1/3420 5348/1/3419
f 5351/1/3422 5349/1/3420 5350/1/3421
f 5351/1/3422 5350/1/3421 5352/1/3423
f 5353/1/3424 5351/1/3422 5352/1/3423
f 5354/1/3425 5353/1/3424 5352/1/3423
f 5355/1/3426 5353/1/3424 5354/1/3425
f 5356/1/3427 5355/1/3426 5354/1/3425
f 5355/1/3426 5356/1/3427 5357/1/3428
f 5356/1/3427 5358/1/3429 5357/1/3428
f 5358/1/3429 5356/1/3427 5359/1/3430
f 5360/1/3431 5358/1/3429 5359/1/3430
f 5358/1/3429 5360/1/3431 5361/1/3432
f 5361/1/3432 5360/1/3431 5362/1/3433
f 5362/1/3433 5363/1/3434 5361/1/3432
f 5363/1/3434 5362/1/3433 5364/1/3435
f 5364/1/3435 5365/1/3436 5363/1/3434
f 5363/1/3434 5365/1/3436 5366/1/3437
f 5367/1/3438 5366/1/3437 5365/1/3436
f 5367/1/3438 5368/1/3439 5366/1/3437
f 5368/1/3439 5367/1/3438 5369/1/3440
f 5369/1/3440 5370/1/3441 5368/1/3439
f 5370/1/3441 5369/1/3440 5371/1/3442
f 5372/1/3443 5370/1/3441 5371/1/3442
f 5372/1/3443 5373/1/3444 5370/1/3441
f 5374/1/3445 5373/1/3444 5372/1/3443
f 5375/1/3446 5373/1/3444 5374/1/3445
f 5376/1/3447 5375/1/3446 5374/1/3445
f 5375/1/3446 5376/1/3447 5377/1/3448
f 5378/1/3449 5379/1/3450 5380/1/3451
f 5378/1/3449 5381/1/3452 5379/1/3450
f 5382/1/3453 5381/1/3452 5378/1/3449
f 5381/1/3452 5382/1/3453 5383/1/3454
f 5382/1/3453 5384/1/3455 5383/1/3454
f 5384/1/3455 5382/1/3453 5385/1/3456
f 5385/1/3456 5386/1/3457 5384/1/3455
f 5386/1/3457 5385/1/3456 5387/1/3458
f 5387/1/3458 5388/1/3459 5386/1/3457
f 5388/1/3459 5387/1/3458 5389/1/3460
f 5388/1/3459 5389/1/3460 5390/1/3461
f 5388/1/3459 5390/1/3461 5391/1/3462
f 5392/1/3463 5391/1/3462 5390/1/3461
f 5391/1/3462 5392/1/3463 5393/1/3464
f 5392/1/3463 5394/1/3465 5393/1/3464
f 5395/1/3466 5393/1/3464 5394/1/3465
f 5396/1/3467 5395/1/3466 5394/1/3465
f 5397/1/3468 5395/1/3466 5396/1/3467
f 5398/1/3469 5397/1/3468 5396/1/3467
f 5399/1/3470 5397/1/3468 5398/1/3469
f 5398/1/3469 5274/1/3471 5399/1/3470
f 5274/1/3471 5398/1/3469 5272/1/3472
f 5310/1/3473 5400/1/3474 5308/1/3475
f 5400/1/3474 5310/1/3473 5401/1/3476
f 5401/1/3476 5402/1/3477 5400/1/3474
f 5402/1/3477 5401/1/3476 5403/1/3478
f 5403/1/3478 5404/1/3479 5402/1/3477
f 5404/1/3479 5403/1/3478 5405/1/3480
f 5404/1/3479 5405/1/3480 5406/1/3481
f 5404/1/3479 5406/1/3481 5407/1/3482
f 5406/1/3481 5408/1/3483 5407/1/3482
f 5408/1/3483 5406/1/3481 5409/1/3484
f 5409/1/3484 5410/1/3485 5408/1/3483
f 5410/1/3485 5409/1/3484 5411/1/3486
f 5412/1/3487 5410/1/3485 5411/1/3486
f 5410/1/3485 5412/1/3487 5413/1/3488
f 5414/1/3489 5413/1/3488 5412/1/3487
f 5413/1/3488 5414/1/3489 5415/1/3490
f 5416/1/3491 5415/1/3490 5414/1/3489
f 5416/1/3491 5414/1/3489 5417/1/3492
f 5417/1/3492 5418/1/3493 5416/1/3491
f 5418/1/3493 5417/1/3492 5419/1/3494
f 5419/1/3494 5420/1/3495 5418/1/3493
f 5421/1/3496 5418/1/3493 5420/1/3495
f 5421/1/3496 5420/1/3495 5422/1/3497
f 5423/1/3498 5421/1/3496 5422/1/3497
f 5422/1/3497 5424/1/3499 5423/1/3498
f 5424/1/3499 5422/1/3497 5425/1/3500
f 5425/1/3500 5426/1/3501 5424/1/3499
f 5426/1/3501 5425/1/3500 5427/1/3502
f 5427/1/3502 5428/1/3503 5426/1/3501
f 5428/1/3503 5427/1/3502 5429/1/3504
f 5430/1/3505 5428/1/3503 5429/1/3504
f 5428/1/3503 5430/1/3505 5431/1/3506
f 5432/1/3507 5431/1/3506 5430/1/3505
f 5431/1/3506 5432/1/3507 5433/1/3508
f 5432/1/3507 5434/1/3509 5433/1/3508
f 5434/1/3509 5432/1/3507 5435/1/3510
f 5435/1/3510 5436/1/3511 5434/1/3509
f 5436/1/3511 5435/1/3510 5437/1/3512
f 5437/1/3512 5438/1/3513 5436/1/3511
f 5438/1/3513 5437/1/3512 5439/1/3514
f 5439/1/3514 5440/1/3515 5438/1/3513
f 5440/1/3515 5439/1/3514 5441/1/3516
f 5441/1/3516 5442/1/3517 5440/1/3515
f 5442/1/3517 5441/1/3516 5443/1/3518
f 5444/1/3519 5442/1/3517 5443/1/3518
f 5445/1/3520 5442/1/3517 5444/1/3519
f 5444/1/3519 5446/1/3521 5445/1/3520
f 5446/1/3521 5444/1/3519 5261/1/3522
f 5261/1/3523 5447/1/3524 5446/1/3525
f 5447/1/3524 5261/1/3523 5263/1/3526
f 5263/1/3526 5448/1/3527 5447/1/3524
f 5448/1/3527 5263/1/3526 5265/1/3528
f 5266/1/3529 5448/1/3527 5265/1/3528
f 5266/1/3529 5449/1/3530 5448/1/3527
f 5449/1/3530 5266/1/3529 5268/1/3531
f 5268/1/3531 5450/1/3532 5449/1/3530
f 5270/1/3533 5450/1/3532 5268/1/3531
f 5450/1/3532 5270/1/3533 5451/1/3534
f 4467/1/3535 5451/1/3534 5270/1/3533
f 5451/1/3534 4467/1/3535 4469/1/3536
f 5452/1/3537 5306/1/3538 5307/1/3539
f 5453/1/3540 5452/1/3537 5307/1/3539
f 5452/1/3537 5453/1/3540 5454/1/3541
f 5455/1/3542 5456/1/3543 5457/1/3544
f 5458/1/3545 5456/1/3543 5455/1/3542
f 5459/1/3546 5456/1/3543 5458/1/3545
f 5458/1/3545 5460/1/3547 5459/1/3546
f 5460/1/3547 5458/1/3545 5461/1/3548
f 5461/1/3548 5462/1/3549 5460/1/3547
f 5462/1/3549 5461/1/3548 5463/1/3550
f 5464/1/3551 5462/1/3549 5463/1/3550
f 5462/1/3549 5464/1/3551 5465/1/3552
f 5466/1/3553 5465/1/3552 5464/1/3551
f 5465/1/3552 5466/1/3553 5467/1/3554
f 5468/1/3555 5467/1/3554 5466/1/3553
f 5467/1/3554 5468/1/3555 5469/1/3556
f 5470/1/3557 5469/1/3556 5468/1/3555
f 5469/1/3556 5470/1/3557 5471/1/3558
f 5452/1/3559 5471/1/3558 5470/1/3557
f 5452/1/3559 5470/1/3557 5306/1/3560
f 5454/1/3561 5471/1/3558 5452/1/3559
f 5472/1/3562 4469/1/3563 4466/1/3564
f 4469/1/3563 5472/1/3562 5451/1/3565
f 5451/1/3565 5472/1/3562 5473/1/3566
f 5473/1/3566 5450/1/3567 5451/1/3565
f 5450/1/3567 5473/1/3566 5474/1/3568
f 5474/1/3568 5449/1/3569 5450/1/3567
f 5475/1/3570 5449/1/3569 5474/1/3568
f 5449/1/3569 5475/1/3570 5448/1/3571
f 5475/1/3570 5447/1/3572 5448/1/3571
f 5447/1/3572 5475/1/3570 5476/1/3573
f 5476/1/3573 5446/1/3574 5447/1/3572
f 5446/1/3574 5476/1/3573 5477/1/3575
f 5477/1/3575 5445/1/3576 5446/1/3574
f 5445/1/3576 5477/1/3575 5478/1/3577
f 5478/1/3577 5442/1/3578 5445/1/3576
f 5442/1/3578 5478/1/3577 5479/1/3579
f 5480/1/3580 5442/1/3578 5479/1/3579
f 5442/1/3578 5480/1/3580 5440/1/3581
f 5481/1/3582 5440/1/3581 5480/1/3580
f 5440/1/3581 5481/1/3582 5438/1/3583
f 5482/1/3584 5438/1/3583 5481/1/3582
f 5438/1/3583 5482/1/3584 5436/1/3585
f 5483/1/3586 5436/1/3585 5482/1/3584
f 5436/1/3585 5483/1/3586 5434/1/3587
f 5434/1/3587 5483/1/3586 5484/1/3588
f 5484/1/3588 5433/1/3589 5434/1/3587
f 5433/1/3589 5484/1/3588 5485/1/3590
f 5485/1/3590 5431/1/3591 5433/1/3589
f 5431/1/3591 5485/1/3590 5486/1/3592
f 5486/1/3592 5428/1/3593 5431/1/3591
f 5486/1/3592 5426/1/3594 5428/1/3593
f 5426/1/3594 5486/1/3592 5487/1/3595
f 5487/1/3595 5424/1/3596 5426/1/3594
f 5424/1/3596 5487/1/3595 5488/1/3597
f 5488/1/3597 5423/1/3598 5424/1/3596
f 5423/1/3598 5488/1/3597 5453/1/3599
f 5423/1/3598 5453/1/3599 5421/1/3600
f 5421/1/3600 5453/1/3599 5489/1/3601
f 5489/1/3601 5453/1/3599 5307/1/3602
f 5421/1/3600 5489/1/3601 5490/1/3603
f 5421/1/3600 5490/1/3603 5491/1/3604
f 5418/1/3605 5421/1/3600 5491/1/3604
f 5490/1/3603 5489/1/3601 5492/1/3606
f 5492/1/3606 5489/1/3601 5493/1/3607
f 5494/1/3608 5492/1/3606 5493/1/3607
f 5492/1/3606 5494/1/3608 5495/1/3609
f 5495/1/3609 5490/1/3603 5492/1/3606
f 5496/1/3610 5495/1/3609 5494/1/3608
f 5491/1/3604 5416/1/3611 5418/1/3605
f 5495/1/3609 5496/1/3610 5497/1/3612
f 5490/1/3603 5498/1/3613 5491/1/3604
f 5498/1/3613 5499/1/3614 5491/1/3604
f 5500/1/3615 5491/1/3604 5499/1/3614
f 5416/1/3611 5491/1/3604 5500/1/3615
f 5416/1/3611 5500/1/3615 5501/1/3616
f 5416/1/3611 5501/1/3616 5502/1/3617
f 5415/1/3618 5416/1/3611 5502/1/3617
f 5498/1/3613 5490/1/3603 5503/1/3619
f 5490/1/3603 5495/1/3609 5504/1/3620
f 5503/1/3619 5490/1/3603 5504/1/3620
f 5497/1/3612 5504/1/3620 5495/1/3609
f 5504/1/3620 5377/1/3621 5503/1/3619
f 5504/1/3620 5497/1/3612 5377/1/3621
f 5505/1/3622 5497/1/3612 5496/1/3610
f 5506/1/3623 5377/1/3621 5497/1/3612
f 5497/1/3612 5505/1/3622 5506/1/3623
f 5507/1/3624 5506/1/3623 5505/1/3622
f 5377/1/3621 5506/1/3623 5375/1/3625
f 5506/1/3623 5507/1/3626 5508/1/3627
f 5508/1/3627 5375/1/3625 5506/1/3623
f 5508/1/3627 5373/1/3628 5375/1/3625
f 4470/1/3629 5509/1/3630 4471/1/3631
f 5509/1/3630 4470/1/3629 5510/1/3632
f 5510/1/3632 5511/1/3633 5509/1/3630
f 5511/1/3633 5510/1/3632 5512/1/3634
f 5512/1/3634 5513/1/3635 5511/1/3633
f 5513/1/3635 5512/1/3634 5514/1/3636
f 5514/1/3636 5515/1/3637 5513/1/3635
f 5515/1/3637 5514/1/3636 5516/1/3638
f 5516/1/3638 5517/1/3639 5515/1/3637
f 5517/1/3639 5516/1/3638 5518/1/3640
f 5518/1/3640 5519/1/3641 5517/1/3639
f 5519/1/3641 5518/1/3640 5520/1/3642
f 5520/1/3642 5521/1/3643 5519/1/3641
f 5521/1/3643 5520/1/3642 5522/1/3644
f 5522/1/3644 5523/1/3645 5521/1/3643
f 5523/1/3645 5522/1/3644 5524/1/3646
f 5524/1/3646 5525/1/3647 5523/1/3645
f 5525/1/3647 5524/1/3646 5526/1/3648
f 5526/1/3648 5527/1/3649 5525/1/3647
f 5527/1/3649 5526/1/3648 5528/1/3650
f 5528/1/3650 5529/1/3651 5527/1/3649
f 5529/1/3651 5528/1/3650 5530/1/3652
f 5530/1/3652 5531/1/3653 5529/1/3651
f 5531/1/3653 5530/1/3652 5532/1/3654
f 5532/1/3654 5533/1/3655 5531/1/3653
f 5533/1/3655 5532/1/3654 5534/1/3656
f 5534/1/3656 5535/1/3657 5533/1/3655
f 5535/1/3657 5534/1/3656 5536/1/3658
f 5536/1/3658 5537/1/3659 5535/1/3657
f 5537/1/3659 5536/1/3658 5538/1/3660
f 5537/1/3659 5538/1/3660 4474/1/3661
f 4474/1/3661 5538/1/3660 4477/1/3662
f 5539/1/3663 4472/1/3664 4473/1/3665
f 4472/1/3664 5539/1/3663 5540/1/3666
f 5541/1/3667 5540/1/3666 5539/1/3663
f 5540/1/3666 5541/1/3667 5542/1/3668
f 5543/1/3669 5542/1/3668 5541/1/3667
f 5542/1/3668 5543/1/3669 5544/1/3670
f 5545/1/3671 5544/1/3670 5543/1/3669
f 5544/1/3670 5545/1/3671 5546/1/3672
f 5547/1/3673 5546/1/3672 5545/1/3671
f 5546/1/3672 5547/1/3673 5548/1/3674
f 5549/1/3675 5548/1/3674 5547/1/3673
f 5548/1/3674 5549/1/3675 5550/1/3676
f 5551/1/3677 5550/1/3676 5549/1/3675
f 5550/1/3676 5551/1/3677 5552/1/3678
f 5553/1/3679 5552/1/3678 5551/1/3677
f 5552/1/3678 5553/1/3679 5554/1/3680
f 5555/1/3681 5554/1/3680 5553/1/3679
f 5554/1/3680 5555/1/3681 5556/1/3682
f 5557/1/3683 5556/1/3682 5555/1/3681
f 5556/1/3682 5557/1/3683 5558/1/3684
f 5559/1/3685 5558/1/3684 5557/1/3683
f 5558/1/3684 5559/1/3685 5560/1/3686
f 5561/1/3687 5560/1/3686 5559/1/3685
f 5560/1/3686 5561/1/3687 5562/1/3688
f 5563/1/3689 5562/1/3688 5561/1/3687
f 5562/1/3688 5563/1/3689 5564/1/3690
f 5565/1/3691 5564/1/3690 5563/1/3689
f 5564/1/3690 5565/1/3691 5566/1/3692
f 5567/1/3693 5566/1/3692 5565/1/3691
f 5566/1/3692 5567/1/3693 5568/1/3694
f 4476/1/3695 5568/1/3694 5567/1/3693
f 5568/1/3694 4476/1/3695 4475/1/3695
f 5569/1/3696 5570/1/3697 5571/1/3698
f 5570/1/3697 5569/1/3696 5572/1/3699
f 5570/1/3697 5572/1/3699 5573/1/3700
f 5573/1/3700 5572/1/3699 5574/1/3701
f 5573/1/3700 5574/1/3701 5575/1/3702
f 5575/1/3702 5574/1/3701 5576/1/3703
f 5576/1/3703 5577/1/3704 5575/1/3702
f 5575/1/3702 5577/1/3704 5578/1/3705
f 5577/1/3704 5579/1/3706 5578/1/3705
f 5577/1/3704 5576/1/3703 5580/1/3707
f 5577/1/3704 5581/1/3708 5579/1/3706
f 5580/1/3707 5576/1/3703 5582/1/3709
f 5581/1/3708 5583/1/3710 5579/1/3706
f 5582/1/3709 5584/1/3711 5580/1/3707
f 5581/1/3708 5585/1/3712 5583/1/3710
f 5582/1/3709 5586/1/3708 5584/1/3711
f 5585/1/3712 5587/1/3713 5583/1/3710
f 5586/1/3708 5588/1/3714 5584/1/3711
f 5585/1/3712 5589/1/3715 5587/1/3713
f 5586/1/3708 5590/1/3716 5588/1/3714
f 5589/1/3715 5591/1/3717 5587/1/3713
f 5590/1/3716 5592/1/3718 5588/1/3714
f 5591/1/3717 5589/1/3715 5593/1/3719
f 5590/1/3716 5594/1/3720 5592/1/3718
f 5595/1/3721 5591/1/3717 5593/1/3719
f 5594/1/3720 5596/1/3717 5592/1/3718
f 5591/1/3717 5595/1/3721 5597/1/3722
f 5596/1/3717 5594/1/3720 5598/1/3719
f 5599/1/3723 5597/1/3722 5595/1/3721
f 5600/1/3724 5596/1/3717 5598/1/3719
f 5597/1/3722 5599/1/3723 5601/1/3725
f 5596/1/3717 5600/1/3724 5602/1/3726
f 5603/1/3727 5601/1/3725 5599/1/3723
f 5604/1/3728 5602/1/3726 5600/1/3724
f 5601/1/3725 5603/1/3727 5605/1/3729
f 5602/1/3726 5604/1/3728 5606/1/3730
f 5607/1/3731 5605/1/3729 5603/1/3727
f 5608/1/3732 5606/1/3730 5604/1/3728
f 5605/1/3729 5607/1/3731 5609/1/3733
f 5606/1/3730 5608/1/3732 5610/1/3734
f 5611/1/3735 5609/1/3733 5607/1/3731
f 5612/1/3736 5610/1/3734 5608/1/3732
f 5609/1/3733 5611/1/3735 5613/1/3737
f 5610/1/3734 5612/1/3736 5614/1/3738
f 5615/1/3739 5613/1/3737 5611/1/3735
f 5616/1/3740 5614/1/3738 5612/1/3736
f 5613/1/3737 5615/1/3739 5617/1/3741
f 5617/1/3741 5615/1/3739 4482/1/3742
f 4484/1/3743 5617/1/3744 4482/1/3745
f 5614/1/3738 5616/1/3740 5618/1/3746
f 5619/1/3747 5618/1/3746 5616/1/3740
f 5618/1/3746 5619/1/3747 5620/1/3748
f 4481/1/3749 5620/1/3748 5619/1/3747
f 5620/1/3748 4481/1/3749 4478/1/3750
f 5621/1/3751 4480/1/3752 4479/1/3753
f 4480/1/3754 5621/1/3755 5622/1/3756
f 5623/1/3757 5622/1/3756 5621/1/3755
f 5622/1/3756 5623/1/3757 5624/1/3758
f 5625/1/3759 5624/1/3758 5623/1/3757
f 5624/1/3758 5625/1/3759 5626/1/3760
f 5626/1/3760 5625/1/3759 5627/1/3761
f 5625/1/3759 5628/1/3762 5627/1/3761
f 5628/1/3762 5629/1/3763 5627/1/3761
f 5628/1/3762 5630/1/3764 5629/1/3763
f 5628/1/3762 5631/1/3765 5630/1/3764
f 5632/1/3766 5630/1/3764 5631/1/3765
f 5629/1/3763 5630/1/3764 5633/1/3767
f 5630/1/3764 5632/1/3766 5634/1/3768
f 5635/1/3769 5629/1/3763 5633/1/3767
f 5636/1/3770 5634/1/3768 5632/1/3766
f 5629/1/3763 5635/1/3769 5637/1/3771
f 5634/1/3768 5636/1/3770 5638/1/3772
f 5639/1/3773 5637/1/3771 5635/1/3769
f 5640/1/3774 5638/1/3772 5636/1/3770
f 5637/1/3771 5639/1/3773 5641/1/3775
f 5638/1/3772 5640/1/3774 5642/1/3776
f 5643/1/3777 5641/1/3775 5639/1/3773
f 5642/1/3776 5640/1/3774 5644/1/3778
f 5641/1/3775 5643/1/3777 5645/1/3779
f 4485/1/3780 5645/1/3779 5643/1/3777
f 5645/1/3779 4485/1/3780 4483/1/3781
f 5644/1/3778 5646/1/3782 5642/1/3776
f 5646/1/3782 5644/1/3778 5647/1/3783
f 5647/1/3783 5644/1/3778 5648/1/3784
f 5647/1/3783 5648/1/3784 5649/1/3785
f 5649/1/3785 5648/1/3784 5650/1/3786
f 5649/1/3785 5650/1/3786 5651/1/3787
f 5651/1/3787 5650/1/3786 5652/1/3788
f 5651/1/3787 5652/1/3788 5653/1/3789
f 5653/1/3789 5652/1/3788 5654/1/3790
f 5653/1/3789 5654/1/3790 5655/1/3791
f 5654/1/3790 5656/1/3792 5655/1/3791
f 5655/1/3791 5656/1/3792 5657/1/3793
f 5657/1/3793 5656/1/3792 5658/1/3794
f 5657/1/3793 5658/1/3794 5659/1/3795
f 5659/1/3795 5658/1/3794 5660/1/3796
f 5659/1/3795 5660/1/3796 5661/1/3797
f 5661/1/3797 5660/1/3796 5662/1/3798
f 5662/1/3798 5571/1/3799 5661/1/3797
f 5571/1/3799 5662/1/3798 5569/1/3800
f 4896/1/3801 4436/1/3802 4435/1/3803
f 4436/1/3802 4896/1/3801 4854/1/3804
f 4896/1/3801 4856/1/3805 4854/1/3804
f 4856/1/3805 4896/1/3801 4898/1/3806
f 4900/1/3807 4856/1/3805 4898/1/3806
f 4856/1/3805 4900/1/3807 4858/1/3808
f 4903/1/3809 4858/1/3808 4900/1/3807
f 4858/1/3808 4903/1/3809 4861/1/3810
f 4903/1/3809 4863/1/3811 4861/1/3810
f 4863/1/3811 4903/1/3809 4905/1/3812
f 4863/1/3811 4905/1/3812 4865/1/3813
f 4905/1/3812 4907/1/3814 4865/1/3813
f 4909/1/3815 4865/1/3813 4907/1/3814
f 4865/1/3813 4909/1/3815 4867/1/3816
f 4910/1/3817 4867/1/3816 4909/1/3815
f 4867/1/3816 4910/1/3817 4868/1/3818
f 4912/1/3819 4868/1/3818 4910/1/3817
f 4868/1/3818 4912/1/3819 4870/1/3820
f 4914/1/3821 4870/1/3820 4912/1/3819
f 4870/1/3820 4914/1/3821 4872/1/3822
f 4914/1/3821 4874/1/3823 4872/1/3822
f 4874/1/3823 4914/1/3821 4916/1/3824
f 4874/1/3823 4916/1/3824 4876/1/3825
f 4918/1/3826 4876/1/3825 4916/1/3824
f 4876/1/3825 4918/1/3826 4878/1/3827
f 4920/1/3828 4878/1/3827 4918/1/3826
f 4920/1/3828 4880/1/3829 4878/1/3827
f 4880/1/3829 4920/1/3828 4922/1/3830
f 4880/1/3829 4922/1/3830 4882/1/3831
f 4924/1/3832 4882/1/3831 4922/1/3830
f 4927/1/3833 4882/1/3831 4924/1/3832
f 4882/1/3831 4927/1/3833 4885/1/3834
f 4929/1/3835 4885/1/3834 4927/1/3833
f 4885/1/3834 4929/1/3835 4887/1/3836
f 4931/1/3837 4887/1/3836 4929/1/3835
f 4887/1/3836 4931/1/3837 4889/1/3838
f 4931/1/3837 4890/1/3839 4889/1/3838
f 4890/1/3839 4931/1/3837 4932/1/3840
f 4934/1/3841 4890/1/3839 4932/1/3840
f 4890/1/3839 4934/1/3841 4892/1/3842
f 4936/1/3843 4892/1/3842 4934/1/3841
f 4892/1/3842 4936/1/3843 4895/1/3844
f 4936/1/3843 4438/1/3845 4895/1/3844
f 4438/1/3845 4936/1/3843 4441/1/3846
f 4434/1/3847 4897/1/3848 4437/1/3849
f 4855/1/3850 4897/1/3848 4434/1/3847
f 4897/1/3848 4855/1/3850 4857/1/3851
f 4857/1/3851 4899/1/3852 4897/1/3848
f 4857/1/3851 4901/1/3853 4899/1/3852
f 4901/1/3853 4857/1/3851 4859/1/3854
f 4859/1/3854 4902/1/3855 4901/1/3853
f 4902/1/3855 4859/1/3854 4860/1/3856
f 4862/1/3857 4902/1/3855 4860/1/3856
f 4862/1/3857 4904/1/3858 4902/1/3855
f 4904/1/3858 4862/1/3857 4864/1/3859
f 4864/1/3859 4906/1/3860 4904/1/3858
f 4864/1/3859 4908/1/3861 4906/1/3860
f 4908/1/3861 4864/1/3859 4866/1/3862
f 4866/1/3862 4911/1/3863 4908/1/3861
f 4911/1/3863 4866/1/3862 4869/1/3864
f 4869/1/3864 4913/1/3865 4911/1/3863
f 4913/1/3865 4869/1/3864 4871/1/3866
f 4913/1/3865 4871/1/3866 4873/1/3867
f 4913/1/3865 4873/1/3867 4915/1/3868
f 4915/1/3868 4873/1/3867 4875/1/3869
f 4915/1/3868 4875/1/3869 4917/1/3870
f 4917/1/3870 4875/1/3869 4877/1/3871
f 4917/1/3870 4877/1/3871 4919/1/3872
f 4879/1/3873 4919/1/3872 4877/1/3871
f 4919/1/3872 4879/1/3873 4921/1/3874
f 4881/1/3875 4921/1/3874 4879/1/3873
f 4921/1/3874 4881/1/3875 4923/1/3876
f 4883/1/3877 4923/1/3876 4881/1/3875
f 4923/1/3876 4883/1/3877 4925/1/3878
f 4883/1/3877 4926/1/3879 4925/1/3878
f 4926/1/3879 4883/1/3877 4884/1/3880
f 4884/1/3880 4928/1/3881 4926/1/3879
f 4928/1/3881 4884/1/3880 4886/1/3882
f 4886/1/3882 4930/1/3883 4928/1/3881
f 4930/1/3883 4886/1/3882 4888/1/3884
f 4930/1/3883 4888/1/3884 4891/1/3885
f 4891/1/3885 4933/1/3886 4930/1/3883
f 4891/1/3885 4935/1/3887 4933/1/3886
f 4935/1/3887 4891/1/3885 4893/1/3888
f 4893/1/3888 4937/1/3889 4935/1/3887
f 4937/1/3889 4893/1/3888 4894/1/3890
f 4440/1/3891 4937/1/3889 4894/1/3890
f 4440/1/3891 4439/1/3892 4937/1/3889
f 5663/1/3893 5664/1/3894 5665/1/3895
f 5664/1/3894 5663/1/3893 5666/1/3896
f 5663/1/3893 5667/1/3897 5666/1/3896
f 5668/1/3898 5667/1/3897 5663/1/3893
f 5669/1/3899 5667/1/3897 5668/1/3898
f 5667/1/3897 5669/1/3899 5670/1/3900
f 5671/1/3901 5670/1/3900 5669/1/3899
f 5670/1/3900 5671/1/3901 5672/1/3902
f 5673/1/3903 5672/1/3902 5671/1/3901
f 5672/1/3902 5673/1/3903 5674/1/3904
f 5675/1/3905 5674/1/3904 5673/1/3903
f 5674/1/3904 5675/1/3905 5676/1/3906
f 5676/1/3906 5675/1/3905 5677/1/3907
f 5677/1/3907 5675/1/3905 5678/1/3908
f 5679/1/3909 5677/1/3907 5678/1/3908
f 5677/1/3907 5679/1/3909 5680/1/3910
f 5681/1/3911 5680/1/3910 5679/1/3909
f 5680/1/3910 5681/1/3911 5682/1/3912
f 5681/1/3911 5683/1/3913 5682/1/3912
f 5683/1/3913 5681/1/3911 5684/1/3914
f 5684/1/3914 5685/1/3915 5683/1/3913
f 5685/1/3915 5684/1/3914 5686/1/3916
f 5686/1/3916 5687/1/3917 5685/1/3915
f 5687/1/3917 5686/1/3916 5688/1/3918
f 5688/1/3918 5689/1/3919 5687/1/3917
f 5689/1/3919 5688/1/3918 5690/1/3920
f 5665/1/3895 5689/1/3919 5690/1/3920
f 5689/1/3919 5665/1/3895 5664/1/3894
f 5071/1/3921 4443/1/3922 4445/1/3923
f 4443/1/3922 5071/1/3921 5064/1/3924
f 5064/1/3924 5071/1/3921 5063/1/3925
f 5071/1/3921 5070/1/3926 5063/1/3925
f 5063/1/3925 5070/1/3926 5062/1/3927
f 5062/1/3927 5070/1/3926 5069/1/3928
f 5069/1/3928 5061/1/3929 5062/1/3927
f 5068/1/3930 5061/1/3929 5069/1/3928
f 5068/1/3930 5060/1/3931 5061/1/3929
f 5060/1/3931 5068/1/3930 5067/1/3932
f 5067/1/3932 5059/1/3933 5060/1/3931
f 5066/1/3934 5059/1/3933 5067/1/3932
f 5066/1/3934 5058/1/3935 5059/1/3933
f 5065/1/3936 5058/1/3935 5066/1/3934
f 4680/1/3937 5058/1/3935 5065/1/3936
f 5058/1/3935 4680/1/3937 4681/1/3938
f 5453/1/3939 5691/1/3940 5454/1/3941
f 5691/1/3940 5453/1/3939 5488/1/3942
f 5487/1/3943 5691/1/3940 5488/1/3942
f 5691/1/3944 5487/1/3945 5692/1/3946
f 5486/1/3947 5692/1/3946 5487/1/3945
f 5692/1/3946 5486/1/3947 5693/1/3948
f 5486/1/3947 5694/1/3949 5693/1/3948
f 5694/1/3949 5486/1/3947 5485/1/3950
f 5485/1/3950 5695/1/3951 5694/1/3949
f 5695/1/3951 5485/1/3950 5484/1/3952
f 5484/1/3952 5696/1/3953 5695/1/3951
f 5696/1/3953 5484/1/3952 5483/1/3954
f 5483/1/3954 5697/1/3955 5696/1/3953
f 5697/1/3955 5483/1/3954 5482/1/3956
f 5482/1/3956 5481/1/3957 5697/1/3955
f 5698/1/3958 5697/1/3955 5481/1/3957
f 5481/1/3957 5699/1/3959 5698/1/3958
f 5699/1/3959 5481/1/3957 5480/1/3960
f 5479/1/3961 5699/1/3959 5480/1/3960
f 5700/1/3962 5699/1/3959 5479/1/3961
f 5479/1/3961 5701/1/3963 5700/1/3962
f 5701/1/3963 5479/1/3961 5478/1/3964
f 5477/1/3965 5701/1/3963 5478/1/3964
f 5701/1/3963 5477/1/3965 5262/1/3966
f 5476/1/3967 5262/1/3966 5477/1/3965
f 5262/1/3966 5476/1/3967 5260/1/3968
f 5475/1/3969 5260/1/3968 5476/1/3967
f 5260/1/3968 5475/1/3969 5264/1/3970
f 5474/1/3971 5264/1/3970 5475/1/3969
f 5267/1/3972 5264/1/3970 5474/1/3971
f 5474/1/3971 5269/1/3973 5267/1/3972
f 5269/1/3973 5474/1/3971 5473/1/3974
f 5473/1/3974 5271/1/3975 5269/1/3973
f 5472/1/3976 5271/1/3975 5473/1/3974
f 4466/1/3977 5271/1/3975 5472/1/3976
f 5271/1/3975 4466/1/3977 4468/1/3978
f 5376/1/3979 5503/1/3980 5377/1/3981
f 5503/1/3980 5376/1/3979 5702/1/3982
f 5702/1/3982 5703/1/3983 5503/1/3980
f 5503/1/3980 5703/1/3983 5498/1/3984
f 5703/1/3983 5704/1/3985 5498/1/3984
f 5498/1/3984 5704/1/3985 5499/1/3986
f 5499/1/3986 5704/1/3985 5705/1/3987
f 5705/1/3987 5500/1/3988 5499/1/3986
f 5705/1/3987 5501/1/3989 5500/1/3988
f 5501/1/3989 5705/1/3987 5706/1/3990
f 5380/1/3991 5501/1/3989 5706/1/3990
f 5501/1/3989 5380/1/3991 5379/1/3992
f 5707/1/3993 5708/1/3994 5709/1/3995
f 5708/1/3994 5707/1/3993 5710/1/3996
f 5711/1/3997 5710/1/3996 5707/1/3993
f 5710/1/3996 5712/1/3998 5708/1/3994
f 5710/1/3996 5711/1/3997 5713/1/3999
f 5714/1/4000 5713/1/3999 5711/1/3997
f 5712/1/3998 5710/1/3996 5715/1/4001
f 5713/1/3999 5715/1/4001 5710/1/3996
f 5713/1/3999 5714/1/4000 5716/1/4002
f 5717/1/4003 5716/1/4002 5714/1/4000
f 5715/1/4001 5713/1/3999 5718/1/4004
f 5716/1/4002 5718/1/4004 5713/1/3999
f 5719/1/4005 5712/1/3998 5715/1/4001
f 5712/1/3998 5719/1/4005 5720/1/4006
f 5721/1/4007 5715/1/4001 5718/1/4004
f 5715/1/4001 5721/1/4007 5719/1/4005
f 5718/1/4004 5716/1/4002 5722/1/4008
f 5723/1/4009 5720/1/4006 5719/1/4005
f 5724/1/4010 5718/1/4004 5722/1/4008
f 5718/1/4004 5724/1/4010 5721/1/4007
f 5720/1/4006 5723/1/4009 5725/1/4011
f 5726/1/4012 5722/1/4008 5716/1/4002
f 5726/1/4012 5724/1/4010 5722/1/4008
f 5716/1/4002 5727/1/4013 5726/1/4012
f 5716/1/4002 5717/1/4003 5727/1/4013
f 5728/1/4014 5725/1/4011 5723/1/4009
f 5725/1/4011 5728/1/4014 5729/1/4015
f 5728/1/4014 5709/1/3995 5729/1/4015
f 5709/1/3995 5728/1/4014 5707/1/3993
f 5730/1/4016 5707/1/3993 5728/1/4014
f 5723/1/4009 5730/1/4016 5728/1/4014
f 5707/1/3993 5730/1/4016 5711/1/3997
f 5730/1/4016 5723/1/4009 5731/1/4017
f 5719/1/4005 5731/1/4017 5723/1/4009
f 5731/1/4017 5719/1/4005 5721/1/4007
f 5732/1/4018 5711/1/3997 5730/1/4016
f 5731/1/4017 5732/1/4018 5730/1/4016
f 5711/1/3997 5732/1/4018 5714/1/4000
f 5721/1/4007 5733/1/4019 5731/1/4017
f 5732/1/4018 5731/1/4017 5733/1/4019
f 5733/1/4019 5721/1/4007 5724/1/4010
f 5717/1/4003 5714/1/4000 5732/1/4018
f 5724/1/4010 5734/1/4020 5733/1/4019
f 5732/1/4018 5733/1/4019 5734/1/4020
f 5717/1/4003 5732/1/4018 5735/1/4021
f 5735/1/4021 5732/1/4018 5734/1/4020
f 5736/1/4022 5717/1/4003 5735/1/4021
f 5724/1/4010 5737/1/4023 5734/1/4020
f 5724/1/4010 5726/1/4012 5737/1/4023
f 5736/1/4022 5735/1/4021 5738/1/4024
f 5739/1/4025 5736/1/4022 5738/1/4024
f 5735/1/4021 5734/1/4020 5740/1/4026
f 5738/1/4024 5735/1/4021 5740/1/4026
f 5739/1/4025 5738/1/4024 5741/1/4027
f 5734/1/4020 5742/1/4028 5740/1/4026
f 5742/1/4028 5734/1/4020 5737/1/4023
f 5738/1/4024 5740/1/4026 5743/1/4029
f 5741/1/4027 5738/1/4024 5743/1/4029
f 5744/1/4030 5740/1/4026 5742/1/4028
f 5740/1/4026 5744/1/4030 5743/1/4029
f 5745/1/4031 5739/1/4025 5741/1/4027
f 5743/1/4029 5745/1/4031 5741/1/4027
f 5739/1/4025 5745/1/4031 5746/1/4032
f 5737/1/4023 5747/1/4033 5742/1/4028
f 5747/1/4033 5737/1/4023 5726/1/4012
f 5747/1/4033 5726/1/4012 5727/1/4013
f 5748/1/4034 5742/1/4028 5747/1/4033
f 5742/1/4028 5748/1/4034 5744/1/4030
f 5727/1/4013 5749/1/4035 5747/1/4033
f 5748/1/4034 5747/1/4033 5749/1/4035
f 5749/1/4035 5727/1/4013 5717/1/4003
f 5749/1/4035 5717/1/4003 5736/1/4022
f 5750/1/4036 5749/1/4035 5736/1/4022
f 5749/1/4035 5750/1/4036 5748/1/4034
f 5750/1/4036 5736/1/4022 5739/1/4025
f 5751/1/4037 5750/1/4036 5739/1/4025
f 5751/1/4037 5748/1/4034 5750/1/4036
f 5739/1/4025 5746/1/4032 5751/1/4037
f 5752/1/4038 5751/1/4037 5746/1/4032
f 5746/1/4032 5753/1/4039 5752/1/4038
f 5748/1/4034 5751/1/4037 5754/1/4040
f 5752/1/4038 5754/1/4040 5751/1/4037
f 5748/1/4034 5754/1/4040 5755/1/4041
f 5755/1/4041 5744/1/4030 5748/1/4034
f 5755/1/4041 5743/1/4029 5744/1/4030
f 5753/1/4039 5756/1/4042 5752/1/4038
f 5756/1/4042 5753/1/4039 5757/1/4043
f 5754/1/4040 5752/1/4038 5758/1/4044
f 5756/1/4042 5758/1/4044 5752/1/4038
f 5759/1/4045 5755/1/4041 5754/1/4040
f 5754/1/4040 5758/1/4044 5759/1/4045
f 5743/1/4029 5755/1/4041 5760/1/4046
f 5759/1/4045 5760/1/4046 5755/1/4041
f 5745/1/4031 5743/1/4029 5760/1/4046
f 5757/1/4043 5761/1/4047 5756/1/4042
f 5761/1/4047 5757/1/4043 5762/1/4048
f 5763/1/4049 5761/1/4047 5762/1/4048
f 5760/1/4046 5764/1/4050 5745/1/4031
f 5764/1/4050 5746/1/4032 5745/1/4031
f 5746/1/4032 5764/1/4050 5753/1/4039
f 5764/1/4050 5760/1/4046 5765/1/4051
f 5760/1/4046 5759/1/4045 5765/1/4051
f 5766/1/4052 5753/1/4039 5764/1/4050
f 5765/1/4051 5766/1/4052 5764/1/4050
f 5753/1/4039 5766/1/4052 5757/1/4043
f 5762/1/4048 5757/1/4043 5766/1/4052
f 5767/1/4053 5765/1/4051 5759/1/4045
f 5768/1/4054 5762/1/4048 5766/1/4052
f 5767/1/4053 5759/1/4045 5758/1/4044
f 5763/1/4049 5762/1/4048 5768/1/4054
f 5766/1/4052 5765/1/4051 5769/1/4055
f 5765/1/4051 5767/1/4053 5769/1/4055
f 5769/1/4055 5768/1/4054 5766/1/4052
f 5758/1/4044 5770/1/4056 5767/1/4053
f 5758/1/4044 5756/1/4042 5770/1/4056
f 5761/1/4047 5770/1/4056 5756/1/4042
f 5771/1/4057 5767/1/4053 5770/1/4056
f 5770/1/4056 5761/1/4047 5771/1/4057
f 5772/1/4058 5769/1/4055 5767/1/4053
f 5767/1/4053 5771/1/4057 5772/1/4058
f 5768/1/4054 5769/1/4055 5773/1/4059
f 5769/1/4055 5772/1/4058 5773/1/4059
f 5774/1/4060 5768/1/4054 5773/1/4059
f 5772/1/4058 5774/1/4060 5773/1/4059
f 5775/1/4061 5763/1/4049 5768/1/4054
f 5774/1/4060 5775/1/4061 5768/1/4054
f 5776/1/4062 5763/1/4049 5775/1/4061
f 5775/1/4061 5777/1/4063 5776/1/4062
f 5778/1/4064 5775/1/4061 5774/1/4060
f 5778/1/4064 5777/1/4063 5775/1/4061
f 5779/1/4065 5776/1/4062 5777/1/4063
f 5778/1/4064 5779/1/4065 5777/1/4063
f 5776/1/4062 5779/1/4065 5780/1/4066
f 5781/1/4067 5778/1/4064 5774/1/4060
f 5774/1/4060 5772/1/4058 5781/1/4067
f 5782/1/4068 5780/1/4066 5779/1/4065
f 5780/1/4066 5782/1/4068 5783/1/4069
f 5779/1/4065 5778/1/4064 5784/1/4070
f 5784/1/4070 5782/1/4068 5779/1/4065
f 5781/1/4067 5785/1/4071 5778/1/4064
f 5785/1/4071 5784/1/4070 5778/1/4064
f 5772/1/4058 5786/1/4072 5781/1/4067
f 5786/1/4072 5772/1/4058 5771/1/4057
f 5761/1/4047 5786/1/4072 5771/1/4057
f 5787/1/4073 5781/1/4067 5786/1/4072
f 5781/1/4067 5787/1/4073 5785/1/4071
f 5786/1/4072 5761/1/4047 5788/1/4074
f 5788/1/4074 5787/1/4073 5786/1/4072
f 5761/1/4047 5763/1/4049 5788/1/4074
f 5776/1/4062 5788/1/4074 5763/1/4049
f 5788/1/4074 5776/1/4062 5789/1/4075
f 5787/1/4073 5788/1/4074 5789/1/4075
f 5780/1/4066 5789/1/4075 5776/1/4062
f 5789/1/4075 5780/1/4066 5790/1/4076
f 5790/1/4076 5787/1/4073 5789/1/4075
f 5783/1/4069 5790/1/4076 5780/1/4066
f 5790/1/4076 5783/1/4069 5791/1/4077
f 5792/1/4078 5791/1/4077 5783/1/4069
f 5787/1/4073 5790/1/4076 5793/1/4079
f 5791/1/4077 5793/1/4079 5790/1/4076
f 5791/1/4077 5792/1/4078 5794/1/4080
f 5795/1/4081 5794/1/4080 5792/1/4078
f 5793/1/4079 5791/1/4077 5796/1/4082
f 5794/1/4080 5796/1/4082 5791/1/4077
f 5797/1/4083 5787/1/4073 5793/1/4079
f 5787/1/4073 5797/1/4083 5785/1/4071
f 5785/1/4071 5797/1/4083 5784/1/4070
f 5793/1/4079 5798/1/4084 5797/1/4083
f 5793/1/4079 5796/1/4082 5798/1/4084
f 5799/1/4085 5784/1/4070 5797/1/4083
f 5797/1/4083 5798/1/4084 5799/1/4085
f 5782/1/4068 5784/1/4070 5799/1/4085
f 5796/1/4082 5794/1/4080 5800/1/4086
f 5799/1/4085 5801/1/4087 5782/1/4068
f 5801/1/4087 5783/1/4069 5782/1/4068
f 5783/1/4069 5801/1/4087 5792/1/4078
f 5801/1/4087 5795/1/4081 5792/1/4078
f 5796/1/4082 5800/1/4086 5802/1/4088
f 5796/1/4082 5802/1/4088 5798/1/4084
f 5803/1/4089 5799/1/4085 5798/1/4084
f 5801/1/4087 5799/1/4085 5803/1/4089
f 5803/1/4089 5798/1/4084 5802/1/4088
f 5803/1/4089 5804/1/4090 5801/1/4087
f 5804/1/4090 5803/1/4089 5802/1/4088
f 5795/1/4081 5801/1/4087 5805/1/4091
f 5805/1/4091 5801/1/4087 5804/1/4090
f 5805/1/4091 5806/1/4092 5795/1/4081
f 5804/1/4090 5802/1/4088 5807/1/4093
f 5806/1/4092 5805/1/4091 5808/1/4094
f 5808/1/4094 5809/1/4095 5806/1/4092
f 5804/1/4090 5810/1/4096 5805/1/4091
f 5805/1/4091 5810/1/4096 5808/1/4094
f 5811/1/4097 5804/1/4090 5807/1/4093
f 5804/1/4090 5811/1/4097 5810/1/4096
f 5802/1/4088 5812/1/4098 5807/1/4093
f 5812/1/4098 5802/1/4088 5800/1/4086
f 5794/1/4080 5812/1/4098 5800/1/4086
f 5813/1/4099 5807/1/4093 5812/1/4098
f 5807/1/4093 5813/1/4099 5811/1/4097
f 5794/1/4080 5814/1/4100 5812/1/4098
f 5814/1/4100 5813/1/4099 5812/1/4098
f 5794/1/4080 5795/1/4081 5814/1/4100
f 5795/1/4081 5815/1/4101 5814/1/4100
f 5813/1/4099 5814/1/4100 5815/1/4101
f 5815/1/4101 5795/1/4081 5806/1/4092
f 5816/1/4102 5811/1/4097 5813/1/4099
f 5815/1/4101 5816/1/4102 5813/1/4099
f 5806/1/4092 5817/1/4103 5815/1/4101
f 5816/1/4102 5815/1/4101 5817/1/4103
f 5817/1/4103 5806/1/4092 5809/1/4095
f 5809/1/4095 5818/1/4104 5817/1/4103
f 5817/1/4103 5818/1/4104 5816/1/4102
f 5818/1/4104 5809/1/4095 5819/1/4105
f 5811/1/4097 5816/1/4102 5820/1/4106
f 5820/1/4106 5810/1/4096 5811/1/4097
f 5810/1/4096 5820/1/4106 5821/1/4107
f 5810/1/4096 5821/1/4107 5808/1/4094
f 5816/1/4102 5822/1/4108 5820/1/4106
f 5820/1/4106 5822/1/4108 5821/1/4107
f 5808/1/4094 5821/1/4107 5823/1/4109
f 5809/1/4095 5808/1/4094 5823/1/4109
f 5824/1/4110 5809/1/4095 5823/1/4109
f 5821/1/4107 5824/1/4110 5823/1/4109
f 5809/1/4095 5824/1/4110 5819/1/4105
f 5822/1/4108 5825/1/4111 5821/1/4107
f 5824/1/4110 5821/1/4107 5825/1/4111
f 5826/1/4112 5819/1/4105 5824/1/4110
f 5825/1/4111 5826/1/4112 5824/1/4110
f 5819/1/4105 5826/1/4112 5827/1/4113
f 5828/1/4114 5827/1/4113 5826/1/4112
f 5827/1/4113 5828/1/4114 5829/1/4115
f 5826/1/4112 5825/1/4111 5830/1/4116
f 5830/1/4116 5828/1/4114 5826/1/4112
f 5831/1/4117 5825/1/4111 5822/1/4108
f 5825/1/4111 5831/1/4117 5830/1/4116
f 5832/1/4118 5831/1/4117 5822/1/4108
f 5822/1/4108 5816/1/4102 5832/1/4118
f 5818/1/4104 5832/1/4118 5816/1/4102
f 5833/1/4119 5829/1/4115 5828/1/4114
f 5829/1/4115 5833/1/4119 5834/1/4120
f 5835/1/4121 5834/1/4120 5833/1/4119
f 5836/1/4122 5832/1/4118 5818/1/4104
f 5819/1/4105 5836/1/4122 5818/1/4104
f 5836/1/4122 5819/1/4105 5827/1/4113
f 5832/1/4118 5836/1/4122 5837/1/4123
f 5832/1/4118 5837/1/4123 5831/1/4117
f 5838/1/4124 5836/1/4122 5827/1/4113
f 5838/1/4124 5837/1/4123 5836/1/4122
f 5838/1/4124 5827/1/4113 5829/1/4115
f 5837/1/4123 5839/1/4125 5831/1/4117
f 5840/1/4126 5838/1/4124 5829/1/4115
f 5840/1/4126 5829/1/4115 5834/1/4120
f 5837/1/4123 5838/1/4124 5841/1/4127
f 5837/1/4123 5841/1/4127 5839/1/4125
f 5839/1/4125 5830/1/4116 5831/1/4117
f 5835/1/4121 5840/1/4126 5834/1/4120
f 5830/1/4116 5839/1/4125 5842/1/4128
f 5828/1/4114 5830/1/4116 5842/1/4128
f 5843/1/4129 5839/1/4125 5841/1/4127
f 5843/1/4129 5842/1/4128 5839/1/4125
f 5844/1/4130 5828/1/4114 5842/1/4128
f 5842/1/4128 5843/1/4129 5844/1/4130
f 5844/1/4130 5833/1/4119 5828/1/4114
f 5838/1/4124 5845/1/4131 5841/1/4127
f 5845/1/4131 5838/1/4124 5840/1/4126
f 5841/1/4127 5845/1/4131 5843/1/4129
f 5840/1/4126 5846/1/4132 5845/1/4131
f 5846/1/4132 5843/1/4129 5845/1/4131
f 5840/1/4126 5835/1/4121 5847/1/4133
f 5846/1/4132 5840/1/4126 5847/1/4133
f 5709/1/3995 5847/1/4133 5835/1/4121
f 5847/1/4133 5709/1/3995 5708/1/3994
f 5712/1/3998 5847/1/4133 5708/1/3994
f 5847/1/4133 5712/1/3998 5846/1/4132
f 5712/1/3998 5848/1/4134 5846/1/4132
f 5843/1/4129 5846/1/4132 5848/1/4134
f 5848/1/4134 5712/1/3998 5720/1/4006
f 5725/1/4011 5848/1/4134 5720/1/4006
f 5849/1/4135 5843/1/4129 5848/1/4134
f 5725/1/4011 5849/1/4135 5848/1/4134
f 5849/1/4135 5844/1/4130 5843/1/4129
f 5849/1/4135 5833/1/4119 5844/1/4130
f 5725/1/4011 5850/1/4136 5849/1/4135
f 5849/1/4135 5850/1/4136 5833/1/4119
f 5729/1/4015 5850/1/4136 5725/1/4011
f 5850/1/4136 5835/1/4121 5833/1/4119
f 5729/1/4015 5709/1/3995 5850/1/4136
f 5709/1/3995 5835/1/4121 5850/1/4136
f 5851/1/4137 4848/1/4138 4847/1/4139
f 4848/1/4138 5851/1/4137 5852/1/4140
f 5851/1/4137 5853/1/4141 5852/1/4140
f 5852/1/4140 4849/1/4142 4848/1/4138
f 5852/1/4140 5853/1/4141 5854/1/4143
f 5855/1/4144 5854/1/4143 5853/1/4141
f 4849/1/4142 5852/1/4140 5856/1/4145
f 5852/1/4140 5854/1/4143 5856/1/4145
f 5856/1/4145 4851/1/4146 4849/1/4142
f 5854/1/4143 5855/1/4144 5857/1/4147
f 5855/1/4144 5858/1/4148 5857/1/4147
f 5856/1/4145 5854/1/4143 5859/1/4149
f 5854/1/4143 5857/1/4147 5859/1/4149
f 4851/1/4146 5856/1/4145 5860/1/4150
f 5859/1/4149 5860/1/4150 5856/1/4145
f 5860/1/4150 4852/1/4151 4851/1/4146
f 5857/1/4147 5858/1/4148 5861/1/4152
f 5857/1/4147 5861/1/4152 5859/1/4149
f 5858/1/4148 5862/1/4153 5861/1/4152
f 5862/1/4153 5858/1/4148 5863/1/4154
f 5864/1/4155 5859/1/4149 5861/1/4152
f 5862/1/4153 5864/1/4155 5861/1/4152
f 5862/1/4153 5863/1/4154 5865/1/4156
f 5863/1/4154 5866/1/4157 5865/1/4156
f 4826/1/4158 5865/1/4156 5866/1/4157
f 5865/1/4156 4826/1/4158 4824/1/4159
f 5865/1/4156 4824/1/4159 4822/1/4160
f 5862/1/4153 5865/1/4156 5867/1/4161
f 5867/1/4161 5865/1/4156 4822/1/4160
f 5864/1/4155 5862/1/4153 5867/1/4161
f 5867/1/4161 4822/1/4160 4820/1/4162
f 5868/1/4163 5867/1/4161 4820/1/4162
f 5864/1/4155 5867/1/4161 5868/1/4163
f 4820/1/4162 4818/1/4164 5868/1/4163
f 5869/1/4165 5864/1/4155 5868/1/4163
f 5859/1/4149 5864/1/4155 5869/1/4165
f 5870/1/4166 5868/1/4163 4818/1/4164
f 5868/1/4163 5870/1/4166 5869/1/4165
f 4818/1/4164 4817/1/4167 5870/1/4166
f 4815/1/4168 5870/1/4166 4817/1/4167
f 5871/1/4169 5870/1/4166 4815/1/4168
f 5871/1/4169 5869/1/4165 5870/1/4166
f 4814/1/4170 5871/1/4169 4815/1/4168
f 5872/1/4171 5859/1/4149 5869/1/4165
f 5860/1/4150 5859/1/4149 5872/1/4171
f 5873/1/4172 5869/1/4165 5871/1/4169
f 5871/1/4169 4814/1/4170 5873/1/4172
f 5869/1/4165 5873/1/4172 5872/1/4171
f 5872/1/4171 5874/1/4173 5860/1/4150
f 5874/1/4173 5872/1/4171 5873/1/4172
f 5874/1/4173 5873/1/4172 4814/1/4170
f 4852/1/4151 5860/1/4150 5874/1/4173
f 4813/1/4174 5874/1/4173 4814/1/4170
f 5874/1/4173 4813/1/4174 4852/1/4151
f 5875/1/4175 5462/1/4176 5465/1/4177
f 5462/1/4176 5875/1/4175 5876/1/4178
f 5875/1/4175 5376/1/4179 5876/1/4178
f 5876/1/4178 5460/1/4180 5462/1/4176
f 5876/1/4178 5376/1/4179 5374/1/4181
f 5460/1/4180 5876/1/4178 5877/1/4182
f 5374/1/4181 5877/1/4182 5876/1/4178
f 5460/1/4180 5877/1/4182 5459/1/4183
f 5877/1/4182 5374/1/4181 5372/1/4184
f 5459/1/4183 5877/1/4182 5878/1/4185
f 5877/1/4182 5372/1/4184 5878/1/4185
f 5456/1/4186 5459/1/4183 5878/1/4185
f 5372/1/4184 5371/1/4187 5878/1/4185
f 5879/1/4188 5456/1/4186 5878/1/4185
f 5878/1/4185 5371/1/4187 5879/1/4188
f 5456/1/4186 5879/1/4188 5457/1/4189
f 5371/1/4187 5369/1/4190 5879/1/4188
f 5879/1/4188 5880/1/4191 5457/1/4189
f 5879/1/4188 5369/1/4190 5880/1/4191
f 5457/1/4189 5880/1/4191 5455/1/4192
f 5369/1/4190 5367/1/4193 5880/1/4191
f 5880/1/4191 5881/1/4194 5455/1/4192
f 5880/1/4191 5367/1/4193 5881/1/4194
f 5367/1/4193 5365/1/4195 5881/1/4194
f 5455/1/4192 5881/1/4194 5458/1/4196
f 5364/1/4197 5881/1/4194 5365/1/4195
f 5882/1/4198 5458/1/4196 5881/1/4194
f 5881/1/4194 5364/1/4197 5882/1/4198
f 5458/1/4196 5882/1/4198 5461/1/4199
f 5362/1/4200 5882/1/4198 5364/1/4197
f 5883/1/4201 5461/1/4199 5882/1/4198
f 5882/1/4198 5362/1/4200 5883/1/4201
f 5883/1/4201 5463/1/4202 5461/1/4199
f 5883/1/4201 5362/1/4200 5884/1/4203
f 5463/1/4202 5883/1/4201 5884/1/4203
f 5362/1/4200 5360/1/4204 5884/1/4203
f 5884/1/4203 5464/1/4205 5463/1/4202
f 5884/1/4203 5360/1/4204 5885/1/4206
f 5464/1/4205 5884/1/4203 5885/1/4206
f 5359/1/4207 5885/1/4206 5360/1/4204
f 5885/1/4206 5466/1/4208 5464/1/4205
f 5885/1/4206 5359/1/4207 5886/1/4209
f 5466/1/4208 5885/1/4206 5886/1/4209
f 5359/1/4207 5356/1/4210 5886/1/4209
f 5886/1/4209 5468/1/4211 5466/1/4208
f 5354/1/4212 5886/1/4209 5356/1/4210
f 5468/1/4211 5886/1/4209 5887/1/4213
f 5886/1/4209 5354/1/4212 5887/1/4213
f 5887/1/4213 5470/1/4214 5468/1/4211
f 5352/1/4215 5887/1/4213 5354/1/4212
f 5887/1/4213 5352/1/4215 5888/1/4216
f 5470/1/4214 5887/1/4213 5888/1/4216
f 5350/1/4217 5888/1/4216 5352/1/4215
f 5888/1/4216 5889/1/4218 5470/1/4214
f 5888/1/4216 5350/1/4217 5889/1/4218
f 5889/1/4218 5306/1/4219 5470/1/4214
f 5350/1/4217 5348/1/4220 5889/1/4218
f 5890/1/4221 5306/1/4219 5889/1/4218
f 5889/1/4218 5348/1/4220 5890/1/4221
f 5306/1/4219 5890/1/4221 5305/1/4222
f 5347/1/4223 5890/1/4221 5348/1/4220
f 5305/1/4222 5890/1/4221 5891/1/4224
f 5347/1/4223 5891/1/4224 5890/1/4221
f 5891/1/4224 5303/1/4225 5305/1/4222
f 5345/1/4226 5891/1/4224 5347/1/4223
f 5303/1/4225 5891/1/4224 5892/1/4227
f 5345/1/4226 5892/1/4227 5891/1/4224
f 5303/1/4225 5892/1/4227 5301/1/4228
f 5343/1/4229 5892/1/4227 5345/1/4226
f 5301/1/4228 5892/1/4227 5893/1/4230
f 5343/1/4229 5893/1/4230 5892/1/4227
f 5301/1/4228 5893/1/4230 5299/1/4231
f 5893/1/4230 5343/1/4229 5341/1/4232
f 5894/1/4233 5299/1/4231 5893/1/4230
f 5341/1/4232 5894/1/4233 5893/1/4230
f 5299/1/4231 5894/1/4233 5297/1/4234
f 5338/1/4235 5894/1/4233 5341/1/4232
f 5895/1/4236 5297/1/4234 5894/1/4233
f 5894/1/4233 5338/1/4235 5895/1/4236
f 5297/1/4234 5895/1/4236 5295/1/4237
f 5336/1/4238 5895/1/4236 5338/1/4235
f 5896/1/4239 5295/1/4237 5895/1/4236
f 5895/1/4236 5336/1/4238 5896/1/4239
f 5295/1/4237 5896/1/4239 5293/1/4240
f 5334/1/4241 5896/1/4239 5336/1/4238
f 5896/1/4239 5291/1/4242 5293/1/4240
f 5896/1/4239 5334/1/4241 5897/1/4243
f 5291/1/4242 5896/1/4239 5897/1/4243
f 5332/1/4244 5897/1/4243 5334/1/4241
f 5897/1/4243 5288/1/4245 5291/1/4242
f 5897/1/4243 5332/1/4244 5898/1/4246
f 5288/1/4245 5897/1/4243 5898/1/4246
f 5898/1/4246 5332/1/4244 5330/1/4247
f 5288/1/4245 5898/1/4246 5899/1/4248
f 5898/1/4246 5330/1/4247 5899/1/4248
f 5288/1/4245 5899/1/4248 5286/1/4249
f 5329/1/4250 5899/1/4248 5330/1/4247
f 5286/1/4249 5899/1/4248 5900/1/4251
f 5899/1/4248 5329/1/4250 5900/1/4251
f 5900/1/4251 5284/1/4252 5286/1/4249
f 5327/1/4253 5900/1/4251 5329/1/4250
f 5284/1/4252 5900/1/4251 5901/1/4254
f 5900/1/4251 5327/1/4253 5901/1/4254
f 5901/1/4254 5282/1/4255 5284/1/4252
f 5901/1/4254 5281/1/4256 5282/1/4255
f 5327/1/4253 5902/1/4257 5901/1/4254
f 5281/1/4256 5901/1/4254 5902/1/4257
f 5325/1/4258 5902/1/4257 5327/1/4253
f 5902/1/4257 5279/1/4259 5281/1/4256
f 5325/1/4258 5903/1/4260 5902/1/4257
f 5279/1/4259 5902/1/4257 5903/1/4260
f 5903/1/4260 5325/1/4258 5323/1/4261
f 5903/1/4260 5277/1/4262 5279/1/4259
f 5320/1/4263 5903/1/4260 5323/1/4261
f 5903/1/4260 5320/1/4263 5904/1/4264
f 5277/1/4262 5903/1/4260 5904/1/4264
f 5318/1/4265 5904/1/4264 5320/1/4263
f 5277/1/4262 5904/1/4264 5905/1/4266
f 5904/1/4264 5318/1/4265 5905/1/4266
f 5905/1/4266 5275/1/4267 5277/1/4262
f 5316/1/4268 5905/1/4266 5318/1/4265
f 5275/1/4267 5905/1/4266 5906/1/4269
f 5905/1/4266 5316/1/4268 5906/1/4269
f 5906/1/4269 5274/1/4270 5275/1/4267
f 5314/1/4271 5906/1/4269 5316/1/4268
f 5907/1/4272 5274/1/4270 5906/1/4269
f 5906/1/4269 5314/1/4271 5907/1/4272
f 5907/1/4272 5399/1/4273 5274/1/4270
f 5312/1/4274 5907/1/4272 5314/1/4271
f 5908/1/4275 5399/1/4273 5907/1/4272
f 5907/1/4272 5312/1/4274 5908/1/4275
f 5399/1/4273 5908/1/4275 5397/1/4276
f 5908/1/4275 5312/1/4274 5309/1/4277
f 5909/1/4278 5397/1/4276 5908/1/4275
f 5309/1/4277 5909/1/4278 5908/1/4275
f 5909/1/4278 5395/1/4279 5397/1/4276
f 5909/1/4278 5309/1/4277 5308/1/4280
f 5910/1/4281 5395/1/4279 5909/1/4278
f 5308/1/4280 5910/1/4281 5909/1/4278
f 5395/1/4279 5910/1/4281 5393/1/4282
f 5910/1/4281 5391/1/4283 5393/1/4282
f 5308/1/4280 5911/1/4284 5910/1/4281
f 5391/1/4283 5910/1/4281 5911/1/4284
f 5911/1/4284 5308/1/4280 5400/1/4285
f 5391/1/4283 5911/1/4284 5388/1/4286
f 5911/1/4284 5400/1/4285 5912/1/4287
f 5912/1/4287 5388/1/4286 5911/1/4284
f 5400/1/4285 5402/1/4288 5912/1/4287
f 5913/1/4289 5388/1/4286 5912/1/4287
f 5912/1/4287 5402/1/4288 5913/1/4289
f 5388/1/4286 5913/1/4289 5386/1/4290
f 5404/1/4291 5913/1/4289 5402/1/4288
f 5914/1/4292 5386/1/4290 5913/1/4289
f 5404/1/4291 5914/1/4292 5913/1/4289
f 5386/1/4290 5914/1/4292 5384/1/4293
f 5407/1/4294 5914/1/4292 5404/1/4291
f 5914/1/4292 5383/1/4295 5384/1/4293
f 5408/1/4296 5914/1/4292 5407/1/4294
f 5914/1/4292 5408/1/4296 5915/1/4297
f 5915/1/4297 5383/1/4295 5914/1/4292
f 5410/1/4298 5915/1/4297 5408/1/4296
f 5916/1/4299 5383/1/4295 5915/1/4297
f 5915/1/4297 5410/1/4298 5916/1/4299
f 5383/1/4295 5916/1/4299 5381/1/4300
f 5413/1/4301 5916/1/4299 5410/1/4298
f 5381/1/4300 5916/1/4299 5379/1/4302
f 5916/1/4299 5413/1/4301 5917/1/4303
f 5379/1/4302 5916/1/4299 5917/1/4303
f 5415/1/4304 5917/1/4303 5413/1/4301
f 5917/1/4303 5415/1/4304 5502/1/4305
f 5502/1/4305 5379/1/4302 5917/1/4303
f 5379/1/4302 5502/1/4305 5501/1/4306
f 5918/1/4307 5380/1/4308 5706/1/4309
f 5380/1/4308 5918/1/4307 5919/1/4310
f 5414/1/4311 5919/1/4310 5918/1/4307
f 5919/1/4310 5378/1/4312 5380/1/4308
f 5919/1/4310 5414/1/4311 5412/1/4313
f 5378/1/4312 5919/1/4310 5920/1/4314
f 5412/1/4313 5920/1/4314 5919/1/4310
f 5920/1/4314 5382/1/4315 5378/1/4312
f 5920/1/4314 5412/1/4313 5411/1/4316
f 5411/1/4316 5921/1/4317 5920/1/4314
f 5382/1/4315 5920/1/4314 5921/1/4317
f 5921/1/4317 5411/1/4316 5409/1/4318
f 5409/1/4318 5406/1/4319 5921/1/4317
f 5921/1/4317 5922/1/4320 5382/1/4315
f 5406/1/4319 5922/1/4320 5921/1/4317
f 5922/1/4320 5385/1/4321 5382/1/4315
f 5405/1/4322 5922/1/4320 5406/1/4319
f 5923/1/4323 5385/1/4321 5922/1/4320
f 5405/1/4322 5923/1/4323 5922/1/4320
f 5385/1/4321 5923/1/4323 5387/1/4324
f 5403/1/4325 5923/1/4323 5405/1/4322
f 5924/1/4326 5387/1/4324 5923/1/4323
f 5923/1/4323 5403/1/4325 5924/1/4326
f 5387/1/4324 5924/1/4326 5389/1/4327
f 5403/1/4325 5925/1/4328 5924/1/4326
f 5925/1/4328 5389/1/4327 5924/1/4326
f 5389/1/4327 5925/1/4328 5390/1/4329
f 5925/1/4328 5403/1/4325 5401/1/4330
f 5925/1/4328 5392/1/4331 5390/1/4329
f 5401/1/4330 5926/1/4332 5925/1/4328
f 5392/1/4331 5925/1/4328 5926/1/4332
f 5926/1/4332 5401/1/4330 5310/1/4333
f 5926/1/4332 5394/1/4334 5392/1/4331
f 5926/1/4332 5310/1/4333 5927/1/4335
f 5394/1/4334 5926/1/4332 5927/1/4335
f 5927/1/4335 5310/1/4333 5311/1/4336
f 5394/1/4334 5927/1/4335 5396/1/4337
f 5311/1/4336 5928/1/4338 5927/1/4335
f 5927/1/4335 5928/1/4338 5396/1/4337
f 5928/1/4338 5311/1/4336 5313/1/4339
f 5396/1/4337 5928/1/4338 5398/1/4340
f 5313/1/4339 5929/1/4341 5928/1/4338
f 5929/1/4341 5398/1/4340 5928/1/4338
f 5313/1/4339 5315/1/4342 5929/1/4341
f 5929/1/4341 5272/1/4343 5398/1/4340
f 5315/1/4342 5930/1/4344 5929/1/4341
f 5929/1/4341 5930/1/4344 5272/1/4343
f 5315/1/4342 5317/1/4345 5930/1/4344
f 5930/1/4344 5273/1/4346 5272/1/4343
f 5317/1/4345 5931/1/4347 5930/1/4344
f 5931/1/4347 5273/1/4346 5930/1/4344
f 5931/1/4347 5317/1/4345 5319/1/4348
f 5932/1/4349 5273/1/4346 5931/1/4347
f 5319/1/4348 5932/1/4349 5931/1/4347
f 5273/1/4346 5932/1/4349 5276/1/4350
f 5932/1/4349 5319/1/4348 5321/1/4351
f 5933/1/4352 5276/1/4350 5932/1/4349
f 5321/1/4351 5933/1/4352 5932/1/4349
f 5276/1/4350 5933/1/4352 5278/1/4353
f 5933/1/4352 5321/1/4351 5322/1/4354
f 5934/1/4355 5278/1/4353 5933/1/4352
f 5322/1/4354 5934/1/4355 5933/1/4352
f 5278/1/4353 5934/1/4355 5280/1/4356
f 5934/1/4355 5322/1/4354 5324/1/4357
f 5935/1/4358 5280/1/4356 5934/1/4355
f 5324/1/4357 5935/1/4358 5934/1/4355
f 5935/1/4358 5283/1/4359 5280/1/4356
f 5935/1/4358 5324/1/4357 5326/1/4360
f 5936/1/4361 5283/1/4359 5935/1/4358
f 5326/1/4360 5936/1/4361 5935/1/4358
f 5283/1/4359 5936/1/4361 5285/1/4362
f 5936/1/4361 5326/1/4360 5328/1/4363
f 5936/1/4361 5287/1/4364 5285/1/4362
f 5328/1/4363 5937/1/4365 5936/1/4361
f 5287/1/4364 5936/1/4361 5937/1/4365
f 5937/1/4365 5328/1/4363 5331/1/4366
f 5938/1/4367 5287/1/4364 5937/1/4365
f 5331/1/4366 5938/1/4367 5937/1/4365
f 5287/1/4364 5938/1/4367 5289/1/4368
f 5938/1/4367 5331/1/4366 5333/1/4369
f 5939/1/4370 5289/1/4368 5938/1/4367
f 5333/1/4369 5939/1/4370 5938/1/4367
f 5289/1/4368 5939/1/4370 5290/1/4371
f 5939/1/4370 5333/1/4369 5335/1/4372
f 5940/1/4373 5290/1/4371 5939/1/4370
f 5335/1/4372 5940/1/4373 5939/1/4370
f 5290/1/4371 5940/1/4373 5292/1/4374
f 5940/1/4373 5335/1/4372 5337/1/4375
f 5940/1/4373 5294/1/4376 5292/1/4374
f 5337/1/4375 5941/1/4377 5940/1/4373
f 5294/1/4376 5940/1/4373 5941/1/4377
f 5941/1/4377 5337/1/4375 5339/1/4378
f 5941/1/4377 5296/1/4379 5294/1/4376
f 5340/1/4380 5941/1/4377 5339/1/4378
f 5942/1/4381 5296/1/4379 5941/1/4377
f 5941/1/4377 5340/1/4380 5942/1/4381
f 5942/1/4381 5298/1/4382 5296/1/4379
f 5340/1/4380 5943/1/4383 5942/1/4381
f 5943/1/4383 5298/1/4382 5942/1/4381
f 5943/1/4383 5340/1/4380 5342/1/4384
f 5943/1/4383 5300/1/4385 5298/1/4382
f 5342/1/4384 5944/1/4386 5943/1/4383
f 5300/1/4385 5943/1/4383 5944/1/4386
f 5944/1/4386 5342/1/4384 5344/1/4387
f 5300/1/4385 5944/1/4386 5302/1/4388
f 5344/1/4387 5945/1/4389 5944/1/4386
f 5945/1/4389 5302/1/4388 5944/1/4386
f 5945/1/4389 5344/1/4387 5346/1/4390
f 5945/1/4389 5304/1/4391 5302/1/4388
f 5346/1/4390 5946/1/4392 5945/1/4389
f 5304/1/4391 5945/1/4389 5946/1/4392
f 5349/1/4393 5946/1/4392 5346/1/4390
f 5946/1/4392 5307/1/4394 5304/1/4391
f 5349/1/4393 5947/1/4395 5946/1/4392
f 5307/1/4394 5946/1/4392 5947/1/4395
f 5349/1/4393 5351/1/4396 5947/1/4395
f 5947/1/4395 5489/1/4397 5307/1/4394
f 5351/1/4396 5948/1/4398 5947/1/4395
f 5489/1/4397 5947/1/4395 5948/1/4398
f 5948/1/4398 5351/1/4396 5353/1/4399
f 5948/1/4398 5493/1/4400 5489/1/4397
f 5355/1/4401 5948/1/4398 5353/1/4399
f 5949/1/4402 5948/1/4398 5355/1/4401
f 5493/1/4400 5948/1/4398 5949/1/4402
f 5357/1/4403 5949/1/4402 5355/1/4401
f 5950/1/4404 5493/1/4400 5949/1/4402
f 5949/1/4402 5357/1/4403 5950/1/4404
f 5493/1/4400 5950/1/4404 5494/1/4405
f 5358/1/4406 5950/1/4404 5357/1/4403
f 5951/1/4407 5494/1/4405 5950/1/4404
f 5950/1/4404 5358/1/4406 5951/1/4407
f 5494/1/4408 5951/1/4407 5952/1/4409
f 5361/1/4410 5951/1/4407 5358/1/4406
f 5953/1/4411 5952/1/4409 5951/1/4407
f 5361/1/4410 5953/1/4411 5951/1/4407
f 5952/1/4409 5953/1/4411 5954/1/4412
f 5363/1/4413 5953/1/4411 5361/1/4410
f 5955/1/4414 5954/1/4412 5953/1/4411
f 5953/1/4411 5363/1/4413 5955/1/4414
f 5954/1/4412 5955/1/4414 5956/1/4415
f 5366/1/4416 5955/1/4414 5363/1/4413
f 5957/1/4417 5956/1/4415 5955/1/4414
f 5366/1/4416 5957/1/4417 5955/1/4414
f 5956/1/4415 5957/1/4417 5958/1/4418
f 5957/1/4417 5366/1/4416 5368/1/4419
f 5959/1/4420 5958/1/4418 5957/1/4417
f 5368/1/4419 5959/1/4420 5957/1/4417
f 5958/1/4418 5959/1/4420 5960/1/4421
f 5959/1/4420 5368/1/4419 5370/1/4422
f 5960/1/4421 5959/1/4420 5961/1/4423
f 5370/1/4422 5962/1/4424 5959/1/4420
f 5962/1/4424 5961/1/4423 5959/1/4420
f 5962/1/4424 5370/1/4422 5373/1/4425
f 5373/1/4425 5508/1/4426 5962/1/4424
f 5508/1/4426 5961/1/4423 5962/1/4424
f 5961/1/4423 5508/1/4426 5507/1/4427
f 5414/1/4428 5918/1/4429 5417/1/4430
f 5706/1/4431 5417/1/4430 5918/1/4429
f 5417/1/4430 5706/1/4431 5705/1/4432
f 5963/1/4433 5417/1/4430 5705/1/4432
f 5417/1/4430 5963/1/4433 5419/1/4434
f 5419/1/4434 5963/1/4433 5420/1/4435
f 5964/1/4436 5963/1/4433 5705/1/4432
f 5964/1/4436 5705/1/4432 5704/1/4437
f 5420/1/4435 5963/1/4433 5965/1/4438
f 5963/1/4433 5964/1/4436 5965/1/4438
f 5964/1/4436 5704/1/4437 5703/1/4439
f 5702/1/4440 5964/1/4436 5703/1/4439
f 5422/1/4441 5420/1/4435 5965/1/4438
f 5966/1/4442 5964/1/4436 5702/1/4440
f 5702/1/4440 5376/1/4443 5966/1/4442
f 5964/1/4436 5967/1/4444 5965/1/4438
f 5422/1/4441 5965/1/4438 5967/1/4444
f 5967/1/4444 5964/1/4436 5966/1/4442
f 5875/1/4445 5966/1/4442 5376/1/4443
f 5422/1/4441 5967/1/4444 5454/1/4446
f 5691/1/4447 5422/1/4441 5454/1/4446
f 5422/1/4441 5691/1/4447 5425/1/4448
f 5454/1/4446 5967/1/4444 5968/1/4449
f 5966/1/4442 5968/1/4449 5967/1/4444
f 5454/1/4446 5968/1/4449 5471/1/4450
f 5968/1/4449 5966/1/4442 5969/1/4451
f 5471/1/4450 5968/1/4449 5969/1/4451
f 5875/1/4445 5969/1/4451 5966/1/4442
f 5969/1/4451 5469/1/4452 5471/1/4450
f 5969/1/4451 5467/1/4453 5469/1/4452
f 5969/1/4451 5875/1/4445 5467/1/4453
f 5467/1/4453 5875/1/4445 5465/1/4454
f 4847/1/4455 4845/1/4456 5851/1/4457
f 4845/1/4456 5970/1/4458 5851/1/4457
f 4845/1/4456 4844/1/4459 5970/1/4458
f 5971/1/4460 5851/1/4457 5970/1/4458
f 5851/1/4457 5971/1/4460 5853/1/4461
f 4844/1/4459 5972/1/4462 5970/1/4458
f 4842/1/4463 5972/1/4462 4844/1/4459
f 5970/1/4458 5973/1/4464 5971/1/4460
f 5973/1/4464 5970/1/4458 5972/1/4462
f 5974/1/4465 5853/1/4461 5971/1/4460
f 5853/1/4461 5974/1/4465 5855/1/4466
f 5974/1/4465 5858/1/4467 5855/1/4466
f 5971/1/4460 5975/1/4468 5974/1/4465
f 5975/1/4468 5971/1/4460 5973/1/4464
f 5858/1/4467 5974/1/4465 5976/1/4469
f 5975/1/4468 5976/1/4469 5974/1/4465
f 5976/1/4469 5863/1/4470 5858/1/4467
f 5863/1/4470 5976/1/4469 5977/1/4471
f 5866/1/4472 5863/1/4470 5977/1/4471
f 5976/1/4469 5975/1/4468 5978/1/4473
f 5978/1/4473 5977/1/4471 5976/1/4469
f 5973/1/4464 5979/1/4474 5975/1/4468
f 5979/1/4474 5978/1/4473 5975/1/4468
f 5979/1/4474 5973/1/4464 5980/1/4475
f 5972/1/4462 5980/1/4475 5973/1/4464
f 5978/1/4473 5979/1/4474 5981/1/4476
f 5977/1/4471 5978/1/4473 5982/1/4477
f 5981/1/4476 5982/1/4477 5978/1/4473
f 5983/1/4478 5977/1/4471 5982/1/4477
f 5977/1/4471 5983/1/4478 5866/1/4472
f 4826/1/4479 5866/1/4472 4829/1/4480
f 4829/1/4480 5866/1/4472 5983/1/4478
f 4829/1/4480 5983/1/4478 4832/1/4481
f 5984/1/4482 4832/1/4481 5983/1/4478
f 4832/1/4481 5984/1/4482 4833/1/4483
f 5982/1/4477 5985/1/4484 5983/1/4478
f 5983/1/4478 5985/1/4484 5984/1/4482
f 4833/1/4483 5984/1/4482 5986/1/4485
f 5985/1/4484 5986/1/4485 5984/1/4482
f 4833/1/4483 5986/1/4485 4831/1/4486
f 5987/1/4487 5985/1/4484 5982/1/4477
f 5985/1/4484 5987/1/4487 5986/1/4485
f 5982/1/4477 5981/1/4476 5987/1/4487
f 5988/1/4488 5986/1/4485 5987/1/4487
f 5981/1/4476 5988/1/4488 5987/1/4487
f 4831/1/4486 5986/1/4485 5989/1/4489
f 5986/1/4485 5988/1/4488 5989/1/4489
f 4830/1/4490 4831/1/4486 5989/1/4489
f 4830/1/4490 5989/1/4489 5990/1/4491
f 5989/1/4489 5988/1/4488 5990/1/4491
f 4830/1/4490 5990/1/4491 4828/1/4492
f 4828/1/4492 5990/1/4491 4827/1/4493
f 4827/1/4493 5990/1/4491 5991/1/4494
f 4827/1/4493 5991/1/4494 4825/1/4495
f 5991/1/4494 4823/1/4496 4825/1/4495
f 5990/1/4491 5988/1/4488 5992/1/4497
f 5992/1/4497 5991/1/4494 5990/1/4491
f 5988/1/4488 5993/1/4498 5992/1/4497
f 5988/1/4488 5981/1/4476 5993/1/4498
f 4823/1/4496 5991/1/4494 5994/1/4499
f 5994/1/4499 4821/1/4500 4823/1/4496
f 5991/1/4494 5992/1/4497 5995/1/4501
f 5995/1/4501 5994/1/4499 5991/1/4494
f 5992/1/4497 5993/1/4498 5996/1/4502
f 5996/1/4502 5995/1/4501 5992/1/4497
f 5981/1/4476 5997/1/4503 5993/1/4498
f 5997/1/4503 5996/1/4502 5993/1/4498
f 5997/1/4503 5981/1/4476 5979/1/4474
f 4821/1/4500 5994/1/4499 5998/1/4504
f 5998/1/4504 4819/1/4505 4821/1/4500
f 5994/1/4499 5995/1/4501 5999/1/4506
f 5999/1/4506 5998/1/4504 5994/1/4499
f 4819/1/4505 5998/1/4504 6000/1/4507
f 4816/1/4508 4819/1/4505 6000/1/4507
f 6000/1/4507 5998/1/4504 6001/1/4509
f 6001/1/4509 4816/1/4508 6000/1/4507
f 6002/1/4510 6001/1/4509 5998/1/4504
f 5998/1/4504 5999/1/4506 6002/1/4510
f 6003/1/4511 4816/1/4508 6001/1/4509
f 6002/1/4510 6003/1/4511 6001/1/4509
f 4812/1/4512 4816/1/4508 6003/1/4511
f 6003/1/4511 6002/1/4510 6004/1/4513
f 6005/1/4514 4812/1/4512 6003/1/4511
f 4812/1/4512 6005/1/4514 4853/1/4515
f 6005/1/4514 4850/1/4516 4853/1/4515
f 6003/1/4511 6006/1/4517 6005/1/4514
f 4850/1/4516 6005/1/4514 6006/1/4517
f 6006/1/4517 6003/1/4511 6004/1/4513
f 6002/1/4510 6007/1/4518 6004/1/4513
f 6006/1/4517 6004/1/4513 6007/1/4518
f 6007/1/4518 6002/1/4510 5999/1/4506
f 4850/1/4516 6006/1/4517 6008/1/4519
f 6008/1/4519 6006/1/4517 6007/1/4518
f 4846/1/4520 4850/1/4516 6008/1/4519
f 4846/1/4520 6008/1/4519 6009/1/4521
f 4843/1/4522 4846/1/4520 6009/1/4521
f 6009/1/4521 4841/1/4523 4843/1/4522
f 6008/1/4519 6010/1/4524 6009/1/4521
f 6007/1/4518 6010/1/4524 6008/1/4519
f 6011/1/4525 4841/1/4523 6009/1/4521
f 6011/1/4525 4839/1/4526 4841/1/4523
f 6011/1/4525 4838/1/4527 4839/1/4526
f 6012/1/4528 6011/1/4525 6009/1/4521
f 6009/1/4521 6010/1/4524 6012/1/4528
f 6013/1/4529 4838/1/4527 6011/1/4525
f 6012/1/4528 6013/1/4529 6011/1/4525
f 6013/1/4529 4835/1/4530 4838/1/4527
f 6013/1/4529 4836/1/4531 4835/1/4530
f 6010/1/4524 6007/1/4518 6014/1/4532
f 6014/1/4532 6007/1/4518 5999/1/4506
f 6010/1/4524 6015/1/4533 6012/1/4528
f 6015/1/4533 6010/1/4524 6014/1/4532
f 6014/1/4532 5999/1/4506 6016/1/4534
f 6015/1/4533 6014/1/4532 6016/1/4534
f 5995/1/4501 6016/1/4534 5999/1/4506
f 5995/1/4501 5996/1/4502 6016/1/4534
f 6015/1/4533 6016/1/4534 5996/1/4502
f 5996/1/4502 5997/1/4503 6015/1/4533
f 5997/1/4503 6012/1/4528 6015/1/4533
f 6017/1/4535 6012/1/4528 5997/1/4503
f 6017/1/4535 6013/1/4529 6012/1/4528
f 5997/1/4503 5980/1/4475 6017/1/4535
f 5979/1/4474 5980/1/4475 5997/1/4503
f 6017/1/4535 6018/1/4536 6013/1/4529
f 6018/1/4536 4836/1/4531 6013/1/4529
f 6018/1/4536 4834/1/4537 4836/1/4531
f 6018/1/4536 6017/1/4535 6019/1/4538
f 6019/1/4538 4834/1/4537 6018/1/4536
f 6017/1/4535 5980/1/4475 6019/1/4538
f 6019/1/4538 4837/1/4539 4834/1/4537
f 6020/1/4540 6019/1/4538 5980/1/4475
f 6020/1/4540 4837/1/4539 6019/1/4538
f 5980/1/4475 5972/1/4462 6020/1/4540
f 6020/1/4540 4840/1/4541 4837/1/4539
f 4842/1/4463 6020/1/4540 5972/1/4462
f 6020/1/4540 4842/1/4463 4840/1/4541
f 6021/1/4542 6022/1/4543 6023/1/4544
f 6022/1/4543 6024/1/4545 6023/1/4544
f 6023/1/4544 6024/1/4545 6025/1/4546
f 6022/1/4543 6026/1/4547 6024/1/4545
f 6026/1/4547 6022/1/4543 6027/1/4548
f 6028/1/4549 6026/1/4547 6027/1/4548
f 6028/1/4549 6027/1/4548 6029/1/4550
f 6030/1/4551 6028/1/4549 6029/1/4550
f 6026/1/4547 6028/1/4549 6031/1/4552
f 6028/1/4549 6030/1/4551 6032/1/4553
f 6028/1/4549 6032/1/4553 6031/1/4552
f 6033/1/4554 6030/1/4551 6034/1/4555
f 6030/1/4551 6033/1/4554 6032/1/4553
f 6033/1/4554 6035/1/4556 6032/1/4553
f 6035/1/4556 6036/1/4557 6032/1/4553
f 6035/1/4556 6037/1/4558 6036/1/4557
f 6037/1/4558 6035/1/4556 6038/1/4559
f 6032/1/4553 6036/1/4557 6039/1/4560
f 6036/1/4557 6037/1/4558 6039/1/4560
f 6032/1/4553 6039/1/4560 6040/1/4561
f 6031/1/4552 6032/1/4553 6040/1/4561
f 6041/1/4562 6039/1/4560 6037/1/4558
f 6039/1/4560 6041/1/4562 6040/1/4561
f 6038/1/4559 6042/1/4563 6037/1/4558
f 6041/1/4562 6037/1/4558 6042/1/4563
f 6042/1/4563 6038/1/4559 6043/1/4564
f 6040/1/4561 6041/1/4562 6044/1/4565
f 6041/1/4562 6042/1/4563 6045/1/4566
f 6044/1/4565 6041/1/4562 6045/1/4566
f 6043/1/4564 6030/1/4551 6042/1/4563
f 6030/1/4551 6045/1/4566 6042/1/4563
f 6034/1/4555 6030/1/4551 6043/1/4564
f 6046/1/4567 6040/1/4561 6044/1/4565
f 6040/1/4561 6046/1/4567 6031/1/4552
f 6044/1/4565 6045/1/4566 6047/1/4568
f 6047/1/4568 6045/1/4566 6030/1/4551
f 6047/1/4568 6046/1/4567 6044/1/4565
f 6048/1/4569 6047/1/4568 6030/1/4551
f 6046/1/4567 6047/1/4568 6048/1/4569
f 6029/1/4550 6048/1/4569 6030/1/4551
f 6027/1/4548 6048/1/4569 6029/1/4550
f 6048/1/4569 6027/1/4548 6049/1/4570
f 6049/1/4570 6046/1/4567 6048/1/4569
f 6027/1/4548 6022/1/4543 6049/1/4570
f 6046/1/4567 6049/1/4570 6050/1/4571
f 6050/1/4571 6031/1/4552 6046/1/4567
f 6051/1/4572 6050/1/4571 6049/1/4570
f 6049/1/4570 6022/1/4543 6051/1/4572
f 6031/1/4552 6050/1/4571 6052/1/4573
f 6026/1/4547 6031/1/4552 6052/1/4573
f 6026/1/4547 6052/1/4573 6024/1/4545
f 6053/1/4574 6052/1/4573 6050/1/4571
f 6050/1/4571 6051/1/4572 6053/1/4574
f 6052/1/4573 6054/1/4575 6024/1/4545
f 6052/1/4573 6053/1/4574 6054/1/4575
f 6054/1/4575 6055/1/4576 6024/1/4545
f 6056/1/4577 6054/1/4575 6053/1/4574
f 6053/1/4574 6051/1/4572 6056/1/4577
f 6054/1/4575 6056/1/4577 6055/1/4576
f 6024/1/4545 6055/1/4576 6057/1/4578
f 6057/1/4578 6055/1/4576 6056/1/4577
f 6025/1/4546 6024/1/4545 6057/1/4578
f 6051/1/4572 6058/1/4579 6056/1/4577
f 6022/1/4543 6058/1/4579 6051/1/4572
f 6025/1/4546 6057/1/4578 6059/1/4580
f 6059/1/4580 6057/1/4578 6056/1/4577
f 6060/1/4581 6025/1/4546 6059/1/4580
f 6061/1/4582 6056/1/4577 6058/1/4579
f 6056/1/4577 6061/1/4582 6059/1/4580
f 6060/1/4581 6059/1/4580 6061/1/4582
f 6022/1/4543 6061/1/4582 6058/1/4579
f 6060/1/4581 6061/1/4582 6062/1/4583
f 6062/1/4583 6061/1/4582 6022/1/4543
f 6021/1/4542 6062/1/4583 6022/1/4543
f 6063/1/4584 6064/1/4585 6065/1/4586
f 6064/1/4585 6066/1/4587 6065/1/4586
f 6066/1/4587 6067/1/4588 6065/1/4586
f 6064/1/4585 6068/1/4589 6066/1/4587
f 6068/1/4589 6064/1/4585 6069/1/4590
f 6066/1/4587 6070/1/4591 6067/1/4588
f 6070/1/4591 6066/1/4587 6068/1/4589
f 6069/1/4590 6071/1/4592 6068/1/4589
f 6070/1/4591 6068/1/4589 6071/1/4592
f 6071/1/4592 6069/1/4590 6072/1/4593
f 6065/1/4586 6067/1/4588 6073/1/4594
f 6070/1/4591 6073/1/4594 6067/1/4588
f 6070/1/4591 6071/1/4592 6074/1/4595
f 6072/1/4593 6075/1/4596 6071/1/4592
f 6075/1/4596 6074/1/4595 6071/1/4592
f 6076/1/4597 6075/1/4596 6072/1/4593
f 6075/1/4596 6076/1/4597 6063/1/4584
f 6063/1/4584 6065/1/4586 6075/1/4596
f 6077/1/4598 6075/1/4596 6065/1/4586
f 6078/1/4599 6070/1/4591 6074/1/4595
f 6078/1/4599 6074/1/4595 6075/1/4596
f 6075/1/4596 6077/1/4598 6079/1/4600
f 6070/1/4591 6078/1/4599 6080/1/4601
f 6073/1/4594 6070/1/4591 6080/1/4601
f 6081/1/4602 6078/1/4599 6075/1/4596
f 6079/1/4600 6081/1/4602 6075/1/4596
f 6077/1/4598 6082/1/4603 6079/1/4600
f 6083/1/4604 6078/1/4599 6081/1/4602
f 6078/1/4599 6083/1/4604 6080/1/4601
f 6080/1/4601 6084/1/4605 6073/1/4594
f 6084/1/4605 6080/1/4601 6083/1/4604
f 6084/1/4605 6065/1/4586 6073/1/4594
f 6077/1/4598 6065/1/4586 6084/1/4605
f 6085/1/4606 6077/1/4598 6084/1/4605
f 6083/1/4604 6085/1/4606 6084/1/4605
f 6077/1/4598 6085/1/4606 6082/1/4603
f 6081/1/4602 6086/1/4607 6083/1/4604
f 6083/1/4604 6086/1/4607 6085/1/4606
f 6082/1/4603 6085/1/4606 6087/1/4608
f 6086/1/4607 6081/1/4602 6088/1/4609
f 6088/1/4609 6081/1/4602 6079/1/4600
f 6079/1/4600 6089/1/4610 6088/1/4609
f 6089/1/4610 6079/1/4600 6082/1/4603
f 6090/1/4611 6089/1/4610 6082/1/4603
f 6089/1/4610 6090/1/4611 6088/1/4609
f 6090/1/4611 6082/1/4603 6087/1/4608
f 6091/1/4612 6090/1/4611 6087/1/4608
f 6090/1/4611 6091/1/4612 6092/1/4613
f 6092/1/4613 6093/1/4614 6090/1/4611
f 6094/1/4615 6086/1/4607 6088/1/4609
f 6088/1/4609 6090/1/4611 6094/1/4615
f 6086/1/4607 6094/1/4615 6095/1/4616
f 6093/1/4614 6096/1/4617 6090/1/4611
f 6093/1/4614 6097/1/4618 6096/1/4617
f 6090/1/4611 6098/1/4619 6094/1/4615
f 6098/1/4619 6095/1/4616 6094/1/4615
f 6096/1/4617 6098/1/4619 6090/1/4611
f 6086/1/4607 6095/1/4616 6099/1/4620
f 6086/1/4607 6099/1/4620 6085/1/4606
f 6095/1/4616 6098/1/4619 6100/1/4621
f 6096/1/4617 6100/1/4621 6098/1/4619
f 6100/1/4621 6099/1/4620 6095/1/4616
f 6085/1/4606 6099/1/4620 6087/1/4608
f 6100/1/4621 6096/1/4617 6101/1/4622
f 6096/1/4617 6097/1/4618 6101/1/4622
f 6102/1/4623 6101/1/4622 6097/1/4618
f 6091/1/4612 6087/1/4608 6102/1/4623
f 6099/1/4620 6100/1/4621 6103/1/4624
f 6101/1/4622 6103/1/4624 6100/1/4621
f 6099/1/4620 6103/1/4624 6087/1/4608
f 6101/1/4622 6102/1/4623 6104/1/4625
f 6102/1/4623 6087/1/4608 6104/1/4625
f 6103/1/4624 6101/1/4622 6104/1/4625
f 6087/1/4608 6103/1/4624 6104/1/4625
f 5530/1/4626 5616/1/4627 5612/1/4628
f 5530/1/4626 5619/1/3522 5616/1/4627
f 5612/1/4628 5532/1/4629 5530/1/4626
f 5619/1/3522 5530/1/4626 5528/1/4630
f 5612/1/4628 5608/1/4631 5532/1/4629
f 5528/1/4630 4481/1/4632 5619/1/3522
f 5608/1/4631 5534/1/4633 5532/1/4629
f 4481/1/4632 5528/1/4630 5526/1/4632
f 5608/1/4631 5604/1/4634 5534/1/4633
f 5524/1/2066 4481/1/4632 5526/1/4632
f 5536/1/4635 5534/1/4633 5604/1/4634
f 4479/1/2064 4481/1/4632 5524/1/2066
f 5600/1/4636 5536/1/4635 5604/1/4634
f 5522/1/4637 4479/1/2064 5524/1/2066
f 5536/1/4635 5600/1/4636 5538/1/4638
f 4479/1/2064 5522/1/4637 5621/1/4637
f 5598/1/4639 5538/1/4638 5600/1/4636
f 5520/1/4640 5621/1/4637 5522/1/4637
f 5538/1/4638 5598/1/4639 4477/1/4641
f 5621/1/4637 5520/1/4640 5623/1/4640
f 5594/1/4642 4477/1/4641 5598/1/4639
f 5625/1/4643 5623/1/4640 5520/1/4640
f 4477/1/4641 5594/1/4642 4475/1/4644
f 5520/1/4640 5518/1/4645 5625/1/4643
f 5594/1/4642 5568/1/4646 4475/1/4644
f 5518/1/4645 5628/1/4647 5625/1/4643
f 5568/1/4646 5594/1/4642 5590/1/4648
f 5628/1/4647 5518/1/4645 5516/1/4649
f 5590/1/4648 5566/1/4650 5568/1/4646
f 5516/1/4649 5631/1/4651 5628/1/4647
f 5566/1/4650 5590/1/4648 5586/1/4652
f 5631/1/4651 5516/1/4649 5514/1/4653
f 5586/1/4652 5564/1/4654 5566/1/4650
f 5514/1/4653 5632/1/4655 5631/1/4651
f 5564/1/4654 5586/1/4652 5582/1/4656
f 5632/1/4655 5514/1/4653 5512/1/4657
f 5582/1/4656 5562/1/4658 5564/1/4654
f 5512/1/4657 5636/1/4659 5632/1/4655
f 5562/1/4658 5582/1/4656 5576/1/4660
f 5636/1/4659 5512/1/4657 5510/1/4661
f 5574/1/4662 5562/1/4658 5576/1/4660
f 5510/1/4661 5640/1/4663 5636/1/4659
f 5562/1/4658 5574/1/4662 5560/1/4664
f 5640/1/4663 5510/1/4661 4470/1/4663
f 5572/1/4665 5560/1/4664 5574/1/4662
f 5644/1/4666 5640/1/4663 4470/1/4663
f 5560/1/4664 5572/1/4665 5558/1/4667
f 5644/1/4666 4470/1/4663 4472/1/4666
f 5569/1/4668 5558/1/4667 5572/1/4665
f 5540/1/4669 5644/1/4666 4472/1/4666
f 5558/1/4667 5569/1/4668 5556/1/4670
f 5644/1/4666 5540/1/4669 5648/1/4659
f 5662/1/2066 5556/1/4670 5569/1/4668
f 5542/1/4671 5648/1/4659 5540/1/4669
f 5556/1/4670 5662/1/2066 5554/1/2066
f 5648/1/4659 5542/1/4671 5650/1/4672
f 5662/1/2066 5552/1/4673 5554/1/2066
f 5544/1/4674 5650/1/4672 5542/1/4671
f 5552/1/4673 5662/1/2066 5660/1/4630
f 5650/1/4672 5544/1/4674 5652/1/4675
f 5660/1/4630 5550/1/4676 5552/1/4673
f 5546/1/4674 5652/1/4675 5544/1/4674
f 5550/1/4676 5660/1/4630 5658/1/4677
f 5652/1/4675 5546/1/4674 5654/1/4678
f 5656/1/4679 5550/1/4676 5658/1/4677
f 5548/1/4680 5654/1/4678 5546/1/4674
f 5654/1/4678 5548/1/4680 5656/1/4679
f 5550/1/4676 5656/1/4679 5548/1/4680
f 4484/1/4681 5525/1/4682 5527/1/4683
f 4484/1/4681 5523/1/4684 5525/1/4682
f 4484/1/4681 5527/1/4683 5617/1/4685
f 5523/1/4684 4484/1/4681 4485/1/2061
f 5617/1/4685 5527/1/4683 5529/1/4686
f 5643/1/4687 5523/1/4684 4485/1/2061
f 5617/1/4685 5529/1/4686 5613/1/4688
f 5523/1/4684 5643/1/4687 5521/1/4689
f 5529/1/4686 5609/1/4690 5613/1/4688
f 5639/1/4691 5521/1/4689 5643/1/4687
f 5609/1/4690 5529/1/4686 5531/1/4692
f 5521/1/4689 5639/1/4691 5519/1/4693
f 5609/1/4690 5531/1/4692 5605/1/4694
f 5635/1/4695 5519/1/4693 5639/1/4691
f 5605/1/4694 5531/1/4692 5533/1/4696
f 5519/1/4693 5635/1/4695 5517/1/4697
f 5601/1/4698 5605/1/4694 5533/1/4696
f 5633/1/4699 5517/1/4697 5635/1/4695
f 5535/1/4700 5601/1/4698 5533/1/4696
f 5517/1/4697 5633/1/4699 5515/1/4701
f 5535/1/4700 5597/1/4702 5601/1/4698
f 5515/1/4701 5633/1/4699 5630/1/4703
f 5597/1/4702 5535/1/4700 5537/1/4704
f 5515/1/4701 5630/1/4703 5513/1/4705
f 5537/1/4704 5591/1/4706 5597/1/4702
f 5513/1/4705 5630/1/4703 5634/1/4707
f 5591/1/4706 5537/1/4704 4474/1/4708
f 5513/1/4705 5634/1/4707 5511/1/4709
f 4476/1/4710 5591/1/4706 4474/1/4708
f 5634/1/4707 5638/1/4711 5511/1/4709
f 5591/1/4706 4476/1/4710 5587/1/4712
f 5638/1/4711 5509/1/4713 5511/1/4709
f 4476/1/4710 5567/1/4714 5587/1/4712
f 5642/1/4715 5509/1/4713 5638/1/4711
f 5567/1/4714 5583/1/4716 5587/1/4712
f 5509/1/4713 5642/1/4715 4471/1/4717
f 5565/1/4718 5583/1/4716 5567/1/4714
f 5642/1/4715 4473/1/4719 4471/1/4717
f 5583/1/4716 5565/1/4718 5579/1/4703
f 4473/1/4719 5642/1/4715 5646/1/4720
f 5563/1/4721 5579/1/4703 5565/1/4718
f 5646/1/4720 5539/1/4722 4473/1/4719
f 5579/1/4703 5563/1/4721 5578/1/4723
f 5539/1/4722 5646/1/4720 5647/1/4724
f 5561/1/4725 5578/1/4723 5563/1/4721
f 5647/1/4724 5541/1/4726 5539/1/4722
f 5578/1/4723 5561/1/4725 5575/1/4727
f 5541/1/4726 5647/1/4724 5649/1/4728
f 5561/1/4725 5573/1/4729 5575/1/4727
f 5649/1/4728 5543/1/4730 5541/1/4726
f 5573/1/4729 5561/1/4725 5559/1/4731
f 5543/1/4730 5649/1/4728 5651/1/4732
f 5559/1/4731 5570/1/4733 5573/1/4729
f 5651/1/4732 5545/1/4734 5543/1/4730
f 5570/1/4733 5559/1/4731 5557/1/4735
f 5545/1/4734 5651/1/4732 5653/1/4736
f 5557/1/4735 5571/1/4737 5570/1/4733
f 5653/1/4736 5547/1/4738 5545/1/4734
f 5571/1/4737 5557/1/4735 5555/1/4739
f 5547/1/4738 5653/1/4736 5655/1/4740
f 5555/1/4739 5661/1/4741 5571/1/4737
f 5655/1/4740 5549/1/4742 5547/1/4738
f 5661/1/4741 5555/1/4739 5553/1/4682
f 5549/1/4742 5655/1/4740 5657/1/4743
f 5659/1/4744 5661/1/4741 5553/1/4682
f 5657/1/4743 5551/1/4745 5549/1/4742
f 5551/1/4745 5659/1/4744 5553/1/4682
f 5551/1/4745 5657/1/4743 5659/1/4744
f 5680/1/4746 4634/1/4747 5677/1/4748
f 5676/1/4749 5677/1/4748 4634/1/4747
f 4634/1/4747 5680/1/4746 4636/1/4746
f 4634/1/4747 4633/1/4750 5676/1/4749
f 5682/1/4751 4636/1/4746 5680/1/4746
f 4633/1/4750 5674/1/4752 5676/1/4749
f 4636/1/4746 5682/1/4751 4639/1/4753
f 4633/1/4750 4631/1/4754 5674/1/4752
f 5683/1/4755 4639/1/4753 5682/1/4751
f 4631/1/4754 5672/1/4756 5674/1/4752
f 4639/1/4753 5683/1/4755 4640/1/4755
f 5672/1/4756 4631/1/4754 4629/1/4756
f 5685/1/4757 4640/1/4755 5683/1/4755
f 4627/1/4758 5672/1/4756 4629/1/4756
f 4640/1/4755 5685/1/4757 4642/1/4759
f 5672/1/4756 4627/1/4758 5670/1/4753
f 4644/1/4749 4642/1/4759 5685/1/4757
f 4624/1/4760 5670/1/4753 4627/1/4758
f 5685/1/4757 5687/1/4761 4644/1/4749
f 5670/1/4753 4624/1/4760 5667/1/4760
f 5687/1/4761 4646/1/4752 4644/1/4749
f 4622/1/4762 5667/1/4760 4624/1/4760
f 4646/1/4752 5687/1/4761 5689/1/4763
f 5667/1/4760 4622/1/4762 5666/1/4755
f 5689/1/4763 4621/1/4764 4646/1/4752
f 4622/1/4762 5664/1/4764 5666/1/4755
f 4621/1/4764 5689/1/4763 5664/1/4764
f 4622/1/4762 4621/1/4764 5664/1/4764
f 4645/1/4765 5686/1/4766 4643/1/4767
f 5686/1/4766 4641/1/4768 4643/1/4767
f 5686/1/4766 4645/1/4765 5688/1/4765
f 4641/1/4768 5686/1/4766 5684/1/4769
f 4647/1/4770 5688/1/4765 4645/1/4765
f 4638/1/4771 4641/1/4768 5684/1/4769
f 5688/1/4765 4647/1/4770 5690/1/4765
f 4638/1/4771 5684/1/4769 5681/1/4772
f 4620/1/4773 5690/1/4765 4647/1/4770
f 4637/1/4774 4638/1/4771 5681/1/4772
f 5690/1/4765 4620/1/4773 5665/1/4773
f 5681/1/4772 5679/1/4775 4637/1/4774
f 4620/1/4773 5663/1/4769 5665/1/4773
f 5679/1/4775 4635/1/4776 4637/1/4774
f 4620/1/4773 4623/1/4777 5663/1/4769
f 5679/1/4775 5678/1/4778 4635/1/4776
f 4623/1/4777 5668/1/4779 5663/1/4769
f 5675/1/4780 4635/1/4776 5678/1/4778
f 5668/1/4779 4623/1/4777 4625/1/4781
f 4635/1/4776 5675/1/4780 4632/1/4766
f 4625/1/4781 5669/1/4772 5668/1/4779
f 5673/1/4782 4632/1/4766 5675/1/4780
f 5669/1/4772 4625/1/4781 4626/1/4772
f 4632/1/4766 5673/1/4782 4630/1/4765
f 5671/1/4783 5669/1/4772 4626/1/4772
f 5671/1/4783 4630/1/4765 5673/1/4782
f 4626/1/4772 4628/1/4773 5671/1/4783
f 4630/1/4765 5671/1/4783 4628/1/4773
