# Blender 5.2.2 LTS
# www.blender.org
mtllib 花纹.mtl
o AR_MK47w.001
v 0.0476989 0.2688726 -0.9631976
v -0.0490844 0.2689454 -0.9631540
v -0.0006619 0.2812455 -0.9624616
v 0.0420813 0.2884350 -0.8663555
v 0.0567416 0.2580199 -1.0220070
v 0.0559099 0.2863630 -0.8673299
v 0.0748551 0.2579553 -1.0220375
v 0.0651788 0.2857880 -0.8711445
v 0.0748794 0.2822957 -0.8902127
v 0.0720943 0.2842799 -0.8797604
v 0.0737666 0.3070118 -0.8837940
v 0.0705211 0.3091420 -0.8771702
v 0.0651082 0.3119934 -0.8726203
v 0.0578528 0.3156039 -0.8693302
v 0.0483589 0.3192703 -0.8686853
v 0.0589613 0.3049832 -0.9658182
v 0.0750463 0.3057023 -0.8908617
v 0.0747462 0.2986640 -0.9653562
v 0.0749672 0.2767686 -1.1518299
v 0.0616333 0.2820206 -1.1522008
v 0.0761745 0.2750624 -1.1590384
v 0.0748667 0.2540281 -1.0333551
v 0.0748636 0.2465252 -1.0432116
v 0.0748727 0.2363065 -1.0508571
v 0.0748664 0.2181485 -1.1426883
v 0.0748269 0.1794967 -1.1450575
v 0.0761897 0.1852836 -1.1537308
v 0.0567586 0.1852646 -1.1537355
v 0.0567473 0.1795138 -1.1450459
v 0.0748580 0.1714792 -1.1401829
v 0.0568011 0.1713962 -1.1402271
v 0.0567312 0.0772223 -1.1343521
v 0.0748347 0.0772341 -1.1343512
v 0.0748587 0.1838231 -1.1154811
v 0.0748772 0.1761959 -1.1164312
v 0.0748152 0.1687839 -1.1144539
v 0.0749105 0.1367005 -1.1117182
v 0.0748392 0.1290603 -1.1133273
v 0.0567735 0.1366362 -1.1116601
v 0.0567666 0.1291130 -1.1133526
v 0.0567890 0.1214069 -1.1121177
v 0.0748908 0.1214803 -1.1121131
v 0.0567509 0.1149684 -1.1082151
v 0.0748905 0.1148819 -1.1082057
v 0.0748190 0.1104817 -1.1021373
v 0.0748454 0.0948214 -1.1058417
v 0.0749196 0.0880756 -1.1094383
v 0.0567316 0.0880846 -1.1094562
v 0.0748307 0.0803607 -1.1103680
v 0.0567420 0.0804141 -1.1103746
v 0.0567318 0.0729509 -1.1085542
v 0.0748821 0.0729199 -1.1085392
v 0.0749160 0.0633330 -1.1313404
v 0.0567129 0.0633114 -1.1313490
v 0.0567179 0.0511532 -1.1244117
v 0.0748609 0.0511246 -1.1244619
v 0.0568171 0.0418374 -1.1142698
v 0.0748557 0.0417814 -1.1142574
v 0.0748824 0.0669073 -1.1040672
v 0.0568026 0.0668696 -1.1041060
v 0.0749102 0.0631582 -1.0977967
v 0.0567887 0.0631799 -1.0977010
v 0.0749193 0.0622494 -1.0904894
v 0.0748332 0.0363848 -1.1018334
v 0.0567358 0.0364021 -1.1018846
v 0.0568093 0.0352529 -1.0884275
v 0.0748232 0.0352098 -1.0883990
v 0.0568040 0.0385814 -1.0752698
v 0.0748552 0.0385903 -1.0752793
v 0.0748948 0.0461193 -1.0636108
v 0.0748275 0.0643747 -1.0834912
v 0.0567593 0.0622162 -1.0905133
v 0.0568085 0.0643230 -1.0835121
v 0.0748250 0.0691239 -1.0777365
v 0.0568036 0.0690816 -1.0777254
v 0.0748787 0.0758660 -1.0740134
v 0.0748170 0.0569885 -1.0547824
v 0.0568052 0.0569358 -1.0547629
v 0.0749095 0.0701800 -1.0494243
v 0.0567499 0.0702266 -1.0494515
v 0.0567193 0.0844041 -1.0481677
v 0.0748622 0.0844588 -1.0482453
v 0.0748576 0.0835478 -1.0730638
v 0.0567120 0.0835614 -1.0730807
v 0.0749185 0.0910030 -1.0750213
v 0.0567464 0.0909106 -1.0749977
v 0.0748546 0.0970587 -1.0793786
v 0.0748557 0.1208849 -1.0773130
v 0.0567328 0.1145239 -1.0816122
v 0.0748756 0.1145560 -1.0815461
v 0.0567659 0.1209520 -1.0773622
v 0.0567455 0.1285434 -1.0756782
v 0.0749137 0.1285394 -1.0756881
v 0.0748295 0.1361747 -1.0769367
v 0.0749030 0.2118023 -1.0564845
v 0.0567663 0.2118420 -1.0563908
v 0.0567426 0.2243320 -1.0554185
v 0.0749117 0.2243080 -1.0554344
v 0.0748545 0.1965859 -1.0917651
v 0.0748219 0.1927820 -1.0853983
v 0.0748898 0.1867603 -1.0810092
v 0.0748827 0.1793356 -1.0791014
v 0.0749118 0.1716973 -1.0800687
v 0.0567879 0.1649173 -1.0837197
v 0.0748818 0.1649534 -1.0836921
v 0.0567893 0.1716244 -1.0800501
v 0.0567774 0.1793100 -1.0790637
v 0.0748939 0.1426532 -1.0808681
v 0.0567554 0.1426562 -1.0808164
v 0.0748506 0.1470840 -1.0868867
v 0.0567692 0.1471147 -1.0867986
v 0.0568023 0.1486685 -1.0939829
v 0.0748297 0.1486869 -1.0940349
v 0.0748778 0.1601456 -1.0894406
v 0.0567912 0.1601141 -1.0895035
v 0.0748702 0.1580487 -1.0965181
v 0.0748467 0.1589624 -1.1036957
v 0.0567272 0.1589239 -1.1037107
v 0.0568087 0.1580675 -1.0965050
v 0.0748849 0.1472879 -1.1011948
v 0.0567610 0.1473321 -1.1011980
v 0.0567519 0.1430362 -1.1074130
v 0.0748683 0.1431001 -1.1074443
v 0.0749167 0.1626843 -1.1100303
v 0.0567281 0.1627252 -1.1100240
v 0.0567759 0.1687368 -1.1145298
v 0.0567552 0.1762221 -1.1164180
v 0.0567857 0.1839139 -1.1154522
v 0.0567145 0.1905645 -1.1117954
v 0.0567693 0.2311886 -1.1446521
v 0.0567398 0.1581629 -1.5023245
v 0.0567734 0.1813078 -1.5330601
v 0.0567452 0.1862826 -1.1667161
v -0.0581361 0.1813291 -1.5331364
v -0.0580536 0.2311987 -1.1446621
v 0.0567478 0.2539916 -1.0332899
v 0.0567735 0.2465136 -1.0432234
v 0.0567308 0.2362381 -1.0508584
v 0.0567582 0.1953714 -1.1060252
v 0.0567314 0.1975264 -1.0989443
v 0.0748617 0.1954079 -1.1060495
v 0.0748608 0.1974870 -1.0989284
v 0.0568000 0.1966386 -1.0917590
v 0.0567687 0.1928640 -1.0854663
v 0.0567310 0.1867728 -1.0809376
v 0.0749099 0.1905985 -1.1118238
v -0.0580947 0.1581637 -1.5023320
v -0.0580648 0.1862843 -1.1666599
v -0.0580482 0.1853202 -1.1537364
v -0.0581483 0.1795281 -1.1450283
v -0.0580672 0.1714381 -1.1402640
v -0.0581476 0.2579954 -1.0220781
v -0.0581243 0.2493443 -1.0402796
v -0.0581046 0.2303043 -1.0531595
v -0.0581211 0.1974447 -1.0989933
v -0.0581369 0.1905595 -1.1117719
v -0.0581061 0.1762319 -1.1164041
v -0.0761452 0.1905628 -1.1117714
v -0.0761353 0.1762400 -1.1163810
v -0.0761850 0.1974387 -1.0989807
v -0.0762560 0.2181858 -1.1425956
v -0.0761604 0.2302754 -1.0530965
v -0.0762077 0.2767671 -1.1518288
v -0.0762390 0.1795300 -1.1450941
v -0.0761562 0.1713915 -1.1402638
v -0.0761856 0.0772534 -1.1343858
v -0.0762114 0.0804248 -1.1103850
v -0.0581273 0.0669037 -1.1040311
v -0.0762378 0.0668995 -1.1040907
v -0.0580549 0.0803955 -1.1104291
v -0.0580960 0.0948273 -1.1058120
v -0.0761954 0.0947729 -1.1058248
v -0.0762390 0.1300348 -1.1125437
v -0.0762175 0.1165748 -1.1077133
v -0.0762054 0.0596090 -1.1294089
v -0.0762120 0.0463858 -1.1197341
v -0.0580467 0.0595991 -1.1293542
v -0.0581286 0.0463845 -1.1197309
v -0.0580659 0.0772500 -1.1343605
v -0.0581048 0.0379563 -1.1046567
v -0.0762030 0.0379893 -1.1046816
v -0.0761550 0.0363274 -1.0876871
v -0.0581039 0.0363932 -1.0876156
v -0.0761380 0.0622826 -1.0905401
v -0.0762275 0.0691346 -1.0776856
v -0.0580548 0.0691008 -1.0776467
v -0.0580598 0.0622601 -1.0904954
v -0.0761662 0.0406499 -1.0713272
v -0.0761754 0.0507136 -1.0582187
v -0.0581187 0.0507431 -1.0582320
v -0.0580354 0.0405809 -1.0713207
v -0.0581304 0.0665253 -1.0497081
v -0.0762295 0.0664911 -1.0497444
v -0.0761719 0.0844864 -1.0481844
v -0.0761972 0.0835056 -1.0731035
v -0.0581067 0.0970390 -1.0794163
v -0.0761959 0.0970637 -1.0794272
v -0.0580334 0.0835111 -1.0730507
v -0.0761794 0.1294728 -1.0767754
v -0.0761673 0.1793596 -1.0791141
v -0.0581077 0.1793148 -1.0790865
v -0.0761849 0.1927998 -1.0854267
v -0.0581253 0.1649387 -1.0836386
v -0.0761622 0.1649615 -1.0836866
v -0.0761800 0.1429287 -1.0816986
v -0.0761594 0.2118353 -1.0564461
v -0.0581210 0.2118273 -1.0563943
v -0.0580515 0.0844228 -1.0481455
v -0.0581115 0.1928732 -1.0853960
v -0.0581345 0.1430081 -1.0817031
v -0.0762411 0.1432662 -1.0823496
v -0.0762391 0.1487266 -1.0942218
v -0.0581012 0.1486970 -1.0941945
v -0.0580643 0.1433821 -1.1069478
v -0.0761354 0.1433168 -1.1069357
v -0.0580916 0.1580690 -1.0964671
v -0.0761890 0.1580575 -1.0964910
v -0.0761817 0.1627046 -1.1100848
v -0.0581113 0.1626798 -1.1100904
v -0.0580421 0.1300566 -1.1125588
v -0.0581048 0.1165690 -1.1076720
v -0.0580388 0.1108577 -1.0951279
v -0.0761970 0.1108438 -1.0951568
v -0.0580587 0.1161793 -1.0823770
v -0.0581080 0.1016501 -1.0929414
v -0.0761560 0.1017247 -1.0929322
v -0.0761676 0.1161985 -1.0823575
v -0.0580913 0.1295487 -1.0768046
v -0.0775556 0.1852998 -1.1537950
v -0.0774706 0.2750768 -1.1590470
v -0.0628831 0.2820124 -1.1522444
v -0.0550369 0.2591501 -1.3386193
v -0.0743502 0.2506671 -1.3381022
v -0.0846786 0.2684350 -1.1721344
v -0.0911894 0.2387000 -1.3373136
v -0.0966390 0.2546673 -1.1834057
v -0.0843459 0.1863372 -1.1666932
v -0.0872406 0.1581181 -1.5030834
v -0.1087418 0.1734528 -1.3333116
v -0.1088318 0.1850779 -1.1897385
v -0.1087271 0.2328753 -1.1922258
v -0.1175687 0.2105058 -1.1984488
v -0.1178535 0.1943515 -1.1976536
v -0.1172487 0.1980140 -1.3347927
v -0.1175974 0.1833640 -1.3339101
v -0.1174091 0.1710436 -1.4777002
v -0.1159142 0.1848351 -1.4792574
v -0.1090021 0.1600673 -1.4836031
v -0.1066989 0.1978990 -1.4878872
v -0.1085708 0.2161099 -1.3359527
v -0.0908315 0.2130858 -1.5026833
v -0.0817932 0.2188646 -1.5127652
v -0.0778449 0.1548742 -1.5184554
v -0.0774757 0.2196893 -1.5217274
v -0.0761374 0.2191677 -1.5290890
v -0.0761466 0.1769630 -1.5312782
v -0.0641060 0.2239527 -1.5299374
v -0.0762063 0.1903760 -1.6805445
v -0.0609569 0.1927997 -1.7019992
v -0.0362216 0.1990527 -1.7035251
v -0.0259115 0.2657700 -1.3390305
v -0.0006801 0.2668244 -1.3390748
v -0.0006280 0.3152657 -0.9659353
v -0.0211785 0.3143006 -0.9660134
v -0.0107279 0.3259006 -0.8691246
v -0.0207481 0.3255304 -0.8689132
v -0.0305990 0.3243401 -0.8686387
v -0.0409846 0.3111440 -0.9660390
v -0.0403358 0.3221637 -0.8685948
v -0.0497883 0.3193810 -0.8687691
v -0.0599147 0.3050850 -0.9658109
v -0.0591405 0.3156065 -0.8692947
v -0.0760694 0.2987040 -0.9653612
v -0.0762887 0.3056742 -0.8908905
v -0.0751108 0.3070032 -0.8837513
v -0.0734367 0.2842213 -0.8797498
v -0.0762287 0.2823313 -0.8901915
v -0.0761762 0.2580242 -1.0220662
v -0.0761574 0.2493892 -1.0402617
v -0.0718564 0.3091590 -0.8771551
v -0.0665561 0.2858464 -0.8711343
v -0.0571546 0.2863673 -0.8673665
v -0.0664249 0.3120270 -0.8725596
v -0.0434297 0.2883016 -0.8663406
v -0.0006689 0.2979444 -0.8666979
v 0.0194141 0.3254808 -0.8688729
v 0.0093280 0.3262576 -0.8691598
v -0.0007051 0.3263939 -0.8692981
v 0.0198519 0.3142614 -0.9659320
v 0.0245194 0.2658000 -1.3389996
v 0.0291386 0.3242669 -0.8687404
v 0.0398516 0.3111234 -0.9660145
v 0.0536740 0.2591385 -1.3385777
v 0.0387929 0.3222704 -0.8686560
v 0.0627307 0.2239964 -1.5299208
v 0.0761136 0.2197606 -1.5217264
v 0.0730964 0.2506439 -1.3381205
v 0.0832844 0.2684330 -1.1721160
v 0.0804323 0.2189041 -1.5127503
v 0.0899028 0.2386239 -1.3373702
v 0.0952975 0.2546984 -1.1833252
v 0.0895906 0.2131118 -1.5026280
v 0.1073387 0.2327999 -1.1921514
v 0.1053177 0.1978709 -1.4879078
v 0.1071665 0.2161344 -1.3359316
v 0.1161898 0.2104457 -1.1984901
v 0.1145069 0.1848547 -1.4792055
v 0.1158908 0.1980445 -1.3347939
v 0.1165874 0.1944360 -1.1976697
v 0.1160889 0.1710618 -1.4776385
v 0.1162383 0.1833833 -1.3339251
v 0.1074409 0.1733944 -1.3332736
v 0.1075382 0.1851107 -1.1897378
v 0.1076907 0.1600870 -1.4836029
v 0.0830391 0.1863255 -1.1666924
v 0.0858556 0.1581739 -1.5030210
v 0.0764735 0.1548114 -1.5184519
v 0.0567652 0.1548174 -1.5185325
v 0.0567631 0.1388109 -1.5290656
v 0.0748989 0.1388159 -1.5290108
v 0.0748717 0.0446248 -1.5231143
v 0.0567408 0.0445761 -1.5232147
v 0.0567779 0.1516468 -1.5602569
v 0.0567577 0.1382137 -1.5553104
v 0.0567251 0.1248571 -1.5608688
v 0.0567217 0.1102583 -1.5714409
v 0.0567546 0.1055839 -1.5578975
v 0.0567996 0.0920770 -1.5515823
v 0.0748640 0.1055771 -1.5578904
v 0.0748631 0.0920664 -1.5515700
v 0.0567734 0.0776319 -1.5561291
v 0.0748249 0.0776967 -1.5561570
v 0.0568074 0.0571368 -1.5548568
v 0.0567569 0.0436581 -1.5484842
v 0.0748704 0.0571617 -1.5548245
v 0.0748743 0.0437047 -1.5484965
v 0.0567130 0.0292942 -1.5531194
v 0.0567583 0.0171630 -1.5297268
v 0.0748524 0.0171004 -1.5297780
v 0.0567536 -0.0012635 -1.5502015
v 0.0748200 -0.0012455 -1.5502675
v 0.0748639 -0.0034737 -1.5773709
v 0.0567885 -0.0034913 -1.5773133
v 0.0567548 0.0224059 -1.5659619
v 0.0748788 0.0292797 -1.5531270
v 0.0748254 0.0223383 -1.5659002
v 0.0567221 0.0270609 -1.5795193
v 0.0748957 0.0270977 -1.5795226
v 0.0748206 0.0405829 -1.5858583
v 0.0567786 0.0405068 -1.5858174
v 0.0567812 0.0112658 -1.5999356
v 0.0749109 0.0112984 -1.5999060
v 0.0748575 0.0373052 -1.6098480
v 0.0567160 0.0373150 -1.6098441
v 0.0748866 0.1403428 -1.6162946
v 0.0568056 0.1450651 -1.6166314
v 0.0567443 0.0889464 -1.5888501
v 0.0567108 0.1032892 -1.5842918
v 0.0748805 0.1032771 -1.5842887
v 0.0748737 0.0889661 -1.5888222
v 0.0748313 0.0754168 -1.5825302
v 0.0567224 0.0754402 -1.5824775
v 0.0748168 0.0708059 -1.5690244
v 0.0567801 0.0707896 -1.5689223
v 0.0568143 0.0549815 -1.5812274
v 0.0748695 0.0549095 -1.5812490
v 0.0748650 0.0618738 -1.5683660
v 0.0567954 0.0618344 -1.5683836
v 0.0748948 0.1102474 -1.5714866
v 0.0748293 0.1249264 -1.5608711
v 0.0749130 0.1252539 -1.5862152
v 0.0748908 0.1194802 -1.5736815
v 0.0567803 0.1194911 -1.5736776
v 0.0567813 0.1252905 -1.5862369
v 0.0567294 0.1387252 -1.5910963
v 0.0748472 0.1386861 -1.5910827
v 0.0748233 0.1519783 -1.5854667
v 0.0567408 0.1520576 -1.5855464
v 0.0748609 0.1573160 -1.5727360
v 0.0567798 0.1573973 -1.5727168
v 0.0567679 0.1596235 -1.6213558
v 0.0748673 0.1550110 -1.6210223
v 0.0748293 0.1680531 -1.6354636
v 0.0568106 0.1727838 -1.6359158
v 0.0748978 0.1707554 -1.6498578
v 0.0567810 0.1755318 -1.6503713
v -0.0006405 0.1839772 -1.6191786
v -0.0608001 0.1699635 -1.7009985
v -0.0580731 0.1755097 -1.6503577
v -0.0581147 0.1728839 -1.6359076
v -0.0006575 0.1783564 -1.7028008
v 0.0349441 0.1990669 -1.7035113
v -0.0006339 0.2027103 -1.7037151
v 0.0593892 0.1698864 -1.7010041
v 0.0595515 0.1927958 -1.7019559
v 0.0705832 0.1677150 -1.6928285
v 0.0706637 0.1896938 -1.6937818
v 0.0657421 0.1909419 -1.6983726
v 0.0734923 0.1896250 -1.6873968
v 0.0748549 0.1678556 -1.6795499
v 0.0748515 0.1903879 -1.6804586
v 0.0747865 0.2191572 -1.5290652
v 0.0748373 0.1785993 -1.5322838
v 0.0748100 0.1516695 -1.5602684
v 0.0748223 0.1381580 -1.5553354
v -0.0762176 0.1680676 -1.6354803
v -0.0580688 0.1596932 -1.6213578
v -0.0761724 0.1706727 -1.6498376
v -0.0762369 0.1678075 -1.6796190
v -0.0719848 0.1677437 -1.6928530
v -0.0719756 0.1896704 -1.6937407
v -0.0749102 0.1895704 -1.6876210
v -0.0668517 0.1909900 -1.6982942
v -0.0762455 0.1404134 -1.6163098
v -0.0580806 0.1450636 -1.6166414
v -0.0762460 0.1549346 -1.6209460
v -0.0762180 0.1520458 -1.5855416
v -0.0761931 0.1573787 -1.5727465
v -0.0580560 0.1520039 -1.5854941
v -0.0762257 0.1387402 -1.5910257
v -0.0580785 0.1386737 -1.5911190
v -0.0761884 0.1252560 -1.5861880
v -0.0580985 0.1252420 -1.5861436
v -0.0762346 0.1195261 -1.5736662
v -0.0762238 0.1101949 -1.5714416
v -0.0580978 0.1033379 -1.5842547
v -0.0580488 0.1102094 -1.5714716
v -0.0762076 0.1033727 -1.5842705
v -0.0761705 0.1055259 -1.5579181
v -0.0761459 0.1249168 -1.5608892
v -0.0761461 0.1388363 -1.5290295
v -0.0581477 0.1548912 -1.5185413
v -0.0581022 0.1388468 -1.5290202
v -0.0762089 0.0446352 -1.5231418
v -0.0761700 0.1516828 -1.5601957
v -0.0762005 0.1381747 -1.5553343
v -0.0761373 0.0920349 -1.5515845
v -0.0580465 0.0920794 -1.5515205
v -0.0762222 0.0776666 -1.5561023
v -0.0580929 0.1055262 -1.5578966
v -0.0761939 0.0708088 -1.5690084
v -0.0580755 0.0777020 -1.5561679
v -0.0762336 0.0572087 -1.5548439
v -0.0762054 0.0618641 -1.5684650
v -0.0580495 0.0618471 -1.5683688
v -0.0761550 0.0549799 -1.5812554
v -0.0761898 0.0754000 -1.5824981
v -0.0762205 0.0889117 -1.5888883
v -0.0581078 0.0889315 -1.5888220
v -0.0581025 0.0754059 -1.5825442
v -0.0580711 0.0707729 -1.5690007
v -0.0761489 0.0373581 -1.6097909
v -0.0761634 0.0112342 -1.5999269
v -0.0580337 0.0112395 -1.5999722
v -0.0580639 0.0373297 -1.6098226
v -0.0761949 0.0405713 -1.5858070
v -0.0580375 0.0405059 -1.5858582
v -0.0580365 0.0270571 -1.5794836
v -0.0761861 0.0270257 -1.5794650
v -0.0580760 0.0223490 -1.5659450
v -0.0761829 0.0223920 -1.5659358
v -0.0761765 -0.0034695 -1.5773177
v -0.0581054 -0.0034864 -1.5773665
v -0.0762057 -0.0012715 -1.5502564
v -0.0761730 0.0171115 -1.5297353
v -0.0580711 0.0171029 -1.5296972
v -0.0580772 -0.0011982 -1.5503015
v -0.0762217 0.0292946 -1.5530839
v -0.0580854 0.0292680 -1.5531397
v -0.0762330 0.0436416 -1.5485066
v -0.0580505 0.0436540 -1.5485822
v -0.0581043 0.0571772 -1.5548173
v -0.0580368 0.0446538 -1.5231893
v -0.0580985 0.0549105 -1.5812284
v -0.0580935 0.1381469 -1.5553480
v -0.0581267 0.1248896 -1.5608774
v -0.0580952 0.1516091 -1.5602471
v -0.0580926 0.1574062 -1.5726859
v -0.0580335 0.1195146 -1.5737109
v 0.0567444 0.1361195 -1.0768910
v 0.0567577 0.0970378 -1.0794734
v 0.0748424 0.1008051 -1.0857058
v 0.0567409 0.1007317 -1.0857708
v 0.0567762 0.1016361 -1.0930000
v 0.0567242 0.1103111 -1.0877406
v 0.0567606 0.1089023 -1.0950635
v 0.0748380 0.1088572 -1.0949817
v 0.0748534 0.1102481 -1.0878369
v 0.0748869 0.1016316 -1.0930006
v 0.0748189 0.0995718 -1.1000137
v 0.0567688 0.0996332 -1.1000410
v 0.0567535 0.0947740 -1.1057844
v 0.0568093 0.1104730 -1.1021898
v 0.0567813 0.0758489 -1.0740152
v 0.0568014 0.0460628 -1.0637070
v 0.0748941 0.0817965 -1.6114206
v 0.0748146 0.0951137 -1.6062063
v 0.0748817 0.0973771 -1.6000174
v 0.0748744 0.0587712 -1.5369880
v 0.0748625 0.0750176 -1.6120596
v 0.1094492 0.0817979 -1.6114080
v 0.1094680 0.0951112 -1.6062501
v 0.1094448 0.0973825 -1.6000609
v 0.1094656 0.0587907 -1.5370100
v 0.0748980 0.0551339 -1.5226319
v 0.1095290 0.0551607 -1.5225869
v 0.1095159 -0.0056756 -1.5734442
v 0.1094503 0.0749674 -1.6120433
v 0.1094668 0.0600643 -1.6078507
v 0.0748154 -0.0171967 -1.6078947
v 0.1094579 -0.0171305 -1.6078394
v 0.0749073 0.0599988 -1.6078396
v 0.1094765 -0.0170012 -1.5835744
v 0.1094828 -0.0198705 -1.5894393
v 0.1094625 -0.0217383 -1.6028766
v 0.0748368 -0.0198736 -1.5894418
v 0.0748539 -0.0217173 -1.6028865
v 0.0748398 -0.0170254 -1.5835162
v 0.0748124 -0.0056606 -1.5734841
v 0.0748124 0.0512303 -1.5173346
v 0.0748327 0.0328616 -1.5103755
v 0.0748481 0.0397335 -1.5091247
v 0.1095059 0.0328920 -1.5104007
v 0.1094640 0.0397725 -1.5090347
v 0.1095254 0.0511766 -1.5173929
v 0.0748188 0.1243991 -1.1330973
v 0.0748811 0.1377282 -1.1278168
v 0.0748254 0.1399547 -1.1216357
v 0.0748448 0.1013551 -1.0585947
v 0.0748849 0.1175115 -1.1336940
v 0.1095072 0.1243337 -1.1330524
v 0.1094585 0.1377308 -1.1278508
v 0.1094417 0.1399580 -1.1216270
v 0.1094352 0.1013220 -1.0585627
v 0.0748120 0.0977487 -1.0441933
v 0.1094933 0.0976994 -1.0442260
v 0.1094589 0.0369110 -1.0950338
v 0.1095010 0.1175561 -1.1336883
v 0.1094575 0.1026085 -1.1293899
v 0.0748462 0.0253714 -1.1294894
v 0.1095221 0.0254644 -1.1294289
v 0.0748590 0.1025864 -1.1294834
v 0.1094504 0.0254917 -1.1051577
v 0.1094910 0.0227513 -1.1110903
v 0.1095141 0.0208356 -1.1245607
v 0.0748124 0.0226825 -1.1110488
v 0.0749051 0.0208751 -1.1244822
v 0.0748371 0.0255575 -1.1051500
v 0.0748860 0.0368603 -1.0950742
v 0.0748171 0.0937064 -1.0390190
v 0.0748557 0.0754678 -1.0319893
v 0.0749054 0.0823272 -1.0306532
v 0.1094639 0.0755155 -1.0319474
v 0.1094495 0.0822986 -1.0307005
v 0.1095035 0.0937327 -1.0390164
v -0.0761146 0.0796534 -1.5498145
v -0.0761602 0.0906472 -1.5726090
v -0.0761659 0.0899894 -1.5781239
v -0.0761342 0.0745191 -1.5984652
v -0.0900547 0.0796561 -1.5497275
v -0.0761217 0.0748410 -1.5465207
v -0.0901274 0.0748519 -1.5465603
v -0.0900640 0.0484480 -1.5440947
v -0.0761561 0.0484721 -1.5440662
v -0.0761537 0.0427126 -1.5983839
v -0.0761222 0.0430070 -1.5464143
v -0.0761339 0.0276133 -1.5667614
v -0.0761254 0.0379232 -1.5951092
v -0.0901217 0.0430674 -1.5463248
v -0.0900311 0.0276270 -1.5667603
v -0.0761034 0.0269603 -1.5723052
v -0.0900455 0.0270060 -1.5722662
v -0.0948224 0.0312865 -1.5698548
v -0.0948980 0.0426630 -1.5936373
v -0.0948538 0.0473781 -1.5486209
v -0.0948758 0.0749821 -1.5512179
v -0.0948701 0.0702040 -1.5962631
v -0.0948792 0.0864053 -1.5750385
v -0.0901301 0.0906516 -1.5725615
v -0.0900432 0.0900016 -1.5781049
v -0.0900750 0.0745325 -1.5984716
v -0.0900330 0.0691548 -1.6007608
v -0.0901155 0.0427962 -1.5983633
v -0.0761038 0.0691716 -1.6007662
v -0.0900780 0.0379509 -1.5950794
v -0.0760822 0.1166573 -1.0716487
v -0.0761727 0.1276703 -1.0944443
v -0.0760730 0.1270207 -1.1000508
v -0.0761494 0.1116015 -1.1203478
v -0.0900611 0.1167011 -1.0716745
v -0.0760778 0.1118610 -1.0684533
v -0.0900727 0.1118214 -1.0683531
v -0.0901267 0.0854041 -1.0658966
v -0.0761569 0.0854665 -1.0659453
v -0.0760859 0.0797359 -1.1202434
v -0.0761011 0.0800899 -1.0682442
v -0.0761004 0.0646342 -1.0885912
v -0.0761322 0.0750214 -1.1170124
v -0.0900431 0.0800493 -1.0682638
v -0.0901150 0.0646145 -1.0885614
v -0.0761500 0.0639780 -1.0941955
v -0.0900587 0.0640559 -1.0941573
v -0.0948422 0.0683133 -1.0917624
v -0.0948553 0.0797443 -1.1155854
v -0.0948866 0.0844204 -1.0704959
v -0.0948340 0.1119746 -1.0730476
v -0.0948909 0.1072828 -1.1180544
v -0.0948344 0.1234152 -1.0968796
v -0.0900393 0.1276704 -1.0944162
v -0.0900703 0.1270449 -1.1000291
v -0.0900553 0.1115459 -1.1203237
v -0.0900376 0.1062166 -1.1226761
v -0.0900728 0.0798070 -1.1202278
v -0.0761165 0.1062071 -1.1226551
v -0.0900601 0.0749724 -1.1170137
v -0.0913606 -0.0059765 -1.5344382
v -0.0759990 0.0331043 -1.4963818
v -0.0537267 0.0574425 -1.4809339
v -0.0009981 -0.2215106 -1.7365342
v 0.0117840 -0.2315055 -1.7451237
v -0.0729736 -0.1225167 -1.6690791
v -0.0781387 -0.1295486 -1.6771811
v -0.0932795 -0.0553804 -1.5874215
v -0.0737095 -0.1412162 -1.6794998
v -0.0305646 -0.1831654 -1.7346915
v -0.0835798 -0.1090872 -1.6386638
v 0.1056206 -0.0517657 -1.6124713
v 0.0978478 -0.0175329 -1.5726607
v 0.1049113 -0.0050917 -1.5594028
v 0.1034400 -0.0568664 -1.6005647
v 0.0894152 -0.1490421 -1.6830193
v 0.1093747 -0.0567449 -1.6049634
v 0.1475199 -0.0304485 -0.5920008
v 0.1589717 -0.0259812 -0.5505989
v 0.1547682 -0.0333972 -0.6028843
v 0.1482635 -0.0231770 -0.5470996
v 0.1513907 -0.0268663 -0.5313288
v 0.1492671 -0.0300228 -0.5434312
v 0.1560647 -0.0361696 -0.5917529
v 0.1501493 -0.0375226 -0.5914684
v 0.1343350 -0.0571145 -0.6874541
v 0.1157926 -0.0600505 -0.7678968
v 0.0424262 -0.2071332 -1.7723901
v 0.0553616 -0.1953388 -1.7545365
v 0.0102162 -0.2062549 -1.7663287
v 0.0427682 -0.1997019 -1.7762857
v 0.0158783 -0.2082365 -1.7803840
v 0.0083804 -0.1985679 -1.7704369
v -0.0362111 -0.1785596 -1.7460456
v -0.0400231 -0.1828301 -1.7391970
v -0.0496625 0.0669981 -1.4704930
v -0.0284405 0.0648495 -1.4495857
v -0.0609813 0.0579105 -1.4697413
v -0.0527548 0.0546997 -1.4698632
v 0.1183637 -0.0142061 -1.4732800
v 0.1156577 -0.0885409 -1.5874481
v 0.1141944 -0.0677842 -1.5538480
v 0.1113025 0.0194390 -1.4264473
v 0.0933282 0.0288473 -1.3922023
v 0.0888652 0.0386694 -1.3783698
v 0.0968150 0.0364991 -0.9766180
v 0.1146658 0.0066517 -0.9048936
v 0.0884066 0.0522461 -1.0489540
v 0.0925946 -0.1467017 -1.6657341
v 0.1127050 -0.0049084 -1.4553929
v 0.1209894 -0.0424463 -1.4956592
v 0.0979479 -0.1541588 -1.6591045
v 0.1191289 -0.0972678 -1.5875665
v 0.1084978 0.0272146 -1.4634166
v 0.1138577 0.0329436 -1.4676512
v 0.1086302 0.0493599 -1.4072946
v 0.1073068 -0.0104229 -1.5563989
v 0.1235797 -0.0614281 -1.5367579
v 0.1219070 -0.0005916 -1.4444378
v 0.0807618 0.0498657 -1.3202262
v 0.0902379 0.0356418 -1.3574057
v 0.1086929 0.0266827 -1.4047811
v 0.1097848 0.0330248 -1.4804822
v 0.0999147 0.0065009 -1.5328119
v 0.1038055 0.0396240 -1.4453131
v 0.0655862 -0.1978333 -1.7208692
v 0.0737233 -0.2011062 -1.7210286
v 0.0539198 -0.2197912 -1.7396785
v 0.0251268 -0.2384014 -1.7410974
v 0.0438278 -0.2332646 -1.7313375
v 0.0176441 -0.2379471 -1.7340181
v -0.1121381 -0.0388772 -1.6064548
v -0.0977263 -0.0011082 -1.5759491
v -0.1021670 0.0002089 -1.5819787
v -0.0433312 0.0623373 -1.5322276
v -0.0956493 -0.0021579 -1.5916431
v -0.0937914 0.0101355 -1.5807604
v -0.0052250 -0.1985006 -1.7738751
v -0.0081553 -0.2043363 -1.7684986
v -0.0959936 -0.0883757 -1.6126214
v -0.0967649 -0.0563696 -1.5752059
v -0.1029511 -0.0462041 -1.5692764
v -0.0867291 -0.0075038 -1.5204034
v 0.1280145 -0.0200464 -0.5318097
v 0.1471843 -0.0195394 -0.5317760
v 0.0618771 -0.1873551 -1.7621986
v 0.0830889 -0.1642596 -1.7201579
v 0.0621401 -0.1957320 -1.7615459
v -0.0881444 0.0038188 -1.5097637
v -0.0859134 0.0128006 -0.3609832
v -0.0623047 0.0164910 -0.3675815
v -0.0286723 0.0616402 -1.4618900
v 0.0729368 0.0467583 -1.3152966
v 0.0801281 0.0560712 -1.2761909
v 0.1531233 -0.0451865 -0.7579573
v 0.1631421 -0.0801627 -0.6332795
v 0.1412004 -0.0383027 -0.7936633
v 0.1507973 -0.0391660 -0.7576750
v 0.1411140 -0.0345849 -0.7735978
v 0.1587219 -0.0724186 -0.6284345
v -0.0980364 -0.0869552 -1.6200590
v -0.0822653 0.0031556 -1.5222850
v 0.0147685 -0.2112707 -1.7742273
v -0.0606321 -0.1842404 -1.7151536
v -0.0670130 -0.1674601 -1.7147608
v -0.0182763 -0.2166622 -1.7379265
v -0.0893954 -0.1370273 -1.6925349
v -0.1023609 -0.0905395 -1.6647090
v -0.0504631 0.0597676 -1.5205097
v -0.0454172 0.0670604 -1.5300274
v 0.1276534 -0.0249350 -0.5250133
v 0.0710341 -0.2053614 -1.7145848
v 0.0425370 -0.2320804 -1.7414724
v 0.0592390 -0.2233216 -1.7339034
v -0.0051141 -0.2310105 -1.7376649
v -0.0034417 -0.2307434 -1.7308464
v -0.0653337 -0.1749162 -1.7042322
v 0.0959839 -0.1495558 -1.6810555
v 0.0819485 -0.1765555 -1.7222670
v 0.0968860 -0.1452307 -1.6886757
v 0.1066008 -0.1042603 -1.6465592
v 0.1019285 -0.0099000 -1.5469519
v 0.0763216 0.0623982 -1.1426882
v 0.0797948 0.0569897 -1.0697731
v 0.1409790 -0.0237453 -0.5215756
v 0.1014575 0.0528591 -1.3967241
v 0.0967007 0.0484657 -1.3340756
v 0.0919006 0.0516114 -1.3350526
v 0.0922295 0.0438706 -1.2817906
v 0.0967038 0.0479713 -1.3920434
v 0.0939368 0.0343981 -1.2404846
v 0.1073169 -0.0081585 -1.1116514
v 0.1168019 -0.0086781 -1.1110518
v 0.1116960 -0.0094950 -1.0938913
v 0.1163232 -0.0245437 -1.0578090
v 0.1027571 -0.0598091 -0.9391219
v 0.1154214 0.0090376 -1.4217862
v 0.1018397 0.0156144 -0.9205671
v 0.0685150 0.0584606 -1.1395956
v 0.0820175 0.0472437 -1.0327028
v -0.0870668 0.0079310 -0.3481479
v 0.1064834 -0.0653756 -0.8375124
v 0.1138611 -0.0472071 -1.0077218
v 0.1015771 -0.0623227 -0.8126674
v 0.1008705 -0.0710636 -0.8381474
v 0.1101635 -0.0660268 -0.9411477
v -0.1041368 -0.0934351 -1.6508089
v 0.0961678 -0.1552518 -1.6736217
v 0.0726829 0.0639500 -1.2118134
v -0.1116169 -0.0398079 -1.6223804
v -0.1060894 -0.0341131 -1.6166637
v 0.0947774 0.0371456 -1.2804320
v 0.0946670 0.0417547 -1.3429983
v 0.1120842 -0.0158925 -1.1052639
v 0.1052314 0.0409136 -1.4104822
v -0.0290735 0.0669329 -1.5193631
v -0.0405778 0.0658661 -1.5140714
v 0.0713236 0.0579686 -1.2482293
v 0.0800420 0.0628768 -1.2154345
v 0.1046886 -0.0674048 -0.9381180
v -0.1111083 -0.0769166 -1.6426486
v -0.0522822 -0.1786255 -1.7165675
v 0.1588981 -0.0853145 -0.5653311
v 0.1487226 -0.0872625 -0.5408967
v 0.1662805 -0.0785823 -0.6247986
v 0.1479693 -0.0797387 -0.5419333
v 0.1604168 -0.0775195 -0.5847851
v 0.0844699 0.0485491 -1.0650842
v 0.0775813 0.0567397 -1.1494709
v 0.1095154 -0.0671109 -0.7688326
v -0.0473365 0.0678766 -1.4590732
v 0.0820419 -0.1586991 -1.7078311
v 0.0924163 -0.1323163 -1.6765766
v -0.0313668 -0.1776111 -1.7413059
v 0.1004914 -0.0614030 -1.6167294
v 0.1050656 0.0138062 -0.9384087
v -0.0937155 -0.0986941 -1.6672443
v -0.0913712 0.0099651 -1.4302355
v -0.0759693 0.0491207 -1.3921807
v -0.0537131 0.0734304 -1.3767913
v -0.0009662 -0.2054993 -1.6323837
v 0.0117054 -0.2154528 -1.6409021
v -0.0728868 -0.1064787 -1.5649141
v -0.0781047 -0.1135752 -1.5730986
v -0.0933585 -0.0394364 -1.4833100
v -0.0738077 -0.1251988 -1.5753792
v -0.0306026 -0.1672130 -1.6304824
v -0.0836573 -0.0930138 -1.5345822
v 0.1055567 -0.0358221 -1.5083185
v 0.0978553 -0.0015382 -1.4685604
v 0.1049293 0.0108764 -1.4552102
v 0.1033776 -0.0408704 -1.4964902
v 0.0894367 -0.1330256 -1.5788404
v 0.1094226 -0.0406480 -1.5008523
v 0.1475018 -0.0144586 -0.4878137
v 0.1589787 -0.0099511 -0.4463923
v 0.1547772 -0.0174072 -0.4987294
v 0.1482380 -0.0071169 -0.4429442
v 0.1513350 -0.0108266 -0.4271993
v 0.1493393 -0.0139697 -0.4393023
v 0.1560354 -0.0201403 -0.4875610
v 0.1501822 -0.0215091 -0.4873408
v 0.1342691 -0.0410721 -0.5833933
v 0.1157990 -0.0440775 -0.6636937
v 0.0423477 -0.1911284 -1.6682497
v 0.0553323 -0.1793611 -1.6504270
v 0.0102380 -0.1902634 -1.6622032
v 0.0426930 -0.1837684 -1.6722338
v 0.0158977 -0.1923291 -1.6762085
v 0.0084227 -0.1826199 -1.6662793
v -0.0362290 -0.1625208 -1.6418340
v -0.0400161 -0.1668324 -1.6350322
v -0.0496925 0.0830172 -1.3663502
v -0.0284038 0.0808630 -1.3454271
v -0.0610051 0.0739097 -1.3656137
v -0.0526686 0.0706627 -1.3657234
v 0.1183927 0.0018607 -1.3691374
v 0.1156761 -0.0725149 -1.4833349
v 0.1141211 -0.0518507 -1.4496706
v 0.1113357 0.0354481 -1.3222781
v 0.0933359 0.0447879 -1.2880393
v 0.0888450 0.0546325 -1.2742905
v 0.0968736 0.0524813 -0.8724326
v 0.1145709 0.0226357 -0.8008402
v 0.0883967 0.0682322 -0.9448336
v 0.0925651 -0.1307125 -1.5615241
v 0.1127495 0.0110357 -1.3512077
v 0.1210743 -0.0264029 -1.3914576
v 0.0979604 -0.1382306 -1.5549582
v 0.1191264 -0.0812910 -1.4834322
v 0.1084621 0.0432281 -1.3593303
v 0.1139023 0.0489628 -1.3635261
v 0.1085901 0.0652652 -1.3031477
v 0.1073135 0.0055533 -1.4522927
v 0.1236538 -0.0454555 -1.4326966
v 0.1219805 0.0154007 -1.3403100
v 0.0808256 0.0658222 -1.2160806
v 0.0902822 0.0516020 -1.2532923
v 0.1086590 0.0426382 -1.3006861
v 0.1097111 0.0489317 -1.3763311
v 0.0999295 0.0225421 -1.4286949
v 0.1037996 0.0555367 -1.3411022
v 0.0656074 -0.1818519 -1.6166441
v 0.0736898 -0.1850954 -1.6169007
v 0.0539470 -0.2037796 -1.6354982
v 0.0250483 -0.2224022 -1.6369923
v 0.0438634 -0.2172998 -1.6271426
v 0.0176334 -0.2218821 -1.6298147
v -0.1121217 -0.0228723 -1.5023608
v -0.0977569 0.0149310 -1.4718285
v -0.1021938 0.0161981 -1.4778483
v -0.0433183 0.0783947 -1.4280669
v -0.0956994 0.0138642 -1.4874829
v -0.0938114 0.0261783 -1.4766491
v -0.0052057 -0.1825139 -1.6698232
v -0.0081747 -0.1883324 -1.6643950
v -0.0960009 -0.0723672 -1.5084854
v -0.0967587 -0.0404278 -1.4710674
v -0.1029364 -0.0301874 -1.4651125
v -0.0868143 0.0084587 -1.4162630
v 0.1280278 -0.0041018 -0.4277397
v 0.1471345 -0.0035610 -0.4276777
v 0.0618524 -0.1713213 -1.6580879
v 0.0831083 -0.1482979 -1.6159821
v 0.0620427 -0.1796963 -1.6574164
v -0.0882084 0.0198235 -1.4055432
v -0.0286866 0.0776310 -1.3577357
v 0.0728894 0.0628095 -1.2111703
v 0.0801933 0.0720909 -1.1720267
v 0.1530378 -0.0290987 -0.6538165
v 0.1630976 -0.0641254 -0.5291636
v 0.1412193 -0.0222805 -0.6895314
v 0.1508706 -0.0231763 -0.6535476
v 0.1411239 -0.0186174 -0.6695176
v 0.1588279 -0.0563555 -0.5242361
v -0.0980096 -0.0709367 -1.5159736
v -0.0822181 0.0191991 -1.4181997
v 0.0148004 -0.1952766 -1.6700930
v -0.0606960 -0.1681614 -1.6110454
v -0.0670272 -0.1513753 -1.6105926
v -0.0182741 -0.2005876 -1.6338322
v -0.0894045 -0.1209583 -1.5884229
v -0.1023696 -0.0745113 -1.5606469
v -0.0504403 0.0757778 -1.4164120
v -0.0454273 0.0830298 -1.4259334
v 0.0464031 -0.2043753 -1.6315649
v 0.0710542 -0.1893575 -1.6104585
v 0.0426296 -0.2160955 -1.6372894
v 0.0592178 -0.2073800 -1.6297880
v -0.0051227 -0.2149746 -1.6335078
v -0.0033861 -0.2147048 -1.6266730
v -0.0652860 -0.1588850 -1.6000985
v 0.0959244 -0.1335656 -1.5769169
v 0.0819090 -0.1605587 -1.6180836
v 0.0968896 -0.1292854 -1.5845643
v 0.1065852 -0.0882195 -1.5423545
v 0.1018903 0.0061122 -1.4428257
v 0.0763323 0.0783701 -1.0385446
v 0.0797731 0.0729558 -0.9655617
v 0.1409548 -0.0076934 -0.4173960
v 0.1014808 0.0688024 -1.2926231
v 0.0967350 0.0644476 -1.2299360
v 0.0919483 0.0676227 -1.2308864
v 0.0922684 0.0598667 -1.1776681
v 0.0939733 0.0503413 -1.1363417
v 0.1072859 0.0078037 -1.0075568
v 0.1167145 0.0073973 -1.0068383
v 0.1117675 0.0064241 -0.9897130
v 0.1163806 -0.0085394 -0.9536104
v 0.1026984 -0.0437453 -0.8349583
v 0.1154141 0.0249676 -1.3176871
v 0.1018648 0.0316338 -0.8163637
v 0.0685416 0.0744246 -1.0354014
v 0.0820645 0.0632854 -0.9285960
v 0.1065248 -0.0494521 -0.7333424
v 0.1138755 -0.0312429 -0.9035578
v 0.1014988 -0.0463391 -0.7085438
v 0.1008209 -0.0550548 -0.7339396
v 0.1101187 -0.0500568 -0.8370732
v -0.1041129 -0.0774307 -1.5467139
v 0.0961553 -0.1392108 -1.5694582
v 0.0726528 0.0799899 -1.1076366
v -0.1115976 -0.0238818 -1.5181499
v -0.1060423 -0.0181563 -1.5124628
v 0.0948676 0.0531198 -1.1763509
v 0.0946341 0.0577259 -1.2388674
v 0.1121037 0.0001831 -1.0011641
v 0.1051646 0.0568617 -1.3062843
v -0.0291515 0.0829693 -1.4152809
v -0.0405713 0.0818422 -1.4099021
v 0.0713264 0.0739835 -1.1440887
v 0.0800453 0.0788759 -1.1112205
v 0.1046250 -0.0514453 -0.8339307
v -0.1111210 -0.0608665 -1.5384959
v 0.0523164 -0.1739106 -1.6567666
v -0.0522926 -0.1626157 -1.6123942
v 0.1589169 -0.0692978 -0.4611586
v 0.1487122 -0.0712626 -0.4367738
v 0.1662078 -0.0625083 -0.5206633
v 0.1478990 -0.0637144 -0.4377364
v 0.1604500 -0.0614584 -0.4806064
v 0.0844491 0.0645102 -0.9609482
v 0.0776169 0.0727811 -1.0453389
v 0.1095600 -0.0511324 -0.6647254
v -0.0473885 0.0839148 -1.3549306
v 0.0819477 -0.1426885 -1.6036285
v 0.0924067 -0.1163518 -1.5724943
v -0.0314226 -0.1615917 -1.6370963
v 0.1050463 0.0298312 -0.8343344
v -0.0937528 -0.0826728 -1.5630554
v -0.0009347 -0.2214736 -1.7364712
v 0.0234224 -0.2280149 -1.7390972
v 0.0117341 -0.2314539 -1.7450372
v 0.1513600 -0.0268967 -0.5313199
v 0.1493009 -0.0299961 -0.5433916
v 0.1501116 -0.0374496 -0.5914686
v 0.1342721 -0.0570991 -0.6875108
v 0.0423706 -0.2071165 -1.7724443
v 0.0427148 -0.1997278 -1.7763658
v 0.0158507 -0.2082738 -1.7803904
v 0.0084354 -0.1986287 -1.7704607
v 0.0933708 0.0287725 -1.3921328
v 0.0888380 0.0386506 -1.3783534
v 0.0808145 0.0498105 -1.3202746
v 0.0655654 -0.1978078 -1.7208574
v 0.0539334 -0.2197827 -1.7396067
v 0.0250870 -0.2384396 -1.7411558
v -0.0052124 -0.1984727 -1.7738940
v -0.0081796 -0.2043819 -1.7685026
v 0.1472227 -0.0195972 -0.5317688
v 0.0618672 -0.1873397 -1.7622356
v 0.0830677 -0.1642448 -1.7201008
v 0.0728685 0.0467680 -1.3153750
v 0.0147863 -0.2112486 -1.7742098
v 0.0463271 -0.2204042 -1.7357092
v 0.1276211 -0.0249033 -0.5249998
v 0.0425867 -0.2320136 -1.7415135
v -0.0051275 -0.2310614 -1.7376110
v 0.1409955 -0.0236799 -0.5216036
v 0.1014457 0.0528705 -1.3967839
v 0.0967352 0.0484511 -1.3340655
v 0.0919362 0.0516412 -1.3350907
v 0.0922442 0.0438966 -1.2818287
v 0.0869563 0.0445877 -1.3280522
v 0.0966650 0.0479524 -1.3921212
v 0.0939112 0.0343701 -1.2404293
v 0.0861831 0.0387514 -1.2799669
v 0.1073141 -0.0081135 -1.1116766
v 0.1117117 -0.0095547 -1.0938449
v 0.1026644 -0.0597866 -0.9391562
v 0.0685427 0.0584186 -1.1395128
v 0.1065806 -0.0654656 -0.8374760
v 0.1138254 -0.0472878 -1.0076751
v 0.0727323 0.0639249 -1.2118119
v 0.0713894 0.0579654 -1.2482534
v 0.0523477 -0.1898645 -1.7609347
v 0.1095051 -0.0670790 -0.7688814
v 0.0820368 -0.1587367 -1.7078213
v -0.0010182 -0.2055125 -1.6323996
v 0.0234120 -0.2119948 -1.6349103
v 0.0117361 -0.2154410 -1.6409525
v -0.0728752 -0.1065684 -1.5649779
v -0.0781355 -0.1135450 -1.5730786
v 0.1055377 -0.0357684 -1.5084204
v 0.0978198 -0.0016208 -1.4684898
v 0.1033495 -0.0409237 -1.4964651
v 0.0894995 -0.1330650 -1.5788749
v 0.1093689 -0.0407293 -1.5008916
v 0.1514270 -0.0109105 -0.4272262
v 0.1492989 -0.0139888 -0.4392204
v 0.1561224 -0.0201644 -0.4876207
v 0.1500850 -0.0215003 -0.4872967
v 0.1342833 -0.0410257 -0.5833859
v 0.0553977 -0.1793107 -1.6504423
v 0.0427301 -0.1837271 -1.6722078
v 0.0158951 -0.1922511 -1.6761568
v 0.0084505 -0.1825610 -1.6663405
v -0.0362678 -0.1625253 -1.6419288
v 0.0933627 0.0448272 -1.2879714
v 0.0888737 0.0546583 -1.2742840
v 0.0807925 0.0657950 -1.2160579
v 0.1038803 0.0555703 -1.3411899
v 0.0539882 -0.2038070 -1.6354879
v 0.0251079 -0.2224185 -1.6369099
v -0.0956802 0.0139015 -1.4875113
v 0.1471848 -0.0035938 -0.4276867
v 0.0619046 -0.1713482 -1.6580409
v 0.0831257 -0.1482370 -1.6159608
v 0.0728665 0.0628284 -1.2111525
v -0.0669323 -0.1514125 -1.6106366
v -0.0893533 -0.1210372 -1.5884265
v -0.1024174 -0.0745408 -1.5605906
v 0.0463507 -0.2043206 -1.6315956
v 0.1275651 -0.0088976 -0.4208558
v 0.0426227 -0.2160517 -1.6373217
v 0.0819631 -0.1606299 -1.6181531
v 0.1019205 0.0060585 -1.4428081
v 0.1409729 -0.0077468 -0.4174317
v 0.1014629 0.0688264 -1.2926461
v 0.0918982 0.0676549 -1.2309361
v 0.0922272 0.0598977 -1.1776630
v 0.0869741 0.0605628 -1.2239848
v 0.0966241 0.0639166 -1.2879434
v 0.0939198 0.0504035 -1.1363502
v 0.0862257 0.0547450 -1.1758153
v 0.1072596 0.0078998 -1.0075886
v 0.1026545 -0.0438213 -0.8349873
v 0.1064934 -0.0494545 -0.7333647
v 0.1138789 -0.0312181 -0.9035701
v -0.1116229 -0.0238089 -1.5181539
v -0.1060670 -0.0181053 -1.5125560
v 0.0523436 -0.1738178 -1.6568166
v 0.1094716 -0.0511161 -0.6646768
v 0.0820377 -0.1427529 -1.6036737
v 0.0924622 -0.1162692 -1.5724151
v 0.1004834 -0.0454088 -1.5125879
v -0.0369368 -0.1606205 -0.8120213
v 0.0449963 -0.1524521 -0.8062417
v 0.0075281 -0.1725282 -0.8069780
v -0.0058036 -0.2060880 -0.6441379
v -0.0522615 -0.2505189 -0.4904084
v -0.0221652 -0.2140131 -0.5616013
v 0.0836238 -0.2275536 -0.6487161
v 0.0843267 -0.2389965 -0.5832490
v 0.0919402 -0.2374025 -0.7072060
v 0.1112858 -0.2538759 -0.4375787
v 0.0939423 -0.2172144 -0.5100392
v 0.0881507 -0.2119570 -0.4935893
v 0.1138459 0.1266177 -0.3676863
v 0.1134210 0.1365232 -0.5392248
v 0.1154865 0.1412205 -0.4389762
v 0.0487006 0.0058903 0.0663307
v 0.0781787 0.0484915 0.2405160
v 0.0675917 0.0094765 0.1406415
v 0.0636486 0.0561940 0.2766075
v 0.0824873 0.0378348 0.2475499
v 0.0968971 0.1545868 -0.3328386
v 0.0856374 0.1435699 -0.4089632
v 0.0823142 0.1569766 -0.3177847
v 0.0901126 -0.1036601 -0.7783173
v 0.0325410 -0.1579664 -0.8391953
v 0.0783437 -0.1071772 -0.7974325
v 0.1059892 -0.0195266 -0.7367909
v 0.0282296 -0.1758853 -0.8202901
v 0.0422402 -0.1986895 -0.7777502
v -0.0003278 -0.2042320 -0.7824888
v -0.0413953 -0.2719126 -0.5206689
v -0.0404025 -0.2594984 -0.5183770
v -0.0062403 -0.2311904 -0.6299911
v -0.0053635 -0.2424701 -0.6378360
v -0.0354432 -0.2823758 -0.4693215
v 0.0733322 -0.2828499 -0.4405897
v 0.0891548 -0.2662926 -0.4403857
v -0.0091446 -0.2843983 -0.4531334
v 0.0807469 -0.2433587 -0.4919821
v 0.0709385 -0.2732606 -0.4529915
v 0.1065611 0.0368226 0.0904259
v 0.1180722 0.0231382 0.0978856
v 0.0721597 0.1142818 -0.0938115
v 0.1078449 -0.0112381 0.2106360
v -0.0433985 0.1623394 -0.5889427
v -0.0175415 0.1622491 -0.5852518
v -0.0430069 0.1613749 -0.6014333
v -0.1422966 0.0823046 -0.6466051
v 0.1157208 0.0010059 -0.7107840
v 0.1058363 0.0704630 -0.6733912
v -0.1236520 -0.0875273 -0.7384179
v -0.1541027 -0.0192892 -0.7058960
v -0.0791789 -0.1205239 -0.7594894
v -0.0602787 -0.1664436 -0.8007505
v -0.0536419 -0.1211126 -0.7649722
v 0.0552075 -0.2380833 -0.7592169
v 0.0798761 -0.2257549 -0.7259856
v 0.1208450 0.0707254 -0.2103814
v 0.1364125 0.1192440 -0.3493333
v 0.1365229 0.0851500 -0.5628308
v 0.1352497 -0.0259098 -0.6842738
v 0.1307620 0.0751366 -0.5831357
v 0.1112342 0.1130945 -0.5368033
v 0.1131338 0.0615459 -0.6662501
v 0.1166881 0.1210446 -0.5975651
v 0.1261380 0.1174139 -0.5816012
v 0.0784764 -0.2284439 -0.5243578
v -0.0589664 0.1514971 -0.5414282
v -0.1191629 0.0831895 -0.5973099
v -0.1230682 0.0776745 -0.5862712
v -0.1424154 0.0168353 -0.6418758
v -0.0579506 0.1569685 -0.5530745
v -0.0161679 0.1579290 -0.5286027
v 0.0914851 -0.2118616 -0.6475670
v 0.0849077 -0.2008039 -0.6546742
v 0.0857045 -0.1977262 -0.5571114
v 0.0846539 -0.2074032 -0.7046115
v 0.0305323 -0.2559547 -0.4358220
v 0.0580036 -0.2671679 -0.4325461
v 0.0964652 -0.2493236 -0.4277699
v -0.0458516 -0.2606573 -0.4712054
v -0.0711810 -0.1999847 -0.7187760
v -0.0344067 -0.2131728 -0.7539506
v -0.0783824 -0.2103089 -0.7124811
v 0.0052476 -0.1918311 -0.6628657
v -0.1152104 -0.0464524 -0.7050330
v -0.1244018 -0.0474356 -0.6896661
v 0.1063266 0.1301123 -0.4552285
v 0.0364782 -0.2069067 -0.7554967
v 0.0464050 -0.2178777 -0.7542921
v 0.0829626 0.0064724 -0.0827971
v 0.1327323 0.0646773 -0.2138280
v 0.0826346 -0.1134241 -0.7765897
v 0.0932102 -0.1165426 -0.7666614
v -0.0924062 -0.2270674 -0.6887961
v -0.0717500 -0.1438671 -0.7591909
v 0.0345999 -0.1909523 -0.7832522
v 0.0799746 -0.1710826 -0.7657823
v 0.0519580 -0.2262608 -0.7595339
v -0.0174824 -0.2305352 -0.7657171
v 0.0221304 0.0474901 0.2801996
v 0.0253296 0.0577781 0.2771291
v -0.0619751 -0.2340676 -0.7517246
v -0.0942333 -0.2394593 -0.6865992
v 0.0774823 0.1569588 -0.2666247
v 0.0987431 0.1468787 -0.1919878
v 0.0280053 -0.2003654 -0.7785220
v 0.0872374 0.2379023 0.8118597
v 0.1080527 0.2293716 0.8252483
v -0.0066629 0.2493092 0.8097283
v 0.0665167 0.0446624 0.2820179
v -0.0369171 -0.1932529 -0.8121165
v 0.0450309 -0.1850536 -0.8062855
v 0.0075244 -0.2051331 -0.8069844
v -0.0058638 -0.2387467 -0.6440689
v -0.0522188 -0.2831167 -0.4903358
v -0.0221875 -0.2466045 -0.5615446
v 0.0836069 -0.2601606 -0.6486517
v 0.0843704 -0.2716076 -0.5832641
v 0.0919183 -0.2700571 -0.7072423
v 0.0815023 -0.2865448 -0.4456884
v 0.0940098 -0.2498418 -0.5100336
v 0.0881650 -0.2446450 -0.4935714
v 0.0938562 0.0940268 -0.3980134
v 0.1134079 0.1039235 -0.5392207
v 0.0868314 0.1086277 -0.4824502
v 0.0487441 -0.0266916 0.0663640
v 0.0780770 0.0158911 0.2405222
v 0.0676054 -0.0230418 0.1406258
v 0.0636896 0.0235782 0.2765708
v 0.0824760 0.0052424 0.2475442
v 0.0968668 0.1220675 -0.3328039
v 0.0856298 0.1110129 -0.4089150
v 0.0823224 0.1244386 -0.3178025
v 0.0900741 -0.1362675 -0.7783171
v 0.0611769 -0.1904973 -0.7958549
v 0.0784338 -0.1396812 -0.7974221
v 0.1059958 -0.0520431 -0.7367212
v 0.0568254 -0.2085117 -0.7769112
v 0.0422518 -0.2312973 -0.7777699
v -0.0003172 -0.2368507 -0.7824880
v -0.0413338 -0.3044504 -0.5206001
v -0.0404598 -0.2920787 -0.5184160
v -0.0061913 -0.2637751 -0.6299505
v -0.0053860 -0.2749699 -0.6378562
v -0.0354976 -0.3149858 -0.4694014
v 0.0439068 -0.3154530 -0.4400303
v 0.0593735 -0.2988491 -0.4433637
v -0.0393479 -0.3170627 -0.4335131
v 0.0806859 -0.2758994 -0.4919684
v 0.0709812 -0.3058318 -0.4530472
v 0.1065340 0.0042750 0.0904634
v 0.1180141 -0.0094993 0.0978482
v 0.0721727 0.0816378 -0.0937536
v 0.1078862 -0.0438658 0.2105824
v -0.0434043 0.1298229 -0.5889525
v -0.0175490 0.1296915 -0.5852704
v -0.0430547 0.1288219 -0.6014624
v -0.1423159 0.0497365 -0.6465880
v 0.1157222 -0.0316077 -0.7108386
v 0.1058389 0.0379451 -0.6733812
v -0.1236953 -0.1201261 -0.7383525
v -0.1540554 -0.0519464 -0.7059743
v -0.0791163 -0.1530899 -0.7594493
v -0.0602662 -0.1990450 -0.8007086
v -0.0536319 -0.1536058 -0.7650176
v 0.0551771 -0.2706229 -0.7591932
v 0.0798687 -0.2583563 -0.7259813
v 0.1209051 0.0381747 -0.2103929
v 0.1364086 0.0866464 -0.3492674
v 0.1365227 0.0526041 -0.5627524
v 0.1353264 -0.0585853 -0.6842744
v 0.1307975 0.0426228 -0.5831847
v 0.1112256 0.0805251 -0.5368358
v 0.1131117 0.0288961 -0.6662943
v 0.1166578 0.0884536 -0.5975225
v 0.1261353 0.0848729 -0.5816649
v 0.0784670 -0.2611251 -0.5243344
v -0.0589947 0.1188535 -0.5414724
v -0.1191698 0.0505604 -0.5973575
v -0.1230503 0.0451080 -0.5862104
v -0.1423943 -0.0156766 -0.6419361
v -0.0580272 0.1244044 -0.5530445
v -0.0161349 0.1252881 -0.5286286
v 0.0914675 -0.2444347 -0.6475673
v 0.0849143 -0.2333991 -0.6547205
v 0.0857809 -0.2303839 -0.5571377
v 0.0846821 -0.2400229 -0.7045844
v 0.0305152 -0.2885691 -0.4357930
v 0.0580601 -0.2997138 -0.4325292
v 0.0696785 -0.2818916 -0.4328665
v -0.0458490 -0.2933157 -0.4712579
v -0.0712276 -0.2325147 -0.7188130
v -0.0344636 -0.2458288 -0.7539620
v -0.0783518 -0.2429011 -0.7124243
v 0.0052407 -0.2244380 -0.6628165
v -0.1151922 -0.0790561 -0.7049759
v -0.1243694 -0.0800073 -0.6896638
v 0.1063307 0.0975120 -0.4551431
v 0.0365180 -0.2394653 -0.7555196
v 0.0464139 -0.2505281 -0.7542740
v 0.0829120 -0.0261183 -0.0827645
v 0.1327484 0.0320751 -0.2137938
v 0.0826367 -0.1460576 -0.7765748
v 0.0932824 -0.1490901 -0.7666382
v -0.0924565 -0.2597292 -0.6888583
v -0.0717513 -0.1764268 -0.7592616
v 0.0346336 -0.2235072 -0.7832830
v 0.0799318 -0.2036929 -0.7657848
v 0.0519255 -0.2589173 -0.7595257
v -0.0175241 -0.2631362 -0.7657000
v 0.0221011 0.0149621 0.2801685
v 0.0253287 0.0251860 0.2770677
v -0.0620000 -0.2666906 -0.7517710
v -0.0942432 -0.2720391 -0.6865418
v 0.0774366 0.1243381 -0.2666325
v 0.0988006 0.1143365 -0.1919882
v -0.0530631 -0.2329885 -0.7785233
v 0.0871554 0.2052788 0.8118244
v 0.1080205 0.1968145 0.8252309
v -0.0066540 0.2166684 0.8097269
v 0.0665391 0.0120485 0.2819913
v -0.0677453 0.2778901 -0.1726044
v -0.0577628 0.3102792 -0.1396551
v -0.0432252 0.3304958 -0.1262828
v 0.0432892 0.0851897 -0.0947638
v 0.0402008 0.0758502 -0.0748714
v 0.0392172 0.0810351 -0.2083729
v -0.0090168 0.0993162 -0.3479725
v 0.0069414 0.0939589 -0.3501523
v -0.0007661 0.0910612 -0.3554098
v -0.0556939 0.1813722 -0.2894587
v -0.0591012 0.1755696 -0.2965161
v -0.0690259 0.2370467 -0.2185878
v -0.0563300 0.1658312 -0.2984899
v -0.0282482 0.1311396 -0.3463607
v -0.0627231 0.1925626 -0.2630810
v 0.0603349 0.2399411 -0.2404142
v 0.0553140 0.2683153 -0.2058419
v 0.0598786 0.2787205 -0.1943469
v 0.0588342 0.2357664 -0.2300509
v 0.0497911 0.1594329 -0.3015403
v 0.0627104 0.2358853 -0.2338648
v 0.0875844 0.2576754 0.6447393
v 0.0949483 0.2613483 0.6806576
v 0.0923262 0.2551886 0.6353188
v 0.0880781 0.2637540 0.6836881
v 0.0900510 0.2606712 0.6973652
v 0.0887155 0.2580822 0.6868729
v 0.0930676 0.2529818 0.6449895
v 0.0892757 0.2518388 0.6452199
v 0.0789777 0.2356457 0.5618711
v 0.0668736 0.2331821 0.4921456
v 0.0191974 0.1113514 -0.3791452
v 0.0276753 0.1210611 -0.3636099
v -0.0017104 0.1119869 -0.3738831
v 0.0194654 0.1174306 -0.3824267
v 0.0019783 0.1103199 -0.3859399
v -0.0028195 0.1183022 -0.3774183
v -0.0319451 0.1349680 -0.3561751
v -0.0343306 0.1313965 -0.3501959
v 0.0248464 0.0797365 -0.3259901
v 0.0379768 0.0792523 -0.2728118
v 0.0231099 0.0773288 -0.3192866
v -0.0012760 0.0862215 -0.3251440
v -0.0025590 0.0869762 -0.3135485
v 0.0215918 0.0855682 -0.3269615
v 0.0229914 0.0862537 -0.3135141
v -0.0165420 0.0399489 -0.0112054
v -0.0226257 0.0516538 -0.0607740
v -0.0217372 0.0358100 -0.0229485
v -0.0250954 0.0504031 -0.0673968
v -0.0211028 0.0450127 -0.0778793
v -0.0180897 0.0336394 -0.0272802
v -0.0246028 0.0440019 -0.0659411
v -0.0184626 0.0588795 -0.1553586
v -0.0405828 0.3384356 -0.1172276
v -0.0267651 0.3366295 -0.0991151
v -0.0479384 0.3308942 -0.1165931
v -0.0426320 0.3282153 -0.1166527
v 0.0686270 0.2711933 -0.1196333
v 0.0668897 0.2095177 -0.2186657
v 0.0658532 0.2266677 -0.1894297
v 0.0640165 0.2989864 -0.0790320
v 0.0523603 0.3067809 -0.0492273
v 0.0494079 0.3149431 -0.0373777
v 0.0546389 0.3131848 0.3111404
v 0.0662067 0.2883772 0.3732734
v 0.0491706 0.3262093 0.2483614
v 0.0517845 0.1613346 -0.2864962
v 0.0649345 0.2787746 -0.1040328
v 0.0703790 0.2477012 -0.1390486
v 0.0553372 0.1551236 -0.2808106
v 0.0690975 0.2022253 -0.2187190
v 0.0621547 0.3054526 -0.1110465
v 0.0656820 0.3102339 -0.1147695
v 0.0623086 0.3237248 -0.0623381
v 0.0614641 0.2742716 -0.1916672
v 0.0720077 0.2320119 -0.1747610
v 0.0709653 0.2824351 -0.0946612
v 0.0442059 0.3241757 0.0131613
v 0.0503597 0.3124117 -0.0190780
v 0.0622720 0.3049710 -0.0602404
v 0.0053635 0.0538360 0.0002068
v 0.0022462 0.0463536 0.0038923
v 0.0229271 0.0479265 0.0071336
v 0.0408718 0.0894950 -0.0860420
v 0.0374974 0.0885970 -0.0958758
v 0.0377596 0.0729743 -0.0361704
v 0.0405770 0.0925333 -0.1347735
v 0.0630234 0.3102409 -0.1258654
v 0.0566178 0.2883446 -0.1712784
v 0.0591857 0.3156872 -0.0952958
v 0.0342324 0.1189691 -0.3342994
v 0.0395269 0.1162783 -0.3344742
v 0.0267554 0.1008334 -0.3506115
v 0.0079184 0.0852917 -0.3519503
v 0.0201158 0.0896600 -0.3434237
v 0.0031779 0.0857417 -0.3457723
v 0.1039252 0.2139249 1.3407792
v 0.0914939 0.1989091 1.3245393
v 0.1076897 0.2558816 1.3466851
v -0.0812955 0.2507190 -0.2351787
v -0.0718817 0.2819948 -0.2086461
v -0.0748166 0.2830335 -0.2138720
v -0.0365166 0.3345230 -0.1707221
v -0.0704799 0.2810912 -0.2222146
v -0.0693016 0.2913680 -0.2129090
v 0.0426252 0.0875434 -0.2273643
v 0.0401857 0.0888924 -0.2694088
v 0.0411671 0.0827644 -0.2743366
v 0.0297752 0.0842506 -0.3166461
v -0.0117639 0.1184774 -0.3803463
v -0.0136804 0.1135800 -0.3756815
v -0.0912934 0.2845365 1.3054978
v -0.0875477 0.2484740 1.3037268
v -0.0803336 0.3164299 1.3121068
v -0.0828842 0.3231325 1.3043378
v -0.0807844 0.3179204 1.2992076
v -0.0879388 0.2491944 1.2907563
v -0.0707213 0.2096692 -0.2404485
v -0.0712917 0.2361713 -0.2079915
v -0.0753102 0.2446028 -0.2028714
v -0.0647555 0.2766466 -0.1604824
v 0.0867673 0.3624470 1.2035831
v 0.1013400 0.3094659 1.1927929
v 0.0705081 0.3765534 1.1942731
v 0.1023715 0.3231719 1.2012786
v 0.0796888 0.3646924 1.2085319
v 0.0993524 0.3117951 1.2060606
v -0.0150250 0.0868309 -0.3051914
v -0.0213230 0.0964981 -0.2019170
v -0.0165197 0.0920159 -0.2736438
v -0.0219704 0.0904871 -0.2730068
v 0.0749244 0.2662867 0.6969496
v 0.0873306 0.2667247 0.6969481
v 0.0319353 0.1277129 -0.3702485
v 0.0456772 0.1468484 -0.3337544
v 0.0320020 0.1207712 -0.3696590
v -0.0234528 0.0910971 -0.2006070
v -0.0213145 0.0643401 -0.0759906
v -0.0232445 0.0768509 -0.1107622
v -0.0656617 0.2859897 -0.1512398
v -0.0519491 0.1712294 1.2401860
v -0.0591868 0.1781918 1.2432258
v -0.0199390 0.1842909 1.2286273
v -0.0851785 0.2046542 1.2834269
v -0.0746793 0.1889315 1.2735604
v -0.0641761 0.2935116 0.8451349
v -0.0489188 0.2966145 0.8393718
v -0.0798417 0.2622127 0.8371497
v 0.0415764 0.0609838 -0.0233593
v 0.0343206 0.0542985 0.0002809
v 0.0325159 0.0491848 -0.0095910
v 0.0019491 0.0440361 -0.0028778
v -0.0269971 0.3340375 -0.1097596
v 0.0390548 0.3217001 0.0173195
v 0.0437245 0.3293443 0.0512723
v -0.0973716 0.2646268 1.1319008
v -0.0833276 0.3337176 1.1471812
v -0.0906111 0.3246161 1.1352525
v -0.0508151 0.3951833 1.1606208
v -0.0528140 0.3990498 1.1661745
v -0.0280276 0.4180168 1.1818070
v 0.0911907 0.2454904 0.5007390
v 0.0976638 0.2165190 0.6089227
v 0.0834382 0.2512085 0.4697744
v 0.0896590 0.2504403 0.5009846
v 0.0833495 0.2542847 0.4872637
v 0.0949044 0.2229509 0.6132249
v -0.0720565 0.2108220 -0.2469345
v -0.0617778 0.2854621 -0.1621869
v 0.0012997 0.1078211 -0.3806744
v 0.0951334 0.3117731 1.9819299
v 0.1087138 0.2495933 2.1281019
v 0.1058315 0.2908343 2.0346822
v -0.0168220 0.0509936 -0.0052329
v -0.0218192 0.0486305 -0.0246196
v -0.0258772 0.0557785 -0.0277649
v -0.0227054 0.0624953 -0.0307869
v -0.0205558 0.0866321 -0.1295422
v -0.0477536 0.1302964 -0.3294317
v -0.0519227 0.1441411 -0.3290410
v -0.0201940 0.1034418 -0.3491990
v -0.0664347 0.1693709 -0.3098009
v -0.0748433 0.2078524 -0.2856533
v 0.0369784 0.0620475 -0.1780447
v 0.0400754 0.0689685 -0.1853652
v 0.0397370 0.0644623 -0.0883189
v 0.0398924 0.0633688 -0.2736032
v 0.0288499 0.0637117 -0.3220706
v 0.0428389 0.0667457 -0.2724365
v 0.0102648 0.0737887 -0.3359329
v 0.0088886 0.0660066 -0.3391922
v -0.0036926 0.0693663 -0.3355348
v 0.0276677 0.0738133 -0.3274433
v 0.0391367 0.0739296 -0.2819738
v 0.0363049 0.0699414 -0.3152518
v 0.1158119 0.2601513 2.1837650
v 0.0861370 0.2517422 2.3130955
v 0.1001932 0.2508860 2.2859923
v 0.1173715 0.2539217 2.2121971
v 0.0906814 0.2437734 2.3006850
v 0.1180783 0.2529101 2.1723824
v 0.0071152 0.0800334 -0.3298849
v -0.0029920 0.0770670 -0.3186316
v -0.0411137 0.3323533 -0.1606721
v -0.0378988 0.3384959 -0.1688706
v 0.0217697 0.1003031 -0.3472404
v 0.0745823 0.2622743 0.7029019
v -0.0180322 0.0792931 -0.0989241
v -0.0175675 0.0956044 -0.1995257
v -0.0134849 0.0792112 -0.2999233
v -0.0189965 0.0833120 -0.2716496
v 0.0378151 0.1127373 -0.3288787
v 0.0193715 0.0906120 -0.3522642
v 0.0301413 0.0978210 -0.3457548
v -0.0116472 0.0914847 -0.3489351
v -0.0105692 0.0917739 -0.3430386
v -0.0507658 0.1380143 -0.3199807
v 0.0539729 0.1589399 -0.2998052
v 0.0448643 0.1365781 -0.3356034
v 0.0545797 0.1625661 -0.3064076
v 0.0610115 0.1965332 -0.2699379
v -0.0053686 0.0301514 -0.0099247
v 0.0298125 0.0385272 -0.0220686
v 0.0241941 0.0363845 -0.0052723
v 0.0299825 0.0467080 -0.0125400
v -0.0020549 0.0363176 -0.0002888
v 0.0418383 0.0821267 -0.2255413
v -0.0901484 0.3021374 2.7794361
v -0.0989029 0.3236648 2.8366602
v -0.0950060 0.3229038 2.8468462
v 0.0377152 0.0722409 -0.1985816
v 0.0367688 0.0724612 -0.0984943
v 0.0422837 0.0723032 -0.2748375
v -0.1086988 0.2046943 0.9171963
v -0.1118411 0.1744944 1.0447064
v -0.1080254 0.1802694 1.0453074
v -0.1042907 0.2123400 0.9133393
v -0.0971771 0.2369871 0.8471044
v -0.1046756 0.1590590 1.1157946
v -0.0838369 0.1449349 1.2040181
v -0.1006343 0.1640617 1.1187750
v 0.0391340 0.0630690 -0.0138501
v 0.0436349 0.0751134 -0.0466455
v 0.0311263 0.0574148 -0.0042763
v -0.0716977 0.3706306 1.1542047
v -0.0519272 0.3931294 1.1735083
v 0.0578716 0.2747012 -0.1834864
v 0.0412371 0.3345720 0.1671236
v 0.0435472 0.3300976 0.2303853
v 0.0833153 0.2632360 0.7057922
v 0.1201991 0.2785658 2.7711963
v 0.1117310 0.2760796 2.7366858
v 0.1239290 0.2918580 2.8004616
v 0.1247766 0.2912308 2.8253424
v 0.0575955 0.3266614 -0.0532814
v 0.0545632 0.3230457 0.0010483
v 0.0514651 0.3256240 0.0002625
v 0.0516059 0.3192229 0.0464648
v -0.0770442 0.1851127 1.2629098
v -0.0916293 0.2392001 1.2973522
v -0.0752282 0.1918095 1.2611671
v -0.0657608 0.1728804 1.2504480
v -0.0545736 0.1746828 1.2525267
v -0.0262176 0.4127360 1.1878926
v 0.0039828 0.4175693 1.1903710
v 0.0032470 0.4116597 1.1961848
v 0.0560740 0.3885557 1.2059908
v 0.0481364 0.3198334 0.0063150
v 0.0545402 0.3225708 -0.0491991
v 0.0526731 0.3113212 0.0823067
v 0.0476697 0.3150134 0.0480129
v 0.0613629 0.2761901 0.1940100
v -0.0005903 0.0640671 -0.3275694
v 0.0675385 0.2757435 0.1946077
v 0.0643257 0.2749359 0.2094202
v 0.0672883 0.2625448 0.2407243
v 0.0583945 0.2333500 0.3436239
v -0.0818949 0.3368036 1.1345686
v -0.0966370 0.2659111 1.1186334
v -0.0230597 0.0625641 -0.1524846
v -0.0137298 0.0314805 -0.0061283
v 0.0009833 0.3499233 3.0970788
v -0.0331493 0.3515415 3.0907832
v -0.0121915 0.3543164 3.1059827
v 0.0960459 0.3327644 1.3878069
v 0.0774243 0.3529249 1.4370333
v 0.0962923 0.3200892 1.3869998
v 0.1040774 0.3003175 1.3584956
v 0.0779920 0.3554241 1.4209582
v -0.0255203 0.4145220 1.1749648
v 0.0044317 0.4132557 1.1832315
v 0.0666764 0.2903897 -0.0749992
v 0.0578726 0.2958654 0.3598126
v 0.0362665 0.3313191 0.1698869
v 0.0450037 0.3220784 0.2624611
v -0.0149551 0.0690851 -0.3228942
v -0.0264488 0.0652158 -0.2544834
v -0.0268151 0.0706303 -0.2536328
v 0.1100677 0.2642417 1.1972601
v 0.1030153 0.2247297 1.2056645
v -0.0841450 0.2642484 0.8358507
v -0.0879487 0.2532468 0.8481311
v -0.0648846 0.2894451 0.8561959
v -0.0456457 0.3849328 1.2261113
v -0.0197200 0.3938110 1.2276018
v -0.0682298 0.3587466 1.2086770
v 0.0608899 0.2286850 0.4318236
v 0.0656392 0.2437766 0.2841619
v 0.0576837 0.2311772 0.4533818
v 0.0571846 0.2240369 0.4312492
v 0.0632709 0.2282221 0.3418746
v -0.0760278 0.2055094 -0.2735997
v -0.0135225 0.0639501 -0.3124841
v 0.0367117 0.0637338 -0.0509354
v 0.0378690 0.0509347 -0.0300823
v -0.0602792 0.3535884 1.3115774
v -0.0256425 0.3875751 1.3112808
v -0.0633079 0.3576749 1.3047761
v 0.1206533 0.2726219 2.0790928
v 0.1044076 0.3138855 1.9372625
v 0.1113318 0.3114146 1.9821817
v 0.1241456 0.2617496 2.1406689
v 0.1223936 0.2803902 2.0795035
v -0.1033072 0.1625122 1.0873049
v -0.0702990 0.1452958 1.2347052
v 0.0541499 0.1543271 -0.2933214
v 0.0389346 0.3358722 0.1071263
v 0.0851840 0.3405081 1.8869112
v 0.0689482 0.3559992 1.8347815
v -0.0809250 0.2498948 -0.2489184
v -0.0772989 0.2545942 -0.2440139
v 0.0336256 0.0408344 -0.0171736
v 0.1026915 0.2134698 1.1932894
v 0.0533237 0.3136767 0.0475711
v 0.0531963 0.3174849 -0.0066348
v 0.0864312 0.3361548 1.8575367
v 0.1164240 0.2855681 2.0659601
v 0.1071544 0.2725508 1.2501016
v 0.0933277 0.3199219 1.2438599
v 0.0946776 0.3268759 1.2524354
v 0.0779837 0.3588390 1.2538160
v 0.0737041 0.3582669 1.2455789
v 0.0422857 0.3928790 1.2488301
v 0.1069358 0.2235392 2.1939591
v 0.1110246 0.2443081 2.1094886
v 0.1128887 0.2504280 2.1197016
v 0.1032606 0.2882238 2.0170638
v 0.1001614 0.3285847 1.8999550
v 0.0847924 0.3405388 1.8259654
v 0.0848999 0.3334137 1.8294179
v 0.0472362 0.3463678 1.6813772
v 0.1060456 0.2832889 1.3670884
v 0.1017137 0.2240271 1.3515586
v 0.1104580 0.2526759 1.3525557
v 0.0645263 0.2697924 0.1995785
v -0.0264299 0.3817315 1.3046060
v -0.0602993 0.3556523 1.2986695
v -0.0963837 0.2349436 0.8610036
v 0.0364318 0.0584485 -0.0746780
v 0.0600221 0.3167915 -0.0651164
v 0.0620271 0.3908169 1.1973632
v -0.0272827 0.3383269 -0.1596495
v -0.0346985 0.3374619 -0.1550194
v 0.0380364 0.3309423 0.0755523
v 0.0436703 0.3349265 0.1040839
v 0.0597470 0.2269696 0.3445072
v 0.0891619 0.1887584 1.3276690
v 0.0214048 0.1848690 1.3059287
v 0.0682928 0.1851259 1.3088657
v -0.0805240 0.2192199 -0.2665542
v 0.0365852 0.0888758 -0.2500888
v 0.0256849 0.1255690 -0.3690854
v -0.0423071 0.1349448 -0.3306697
v -0.0835510 0.1873022 0.8633254
v -0.0834270 0.1885839 0.8999279
v -0.0802204 0.2018174 0.8574561
v -0.0228380 0.0634260 -0.2548337
v -0.0755082 0.2616288 2.7233792
v -0.0902232 0.2888802 2.7523553
v 0.0949704 0.2122115 0.6678839
v 0.0883051 0.2106075 0.6891033
v 0.0997436 0.2178403 0.6162959
v 0.0877883 0.2168361 0.6881626
v 0.0959333 0.2186841 0.6510653
v -0.0542149 0.1639968 1.3031996
v -0.0633977 0.1543875 1.2647907
v -0.0661954 0.1470681 1.2678286
v -0.0515584 0.1716797 1.2982949
v -0.0805525 0.1513870 1.2031129
v 0.1050616 0.2990725 2.9629337
v 0.0927405 0.3054751 3.0144422
v 0.0962626 0.3091659 3.0189333
v 0.0761603 0.3146428 3.0632473
v 0.1052845 0.2993907 2.9807471
v 0.1239598 0.3014400 2.8653641
v 0.1115749 0.3017629 2.9506385
v 0.1218983 0.2977276 2.8847416
v 0.1039112 0.2267093 2.1915371
v 0.0627647 0.1992365 2.3585668
v -0.0920679 0.2371992 0.8439499
v -0.1038593 0.2058512 0.9039878
v 0.0787488 0.1827317 1.2135670
v 0.0889038 0.1803536 1.2067519
v 0.1037970 0.2050230 1.2018076
v 0.0280848 0.1873771 1.2254519
v 0.0686945 0.1716408 1.2115351
v 0.0444838 0.3522769 1.6895526
v 0.0476183 0.3838321 1.2576555
v 0.0878149 0.3314405 1.2592759
v 0.0305324 0.3595313 1.6167440
v 0.0465915 0.3231273 0.2344790
v 0.0420906 0.3299758 0.1611653
v 0.0292486 0.0693717 -0.3316586
v 0.0938072 0.1875160 1.2513165
v 0.1045893 0.2476784 1.2411587
v 0.1072290 0.2276878 1.2493092
v 0.0628694 0.2272846 0.4913694
v 0.0701593 0.3227727 3.0755108
v 0.0766081 0.3143213 3.0552952
v 0.0415572 0.3281558 3.0962458
v 0.0784227 0.3588646 1.4357387
v 0.0631704 0.3525123 1.4482768
v 0.0779492 0.1792153 1.2009100
v 0.0287799 0.1843003 1.2120882
v -0.0518360 0.3463046 3.0805227
v -0.1003248 0.2869646 2.7740335
v -0.0893990 0.2978803 2.9666064
v -0.0982623 0.2966266 2.7935058
v -0.0921963 0.3269497 2.8997812
v -0.0952840 0.3303460 2.9096063
v -0.0727778 0.3182621 3.0073997
v -0.0898201 0.2745456 2.7206021
v -0.0956537 0.2882566 2.7498208
v -0.0750002 0.2632787 2.7046082
v -0.0391554 0.3391515 -0.1072727
v -0.0296204 0.3269986 3.0914060
v -0.0560958 0.3165065 3.0406652
v -0.0330182 0.3316186 3.0962661
v 0.0035663 0.3375397 3.1174808
v 0.0899161 0.2599224 2.6972049
v 0.1182285 0.2879890 2.7904412
v 0.1182111 0.2991734 2.8756005
v -0.0126779 0.0739518 -0.3202304
v -0.0249383 0.0732927 -0.2558035
v -0.0208645 0.0694444 -0.1625544
v -0.0519229 0.1620400 1.2932579
v 0.1045170 0.2454238 1.2557755
v 0.0449043 0.1513570 -0.3230704
v 0.0517245 0.1732288 -0.2959466
v -0.0304817 0.3486607 3.1015434
v 0.0001711 0.3474910 3.1081801
v 0.0731159 0.2431106 2.3657250
v 0.0663298 0.2180414 2.4492456
v 0.0684459 0.2321406 2.3722092
v 0.0410595 0.3771597 1.7208350
v 0.1090435 0.2672249 2.7350837
v -0.0538937 0.3230038 3.0577513
v -0.0692544 0.3136443 3.0187616
v -0.0381465 0.3249329 3.0885757
v -0.0036222 0.3321928 3.1175537
v 0.0005857 0.3707126 1.3534713
v -0.0081629 0.3843246 1.3310546
v -0.0236484 0.3816232 1.3171304
v 0.0020133 0.3666132 1.3469305
v 0.0655506 0.1947625 2.3624826
v 0.0605399 0.1823796 2.4076291
v 0.0638923 0.1913497 2.3531078
v 0.0899626 0.2036448 2.2588901
v 0.0871100 0.3312429 1.8916397
v 0.0500844 0.3684206 1.7388248
v -0.0668903 0.2391946 0.8506214
v -0.0605010 0.2468972 0.8328966
v -0.0769804 0.2027988 0.8400360
v 0.0320435 0.3356953 3.1106985
v -0.0888925 0.2769473 2.7461097
v -0.0989069 0.3185843 2.8342013
v -0.0187581 0.0560282 -0.0174266
v 0.0329322 0.3921985 1.2390517
v 0.0053683 0.4015808 1.2403825
v -0.0200293 0.0862534 -0.1987244
v -0.0971797 0.3099582 1.1794561
v -0.0896039 0.3369583 1.2022044
v 0.0355253 0.3593237 1.6122486
v 0.0820100 0.1915226 1.3316098
v -0.0003014 0.3323372 3.1096526
v 0.1074241 0.2195255 2.1753448
v -0.0793604 0.3473153 1.2176451
v -0.0346526 0.3882070 1.2371684
v 0.1223987 0.1897642 0.9493671
v 0.1179199 0.2121405 0.9221619
v 0.1224246 0.1781552 0.9816242
v 0.1215810 0.1741624 0.9715423
v 0.1141830 0.1572072 1.0236001
v -0.1046747 0.2922674 1.1683024
v -0.1025680 0.2471643 1.1176997
v -0.0692834 0.1803745 1.1205923
v -0.0702566 0.1793822 1.1344287
v -0.0930026 0.2087481 1.1280129
v -0.0362618 0.1793784 1.1036077
v -0.0369248 0.1777840 1.1177912
v 0.1127894 0.2186935 0.8967202
v 0.1058856 0.2441705 0.8724839
v -0.0965897 0.3262061 2.9035860
v -0.0139108 0.1827188 1.1079765
v -0.1007851 0.2906598 2.7683579
v -0.0286880 0.1357228 -0.3520642
v 0.0569994 0.2320287 -0.2441186
v 0.0702044 0.2130364 2.4587267
v 0.0727247 0.2155442 2.4804121
v 0.0656584 0.2074075 2.4527910
v 0.0299448 0.3315635 3.1134473
v 0.0598682 0.2943486 0.3442971
v 0.0982496 0.2504133 0.8529991
v -0.0291808 0.1860828 1.3227141
v -0.0692399 0.2011298 -0.2878718
v -0.0709917 0.3141970 2.9969510
v 0.1013759 0.3475031 1.0940371
v 0.0891368 0.3677647 1.1008337
v 0.1081513 0.3286994 1.1035498
v 0.1142761 0.2941050 1.0970594
v -0.1051418 0.2228917 1.0883724
v -0.0981248 0.2071803 1.0505691
v -0.0977577 0.1892940 1.0246081
v -0.1007551 0.3040999 1.1892274
v -0.1042975 0.2274725 1.1065813
v 0.0356510 0.3779199 1.6410977
v 0.0605622 0.1900366 2.4148924
v 0.0691714 0.1862821 2.4817378
v 0.0640077 0.1862784 2.4175561
v 0.0083059 0.3971098 1.2477085
v 0.0128289 0.3375198 3.0794935
v 0.0066094 0.3494810 3.0983246
v -0.0587986 0.3365457 3.0628083
v -0.0804114 0.3041612 3.0200277
v 0.1141071 0.1625328 1.0329868
v 0.0977358 0.1564889 1.0678342
v 0.1069730 0.1730759 1.0453739
v 0.1152098 0.2303741 1.0860497
v 0.1117187 0.1958747 1.0743726
v -0.0275878 0.1910239 1.3164679
v -0.0044354 0.1883431 1.3104730
v -0.0771839 0.2588771 2.7249867
v -0.1075452 0.2425272 1.1955388
v -0.0979055 0.2149539 1.2064651
v -0.1113529 0.2814224 1.1950468
v 0.0672610 0.2398676 2.3785201
v -0.1003529 0.2648633 1.1233791
v -0.0903856 0.2109529 1.1356159
v -0.0929599 0.2747496 2.7336807
v -0.0590097 0.3345874 3.0733254
v -0.0786105 0.3081884 3.0143297
v -0.0897787 0.2117737 1.1223906
v -0.0908359 0.1836621 0.9681278
v 0.1045522 0.2099954 0.8705314
v 0.1086470 0.1683446 0.9376726
v 0.1094057 0.1768214 0.9148221
v 0.0694156 0.1773116 2.4834830
v 0.0810758 0.1930227 2.5485574
v -0.0264437 0.1841463 1.3127744
v -0.0593622 0.2534994 0.8350918
v 0.0341158 0.3537275 1.6102959
v -0.0676966 0.2478538 -0.2142990
v -0.0576869 0.2802688 -0.1812957
v -0.0432659 0.3004102 -0.1678601
v 0.0432445 0.0550801 -0.1363982
v 0.0402461 0.0458005 -0.1165640
v 0.0392080 0.0508931 -0.2498984
v -0.0089890 0.0693194 -0.3895387
v 0.0069518 0.0639875 -0.3917389
v -0.0007182 0.0610264 -0.3970105
v -0.0557476 0.1513361 -0.3310783
v -0.0590698 0.1454683 -0.3381473
v -0.0690247 0.2068936 -0.2602565
v -0.0562375 0.1357620 -0.3400690
v -0.0282614 0.1010050 -0.3879133
v -0.0627046 0.1624485 -0.3046695
v 0.0603196 0.2098871 -0.2819680
v 0.0553116 0.2382999 -0.2474761
v 0.0598539 0.2486238 -0.2359459
v 0.0588101 0.2056611 -0.2716017
v 0.0498536 0.1293553 -0.3431651
v 0.0627443 0.2058613 -0.2754781
v 0.0875570 0.2275709 0.6031430
v 0.0949383 0.2313351 0.6390448
v 0.0922607 0.2251065 0.5937618
v 0.0879967 0.2336163 0.6421293
v 0.0900300 0.2305272 0.6557649
v 0.0887158 0.2279856 0.6453222
v 0.0930627 0.2228848 0.6033931
v 0.0892450 0.2217608 0.6036809
v 0.0789612 0.2055912 0.5202926
v 0.0669230 0.2031302 0.4506336
v 0.0192647 0.0811890 -0.4206766
v 0.0276134 0.0910247 -0.4051523
v -0.0017422 0.0819731 -0.4154686
v 0.0194776 0.0873591 -0.4240419
v 0.0020294 0.0802352 -0.4275318
v -0.0029025 0.0883110 -0.4189915
v -0.0318720 0.1049162 -0.3977680
v -0.0343394 0.1012890 -0.3918465
v 0.0247981 0.0496166 -0.3676453
v 0.0380377 0.0490940 -0.3143593
v 0.0230681 0.0473453 -0.3609074
v -0.0012248 0.0561689 -0.3667699
v -0.0025472 0.0568856 -0.3551827
v 0.0216132 0.0554898 -0.3684899
v 0.0229887 0.0561663 -0.3551120
v -0.0165425 0.0098707 -0.0527200
v -0.0227296 0.0215748 -0.1023458
v -0.0217763 0.0057563 -0.0645181
v -0.0251671 0.0203002 -0.1090065
v -0.0211467 0.0149801 -0.1194553
v -0.0181747 0.0035167 -0.0688333
v -0.0245562 0.0139716 -0.1075434
v -0.0184711 0.0287890 -0.1969012
v -0.0405933 0.3083054 -0.1589066
v -0.0267731 0.3065762 -0.1406598
v -0.0479467 0.3008271 -0.1582380
v -0.0425823 0.2981083 -0.1582061
v 0.0686141 0.2410406 -0.1613015
v 0.0668376 0.1794582 -0.2602369
v 0.0659057 0.1966111 -0.2310697
v 0.0640372 0.2689236 -0.1206552
v 0.0523784 0.2767405 -0.0908236
v 0.0494234 0.2848448 -0.0788912
v 0.0546023 0.2830898 0.2695096
v 0.0661798 0.2583755 0.3317321
v 0.0491775 0.2960999 0.2068214
v 0.0517922 0.1312393 -0.3281013
v 0.0649190 0.2487273 -0.1457419
v 0.0702893 0.2176392 -0.1806777
v 0.0552892 0.1250274 -0.3223639
v 0.0690687 0.1722071 -0.2603729
v 0.0621174 0.2753440 -0.1527403
v 0.0657182 0.2801175 -0.1563443
v 0.0622540 0.2937039 -0.1039766
v 0.0613835 0.2441493 -0.2332932
v 0.0719993 0.2019755 -0.2163578
v 0.0709636 0.2523630 -0.1362187
v 0.0441296 0.2941566 -0.0284678
v 0.0503687 0.2823077 -0.0607644
v 0.0622916 0.2749421 -0.1018331
v 0.0053533 0.0237821 -0.0413983
v 0.0022409 0.0162322 -0.0377119
v 0.0229270 0.0178991 -0.0344874
v 0.0409259 0.0594836 -0.1276837
v 0.0375527 0.0585271 -0.1374605
v 0.0378173 0.0429149 -0.0777288
v 0.0405513 0.0624793 -0.1763182
v 0.0630192 0.2801407 -0.1674491
v 0.0565894 0.2582148 -0.2128942
v 0.0591591 0.2855929 -0.1369616
v 0.0342874 0.0889312 -0.3759186
v 0.0395267 0.0861475 -0.3760664
v 0.0267622 0.0707204 -0.3922065
v 0.0079388 0.0552385 -0.3935214
v 0.0201795 0.0595509 -0.3850276
v 0.0031789 0.0557126 -0.3873299
v 0.1039900 0.1838256 1.2991987
v 0.0914206 0.1688430 1.2829202
v 0.1076952 0.2258221 1.3051197
v -0.0812942 0.2205943 -0.2768002
v -0.0718906 0.2519048 -0.2502919
v -0.0748003 0.2529652 -0.2554803
v -0.0365185 0.3045126 -0.2123155
v -0.0705611 0.2511021 -0.2639050
v -0.0693604 0.2612975 -0.2544871
v 0.0426716 0.0574638 -0.2690061
v 0.0402239 0.0588799 -0.3109529
v 0.0412333 0.0527472 -0.3159915
v 0.0298431 0.0541049 -0.3581989
v -0.0117467 0.0883225 -0.4219517
v -0.0137175 0.0835155 -0.4172973
v -0.0912742 0.2545515 1.2638801
v -0.0875357 0.2184643 1.2621070
v -0.0803923 0.2864136 1.2705278
v -0.0828324 0.2930985 1.2627207
v -0.0808060 0.2878210 1.2575645
v -0.0879166 0.2191078 1.2490714
v -0.0706694 0.1795725 -0.2820452
v -0.0712480 0.2060508 -0.2496018
v -0.0752387 0.2145469 -0.2444987
v -0.0647138 0.2466229 -0.2021238
v 0.0867796 0.3324363 1.1619822
v 0.1013353 0.2794337 1.1511387
v 0.0704847 0.3465052 1.1527215
v 0.1023530 0.2930548 1.1596127
v 0.0796527 0.3346226 1.1670041
v 0.0992859 0.2817358 1.1644056
v -0.0149819 0.0568016 -0.3467776
v -0.0213059 0.0664417 -0.2436173
v -0.0165782 0.0619202 -0.3153357
v -0.0219226 0.0603806 -0.3146130
v 0.0748546 0.2362224 0.6553576
v 0.0872731 0.2366130 0.6553796
v 0.0319428 0.0976086 -0.4118101
v 0.0457007 0.1167508 -0.3753673
v 0.0319718 0.0906608 -0.4112881
v -0.0234345 0.0609513 -0.2422220
v -0.0212839 0.0343088 -0.1176136
v -0.0232317 0.0467367 -0.1523624
v -0.0657013 0.2559949 -0.1928632
v -0.0519837 0.1411581 1.1986681
v -0.0592387 0.1481076 1.2016023
v -0.0198868 0.1542997 1.1870005
v -0.0852342 0.1745417 1.2417402
v -0.0745830 0.1588022 1.2319308
v -0.0641604 0.2634638 0.8035687
v -0.0488198 0.2665616 0.7978375
v -0.0799283 0.2320700 0.7955833
v 0.0415721 0.0309431 -0.0649998
v 0.0342951 0.0242157 -0.0412994
v 0.0325269 0.0190740 -0.0512541
v 0.0020105 0.0140327 -0.0444561
v -0.0269357 0.3038880 -0.1513173
v 0.0390711 0.2916064 -0.0242273
v 0.0437954 0.2993084 0.0096874
v -0.0973880 0.2346161 1.0902521
v -0.0833285 0.3036755 1.1055417
v -0.0905884 0.2944919 1.0936323
v -0.0508305 0.3650579 1.1190577
v -0.0527405 0.3689693 1.1245039
v -0.0280883 0.3879565 1.1402283
v 0.0911549 0.2154385 0.4591848
v 0.0976673 0.1863684 0.5672639
v 0.0834280 0.2211874 0.4282626
v 0.0896834 0.2203886 0.4594249
v 0.0833303 0.2241545 0.4455962
v 0.0948121 0.1928446 0.5716032
v -0.0720526 0.1808054 -0.2885819
v -0.0617381 0.2554483 -0.2038044
v 0.0013315 0.0777398 -0.4222785
v 0.0951055 0.2816466 1.9402825
v 0.1087825 0.2195030 2.0865532
v 0.1057940 0.2607946 1.9930978
v -0.0168585 0.0210028 -0.0467801
v -0.0217783 0.0185869 -0.0662885
v -0.0258176 0.0256987 -0.0693773
v -0.0227476 0.0324364 -0.0724316
v -0.0204875 0.0565539 -0.1710784
v -0.0477410 0.1002430 -0.3710636
v -0.0518279 0.1141507 -0.3707215
v -0.0202459 0.0733191 -0.3907476
v -0.0664271 0.1393362 -0.3514048
v -0.0748817 0.1778415 -0.3273393
v 0.0369834 0.0319160 -0.2196822
v 0.0400914 0.0389118 -0.2269586
v 0.0397621 0.0344273 -0.1298943
v 0.0398805 0.0333900 -0.3152146
v 0.0288872 0.0335871 -0.3637123
v 0.0428298 0.0365768 -0.3140466
v 0.0102489 0.0437285 -0.3775591
v 0.0089583 0.0359646 -0.3808724
v -0.0036688 0.0393790 -0.3771326
v 0.0276470 0.0437277 -0.3690117
v 0.0391125 0.0438420 -0.3236590
v 0.0363574 0.0398278 -0.3568700
v 0.1158495 0.2300593 2.1421558
v 0.0860904 0.2216744 2.2714674
v 0.1001492 0.2208111 2.2444165
v 0.1174296 0.2237870 2.1705293
v 0.0907142 0.2137758 2.2591314
v 0.1181329 0.2228414 2.1307848
v 0.0070471 0.0499686 -0.3714730
v -0.0030116 0.0470193 -0.3602322
v -0.0410967 0.3022805 -0.2022244
v -0.0378371 0.3084402 -0.2105478
v 0.0218276 0.0702881 -0.3888733
v 0.0745521 0.2321934 0.6613236
v -0.0179431 0.0491850 -0.1405177
v -0.0175899 0.0655567 -0.2411087
v -0.0134599 0.0491169 -0.3415568
v -0.0189759 0.0532055 -0.3133158
v 0.0378132 0.0826885 -0.3705057
v 0.0192926 0.0605871 -0.3938262
v 0.0301459 0.0678052 -0.3872875
v -0.0116251 0.0614484 -0.3905389
v -0.0105673 0.0617036 -0.3845955
v -0.0507617 0.1079092 -0.3616037
v 0.0539896 0.1289408 -0.3414373
v 0.0449341 0.1064829 -0.3771582
v 0.0546578 0.1324318 -0.3480682
v 0.0610248 0.1664350 -0.3115211
v -0.0054351 0.0000694 -0.0515756
v 0.0298167 0.0085300 -0.0636392
v 0.0242644 0.0062597 -0.0468632
v 0.0299813 0.0166426 -0.0541895
v -0.0020727 0.0062141 -0.0419079
v 0.0417909 0.0521297 -0.2671458
v -0.0901538 0.2720964 2.7378341
v -0.0989437 0.2935929 2.7950291
v -0.0949856 0.2928004 2.8053154
v 0.0377360 0.0422406 -0.2402440
v 0.0367898 0.0423772 -0.1401024
v 0.0422568 0.0422326 -0.3164338
v -0.1086448 0.1746099 0.8756251
v -0.1118511 0.1443384 1.0031441
v -0.1080297 0.1501654 1.0036453
v -0.1042882 0.1821743 0.8716777
v -0.0972392 0.2068697 0.8054937
v -0.1046096 0.1290032 1.0741381
v -0.0838160 0.1148525 1.1623806
v -0.1005495 0.1339839 1.0771799
v 0.0391187 0.0330033 -0.0555125
v 0.0436652 0.0450592 -0.0882933
v 0.0311152 0.0273110 -0.0458364
v -0.0716630 0.3405696 1.1126067
v -0.0519321 0.3631142 1.1318109
v 0.0579215 0.2446026 -0.2250855
v 0.0412373 0.3045886 0.1255063
v 0.0434796 0.2999986 0.1888271
v 0.0833005 0.2331778 0.6642074
v 0.1201844 0.2484982 2.7295674
v 0.1117890 0.2460003 2.6951074
v 0.1238514 0.2617895 2.7587620
v 0.1247073 0.2612437 2.7837245
v 0.0575853 0.2966424 -0.0948948
v 0.0544985 0.2930105 -0.0404822
v 0.0514191 0.2955544 -0.0413334
v 0.0515918 0.2891555 0.0048548
v -0.0770947 0.1551162 1.2213402
v -0.0916831 0.2091652 1.2556646
v -0.0752061 0.1616785 1.2195489
v -0.0657991 0.1428135 1.2089054
v -0.0545365 0.1445740 1.2109153
v -0.0262515 0.3825934 1.1462969
v 0.0039297 0.3874901 1.1487099
v 0.0033027 0.3816489 1.1546617
v 0.0560648 0.3585115 1.1642868
v 0.0482115 0.2896916 -0.0352837
v 0.0545140 0.2925573 -0.0908301
v 0.0527150 0.2812789 0.0406689
v 0.0476850 0.2849492 0.0064199
v 0.0613902 0.2460714 0.1524161
v -0.0005313 0.0339566 -0.3692145
v 0.0675480 0.2456998 0.1529393
v 0.0643113 0.2449707 0.1678470
v 0.0672961 0.2324420 0.1991078
v 0.0584428 0.2033188 0.3020570
v -0.0818083 0.3067361 1.0929435
v -0.0965862 0.2358163 1.0770500
v -0.0230225 0.0324342 -0.1940272
v -0.0137693 0.0014007 -0.0476647
v 0.0010320 0.3199125 3.0554443
v -0.0331900 0.3214882 3.0492118
v -0.0121412 0.3243262 3.0644187
v 0.0959597 0.3027564 1.3461915
v 0.0774206 0.3228514 1.3954506
v 0.0961990 0.2900470 1.3453026
v 0.1039975 0.2702918 1.3168046
v 0.0779849 0.3254147 1.3792511
v -0.0255087 0.3844814 1.1334016
v 0.0044395 0.3832001 1.1416661
v 0.0667003 0.2602980 -0.1166274
v 0.0578871 0.2657343 0.3182060
v 0.0362224 0.3012718 0.1282182
v 0.0449961 0.2920297 0.2208787
v -0.0149930 0.0390316 -0.3644295
v -0.0264904 0.0352250 -0.2960429
v -0.0267709 0.0404979 -0.2952587
v 0.1101389 0.2341132 1.1556411
v 0.1030697 0.1946390 1.1640028
v -0.0840956 0.2341911 0.7943362
v -0.0879429 0.2231011 0.8065066
v -0.0648898 0.2594440 0.8146319
v -0.0456380 0.3548823 1.1844820
v -0.0198063 0.3637681 1.1859737
v -0.0682299 0.3286684 1.1670669
v 0.0608563 0.1985821 0.3901665
v 0.0656709 0.2136701 0.2425884
v 0.0576913 0.2011229 0.4117009
v 0.0571941 0.1939490 0.3897228
v 0.0632850 0.1980682 0.3002709
v -0.0760020 0.1753968 -0.3151886
v -0.0135340 0.0338982 -0.3541510
v 0.0366400 0.0336231 -0.0926218
v 0.0379596 0.0208368 -0.0717618
v -0.0602967 0.3235643 1.2698898
v -0.0256357 0.3575056 1.2697500
v -0.0633289 0.3276132 1.2631485
v 0.1206911 0.2425042 2.0374362
v 0.1044328 0.2837436 1.8956506
v 0.1113275 0.2813424 1.9405378
v 0.1241717 0.2316361 2.0991095
v 0.1224296 0.2503921 2.0378817
v -0.1033146 0.1324513 1.0457141
v -0.0701979 0.1151468 1.1930263
v 0.0541440 0.1242006 -0.3349154
v 0.0389125 0.3058565 0.0655154
v 0.0851888 0.3104332 1.8453779
v 0.0688615 0.3258994 1.7931946
v -0.0809433 0.2198201 -0.2905181
v -0.0772180 0.2245102 -0.2856311
v 0.0336737 0.0106980 -0.0587633
v 0.1025896 0.1833646 1.1517437
v 0.0532591 0.2835619 0.0059934
v 0.0531309 0.2874635 -0.0481974
v 0.0863780 0.3060742 1.8159434
v 0.1164879 0.2554410 2.0243951
v 0.1071767 0.2424303 1.2084646
v 0.0932265 0.2898545 1.2022755
v 0.0946464 0.2967312 1.2108724
v 0.0779318 0.3288309 1.2121374
v 0.0737526 0.3281848 1.2040633
v 0.0423462 0.3628701 1.2072188
v 0.1069515 0.1934752 2.1523739
v 0.1109606 0.2141800 2.0678859
v 0.1128956 0.2203294 2.0781061
v 0.1031728 0.2580959 1.9754086
v 0.1001636 0.2984692 1.8583200
v 0.0847962 0.3104665 1.7843883
v 0.0849508 0.3033116 1.7878026
v 0.0472634 0.3163466 1.6398311
v 0.1060156 0.2532172 1.3254895
v 0.1017490 0.1939121 1.3099262
v 0.1104892 0.2225976 1.3108854
v 0.0644715 0.2396506 0.1579461
v -0.0264149 0.3515722 1.2630277
v -0.0602428 0.3256020 1.2571503
v -0.0964184 0.2049490 0.8194402
v 0.0364611 0.0284025 -0.1163460
v 0.0600409 0.2867011 -0.1067127
v 0.0619974 0.3607299 1.1558124
v -0.0272961 0.3082556 -0.2012168
v -0.0346721 0.3073813 -0.1965927
v 0.0380769 0.3009015 0.0339307
v 0.0437108 0.3048546 0.0624589
v 0.0597043 0.1969332 0.3029064
v 0.0891305 0.1586628 1.2859929
v 0.0214528 0.1547311 1.2643064
v 0.0682041 0.1551255 1.2673200
v -0.0805781 0.1890818 -0.3081764
v 0.0365456 0.0587435 -0.2917019
v 0.0256616 0.0955263 -0.4106899
v -0.0423774 0.1048813 -0.3722100
v -0.0835373 0.1573034 0.8216780
v -0.0834485 0.1585663 0.8582767
v -0.0801838 0.1717464 0.8159101
v -0.0228292 0.0333846 -0.2964444
v -0.0755811 0.2315566 2.6817704
v -0.0902875 0.2588144 2.7107241
v 0.0949434 0.1821614 0.6263184
v 0.0883362 0.1804705 0.6474856
v 0.0996666 0.1877143 0.5746193
v 0.0877963 0.1867929 0.6465771
v 0.0959530 0.1886192 0.6093961
v -0.0542660 0.1338972 1.2615558
v -0.0634114 0.1242722 1.2231964
v -0.0662620 0.1169911 1.2262347
v -0.0515956 0.1415526 1.2567120
v -0.0805385 0.1213425 1.1615583
v 0.1050102 0.2689685 2.9214285
v 0.0927483 0.2754304 2.9728881
v 0.0961711 0.2790887 2.9773153
v 0.0761172 0.2845960 3.0216079
v 0.1053075 0.2694074 2.9391621
v 0.1239842 0.2713739 2.8237751
v 0.1115023 0.2717041 2.9090260
v 0.1218864 0.2677101 2.8431614
v 0.1039780 0.1965678 2.1498635
v 0.0627694 0.1691666 2.3169960
v -0.0921159 0.2070428 0.8023554
v -0.1038310 0.1757154 0.8623716
v 0.0786707 0.1526952 1.1719731
v 0.0888387 0.1502940 1.1651175
v 0.1038382 0.1749469 1.1602621
v 0.0281186 0.1573701 1.1838668
v 0.0687807 0.1415240 1.1699414
v 0.0444787 0.3222535 1.6479162
v 0.0476724 0.3537626 1.2160754
v 0.0878204 0.3013517 1.2177117
v 0.0305193 0.3294852 1.5751558
v 0.0465557 0.2930860 0.1928811
v 0.0420709 0.2998732 0.1196207
v 0.0292298 0.0392998 -0.3731858
v 0.0938050 0.1574868 1.2096972
v 0.1045676 0.2175816 1.1995573
v 0.1072097 0.1976876 1.2076636
v 0.0628619 0.1972952 0.4497018
v 0.0701418 0.2926881 3.0339296
v 0.0765927 0.2842003 3.0136804
v 0.0415806 0.2980166 3.0546964
v 0.0784028 0.3287498 1.3941683
v 0.0631590 0.3224996 1.4066898
v 0.0778943 0.1491420 1.1592360
v 0.0287651 0.1542771 1.1704437
v -0.0518471 0.3162114 3.0389174
v -0.1003819 0.2569181 2.7325031
v -0.0894379 0.2677062 2.9250002
v -0.0982277 0.2665540 2.7519227
v -0.0922224 0.2968074 2.8581416
v -0.0952608 0.3002615 2.8680260
v -0.0727705 0.2882760 2.9657707
v -0.0898411 0.2445646 2.6789598
v -0.0956229 0.2581877 2.7081969
v -0.0749276 0.2331988 2.6629019
v -0.0391372 0.3090190 -0.1489526
v -0.0295872 0.2969334 3.0497764
v -0.0561300 0.2864544 2.9989770
v -0.0329760 0.3015691 3.0546421
v 0.0035356 0.3074929 3.0758569
v 0.0898881 0.2299512 2.6556064
v 0.1182105 0.2578694 2.7489027
v 0.1182775 0.2691159 2.8340520
v -0.0126320 0.0438465 -0.3618369
v -0.0249635 0.0431699 -0.2973997
v -0.0208476 0.0394388 -0.2041766
v -0.0518482 0.1319645 1.2516680
v 0.1044966 0.2152543 1.2141196
v 0.0449609 0.1213238 -0.3646692
v 0.0517479 0.1431860 -0.3375863
v -0.0304144 0.3185765 3.0599839
v 0.0002531 0.3174707 3.0665292
v 0.0731517 0.2130282 2.3241421
v 0.0663173 0.1879899 2.4076217
v 0.0683791 0.2020407 2.3305663
v 0.0410765 0.3471074 1.6792629
v 0.1090688 0.2371985 2.6934429
v -0.0538817 0.2930210 3.0161572
v -0.0691833 0.2835343 2.9771624
v -0.0381105 0.2948304 3.0469375
v -0.0035989 0.3021574 3.0759665
v 0.0005593 0.3405913 1.3118077
v -0.0082466 0.3543285 1.2894940
v -0.0236429 0.3515471 1.2755633
v 0.0020866 0.3366205 1.3053168
v 0.0655248 0.1646913 2.3209543
v 0.0606223 0.1522202 2.3660014
v 0.0638730 0.1613546 2.3115650
v 0.0900233 0.1735636 2.2172781
v 0.0871076 0.3011670 1.8501011
v 0.0501171 0.3383503 1.6972764
v -0.0668084 0.2091328 0.8090510
v -0.0604705 0.2167966 0.7912297
v -0.0769949 0.1728291 0.7983527
v 0.0321030 0.3055998 3.0690276
v -0.0888827 0.2468520 2.7045116
v -0.0989415 0.2885819 2.7926339
v -0.0187754 0.0259632 -0.0590109
v 0.0329959 0.3621164 1.1974830
v 0.0053571 0.3714948 1.1987487
v -0.0200558 0.0561890 -0.2402983
v -0.0972489 0.2798910 1.1378923
v -0.0896222 0.3068773 1.1606028
v 0.0354490 0.3292964 1.5706309
v 0.0819105 0.1614287 1.2900052
v -0.0002861 0.3022173 3.0680866
v 0.1073525 0.1894671 2.1337550
v -0.0793260 0.3172197 1.1760835
v -0.0346491 0.3581269 1.1955783
v 0.1223087 0.1597734 0.9077375
v 0.1179694 0.1820609 0.8805011
v 0.1223333 0.1480981 0.9400745
v 0.1215015 0.1440863 0.9299291
v 0.1141715 0.1271312 0.9820557
v -0.1047437 0.2621935 1.1266894
v -0.1025869 0.2171004 1.0760194
v -0.0693603 0.1503166 1.0789558
v -0.0702350 0.1492648 1.0927755
v -0.0930837 0.1786712 1.0863243
v -0.0363136 0.1492505 1.0619404
v -0.0369184 0.1476350 1.0761597
v 0.1128653 0.1886362 0.8550913
v 0.1058338 0.2140560 0.8308933
v -0.0966109 0.2961811 2.8619470
v -0.0140002 0.1527429 1.0663629
v -0.1008033 0.2606858 2.7267037
v -0.0287051 0.1056908 -0.3936587
v 0.0569746 0.2020290 -0.2856990
v 0.0701762 0.1830415 2.4171217
v 0.0727132 0.1854125 2.4388027
v 0.0656545 0.1773735 2.4112078
v 0.0299980 0.3014541 3.0718061
v 0.0599344 0.2642651 0.3026301
v 0.0983415 0.2202994 0.8114077
v -0.0291948 0.1560824 1.2811342
v -0.0692966 0.1710542 -0.3295064
v -0.0709188 0.2841057 2.9552755
v 0.1013515 0.3174511 1.0524296
v 0.0892259 0.3377028 1.0592003
v 0.1081802 0.2986442 1.0618931
v 0.1143658 0.2640127 1.0554527
v -0.1051588 0.1928137 1.0466839
v -0.0981443 0.1770762 1.0090111
v -0.0977811 0.1592457 0.9830147
v -0.1007550 0.2739762 1.1475464
v -0.1043397 0.1974864 1.0649527
v 0.0356477 0.3478453 1.5995312
v 0.0605808 0.1599096 2.3732074
v 0.0691637 0.1562375 2.4401230
v 0.0640139 0.1561971 2.3759794
v 0.0082800 0.3670867 1.2061341
v 0.0128119 0.3074737 3.0378540
v 0.0066781 0.3194090 3.0567528
v -0.0588984 0.3064746 3.0212882
v -0.0804114 0.2740936 2.9784293
v 0.1141244 0.1324335 0.9913957
v 0.0976636 0.1264455 1.0262537
v 0.1069743 0.1429364 1.0037769
v 0.1152338 0.2003489 1.0445329
v 0.1117276 0.1658319 1.0327304
v -0.0276053 0.1610214 1.2749409
v -0.0043577 0.1582445 1.2688455
v -0.0772186 0.2287518 2.6833878
v -0.1076334 0.2123927 1.1538955
v -0.0978642 0.1848637 1.1648405
v -0.1113519 0.2513200 1.1534548
v 0.0673046 0.2097610 2.3368840
v -0.1004293 0.2347773 1.0817816
v -0.0904823 0.1809421 1.0940494
v -0.0929096 0.2447223 2.6920391
v -0.0590520 0.3045572 3.0317417
v -0.0785480 0.2781369 2.9727995
v -0.0897630 0.1816759 1.0807381
v -0.0908015 0.1535624 0.9265014
v 0.1045728 0.1799305 0.8289186
v 0.1086206 0.1382983 0.8960787
v 0.1094520 0.1467427 0.8731620
v 0.0694112 0.1472500 2.4419029
v 0.0810108 0.1629428 2.5068798
v -0.0264125 0.1541126 1.2712095
v -0.0593927 0.2233694 0.7934720
v 0.0341244 0.3236091 1.5687362
v 0.1418247 -0.0022481 -0.2976453
v 0.1255049 -0.0340347 -0.3131474
v 0.1468105 0.0849945 -0.2961950
v -0.1134486 0.1416908 -0.3430602
v -0.1085785 0.0670814 -0.3407477
v -0.0991901 0.2079772 -0.3397262
v -0.1023737 0.2212693 -0.3487259
v -0.0996941 0.2102850 -0.3534956
v -0.1090773 0.0678005 -0.3546073
v 0.1194102 0.2667910 -0.4580534
v 0.1384238 0.1865730 -0.4651018
v 0.0980038 0.2953399 -0.4694820
v 0.1398034 0.2153518 -0.4576259
v 0.1100813 0.3017281 -0.4547053
v 0.1357633 0.1921111 -0.4513099
v -0.0620750 -0.0961776 -0.3991124
v -0.0715112 -0.0817680 -0.3966979
v -0.0201508 -0.0698390 -0.4127962
v -0.1054584 -0.0246712 -0.3572264
v -0.0917247 -0.0577466 -0.3659060
v -0.1214324 0.0903961 -0.5243494
v -0.1030347 0.2339865 -0.5159842
v -0.1125093 0.2143412 -0.5276380
v -0.0605942 0.3318404 -0.5072543
v -0.0631257 0.3401271 -0.5018165
v -0.0307187 0.3801933 -0.4874445
v 0.1302211 0.2374517 0.3689026
v 0.1480582 0.1177172 0.5306358
v 0.1442913 0.1974113 0.4271317
v 0.1573765 0.1427925 0.5882454
v 0.1185866 0.1329730 0.7258832
v 0.1368892 0.1297145 0.6973914
v 0.1594528 0.1315613 0.6190255
v 0.1244527 0.1158638 0.7137591
v 0.1604012 0.1270550 0.5770728
v -0.1119745 0.2643365 1.2132118
v -0.1233877 0.3120553 1.2712365
v -0.1183559 0.3112344 1.2821476
v -0.1362072 -0.0461088 -0.7443656
v -0.1403081 -0.1010228 -0.6061629
v -0.1353624 -0.0890285 -0.6062282
v -0.1304284 -0.0305992 -0.7494184
v -0.1212309 0.0165224 -0.8222031
v -0.1309529 -0.1285677 -0.5292872
v -0.1036994 -0.1525774 -0.4343545
v -0.1256901 -0.1181872 -0.5266194
v -0.0877747 0.2807878 -0.5111435
v -0.0620435 0.3284134 -0.4934225
v 0.1630932 0.2153191 1.2071434
v 0.1520415 0.2080066 1.1709151
v 0.1678729 0.2444194 1.2365733
v 0.1690679 0.2445621 1.2628550
v -0.0948452 -0.0661282 -0.3766682
v -0.1139095 0.0475039 -0.3465599
v -0.0923974 -0.0526177 -0.3793147
v -0.0801534 -0.0921618 -0.3883975
v -0.0654638 -0.0883132 -0.3864573
v -0.0284484 0.3697065 -0.4803185
v 0.0111155 0.3799674 -0.4784010
v 0.0102294 0.3680262 -0.4714822
v 0.0791595 0.3208823 -0.4585675
v -0.1011339 0.2097047 -0.5280580
v -0.1204174 0.0921369 -0.5385134
v 0.0071857 0.3818139 1.5434917
v -0.0374459 0.3846251 1.5366718
v -0.0100019 0.3913841 1.5525192
v 0.1314841 0.2461657 -0.2615251
v 0.1071381 0.2905890 -0.2117590
v 0.1317457 0.2200078 -0.2610454
v 0.1419849 0.1774605 -0.2888444
v 0.1078963 0.2949727 -0.2291720
v -0.0273777 0.3726687 -0.4942017
v 0.0116452 0.3705006 -0.4853568
v 0.1499236 0.0933202 -0.4551994
v 0.1406612 0.0122573 -0.4417937
v -0.1041232 0.0721792 -0.8371555
v -0.1091285 0.0501029 -0.8230642
v -0.0537716 0.3144901 -0.4368305
v -0.0199271 0.3329518 -0.4362520
v -0.0833969 0.2593469 -0.4521942
v -0.0729381 0.2846677 -0.3445145
v -0.0277039 0.3547750 -0.3486713
v -0.0768786 0.2928170 -0.3522365
v 0.1637917 0.1623264 0.4761127
v 0.1423677 0.2392481 0.3215346
v 0.1514195 0.2367830 0.3692339
v 0.1682306 0.1434696 0.5425246
v 0.1660610 0.1784931 0.4757181
v -0.1292079 -0.1233287 -0.5597570
v -0.0859854 -0.1502320 -0.4019518
v 0.1172412 0.2913552 0.2652846
v 0.0960328 0.3202412 0.2083106
v 0.1401398 -0.0117280 -0.4535038
v 0.1189408 0.2805728 0.2346187
v 0.1581455 0.1883293 0.4608479
v 0.1460602 0.1136549 -0.4002359
v 0.1278471 0.2112087 -0.4121863
v 0.1296857 0.2259318 -0.4039664
v 0.1078181 0.2623128 -0.4045908
v 0.1022952 0.2606107 -0.4131693
v 0.0612507 0.3323592 -0.4136908
v 0.1456599 0.0677397 0.6032050
v 0.1511066 0.1056329 0.5115102
v 0.1535419 0.1189639 0.5215471
v 0.1409254 0.1908535 0.4087609
v 0.1368980 0.2674622 0.2803269
v 0.1168653 0.2878468 0.2007501
v 0.1169117 0.2732783 0.2052382
v 0.0676143 0.2915089 0.0472574
v 0.1444900 0.1427902 -0.2778037
v 0.1388745 0.0192139 -0.2874486
v 0.1503486 0.0785628 -0.2896842
v -0.0286535 0.3422904 -0.3551241
v -0.0728553 0.2882870 -0.3583934
v -0.1200946 0.0131900 -0.8073308
v 0.0870323 0.3249642 -0.4678739
v 0.1224821 -0.0549028 -0.3086968
v 0.0339896 -0.0643254 -0.3312252
v 0.0950913 -0.0634483 -0.3281251
v -0.1033513 -0.0850792 -0.7994327
v -0.1032602 -0.0802329 -0.7608303
v -0.0989430 -0.0554676 -0.8071922
v -0.0928990 0.1774378 1.1584913
v -0.1120749 0.2354027 1.1860582
v -0.0650130 -0.1074285 -0.3316722
v -0.0770917 -0.1296280 -0.3712229
v -0.0807331 -0.1446012 -0.3671546
v -0.0615867 -0.0920342 -0.3377540
v -0.0994447 -0.1393834 -0.4360651
v 0.1432495 0.2687386 1.4075985
v 0.1271304 0.2851153 1.4612642
v 0.1316828 0.2927824 1.4656072
v 0.1055387 0.3069770 1.5117971
v 0.1435881 0.2705857 1.4263217
v 0.1680151 0.2678264 1.3041352
v 0.1517162 0.2737023 1.3942655
v 0.1653004 0.2615522 1.3249956
v 0.1417751 0.0739673 0.6002330
v 0.0879771 0.0270616 0.7800397
v -0.1144743 0.0167014 -0.8255101
v -0.1298315 -0.0444187 -0.7585211
v 0.1088805 -0.0739072 -0.4286039
v 0.1221203 -0.0792813 -0.4355235
v 0.1416122 -0.0286081 -0.4435046
v 0.0426749 -0.0637469 -0.4165848
v 0.0958246 -0.0970999 -0.4295344
v 0.0641353 0.3041934 0.0551600
v 0.0681658 0.3141739 -0.4033410
v 0.1207496 0.2358487 -0.3972674
v 0.0457744 0.3148167 -0.0225926
v 0.1285876 -0.0619979 -0.3892101
v 0.1427619 0.0618468 -0.4068831
v 0.1461070 0.0210405 -0.3959481
v 0.0976696 0.3243776 1.5239088
v 0.1060384 0.3056312 1.5034079
v 0.0602174 0.3366849 1.5451385
v 0.1084350 0.3028134 -0.2138049
v 0.0885348 0.2905326 -0.1998293
v 0.1077721 -0.0821170 -0.4416089
v 0.0435410 -0.0708045 -0.4303656
v -0.0618149 0.3732660 1.5263748
v -0.1253540 0.2326017 1.2092712
v -0.1110868 0.2664629 1.4116205
v -0.1225897 0.2537874 1.2286881
v -0.1146677 0.3225268 1.3376102
v -0.1187206 0.3302894 1.3475333
v -0.0893339 0.3111365 1.4523400
v -0.1115601 0.2039936 1.1540661
v -0.1191931 0.2339105 1.1834584
v -0.0921470 0.1796294 1.1384958
v -0.0327726 0.3341535 1.5401576
v -0.0675083 0.3093610 1.4876586
v -0.0372275 0.3437723 1.5447947
v 0.0105720 0.3573778 1.5664881
v 0.1234062 0.1724298 1.1310864
v 0.1605004 0.2356661 1.2264636
v 0.1605249 0.2638109 1.3152107
v -0.0619609 -0.1120496 -0.3419866
v 0.1425523 0.0578344 -0.3911656
v -0.0339729 0.3793210 1.5484679
v 0.0061633 0.3773934 1.5554965
v 0.1014515 0.1181972 0.7825750
v 0.0925300 0.0712338 0.8736672
v 0.0954025 0.0959666 0.7907268
v 0.0595926 0.3572493 0.0854356
v 0.1485695 0.1897935 1.1702889
v -0.0646204 0.3238703 1.5050865
v -0.0846220 0.3020912 1.4648107
v -0.0439809 0.3294876 1.5373653
v 0.0011180 0.3463497 1.5672564
v 0.0067209 0.3223917 -0.3022590
v -0.0047706 0.3494043 -0.3274151
v -0.0250860 0.3429676 -0.3419207
v 0.0085714 0.3137228 -0.3087175
v 0.0916164 0.0182577 0.7846953
v 0.0851428 -0.0049556 0.8337616
v 0.0894614 0.0106443 0.7751691
v 0.1236259 0.0305128 0.6741948
v 0.1197278 0.2725282 0.2713107
v 0.0714661 0.3403432 0.1054581
v 0.0479011 0.3530826 1.5594710
v -0.1102784 0.2102245 1.1808571
v -0.1234838 0.3016303 1.2692418
v 0.0489731 0.3303714 -0.4239147
v 0.0129349 0.3496973 -0.4236789
v -0.1212015 0.1866520 -0.4792185
v -0.1112430 0.2439212 -0.4582203
v 0.0523279 0.3141283 -0.0273309
v 0.1130672 -0.0489733 -0.3047780
v 0.0055603 0.3460008 1.5589079
v 0.1464005 0.0582135 0.5840542
v -0.0978614 0.2660881 -0.4430812
v -0.0394512 0.3219354 -0.4254411
v 0.1659385 -0.0749033 -0.7087683
v 0.1601370 -0.0302907 -0.7400740
v 0.1659271 -0.0970974 -0.6732081
v 0.1648914 -0.1058182 -0.6835309
v 0.1552411 -0.1377898 -0.6264289
v -0.1309965 0.1494720 -0.4888926
v -0.1282176 0.0534068 -0.5373978
v -0.0846798 -0.0843450 -0.5265841
v -0.0859614 -0.0856201 -0.5118824
v -0.1157614 -0.0254171 -0.5220638
v -0.0415152 -0.0874060 -0.5444433
v -0.0423980 -0.0900112 -0.5292928
v 0.1534708 -0.0181839 -0.7677290
v 0.1443506 0.0328312 -0.7961938
v -0.1203631 0.3214274 1.3416578
v -0.0123895 -0.0801662 -0.5402614
v -0.1259194 0.2401543 1.2027481
v 0.0976162 0.0615545 0.8842625
v 0.1009861 0.0678158 0.9069801
v 0.0917624 0.0495995 0.8786618
v 0.0451074 0.3446678 1.5629110
v 0.1344429 0.0445626 -0.8175594
v -0.0322554 -0.0606492 -0.3135572
v -0.0868477 0.3020875 1.4417022
v 0.1384350 0.2592875 -0.5738272
v 0.1225553 0.3016734 -0.5689839
v 0.1473733 0.2211486 -0.5616383
v 0.1554120 0.1491996 -0.5644763
v -0.1316300 0.0016199 -0.5655665
v -0.1223485 -0.0329933 -0.6036752
v -0.1219038 -0.0715128 -0.6290562
v -0.1258212 0.1752407 -0.4682282
v -0.1305103 0.0121709 -0.5467918
v 0.0525306 0.3543031 0.0011058
v 0.0850883 0.0113242 0.8405424
v 0.0963901 0.0076302 0.9117803
v 0.0896165 0.0037009 0.8438468
v 0.0166668 0.3409757 -0.4154354
v 0.0227574 0.3550026 1.5263509
v 0.0145818 0.3809104 1.5448686
v -0.0710609 0.3520823 1.5088598
v -0.0992017 0.2826294 1.4673132
v 0.1551031 -0.1263212 -0.6171664
v 0.1337149 -0.1366879 -0.5796373
v 0.1457953 -0.1039042 -0.6052266
v 0.1565935 0.0169151 -0.5688156
v 0.1520542 -0.0549189 -0.5772207
v -0.0301982 -0.0508056 -0.3207266
v 0.0000882 -0.0567085 -0.3267572
v -0.0950870 0.1717433 1.1606035
v -0.1347880 0.0483505 -0.4545491
v -0.1220936 -0.0080301 -0.4398066
v -0.1397101 0.1288063 -0.4594369
v 0.0938563 0.1121696 0.7964496
v -0.1254157 0.0903080 -0.5333039
v -0.1123336 -0.0202554 -0.5142292
v -0.1155492 0.2050757 1.1679862
v -0.0713159 0.3487289 1.5201284
v -0.0968125 0.2907227 1.4608701
v -0.1114958 -0.0192931 -0.5282940
v -0.1127736 -0.0866159 -0.6881600
v 0.1426306 -0.0377580 -0.7944474
v 0.1479850 -0.1199470 -0.7186268
v 0.1490916 -0.1037126 -0.7437719
v 0.0966138 -0.0107965 0.9146591
v 0.1118873 0.0253562 0.9815248
v -0.0286479 -0.0653520 -0.3238173
v 0.0505848 0.3024516 -0.0286987
v 0.1418355 0.0304141 -0.2036150
v 0.1255012 -0.0013490 -0.2191645
v 0.1467678 0.1176287 -0.2022655
v -0.1134176 0.1744516 -0.2490329
v -0.1085314 0.0998081 -0.2467999
v -0.0991424 0.2407227 -0.2456979
v -0.1023746 0.2539848 -0.2547185
v -0.0997576 0.2429843 -0.2595151
v -0.1089972 0.1004894 -0.2606311
v 0.1194175 0.2994439 -0.3641060
v 0.1384197 0.2192300 -0.3711150
v 0.0980486 0.3280173 -0.3754623
v 0.1398042 0.2479905 -0.3636579
v 0.1100648 0.3045189 -0.3591123
v 0.1358254 0.2248191 -0.3572817
v 0.1038387 0.1008769 -0.8903890
v 0.1200514 0.1018327 -0.8904118
v -0.0620615 -0.0635292 -0.3050575
v -0.0715508 -0.0490310 -0.3026871
v -0.0201602 -0.0371683 -0.3189143
v -0.1054988 0.0080795 -0.2632920
v -0.0917177 -0.0250882 -0.2718436
v -0.0781114 0.1659260 -0.7368360
v -0.0580353 0.1718852 -0.7432415
v -0.0986251 0.1006818 -0.7415791
v -0.1214023 0.1231437 -0.4303172
v -0.1030340 0.2367402 -0.4204242
v -0.1125605 0.2470007 -0.4336367
v -0.0606068 0.3645456 -0.4132196
v -0.0631195 0.3728007 -0.4078689
v -0.0308093 0.4129121 -0.3935147
v 0.1302577 0.2702166 0.4628700
v 0.1481184 0.1504003 0.6246285
v 0.1442627 0.2300858 0.5211358
v 0.1573792 0.1754436 0.6822162
v 0.1185412 0.1657169 0.8198638
v 0.1369165 0.1623585 0.7913728
v 0.1593544 0.1641319 0.7130097
v 0.1244597 0.1484686 0.8076983
v 0.1603329 0.1597472 0.6710307
v 0.1034105 0.0929652 -0.8836021
v -0.1119821 0.2970725 1.3072154
v -0.1234218 0.3447986 1.3651637
v -0.1183711 0.3438895 1.3760368
v -0.1361692 -0.0133706 -0.6504394
v -0.1403766 -0.0683805 -0.5121861
v -0.1353852 -0.0564106 -0.5122770
v -0.1303749 0.0020768 -0.6554423
v -0.1212106 0.0492782 -0.7282605
v -0.1309217 -0.0958802 -0.4352454
v -0.1037095 -0.1198998 -0.3403654
v -0.1256720 -0.0855022 -0.4326695
v -0.0877942 0.3134544 -0.4172116
v -0.0620399 0.3611219 -0.3994049
v 0.1630873 0.2479638 1.3011330
v 0.1520803 0.2407067 1.2649096
v 0.1678847 0.2771715 1.3305390
v 0.1690805 0.2773076 1.3568745
v -0.0948609 -0.0334213 -0.2827271
v -0.1139061 0.0802082 -0.2525599
v -0.0924542 -0.0198712 -0.2852903
v -0.0801158 -0.0594096 -0.2944324
v -0.0654118 -0.0556880 -0.2925039
v -0.0283724 0.4023169 -0.3864344
v 0.0111125 0.4126463 -0.3844155
v 0.0102351 0.4007028 -0.3774919
v 0.0792244 0.3535752 -0.3646147
v -0.1011373 0.2422935 -0.4341761
v -0.1203647 0.1248192 -0.4445258
v 0.0072502 0.4144288 1.6375508
v -0.0374658 0.4173423 1.6307086
v -0.0099329 0.4240349 1.6464693
v 0.1314636 0.2788487 -0.1674991
v 0.1071356 0.3232914 -0.1177492
v 0.1317750 0.2526658 -0.1670543
v 0.1419894 0.2101552 -0.1949563
v 0.1079689 0.3275983 -0.1352213
v -0.0274114 0.4053673 -0.4002604
v 0.0116665 0.4032358 -0.3913956
v 0.1499147 0.1260018 -0.3612444
v 0.1406500 0.0449497 -0.3478460
v -0.1041210 0.1048675 -0.7431581
v -0.1091642 0.0828543 -0.7290963
v -0.0789671 0.1581950 -0.7245755
v -0.0537609 0.3472044 -0.3428212
v -0.0199735 0.3656397 -0.3423548
v -0.0833977 0.2920083 -0.3582894
v -0.0728706 0.2874621 -0.2489078
v -0.0276403 0.3576731 -0.2530829
v -0.0769120 0.2955516 -0.2565613
v 0.1637229 0.1950073 0.5701449
v 0.1424639 0.2719172 0.4154069
v 0.1514127 0.2694786 0.4632569
v 0.1682970 0.1760922 0.6365323
v 0.1660046 0.2111859 0.5696848
v -0.1292063 -0.0905709 -0.4657710
v -0.0859260 -0.1175452 -0.3080344
v 0.1172517 0.3240512 0.3592496
v 0.0959991 0.3529084 0.3023073
v 0.1400877 0.0208977 -0.3595457
v 0.1188727 0.3133180 0.3286070
v 0.1581724 0.2209465 0.5547846
v 0.1460117 0.1462318 -0.3062865
v 0.1278480 0.2438825 -0.3182776
v 0.1296657 0.2586654 -0.3099848
v 0.1078822 0.2950060 -0.3105788
v 0.1023676 0.2932969 -0.3191998
v 0.0612497 0.3651000 -0.3196958
v 0.1457228 0.1003873 0.6971969
v 0.1510740 0.1382834 0.6055261
v 0.1534804 0.1515696 0.6156168
v 0.1408591 0.2236059 0.5027842
v 0.1369067 0.3001249 0.3743601
v 0.1167958 0.3204842 0.2947699
v 0.1169621 0.3059671 0.2991452
v 0.0676924 0.3242217 0.1413108
v 0.1445631 0.1753960 -0.1838921
v 0.1388464 0.0519312 -0.1934368
v 0.1503291 0.1112579 -0.1957480
v -0.0286560 0.3451368 -0.2595488
v -0.0729046 0.2910859 -0.2627623
v -0.1201558 0.0459416 -0.7133650
v 0.0870749 0.3576845 -0.3739406
v 0.1225053 -0.0222407 -0.2146787
v 0.0339151 -0.0316227 -0.2371441
v 0.0951252 -0.0308059 -0.2341080
v -0.1033694 -0.0523248 -0.7054028
v -0.1032796 -0.0476073 -0.6668982
v -0.0989498 -0.0228062 -0.7132668
v -0.0928324 0.2100902 1.2525060
v -0.1121233 0.2681308 1.2800679
v -0.0650456 -0.0747526 -0.2377209
v -0.0770310 -0.0969400 -0.2771949
v -0.0807041 -0.1118829 -0.2731142
v -0.0615925 -0.0593332 -0.2436941
v -0.0995109 -0.1067383 -0.3420874
v 0.1432506 0.3013731 1.5015400
v 0.1271632 0.3178095 1.5552533
v 0.1317479 0.3254554 1.5595652
v 0.1055214 0.3395932 1.6058005
v 0.1436192 0.3032729 1.5202796
v 0.1680010 0.3005593 1.3981053
v 0.1518066 0.3063459 1.4882090
v 0.1653781 0.2942301 1.4190233
v 0.1417873 0.1067250 0.6942087
v 0.0878819 0.0597065 0.8740045
v -0.1144653 0.0494003 -0.7315845
v -0.1298674 -0.0117479 -0.6645929
v 0.1088371 -0.0412473 -0.3346574
v 0.1221023 -0.0465327 -0.3414891
v 0.1416957 0.0041199 -0.3495329
v 0.0426655 -0.0309976 -0.3225593
v 0.0957402 -0.0644436 -0.3354843
v 0.0641619 0.3368375 0.1491911
v 0.0681567 0.3469262 -0.3092910
v 0.1207783 0.2387308 -0.3016771
v 0.0457667 0.3474426 0.0713885
v 0.1285713 -0.0293309 -0.2952058
v 0.1427005 0.0945188 -0.3128927
v 0.1461041 0.0537398 -0.3020636
v 0.0976754 0.3569827 1.6178814
v 0.1060705 0.3383546 1.5974195
v 0.0602964 0.3693407 1.6391835
v 0.1084411 0.3354242 -0.1198997
v 0.0885024 0.3231710 -0.1059262
v 0.1077840 -0.0494068 -0.3476142
v 0.0435532 -0.0380708 -0.3363887
v -0.0618130 0.4059495 1.6204202
v -0.1252880 0.2653418 1.3031698
v -0.1109988 0.2990568 1.5055769
v -0.1225131 0.2864505 1.3226847
v -0.1147515 0.3552667 1.4315273
v -0.1186465 0.3629677 1.4415596
v -0.0893087 0.3437681 1.5462947
v -0.1115114 0.2367007 1.2481225
v -0.1191719 0.2666373 1.2773890
v -0.0920869 0.2123294 1.2324580
v -0.0328248 0.3667451 1.6341524
v -0.0675051 0.3420277 1.5816510
v -0.0372251 0.3764514 1.6386911
v 0.0105624 0.3899884 1.6604877
v 0.1234673 0.2051180 1.2250542
v 0.1604928 0.2683459 1.3204883
v 0.1605187 0.2964822 1.4091605
v -0.0619338 -0.0794012 -0.2479767
v 0.1425981 0.0905489 -0.2971846
v -0.0339608 0.4119621 1.6424369
v 0.0061801 0.4100359 1.6494732
v 0.1015101 0.1508892 0.8766151
v 0.0925303 0.1038745 0.9677250
v 0.0953353 0.1286700 0.8846729
v 0.0595959 0.3899106 0.1794323
v 0.1485221 0.2224303 1.2642313
v -0.0646474 0.3564978 1.5989723
v -0.0846156 0.3348092 1.5588474
v -0.0439967 0.3622031 1.6313809
v 0.0011585 0.3790588 1.6612460
v 0.0066996 0.3252665 -0.2065473
v -0.0048458 0.3522398 -0.2318374
v -0.0250889 0.3457117 -0.2462625
v 0.0086130 0.3164879 -0.2130290
v 0.0916072 0.0509445 0.8787202
v 0.0851888 0.0277523 0.9277825
v 0.0894213 0.0433632 0.8691999
v 0.1235863 0.0631371 0.7681026
v 0.1198039 0.3051666 0.3652878
v 0.0715016 0.3730210 0.1994621
v -0.0815090 0.0540767 -0.7247324
v -0.0731767 0.0687878 -0.7444908
v -0.0947499 -0.0217036 -0.7318281
v 0.0478824 0.3857961 1.6535227
v -0.1102860 0.2430028 1.2748675
v -0.1235313 0.3342711 1.3631653
v 0.0490445 0.3631029 -0.3299557
v 0.0128940 0.3823428 -0.3297033
v -0.1212146 0.2193305 -0.3851824
v -0.1112737 0.2467022 -0.3626225
v 0.0522785 0.3467646 0.0667285
v 0.1131112 -0.0162484 -0.2108364
v 0.0055621 0.3787074 1.6528720
v 0.1463854 0.0909748 0.6780676
v -0.0977899 0.2689498 -0.3474922
v -0.0394000 0.3545937 -0.3314836
v 0.1659488 -0.0422615 -0.6147706
v 0.1600902 0.0023714 -0.6461329
v 0.1659306 -0.0643872 -0.5792391
v 0.1648887 -0.0731426 -0.5895359
v 0.1551972 -0.1050970 -0.5325347
v -0.1310828 0.1821707 -0.3949730
v -0.1281977 0.0860004 -0.4434067
v -0.0847133 -0.0516899 -0.4326573
v -0.0859456 -0.0529516 -0.4178520
v -0.1157993 0.0073173 -0.4280604
v -0.0415293 -0.0547786 -0.4505110
v -0.0423298 -0.0573153 -0.4353025
v 0.1534763 0.0144262 -0.6737601
v 0.1443191 0.0655436 -0.7021550
v -0.1203498 0.3541650 1.4356591
v -0.0123553 -0.0474377 -0.4463086
v -0.1259479 0.2727615 1.2967895
v 0.0976765 0.0942872 0.9782563
v 0.1009678 0.1005839 1.0009511
v 0.0917298 0.0822822 0.9726679
v 0.0450915 0.3774034 1.6569170
v 0.1344268 0.0772406 -0.7236029
v -0.0322282 -0.0279583 -0.2195918
v -0.0868561 0.3347516 1.5357556
v 0.1385055 0.2919675 -0.4798884
v 0.1224930 0.3343038 -0.4750044
v 0.1473113 0.2538249 -0.4676155
v 0.1553895 0.1818854 -0.4704878
v -0.1315451 0.0342647 -0.4716028
v -0.1223495 -0.0003920 -0.5096751
v -0.1219154 -0.0388426 -0.5351203
v -0.1258139 0.2079065 -0.3742294
v -0.1305802 0.0449388 -0.4528120
v 0.0525365 0.3869405 0.0950332
v 0.0850621 0.0439976 0.9345573
v 0.0964271 0.0403791 1.0056707
v 0.0896414 0.0363942 0.9378097
v 0.0167291 0.3737153 -0.3213748
v 0.0227360 0.3876384 1.6203513
v 0.0145689 0.4135999 1.6388343
v -0.0710063 0.3848023 1.6027931
v -0.0992794 0.3152908 1.5613374
v 0.1550496 -0.0936321 -0.5231442
v 0.1337225 -0.1040082 -0.4856701
v 0.1458411 -0.0712963 -0.5112513
v 0.1566075 0.0496626 -0.4748849
v 0.1520240 -0.0222385 -0.4832996
v -0.0302206 -0.0181450 -0.2266867
v 0.0000981 -0.0241004 -0.2327862
v -0.0951451 0.2044415 1.2545967
v -0.1348267 0.0810551 -0.3604988
v -0.1221168 0.0247275 -0.3457718
v -0.1397279 0.1614404 -0.3654508
v 0.0938489 0.1448101 0.8905040
v -0.1254030 0.1229246 -0.4393600
v -0.1123920 0.0124651 -0.4202711
v -0.1155727 0.2377974 1.2619076
v -0.0713511 0.3814306 1.6141300
v -0.0968569 0.3233644 1.5548291
v -0.1114126 0.0133351 -0.4344003
v -0.1128458 -0.0539301 -0.5942124
v 0.1426896 -0.0050432 -0.7004166
v 0.1479904 -0.0872480 -0.6246741
v 0.1490273 -0.0709711 -0.6498285
v 0.0966546 0.0218121 1.0085873
v 0.1118699 0.0580762 1.0755046
v -0.0287071 -0.0326170 -0.2298321
v -0.0717562 0.0826616 -0.7428100
v 0.0504932 0.3351497 0.0652590
v 0.1247249 0.1182714 1.1513015
v 0.1245597 0.1123183 1.2475212
v 0.1322503 -0.0050500 1.1828322
v 0.1303726 0.0149172 1.0902338
v 0.1322704 -0.0050827 1.1828163
v 0.1247504 0.1182045 1.1513205
v 0.1321869 -0.0050404 1.1828180
v 0.1215843 -0.0003062 1.0794839
v 0.1081015 -0.0079262 1.1650708
v 0.1245798 0.1123385 1.2475635
v 0.1246106 0.1123360 1.2475364
v 0.1128167 0.2410783 1.2192840
v 0.1048472 0.2904323 1.3320689
v 0.1048636 0.2904322 1.3320921
v 0.1128067 0.2409938 1.2193074
v 0.0964353 0.3422725 1.2633154
v 0.1081538 -0.0080024 1.1650938
v 0.1215807 -0.0003265 1.0794843
v 0.1081373 -0.0080198 1.1650637
v 0.0458031 0.0492900 1.1012051
v 0.0580420 0.0326126 1.1694126
v 0.0457275 0.0492428 1.1011867
v 0.0580541 0.0326023 1.1694199
v 0.0354324 0.0514784 1.1707514
v 0.0926894 -0.0971230 1.6071320
v 0.1127974 -0.0753909 1.5166597
v 0.0661887 -0.0547017 1.6224220
v 0.0483709 -0.0839750 1.6872395
v 0.0791290 -0.1474004 1.6847490
v 0.1017498 -0.1133742 1.6290360
v 0.1225123 -0.0993378 1.6088987
v 0.1422668 -0.0942540 1.4658490
v 0.0951598 -0.1523479 1.7241780
v 0.0851376 -0.1591338 1.7045908
v 0.1121246 -0.0826153 1.6470342
v 0.1318158 -0.0159497 1.5649616
v 0.1075158 -0.0978908 1.7046194
v 0.1336626 -0.0775961 1.5858646
v 0.1523110 -0.0722208 1.5044742
v 0.1512044 -0.0914266 1.4897705
v 0.1574818 -0.0638457 1.4282163
v 0.1551630 -0.0671165 1.3720273
v 0.1428848 0.0020970 1.3545101
v 0.1317185 -0.0048098 1.1845853
v 0.1426224 -0.0585641 1.3325658
v 0.0821630 -0.0075418 1.4498665
v 0.1107617 -0.0012357 1.2695264
v 0.1253894 -0.0139423 1.1930789
v 0.1200402 0.0034193 1.0829356
v 0.1094692 -0.0001744 1.1420681
v 0.0987989 0.0320292 1.0336810
v 0.0874496 0.0634880 1.2175654
v 0.0845940 0.0693376 1.0447422
v 0.0839994 0.1299831 1.2493502
v 0.0736375 0.0939542 1.3109134
v 0.1003613 0.1313045 1.3546784
v 0.0958696 0.1584611 1.3190273
v 0.0717460 0.0642040 1.3403292
v 0.0757922 0.0920049 1.3814927
v 0.0957880 0.1038370 1.4270328
v 0.0782990 0.0522752 1.4853203
v 0.0735159 0.0124461 1.6079009
v 0.0788956 0.0155684 1.6349503
v 0.0930029 0.0627015 1.5039683
v 0.1112131 0.0755139 1.4748022
v 0.1129013 0.0293574 1.6039310
v 0.0892396 -0.0052545 1.6860030
v 0.1107345 0.0041223 1.6707334
v 0.1224884 0.0286250 1.5894448
v 0.1087808 -0.0312709 1.6753301
v 0.1330476 0.0796458 1.4086671
v 0.1161778 0.1764844 1.2738435
v 0.1316138 0.0619520 1.3198349
v 0.1221908 0.1587815 1.3496844
v 0.1139706 0.1180049 1.3923764
v 0.1046723 0.1986499 1.3386389
v 0.0904933 0.2790528 1.3323263
v 0.1082364 0.2282762 1.3206746
v 0.0886499 0.2340236 1.3159465
v 0.0850182 0.2353836 1.2640878
v 0.0746616 0.2950126 1.2740934
v 0.0795296 0.2946004 1.3255039
v 0.0781739 0.3240933 1.3075342
v 0.0884360 0.3119488 1.3375933
v 0.1042729 0.2787239 1.2504180
v 0.0923984 0.3160736 1.3084474
v 0.0823052 0.3283459 1.2911504
v 0.0910322 0.3224284 1.2632874
v 0.0843054 0.3219697 1.2533796
v 0.0965878 0.2781226 1.2321983
v 0.1039899 0.2004195 1.2080214
v 0.0856306 0.1825709 1.2167702
v 0.1024693 0.1794977 1.1858215
v 0.1116000 0.1949766 1.2199392
v 0.1118355 0.1693653 1.1810005
v 0.1093953 0.2250066 1.0510047
v 0.1138483 0.1206609 1.1039218
v 0.0986345 0.1933964 1.1320348
v 0.0847045 0.1888197 1.1414236
v 0.0976150 0.2287160 1.0855524
v 0.0838624 0.2286857 1.0785320
v 0.0966482 0.2934622 1.0707063
v 0.0839698 0.3048288 1.0490218
v 0.0840678 0.3622389 1.0806559
v 0.0943317 0.3592675 1.0602742
v 0.1047069 0.3110653 1.0101007
v 0.0927450 0.3713945 1.0126320
v 0.0868002 0.3750536 1.0164685
v 0.0790742 0.3625638 1.0716965
v 0.0796828 0.3700856 1.0215405
v 0.0972825 0.3143407 1.0036928
v 0.0983248 0.1167033 0.9639107
v 0.1082221 0.1289962 0.9624081
v 0.1155421 0.1286329 0.9701769
v 0.1250615 0.0354933 1.0276227
v 0.1202992 0.0329812 1.0136455
v 0.0840729 0.2145196 1.0371759
v 0.0865951 0.1044949 0.9920393
v 0.0805415 0.1651345 1.0935525
v 0.1310172 0.0366997 1.2769795
v 0.1255944 0.0340148 1.3126831
v 0.0937494 -0.0376146 1.7445336
v 0.0937852 -0.0916529 1.7289607
v 0.0681014 -0.0697538 1.7824171
v 0.0671552 -0.1642122 1.7781629
v 0.0878040 -0.1418898 1.7566994
v 0.0718479 -0.1878814 1.7684398
v 0.0234833 -0.2014807 1.7603356
v -0.0007290 -0.2119130 1.7837044
v 0.0373641 -0.1993650 1.7915729
v 0.0400693 -0.1362847 1.7929918
v -0.0004018 -0.1466027 1.8008539
v -0.0008870 -0.2084885 1.7934913
v -0.0437712 -0.1916975 1.7912671
v -0.0597415 -0.1928121 1.7794573
v -0.0450241 -0.1989287 1.7630107
v -0.0928856 -0.1236295 1.6511495
v -0.0839720 -0.1726927 1.7495690
v -0.0475042 -0.1853056 1.7380881
v -0.0449056 -0.0843448 1.6880955
v -0.0049088 -0.1039830 1.7224328
v -0.0350368 -0.0567140 1.7257527
v 0.0200642 -0.1007632 1.7171959
v 0.0278403 -0.1722065 1.7320318
v -0.0047824 -0.0695116 1.7422802
v 0.0236713 -0.0643072 1.7354338
v 0.0024696 -0.0632154 1.7760983
v -0.0348483 -0.0499564 1.7665131
v -0.0631424 -0.0503150 1.7553507
v -0.0652147 -0.0219109 1.7179156
v -0.0901820 0.0122519 1.6424314
v -0.0590321 -0.0288298 1.6829380
v -0.0625206 -0.0499985 1.6137247
v -0.0709024 0.0084023 1.6133232
v -0.0813496 0.0602054 1.4877876
v -0.0716828 0.0083723 1.4965584
v -0.0782965 0.0189486 1.6275876
v -0.0957123 0.0572119 1.5250365
v -0.1002806 0.0212749 1.5953986
v -0.1185372 0.0234612 1.6056813
v -0.1543213 -0.0725587 1.4725543
v -0.1273389 -0.0921395 1.5941007
v -0.1026551 -0.0070351 1.6922995
v -0.1181616 -0.0530974 1.6331222
v -0.1225884 0.0527596 1.5151398
v -0.1360880 0.1115625 1.3874910
v -0.1349888 0.0433736 1.4689119
v -0.1424569 0.0106274 1.3713840
v -0.1364776 0.0728408 1.3141113
v -0.1330123 0.1960106 1.2909605
v -0.1472382 -0.0167878 1.3242555
v -0.1276860 0.0288376 1.3168948
v -0.1353815 0.0405052 1.2765726
v -0.1336712 -0.0018997 1.1832935
v -0.1281638 0.1113853 1.2245088
v -0.1297533 0.0121600 1.0868851
v -0.1243611 0.0775895 1.0058452
v -0.1282230 0.1705030 1.1139479
v -0.1305615 0.1602339 1.1633679
v -0.1322139 0.1915582 1.2109555
v -0.1247304 0.3065488 1.2791815
v -0.1269717 0.2980862 1.2358070
v -0.1208284 0.2448922 1.2163242
v -0.1172661 0.1812531 1.1743438
v -0.1195874 0.1857427 1.1936646
v -0.1100062 0.1861507 1.1944055
v -0.1143536 0.2136928 1.2182025
v -0.1057758 0.3293348 1.2502285
v -0.1062443 0.2594683 1.2845607
v -0.1027946 0.1681757 1.2692265
v -0.1164859 0.1784110 1.3332750
v -0.0941939 0.0664495 1.2284518
v -0.0991687 0.1453569 1.1914963
v -0.0848305 0.1107705 1.3365242
v -0.0797224 -0.0138481 1.4499078
v -0.1047708 0.1107290 1.4288845
v -0.0837362 0.0403245 1.3393246
v -0.1137848 0.1339752 1.3682952
v -0.1261867 0.1486940 1.3671740
v -0.1230526 0.2334408 1.3197815
v -0.1081458 0.2714290 1.3099889
v -0.1105304 0.3195483 1.3266912
v -0.1074083 0.3346688 1.3055743
v -0.1029774 0.3161708 1.3200370
v -0.1010159 0.3326465 1.2829647
v -0.0993268 0.3115537 1.2901530
v -0.1131682 0.3384584 1.2563126
v -0.1376499 -0.0713431 1.3807145
v -0.1121826 0.0003689 1.2765355
v -0.1211147 -0.0118647 1.1681635
v -0.1050234 0.0119486 1.0915144
v -0.0918677 0.0467882 1.0304393
v -0.1035814 0.0377557 1.0198429
v -0.1254859 0.0091760 1.0820699
v -0.1329354 -0.0197657 1.2242294
v -0.1245769 0.0345782 1.0290000
v -0.1129957 0.0976795 0.9804141
v -0.1208652 0.0965690 0.9841954
v -0.1299712 0.1864886 1.0281608
v -0.1242033 0.1646388 0.9995663
v -0.1254732 0.3119328 1.0336701
v -0.1286913 0.3178528 1.0475796
v -0.1173321 0.1593216 0.9956728
v -0.1081273 0.2293901 1.0388161
v -0.0999557 0.0878138 0.9911380
v -0.0913038 0.0805628 1.0195215
v -0.1117026 0.2515563 1.0908959
v -0.1074413 0.1962504 1.1291963
v -0.1064584 0.3377499 1.0459818
v -0.1089481 0.3364375 1.0936526
v -0.1178785 0.3481764 1.0336106
v -0.1090815 0.3545116 1.0490138
v -0.1220803 0.3469358 1.0909105
v -0.1129849 0.3516417 1.0913056
v -0.1153289 0.3400950 1.1017830
v -0.1202470 0.2895186 1.0931813
v -0.1180588 0.2103661 1.1105150
v -0.1281163 0.2273861 1.0788365
v -0.1467106 -0.0824880 1.3978592
v -0.1355091 -0.0998257 1.5234517
v -0.1515934 -0.0916341 1.4738935
v -0.1550147 -0.0695233 1.3790755
v -0.0904191 -0.1118788 1.6265930
v -0.1040018 -0.1112115 1.6245909
v -0.1006727 -0.1255828 1.6858629
v -0.1062402 -0.0985567 1.7036268
v -0.0925047 -0.0724162 1.7294605
v -0.0860161 -0.1545923 1.7575812
v -0.0659082 -0.0897627 1.7783016
v -0.0843089 -0.0427674 1.7572071
v -0.0470357 -0.0743909 1.7971517
v 0.0000133 -0.0789436 1.8029599
v 0.0537913 -0.0602334 1.7885548
v 0.0631459 -0.0481110 1.7575327
v 0.0326508 -0.0917514 1.8045064
v 0.0757500 -0.0097144 1.6939000
v 0.0515980 -0.0414222 1.7563734
v 0.0571172 -0.0339552 1.6921719
v -0.0283110 0.3744445 1.2859415
v 0.0191369 0.3745210 1.2878284
v 0.0090072 0.3216668 1.3549068
v -0.0380757 0.3204119 1.3519698
v 0.0089451 0.3216575 1.3549509
v -0.0282543 0.3745018 1.2859267
v -0.0736926 0.3260708 1.3517059
v 0.0190601 0.3745007 1.2878740
v 0.0647866 0.3176501 1.3480689
v 0.0626491 0.3624082 1.2794429
v 0.0647418 0.3176262 1.3480158
v 0.0849211 0.3584985 1.2744474
v 0.0904402 0.3104794 1.3475391
v 0.0849365 0.3585007 1.2744641
v 0.1048205 0.2904863 1.3320594
v 0.0964973 0.3422030 1.2633636
v 0.1128449 0.2410013 1.2192724
v 0.0626599 0.3624250 1.2793879
v -0.0575966 0.0447199 1.0960402
v -0.0733859 0.0022119 1.1670165
v -0.0581443 0.0166706 1.1693874
v -0.0917104 -0.0157146 1.6979838
v -0.1015469 0.0290068 1.7086526
v -0.0824332 0.0303882 1.6904554
v -0.0748057 -0.0100866 1.6696143
v -0.1036340 0.0110962 1.6904383
v -0.0960371 -0.0165302 1.6795288
v -0.0872538 -0.0049796 1.6312080
v -0.1066393 0.0425042 1.6528218
v -0.0910484 0.0474258 1.6506795
v -0.1047500 0.0495225 1.6584014
v -0.0751499 0.0023199 1.6282941
v 0.0694275 -0.0332797 1.7842183
v 0.0755396 -0.0621569 1.7626437
v 0.0557180 -0.0603888 1.7683359
v 0.0586292 -0.0186231 1.7771445
v 0.0751016 0.0038340 1.7855286
v 0.0794005 -0.0291744 1.7762657
v 0.0798753 0.0056849 1.7760443
v 0.0801798 -0.0416290 1.7625592
v 0.0745765 -0.0192599 1.7481416
v 0.0707425 -0.0519015 1.7361384
v 0.0601207 -0.0453926 1.7409110
v 0.0592521 -0.0144442 1.7688456
v 0.0712879 0.0238891 1.7823029
v 0.0693294 0.0208621 1.7781628
v 0.1081282 -0.0079163 1.1650963
v 0.1216189 -0.0003218 1.0795009
v 0.0457597 0.0491959 1.1012367
v 0.1276305 0.1646563 1.2737406
v 0.1476405 -0.0192000 1.2864433
v 0.1269170 0.1815281 1.3089992
v 0.1421377 -0.0261286 1.2536374
v 0.1018356 0.3308942 1.2902794
v 0.0965986 0.3278320 1.3217606
v 0.0872912 0.3512523 1.2936950
v 0.0629196 0.3505114 1.3229550
v 0.0284916 0.3756274 1.2951933
v -0.0079275 0.3605224 1.3254164
v -0.0369121 0.3732984 1.2926643
v -0.0978585 0.3470352 1.3158603
v -0.1049341 0.3612550 1.2876317
v -0.1259054 0.3251989 1.3158968
v -0.1258405 0.3252315 1.3158982
v -0.1173541 0.3505174 1.2857942
v -0.1284773 0.3253654 1.2847060
v -0.1410936 0.2330050 1.2766727
v -0.1284091 0.3254157 1.2847178
v -0.1172680 0.3504948 1.2858554
v -0.1416456 0.1714007 1.3006277
v -0.1458144 -0.0294666 1.2669290
v -0.1406907 -0.0283865 1.2370043
v -0.1303296 -0.0400620 1.2698233
v -0.0885055 0.0409524 1.3020557
v -0.1207624 -0.0251342 1.2415325
v -0.0875052 0.0501887 1.2733969
v -0.1392988 0.1655060 1.2668764
v -0.1410463 0.2330537 1.2767361
v -0.1259238 0.3251633 1.3159676
v -0.1416772 0.1714167 1.3006919
v 0.1447437 -0.0435134 1.2843430
v 0.1284799 -0.0359949 1.2539360
v 0.0950875 0.0283669 1.3111727
v 0.1300878 -0.0456623 1.2858936
v 0.0920052 0.0418600 1.2800674
v 0.1007590 -0.0010740 1.7241154
v 0.0911540 0.0140018 1.7089218
v 0.0887053 -0.0163575 1.7034530
v 0.0988998 0.0201232 1.7420256
v 0.0944144 -0.0294478 1.7303264
v 0.0933287 -0.0160725 1.7479201
v 0.0924451 0.0413608 1.7504913
v 0.0836079 0.0021878 1.7533240
v 0.0725514 -0.0358317 1.7373641
v 0.0725960 -0.0117780 1.6965891
v 0.0750426 0.0140163 1.7237982
v 0.0887054 0.0368779 1.7409289
v 0.0799459 0.0082576 1.6997249
v 0.1163249 0.0592852 1.5794975
v 0.1067651 0.0288275 1.5667768
v 0.1181958 0.0439471 1.6108045
v 0.1113694 0.0684984 1.5776329
v 0.1159920 0.0709539 1.5934464
v 0.1171380 0.0652770 1.6282778
v 0.0896645 0.0478491 1.6288246
v 0.0928393 0.0655895 1.5799735
v 0.0879026 0.0202774 1.6203241
v 0.0960826 0.0387381 1.5621349
v 0.1053200 0.0412255 1.6450407
v 0.1089015 0.0174579 1.6338772
v 0.1122333 0.0533896 1.6420403
v 0.0281244 -0.0742095 1.7836388
v 0.0274718 -0.0464487 1.7950402
v 0.0448345 -0.0301574 1.8079136
v 0.0441529 -0.0864019 1.7911975
v 0.0406422 -0.0594394 1.7652162
v 0.0272444 -0.0376787 1.7863098
v 0.0435563 -0.0302946 1.7711680
v 0.0407584 -0.0154893 1.7958238
v 0.0481540 0.0285454 1.8007632
v 0.0518684 -0.0276183 1.7730467
v 0.0491419 0.0263941 1.8060977
v 0.0535138 -0.0158582 1.8062617
v 0.0586307 -0.0095532 1.7885074
v 0.0559917 -0.0537863 1.7798087
v 0.0511579 -0.0778142 1.7685117
v -0.0240101 -0.0711906 1.7810460
v -0.0267850 -0.0353690 1.7864557
v -0.0461697 -0.0633682 1.7655171
v -0.0300990 -0.0426852 1.8026492
v -0.0341232 -0.0810827 1.7943629
v -0.0472709 -0.0126602 1.8100645
v -0.0460988 -0.0801601 1.7800003
v -0.0550021 -0.0492840 1.7829452
v -0.0515248 -0.0137640 1.7796223
v -0.0560972 0.0057816 1.7942679
v -0.0476617 0.0377689 1.8077321
v -0.0396161 -0.0077024 1.7940734
v -0.0650605 -0.0290203 1.7844208
v -0.0644287 0.0239232 1.7783724
v -0.0520962 -0.0562050 1.7661105
v -0.0648089 0.0253332 1.7828848
v -0.0758888 0.0041755 1.7799336
v -0.0774033 -0.0403655 1.7699879
v -0.0656461 -0.0637708 1.7698790
v -0.0682126 -0.0542472 1.7381686
v -0.0525241 -0.0485290 1.7487729
v -0.0666161 -0.0201764 1.7472600
v -0.0767399 -0.0269198 1.7523722
v -0.0760085 0.0004693 1.7662525
v -0.0561660 -0.0169015 1.7655605
v -0.1143223 0.0821707 1.5624415
v -0.1142033 0.0871149 1.5186655
v -0.0938003 0.0675285 1.5550262
v -0.1189389 0.0773494 1.5179571
v -0.1170858 0.0723355 1.5657986
v -0.0926843 0.0380456 1.5465188
v -0.1174818 0.0567533 1.5117105
v -0.1165506 0.0366624 1.5579346
v -0.0986759 0.0595618 1.5074964
v -0.0992729 0.0851667 1.5198956
v 0.1035542 0.2761773 1.3299208
v 0.1160166 0.2076102 1.3177415
v 0.1590331 -0.0338320 1.4153201
v 0.0966283 0.3149506 1.2941003
v 0.0862450 0.3225819 1.3222422
v 0.0800562 0.3379995 1.2895042
v -0.0711229 0.3408958 1.3160114
v 0.0800194 0.3380592 1.2895031
v -0.0710888 0.3409343 1.3159777
v 0.0490524 0.3363356 1.3194163
v -0.0980600 0.3447913 1.2866517
v -0.1040833 0.3325757 1.3172823
v -0.1171230 0.3188493 1.2926734
v -0.1188771 0.3146709 1.3224145
v -0.1367904 0.2073834 1.3352107
v -0.1420561 0.1283308 1.3048819
v -0.1450148 0.0984957 1.3291243
v -0.1513780 -0.0097020 1.3278126
v -0.1487219 -0.0339971 1.3016095
v -0.1439124 -0.0544908 1.3300039
v -0.1347383 -0.0459502 1.3034056
v -0.0864893 0.0077526 1.3527719
v -0.0845576 0.0175511 1.3214304
v -0.0979953 0.3448082 1.2866473
v 0.1542551 -0.0126614 1.3829638
v 0.1600397 -0.0763360 1.3915805
v 0.1593982 -0.0879115 1.4228003
v 0.1481108 -0.0803313 1.3915936
v 0.1425121 -0.0873830 1.4235168
v 0.0876187 -0.0095916 1.4181245
v 0.0862002 -0.0018169 1.3872471
v 0.0777417 0.0312835 1.4128330
v 0.0788773 0.0330497 1.3814863
v -0.1410704 0.2331093 1.2766886
v -0.1259005 0.3252397 1.3159058
v -0.1284460 0.3253972 1.2847335
v -0.0737074 0.3260421 1.3517722
v -0.0759823 0.3662638 1.2756632
v -0.0283092 0.3744899 1.2859643
v -0.1160289 0.3237469 1.3450434
v -0.1300843 0.2739191 1.3200367
v -0.1261844 0.3344275 1.2509863
v -0.1151214 0.3600899 1.2628719
v -0.0576058 0.0447413 1.0960818
v -0.0733463 0.0022952 1.1669825
v -0.0893769 0.0144809 1.0837959
v -0.0581722 0.0167307 1.1693751
v 0.1303296 0.0148331 1.0901853
v 0.1215904 -0.0003201 1.0795525
v 0.1321909 -0.0050949 1.1828752
v -0.1376533 0.2485565 1.2091825
v -0.1368855 0.1304283 1.1478830
v -0.1390090 0.0932681 1.2367697
v -0.0980517 0.3448396 1.2866490
v -0.1041641 0.3325691 1.3171899
v -0.0711440 0.3408584 1.3160614
v 0.1128442 0.2410044 1.2192492
v 0.1245650 0.1123698 1.2475474
v 0.1247458 0.1182677 1.1513271
v -0.1150928 0.3601559 1.2629274
v -0.1044246 0.3616823 1.2694871
v -0.1159823 0.3237620 1.3450597
v -0.1316323 0.0122474 1.0878819
v -0.1337920 -0.0063298 1.1851973
v -0.1265418 0.0042309 1.0828472
v -0.1300947 0.2739522 1.3200189
v -0.1376514 0.2485850 1.2091482
v -0.1389257 0.0932730 1.2367727
v -0.1261686 0.3343721 1.2509897
v -0.1338857 -0.0063106 1.1851886
v -0.1368286 0.1304748 1.1478827
v -0.1368044 0.1305004 1.1478787
v -0.1338495 -0.0062744 1.1852524
v -0.1376962 0.2485525 1.2091532
v -0.1261652 0.3343834 1.2509614
v -0.1301601 0.2738922 1.3200056
v -0.1160138 0.3237275 1.3449907
v -0.1316285 0.0122203 1.0878961
v -0.1187404 -0.0146845 1.1769980
v -0.1264684 0.0041502 1.0828766
v -0.0893366 0.0144890 1.0837097
v -0.0733203 0.0023154 1.1670050
v -0.0576189 0.0446585 1.0960116
v -0.1187037 -0.0146459 1.1770137
v -0.0893261 0.0144873 1.0837412
v -0.1264983 0.0041921 1.0828129
v -0.1337967 -0.0062689 1.1852512
v -0.1265481 0.0041810 1.0827808
v -0.1187969 -0.0146657 1.1770163
v -0.1315817 0.0122065 1.0878923
v -0.1301169 0.2739489 1.3200340
v -0.1389686 0.0932756 1.2367475
v -0.1376210 0.2486004 1.2091353
v -0.0818228 0.0026189 1.7528805
v -0.0647906 -0.0228316 1.7064581
v -0.0749871 -0.0477063 1.7411267
v -0.0778113 0.0212396 1.7247700
v -0.0855323 -0.0163125 1.7528965
v -0.0929718 0.0165542 1.7537782
v -0.0894093 0.0491386 1.7538915
v -0.0947394 0.0222514 1.7321391
v -0.0947351 -0.0125605 1.7245704
v -0.0867708 -0.0077488 1.7052034
v -0.0887098 0.0145710 1.7115083
v -0.0803940 0.0099281 1.7025393
v -0.0710076 -0.0243598 1.6924306
v -0.0807990 -0.0447174 1.7116821
v -0.0380736 0.3204200 1.3519850
v -0.0282562 0.3745029 1.2859440
v -0.0736757 0.3261047 1.3517205
v -0.0760710 0.3662356 1.2756837
v -0.0987983 0.3233353 1.3459120
v -0.1044597 0.3616246 1.2695339
v -0.1160129 0.3238071 1.3450759
v -0.1151459 0.3600820 1.2628940
v -0.1261740 0.3343991 1.2509528
v -0.1160771 0.3237553 1.3450679
v -0.1045041 0.3616848 1.2695553
v -0.0987656 0.3234004 1.3459247
v -0.1138208 0.0450113 1.6261322
v -0.1032028 0.0062093 1.6329417
v -0.1134643 0.0537448 1.5755030
v -0.1142010 0.0660222 1.5821233
v -0.1074479 0.0505141 1.6425421
v -0.1135652 0.0680594 1.6086670
v -0.0892968 0.0582038 1.5835459
v -0.0892351 0.0499958 1.6271536
v -0.0919021 0.0334763 1.5617875
v -0.0874964 0.0169905 1.6192058
v -0.0887867 0.0428444 1.6310845
v -0.1030862 0.0192591 1.5643424
v 0.0975463 0.0333433 1.5546916
v 0.1143223 0.0686883 1.5713128
v 0.1108356 0.0294069 1.5558582
v 0.0938313 0.0694981 1.5588744
v 0.0915136 0.0401432 1.5398944
v 0.0961459 0.0817950 1.5211008
v 0.0964729 0.0585466 1.5078439
v 0.1180996 0.0764166 1.5192726
v 0.1003905 0.0838823 1.5154395
v 0.1177530 0.0437188 1.5130276
v 0.1199884 0.0614562 1.5656032
v 0.1148666 0.0801319 1.5667040
v 0.1156065 0.0878826 1.5261964
v 0.0927528 0.0509829 1.6523155
v 0.1045555 0.0313121 1.7081696
v 0.0857274 0.0254200 1.7009858
v 0.0786629 0.0111220 1.6471221
v 0.1089712 0.0476096 1.6527484
v 0.0836022 0.0182051 1.6302941
v 0.1044325 0.0158114 1.6433955
v 0.1049976 0.0176438 1.7120638
v 0.0980205 -0.0128842 1.6998050
v 0.0791603 -0.0039651 1.6781297
v -0.0963945 -0.1170921 -2.1094587
v -0.0952179 -0.1012828 -2.1122917
v -0.0929265 -0.0700705 -1.8343401
v -0.0957704 -0.1090097 -1.8343703
v -0.0947445 -0.1475865 -2.1040988
v -0.0964490 -0.1170923 -1.8336479
v -0.0940423 -0.1606775 -2.1040492
v -0.0865645 -0.2174909 -1.8248244
v -0.0871490 -0.2052572 -2.1041057
v -0.0900190 -0.0310167 -2.1183392
v -0.0900609 -0.0310403 -1.7920389
v -0.0914850 -0.0507855 -1.7972532
v -0.0928942 -0.0700004 -1.8062775
v -0.0929242 -0.0700076 -1.8343088
v -0.0900917 -0.0310359 -2.1183956
v -0.0754050 0.0483406 -2.1186934
v -0.0877533 -0.0186940 -1.7887428
v -0.0764066 0.0431350 -1.7832640
v -0.0929235 -0.0699933 -1.8343463
v -0.0929339 -0.0700104 -1.8062699
v 0.0845972 -0.0700112 -1.8062991
v 0.0846476 -0.0699932 -1.8343118
v 0.0817956 -0.0311104 -1.7920214
v 0.0845937 -0.0700072 -1.8342777
v 0.0831757 -0.0507507 -1.7972888
v 0.0817362 -0.0311178 -2.1183302
v 0.0670781 0.0483435 -2.1186832
v 0.0817028 -0.0310273 -2.1184225
v 0.0794607 -0.0186952 -1.7887372
v 0.0680798 0.0432060 -1.7832469
v 0.0680302 0.0432161 -1.7832745
v 0.0582070 0.0836583 -1.7833457
v 0.0575357 0.0842756 -2.1186705
v 0.0846273 -0.0700691 -1.8343608
v 0.0846544 -0.0700527 -1.8062988
v 0.0056657 -0.5628848 -1.6714058
v -0.0039413 -0.5738668 -1.6661958
v -0.0135715 -0.5628631 -1.6714044
v -0.0166995 -0.5764473 -2.2252540
v -0.0135809 -0.5811594 -2.2259748
v 0.0056805 -0.5812154 -2.2259316
v 0.0087273 -0.5764704 -2.2251812
v 0.0254997 -0.5050368 -2.2153299
v -0.0374082 -0.4753237 -2.2073299
v -0.0333812 -0.5050398 -2.2152800
v 0.0296187 -0.4734302 -2.2068292
v -0.0279161 -0.5462159 -2.2225357
v 0.0199958 -0.5462846 -2.2226301
v 0.0188224 -0.5548482 -2.2233728
v -0.0268297 -0.5548909 -2.2233274
v 0.0087775 -0.5764393 -2.2252648
v -0.0166632 -0.5764622 -2.2252325
v -0.0418886 -0.4000319 -2.1749216
v -0.0388840 -0.4511873 -2.1987082
v 0.0339107 -0.4000402 -2.1748975
v 0.0308903 -0.4512043 -2.1987898
v 0.0296031 -0.4734435 -2.2068405
v -0.0374487 -0.4752483 -2.2073701
v -0.0384588 -0.4577171 -1.7370463
v 0.0304677 -0.4576846 -1.7370485
v 0.0242171 -0.5024104 -1.7162142
v -0.0321259 -0.5024139 -1.7162419
v -0.0268322 -0.5393044 -1.6903242
v 0.0188850 -0.5393029 -1.6903836
v -0.0166756 -0.5588814 -1.6766107
v 0.0087151 -0.5588913 -1.6766038
v -0.0136221 -0.5628072 -1.6713756
v -0.0166248 -0.5589191 -1.6765999
v 0.0087776 -0.5588730 -1.6766435
v 0.0056119 -0.5628467 -1.6713650
v -0.0384079 -0.4576526 -1.7370409
v -0.0418552 -0.4000409 -2.1748622
v 0.0339123 -0.4000911 -2.1749301
v 0.0305449 -0.4576742 -1.7370399
v -0.0136263 -0.5628603 -1.6714270
v -0.0040053 -0.5868098 -1.7394798
v -0.0135922 -0.5750308 -1.7405039
v -0.0039117 -0.5739021 -1.6661840
v -0.0039221 -0.5738190 -1.6662059
v 0.0056099 -0.5628296 -1.6713475
v -0.0039925 -0.5867509 -1.7394940
v 0.0056175 -0.5750819 -1.7405640
v 0.0056330 -0.5628478 -1.6714246
v 0.0087857 -0.5588900 -1.6766320
v 0.0056029 -0.5750550 -1.7405470
v 0.0087982 -0.5703044 -1.7416395
v 0.0188705 -0.5393293 -1.6903198
v 0.0188663 -0.5488339 -1.7444849
v 0.0087821 -0.5702906 -1.7416366
v 0.0086961 -0.5588769 -1.6766334
v -0.0166191 -0.5703936 -1.7415958
v -0.0268060 -0.5392584 -1.6903967
v -0.0166662 -0.5588423 -1.6766659
v -0.0268031 -0.5488146 -1.7444093
v 0.0087019 -0.5849358 -1.9082686
v 0.0087921 -0.5864697 -1.9441687
v 0.0056579 -0.5912945 -1.9440526
v 0.0056587 -0.5896634 -1.9077692
v -0.0039902 -0.6014836 -1.9071825
v -0.0040024 -0.6030662 -1.9438342
v 0.0188388 -0.5648044 -2.1094998
v 0.0188180 -0.5648522 -1.9446908
v 0.0087130 -0.5864873 -2.1104070
v 0.0087180 -0.5848868 -1.9082912
v 0.0087155 -0.5864470 -2.1103875
v 0.0056703 -0.5912241 -1.9440473
v 0.0056923 -0.5912506 -2.1107766
v -0.0040070 -0.6030672 -1.9438211
v -0.0039600 -0.6030000 -2.1111782
v -0.0039427 -0.5929409 -2.2266341
v 0.0056028 -0.5912782 -2.1107318
v 0.0056617 -0.5811680 -2.2259854
v 0.0087881 -0.5764717 -2.2251785
v 0.0188425 -0.5648484 -2.1094884
v 0.0188973 -0.5547990 -2.2233258
v 0.0188257 -0.5633089 -1.9096817
v 0.0188050 -0.5488277 -1.7444497
v 0.0087653 -0.5703823 -1.7416503
v 0.0087973 -0.5703119 -1.7416624
v 0.0056135 -0.5897053 -1.9077473
v 0.0056129 -0.5750350 -1.7405641
v -0.0039141 -0.5868190 -1.7394778
v 0.0056326 -0.5750901 -1.7405863
v -0.0039304 -0.6014836 -1.9071543
v -0.0039483 -0.6014170 -1.9071833
v -0.0039151 -0.6030694 -1.9438025
v -0.0135439 -0.5912737 -1.9439986
v -0.0135900 -0.5896203 -1.9077451
v -0.0166613 -0.5849264 -1.9082280
v -0.0166447 -0.5864538 -1.9442186
v -0.0166459 -0.5864807 -1.9441423
v -0.0267952 -0.5648500 -1.9446441
v -0.0267792 -0.5632728 -1.9097079
v -0.0268004 -0.5488549 -1.7444161
v -0.0166225 -0.5703574 -1.7416080
v -0.0135880 -0.5896365 -1.9077603
v -0.0135284 -0.5750015 -1.7405673
v -0.0039382 -0.5867315 -1.7395036
v -0.0039589 -0.6014244 -1.9071502
v -0.0135785 -0.5749932 -1.7405652
v -0.0166699 -0.5588460 -1.6766635
v -0.0135986 -0.5750479 -1.7405589
v -0.0136057 -0.5628700 -1.6714015
v -0.0267348 -0.5648185 -2.1095000
v -0.0167046 -0.5865134 -2.1104489
v -0.0167189 -0.5764512 -2.2252110
v -0.0267451 -0.5548826 -2.2233189
v -0.0167045 -0.5865311 -2.1104086
v -0.0135751 -0.5912680 -2.1107765
v -0.0136248 -0.5811389 -2.2259739
v -0.0039211 -0.5929105 -2.2266348
v -0.0039243 -0.6030874 -2.1111347
v -0.0380488 -0.4635509 -1.7556921
v -0.0418233 -0.4000863 -2.1749586
v -0.0384142 -0.4577030 -1.7370902
v 0.0305137 -0.4577038 -1.7370915
v 0.0339863 -0.4000996 -2.1749578
v 0.0301483 -0.4635003 -1.7556541
v -0.0388548 -0.4512006 -2.1987133
v -0.0363949 -0.4914822 -2.1062615
v -0.0373653 -0.4753155 -2.2073494
v 0.0255209 -0.5049967 -2.2153059
v 0.0284920 -0.4914220 -2.1062914
v 0.0296121 -0.4734521 -2.2068778
v -0.0267847 -0.5488032 -1.7444562
v -0.0321756 -0.5024049 -1.7161594
v -0.0267871 -0.5393314 -1.6903401
v -0.0381223 -0.4634642 -1.7557235
v -0.0366218 -0.4889314 -1.9145736
v -0.0267313 -0.5632887 -1.9097141
v -0.0364114 -0.4914013 -1.9463137
v -0.0268163 -0.5648407 -1.9446294
v -0.0364492 -0.4914008 -2.1063198
v -0.0267820 -0.5647911 -2.1095099
v -0.0333704 -0.5050099 -2.2152687
v -0.0279449 -0.5462380 -2.2226215
v -0.0267404 -0.5548496 -2.2233860
v -0.0373555 -0.4753147 -2.2073729
v -0.0418761 -0.4000157 -2.1749302
v -0.0388835 -0.4511058 -2.1987531
v -0.0384144 -0.4577108 -1.7370378
v 0.0188375 -0.5393328 -1.6903409
v 0.0242733 -0.5023326 -1.7161909
v 0.0188430 -0.5487762 -1.7444872
v 0.0301850 -0.4634929 -1.7557126
v 0.0305248 -0.4576613 -1.7370786
v 0.0286716 -0.4889232 -1.9146141
v 0.0188946 -0.5488458 -1.7444645
v 0.0339793 -0.4000561 -2.1749485
v 0.0285453 -0.4914664 -1.9462945
v 0.0285392 -0.4914752 -2.1063065
v 0.0309530 -0.4511783 -2.1987521
v 0.0295392 -0.4734801 -2.2068298
v 0.0188849 -0.5647673 -1.9446176
v 0.0188310 -0.5648491 -2.1094797
v 0.0188344 -0.5647680 -2.1094325
v 0.0254336 -0.5050546 -2.2152660
v 0.0200111 -0.5462207 -2.2226306
v 0.0188604 -0.5548326 -2.2232980
v 0.0188250 -0.5632360 -1.9096831
v 0.0188055 -0.5632264 -1.9096744
v 0.0336984 -0.4028754 -2.1753527
v -0.0421047 -0.4029748 -2.1753535
v 0.0303615 -0.4605937 -1.7380818
v -0.0386426 -0.4606165 -1.7375061
v -0.0763817 0.0431817 -1.7832484
v -0.0636210 0.0864688 -1.7832964
v 0.0680751 0.0431797 -1.7832402
v 0.0582519 0.0836918 -1.7833012
v -0.0764052 0.0431431 -1.7833061
v 0.0680617 0.0431764 -1.7832729
v 0.0794378 -0.0187753 -1.7886766
v 0.0575325 0.0843653 -2.1186519
v -0.0616217 0.0913436 -2.0923619
v -0.0659143 0.0843495 -2.1186386
v -0.0616090 0.0913342 -2.0923644
v 0.0575354 0.0843167 -2.1185993
v 0.0533169 0.0913200 -2.0924324
v -0.0964452 -0.1170788 -2.1094770
v -0.0947661 -0.1475941 -2.1040451
v 0.0864644 -0.1476590 -2.1040463
v 0.0880584 -0.1171469 -2.1094383
v -0.0952226 -0.1012881 -2.1122234
v -0.0964668 -0.1171154 -2.1094756
v 0.0869684 -0.1011993 -2.1121953
v -0.0964397 -0.1171583 -2.1094701
v 0.0880569 -0.1171342 -2.1094710
v 0.0869708 -0.1012899 -2.1122809
v -0.0659905 0.0843016 -2.1186186
v -0.0754053 0.0483499 -2.1186502
v 0.0575547 0.0842989 -2.1186736
v -0.0754648 0.0482559 -2.1186184
v 0.0671461 0.0482745 -2.1186486
v 0.0574898 0.0843210 -2.1186372
v -0.0877856 -0.0187633 -1.7887610
v -0.0763157 0.0431443 -1.7832587
v 0.0795132 -0.0187183 -1.7886777
v 0.0817660 -0.0310272 -1.7920311
v -0.0900966 -0.0310395 -1.7920330
v -0.0915664 -0.0508013 -1.7972920
v 0.0832105 -0.0508120 -1.7972351
v 0.0846010 -0.0700679 -1.8063005
v -0.0929009 -0.0699804 -1.8062814
v 0.0670806 0.0483373 -2.1186974
v -0.0754668 0.0483084 -2.1186587
v -0.0901196 -0.0310846 -2.1183866
v 0.0532080 0.0913900 -1.8951686
v -0.0615876 0.0914145 -1.8951901
v -0.0637093 0.0864507 -1.7832629
v -0.0900651 -0.0310773 -2.1183364
v -0.0952093 -0.1011941 -2.1122358
v 0.0817506 -0.0311102 -2.1184261
v 0.0817611 -0.0310932 -2.1183397
v 0.0670542 0.0483516 -2.1186442
v 0.0869666 -0.1012547 -2.1121937
v -0.0940756 -0.1606789 -2.1040031
v -0.0871383 -0.2052251 -2.1040690
v 0.0857324 -0.1607085 -2.1040100
v -0.0948024 -0.1476178 -2.1041044
v -0.0940495 -0.1606506 -2.1040841
v 0.0864181 -0.1476457 -2.1040031
v -0.0940107 -0.1607185 -2.1040470
v 0.0857318 -0.1607282 -2.1041053
v 0.0864690 -0.1475876 -2.1040116
v 0.0532410 0.0913735 -1.8951764
v 0.0581967 0.0835947 -1.7832512
v -0.0636830 0.0865468 -1.7833097
v 0.0730622 -0.2259571 -2.1077610
v 0.0729031 -0.2259638 -1.8233377
v 0.0781973 -0.2175193 -1.8248349
v 0.0789059 -0.2052591 -2.1040145
v -0.0865445 -0.2175771 -1.8247799
v -0.0813610 -0.2259503 -2.1077307
v -0.0872008 -0.2052574 -2.1040655
v -0.0812223 -0.2259860 -1.8233080
v -0.0677336 -0.2707983 -1.8154689
v -0.0813694 -0.2259746 -2.1077617
v -0.0814205 -0.2259989 -2.1077147
v 0.0731130 -0.2259168 -2.1077039
v 0.0789129 -0.2052851 -2.1040527
v -0.0872279 -0.2052973 -2.1040068
v 0.0857145 -0.1607331 -2.1040775
v 0.0730597 -0.2260062 -2.1077563
v 0.0593460 -0.2707967 -1.8154589
v 0.0728797 -0.2259920 -1.8233179
v -0.0958325 -0.1090931 -1.8343725
v -0.0929443 -0.0699933 -1.8343622
v 0.0846145 -0.0699778 -1.8342763
v 0.0875511 -0.1090698 -1.8343053
v 0.0594159 -0.2707635 -1.8154414
v 0.0730653 -0.2259558 -2.1077506
v 0.0608548 -0.2707882 -2.1156347
v 0.0576543 -0.2790913 -1.8140221
v -0.0691947 -0.2707846 -2.1156093
v -0.0814247 -0.2259263 -2.1077601
v -0.0676991 -0.2707439 -1.8154703
v -0.0660055 -0.2790864 -1.8140019
v 0.0582034 0.0836277 -1.7832415
v 0.0532151 0.0914303 -1.8952162
v 0.0574848 0.0843317 -2.1186409
v 0.0532996 0.0913632 -2.0924357
v -0.0964124 -0.1171205 -1.8335855
v -0.0958159 -0.1090179 -1.8343477
v 0.0875161 -0.1090883 -1.8343398
v 0.0880475 -0.1171475 -1.8336438
v -0.0963952 -0.1171722 -1.8335990
v 0.0880992 -0.1171644 -1.8335825
v 0.0782668 -0.2174996 -1.8248677
v 0.0609402 -0.2707400 -2.1155712
v 0.0571644 -0.2863131 -2.1210062
v 0.0565764 -0.2862701 -1.8120536
v 0.0782601 -0.2175703 -1.8248167
v -0.0865790 -0.2175213 -1.8248559
v -0.0963884 -0.1171147 -1.8335680
v 0.0782361 -0.2175324 -1.8248705
v -0.0812313 -0.2259517 -1.8233103
v 0.0728850 -0.2259517 -1.8233600
v -0.0616153 0.0914340 -1.8951489
v -0.0636521 0.0865004 -1.7832643
v -0.0659152 0.0843071 -2.1186110
v -0.0615832 0.0913768 -2.0924054
v -0.0814117 -0.2259457 -2.1077484
v -0.0692749 -0.2708110 -2.1156123
v 0.0609436 -0.2707569 -2.1156417
v 0.0730895 -0.2259996 -2.1076793
v -0.0547549 -0.3416549 -1.7930339
v -0.0420723 -0.4028283 -1.7645345
v -0.0421032 -0.4029740 -2.1753666
v -0.0648385 -0.2863044 -1.8119978
v -0.0654393 -0.2863144 -2.1209871
v -0.0692614 -0.2708125 -2.1156405
v -0.0630685 -0.2979328 -1.8089437
v -0.0420397 -0.4029870 -2.1754375
v -0.0613490 -0.3097725 -2.1319653
v -0.0547488 -0.3417554 -1.7930168
v -0.0609920 -0.3097824 -1.8046426
v 0.0782026 -0.2174710 -1.8247931
v 0.0857151 -0.1606708 -2.1040461
v 0.0789146 -0.2052615 -2.1040917
v -0.0676817 -0.2707706 -1.8154528
v -0.0811764 -0.2259852 -1.8233784
v 0.0594353 -0.2707876 -1.8153857
v -0.0812654 -0.2259083 -1.8233499
v 0.0729401 -0.2259457 -1.8233339
v 0.0593606 -0.2707752 -1.8154344
v -0.0660589 -0.2791343 -1.8139734
v -0.0676733 -0.2708325 -1.8154760
v 0.0594082 -0.2707858 -1.8154745
v 0.0577068 -0.2791813 -1.8139852
v -0.0614306 -0.3098243 -2.1319446
v -0.0636592 -0.2970450 -2.1259034
v -0.0609625 -0.3098271 -1.8046041
v -0.0630508 -0.2978981 -1.8088954
v 0.0856719 -0.1606740 -2.1040422
v 0.0782571 -0.2175540 -1.8248569
v 0.0880805 -0.1171055 -1.8335809
v 0.0546971 -0.2979167 -1.8088839
v 0.0571694 -0.2863416 -2.1209454
v 0.0553785 -0.2969981 -2.1259978
v -0.0637024 -0.2970010 -2.1259550
v -0.0653977 -0.2863400 -2.1209484
v -0.0630110 -0.2979181 -1.8088831
v 0.0565292 -0.2863243 -1.8120409
v 0.0576458 -0.2791215 -1.8139733
v 0.0609471 -0.2708334 -2.1156436
v -0.0692388 -0.2707419 -2.1156126
v -0.0660415 -0.2791837 -1.8139856
v -0.0648901 -0.2863677 -1.8120759
v 0.0526720 -0.3098098 -1.8046340
v 0.0546861 -0.2978896 -1.8089647
v 0.0553010 -0.2969921 -2.1260034
v 0.0530374 -0.3097800 -2.1319551
v 0.0464627 -0.3416702 -1.7930301
v 0.0337176 -0.4028162 -2.1752782
v 0.0337516 -0.4028939 -1.7645193
v 0.0303571 -0.4606265 -1.7380978
v 0.0546521 -0.2979177 -1.8088961
v 0.0564885 -0.2862960 -1.8120006
v 0.0570727 -0.2862696 -2.1210010
v 0.0857369 -0.1606526 -2.1040673
v 0.0881133 -0.1171362 -1.8336586
v 0.0864041 -0.1475778 -2.1040854
v 0.0881410 -0.1170972 -1.8336227
v 0.0875248 -0.1091003 -1.8343761
v 0.0864669 -0.1476144 -2.1040109
v 0.0881028 -0.1171315 -2.1094087
v -0.0636336 0.0865240 -1.7832580
v -0.0764132 0.0432064 -1.7832442
v -0.0754386 0.0482965 -2.1186979
v -0.0754209 0.0482991 -2.1186341
v -0.0659561 0.0843096 -2.1186703
v -0.0636629 0.0865128 -1.7833141
v 0.0817118 -0.0310712 -2.1183324
v 0.0869718 -0.1012268 -2.1122778
v 0.0846109 -0.0700326 -1.8342922
v 0.0880610 -0.1171643 -2.1094577
v 0.0875451 -0.1090655 -1.8343739
v 0.0845733 -0.0699724 -1.8343602
v 0.0868912 -0.1012169 -2.1121915
v -0.0039369 -0.5929171 -2.2266554
v 0.0056860 -0.5812062 -2.2259749
v -0.0136261 -0.5812041 -2.2259735
v -0.0421189 -0.4028442 -1.7645255
v -0.0385917 -0.4606730 -1.7375516
v -0.0420415 -0.4030577 -2.1753829
v 0.0526078 -0.3097753 -1.8045720
v 0.0464391 -0.3416566 -1.7930223
v -0.0547483 -0.3417542 -1.7929498
v -0.0613406 -0.3098359 -2.1319426
v -0.0420696 -0.4030322 -2.1753433
v 0.0337180 -0.4028490 -2.1753228
v 0.0337384 -0.4027962 -2.1753079
v 0.0530141 -0.3098680 -2.1319186
v -0.0613926 -0.3097848 -2.1319813
v -0.0637010 -0.2970216 -2.1259013
v -0.0613952 -0.3098583 -2.1319175
v 0.0530314 -0.3098493 -2.1319634
v -0.0547227 -0.3416636 -1.7929786
v -0.0610026 -0.3098571 -1.8045831
v 0.0526246 -0.3098732 -1.8046211
v 0.0464811 -0.3417056 -1.7929637
v -0.0420610 -0.4028433 -1.7645320
v -0.0420407 -0.4028114 -1.7645226
v 0.0337885 -0.4028958 -1.7645229
v 0.0303551 -0.4605818 -1.7380537
v -0.0421139 -0.4028639 -1.7645338
v 0.0464186 -0.3417185 -1.7929747
v 0.0337277 -0.4028577 -1.7645236
v 0.0302764 -0.4605412 -1.7380226
v -0.0386257 -0.4606197 -1.7374751
v -0.0421162 -0.4027966 -1.7644839
v 0.0547061 -0.2979051 -1.8089639
v -0.0629839 -0.2979762 -1.8089766
v -0.0648483 -0.2863150 -1.8120523
v -0.0648306 -0.2863349 -1.8120084
v 0.0565176 -0.2863601 -1.8120370
v 0.0546951 -0.2978882 -1.8088863
v -0.0648343 -0.2863696 -1.8120165
v -0.0660256 -0.2791179 -1.8139408
v 0.0577226 -0.2791131 -1.8139816
v 0.0565280 -0.2863019 -1.8120570
v -0.0692460 -0.2707485 -2.1155897
v -0.0654772 -0.2863205 -2.1210085
v 0.0609284 -0.2708046 -2.1156701
v -0.0653923 -0.2863406 -2.1209928
v 0.0570917 -0.2862731 -2.1209897
v 0.0608873 -0.2707408 -2.1156386
v -0.0630296 -0.2979059 -1.8089056
v 0.0547086 -0.2979023 -1.8089595
v 0.0526903 -0.3098558 -1.8046217
v 0.0526102 -0.3098429 -1.8045512
v -0.0610330 -0.3098117 -1.8045432
v -0.0630502 -0.2979444 -1.8089380
v 0.0530470 -0.3098088 -2.1319046
v 0.0553057 -0.2969934 -2.1259969
v -0.0636719 -0.2970356 -2.1259474
v -0.0654407 -0.2862997 -2.1209261
v -0.0636239 -0.2970009 -2.1259855
v 0.0553914 -0.2970344 -2.1259248
v 0.0553137 -0.2969706 -2.1259960
v 0.0571132 -0.2863374 -2.1210188
v -0.0654782 -0.2863042 -2.1209831
v -0.0616335 0.0913628 -1.8951898
v -0.0615845 0.0913381 -2.0923554
v -0.0613584 0.0969382 -1.9105510
v 0.0529720 0.0969489 -1.9105616
v 0.0533164 0.0913370 -2.0923556
v 0.0533056 0.0913736 -1.8952253
v -0.0149188 0.4257633 -1.9574046
v 0.0065675 0.4256873 -1.9574433
v -0.0149059 0.4257261 -1.9393214
v 0.0066033 0.4257147 -1.9393124
v 0.0392185 0.2923025 -2.0675544
v -0.0475584 0.2922952 -2.0675724
v -0.0566485 0.2315468 -2.0837867
v 0.0484291 0.2286814 -2.0846421
v 0.0391524 0.2922320 -2.0675470
v -0.0465218 0.2993033 -2.0646534
v 0.0380873 0.2993508 -2.0646466
v 0.0313616 0.3263924 -2.0534272
v -0.0396887 0.3263746 -2.0533776
v 0.0278104 0.3407528 -2.0423941
v -0.0361650 0.3407490 -2.0423544
v -0.0149205 0.4257339 -1.9574089
v 0.0065784 0.4257477 -1.9574710
v -0.0588704 0.1693381 -2.0923473
v 0.0504836 0.1693329 -2.0924283
v 0.0484188 0.2286407 -2.0846448
v -0.0566784 0.2314701 -2.0838228
v -0.0598716 0.1391124 -1.9392836
v 0.0515330 0.1391783 -1.9392834
v 0.0520833 0.1251990 -1.9368057
v -0.0603883 0.1252129 -1.9367964
v 0.0524578 0.1133600 -1.9306758
v -0.0608187 0.1133506 -1.9307237
v 0.0527313 0.1035080 -1.9208325
v -0.0610814 0.1035607 -1.9207833
v 0.0530270 0.0969828 -1.9104821
v -0.0613818 0.0969956 -1.9104830
v 0.0532653 0.0913820 -1.8951794
v -0.0616274 0.0913517 -1.8951288
v -0.0616108 0.0913487 -2.0923878
v 0.0532970 0.0913824 -2.0924013
v -0.0588575 0.1693668 -2.0923762
v 0.0504689 0.1693682 -2.0924164
v -0.0149340 0.4257326 -1.9393213
v -0.0464765 0.2993828 -1.9393329
v -0.0149592 0.4257549 -1.9573816
v -0.0361115 0.3408159 -2.0423110
v -0.0396957 0.3263762 -2.0534696
v -0.0464552 0.2993418 -2.0645657
v -0.0475521 0.2922136 -2.0675836
v -0.0566890 0.2315048 -1.9392492
v -0.0567416 0.2314588 -2.0838273
v 0.0483507 0.2315357 -1.9392745
v 0.0381052 0.2993735 -1.9392665
v 0.0391877 0.2922879 -2.0674913
v 0.0484362 0.2286671 -2.0846015
v 0.0066509 0.4256799 -1.9574447
v 0.0066067 0.4257599 -1.9392906
v 0.0277443 0.3407687 -2.0423450
v 0.0314215 0.3263631 -2.0534240
v 0.0380983 0.2993263 -2.0645988
v 0.0392371 0.2922272 -2.0675252
v 0.0516039 0.1391010 -1.9392636
v 0.0484063 0.2315117 -1.9393224
v 0.0504687 0.1693675 -2.0923563
v 0.0532460 0.0913539 -2.0924332
v 0.0519857 0.1252915 -1.9368852
v 0.0524628 0.1133766 -1.9306438
v 0.0528065 0.1035669 -1.9207784
v 0.0529687 0.0970073 -1.9105474
v 0.0484368 0.2287032 -2.0845901
v -0.0616024 0.0912956 -2.0923900
v -0.0588817 0.1693439 -2.0923603
v -0.0599203 0.1391500 -1.9392425
v -0.0603732 0.1252234 -1.9368787
v -0.0607640 0.1133700 -1.9307276
v -0.0611118 0.1035646 -1.9208377
v -0.0613029 0.0969465 -1.9104552
v -0.0567194 0.2315154 -1.9392911
v -0.0588112 0.1693027 -2.0924230
v -0.0567417 0.2315536 -2.0838014
v -0.0465062 0.2993574 -1.9392409
v -0.0148856 0.4257046 -1.9392558
v 0.0066438 0.4257042 -1.9393014
v 0.0381466 0.2993078 -1.9392781
v -0.0567228 0.2314670 -1.9392921
v 0.0483695 0.2315334 -1.9393055
v 0.0515317 0.1391402 -1.9392874
v -0.0599267 0.1391253 -1.9392598
v -0.1058115 0.1206353 0.3154801
v -0.0858131 0.1203221 0.3497035
v -0.0857618 0.1209279 0.2812553
v -0.1006639 0.1204708 0.3334000
v -0.1006718 0.1207822 0.2974420
v -0.0333856 0.1201300 0.3708472
v -0.0625995 0.1201716 0.3625852
v -0.0010851 0.1201298 0.3736857
v 0.0836937 0.1203323 0.3496313
v 0.0312915 0.1200896 0.3708589
v 0.0605822 0.1201459 0.3625045
v 0.1037889 0.1206136 0.3154172
v 0.0985657 0.1204712 0.3333943
v 0.0837344 0.1210098 0.2811970
v 0.0986558 0.1208361 0.2975075
v -0.0334046 0.1212207 0.2601237
v -0.0626800 0.1210632 0.2683616
v 0.0313204 0.1211510 0.2600680
v 0.0605889 0.1210371 0.2684048
v -0.0010654 0.1211617 0.2572788
v -0.0430341 0.0528270 0.4511497
v -0.0217112 0.0603907 0.4541866
v -0.0230602 0.0649114 0.4455960
v -0.0471445 0.0565474 0.4433682
v 0.0195658 0.0604488 0.4541804
v 0.0210134 0.0648776 0.4456312
v 0.0410278 0.0527334 0.4511393
v 0.0451318 0.0566105 0.4434035
v -0.0230777 0.0674156 0.1842070
v -0.0430114 0.0553265 0.1785008
v -0.0471805 0.0589876 0.1863653
v -0.0216201 0.0630997 0.1756028
v 0.0210512 0.0674047 0.1842673
v 0.0195829 0.0630581 0.1755821
v 0.0409527 0.0553339 0.1784228
v 0.0451299 0.0590442 0.1863689
v -0.0471548 0.0565602 0.4433344
v -0.0231141 0.0648435 0.4456642
v -0.0274888 0.0718711 0.4370251
v 0.0210511 0.0648605 0.4456535
v -0.0575116 0.0596580 0.4315035
v 0.0253860 0.0718401 0.4369812
v 0.0451157 0.0565648 0.4433302
v 0.0554663 0.0596399 0.4315137
v 0.0280035 0.0746844 0.4278667
v 0.0631554 0.0535957 0.4171134
v -0.0301218 0.0746960 0.4279680
v -0.0652535 0.0535076 0.4171600
v 0.0553742 0.0633962 0.4124082
v -0.0574419 0.0634377 0.4123572
v 0.0293126 0.0766791 0.4170359
v 0.0488084 0.0711215 0.4082363
v 0.0300090 0.0791145 0.4069474
v -0.0320436 0.0791457 0.4069902
v -0.0313275 0.0766470 0.4170571
v -0.0509262 0.0711820 0.4082195
v -0.0575447 0.0618285 0.1982975
v -0.0274916 0.0741445 0.1929850
v -0.0471177 0.0590275 0.1863836
v -0.0231379 0.0673758 0.1842272
v 0.0209865 0.0673708 0.1841852
v -0.0300632 0.0768100 0.2021766
v -0.0652332 0.0555059 0.2125498
v 0.0253763 0.0741607 0.1929707
v 0.0450599 0.0590268 0.1863687
v 0.0553974 0.0618567 0.1982989
v 0.0280039 0.0768463 0.2021702
v 0.0632001 0.0554958 0.2124703
v -0.0574829 0.0653402 0.2174089
v 0.0554202 0.0652860 0.2174716
v 0.0293526 0.0786847 0.2130365
v 0.0488221 0.0729200 0.2217687
v 0.0300087 0.0808948 0.2232169
v -0.0314239 0.0786529 0.2130113
v -0.0320427 0.0808774 0.2231862
v -0.0509082 0.0728977 0.2217862
v 0.1069676 0.1063880 0.2994746
v 0.0837387 0.1133339 0.2811890
v 0.0989795 0.1134760 0.2987814
v 0.0985646 0.1207985 0.2974976
v 0.0837733 0.1209462 0.2812785
v 0.1113866 0.1051216 0.3152628
v 0.1208905 0.1026598 0.2992380
v 0.1209284 0.1024352 0.3312459
v 0.1208703 0.1025714 0.3152924
v 0.0605212 0.1168315 0.2682733
v 0.0604983 0.1210983 0.2683848
v 0.0890930 0.1060710 0.2784333
v 0.0313488 0.1211583 0.2601444
v 0.1150401 0.0970161 0.2688069
v 0.0313654 0.1132917 0.2599667
v -0.0010415 0.1212009 0.2572584
v 0.0633171 0.1091135 0.2649310
v 0.0344271 0.1067685 0.2559974
v -0.0009918 0.1119127 0.2571686
v -0.0009981 0.1049368 0.2529169
v -0.0334405 0.1133458 0.2600665
v -0.0334507 0.1211914 0.2600823
v 0.0516274 0.0985568 0.2395700
v -0.0364728 0.1067073 0.2559536
v -0.0625999 0.1168884 0.2683119
v -0.0626066 0.1210767 0.2683611
v -0.0537596 0.0985429 0.2394840
v -0.0857915 0.1209379 0.2812169
v -0.0654168 0.1091208 0.2649721
v 0.0633315 0.1081951 0.3657297
v 0.1006119 0.0814767 0.3919721
v 0.1151059 0.0961796 0.3616101
v 0.0891523 0.1053807 0.3521260
v 0.1368638 0.0762368 0.3638963
v 0.1453247 0.0826597 0.3314706
v 0.1535030 0.0671117 0.3311179
v 0.1452686 0.0827720 0.3151075
v 0.0330771 0.0811423 0.4042680
v -0.0351109 0.0811909 0.4041805
v 0.0299928 0.0791186 0.4070192
v -0.0320789 0.0790648 0.4069546
v -0.0509308 0.0711132 0.4082968
v 0.0488534 0.0711567 0.4082063
v -0.0393649 0.0871265 0.3999633
v -0.0612213 0.0709376 0.4049904
v -0.0574269 0.0634065 0.4124496
v 0.0373183 0.0871169 0.3998782
v -0.0779171 0.0735667 0.4013197
v 0.0591359 0.0708936 0.4049993
v 0.0553524 0.0634407 0.4123665
v 0.0757559 0.0735570 0.4013508
v -0.0701338 0.0629748 0.4067546
v -0.0869684 0.0632623 0.4040970
v 0.0679810 0.0629742 0.4067175
v 0.0848800 0.0633169 0.4041148
v -0.0743615 0.0551849 0.4090968
v -0.0651767 0.0535875 0.4171824
v -0.0877299 0.0530932 0.4075908
v -0.0790889 0.0291394 0.4250686
v -0.0697543 0.0350432 0.4296320
v -0.0861935 0.0261967 0.4252079
v -0.0617901 0.0279999 0.4368427
v -0.0720910 0.0201571 0.4322315
v -0.0796731 0.0170032 0.4317380
v -0.0529627 0.0079906 0.4405029
v -0.0620898 -0.0004306 0.4389334
v -0.0338432 -0.0160297 0.4459720
v -0.0394523 -0.0169761 0.4429073
v -0.0401951 -0.0269692 0.4435105
v -0.0207698 -0.0219692 0.4489039
v -0.0227318 -0.0323306 0.4488674
v -0.0444179 -0.0371664 0.4458982
v -0.0225134 -0.0432607 0.4513097
v -0.0440162 -0.0480457 0.4487715
v -0.0252468 -0.0546627 0.4509068
v -0.0370052 -0.0584594 0.4473060
v -0.0455364 -0.0589425 0.4454841
v -0.0720484 0.0223736 0.1967909
v -0.0620755 0.0020007 0.1896731
v -0.0796944 0.0192426 0.1972056
v -0.0861220 0.0283970 0.2038355
v -0.0529502 0.0103957 0.1883063
v -0.0338604 -0.0135524 0.1823636
v -0.0394695 -0.0145046 0.1853546
v -0.0618263 0.0303180 0.1923209
v -0.0401690 -0.0245631 0.1845513
v -0.0207678 -0.0194746 0.1793454
v -0.0228218 -0.0297538 0.1791452
v -0.0444408 -0.0346574 0.1820736
v -0.0225107 -0.0405986 0.1764345
v -0.0440406 -0.0455047 0.1789571
v -0.0251968 -0.0519847 0.1767083
v -0.0369681 -0.0558969 0.1801797
v -0.0455919 -0.0563730 0.1820671
v -0.0790453 0.0312523 0.2041326
v -0.0698391 0.0372378 0.1997526
v -0.0652328 0.0554916 0.2125323
v -0.0877239 0.0548998 0.2220790
v -0.0743233 0.0570447 0.2206195
v -0.0574698 0.0652486 0.2174393
v -0.0869318 0.0649630 0.2257164
v -0.0700590 0.0647521 0.2231625
v -0.0778286 0.0751710 0.2286896
v -0.0612018 0.0726572 0.2250297
v -0.0509279 0.0728960 0.2217293
v -0.0393387 0.0887815 0.2303903
v -0.0351079 0.0829217 0.2259459
v -0.0319925 0.0808340 0.2231939
v 0.0373219 0.0887874 0.2303775
v 0.0300070 0.0808521 0.2231637
v 0.0329972 0.0828460 0.2259648
v 0.0488239 0.0728852 0.2217773
v 0.0591161 0.0725716 0.2249801
v -0.0456230 -0.0588906 0.4454287
v -0.0781096 -0.0432539 0.4430108
v -0.0771919 -0.0656096 0.4410977
v -0.0440623 -0.0481272 0.4486911
v -0.0444928 -0.0371560 0.4458258
v -0.0794397 -0.0319540 0.4390568
v -0.0401504 -0.0270186 0.4435145
v -0.0781253 -0.0408180 0.1848197
v -0.0455797 -0.0563583 0.1820481
v -0.0772594 -0.0632381 0.1862733
v -0.0440710 -0.0455266 0.1790459
v -0.0444728 -0.0346734 0.1820194
v -0.0794430 -0.0295507 0.1889956
v -0.0402050 -0.0244829 0.1845865
v 0.0419725 -0.0480803 0.4487533
v 0.0760844 -0.0432282 0.4430359
v 0.0423682 -0.0372099 0.4458661
v 0.0435021 -0.0588919 0.4454146
v 0.0751566 -0.0656378 0.4411492
v 0.0774257 -0.0319481 0.4390372
v 0.0380789 -0.0269451 0.4435771
v 0.0760829 -0.0407809 0.1848484
v 0.0419537 -0.0455097 0.1789523
v 0.0424049 -0.0346383 0.1821080
v 0.0435477 -0.0563918 0.1820850
v 0.0751662 -0.0631811 0.1862810
v 0.0774401 -0.0295950 0.1889782
v 0.0381539 -0.0245250 0.1845271
v 0.0186185 -0.0219870 0.4489145
v -0.0207791 -0.0220102 0.4489150
v 0.0206998 -0.0322964 0.4489267
v -0.0227441 -0.0322806 0.4489214
v 0.0204194 -0.0432994 0.4513772
v -0.0225746 -0.0432196 0.4513306
v -0.0252655 -0.0546100 0.4508810
v 0.0231560 -0.0546157 0.4508912
v 0.0138810 -0.0196053 0.4498187
v 0.0255443 -0.0143718 0.4477490
v -0.0159272 -0.0195698 0.4498361
v 0.0317493 -0.0160759 0.4459035
v -0.0276222 -0.0143926 0.4478145
v 0.0431174 0.0084798 0.4442107
v -0.0338277 -0.0160437 0.4458933
v 0.0508360 0.0079940 0.4405392
v -0.0451721 0.0084530 0.4442184
v 0.0506226 0.0264524 0.4425241
v -0.0529745 0.0079433 0.4405061
v 0.0597418 0.0279685 0.4368628
v -0.0527043 0.0264510 0.4425144
v 0.0450302 0.0565658 0.4433074
v -0.0618099 0.0280101 0.4368457
v 0.0554047 0.0596283 0.4315050
v 0.0676958 0.0350787 0.4295728
v 0.0631540 0.0535452 0.4171513
v -0.0471123 0.0566313 0.4433815
v -0.0575577 0.0596640 0.4315146
v -0.0697511 0.0350251 0.4295941
v -0.0652457 0.0535130 0.4172024
v -0.0207170 -0.0194665 0.1792958
v 0.0186878 -0.0194785 0.1793468
v 0.0206905 -0.0297779 0.1791463
v -0.0227702 -0.0297280 0.1791120
v -0.0225114 -0.0406325 0.1764810
v 0.0204727 -0.0406908 0.1765031
v -0.0251849 -0.0520113 0.1766901
v 0.0231154 -0.0520518 0.1766247
v 0.0138931 -0.0169295 0.1784344
v -0.0159836 -0.0169982 0.1784321
v 0.0255595 -0.0118390 0.1805851
v -0.0276401 -0.0118373 0.1805939
v 0.0318249 -0.0135031 0.1824365
v -0.0338809 -0.0135138 0.1823929
v 0.0431726 0.0109836 0.1845772
v -0.0451932 0.0109608 0.1846234
v 0.0508668 0.0104155 0.1882431
v -0.0529979 0.0104202 0.1882381
v 0.0506601 0.0289554 0.1865466
v -0.0527292 0.0289143 0.1865919
v 0.0597466 0.0302684 0.1922858
v -0.0617403 0.0302593 0.1922695
v 0.0450898 0.0590747 0.1864073
v -0.0471533 0.0589968 0.1863797
v 0.0554350 0.0619306 0.1982178
v 0.0677532 0.0372623 0.1997025
v 0.0630992 0.0555319 0.2125276
v -0.0575517 0.0618625 0.1982565
v -0.0697635 0.0372126 0.1997295
v -0.0652031 0.0555296 0.2124566
v 0.0758402 0.0751395 0.2286574
v 0.0554046 0.0652736 0.2174724
v 0.0680636 0.0647314 0.2231310
v 0.0848271 0.0649462 0.2257679
v 0.0722753 0.0569949 0.2205380
v 0.0631342 0.0554908 0.2124479
v 0.0855910 0.0548910 0.2220788
v 0.0769577 0.0312006 0.2041426
v 0.0676997 0.0372385 0.1997080
v 0.0841393 0.0283565 0.2038783
v 0.0596681 0.0302530 0.1923032
v 0.0699555 0.0223976 0.1968009
v 0.0775826 0.0192318 0.1972282
v 0.0508581 0.0104177 0.1882584
v 0.0599539 0.0019667 0.1897468
v 0.0318282 -0.0135155 0.1824002
v 0.0373541 -0.0145638 0.1854245
v 0.0381487 -0.0244854 0.1845606
v 0.0186771 -0.0193981 0.1793614
v 0.0206940 -0.0296795 0.1791703
v 0.0423926 -0.0346608 0.1821163
v 0.0205085 -0.0406583 0.1765199
v 0.0419883 -0.0455597 0.1789913
v 0.0231052 -0.0520195 0.1766871
v 0.0349436 -0.0558992 0.1802519
v 0.0434622 -0.0563926 0.1820577
v 0.0856373 0.0531887 0.4076130
v 0.0769483 0.0290757 0.4250315
v 0.0840824 0.0262340 0.4252023
v 0.0700405 0.0201232 0.4322400
v 0.0776262 0.0170547 0.4317561
v 0.0600385 -0.0003571 0.4389360
v 0.0509112 0.0079679 0.4404594
v 0.0597029 0.0279239 0.4368474
v 0.0317767 -0.0160472 0.4459442
v 0.0677633 0.0350148 0.4296205
v 0.0373654 -0.0170148 0.4429388
v 0.0381025 -0.0269704 0.4435240
v 0.0187008 -0.0219479 0.4488716
v 0.0207301 -0.0322909 0.4489467
v 0.0423985 -0.0371163 0.4459041
v 0.0204240 -0.0433072 0.4513225
v 0.0419525 -0.0480823 0.4487708
v 0.0230901 -0.0546006 0.4508992
v 0.0349769 -0.0584292 0.4472898
v 0.0435305 -0.0588934 0.4454381
v 0.0631183 0.0535051 0.4171620
v 0.0722439 0.0552065 0.4091539
v -0.0333752 0.1122347 0.3707177
v -0.0010017 0.1108698 0.3736003
v -0.0010761 0.1201167 0.3736963
v -0.0334411 0.1201213 0.3708037
v 0.0313789 0.1122919 0.3707323
v 0.0313540 0.1201522 0.3708361
v -0.0010533 0.1037738 0.3776584
v -0.0626690 0.1159535 0.3625299
v -0.0625962 0.1202090 0.3625856
v -0.0857697 0.1202926 0.3497101
v 0.0605557 0.1159994 0.3624971
v 0.0605275 0.1202234 0.3625849
v 0.0837102 0.1203427 0.3496555
v 0.0343455 0.1055925 0.3747149
v 0.0837082 0.1127356 0.3496188
v 0.0985851 0.1204464 0.3334380
v 0.0989773 0.1131129 0.3320181
v 0.1037453 0.1206107 0.3155046
v 0.0517247 0.0971036 0.3909950
v 0.1068911 0.1061648 0.3311467
v 0.1037299 0.1120619 0.3153589
v -0.1135301 0.1050869 0.3152637
v -0.1229739 0.1023427 0.3312956
v -0.1090413 0.1061573 0.3311838
v -0.0912317 0.1054246 0.3521533
v -0.1230373 0.1025952 0.3153247
v -0.1229729 0.1027090 0.2992614
v -0.1473430 0.0827817 0.3151181
v -0.1171228 0.0960778 0.3616442
v -0.0654197 0.1081887 0.3656987
v -0.1474023 0.0826798 0.3314000
v -0.0365152 0.1056661 0.3747031
v -0.0537950 0.0970278 0.3909757
v -0.1026743 0.0814132 0.3919397
v -0.1389155 0.0763267 0.3639457
v -0.1555818 0.0671003 0.3311387
v -0.1228391 0.0615572 0.3937949
v -0.0962898 0.0777588 0.3987113
v -0.1484645 0.0591704 0.3613087
v -0.1556194 0.0673267 0.3149001
v -0.1298978 0.0497340 0.3965905
v -0.1384124 0.0459113 0.3807193
v -0.1127116 0.0618764 0.4020878
v -0.1182422 0.0459273 0.4051560
v -0.0876691 0.0531231 0.4075467
v -0.1016887 0.0305753 0.4134992
v -0.0869703 0.0633237 0.4041080
v -0.0862116 0.0262002 0.4252847
v -0.0988979 0.0247179 0.4243556
v -0.0923651 0.0155152 0.4308544
v -0.0796690 0.0170294 0.4317267
v -0.0620397 -0.0003599 0.4389228
v -0.0927884 -0.0075407 0.4326082
v -0.0845420 -0.0203481 0.4372568
v -0.0395023 -0.0170191 0.4429194
v -0.0401969 -0.0269996 0.4435648
v -0.0795276 -0.0319247 0.4390868
v -0.0778249 0.0735233 0.4012955
v -0.0509148 0.0937778 0.3965107
v -0.0393081 0.0871583 0.3999048
v 0.0373086 0.0871177 0.3999355
v 0.0488106 0.0937622 0.3965724
v 0.0758240 0.0735242 0.4012723
v 0.0941487 0.0776736 0.3986477
v 0.0848535 0.0633264 0.4041422
v 0.1106260 0.0618435 0.4020330
v 0.0855813 0.0531066 0.4075271
v 0.1208136 0.0616452 0.3937887
v 0.1161079 0.0459131 0.4051273
v 0.0995626 0.0305580 0.4135093
v 0.1277486 0.0497705 0.3966326
v 0.0840689 0.0262642 0.4251946
v 0.0968547 0.0247719 0.4243515
v 0.0903038 0.0154739 0.4308670
v 0.0775954 0.0169959 0.4317276
v 0.0599795 -0.0003817 0.4389552
v 0.0907104 -0.0075214 0.4325855
v 0.0824007 -0.0203615 0.4372344
v 0.0373685 -0.0170071 0.4429269
v 0.0381233 -0.0269909 0.4435454
v 0.0773894 -0.0320006 0.4390283
v 0.1463565 0.0591740 0.3612297
v 0.1362998 0.0459784 0.3806295
v 0.1471619 0.0423630 0.3571713
v 0.1540753 0.0348873 0.3662911
v 0.1571781 0.0260164 0.3523117
v 0.1597703 0.0429279 0.3308996
v 0.1590863 0.0283375 0.3309040
v 0.1641460 0.0222043 0.3390591
v 0.1587653 0.0306166 0.3241367
v 0.1549907 0.0591360 0.3148182
v 0.1595655 0.0267637 0.3145823
v 0.1588349 0.0308204 0.3050084
v 0.1535449 0.0672846 0.3149122
v 0.1598490 0.0433109 0.2985221
v 0.1590835 0.0286342 0.2982329
v 0.1535955 0.0674699 0.2987239
v 0.1571566 0.0267943 0.2768415
v 0.1641230 0.0226960 0.2899690
v 0.1470926 0.0431907 0.2722433
v 0.1540729 0.0358882 0.2629346
v 0.1363419 0.0471743 0.2488593
v 0.1463210 0.0601065 0.2685161
v 0.1277931 0.0513229 0.2329217
v 0.1368507 0.0772033 0.2660924
v 0.1207956 0.0630850 0.2360735
v 0.1106343 0.0635613 0.2277354
v 0.1160851 0.0476634 0.2243668
v 0.0856407 0.0548857 0.2220548
v 0.0995463 0.0324652 0.2157704
v 0.0840764 0.0283450 0.2038842
v 0.0967867 0.0268170 0.2047471
v 0.0848246 0.0649530 0.2257210
v 0.0903674 0.0177133 0.1980877
v 0.0776416 0.0192420 0.1971418
v 0.0600380 0.0019592 0.1897411
v 0.0906946 -0.0052876 0.1958780
v 0.0824400 -0.0179868 0.1909815
v 0.0373724 -0.0145272 0.1854261
v 0.0381574 -0.0245502 0.1845550
v 0.0774647 -0.0295656 0.1889982
v 0.0941704 0.0793154 0.2314073
v 0.0757573 0.0751399 0.2286651
v 0.0488377 0.0952628 0.2338888
v 0.0372408 0.0887366 0.2303920
v 0.1005489 0.0829452 0.2382445
v -0.0509388 0.0952977 0.2339350
v -0.0393736 0.0888028 0.2303335
v -0.0779096 0.0751134 0.2286833
v 0.1453373 0.0829059 0.2987021
v -0.0962787 0.0793334 0.2313785
v -0.0869654 0.0649935 0.2257154
v -0.1026667 0.0829200 0.2382315
v -0.1127267 0.0635542 0.2277964
v -0.0877092 0.0549184 0.2220301
v -0.1228561 0.0631379 0.2359855
v -0.1171204 0.0970068 0.2687996
v -0.0912554 0.1061501 0.2784996
v -0.1182372 0.0475983 0.2242996
v -0.1016666 0.0323765 0.2157078
v -0.1298710 0.0513482 0.2329584
v -0.0861406 0.0283248 0.2039317
v -0.0988848 0.0268159 0.2047951
v -0.0924612 0.0177258 0.1980947
v -0.0796560 0.0193030 0.1972406
v -0.0620399 0.0020012 0.1896774
v -0.0927933 -0.0052576 0.1959129
v -0.0845668 -0.0180257 0.1909645
v -0.0394640 -0.0145330 0.1854268
v -0.0402134 -0.0245204 0.1845893
v -0.0794412 -0.0295370 0.1889843
v -0.1484269 0.0600867 0.2685059
v -0.1384284 0.0472340 0.2487812
v -0.1389203 0.0771866 0.2661107
v -0.1492413 0.0432227 0.2723092
v -0.1561308 0.0358996 0.2629238
v -0.1591682 0.0267625 0.2768075
v -0.1619236 0.0432267 0.2985671
v -0.1556085 0.0674471 0.2986970
v -0.1611793 0.0286574 0.2982623
v -0.1662799 0.0226922 0.2899166
v -0.1608423 0.0308713 0.3050639
v -0.1473409 0.0829879 0.2987028
v -0.1570929 0.0590972 0.3148476
v -0.1616516 0.0267876 0.3145225
v -0.1608723 0.0306271 0.3241571
v -0.1618727 0.0429757 0.3309191
v -0.1612112 0.0283570 0.3309590
v -0.1591609 0.0259911 0.3522163
v -0.1662629 0.0221623 0.3391449
v -0.1492112 0.0423536 0.3571334
v -0.1561604 0.0349473 0.3663327
v -0.1069722 -0.0229646 0.4255251
v -0.0970751 -0.0322031 0.4362315
v -0.0978542 -0.0205443 0.4340310
v -0.1056996 -0.0423639 0.4283600
v -0.1063220 -0.0147336 0.4243337
v -0.0927334 -0.0075535 0.4326218
v -0.0845653 -0.0203355 0.4372444
v -0.0794504 -0.0319888 0.4390327
v -0.1069345 -0.0209401 0.2027240
v -0.0971261 -0.0298554 0.1918029
v -0.1056374 -0.0401832 0.1994601
v -0.0978538 -0.0182347 0.1942336
v -0.1062661 -0.0126167 0.2040593
v -0.0928276 -0.0052807 0.1958494
v -0.0845279 -0.0179657 0.1910238
v -0.0794851 -0.0295760 0.1889666
v 0.0950563 -0.0321856 0.4361415
v 0.1048649 -0.0230422 0.4255174
v 0.0957323 -0.0205455 0.4339565
v 0.1035643 -0.0423071 0.4283843
v 0.1042197 -0.0147783 0.4243375
v 0.0907623 -0.0075099 0.4326517
v 0.0824822 -0.0203229 0.4372743
v 0.0773996 -0.0319412 0.4389973
v 0.0950024 -0.0298116 0.1918043
v 0.1048596 -0.0209022 0.2026835
v 0.1035861 -0.0401824 0.1994622
v 0.0957725 -0.0182407 0.1942042
v 0.1042651 -0.0126441 0.2039961
v 0.0906747 -0.0052520 0.1958735
v 0.0824529 -0.0180101 0.1910177
v 0.0773833 -0.0295325 0.1889989
v -0.1137781 -0.0083236 0.4182561
v -0.0927993 -0.0076032 0.4325699
v -0.1100436 0.0122185 0.4269471
v -0.1063526 -0.0147306 0.4243328
v -0.1237723 0.0133267 0.4151392
v -0.0924468 0.0155241 0.4308264
v -0.1171220 0.0196505 0.4141157
v -0.0988862 0.0247416 0.4243235
v -0.1871133 -0.1302543 0.3282958
v -0.1985556 -0.1270428 0.3254261
v -0.1949560 -0.1312354 0.3232307
v -0.1918942 -0.1275171 0.3302050
v -0.2033330 -0.1286646 0.3188754
v -0.1978030 -0.1318179 0.3174995
v -0.1986289 -0.1304024 0.3130697
v -0.1940561 -0.1315231 0.3130604
v -0.1977988 -0.1318191 0.3085700
v -0.2033234 -0.1285626 0.3072803
v -0.1949825 -0.1310429 0.3029173
v -0.1985915 -0.1267969 0.3007315
v -0.1870533 -0.1300212 0.2977813
v -0.1919091 -0.1271388 0.2960286
v 0.1850412 -0.1303151 0.3282650
v 0.1965115 -0.1270207 0.3254274
v 0.1898010 -0.1275241 0.3301578
v 0.1928600 -0.1311858 0.3232095
v 0.2012458 -0.1286117 0.3188833
v 0.1957549 -0.1318736 0.3175399
v 0.1965450 -0.1304306 0.3130133
v 0.1919077 -0.1315676 0.3130903
v 0.1957521 -0.1317457 0.3086325
v 0.2012948 -0.1285571 0.3073477
v 0.1929457 -0.1310107 0.3029536
v 0.1964928 -0.1268151 0.3007503
v 0.1849767 -0.1300079 0.2978318
v 0.1897879 -0.1271989 0.2959665
v -0.0252027 -0.0546406 0.4509218
v -0.0369613 -0.0583906 0.4473419
v -0.0223868 -0.0618146 0.4562112
v -0.0320838 -0.0651332 0.4520534
v 0.0230989 -0.0546515 0.4509495
v 0.0203072 -0.0618806 0.4561715
v 0.0349354 -0.0584722 0.4473087
v 0.0300893 -0.0650916 0.4520447
v -0.1702864 -0.1684956 0.3572235
v -0.1364317 -0.1970709 0.3615700
v -0.1579369 -0.1679256 0.3667324
v -0.1411066 -0.1657784 0.3691975
v -0.1249704 -0.1966283 0.3618558
v -0.1632924 -0.1430800 0.3669151
v -0.1444287 -0.1409339 0.3702461
v -0.1573235 -0.1217995 0.3640002
v -0.1422541 -0.1211076 0.3685905
v -0.1727445 -0.1436202 0.3574334
v -0.1648973 -0.1228149 0.3559438
v -0.1693405 -0.1419552 0.3469752
v -0.1700593 -0.1240258 0.3465208
v -0.1652124 -0.1667732 0.3469266
v -0.1462546 -0.1934154 0.3458168
v -0.1507270 -0.1961572 0.3539452
v -0.1095290 -0.2211352 0.3414911
v -0.1098201 -0.2234769 0.3462211
v -0.0780416 -0.2384392 0.3356656
v -0.1043777 -0.2243734 0.3490413
v -0.0987641 -0.2241447 0.3490023
v -0.0369643 -0.0558939 0.1802787
v -0.0223270 -0.0591749 0.1713349
v -0.0321435 -0.0624720 0.1754290
v -0.0252323 -0.0519929 0.1766301
v 0.0202340 -0.0591835 0.1712756
v 0.0231704 -0.0520226 0.1766742
v 0.0349845 -0.0558427 0.1802254
v 0.0300136 -0.0625366 0.1753322
v -0.1702926 -0.1675596 0.2682663
v -0.1363675 -0.1962070 0.2632889
v -0.1507135 -0.1953286 0.2709532
v -0.1461872 -0.1927779 0.2791015
v -0.1095904 -0.2205635 0.2828839
v -0.1651713 -0.1660694 0.2785292
v -0.1098487 -0.2227735 0.2780987
v -0.0780379 -0.2379708 0.2883878
v -0.1044675 -0.2235868 0.2753747
v -0.0987339 -0.2234826 0.2753095
v -0.1250333 -0.1957373 0.2629632
v -0.1411120 -0.1646782 0.2561840
v -0.1579789 -0.1669773 0.2586865
v -0.1632828 -0.1420021 0.2589385
v -0.1444176 -0.1398467 0.2556920
v -0.1727025 -0.1427611 0.2684531
v -0.1573120 -0.1208036 0.2622870
v -0.1421794 -0.1200138 0.2576856
v -0.1693616 -0.1413227 0.2790088
v -0.1649788 -0.1220023 0.2703440
v -0.1701097 -0.1233714 0.2797879
v 0.1342867 -0.1970925 0.3616287
v 0.1682162 -0.1684411 0.3571842
v 0.1558949 -0.1679771 0.3666637
v 0.1389727 -0.1657780 0.3692457
v 0.1229037 -0.1966046 0.3618395
v 0.1612697 -0.1430892 0.3668776
v 0.1423135 -0.1409240 0.3702872
v 0.1552951 -0.1217601 0.3640702
v 0.1401360 -0.1211493 0.3686346
v 0.1707056 -0.1435845 0.3574306
v 0.1628682 -0.1228268 0.3558864
v 0.1672378 -0.1420179 0.3469886
v 0.1680021 -0.1240325 0.3464543
v 0.1631123 -0.1667708 0.3469239
v 0.1441605 -0.1934592 0.3458003
v 0.1486882 -0.1961171 0.3540229
v 0.1075041 -0.2211781 0.3414762
v 0.1077672 -0.2234946 0.3462251
v 0.0759503 -0.2383432 0.3357182
v 0.1023604 -0.2243332 0.3489831
v 0.0966861 -0.2241773 0.3490073
v 0.1682365 -0.1676326 0.2681796
v 0.1343532 -0.1961735 0.2632162
v 0.1558601 -0.1669044 0.2586981
v 0.1390194 -0.1647171 0.2562102
v 0.1612805 -0.1420009 0.2589725
v 0.1423832 -0.1397808 0.2557121
v 0.1229667 -0.1957353 0.2630402
v 0.1552831 -0.1208329 0.2622282
v 0.1401104 -0.1200650 0.2576934
v 0.1706175 -0.1427989 0.2683899
v 0.1628487 -0.1220820 0.2703413
v 0.1672279 -0.1413624 0.2789171
v 0.1679651 -0.1233481 0.2797772
v 0.1631238 -0.1660851 0.2784894
v 0.1441896 -0.1927822 0.2791296
v 0.1486377 -0.1953606 0.2708668
v 0.1074575 -0.2206397 0.2829486
v 0.1076854 -0.2228484 0.2780727
v 0.0759652 -0.2379164 0.2883455
v 0.1023089 -0.2236515 0.2753250
v 0.0966441 -0.2234592 0.2753228
v -0.1977885 -0.1318943 0.3175207
v -0.1961774 -0.1517534 0.3237418
v -0.1949587 -0.1311534 0.3232124
v -0.1844622 -0.1509670 0.3286105
v -0.1870687 -0.1302531 0.3282606
v -0.1798404 -0.1724128 0.3273268
v -0.1973125 -0.1519728 0.3180504
v -0.1924612 -0.1733780 0.3233277
v -0.1939815 -0.1315887 0.3130411
v -0.1935465 -0.1328609 0.3129992
v -0.1916025 -0.1515148 0.3134377
v -0.1868457 -0.1731488 0.3146177
v -0.1763795 -0.1877660 0.3222987
v -0.1702477 -0.1871822 0.3243573
v -0.1628555 -0.1972202 0.3212464
v -0.1932609 -0.1738245 0.3184957
v -0.1792356 -0.1879631 0.3196974
v -0.1759353 -0.1874432 0.3176552
v -0.1628393 -0.1972647 0.3212085
v -0.1978319 -0.1317525 0.3085933
v -0.1961468 -0.1515664 0.3020524
v -0.1973405 -0.1518432 0.3076716
v -0.1940462 -0.1316064 0.3130279
v -0.1934972 -0.1328436 0.3129921
v -0.1915877 -0.1514919 0.3122419
v -0.1867948 -0.1731191 0.3107558
v -0.1950142 -0.1309875 0.3029701
v -0.1843782 -0.1505847 0.2971408
v -0.1870538 -0.1300578 0.2978707
v -0.1798653 -0.1721435 0.2979550
v -0.1924134 -0.1732301 0.3019782
v -0.1931856 -0.1737070 0.3067768
v -0.1764334 -0.1876368 0.3027093
v -0.1701874 -0.1869075 0.3006430
v -0.1628050 -0.1971371 0.3037093
v -0.1792614 -0.1877994 0.3052750
v -0.1759994 -0.1873827 0.3073745
v -0.1628479 -0.1971017 0.3036471
v 0.1940654 -0.1518358 0.3236720
v 0.1957090 -0.1318933 0.3175142
v 0.1929428 -0.1312301 0.3231772
v 0.1824053 -0.1508716 0.3285431
v 0.1849511 -0.1303045 0.3283619
v 0.1778330 -0.1724683 0.3273961
v 0.1951851 -0.1519639 0.3180196
v 0.1903929 -0.1734205 0.3233058
v 0.1914402 -0.1327935 0.3130948
v 0.1919616 -0.1316029 0.3130988
v 0.1895680 -0.1514838 0.3134390
v 0.1847699 -0.1731713 0.3146395
v 0.1743984 -0.1877728 0.3223427
v 0.1680835 -0.1871226 0.3243498
v 0.1606894 -0.1972957 0.3211763
v 0.1911925 -0.1738169 0.3185252
v 0.1771454 -0.1879674 0.3197499
v 0.1738725 -0.1874261 0.3176981
v 0.1607293 -0.1972361 0.3211568
v 0.1957022 -0.1317583 0.3085855
v 0.1940262 -0.1515823 0.3020638
v 0.1929515 -0.1309838 0.3029804
v 0.1823626 -0.1506433 0.2971429
v 0.1849630 -0.1300474 0.2978283
v 0.1777565 -0.1721609 0.2980402
v 0.1952035 -0.1519103 0.3076796
v 0.1903432 -0.1732437 0.3019797
v 0.1914540 -0.1328632 0.3130471
v 0.1918966 -0.1315919 0.3130159
v 0.1894671 -0.1514863 0.3122137
v 0.1847184 -0.1731310 0.3107599
v 0.1744066 -0.1875870 0.3027658
v 0.1681573 -0.1869718 0.3007101
v 0.1607763 -0.1971189 0.3036703
v 0.1911119 -0.1736917 0.3068225
v 0.1771926 -0.1878343 0.3053600
v 0.1739260 -0.1873923 0.3073028
v 0.1607819 -0.1971001 0.3036707
v -0.2076966 -0.1239459 0.3188508
v -0.2030382 -0.1256870 0.3131123
v -0.2033346 -0.1286563 0.3188977
v -0.1986481 -0.1304628 0.3130455
v -0.2071326 -0.1184820 0.3152304
v -0.1985101 -0.1270147 0.3254747
v -0.2071973 -0.1152782 0.3197785
v -0.2029297 -0.1222984 0.3254030
v -0.1919070 -0.1275442 0.3301333
v -0.2030211 -0.1156806 0.3263545
v -0.1923077 -0.1201123 0.3307226
v -0.2029590 -0.1257154 0.3130890
v -0.2034177 -0.1284834 0.3073528
v -0.1986304 -0.1304064 0.3130331
v -0.2076669 -0.1238284 0.3074325
v -0.2071553 -0.1184839 0.3112148
v -0.1985882 -0.1268418 0.3007946
v -0.2072466 -0.1151160 0.3065657
v -0.2029151 -0.1220201 0.3008351
v -0.1918057 -0.1271292 0.2960062
v -0.2030546 -0.1154043 0.3000070
v -0.1923091 -0.1198048 0.2955202
v 0.2009008 -0.1257329 0.3130718
v 0.2055968 -0.1239040 0.3187761
v 0.2012497 -0.1286465 0.3188803
v 0.1965637 -0.1304062 0.3131148
v 0.2050282 -0.1184974 0.3151448
v 0.1964226 -0.1270563 0.3254049
v 0.2051454 -0.1152448 0.3198270
v 0.2008228 -0.1222627 0.3253773
v 0.1897966 -0.1275087 0.3302307
v 0.2009511 -0.1156504 0.3263732
v 0.1902660 -0.1201124 0.3307521
v 0.1965763 -0.1303975 0.3130422
v 0.2013252 -0.1284834 0.3073011
v 0.2009222 -0.1256787 0.3130990
v 0.2056847 -0.1238077 0.3074328
v 0.2050600 -0.1184546 0.3112192
v 0.1964638 -0.1268370 0.3008065
v 0.2051240 -0.1151137 0.3065739
v 0.2007584 -0.1220840 0.3009154
v 0.1898307 -0.1271769 0.2960459
v 0.2009664 -0.1154586 0.3000780
v 0.1902985 -0.1197778 0.2955637
v -0.0858534 0.1133135 0.2811954
v -0.1006891 0.1208279 0.2974602
v -0.1010331 0.1134937 0.2987105
v -0.1057671 0.1206270 0.3154874
v -0.1090541 0.1064211 0.2995356
v -0.1058453 0.1120774 0.3153877
v -0.1010552 0.1131208 0.3319802
v -0.1006745 0.1205215 0.3334864
v -0.0858053 0.1127240 0.3496129
v -0.1866511 -0.1286328 0.3349572
v -0.1880045 -0.1509151 0.3372710
v -0.1801543 -0.1277193 0.3413744
v -0.1870310 -0.1302487 0.3283224
v -0.1836816 -0.1492262 0.3294196
v -0.1781057 -0.1724570 0.3296798
v -0.1856158 -0.1740975 0.3366703
v -0.1667919 -0.1898112 0.3309175
v -0.1710045 -0.1908281 0.3333543
v -0.1583558 -0.1988901 0.3313346
v -0.1698664 -0.1910434 0.3373248
v -0.1636757 -0.1904119 0.3381034
v -0.1657219 -0.1733978 0.3446221
v -0.1809003 -0.1743175 0.3431648
v -0.1827001 -0.1511841 0.3448337
v -0.1661476 -0.1502402 0.3475146
v -0.1700627 -0.1240197 0.3465326
v -0.1880477 -0.1504938 0.2884814
v -0.1867010 -0.1281986 0.2912356
v -0.1801757 -0.1271223 0.2847856
v -0.1836477 -0.1489661 0.2963467
v -0.1870760 -0.1300025 0.2978464
v -0.1781306 -0.1721781 0.2956881
v -0.1855790 -0.1735750 0.2886036
v -0.1668260 -0.1895087 0.2940927
v -0.1709645 -0.1904256 0.2916636
v -0.1583523 -0.1985196 0.2935331
v -0.1698994 -0.1906470 0.2876632
v -0.1637048 -0.1899709 0.2869382
v -0.1657267 -0.1728259 0.2806755
v -0.1809008 -0.1737425 0.2821700
v -0.1827470 -0.1506186 0.2809682
v -0.1662088 -0.1496460 0.2782896
v -0.1700344 -0.1233397 0.2797393
v 0.1781003 -0.1276500 0.3413464
v 0.1806278 -0.1511724 0.3447934
v 0.1859695 -0.1508864 0.3373218
v 0.1640828 -0.1503063 0.3475230
v 0.1679606 -0.1239873 0.3464839
v 0.1635957 -0.1733467 0.3446430
v 0.1845786 -0.1286659 0.3350135
v 0.1788818 -0.1743350 0.3430929
v 0.1816409 -0.1491972 0.3294599
v 0.1849446 -0.1302514 0.3282679
v 0.1760250 -0.1725113 0.3296915
v 0.1834742 -0.1740537 0.3366279
v 0.1647530 -0.1897679 0.3308213
v 0.1678627 -0.1910695 0.3373348
v 0.1616300 -0.1904665 0.3381432
v 0.1688706 -0.1908494 0.3333131
v 0.1563030 -0.1988660 0.3313315
v 0.1859677 -0.1504987 0.2885087
v 0.1781384 -0.1271649 0.2847685
v 0.1845837 -0.1281945 0.2911981
v 0.1815848 -0.1489615 0.2963255
v 0.1850407 -0.1299840 0.2978222
v 0.1760211 -0.1721278 0.2956871
v 0.1835371 -0.1735833 0.2886566
v 0.1646796 -0.1894286 0.2941625
v 0.1688924 -0.1904680 0.2915935
v 0.1562399 -0.1985501 0.2934920
v 0.1677991 -0.1905416 0.2875967
v 0.1615868 -0.1899156 0.2868849
v 0.1635957 -0.1727397 0.2806456
v 0.1788278 -0.1736935 0.2821960
v 0.1805727 -0.1506081 0.2809901
v 0.1640762 -0.1496314 0.2782366
v 0.1680176 -0.1233901 0.2797362
v -0.1758084 -0.1185227 0.3484956
v -0.1649615 -0.1228953 0.3558876
v -0.1718646 -0.1158409 0.3586676
v -0.1700864 -0.1240462 0.3464656
v -0.1573545 -0.1217200 0.3639809
v -0.1644379 -0.1139761 0.3669149
v -0.1479720 -0.1143540 0.3702247
v -0.1421907 -0.1211532 0.3686329
v -0.1758605 -0.1179356 0.2778751
v -0.1649751 -0.1219940 0.2703339
v -0.1701010 -0.1233274 0.2797329
v -0.1718491 -0.1149106 0.2677920
v -0.1573684 -0.1207925 0.2622763
v -0.1643566 -0.1129719 0.2595251
v -0.1479717 -0.1132107 0.2562660
v -0.1421516 -0.1200392 0.2577706
v 0.1628415 -0.1228110 0.3559347
v 0.1737893 -0.1185221 0.3484528
v 0.1698059 -0.1157494 0.3586440
v 0.1680119 -0.1240018 0.3464814
v 0.1552373 -0.1217344 0.3640590
v 0.1623235 -0.1139606 0.3668837
v 0.1458246 -0.1143051 0.3702690
v 0.1401412 -0.1211422 0.3686169
v 0.1628835 -0.1220459 0.2703997
v 0.1737610 -0.1178486 0.2779128
v 0.1679636 -0.1233371 0.2797295
v 0.1698465 -0.1149027 0.2677984
v 0.1552014 -0.1208205 0.2622617
v 0.1623097 -0.1129583 0.2595573
v 0.1458575 -0.1132104 0.2561972
v 0.1401313 -0.1200527 0.2577443
v -0.0930085 -0.0490902 0.4416116
v -0.1176565 -0.0707053 0.4290018
v -0.0861975 -0.0670330 0.4390955
v -0.0772051 -0.0656542 0.4410509
v -0.1074430 -0.0820312 0.4289385
v -0.0781660 -0.0432507 0.4429625
v -0.0971482 -0.0321630 0.4362008
v -0.0795197 -0.0320018 0.4390269
v -0.1057035 -0.0423909 0.4283424
v -0.1155181 -0.0629432 0.4215469
v -0.1259234 -0.0702086 0.4149307
v -0.1289549 -0.0774887 0.4236507
v -0.1200368 -0.0874959 0.4232622
v -0.1383215 -0.0824927 0.4142651
v -0.1339147 -0.0910884 0.4154195
v -0.1356750 -0.0748277 0.4074845
v -0.1281647 -0.0917777 0.4050462
v -0.1414892 -0.0819976 0.4031384
v -0.1432725 -0.0741828 0.3982711
v -0.1353264 -0.0878056 0.3939118
v -0.1456832 -0.0764715 0.3925529
v -0.1466255 -0.0699705 0.3902428
v -0.1458627 -0.0803207 0.3826827
v -0.1530604 -0.0714448 0.3853689
v -0.1517806 -0.0621066 0.3802084
v -0.1506657 -0.0739365 0.3764670
v -0.1573820 -0.0641138 0.3750625
v -0.1551030 -0.0672996 0.3702306
v -0.1523066 -0.0556112 0.3696532
v -0.1587909 -0.0590951 0.3647397
v -0.1546735 -0.0494671 0.3568290
v -0.1154939 -0.0609210 0.2059065
v -0.1057011 -0.0402106 0.1994608
v -0.0929749 -0.0466091 0.1861239
v -0.0970909 -0.0297859 0.1918609
v -0.0781600 -0.0407942 0.1848377
v -0.0795106 -0.0296098 0.1889713
v -0.0772023 -0.0632610 0.1863064
v -0.0862675 -0.0647374 0.1882025
v -0.1176793 -0.0684931 0.1982941
v -0.1259220 -0.0682966 0.2123012
v -0.1074907 -0.0798010 0.1980971
v -0.1289899 -0.0754103 0.2035169
v -0.1200889 -0.0854227 0.2036869
v -0.1382834 -0.0805855 0.2128420
v -0.1339109 -0.0891226 0.2114508
v -0.1356743 -0.0729363 0.2197433
v -0.1281341 -0.0899778 0.2218694
v -0.1415507 -0.0803718 0.2239813
v -0.1433202 -0.0725869 0.2289555
v -0.1353271 -0.0862927 0.2330456
v -0.1456702 -0.0749061 0.2346658
v -0.1466341 -0.0685691 0.2370183
v -0.1458932 -0.0789549 0.2444392
v -0.1530750 -0.0700864 0.2418778
v -0.1518255 -0.0607972 0.2472531
v -0.1507085 -0.0727571 0.2507131
v -0.1573925 -0.0629426 0.2523364
v -0.1551134 -0.0661435 0.2570964
v -0.1522638 -0.0544944 0.2579165
v -0.1587879 -0.0581152 0.2627919
v -0.1546764 -0.0486866 0.2709468
v 0.0909504 -0.0490956 0.4416451
v 0.0841765 -0.0670757 0.4391838
v 0.1155446 -0.0706317 0.4290722
v 0.0751464 -0.0656305 0.4410952
v 0.1053292 -0.0820630 0.4289243
v 0.0760295 -0.0432905 0.4429511
v 0.0949789 -0.0321126 0.4362168
v 0.0774417 -0.0319103 0.4389950
v 0.1036226 -0.0423573 0.4283783
v 0.1134213 -0.0629551 0.4215323
v 0.1238949 -0.0702609 0.4149730
v 0.1269332 -0.0775151 0.4237014
v 0.1180316 -0.0875160 0.4233118
v 0.1362534 -0.0824938 0.4142450
v 0.1318269 -0.0910962 0.4154768
v 0.1335604 -0.0747631 0.4074966
v 0.1260248 -0.0917701 0.4050438
v 0.1393965 -0.0820188 0.4031422
v 0.1411853 -0.0742770 0.3982290
v 0.1332439 -0.0877688 0.3939799
v 0.1436266 -0.0764592 0.3925070
v 0.1445659 -0.0699901 0.3902311
v 0.1437785 -0.0803008 0.3826017
v 0.1510303 -0.0714627 0.3853247
v 0.1496898 -0.0621135 0.3802527
v 0.1485395 -0.0738619 0.3764999
v 0.1552605 -0.0641425 0.3750883
v 0.1530988 -0.0672756 0.3702156
v 0.1501963 -0.0555832 0.3696479
v 0.1567372 -0.0591231 0.3647441
v 0.1525609 -0.0494383 0.3567645
v 0.1134336 -0.0608581 0.2058213
v 0.0909715 -0.0466323 0.1861168
v 0.1035661 -0.0401869 0.1994072
v 0.0950015 -0.0298142 0.1918425
v 0.0760585 -0.0407983 0.1847822
v 0.0773702 -0.0295817 0.1889946
v 0.0751903 -0.0632552 0.1863204
v 0.0841575 -0.0646794 0.1882268
v 0.1155772 -0.0684943 0.1983059
v 0.1239181 -0.0682743 0.2123486
v 0.1054028 -0.0798531 0.1981695
v 0.1269206 -0.0753542 0.2034884
v 0.1179703 -0.0854542 0.2036961
v 0.1362437 -0.0806292 0.2128346
v 0.1318807 -0.0891155 0.2114264
v 0.1335530 -0.0729808 0.2197556
v 0.1260086 -0.0899913 0.2218467
v 0.1394045 -0.0802834 0.2240276
v 0.1412120 -0.0725788 0.2289181
v 0.1332968 -0.0863060 0.2330699
v 0.1435830 -0.0749318 0.2345750
v 0.1445829 -0.0685611 0.2370386
v 0.1438210 -0.0789584 0.2444245
v 0.1509838 -0.0700803 0.2419499
v 0.1496847 -0.0607940 0.2472597
v 0.1486379 -0.0727438 0.2507777
v 0.1553414 -0.0629767 0.2523204
v 0.1530766 -0.0662303 0.2571214
v 0.1502289 -0.0544632 0.2578993
v 0.1567256 -0.0581578 0.2628130
v 0.1526008 -0.0487011 0.2708975
v -0.0862421 -0.0670726 0.4391245
v -0.1074301 -0.0820065 0.4289052
v -0.0934960 -0.0833260 0.4308109
v -0.0772105 -0.0656033 0.4411330
v -0.0985779 -0.0920871 0.4241404
v -0.1200375 -0.0875549 0.4233020
v -0.1135957 -0.0958284 0.4169398
v -0.1339654 -0.0911490 0.4154678
v -0.1280696 -0.0917695 0.4050411
v -0.0934663 -0.0810776 0.1962263
v -0.0862213 -0.0646433 0.1882133
v -0.0772324 -0.0632598 0.1863300
v -0.1074708 -0.0797842 0.1981639
v -0.0985434 -0.0900559 0.2027507
v -0.1201156 -0.0854430 0.2037481
v -0.1136172 -0.0938516 0.2099202
v -0.1338684 -0.0891413 0.2115052
v -0.1281432 -0.0900177 0.2218910
v 0.0841300 -0.0670661 0.4391203
v 0.0914009 -0.0833114 0.4308863
v 0.1054220 -0.0820338 0.4289700
v 0.0751255 -0.0655886 0.4410965
v 0.0964656 -0.0921502 0.4241546
v 0.1179541 -0.0875237 0.4232541
v 0.1115300 -0.0958424 0.4169039
v 0.1318963 -0.0910557 0.4153931
v 0.1260789 -0.0918004 0.4050142
v 0.0841123 -0.0646965 0.1882022
v 0.0914134 -0.0810748 0.1961770
v 0.0751854 -0.0632245 0.1862828
v 0.1053667 -0.0797854 0.1981285
v 0.0965236 -0.0899766 0.2027257
v 0.1180373 -0.0854551 0.2037474
v 0.1115366 -0.0939256 0.2098761
v 0.1318044 -0.0891929 0.2114774
v 0.1260077 -0.0900663 0.2218720
v -0.0685928 -0.0863786 0.4277738
v -0.0934844 -0.0833086 0.4308332
v -0.0986187 -0.0921511 0.4241319
v -0.0569816 -0.0775331 0.4344684
v -0.0772603 -0.0656150 0.4410680
v -0.0456044 -0.0588627 0.4454334
v -0.2058355 -0.0347855 0.3186458
v -0.1991599 -0.0397678 0.3139123
v -0.2005117 -0.0411948 0.3164895
v -0.2046484 -0.0553431 0.3137414
v -0.2036783 -0.0324902 0.3140102
v -0.2005076 -0.0410684 0.3112601
v -0.2058412 -0.0347261 0.3093141
v -0.0685497 -0.0841519 0.1992186
v -0.0935064 -0.0810311 0.1961634
v -0.0570817 -0.0752420 0.1927634
v -0.0986288 -0.0900442 0.2027521
v -0.0772024 -0.0631751 0.1862855
v -0.0456226 -0.0564357 0.1820443
v 0.0913861 -0.0832423 0.4308566
v 0.0664691 -0.0862749 0.4277781
v 0.0964784 -0.0921614 0.4241133
v 0.0549804 -0.0774749 0.4344704
v 0.0751228 -0.0656732 0.4411415
v 0.0434959 -0.0589007 0.4454564
v 0.1970416 -0.0398478 0.3139245
v 0.2037821 -0.0347468 0.3186204
v 0.1983435 -0.0411256 0.3165137
v 0.2015906 -0.0324903 0.3139928
v 0.2026388 -0.0553315 0.3137941
v 0.2037815 -0.0346948 0.3092867
v 0.1983777 -0.0411477 0.3113202
v 0.0913723 -0.0810017 0.1961478
v 0.0664282 -0.0841907 0.1992668
v 0.0549619 -0.0752183 0.1927293
v 0.0965382 -0.0900287 0.2027240
v 0.0751939 -0.0631778 0.1862974
v 0.0435389 -0.0564032 0.1820852
v -0.1998922 -0.0948770 0.2881544
v -0.2020584 -0.1012123 0.2922815
v -0.2061048 -0.0961684 0.2932345
v -0.1905152 -0.1153714 0.2867022
v -0.1974401 -0.1090540 0.2909881
v -0.1929579 -0.1078317 0.2872136
v -0.1943117 -0.1165437 0.2915447
v -0.2078661 -0.1015362 0.2942386
v -0.2131463 -0.0941976 0.2955178
v -0.2172375 -0.1010417 0.2989238
v -0.1993864 -0.1126256 0.2926356
v -0.1923990 -0.1197689 0.2955846
v -0.2030428 -0.1154520 0.3000134
v -0.2119869 -0.1086415 0.2986068
v -0.2162973 -0.1032792 0.3043913
v -0.2135645 -0.1107396 0.3046215
v -0.2072275 -0.1151031 0.3065788
v -0.2132910 -0.1079560 0.3132942
v -0.2124361 -0.1132786 0.3131831
v -0.2071819 -0.1185086 0.3111952
v -0.2029373 -0.1257217 0.3130615
v -0.2071844 -0.1185437 0.3151773
v -0.2072420 -0.1152530 0.3197755
v -0.2152892 -0.0998478 0.3095039
v -0.2135308 -0.1109186 0.3218777
v -0.2029682 -0.1157180 0.3263782
v -0.2135775 -0.1016000 0.3133096
v -0.2153001 -0.0911340 0.3134795
v -0.2153527 -0.0998986 0.3171693
v -0.2163427 -0.1034170 0.3221993
v -0.2120079 -0.1088886 0.3278578
v -0.2171746 -0.1013422 0.3277628
v -0.1993583 -0.1129513 0.3338392
v -0.1923210 -0.1201635 0.3307567
v -0.1943152 -0.1169290 0.3348606
v -0.2078633 -0.1019625 0.3324051
v -0.2130888 -0.0945582 0.3312814
v -0.2061969 -0.0965192 0.3334634
v -0.1974100 -0.1094376 0.3355620
v -0.1905415 -0.1158720 0.3396879
v -0.2021297 -0.1016390 0.3343695
v -0.1998715 -0.0952944 0.3386989
v -0.1930268 -0.1083544 0.3394114
v -0.1972833 -0.1004943 0.3401259
v -0.1915256 -0.1106845 0.3421557
v -0.1818407 -0.1177398 0.3448495
v -0.1941549 -0.0983929 0.3442311
v -0.1993448 -0.0910052 0.3431206
v -0.1862399 -0.0917141 0.3489103
v -0.1876806 -0.1067908 0.3486712
v -0.1650175 -0.1069603 0.3547127
v -0.1758465 -0.1186154 0.3484623
v -0.1701012 -0.1028878 0.3562468
v -0.1665646 -0.1011272 0.3587240
v -0.1829680 -0.0825110 0.3423701
v -0.1749094 -0.0904821 0.3550899
v -0.1652622 -0.0885209 0.3590808
v -0.1700898 -0.0809443 0.3501208
v -0.1636937 -0.0772530 0.3550987
v -0.1672207 -0.0665298 0.3446077
v -0.1756205 -0.0689609 0.3375357
v -0.1647064 -0.0630898 0.3496032
v -0.1765691 -0.0644391 0.3366790
v -0.1691069 -0.0612597 0.3437622
v -0.1665635 -0.0578300 0.3487061
v -0.1847597 -0.0510481 0.3349333
v -0.1767777 -0.0463865 0.3405462
v 0.2000586 -0.1012757 0.2922991
v 0.1977851 -0.0948114 0.2881206
v 0.2041160 -0.0960943 0.2932656
v 0.1953434 -0.1089830 0.2910057
v 0.1883861 -0.1153283 0.2867122
v 0.1909295 -0.1077929 0.2872126
v 0.1922572 -0.1165837 0.2916030
v 0.2058043 -0.1015744 0.2942186
v 0.2110089 -0.0941799 0.2955641
v 0.2151158 -0.1010861 0.2988761
v 0.1972685 -0.1125449 0.2925945
v 0.1902371 -0.1198371 0.2956042
v 0.2009318 -0.1153770 0.3000710
v 0.2099385 -0.1086259 0.2986169
v 0.2142294 -0.1032109 0.3044248
v 0.2114167 -0.1107173 0.3045928
v 0.2050801 -0.1151303 0.3065976
v 0.2112139 -0.1080008 0.3132829
v 0.2103805 -0.1133619 0.3132313
v 0.2050246 -0.1184935 0.3112216
v 0.2009201 -0.1256610 0.3130598
v 0.2050323 -0.1185379 0.3151561
v 0.2051724 -0.1152889 0.3197871
v 0.2132436 -0.0998151 0.3095404
v 0.2114230 -0.1109233 0.3218945
v 0.2009747 -0.1156593 0.3263273
v 0.2114863 -0.1015217 0.3133614
v 0.2132213 -0.0912296 0.3134416
v 0.2132522 -0.0998894 0.3171475
v 0.2142427 -0.1033674 0.3222964
v 0.2098903 -0.1088992 0.3279350
v 0.2151089 -0.1013321 0.3278094
v 0.1973007 -0.1129189 0.3338437
v 0.1902489 -0.1201476 0.3308252
v 0.1922672 -0.1169923 0.3348328
v 0.2058435 -0.1018967 0.3324775
v 0.2110524 -0.0945064 0.3312909
v 0.2041046 -0.0965325 0.3335212
v 0.1952886 -0.1094654 0.3355131
v 0.1884424 -0.1158161 0.3397452
v 0.2000476 -0.1016288 0.3343558
v 0.1977871 -0.0953461 0.3386130
v 0.1908839 -0.1083103 0.3394163
v 0.1951831 -0.1005277 0.3401251
v 0.1920361 -0.0983949 0.3442667
v 0.1893548 -0.1107063 0.3421928
v 0.1797176 -0.1178139 0.3448633
v 0.1973355 -0.0910019 0.3430922
v 0.1840910 -0.0916425 0.3489939
v 0.1856001 -0.1067521 0.3487009
v 0.1629521 -0.1069354 0.3546267
v 0.1737870 -0.1185158 0.3485316
v 0.1680101 -0.1028603 0.3562738
v 0.1645820 -0.1011212 0.3587718
v 0.1809306 -0.0824899 0.3422982
v 0.1728246 -0.0904795 0.3551434
v 0.1632004 -0.0885436 0.3590885
v 0.1680041 -0.0809187 0.3500734
v 0.1616567 -0.0773254 0.3551338
v 0.1651756 -0.0665167 0.3446018
v 0.1734544 -0.0688950 0.3375896
v 0.1625624 -0.0631716 0.3496501
v 0.1744488 -0.0644452 0.3367129
v 0.1669702 -0.0612222 0.3436745
v 0.1645063 -0.0577773 0.3487735
v 0.1827113 -0.0509885 0.3349578
v 0.1746319 -0.0464798 0.3405175
v -0.1904533 -0.1159047 0.3397112
v -0.1861714 -0.1237900 0.3431122
v -0.1818304 -0.1177931 0.3448215
v -0.1758041 -0.1185596 0.3484659
v -0.1923588 -0.1255587 0.3362177
v -0.1943468 -0.1169386 0.3347705
v -0.1924009 -0.1201507 0.3308045
v -0.1918664 -0.1274674 0.3302141
v -0.1818177 -0.1171529 0.2815295
v -0.1861368 -0.1233051 0.2830955
v -0.1905145 -0.1153146 0.2866689
v -0.1758465 -0.1178938 0.2778784
v -0.1923625 -0.1250616 0.2899671
v -0.1943712 -0.1165497 0.2915891
v -0.1923204 -0.1197699 0.2955122
v -0.1918457 -0.1271294 0.2960160
v 0.1841406 -0.1237949 0.3431079
v 0.1884793 -0.1158529 0.3396965
v 0.1797165 -0.1178066 0.3448802
v 0.1736921 -0.1185502 0.3485146
v 0.1902864 -0.1255231 0.3361940
v 0.1923102 -0.1169292 0.3348499
v 0.1903174 -0.1201576 0.3307282
v 0.1898247 -0.1274583 0.3301910
v 0.1884436 -0.1153549 0.2866935
v 0.1840730 -0.1232901 0.2830978
v 0.1797276 -0.1171768 0.2815566
v 0.1737843 -0.1179321 0.2778564
v 0.1902464 -0.1251209 0.2899939
v 0.1922250 -0.1165485 0.2915545
v 0.1903136 -0.1198537 0.2955386
v 0.1898000 -0.1271695 0.2960260
v -0.1182760 -0.1090232 0.3942721
v -0.1262129 -0.0985236 0.3920930
v -0.1201835 -0.1068209 0.3844380
v -0.1172497 -0.1011401 0.4031442
v -0.1176201 -0.1120034 0.3902130
v -0.1281593 -0.0917659 0.4049551
v -0.1136314 -0.0958969 0.4169001
v -0.1353375 -0.0877895 0.3939294
v -0.1323674 -0.0963155 0.3826753
v -0.1514167 -0.0871422 0.3752603
v -0.1392864 -0.0977511 0.3771588
v -0.1558653 -0.0903976 0.3679888
v -0.1453732 -0.1014379 0.3717111
v -0.1634763 -0.0987695 0.3631500
v -0.1306565 -0.1051370 0.3798372
v -0.1581523 -0.1056487 0.3613608
v -0.1650135 -0.1069513 0.3546560
v -0.1456879 -0.1107604 0.3702881
v -0.1564544 -0.1047870 0.3628523
v -0.1480008 -0.1143021 0.3702019
v -0.1242947 -0.1098839 0.3792799
v -0.1340860 -0.1142212 0.3784390
v -0.1155018 -0.1103202 0.3809830
v -0.1034867 -0.1150438 0.3844817
v -0.1019500 -0.1175486 0.3760752
v -0.1233239 -0.1172059 0.3792501
v -0.1019518 -0.1175106 0.3761070
v -0.1340602 -0.1142728 0.3784195
v -0.1292463 -0.1196702 0.3785200
v -0.1387632 -0.1218822 0.3750515
v -0.1436152 -0.1168514 0.3753086
v -0.1422371 -0.1211395 0.3686093
v -0.1480051 -0.1142810 0.3702660
v -0.1415070 -0.1071551 0.3778165
v -0.1392436 -0.0978305 0.3771068
v -0.1453636 -0.1014301 0.3717387
v -0.1464442 -0.1093914 0.3740686
v -0.1435682 -0.1167993 0.3752828
v -0.1456161 -0.1107947 0.3703141
v -0.1479830 -0.1142962 0.3702712
v -0.1183271 -0.1074988 0.2322199
v -0.1262260 -0.0971070 0.2346387
v -0.1172314 -0.0994797 0.2235751
v -0.1136903 -0.0939143 0.2098420
v -0.1281292 -0.0899808 0.2219198
v -0.1353636 -0.0862549 0.2329748
v -0.1201873 -0.1055199 0.2421803
v -0.1324170 -0.0949680 0.2440683
v -0.1513536 -0.0859818 0.2517330
v -0.1175895 -0.1105777 0.2362665
v -0.1392665 -0.0966277 0.2496501
v -0.1558068 -0.0893819 0.2588857
v -0.1453910 -0.1003997 0.2549221
v -0.1305940 -0.1039524 0.2468243
v -0.1634805 -0.0978184 0.2635763
v -0.1581935 -0.1047445 0.2652580
v -0.1650829 -0.1060999 0.2718846
v -0.1456950 -0.1096908 0.2562313
v -0.1564164 -0.1038408 0.2637560
v -0.1479806 -0.1132221 0.2561735
v -0.1154890 -0.1090963 0.2456360
v -0.1034834 -0.1137153 0.2419660
v -0.1019795 -0.1163688 0.2503275
v -0.1242401 -0.1086769 0.2473342
v -0.1234091 -0.1159250 0.2471072
v -0.1019579 -0.1162898 0.2502644
v -0.1341424 -0.1129629 0.2480408
v -0.1292601 -0.1184292 0.2478306
v -0.1387473 -0.1206745 0.2512665
v -0.1436347 -0.1156523 0.2510724
v -0.1422066 -0.1200261 0.2577388
v -0.1479050 -0.1132346 0.2562604
v -0.1341282 -0.1129742 0.2479790
v -0.1414215 -0.1058762 0.2487541
v -0.1392883 -0.0965475 0.2496479
v -0.1453522 -0.1003210 0.2549955
v -0.1464951 -0.1082592 0.2525174
v -0.1435787 -0.1157027 0.2510857
v -0.1457212 -0.1096929 0.2561648
v -0.1479562 -0.1132338 0.2562681
v 0.1241712 -0.0985631 0.3921359
v 0.1162602 -0.1090197 0.3942406
v 0.1181653 -0.1068664 0.3844438
v 0.1151518 -0.1012336 0.4031536
v 0.1154965 -0.1120961 0.3902102
v 0.1260328 -0.0917551 0.4050351
v 0.1115483 -0.0958347 0.4169435
v 0.1332068 -0.0878205 0.3939559
v 0.1303578 -0.0963027 0.3826880
v 0.1492997 -0.0871878 0.3752526
v 0.1371880 -0.0978235 0.3770794
v 0.1538007 -0.0903570 0.3679899
v 0.1432900 -0.1014812 0.3717821
v 0.1285600 -0.1051693 0.3798141
v 0.1614418 -0.0986994 0.3631591
v 0.1561135 -0.1056626 0.3614026
v 0.1629673 -0.1069356 0.3547133
v 0.1435947 -0.1107568 0.3703105
v 0.1543696 -0.1047806 0.3628392
v 0.1458524 -0.1142556 0.3702377
v 0.1222170 -0.1098845 0.3792906
v 0.1320303 -0.1142485 0.3783850
v 0.1134485 -0.1103503 0.3809264
v 0.1014458 -0.1150272 0.3844294
v 0.0999490 -0.1175201 0.3760926
v 0.1213082 -0.1172130 0.3793166
v 0.0999188 -0.1174916 0.3760485
v 0.1320604 -0.1142692 0.3784035
v 0.1271743 -0.1196763 0.3784968
v 0.1366973 -0.1219112 0.3750200
v 0.1414862 -0.1168883 0.3753231
v 0.1401078 -0.1211398 0.3685957
v 0.1459282 -0.1142790 0.3702083
v 0.1393749 -0.1071531 0.3778519
v 0.1371546 -0.0978152 0.3770644
v 0.1432975 -0.1015082 0.3717312
v 0.1443909 -0.1094208 0.3740174
v 0.1415097 -0.1168099 0.3752997
v 0.1435434 -0.1108412 0.3702718
v 0.1458923 -0.1143324 0.3702129
v 0.1240888 -0.0971036 0.2346196
v 0.1162554 -0.1075055 0.2323010
v 0.1151479 -0.0994651 0.2235355
v 0.1115548 -0.0938972 0.2099272
v 0.1260747 -0.0899733 0.2218815
v 0.1332378 -0.0862498 0.2329938
v 0.1181235 -0.1055342 0.2420938
v 0.1302915 -0.0949789 0.2441377
v 0.1493716 -0.0859588 0.2516575
v 0.1155408 -0.1106188 0.2362341
v 0.1371856 -0.0965473 0.2496539
v 0.1537167 -0.0893132 0.2588662
v 0.1432637 -0.1004040 0.2549480
v 0.1614340 -0.0977482 0.2635826
v 0.1285683 -0.1039672 0.2467398
v 0.1560854 -0.1047308 0.2651877
v 0.1630136 -0.1061693 0.2719142
v 0.1435415 -0.1096804 0.2561541
v 0.1543624 -0.1037621 0.2638140
v 0.1459022 -0.1132255 0.2562450
v 0.1221868 -0.1086808 0.2473353
v 0.1319820 -0.1129874 0.2480222
v 0.1134657 -0.1091091 0.2455575
v 0.1013856 -0.1137261 0.2419440
v 0.0998640 -0.1163743 0.2502880
v 0.1213220 -0.1159529 0.2470836
v 0.0999512 -0.1163215 0.2503240
v 0.1320342 -0.1129442 0.2480595
v 0.1272270 -0.1184385 0.2477834
v 0.1366477 -0.1207177 0.2513269
v 0.1415278 -0.1156410 0.2510934
v 0.1400921 -0.1200949 0.2576737
v 0.1458901 -0.1131676 0.2562667
v 0.1393363 -0.1058551 0.2488323
v 0.1372204 -0.0965761 0.2496984
v 0.1432635 -0.1003855 0.2549172
v 0.1444562 -0.1081785 0.2525029
v 0.1414782 -0.1156397 0.2510374
v 0.1435863 -0.1097084 0.2561784
v 0.1458379 -0.1132461 0.2561886
v -0.1614274 0.0273080 0.3656353
v -0.1628224 0.0206642 0.3807958
v -0.1572402 0.0302180 0.3827102
v -0.1479189 0.0226395 0.3947863
v -0.1662058 0.0152670 0.3651004
v -0.1426275 0.0295648 0.3966699
v -0.1332110 0.0200516 0.4052925
v -0.1560957 0.0349475 0.3663185
v -0.1384146 0.0459161 0.3807158
v -0.1591672 0.0260723 0.3523063
v -0.1298520 0.0497425 0.3965959
v -0.1182119 0.0459562 0.4051996
v -0.1329994 0.0317077 0.4042354
v -0.1171357 0.0197073 0.4141544
v -0.1017194 0.0304941 0.4134895
v -0.0988754 0.0247634 0.4242665
v -0.1645945 0.0183829 0.3515642
v -0.1661977 0.0221715 0.3390894
v -0.1672476 0.0064991 0.3514710
v -0.1709415 0.0139260 0.3385192
v -0.1746131 0.0097706 0.3371445
v -0.1726637 0.0148433 0.3319415
v -0.1611882 0.0282864 0.3308879
v -0.1740475 0.0091770 0.3309433
v -0.1716128 0.0173230 0.3250551
v -0.1608315 0.0306499 0.3241666
v -0.1717172 0.0053762 0.3256816
v -0.1617068 0.0267666 0.3145532
v -0.1681245 0.0172730 0.3145015
v -0.1716229 0.0093755 0.3143603
v -0.1715841 0.0174895 0.3039632
v -0.1608383 0.0308072 0.3050343
v -0.1611537 0.0285940 0.2982489
v -0.1716910 0.0055943 0.3030619
v -0.1669706 0.0014690 0.3143188
v -0.1706592 -0.0006473 0.3230108
v -0.1610250 -0.0144102 0.3181663
v -0.1609617 -0.0139853 0.3141631
v -0.1609637 -0.0142963 0.3101651
v -0.1707171 -0.0004332 0.3056428
v -0.1739826 0.0094467 0.2979162
v -0.1726608 0.0151509 0.2970484
v -0.1746500 0.0101720 0.2915888
v -0.1662497 0.0226457 0.2899556
v -0.1709761 0.0143839 0.2903578
v -0.1672263 0.0072006 0.2773257
v -0.1645084 0.0190861 0.2773729
v -0.1592122 0.0267289 0.2768452
v -0.1661685 0.0161987 0.2638446
v -0.1614478 0.0282691 0.2634719
v -0.1561203 0.0359227 0.2629632
v -0.1628053 0.0219102 0.2482638
v -0.1571799 0.0314523 0.2464614
v -0.1383761 0.0472489 0.2487833
v -0.1479318 0.0241009 0.2343337
v -0.1426431 0.0311118 0.2324833
v -0.1298837 0.0513637 0.2329142
v -0.1332736 0.0218308 0.2237706
v -0.1182018 0.0476901 0.2243379
v -0.1330246 0.0333775 0.2250206
v -0.1170565 0.0216147 0.2148544
v -0.1016478 0.0324256 0.2156893
v -0.0989373 0.0268572 0.2047609
v 0.1607129 0.0206007 0.3808522
v 0.1593698 0.0272764 0.3656660
v 0.1551479 0.0301594 0.3827426
v 0.1641368 0.0152053 0.3650479
v 0.1457972 0.0225619 0.3947210
v 0.1540778 0.0349265 0.3663192
v 0.1571427 0.0260917 0.3522913
v 0.1362902 0.0459415 0.3806203
v 0.1624623 0.0184545 0.3515052
v 0.1651717 0.0065208 0.3514354
v 0.1641383 0.0222037 0.3391178
v 0.1405298 0.0295085 0.3966416
v 0.1277768 0.0498036 0.3966043
v 0.1312061 0.0200126 0.4052778
v 0.1161783 0.0459534 0.4051466
v 0.1309290 0.0317011 0.4042425
v 0.1149757 0.0197027 0.4141578
v 0.0996333 0.0305247 0.4134553
v 0.0968292 0.0246928 0.4243521
v 0.1688662 0.0139006 0.3385033
v 0.1725953 0.0097419 0.3371360
v 0.1705649 0.0148505 0.3318932
v 0.1591383 0.0283015 0.3309311
v 0.1718870 0.0091462 0.3309334
v 0.1695200 0.0173138 0.3250279
v 0.1587954 0.0306824 0.3241829
v 0.1696880 0.0054373 0.3256527
v 0.1595839 0.0267797 0.3145311
v 0.1660224 0.0173714 0.3144925
v 0.1695003 0.0094171 0.3144248
v 0.1694896 0.0175322 0.3039442
v 0.1588066 0.0307953 0.3050451
v 0.1591129 0.0285952 0.2982661
v 0.1696022 0.0056615 0.3030731
v 0.1648643 0.0014440 0.3143197
v 0.1685979 -0.0006238 0.3229888
v 0.1718858 0.0094748 0.2978827
v 0.1589304 -0.0143335 0.3181114
v 0.1686074 -0.0004752 0.3056420
v 0.1588685 -0.0139078 0.3142056
v 0.1589191 -0.0142521 0.3101528
v 0.1706417 0.0151503 0.2970340
v 0.1725270 0.0101497 0.2916126
v 0.1641675 0.0226648 0.2899213
v 0.1689086 0.0143891 0.2903805
v 0.1651215 0.0072028 0.2772837
v 0.1625091 0.0191522 0.2774449
v 0.1571666 0.0268082 0.2768874
v 0.1641357 0.0161653 0.2638110
v 0.1593800 0.0282524 0.2634698
v 0.1540564 0.0359345 0.2629226
v 0.1607837 0.0219049 0.2482329
v 0.1550949 0.0314537 0.2465200
v 0.1363071 0.0472253 0.2488124
v 0.1457848 0.0241557 0.2343477
v 0.1405685 0.0310829 0.2325425
v 0.1277716 0.0513463 0.2329871
v 0.1312290 0.0217766 0.2237581
v 0.1161718 0.0476658 0.2243411
v 0.1309816 0.0334228 0.2250307
v 0.1150556 0.0216159 0.2148496
v 0.0996292 0.0324057 0.2156982
v 0.0968373 0.0267940 0.2048187
v -0.1701128 -0.1240090 0.3465246
v -0.1861731 -0.1238003 0.3430902
v -0.1801314 -0.1276554 0.3414170
v -0.1757748 -0.1185622 0.3484685
v -0.1866920 -0.1286913 0.3350281
v -0.1923329 -0.1255037 0.3362006
v -0.1918871 -0.1275224 0.3301422
v -0.1870225 -0.1302768 0.3283619
v -0.1861256 -0.1232523 0.2831614
v -0.1700462 -0.1233391 0.2797179
v -0.1801356 -0.1271036 0.2847655
v -0.1758079 -0.1179005 0.2778459
v -0.1867178 -0.1281899 0.2912381
v -0.1923667 -0.1250850 0.2900083
v -0.1919070 -0.1271386 0.2960552
v -0.1870955 -0.1300343 0.2977824
v 0.1680225 -0.1240284 0.3464901
v 0.1841062 -0.1238279 0.3431203
v 0.1737710 -0.1186133 0.3484521
v 0.1780954 -0.1276659 0.3413432
v 0.1846522 -0.1286288 0.3349375
v 0.1903153 -0.1255407 0.3362561
v 0.1898233 -0.1274583 0.3301957
v 0.1850263 -0.1303427 0.3282856
v 0.1680294 -0.1234151 0.2797347
v 0.1840897 -0.1233028 0.2831473
v 0.1780837 -0.1270932 0.2848430
v 0.1737265 -0.1179451 0.2779037
v 0.1845804 -0.1282412 0.2911500
v 0.1902540 -0.1250933 0.2899774
v 0.1897591 -0.1271554 0.2960281
v 0.1849718 -0.1299989 0.2977812
v -0.1732546 -0.0680240 0.3340011
v -0.1833807 -0.0819080 0.3373153
v -0.1755959 -0.0689293 0.3375781
v -0.1829788 -0.0825036 0.3423276
v -0.1988848 -0.0855015 0.3371206
v -0.1994131 -0.0910486 0.3431846
v -0.1765716 -0.0644917 0.3367112
v -0.1740491 -0.0640324 0.3331937
v -0.1797934 -0.0559154 0.3319707
v -0.1847832 -0.0510358 0.3349482
v -0.1857309 -0.0486545 0.3304486
v -0.1909036 -0.0442156 0.3334413
v -0.1916012 -0.0449667 0.3275589
v -0.1978729 -0.0386971 0.3300618
v -0.1957461 -0.0423863 0.3237614
v -0.2015723 -0.0381027 0.3252080
v -0.1979841 -0.0425460 0.3215871
v -0.2058923 -0.0340638 0.3225569
v -0.2058077 -0.0347418 0.3186954
v -0.1939276 -0.0434870 0.3185812
v -0.2004677 -0.0411425 0.3165304
v -0.1943206 -0.0473723 0.3161363
v -0.2046531 -0.0553649 0.3137625
v -0.1833685 -0.0815299 0.2897347
v -0.1731783 -0.0675813 0.2933613
v -0.1755893 -0.0685252 0.2897744
v -0.1830159 -0.0818972 0.2847512
v -0.1988489 -0.0850932 0.2899195
v -0.1993689 -0.0904946 0.2837969
v -0.1765160 -0.0640479 0.2907495
v -0.1740741 -0.0636298 0.2942750
v -0.1797002 -0.0555452 0.2956240
v -0.1847603 -0.0506867 0.2927012
v -0.1857907 -0.0483778 0.2972871
v -0.1908936 -0.0439194 0.2943753
v -0.1915932 -0.0446407 0.3001548
v -0.1979509 -0.0383944 0.2977675
v -0.1957705 -0.0421926 0.3040223
v -0.2015764 -0.0378987 0.3027640
v -0.1980311 -0.0423589 0.3062592
v -0.2059345 -0.0338381 0.3054882
v -0.2058539 -0.0346370 0.3093140
v -0.1939361 -0.0433401 0.3091351
v -0.2004310 -0.0411351 0.3113042
v -0.1943497 -0.0473265 0.3115721
v -0.2047359 -0.0553560 0.3137732
v 0.1734891 -0.0689428 0.3375187
v 0.1809281 -0.0824318 0.3423454
v 0.1812586 -0.0819645 0.3373508
v 0.1967469 -0.0855452 0.3370828
v 0.1972687 -0.0910788 0.3431357
v 0.1710960 -0.0679753 0.3339043
v 0.1744281 -0.0644363 0.3366407
v 0.1719470 -0.0640210 0.3331348
v 0.1776562 -0.0558950 0.3319060
v 0.1827198 -0.0510215 0.3349136
v 0.1837278 -0.0486220 0.3304354
v 0.1888236 -0.0442807 0.3333981
v 0.1894425 -0.0449441 0.3275928
v 0.1958463 -0.0387281 0.3301030
v 0.1936482 -0.0423439 0.3237948
v 0.1994787 -0.0382040 0.3251479
v 0.1958736 -0.0425526 0.3215540
v 0.2038550 -0.0340727 0.3225569
v 0.2037809 -0.0347505 0.3186591
v 0.1918729 -0.0434351 0.3185768
v 0.1984334 -0.0411667 0.3164960
v 0.1922472 -0.0473672 0.3161123
v 0.2026068 -0.0553013 0.3137635
v 0.1812871 -0.0814836 0.2897475
v 0.1734796 -0.0684435 0.2897576
v 0.1711547 -0.0676705 0.2934221
v 0.1809703 -0.0819273 0.2846969
v 0.1967722 -0.0851085 0.2898952
v 0.1972498 -0.0904169 0.2837856
v 0.1744713 -0.0640288 0.2906634
v 0.1719910 -0.0636231 0.2942765
v 0.1776263 -0.0556177 0.2955945
v 0.1826337 -0.0506490 0.2927168
v 0.1836780 -0.0483930 0.2972504
v 0.1887623 -0.0438368 0.2943727
v 0.1895087 -0.0446835 0.3001528
v 0.1958447 -0.0384493 0.2977568
v 0.1936232 -0.0421576 0.3039880
v 0.1994500 -0.0379627 0.3026784
v 0.1959513 -0.0423794 0.3061828
v 0.2038181 -0.0338836 0.3054311
v 0.2037734 -0.0347207 0.3093416
v 0.1919059 -0.0433928 0.3091883
v 0.1983880 -0.0410555 0.3112606
v 0.1922253 -0.0472766 0.3115124
v 0.2025949 -0.0553495 0.3137316
v -0.1422260 -0.1510552 0.3716818
v -0.1325855 -0.1608995 0.3746271
v -0.1416269 -0.1508083 0.3763074
v -0.1320393 -0.1604583 0.3718931
v -0.1153786 -0.1706829 0.3710465
v -0.1469500 -0.1433227 0.3711184
v -0.1250896 -0.1613906 0.3774540
v -0.1202686 -0.1614123 0.3773635
v -0.1206442 -0.1510255 0.3807688
v -0.1323435 -0.1511961 0.3808047
v -0.1332502 -0.1411573 0.3815400
v -0.1202409 -0.1397568 0.3820245
v -0.1452501 -0.1421828 0.3766902
v -0.1487109 -0.1345304 0.3697365
v -0.1463083 -0.1323458 0.3759041
v -0.1421817 -0.1210622 0.3685468
v -0.1387670 -0.1218451 0.3750294
v -0.1330209 -0.1298734 0.3809410
v -0.1292842 -0.1196643 0.3785086
v -0.1200005 -0.1274739 0.3805936
v -0.1234124 -0.1172131 0.3793220
v -0.1422904 -0.1499365 0.2541438
v -0.1325735 -0.1597007 0.2509129
v -0.1320848 -0.1594103 0.2537201
v -0.1154043 -0.1696540 0.2543075
v -0.1416444 -0.1496104 0.2494204
v -0.1469706 -0.1422649 0.2548207
v -0.1250436 -0.1601904 0.2480584
v -0.1202679 -0.1601759 0.2481806
v -0.1205675 -0.1498130 0.2448949
v -0.1323842 -0.1498831 0.2450083
v -0.1332715 -0.1398899 0.2443247
v -0.1202601 -0.1384082 0.2439627
v -0.1452719 -0.1409442 0.2492091
v -0.1487696 -0.1335119 0.2562595
v -0.1463071 -0.1311576 0.2502386
v -0.1421785 -0.1200765 0.2577390
v -0.1388071 -0.1206561 0.2513069
v -0.1330803 -0.1285597 0.2451804
v -0.1292356 -0.1184438 0.2478399
v -0.1199974 -0.1261336 0.2456676
v -0.1233244 -0.1159815 0.2470808
v 0.1305481 -0.1608946 0.3746984
v 0.1401489 -0.1510190 0.3716597
v 0.1395479 -0.1507839 0.3762794
v 0.1300103 -0.1605090 0.3719056
v 0.1132738 -0.1706788 0.3710683
v 0.1448592 -0.1433966 0.3710800
v 0.1230124 -0.1613783 0.3774382
v 0.1182736 -0.1614302 0.3774045
v 0.1185196 -0.1511165 0.3807790
v 0.1303647 -0.1512041 0.3808226
v 0.1312529 -0.1411109 0.3815438
v 0.1181975 -0.1397121 0.3821003
v 0.1432544 -0.1421506 0.3767131
v 0.1466957 -0.1345600 0.3698066
v 0.1442790 -0.1323282 0.3758669
v 0.1401540 -0.1210739 0.3685625
v 0.1366454 -0.1219236 0.3749889
v 0.1309561 -0.1298711 0.3809916
v 0.1272146 -0.1197127 0.3785299
v 0.1178689 -0.1275141 0.3805987
v 0.1212512 -0.1171341 0.3792647
v 0.1401666 -0.1498808 0.2540814
v 0.1305229 -0.1597306 0.2509153
v 0.1395612 -0.1495729 0.2495005
v 0.1299352 -0.1593900 0.2537233
v 0.1133374 -0.1696269 0.2543276
v 0.1448887 -0.1422761 0.2548293
v 0.1229424 -0.1601426 0.2480833
v 0.1182468 -0.1601435 0.2481950
v 0.1185273 -0.1498360 0.2449682
v 0.1303597 -0.1498583 0.2450271
v 0.1311757 -0.1398553 0.2443869
v 0.1182480 -0.1383652 0.2438891
v 0.1432445 -0.1409060 0.2492484
v 0.1466805 -0.1334567 0.2562521
v 0.1441950 -0.1311836 0.2501541
v 0.1400855 -0.1200387 0.2577447
v 0.1367150 -0.1206965 0.2513061
v 0.1310125 -0.1286327 0.2451238
v 0.1271869 -0.1185010 0.2477688
v 0.1178633 -0.1261644 0.2455980
v 0.1212509 -0.1158875 0.2471234
v -0.2062642 -0.0929337 0.3326755
v -0.2063143 -0.0926791 0.3281618
v -0.2131325 -0.0945342 0.3313368
v -0.2060998 -0.0965756 0.3335240
v -0.1998636 -0.0952836 0.3386803
v -0.2002439 -0.0903202 0.3365100
v -0.1993925 -0.0910693 0.3431899
v -0.1988578 -0.0855276 0.3371521
v -0.2061670 -0.0961499 0.2932863
v -0.2131669 -0.0942446 0.2955059
v -0.2062664 -0.0925306 0.2941884
v -0.2063103 -0.0923336 0.2986393
v -0.1998654 -0.0948896 0.2881263
v -0.2002767 -0.0899125 0.2903635
v -0.1994056 -0.0904202 0.2837353
v -0.1988351 -0.0851029 0.2899116
v 0.2041957 -0.0929018 0.3326414
v 0.2109987 -0.0945945 0.3313065
v 0.2042426 -0.0926632 0.3281572
v 0.2040913 -0.0964810 0.3335030
v 0.1978779 -0.0953279 0.3386046
v 0.1981705 -0.0903414 0.3365171
v 0.1973397 -0.0910539 0.3431171
v 0.1967583 -0.0854672 0.3371014
v 0.2041260 -0.0925131 0.2941664
v 0.2110428 -0.0941759 0.2954867
v 0.2040765 -0.0961582 0.2932176
v 0.2042628 -0.0923516 0.2986834
v 0.1977948 -0.0948376 0.2882015
v 0.1982253 -0.0899179 0.2903789
v 0.1972790 -0.0905155 0.2837102
v 0.1968186 -0.0850817 0.2898614
v -0.1662274 -0.0296807 0.3356881
v -0.1657531 -0.0312172 0.3446615
v -0.1644710 -0.0253556 0.3450171
v -0.1669814 -0.0345480 0.3412614
v -0.1624858 -0.0285267 0.3482958
v -0.1658618 -0.0174386 0.3533266
v -0.1620924 -0.0364624 0.3487517
v -0.1669425 -0.0381609 0.3467059
v -0.1748995 -0.0421023 0.3442725
v -0.1595024 -0.0440369 0.3530794
v -0.1639237 -0.0526998 0.3524692
v -0.1665898 -0.0577983 0.3487941
v -0.1546797 -0.0495216 0.3567282
v -0.1640853 -0.0580238 0.3545527
v -0.1646958 -0.0631276 0.3496531
v -0.1587663 -0.0591508 0.3646801
v -0.1591869 -0.0696612 0.3600878
v -0.1637716 -0.0773542 0.3551123
v -0.1551790 -0.0672380 0.3702724
v -0.1583997 -0.0826212 0.3657343
v -0.1652296 -0.0885165 0.3590645
v -0.1506772 -0.0739418 0.3764711
v -0.1514283 -0.0871825 0.3752586
v -0.1458704 -0.0803080 0.3826352
v -0.1353762 -0.0877789 0.3939312
v -0.1558568 -0.0903627 0.3680636
v -0.1634761 -0.0987486 0.3631675
v -0.1666157 -0.1011202 0.3587310
v -0.1650393 -0.1069855 0.3547232
v -0.1662928 -0.0293109 0.2922913
v -0.1657691 -0.0306728 0.2834566
v -0.1669005 -0.0339539 0.2866442
v -0.1645373 -0.0248259 0.2830909
v -0.1624545 -0.0279020 0.2797998
v -0.1658211 -0.0166595 0.2750077
v -0.1621065 -0.0358772 0.2791629
v -0.1669864 -0.0375242 0.2812411
v -0.1749796 -0.0415832 0.2835262
v -0.1595436 -0.0433192 0.2747082
v -0.1638407 -0.0519881 0.2751333
v -0.1665295 -0.0571544 0.2787779
v -0.1546160 -0.0486792 0.2709429
v -0.1641319 -0.0572439 0.2728977
v -0.1646525 -0.0624461 0.2777425
v -0.1588063 -0.0580911 0.2627793
v -0.1592511 -0.0687856 0.2672123
v -0.1637138 -0.0765191 0.2720516
v -0.1551874 -0.0661366 0.2571145
v -0.1584770 -0.0816394 0.2613169
v -0.1652309 -0.0876925 0.2678430
v -0.1506180 -0.0727295 0.2507116
v -0.1514235 -0.0859981 0.2516725
v -0.1458233 -0.0789209 0.2444123
v -0.1353664 -0.0862345 0.2330721
v -0.1558438 -0.0893036 0.2589273
v -0.1635558 -0.0978350 0.2635661
v -0.1665746 -0.1002380 0.2679595
v -0.1650594 -0.1061699 0.2719074
v 0.1641729 -0.0297331 0.3357710
v 0.1636792 -0.0312587 0.3445795
v 0.1648496 -0.0344933 0.3413158
v 0.1624459 -0.0253620 0.3451000
v 0.1604080 -0.0285864 0.3482913
v 0.1637907 -0.0174031 0.3533707
v 0.1600497 -0.0365500 0.3487312
v 0.1648858 -0.0382018 0.3466721
v 0.1728515 -0.0421140 0.3442649
v 0.1573983 -0.0440233 0.3530721
v 0.1618526 -0.0527131 0.3524483
v 0.1645232 -0.0578043 0.3487718
v 0.1525658 -0.0494989 0.3567762
v 0.1620345 -0.0580565 0.3546003
v 0.1626036 -0.0631274 0.3496446
v 0.1566542 -0.0591409 0.3646536
v 0.1571934 -0.0696599 0.3600507
v 0.1616952 -0.0772773 0.3551086
v 0.1530535 -0.0672584 0.3702509
v 0.1563617 -0.0825957 0.3656672
v 0.1631424 -0.0885122 0.3590723
v 0.1485877 -0.0739000 0.3765176
v 0.1492913 -0.0871241 0.3752225
v 0.1437863 -0.0802542 0.3826140
v 0.1332980 -0.0878380 0.3938855
v 0.1537203 -0.0903159 0.3679954
v 0.1614035 -0.0987943 0.3631503
v 0.1645712 -0.1010386 0.3588052
v 0.1629889 -0.1069817 0.3546658
v 0.1636910 -0.0307042 0.2834580
v 0.1642506 -0.0292642 0.2923255
v 0.1649029 -0.0339437 0.2866967
v 0.1624036 -0.0247558 0.2830306
v 0.1604466 -0.0278967 0.2797489
v 0.1637556 -0.0166874 0.2749709
v 0.1599717 -0.0357991 0.2791713
v 0.1649005 -0.0375459 0.2811871
v 0.1728405 -0.0415219 0.2835055
v 0.1574495 -0.0432767 0.2747008
v 0.1618173 -0.0519171 0.2750883
v 0.1644314 -0.0572033 0.2787455
v 0.1525667 -0.0486413 0.2708933
v 0.1620806 -0.0572244 0.2729527
v 0.1625721 -0.0623875 0.2777417
v 0.1567414 -0.0580902 0.2627603
v 0.1571507 -0.0687971 0.2672132
v 0.1616768 -0.0765625 0.2720702
v 0.1530674 -0.0662203 0.2571107
v 0.1563443 -0.0815748 0.2613198
v 0.1631838 -0.0876573 0.2678619
v 0.1485833 -0.0726640 0.2507024
v 0.1493577 -0.0859978 0.2516814
v 0.1437585 -0.0789565 0.2444589
v 0.1332271 -0.0862471 0.2330405
v 0.1537579 -0.0893222 0.2588550
v 0.1614016 -0.0978449 0.2635711
v 0.1645284 -0.1002394 0.2679261
v 0.1630347 -0.1061892 0.2718972
v -0.1609285 -0.0142815 0.3102230
v -0.1706289 -0.0004340 0.3055973
v -0.1847589 -0.0002533 0.3004116
v -0.1717040 0.0056300 0.3030753
v -0.1658225 -0.0269628 0.3009878
v -0.1739881 0.0094583 0.2979167
v -0.1856021 -0.0010080 0.2933385
v -0.1662879 -0.0292419 0.2923442
v -0.1746214 0.0101837 0.2916489
v -0.1645329 -0.0247879 0.2830991
v -0.1769452 -0.0033666 0.2802445
v -0.1658166 -0.0166430 0.2749139
v -0.1671829 0.0072789 0.2773340
v -0.1688747 -0.0080082 0.2652076
v -0.1739893 0.0072774 0.2647918
v -0.1661765 0.0161832 0.2638855
v -0.1650708 -0.0001842 0.2526500
v -0.1703518 0.0161575 0.2488291
v -0.1628539 0.0218898 0.2482564
v -0.1517862 0.0020520 0.2412205
v -0.1551341 0.0188355 0.2338275
v -0.1478942 0.0241671 0.2343375
v -0.1358035 0.0013474 0.2301684
v -0.1332327 0.0218200 0.2237878
v -0.1399379 0.0167483 0.2226796
v -0.1224890 -0.0012874 0.2192966
v -0.1237558 0.0152735 0.2137278
v -0.1170837 0.0215750 0.2148782
v -0.1136908 -0.0063317 0.2101858
v -0.1100846 0.0143807 0.2019311
v -0.0989345 0.0268089 0.2047832
v -0.0923947 0.0177236 0.1981358
v -0.0928030 -0.0053310 0.1958546
v -0.1063450 -0.0126083 0.2039939
v 0.1338205 -0.0002931 0.3984568
v 0.1530677 0.0172343 0.3951786
v 0.1378207 0.0149905 0.4063204
v 0.1204228 -0.0031456 0.4092320
v 0.1497102 0.0006101 0.3874172
v 0.1216695 0.0133442 0.4151906
v 0.1116845 -0.0083339 0.4182260
v 0.1311331 0.0200709 0.4052378
v 0.1458532 0.0226231 0.3946903
v 0.1150379 0.0196209 0.4141844
v 0.1607614 0.0206269 0.3808409
v 0.1079504 0.0122627 0.4269344
v 0.0968617 0.0247533 0.4243014
v 0.0903429 0.0155268 0.4308508
v 0.0906845 -0.0075580 0.4325655
v 0.1042761 -0.0147557 0.4243607
v 0.1682303 0.0149364 0.3800339
v 0.1641289 0.0152479 0.3650939
v 0.1630387 -0.0013551 0.3760049
v 0.1718697 0.0063182 0.3639773
v 0.1651972 0.0064863 0.3514455
v 0.1667996 -0.0088966 0.3631540
v 0.1748675 -0.0040069 0.3483643
v 0.1637146 -0.0174079 0.3533106
v 0.1726145 0.0097299 0.3371457
v 0.1623856 -0.0253482 0.3450412
v 0.1834729 -0.0014397 0.3352130
v 0.1641726 -0.0297394 0.3357870
v 0.1718852 0.0090850 0.3309497
v 0.1637865 -0.0271829 0.3271910
v 0.1826563 -0.0005199 0.3281329
v 0.1695879 0.0054161 0.3256471
v 0.1588823 -0.0143622 0.3181730
v 0.1685843 -0.0006000 0.3229861
v 0.1589082 -0.0142899 0.3102510
v 0.1826633 -0.0002800 0.3004723
v 0.1686020 -0.0004754 0.3056376
v 0.1696299 0.0056658 0.3030314
v 0.1637524 -0.0268684 0.3009203
v 0.1719688 0.0094768 0.2978713
v 0.1834923 -0.0009946 0.2933038
v 0.1642338 -0.0292671 0.2923317
v 0.1725939 0.0102218 0.2916581
v 0.1623700 -0.0247589 0.2830543
v 0.1748561 -0.0033889 0.2802037
v 0.1637260 -0.0166747 0.2749285
v 0.1651478 0.0072109 0.2772763
v 0.1667130 -0.0080159 0.2652157
v 0.1719268 0.0072723 0.2647679
v 0.1641556 0.0162291 0.2638275
v 0.1630541 -0.0001557 0.2526114
v 0.1683027 0.0162120 0.2488273
v 0.1607692 0.0219176 0.2482572
v 0.1497207 0.0020536 0.2411788
v 0.1530725 0.0187709 0.2337465
v 0.1458760 0.0241335 0.2343607
v 0.1337420 0.0012995 0.2301662
v 0.1311557 0.0218309 0.2238087
v 0.1378533 0.0167484 0.2226830
v 0.1204126 -0.0013207 0.2193233
v 0.1216438 0.0152394 0.2136566
v 0.1149668 0.0215741 0.2148431
v 0.1116226 -0.0064224 0.2102207
v 0.1079924 0.0143596 0.2018933
v 0.0968530 0.0268494 0.2047484
v 0.0903236 0.0177749 0.1981136
v 0.0907528 -0.0053367 0.1958565
v 0.1042462 -0.0126058 0.2040020
v -0.0882219 -0.1459690 0.2894562
v -0.0882161 -0.1464751 0.3363724
v -0.1176036 -0.1361535 0.3365458
v -0.1176356 -0.1356602 0.2894970
v 0.0861800 -0.1464217 0.3363978
v 0.0861579 -0.1459885 0.2893996
v 0.1155943 -0.1361572 0.3365234
v 0.1155460 -0.1357234 0.2894870
v -0.1357971 -0.0002705 0.3983831
v -0.1551586 0.0172098 0.3951470
v -0.1517543 0.0006735 0.3874552
v -0.1399681 0.0150187 0.4062565
v -0.1225286 -0.0031273 0.4093114
v -0.1703041 0.0149233 0.3800695
v -0.1651379 -0.0013550 0.3759546
v -0.1332861 0.0200149 0.4052369
v -0.1479095 0.0226303 0.3947016
v -0.1628426 0.0206500 0.3808358
v -0.1662366 0.0152679 0.3650565
v -0.1739946 0.0063312 0.3639236
v -0.1671991 0.0065336 0.3513943
v -0.1688705 -0.0089045 0.3632164
v -0.1769363 -0.0040036 0.3483396
v -0.1658813 -0.0174089 0.3533740
v -0.1746539 0.0097845 0.3372216
v -0.1644562 -0.0253938 0.3450962
v -0.1856042 -0.0014575 0.3352079
v -0.1662317 -0.0296952 0.3357730
v -0.1740380 0.0091163 0.3309568
v -0.1658194 -0.0271187 0.3271781
v -0.1847422 -0.0005238 0.3282127
v -0.1716666 0.0054085 0.3256903
v -0.1610002 -0.0143441 0.3181765
v -0.1707176 -0.0006303 0.3229882
v -0.1802730 -0.0382243 0.3378700
v -0.1662920 -0.0296865 0.3357248
v -0.1807872 -0.0343363 0.3316392
v -0.1658084 -0.0271316 0.3271691
v -0.1669147 -0.0345142 0.3412577
v -0.1749558 -0.0421374 0.3442525
v -0.1978941 -0.0387195 0.3301325
v -0.1908936 -0.0442440 0.3333578
v -0.1853326 -0.0325693 0.3271822
v -0.2015513 -0.0381623 0.3252086
v -0.1888035 -0.0306873 0.3225423
v -0.2059034 -0.0339740 0.3225224
v -0.1609722 -0.0144289 0.3181761
v -0.2058032 -0.0347904 0.3186644
v -0.1763760 -0.0192323 0.3177900
v -0.1609644 -0.0139466 0.3141739
v -0.2036884 -0.0325267 0.3139574
v -0.1764123 -0.0188225 0.3141081
v -0.1763978 -0.0191514 0.3105046
v -0.1609694 -0.0143138 0.3101560
v -0.2058141 -0.0347227 0.3092525
v -0.1888359 -0.0305951 0.3055000
v -0.2059071 -0.0338713 0.3054607
v -0.1658754 -0.0268993 0.3009274
v -0.2015414 -0.0379696 0.3027144
v -0.1853227 -0.0323030 0.3007453
v -0.1979447 -0.0384581 0.2977574
v -0.1808125 -0.0339260 0.2963033
v -0.1662510 -0.0292658 0.2922937
v -0.1802562 -0.0377738 0.2899807
v -0.1669860 -0.0339777 0.2867205
v -0.1908844 -0.0438312 0.2943671
v -0.1749433 -0.0416107 0.2835199
v -0.1767604 -0.0458823 0.2871376
v -0.1847078 -0.0506338 0.2926934
v -0.1665238 -0.0571272 0.2787926
v -0.1691106 -0.0606298 0.2837826
v -0.1764796 -0.0640405 0.2907042
v -0.1647296 -0.0624599 0.2777376
v -0.1671762 -0.0658890 0.2827267
v -0.1755208 -0.0685062 0.2897312
v -0.1637145 -0.0764937 0.2720548
v -0.1829544 -0.0819423 0.2846906
v -0.1701202 -0.0801862 0.2769571
v -0.1652405 -0.0876103 0.2678495
v -0.1862553 -0.0909744 0.2779623
v -0.1748418 -0.0897571 0.2717796
v -0.1666198 -0.1001911 0.2679185
v -0.1993726 -0.0904961 0.2836928
v -0.1700676 -0.1020862 0.2704345
v -0.1650475 -0.1061917 0.2719068
v -0.1940954 -0.0977812 0.2824729
v -0.1876354 -0.1060175 0.2778751
v -0.1818493 -0.1171502 0.2815752
v -0.1758584 -0.1179416 0.2778847
v -0.1914410 -0.1101451 0.2842855
v -0.1972829 -0.1000535 0.2866124
v 0.1781418 -0.0382405 0.3378708
v 0.1642272 -0.0296914 0.3356946
v 0.1648889 -0.0345112 0.3412423
v 0.1728418 -0.0420918 0.3443498
v 0.1786857 -0.0342447 0.3317018
v 0.1637860 -0.0271862 0.3271219
v 0.1958509 -0.0387436 0.3301390
v 0.1888331 -0.0442530 0.3333970
v 0.1832879 -0.0326022 0.3272634
v 0.1994518 -0.0381386 0.3251125
v 0.1867477 -0.0307587 0.3225539
v 0.2037905 -0.0340695 0.3225577
v 0.1589231 -0.0143962 0.3181648
v 0.2037432 -0.0347364 0.3186589
v 0.1743594 -0.0193155 0.3177840
v 0.1588897 -0.0139806 0.3141445
v 0.2016394 -0.0324969 0.3139871
v 0.1743608 -0.0188063 0.3141208
v 0.1743096 -0.0192019 0.3105043
v 0.1588559 -0.0143073 0.3101507
v 0.2037268 -0.0347353 0.3093131
v 0.1867565 -0.0305105 0.3054657
v 0.2038175 -0.0338597 0.3054439
v 0.1637052 -0.0268856 0.3009744
v 0.1995029 -0.0379360 0.3027633
v 0.1832464 -0.0323107 0.3007389
v 0.1958585 -0.0383861 0.2978032
v 0.1787337 -0.0339939 0.2962885
v 0.1642452 -0.0292518 0.2923103
v 0.1781685 -0.0377655 0.2900228
v 0.1648726 -0.0340011 0.2866409
v 0.1888207 -0.0439092 0.2944095
v 0.1728528 -0.0415783 0.2835017
v 0.1746987 -0.0459818 0.2872047
v 0.1826960 -0.0506579 0.2926871
v 0.1644680 -0.0571863 0.2787959
v 0.1670458 -0.0606535 0.2837438
v 0.1744279 -0.0639765 0.2907230
v 0.1625748 -0.0624207 0.2777784
v 0.1651554 -0.0659842 0.2827745
v 0.1735180 -0.0685118 0.2897803
v 0.1617104 -0.0765123 0.2719977
v 0.1808957 -0.0819277 0.2847246
v 0.1680446 -0.0802173 0.2769644
v 0.1631234 -0.0876450 0.2678721
v 0.1841265 -0.0910130 0.2778980
v 0.1728322 -0.0897529 0.2717721
v 0.1644836 -0.1001936 0.2679546
v 0.1972957 -0.0904413 0.2836940
v 0.1679710 -0.1020688 0.2704180
v 0.1629453 -0.1061539 0.2718681
v 0.1920756 -0.0978231 0.2824993
v 0.1856106 -0.1060237 0.2778345
v 0.1797591 -0.1172283 0.2814987
v 0.1737496 -0.1179367 0.2778662
v 0.1894471 -0.1101948 0.2843111
v 0.1951935 -0.1000232 0.2866141
v -0.1266299 -0.0093409 0.3746154
v -0.1651386 -0.0013781 0.3759626
v -0.1337213 -0.0104573 0.3657913
v -0.1688460 -0.0089493 0.3631839
v -0.1517520 0.0006683 0.3874238
v -0.1424929 -0.0153196 0.3544290
v -0.1156055 -0.0109418 0.3842651
v -0.1658295 -0.0174050 0.3533479
v -0.1358821 -0.0002641 0.3984273
v -0.1440580 -0.0200104 0.3509600
v -0.1055671 -0.0142288 0.3917421
v -0.1625432 -0.0285448 0.3482727
v -0.1225479 -0.0031255 0.4093239
v -0.1450024 -0.0274537 0.3495360
v -0.1000377 -0.0183385 0.3977912
v -0.1449612 -0.0340344 0.3503889
v -0.1137128 -0.0083567 0.4182586
v -0.1621093 -0.0364536 0.3487924
v -0.0971678 -0.0229896 0.4013688
v -0.1425052 -0.0395342 0.3532037
v -0.1063506 -0.0147264 0.4243600
v -0.1595669 -0.0440998 0.3530479
v -0.1069567 -0.0229961 0.4255454
v -0.1546444 -0.0495101 0.3568239
v -0.0960287 -0.0282670 0.4035560
v -0.1380499 -0.0418555 0.3581817
v -0.0957788 -0.0397280 0.4053890
v -0.1523511 -0.0555439 0.3696994
v -0.1057042 -0.0423519 0.4283638
v -0.1308467 -0.0451029 0.3669850
v -0.1154789 -0.0630015 0.4215484
v -0.1254956 -0.0499853 0.3758249
v -0.1008463 -0.0519303 0.4014128
v -0.1518102 -0.0620767 0.3801732
v -0.1259953 -0.0702787 0.4149553
v -0.1191249 -0.0558120 0.3828369
v -0.1047982 -0.0558667 0.3981313
v -0.1465795 -0.0700584 0.3902825
v -0.1355877 -0.0747869 0.4075327
v -0.1132717 -0.0591806 0.3875238
v -0.1086910 -0.0590729 0.3933637
v -0.1432156 -0.0741877 0.3983087
v -0.1265789 -0.0082318 0.2537633
v -0.1650710 -0.0002473 0.2526469
v -0.1517774 0.0020305 0.2412200
v -0.1337047 -0.0094592 0.2625963
v -0.1156911 -0.0096078 0.2441669
v -0.1688328 -0.0080023 0.2652527
v -0.1358422 0.0013237 0.2301690
v -0.1425568 -0.0145842 0.2738289
v -0.1055329 -0.0126760 0.2366145
v -0.1658131 -0.0167142 0.2749958
v -0.1224876 -0.0012938 0.2193230
v -0.1440932 -0.0192596 0.2772667
v -0.1000641 -0.0167199 0.2305868
v -0.1624634 -0.0278795 0.2797902
v -0.1136932 -0.0063213 0.2101769
v -0.1449794 -0.0268047 0.2785594
v -0.0972065 -0.0214173 0.2267572
v -0.1449283 -0.0332627 0.2775509
v -0.1063425 -0.0126438 0.2040071
v -0.1620460 -0.0358660 0.2791825
v -0.1069693 -0.0209390 0.2026580
v -0.1425049 -0.0387585 0.2746861
v -0.0959722 -0.0265346 0.2245264
v -0.1595451 -0.0432844 0.2746639
v -0.0958076 -0.0379952 0.2224595
v -0.1545955 -0.0486885 0.2708963
v -0.1056524 -0.0401598 0.1994285
v -0.1380415 -0.0410417 0.2696567
v -0.1154576 -0.0609033 0.2058107
v -0.1523527 -0.0544752 0.2578977
v -0.1008723 -0.0502322 0.2261780
v -0.1308716 -0.0440984 0.2608320
v -0.1260060 -0.0682915 0.2123239
v -0.1254858 -0.0488401 0.2518467
v -0.1047819 -0.0543561 0.2294481
v -0.1517883 -0.0608673 0.2472383
v -0.1356890 -0.0729980 0.2197138
v -0.1190950 -0.0545470 0.2447769
v -0.1086067 -0.0575317 0.2342095
v -0.1465691 -0.0685586 0.2370468
v -0.1432690 -0.0726117 0.2289338
v -0.1132466 -0.0578006 0.2400134
v 0.1315808 -0.0104610 0.3657851
v 0.1630392 -0.0013747 0.3760224
v 0.1245027 -0.0093532 0.3746628
v 0.1497105 0.0006077 0.3874457
v 0.1668080 -0.0089518 0.3631914
v 0.1135871 -0.0109883 0.3842915
v 0.1404490 -0.0153068 0.3545107
v 0.1337237 -0.0002657 0.3983802
v 0.1637992 -0.0174209 0.3532894
v 0.1034842 -0.0142252 0.3918138
v 0.1420624 -0.0200225 0.3509800
v 0.1204350 -0.0031226 0.4092675
v 0.1604137 -0.0285802 0.3483481
v 0.0980132 -0.0183191 0.3977893
v 0.1429470 -0.0274725 0.3495342
v 0.1117029 -0.0083460 0.4183072
v 0.1428941 -0.0340186 0.3504437
v 0.0951306 -0.0229991 0.4013730
v 0.1600632 -0.0365258 0.3487323
v 0.1042477 -0.0147576 0.4242833
v 0.1404641 -0.0395342 0.3531188
v 0.1049499 -0.0230411 0.4255563
v 0.1574528 -0.0440160 0.3531209
v 0.0939481 -0.0282782 0.4035603
v 0.1526017 -0.0494953 0.3567251
v 0.0936871 -0.0396827 0.4054117
v 0.1359889 -0.0418390 0.3581612
v 0.1035685 -0.0423283 0.4283424
v 0.1502394 -0.0555266 0.3696231
v 0.1134534 -0.0629380 0.4215620
v 0.1287506 -0.0451191 0.3669175
v 0.0987811 -0.0519037 0.4014417
v 0.1233994 -0.0499269 0.3759251
v 0.1238504 -0.0702741 0.4149968
v 0.1496909 -0.0620999 0.3802293
v 0.1027519 -0.0559654 0.3981600
v 0.1169974 -0.0558281 0.3828611
v 0.1335559 -0.0747838 0.4075119
v 0.1445600 -0.0700035 0.3902241
v 0.1065900 -0.0590776 0.3933867
v 0.1111553 -0.0592508 0.3875066
v 0.1412143 -0.0742306 0.3982815
v 0.1245450 -0.0082663 0.2537664
v 0.1497279 0.0020212 0.2411452
v 0.1630826 -0.0002343 0.2526114
v 0.1135286 -0.0096954 0.2441423
v 0.1315814 -0.0095332 0.2626110
v 0.1337899 0.0012787 0.2302091
v 0.1667584 -0.0079666 0.2652979
v 0.1034595 -0.0127450 0.2365492
v 0.1404874 -0.0145753 0.2738746
v 0.1204798 -0.0013192 0.2193365
v 0.1637161 -0.0166567 0.2749100
v 0.0980299 -0.0167638 0.2305036
v 0.1420219 -0.0192230 0.2772338
v 0.1116177 -0.0064251 0.2102064
v 0.1604319 -0.0278695 0.2797495
v 0.0951369 -0.0213918 0.2267474
v 0.1429331 -0.0267202 0.2786510
v 0.1042040 -0.0126811 0.2040679
v 0.1428719 -0.0332601 0.2775855
v 0.1049457 -0.0208408 0.2027008
v 0.1599884 -0.0358560 0.2791496
v 0.0939178 -0.0265221 0.2244880
v 0.1404232 -0.0387356 0.2746619
v 0.0936907 -0.0379511 0.2225181
v 0.1574820 -0.0432688 0.2746999
v 0.1035361 -0.0402180 0.1993967
v 0.1525517 -0.0486804 0.2708838
v 0.1134489 -0.0608599 0.2058521
v 0.1359672 -0.0410077 0.2696197
v 0.0988013 -0.0503210 0.2261371
v 0.1502745 -0.0545497 0.2578980
v 0.1238755 -0.0683304 0.2122960
v 0.1287912 -0.0440817 0.2608315
v 0.1027495 -0.0543410 0.2294439
v 0.1234213 -0.0488136 0.2518065
v 0.1335938 -0.0730215 0.2197662
v 0.1496815 -0.0608426 0.2472114
v 0.1065457 -0.0575010 0.2341812
v 0.1170234 -0.0545391 0.2447497
v 0.1412200 -0.0726107 0.2289470
v 0.1444940 -0.0685408 0.2370178
v 0.1111506 -0.0577858 0.2399499
v -0.2127235 -0.0967093 0.3257669
v -0.2172192 -0.1014054 0.3277792
v -0.2131012 -0.0945965 0.3312802
v -0.2063109 -0.0926619 0.3281625
v -0.2162753 -0.1033910 0.3222565
v -0.2115640 -0.0967375 0.3219620
v -0.2152647 -0.0998562 0.3171909
v -0.2096508 -0.0944572 0.3178688
v -0.2153287 -0.0911755 0.3134595
v -0.2086447 -0.0844558 0.3134834
v -0.2063736 -0.0923899 0.2986380
v -0.2131651 -0.0941909 0.2955242
v -0.2126306 -0.0965251 0.3010484
v -0.2171796 -0.1010336 0.2989542
v -0.2163017 -0.1032763 0.3044386
v -0.2116295 -0.0964791 0.3048025
v -0.2153144 -0.0997989 0.3094935
v -0.2096160 -0.0944380 0.3089364
v -0.2153450 -0.0911587 0.3134039
v -0.2086731 -0.0844313 0.3134754
v 0.2106072 -0.0967631 0.3257272
v 0.2110500 -0.0945464 0.3313516
v 0.2151446 -0.1013293 0.3277248
v 0.2042212 -0.0926257 0.3281795
v 0.2141906 -0.1033966 0.3222648
v 0.2094776 -0.0967063 0.3219351
v 0.2132587 -0.0998233 0.3171660
v 0.2075825 -0.0945113 0.3178670
v 0.2132271 -0.0911941 0.3133862
v 0.2066306 -0.0844882 0.3135154
v 0.2042687 -0.0923917 0.2986744
v 0.2106070 -0.0964924 0.3009775
v 0.2110484 -0.0942346 0.2955473
v 0.2150962 -0.1011290 0.2988996
v 0.2142586 -0.1032790 0.3044268
v 0.2094571 -0.0965517 0.3048563
v 0.2132169 -0.0998445 0.3094898
v 0.2076041 -0.0944399 0.3089673
v 0.2132268 -0.0911484 0.3134286
v 0.2065798 -0.0844715 0.3134930
v -0.0882275 -0.1463970 0.3364046
v -0.0526507 -0.1388741 0.3616264
v -0.0820230 -0.1285980 0.3617984
v -0.1175986 -0.1361842 0.3364744
v -0.0294125 -0.1208346 0.3814629
v -0.0010723 -0.1311664 0.3814028
v -0.0010017 -0.1134672 0.3880542
v -0.0526087 -0.1379878 0.2643248
v -0.0881949 -0.1459299 0.2894257
v -0.0820155 -0.1276461 0.2644040
v -0.1175872 -0.1357278 0.2895680
v -0.0293439 -0.1194821 0.2447899
v -0.0010248 -0.1298372 0.2446922
v -0.0010276 -0.1120205 0.2383882
v 0.0505605 -0.1388427 0.3616568
v 0.0861508 -0.1463814 0.3364252
v 0.0799756 -0.1286293 0.3617861
v 0.1155157 -0.1360974 0.3365419
v 0.0273050 -0.1208583 0.3815456
v -0.0010851 -0.1310812 0.3814664
v -0.0010900 -0.1134700 0.3880327
v 0.0799442 -0.1277128 0.2643619
v 0.1155554 -0.1356928 0.2895466
v 0.0861659 -0.1460040 0.2894634
v 0.0504975 -0.1379483 0.2643513
v 0.0272656 -0.1195282 0.2448514
v -0.0010376 -0.1298684 0.2447418
v -0.0010293 -0.1119877 0.2384201
v -0.0416079 -0.1098254 0.3826442
v -0.0659908 -0.1067229 0.3827519
v -0.0736936 -0.1185761 0.3806515
v -0.1034555 -0.1150353 0.3844508
v -0.1019397 -0.1174734 0.3761164
v -0.0293597 -0.1208730 0.3815602
v -0.0192642 -0.1134628 0.3880072
v -0.0010776 -0.1134597 0.3879969
v -0.0010233 -0.1099104 0.3989736
v 0.0172398 -0.1134282 0.3880567
v 0.0273000 -0.1208758 0.3815577
v 0.0395173 -0.1097580 0.3826734
v 0.0716508 -0.1185800 0.3807309
v 0.0638528 -0.1067363 0.3827460
v 0.1013500 -0.1150349 0.3844210
v 0.0999199 -0.1175652 0.3760756
v -0.0736882 -0.1173369 0.2456297
v -0.0659161 -0.1053713 0.2438751
v -0.0415817 -0.1084209 0.2438743
v -0.1034966 -0.1136668 0.2419793
v -0.1020087 -0.1163462 0.2503361
v -0.0293910 -0.1195078 0.2448649
v -0.0192450 -0.1119622 0.2384239
v -0.0010041 -0.1120016 0.2384063
v -0.0010828 -0.1083020 0.2275086
v 0.0172593 -0.1120473 0.2384251
v 0.0272772 -0.1195474 0.2448004
v 0.0394968 -0.1085159 0.2438224
v 0.0716393 -0.1173181 0.2456910
v 0.0638776 -0.1054549 0.2438808
v 0.1013570 -0.1137326 0.2419370
v 0.0998467 -0.1163035 0.2502542
v -0.0661100 -0.1147640 0.4053389
v -0.0194009 -0.1144743 0.4076325
v -0.0609068 -0.1067823 0.4195595
v -0.0196572 -0.1094011 0.4190313
v -0.0010257 -0.1108386 0.4055236
v -0.0218509 -0.1042481 0.4252421
v -0.0193301 -0.1167804 0.3983431
v -0.0354537 -0.0887146 0.4316574
v -0.0010013 -0.1099996 0.3990185
v -0.0193295 -0.1133954 0.3880215
v -0.0416410 -0.1098408 0.3826706
v -0.0685533 -0.0863026 0.4277013
v -0.0570336 -0.0775053 0.4344647
v -0.0808628 -0.0965993 0.4075007
v -0.0413475 -0.0769380 0.4375915
v -0.0456265 -0.0588713 0.4454336
v -0.0370071 -0.0583966 0.4472877
v -0.0823984 -0.1052624 0.3994272
v -0.0659366 -0.1169931 0.3966616
v -0.0798575 -0.1098404 0.3922313
v -0.0659499 -0.1067230 0.3827843
v -0.0193999 -0.1127233 0.2188272
v -0.0661170 -0.1129604 0.2211199
v -0.0608570 -0.1046691 0.2070296
v -0.0197261 -0.1074247 0.2074975
v -0.0010430 -0.1090132 0.2210558
v -0.0218559 -0.1021657 0.2014398
v -0.0192767 -0.1151423 0.2281284
v -0.0010584 -0.1082796 0.2275004
v -0.0192736 -0.1120164 0.2384347
v -0.0355325 -0.0864299 0.1952466
v -0.0415797 -0.1084783 0.2438534
v -0.0808443 -0.0948240 0.2192284
v -0.0685625 -0.0841412 0.1992154
v -0.0824395 -0.1036021 0.2272130
v -0.0570188 -0.0751981 0.1927608
v -0.0413682 -0.0745434 0.1896236
v -0.0455928 -0.0563436 0.1821347
v -0.0369838 -0.0558494 0.1802430
v -0.0659519 -0.1154308 0.2297444
v -0.0799041 -0.1083632 0.2342572
v -0.0659878 -0.1054314 0.2439052
v 0.0588071 -0.1067255 0.4195775
v 0.0176613 -0.1093957 0.4190592
v 0.0172688 -0.1144857 0.4076455
v -0.0010660 -0.1107910 0.4054503
v 0.0197058 -0.1042958 0.4251440
v 0.0172311 -0.1168403 0.3983172
v -0.0010869 -0.1099667 0.3989833
v 0.0171937 -0.1134589 0.3880406
v 0.0395538 -0.1097697 0.3826667
v 0.0333798 -0.0887330 0.4316602
v 0.0638685 -0.1170241 0.3967275
v 0.0639221 -0.1067786 0.3827841
v 0.0777936 -0.1098471 0.3923190
v 0.0803125 -0.1052301 0.3993525
v 0.0640388 -0.1147350 0.4053342
v 0.0787354 -0.0966340 0.4075888
v 0.0664285 -0.0862948 0.4277192
v 0.0549490 -0.0775188 0.4343965
v 0.0393234 -0.0768949 0.4375614
v 0.0435545 -0.0588762 0.4453990
v 0.0349268 -0.0584375 0.4472517
v 0.0176609 -0.1074219 0.2075628
v 0.0587960 -0.1046858 0.2070940
v 0.0172841 -0.1126805 0.2188358
v -0.0010016 -0.1090112 0.2210337
v 0.0196965 -0.1021174 0.2014138
v 0.0334304 -0.0864617 0.1953109
v 0.0171813 -0.1151357 0.2281151
v -0.0010559 -0.1083585 0.2275209
v 0.0172329 -0.1119909 0.2383854
v 0.0395756 -0.1084730 0.2438204
v 0.0664988 -0.0841970 0.1992663
v 0.0549792 -0.0751930 0.1927481
v 0.0392525 -0.0745457 0.1895702
v 0.0435251 -0.0563932 0.1820809
v 0.0349482 -0.0558715 0.1802295
v 0.0787938 -0.0948123 0.2192499
v 0.0641124 -0.1129756 0.2211717
v 0.0803360 -0.1035711 0.2272204
v 0.0639072 -0.1154954 0.2297680
v 0.0778174 -0.1084340 0.2342688
v 0.0638454 -0.1053862 0.2438696
v -0.1666834 -0.0824096 0.3285712
v -0.1746496 -0.0927532 0.3354914
v -0.1652361 -0.0782426 0.3305749
v -0.1761646 -0.0892217 0.3373350
v -0.1667912 -0.0718945 0.3321242
v -0.1743146 -0.0935564 0.3326675
v -0.1589036 -0.0671442 0.3262468
v -0.1586474 -0.0697647 0.3253846
v -0.1588163 -0.0711960 0.3240290
v -0.1700780 -0.0846597 0.3261146
v -0.1838848 -0.0937824 0.3281202
v -0.1595094 -0.0712319 0.3217476
v -0.1608258 -0.0696630 0.3194380
v -0.1726870 -0.0885141 0.3238862
v -0.1838969 -0.0937796 0.3281947
v -0.1858452 -0.0977087 0.3272458
v -0.1752996 -0.0892914 0.3200214
v -0.1890408 -0.1007779 0.3219593
v -0.1949133 -0.0960533 0.3178189
v -0.1795541 -0.0851285 0.3168346
v -0.2001523 -0.0844873 0.3134539
v -0.1862299 -0.0731641 0.3135566
v -0.1621638 -0.0667604 0.3179709
v -0.1636260 -0.0628909 0.3173378
v -0.1830886 -0.0573452 0.3137688
v -0.1600048 -0.0625675 0.3270396
v -0.1641560 -0.0644216 0.3302354
v -0.1603949 -0.0610899 0.3272696
v -0.1650272 -0.0592436 0.3297137
v -0.1648034 -0.0589875 0.3172626
v -0.1619272 -0.0567957 0.3268197
v -0.1631876 -0.0534708 0.3258672
v -0.1658980 -0.0549877 0.3178502
v -0.1796225 -0.0489713 0.3161836
v -0.1691149 -0.0518885 0.3281491
v -0.1664363 -0.0520441 0.3190992
v -0.1765220 -0.0439301 0.3186153
v -0.1645531 -0.0510645 0.3243089
v -0.1710703 -0.0480061 0.3252638
v -0.1662671 -0.0501246 0.3211843
v -0.1738694 -0.0442496 0.3216102
v -0.1655121 -0.0500564 0.3237072
v -0.1716319 -0.0467091 0.3237558
v 0.1155710 -0.1360945 0.3365231
v 0.1396296 -0.1269537 0.2902060
v 0.1395519 -0.1274562 0.3360104
v 0.1178523 -0.1231016 0.3572109
v 0.1155986 -0.1356845 0.2895383
v 0.0799317 -0.1285955 0.3617910
v 0.0715838 -0.1185761 0.3807062
v 0.0273542 -0.1208672 0.3815255
v 0.1179066 -0.1222435 0.2691321
v 0.0798987 -0.1276761 0.2643652
v 0.0716433 -0.1173266 0.2456646
v 0.0273085 -0.1195228 0.2448113
v -0.0820444 -0.1286015 0.3618073
v -0.0294040 -0.1208197 0.3815354
v -0.0736599 -0.1185874 0.3807268
v -0.1199018 -0.1230609 0.3572083
v -0.1176511 -0.1360904 0.3364614
v -0.1417276 -0.1274785 0.3360172
v -0.1416977 -0.1269440 0.2901441
v -0.1176091 -0.1356456 0.2894731
v -0.1198787 -0.1222523 0.2691244
v -0.0820556 -0.1277049 0.2644546
v -0.0737199 -0.1173733 0.2456363
v -0.0293502 -0.1195082 0.2448368
v -0.1831818 -0.0574256 0.3137089
v -0.1636306 -0.0629130 0.3100773
v -0.1862549 -0.0732478 0.3136152
v -0.1589370 -0.0668762 0.3011650
v -0.1600184 -0.0623746 0.3003594
v -0.1667607 -0.0716045 0.2951844
v -0.1642228 -0.0640511 0.2971900
v -0.1604399 -0.0607958 0.3001933
v -0.1651167 -0.0588921 0.2977842
v -0.1648255 -0.0589610 0.3101428
v -0.1659349 -0.0548264 0.3097495
v -0.1618453 -0.0565431 0.3007462
v -0.1796876 -0.0489706 0.3115607
v -0.1632298 -0.0532619 0.3016977
v -0.1691590 -0.0515995 0.2994223
v -0.1664065 -0.0518966 0.3085350
v -0.1765868 -0.0438778 0.3091640
v -0.1644525 -0.0508153 0.3032998
v -0.1711264 -0.0477226 0.3024221
v -0.1654804 -0.0498615 0.3039393
v -0.1716550 -0.0464639 0.3039221
v -0.1663160 -0.0499126 0.3064801
v -0.1739213 -0.0441209 0.3061718
v 0.1841335 -0.0731644 0.3135818
v 0.1810281 -0.0573774 0.3137151
v 0.1614961 -0.0629827 0.3172786
v 0.1567742 -0.0671306 0.3262444
v 0.1579087 -0.0625603 0.3270969
v 0.1647225 -0.0718989 0.3320860
v 0.1621151 -0.0643558 0.3302850
v 0.1583663 -0.0610583 0.3272413
v 0.1629892 -0.0592225 0.3296996
v 0.1627488 -0.0589794 0.3173236
v 0.1638390 -0.0549418 0.3178468
v 0.1597788 -0.0568926 0.3267943
v 0.1775583 -0.0490317 0.3161411
v 0.1611860 -0.0534659 0.3258865
v 0.1670444 -0.0518664 0.3281799
v 0.1642873 -0.0520429 0.3190383
v 0.1745474 -0.0438808 0.3185561
v 0.1624069 -0.0509971 0.3243194
v 0.1690207 -0.0479763 0.3253608
v 0.1634475 -0.0500955 0.3237104
v 0.1695602 -0.0467170 0.3237839
v 0.1642309 -0.0500777 0.3211326
v 0.1717943 -0.0441810 0.3215141
v 0.1810173 -0.0573342 0.3137961
v 0.1841292 -0.0732109 0.3136332
v 0.1615332 -0.0629126 0.3101479
v 0.1567681 -0.0669364 0.3011257
v 0.1579149 -0.0623826 0.3003016
v 0.1647078 -0.0715205 0.2951984
v 0.1621473 -0.0640077 0.2971333
v 0.1583128 -0.0608140 0.3002319
v 0.1630381 -0.0589588 0.2978339
v 0.1626950 -0.0588711 0.3102078
v 0.1598588 -0.0565740 0.3007280
v 0.1611696 -0.0532674 0.3016467
v 0.1637807 -0.0548607 0.3098075
v 0.1775577 -0.0489543 0.3115531
v 0.1671122 -0.0516122 0.2994696
v 0.1642775 -0.0518511 0.3085252
v 0.1744478 -0.0438432 0.3092021
v 0.1624321 -0.0507861 0.3033008
v 0.1690603 -0.0477690 0.3024101
v 0.1642565 -0.0500070 0.3064936
v 0.1718117 -0.0440568 0.3061674
v 0.1634344 -0.0498832 0.3039635
v 0.1696194 -0.0464467 0.3039431
v 0.0377868 -0.1354765 0.2712073
v -0.0398072 -0.1354611 0.2711302
v -0.0010331 -0.1296603 0.2563381
v 0.0681971 -0.1419998 0.2926496
v -0.0702248 -0.1419901 0.2926849
v -0.0702193 -0.1423489 0.3332491
v 0.0681218 -0.1423644 0.3331662
v 0.0377633 -0.1362597 0.3548823
v -0.0398682 -0.1362784 0.3548305
v -0.0010382 -0.1307531 0.3697991
v -0.0702349 -0.1423635 0.3332460
v -0.0398588 -0.1362804 0.3548109
v -0.0525731 -0.1388395 0.3616388
v -0.0010615 -0.1307458 0.3697445
v -0.0882092 -0.1464426 0.3364203
v -0.0010823 -0.1311230 0.3813745
v -0.0702301 -0.1420389 0.2927027
v 0.0505746 -0.1389278 0.3616464
v -0.0882247 -0.1459982 0.2894585
v 0.0377828 -0.1362587 0.3548505
v -0.0525895 -0.1379704 0.2642998
v 0.0681165 -0.1423982 0.3331615
v -0.0398207 -0.1355336 0.2711585
v 0.0861243 -0.1464261 0.3363641
v -0.0010433 -0.1296744 0.2563240
v 0.0681228 -0.1420503 0.2926918
v -0.0010815 -0.1297721 0.2446703
v 0.0861379 -0.1459299 0.2894068
v 0.0505153 -0.1379435 0.2643307
v 0.0377325 -0.1355398 0.2711552
v -0.1747321 -0.0922589 0.2913565
v -0.1666522 -0.0820834 0.2985690
v -0.1651802 -0.0778869 0.2965216
v -0.1762224 -0.0887577 0.2896408
v -0.1742889 -0.0931624 0.2941352
v -0.1700591 -0.0844267 0.3009017
v -0.1838346 -0.0935008 0.2986348
v -0.1588373 -0.0709926 0.3032179
v -0.1586151 -0.0695243 0.3019323
v -0.1595423 -0.0710756 0.3054734
v -0.1726785 -0.0883620 0.3030493
v -0.1838907 -0.0935406 0.2986316
v -0.1858043 -0.0974159 0.2995400
v -0.1753049 -0.0891476 0.3069530
v -0.1890363 -0.1006605 0.3047805
v -0.1949330 -0.0959576 0.3089020
v -0.1608206 -0.0695319 0.3077897
v -0.1796556 -0.0850734 0.3101856
v -0.2001705 -0.0844900 0.3135047
v -0.1621183 -0.0666869 0.3093827
v 0.1725611 -0.0926788 0.3354619
v 0.1645806 -0.0824182 0.3285080
v 0.1631308 -0.0781787 0.3305897
v 0.1741279 -0.0892607 0.3372894
v 0.1721833 -0.0936163 0.3327203
v 0.1679868 -0.0846316 0.3261042
v 0.1817429 -0.0938368 0.3281123
v 0.1566885 -0.0711510 0.3240377
v 0.1565993 -0.0697569 0.3253240
v 0.1575095 -0.0713035 0.3216997
v 0.1705513 -0.0885451 0.3239221
v 0.1817320 -0.0937721 0.3281689
v 0.1837305 -0.0976715 0.3272403
v 0.1732205 -0.0893119 0.3200188
v 0.1870077 -0.1007633 0.3218739
v 0.1928311 -0.0960470 0.3178715
v 0.1586697 -0.0696281 0.3194617
v 0.1774773 -0.0850679 0.3168348
v 0.1980485 -0.0844716 0.3134801
v 0.1601207 -0.0668394 0.3179692
v 0.1725839 -0.0923303 0.2913358
v 0.1646020 -0.0820837 0.2985229
v 0.1721982 -0.0932166 0.2941441
v 0.1680244 -0.0844470 0.3009339
v 0.1817398 -0.0935019 0.2986739
v 0.1631109 -0.0778958 0.2965321
v 0.1740729 -0.0888181 0.2896072
v 0.1567602 -0.0710379 0.3032092
v 0.1565828 -0.0695500 0.3018718
v 0.1574275 -0.0711248 0.3055532
v 0.1586890 -0.0695823 0.3078634
v 0.1706287 -0.0883304 0.3030624
v 0.1817386 -0.0934854 0.2986496
v 0.1837678 -0.0973768 0.2995093
v 0.1732480 -0.0891659 0.3069407
v 0.1870410 -0.1006003 0.3047938
v 0.1927863 -0.0958670 0.3089205
v 0.1774807 -0.0849923 0.3101581
v 0.1981000 -0.0845361 0.3135139
v 0.1600630 -0.0667335 0.3094244
v -0.1175565 -0.1120265 0.3902316
v -0.1046983 -0.1142510 0.3906803
v -0.1183115 -0.1089934 0.3942786
v -0.1034911 -0.1151066 0.3844086
v -0.0798865 -0.1099033 0.3922203
v -0.0659343 -0.1067333 0.3827653
v -0.1063259 -0.1110677 0.3958058
v -0.0824217 -0.1052720 0.3993831
v -0.1047668 -0.1023643 0.4039086
v -0.1172382 -0.1012268 0.4031040
v -0.1136481 -0.0958266 0.4168749
v -0.0808739 -0.0966062 0.4075648
v -0.0985610 -0.0920889 0.4241294
v -0.0685334 -0.0862981 0.4277152
v -0.1047597 -0.1007222 0.2227706
v -0.0808232 -0.0948191 0.2192366
v -0.0823951 -0.1036185 0.2271800
v -0.0985797 -0.0900035 0.2026859
v -0.0685247 -0.0841563 0.1992725
v -0.1136079 -0.0939430 0.2098872
v -0.1172854 -0.0994951 0.2235186
v -0.1183346 -0.1074810 0.2323004
v -0.1062914 -0.1095040 0.2306500
v -0.0798992 -0.1084079 0.2342384
v -0.1046455 -0.1127474 0.2358267
v -0.1175223 -0.1105482 0.2362064
v -0.1034481 -0.1137104 0.2419931
v -0.0659686 -0.1054367 0.2438064
v 0.1161794 -0.1090309 0.3942752
v 0.1042870 -0.1110050 0.3957959
v 0.1026160 -0.1142586 0.3906503
v 0.1154768 -0.1120052 0.3902733
v 0.1013672 -0.1150864 0.3844812
v 0.0778145 -0.1099277 0.3922571
v 0.0638718 -0.1066918 0.3827091
v 0.0803106 -0.1052794 0.3994538
v 0.1026337 -0.1024128 0.4039899
v 0.1151675 -0.1011952 0.4031487
v 0.1115179 -0.0958624 0.4169435
v 0.0787412 -0.0966429 0.4075467
v 0.0965225 -0.0921631 0.4241342
v 0.0664618 -0.0863444 0.4277032
v 0.1042090 -0.1095036 0.2307217
v 0.0803639 -0.1036704 0.2272735
v 0.1026293 -0.1006414 0.2227216
v 0.0778019 -0.1084039 0.2343027
v 0.0787764 -0.0947728 0.2192732
v 0.0964810 -0.0900309 0.2027303
v 0.0664942 -0.0841615 0.1992277
v 0.1115778 -0.0939281 0.2099002
v 0.1151977 -0.0995182 0.2235414
v 0.1161758 -0.1074927 0.2322511
v 0.1026226 -0.1128155 0.2357818
v 0.1154567 -0.1106320 0.2362383
v 0.1013618 -0.1136636 0.2419351
v 0.0638833 -0.1053747 0.2438571
v -0.0471076 0.0566238 0.4433100
v -0.0527979 0.0265445 0.4425843
v -0.0430606 0.0528002 0.4512313
v -0.0482991 0.0249393 0.4482388
v -0.0452596 0.0084866 0.4441471
v -0.0416085 0.0083187 0.4481489
v -0.0277201 -0.0143616 0.4477568
v -0.0250651 -0.0137664 0.4502166
v -0.0430628 0.0553665 0.1785105
v -0.0527300 0.0289602 0.1865775
v -0.0471910 0.0589920 0.1863201
v -0.0482444 0.0274589 0.1809013
v -0.0452184 0.0109358 0.1846382
v -0.0415874 0.0108769 0.1806701
v -0.0276613 -0.0118221 0.1805713
v -0.0250913 -0.0111662 0.1782093
v 0.0506246 0.0265371 0.4425314
v 0.0409652 0.0527846 0.4511387
v 0.0461455 0.0249127 0.4482173
v 0.0451155 0.0566372 0.4433896
v 0.0430855 0.0084667 0.4442099
v 0.0395388 0.0083305 0.4481889
v 0.0255646 -0.0143392 0.4477366
v 0.0229908 -0.0137688 0.4501762
v 0.0507029 0.0289067 0.1866001
v 0.0410037 0.0553813 0.1784405
v 0.0450765 0.0590422 0.1863161
v 0.0462224 0.0274573 0.1808569
v 0.0431501 0.0109705 0.1846506
v 0.0394582 0.0108864 0.1806029
v 0.0255509 -0.0118273 0.1805557
v 0.0230540 -0.0111127 0.1781316
v -0.0009889 -0.1107798 0.4054697
v -0.0133358 -0.1083974 0.4240383
v -0.0197034 -0.1094418 0.4190601
v -0.0218275 -0.1042901 0.4252417
v 0.0112544 -0.1083588 0.4240418
v 0.0176200 -0.1094049 0.4189769
v 0.0196951 -0.1043209 0.4252090
v -0.0010003 -0.1090806 0.2209847
v 0.0113443 -0.1063218 0.2026150
v 0.0175917 -0.1074801 0.2075125
v 0.0197568 -0.1021370 0.2014925
v -0.0134191 -0.1062500 0.2025353
v -0.0196972 -0.1073924 0.2075081
v -0.0218293 -0.1021575 0.2014439
v -0.0133327 -0.1083584 0.4239892
v 0.0092203 -0.1081518 0.4261722
v -0.0113002 -0.1081693 0.4262042
v -0.0197671 -0.1047370 0.4271080
v -0.0217678 -0.1042656 0.4251552
v 0.0112958 -0.1083612 0.4239940
v 0.0177185 -0.1047819 0.4271176
v 0.0197799 -0.1042504 0.4251870
v 0.0113129 -0.1062893 0.2025832
v -0.0134078 -0.1062277 0.2025468
v 0.0092555 -0.1060432 0.2003982
v 0.0177727 -0.1026145 0.1995643
v 0.0197715 -0.1021555 0.2014965
v -0.0113704 -0.1060918 0.2003992
v -0.0197587 -0.1026021 0.1995518
v -0.0218292 -0.1021448 0.2014823
v -0.0413421 -0.0769461 0.4375567
v -0.0321816 -0.0650972 0.4520356
v -0.0369764 -0.0583939 0.4473182
v -0.0378771 -0.0799573 0.4408243
v -0.0354510 -0.0887211 0.4316977
v -0.0326918 -0.0903182 0.4343098
v -0.0198182 -0.1047253 0.4270919
v -0.0218361 -0.1042475 0.4251821
v -0.0320863 -0.0624738 0.1754341
v -0.0414107 -0.0745664 0.1896336
v -0.0370163 -0.0558414 0.1802023
v -0.0378877 -0.0775527 0.1862888
v -0.0354505 -0.0865297 0.1952650
v -0.0326350 -0.0879592 0.1926803
v -0.0198270 -0.1025648 0.1995675
v -0.0218345 -0.1022005 0.2015032
v 0.0393297 -0.0769726 0.4375994
v 0.0349271 -0.0583897 0.4472943
v 0.0300244 -0.0651115 0.4519946
v 0.0357922 -0.0799467 0.4408086
v 0.0334018 -0.0887098 0.4317243
v 0.0305691 -0.0902973 0.4342634
v 0.0176880 -0.1047221 0.4271184
v 0.0197104 -0.1042928 0.4252081
v 0.0300668 -0.0624551 0.1753317
v 0.0392995 -0.0745633 0.1895749
v 0.0357983 -0.0775094 0.1862736
v 0.0348936 -0.0559211 0.1802282
v 0.0334308 -0.0865204 0.1952624
v 0.0305788 -0.0880085 0.1926620
v 0.0177510 -0.1026016 0.1995918
v 0.0197849 -0.1021757 0.2014805
v -0.1757982 -0.1185874 0.3484595
v -0.1718733 -0.1158041 0.3586818
v -0.1650386 -0.1069106 0.3546958
v -0.1564438 -0.1047044 0.3628723
v -0.1644195 -0.1139736 0.3669301
v -0.1479424 -0.1143420 0.3702489
v -0.1757791 -0.1178606 0.2779130
v -0.1650674 -0.1061174 0.2719384
v -0.1718745 -0.1149585 0.2677679
v -0.1564347 -0.1037577 0.2637658
v -0.1643632 -0.1129605 0.2595511
v -0.1479934 -0.1131762 0.2561798
v 0.1737862 -0.1185436 0.3484758
v 0.1630075 -0.1069304 0.3546347
v 0.1698540 -0.1157904 0.3586643
v 0.1542923 -0.1047209 0.3628718
v 0.1623016 -0.1140321 0.3669092
v 0.1458894 -0.1143348 0.3702180
v 0.1737905 -0.1179314 0.2778431
v 0.1697655 -0.1149885 0.2677661
v 0.1629745 -0.1061658 0.2719478
v 0.1543181 -0.1038007 0.2637605
v 0.1623388 -0.1129354 0.2595771
v 0.1458369 -0.1132523 0.2562396
v -0.1421708 -0.1210706 0.3686047
v -0.1418952 -0.1225083 0.3531164
v -0.1249173 -0.1218468 0.3722617
v -0.1020149 -0.1175127 0.3761010
v -0.1233873 -0.1172046 0.3792656
v -0.1199696 -0.1231002 0.3572028
v -0.0736468 -0.1185828 0.3806557
v -0.1416380 -0.1274448 0.3360326
v -0.1684083 -0.1296468 0.3368196
v -0.1701162 -0.1240263 0.3465123
v -0.1815447 -0.1308765 0.3196150
v -0.1870705 -0.1303427 0.3283460
v -0.1815587 -0.1307573 0.3064849
v -0.1935946 -0.1315105 0.3130902
v -0.1416308 -0.1269722 0.2901834
v -0.1684069 -0.1291731 0.2893653
v -0.1870726 -0.1300477 0.2978005
v -0.1418896 -0.1217533 0.2731196
v -0.1700429 -0.1233167 0.2797258
v -0.1199248 -0.1222712 0.2690454
v -0.1019844 -0.1163312 0.2503034
v -0.0737252 -0.1173666 0.2457043
v -0.1249096 -0.1207614 0.2540111
v -0.1422461 -0.1200897 0.2576714
v -0.1233707 -0.1159509 0.2471390
v 0.1401007 -0.1210879 0.3685519
v 0.1228446 -0.1218677 0.3723202
v 0.1398336 -0.1224610 0.3531938
v 0.0999379 -0.1175390 0.3760771
v 0.1212869 -0.1171757 0.3792737
v 0.1178425 -0.1231143 0.3571974
v 0.0716046 -0.1186160 0.3806874
v 0.1395655 -0.1274700 0.3360179
v 0.1662841 -0.1296382 0.3368135
v 0.1679658 -0.1239655 0.3465417
v 0.1794734 -0.1309559 0.3196835
v 0.1849666 -0.1303288 0.3283546
v 0.1795643 -0.1308142 0.3064132
v 0.1914613 -0.1315515 0.3130716
v 0.1396021 -0.1269534 0.2901481
v 0.1662826 -0.1291670 0.2893300
v 0.1849660 -0.1299941 0.2978037
v 0.1397902 -0.1217790 0.2731612
v 0.1679761 -0.1233367 0.2798131
v 0.1178252 -0.1222820 0.2690668
v 0.0998572 -0.1162845 0.2503165
v 0.0715741 -0.1173534 0.2457025
v 0.1228392 -0.1207643 0.2540726
v 0.1213491 -0.1159458 0.2471189
v 0.1401729 -0.1200208 0.2576906
v -0.0276934 -0.0143870 0.4477891
v -0.0142176 -0.0184424 0.4515559
v -0.0251319 -0.0137412 0.4501577
v -0.0159314 -0.0195831 0.4498600
v 0.0121634 -0.0184642 0.4515797
v 0.0138733 -0.0195302 0.4498477
v 0.0255748 -0.0144179 0.4477588
v 0.0230015 -0.0137189 0.4501699
v -0.0277196 -0.0118137 0.1806092
v -0.0141942 -0.0158266 0.1766856
v -0.0159677 -0.0170286 0.1784129
v -0.0251144 -0.0111900 0.1781934
v 0.0121808 -0.0158470 0.1767330
v 0.0138890 -0.0169794 0.1784483
v 0.0256258 -0.0118593 0.1805838
v 0.0229921 -0.0111194 0.1781802
v -0.1833746 -0.0819809 0.3373468
v -0.1668460 -0.0719223 0.3320608
v -0.1762338 -0.0892326 0.3373675
v -0.1732540 -0.0680269 0.3339655
v -0.1988952 -0.0855515 0.3371213
v -0.1641254 -0.0644172 0.3302820
v -0.2003299 -0.0903652 0.3365709
v -0.1740285 -0.0639934 0.3331365
v -0.1746908 -0.0927210 0.3354731
v -0.1650664 -0.0591977 0.3296939
v -0.1742782 -0.0935666 0.3327091
v -0.1797518 -0.0559356 0.3319812
v -0.2062771 -0.0928713 0.3327070
v -0.1838289 -0.0938239 0.3281855
v -0.2063198 -0.0926830 0.3281784
v -0.1691806 -0.0518693 0.3281791
v -0.1857283 -0.0487134 0.3305064
v -0.1710744 -0.0479718 0.3253482
v -0.1915513 -0.0449411 0.3275848
v -0.1716416 -0.0466691 0.3237012
v -0.1956763 -0.0423799 0.3237647
v -0.1739309 -0.0441718 0.3216014
v -0.1980467 -0.0425297 0.3215253
v -0.1939542 -0.0434105 0.3186042
v -0.1765875 -0.0439827 0.3185710
v -0.1796205 -0.0489837 0.3160956
v -0.1942602 -0.0473052 0.3161266
v -0.1908162 -0.0534014 0.3138010
v -0.1831621 -0.0573631 0.3137226
v -0.2046812 -0.0552878 0.3137360
v -0.1833411 -0.0815440 0.2897530
v -0.1667863 -0.0715887 0.2951926
v -0.1732469 -0.0676217 0.2934166
v -0.1642030 -0.0641032 0.2971706
v -0.1761537 -0.0887437 0.2895989
v -0.1741120 -0.0636123 0.2942003
v -0.1988264 -0.0850412 0.2898934
v -0.1650617 -0.0589578 0.2977650
v -0.2002914 -0.0899024 0.2903330
v -0.1797524 -0.0555893 0.2956194
v -0.1746502 -0.0922663 0.2913836
v -0.1691739 -0.0516437 0.2994484
v -0.1743189 -0.0931979 0.2941713
v -0.1857937 -0.0483178 0.2972542
v -0.2062661 -0.0925482 0.2941698
v -0.1838723 -0.0934845 0.2986546
v -0.2063588 -0.0924278 0.2986471
v -0.1710982 -0.0477358 0.3023651
v -0.1915376 -0.0446578 0.3001952
v -0.1716364 -0.0465265 0.3039695
v -0.1957009 -0.0421685 0.3040398
v -0.1738851 -0.0441147 0.3061898
v -0.1980263 -0.0423172 0.3062830
v -0.1939023 -0.0433989 0.3091492
v -0.1765769 -0.0437930 0.3091802
v -0.1796594 -0.0490301 0.3115576
v -0.1943046 -0.0472714 0.3115333
v -0.1908013 -0.0533899 0.3137622
v -0.2046836 -0.0553043 0.3137356
v -0.1831575 -0.0574124 0.3137567
v 0.1646961 -0.0719046 0.3320377
v 0.1812843 -0.0819726 0.3373176
v 0.1741495 -0.0892694 0.3372727
v 0.1967558 -0.0854827 0.3371124
v 0.1711551 -0.0680489 0.3339707
v 0.1982376 -0.0903894 0.3365054
v 0.1620981 -0.0643592 0.3302718
v 0.1725944 -0.0927307 0.3355165
v 0.1720489 -0.0639558 0.3332085
v 0.1722723 -0.0935287 0.3326701
v 0.1629801 -0.0592189 0.3297240
v 0.2041981 -0.0929409 0.3326702
v 0.1817784 -0.0938318 0.3281542
v 0.2042813 -0.0926074 0.3281918
v 0.1776979 -0.0558708 0.3319444
v 0.1670959 -0.0519426 0.3282102
v 0.1836824 -0.0487025 0.3304221
v 0.1690296 -0.0479377 0.3253120
v 0.1894592 -0.0449543 0.3276227
v 0.1695730 -0.0467323 0.3237446
v 0.1936327 -0.0424272 0.3237568
v 0.1718477 -0.0442546 0.3216097
v 0.1959541 -0.0424693 0.3216182
v 0.1919116 -0.0435074 0.3186166
v 0.1745145 -0.0439007 0.3185694
v 0.1775712 -0.0489776 0.3161037
v 0.1922750 -0.0473633 0.3162057
v 0.1886837 -0.0534018 0.3137613
v 0.2025870 -0.0553703 0.3138106
v 0.1810280 -0.0573844 0.3138096
v 0.1647739 -0.0715340 0.2951871
v 0.1812540 -0.0814767 0.2897202
v 0.1711674 -0.0676026 0.2933541
v 0.1621291 -0.0641106 0.2971825
v 0.1740901 -0.0887879 0.2896319
v 0.1719869 -0.0636026 0.2941839
v 0.1968238 -0.0850303 0.2898670
v 0.1629759 -0.0589054 0.2977497
v 0.1982449 -0.0898887 0.2903448
v 0.1777306 -0.0555809 0.2956457
v 0.1726473 -0.0922688 0.2914149
v 0.1670533 -0.0515768 0.2994718
v 0.1721949 -0.0932077 0.2941838
v 0.1836850 -0.0483069 0.2972258
v 0.2041972 -0.0924987 0.2941558
v 0.1817771 -0.0934941 0.2987167
v 0.2042889 -0.0923448 0.2986479
v 0.1690704 -0.0477492 0.3024027
v 0.1895330 -0.0446320 0.3001720
v 0.1695427 -0.0465187 0.3039572
v 0.1936261 -0.0422018 0.3040149
v 0.1717932 -0.0441242 0.3062424
v 0.1958877 -0.0423066 0.3062835
v 0.1918457 -0.0433288 0.3092353
v 0.1744600 -0.0438071 0.3091296
v 0.1775694 -0.0489324 0.3114881
v 0.1922183 -0.0473087 0.3114997
v 0.1886523 -0.0533468 0.3138412
v 0.2025572 -0.0553559 0.3138135
v 0.1810197 -0.0573659 0.3138004
v -0.2096140 -0.0945132 0.3178831
v -0.2001952 -0.0844564 0.3135357
v -0.2086309 -0.0844179 0.3134883
v -0.1949116 -0.0959621 0.3178999
v -0.2115416 -0.0966822 0.3219395
v -0.1890946 -0.1008411 0.3218996
v -0.2126432 -0.0966797 0.3257592
v -0.1858324 -0.0976828 0.3272190
v -0.2062775 -0.0926460 0.3281818
v -0.1838595 -0.0938105 0.3281043
v -0.2001099 -0.0844982 0.3134627
v -0.2096185 -0.0943840 0.3088981
v -0.2086314 -0.0844718 0.3134744
v -0.1949214 -0.0959390 0.3089405
v -0.2115576 -0.0965594 0.3048074
v -0.1890756 -0.1006456 0.3048214
v -0.2126837 -0.0964681 0.3009748
v -0.1857579 -0.0974046 0.2995401
v -0.2062804 -0.0924274 0.2987100
v -0.1839046 -0.0935679 0.2986928
v 0.2075785 -0.0945198 0.3178846
v 0.1980384 -0.0845036 0.3135185
v 0.1928409 -0.0960537 0.3178149
v 0.2065566 -0.0844383 0.3135147
v 0.2094525 -0.0966527 0.3219771
v 0.1870448 -0.1008450 0.3219116
v 0.2105891 -0.0966808 0.3257860
v 0.1837414 -0.0976312 0.3272284
v 0.2042395 -0.0926916 0.3281920
v 0.1818194 -0.0938459 0.3281812
v 0.2075877 -0.0943438 0.3088993
v 0.1980931 -0.0845107 0.3135548
v 0.2065572 -0.0844669 0.3135389
v 0.1928165 -0.0959465 0.3089181
v 0.2094851 -0.0964870 0.3048185
v 0.1870000 -0.1006141 0.3047617
v 0.2106485 -0.0964527 0.3010112
v 0.1837014 -0.0973854 0.2994929
v 0.2042382 -0.0923593 0.2987204
v 0.1817285 -0.0934893 0.2987190
v -0.1235737 -0.1509820 0.3733220
v -0.1320335 -0.1604857 0.3718996
v -0.1422272 -0.1510676 0.3715913
v -0.1206814 -0.1609269 0.3728525
v -0.1154069 -0.1707470 0.3710774
v -0.1224405 -0.1414861 0.3726281
v -0.1469912 -0.1433641 0.3711259
v -0.1488042 -0.1345644 0.3697657
v -0.1226182 -0.1309726 0.3709598
v -0.1422398 -0.1211153 0.3685550
v -0.1249422 -0.1219209 0.3722622
v -0.1235743 -0.1498643 0.2524426
v -0.1320759 -0.1593690 0.2536581
v -0.1207222 -0.1597548 0.2527131
v -0.1153488 -0.1696398 0.2543321
v -0.1422121 -0.1499573 0.2541147
v -0.1224339 -0.1403617 0.2533130
v -0.1470116 -0.1422066 0.2548071
v -0.1488006 -0.1335217 0.2562696
v -0.1226612 -0.1299198 0.2552508
v -0.1422384 -0.1200062 0.2577260
v -0.1248779 -0.1208108 0.2540126
v 0.1215035 -0.1510055 0.3733111
v 0.1299745 -0.1604985 0.3718633
v 0.1185816 -0.1608841 0.3728417
v 0.1132971 -0.1707277 0.3710584
v 0.1402006 -0.1510609 0.3716641
v 0.1204013 -0.1414868 0.3725720
v 0.1448644 -0.1433073 0.3711088
v 0.1466853 -0.1345877 0.3698014
v 0.1205948 -0.1309507 0.3709446
v 0.1401494 -0.1211371 0.3685610
v 0.1228430 -0.1218461 0.3722732
v 0.1299338 -0.1593943 0.2537416
v 0.1215003 -0.1498341 0.2524149
v 0.1185968 -0.1598249 0.2527078
v 0.1133698 -0.1696216 0.2543479
v 0.1402157 -0.1499535 0.2541240
v 0.1203435 -0.1403612 0.2532642
v 0.1448530 -0.1422760 0.2548547
v 0.1467191 -0.1334638 0.2562288
v 0.1205943 -0.1299188 0.2552518
v 0.1401121 -0.1200342 0.2576708
v 0.1228181 -0.1207894 0.2539922
v -0.1738718 -0.1728228 0.3199662
v -0.1760279 -0.1874385 0.3176482
v -0.1867695 -0.1731797 0.3145636
v -0.1668025 -0.1872812 0.3202044
v -0.1628106 -0.1972232 0.3211908
v -0.1780129 -0.1512115 0.3199459
v -0.1916328 -0.1514680 0.3134334
v -0.1934446 -0.1328584 0.3130486
v -0.1816138 -0.1308716 0.3196908
v -0.1935908 -0.1315484 0.3130721
v -0.1738995 -0.1726578 0.3053322
v -0.1759819 -0.1874008 0.3073813
v -0.1667844 -0.1871943 0.3048238
v -0.1627901 -0.1971306 0.3036704
v -0.1868334 -0.1731136 0.3107188
v -0.1779786 -0.1510178 0.3057388
v -0.1915832 -0.1514896 0.3122436
v -0.1934604 -0.1328105 0.3130593
v -0.1815896 -0.1307368 0.3064129
v -0.1935174 -0.1314833 0.3130664
v 0.1739329 -0.1875137 0.3176777
v 0.1717688 -0.1727503 0.3199434
v 0.1846839 -0.1731529 0.3145377
v 0.1647341 -0.1873096 0.3202118
v 0.1607754 -0.1972373 0.3212069
v 0.1759107 -0.1512527 0.3199719
v 0.1895433 -0.1515222 0.3135251
v 0.1914697 -0.1328090 0.3130542
v 0.1795103 -0.1308944 0.3196993
v 0.1914288 -0.1314988 0.3130343
v 0.1738708 -0.1873759 0.3073399
v 0.1718317 -0.1726518 0.3054087
v 0.1647123 -0.1871105 0.3048487
v 0.1607180 -0.1970554 0.3037090
v 0.1847113 -0.1731111 0.3107819
v 0.1758864 -0.1511161 0.3057714
v 0.1895264 -0.1514944 0.3122866
v 0.1914629 -0.1328210 0.3130638
v 0.1795229 -0.1307733 0.3064071
v 0.1914880 -0.1314866 0.3130580
v -0.1213957 -0.1950044 0.3494485
v -0.1096027 -0.2211987 0.3414437
v -0.1462833 -0.1934015 0.3458908
v -0.0935027 -0.2225968 0.3408327
v -0.0780263 -0.2383584 0.3357174
v -0.1389260 -0.1662012 0.3536585
v -0.1651762 -0.1667437 0.3469030
v -0.1426688 -0.1413565 0.3541862
v -0.1693475 -0.1420205 0.3469852
v -0.1700592 -0.1240212 0.3464915
v -0.1418481 -0.1225335 0.3531755
v -0.1213775 -0.1942865 0.2754732
v -0.1095502 -0.2206417 0.2828722
v -0.0935459 -0.2220586 0.2835063
v -0.0780571 -0.2379017 0.2884212
v -0.1461996 -0.1928034 0.2791199
v -0.1388574 -0.1654593 0.2717613
v -0.1651542 -0.1660806 0.2784915
v -0.1426104 -0.1405834 0.2717335
v -0.1693284 -0.1413112 0.2789546
v -0.1700174 -0.1233925 0.2798118
v -0.1418819 -0.1217871 0.2731373
v 0.1074917 -0.2211399 0.3415137
v 0.1192845 -0.1949818 0.3494883
v 0.1441553 -0.1934606 0.3458088
v 0.0914652 -0.2225872 0.3409052
v 0.0759636 -0.2383936 0.3357417
v 0.1368330 -0.1662419 0.3537214
v 0.1631574 -0.1667071 0.3469456
v 0.1405186 -0.1414359 0.3541975
v 0.1673167 -0.1420557 0.3469768
v 0.1680381 -0.1240408 0.3464441
v 0.1398469 -0.1225510 0.3531166
v 0.1074860 -0.2206297 0.2829293
v 0.1192836 -0.1943445 0.2754269
v 0.0914209 -0.2221190 0.2835624
v 0.0759874 -0.2379084 0.2883268
v 0.1441669 -0.1927839 0.2791058
v 0.1367872 -0.1654229 0.2718251
v 0.1631702 -0.1661327 0.2784762
v 0.1406033 -0.1406455 0.2717210
v 0.1672757 -0.1413428 0.2790204
v 0.1679503 -0.1233120 0.2798088
v 0.1398451 -0.1217134 0.2730943
v -0.1153525 -0.1707383 0.3710181
v -0.1207253 -0.1608986 0.3729363
v -0.1203621 -0.1614283 0.3773758
v -0.1235951 -0.1510617 0.3732869
v -0.1205720 -0.1511133 0.3807993
v -0.1224544 -0.1415240 0.3726037
v -0.1202843 -0.1397155 0.3820637
v -0.1226278 -0.1309402 0.3709723
v -0.1200235 -0.1274290 0.3805701
v -0.1249451 -0.1218588 0.3722851
v -0.1234084 -0.1171930 0.3793011
v -0.1153555 -0.1696147 0.2542787
v -0.1203118 -0.1601508 0.2481744
v -0.1207398 -0.1597961 0.2527232
v -0.1235355 -0.1498470 0.2524467
v -0.1205794 -0.1498159 0.2449544
v -0.1223968 -0.1403455 0.2532792
v -0.1202518 -0.1383648 0.2439324
v -0.1226691 -0.1298591 0.2552319
v -0.1200108 -0.1261527 0.2455903
v -0.1248943 -0.1207469 0.2540546
v -0.1234011 -0.1159621 0.2471000
v 0.1133440 -0.1707329 0.3710867
v 0.1182238 -0.1613873 0.3773837
v 0.1186380 -0.1609233 0.3729210
v 0.1215056 -0.1510797 0.3733375
v 0.1184950 -0.1511085 0.3807994
v 0.1203414 -0.1415430 0.3725827
v 0.1181878 -0.1397505 0.3820695
v 0.1205745 -0.1309701 0.3708968
v 0.1179052 -0.1274829 0.3805595
v 0.1227848 -0.1218823 0.3722408
v 0.1213524 -0.1172198 0.3793426
v 0.1133518 -0.1696481 0.2543498
v 0.1185890 -0.1597472 0.2526732
v 0.1182257 -0.1602119 0.2481677
v 0.1214517 -0.1498596 0.2524382
v 0.1185582 -0.1498315 0.2449886
v 0.1203467 -0.1403518 0.2532928
v 0.1182149 -0.1384154 0.2439482
v 0.1205735 -0.1299131 0.2551848
v 0.1179146 -0.1262143 0.2456346
v 0.1228289 -0.1208200 0.2540457
v 0.1213381 -0.1159276 0.2471164
v -0.1410920 -0.1657942 0.3692037
v -0.1426484 -0.1414514 0.3541586
v -0.1444612 -0.1409383 0.3702693
v -0.1421804 -0.1211136 0.3686352
v -0.1418743 -0.1225270 0.3531947
v -0.1388969 -0.1662564 0.3536587
v -0.1249981 -0.1966264 0.3619190
v -0.1213918 -0.1950193 0.3494986
v -0.0987066 -0.2241586 0.3490305
v -0.0935505 -0.2225862 0.3408992
v -0.0780345 -0.2384382 0.3357239
v -0.1388661 -0.1654137 0.2717929
v -0.1410313 -0.1647190 0.2561799
v -0.1425968 -0.1406059 0.2716870
v -0.1443880 -0.1397446 0.2557013
v -0.1421999 -0.1200056 0.2577415
v -0.1419184 -0.1217134 0.2731479
v -0.1250145 -0.1957582 0.2630156
v -0.1213354 -0.1943305 0.2754008
v -0.0987172 -0.2235485 0.2753689
v -0.0934853 -0.2220426 0.2835201
v -0.0779967 -0.2379545 0.2884208
v 0.1389668 -0.1658060 0.3692691
v 0.1423215 -0.1409058 0.3702835
v 0.1406130 -0.1413524 0.3542085
v 0.1401391 -0.1210598 0.3686358
v 0.1398324 -0.1225560 0.3531375
v 0.1368542 -0.1662219 0.3536419
v 0.1229056 -0.1966188 0.3618265
v 0.1193301 -0.1949697 0.3495103
v 0.0966236 -0.2241519 0.3489875
v 0.0913755 -0.2226386 0.3408410
v 0.0759567 -0.2384197 0.3356739
v 0.1368030 -0.1654296 0.2717665
v 0.1405675 -0.1406436 0.2717771
v 0.1389545 -0.1646952 0.2562231
v 0.1423194 -0.1398434 0.2557522
v 0.1400768 -0.1200962 0.2577553
v 0.1397966 -0.1217227 0.2730931
v 0.1229102 -0.1957398 0.2630217
v 0.1192997 -0.1942776 0.2754199
v 0.0966548 -0.2234852 0.2753399
v 0.0914770 -0.2220569 0.2835771
v 0.0759206 -0.2379508 0.2884175
v -0.1564497 -0.1047575 0.3628897
v -0.1581818 -0.1056443 0.3613372
v -0.1651064 -0.1069927 0.3546846
v -0.1564184 -0.1038269 0.2638170
v -0.1650596 -0.1062060 0.2719562
v -0.1581579 -0.1047455 0.2652221
v 0.1543204 -0.1047288 0.3628482
v 0.1630086 -0.1069476 0.3547189
v 0.1561304 -0.1056765 0.3613832
v 0.1542942 -0.1038037 0.2637724
v 0.1560961 -0.1048015 0.2652228
v 0.1629992 -0.1061885 0.2719103
v -0.1798848 -0.1724168 0.3273273
v -0.1779826 -0.1512284 0.3200109
v -0.1844732 -0.1508944 0.3285276
v -0.1816171 -0.1309461 0.3197172
v -0.1871095 -0.1302725 0.3283325
v -0.1738378 -0.1728332 0.3199502
v -0.1702299 -0.1871082 0.3243353
v -0.1667116 -0.1872877 0.3201734
v -0.1628134 -0.1972738 0.3211497
v -0.1798423 -0.1721678 0.2980005
v -0.1779168 -0.1510221 0.3057814
v -0.1738414 -0.1726416 0.3053134
v -0.1844025 -0.1506045 0.2971238
v -0.1816371 -0.1307702 0.3064548
v -0.1870710 -0.1299604 0.2978155
v -0.1701585 -0.1868917 0.3006264
v -0.1668089 -0.1871350 0.3048928
v -0.1628170 -0.1971011 0.3036192
v 0.1778100 -0.1724377 0.3273086
v 0.1823423 -0.1509227 0.3285920
v 0.1758716 -0.1511638 0.3200205
v 0.1795530 -0.1309124 0.3196858
v 0.1849738 -0.1303487 0.3283430
v 0.1717635 -0.1728185 0.3200068
v 0.1680881 -0.1872049 0.3243514
v 0.1646949 -0.1872910 0.3201958
v 0.1607664 -0.1972490 0.3211877
v 0.1823198 -0.1506391 0.2971557
v 0.1778071 -0.1721309 0.2979542
v 0.1758824 -0.1510689 0.3057519
v 0.1794753 -0.1308126 0.3065094
v 0.1850251 -0.1299674 0.2978515
v 0.1718127 -0.1726734 0.3053178
v 0.1681068 -0.1869221 0.3006352
v 0.1647023 -0.1871478 0.3048183
v 0.1606789 -0.1970843 0.3036352
v -0.1684021 -0.1295964 0.3368100
v -0.1836969 -0.1491967 0.3294102
v -0.1870887 -0.1303087 0.3282686
v -0.1629151 -0.1497480 0.3373670
v -0.1781316 -0.1724813 0.3296146
v -0.1661505 -0.1502857 0.3474690
v -0.1700894 -0.1240306 0.3464550
v -0.1657167 -0.1734168 0.3445772
v -0.1634325 -0.1729135 0.3360867
v -0.1634406 -0.1728927 0.3361072
v -0.1667824 -0.1898289 0.3308327
v -0.1598483 -0.1901615 0.3331200
v -0.1583132 -0.1988818 0.3312690
v -0.1636581 -0.1904957 0.3380783
v -0.1598979 -0.1901202 0.3331462
v -0.1583640 -0.1988858 0.3313182
v -0.1837427 -0.1489436 0.2963703
v -0.1684110 -0.1291707 0.2893499
v -0.1870807 -0.1300239 0.2978058
v -0.1628279 -0.1492697 0.2883752
v -0.1781954 -0.1721574 0.2956377
v -0.1661622 -0.1495816 0.2782689
v -0.1700775 -0.1233215 0.2797441
v -0.1657310 -0.1727789 0.2807032
v -0.1634394 -0.1725198 0.2891974
v -0.1634140 -0.1725167 0.2891635
v -0.1668236 -0.1894166 0.2941224
v -0.1598386 -0.1897655 0.2918416
v -0.1583799 -0.1985075 0.2934689
v -0.1636197 -0.1899777 0.2868804
v -0.1598300 -0.1896823 0.2919134
v -0.1582877 -0.1985850 0.2935739
v 0.1816378 -0.1492311 0.3294738
v 0.1663107 -0.1296527 0.3367532
v 0.1849466 -0.1302817 0.3282814
v 0.1607482 -0.1497304 0.3374098
v 0.1760332 -0.1724289 0.3297070
v 0.1641124 -0.1502793 0.3474891
v 0.1680171 -0.1240433 0.3465320
v 0.1636259 -0.1733521 0.3446510
v 0.1613683 -0.1729649 0.3361555
v 0.1613315 -0.1729255 0.3361034
v 0.1647207 -0.1898560 0.3309074
v 0.1577239 -0.1901004 0.3331560
v 0.1563130 -0.1988445 0.3313214
v 0.1615961 -0.1904627 0.3380643
v 0.1578230 -0.1901490 0.3331682
v 0.1562629 -0.1988614 0.3312744
v 0.1815789 -0.1488863 0.2963572
v 0.1662787 -0.1292151 0.2893966
v 0.1607537 -0.1492617 0.2883450
v 0.1849985 -0.1299576 0.2977998
v 0.1760892 -0.1720957 0.2956836
v 0.1641208 -0.1495996 0.2783242
v 0.1680274 -0.1233229 0.2798073
v 0.1636679 -0.1727548 0.2806857
v 0.1613754 -0.1724614 0.2891749
v 0.1613539 -0.1724732 0.2892171
v 0.1647448 -0.1894933 0.2941260
v 0.1577518 -0.1897647 0.2918278
v 0.1562780 -0.1985876 0.2935499
v 0.1615546 -0.1899194 0.2868707
v 0.1577818 -0.1896773 0.2918425
v 0.1562445 -0.1985169 0.2935339
vn 0.0039 -0.0511 0.9987
vn 0.0040 -0.0511 0.9987
vn -0.0586 -0.9804 0.1884
vn 0.0663 -0.9799 0.1883
vn 0.0039 -0.9804 0.1967
vn 0.0039 -0.9821 0.1884
vn -0.1773 -0.9674 0.1811
vn -0.0663 -0.9796 0.1899
vn 0.0039 -0.9820 0.1887
vn 0.0115 -0.9834 0.1810
vn 0.0038 -0.9820 0.1887
vn 0.0038 -0.9820 0.1888
vn 0.9697 -0.0182 0.2438
vn 0.9450 0.0036 0.3269
vn 0.8996 -0.0154 0.4365
vn 0.7763 0.0262 0.6298
vn 0.5976 0.0278 0.8013
vn 0.4109 0.9072 -0.0903
vn 0.4113 0.9071 -0.0900
vn 0.4108 0.9072 -0.0904
vn 0.5145 0.0419 0.8565
vn 0.3789 0.9210 -0.0902
vn 0.2265 0.0530 0.9726
vn 0.2342 0.0601 0.9703
vn 0.3395 0.9355 -0.0982
vn 0.3227 0.9414 -0.0979
vn 0.0482 0.0525 0.9975
vn 0.4042 0.9101 -0.0909
vn 0.3789 0.9210 -0.0903
vn 1.0000 0.0040 0.0039
vn 1.0000 0.0039 0.0039
vn 0.9999 0.0118 0.0039
vn 0.9855 -0.0004 0.1699
vn 1.0000 -0.0042 0.0038
vn 0.3700 0.9197 -0.1314
vn 0.9963 0.0094 0.0850
vn 0.2938 0.9479 -0.1231
vn 0.4031 0.9056 -0.1317
vn 0.9990 0.0026 0.0447
vn 0.9546 0.0194 0.2972
vn 1.0000 0.0039 0.0038
vn 1.0000 0.0037 0.0040
vn 0.0039 -0.9594 -0.2821
vn 0.0036 -0.6947 -0.7193
vn 0.0037 -0.9452 -0.3266
vn 0.9582 0.0199 0.2854
vn 0.0035 -0.6899 -0.7239
vn 0.0039 -0.2903 -0.9569
vn 1.0000 0.0037 0.0041
vn 0.0040 -0.2903 -0.9569
vn 0.0039 -0.1360 -0.9907
vn 0.0037 -0.1360 -0.9907
vn 1.0000 0.0038 0.0039
vn 1.0000 0.0038 0.0040
vn 0.0038 -0.0215 0.9998
vn 0.0037 -0.3867 0.9222
vn 0.0036 -0.3867 0.9222
vn 0.0039 -0.0213 0.9998
vn 0.0038 0.3488 0.9372
vn 0.0039 0.3489 0.9371
vn 0.0037 0.6732 0.7395
vn 0.0040 0.6732 0.7395
vn 0.0039 0.9071 0.4209
vn 0.0039 -0.2971 0.9548
vn 0.0039 -0.6294 0.7771
vn 0.0040 0.0686 0.9976
vn 0.0039 0.0685 0.9976
vn 0.0038 0.4275 0.9040
vn 0.0033 0.4274 0.9041
vn 0.0039 -0.3508 -0.9364
vn 0.0039 -0.3507 -0.9365
vn 0.0039 -0.6254 -0.7803
vn 0.0039 -0.8373 -0.5467
vn 0.0038 0.7406 0.6720
vn 0.0040 0.7406 0.6720
vn 0.0035 0.9458 0.3248
vn 0.0041 0.9458 0.3247
vn 0.0039 0.9968 -0.0802
vn 0.0039 -0.9697 -0.2442
vn 0.0038 -0.9697 -0.2442
vn 0.0040 -0.9960 0.0892
vn 0.0040 -0.9960 0.0891
vn 0.0040 -0.9162 0.4008
vn 0.0038 -0.9162 0.4007
vn 0.0040 -0.7406 0.6720
vn 0.0037 0.9968 -0.0804
vn 0.0039 0.8851 -0.4654
vn 0.0038 0.8850 -0.4655
vn 0.0039 0.6379 -0.7701
vn 0.0038 0.6378 -0.7702
vn 0.0040 0.3065 -0.9519
vn 0.0039 -0.5069 0.8620
vn 0.0039 -0.2289 0.9734
vn 0.0038 -0.0069 1.0000
vn 0.0039 -0.0068 1.0000
vn 0.0039 -0.0614 -0.9981
vn 0.0041 -0.0613 -0.9981
vn 0.0039 -0.4245 -0.9054
vn 0.0040 -0.4244 -0.9054
vn 0.0037 -0.7412 -0.6713
vn 0.0040 0.3962 -0.9182
vn 0.0039 0.7067 -0.7075
vn 0.0039 0.7068 -0.7074
vn 0.0040 0.0292 -0.9996
vn 0.0038 0.0291 -0.9996
vn 0.0039 -0.3449 -0.9386
vn 0.0039 -0.0069 1.0000
vn 0.0040 -0.2144 0.9767
vn 0.0039 -0.2144 0.9767
vn 0.0043 0.3066 -0.9518
vn 0.0039 0.6378 -0.7702
vn 0.0040 0.6380 -0.7700
vn 0.0041 0.3066 -0.9518
vn 0.0040 -0.0613 -0.9981
vn 0.0037 -0.0615 -0.9981
vn 0.0039 -0.6732 -0.7395
vn 0.0040 -0.6732 -0.7395
vn 0.0036 -0.9089 -0.4170
vn 0.0038 -0.9089 -0.4171
vn 0.0039 -0.9999 -0.0114
vn 0.0040 -0.9999 -0.0112
vn 0.0038 0.9968 -0.0803
vn 0.0036 0.9458 0.3248
vn 0.0040 0.9968 -0.0802
vn 0.0039 -0.9196 0.3929
vn 0.0040 -0.6989 0.7152
vn 0.0039 -0.9195 0.3930
vn 0.0039 -0.6989 0.7152
vn 0.0040 0.7406 0.6719
vn 0.0039 0.7406 0.6720
vn 0.0040 0.4275 0.9040
vn -1.0000 0.0037 0.0040
vn -1.0000 0.0039 0.0039
vn -1.0000 0.0038 0.0042
vn -1.0000 0.0039 0.0038
vn -1.0000 0.0038 0.0040
vn 0.0039 0.0684 0.9976
vn -1.0000 0.0039 0.0041
vn -1.0000 0.0040 0.0040
vn -1.0000 0.0038 0.0039
vn -0.0292 -0.9969 0.0731
vn 0.0039 -0.9849 0.1728
vn 0.0368 -0.9966 0.0733
vn 0.0038 -0.9850 0.1727
vn 0.0038 -0.8802 0.4746
vn 0.0040 -0.9960 0.0889
vn 0.0038 -0.9961 0.0886
vn 0.0039 -0.8801 0.4747
vn 0.0040 -0.9475 -0.3197
vn -1.0000 0.0038 0.0041
vn 0.0038 -0.7412 -0.6712
vn 0.0040 -0.4245 -0.9054
vn 0.0041 -0.4244 -0.9055
vn 0.0038 -0.7412 -0.6713
vn 0.0039 -0.6293 0.7771
vn 0.0039 -0.4772 0.8788
vn 0.0039 -0.4773 0.8788
vn 0.0039 -0.7022 0.7120
vn 0.0040 -0.8763 0.4818
vn 0.0039 -0.8764 0.4816
vn 0.0037 -0.9414 0.3372
vn 0.0041 -0.9414 0.3373
vn 0.0038 -0.9805 0.1966
vn 0.0039 0.0706 0.9975
vn 0.0039 -0.6337 0.7736
vn 0.0039 -0.6337 0.7735
vn 0.0020 -0.9963 0.0865
vn 0.0039 0.0705 0.9975
vn -1.0000 0.0040 0.0041
vn 0.0021 -0.9962 0.0866
vn -0.9963 0.0096 0.0858
vn -0.9990 0.0026 0.0453
vn -1.0000 0.0036 0.0040
vn 0.0039 -0.2904 -0.9569
vn 0.0040 -0.1669 -0.9860
vn 0.0040 -0.6901 -0.7237
vn 0.0035 -0.6948 -0.7192
vn 0.0037 0.7446 0.6675
vn 0.0040 0.0706 0.9975
vn 0.0040 0.7447 0.6674
vn 0.0039 -0.6338 0.7735
vn 0.0042 -0.4366 -0.8997
vn 0.0035 -0.7492 -0.6624
vn 0.0036 -0.7492 -0.6624
vn 0.0039 -0.1669 -0.9860
vn 0.0040 -0.9556 -0.2946
vn 0.0040 -0.9556 -0.2945
vn 0.0037 -0.9967 0.0809
vn 0.0042 -0.9967 0.0811
vn 0.0039 0.6423 -0.7665
vn 0.0038 0.6422 -0.7665
vn 0.0038 0.9970 -0.0778
vn 0.0041 -0.6464 0.7630
vn 0.0040 -0.8935 0.4490
vn 0.0039 -0.6464 0.7629
vn 0.0038 -0.2818 0.9595
vn 0.0039 -0.7453 -0.6667
vn 0.0039 -0.0635 -0.9980
vn 0.0038 -0.7453 -0.6667
vn 0.0037 -0.0636 -0.9980
vn 0.0041 -0.7454 -0.6666
vn 0.0038 -0.0635 -0.9980
vn 0.0040 0.6423 -0.7665
vn 0.0039 0.6422 -0.7665
vn 0.0040 -0.3711 0.9286
vn 0.0039 -0.3711 0.9286
vn 0.0039 -0.0512 0.9987
vn 0.0024 -0.6779 -0.7352
vn 0.0027 -0.6778 -0.7352
vn 0.0042 0.0284 -0.9996
vn 0.0039 -0.9083 -0.4183
vn 0.0041 -0.9999 -0.0125
vn 0.0038 -0.9999 -0.0128
vn 0.0038 -0.7034 0.7108
vn 0.0039 -0.7032 0.7110
vn 0.0039 0.9970 -0.0778
vn 0.0038 0.7446 0.6675
vn 0.0039 0.7446 0.6674
vn 0.0039 0.6778 0.7352
vn 0.0038 -0.0203 0.9998
vn 0.0038 -0.0204 0.9998
vn 0.0038 0.9998 0.0203
vn 0.0038 0.9998 0.0204
vn 0.0039 0.7111 -0.7031
vn 0.0020 -0.9963 0.0864
vn 0.0039 0.0281 -0.9996
vn 0.0036 -0.9452 -0.3266
vn 0.0034 -0.9593 -0.2822
vn -0.9540 0.0196 0.2993
vn -0.9576 0.0201 0.2876
vn -0.2868 0.9500 -0.1232
vn -0.3024 0.9428 -0.1403
vn -0.3965 0.9085 -0.1321
vn -0.3634 0.9223 -0.1318
vn -0.4900 0.8627 -0.1248
vn -0.5870 0.8022 -0.1095
vn -0.8339 0.0358 0.5507
vn -0.6906 0.7171 -0.0944
vn -0.7600 0.6440 -0.0869
vn -0.6894 0.0539 0.7223
vn -0.7914 0.0424 0.6099
vn 0.0040 -0.9976 -0.0694
vn 0.0041 -0.9976 -0.0698
vn -0.0041 -0.9960 0.0897
vn 0.0039 -0.9960 0.0897
vn 0.0038 -0.9960 0.0895
vn -0.0043 -0.9960 0.0896
vn -0.0355 -0.9953 0.0896
vn -0.0195 -0.9958 0.0894
vn -0.6821 -0.0376 0.7303
vn -0.6695 0.0304 0.7422
vn -0.6600 0.0611 0.7488
vn -0.6689 0.0537 0.7414
vn -0.9738 0.2257 -0.0270
vn -0.9723 0.2330 -0.0179
vn -0.9180 -0.3954 0.0308
vn -0.9406 -0.3381 0.0325
vn -0.7509 -0.6575 0.0614
vn -0.7394 -0.6704 0.0609
vn -0.9431 -0.3309 0.0326
vn -0.7655 -0.0258 -0.6429
vn -0.6484 -0.0301 -0.7607
vn -0.6532 -0.0231 -0.7569
vn -0.6651 -0.1080 -0.7389
vn -0.9298 0.3650 -0.0484
vn -0.7757 -0.6281 0.0614
vn -0.0040 -0.9959 0.0900
vn -0.6569 -0.0304 -0.7533
vn -0.8483 0.5266 -0.0555
vn -0.7753 0.6256 -0.0863
vn -0.8793 0.4719 -0.0643
vn -0.7059 -0.0398 -0.7071
vn -0.6580 0.7450 -0.1097
vn -0.8460 -0.0216 -0.5327
vn -0.5066 0.8520 -0.1324
vn -0.9549 -0.0043 -0.2970
vn -0.9608 -0.0050 -0.2772
vn -0.3891 0.9104 -0.1404
vn -0.9943 0.0067 -0.1065
vn -0.9968 0.0061 -0.0791
vn -0.2952 0.9410 -0.1656
vn -0.3718 0.9163 -0.1486
vn -0.3800 0.9101 -0.1654
vn -0.3016 0.9377 -0.1723
vn -0.1682 0.9706 -0.1721
vn -0.1293 0.9805 -0.1478
vn -0.0354 0.9884 -0.1476
vn -0.0429 0.9925 -0.1141
vn -0.0981 0.9886 -0.1146
vn -0.0431 0.9934 -0.1060
vn -0.2226 0.9682 -0.1142
vn -0.0741 0.9916 -0.1058
vn -0.1609 0.9812 -0.1065
vn -0.2470 0.9632 -0.1063
vn -0.3183 0.9428 -0.0990
vn -0.3326 0.9379 -0.0985
vn -0.3722 0.9237 -0.0905
vn -0.3976 0.9130 -0.0910
vn -0.3653 0.9264 -0.0908
vn -0.9999 0.0119 0.0039
vn -1.0000 0.0041 0.0040
vn -0.4044 0.9101 -0.0908
vn -0.9790 -0.0254 0.2021
vn -0.9028 -0.0068 0.4301
vn -0.9466 -0.0115 0.3222
vn -0.9649 0.0052 0.2625
vn -1.0000 -0.0041 0.0039
vn 0.0040 -0.9006 0.4347
vn 0.0039 -0.9006 0.4346
vn 0.0037 -0.7571 0.6533
vn 0.0039 -0.9820 0.1886
vn 0.0035 -0.7572 0.6532
vn 0.0041 -0.9820 0.1886
vn 0.0041 -0.9821 0.1885
vn -0.5926 0.0206 0.8052
vn -0.7733 0.0266 0.6334
vn -0.0038 -0.9835 0.1809
vn -0.2272 0.0533 0.9724
vn -0.2120 0.0609 0.9754
vn 0.0664 -0.9795 0.1900
vn -0.5177 0.0500 0.8541
vn -0.4045 0.9100 -0.0907
vn -0.4043 0.9101 -0.0907
vn -0.0483 0.0674 0.9966
vn -0.0555 0.0674 0.9962
vn 0.1847 -0.9660 0.1810
vn 0.0036 0.0820 0.9966
vn 0.0041 0.0748 0.9972
vn 0.0037 -0.9849 0.1729
vn -0.0185 0.0751 0.9970
vn 0.0561 0.0750 0.9956
vn -0.0036 0.0823 0.9966
vn -0.0109 0.0970 0.9952
vn 0.0038 0.0973 0.9953
vn 0.0187 0.0971 0.9951
vn 0.0188 0.0972 0.9951
vn -0.0430 0.9934 -0.1059
vn 0.0196 0.9942 -0.1059
vn 0.0509 0.9931 -0.1059
vn 0.0507 0.9922 -0.1142
vn 0.1058 0.9878 -0.1146
vn 0.1060 0.9887 -0.1064
vn 0.1292 0.9805 -0.1480
vn 0.2298 0.9664 -0.1153
vn 0.1685 0.9800 -0.1063
vn 0.3091 0.9406 -0.1404
vn 0.2537 0.9614 -0.1060
vn -0.0035 0.0678 0.9977
vn 0.0186 0.0677 0.9975
vn 0.3011 0.9393 -0.1643
vn 0.3957 0.9076 -0.1401
vn 0.4959 0.8594 -0.1245
vn 0.5921 0.7985 -0.1088
vn 0.5121 0.8487 -0.1322
vn 0.6947 0.7131 -0.0938
vn 0.7634 0.6402 -0.0864
vn 0.6623 0.7412 -0.1094
vn 0.8812 0.4684 -0.0642
vn 0.7785 0.6218 -0.0859
vn 0.8505 0.5231 -0.0550
vn 0.9738 0.2257 -0.0270
vn 0.9308 0.3622 -0.0481
vn 0.9728 0.2311 -0.0178
vn 0.9189 -0.3932 0.0312
vn 0.9439 -0.3285 0.0324
vn 0.9414 -0.3357 0.0324
vn 0.7544 -0.6536 0.0611
vn 0.7430 -0.6666 0.0607
vn 0.7790 -0.6241 0.0612
vn 0.0275 -0.9956 0.0896
vn 0.0121 -0.9959 0.0898
vn 0.0433 -0.9950 0.0895
vn 0.0121 -0.9959 0.0896
vn 0.0122 -0.9959 0.0901
vn 0.8482 -0.0213 -0.5293
vn 0.7688 -0.0256 -0.6389
vn 0.9615 -0.0049 -0.2748
vn 0.7096 -0.0396 -0.7035
vn 0.0038 -0.9784 0.2065
vn 0.0039 -0.8254 0.5645
vn 0.0039 -0.8631 0.5051
vn 0.6613 -0.0303 -0.7495
vn 0.6575 -0.0228 -0.7531
vn 0.6529 -0.0299 -0.7569
vn 0.6693 -0.1074 -0.7352
vn 0.0119 -0.9784 0.2063
vn 0.0039 -0.9960 0.0896
vn 0.0041 -0.2528 0.9675
vn 0.0040 -0.2598 0.9657
vn 0.0039 -0.0807 0.9967
vn 0.0039 -0.0806 0.9967
vn 0.0041 -0.4227 -0.9063
vn 0.0037 -0.4229 -0.9062
vn 0.0039 -0.4228 -0.9062
vn 0.0039 0.3057 -0.9521
vn 0.0040 0.6423 -0.7664
vn 0.0040 0.3057 -0.9521
vn 0.0040 -0.0634 -0.9980
vn 0.0036 -0.7452 -0.6668
vn 0.0038 -0.0636 -0.9980
vn 0.0039 -0.5095 0.8604
vn 0.0038 -0.9177 0.3973
vn 0.0040 -0.9176 0.3974
vn 0.0039 -0.9700 -0.2430
vn 0.0037 0.9970 -0.0779
vn 0.0037 0.9970 -0.0778
vn 0.0039 0.7446 0.6675
vn 0.0040 0.0707 0.9975
vn 0.0038 -0.6286 -0.7778
vn 0.0041 -0.6287 -0.7776
vn 0.0039 -0.2050 -0.9788
vn 0.0040 -0.2050 -0.9788
vn -0.0185 -0.1670 -0.9858
vn -0.0340 -0.2049 -0.9782
vn 0.0041 0.7447 0.6674
vn 0.0039 0.7447 0.6674
vn 0.0040 -0.6336 0.7736
vn 0.0040 -0.6337 0.7736
vn 0.0020 -0.9962 0.0865
vn 0.0021 -0.9962 0.0865
vn 0.0021 -0.9962 0.0867
vn 0.0040 -0.9472 -0.3207
vn 0.0039 0.9998 0.0204
vn 0.0038 0.7110 -0.7032
vn 0.0035 0.6778 0.7352
vn 0.0040 0.6778 0.7352
vn -1.0000 0.0036 0.0039
vn 0.0040 -0.0202 0.9998
vn 0.0039 -0.7033 0.7109
vn 0.0039 -0.9999 -0.0126
vn -0.1270 -0.5683 -0.8130
vn -0.1121 -0.5073 -0.8544
vn -0.2159 -0.8642 -0.4544
vn -0.2173 -0.8866 -0.4082
vn -0.2408 -0.9557 -0.1693
vn -0.2408 -0.9557 -0.1694
vn -0.1934 -0.9807 0.0297
vn -0.2093 -0.9755 -0.0683
vn 0.0042 -0.9989 0.0470
vn 0.1786 -0.9797 0.0905
vn 0.1856 -0.9819 0.0379
vn 0.0119 -0.9967 0.0802
vn 0.2169 -0.9738 -0.0678
vn 0.0263 -0.0532 -0.9982
vn 0.0117 -0.0450 -0.9989
vn 0.0039 -0.0377 -0.9993
vn 0.0415 -0.0531 -0.9977
vn -0.0186 -0.0531 -0.9984
vn -0.0337 -0.0531 -0.9980
vn -0.1861 -0.9768 0.1061
vn 0.0566 -0.0380 -0.9977
vn 0.5038 -0.0345 -0.8631
vn 0.5961 -0.0666 -0.8001
vn 0.5876 -0.0435 -0.8080
vn 0.6432 -0.0760 -0.7619
vn 0.5882 -0.0284 -0.8082
vn -0.2563 -0.9616 0.0983
vn 0.3867 0.9073 -0.1649
vn 0.3868 0.9073 -0.1649
vn 0.3869 0.9072 -0.1651
vn 0.3087 0.9355 -0.1720
vn 0.9529 -0.0193 -0.3026
vn 0.9475 -0.0349 -0.3179
vn 0.9158 -0.0170 -0.4013
vn 0.9593 -0.0365 -0.2801
vn 0.9791 -0.0069 -0.2031
vn 0.3867 0.9073 -0.1650
vn 1.0000 0.0037 0.0038
vn 0.3785 0.9137 -0.1481
vn 0.9943 0.0147 -0.1056
vn 0.9975 0.0057 -0.0705
vn 0.9556 0.0036 -0.2947
vn 1.0000 0.0037 0.0039
vn 0.9916 -0.0083 -0.1292
vn 0.0020 -0.6778 -0.7352
vn 0.0040 0.0282 -0.9996
vn 0.0042 0.0283 -0.9996
vn -0.2564 -0.9616 0.0982
vn 0.1758 0.9693 -0.1720
vn 0.0432 0.9881 -0.1475
vn 0.1058 0.9807 -0.1645
vn -0.0980 0.9815 -0.1645
vn 0.2247 -0.8851 -0.4076
vn 0.1349 -0.5677 -0.8121
vn 0.2234 -0.8626 -0.4539
vn 0.2482 -0.9539 -0.1688
vn 0.2482 -0.9538 -0.1690
vn 0.2637 -0.9596 0.0981
vn -0.9425 -0.0651 -0.3279
vn -0.9548 -0.0194 -0.2967
vn -0.9836 -0.0075 -0.1804
vn -0.9528 -0.0118 -0.3035
vn -0.9220 -0.0662 -0.3816
vn 0.2636 -0.9596 0.0983
vn -0.3802 0.9100 -0.1652
vn -0.3801 0.9101 -0.1651
vn -0.3801 0.9100 -0.1653
vn -0.5784 -0.0362 -0.8150
vn -0.5997 -0.0521 -0.7986
vn -0.6650 -0.0309 -0.7462
vn -0.5687 -0.0588 -0.8205
vn -0.5128 -0.0348 -0.8578
vn 0.0263 -0.1670 -0.9856
vn 0.0418 -0.2046 -0.9780
vn 0.1199 -0.5064 -0.8540
vn 0.0040 -0.7032 0.7110
vn 0.0038 -0.9999 -0.0127
vn 0.0039 -0.0203 0.9998
vn 0.0036 0.6778 0.7352
vn 0.0033 0.6778 0.7352
vn 0.0014 -0.9963 0.0865
vn 0.0013 -0.9963 0.0865
vn -0.9904 -0.0004 -0.1379
vn 0.0036 -0.8630 0.5051
vn 0.0038 -0.2600 0.9656
vn 0.0039 -0.8253 0.5646
vn 0.0039 -0.2529 0.9675
vn 0.0038 -0.0808 0.9967
vn 0.0040 -0.0635 -0.9980
vn 0.0041 0.6424 -0.7664
vn 0.0039 0.9970 -0.0777
vn 0.0040 -0.6336 0.7737
vn 0.0039 -0.6286 -0.7777
vn 0.0038 -0.2051 -0.9787
vn 0.0040 -0.6286 -0.7777
vn 0.0034 -0.9700 -0.2433
vn 0.0040 -0.9177 0.3974
vn 0.0038 -0.5096 0.8604
vn 0.0040 -0.7454 -0.6667
vn 0.0041 0.0283 -0.9996
vn 0.0040 0.7111 -0.7030
vn 0.0026 -0.6778 -0.7352
vn 0.0040 -0.9785 0.2063
vn -1.0000 0.0037 0.0038
vn -0.0487 -0.0381 -0.9981
vn 1.0000 0.0038 0.0038
vn 0.0038 -0.9976 -0.0696
vn 0.0039 -0.9976 -0.0695
vn 0.7942 0.0420 0.6062
vn 0.8361 0.0356 0.5474
vn 0.6736 0.0303 0.7385
vn 0.6862 -0.0374 0.7265
vn 0.6934 0.0533 0.7186
vn 0.6646 0.0608 0.7447
vn 0.6729 0.0534 0.7378
vn -0.0040 -0.9768 0.2142
vn 0.0039 -0.9475 -0.3199
vn 0.0038 0.9998 0.0191
vn 0.0038 0.9235 -0.3836
vn 0.0039 0.9998 0.0191
vn 0.0035 0.9235 -0.3837
vn 0.0040 -0.8801 0.4749
vn 0.0039 -0.9960 0.0888
vn -1.0000 0.0037 0.0041
vn 0.0039 0.9071 0.4210
vn 0.0039 -0.7406 0.6719
vn -1.0000 0.0041 0.0039
vn 0.0039 0.7209 -0.6931
vn 0.0038 0.2364 -0.9717
vn 0.0040 0.7209 -0.6930
vn 0.0039 0.2365 -0.9716
vn 0.0039 -0.0862 -0.9963
vn 0.0039 0.9939 0.1098
vn 0.0040 0.9939 0.1099
vn 0.0040 0.9208 0.3901
vn 0.0039 0.9208 0.3900
vn 0.0038 0.9030 0.4295
vn 0.0039 0.9030 0.4295
vn 1.0000 0.0040 0.0038
vn 0.0040 -0.3939 -0.9191
vn 0.0040 -0.1303 -0.9915
vn 0.0039 -0.3940 -0.9191
vn 0.0039 -0.1303 -0.9915
vn 0.0040 -0.0861 -0.9963
vn 0.0040 -0.9555 0.2949
vn 0.0040 -0.9546 -0.2978
vn 0.0038 -0.9546 -0.2980
vn 0.0039 -0.7935 0.6085
vn 0.0039 -0.7639 0.6453
vn 0.0040 -0.7639 0.6454
vn 0.0040 -0.7935 0.6086
vn 0.0040 -0.5640 0.8258
vn -1.0000 0.0039 0.0040
vn 0.0038 -0.5641 0.8257
vn 0.0039 0.2222 0.9750
vn 0.0039 0.2223 0.9750
vn 0.0038 0.6991 0.7150
vn 0.0037 0.6992 0.7150
vn 0.0041 0.7210 -0.6929
vn 0.0039 0.2366 -0.9716
vn 0.0039 0.7209 -0.6930
vn 0.0040 -0.0860 -0.9963
vn 0.0039 0.9208 0.3901
vn 0.0037 0.9030 0.4296
vn 0.0039 0.9031 0.4295
vn 0.0040 -0.3940 -0.9191
vn 0.0039 -0.1304 -0.9915
vn 0.0039 -0.9555 0.2948
vn 0.0039 -0.9546 -0.2979
vn 0.0040 -0.7935 0.6085
vn 0.0039 -0.5641 0.8257
vn 0.0038 0.2221 0.9750
vn 0.0040 0.2224 0.9750
vn 0.0039 0.6991 0.7150
vn 0.0035 0.6991 0.7150
vn 0.0039 0.9842 0.1770
vn 0.0039 0.7544 0.6564
vn 0.0038 0.3404 0.9403
vn 0.0040 0.3405 0.9402
vn 0.0039 -0.1534 0.9882
vn 0.0039 -0.6136 0.7896
vn 0.0039 -0.9274 0.3741
vn 0.0040 -0.9274 0.3742
vn 0.0039 -0.6135 0.7896
vn -0.6874 -0.4651 0.5577
vn -0.7416 -0.6671 0.0710
vn -0.6941 -0.6588 0.2902
vn 0.0040 -0.9853 -0.1706
vn 0.0042 -0.9853 -0.1705
vn -0.6987 -0.7009 -0.1434
vn -0.7252 -0.3843 -0.5713
vn -0.7199 -0.2659 0.6412
vn -0.6758 0.2290 0.7006
vn -0.7200 0.3888 0.5748
vn -0.6757 -0.0810 0.7327
vn -0.6941 0.7040 0.1501
vn -0.7381 0.6718 -0.0627
vn -0.6892 0.5662 0.4521
vn 0.0040 0.9842 0.1771
vn 0.0039 0.9311 -0.3648
vn 0.0040 0.9311 -0.3647
vn -0.6920 0.6647 -0.2817
vn 0.0039 0.6222 -0.7828
vn 0.0039 0.6221 -0.7829
vn -0.6878 0.4730 -0.5506
vn 0.0040 0.1623 -0.9867
vn -0.7220 0.2746 -0.6351
vn -0.6792 0.0891 -0.7285
vn 0.0040 -0.3361 -0.9418
vn 0.0039 -0.3361 -0.9418
vn -0.6812 -0.2226 -0.6974
vn 0.0041 -0.7550 -0.6557
vn -0.6948 -0.5630 -0.4476
vn 0.0038 -0.7551 -0.6555
vn 0.0038 0.7545 0.6563
vn 0.0039 0.3404 0.9403
vn 0.0040 -0.1533 0.9882
vn 0.0039 -0.6135 0.7897
vn 0.0040 -0.9273 0.3742
vn 0.0035 -0.6137 0.7895
vn -0.6874 -0.4650 0.5579
vn -0.7415 -0.6672 0.0709
vn -0.6941 -0.6588 0.2903
vn 0.0039 -0.9853 -0.1706
vn 0.0038 -0.9853 -0.1706
vn -0.6988 -0.7008 -0.1434
vn -0.7254 -0.3840 -0.5713
vn -0.7199 -0.2660 0.6411
vn -0.6760 0.2288 0.7005
vn -0.7199 0.3889 0.5749
vn -0.6758 -0.0810 0.7327
vn -0.7381 0.6718 -0.0628
vn -0.6892 0.5663 0.4521
vn 0.0039 0.9842 0.1769
vn 0.0039 0.9311 -0.3647
vn -0.6919 0.6648 -0.2815
vn -0.6878 0.4733 -0.5505
vn 0.0039 0.1623 -0.9867
vn -0.6793 0.0892 -0.7285
vn 0.0037 -0.3362 -0.9418
vn 0.0042 -0.3361 -0.9418
vn -0.6808 -0.2228 -0.6978
vn 0.0039 0.1622 -0.9867
vn 0.0037 -0.7552 -0.6555
vn -0.6947 -0.5630 -0.4476
vn 0.0039 -0.7551 -0.6556
vn -0.3817 0.7175 -0.5827
vn -0.0404 0.7669 -0.6405
vn 0.0397 -0.7798 0.6248
vn -0.0827 0.7482 -0.6583
vn 0.4785 -0.6244 0.6174
vn 0.1716 0.9735 -0.1513
vn 0.1799 0.9724 -0.1485
vn 0.1728 0.9730 -0.1528
vn 0.2033 0.9659 -0.1604
vn 0.3823 -0.9084 0.1695
vn 0.2216 -0.9620 0.1596
vn 0.2215 -0.9629 0.1540
vn 0.2215 -0.9617 0.1617
vn 0.2221 -0.9615 0.1616
vn 0.1237 0.9747 -0.1862
vn 0.0733 -0.8565 0.5110
vn -0.8658 -0.0391 -0.4989
vn -0.4642 0.7358 -0.4930
vn -0.2671 -0.6934 0.6692
vn -0.3984 0.7727 -0.4941
vn -0.7900 0.3440 -0.5074
vn 0.8349 0.5500 0.0222
vn -0.3013 0.8057 -0.5100
vn -0.3084 0.8044 -0.5077
vn -0.3321 0.7928 -0.5110
vn 0.5289 -0.7335 0.4270
vn 0.7856 -0.5764 0.2251
vn 0.7856 -0.5765 0.2249
vn 0.7856 -0.5764 0.2249
vn 0.7855 -0.5768 0.2243
vn 0.9628 -0.2174 0.1607
vn 0.7589 -0.5195 0.3927
vn -0.6452 0.7239 -0.2442
vn -0.6644 0.6882 -0.2917
vn 0.2122 0.5683 -0.7950
vn 0.1466 -0.9630 0.2263
vn -0.8105 -0.1487 0.5665
vn 0.0472 0.6558 -0.7534
vn -0.7283 -0.2291 -0.6458
vn -0.5518 -0.6403 0.5344
vn -0.4335 -0.6315 0.6429
vn -0.0256 0.9732 -0.2286
vn 0.8962 -0.0140 -0.4435
vn 0.6083 -0.3932 -0.6894
vn -0.1964 -0.5161 0.8337
vn -0.3833 -0.6586 0.6476
vn 0.4330 0.5722 -0.6965
vn 0.7029 0.7056 -0.0898
vn 0.3133 -0.9074 -0.2801
vn 0.0589 0.9677 0.2449
vn -0.2375 0.7152 -0.6573
vn 0.1739 0.7174 -0.6746
vn -0.2515 -0.8548 0.4539
vn -0.1431 -0.8680 0.4755
vn -0.1419 -0.8688 0.4745
vn -0.1388 -0.8665 0.4795
vn -0.1419 -0.8791 0.4550
vn -0.5770 -0.1976 -0.7924
vn -0.2451 0.4468 -0.8604
vn -0.7857 0.6157 0.0595
vn 0.8673 -0.4964 0.0368
vn 0.5163 -0.8404 -0.1647
vn -0.6133 -0.7678 0.1852
vn -0.2552 -0.9469 -0.1956
vn 0.9317 -0.3531 -0.0856
vn 0.9746 -0.2240 -0.0075
vn 0.7631 -0.4521 0.4618
vn 0.9142 0.3097 -0.2614
vn 0.3861 0.9211 0.0504
vn 0.3148 -0.8813 0.3524
vn -0.1540 -0.7948 0.5870
vn 0.4842 -0.8129 0.3236
vn 0.5255 -0.8338 0.1692
vn 0.5520 0.8279 0.0993
vn 0.5295 0.8399 0.1191
vn 0.0712 0.9653 -0.2511
vn 0.0647 0.9647 -0.2553
vn 0.0639 0.9648 -0.2549
vn 0.0927 0.9617 -0.2581
vn 0.4953 0.8478 0.1896
vn 0.4171 0.8570 0.3026
vn 0.7124 -0.5493 0.4366
vn 0.9637 0.1722 0.2038
vn -0.6805 0.5432 -0.4918
vn -0.6805 0.5433 -0.4917
vn -0.6790 0.5457 -0.4911
vn -0.6662 0.5535 -0.4998
vn -0.1631 0.9195 0.3577
vn -0.9123 0.3790 0.1550
vn 0.9016 0.3752 0.2152
vn 0.6253 0.7433 -0.2377
vn 0.7041 -0.7095 0.0286
vn -0.8474 -0.3086 -0.4321
vn -0.7440 -0.5766 0.3376
vn 0.7703 0.3581 -0.5277
vn 0.9276 -0.3630 -0.0879
vn 0.9673 -0.2321 -0.1018
vn -0.4287 0.8991 0.0879
vn -0.4445 0.8947 0.0428
vn -0.3157 0.7045 -0.6356
vn -0.0081 -0.7860 0.6181
vn -0.1710 0.6650 -0.7270
vn 0.1052 0.6492 -0.7533
vn 0.9631 -0.2681 -0.0227
vn 0.9104 0.4099 -0.0550
vn -0.0544 0.9495 0.3090
vn 0.7265 -0.6501 -0.2226
vn 0.6944 -0.6670 -0.2700
vn 0.8904 -0.4243 0.1648
vn 0.8974 -0.4182 0.1409
vn -0.0534 0.9943 0.0919
vn -0.2268 0.9639 -0.1392
vn -0.0986 0.7815 -0.6160
vn 0.0842 -0.9532 -0.2904
vn 0.2386 -0.9708 -0.0262
vn -0.8342 0.2563 -0.4883
vn -0.9412 -0.0654 -0.3314
vn 0.2383 0.6288 -0.7401
vn 0.1409 -0.6694 0.7294
vn -0.1073 -0.9863 -0.1249
vn 0.1913 0.9757 0.1067
vn -0.3170 0.9126 0.2582
vn 0.0383 0.9775 0.2075
vn -0.9600 0.2758 -0.0487
vn -0.9994 0.0044 -0.0340
vn 0.1856 0.9598 -0.2105
vn 0.8046 0.4865 0.3404
vn 0.2725 -0.4598 -0.8452
vn 0.0864 -0.8139 0.5745
vn 0.3157 0.7143 -0.6246
vn 0.9204 0.3747 0.1120
vn 0.9353 0.3529 -0.0258
vn 0.9579 0.2827 -0.0502
vn 0.9845 -0.1744 0.0209
vn -0.8642 0.4198 0.2772
vn 0.8508 -0.3845 -0.3583
vn 0.7492 -0.6605 -0.0485
vn 0.3355 -0.9296 -0.1528
vn -0.9649 0.2619 0.0196
vn -0.5205 0.6405 -0.5647
vn -0.4647 -0.2712 0.8429
vn -0.5996 0.7244 -0.3401
vn 0.5874 0.7968 0.1418
vn 0.6140 0.7864 0.0684
vn 0.3318 0.9109 -0.2454
vn -0.2281 -0.8865 0.4026
vn -0.7478 -0.2946 -0.5950
vn -0.6817 -0.6328 -0.3672
vn -0.2000 0.6299 -0.7505
vn 0.4608 -0.6615 0.5917
vn 0.5892 0.6706 -0.4508
vn 0.8325 0.3306 -0.4447
vn 0.5982 0.8011 0.0218
vn 0.1336 0.9866 -0.0940
vn -0.9149 0.4014 -0.0421
vn -0.9249 0.2599 0.2774
vn -0.4381 0.8849 -0.1579
vn 0.9327 0.0092 0.3604
vn 0.3528 0.9286 -0.1148
vn 0.8544 0.4390 -0.2781
vn 0.2675 -0.9128 0.3087
vn 0.8638 0.1137 -0.4908
vn 0.2417 0.6376 -0.7315
vn 0.1117 0.7010 -0.7044
vn 0.7588 0.0937 -0.6446
vn 0.9275 0.3547 -0.1178
vn 0.9361 0.3503 0.0326
vn -0.4581 -0.7626 0.4567
vn -0.8189 -0.5594 0.1282
vn -0.9063 -0.2757 -0.3204
vn -0.9388 -0.3357 -0.0769
vn 0.1793 0.9395 -0.2920
vn 0.8543 0.5153 -0.0683
vn 0.7456 0.5625 -0.3574
vn 0.6118 0.6836 -0.3980
vn 0.4693 0.5260 -0.7092
vn 0.2817 0.4935 -0.8228
vn 0.6491 0.7468 0.1449
vn 0.4275 -0.6089 0.6682
vn 0.9203 0.2259 -0.3194
vn 0.9086 0.1470 0.3909
vn 0.5499 -0.7522 0.3631
vn 0.9301 0.2849 -0.2318
vn 0.9316 0.3020 -0.2021
vn 0.6818 0.4314 0.5908
vn -0.0469 0.9343 0.3533
vn 0.8388 -0.5443 -0.0065
vn 0.7155 -0.0634 -0.6957
vn 0.1247 0.8780 -0.4620
vn 0.1647 0.7644 -0.6233
vn -0.5663 0.5679 -0.5973
vn -0.5664 0.5679 -0.5972
vn 0.9580 -0.2332 -0.1670
vn 0.9917 0.0896 -0.0920
vn 0.3904 0.9126 -0.1210
vn -0.6215 0.7442 0.2448
vn 0.6591 -0.6742 -0.3333
vn 0.9208 -0.2320 -0.3135
vn 0.6124 -0.0482 -0.7891
vn 0.8760 -0.4607 0.1427
vn 0.1060 -0.7548 0.6473
vn 0.5283 0.7140 -0.4594
vn 0.3873 0.6212 -0.6813
vn 0.3879 0.6214 -0.6808
vn 0.3884 0.6215 -0.6804
vn 0.3888 0.6215 -0.6801
vn 0.3784 0.6147 -0.6921
vn -0.6193 0.7826 0.0625
vn 0.2131 0.9697 -0.1191
vn -0.6623 0.6041 -0.4432
vn -0.6548 0.4779 0.5855
vn 0.4816 0.7151 -0.5066
vn -0.8348 0.4913 0.2486
vn 0.9790 0.1503 0.1377
vn 0.8223 0.5029 0.2663
vn -0.6391 0.6791 -0.3611
vn -0.4503 -0.8523 -0.2659
vn 0.9966 -0.0744 0.0350
vn -0.2745 -0.5850 0.7632
vn -0.2364 -0.7736 0.5880
vn 0.2700 0.8021 -0.5327
vn -0.3842 -0.3700 -0.8459
vn -0.7911 0.5790 -0.1973
vn 0.5429 -0.3911 -0.7432
vn 0.9738 -0.0488 -0.2223
vn 0.7487 -0.6461 -0.1484
vn -0.6441 -0.5372 0.5445
vn -0.8832 -0.4442 0.1503
vn 0.9044 -0.3968 -0.1570
vn 0.4042 0.6940 -0.5958
vn 0.1528 0.9882 0.0137
vn 0.9849 0.1650 0.0522
vn -0.9189 -0.3464 0.1886
vn -0.8419 -0.5228 0.1337
vn -0.6878 0.6578 0.3069
vn -0.3046 -0.9453 0.1163
vn 0.8800 0.3478 -0.3235
vn 0.8161 -0.5035 0.2836
vn 0.2634 0.5399 -0.7995
vn 0.6362 0.7380 0.2251
vn 0.9619 -0.2639 -0.0716
vn 0.9661 -0.1618 -0.2013
vn 0.9328 -0.3250 -0.1561
vn 0.2949 0.8339 -0.4666
vn 0.2162 0.8917 -0.3976
vn 0.7075 -0.7051 -0.0478
vn 0.8339 -0.5102 -0.2104
vn 0.4556 -0.8902 0.0026
vn -0.0238 0.8191 0.5732
vn -0.3816 0.7175 -0.5827
vn -0.3085 0.8044 -0.5077
vn 0.7856 -0.5766 0.2246
vn -0.8105 -0.1488 0.5665
vn -0.4498 -0.4733 -0.7574
vn 0.6083 -0.3932 -0.6895
vn -0.3650 0.7093 -0.6031
vn 0.3148 -0.8813 0.3525
vn 0.5513 0.8283 0.0993
vn 0.5503 0.8291 0.0991
vn 0.5289 0.8390 0.1278
vn 0.0647 0.9647 -0.2554
vn 0.0642 0.9648 -0.2550
vn 0.9638 0.1722 0.2038
vn 0.0930 0.9895 -0.1105
vn 0.2387 -0.9708 -0.0262
vn -0.0595 0.8565 -0.5127
vn -0.2591 -0.8031 -0.5365
vn 0.5892 0.6705 -0.4508
vn 0.7155 -0.0633 -0.6958
vn 0.3882 0.6214 -0.6805
vn -0.6077 0.7651 0.2129
vn 0.1166 0.0411 -0.9923
vn -0.2513 0.9568 -0.1464
vn -0.9308 0.3647 -0.0255
vn 0.8161 -0.5035 0.2837
vn -0.3589 -0.8122 -0.4599
vn 0.1626 -0.8974 -0.4102
vn 0.1229 0.7323 -0.6698
vn -0.1036 0.6708 -0.7343
vn -0.9654 -0.1269 -0.2277
vn -0.2600 0.9640 -0.0564
vn -0.0116 -0.9676 0.2521
vn -0.1573 0.9446 0.2882
vn 0.5506 0.8288 0.0999
vn 0.5505 0.8290 0.0990
vn -0.8567 0.5053 -0.1038
vn -0.8999 0.3778 0.2178
vn -0.5349 0.8423 0.0668
vn -0.6228 0.7738 0.1156
vn -0.2854 0.8938 -0.3460
vn -0.4851 -0.8377 0.2508
vn 0.1028 -0.3368 -0.9360
vn -0.1898 0.8896 -0.4155
vn -0.5972 0.7759 0.2034
vn 0.0058 -0.9502 0.3117
vn -0.4697 0.8527 -0.2286
vn -0.2863 0.8775 -0.3847
vn -0.7622 0.6388 -0.1046
vn -0.7835 0.6182 0.0628
vn -0.2489 0.9034 -0.3492
vn -0.2600 0.9640 -0.0563
vn 0.0058 -0.9501 0.3118
vn 0.0816 -0.1187 -0.9896
vn -0.8738 0.4691 -0.1281
vn 0.9109 0.4081 0.0611
vn 0.8087 0.5797 0.1001
vn 0.9851 -0.1718 -0.0123
vn 0.8893 0.3863 -0.2448
vn 0.8382 0.4942 0.2307
vn 0.0103 0.9894 -0.1449
vn 0.8175 -0.3828 -0.4302
vn 0.8408 0.1028 -0.5315
vn -0.8064 0.5520 0.2124
vn -0.4723 0.8809 0.0319
vn 0.1672 -0.8453 -0.5075
vn -0.9572 0.1197 -0.2633
vn -0.9573 0.1188 -0.2637
vn -0.9573 0.1152 -0.2651
vn -0.9909 0.0524 0.1242
vn -0.1512 0.1344 0.9793
vn 0.5580 -0.7200 -0.4125
vn 0.7148 0.6823 0.1535
vn 0.6592 0.7006 0.2732
vn 0.0163 0.9967 -0.0801
vn -0.5985 0.7971 -0.0802
vn 0.9383 -0.0074 -0.3457
vn 0.6938 0.4156 -0.5881
vn -0.1640 0.3635 -0.9170
vn -0.1274 -0.7513 -0.6475
vn -0.4679 0.5881 -0.6597
vn 0.8149 -0.0786 -0.5742
vn 0.7090 0.7050 -0.0177
vn 0.0378 0.9422 0.3330
vn 0.7530 0.4817 -0.4483
vn 0.3683 0.7896 -0.4908
vn 0.8436 0.3829 -0.3763
vn 0.8416 0.3851 -0.3788
vn 0.8240 0.4060 -0.3953
vn 0.8416 0.3852 -0.3786
vn 0.8395 0.3455 -0.4194
vn 0.9651 0.2571 0.0506
vn 0.9530 0.3001 0.0417
vn -0.7687 0.6377 0.0493
vn -0.9095 0.3983 -0.1193
vn -0.8096 0.5530 0.1969
vn -0.2528 0.8817 0.3984
vn 0.8663 0.4990 -0.0233
vn 0.8764 0.4769 -0.0671
vn -0.1208 -0.0021 0.9927
vn -0.3195 -0.5604 0.7641
vn 0.4942 0.7815 0.3809
vn 0.2365 -0.6903 0.6838
vn -0.6854 0.0295 -0.7276
vn -0.4817 0.6739 0.5603
vn -0.8552 0.5039 -0.1211
vn -0.4115 0.8259 0.3854
vn -0.8538 0.1346 -0.5029
vn -0.8190 -0.2684 -0.5071
vn 0.2336 0.9568 -0.1733
vn 0.8076 0.5813 0.0992
vn 0.9227 0.3854 -0.0020
vn 0.6309 0.5021 -0.5915
vn -0.0113 -0.1199 -0.9927
vn 0.5053 0.7007 0.5036
vn 0.5047 0.7960 0.3341
vn 0.6697 -0.0647 -0.7398
vn 0.6958 0.2790 -0.6618
vn -0.4968 -0.5250 0.6911
vn -0.5228 -0.1727 -0.8348
vn -0.2573 -0.0899 -0.9622
vn 0.5954 0.7844 -0.1737
vn 0.6061 -0.6008 -0.5213
vn 0.7213 -0.1870 -0.6669
vn 0.7527 0.1942 -0.6291
vn 0.0891 0.0020 -0.9960
vn 0.9456 0.2567 -0.2001
vn 0.0242 0.2780 0.9603
vn -0.8967 0.0500 -0.4397
vn -0.4623 0.2257 0.8575
vn 0.6019 -0.5710 -0.5583
vn 0.3355 0.9415 0.0316
vn -0.3135 -0.2390 -0.9190
vn -0.1883 0.5423 0.8188
vn 0.1002 0.9031 0.4177
vn -0.0102 0.4207 0.9071
vn 0.8689 0.3690 0.3299
vn 0.9456 0.1684 0.2784
vn 0.4190 0.8999 0.1210
vn 0.8376 -0.2983 -0.4576
vn 0.4871 -0.1918 -0.8520
vn 0.3115 -0.5555 -0.7709
vn 0.1150 -0.0355 -0.9927
vn 0.0748 0.1343 0.9881
vn 0.7141 0.4573 0.5301
vn 0.8149 -0.0787 -0.5742
vn -0.1870 0.9338 0.3050
vn -0.0895 0.0754 0.9931
vn 0.7280 0.4628 0.5057
vn 0.6056 -0.3844 0.6968
vn -0.6854 0.0294 -0.7276
vn 0.6195 -0.2518 -0.7435
vn 0.4628 -0.2634 -0.8464
vn 0.4518 -0.1248 -0.8833
vn 0.9455 0.2567 -0.2001
vn 0.4981 -0.2964 0.8149
vn -0.0833 0.2976 -0.9510
vn -0.0658 0.1149 -0.9912
vn -0.0102 0.4207 0.9072
vn -0.4722 0.6965 -0.5403
vn 0.9380 -0.3460 -0.0205
vn 0.1591 0.7435 -0.6496
vn -0.0524 0.7806 -0.6228
vn 0.0515 -0.7930 0.6070
vn -0.1073 0.7611 -0.6397
vn 0.5790 -0.5927 0.5599
vn 0.2171 0.9656 -0.1429
vn 0.2344 0.9623 -0.1382
vn 0.2185 0.9650 -0.1447
vn 0.2561 0.9547 -0.1515
vn 0.4670 -0.8706 0.1552
vn 0.2785 -0.9486 0.1503
vn 0.2784 -0.9494 0.1451
vn 0.2785 -0.9482 0.1527
vn 0.2792 -0.9480 0.1526
vn 0.1571 0.9715 -0.1773
vn 0.0943 -0.8649 0.4930
vn -0.1348 0.6848 -0.7161
vn -0.9176 -0.0325 -0.3963
vn 0.5504 -0.8223 -0.1443
vn 0.0199 0.9975 -0.0680
vn 0.0215 0.9975 -0.0666
vn 0.0214 0.9968 -0.0774
vn 0.0294 0.9983 -0.0509
vn -0.8566 0.4686 0.2161
vn -0.8572 0.4678 0.2152
vn -0.8571 0.4690 0.2131
vn -0.8505 0.4778 0.2197
vn -0.3608 -0.9140 -0.1859
vn -0.3692 -0.9111 -0.1831
vn -0.3701 -0.9105 -0.1844
vn -0.3439 -0.9222 -0.1767
vn -0.5608 0.6974 -0.4464
vn -0.3396 -0.6915 0.6376
vn -0.4892 0.7443 -0.4547
vn -0.8612 0.2942 -0.4145
vn 0.8882 0.4591 0.0177
vn -0.3777 0.7923 -0.4791
vn -0.3911 0.7885 -0.4746
vn -0.4139 0.7752 -0.4773
vn 0.6262 -0.6814 0.3789
vn 0.8520 -0.4904 0.1831
vn 0.8520 -0.4905 0.1828
vn 0.8521 -0.4904 0.1828
vn 0.8520 -0.4907 0.1823
vn 0.9773 -0.1731 0.1222
vn 0.8337 -0.4477 0.3233
vn -0.1735 0.4834 0.8580
vn -0.7043 0.6858 0.1834
vn -0.4032 0.9132 0.0595
vn -0.7342 0.6462 -0.2083
vn -0.7520 0.6110 -0.2474
vn 0.2743 0.5761 -0.7700
vn 0.1860 -0.9587 0.2152
vn 0.7859 0.0163 -0.6182
vn -0.8787 -0.1265 0.4603
vn 0.0617 0.6723 -0.7377
vn 0.9353 0.3537 0.0021
vn 0.9102 0.3415 -0.2343
vn -0.5527 -0.4562 -0.6974
vn -0.8158 -0.2013 -0.5421
vn -0.3361 -0.0802 0.9384
vn -0.8526 0.1503 -0.5005
vn -0.6516 -0.5931 0.4729
vn -0.5314 -0.6073 0.5906
vn 0.6609 0.3195 -0.6791
vn 0.5833 0.1792 0.7922
vn 0.5878 0.1818 0.7883
vn 0.5829 0.1792 0.7925
vn 0.6011 0.1920 0.7758
vn -0.0651 0.9949 -0.0772
vn -0.2830 0.9559 -0.0783
vn -0.0327 0.9752 -0.2189
vn 0.9375 -0.0115 -0.3477
vn 0.7109 -0.3605 -0.6038
vn -0.9364 0.3503 -0.0216
vn -0.9637 -0.2638 -0.0404
vn -0.2550 -0.5258 0.8114
vn -0.4756 -0.6411 0.6023
vn -0.3536 0.0389 -0.9346
vn 0.2306 -0.3993 0.8874
vn 0.2306 -0.3992 0.8874
vn -0.3898 0.4043 -0.8274
vn 0.8486 -0.5166 0.1143
vn 0.1706 -0.9850 0.0271
vn 0.5324 0.5520 -0.6418
vn -0.9797 -0.1010 -0.1731
vn 0.7834 0.6169 -0.0750
vn -0.8757 0.0722 0.4774
vn -0.2033 0.7673 -0.6082
vn 0.3889 -0.8837 -0.2605
vn 0.0752 0.9692 0.2344
vn -0.3031 0.7162 -0.6287
vn 0.2241 0.7250 -0.6513
vn -0.3172 -0.8458 0.4291
vn -0.1831 -0.8711 0.4558
vn -0.1810 -0.8725 0.4539
vn -0.1760 -0.8696 0.4612
vn -0.1814 -0.8815 0.4359
vn -0.2331 0.8870 0.3986
vn -0.3625 -0.9089 0.2062
vn -0.8879 0.4511 0.0905
vn -0.6850 -0.1840 -0.7049
vn -0.3168 0.4530 -0.8333
vn 0.9089 -0.4167 -0.0160
vn 0.7621 -0.6230 -0.1761
vn -0.1495 0.4081 -0.9006
vn 0.5636 0.8132 -0.1448
vn 0.3116 0.9409 0.1328
vn 0.4425 -0.8962 0.0313
vn 0.0536 -0.9468 -0.3172
vn -0.8051 -0.2327 -0.5456
vn -0.8509 0.5231 0.0483
vn -0.3247 0.9444 -0.0527
vn -0.4537 0.6917 -0.5619
vn -0.0148 -0.9703 0.2415
vn -0.0463 0.9707 0.2358
vn 0.2520 0.9668 -0.0431
vn -0.8064 -0.4352 -0.4004
vn -0.9226 -0.3854 -0.0151
vn 0.9119 -0.4095 0.0290
vn 0.6100 -0.7789 -0.1458
vn -0.7043 -0.6918 0.1594
vn -0.3195 -0.9297 -0.1835
vn 0.9564 -0.2844 -0.0659
vn 0.9841 -0.1774 -0.0057
vn 0.2131 -0.9754 -0.0564
vn 0.1580 0.5116 0.8446
vn 0.4862 -0.8737 0.0151
vn 0.4866 -0.8735 0.0148
vn 0.4861 -0.8738 0.0150
vn 0.4878 -0.8728 0.0154
vn 0.9779 0.2028 -0.0504
vn 0.6281 0.7553 -0.1873
vn 0.8063 0.5915 0.0070
vn 0.7045 0.6953 -0.1425
vn -0.8363 0.5377 0.1070
vn -0.8363 0.5378 0.1069
vn -0.8362 0.5379 0.1069
vn -0.8349 0.5398 0.1072
vn -0.8362 0.5387 0.1032
vn -0.8329 0.5417 0.1132
vn -0.8378 0.5361 0.1032
vn -0.8188 0.5045 0.2741
vn 0.3406 0.8657 0.3668
vn -0.0132 0.8182 0.5748
vn -0.8984 0.2096 0.3860
vn -0.7041 0.5121 0.4920
vn 0.8387 -0.3898 0.3804
vn 0.9464 0.2515 -0.2028
vn 0.4708 0.8810 0.0460
vn 0.3914 -0.8596 0.3284
vn -0.1978 -0.8010 0.5651
vn 0.5788 -0.7622 0.2899
vn 0.6192 -0.7708 0.1494
vn -0.1997 0.9407 0.2742
vn 0.9261 0.2852 -0.2467
vn 0.9815 -0.1875 -0.0390
vn 0.6454 0.7589 0.0868
vn 0.6422 0.7616 0.0869
vn 0.6451 0.7591 0.0870
vn 0.6221 0.7743 0.1160
vn 0.6229 0.7752 0.1050
vn 0.0977 0.9663 -0.2380
vn 0.0826 0.9662 -0.2443
vn 0.0817 0.9664 -0.2437
vn 0.1182 0.9619 -0.2466
vn -0.8468 0.1034 -0.5218
vn -0.7284 0.0263 -0.6847
vn -0.7294 0.0254 -0.6836
vn -0.7311 0.0254 -0.6818
vn -0.7438 0.0090 -0.6683
vn 0.4564 -0.8273 0.3276
vn -0.4470 -0.8064 0.3871
vn -0.6732 0.4508 0.5862
vn 0.1686 0.6839 0.7098
vn -0.9045 0.4185 -0.0821
vn -0.9360 0.3083 0.1698
vn 0.7148 -0.6810 -0.1593
vn 0.0164 -0.9882 -0.1523
vn 0.5887 0.7905 0.1689
vn 0.5068 0.8168 0.2755
vn 0.2232 0.9640 -0.1449
vn -0.4676 0.2851 -0.8367
vn -0.7298 0.4938 -0.4729
vn -0.9953 -0.0888 -0.0374
vn 0.0982 -0.8555 0.5084
vn 0.0984 -0.8555 0.5083
vn 0.0986 -0.8556 0.5082
vn -0.9065 -0.0520 0.4190
vn 0.1011 0.9434 -0.3158
vn 0.6981 -0.6830 -0.2150
vn 0.2351 0.9182 0.3187
vn 0.9347 -0.0066 0.3553
vn -0.6460 0.4185 -0.6383
vn -0.3089 0.7942 -0.5233
vn 0.4925 0.7563 -0.4306
vn 0.4925 0.7563 -0.4305
vn 0.7963 -0.4817 0.3658
vn 0.9783 0.1371 0.1550
vn -0.7702 0.4824 -0.4172
vn -0.7705 0.4823 -0.4168
vn -0.7689 0.4856 -0.4160
vn -0.7579 0.4940 -0.4261
vn -0.2073 0.9170 0.3408
vn -0.9439 0.3076 0.1202
vn -0.9852 -0.0371 -0.1674
vn -0.9972 -0.0682 0.0319
vn 0.7016 0.0262 0.7121
vn 0.7757 0.0582 0.6284
vn 0.3264 0.0753 -0.9422
vn 0.3265 0.0755 -0.9422
vn 0.3266 0.0753 -0.9422
vn -0.8478 0.4985 0.1812
vn -0.1824 0.6493 -0.7384
vn -0.6281 0.7759 0.0588
vn 0.9372 0.3059 0.1677
vn 0.7160 0.6677 -0.2040
vn 0.7843 -0.6199 0.0239
vn -0.9025 -0.2578 -0.3449
vn -0.8205 -0.4989 0.2790
vn -0.3368 -0.8745 -0.3489
vn -0.8034 -0.5717 -0.1665
vn 0.9295 0.3683 0.0205
vn 0.9694 0.2307 0.0840
vn -0.5588 0.5733 0.5992
vn -0.7195 0.3988 0.5686
vn -0.7198 0.3988 0.5682
vn -0.7198 0.3982 0.5685
vn -0.7213 0.3991 0.5661
vn 0.8462 0.3086 -0.4344
vn 0.9742 -0.1604 -0.1587
vn 0.9730 -0.2116 -0.0919
vn 0.6230 -0.7471 -0.2316
vn 0.0056 -0.9931 -0.1172
vn -0.1867 -0.9549 -0.2311
vn 0.9538 -0.2928 -0.0677
vn 0.9798 -0.1844 -0.0773
vn -0.5177 0.8518 0.0796
vn -0.5346 0.8442 0.0386
vn -0.3971 0.6952 -0.5992
vn -0.0105 -0.7995 0.6006
vn 0.6818 0.7169 0.1457
vn 0.6814 0.7172 0.1459
vn -0.0314 0.9557 0.2927
vn -0.2210 0.6745 -0.7044
vn 0.1371 0.6635 -0.7355
vn 0.5382 0.7316 0.4184
vn 0.7826 0.0094 0.6224
vn 0.9260 0.1453 -0.3484
vn 0.4558 0.0013 -0.8901
vn -0.7126 0.6946 0.0992
vn 0.9768 -0.2133 -0.0172
vn 0.9420 0.3328 -0.0427
vn -0.0696 0.9526 0.2961
vn -0.7568 -0.6276 -0.1826
vn -0.8833 -0.3816 0.2725
vn -0.5995 0.7537 0.2693
vn 0.1630 0.9446 0.2848
vn 0.1656 0.9442 0.2847
vn 0.1631 0.9447 0.2845
vn 0.1712 0.9444 0.2808
vn 0.9170 0.2250 -0.3293
vn 0.9169 0.2249 -0.3298
vn 0.6633 0.6373 -0.3923
vn 0.9646 -0.2629 -0.0177
vn 0.9898 -0.0110 -0.1420
vn 0.9803 -0.1197 -0.1573
vn 0.9606 -0.1114 -0.2544
vn 0.9607 -0.1111 -0.2544
vn 0.6805 -0.2309 0.6954
vn 0.9022 -0.0204 -0.4309
vn 0.8044 -0.5647 -0.1847
vn 0.7779 -0.5861 -0.2266
vn -0.4790 0.7323 -0.4840
vn -0.4789 0.7323 -0.4841
vn -0.6549 0.3787 -0.6539
vn -0.6550 0.3787 -0.6539
vn -0.6552 0.3788 -0.6537
vn -0.8033 0.5810 0.1310
vn -0.8623 0.4804 0.1603
vn 0.4633 -0.8854 0.0389
vn 0.6628 -0.7242 -0.1904
vn 0.9289 -0.3473 0.1288
vn 0.9335 -0.3413 0.1098
vn 0.3296 0.8316 0.4470
vn 0.5636 0.6134 0.5532
vn 0.5654 0.6112 0.5539
vn 0.5634 0.6134 0.5535
vn 0.5707 0.6237 0.5342
vn -0.2655 0.5047 0.8214
vn -0.7458 0.5271 0.4074
vn -0.0680 0.9938 0.0877
vn -0.2848 0.9496 -0.1310
vn 0.1182 0.9874 -0.1053
vn 0.5931 0.7924 0.1426
vn 0.6830 0.7134 0.1571
vn -0.1274 0.7923 -0.5966
vn -0.1250 0.9780 -0.1667
vn 0.1075 -0.9546 -0.2779
vn 0.2990 -0.9540 -0.0246
vn 0.8700 -0.3142 -0.3800
vn -0.0056 -0.9809 0.1947
vn -0.8942 0.2155 -0.3923
vn -0.9656 -0.0527 -0.2548
vn -0.1068 0.9941 -0.0179
vn -0.0043 1.0000 0.0014
vn -0.5039 -0.8636 0.0171
vn 0.0989 -0.8556 0.5081
vn -0.3566 0.8762 -0.3241
vn -0.0766 0.8656 -0.4949
vn 0.3057 0.6328 -0.7115
vn 0.0046 -0.9686 -0.2486
vn 0.1828 -0.6811 0.7090
vn -0.9751 0.2218 -0.0061
vn -0.6781 -0.7160 -0.1656
vn -0.6287 -0.7776 -0.0078
vn 0.9912 0.1293 0.0295
vn 0.9828 0.1600 0.0922
vn -0.8911 0.0353 -0.4524
vn -0.9136 0.0798 -0.3986
vn 0.5912 -0.7553 0.2830
vn -0.0122 0.7441 0.6680
vn 0.6215 0.7030 -0.3457
vn -0.5399 0.7574 -0.3673
vn -0.1364 -0.9835 -0.1190
vn 0.2412 0.9652 0.1009
vn -0.9093 0.3992 0.1178
vn -0.9129 0.3899 0.1210
vn -0.9080 0.4024 0.1172
vn -0.9094 0.4004 0.1126
vn -0.8440 0.4634 0.2699
vn -0.5425 0.8076 -0.2312
vn 0.4866 -0.8121 0.3222
vn 0.1402 0.9813 0.1321
vn -0.9122 0.4021 0.0790
vn -0.9141 0.3988 0.0740
vn -0.9148 0.3974 0.0728
vn -0.9293 0.3647 0.0587
vn -0.9279 0.3680 0.0597
vn -0.3931 0.8876 0.2399
vn 0.0489 0.9789 0.1985
vn 0.9807 0.1932 -0.0293
vn 0.9691 0.2032 0.1401
vn 0.5176 0.7907 0.3269
vn 0.5152 0.7920 0.3275
vn 0.5240 0.7886 0.3219
vn 0.5467 0.7730 0.3217
vn 0.5211 0.7869 0.3306
vn 0.5826 0.7667 0.2697
vn 0.3746 -0.9092 -0.1818
vn 0.8705 -0.4913 0.0288
vn -0.5131 -0.1026 -0.8522
vn -0.5131 -0.1027 -0.8522
vn -0.2680 -0.8313 -0.4869
vn -0.2680 -0.8314 -0.4869
vn -0.2680 -0.8314 -0.4868
vn -0.9749 0.2197 -0.0370
vn -0.9997 0.0035 -0.0255
vn 0.5242 -0.1465 0.8389
vn 0.5270 -0.1468 0.8371
vn 0.5265 -0.1467 0.8375
vn 0.5132 -0.1422 0.8464
vn 0.1861 -0.3374 0.9228
vn -0.1528 0.9631 0.2217
vn -0.2069 0.9676 0.1447
vn 0.2345 0.9515 -0.1993
vn 0.8686 0.4120 0.2753
vn 0.3502 -0.4636 -0.8139
vn 0.1115 -0.8239 0.5556
vn 0.3681 0.3088 0.8770
vn 0.7478 0.1439 0.6482
vn 0.1219 0.9014 -0.4155
vn -0.1698 0.7221 0.6706
vn -0.1709 0.7215 0.6709
vn -0.1705 0.7207 0.6719
vn -0.1695 0.7036 0.6901
vn 0.3969 0.7044 -0.5884
vn 0.9676 -0.0108 -0.2522
vn 0.9676 -0.0103 -0.2521
vn 0.9490 0.3031 0.0865
vn 0.9587 0.2838 -0.0198
vn 0.9735 0.2254 -0.0382
vn 0.9904 -0.1376 0.0158
vn 0.3122 -0.8229 -0.4748
vn 0.2806 0.3348 -0.8995
vn 0.5909 -0.2366 -0.7713
vn 0.7719 0.1448 -0.6190
vn -0.9117 0.3475 0.2192
vn 0.9034 -0.3203 -0.2851
vn -0.5788 -0.7840 0.2243
vn 0.8218 -0.5684 -0.0399
vn -0.3863 0.8404 -0.3802
vn -0.1342 0.8988 -0.4173
vn -0.4993 0.8476 -0.1796
vn 0.6167 0.7642 -0.1887
vn 0.4535 -0.4913 -0.7436
vn -0.2288 -0.6879 -0.6888
vn 0.1359 -0.3492 -0.9271
vn 0.4138 -0.8994 -0.1412
vn -0.4956 0.6630 0.5610
vn -0.4955 0.6631 0.5611
vn 0.8662 -0.4995 -0.0125
vn 0.5642 -0.7965 -0.2173
vn -0.9918 0.1180 0.0495
vn 0.5802 0.8079 -0.1033
vn 0.6586 0.7502 -0.0589
vn 0.2927 0.8873 -0.3564
vn -0.9780 0.2082 0.0149
vn -0.6210 0.5995 -0.5049
vn -0.5719 -0.2618 0.7775
vn -0.6935 0.6573 -0.2948
vn 0.4647 0.7868 -0.4062
vn 0.2102 0.7847 -0.5831
vn -0.7590 -0.1091 0.6418
vn -0.7591 -0.1091 0.6418
vn -0.3799 -0.4061 0.8311
vn -0.3797 -0.4061 0.8312
vn -0.3798 -0.4060 0.8312
vn -0.3412 0.9239 -0.1735
vn -0.4212 0.8992 -0.1182
vn 0.6797 0.7232 0.1229
vn 0.7042 0.7076 0.0588
vn -0.2810 0.8624 -0.4211
vn -0.8571 0.4898 -0.1597
vn -0.8583 0.4882 -0.1583
vn -0.8583 0.4883 -0.1581
vn -0.8686 0.4695 -0.1587
vn 0.4101 0.8833 -0.2273
vn -0.9229 0.3796 0.0648
vn -0.9336 0.3553 0.0457
vn 0.6115 -0.7459 -0.2639
vn 0.6113 -0.7461 -0.2638
vn 0.7696 -0.6359 -0.0588
vn -0.2881 -0.8785 0.3812
vn -0.8302 -0.2565 -0.4950
vn -0.4539 -0.8910 -0.0086
vn -0.4592 -0.8844 -0.0830
vn 0.7244 0.3227 -0.6091
vn 0.6418 -0.1754 0.7466
vn 0.6488 0.0949 0.7550
vn -0.7685 -0.5596 -0.3102
vn -0.3276 -0.7965 -0.5083
vn -0.2410 0.8863 -0.3954
vn -0.2580 0.6377 -0.7258
vn -0.2898 0.9421 -0.1689
vn -0.9028 -0.4028 -0.1505
vn 0.9885 0.0398 -0.1462
vn 0.9289 -0.3684 0.0389
vn -0.3441 0.9052 0.2494
vn -0.2120 -0.0780 0.9741
vn -0.2120 -0.0779 0.9742
vn -0.2120 -0.0778 0.9742
vn 0.7668 -0.6099 0.2003
vn 0.9068 -0.4185 -0.0516
vn 0.8967 0.4350 0.0820
vn 0.8493 0.5160 -0.1115
vn -0.3977 0.9053 -0.1491
vn 0.8891 -0.1952 -0.4140
vn -0.7539 -0.5070 0.4179
vn -0.5196 -0.4456 0.7290
vn -0.6124 0.5437 0.5739
vn -0.6126 0.5434 0.5740
vn 0.8243 -0.0275 -0.5654
vn 0.8244 -0.0270 -0.5653
vn 0.8792 -0.0564 0.4732
vn 0.9121 -0.4097 -0.0132
vn 0.9699 -0.1046 0.2201
vn -0.6484 0.4130 0.6396
vn -0.5018 0.5159 0.6943
vn 0.9726 0.0951 -0.2120
vn 0.9829 0.1710 -0.0679
vn -0.9283 0.3154 -0.1968
vn 0.3396 -0.7016 0.6265
vn 0.3394 -0.7017 0.6264
vn 0.9123 0.0594 0.4053
vn 0.2706 0.3519 -0.8960
vn 0.7145 0.5218 -0.4661
vn -0.7707 0.2204 -0.5979
vn -0.9942 -0.0733 -0.0792
vn 0.5596 -0.6301 0.5384
vn 0.6859 0.6123 -0.3932
vn 0.8918 0.2779 -0.3570
vn -0.2106 0.8920 0.3999
vn 0.8965 0.4425 0.0210
vn 0.9288 0.3643 0.0680
vn 0.2861 0.8964 -0.3385
vn 0.2861 0.8963 -0.3387
vn 0.2862 0.8963 -0.3387
vn 0.5711 0.5721 -0.5887
vn 0.5710 0.5722 -0.5887
vn -0.8234 -0.5674 0.0108
vn -0.7952 -0.5954 -0.1143
vn 0.0233 -0.8178 0.5751
vn -0.5688 0.5676 -0.5952
vn -0.7585 0.1171 0.6411
vn -0.4720 0.6420 -0.6042
vn -0.6661 0.7155 -0.2107
vn 0.1742 0.9729 0.1522
vn 0.6893 0.7242 0.0189
vn 0.1694 0.9815 -0.0894
vn 0.2018 -0.5983 0.7754
vn 0.2023 -0.5985 0.7751
vn 0.2018 -0.5984 0.7753
vn -0.0923 -0.8889 0.4487
vn 0.6843 0.5081 -0.5231
vn -0.4559 0.6963 -0.5543
vn -0.2830 0.7589 -0.5864
vn -0.0754 0.8608 -0.5033
vn -0.0499 0.5669 -0.8222
vn -0.6466 -0.3553 -0.6750
vn -0.4768 0.8759 -0.0738
vn -0.4844 0.8714 -0.0777
vn -0.4771 0.8758 -0.0736
vn -0.5083 0.8578 -0.0757
vn -0.5442 0.8302 -0.1207
vn 0.9448 -0.2498 -0.2121
vn -0.9451 0.3252 -0.0326
vn -0.9538 0.2103 0.2144
vn -0.5462 -0.8285 -0.1238
vn -0.8142 0.5457 0.1980
vn -0.8139 0.5456 0.1998
vn -0.8134 0.5463 0.1998
vn -0.8284 0.5236 0.1989
vn -0.5282 0.8370 -0.1427
vn -0.8274 -0.4463 -0.3409
vn -0.3686 -0.9049 -0.2129
vn -0.8229 -0.5411 -0.1733
vn 0.9605 0.0075 0.2782
vn 0.4335 0.8950 -0.1057
vn 0.9046 0.3647 -0.2206
vn 0.3350 -0.8966 0.2897
vn 0.9159 0.0946 -0.3900
vn 0.3097 0.6409 -0.7024
vn 0.1450 0.7138 -0.6852
vn 0.6576 -0.3531 -0.6655
vn 0.8408 0.0814 -0.5352
vn 0.9982 -0.0467 0.0370
vn 0.9078 -0.4039 0.1125
vn -0.8695 0.2035 0.4500
vn -0.8099 0.1591 -0.5645
vn -0.8097 0.1590 -0.5649
vn 0.9244 -0.0660 0.3757
vn 0.6167 0.0755 0.7836
vn -0.6868 0.4954 0.5318
vn -0.3181 0.9475 0.0328
vn 0.8866 -0.0151 0.4624
vn -0.5234 0.3021 0.7967
vn 0.6592 0.7418 0.1228
vn -0.9963 -0.0674 0.0528
vn -0.6079 -0.7864 -0.1098
vn 0.9375 0.3277 0.1173
vn 0.9536 -0.2988 0.0379
vn 0.9539 0.2861 -0.0908
vn 0.9592 0.2816 0.0250
vn -0.6801 0.5750 -0.4548
vn -0.5810 0.5956 -0.5547
vn -0.3285 0.9413 0.0774
vn 0.1818 0.6417 -0.7451
vn -0.5536 -0.7229 0.4135
vn -0.8767 -0.4699 0.1028
vn -0.7755 -0.6234 -0.0993
vn -0.0909 -0.9889 -0.1176
vn -0.9419 -0.2248 -0.2495
vn -0.9612 -0.2696 -0.0590
vn -0.7174 0.6570 -0.2316
vn 0.5618 0.7828 0.2676
vn 0.2271 0.9336 -0.2772
vn 0.9026 0.4271 -0.0541
vn 0.8222 0.4866 -0.2954
vn 0.7060 0.6189 -0.3442
vn 0.5721 0.5030 -0.6479
vn 0.3609 0.4959 -0.7899
vn 0.7303 0.6817 0.0428
vn 0.9930 0.1146 0.0284
vn 0.9798 0.1069 -0.1691
vn 0.9748 -0.0669 -0.2130
vn 0.7367 0.6649 0.1232
vn -0.6894 0.7027 0.1760
vn 0.9263 0.1662 -0.3382
vn 0.2137 -0.0370 -0.9762
vn 0.2564 0.9639 -0.0721
vn 0.7159 0.6172 -0.3263
vn 0.7159 0.6172 -0.3264
vn 0.5255 -0.5872 0.6156
vn 0.9514 0.1832 -0.2474
vn -0.9608 0.2763 0.0223
vn -0.9749 -0.0124 0.2223
vn 0.9449 0.1200 0.3047
vn -0.1830 -0.9812 -0.0616
vn 0.1698 -0.9798 -0.1052
vn -0.2511 0.9479 -0.1958
vn -0.9316 0.2205 -0.2889
vn -0.9316 0.2206 -0.2889
vn -0.9314 0.2211 -0.2891
vn 0.6460 -0.6932 0.3197
vn -0.9994 -0.0055 0.0348
vn -0.9882 0.0760 -0.1327
vn -0.1352 0.9014 0.4113
vn 0.9629 -0.2049 -0.1754
vn 0.9567 0.2299 -0.1787
vn 0.9573 0.2435 -0.1557
vn 0.7743 0.3843 0.5028
vn 0.0074 -0.9542 0.2991
vn -0.8392 0.5256 0.1395
vn -0.0601 0.9388 0.3391
vn 0.7421 -0.6702 0.0124
vn 0.8912 -0.4537 -0.0052
vn 0.8069 -0.0561 -0.5880
vn 0.5246 0.8369 0.1561
vn 0.7249 -0.6741 0.1419
vn 0.7246 -0.6744 0.1418
vn 0.1597 0.8820 -0.4434
vn 0.2118 0.7710 -0.6006
vn -0.6676 0.5252 -0.5277
vn -0.6677 0.5252 -0.5276
vn 0.9743 -0.1860 -0.1273
vn 0.9951 0.0705 -0.0692
vn 0.7921 0.4258 -0.4372
vn 0.7904 0.4235 -0.4426
vn 0.7900 0.4238 -0.4431
vn 0.7761 0.4240 -0.4667
vn -0.0726 0.8427 -0.5334
vn 0.2574 0.7377 -0.6242
vn 0.4758 0.8726 -0.1105
vn -0.5624 0.8010 -0.2051
vn 0.7919 -0.6101 -0.0248
vn 0.8973 0.4145 -0.1518
vn 0.8555 -0.2754 0.4385
vn 0.4398 -0.6067 0.6622
vn 0.2338 0.4525 0.8605
vn 0.7443 0.0596 0.6652
vn -0.7126 0.6693 0.2103
vn 0.7480 -0.6002 -0.2834
vn 0.9517 -0.1881 -0.2428
vn 0.6382 -0.5028 -0.5830
vn 0.6385 -0.5029 -0.5826
vn 0.9602 -0.1218 -0.2513
vn 0.7428 -0.6693 -0.0181
vn 0.6941 -0.6973 -0.1787
vn -0.2953 -0.9347 0.1976
vn 0.7186 -0.0444 -0.6940
vn -0.3581 0.8612 -0.3607
vn 0.9101 -0.1266 -0.3945
vn 0.9186 -0.3790 0.1122
vn 0.1372 -0.7663 0.6277
vn 0.6264 0.6641 -0.4082
vn -0.8306 0.3834 0.4038
vn -0.3365 0.5463 -0.7670
vn -0.7620 0.5126 0.3957
vn 0.4800 0.6058 -0.6345
vn 0.4817 0.6055 -0.6335
vn 0.4822 0.6054 -0.6332
vn 0.4828 0.6053 -0.6328
vn 0.4713 0.6005 -0.6460
vn 0.7922 0.6028 -0.0948
vn 0.5336 0.8156 -0.2239
vn 0.8654 0.4378 0.2437
vn 0.9439 0.2147 -0.2510
vn 0.9439 0.2148 -0.2510
vn 0.9439 0.2148 -0.2509
vn 0.3536 0.7060 -0.6136
vn 0.3535 0.7061 -0.6136
vn -0.7759 0.5179 -0.3602
vn -0.7766 0.5172 -0.3598
vn -0.7768 0.5175 -0.3589
vn -0.7907 0.4988 -0.3550
vn -0.9475 -0.2856 -0.1436
vn -0.9463 0.3232 -0.0035
vn -0.8612 -0.3535 0.3652
vn 0.7353 0.6764 -0.0429
vn 0.7408 0.6700 -0.0488
vn 0.7340 0.6780 -0.0408
vn -0.8429 0.5380 -0.0122
vn 0.7263 0.6870 -0.0205
vn -0.7091 0.7030 0.0537
vn 0.2680 0.9568 -0.1123
vn -0.7531 0.5388 -0.3776
vn -0.7502 0.4295 0.5027
vn 0.5794 0.6750 -0.4568
vn 0.5260 0.8166 0.2375
vn 0.4311 0.8562 0.2847
vn 0.2965 -0.8797 -0.3718
vn 0.2964 -0.8795 -0.3723
vn 0.3989 -0.4990 0.7693
vn 0.7562 0.6514 -0.0618
vn 0.6815 0.7200 0.1311
vn 0.9934 -0.1077 -0.0398
vn 0.5029 -0.7158 -0.4845
vn 0.9349 -0.2525 0.2496
vn 0.0648 0.7172 0.6939
vn 0.6230 0.7020 0.3450
vn -0.7419 -0.2024 -0.6392
vn -0.6993 0.6908 0.1836
vn -0.8898 0.4109 0.1986
vn 0.9587 -0.1049 0.2644
vn 0.0603 0.8402 0.5389
vn 0.1733 0.8554 -0.4881
vn 0.1340 0.9529 -0.2720
vn 0.9874 0.1189 0.1041
vn 0.8808 0.4226 0.2137
vn 0.9984 -0.0539 0.0179
vn 0.8622 -0.2078 -0.4620
vn -0.7305 0.6089 -0.3093
vn 0.0301 0.8695 -0.4929
vn -0.8856 0.4529 0.1032
vn 0.8102 -0.5076 0.2931
vn 0.9793 -0.1722 0.1059
vn 0.9915 -0.0616 -0.1143
vn 0.8909 0.4479 -0.0758
vn 0.7759 0.6172 0.1307
vn 0.6710 0.6859 0.2815
vn -0.7276 0.6155 0.3030
vn 0.2509 0.7281 0.6379
vn 0.2509 0.7282 0.6378
vn -0.5423 -0.8052 -0.2400
vn 0.9979 -0.0585 0.0262
vn -0.7560 0.4037 -0.5152
vn -0.3506 -0.5861 0.7304
vn -0.3007 -0.7717 0.5604
vn 0.9794 -0.1905 0.0676
vn 0.9285 -0.2979 -0.2217
vn 0.3407 0.7939 -0.5037
vn -0.4826 -0.3646 -0.7963
vn 0.8723 0.2034 0.4447
vn 0.8765 -0.4741 -0.0833
vn -0.8561 0.0891 0.5090
vn -0.8561 0.0890 0.5091
vn -0.7502 0.6587 0.0581
vn 0.9879 -0.0912 -0.1257
vn 0.9879 -0.0913 -0.1256
vn 0.9884 -0.0888 -0.1231
vn 0.9870 -0.0964 -0.1289
vn -0.8561 0.4915 -0.1600
vn -0.8325 0.5474 -0.0856
vn 0.6494 -0.3669 -0.6661
vn 0.1547 0.0428 -0.9870
vn -0.8052 0.1529 -0.5729
vn 0.3083 0.7071 -0.6364
vn 0.9292 -0.3300 0.1664
vn 0.9737 0.0915 0.2087
vn 0.9849 -0.0388 -0.1685
vn 0.8219 -0.5564 -0.1221
vn -0.8321 -0.0742 0.5497
vn -0.7394 -0.4837 0.4684
vn -0.9237 -0.3645 0.1178
vn -0.1201 0.9854 0.1206
vn -0.4027 0.9139 0.0508
vn 0.1117 0.9492 0.2943
vn 0.1113 0.9492 0.2944
vn 0.1317 -0.3181 -0.9389
vn 0.1318 -0.3180 -0.9389
vn 0.1317 -0.3182 -0.9388
vn 0.9170 -0.0052 0.3989
vn 0.9568 0.0075 -0.2905
vn 0.9385 -0.3230 -0.1221
vn 0.4979 0.6706 -0.5499
vn 0.3334 0.8658 -0.3732
vn -0.8818 0.1610 0.4433
vn 0.1933 0.9811 0.0130
vn 0.9907 0.1302 0.0394
vn 0.0971 -0.9527 0.2880
vn -0.5934 -0.2926 -0.7499
vn -0.8492 0.5256 0.0510
vn -0.9369 0.0869 0.3388
vn -0.9367 0.0868 0.3392
vn -0.9388 -0.0980 0.3302
vn -0.9369 -0.0972 0.3357
vn -0.9372 -0.0973 0.3351
vn -0.9336 -0.0943 0.3456
vn -0.9950 0.0225 0.0971
vn -0.9950 0.0224 0.0970
vn -0.9594 -0.2651 -0.0963
vn 0.0268 -0.9489 0.3145
vn -0.3640 -0.8796 0.3064
vn -0.4613 0.6390 0.6156
vn 0.1189 -0.1358 0.9836
vn -0.8642 0.4994 0.0607
vn -0.8703 0.4877 0.0692
vn -0.8658 0.4980 0.0495
vn -0.7027 -0.0009 0.7115
vn -0.6754 -0.4044 -0.6167
vn -0.8142 -0.1528 -0.5602
vn -0.8143 -0.1527 -0.5599
vn 0.9680 -0.2438 -0.0595
vn 0.9616 0.1864 0.2017
vn 0.7307 -0.6729 0.1150
vn 0.7377 0.5822 -0.3418
vn 0.7597 -0.5722 -0.3090
vn -0.9487 -0.2805 0.1459
vn -0.8939 -0.4355 0.1064
vn -0.3145 0.9393 -0.1373
vn -0.9557 0.2937 -0.0196
vn -0.7563 -0.1395 -0.6391
vn -0.7563 -0.1396 -0.6391
vn -0.7817 0.2430 -0.5744
vn -0.7816 0.2430 -0.5745
vn -0.7816 0.2429 -0.5745
vn -0.7728 0.5797 0.2584
vn -0.3777 -0.9196 0.1081
vn -0.6197 0.5744 -0.5347
vn -0.3820 -0.8501 -0.3624
vn 0.9237 0.2864 -0.2545
vn 0.8764 -0.4241 0.2283
vn -0.8012 0.5954 0.0595
vn 0.7704 0.3801 0.5118
vn -0.9737 0.1813 -0.1380
vn -0.9738 0.1809 -0.1380
vn 0.3379 0.5433 -0.7685
vn -0.4440 -0.7881 -0.4263
vn 0.2071 -0.8966 -0.3915
vn 0.9191 0.3572 0.1662
vn -0.0879 -0.9930 -0.0789
vn 0.7258 0.6605 0.1924
vn 0.9762 -0.2101 -0.0545
vn -0.8579 0.4637 0.2214
vn -0.1339 -0.9886 0.0690
vn 0.3996 0.9123 -0.0897
vn -0.6449 0.7587 0.0926
vn 0.8867 -0.4432 -0.1318
vn 0.8256 -0.5606 -0.0645
vn 0.4282 0.9033 0.0249
vn 0.9798 -0.1287 -0.1530
vn 0.9576 -0.2617 -0.1201
vn 0.1425 0.9814 0.1290
vn 0.9717 -0.0931 -0.2171
vn -0.9343 0.1076 0.3399
vn -0.9489 -0.2454 0.1985
vn -0.9489 -0.2453 0.1986
vn 0.9968 0.0028 -0.0804
vn 0.9847 -0.0156 -0.1734
vn 0.8230 -0.3151 0.4726
vn 0.3834 0.8242 0.4167
vn -0.8462 0.3416 -0.4090
vn 0.0906 0.8694 0.4857
vn -0.2987 0.7613 0.5755
vn -0.9416 -0.0414 -0.3343
vn -0.6400 -0.6668 0.3817
vn 0.1743 0.8455 -0.5047
vn 0.1744 0.8456 -0.5046
vn 0.1743 0.8456 -0.5046
vn 0.3695 0.8195 -0.4380
vn 0.2735 0.8849 -0.3769
vn -0.9728 0.0206 -0.2309
vn -0.9728 0.0200 -0.2308
vn -0.7010 -0.6954 -0.1580
vn -0.3129 0.8910 -0.3290
vn 0.9885 -0.1501 -0.0190
vn 0.9884 -0.1504 -0.0194
vn 0.9886 -0.1499 -0.0148
vn 0.9891 -0.1473 -0.0071
vn -0.9963 -0.0622 0.0590
vn -0.8539 -0.4946 0.1619
vn -0.8538 -0.4947 0.1620
vn -0.8540 -0.4945 0.1619
vn 0.4903 -0.8160 0.3061
vn 0.4849 -0.8223 0.2977
vn 0.4867 -0.8217 0.2965
vn 0.5043 -0.8173 0.2787
vn 0.2067 -0.9469 0.2464
vn -0.7034 0.7104 -0.0236
vn 0.7872 -0.6154 -0.0398
vn -0.8661 0.4850 0.1209
vn -0.8751 0.4295 0.2229
vn -0.8588 0.5051 0.0852
vn 0.8887 -0.4265 -0.1680
vn 0.5464 -0.8375 0.0023
vn -0.7626 -0.5017 0.4083
vn 0.4267 -0.8633 0.2694
vn -0.0308 0.8309 0.5555
vn 0.8643 -0.4376 -0.2481
vn 0.7614 0.3275 -0.5594
vn -0.9392 0.3062 -0.1551
vn -0.9730 0.1558 -0.1702
vn -0.9427 0.2359 -0.2360
vn 0.9670 -0.1639 -0.1949
vn 0.2185 0.9651 -0.1447
vn 0.2784 -0.9482 0.1527
vn -0.5607 0.6974 -0.4464
vn 0.0617 0.6722 -0.7377
vn 0.5877 0.1818 0.7883
vn 0.6010 0.1920 0.7758
vn -0.9797 -0.1010 -0.1732
vn -0.1495 0.4082 -0.9006
vn 0.4425 -0.8962 0.0314
vn 0.6193 -0.7708 0.1494
vn 0.9261 0.2853 -0.2467
vn -0.8468 0.1034 -0.5217
vn -0.7311 0.0253 -0.6818
vn 0.1686 0.6840 0.7098
vn -0.6461 0.4185 -0.6383
vn 0.4925 0.7564 -0.4305
vn 0.7964 -0.4817 0.3658
vn 0.9783 0.1372 0.1550
vn -0.9852 -0.0370 -0.1674
vn 0.7757 0.0581 0.6284
vn -0.1823 0.6493 -0.7384
vn -0.8205 -0.4989 0.2791
vn -0.7199 0.3982 0.5685
vn -0.7125 0.6946 0.0992
vn 0.1632 0.9447 0.2845
vn 0.9606 -0.1115 -0.2544
vn 0.6805 -0.2310 0.6954
vn 0.5634 0.6134 0.5534
vn 0.5706 0.6236 0.5343
vn -0.7458 0.5271 0.4075
vn -0.0680 0.9938 0.0878
vn 0.5932 0.7924 0.1426
vn 0.2990 -0.9539 -0.0246
vn 0.8700 -0.3142 -0.3801
vn 0.0989 -0.8556 0.5082
vn -0.8440 0.4635 0.2699
vn 0.0488 0.9789 0.1985
vn 0.5240 0.7885 0.3219
vn 0.5825 0.7668 0.2697
vn -0.5130 -0.1027 -0.8522
vn 0.1861 -0.3373 0.9228
vn -0.1696 0.7036 0.6901
vn -0.9117 0.3474 0.2192
vn -0.4992 0.8476 -0.1796
vn 0.4138 -0.8993 -0.1412
vn -0.4956 0.6630 0.5611
vn -0.4955 0.6630 0.5611
vn 0.2927 0.8873 -0.3563
vn -0.5719 -0.2618 0.7774
vn 0.2102 0.7847 -0.5832
vn -0.3797 -0.4060 0.8312
vn -0.3411 0.9239 -0.1735
vn 0.6489 0.0949 0.7550
vn 0.8891 -0.1951 -0.4141
vn -0.7539 -0.5071 0.4178
vn 0.8244 -0.0275 -0.5654
vn 0.8245 -0.0270 -0.5653
vn -0.6484 0.4129 0.6396
vn 0.3396 -0.7015 0.6265
vn -0.7707 0.2203 -0.5979
vn 0.2861 0.8964 -0.3387
vn 0.2862 0.8963 -0.3386
vn -0.7585 0.1172 0.6411
vn 0.2019 -0.5983 0.7754
vn 0.2018 -0.5985 0.7753
vn -0.0923 -0.8889 0.4486
vn -0.2830 0.7590 -0.5864
vn -0.4767 0.8759 -0.0738
vn -0.4770 0.8758 -0.0736
vn 0.9448 -0.2497 -0.2121
vn 0.4334 0.8950 -0.1057
vn 0.6167 0.0754 0.7836
vn 0.8866 -0.0151 0.4623
vn -0.6802 0.5750 -0.4548
vn -0.5809 0.5956 -0.5547
vn 0.1818 0.6416 -0.7451
vn -0.7756 -0.6234 -0.0993
vn 0.3609 0.4959 -0.7898
vn 0.2137 -0.0369 -0.9762
vn 0.7160 0.6171 -0.3264
vn 0.9449 0.1199 0.3047
vn -0.0726 0.8428 -0.5334
vn 0.2573 0.7377 -0.6241
vn 0.7920 -0.6101 -0.0248
vn 0.2338 0.4526 0.8605
vn 0.7443 0.0594 0.6652
vn 0.6382 -0.5028 -0.5829
vn -0.2953 -0.9348 0.1976
vn -0.7620 0.5127 0.3957
vn 0.5337 0.8155 -0.2239
vn 0.9439 0.2147 -0.2509
vn 0.7340 0.6779 -0.0408
vn -0.7502 0.4296 0.5027
vn 0.3989 -0.4990 0.7694
vn -0.7419 -0.2025 -0.6392
vn 0.1339 0.9529 -0.2719
vn -0.8855 0.4530 0.1031
vn -0.7560 0.4038 -0.5152
vn -0.3506 -0.5861 0.7305
vn -0.8325 0.5473 -0.0856
vn 0.9737 0.0916 0.2087
vn -0.4027 0.9139 0.0507
vn 0.3335 0.8657 -0.3732
vn 0.1933 0.9810 0.0130
vn -0.9369 0.0869 0.3387
vn -0.9594 -0.2652 -0.0963
vn -0.4613 0.6390 0.6155
vn -0.8703 0.4877 0.0691
vn -0.6754 -0.4043 -0.6167
vn 0.8255 -0.5606 -0.0645
vn 0.1424 0.9814 0.1290
vn -0.9489 -0.2455 0.1985
vn 0.8230 -0.3151 0.4727
vn -0.8461 0.3417 -0.4090
vn -0.6400 -0.6669 0.3817
vn -0.9728 0.0201 -0.2307
vn -0.9728 0.0201 -0.2308
vn -0.7010 -0.6955 -0.1580
vn -0.7626 -0.5018 0.4083
vn 0.7172 -0.0291 -0.6963
vn 0.7172 -0.0291 -0.6962
vn 0.7172 -0.0292 -0.6963
vn -0.2783 0.0112 0.9604
vn -0.8064 0.0573 -0.5886
vn 0.6726 0.2208 -0.7063
vn 0.5262 0.1517 0.8367
vn 0.9141 0.3069 0.2649
vn 0.5092 0.1461 0.8482
vn 0.6142 0.2370 -0.7527
vn -0.2928 -0.0326 -0.9556
vn 0.2009 -0.1667 0.9653
vn -0.8287 0.0740 0.5547
vn -0.2217 0.4828 -0.8472
vn -0.2982 0.7510 0.5892
vn 0.4508 0.8723 0.1893
vn 0.6147 -0.7828 0.0972
vn 0.7640 0.5642 -0.3131
vn -0.9169 0.3795 0.1238
vn -0.9166 0.3800 0.1238
vn -0.9166 0.3801 0.1239
vn -0.9159 0.3817 0.1244
vn -0.9161 0.3819 0.1218
vn -0.9139 0.3836 0.1324
vn -0.9172 0.3795 0.1211
vn -0.8695 0.3580 0.3402
vn -0.9157 0.2662 0.3012
vn -0.7150 0.3623 0.5979
vn 0.9341 0.1646 -0.3169
vn 0.9916 -0.1222 -0.0420
vn -0.7944 0.0281 -0.6068
vn -0.7942 0.0278 -0.6070
vn -0.7943 0.0279 -0.6069
vn -0.6530 -0.0274 -0.7569
vn -0.6547 -0.0273 -0.7554
vn -0.6572 -0.0183 -0.7535
vn -0.6694 -0.0360 -0.7420
vn 0.5681 -0.6220 0.5389
vn -0.5388 -0.5816 0.6094
vn -0.6543 0.3155 0.6873
vn 0.1700 0.4841 0.8584
vn -0.0067 0.0890 -0.9960
vn 0.0494 0.2222 -0.9737
vn 0.1405 0.7973 -0.5869
vn 0.9052 0.0195 0.4245
vn -0.6135 0.2094 -0.7614
vn -0.3531 0.5322 -0.7695
vn 0.5669 0.5155 -0.6426
vn 0.5670 0.5158 -0.6422
vn 0.6236 0.0580 0.7796
vn 0.7066 0.0724 0.7039
vn 0.7066 0.0723 0.7039
vn -0.1794 0.3535 -0.9181
vn -0.5613 0.4045 0.7221
vn -0.6941 0.2803 0.6630
vn -0.6945 0.2803 0.6627
vn -0.6950 0.2792 0.6626
vn -0.6964 0.2805 0.6605
vn 0.9753 -0.1123 -0.1903
vn 0.9841 -0.1414 -0.1072
vn 0.0086 -0.9853 -0.1705
vn -0.2694 -0.8921 -0.3629
vn 0.8134 0.5517 0.1845
vn 0.8131 0.5520 0.1847
vn -0.0445 0.8843 0.4648
vn 0.9033 0.0662 -0.4240
vn 0.3830 -0.0504 -0.9224
vn -0.7181 0.5918 0.3663
vn 0.2294 0.8648 0.4466
vn 0.2348 0.8644 0.4447
vn 0.2292 0.8649 0.4465
vn 0.2407 0.8649 0.4405
vn 0.9050 0.1179 -0.4087
vn 0.9049 0.1179 -0.4091
vn 0.9050 0.1180 -0.4087
vn 0.7250 0.4103 -0.5532
vn 0.9852 -0.1707 -0.0130
vn 0.9846 -0.0166 -0.1738
vn 0.9781 -0.0861 -0.1894
vn 0.9481 -0.0867 -0.3059
vn 0.9482 -0.0864 -0.3058
vn 0.6156 -0.0889 0.7831
vn 0.8612 -0.0404 -0.5066
vn -0.5352 0.4793 -0.6956
vn -0.5351 0.4801 -0.6951
vn -0.5351 0.4794 -0.6956
vn -0.6138 0.1821 -0.7681
vn -0.6141 0.1822 -0.7679
vn -0.8946 0.4183 0.1573
vn -0.9219 0.3358 0.1933
vn 0.3969 0.6688 0.6287
vn 0.7041 0.5270 0.4759
vn 0.5741 0.4205 -0.7026
vn 0.5827 0.4394 0.6836
vn 0.2138 0.1500 -0.9653
vn 0.7451 0.6404 0.1861
vn 0.8120 0.5480 0.2007
vn 0.8628 -0.2224 -0.4539
vn -0.0084 -0.9109 0.4126
vn -0.9898 0.1417 -0.0155
vn 0.9960 0.0840 0.0320
vn 0.9882 0.1079 0.1087
vn -0.8471 -0.0082 -0.5314
vn -0.8793 0.0222 -0.4757
vn -0.8793 0.0223 -0.4757
vn -0.8793 0.0224 -0.4757
vn 0.7101 0.4799 -0.5152
vn -0.6335 0.5314 -0.5625
vn -0.9523 0.2723 0.1376
vn -0.9536 0.2657 0.1417
vn -0.9515 0.2771 0.1339
vn -0.9512 0.2776 0.1349
vn -0.8851 0.3261 0.3320
vn -0.6800 0.6191 -0.3928
vn 0.5996 -0.6044 0.5246
vn 0.9917 0.1213 -0.0434
vn 0.9761 0.1388 0.1669
vn 0.6260 0.6323 0.4564
vn 0.6250 0.6330 0.4568
vn 0.6347 0.6303 0.4471
vn 0.6556 0.6113 0.4433
vn 0.6294 0.6270 0.4591
vn 0.7038 0.6068 0.3694
vn 0.5190 -0.8122 -0.2665
vn 0.9412 -0.3331 0.0570
vn -0.4379 -0.1048 -0.8929
vn -0.4374 -0.1050 -0.8931
vn -0.4374 -0.1051 -0.8931
vn -0.3187 -0.6622 -0.6781
vn -0.3183 -0.6624 -0.6782
vn 0.4508 -0.0315 0.8921
vn 0.4527 -0.0305 0.8912
vn 0.4527 -0.0305 0.8911
vn 0.4394 -0.0273 0.8979
vn 0.1585 -0.1276 0.9791
vn -0.2232 0.9097 0.3501
vn -0.3088 0.9263 0.2159
vn 0.6460 0.4793 0.5942
vn 0.6803 0.1229 0.7226
vn 0.1571 0.6961 -0.7005
vn -0.1758 0.5261 0.8321
vn -0.1778 0.5214 0.8346
vn -0.1768 0.5201 0.8356
vn -0.1737 0.5032 0.8465
vn 0.9519 -0.0238 -0.3056
vn 0.9519 -0.0234 -0.3055
vn 0.5225 -0.1786 -0.8337
vn 0.7080 0.0450 -0.7048
vn -0.4785 0.6247 -0.6171
vn -0.1723 0.6918 -0.7012
vn -0.6525 0.6831 -0.3282
vn 0.7546 0.5744 -0.3174
vn 0.4237 -0.3372 -0.8407
vn -0.2329 -0.4898 -0.8401
vn -0.5221 0.4813 0.7041
vn -0.5219 0.4814 0.7042
vn -0.5220 0.4814 0.7041
vn -0.9953 0.0781 0.0571
vn 0.7407 0.6418 -0.1987
vn 0.8083 0.5761 -0.1214
vn 0.3798 0.6950 -0.6105
vn 0.5496 0.5544 -0.6250
vn 0.2338 0.5062 -0.8301
vn -0.6902 -0.0227 0.7232
vn -0.6903 -0.0228 0.7232
vn -0.6902 -0.0228 0.7232
vn -0.3378 -0.1775 0.9243
vn -0.3378 -0.1774 0.9243
vn -0.3378 -0.1774 0.9244
vn -0.4808 0.8052 -0.3472
vn -0.5831 0.7745 -0.2453
vn 0.7297 -0.5832 -0.3571
vn 0.7295 -0.5834 -0.3570
vn 0.8833 -0.4652 -0.0578
vn 0.5041 0.1928 -0.8419
vn 0.5043 0.1930 -0.8417
vn 0.5043 0.1929 -0.8417
vn 0.5685 -0.0529 0.8210
vn 0.5704 0.0980 0.8155
vn -0.4679 0.8001 0.3753
vn -0.1734 0.0146 0.9847
vn 0.8585 -0.4155 0.3005
vn 0.9578 -0.2827 -0.0518
vn 0.9230 0.3456 -0.1690
vn -0.5518 0.7785 -0.2990
vn 0.8606 -0.1466 -0.4876
vn -0.7787 -0.3010 0.5505
vn -0.7787 -0.3010 0.5506
vn -0.4824 -0.2148 0.8492
vn -0.6138 0.3832 0.6902
vn 0.7629 -0.0518 -0.6444
vn 0.7631 -0.0514 -0.6443
vn 0.8323 -0.0031 0.5543
vn 0.9618 -0.2736 -0.0020
vn 0.9608 -0.0505 0.2725
vn -0.6148 0.2885 0.7341
vn -0.4798 0.3567 0.8016
vn 0.9639 0.0451 -0.2624
vn 0.9905 0.1041 -0.0904
vn 0.3560 -0.4190 0.8353
vn 0.3558 -0.4192 0.8353
vn 0.3552 -0.4198 0.8352
vn 0.8762 0.0628 0.4779
vn 0.8761 0.0620 0.4782
vn 0.8762 0.0630 0.4778
vn 0.2332 0.1386 -0.9625
vn 0.7328 0.3051 -0.6082
vn -0.7160 0.0913 -0.6921
vn -0.9941 -0.0517 -0.0951
vn 0.3764 0.7135 -0.5910
vn 0.5750 0.3229 -0.7517
vn 0.0265 -0.5426 0.8396
vn -0.5709 0.3187 -0.7566
vn -0.7651 0.1847 0.6168
vn 0.0121 0.3425 -0.9395
vn 0.0822 0.2277 -0.9702
vn 0.2614 0.9373 0.2307
vn 0.1929 -0.3096 0.9311
vn 0.1922 -0.3094 0.9313
vn -0.1162 -0.6675 0.7355
vn 0.6882 0.2866 -0.6666
vn -0.4887 0.4305 -0.7589
vn -0.3097 0.4804 -0.8205
vn -0.0909 0.6134 -0.7845
vn -0.6481 0.7435 -0.1649
vn -0.6577 0.7347 -0.1662
vn -0.6479 0.7437 -0.1648
vn -0.6786 0.7158 -0.1647
vn -0.7062 0.6693 -0.2309
vn 0.9514 -0.1733 -0.2546
vn -0.7076 -0.6883 -0.1602
vn -0.8856 0.3962 0.2425
vn -0.8868 0.3901 0.2477
vn -0.8865 0.3909 0.2476
vn -0.8953 0.3718 0.2453
vn -0.8528 -0.3143 -0.4171
vn -0.5053 -0.8028 -0.3166
vn 0.6112 -0.2493 -0.7512
vn 0.9985 -0.0269 0.0472
vn 0.9524 -0.2593 0.1603
vn -0.8361 0.1530 0.5268
vn -0.7545 0.0576 -0.6537
vn -0.7542 0.0575 -0.6541
vn 0.8930 -0.0154 0.4498
vn 0.5370 0.0881 0.8390
vn -0.6750 0.5510 0.4907
vn -0.4683 0.8835 0.0108
vn 0.8407 0.0209 0.5411
vn 0.9655 0.2212 0.1372
vn 0.9798 -0.1911 0.0588
vn -0.7129 0.3478 -0.6089
vn -0.5965 0.3470 -0.7237
vn -0.4787 0.8733 0.0910
vn 0.1779 0.3464 -0.9211
vn -0.8828 -0.4556 -0.1145
vn -0.1403 -0.9753 -0.1704
vn -0.8181 0.4548 -0.3518
vn 0.6865 0.6261 0.3698
vn 0.9758 0.0557 -0.2115
vn 0.9646 -0.0562 -0.2576
vn 0.9067 0.0801 -0.4140
vn 0.7871 0.4039 -0.4662
vn 0.7871 0.4038 -0.4662
vn -0.9835 0.1801 0.0183
vn -0.9625 0.0073 0.2711
vn 0.2592 -0.9548 -0.1457
vn -0.3623 0.8437 -0.3961
vn -0.9249 0.1185 -0.3613
vn -0.9247 0.1189 -0.3616
vn -0.9991 -0.0011 0.0431
vn -0.9854 0.0388 -0.1659
vn 0.9673 -0.1419 -0.2101
vn 0.6817 0.7002 0.2121
vn 0.8440 -0.4839 0.2312
vn 0.8438 -0.4844 0.2311
vn 0.6421 0.3610 -0.6763
vn 0.7418 0.3740 -0.5566
vn 0.7252 0.3714 -0.5798
vn 0.5865 0.3400 -0.7351
vn -0.0854 0.5827 -0.8082
vn 0.2747 0.4515 -0.8490
vn 0.8985 -0.4388 -0.0105
vn 0.9412 0.2635 -0.2115
vn 0.8327 -0.1400 0.5357
vn 0.4378 -0.3360 0.8339
vn 0.2078 0.3061 0.9290
vn 0.6710 0.0748 0.7377
vn 0.6299 -0.3525 -0.6921
vn 0.6302 -0.3526 -0.6917
vn 0.9488 -0.0929 -0.3020
vn -0.4194 -0.8186 0.3924
vn 0.8790 -0.1032 -0.4656
vn -0.8317 0.2699 0.4851
vn -0.3166 0.2750 -0.9078
vn -0.7925 0.3646 0.4888
vn 0.8933 0.4217 -0.1556
vn 0.6740 0.6307 -0.3847
vn 0.9042 0.3061 0.2980
vn 0.9413 0.1180 -0.3163
vn 0.9413 0.1180 -0.3162
vn 0.3730 0.4259 -0.8243
vn 0.3729 0.4259 -0.8243
vn -0.8147 0.3174 -0.4854
vn -0.8129 0.3196 -0.4869
vn -0.8130 0.3201 -0.4864
vn -0.8258 0.3034 -0.4754
vn -0.9775 0.2105 -0.0162
vn -0.8633 -0.1986 0.4639
vn 0.8628 0.4974 -0.0899
vn 0.8660 0.4904 -0.0977
vn 0.8621 0.4989 -0.0884
vn 0.3803 -0.7446 -0.5486
vn 0.3801 -0.7444 -0.5490
vn 0.3701 -0.2434 0.8965
vn 0.8749 0.4706 -0.1146
vn 0.8158 0.5547 0.1635
vn 0.9964 -0.0709 -0.0454
vn 0.5569 -0.5368 -0.6338
vn 0.9375 -0.1427 0.3175
vn 0.0667 0.5146 0.8548
vn 0.7116 0.5329 0.4579
vn 0.2093 0.6116 -0.7630
vn 0.1907 0.8295 -0.5249
vn 0.9992 -0.0328 0.0240
vn 0.8273 -0.1561 -0.5397
vn 0.0366 0.6276 -0.7777
vn -0.9427 0.3119 0.1185
vn 0.8586 -0.3183 0.4018
vn 0.9852 -0.1020 0.1375
vn 0.9893 -0.0466 -0.1384
vn 0.9483 0.2954 -0.1162
vn 0.8784 0.4511 0.1580
vn 0.7702 0.5189 0.3709
vn -0.8031 0.4516 0.3887
vn 0.2651 0.5317 0.8044
vn 0.2651 0.5314 0.8046
vn -0.7408 0.2152 -0.6364
vn 0.9890 -0.1167 0.0909
vn 0.9415 -0.2060 -0.2667
vn -0.8049 0.0856 0.5872
vn -0.8049 0.0855 0.5873
vn -0.6627 0.6517 -0.3689
vn 0.9862 -0.0660 -0.1516
vn 0.9869 -0.0625 -0.1488
vn 0.9854 -0.0696 -0.1553
vn -0.7482 0.0532 -0.6614
vn 0.9538 -0.2021 0.2225
vn 0.9651 0.0714 0.2519
vn -0.7741 -0.0086 0.6330
vn -0.1844 0.9671 0.1754
vn -0.5696 0.8207 0.0433
vn 0.1572 0.8716 0.4643
vn 0.1569 0.8717 0.4643
vn 0.8809 0.0230 0.4728
vn 0.9363 -0.0148 -0.3509
vn 0.4224 0.6599 -0.6214
vn -0.8455 0.1265 0.5188
vn 0.1375 -0.8236 0.5502
vn -0.5320 -0.2115 -0.8199
vn -0.9118 0.0759 0.4037
vn -0.9116 0.0759 0.4041
vn -0.9136 -0.0422 0.4044
vn -0.9128 -0.0374 0.4066
vn -0.9133 -0.0377 0.4056
vn -0.9079 -0.0349 0.4177
vn -0.9927 0.0210 0.1187
vn -0.9927 0.0206 0.1187
vn -0.9927 0.0205 0.1188
vn -0.9778 -0.1773 -0.1116
vn -0.4723 0.4560 0.7543
vn 0.0972 -0.0152 0.9952
vn -0.9362 0.3459 0.0621
vn -0.9386 0.3370 0.0736
vn -0.9343 0.3518 0.0571
vn -0.6246 0.0427 0.7798
vn -0.6435 -0.2833 -0.7111
vn -0.7589 -0.1255 -0.6389
vn -0.7592 -0.1255 -0.6387
vn -0.7589 -0.1256 -0.6389
vn 0.8523 -0.4862 0.1928
vn -0.6896 -0.1200 -0.7142
vn -0.6896 -0.1201 -0.7142
vn -0.6896 -0.1202 -0.7141
vn -0.7328 0.1070 -0.6720
vn -0.7327 0.1070 -0.6721
vn 0.8019 0.4868 0.3463
vn -0.9785 0.1056 -0.1774
vn -0.9785 0.1053 -0.1774
vn 0.9491 0.2445 0.1988
vn -0.1371 -0.9857 -0.0976
vn -0.9060 0.3250 0.2712
vn -0.2077 -0.9604 0.1856
vn 0.5627 0.8020 -0.2006
vn 0.9393 -0.3058 -0.1557
vn 0.9153 -0.3972 -0.0664
vn 0.2171 0.9574 0.1902
vn 0.9623 -0.0729 -0.2619
vn -0.9102 0.0884 0.4045
vn -0.9102 0.0885 0.4046
vn -0.9101 0.0885 0.4047
vn -0.9563 -0.1427 0.2553
vn -0.9563 -0.1425 0.2553
vn 0.9951 -0.0037 -0.0991
vn 0.9771 -0.0215 -0.2116
vn 0.8002 -0.1620 0.5774
vn 0.4638 0.6638 0.5868
vn -0.8387 0.1860 -0.5118
vn 0.1106 0.7109 0.6946
vn -0.3287 0.5719 0.7516
vn -0.9155 -0.0476 -0.3995
vn -0.7114 -0.4388 0.5491
vn 0.2077 0.5946 -0.7767
vn 0.2077 0.5948 -0.7766
vn 0.2076 0.5947 -0.7767
vn -0.9595 -0.0027 -0.2816
vn -0.9596 -0.0034 -0.2812
vn -0.9596 -0.0032 -0.2813
vn -0.8246 -0.5289 -0.2005
vn -0.9966 -0.0352 0.0750
vn -0.9172 -0.3233 0.2330
vn -0.9171 -0.3234 0.2331
vn -0.9172 -0.3233 0.2329
vn 0.6162 -0.6146 0.4924
vn 0.6059 -0.6230 0.4947
vn 0.6076 -0.6227 0.4930
vn 0.6305 -0.6211 0.4655
vn 0.2942 -0.8267 0.4796
vn -0.8424 0.5349 -0.0646
vn -0.9305 0.3377 0.1420
vn -0.9147 0.2992 0.2716
vn -0.9312 0.3520 0.0948
vn -0.7880 -0.2984 0.5385
vn 0.5553 -0.6851 0.4716
vn 0.9652 -0.1165 -0.2342
vn 0.4540 0.1667 0.8752
vn 0.5167 0.2039 0.8315
vn 0.4494 0.1645 0.8781
vn 0.5498 0.2233 0.8049
vn -0.3470 0.1768 -0.9210
vn -0.7828 0.0724 0.6181
vn -0.9168 0.3796 0.1238
vn -0.9140 0.3836 0.1324
vn -0.7581 0.1237 0.6404
vn 0.9341 0.1645 -0.3169
vn -0.7944 0.0280 -0.6067
vn -0.7943 0.0277 -0.6069
vn -0.7942 0.0280 -0.6070
vn 0.7065 0.0725 0.7040
vn 0.2698 -0.0139 -0.9628
vn 0.2701 -0.0136 -0.9627
vn 0.2700 -0.0139 -0.9628
vn -0.9099 0.3509 0.2212
vn -0.5522 0.3716 0.7464
vn -0.5599 0.3734 0.7396
vn -0.5822 0.3775 0.7201
vn -0.5906 0.3804 0.7117
vn 0.9753 -0.1120 -0.1902
vn 0.2295 0.8648 0.4466
vn 0.9050 0.1179 -0.4088
vn -0.4697 0.2515 -0.8462
vn 0.5826 0.4389 0.6840
vn 0.5854 0.4379 0.6823
vn 0.5961 0.4493 0.6654
vn -0.4378 -0.1048 -0.8929
vn 0.4508 -0.0315 0.8920
vn 0.4521 -0.0303 0.8914
vn -0.3089 0.9263 0.2159
vn 0.3172 0.2196 0.9226
vn 0.5429 0.1067 0.8330
vn 0.1570 0.6962 -0.7005
vn 0.9519 -0.0237 -0.3056
vn -0.5219 0.4815 0.7041
vn -0.5220 0.4815 0.7041
vn 0.2338 0.5063 -0.8301
vn 0.5343 0.1040 0.8389
vn -0.4680 0.8001 0.3753
vn -0.7786 -0.3011 0.5505
vn -0.9472 0.1894 -0.2589
vn 0.3559 -0.4190 0.8353
vn 0.8760 0.0620 0.4782
vn -0.9941 -0.0516 -0.0951
vn -0.6902 0.1071 0.7156
vn -0.8066 0.5228 -0.2760
vn -0.7872 0.5167 -0.3366
vn 0.6882 0.2865 -0.6666
vn -0.4887 0.4304 -0.7589
vn -0.7075 -0.6883 -0.1602
vn 0.9524 -0.2594 0.1603
vn -0.6864 0.3488 0.6381
vn -0.9627 0.2097 0.1712
vn 0.7871 0.4039 -0.4663
vn -0.9133 0.3713 0.1672
vn -0.0825 0.8448 0.5287
vn -0.0854 0.5826 -0.8083
vn 0.2747 0.4514 -0.8490
vn 0.2078 0.3062 0.9290
vn 0.6710 0.0749 0.7376
vn 0.9488 -0.0929 -0.3021
vn -0.8317 0.2699 0.4852
vn -0.3165 0.2750 -0.9078
vn 0.9412 0.1180 -0.3166
vn -0.8600 0.4138 -0.2986
vn 0.2092 0.6116 -0.7630
vn -0.6665 0.3269 -0.6700
vn -0.8469 0.1670 0.5049
vn -0.8713 0.4874 0.0564
vn -0.1843 0.9671 0.1754
vn -0.5697 0.8207 0.0433
vn 0.1120 -0.2239 -0.9682
vn -0.9927 0.0207 0.1187
vn -0.4723 0.4559 0.7543
vn 0.0972 -0.0151 0.9952
vn -0.7330 0.1069 -0.6717
vn 0.3502 0.2250 0.9092
vn 0.4639 0.6637 0.5868
vn -0.9153 -0.0475 -0.3999
vn 0.2077 0.5947 -0.7767
vn -0.9171 -0.3233 0.2330
vn 0.6162 -0.6147 0.4924
vn 0.5553 -0.6850 0.4716
vn -0.0356 0.6505 0.7587
vn -0.9605 0.1868 -0.2065
vn -0.9727 0.0866 -0.2153
vn -0.9446 0.1330 -0.2999
vn 0.9652 -0.1166 -0.2342
vn -0.9980 -0.0629 -0.0105
vn -0.9979 -0.0636 -0.0131
vn -0.9981 -0.0618 -0.0060
vn -0.9983 -0.0584 0.0073
vn 0.9983 0.0584 -0.0073
vn 0.9980 0.0629 0.0105
vn 0.9979 0.0635 0.0130
vn -0.8929 0.4362 0.1118
vn -0.1636 0.9845 0.0626
vn 0.9981 0.0618 0.0060
vn 0.9957 0.0928 0.0079
vn -0.9949 -0.0970 -0.0276
vn 0.9949 0.0970 0.0276
vn -0.9872 -0.1596 0.0003
vn 0.1636 -0.9845 -0.0626
vn 0.5714 0.8044 0.1624
vn 0.6317 0.7717 0.0741
vn -0.6320 -0.7714 -0.0738
vn -0.6317 -0.7717 -0.0741
vn -0.6331 -0.7705 -0.0741
vn -0.6419 -0.7636 -0.0703
vn -0.5897 -0.7457 -0.3102
vn -0.8552 -0.4276 -0.2928
vn -0.8355 -0.3736 -0.4030
vn -0.8357 -0.3745 -0.4016
vn -0.8354 -0.3763 -0.4006
vn -0.8317 -0.3885 -0.3966
vn -0.1333 -0.8209 -0.5553
vn 0.7512 -0.5038 0.4265
vn 0.5931 -0.8034 0.0533
vn -0.7974 -0.5435 -0.2622
vn 0.9554 -0.2907 -0.0528
vn 0.7780 -0.5984 -0.1911
vn 0.0289 -0.8583 -0.5124
vn 0.9293 0.1441 0.3402
vn 0.9591 -0.2830 0.0005
vn 0.9763 -0.2157 0.0196
vn 0.9369 -0.1423 0.3193
vn 0.9677 0.1074 0.2282
vn 0.9560 -0.2106 0.2043
vn 0.9423 -0.2615 0.2092
vn 0.9422 -0.2618 0.2091
vn 0.2915 -0.9566 0.0062
vn 0.6214 -0.7713 -0.1382
vn 0.9934 -0.1000 0.0560
vn 0.9620 -0.2721 -0.0240
vn 0.9855 0.1618 -0.0502
vn 0.9853 0.1632 -0.0508
vn 0.9855 0.1619 -0.0501
vn 0.9855 0.1537 -0.0712
vn 0.9851 0.1564 -0.0712
vn 0.9862 0.1494 -0.0710
vn 0.4907 -0.8067 -0.3293
vn 0.1535 -0.9546 -0.2551
vn 0.1535 -0.9547 -0.2551
vn -0.7894 -0.5970 -0.1428
vn -0.7871 -0.6001 -0.1424
vn -0.7975 -0.5823 -0.1579
vn -0.7878 -0.5984 -0.1458
vn -0.8367 -0.5431 -0.0706
vn 0.6191 -0.7223 -0.3082
vn 0.7472 -0.6500 -0.1387
vn -0.3880 -0.9132 -0.1246
vn -0.6531 -0.7573 0.0002
vn -0.6408 -0.7509 -0.1599
vn -0.9459 -0.3244 -0.0032
vn -0.9477 -0.3189 -0.0090
vn -0.9423 -0.3347 0.0065
vn -0.9303 -0.3668 0.0005
vn -0.9341 -0.3570 0.0031
vn -0.9989 -0.0458 0.0110
vn -0.9983 -0.0572 0.0144
vn -0.9990 -0.0431 0.0102
vn -0.9878 0.0235 -0.1537
vn -0.9346 -0.3549 -0.0221
vn -0.9268 -0.2338 -0.2939
vn -0.8341 0.5502 0.0406
vn -0.9069 0.2719 0.3219
vn -0.9461 0.3226 0.0282
vn -0.9951 0.0936 0.0327
vn -0.7728 0.6080 0.1820
vn -0.8188 0.5291 0.2228
vn -0.9964 0.0678 0.0503
vn -0.9955 -0.0089 -0.0945
vn -0.9955 -0.0869 0.0375
vn -0.7669 0.5770 0.2809
vn -0.9943 0.1068 -0.0042
vn -0.8739 0.4713 0.1188
vn -0.7057 0.6876 0.1710
vn 0.1408 0.8705 0.4716
vn 0.1657 0.8739 0.4570
vn 0.1893 0.8713 0.4528
vn -0.1027 0.9401 0.3251
vn -0.0806 0.9411 0.3283
vn -0.1221 0.9342 0.3352
vn -0.0808 0.9408 0.3292
vn -0.0249 0.9242 0.3811
vn -0.0471 0.9234 0.3810
vn -0.0246 0.9234 0.3831
vn -0.1579 0.9251 0.3454
vn 0.5362 0.7836 0.3139
vn 0.4970 0.8193 0.2860
vn 0.9906 -0.0398 0.1309
vn 0.9836 0.1501 0.0995
vn 0.9730 0.0845 0.2148
vn 0.9740 0.0755 0.2138
vn 0.9743 0.0721 0.2135
vn 0.6083 0.7539 0.2482
vn 0.9940 0.0932 -0.0573
vn 0.9922 0.1185 -0.0389
vn 0.9854 0.1620 -0.0532
vn 0.9864 0.1577 -0.0466
vn 0.5601 0.5433 0.6254
vn 0.7993 0.5227 0.2966
vn 0.9802 0.1784 0.0855
vn 0.9687 0.2082 0.1350
vn 0.6848 0.4572 0.5675
vn 0.1898 0.8698 0.4554
vn -0.0613 0.9346 0.3504
vn -0.9121 0.1488 0.3820
vn -0.8912 -0.1230 0.4366
vn 0.8575 0.1889 0.4785
vn 0.4670 0.4193 0.7786
vn -0.8582 -0.0611 0.5096
vn -0.9719 0.1111 0.2075
vn -0.9762 -0.0850 0.1997
vn -0.9976 -0.0000 0.0686
vn -0.9814 -0.1816 0.0626
vn -0.7182 -0.2122 0.6627
vn -0.9825 -0.1621 0.0914
vn -0.9955 0.0135 0.0939
vn -0.9022 0.1950 0.3847
vn -0.6750 -0.1563 0.7211
vn 0.9728 0.2106 0.0964
vn 0.9855 0.0854 0.1465
vn 0.6078 0.7704 0.1927
vn 0.2425 -0.1371 0.9604
vn 0.2426 -0.1370 0.9604
vn 0.2424 -0.1370 0.9605
vn 0.2290 0.9268 0.2976
vn 0.7148 0.6951 0.0771
vn 0.1568 0.9749 -0.1579
vn -0.9035 0.4121 -0.1178
vn 0.7229 0.4541 -0.5208
vn 0.7229 0.4542 -0.5207
vn 0.7228 0.4542 -0.5208
vn -0.8907 -0.0305 -0.4535
vn -0.9603 0.2530 -0.1178
vn -0.8964 -0.0829 -0.4354
vn 0.8993 0.2062 -0.3857
vn 0.8535 0.3657 -0.3711
vn -0.9453 0.0117 -0.3260
vn -0.7094 0.4654 -0.5293
vn -0.7092 0.4652 -0.5298
vn -0.7261 0.5236 -0.4458
vn -0.7261 0.5239 -0.4454
vn 0.8533 0.3488 -0.3877
vn 0.8535 0.3483 -0.3876
vn 0.8633 0.2383 -0.4448
vn 0.8636 0.2381 -0.4445
vn 0.9945 0.0906 -0.0531
vn 0.9936 0.0953 -0.0609
vn 0.9953 0.0782 -0.0576
vn 0.9933 0.1050 -0.0481
vn 0.9911 0.1298 -0.0308
vn 0.5244 0.7130 -0.4654
vn 0.2254 0.8974 0.3794
vn 0.9986 0.0491 0.0215
vn 0.9991 0.0427 -0.0008
vn 0.9982 0.0550 0.0237
vn 0.9900 0.1296 -0.0559
vn 0.7523 0.6488 0.1148
vn -0.1426 0.9554 0.2586
vn 0.1398 0.7900 0.5969
vn 0.8905 0.3713 0.2630
vn -0.2625 0.8129 0.5199
vn -0.4430 0.1945 0.8751
vn 0.9442 0.0831 0.3186
vn 0.9460 0.0853 0.3126
vn 0.9438 0.0821 0.3203
vn -0.8866 -0.2212 0.4062
vn -0.8868 -0.2211 0.4057
vn -0.7834 0.2260 0.5790
vn 0.8937 0.1004 0.4374
vn 0.9443 0.0833 0.3182
vn 0.9808 0.1946 0.0153
vn 0.9891 0.1032 0.1049
vn 0.5916 0.7850 0.1837
vn 0.5847 0.7900 0.1845
vn 0.6054 0.7764 0.1753
vn 0.5849 0.7900 0.1837
vn -0.2494 0.9514 0.1804
vn -0.5001 0.0949 -0.8608
vn -0.5106 0.8513 0.1207
vn -0.6039 0.0630 -0.7945
vn -0.9294 -0.1935 -0.3142
vn -0.9609 0.0498 -0.2723
vn -0.3608 0.1823 -0.9147
vn 0.6845 0.1665 -0.7097
vn 0.7125 0.1894 -0.6756
vn 0.7181 0.1891 -0.6697
vn 0.6881 0.1960 -0.6987
vn 0.6804 -0.3326 -0.6530
vn 0.9478 -0.0486 -0.3150
vn 0.3699 -0.4007 -0.8382
vn -0.5670 -0.5256 -0.6342
vn -0.3088 -0.8743 -0.3745
vn 0.8501 -0.4857 -0.2035
vn 0.9933 0.1140 0.0190
vn 0.9906 0.1364 -0.0064
vn 0.9152 -0.3794 -0.1359
vn 0.9986 0.0489 0.0177
vn 0.9983 0.0574 0.0074
vn -0.9733 0.0287 -0.2278
vn -0.9333 0.1180 -0.3391
vn -0.7599 -0.4159 -0.4996
vn -0.9981 0.0023 -0.0608
vn -0.9305 -0.2877 -0.2268
vn -0.9986 -0.0170 -0.0492
vn -0.9952 0.0880 0.0424
vn -0.9988 -0.0481 0.0117
vn -0.9965 0.0644 0.0542
vn -0.9987 0.0465 -0.0221
vn -1.0000 -0.0004 -0.0060
vn -0.9968 -0.0756 -0.0243
vn -0.8465 -0.2549 0.4674
vn 0.3119 0.9472 0.0748
vn -0.9991 0.0403 0.0163
vn 0.9927 0.1125 -0.0440
vn 0.9923 0.1163 -0.0421
vn 0.9924 0.1159 -0.0422
vn 0.9910 0.1300 -0.0310
vn 0.9918 0.1041 -0.0748
vn 0.9822 0.1739 -0.0717
vn 0.7618 0.6267 0.1640
vn 0.9619 -0.2411 0.1290
vn 0.8975 -0.0832 -0.4330
vn -0.9995 0.0134 -0.0272
vn 0.9585 0.2847 0.0125
vn 0.9918 0.1234 0.0327
vn 0.9824 0.1834 -0.0353
vn 0.9738 0.0766 0.2139
vn 0.8737 0.1827 0.4508
vn 0.9773 -0.0288 0.2101
vn 0.9765 -0.0591 0.2072
vn 0.8706 -0.1357 0.4729
vn 0.8968 -0.0287 0.4415
vn 0.4127 0.4034 0.8167
vn 0.8752 0.1508 0.4597
vn 0.9581 -0.1264 0.2570
vn 0.9255 -0.2457 0.2883
vn 0.7690 -0.1040 0.6307
vn 0.7342 -0.6629 -0.1466
vn 0.3061 -0.8901 -0.3376
vn 0.2875 -0.9491 -0.1287
vn 0.3136 -0.9496 -0.0047
vn 0.5902 -0.2009 0.7819
vn 0.4489 -0.0383 0.8928
vn 0.4468 -0.0398 0.8938
vn 0.4492 -0.0394 0.8926
vn 0.1976 -0.0306 0.9798
vn 0.0764 -0.1191 0.9899
vn 0.2330 -0.9150 0.3294
vn -0.3329 -0.7886 0.5170
vn -0.3329 -0.7885 0.5171
vn -0.3330 -0.7885 0.5171
vn -0.0949 -0.1177 0.9885
vn -0.2796 -0.9543 0.1059
vn -0.3967 -0.8664 0.3033
vn -0.3146 -0.8446 -0.4333
vn -0.4264 -0.8245 -0.3719
vn -0.5169 -0.8434 -0.1466
vn -0.0489 -0.8901 -0.4532
vn -0.0549 -0.8914 -0.4499
vn -0.0510 -0.8774 -0.4770
vn -0.0506 -0.8905 -0.4522
vn 0.7284 -0.3190 -0.6064
vn 0.4758 -0.4001 -0.7833
vn 0.2231 -0.2960 -0.9288
vn 0.5663 0.4102 -0.7148
vn 0.6951 0.4798 -0.5354
vn -0.7211 -0.4232 -0.5485
vn -0.2391 0.4853 -0.8410
vn -0.1734 -0.2177 -0.9605
vn -0.2866 0.4509 -0.8453
vn -0.2092 0.9686 -0.1343
vn 0.3801 0.8911 -0.2479
vn 0.4533 0.8791 -0.1474
vn 0.7629 0.6373 -0.1085
vn -0.3425 -0.3297 0.8797
vn -0.2467 0.7648 0.5951
vn -0.6523 0.5858 0.4810
vn 0.7886 0.6147 0.0176
vn 0.7551 0.6556 0.0034
vn 0.9646 0.2342 -0.1211
vn 0.9858 0.1396 -0.0932
vn 0.5969 0.7451 0.2976
vn 0.9042 0.1948 -0.3801
vn 0.9900 0.1407 -0.0070
vn 0.8070 -0.1870 0.5602
vn 0.8781 0.4637 0.1180
vn 0.9833 0.1820 -0.0070
vn -0.4693 0.7983 0.3775
vn 0.4521 0.8580 0.2436
vn -0.2389 0.9433 0.2304
vn 0.3520 0.8239 0.4441
vn 0.1993 0.9697 0.1413
vn -0.9718 0.2086 0.1100
vn -0.9733 0.0516 0.2236
vn -0.9828 0.0571 0.1759
vn -0.0753 0.9362 0.3434
vn -0.9767 0.0671 0.2037
vn -0.2647 0.9141 0.3071
vn -0.9497 0.2335 0.2086
vn -0.2984 0.8544 0.4253
vn -0.9600 0.1665 0.2251
vn -0.9853 0.1692 0.0242
vn -0.9876 0.1570 0.0101
vn -0.9862 0.1645 0.0197
vn -0.9969 0.0528 0.0579
vn -0.9981 0.0590 0.0197
vn -0.9249 -0.2064 -0.3193
vn -0.9958 0.0112 -0.0903
vn -0.9960 0.0116 -0.0880
vn -0.9962 0.0120 -0.0863
vn -0.9869 0.1608 0.0138
vn -0.9191 0.3742 -0.1237
vn -0.8627 0.4166 0.2866
vn -0.9733 -0.1873 0.1329
vn -0.9874 0.1366 -0.0804
vn -0.9958 0.0697 -0.0585
vn -0.9966 0.0663 -0.0486
vn -0.9962 0.0683 -0.0542
vn -0.9962 0.0495 -0.0716
vn -0.9977 0.0604 -0.0322
vn -0.9984 0.0505 -0.0251
vn -0.9969 0.0690 -0.0385
vn -0.9996 -0.0252 -0.0134
vn -0.9961 0.0117 -0.0878
vn -0.9986 -0.0521 -0.0068
vn -0.9987 -0.0510 -0.0005
vn -0.9987 -0.0510 -0.0007
vn -0.9868 -0.1431 -0.0763
vn -0.9987 -0.0514 -0.0026
vn -0.9982 0.0392 0.0444
vn -0.9972 0.0737 -0.0139
vn -0.6141 0.2077 -0.7614
vn -0.6143 0.2077 -0.7613
vn -0.6142 0.2076 -0.7614
vn -0.7498 0.2228 -0.6230
vn -0.6367 0.6337 -0.4394
vn 0.1646 0.9650 -0.2039
vn 0.9066 0.1676 -0.3872
vn -0.0298 0.9728 -0.2296
vn 0.0253 0.6558 -0.7545
vn 0.7586 0.1213 -0.6402
vn 0.9950 -0.0496 -0.0861
vn 0.9843 0.0656 -0.1641
vn 0.9798 0.1941 -0.0484
vn 0.9778 0.0026 0.2096
vn 0.8962 0.4258 0.1247
vn 0.9800 0.1394 -0.1420
vn 0.9970 0.0740 0.0247
vn 0.9651 0.2598 -0.0311
vn 0.8006 0.5736 0.1731
vn 0.9995 0.0290 -0.0135
vn 0.9995 0.0152 -0.0287
vn 0.7166 0.6800 0.1551
vn 0.9957 0.0126 -0.0914
vn 0.8046 0.3978 0.4408
vn 0.5696 0.5305 0.6278
vn 0.3608 0.3720 0.8553
vn -0.4742 0.7960 0.3761
vn -0.0400 0.4883 0.8718
vn -0.0396 0.4883 0.8718
vn 0.8762 0.2095 0.4339
vn -0.9782 0.1708 0.1181
vn -0.9723 0.0959 0.2130
vn -0.9601 0.1186 0.2532
vn 0.7987 -0.1619 0.5796
vn 0.7985 -0.1618 0.5799
vn 0.0267 0.2409 0.9702
vn -0.9009 0.4044 0.1576
vn 0.5748 -0.2431 0.7814
vn 0.6727 0.5493 0.4957
vn 0.8960 0.3866 0.2184
vn 0.9877 0.1170 0.1033
vn 0.9789 -0.1460 0.1426
vn 0.9790 -0.1464 0.1420
vn 0.9790 -0.1466 0.1417
vn 0.9888 0.0320 -0.1460
vn 0.9726 -0.1082 -0.2057
vn 0.9790 -0.1465 0.1417
vn 0.3863 0.9220 0.0248
vn 0.7062 0.6870 -0.1708
vn -0.9435 0.3311 -0.0154
vn 0.2791 0.3574 -0.8913
vn -0.2377 0.3979 -0.8861
vn -0.8963 0.4223 0.1355
vn 0.9926 -0.0632 0.1034
vn 0.8799 -0.4636 -0.1040
vn 0.8221 -0.4988 -0.2744
vn 0.9106 -0.3746 -0.1746
vn 0.8247 -0.5656 -0.0036
vn 0.9257 -0.3769 -0.0331
vn 0.9686 -0.2475 0.0221
vn 0.7137 -0.6638 -0.2236
vn 0.9557 -0.2914 0.0405
vn 0.2730 -0.9071 -0.3202
vn 0.2416 -0.9397 -0.2421
vn -0.3576 -0.9112 -0.2047
vn -0.9516 -0.2873 -0.1090
vn -0.0562 -0.8998 -0.4327
vn -0.0566 -0.8997 -0.4328
vn -0.7504 -0.5909 -0.2962
vn -0.6703 -0.7298 -0.1344
vn -0.2625 -0.5581 -0.7872
vn -0.2852 -0.5514 -0.7840
vn -0.2719 -0.5567 -0.7849
vn -0.2622 -0.5582 -0.7872
vn -0.9486 -0.1473 -0.2801
vn -0.9923 -0.0558 -0.1106
vn -0.9851 -0.0157 -0.1712
vn -0.9803 -0.0023 -0.1976
vn -0.4357 0.1789 -0.8821
vn -0.3533 0.2081 -0.9121
vn -0.3551 0.2076 -0.9115
vn -0.3537 0.2085 -0.9118
vn -0.9694 0.0472 -0.2411
vn -0.9679 0.0489 -0.2464
vn -0.9691 0.0475 -0.2420
vn -0.9718 0.0442 -0.2315
vn -0.3591 0.2002 -0.9116
vn 0.8817 0.1579 -0.4445
vn 0.8051 0.2308 -0.5465
vn 0.7108 0.2158 -0.6695
vn 0.9565 0.1413 -0.2554
vn 0.2989 -0.4905 -0.8186
vn 0.7630 -0.3616 -0.5358
vn 0.9411 -0.1174 -0.3171
vn 0.9937 0.1120 0.0033
vn 0.9989 -0.0018 0.0464
vn 0.9586 0.2694 0.0919
vn 0.9968 -0.0202 0.0772
vn 0.9951 0.0952 0.0279
vn 0.4929 0.0494 -0.8687
vn 0.9981 -0.0336 0.0517
vn 0.9875 0.1473 0.0561
vn 0.6634 -0.1393 -0.7351
vn 0.8018 0.2291 -0.5519
vn -0.5578 0.8297 -0.0226
vn -0.4567 0.8894 0.0194
vn 0.9571 0.2698 0.1059
vn -0.3724 0.6638 0.6486
vn 0.8087 0.2934 0.5097
vn 0.7289 -0.1819 0.6599
vn -0.8543 -0.0066 0.5198
vn -0.8539 -0.0051 0.5204
vn -0.8546 -0.0064 0.5192
vn 0.8083 0.1478 0.5699
vn 0.8080 0.1480 0.5703
vn 0.8081 0.1479 0.5702
vn 0.1041 -0.0359 0.9939
vn 0.1042 -0.0361 0.9939
vn 0.1041 -0.0360 0.9939
vn -0.9451 0.0449 0.3238
vn -0.8634 -0.0072 0.5045
vn -0.8733 0.2568 0.4140
vn -0.9996 0.0215 0.0196
vn -0.9996 0.0205 0.0204
vn -0.9996 0.0160 0.0241
vn -0.9994 0.0053 0.0328
vn -0.9913 0.0375 0.1260
vn -0.9691 0.2465 0.0049
vn -0.6213 0.4139 0.6653
vn 0.4449 0.8165 0.3679
vn -0.8721 0.4408 0.2124
vn -0.9496 0.3073 -0.0620
vn -0.9351 0.1944 -0.2964
vn -0.7068 0.7028 0.0806
vn 0.9647 0.2520 0.0768
vn -0.9985 -0.0536 0.0110
vn -0.6958 -0.6757 -0.2433
vn 0.5195 -0.8161 -0.2531
vn 0.5199 -0.8159 -0.2532
vn 0.5199 -0.8159 -0.2531
vn -0.5947 -0.7401 -0.3139
vn 0.7627 -0.6279 -0.1550
vn -0.1155 -0.9853 -0.1261
vn -0.7381 -0.6625 -0.1276
vn -0.7384 -0.6622 -0.1275
vn 0.7332 -0.6781 -0.0511
vn -0.4939 -0.8038 -0.3317
vn -0.9906 -0.1366 0.0035
vn -0.9873 0.1587 0.0129
vn -0.9945 0.0530 -0.0900
vn -0.7855 -0.5989 0.1559
vn -0.9732 -0.1207 0.1958
vn 0.6178 -0.7029 -0.3525
vn -0.0388 -0.9943 -0.0996
vn -0.7380 -0.6563 0.1567
vn -0.8374 -0.2739 0.4730
vn -0.9284 -0.2648 0.2607
vn 0.0159 -0.9022 -0.4310
vn 0.7187 -0.6527 -0.2396
vn 0.8036 -0.4446 -0.3956
vn 0.8800 -0.4359 -0.1884
vn 0.9979 0.0650 0.0055
vn 0.6684 0.6750 0.3124
vn -0.5633 0.6984 0.4415
vn 0.9625 0.1401 -0.2325
vn 0.9877 -0.0950 -0.1244
vn -0.9666 -0.0037 0.2562
vn -0.9761 -0.2157 0.0262
vn -0.8994 -0.3772 -0.2209
vn -0.9353 0.2035 0.2895
vn -0.8575 0.1045 0.5037
vn -0.9088 0.0688 0.4115
vn -0.8899 -0.1549 0.4290
vn -0.9612 0.0082 0.2757
vn 0.2694 0.8737 0.4051
vn 0.3416 0.8552 0.3899
vn 0.3391 0.8543 0.3938
vn 0.3428 0.8538 0.3918
vn 0.3445 0.8651 0.3647
vn -0.7178 0.0313 0.6956
vn 0.0228 0.8702 0.4922
vn 0.0192 0.8717 0.4897
vn 0.0201 0.8691 0.4942
vn -0.1251 -0.0300 0.9917
vn -0.5354 -0.3053 0.7875
vn 0.1104 0.3871 0.9154
vn -0.2450 0.9256 0.2886
vn -0.0622 0.8636 0.5003
vn 0.0089 0.8624 0.5061
vn -0.0583 -0.0306 0.9978
vn 0.4632 0.1310 0.8765
vn 0.2362 -0.2049 0.9498
vn 0.5741 -0.1127 0.8110
vn -0.0639 0.8684 0.4918
vn -0.0903 0.8689 0.4868
vn -0.0900 0.8681 0.4882
vn 0.0193 0.7562 0.6540
vn 0.6220 0.6483 0.4391
vn 0.1640 0.4324 0.8866
vn 0.1641 0.4325 0.8866
vn 0.1640 0.4324 0.8867
vn 0.0282 0.8532 0.5208
vn 0.3863 0.7536 0.5319
vn -0.4800 0.8343 -0.2713
vn -0.6478 0.7611 0.0328
vn -0.7924 0.6101 0.0031
vn -0.8560 0.5049 0.1113
vn -0.9857 0.0739 -0.1513
vn -0.9655 0.1862 -0.1822
vn -0.7820 0.5867 0.2104
vn -0.8377 0.1961 -0.5097
vn -0.0695 0.9182 0.3901
vn -0.2758 0.0624 0.9592
vn -0.5935 -0.0266 0.8044
vn -0.6663 -0.0317 0.7450
vn -0.9679 -0.1846 0.1705
vn -0.8299 -0.3021 0.4691
vn -0.9669 -0.2446 0.0731
vn -0.7985 -0.5647 -0.2085
vn -0.7712 0.3435 -0.5359
vn -0.0394 -0.8669 -0.4970
vn -0.5995 -0.2244 -0.7683
vn -0.1910 -0.6682 -0.7191
vn -0.6196 -0.2722 -0.7362
vn 0.4446 -0.0450 0.8946
vn -0.0363 0.8736 0.4853
vn -0.9141 -0.3734 -0.1579
vn -0.7817 -0.5800 -0.2293
vn -0.7812 -0.5800 -0.2308
vn -0.7775 -0.5828 -0.2362
vn -0.7817 -0.5794 -0.2307
vn -0.0272 0.7892 0.6136
vn -0.0413 0.7856 0.6173
vn -0.0255 0.7874 0.6160
vn -0.0611 0.7766 0.6270
vn 0.0407 -0.7852 -0.6180
vn 0.0611 -0.7766 -0.6270
vn 0.0278 -0.7896 -0.6130
vn 0.1169 0.7597 0.6397
vn 0.0255 -0.7874 -0.6160
vn -0.3193 -0.7206 -0.6154
vn 0.1344 0.7687 0.6254
vn 0.3206 0.7974 0.5113
vn -0.2597 -0.8117 -0.5232
vn -0.2381 -0.8197 -0.5209
vn -0.2501 -0.8143 -0.5238
vn -0.2600 -0.8119 -0.5226
vn 0.2499 0.8143 0.5239
vn 0.2381 0.8197 0.5209
vn 0.2596 0.8115 0.5235
vn 0.8652 0.4470 0.2272
vn 0.8650 0.4467 0.2283
vn 0.8653 0.4465 0.2277
vn -0.8655 -0.4451 -0.2300
vn -0.8655 -0.4450 -0.2299
vn -0.8612 -0.4522 -0.2322
vn -0.8652 -0.4456 -0.2300
vn 0.8613 0.4508 0.2344
vn 0.9872 0.1596 -0.0003
vn 0.2600 0.8119 0.5226
vn -0.1284 -0.8320 -0.5397
vn 0.6869 -0.6806 -0.2551
vn -0.8783 -0.2852 0.3838
vn 0.6919 -0.0209 0.7217
vn 0.8641 -0.0930 0.4946
vn -0.9108 -0.3431 0.2295
vn -0.9327 -0.2746 -0.2340
vn -0.9680 -0.2252 -0.1108
vn -0.2267 0.3266 -0.9176
vn -0.2268 0.3265 -0.9176
vn -0.9950 0.0213 0.0974
vn -0.9771 0.1676 0.1312
vn -0.2974 0.6464 -0.7026
vn 0.3164 0.8949 0.3147
vn 0.2680 0.8976 0.3501
vn -0.3855 0.2981 -0.8732
vn 0.9336 0.3546 -0.0522
vn 0.9858 0.1628 0.0406
vn 0.6703 -0.3500 0.6543
vn 0.1827 -0.5648 0.8048
vn -0.6472 -0.1131 0.7539
vn -0.5022 0.0458 0.8636
vn -0.5022 0.0459 0.8635
vn -0.5019 0.0456 0.8637
vn 0.6515 -0.1266 0.7480
vn 0.8948 -0.0098 0.4465
vn 0.9976 -0.0142 0.0683
vn 0.9448 -0.2144 0.2476
vn 0.9389 0.0146 -0.3437
vn 0.9639 0.0778 -0.2548
vn 0.9426 -0.2157 -0.2549
vn -0.1861 0.3571 -0.9153
vn -0.6301 0.5107 -0.5849
vn -0.9902 0.0779 -0.1161
vn 0.9300 -0.1806 -0.3201
vn -0.6785 0.4232 -0.6004
vn -0.9965 0.0774 -0.0319
vn -0.9641 0.2582 0.0621
vn -0.9306 0.2440 0.2729
vn 0.6482 0.5017 -0.5728
vn 0.8491 0.2381 0.4715
vn -0.5019 0.0455 0.8637
vn -0.5714 -0.8044 -0.1624
vn 0.9789 0.0939 -0.1817
vn 0.9939 0.1059 -0.0305
vn 0.9859 0.1580 -0.0555
vn 0.9663 0.1843 0.1795
vn 0.8130 0.5506 0.1896
vn 0.5100 0.7360 0.4451
vn 0.3674 0.8696 0.3298
vn -0.0475 0.9159 0.3985
vn 0.1347 0.8129 0.5666
vn -0.1826 0.8507 0.4929
vn -0.1801 0.8522 0.4913
vn -0.1815 0.8526 0.4899
vn -0.1872 0.8577 0.4789
vn -0.5371 0.6913 0.4833
vn 0.6155 -0.6308 -0.4725
vn -0.6364 0.6698 0.3826
vn -0.9128 0.4009 0.0773
vn 0.9790 -0.0820 -0.1867
vn -0.9884 0.1281 0.0818
vn 0.5509 -0.7091 -0.4400
vn -0.9996 0.0174 0.0200
vn -0.9852 0.0243 -0.1695
vn -0.5442 -0.8296 -0.1251
vn 0.8796 -0.4733 0.0478
vn 0.2305 -0.8909 -0.3914
vn 0.9244 -0.3712 -0.0875
vn 0.2329 0.1466 -0.9614
vn 0.2348 0.1483 -0.9607
vn 0.2330 0.1465 -0.9614
vn -0.9790 0.0820 0.1867
vn 0.9977 0.0161 0.0664
vn 0.9128 -0.4009 -0.0773
vn 0.9846 -0.1027 -0.1416
vn 0.5140 -0.7266 -0.4558
vn -0.9104 -0.4076 -0.0713
vn -0.9126 -0.4006 -0.0813
vn -0.9103 -0.4078 -0.0714
vn -0.9110 -0.4054 -0.0749
vn 0.1069 -0.9503 -0.2925
vn 0.9118 0.3091 -0.2704
vn 0.8547 0.0228 -0.5186
vn 0.9041 -0.2754 -0.3268
vn 0.9664 -0.1108 0.2321
vn 0.9658 -0.1758 0.1905
vn 0.9657 -0.1757 0.1912
vn 0.9658 -0.1758 0.1907
vn 0.7764 -0.0166 0.6301
vn 0.4321 -0.0339 0.9012
vn -0.1446 -0.3465 0.9268
vn 0.3949 -0.7213 0.5690
vn 0.3949 -0.7215 0.5688
vn 0.3949 -0.7216 0.5687
vn -0.9976 0.0599 0.0349
vn -0.9352 0.1358 0.3270
vn -0.3824 0.6882 -0.6166
vn -0.8940 0.2600 0.3650
vn -0.9373 0.2296 0.2622
vn 0.7570 0.4284 -0.4933
vn 0.7571 0.4283 -0.4933
vn 0.7570 0.4285 -0.4933
vn -0.9358 0.3498 -0.0440
vn 0.0547 0.8145 -0.5775
vn 0.8268 0.4859 -0.2833
vn 0.6015 0.0920 -0.7935
vn 0.3955 -0.0009 -0.9185
vn 0.5821 0.1516 -0.7989
vn 0.9584 -0.2289 -0.1704
vn 0.9975 0.0626 -0.0317
vn 0.9975 0.0612 -0.0338
vn 0.9975 0.0640 -0.0295
vn 0.8607 0.4008 -0.3139
vn 0.9974 0.0685 -0.0225
vn -0.5269 0.8359 0.1540
vn -0.3722 0.8794 0.2969
vn -0.1649 0.9811 -0.1015
vn -0.9963 0.0782 -0.0349
vn -0.9888 -0.0230 -0.1477
vn -0.1895 0.5280 -0.8278
vn 0.5228 0.1685 -0.8356
vn -0.7424 -0.1512 0.6526
vn -0.7426 -0.1507 0.6525
vn -0.5297 -0.4241 0.7345
vn 0.9091 -0.4052 -0.0968
vn 0.9634 -0.1412 0.2277
vn 0.9633 -0.1420 0.2277
vn 0.6872 -0.2209 0.6921
vn 0.6871 -0.2208 0.6921
vn 0.6871 -0.2209 0.6922
vn -0.4632 0.7472 0.4766
vn -0.5290 0.4764 0.7022
vn 0.9641 -0.1380 0.2268
vn -0.9997 -0.0232 -0.0034
vn -0.3066 -0.3664 0.8785
vn -0.5502 -0.2320 0.8021
vn -0.8354 0.0199 -0.5493
vn -0.6735 0.5983 -0.4341
vn -0.7149 0.2083 -0.6674
vn -0.8537 0.3583 0.3780
vn -0.9635 0.1358 0.2306
vn -0.9636 0.1358 0.2303
vn -0.8372 0.1973 -0.5102
vn -0.1539 0.8401 -0.5202
vn -0.7331 0.3000 0.6103
vn -0.9101 0.0825 0.4062
vn 0.1479 0.0211 0.9888
vn 0.9458 0.1000 0.3088
vn 0.9570 0.2835 -0.0616
vn 0.9569 0.2837 -0.0619
vn 0.9570 0.2836 -0.0616
vn 0.9646 -0.1050 0.2418
vn 0.9026 0.0327 -0.4292
vn 0.9023 0.0315 -0.4301
vn 0.9018 0.0307 -0.4310
vn 0.5850 0.3901 -0.7111
vn 0.5856 0.3899 -0.7107
vn 0.9055 -0.2008 0.3739
vn 0.8971 0.0273 -0.4410
vn 0.9419 -0.2792 0.1866
vn 0.4158 0.0760 -0.9063
vn 0.5503 -0.2447 0.7983
vn 0.1601 0.1819 -0.9702
vn 0.9749 0.0396 0.2189
vn 0.6057 0.1645 -0.7785
vn 0.8472 -0.1965 0.4935
vn 0.0410 -0.2164 0.9754
vn -0.7576 -0.2769 0.5910
vn -0.7567 -0.2757 0.5928
vn -0.7454 -0.2819 0.6041
vn -0.9291 -0.2436 -0.2783
vn -0.7583 -0.2760 0.5906
vn -0.9129 -0.0989 0.3959
vn -0.8755 0.0418 -0.4813
vn -0.9291 0.0578 -0.3654
vn -0.4929 0.4456 -0.7473
vn -0.8639 0.0162 0.5033
vn 0.6585 0.3218 -0.6804
vn 0.9614 0.2201 -0.1654
vn 0.4585 0.0435 0.8876
vn 0.5828 0.4543 -0.6738
vn 0.5827 0.4547 -0.6736
vn 0.8879 0.3214 0.3293
vn 0.4809 0.2883 -0.8280
vn 0.4809 0.2884 -0.8280
vn 0.4809 0.2885 -0.8280
vn 0.9959 -0.0015 0.0903
vn 0.8491 0.0501 0.5259
vn 0.4277 -0.3545 0.8315
vn -0.3063 0.0266 0.9516
vn -0.6970 -0.1342 0.7044
vn -0.5925 -0.3019 0.7469
vn -0.5927 -0.3017 0.7468
vn -0.8911 -0.4495 -0.0623
vn 0.4980 0.2016 -0.8434
vn -0.5575 0.2390 -0.7950
vn -0.5576 0.2394 -0.7948
vn -0.9608 -0.2008 -0.1912
vn -0.9992 0.0375 -0.0118
vn -0.9997 0.0220 0.0056
vn -0.6026 0.3737 -0.7052
vn -0.8109 0.5305 -0.2471
vn -0.8108 0.5306 -0.2470
vn -0.8108 0.5307 -0.2470
vn 0.2608 0.3359 -0.9051
vn 0.5774 0.6804 -0.4513
vn -0.8737 0.4722 -0.1170
vn 0.9518 0.1018 0.2894
vn 0.7815 0.3601 -0.5095
vn 0.9945 0.1024 0.0220
vn -0.9022 0.4287 0.0467
vn 0.6007 0.7942 0.0916
vn 0.4422 0.1775 0.8792
vn 0.4422 0.1766 0.8793
vn 0.4424 0.1774 0.8791
vn -0.9538 0.2931 0.0666
vn -0.9539 0.2926 0.0666
vn 0.3622 -0.2480 0.8985
vn 0.3625 -0.2475 0.8985
vn 0.4338 -0.1874 0.8813
vn 0.4341 -0.1870 0.8813
vn 0.4341 -0.1869 0.8813
vn -0.9965 -0.0781 0.0294
vn -0.9998 -0.0168 0.0116
vn -0.2467 0.2402 -0.9388
vn -0.3744 0.2436 -0.8947
vn -0.3743 0.2436 -0.8947
vn 0.1296 0.4337 -0.8917
vn 0.9902 0.0799 -0.1144
vn 0.9912 0.0697 -0.1128
vn 0.9893 0.0885 -0.1157
vn 0.9893 0.0885 -0.1156
vn 0.0801 0.8952 0.4384
vn 0.9840 0.1779 0.0066
vn 0.9839 0.1786 0.0023
vn 0.9841 0.1775 0.0095
vn 0.8993 0.3729 0.2285
vn -0.0895 -0.9070 -0.4116
vn 0.7933 0.5947 0.1301
vn 0.3002 0.8832 0.3602
vn -0.0228 0.1420 0.9896
vn 0.0352 0.9950 0.0932
vn -0.0363 -0.9943 -0.0998
vn -0.2190 0.9204 0.3239
vn -0.7647 0.6427 0.0462
vn -0.7929 0.6036 0.0831
vn -0.9864 0.1604 -0.0355
vn -0.9828 0.1194 -0.1412
vn -0.9967 0.0767 -0.0275
vn -0.9970 0.0593 -0.0490
vn -0.9856 -0.1618 0.0500
vn -0.9891 0.0434 -0.1406
vn -0.5553 -0.7164 -0.4225
vn 0.7290 -0.6838 0.0294
vn 0.7290 -0.6839 0.0295
vn 0.7289 -0.6840 0.0298
vn 0.7953 -0.5906 -0.1367
vn 0.0356 0.9950 0.0933
vn 0.0363 0.9943 0.0998
vn 0.0368 0.9950 0.0933
vn 0.9864 0.1588 -0.0416
vn 0.9924 0.0776 -0.0958
vn 0.9996 0.0105 0.0251
vn 0.2949 -0.8986 -0.3250
vn -0.0392 -0.9741 -0.2226
vn -0.7798 -0.5684 -0.2623
vn -0.7762 -0.6193 -0.1183
vn -0.9714 -0.2371 -0.0143
vn -0.9758 -0.2135 -0.0464
vn 0.9884 -0.1281 -0.0818
vn -0.2417 0.8555 0.4579
vn -0.2459 0.8540 0.4586
vn -0.2416 0.8549 0.4591
vn -0.9693 0.2095 0.1285
vn -0.9314 0.3364 0.1387
vn -0.6869 0.6806 0.2551
vn -0.7169 0.6567 0.2342
vn 0.8929 -0.4362 -0.1118
vn 0.9997 -0.0045 0.0222
vn 0.2190 -0.9204 -0.3239
vn -0.9957 -0.0928 -0.0079
vn -0.3549 0.8564 0.3751
vn -0.8689 -0.4823 -0.1118
vn -0.9928 0.1122 0.0420
vn 0.9978 -0.0197 -0.0635
vn -0.9993 -0.0288 -0.0254
vn -0.9988 -0.0321 -0.0375
vn -0.9993 -0.0285 -0.0241
vn -0.9997 0.0045 -0.0222
vn 0.9988 0.0321 0.0375
vn 0.9993 0.0288 0.0254
vn 0.9993 0.0285 0.0242
vn 0.9928 -0.1122 -0.0420
vn 0.9693 -0.2095 -0.1285
vn 0.9992 0.0297 0.0285
vn 0.5296 0.8391 0.1241
vn -0.2656 0.9409 0.2100
vn -0.2805 0.9374 0.2062
vn -0.2676 0.9396 0.2134
vn -0.3041 0.9324 0.1952
vn 0.7169 -0.6567 -0.2342
vn 0.2813 -0.9368 -0.2078
vn 0.2668 -0.9401 -0.2123
vn 0.3041 -0.9324 -0.1952
vn 0.2656 -0.9409 -0.2100
vn 0.8686 0.4828 0.1118
vn 0.8689 0.4823 0.1118
vn -0.5296 -0.8391 -0.1241
vn -0.9992 -0.0297 -0.0285
vn -0.9978 0.0197 0.0635
vn 0.9518 0.1753 0.2515
vn 0.9471 0.0545 0.3162
vn 0.5731 -0.1128 0.8117
vn 0.5728 -0.1129 0.8119
vn 0.9596 0.1517 0.2369
vn 0.0636 -0.0135 0.9979
vn 0.0641 -0.0143 0.9978
vn 0.0657 -0.0132 0.9978
vn 0.0692 -0.0089 0.9976
vn -0.9881 0.1090 0.1084
vn -0.2765 0.6361 -0.7203
vn -0.9969 -0.0158 0.0766
vn -0.9281 0.0803 -0.3635
vn -0.9604 -0.0049 -0.2784
vn -0.1118 0.9204 -0.3747
vn -0.6849 0.1442 -0.7142
vn -0.6851 0.1442 -0.7140
vn 0.0052 0.8902 -0.4556
vn 0.0052 0.8901 -0.4557
vn 0.0054 0.8902 -0.4556
vn -0.5686 0.0870 -0.8180
vn 0.8414 0.3500 -0.4117
vn 0.8762 0.3803 -0.2960
vn -0.7470 -0.2293 -0.6240
vn -0.8827 -0.2149 -0.4178
vn -0.8889 -0.4384 0.1333
vn -0.8898 -0.3891 0.2384
vn -0.8897 -0.3895 0.2381
vn -0.9356 -0.2202 0.2759
vn -0.1169 -0.7597 -0.6397
vn 0.2405 -0.8607 -0.4487
vn 0.2459 -0.8540 -0.4586
vn 0.2212 -0.8606 -0.4586
vn -0.2215 0.8606 0.4586
vn -0.2379 0.8558 0.4593
vn -0.2376 0.8552 0.4607
vn 0.2364 -0.8624 -0.4477
vn 0.2004 -0.8638 -0.4624
vn 0.2199 -0.8647 -0.4516
vn -0.1984 0.8703 0.4508
vn -0.0018 0.8940 0.4480
vn 0.2367 -0.8615 -0.4492
vn 0.9314 -0.3364 -0.1387
vn 0.3549 -0.8564 -0.3751
vn 0.0018 -0.8940 -0.4480
vn -0.8960 -0.1761 0.4075
vn -0.9601 -0.2741 -0.0545
vn -0.9988 -0.0463 -0.0154
vn -0.9993 0.0306 0.0214
vn -0.9311 0.2291 0.2837
vn 0.3043 0.9494 -0.0773
vn 0.5085 0.8462 0.1596
vn 0.3490 0.8569 0.3793
vn 0.9957 -0.0908 -0.0179
vn 0.5935 0.4222 0.6852
vn 0.9960 0.0674 -0.0578
vn 0.9981 0.0584 -0.0198
vn 0.7309 -0.2545 0.6333
vn 0.4744 -0.1423 0.8687
vn 0.2397 0.6267 -0.7415
vn -0.4711 0.2133 -0.8559
vn 0.5944 0.4035 -0.6956
vn 0.5945 0.4035 -0.6955
vn -0.9596 -0.2757 -0.0562
vn -0.9611 -0.2713 -0.0519
vn -0.9596 -0.2758 -0.0562
vn -0.5185 -0.1496 0.8419
vn -0.1843 -0.3450 0.9203
vn -0.9374 -0.1320 0.3224
vn -0.9910 0.0568 -0.1210
vn -0.9947 0.0989 -0.0286
vn 0.3425 0.1748 -0.9231
vn 0.2987 0.2299 -0.9263
vn -0.8171 0.2776 -0.5053
vn -0.8170 0.2777 -0.5054
vn 0.9992 -0.0035 -0.0398
vn 0.9554 -0.2895 0.0586
vn 0.8132 0.1889 0.5504
vn 0.9637 0.2584 0.0667
vn 0.9790 0.2020 0.0273
vn 0.3987 -0.3661 0.8408
vn 0.3983 -0.3660 0.8411
vn -0.4920 0.8568 0.1543
vn -0.3510 0.8965 0.2702
vn -0.3203 0.9422 0.0978
vn -0.3204 0.9422 0.0982
vn 0.3882 0.5368 -0.7491
vn -0.4766 0.3529 0.8052
vn 0.1871 0.9382 0.2913
vn -0.4025 0.8333 0.3789
vn -0.9433 0.3299 0.0367
vn -0.9290 0.3463 -0.1301
vn 0.1328 0.5270 -0.8394
vn 0.5400 0.1654 -0.8253
vn 0.9900 -0.1407 -0.0053
vn 0.9751 -0.2220 -0.0031
vn -0.7787 -0.2687 0.5670
vn -0.3148 -0.1306 0.9401
vn -0.9321 0.0703 0.3552
vn -0.9847 0.1493 0.0902
vn 0.9932 0.0630 0.0979
vn -0.9996 0.0279 -0.0005
vn -0.9973 0.0735 -0.0000
vn -0.9973 0.0738 -0.0006
vn -0.9997 0.0230 -0.0005
vn -0.9991 -0.0416 -0.0005
vn -0.9976 -0.0698 0.0015
vn -0.9962 -0.0875 0.0015
vn -0.9686 -0.2485 -0.0024
vn -0.9708 -0.2399 -0.0015
vn -0.9916 0.1294 -0.0005
vn -0.9907 0.1363 -0.0005
vn -0.9973 0.0738 -0.0004
vn -0.9741 0.2261 0.0015
vn -0.9834 0.1816 -0.0000
vn -0.0002 -1.0000 -0.0004
vn 0.9916 0.1295 -0.0005
vn 0.9907 0.1363 -0.0005
vn 0.9973 0.0738 -0.0005
vn 0.9973 0.0735 -0.0000
vn 0.9767 0.2144 -0.0005
vn 0.9834 0.1816 -0.0000
vn 0.9767 0.2145 -0.0005
vn 0.9655 0.2602 -0.0005
vn 0.9565 0.2917 -0.0005
vn 0.0005 0.7007 0.7134
vn 0.0005 0.4307 0.9025
vn 0.0005 0.1077 -0.9942
vn 0.0005 0.1255 -0.9921
vn 0.0005 0.1254 -0.9921
vn 0.0005 0.1078 -0.9942
vn -0.0005 0.3009 -0.9537
vn -0.0005 0.3018 -0.9534
vn 0.0005 0.2201 -0.9755
vn -0.0000 0.2198 -0.9755
vn 0.0005 0.1341 -0.9910
vn 0.0004 0.1343 -0.9909
vn 0.0004 0.0874 -0.9962
vn 0.0001 0.0879 -0.9961
vn -0.0000 0.4226 -0.9063
vn -0.0005 0.3831 -0.9237
vn -0.0004 0.3832 -0.9237
vn -0.0005 0.3009 -0.9536
vn 0.0003 0.4227 0.9063
vn -0.0000 0.4941 0.8694
vn -0.0000 0.4226 0.9063
vn -0.0000 0.5736 0.8191
vn 0.0005 0.6624 0.7491
vn 0.0005 0.7010 0.7132
vn 0.0005 0.6627 0.7489
vn -0.0000 0.9914 0.1305
vn -0.7750 -0.6267 0.0822
vn -0.7738 -0.6238 0.1100
vn -0.7978 -0.5938 0.1047
vn -0.8082 -0.5838 0.0773
vn 0.7739 -0.6236 0.1105
vn 0.7749 -0.6267 0.0822
vn 0.7978 -0.5938 0.1047
vn 0.8082 -0.5838 0.0773
vn 0.7978 -0.5938 0.1046
vn 0.8657 -0.4930 0.0870
vn 0.8747 -0.4805 0.0627
vn 0.9064 -0.4159 0.0734
vn 0.8748 -0.4805 0.0627
vn 0.9064 -0.4188 0.0548
vn -0.8748 -0.4805 0.0627
vn -0.9064 -0.4159 0.0734
vn -0.9064 -0.4188 0.0549
vn -0.8657 -0.4930 0.0871
vn 0.8744 -0.4843 0.0314
vn 0.8078 -0.5893 0.0129
vn 0.8743 -0.4852 0.0110
vn 0.8081 -0.5877 0.0392
vn 0.7750 -0.6306 0.0412
vn 0.7751 -0.6317 0.0139
vn 0.8744 -0.4852 0.0110
vn 0.8742 -0.4851 -0.0212
vn 0.9065 -0.4218 -0.0183
vn 0.9063 -0.4224 0.0092
vn 0.8744 -0.4842 0.0314
vn 0.8080 -0.5886 -0.0261
vn 0.7758 -0.6304 -0.0271
vn 0.7749 -0.6297 -0.0551
vn 0.8079 -0.5870 -0.0514
vn 0.8744 -0.4833 -0.0427
vn 0.9063 -0.4210 -0.0368
vn 0.9063 -0.4216 0.0276
vn 0.8082 -0.5877 0.0393
vn 0.8744 -0.4842 0.0315
vn 0.8081 -0.5877 0.0393
vn -0.7750 -0.6306 0.0412
vn -0.8078 -0.5893 0.0129
vn -0.7753 -0.6315 0.0137
vn -0.8081 -0.5877 0.0392
vn -0.8744 -0.4842 0.0314
vn -0.8743 -0.4852 0.0110
vn -0.8744 -0.4842 0.0315
vn -0.9063 -0.4226 0.0090
vn -0.8744 -0.4852 0.0110
vn -0.9063 -0.4216 0.0276
vn -0.9064 -0.4188 0.0548
vn -0.8747 -0.4805 0.0627
vn -0.8082 -0.5876 0.0393
vn -0.8082 -0.5877 0.0393
vn -0.7750 -0.6267 0.0821
vn -0.8656 -0.4930 0.0870
vn -0.7978 -0.5938 0.1046
vn -0.9065 -0.4218 -0.0183
vn -0.8744 -0.4851 0.0110
vn -0.8745 -0.4832 -0.0428
vn -0.8742 -0.4851 -0.0212
vn -0.9063 -0.4210 -0.0368
vn -0.8077 -0.5890 -0.0260
vn -0.8079 -0.5870 -0.0514
vn -0.7749 -0.6297 -0.0551
vn -0.7757 -0.6305 -0.0271
vn -0.9954 -0.0951 0.0090
vn -0.9933 -0.1146 0.0178
vn -0.9983 -0.0590 0.0002
vn 0.9933 -0.1145 0.0178
vn 0.9954 -0.0951 0.0090
vn 0.9983 -0.0590 0.0002
vn -0.9982 -0.0592 -0.0000
vn -0.9952 -0.0980 -0.0066
vn -0.9953 -0.0970 -0.0027
vn 0.9917 -0.1281 -0.0115
vn 0.9954 -0.0951 -0.0066
vn 0.9953 -0.0970 -0.0027
vn -0.9914 -0.1285 0.0227
vn -0.9915 -0.1293 0.0170
vn -0.9915 -0.1282 0.0227
vn -0.9954 -0.0957 0.0044
vn -0.9914 -0.1302 0.0085
vn -0.9954 -0.0958 0.0015
vn -0.9914 -0.1305 0.0028
vn -0.9953 -0.0972 -0.0028
vn -0.9915 -0.1303 -0.0057
vn -0.9914 -0.1300 -0.0114
vn -0.9915 -0.1299 -0.0114
vn -0.9982 -0.0593 -0.0000
vn -0.9983 -0.0588 0.0004
vn 0.9914 -0.1285 0.0227
vn 0.9915 -0.1292 0.0169
vn 0.9933 -0.1146 0.0178
vn 0.9954 -0.0957 0.0044
vn 0.9915 -0.1292 0.0168
vn 0.9954 -0.0958 0.0015
vn 0.9982 -0.0592 -0.0000
vn 0.9955 -0.0951 -0.0066
vn 0.9914 -0.1305 0.0028
vn 0.9915 -0.1302 -0.0056
vn 0.9917 -0.1284 -0.0115
vn 0.9914 -0.1300 -0.0114
vn 0.9915 -0.1299 -0.0114
vn 0.9915 -0.1302 0.0079
vn 0.9915 -0.1302 0.0082
vn 0.0008 -0.9915 -0.1305
vn 0.0003 -0.9914 -0.1306
vn 0.0010 -0.9914 -0.1305
vn -0.0000 -0.9914 -0.1305
vn -0.0002 -0.0503 0.9987
vn -0.0002 -0.0493 0.9988
vn -0.0002 -0.0004 1.0000
vn -0.0002 -0.1830 0.9831
vn -0.0002 -0.0494 0.9988
vn -0.0002 0.9660 -0.2585
vn -0.0000 0.9660 -0.2587
vn -0.0003 0.9660 -0.2584
vn -0.0004 0.9661 -0.2583
vn -0.0002 -0.1735 -0.9848
vn -0.0002 -0.0904 -0.9959
vn -0.0000 -0.1739 -0.9848
vn -0.0002 -0.1324 -0.9912
vn -0.0003 -0.1734 -0.9848
vn -0.0004 -0.1734 -0.9849
vn -0.0002 -0.0004 -1.0000
vn -0.0002 -0.0015 -1.0000
vn -0.0002 -0.0014 -1.0000
vn -0.0000 -0.1833 0.9831
vn -0.0002 -0.1832 0.9831
vn -0.0000 -0.2587 0.9659
vn -0.0002 -0.2585 0.9660
vn -0.0000 -0.3455 0.9384
vn -0.0000 -0.4223 0.9065
vn -0.0002 -0.0484 -0.9988
vn 0.0125 0.9983 0.0562
vn 0.0066 0.9800 0.1987
vn 0.0066 0.9798 0.1998
vn -0.0002 -0.0483 -0.9988
vn -0.0002 0.0747 -0.9972
vn -0.0002 -0.0903 -0.9959
vn 0.0066 0.9801 0.1986
vn 0.9535 -0.3015 -0.0005
vn 0.9686 -0.2488 -0.0024
vn 0.9477 -0.3193 -0.0024
vn 0.9708 -0.2399 -0.0015
vn -0.9535 -0.3013 -0.0005
vn -0.9477 -0.3191 -0.0024
vn -0.9685 -0.2489 -0.0024
vn -0.9708 -0.2400 -0.0015
vn -0.9478 -0.3189 -0.0024
vn -0.9636 -0.2672 0.0034
vn -0.0000 0.1741 -0.9847
vn -0.0002 0.0748 -0.9972
vn 0.9477 -0.3191 -0.0024
vn 0.9637 -0.2671 0.0034
vn -0.0002 0.0454 0.9990
vn 0.9729 -0.2311 0.0034
vn 0.9535 -0.3014 -0.0005
vn 0.9732 -0.2301 0.0034
vn -0.9730 -0.2310 0.0034
vn -0.9732 -0.2300 0.0034
vn 0.9655 0.2604 -0.0005
vn 0.9564 0.2919 -0.0005
vn 0.8723 0.4890 -0.0005
vn 0.9347 0.3553 0.0005
vn -0.0002 0.0874 0.9962
vn -0.0002 0.0455 0.9990
vn -0.0003 0.0876 0.9962
vn -0.0002 0.1196 0.9928
vn -0.0002 0.0875 0.9962
vn 0.9833 -0.1822 0.0024
vn 0.9836 -0.1803 0.0024
vn -0.0002 0.1197 0.9928
vn -0.0000 0.1734 0.9848
vn -0.0000 0.1734 0.9849
vn -0.8966 0.4428 0.0015
vn -0.9528 0.3036 0.0025
vn -0.9608 0.2772 0.0034
vn -0.9433 0.3320 0.0015
vn -0.0000 0.1737 -0.9848
vn -0.0002 0.2389 -0.9710
vn -0.0003 0.1735 -0.9848
vn -0.9794 -0.2018 0.0005
vn -0.9825 -0.1862 0.0005
vn -0.9937 -0.1120 -0.0005
vn -0.9836 -0.1802 0.0024
vn -0.9860 -0.1666 0.0015
vn -0.9833 -0.1822 0.0024
vn -0.9818 -0.1900 0.0005
vn -0.9820 -0.1891 0.0005
vn 0.9687 -0.2484 -0.0025
vn 0.9708 -0.2398 -0.0015
vn 0.9962 -0.0874 0.0015
vn -0.0000 0.1737 0.9848
vn -0.0003 0.1735 0.9848
vn -0.0002 0.2124 0.9772
vn -0.0005 0.1735 0.9848
vn -0.0000 0.1735 0.9848
vn -0.9818 -0.1899 0.0005
vn -0.9820 -0.1890 0.0005
vn -0.9859 -0.1676 0.0015
vn -0.9860 -0.1667 0.0015
vn 0.9976 -0.0699 0.0015
vn 0.9687 -0.2484 -0.0024
vn 0.9859 -0.1676 0.0015
vn 0.9857 -0.1685 0.0015
vn -0.9859 -0.1675 0.0015
vn 0.9833 -0.1821 0.0024
vn 0.9818 -0.1900 0.0005
vn 0.9858 -0.1677 0.0015
vn 0.9818 -0.1901 0.0005
vn 0.9794 -0.2017 0.0005
vn 0.9825 -0.1861 0.0005
vn 0.9937 -0.1119 -0.0003
vn 0.9982 -0.0592 -0.0003
vn 0.9836 -0.1802 0.0024
vn 0.9991 -0.0415 -0.0005
vn 0.9976 -0.0697 0.0015
vn 0.9997 0.0230 -0.0005
vn 0.9996 0.0278 -0.0005
vn -0.9609 0.2770 0.0034
vn -0.9741 0.2262 0.0015
vn -0.9529 0.3034 0.0024
vn 0.9996 0.0279 -0.0005
vn 0.9973 0.0736 -0.0003
vn 0.0005 0.0611 -0.9981
vn -0.9937 -0.1118 -0.0005
vn -0.9825 -0.1860 0.0005
vn -0.9983 -0.0591 -0.0005
vn -0.0002 0.3424 0.9396
vn -0.0002 0.3777 0.9259
vn -0.0001 0.4226 -0.9063
vn -0.0000 0.4227 -0.9063
vn -0.0000 0.3418 0.9398
vn -0.0001 0.3422 0.9396
vn 0.0017 0.4215 0.9068
vn 0.0017 0.4214 0.9069
vn 0.0027 0.4194 0.9078
vn 0.0028 0.4195 0.9077
vn 0.0027 0.4195 0.9078
vn -0.0002 0.2965 0.9550
vn -0.0002 0.2593 0.9658
vn -0.0002 0.2594 0.9658
vn -0.0000 0.2600 0.9656
vn -0.0002 0.2390 -0.9710
vn -0.0002 0.3688 -0.9295
vn -0.0002 0.3687 -0.9295
vn -0.0002 0.2391 -0.9710
vn -0.0000 0.3426 0.9395
vn -0.0000 0.4228 -0.9062
vn -0.8967 0.4427 0.0015
vn -0.9991 0.0435 0.0005
vn -0.9434 0.3316 0.0015
vn 0.9991 0.0425 0.0005
vn 0.9349 0.3550 0.0005
vn -0.0002 1.0000 -0.0004
vn -0.0002 1.0000 -0.0005
vn -0.0002 0.3159 -0.9488
vn -0.0012 0.1939 -0.9810
vn -0.0012 0.1920 -0.9814
vn -0.0002 0.3160 -0.9488
vn -0.0000 0.3824 -0.9240
vn -0.0000 0.4848 -0.8746
vn -0.0000 0.6537 -0.7567
vn -0.0000 0.7071 -0.7071
vn -0.0012 0.0650 -0.9979
vn -0.0012 0.1938 -0.9810
vn -0.0002 0.0885 0.9961
vn -0.0000 0.3242 0.9460
vn -0.0000 0.5935 0.8048
vn -0.0000 0.7809 0.6247
vn -0.0000 0.8974 0.4412
vn 0.0066 0.9800 0.1988
vn 0.0066 0.9798 0.1999
vn -0.0012 0.0649 -0.9979
vn -0.9703 0.2418 -0.0004
vn -0.9704 0.2417 -0.0006
vn -0.9806 0.1960 -0.0005
vn -0.9703 0.2417 -0.0006
vn -0.9703 0.2418 -0.0005
vn -0.9828 0.1844 -0.0000
vn -0.9888 0.1491 -0.0000
vn -0.9957 0.0924 -0.0005
vn -0.9964 0.0845 -0.0005
vn 0.9958 0.0914 -0.0005
vn 0.9890 0.1479 -0.0005
vn 0.9808 0.1949 -0.0005
vn 0.9966 0.0826 -0.0005
vn 0.9702 0.2421 -0.0000
vn 0.9703 0.2421 -0.0000
vn 0.9808 0.1950 -0.0005
vn 0.9703 0.2420 -0.0003
vn 0.9829 0.1843 -0.0000
vn 0.9994 0.0348 0.0003
vn 0.9994 0.0351 0.0001
vn 0.9349 0.3550 0.0003
vn 0.9994 0.0359 0.0005
vn 0.9994 0.0349 0.0005
vn 0.9994 0.0357 0.0005
vn -0.9434 0.3316 0.0014
vn -0.9994 0.0349 0.0005
vn -0.9994 0.0346 0.0005
vn -0.9994 0.0357 0.0005
vn -0.9994 0.0352 0.0005
vn -0.9957 0.0923 -0.0005
vn -0.9994 0.0345 -0.0000
vn -0.0002 0.0884 0.9961
vn 0.0005 1.0000 0.0091
vn 0.0002 1.0000 0.0091
vn 0.0004 1.0000 0.0093
vn 0.0004 1.0000 0.0089
vn 0.0006 1.0000 0.0092
vn 0.0004 1.0000 0.0090
vn 0.0006 1.0000 0.0091
vn 0.0003 1.0000 0.0089
vn 0.0005 1.0000 0.0090
vn -0.3357 0.7837 0.5226
vn -0.1541 0.8557 0.4940
vn -0.1848 0.8499 0.4935
vn -0.3451 0.7845 0.5152
vn 0.1541 0.8557 0.4939
vn 0.1847 0.8499 0.4935
vn 0.3358 0.7837 0.5226
vn 0.3451 0.7845 0.5153
vn -0.1848 0.8592 -0.4772
vn -0.3357 0.7935 -0.5076
vn -0.3451 0.7941 -0.5002
vn -0.1541 0.8650 -0.4775
vn 0.1847 0.8591 -0.4772
vn 0.1541 0.8650 -0.4776
vn 0.3358 0.7935 -0.5076
vn 0.3451 0.7942 -0.5002
vn -0.3650 0.7219 0.5879
vn -0.1613 0.7642 0.6245
vn -0.2034 0.8741 0.4411
vn 0.1611 0.7640 0.6247
vn -0.4323 0.8826 0.1847
vn 0.2170 0.8696 0.4435
vn 0.3650 0.7219 0.5879
vn 0.4323 0.8826 0.1847
vn 0.2651 0.9333 0.2423
vn 0.4986 0.8386 0.2194
vn -0.2589 0.9361 0.2382
vn -0.4985 0.8386 0.2194
vn 0.4893 0.7651 0.4187
vn -0.4893 0.7651 0.4187
vn 0.2497 0.9232 0.2921
vn 0.4087 0.7866 0.4629
vn 0.2224 0.9250 0.3081
vn -0.2223 0.9250 0.3080
vn -0.2499 0.9230 0.2925
vn -0.4087 0.7866 0.4629
vn -0.4323 0.8860 -0.1678
vn -0.2034 0.8824 -0.4243
vn -0.3650 0.7330 -0.5740
vn -0.1613 0.7759 -0.6098
vn 0.1611 0.7758 -0.6101
vn -0.2650 0.9377 -0.2245
vn -0.4985 0.8427 -0.2034
vn 0.2276 0.8728 -0.4317
vn 0.3650 0.7330 -0.5740
vn 0.4323 0.8860 -0.1678
vn 0.2651 0.9377 -0.2245
vn 0.4986 0.8426 -0.2034
vn -0.4893 0.7729 -0.4040
vn 0.4893 0.7729 -0.4040
vn 0.2510 0.9284 -0.2741
vn 0.4087 0.7952 -0.4479
vn 0.2223 0.9307 -0.2903
vn -0.2520 0.9283 -0.2735
vn -0.2224 0.9307 -0.2905
vn -0.4087 0.7952 -0.4479
vn 0.4438 0.8726 -0.2039
vn 0.5953 0.3288 -0.7332
vn 0.8161 0.3617 -0.4507
vn 0.8637 -0.0241 -0.5034
vn 0.6240 -0.0067 -0.7814
vn 0.4403 0.8978 0.0081
vn 0.4555 0.8818 -0.1223
vn 0.4554 0.8793 0.1391
vn 0.4538 0.8911 0.0085
vn 0.3661 0.2581 -0.8941
vn 0.3813 0.0084 -0.9244
vn 0.4223 0.7999 -0.4264
vn 0.1808 0.0094 -0.9835
vn 0.4287 0.8193 -0.3808
vn 0.1561 0.2833 -0.9463
vn 0.0005 0.0090 -1.0000
vn 0.2580 0.7296 -0.6334
vn 0.0709 0.7346 -0.6748
vn 0.0005 0.2910 -0.9567
vn -0.0047 0.7356 -0.6774
vn -0.1595 0.2861 -0.9448
vn -0.1808 0.0094 -0.9835
vn 0.1197 0.8543 -0.5059
vn -0.0709 0.7346 -0.6748
vn -0.3643 0.2579 -0.8948
vn -0.3813 0.0084 -0.9244
vn -0.1206 0.8536 -0.5068
vn -0.6240 -0.0067 -0.7814
vn -0.2580 0.7296 -0.6334
vn 0.2542 0.7136 0.6528
vn 0.3900 0.7004 0.5978
vn 0.4291 0.8110 0.3976
vn 0.4119 0.7910 0.4523
vn 0.6970 0.5588 0.4495
vn 0.7673 0.6224 0.1547
vn 0.9282 0.3396 0.1523
vn 0.7720 0.6356 0.0056
vn 0.1003 0.6152 0.7820
vn -0.1000 0.6156 0.7817
vn 0.0823 0.7606 0.6440
vn -0.0824 0.7606 0.6440
vn -0.2745 0.6412 0.7166
vn 0.2745 0.6412 0.7166
vn -0.0905 0.5144 0.8527
vn -0.2168 0.5105 0.8321
vn -0.3442 0.5921 0.7287
vn 0.0905 0.5144 0.8527
vn -0.1447 0.3934 0.9079
vn 0.2160 0.5126 0.8310
vn 0.3442 0.5921 0.7287
vn 0.1447 0.3934 0.9079
vn -0.2427 0.4567 0.8559
vn -0.1480 0.3507 0.9247
vn 0.2597 0.4519 0.8534
vn 0.1480 0.3507 0.9247
vn -0.3055 0.4852 0.8193
vn -0.5052 0.5594 0.6571
vn -0.1648 0.4475 0.8790
vn -0.3435 0.4712 0.8124
vn -0.5546 0.3904 0.7348
vn -0.2043 0.5009 0.8411
vn -0.4497 0.1332 0.8832
vn -0.3246 0.2576 0.9101
vn -0.1923 0.3874 0.9016
vn -0.3239 0.0097 0.9460
vn -0.2997 0.0226 0.9538
vn -0.2640 -0.0047 0.9645
vn -0.2347 -0.0465 0.9710
vn -0.2735 0.1330 0.9526
vn -0.2977 0.0860 0.9508
vn -0.2146 0.1762 0.9607
vn -0.2082 0.2160 0.9540
vn -0.1556 0.1322 0.9789
vn -0.1820 -0.0160 0.9832
vn -0.1425 -0.0882 0.9859
vn -0.2019 -0.2660 0.9426
vn -0.2045 -0.2641 0.9426
vn -0.3250 0.2752 -0.9048
vn -0.2997 0.0408 -0.9532
vn -0.1923 0.4045 -0.8941
vn -0.2043 0.5167 -0.8314
vn -0.3239 0.0277 -0.9457
vn -0.2640 0.0137 -0.9644
vn -0.2347 -0.0280 -0.9717
vn -0.4497 0.1500 -0.8805
vn -0.2733 0.1510 -0.9500
vn -0.2977 0.1041 -0.9490
vn -0.2146 0.1944 -0.9572
vn -0.2082 0.2341 -0.9497
vn -0.1555 0.1509 -0.9762
vn -0.1820 0.0027 -0.9833
vn -0.1426 -0.0695 -0.9873
vn -0.2019 -0.2481 -0.9475
vn -0.2045 -0.2461 -0.9474
vn -0.3401 0.4881 -0.8038
vn -0.5546 0.4043 -0.7273
vn -0.5052 0.5718 -0.6463
vn -0.1648 0.4642 -0.8703
vn -0.3067 0.4974 -0.8115
vn -0.3442 0.6059 -0.7173
vn -0.1480 0.3683 -0.9179
vn -0.2456 0.4727 -0.8463
vn -0.1447 0.4107 -0.9002
vn -0.2168 0.5261 -0.8223
vn -0.2745 0.6547 -0.7043
vn -0.0905 0.5306 -0.8428
vn -0.1027 0.6280 -0.7714
vn -0.0824 0.7727 -0.6294
vn 0.0905 0.5305 -0.8428
vn 0.0823 0.7727 -0.6294
vn 0.0986 0.6322 -0.7685
vn 0.2745 0.6547 -0.7043
vn 0.2160 0.5283 -0.8211
vn -0.1442 -0.0843 0.9860
vn -0.1408 0.1027 0.9847
vn -0.1617 -0.0490 0.9856
vn -0.1206 -0.0320 0.9922
vn -0.1486 0.1609 0.9757
vn -0.1406 0.2979 0.9442
vn -0.1361 0.2930 0.9464
vn -0.1408 0.1214 -0.9826
vn -0.1442 -0.0655 -0.9874
vn -0.1617 -0.0302 -0.9864
vn -0.1206 -0.0131 -0.9926
vn -0.1486 0.1794 -0.9725
vn -0.1406 0.3159 -0.9383
vn -0.1361 0.3109 -0.9406
vn 0.1206 -0.0320 0.9922
vn 0.1408 0.1027 0.9847
vn 0.1486 0.1609 0.9757
vn 0.1442 -0.0843 0.9860
vn 0.1617 -0.0490 0.9856
vn 0.1406 0.2979 0.9442
vn 0.1361 0.2930 0.9464
vn 0.1408 0.1214 -0.9826
vn 0.1206 -0.0131 -0.9926
vn 0.1486 0.1794 -0.9725
vn 0.1442 -0.0655 -0.9874
vn 0.1617 -0.0302 -0.9864
vn 0.1406 0.3158 -0.9383
vn 0.1361 0.3109 -0.9406
vn 0.1139 -0.0668 0.9912
vn -0.1139 -0.0668 0.9912
vn 0.0004 0.1162 0.9932
vn 0.0006 0.1162 0.9932
vn 0.0005 0.0835 0.9965
vn -0.0000 -0.0363 0.9993
vn 0.0003 -0.0363 0.9993
vn 0.0677 -0.2947 0.9532
vn 0.2867 -0.0873 0.9540
vn -0.0678 -0.2948 0.9531
vn 0.3157 -0.0844 0.9451
vn -0.2867 -0.0874 0.9540
vn 0.4103 -0.0977 0.9067
vn -0.3157 -0.0844 0.9451
vn 0.4406 -0.0917 0.8930
vn -0.4103 -0.0977 0.9067
vn 0.5573 0.0033 0.8303
vn -0.4406 -0.0917 0.8930
vn 0.6392 0.1039 0.7620
vn -0.5573 0.0033 0.8303
vn 0.6385 0.1623 0.7523
vn -0.6392 0.1039 0.7620
vn 0.7092 0.2716 0.6506
vn 0.7652 0.3252 0.5556
vn 0.7953 0.3716 0.4790
vn -0.6385 0.1623 0.7523
vn -0.7092 0.2716 0.6506
vn -0.7652 0.3252 0.5556
vn -0.7953 0.3716 0.4790
vn -0.1139 -0.0479 -0.9923
vn 0.1139 -0.0479 -0.9923
vn 0.0006 0.1352 -0.9908
vn 0.0006 0.1351 -0.9908
vn 0.0005 0.1024 -0.9947
vn 0.0007 0.1025 -0.9947
vn -0.0000 -0.0172 -0.9999
vn 0.0677 -0.2766 -0.9586
vn -0.0678 -0.2766 -0.9586
vn 0.2867 -0.0692 -0.9555
vn -0.2867 -0.0692 -0.9555
vn 0.3157 -0.0664 -0.9465
vn -0.3157 -0.0664 -0.9465
vn 0.4103 -0.0804 -0.9084
vn -0.4103 -0.0804 -0.9084
vn 0.4406 -0.0747 -0.8946
vn -0.4406 -0.0747 -0.8946
vn 0.5573 0.0191 -0.8301
vn -0.5573 0.0191 -0.8301
vn 0.6392 0.1184 -0.7599
vn -0.6392 0.1184 -0.7599
vn 0.6385 0.1766 -0.7491
vn -0.6385 0.1766 -0.7491
vn 0.7092 0.2839 -0.6453
vn 0.7652 0.3357 -0.5493
vn 0.7953 0.3806 -0.4718
vn -0.7092 0.2839 -0.6453
vn -0.7652 0.3357 -0.5493
vn -0.7953 0.3806 -0.4718
vn 0.1447 0.4107 -0.9002
vn 0.3442 0.6059 -0.7173
vn 0.2427 0.4729 -0.8470
vn 0.1480 0.3683 -0.9179
vn 0.3055 0.5007 -0.8099
vn 0.5052 0.5718 -0.6463
vn 0.1648 0.4642 -0.8703
vn 0.3435 0.4866 -0.8033
vn 0.5546 0.4043 -0.7273
vn 0.2043 0.5168 -0.8314
vn 0.4497 0.1500 -0.8805
vn 0.3246 0.2749 -0.9050
vn 0.1923 0.4045 -0.8941
vn 0.3239 0.0277 -0.9457
vn 0.2997 0.0408 -0.9532
vn 0.2640 0.0137 -0.9644
vn 0.2347 -0.0280 -0.9717
vn 0.2735 0.1511 -0.9499
vn 0.2977 0.1041 -0.9490
vn 0.2146 0.1945 -0.9571
vn 0.2082 0.2341 -0.9497
vn 0.1555 0.1509 -0.9762
vn 0.1820 0.0027 -0.9833
vn 0.1426 -0.0695 -0.9873
vn 0.2019 -0.2481 -0.9475
vn 0.2045 -0.2461 -0.9474
vn 0.1648 0.4475 0.8790
vn 0.3440 0.4711 0.8122
vn 0.2043 0.5009 0.8411
vn 0.3255 0.2583 0.9096
vn 0.1923 0.3874 0.9016
vn 0.2997 0.0226 0.9538
vn 0.3239 0.0097 0.9460
vn 0.4497 0.1332 0.8832
vn 0.2640 -0.0047 0.9645
vn 0.5546 0.3904 0.7348
vn 0.2347 -0.0465 0.9710
vn 0.2733 0.1329 0.9527
vn 0.2977 0.0860 0.9508
vn 0.2146 0.1762 0.9607
vn 0.2082 0.2160 0.9539
vn 0.1556 0.1322 0.9789
vn 0.1820 -0.0160 0.9832
vn 0.1425 -0.0883 0.9859
vn 0.2019 -0.2661 0.9426
vn 0.2045 -0.2641 0.9426
vn 0.5052 0.5595 0.6571
vn 0.3068 0.4819 0.8208
vn -0.1557 0.2649 0.9516
vn 0.0005 0.2728 0.9621
vn 0.0005 -0.0100 1.0000
vn -0.1808 -0.0093 0.9835
vn 0.1595 0.2681 0.9501
vn 0.1808 -0.0093 0.9835
vn 0.0005 0.7223 0.6916
vn -0.3661 0.2410 0.8988
vn -0.3813 -0.0092 0.9244
vn -0.6240 -0.0216 0.7812
vn 0.3643 0.2409 0.8996
vn 0.3813 -0.0092 0.9244
vn 0.6240 -0.0216 0.7812
vn 0.0535 0.7232 0.6886
vn 0.5950 0.3149 0.7394
vn 0.8637 -0.0337 0.5029
vn 0.8167 0.3535 0.4560
vn 1.0000 -0.0005 -0.0005
vn 0.1206 0.8438 0.5230
vn 0.4440 0.8683 0.2210
vn 0.8924 0.4513 0.0038
vn -0.4402 0.8979 0.0082
vn -0.4555 0.8793 0.1391
vn -0.4440 0.8684 0.2208
vn -0.4117 0.7911 0.4524
vn -0.4538 0.8911 0.0085
vn -0.4554 0.8818 -0.1224
vn -0.7720 0.6356 0.0056
vn -0.4287 0.8119 0.3963
vn -0.2580 0.7174 0.6472
vn -0.7673 0.6224 0.1547
vn -0.0535 0.7231 0.6886
vn -0.1197 0.8445 0.5221
vn -0.3812 0.7048 0.5983
vn -0.7000 0.5585 0.4450
vn -0.9277 0.3403 0.1537
vn -0.5917 0.5024 0.6305
vn -0.2360 0.5464 0.8036
vn -0.8778 0.2289 0.4208
vn -0.9396 0.3422 0.0028
vn -0.6699 0.3862 0.6341
vn -0.9054 0.0960 0.4134
vn -0.3344 0.4285 0.8394
vn -0.3926 0.3615 0.8457
vn -0.2147 0.3737 0.9024
vn -0.2228 0.4786 0.8493
vn -0.1027 0.2919 0.9509
vn -0.1841 0.4658 0.8655
vn -0.2049 0.5137 0.8332
vn -0.1776 0.3282 0.9278
vn -0.1768 0.2641 0.9482
vn -0.1640 0.1133 0.9799
vn -0.1406 0.1243 0.9822
vn -0.1594 0.1207 0.9798
vn -0.1629 0.0869 0.9828
vn -0.1268 0.0808 0.9886
vn -0.1285 0.0838 0.9882
vn -0.0847 0.3187 0.9441
vn -0.0824 0.6377 0.7659
vn -0.0150 0.4228 0.9061
vn 0.0150 0.4228 0.9061
vn 0.0810 0.6385 0.7653
vn 0.0847 0.3187 0.9441
vn 0.2371 0.5458 0.8037
vn 0.1027 0.2919 0.9509
vn 0.3422 0.4224 0.8393
vn 0.2147 0.3737 0.9024
vn 0.5917 0.5024 0.6305
vn 0.3926 0.3615 0.8457
vn 0.2228 0.4786 0.8493
vn 0.6699 0.3862 0.6341
vn 0.1841 0.4658 0.8655
vn 0.2049 0.5137 0.8332
vn 0.1776 0.3282 0.9278
vn 0.1768 0.2641 0.9482
vn 0.1640 0.1133 0.9799
vn 0.1406 0.1243 0.9822
vn 0.1594 0.1207 0.9798
vn 0.1629 0.0870 0.9828
vn 0.1268 0.0808 0.9886
vn 0.1285 0.0838 0.9882
vn 0.8778 0.2289 0.4208
vn 0.9054 0.0960 0.4134
vn 0.8997 0.3320 0.2833
vn 0.7360 0.6770 -0.0009
vn 0.8775 0.4348 0.2023
vn 0.9840 0.1524 0.0922
vn 0.9767 0.1862 0.1071
vn 0.8632 0.4538 0.2214
vn 0.9942 0.0665 -0.0845
vn 0.9818 0.1900 0.0014
vn 0.9945 0.1045 0.0005
vn 0.9942 0.0649 0.0857
vn 0.9396 0.3422 0.0028
vn 0.9841 0.1531 -0.0904
vn 0.9767 0.1882 -0.1035
vn 0.9281 0.3425 -0.1460
vn 0.8775 0.4385 -0.1939
vn 0.8632 0.4579 -0.2127
vn 0.9003 0.3366 -0.2761
vn 0.7360 0.6769 0.0138
vn 0.9054 0.1039 -0.4115
vn 0.8774 0.2370 -0.4172
vn 0.6699 0.3982 -0.6267
vn 0.6989 0.5672 -0.4357
vn 0.5821 0.5196 -0.6254
vn 0.3344 0.4444 -0.8311
vn 0.3926 0.3776 -0.8386
vn 0.2147 0.3908 -0.8951
vn 0.2228 0.4947 -0.8400
vn 0.1841 0.4822 -0.8565
vn 0.2049 0.5294 -0.8232
vn 0.1027 0.3100 -0.9452
vn 0.1776 0.3458 -0.9214
vn 0.1768 0.2821 -0.9430
vn 0.1640 0.1319 -0.9776
vn 0.1406 0.1430 -0.9797
vn 0.1594 0.1394 -0.9773
vn 0.1629 0.1056 -0.9810
vn 0.1268 0.0996 -0.9869
vn 0.1284 0.1026 -0.9864
vn 0.2365 0.5614 -0.7931
vn 0.0847 0.3366 -0.9378
vn 0.0823 0.6521 -0.7537
vn 0.0150 0.4400 -0.8979
vn 0.3842 0.7148 -0.5843
vn -0.0805 0.6533 -0.7528
vn -0.0150 0.4400 -0.8979
vn -0.0847 0.3366 -0.9378
vn 0.7673 0.6252 -0.1427
vn -0.2371 0.5610 -0.7931
vn -0.1027 0.3100 -0.9452
vn -0.3843 0.7148 -0.5843
vn -0.3422 0.4383 -0.8311
vn -0.2147 0.3908 -0.8951
vn -0.5917 0.5144 -0.6208
vn -0.4291 0.8185 -0.3820
vn -0.4119 0.7995 -0.4372
vn -0.3926 0.3776 -0.8386
vn -0.2228 0.4947 -0.8400
vn -0.6699 0.3982 -0.6267
vn -0.1840 0.4822 -0.8565
vn -0.2049 0.5294 -0.8232
vn -0.1776 0.3458 -0.9214
vn -0.1768 0.2821 -0.9430
vn -0.1640 0.1319 -0.9776
vn -0.1406 0.1430 -0.9797
vn -0.1594 0.1394 -0.9773
vn -0.1629 0.1057 -0.9810
vn -0.1268 0.0996 -0.9869
vn -0.1284 0.1025 -0.9864
vn -0.8778 0.2369 -0.4163
vn -0.9054 0.1039 -0.4115
vn -0.7001 0.5669 -0.4342
vn -0.8997 0.3374 -0.2769
vn -0.7360 0.6769 0.0138
vn -0.8775 0.4385 -0.1939
vn -0.9840 0.1542 -0.0892
vn -0.9277 0.3432 -0.1472
vn -0.9767 0.1882 -0.1035
vn -0.8632 0.4579 -0.2127
vn -0.9942 0.0649 0.0857
vn -0.7673 0.6252 -0.1428
vn -0.9818 0.1900 0.0013
vn -0.9945 0.1045 0.0005
vn -0.9942 0.0665 -0.0845
vn -0.9840 0.1517 0.0930
vn -0.9767 0.1862 0.1071
vn -0.8775 0.4348 0.2023
vn -0.8632 0.4538 0.2214
vn -0.8997 0.3320 0.2833
vn -0.7360 0.6770 -0.0009
vn -0.6808 0.1451 0.7180
vn -0.5060 0.1023 0.8565
vn -0.4808 0.1780 0.8586
vn -0.7025 0.0645 0.7087
vn -0.6523 0.2401 0.7189
vn -0.4523 0.2331 0.8609
vn -0.1954 0.1355 0.9713
vn -0.2198 0.1114 0.9692
vn -0.6808 0.1587 -0.7151
vn -0.5060 0.1186 -0.8544
vn -0.7025 0.0779 -0.7074
vn -0.4802 0.1951 -0.8552
vn -0.6523 0.2538 -0.7142
vn -0.4523 0.2495 -0.8563
vn -0.1955 0.1540 -0.9685
vn -0.2198 0.1298 -0.9669
vn 0.5060 0.1023 0.8565
vn 0.6808 0.1451 0.7180
vn 0.4802 0.1788 0.8587
vn 0.7025 0.0645 0.7087
vn 0.6523 0.2401 0.7189
vn 0.4523 0.2331 0.8609
vn 0.1954 0.1355 0.9713
vn 0.2198 0.1114 0.9692
vn 0.5060 0.1186 -0.8544
vn 0.6808 0.1587 -0.7151
vn 0.7025 0.0779 -0.7074
vn 0.4808 0.1943 -0.8550
vn 0.6523 0.2538 -0.7142
vn 0.4523 0.2495 -0.8563
vn 0.1955 0.1540 -0.9685
vn 0.2198 0.1298 -0.9669
vn -0.5569 -0.1485 0.8172
vn -0.3992 -0.0567 0.9151
vn -0.5674 0.1785 0.8038
vn -0.4323 -0.0409 0.9008
vn -0.5917 0.1474 0.7926
vn -0.4058 0.1637 0.8992
vn -0.4588 0.5952 0.6597
vn -0.3665 0.5036 0.7823
vn -0.3606 -0.7528 0.5506
vn -0.4234 -0.7496 0.5087
vn -0.4116 -0.7569 0.5076
vn -0.3596 -0.7627 0.5375
vn -0.4670 -0.8527 0.2341
vn -0.4343 -0.8997 0.0441
vn -0.4731 -0.8810 -0.0088
vn -0.4936 -0.8697 -0.0087
vn -0.4343 -0.8987 -0.0613
vn -0.4670 -0.8481 -0.2503
vn -0.4116 -0.7471 -0.5220
vn -0.4234 -0.7398 -0.5229
vn -0.3606 -0.7422 -0.5649
vn -0.3596 -0.7523 -0.5520
vn 0.3606 -0.7528 0.5506
vn 0.4234 -0.7496 0.5087
vn 0.3596 -0.7627 0.5375
vn 0.4116 -0.7569 0.5076
vn 0.4670 -0.8527 0.2341
vn 0.4343 -0.8997 0.0441
vn 0.4731 -0.8810 -0.0088
vn 0.4936 -0.8697 -0.0087
vn 0.4343 -0.8987 -0.0613
vn 0.4670 -0.8481 -0.2503
vn 0.4116 -0.7471 -0.5220
vn 0.4234 -0.7398 -0.5229
vn 0.3606 -0.7422 -0.5649
vn 0.3596 -0.7523 -0.5520
vn -0.2572 0.4785 0.8396
vn -0.4253 0.3464 0.8361
vn -0.1748 0.5147 0.8393
vn -0.4146 0.3508 0.8397
vn 0.2572 0.4785 0.8396
vn 0.1748 0.5147 0.8393
vn 0.4253 0.3464 0.8361
vn 0.4146 0.3508 0.8397
vn -0.9150 -0.3528 0.1956
vn -0.2616 -0.5012 0.8248
vn -0.3743 -0.2492 0.8932
vn -0.1054 -0.1584 0.9817
vn -0.0459 -0.3727 0.9268
vn -0.4936 0.0689 0.8670
vn -0.2110 0.0503 0.9762
vn -0.4393 0.2316 0.8680
vn -0.2032 0.1491 0.9677
vn -0.9586 0.0684 0.2766
vn -0.8571 0.2502 0.4503
vn -0.9863 0.0532 -0.1562
vn -0.9629 0.0946 0.2527
vn -0.8362 -0.3131 -0.4502
vn -0.6364 -0.5898 -0.4970
vn -0.7088 -0.6923 0.1355
vn -0.5307 -0.7312 -0.4286
vn -0.5065 -0.8590 0.0742
vn -0.3271 -0.9184 0.2225
vn -0.1775 -0.7104 0.6811
vn 0.0083 -0.6119 0.7909
vn -0.4253 0.3622 -0.8294
vn -0.1748 0.5306 -0.8294
vn -0.4146 0.3667 -0.8329
vn -0.2572 0.4944 -0.8303
vn 0.1748 0.5306 -0.8294
vn 0.2572 0.4944 -0.8303
vn 0.4253 0.3622 -0.8294
vn 0.4146 0.3667 -0.8329
vn -0.9150 -0.3491 -0.2022
vn -0.2650 -0.4772 -0.8379
vn -0.7088 -0.6895 -0.1487
vn -0.6365 -0.5992 0.4857
vn -0.5307 -0.7392 0.4146
vn -0.8362 -0.3217 0.4442
vn -0.5062 -0.8577 -0.0906
vn -0.3267 -0.9142 -0.2399
vn -0.1776 -0.6972 -0.6945
vn 0.0082 -0.5968 -0.8023
vn -0.0459 -0.3551 -0.9337
vn -0.1054 -0.1397 -0.9846
vn -0.3742 -0.2335 -0.8975
vn -0.4943 0.0848 -0.8652
vn -0.2110 0.0689 -0.9751
vn -0.9586 0.0737 -0.2752
vn -0.4393 0.2480 -0.8634
vn -0.2031 0.1675 -0.9647
vn -0.9863 0.0502 0.1572
vn -0.8571 0.2587 -0.4455
vn -0.9629 0.0994 -0.2508
vn 0.2616 -0.5013 0.8248
vn 0.9154 -0.3525 0.1943
vn 0.3760 -0.2436 0.8940
vn 0.1054 -0.1584 0.9817
vn 0.0459 -0.3727 0.9268
vn 0.4943 0.0683 0.8666
vn 0.2110 0.0503 0.9762
vn 0.4393 0.2316 0.8680
vn 0.2032 0.1491 0.9677
vn 0.9589 0.0660 0.2760
vn 0.8571 0.2502 0.4503
vn 0.9863 0.0532 -0.1562
vn 0.9629 0.0946 0.2526
vn 0.8362 -0.3131 -0.4502
vn 0.6365 -0.5898 -0.4970
vn 0.7071 -0.6934 0.1385
vn 0.5307 -0.7312 -0.4287
vn 0.5062 -0.8592 0.0743
vn 0.3270 -0.9184 0.2225
vn 0.1764 -0.7114 0.6802
vn -0.0083 -0.6119 0.7909
vn 0.9150 -0.3491 -0.2022
vn 0.2616 -0.4854 -0.8342
vn 0.3743 -0.2322 -0.8978
vn 0.1054 -0.1397 -0.9846
vn 0.4936 0.0854 -0.8655
vn 0.2110 0.0689 -0.9751
vn 0.0459 -0.3550 -0.9337
vn 0.4393 0.2480 -0.8634
vn 0.2031 0.1675 -0.9647
vn 0.9586 0.0737 -0.2752
vn 0.8571 0.2587 -0.4455
vn 0.9863 0.0502 0.1572
vn 0.9629 0.0994 -0.2508
vn 0.8362 -0.3217 0.4442
vn 0.6365 -0.5992 0.4857
vn 0.7088 -0.6895 -0.1487
vn 0.5307 -0.7392 0.4146
vn 0.5065 -0.8575 -0.0906
vn 0.3267 -0.9142 -0.2399
vn 0.1775 -0.6973 -0.6945
vn -0.0082 -0.5968 -0.8023
vn -0.9730 -0.0189 -0.2298
vn -0.7681 -0.0688 0.6366
vn -0.7097 0.0199 0.7042
vn -0.4003 -0.0599 0.9144
vn -0.4406 -0.0102 0.8976
vn -0.3017 -0.2524 0.9194
vn -0.9426 -0.1122 -0.3144
vn -0.6823 -0.3825 0.6231
vn -0.6852 -0.1326 -0.7161
vn -0.6791 -0.0810 -0.7296
vn -0.6161 -0.1130 -0.7795
vn -0.4919 -0.3452 -0.7993
vn -0.4121 -0.5699 0.7109
vn -0.2459 -0.4110 0.8779
vn -0.3142 -0.5450 0.7774
vn -0.8369 -0.4490 -0.3131
vn -0.6217 -0.7653 -0.1668
vn -0.3600 -0.6022 -0.7125
vn -0.3175 -0.6671 -0.6740
vn -0.9730 -0.0233 0.2294
vn -0.7681 -0.0569 -0.6378
vn -0.9426 -0.1175 0.3126
vn -0.6853 -0.1463 0.7135
vn -0.6791 -0.0950 0.7279
vn -0.6161 -0.1278 0.7772
vn -0.4920 -0.3603 0.7925
vn -0.7097 0.0333 -0.7037
vn -0.4004 -0.0425 -0.9154
vn -0.4406 0.0069 -0.8977
vn -0.3017 -0.2349 -0.9240
vn -0.6854 -0.3662 -0.6294
vn -0.8430 -0.4404 0.3087
vn -0.4065 -0.5596 -0.7222
vn -0.2457 -0.3942 -0.8856
vn -0.3142 -0.5300 -0.7876
vn -0.6218 -0.7683 0.1522
vn -0.3600 -0.6157 0.7009
vn -0.3175 -0.6798 0.6611
vn 0.7681 -0.0689 0.6366
vn 0.9730 -0.0189 -0.2298
vn 0.7097 0.0200 0.7042
vn 0.4003 -0.0599 0.9144
vn 0.4406 -0.0102 0.8976
vn 0.3017 -0.2524 0.9194
vn 0.9426 -0.1115 -0.3148
vn 0.6853 -0.3781 0.6223
vn 0.6791 -0.0810 -0.7296
vn 0.6852 -0.1326 -0.7161
vn 0.6161 -0.1130 -0.7795
vn 0.4919 -0.3452 -0.7993
vn 0.4065 -0.5732 0.7115
vn 0.2458 -0.4110 0.8779
vn 0.3142 -0.5450 0.7774
vn 0.8389 -0.4446 -0.3138
vn 0.6217 -0.7653 -0.1668
vn 0.3600 -0.6022 -0.7125
vn 0.3175 -0.6670 -0.6740
vn 0.9730 -0.0233 0.2294
vn 0.7681 -0.0567 -0.6378
vn 0.7097 0.0333 -0.7037
vn 0.4004 -0.0425 -0.9154
vn 0.4406 0.0068 -0.8977
vn 0.3017 -0.2349 -0.9240
vn 0.9426 -0.1182 0.3122
vn 0.6823 -0.3705 -0.6302
vn 0.6790 -0.0950 0.7279
vn 0.6852 -0.1464 0.7135
vn 0.6161 -0.1278 0.7772
vn 0.4920 -0.3603 0.7925
vn 0.4121 -0.5562 -0.7217
vn 0.2457 -0.3942 -0.8856
vn 0.3142 -0.5300 -0.7876
vn 0.8369 -0.4549 0.3045
vn 0.6218 -0.7683 0.1522
vn 0.3600 -0.6157 0.7010
vn 0.3175 -0.6798 0.6611
vn -0.9263 -0.3635 0.0989
vn -0.7624 -0.5225 -0.3817
vn -0.7363 -0.6731 0.0693
vn -0.6862 -0.6275 -0.3680
vn -0.9404 -0.1133 -0.3207
vn -0.5273 -0.4127 0.7428
vn -0.9459 -0.0574 0.3193
vn -0.6374 -0.2668 0.7229
vn -0.4668 -0.2002 0.8614
vn -0.6718 -0.0993 0.7340
vn -0.4620 -0.1775 0.8689
vn -0.7624 -0.5297 0.3717
vn -0.7362 -0.6718 -0.0824
vn -0.6862 -0.6343 0.3560
vn -0.9257 -0.3628 -0.1070
vn -0.9404 -0.1193 0.3185
vn -0.5273 -0.3985 -0.7505
vn -0.9459 -0.0514 -0.3203
vn -0.6393 -0.2519 -0.7265
vn -0.4668 -0.1838 -0.8651
vn -0.6718 -0.0853 -0.7358
vn -0.4620 -0.1610 -0.8722
vn 0.7624 -0.5225 -0.3817
vn 0.9257 -0.3648 0.1000
vn 0.7362 -0.6732 0.0696
vn 0.6862 -0.6275 -0.3680
vn 0.9404 -0.1133 -0.3207
vn 0.5273 -0.4126 0.7428
vn 0.9459 -0.0575 0.3193
vn 0.6393 -0.2657 0.7216
vn 0.4668 -0.2002 0.8614
vn 0.6718 -0.0993 0.7340
vn 0.4620 -0.1775 0.8689
vn 0.6862 -0.6344 0.3560
vn 0.7362 -0.6718 -0.0824
vn 0.7624 -0.5297 0.3717
vn 0.9263 -0.3615 -0.1058
vn 0.9404 -0.1193 0.3185
vn 0.5273 -0.3985 -0.7505
vn 0.9459 -0.0514 -0.3203
vn 0.6374 -0.2530 -0.7278
vn 0.4668 -0.1838 -0.8651
vn 0.6718 -0.0853 -0.7358
vn 0.4620 -0.1610 -0.8722
vn -0.5950 0.3289 -0.7333
vn -0.8637 -0.0241 -0.5034
vn -0.8167 0.3621 -0.4492
vn -1.0000 -0.0005 -0.0005
vn -0.4438 0.8726 -0.2039
vn -0.8924 0.4513 0.0038
vn -0.8167 0.3535 0.4561
vn -0.8637 -0.0337 0.5029
vn -0.5942 0.3153 0.7399
vn -0.9561 0.0285 0.2918
vn -0.9957 -0.0396 0.0840
vn -0.4748 0.1095 0.8733
vn -0.9877 -0.1131 -0.1080
vn -0.8886 -0.1059 -0.4463
vn -0.6556 -0.2689 -0.7056
vn -0.9274 -0.3605 -0.0996
vn -0.4537 -0.3997 -0.7965
vn -0.6672 -0.6620 -0.3415
vn -0.4049 -0.9058 0.1251
vn -0.3966 -0.6824 0.6140
vn -0.0472 -0.5186 0.8537
vn -0.1115 -0.2385 0.9647
vn -0.5190 -0.3297 0.7886
vn -0.5523 0.0038 0.8336
vn -0.2392 -0.0301 0.9705
vn -0.2328 0.0615 0.9706
vn -0.9957 -0.0377 -0.0848
vn -0.9561 0.0340 -0.2912
vn -0.4748 0.1261 -0.8710
vn -0.8886 -0.1144 0.4443
vn -0.9877 -0.1151 0.1058
vn -0.6556 -0.2823 0.7004
vn -0.9279 -0.3616 0.0914
vn -0.4537 -0.4149 0.7887
vn -0.6901 -0.6432 0.3318
vn -0.4049 -0.9032 -0.1423
vn -0.4037 -0.6661 -0.6271
vn -0.0472 -0.5022 -0.8634
vn -0.1115 -0.2201 -0.9691
vn -0.5140 -0.3226 -0.7948
vn -0.5463 0.0127 -0.8375
vn -0.2392 -0.0117 -0.9709
vn -0.2328 0.0799 -0.9692
vn 0.4748 0.1095 0.8733
vn 0.5523 0.0038 0.8336
vn 0.9957 -0.0396 0.0840
vn 0.2392 -0.0301 0.9705
vn 0.2328 0.0615 0.9706
vn 0.1115 -0.2385 0.9647
vn 0.9561 0.0285 0.2918
vn 0.5183 -0.3311 0.7885
vn 0.8886 -0.1059 -0.4464
vn 0.9877 -0.1131 -0.1080
vn 0.6556 -0.2689 -0.7056
vn 0.9279 -0.3598 -0.0982
vn 0.4537 -0.3997 -0.7965
vn 0.4007 -0.6797 0.6144
vn 0.0472 -0.5186 0.8537
vn 0.6905 -0.6363 -0.3441
vn 0.4049 -0.9058 0.1251
vn 0.9957 -0.0380 -0.0848
vn 0.4748 0.1261 -0.8710
vn 0.9561 0.0340 -0.2912
vn 0.8886 -0.1144 0.4442
vn 0.9877 -0.1151 0.1058
vn 0.6556 -0.2823 0.7004
vn 0.9274 -0.3624 0.0927
vn 0.4537 -0.4149 0.7887
vn 0.6672 -0.6684 0.3288
vn 0.4049 -0.9032 -0.1423
vn 0.3966 -0.6706 -0.6268
vn 0.0472 -0.5022 -0.8634
vn 0.1115 -0.2201 -0.9691
vn 0.5190 -0.3146 -0.7948
vn 0.5515 0.0185 -0.8340
vn 0.2392 -0.0117 -0.9709
vn 0.2328 0.0799 -0.9692
vn -0.5606 -0.7222 0.4052
vn -0.5203 -0.7010 0.4878
vn -0.5243 -0.6973 0.4888
vn -0.5611 -0.7242 0.4009
vn -0.3229 -0.5583 0.7642
vn -0.4083 -0.5957 0.6917
vn -0.2187 -0.4422 0.8699
vn -0.1895 -0.4513 0.8720
vn -0.5606 -0.7143 -0.4188
vn -0.5203 -0.6915 -0.5011
vn -0.5611 -0.7164 -0.4146
vn -0.5243 -0.6879 -0.5020
vn -0.3229 -0.5438 -0.7746
vn -0.4083 -0.5824 -0.7029
vn -0.2187 -0.4256 -0.8781
vn -0.1895 -0.4346 -0.8805
vn 0.5203 -0.7010 0.4878
vn 0.5606 -0.7222 0.4052
vn 0.5243 -0.6973 0.4888
vn 0.5611 -0.7242 0.4009
vn 0.3229 -0.5583 0.7642
vn 0.4083 -0.5957 0.6917
vn 0.2187 -0.4422 0.8699
vn 0.1895 -0.4513 0.8720
vn 0.5203 -0.6915 -0.5011
vn 0.5606 -0.7143 -0.4188
vn 0.5611 -0.7164 -0.4146
vn 0.5243 -0.6879 -0.5020
vn 0.3229 -0.5437 -0.7747
vn 0.4083 -0.5824 -0.7029
vn 0.2187 -0.4256 -0.8781
vn 0.1895 -0.4346 -0.8805
vn -0.3784 0.0595 0.9237
vn -0.5472 0.1422 0.8248
vn -0.1722 -0.2006 0.9644
vn -0.0431 -0.1101 0.9930
vn -0.2760 -0.2561 0.9264
vn -0.1487 0.1245 0.9810
vn -0.4677 0.2404 0.8506
vn -0.1871 0.2783 0.9421
vn -0.7220 0.2071 0.6601
vn -0.7160 0.4673 0.5186
vn -0.6502 0.6552 0.3846
vn -0.6287 0.1721 0.7583
vn -0.3635 -0.2992 0.8822
vn -0.8808 -0.0818 0.4664
vn -0.7360 -0.5582 0.3831
vn -0.7505 0.5074 0.4235
vn -0.7009 -0.7114 -0.0510
vn -0.9141 -0.3242 0.2436
vn -0.9019 0.1000 0.4202
vn -0.6745 -0.7335 0.0836
vn -0.8665 -0.3439 0.3618
vn -0.7075 0.2575 0.6582
vn -0.7507 -0.6372 0.1743
vn -0.8836 -0.1528 0.4427
vn -0.6576 0.5121 0.5526
vn -0.8092 -0.5855 -0.0486
vn -0.9586 0.0404 0.2819
vn -0.8534 -0.5183 -0.0560
vn -0.6586 0.6221 0.4235
vn -0.7931 0.4884 0.3639
vn -0.6591 0.6306 0.4097
vn -0.7160 0.4771 -0.5096
vn -0.7220 0.2196 -0.6561
vn -0.3799 0.0760 -0.9219
vn -0.4677 0.2565 -0.8458
vn -0.1487 0.1432 -0.9785
vn -0.1871 0.2962 -0.9366
vn -0.0431 -0.0913 -0.9949
vn -0.1722 -0.1822 -0.9681
vn -0.5572 0.1549 -0.8158
vn -0.6502 0.6624 -0.3721
vn -0.2760 -0.2384 -0.9311
vn -0.6260 0.1790 -0.7590
vn -0.3635 -0.2824 -0.8878
vn -0.8828 -0.0767 -0.4635
vn -0.7360 -0.5507 -0.3936
vn -0.7505 0.5154 -0.4137
vn -0.7009 -0.7122 0.0375
vn -0.9150 -0.3111 -0.2571
vn -0.9019 0.1080 -0.4182
vn -0.6745 -0.7318 -0.0975
vn -0.8663 -0.3374 -0.3684
vn -0.7074 0.2700 -0.6532
vn -0.7508 -0.6337 -0.1864
vn -0.8833 -0.1437 -0.4462
vn -0.6576 0.5225 -0.5428
vn -0.8092 -0.5864 0.0375
vn -0.9589 0.0454 -0.2802
vn -0.8535 -0.5190 0.0462
vn -0.6586 0.6300 -0.4115
vn -0.7931 0.4952 -0.3546
vn -0.6591 0.6383 -0.3977
vn 0.3849 0.0529 0.9214
vn 0.1722 -0.2006 0.9644
vn 0.5542 0.1399 0.8206
vn 0.0431 -0.1101 0.9930
vn 0.2760 -0.2561 0.9264
vn 0.1487 0.1245 0.9810
vn 0.4677 0.2403 0.8506
vn 0.1871 0.2783 0.9421
vn 0.7220 0.2071 0.6602
vn 0.7160 0.4673 0.5186
vn 0.6502 0.6552 0.3846
vn 0.6260 0.1646 0.7623
vn 0.3635 -0.2992 0.8822
vn 0.8828 -0.0855 0.4619
vn 0.7360 -0.5582 0.3831
vn 0.7505 0.5074 0.4235
vn 0.7009 -0.7114 -0.0510
vn 0.9150 -0.3159 0.2511
vn 0.9019 0.1000 0.4202
vn 0.6745 -0.7335 0.0836
vn 0.8663 -0.3443 0.3620
vn 0.7074 0.2575 0.6582
vn 0.7507 -0.6372 0.1743
vn 0.8833 -0.1522 0.4433
vn 0.6576 0.5121 0.5526
vn 0.8092 -0.5855 -0.0486
vn 0.9589 0.0400 0.2810
vn 0.8535 -0.5180 -0.0561
vn 0.6586 0.6221 0.4235
vn 0.7931 0.4884 0.3639
vn 0.6591 0.6306 0.4097
vn 0.7160 0.4771 -0.5096
vn 0.3836 0.0722 -0.9207
vn 0.7220 0.2196 -0.6561
vn 0.4677 0.2565 -0.8458
vn 0.1487 0.1432 -0.9785
vn 0.1871 0.2962 -0.9366
vn 0.0431 -0.0912 -0.9949
vn 0.1722 -0.1822 -0.9681
vn 0.5542 0.1555 -0.8177
vn 0.6502 0.6624 -0.3721
vn 0.2760 -0.2384 -0.9311
vn 0.6287 0.1865 -0.7549
vn 0.3635 -0.2824 -0.8878
vn 0.8808 -0.0729 -0.4679
vn 0.7360 -0.5507 -0.3936
vn 0.7505 0.5154 -0.4137
vn 0.7009 -0.7122 0.0375
vn 0.9141 -0.3195 -0.2497
vn 0.9019 0.1080 -0.4182
vn 0.6745 -0.7318 -0.0975
vn 0.8665 -0.3370 -0.3683
vn 0.7074 0.2700 -0.6532
vn 0.7508 -0.6337 -0.1864
vn 0.8836 -0.1444 -0.4455
vn 0.6576 0.5225 -0.5428
vn 0.8092 -0.5864 0.0375
vn 0.9586 0.0458 -0.2811
vn 0.8535 -0.5190 0.0462
vn 0.6586 0.6300 -0.4115
vn 0.7931 0.4952 -0.3546
vn 0.6591 0.6383 -0.3977
vn -0.1593 -0.3890 0.9073
vn -0.1482 -0.5032 0.8514
vn -0.1449 -0.4449 0.8838
vn -0.1615 -0.3896 0.9067
vn -0.2206 -0.6351 0.7402
vn -0.2737 -0.7540 0.5971
vn -0.2327 -0.8153 0.5302
vn -0.1667 -0.8994 0.4040
vn -0.2869 -0.8537 0.4346
vn -0.1450 -0.4280 -0.8921
vn -0.1593 -0.3717 -0.9146
vn -0.1615 -0.3723 -0.9140
vn -0.1482 -0.4868 -0.8608
vn -0.2207 -0.6209 -0.7522
vn -0.2737 -0.7425 -0.6113
vn -0.2327 -0.8051 -0.5456
vn -0.1667 -0.8916 -0.4211
vn -0.2869 -0.8453 -0.4508
vn 0.1593 -0.3890 0.9073
vn 0.1449 -0.4449 0.8838
vn 0.1482 -0.5032 0.8514
vn 0.1615 -0.3896 0.9067
vn 0.2207 -0.6351 0.7402
vn 0.2737 -0.7540 0.5971
vn 0.2327 -0.8153 0.5302
vn 0.1667 -0.8994 0.4040
vn 0.2869 -0.8537 0.4346
vn 0.1593 -0.3717 -0.9146
vn 0.1450 -0.4280 -0.8921
vn 0.1615 -0.3723 -0.9140
vn 0.1482 -0.4868 -0.8608
vn 0.2207 -0.6209 -0.7522
vn 0.2738 -0.7425 -0.6113
vn 0.2327 -0.8051 -0.5456
vn 0.1667 -0.8916 -0.4211
vn 0.2869 -0.8453 -0.4508
vn 0.0238 -0.6206 0.7837
vn 0.0143 -0.5904 0.8070
vn 0.0212 -0.6189 0.7852
vn -0.0027 -0.5268 0.8500
vn -0.0080 -0.4994 0.8663
vn -0.0066 -0.5012 0.8653
vn -0.7131 -0.4305 -0.5533
vn -0.9827 -0.1849 -0.0020
vn -0.8866 -0.0259 -0.4618
vn -0.9411 0.3382 0.0027
vn -0.8519 -0.5237 -0.0054
vn -0.8866 -0.0347 0.4612
vn -0.7131 -0.4410 0.5450
vn 0.0238 -0.6056 -0.7954
vn 0.0143 -0.5749 -0.8181
vn -0.0027 -0.5105 -0.8599
vn 0.0212 -0.6039 -0.7968
vn -0.0079 -0.4826 -0.8758
vn -0.0066 -0.4846 -0.8747
vn -0.0143 -0.5904 0.8070
vn -0.0238 -0.6206 0.7837
vn -0.0212 -0.6189 0.7852
vn 0.0026 -0.5268 0.8500
vn 0.0080 -0.4994 0.8663
vn 0.0066 -0.5012 0.8653
vn 0.9827 -0.1849 -0.0019
vn 0.7131 -0.4305 -0.5533
vn 0.8866 -0.0259 -0.4618
vn 0.8519 -0.5237 -0.0054
vn 0.9411 0.3382 0.0027
vn 0.7131 -0.4410 0.5450
vn 0.8866 -0.0347 0.4612
vn -0.0143 -0.5749 -0.8181
vn -0.0238 -0.6056 -0.7954
vn 0.0026 -0.5105 -0.8599
vn -0.0212 -0.6039 -0.7968
vn 0.0079 -0.4826 -0.8758
vn 0.0066 -0.4846 -0.8747
vn -0.7036 -0.2935 -0.6471
vn -0.5104 -0.1981 -0.8368
vn -0.4335 -0.1271 -0.8921
vn -0.6656 -0.3592 -0.6541
vn -0.5240 -0.2189 -0.8231
vn -0.7771 -0.3364 -0.5319
vn -0.5832 -0.5352 -0.6111
vn -0.4170 -0.1894 -0.8889
vn -0.4042 -0.1588 -0.9008
vn -0.6516 -0.3675 -0.6636
vn -0.4623 -0.4379 -0.7710
vn -0.5520 -0.7114 -0.4350
vn -0.5183 -0.6857 -0.5110
vn -0.6374 -0.5205 -0.5681
vn -0.9396 -0.3421 0.0068
vn -0.7977 -0.5741 -0.1846
vn -0.5720 -0.7564 -0.3174
vn -0.9806 -0.1958 -0.0028
vn -0.8234 -0.5674 -0.0065
vn -0.6745 -0.5980 -0.4330
vn -0.7940 -0.6079 -0.0063
vn -0.6745 -0.6061 0.4215
vn -0.5720 -0.7623 0.3029
vn -0.9366 -0.1219 0.3284
vn -0.7975 -0.5782 0.1723
vn -0.5183 -0.6953 0.4979
vn -0.9944 -0.1056 -0.0018
vn -0.9858 -0.1678 -0.0019
vn -0.9366 -0.1156 -0.3309
vn -0.9396 -0.3419 -0.0133
vn -0.6334 -0.5346 0.5594
vn -0.6517 -0.3800 0.6565
vn -0.4682 -0.4478 0.7618
vn -0.5520 -0.7196 0.4214
vn -0.5832 -0.5467 0.6008
vn -0.4126 -0.2092 0.8866
vn -0.4042 -0.1759 0.8976
vn -0.4335 -0.1441 0.8895
vn -0.5245 -0.2341 0.8186
vn -0.6656 -0.3716 0.6472
vn -0.5104 -0.2141 0.8328
vn -0.7036 -0.3058 0.6415
vn -0.7707 -0.3625 0.5240
vn -0.7117 -0.3182 0.6263
vn -0.7624 -0.3877 0.5182
vn -0.4216 -0.3927 0.8173
vn -0.6390 -0.2044 0.7415
vn -0.6021 -0.0276 0.7979
vn -0.4386 0.3064 0.8449
vn -0.5065 -0.2844 0.8140
vn -0.2757 -0.4600 0.8440
vn -0.5170 0.0234 0.8556
vn -0.3346 -0.3294 0.8829
vn -0.3631 -0.2284 0.9033
vn -0.4563 0.5695 0.6837
vn -0.4948 0.2380 0.8358
vn -0.5507 0.2540 0.7951
vn -0.5781 0.4661 0.6697
vn -0.7113 0.3455 0.6121
vn -0.7491 0.1218 0.6511
vn -0.6378 0.2559 0.7265
vn -0.8502 -0.0248 0.5259
vn -0.6152 -0.1303 0.7775
vn -0.7161 -0.1767 0.6752
vn -0.7876 -0.2284 0.5723
vn -0.5229 -0.1450 0.8400
vn -0.6409 -0.0779 0.7636
vn 0.5151 -0.1924 -0.8352
vn 0.7036 -0.2935 -0.6471
vn 0.4335 -0.1271 -0.8921
vn 0.5218 -0.2200 -0.8242
vn 0.6656 -0.3593 -0.6541
vn 0.7707 -0.3525 -0.5308
vn 0.5832 -0.5352 -0.6111
vn 0.4143 -0.1912 -0.8898
vn 0.4042 -0.1588 -0.9008
vn 0.6516 -0.3675 -0.6636
vn 0.4718 -0.4312 -0.7691
vn 0.5520 -0.7114 -0.4350
vn 0.5183 -0.6857 -0.5110
vn 0.6340 -0.5234 -0.5693
vn 0.9396 -0.3421 0.0068
vn 0.7977 -0.5740 -0.1846
vn 0.5720 -0.7564 -0.3174
vn 0.9806 -0.1958 -0.0025
vn 0.8238 -0.5669 0.0025
vn 0.6745 -0.5980 -0.4330
vn 0.7940 -0.6079 -0.0063
vn 0.6745 -0.6061 0.4215
vn 0.5720 -0.7623 0.3029
vn 0.9366 -0.1219 0.3284
vn 0.7972 -0.5788 0.1714
vn 0.5183 -0.6953 0.4979
vn 0.9944 -0.1057 -0.0015
vn 0.9858 -0.1678 -0.0019
vn 0.9366 -0.1156 -0.3308
vn 0.9396 -0.3419 -0.0133
vn 0.6338 -0.5343 0.5593
vn 0.6517 -0.3800 0.6565
vn 0.4665 -0.4490 0.7621
vn 0.5520 -0.7196 0.4214
vn 0.5832 -0.5467 0.6008
vn 0.4165 -0.2067 0.8853
vn 0.4042 -0.1759 0.8976
vn 0.4335 -0.1441 0.8895
vn 0.5216 -0.2357 0.8200
vn 0.6656 -0.3716 0.6472
vn 0.5155 -0.2077 0.8314
vn 0.7036 -0.3058 0.6415
vn 0.7772 -0.3464 0.5254
vn 0.7155 -0.3179 0.6221
vn 0.6410 -0.2016 0.7406
vn 0.7628 -0.3870 0.5181
vn 0.4216 -0.3927 0.8174
vn 0.6021 -0.0276 0.7979
vn 0.4367 0.3068 0.8457
vn 0.5087 -0.2851 0.8124
vn 0.2758 -0.4600 0.8440
vn 0.5170 0.0234 0.8556
vn 0.3586 -0.3183 0.8776
vn 0.3631 -0.2284 0.9033
vn 0.4562 0.5696 0.6837
vn 0.4940 0.2366 0.8367
vn 0.5507 0.2540 0.7951
vn 0.5787 0.4654 0.6698
vn 0.7113 0.3455 0.6121
vn 0.7497 0.1259 0.6497
vn 0.6378 0.2559 0.7265
vn 0.8502 -0.0248 0.5259
vn 0.6152 -0.1303 0.7775
vn 0.7153 -0.1773 0.6760
vn 0.7876 -0.2284 0.5723
vn 0.5229 -0.1450 0.8400
vn 0.6399 -0.0783 0.7645
vn -0.6866 -0.0357 0.7261
vn -0.6048 0.0303 0.7958
vn -0.4958 0.1138 0.8609
vn -0.4939 0.1131 0.8621
vn -0.9537 -0.1350 0.2687
vn -0.9271 -0.1527 0.3423
vn -0.9708 -0.1705 -0.1685
vn -0.9862 -0.1176 -0.1163
vn -0.4958 0.1301 -0.8586
vn -0.6048 0.0455 -0.7951
vn -0.6866 -0.0219 -0.7267
vn -0.4940 0.1293 -0.8598
vn -0.9537 -0.1299 -0.2712
vn -0.9271 -0.1462 -0.3452
vn -0.9708 -0.1737 0.1652
vn -0.9862 -0.1198 0.1140
vn 0.6048 0.0303 0.7958
vn 0.6866 -0.0357 0.7261
vn 0.4958 0.1138 0.8609
vn 0.4939 0.1131 0.8621
vn 0.9537 -0.1350 0.2687
vn 0.9271 -0.1527 0.3423
vn 0.9708 -0.1705 -0.1685
vn 0.9862 -0.1176 -0.1163
vn 0.6866 -0.0219 -0.7267
vn 0.6048 0.0455 -0.7951
vn 0.4958 0.1301 -0.8586
vn 0.4940 0.1293 -0.8598
vn 0.9537 -0.1299 -0.2712
vn 0.9271 -0.1462 -0.3452
vn 0.9708 -0.1737 0.1652
vn 0.9862 -0.1198 0.1140
vn -0.8245 -0.5302 0.1978
vn -0.6990 -0.6380 0.3230
vn -0.6504 -0.6866 0.3248
vn -0.6396 -0.6694 0.3779
vn -0.7340 -0.6752 -0.0730
vn -0.6273 -0.7083 0.3237
vn -0.5781 -0.7210 0.3820
vn -0.6481 -0.6751 0.3524
vn -0.5942 -0.5880 0.5488
vn -0.5587 -0.5436 0.6264
vn -0.5653 -0.4806 0.6704
vn -0.5147 -0.3232 0.7941
vn -0.5576 -0.2669 0.7861
vn -0.4726 -0.3949 0.7879
vn -0.3328 -0.3282 0.8841
vn -0.4856 -0.4531 0.7476
vn -0.5208 -0.5639 0.6409
vn -0.5126 0.0891 0.8540
vn -0.5775 -0.0121 0.8163
vn -0.4444 0.2662 0.8553
vn -0.5339 0.1725 0.8278
vn -0.1637 -0.3995 0.9020
vn -0.2178 -0.1358 0.9665
vn -0.3285 -0.7877 0.5212
vn -0.3671 -0.9296 0.0342
vn -0.3217 -0.9468 0.0072
vn -0.0463 -0.1082 0.9930
vn -0.0453 -0.3105 0.9495
vn -0.1995 -0.1704 0.9650
vn -0.1367 -0.1314 0.9819
vn -0.4601 -0.4512 0.7647
vn -0.6140 -0.5794 0.5360
vn -0.6927 -0.6655 0.2779
vn -0.6946 -0.6644 0.2759
vn -0.4289 0.0300 0.9028
vn -0.4611 0.1934 0.8660
vn -0.8019 0.2381 0.5480
vn -0.8757 0.0723 0.4774
vn -0.6017 -0.1033 0.7920
vn -0.9848 0.1683 -0.0440
vn -0.9412 0.0212 0.3371
vn -0.8245 -0.5263 -0.2078
vn -0.6899 -0.6413 -0.3359
vn -0.6396 -0.6621 -0.3905
vn -0.5781 -0.7136 -0.3957
vn -0.6273 -0.7020 -0.3372
vn -0.6481 -0.6683 -0.3651
vn -0.6534 -0.6790 -0.3347
vn -0.5921 -0.5790 -0.5605
vn -0.5587 -0.5315 -0.6367
vn -0.7340 -0.6765 0.0602
vn -0.5653 -0.4677 -0.6795
vn -0.5147 -0.3081 -0.8001
vn -0.5612 -0.2558 -0.7872
vn -0.3327 -0.3113 -0.8902
vn -0.4726 -0.3799 -0.7952
vn -0.4795 -0.4387 -0.7601
vn -0.5208 -0.5516 -0.6515
vn -0.5289 0.1184 -0.8404
vn -0.5835 -0.0127 -0.8120
vn -0.5459 -0.2378 -0.8034
vn -0.4444 0.2824 -0.8501
vn -0.3285 -0.7776 -0.5361
vn -0.3671 -0.9287 -0.0519
vn -0.3217 -0.9465 -0.0252
vn -0.1636 -0.3823 -0.9094
vn -0.0463 -0.0893 -0.9949
vn -0.0453 -0.2924 -0.9552
vn -0.1995 -0.1520 -0.9680
vn -0.1367 -0.1126 -0.9842
vn -0.4601 -0.4365 -0.7731
vn -0.6140 -0.5691 -0.5469
vn -0.6926 -0.6601 -0.2906
vn -0.6945 -0.6591 -0.2885
vn -0.2178 -0.1173 -0.9689
vn -0.4121 0.0264 -0.9107
vn -0.4611 0.2098 -0.8622
vn -0.8019 0.2485 -0.5433
vn -0.8773 0.0753 -0.4739
vn -0.6017 -0.0882 -0.7938
vn -0.9848 0.1674 0.0472
vn -0.9412 0.0276 -0.3366
vn 0.6955 -0.6415 0.3236
vn 0.8245 -0.5302 0.1978
vn 0.6534 -0.6853 0.3217
vn 0.6396 -0.6694 0.3779
vn 0.7340 -0.6752 -0.0730
vn 0.6273 -0.7083 0.3237
vn 0.5781 -0.7210 0.3820
vn 0.6481 -0.6751 0.3524
vn 0.5921 -0.5895 0.5494
vn 0.5587 -0.5436 0.6264
vn 0.5653 -0.4806 0.6704
vn 0.5147 -0.3232 0.7941
vn 0.5612 -0.2707 0.7822
vn 0.3327 -0.3282 0.8841
vn 0.4726 -0.3949 0.7879
vn 0.4795 -0.4531 0.7516
vn 0.5208 -0.5639 0.6409
vn 0.5289 0.1024 0.8425
vn 0.5835 -0.0281 0.8117
vn 0.5459 -0.2530 0.7987
vn 0.4444 0.2662 0.8554
vn 0.1637 -0.3995 0.9020
vn 0.2178 -0.1358 0.9665
vn 0.3285 -0.7877 0.5212
vn 0.3671 -0.9296 0.0342
vn 0.3217 -0.9468 0.0072
vn 0.0463 -0.1082 0.9930
vn 0.0453 -0.3105 0.9495
vn 0.1995 -0.1704 0.9650
vn 0.1367 -0.1314 0.9819
vn 0.4601 -0.4512 0.7647
vn 0.6140 -0.5794 0.5360
vn 0.6927 -0.6655 0.2779
vn 0.6946 -0.6644 0.2759
vn 0.4121 0.0091 0.9111
vn 0.4611 0.1934 0.8660
vn 0.8019 0.2381 0.5480
vn 0.8773 0.0663 0.4753
vn 0.6017 -0.1033 0.7920
vn 0.9848 0.1683 -0.0440
vn 0.9412 0.0212 0.3371
vn 0.6955 -0.6353 -0.3358
vn 0.8245 -0.5263 -0.2078
vn 0.6396 -0.6621 -0.3905
vn 0.5781 -0.7136 -0.3957
vn 0.6273 -0.7020 -0.3372
vn 0.6481 -0.6683 -0.3651
vn 0.6504 -0.6803 -0.3378
vn 0.5942 -0.5774 -0.5599
vn 0.5587 -0.5315 -0.6367
vn 0.7340 -0.6765 0.0602
vn 0.5653 -0.4677 -0.6795
vn 0.5147 -0.3081 -0.8001
vn 0.5576 -0.2519 -0.7910
vn 0.4726 -0.3799 -0.7952
vn 0.3327 -0.3113 -0.8902
vn 0.4856 -0.4388 -0.7561
vn 0.5208 -0.5516 -0.6515
vn 0.5126 0.1053 -0.8521
vn 0.5775 0.0034 -0.8164
vn 0.4444 0.2824 -0.8501
vn 0.5339 0.1882 -0.8244
vn 0.1636 -0.3823 -0.9094
vn 0.2178 -0.1173 -0.9689
vn 0.3285 -0.7776 -0.5361
vn 0.3671 -0.9287 -0.0519
vn 0.3217 -0.9465 -0.0252
vn 0.0463 -0.0893 -0.9949
vn 0.0453 -0.2924 -0.9552
vn 0.1995 -0.1520 -0.9680
vn 0.1367 -0.1126 -0.9842
vn 0.4601 -0.4365 -0.7731
vn 0.6140 -0.5691 -0.5469
vn 0.6926 -0.6601 -0.2906
vn 0.6945 -0.6591 -0.2885
vn 0.4289 0.0471 -0.9021
vn 0.4611 0.2098 -0.8622
vn 0.8019 0.2485 -0.5433
vn 0.8757 0.0814 -0.4759
vn 0.6017 -0.0882 -0.7938
vn 0.9848 0.1674 0.0472
vn 0.9412 0.0276 -0.3366
vn -0.8519 0.5235 -0.0122
vn -0.8660 0.3959 0.3056
vn -0.7629 0.5107 0.3964
vn -0.6458 0.2392 0.7251
vn -0.9419 0.3358 0.0031
vn -0.6279 0.3610 0.6895
vn -0.4402 0.2195 0.8706
vn -0.7298 0.6809 0.0603
vn -0.6864 0.6280 0.3667
vn -0.8222 0.5674 -0.0462
vn -0.6013 0.4852 0.6348
vn -0.3918 0.3025 0.8689
vn -0.4761 0.3061 0.8244
vn -0.3585 0.4207 0.8334
vn -0.4339 0.5055 0.7458
vn -0.4813 0.7152 0.5068
vn -0.9032 0.4112 0.1234
vn -0.8131 0.5548 0.1764
vn -0.9300 0.2847 0.2326
vn -0.8502 0.4419 0.2862
vn -0.8886 0.4035 0.2182
vn -0.8991 0.4368 0.0297
vn -0.7670 0.6279 0.1322
vn -0.9664 0.1872 -0.1762
vn -0.9044 0.4166 -0.0921
vn -0.7818 0.6230 -0.0256
vn -0.9693 -0.0743 -0.2343
vn -0.8013 0.5982 0.0052
vn -0.8949 0.4462 -0.0020
vn -0.9989 -0.0476 -0.0010
vn -0.9044 0.4148 0.1003
vn -0.7818 0.6224 0.0375
vn -0.7670 0.6303 -0.1202
vn -0.9693 -0.0787 0.2328
vn -0.9235 -0.3836 -0.0053
vn -0.8957 -0.2741 -0.3502
vn -0.8797 -0.3979 -0.2603
vn -0.9146 -0.4043 -0.0043
vn -0.8797 -0.4028 0.2527
vn -0.8957 -0.2807 0.3449
vn -0.9664 0.1838 0.1797
vn -0.8979 0.4398 -0.0202
vn -0.8886 0.4076 -0.2105
vn -0.8131 0.5581 -0.1658
vn -0.8473 0.4550 -0.2739
vn -0.9300 0.2891 -0.2272
vn -0.9031 0.4138 -0.1147
vn -0.8222 0.5664 0.0570
vn -0.9419 0.3358 0.0033
vn -0.8519 0.5232 0.0224
vn -0.7298 0.6820 -0.0474
vn -0.8660 0.4016 -0.2980
vn -0.7629 0.5182 -0.3867
vn -0.6864 0.6348 -0.3547
vn -0.6458 0.2530 -0.7204
vn -0.6279 0.3741 -0.6825
vn -0.6013 0.4971 -0.6255
vn -0.4402 0.2360 -0.8663
vn -0.3918 0.3190 -0.8630
vn -0.4753 0.3232 -0.8183
vn -0.3585 0.4365 -0.8252
vn -0.4339 0.5196 -0.7360
vn -0.4810 0.7249 -0.4931
vn 0.8660 0.3959 0.3056
vn 0.8517 0.5239 -0.0139
vn 0.7627 0.5123 0.3948
vn 0.9419 0.3358 0.0031
vn 0.6458 0.2392 0.7251
vn 0.7298 0.6809 0.0603
vn 0.8222 0.5674 -0.0462
vn 0.6864 0.6280 0.3667
vn 0.9032 0.4112 0.1234
vn 0.9300 0.2847 0.2326
vn 0.8131 0.5548 0.1764
vn 0.6279 0.3610 0.6895
vn 0.6013 0.4852 0.6348
vn 0.4402 0.2195 0.8706
vn 0.3918 0.3025 0.8689
vn 0.4753 0.3076 0.8243
vn 0.3585 0.4207 0.8334
vn 0.4339 0.5055 0.7458
vn 0.4813 0.7152 0.5068
vn 0.8494 0.4443 0.2850
vn 0.8886 0.4035 0.2182
vn 0.8989 0.4372 0.0295
vn 0.7670 0.6279 0.1322
vn 0.9664 0.1872 -0.1762
vn 0.9044 0.4166 -0.0917
vn 0.7818 0.6230 -0.0256
vn 0.9693 -0.0743 -0.2343
vn 0.8013 0.5982 0.0052
vn 0.8951 0.4459 0.0038
vn 0.9989 -0.0476 -0.0009
vn 0.9044 0.4148 0.1002
vn 0.7818 0.6224 0.0375
vn 0.7670 0.6303 -0.1202
vn 0.9693 -0.0787 0.2328
vn 0.9235 -0.3835 -0.0041
vn 0.8957 -0.2741 -0.3502
vn 0.9664 0.1838 0.1797
vn 0.8797 -0.3979 -0.2603
vn 0.8957 -0.2807 0.3449
vn 0.9146 -0.4043 -0.0043
vn 0.8797 -0.4028 0.2527
vn 0.8974 0.4407 -0.0198
vn 0.8886 0.4076 -0.2105
vn 0.8131 0.5581 -0.1658
vn 0.8493 0.4498 -0.2764
vn 0.9300 0.2891 -0.2272
vn 0.9031 0.4136 -0.1151
vn 0.8222 0.5664 0.0570
vn 0.9419 0.3358 0.0033
vn 0.8523 0.5227 0.0201
vn 0.7298 0.6820 -0.0474
vn 0.8659 0.4017 -0.2980
vn 0.7624 0.5213 -0.3833
vn 0.6864 0.6348 -0.3547
vn 0.6458 0.2530 -0.7204
vn 0.6308 0.3752 -0.6792
vn 0.6013 0.4971 -0.6255
vn 0.4402 0.2360 -0.8663
vn 0.3918 0.3190 -0.8630
vn 0.4761 0.3217 -0.8184
vn 0.3585 0.4365 -0.8252
vn 0.4339 0.5196 -0.7360
vn 0.4810 0.7249 -0.4931
vn -0.1779 -0.5506 0.8156
vn -0.2859 -0.7148 0.6382
vn -0.2351 -0.6722 0.7021
vn -0.1675 -0.5502 0.8180
vn -0.3872 -0.8411 0.3777
vn -0.3942 -0.8389 0.3754
vn -0.4217 -0.8724 0.2472
vn -0.4220 -0.8730 0.2444
vn -0.2859 -0.7025 -0.6517
vn -0.1779 -0.5350 -0.8259
vn -0.2351 -0.6587 -0.7147
vn -0.1675 -0.5345 -0.8284
vn -0.3872 -0.8337 -0.3936
vn -0.3941 -0.8316 -0.3912
vn -0.4217 -0.8675 -0.2637
vn -0.4219 -0.8682 -0.2610
vn 0.1779 -0.5506 0.8156
vn 0.2859 -0.7148 0.6383
vn 0.1675 -0.5502 0.8180
vn 0.2351 -0.6722 0.7021
vn 0.3872 -0.8411 0.3777
vn 0.3942 -0.8389 0.3753
vn 0.4217 -0.8724 0.2472
vn 0.4220 -0.8731 0.2444
vn 0.1779 -0.5350 -0.8259
vn 0.2859 -0.7025 -0.6517
vn 0.2351 -0.6587 -0.7147
vn 0.1675 -0.5346 -0.8284
vn 0.3872 -0.8337 -0.3936
vn 0.3941 -0.8316 -0.3912
vn 0.4217 -0.8675 -0.2637
vn 0.4219 -0.8682 -0.2610
vn -0.8652 -0.0243 -0.5009
vn -0.6734 0.7162 0.1835
vn -0.8969 0.2346 -0.3748
vn -0.5989 0.7693 0.2225
vn -0.3135 0.8018 0.5088
vn -0.2932 0.8301 0.4742
vn -0.7446 -0.4045 -0.5310
vn -0.7474 -0.4054 -0.5263
vn -0.7249 -0.5520 -0.4121
vn -0.7280 -0.6425 -0.2392
vn -0.7091 -0.6972 -0.1054
vn -0.6519 -0.7525 0.0934
vn -0.6125 -0.7686 0.1847
vn -0.5902 -0.7741 0.2290
vn -0.6387 -0.7254 0.2566
vn -0.6342 -0.7388 0.2279
vn -0.6457 -0.7636 0.0022
vn -0.6714 -0.7410 -0.0094
vn -0.6646 -0.7469 0.0222
vn -0.5385 -0.6317 0.5577
vn -0.3498 -0.4519 0.8206
vn -0.2430 -0.3026 0.9216
vn -0.1024 -0.1602 0.9818
vn -0.6734 0.7195 -0.1699
vn -0.8652 -0.0339 0.5003
vn -0.8969 0.2274 0.3792
vn -0.5989 0.7734 -0.2078
vn -0.3134 0.8113 -0.4935
vn -0.2932 0.8390 -0.4583
vn -0.7446 -0.4146 0.5232
vn -0.7474 -0.4153 0.5185
vn -0.7249 -0.5597 0.4015
vn -0.7280 -0.6469 0.2269
vn -0.7091 -0.6991 0.0921
vn -0.6519 -0.7506 -0.1077
vn -0.6125 -0.7649 -0.1993
vn -0.5902 -0.7696 -0.2437
vn -0.6387 -0.7204 -0.2703
vn -0.6342 -0.7344 -0.2419
vn -0.6457 -0.7634 -0.0168
vn -0.6714 -0.7411 -0.0047
vn -0.6645 -0.7464 -0.0364
vn -0.5385 -0.6209 -0.5696
vn -0.3498 -0.4362 -0.8291
vn -0.2430 -0.2850 -0.9272
vn -0.1024 -0.1415 -0.9846
vn 0.8969 0.2346 -0.3748
vn 0.5989 0.7693 0.2225
vn 0.6734 0.7162 0.1835
vn 0.3135 0.8018 0.5088
vn 0.2932 0.8301 0.4742
vn 0.8652 -0.0243 -0.5009
vn 0.7446 -0.4045 -0.5310
vn 0.7474 -0.4054 -0.5263
vn 0.7249 -0.5520 -0.4121
vn 0.7280 -0.6425 -0.2392
vn 0.7091 -0.6972 -0.1054
vn 0.6519 -0.7525 0.0934
vn 0.6125 -0.7686 0.1847
vn 0.5902 -0.7741 0.2290
vn 0.6387 -0.7254 0.2566
vn 0.6342 -0.7388 0.2279
vn 0.6457 -0.7636 0.0022
vn 0.6714 -0.7410 -0.0094
vn 0.6646 -0.7469 0.0222
vn 0.5385 -0.6317 0.5577
vn 0.3498 -0.4519 0.8206
vn 0.2430 -0.3025 0.9217
vn 0.1024 -0.1602 0.9818
vn 0.6734 0.7195 -0.1699
vn 0.8969 0.2274 0.3792
vn 0.8652 -0.0339 0.5003
vn 0.5989 0.7734 -0.2078
vn 0.3135 0.8113 -0.4935
vn 0.2932 0.8390 -0.4583
vn 0.7446 -0.4146 0.5232
vn 0.7474 -0.4153 0.5185
vn 0.7249 -0.5597 0.4015
vn 0.7280 -0.6469 0.2269
vn 0.7091 -0.6991 0.0921
vn 0.6519 -0.7506 -0.1077
vn 0.6125 -0.7649 -0.1993
vn 0.5902 -0.7696 -0.2437
vn 0.6388 -0.7204 -0.2703
vn 0.6342 -0.7344 -0.2419
vn 0.6457 -0.7634 -0.0168
vn 0.6714 -0.7411 -0.0047
vn 0.6645 -0.7464 -0.0364
vn 0.5385 -0.6209 -0.5696
vn 0.3498 -0.4362 -0.8290
vn 0.2430 -0.2850 -0.9272
vn 0.1024 -0.1415 -0.9846
vn -0.8035 -0.5827 0.1220
vn -0.5637 -0.7508 0.3442
vn -0.6707 -0.4814 0.5643
vn -0.6153 -0.7737 -0.1508
vn -0.2375 -0.7535 0.6131
vn -0.9102 -0.2763 0.3084
vn -0.1681 -0.5317 0.8301
vn 0.0036 -0.4545 0.8907
vn -0.0080 -0.2069 0.9783
vn -0.2237 -0.2821 0.9329
vn -0.2061 -0.0263 0.9782
vn -0.0026 0.0108 0.9999
vn -0.7220 -0.1636 0.6723
vn -0.9276 0.1530 0.3407
vn -0.7351 0.2385 0.6346
vn -0.7945 0.5059 0.3358
vn -0.5784 0.4283 0.6942
vn -0.2439 0.1806 0.9528
vn -0.1303 0.2525 0.9588
vn -0.0683 0.1219 0.9902
vn 0.0034 0.1791 0.9838
vn -0.8035 -0.5803 -0.1331
vn -0.5661 -0.7433 -0.3565
vn -0.6153 -0.7764 0.1361
vn -0.2375 -0.7416 -0.6273
vn -0.6697 -0.4706 -0.5745
vn -0.9102 -0.2704 -0.3136
vn -0.1679 -0.5209 -0.8369
vn 0.0036 -0.4374 -0.8992
vn -0.0080 -0.1882 -0.9821
vn -0.2213 -0.2606 -0.9398
vn -0.2091 -0.0055 -0.9779
vn -0.0025 0.0299 -0.9996
vn -0.7221 -0.1532 -0.6747
vn -0.9276 0.1594 -0.3377
vn -0.7350 0.2512 -0.6298
vn -0.7945 0.5122 -0.3262
vn -0.5784 0.4414 -0.6860
vn -0.2430 0.1973 -0.9498
vn -0.1300 0.2700 -0.9540
vn -0.0684 0.1407 -0.9877
vn 0.0034 0.1977 -0.9803
vn 0.5622 -0.7515 0.3452
vn 0.8035 -0.5827 0.1220
vn 0.6698 -0.4814 0.5654
vn 0.6153 -0.7737 -0.1508
vn 0.2375 -0.7535 0.6131
vn 0.9102 -0.2763 0.3084
vn 0.1679 -0.5367 0.8269
vn -0.0037 -0.4545 0.8907
vn 0.0080 -0.2069 0.9783
vn 0.2213 -0.2784 0.9346
vn 0.2091 -0.0241 0.9776
vn 0.0026 0.0108 0.9999
vn 0.7220 -0.1661 0.6716
vn 0.9276 0.1530 0.3407
vn 0.7350 0.2392 0.6344
vn 0.7945 0.5059 0.3358
vn 0.5784 0.4283 0.6942
vn 0.2430 0.1792 0.9533
vn 0.1300 0.2518 0.9590
vn 0.0683 0.1219 0.9902
vn -0.0034 0.1791 0.9838
vn 0.8035 -0.5803 -0.1331
vn 0.5637 -0.7442 -0.3584
vn 0.6707 -0.4705 -0.5733
vn 0.6153 -0.7764 0.1361
vn 0.2375 -0.7416 -0.6273
vn 0.9102 -0.2704 -0.3136
vn 0.1681 -0.5159 -0.8400
vn -0.0036 -0.4374 -0.8992
vn 0.0080 -0.1882 -0.9821
vn 0.2237 -0.2643 -0.9381
vn 0.2061 -0.0077 -0.9785
vn 0.0025 0.0299 -0.9996
vn 0.7220 -0.1508 -0.6753
vn 0.9276 0.1594 -0.3377
vn 0.7351 0.2506 -0.6300
vn 0.7945 0.5122 -0.3262
vn 0.5784 0.4415 -0.6860
vn 0.2439 0.1987 -0.9492
vn 0.1303 0.2707 -0.9538
vn 0.0684 0.1407 -0.9877
vn -0.0034 0.1977 -0.9803
vn -0.4823 0.5343 0.6942
vn -0.3852 0.7701 0.5086
vn -0.2958 0.7755 0.5578
vn -0.5709 0.4166 0.7074
vn -0.8488 0.1631 0.5029
vn -0.8997 0.1857 0.3950
vn -0.9819 0.1188 0.1475
vn -0.9712 0.1849 0.1505
vn -0.5709 0.4300 -0.6994
vn -0.2958 0.7859 -0.5430
vn -0.4823 0.5474 -0.6839
vn -0.3851 0.7796 -0.4938
vn -0.8488 0.1726 -0.4997
vn -0.8997 0.1932 -0.3914
vn -0.9819 0.1215 -0.1452
vn -0.9712 0.1877 -0.1470
vn 0.4823 0.5343 0.6942
vn 0.2958 0.7755 0.5578
vn 0.3851 0.7701 0.5086
vn 0.5709 0.4167 0.7074
vn 0.8488 0.1631 0.5029
vn 0.8997 0.1857 0.3950
vn 0.9819 0.1188 0.1475
vn 0.9712 0.1849 0.1505
vn 0.4823 0.5474 -0.6839
vn 0.2958 0.7859 -0.5430
vn 0.5709 0.4300 -0.6994
vn 0.3852 0.7796 -0.4938
vn 0.8488 0.1726 -0.4997
vn 0.8997 0.1932 -0.3914
vn 0.9819 0.1215 -0.1452
vn 0.9712 0.1877 -0.1470
vn -0.9702 0.2226 0.0961
vn -0.8816 0.2220 0.4166
vn -0.9537 -0.0807 0.2896
vn -0.8740 0.4128 0.2564
vn -0.8542 -0.0921 0.5117
vn -0.9180 -0.2773 0.2835
vn -0.5919 0.1950 0.7821
vn -0.6558 0.3297 0.6791
vn -0.6446 0.2154 0.7336
vn -0.5419 0.2773 0.7934
vn -0.6523 0.2247 0.7239
vn -0.8301 -0.0312 0.5568
vn -0.6291 0.4424 0.6391
vn -0.8495 0.1053 0.5169
vn -0.9057 -0.0717 0.4177
vn -0.8559 0.0777 0.5112
vn -0.8885 0.0106 0.4588
vn -0.8383 0.1787 0.5151
vn -0.8884 -0.0181 0.4586
vn -0.8101 0.0769 0.5812
vn -0.7496 0.1542 0.6437
vn -0.8261 -0.0097 0.5634
vn -0.7982 -0.0455 0.6007
vn -0.7707 -0.0592 0.6344
vn -0.7692 -0.0684 0.6354
vn -0.7475 0.0127 0.6641
vn -0.7521 -0.0089 0.6590
vn -0.6371 -0.3948 0.6619
vn -0.4832 -0.5834 0.6528
vn -0.9702 0.2244 -0.0919
vn -0.8818 0.2304 -0.4116
vn -0.8740 0.4176 -0.2485
vn -0.9537 -0.0752 -0.2911
vn -0.8542 -0.0823 -0.5133
vn -0.9180 -0.2719 -0.2887
vn -0.5919 0.2099 -0.7782
vn -0.6579 0.3481 -0.6678
vn -0.6446 0.2294 -0.7293
vn -0.5419 0.2924 -0.7880
vn -0.6594 0.2313 -0.7153
vn -0.8301 -0.0206 -0.5573
vn -0.6291 0.4545 -0.6306
vn -0.8495 0.1165 -0.5146
vn -0.9057 -0.0637 -0.4190
vn -0.8559 0.0875 -0.5096
vn -0.8886 0.0188 -0.4582
vn -0.8383 0.1885 -0.5116
vn -0.8884 -0.0093 -0.4589
vn -0.8105 0.0881 -0.5791
vn -0.7496 0.1664 -0.6407
vn -0.8261 0.0010 -0.5635
vn -0.7982 -0.0340 -0.6014
vn -0.7707 -0.0471 -0.6355
vn -0.7692 -0.0563 -0.6366
vn -0.7475 0.0253 -0.6638
vn -0.7521 0.0037 -0.6591
vn -0.6370 -0.3826 -0.6692
vn -0.4832 -0.5709 -0.6638
vn 0.9702 0.2226 0.0961
vn 0.8818 0.2225 0.4159
vn 0.8740 0.4128 0.2564
vn 0.9537 -0.0807 0.2896
vn 0.8542 -0.0921 0.5117
vn 0.9180 -0.2773 0.2835
vn 0.5919 0.1950 0.7821
vn 0.6579 0.3354 0.6743
vn 0.6446 0.2154 0.7335
vn 0.5419 0.2773 0.7934
vn 0.6594 0.2176 0.7196
vn 0.8301 -0.0312 0.5568
vn 0.6291 0.4424 0.6391
vn 0.8495 0.1067 0.5168
vn 0.9057 -0.0717 0.4177
vn 0.8559 0.0777 0.5112
vn 0.8886 0.0101 0.4585
vn 0.8383 0.1787 0.5151
vn 0.8884 -0.0181 0.4586
vn 0.8105 0.0770 0.5806
vn 0.7496 0.1542 0.6437
vn 0.8261 -0.0097 0.5634
vn 0.7982 -0.0455 0.6007
vn 0.7707 -0.0592 0.6344
vn 0.7692 -0.0684 0.6354
vn 0.7475 0.0127 0.6641
vn 0.7521 -0.0089 0.6590
vn 0.6371 -0.3948 0.6619
vn 0.4832 -0.5834 0.6528
vn 0.8816 0.2299 -0.4122
vn 0.9702 0.2244 -0.0919
vn 0.8740 0.4176 -0.2485
vn 0.9537 -0.0752 -0.2911
vn 0.8542 -0.0823 -0.5133
vn 0.9180 -0.2719 -0.2887
vn 0.5919 0.2099 -0.7782
vn 0.6558 0.3426 -0.6727
vn 0.6445 0.2294 -0.7293
vn 0.5419 0.2924 -0.7880
vn 0.6523 0.2385 -0.7194
vn 0.8301 -0.0206 -0.5573
vn 0.6291 0.4545 -0.6306
vn 0.8495 0.1151 -0.5148
vn 0.9057 -0.0637 -0.4190
vn 0.8559 0.0875 -0.5096
vn 0.8885 0.0194 -0.4585
vn 0.8383 0.1885 -0.5116
vn 0.8884 -0.0093 -0.4589
vn 0.8101 0.0880 -0.5796
vn 0.7496 0.1664 -0.6407
vn 0.8261 0.0010 -0.5635
vn 0.7982 -0.0340 -0.6014
vn 0.7707 -0.0471 -0.6355
vn 0.7692 -0.0563 -0.6366
vn 0.7475 0.0253 -0.6638
vn 0.7521 0.0037 -0.6591
vn 0.6370 -0.3826 -0.6692
vn 0.4832 -0.5709 -0.6638
vn -0.4843 -0.2400 0.8413
vn -0.5049 0.0397 0.8623
vn -0.8576 0.1219 0.4998
vn -0.3682 0.4700 0.8022
vn -0.7365 -0.4893 0.4670
vn -0.5964 0.6930 0.4051
vn -0.9834 0.0673 -0.1683
vn -0.8222 -0.5582 -0.1115
vn -0.7159 0.6530 -0.2471
vn -0.7778 -0.4951 -0.3873
vn -0.9176 -0.0433 -0.3951
vn -0.8153 -0.4737 -0.3329
vn -0.7357 0.6748 0.0582
vn -0.8364 -0.4101 -0.3636
vn -0.9731 0.2259 -0.0453
vn -0.6668 0.7032 0.2467
vn -0.7562 -0.3582 -0.5475
vn -0.8838 0.2757 -0.3781
vn -0.6102 0.7490 -0.2581
vn -0.5709 -0.4170 -0.7073
vn -0.6435 0.1987 -0.7392
vn -0.4445 0.6565 -0.6094
vn -0.5494 -0.4450 -0.7072
vn -0.3739 0.5997 -0.7075
vn -0.5569 0.0998 -0.8245
vn -0.6325 -0.3047 -0.7122
vn -0.5931 0.1666 -0.7877
vn -0.4588 0.6077 -0.6482
vn -0.5569 -0.1329 -0.8199
vn -0.5672 0.1911 -0.8011
vn -0.3665 0.5184 -0.7726
vn -0.4057 0.1808 -0.8959
vn -0.3992 -0.0393 -0.9160
vn -0.4324 -0.0238 -0.9014
vn 0.5494 -0.4584 0.6986
vn 0.6435 0.1849 0.7428
vn 0.5569 0.0841 0.8263
vn 0.6325 -0.3182 0.7062
vn 0.5709 -0.4304 0.6992
vn 0.5925 0.1495 0.7916
vn 0.5569 -0.1485 0.8172
vn 0.3740 0.5861 0.7188
vn 0.4445 0.6448 0.6218
vn 0.4588 0.5952 0.6597
vn 0.6102 0.7440 0.2723
vn 0.5672 0.1758 0.8046
vn 0.3665 0.5036 0.7823
vn 0.4057 0.1636 0.8992
vn 0.3992 -0.0567 0.9151
vn 0.4323 -0.0409 0.9008
vn 0.8843 0.2690 0.3816
vn 0.6668 0.7078 -0.2333
vn 0.7562 -0.3686 0.5406
vn 0.9731 0.2251 0.0495
vn 0.7357 0.6758 -0.0454
vn 0.8364 -0.4170 0.3558
vn 0.9178 -0.0509 0.3938
vn 0.8153 -0.4799 0.3239
vn 0.7159 0.6482 0.2594
vn 0.7778 -0.5024 0.3778
vn 0.9834 0.0674 0.1683
vn 0.8222 -0.5602 0.1008
vn 0.5964 0.7005 -0.3919
vn 0.7365 -0.4803 -0.4762
vn 0.8635 0.1355 -0.4858
vn 0.3682 0.4852 -0.7931
vn 0.4843 -0.2240 -0.8458
vn 0.5049 0.0561 -0.8614
vn 0.4843 -0.2400 0.8413
vn 0.8598 0.1227 0.4956
vn 0.5049 0.0397 0.8623
vn 0.3682 0.4700 0.8022
vn 0.7365 -0.4893 0.4670
vn 0.5964 0.6930 0.4051
vn 0.9835 0.0691 -0.1675
vn 0.8222 -0.5582 -0.1115
vn 0.7159 0.6530 -0.2471
vn 0.7778 -0.4951 -0.3873
vn 0.9177 -0.0433 -0.3950
vn 0.8153 -0.4737 -0.3329
vn 0.7357 0.6748 0.0582
vn 0.8364 -0.4101 -0.3636
vn 0.9731 0.2261 -0.0453
vn 0.6668 0.7032 0.2467
vn 0.7562 -0.3582 -0.5475
vn 0.8842 0.2760 -0.3769
vn 0.6102 0.7490 -0.2581
vn 0.5709 -0.4170 -0.7073
vn 0.6435 0.1988 -0.7392
vn 0.4445 0.6565 -0.6094
vn 0.5494 -0.4450 -0.7072
vn 0.3739 0.5997 -0.7075
vn 0.5595 0.1000 -0.8228
vn 0.6325 -0.3046 -0.7122
vn 0.5928 0.1655 -0.7882
vn 0.4588 0.6077 -0.6482
vn 0.5569 -0.1329 -0.8199
vn 0.5672 0.1912 -0.8010
vn 0.3665 0.5184 -0.7726
vn 0.4057 0.1808 -0.8959
vn 0.3992 -0.0393 -0.9160
vn 0.4324 -0.0238 -0.9014
vn -0.3305 -0.9437 -0.0095
vn -0.3305 -0.9438 -0.0094
vn 0.3305 -0.9437 -0.0095
vn 0.3305 -0.9438 -0.0094
vn -0.5494 -0.4584 0.6986
vn -0.6435 0.1853 0.7427
vn -0.5709 -0.4304 0.6992
vn -0.5595 0.0844 0.8245
vn -0.6325 -0.3182 0.7062
vn -0.8822 0.2684 0.3869
vn -0.7562 -0.3686 0.5406
vn -0.3740 0.5861 0.7188
vn -0.4445 0.6448 0.6218
vn -0.6102 0.7440 0.2723
vn -0.6668 0.7078 -0.2333
vn -0.9731 0.2250 0.0496
vn -0.7357 0.6758 -0.0454
vn -0.8364 -0.4170 0.3558
vn -0.9176 -0.0508 0.3942
vn -0.8153 -0.4799 0.3239
vn -0.7159 0.6482 0.2594
vn -0.7778 -0.5024 0.3778
vn -0.9835 0.0652 0.1690
vn -0.8222 -0.5602 0.1008
vn -0.5964 0.7005 -0.3919
vn -0.7365 -0.4803 -0.4762
vn -0.8606 0.1326 -0.4917
vn -0.3682 0.4851 -0.7931
vn -0.4843 -0.2240 -0.8458
vn -0.5049 0.0561 -0.8614
vn -0.4877 0.4529 0.7463
vn -0.3277 0.8219 0.4660
vn -0.3552 0.7588 0.5459
vn -0.2780 0.7682 0.5767
vn -0.4725 0.6612 0.5827
vn -0.6481 0.1848 0.7388
vn -0.3319 0.7679 0.5479
vn -0.4677 0.1961 0.8619
vn -0.2853 0.7670 0.5746
vn -0.2312 0.6650 0.7102
vn -0.2615 0.7056 0.6586
vn -0.2481 0.7925 0.5571
vn -0.2889 0.8787 0.3801
vn -0.4121 0.8610 0.2979
vn -0.3183 0.8154 0.4835
vn -0.3028 0.9530 0.0085
vn -0.4547 0.8906 0.0080
vn -0.3792 0.9253 0.0084
vn -0.3185 0.8246 -0.4676
vn -0.2889 0.8858 -0.3633
vn -0.4121 0.8666 -0.2814
vn -0.2707 0.7098 -0.6503
vn -0.2480 0.8030 -0.5419
vn -0.2780 0.7790 -0.5620
vn -0.2312 0.6784 -0.6974
vn -0.2749 0.7783 -0.5645
vn -0.3319 0.7782 -0.5332
vn -0.3415 0.7648 -0.5464
vn -0.3277 0.8306 -0.4503
vn -0.4729 0.4617 -0.7505
vn -0.4725 0.6722 -0.5700
vn -0.4677 0.2124 -0.8580
vn -0.6481 0.1988 -0.7352
vn -0.6362 -0.0654 -0.7687
vn -0.5229 -0.1290 -0.8426
vn -0.7876 -0.2174 -0.5766
vn -0.7167 -0.1635 -0.6779
vn -0.6152 -0.1155 -0.7798
vn -0.8502 -0.0148 -0.5263
vn -0.7510 0.1431 -0.6446
vn -0.6378 0.2697 -0.7215
vn -0.7113 0.3571 -0.6054
vn -0.4563 0.5824 -0.6727
vn -0.5810 0.4745 -0.6613
vn -0.5507 0.2691 -0.7901
vn -0.4359 0.3228 -0.8401
vn -0.4984 0.2698 -0.8239
vn -0.3632 -0.2111 -0.9075
vn -0.6021 -0.0124 -0.7983
vn -0.3465 -0.3054 -0.8870
vn -0.2758 -0.4438 -0.8526
vn -0.6365 -0.1931 -0.7467
vn -0.5089 -0.2697 -0.8175
vn -0.4216 -0.3770 -0.8247
vn -0.5171 0.0397 -0.8550
vn -0.7611 -0.3802 -0.5256
vn -0.7117 -0.3062 -0.6322
vn 0.4877 0.4529 0.7463
vn 0.3276 0.8219 0.4660
vn 0.4725 0.6612 0.5827
vn 0.6481 0.1848 0.7388
vn 0.3550 0.7587 0.5461
vn 0.2780 0.7682 0.5767
vn 0.3319 0.7679 0.5479
vn 0.4677 0.1961 0.8619
vn 0.2555 0.7708 0.5836
vn 0.2312 0.6650 0.7102
vn 0.2647 0.7021 0.6611
vn 0.2480 0.7925 0.5571
vn 0.2889 0.8787 0.3801
vn 0.4121 0.8610 0.2979
vn 0.3185 0.8155 0.4832
vn 0.3028 0.9530 0.0085
vn 0.4547 0.8906 0.0080
vn 0.3792 0.9253 0.0083
vn 0.3181 0.8244 -0.4681
vn 0.2889 0.8858 -0.3633
vn 0.4122 0.8666 -0.2814
vn 0.2706 0.7098 -0.6503
vn 0.2481 0.8030 -0.5419
vn 0.2780 0.7790 -0.5620
vn 0.2312 0.6784 -0.6974
vn 0.2581 0.7811 -0.5685
vn 0.3319 0.7782 -0.5332
vn 0.3668 0.7774 -0.5110
vn 0.3277 0.8306 -0.4503
vn 0.4794 0.4631 -0.7455
vn 0.4725 0.6722 -0.5700
vn 0.4677 0.2124 -0.8580
vn 0.6481 0.1988 -0.7351
vn 0.6387 -0.0642 -0.7668
vn 0.5229 -0.1290 -0.8426
vn 0.7876 -0.2174 -0.5766
vn 0.7167 -0.1635 -0.6780
vn 0.6152 -0.1155 -0.7798
vn 0.8502 -0.0148 -0.5263
vn 0.7516 0.1445 -0.6436
vn 0.6378 0.2697 -0.7215
vn 0.7113 0.3571 -0.6054
vn 0.4563 0.5824 -0.6727
vn 0.5816 0.4735 -0.6615
vn 0.5507 0.2691 -0.7901
vn 0.4355 0.3228 -0.8403
vn 0.4977 0.2624 -0.8267
vn 0.3632 -0.2111 -0.9075
vn 0.6021 -0.0124 -0.7983
vn 0.3337 -0.3132 -0.8891
vn 0.2758 -0.4438 -0.8526
vn 0.6432 -0.1836 -0.7434
vn 0.5098 -0.2698 -0.8169
vn 0.4216 -0.3770 -0.8247
vn 0.5171 0.0397 -0.8550
vn 0.7636 -0.3757 -0.5251
vn 0.7160 -0.3059 -0.6276
vn -0.2257 -0.9370 0.2667
vn -0.1256 -0.8970 0.4239
vn -0.1300 -0.9142 0.3838
vn -0.0384 -0.8211 0.5695
vn -0.2264 -0.9255 0.3038
vn -0.0257 -0.8052 0.5924
vn -0.3290 -0.9229 0.1998
vn 0.0113 -0.5956 0.8032
vn -0.3273 -0.9155 0.2340
vn 0.0191 -0.5183 0.8550
vn -0.4784 -0.8747 0.0776
vn -0.0274 -0.1537 0.9877
vn -0.4690 -0.8759 0.1135
vn -0.0099 -0.1382 0.9904
vn -0.6412 -0.7647 -0.0633
vn -0.1121 0.2776 0.9541
vn -0.6351 -0.7723 -0.0137
vn -0.1101 0.2607 0.9591
vn -0.8459 -0.4791 -0.2343
vn -0.2076 0.5511 0.8082
vn -0.8709 -0.4396 -0.2198
vn -0.2445 0.4865 0.8388
vn -0.9144 -0.0969 -0.3930
vn -0.2826 0.6774 0.6792
vn -0.9074 -0.1561 -0.3903
vn -0.2692 0.7399 0.6164
vn -0.9051 0.1746 -0.3877
vn -0.3250 0.7908 0.5186
vn -0.9030 0.2148 -0.3720
vn -0.3437 0.7715 0.5354
vn -0.7099 0.6913 -0.1347
vn -0.2409 0.7316 0.6377
vn -0.7493 0.6254 -0.2178
vn -0.2310 0.7436 0.6275
vn -0.5537 0.8322 0.0310
vn -0.2143 0.7188 0.6613
vn -0.5617 0.8264 -0.0396
vn -0.1809 0.7424 0.6450
vn -0.4255 0.8798 0.2118
vn -0.3082 0.8568 0.4134
vn -0.4438 0.8886 0.1154
vn -0.2697 0.8497 0.4531
vn -0.2257 -0.9317 -0.2844
vn -0.1256 -0.8887 -0.4409
vn -0.2264 -0.9195 -0.3213
vn -0.1300 -0.9068 -0.4011
vn -0.3290 -0.9190 -0.2174
vn -0.0384 -0.8101 -0.5850
vn -0.3273 -0.9109 -0.2514
vn -0.0257 -0.7938 -0.6076
vn -0.4784 -0.8731 -0.0942
vn 0.0113 -0.5802 -0.8144
vn -0.4690 -0.8736 -0.1301
vn 0.0191 -0.5019 -0.8647
vn -0.6413 -0.7658 0.0487
vn -0.0274 -0.1349 -0.9905
vn -0.6351 -0.7725 -0.0010
vn -0.0099 -0.1193 -0.9928
vn -0.8459 -0.4835 0.2251
vn -0.1121 0.2957 -0.9487
vn -0.8709 -0.4437 0.2113
vn -0.1101 0.2788 -0.9540
vn -0.9144 -0.1044 0.3911
vn -0.2076 0.5664 -0.7975
vn -0.9074 -0.1635 0.3872
vn -0.2445 0.5024 -0.8294
vn -0.9051 0.1672 0.3910
vn -0.2826 0.6902 -0.6662
vn -0.9030 0.2077 0.3760
vn -0.2692 0.7516 -0.6022
vn -0.7099 0.6886 0.1478
vn -0.3250 0.8006 -0.5035
vn -0.7493 0.6211 0.2297
vn -0.3437 0.7815 -0.5206
vn -0.5537 0.8326 -0.0152
vn -0.2409 0.7436 -0.6237
vn -0.5616 0.8255 0.0553
vn -0.2310 0.7554 -0.6132
vn -0.4253 0.8838 -0.1949
vn -0.2143 0.7313 -0.6475
vn -0.4438 0.8907 -0.0984
vn -0.1809 0.7546 -0.6308
vn -0.2697 0.8581 -0.4368
vn -0.3082 0.8645 -0.3970
vn 0.1300 -0.9142 0.3838
vn 0.1256 -0.8970 0.4239
vn 0.2257 -0.9370 0.2667
vn 0.2264 -0.9255 0.3038
vn 0.0384 -0.8211 0.5695
vn 0.3290 -0.9229 0.1998
vn 0.0257 -0.8052 0.5924
vn 0.3273 -0.9155 0.2340
vn -0.0113 -0.5956 0.8032
vn 0.4784 -0.8747 0.0776
vn -0.0191 -0.5182 0.8550
vn 0.4690 -0.8759 0.1134
vn 0.0274 -0.1537 0.9877
vn 0.6412 -0.7647 -0.0633
vn 0.0099 -0.1382 0.9904
vn 0.6351 -0.7723 -0.0137
vn 0.1121 0.2775 0.9542
vn 0.8459 -0.4791 -0.2343
vn 0.1101 0.2607 0.9591
vn 0.8709 -0.4396 -0.2198
vn 0.2076 0.5511 0.8082
vn 0.9144 -0.0969 -0.3930
vn 0.2445 0.4865 0.8388
vn 0.9074 -0.1561 -0.3903
vn 0.2826 0.6774 0.6792
vn 0.9051 0.1746 -0.3877
vn 0.2692 0.7399 0.6164
vn 0.9030 0.2148 -0.3720
vn 0.3250 0.7908 0.5186
vn 0.7099 0.6913 -0.1347
vn 0.3437 0.7715 0.5354
vn 0.7493 0.6254 -0.2178
vn 0.2409 0.7316 0.6377
vn 0.5537 0.8322 0.0311
vn 0.2310 0.7436 0.6275
vn 0.5617 0.8264 -0.0396
vn 0.2143 0.7188 0.6613
vn 0.4253 0.8799 0.2117
vn 0.1809 0.7424 0.6450
vn 0.4438 0.8886 0.1154
vn 0.3082 0.8568 0.4134
vn 0.2697 0.8497 0.4531
vn 0.2257 -0.9317 -0.2844
vn 0.2264 -0.9195 -0.3213
vn 0.1256 -0.8887 -0.4409
vn 0.3290 -0.9190 -0.2174
vn 0.1300 -0.9068 -0.4011
vn 0.3273 -0.9109 -0.2514
vn 0.0384 -0.8101 -0.5850
vn 0.4784 -0.8731 -0.0942
vn 0.0257 -0.7938 -0.6076
vn 0.4690 -0.8736 -0.1301
vn -0.0113 -0.5802 -0.8144
vn 0.6413 -0.7658 0.0488
vn -0.0191 -0.5019 -0.8647
vn 0.6351 -0.7725 -0.0010
vn 0.0274 -0.1349 -0.9905
vn 0.8459 -0.4835 0.2251
vn 0.0099 -0.1194 -0.9928
vn 0.8709 -0.4437 0.2113
vn 0.1121 0.2957 -0.9487
vn 0.9144 -0.1044 0.3911
vn 0.1101 0.2788 -0.9540
vn 0.9074 -0.1635 0.3872
vn 0.2076 0.5664 -0.7975
vn 0.9051 0.1672 0.3910
vn 0.2445 0.5024 -0.8294
vn 0.9030 0.2077 0.3760
vn 0.2826 0.6902 -0.6662
vn 0.7099 0.6886 0.1478
vn 0.2692 0.7516 -0.6022
vn 0.7493 0.6211 0.2297
vn 0.3250 0.8006 -0.5035
vn 0.5537 0.8326 -0.0152
vn 0.3437 0.7815 -0.5206
vn 0.5616 0.8255 0.0553
vn 0.2409 0.7436 -0.6237
vn 0.4255 0.8837 -0.1950
vn 0.2310 0.7554 -0.6132
vn 0.4438 0.8907 -0.0984
vn 0.2143 0.7313 -0.6475
vn 0.2697 0.8581 -0.4368
vn 0.1809 0.7546 -0.6308
vn 0.3082 0.8645 -0.3970
vn -0.6751 0.6674 -0.3143
vn -0.7084 0.6291 -0.3200
vn -0.6083 0.7235 -0.3264
vn -0.6093 0.7242 -0.3229
vn -0.7874 0.6081 -0.1011
vn -0.7733 0.6338 -0.0163
vn -0.7005 0.5863 0.4069
vn -0.5635 0.5044 0.6542
vn -0.4284 0.3749 0.8221
vn -0.4296 0.3836 0.8175
vn -0.6093 0.7179 0.3366
vn -0.6083 0.7171 0.3401
vn -0.6751 0.6613 0.3269
vn -0.7084 0.6229 0.3319
vn -0.7874 0.6061 0.1127
vn -0.7733 0.6334 0.0284
vn -0.7005 0.5939 -0.3957
vn -0.5635 0.5168 -0.6445
vn -0.4283 0.3905 -0.8149
vn -0.4296 0.3991 -0.8101
vn 0.6751 0.6674 -0.3143
vn 0.6083 0.7235 -0.3264
vn 0.7084 0.6291 -0.3200
vn 0.6093 0.7242 -0.3229
vn 0.7874 0.6081 -0.1011
vn 0.7733 0.6338 -0.0163
vn 0.7005 0.5863 0.4069
vn 0.5635 0.5044 0.6542
vn 0.4284 0.3749 0.8221
vn 0.4296 0.3836 0.8175
vn 0.6094 0.7179 0.3366
vn 0.6751 0.6613 0.3269
vn 0.6083 0.7171 0.3401
vn 0.7084 0.6229 0.3319
vn 0.7874 0.6060 0.1127
vn 0.7733 0.6334 0.0284
vn 0.7005 0.5939 -0.3957
vn 0.5635 0.5168 -0.6445
vn 0.4284 0.3905 -0.8149
vn 0.4296 0.3991 -0.8101
vn -0.2636 -0.7574 0.5973
vn -0.2220 -0.6338 0.7410
vn -0.2538 -0.7273 0.6377
vn -0.2636 -0.7574 0.5974
vn -0.1926 -0.5457 0.8155
vn -0.1514 -0.4325 0.8888
vn -0.1235 -0.3481 0.9293
vn -0.2221 -0.6195 -0.7529
vn -0.2635 -0.7459 -0.6117
vn -0.2538 -0.7150 -0.6514
vn -0.1926 -0.5301 -0.8257
vn -0.1514 -0.4155 -0.8969
vn -0.1234 -0.3305 -0.9357
vn 0.2221 -0.6337 0.7410
vn 0.2636 -0.7574 0.5973
vn 0.2538 -0.7273 0.6377
vn 0.2636 -0.7574 0.5974
vn 0.1926 -0.5458 0.8155
vn 0.1514 -0.4325 0.8888
vn 0.1235 -0.3481 0.9293
vn 0.2538 -0.7150 -0.6514
vn 0.2636 -0.7459 -0.6117
vn 0.2635 -0.7459 -0.6117
vn 0.2221 -0.6195 -0.7529
vn 0.1926 -0.5301 -0.8258
vn 0.1514 -0.4155 -0.8969
vn 0.1234 -0.3305 -0.9357
vn -0.0583 -0.2592 0.9641
vn -0.0093 -0.4508 0.8926
vn 0.0091 -0.3479 0.9375
vn 0.0422 -0.5824 0.8118
vn 0.0369 -0.4444 0.8951
vn -0.1863 -0.4292 0.8838
vn -0.0805 -0.7400 0.6678
vn 0.0004 -0.8720 0.4895
vn 0.0004 -0.8495 0.5276
vn 0.0804 -0.7399 0.6678
vn 0.1863 -0.4292 0.8838
vn 0.0583 -0.2592 0.9641
vn -0.0091 -0.3479 0.9375
vn 0.0093 -0.4508 0.8926
vn -0.0422 -0.5824 0.8118
vn -0.0368 -0.4444 0.8951
vn 0.0091 -0.3300 -0.9439
vn -0.0093 -0.4338 -0.9010
vn -0.0583 -0.2408 -0.9688
vn 0.0423 -0.5668 -0.8228
vn 0.0368 -0.4272 -0.9034
vn -0.1863 -0.4123 -0.8918
vn -0.0804 -0.7271 -0.6818
vn 0.0005 -0.8625 -0.5060
vn 0.0004 -0.8393 -0.5437
vn 0.0805 -0.7271 -0.6818
vn 0.1863 -0.4123 -0.8918
vn 0.0583 -0.2408 -0.9688
vn -0.0091 -0.3300 -0.9439
vn 0.0093 -0.4338 -0.9010
vn -0.0422 -0.5668 -0.8228
vn -0.0369 -0.4273 -0.9034
vn -0.3378 -0.8434 0.4179
vn 0.1303 -0.9400 0.3154
vn -0.2622 -0.6565 0.7073
vn -0.0060 -0.8078 0.5894
vn 0.2679 -0.9569 0.1119
vn -0.1065 -0.6058 0.7884
vn 0.1356 -0.9867 -0.0901
vn -0.2026 -0.5242 0.8271
vn 0.2915 -0.9560 -0.0323
vn 0.1129 -0.8984 -0.4245
vn -0.0067 -0.8944 -0.4471
vn -0.3685 -0.4676 0.8035
vn -0.1484 -0.4678 0.8713
vn -0.4758 -0.5428 0.6921
vn -0.1525 -0.4586 0.8754
vn -0.1623 -0.4264 0.8899
vn -0.1621 -0.4267 0.8897
vn -0.5720 -0.6776 0.4623
vn -0.2335 -0.9660 -0.1109
vn -0.4489 -0.8927 -0.0406
vn -0.0750 -0.8618 -0.5017
vn 0.1248 -0.9372 -0.3258
vn -0.3380 -0.8352 -0.4339
vn -0.2676 -0.6334 -0.7261
vn -0.0060 -0.7964 -0.6047
vn 0.2676 -0.9547 -0.1298
vn -0.1065 -0.5907 -0.7999
vn 0.1417 -0.9873 0.0715
vn 0.2915 -0.9565 0.0141
vn 0.1129 -0.9063 0.4073
vn -0.2027 -0.5084 -0.8369
vn -0.0067 -0.9028 0.4300
vn -0.4758 -0.5296 -0.7023
vn -0.3685 -0.4522 -0.8122
vn -0.5720 -0.6687 -0.4751
vn -0.1484 -0.4511 -0.8800
vn -0.1525 -0.4419 -0.8840
vn -0.1623 -0.4094 -0.8978
vn -0.1621 -0.4097 -0.8977
vn -0.2347 -0.9677 0.0922
vn -0.4489 -0.8933 0.0236
vn -0.0750 -0.8712 0.4852
vn 0.2639 -0.6527 0.7102
vn 0.0060 -0.8078 0.5894
vn -0.1303 -0.9400 0.3154
vn -0.2676 -0.9570 0.1116
vn 0.1065 -0.6058 0.7885
vn -0.1417 -0.9858 -0.0903
vn -0.2915 -0.9560 -0.0323
vn -0.1129 -0.8984 -0.4245
vn 0.0067 -0.8944 -0.4471
vn 0.2027 -0.5242 0.8271
vn 0.2335 -0.9660 -0.1109
vn 0.0750 -0.8618 -0.5017
vn 0.4489 -0.8927 -0.0406
vn 0.5720 -0.6776 0.4623
vn 0.3375 -0.8435 0.4178
vn 0.4758 -0.5428 0.6921
vn 0.3685 -0.4676 0.8035
vn 0.1484 -0.4677 0.8713
vn 0.1525 -0.4586 0.8754
vn 0.1623 -0.4264 0.8899
vn 0.1621 -0.4267 0.8897
vn 0.0060 -0.7964 -0.6047
vn 0.2676 -0.6334 -0.7261
vn -0.1262 -0.9365 -0.3272
vn -0.2679 -0.9546 -0.1301
vn 0.1065 -0.5907 -0.7998
vn 0.2027 -0.5084 -0.8369
vn -0.1356 -0.9882 0.0713
vn -0.2915 -0.9565 0.0141
vn -0.1129 -0.9063 0.4073
vn 0.0067 -0.9028 0.4300
vn 0.3685 -0.4522 -0.8122
vn 0.1484 -0.4511 -0.8800
vn 0.1525 -0.4419 -0.8840
vn 0.1623 -0.4094 -0.8978
vn 0.1621 -0.4097 -0.8977
vn 0.4758 -0.5296 -0.7023
vn 0.3380 -0.8352 -0.4339
vn 0.5720 -0.6687 -0.4751
vn 0.2335 -0.9679 0.0925
vn 0.4489 -0.8933 0.0236
vn 0.0750 -0.8712 0.4852
vn -0.8122 0.5831 0.0188
vn -0.7737 0.3232 -0.5449
vn -0.7416 0.2431 -0.6252
vn -0.5805 0.1007 -0.8080
vn -0.5959 0.0333 -0.8024
vn -0.7335 0.6394 0.2306
vn -0.9590 -0.1093 -0.2613
vn -0.9905 0.1067 -0.0864
vn -0.9449 0.2942 0.1438
vn -0.7004 0.6875 0.1918
vn -0.4859 0.6466 0.5880
vn -0.8955 0.2495 0.3687
vn -0.7572 0.1009 0.6453
vn -0.7035 0.7037 -0.0996
vn -0.5003 0.5370 -0.6792
vn -0.6145 0.7745 -0.1501
vn -0.5181 0.6019 0.6077
vn -0.4132 0.6486 0.6392
vn -0.1905 0.3452 0.9190
vn -0.2425 0.2819 0.9283
vn -0.1454 0.2421 0.9593
vn -0.1780 0.1316 0.9752
vn -0.6474 -0.0240 0.7618
vn -0.6110 -0.1208 0.7823
vn -0.1853 -0.0704 0.9802
vn -0.9382 -0.1786 -0.2964
vn -0.5860 -0.0555 -0.8084
vn -0.9057 -0.2672 -0.3290
vn -0.4848 -0.2877 -0.8259
vn -0.6074 -0.1965 0.7697
vn -0.8601 -0.3901 -0.3287
vn -0.8179 -0.4907 -0.3005
vn -0.5969 -0.2913 0.7476
vn -0.2394 -0.2550 0.9368
vn -0.4164 -0.5766 -0.7030
vn -0.6462 -0.4129 0.6418
vn -0.3885 -0.4779 0.7878
vn -0.7957 -0.5862 -0.1525
vn -0.4239 -0.7313 -0.5343
vn -0.7148 -0.6207 0.3221
vn -0.5483 -0.7535 0.3628
vn -0.6882 -0.7171 -0.1097
vn -0.5357 -0.8140 -0.2247
vn 0.2728 -0.9119 0.3066
vn 0.2882 -0.9378 -0.1937
vn 0.2880 -0.9413 0.1758
vn 0.2161 -0.8409 0.4962
vn 0.2728 -0.9059 -0.3239
vn 0.1342 -0.8567 0.4981
vn 0.1322 -0.8509 0.5084
vn 0.1603 -0.8519 0.4985
vn 0.2161 -0.8313 -0.5121
vn 0.1342 -0.8470 -0.5143
vn 0.1322 -0.8411 -0.5245
vn 0.1603 -0.8423 -0.5146
vn -0.1342 -0.8567 0.4981
vn -0.1603 -0.8519 0.4985
vn -0.1322 -0.8509 0.5084
vn -0.2161 -0.8409 0.4962
vn -0.2728 -0.9119 0.3066
vn -0.2880 -0.9413 0.1758
vn -0.2882 -0.9378 -0.1937
vn -0.2728 -0.9059 -0.3238
vn -0.2161 -0.8313 -0.5121
vn -0.1342 -0.8470 -0.5143
vn -0.1322 -0.8411 -0.5245
vn -0.1603 -0.8423 -0.5146
vn -0.1853 -0.0518 -0.9813
vn -0.6110 -0.1059 -0.7845
vn -0.1779 0.1501 -0.9725
vn -0.9591 -0.1184 0.2571
vn -0.9379 -0.1836 0.2942
vn -0.5959 0.0180 0.8029
vn -0.5860 -0.0709 0.8072
vn -0.9051 -0.2726 0.3263
vn -0.4848 -0.3034 0.8203
vn -0.6089 -0.1810 -0.7723
vn -0.6007 -0.2753 -0.7506
vn -0.8601 -0.3963 0.3212
vn -0.2394 -0.2371 -0.9415
vn -0.8182 -0.4967 0.2896
vn -0.4164 -0.5899 0.6919
vn -0.6463 -0.4007 -0.6494
vn -0.3885 -0.4628 -0.7968
vn -0.7908 -0.5942 0.1466
vn -0.4239 -0.7414 0.5203
vn -0.6797 -0.7230 0.1237
vn -0.5357 -0.8181 0.2091
vn -0.7164 -0.6104 -0.3380
vn -0.5483 -0.7464 -0.3771
vn 0.1780 0.1316 0.9752
vn 0.1853 -0.0705 0.9802
vn 0.6110 -0.1208 0.7823
vn 0.9591 -0.1135 -0.2593
vn 0.9379 -0.1780 -0.2977
vn 0.5959 0.0333 -0.8024
vn 0.5860 -0.0555 -0.8084
vn 0.9051 -0.2663 -0.3314
vn 0.4848 -0.2877 -0.8259
vn 0.6089 -0.1957 0.7688
vn 0.6007 -0.2896 0.7452
vn 0.8601 -0.3901 -0.3287
vn 0.2394 -0.2550 0.9368
vn 0.8182 -0.4911 -0.2990
vn 0.4164 -0.5766 -0.7029
vn 0.6463 -0.4130 0.6417
vn 0.3885 -0.4779 0.7878
vn 0.7908 -0.5913 -0.1578
vn 0.4239 -0.7313 -0.5343
vn 0.6796 -0.7206 -0.1374
vn 0.5357 -0.8140 -0.2247
vn 0.7163 -0.6168 0.3263
vn 0.5483 -0.7535 0.3628
vn 0.1853 -0.0517 -0.9813
vn 0.1780 0.1501 -0.9725
vn 0.6172 -0.1049 -0.7798
vn 0.9591 -0.1168 0.2578
vn 0.9382 -0.1842 0.2930
vn 0.5959 0.0180 0.8029
vn 0.5860 -0.0708 0.8072
vn 0.9057 -0.2734 0.3238
vn 0.4848 -0.3033 0.8203
vn 0.6074 -0.1818 -0.7733
vn 0.8601 -0.3963 0.3212
vn 0.8179 -0.4963 0.2911
vn 0.5969 -0.2770 -0.7530
vn 0.2394 -0.2371 -0.9415
vn 0.4164 -0.5898 0.6919
vn 0.6462 -0.4006 -0.6495
vn 0.3885 -0.4628 -0.7968
vn 0.7957 -0.5890 0.1414
vn 0.4239 -0.7414 0.5203
vn 0.7148 -0.6145 -0.3339
vn 0.5483 -0.7464 -0.3771
vn 0.6882 -0.7191 0.0961
vn 0.5357 -0.8181 0.2091
vn 0.0824 -0.9965 -0.0150
vn -0.0815 -0.9966 -0.0147
vn 0.0006 -0.9999 -0.0100
vn -0.0000 -0.9999 0.0123
vn 0.0004 -0.9999 0.0125
vn -0.0000 -0.9995 -0.0323
vn 0.0005 -0.9995 -0.0326
vn 0.0827 -0.9966 -0.0050
vn -0.0817 -0.9966 -0.0051
vn 0.2104 -0.9776 -0.0084
vn 0.1831 -0.9823 -0.0396
vn 0.1956 -0.9805 -0.0179
vn 0.0006 -0.9989 -0.0464
vn 0.2106 -0.9775 -0.0076
vn 0.0006 -0.9989 -0.0476
vn 0.2104 -0.9776 -0.0102
vn -0.1956 -0.9805 -0.0179
vn 0.2105 -0.9775 -0.0111
vn -0.1831 -0.9823 -0.0396
vn 0.1956 -0.9807 -0.0008
vn -0.2103 -0.9776 -0.0084
vn 0.1831 -0.9829 0.0209
vn -0.2106 -0.9775 -0.0076
vn 0.0006 -0.9996 0.0274
vn -0.2104 -0.9776 -0.0102
vn 0.0006 -0.9996 0.0286
vn -0.2105 -0.9775 -0.0111
vn -0.1955 -0.9807 -0.0008
vn -0.1831 -0.9829 0.0209
vn -0.7737 0.3128 0.5509
vn -0.8129 0.5824 -0.0071
vn -0.7412 0.2317 0.6300
vn -0.5805 0.0853 0.8098
vn -0.7335 0.6437 -0.2184
vn -0.7004 0.6910 -0.1787
vn -0.4859 0.6577 -0.5756
vn -0.9449 0.2968 -0.1382
vn -0.9907 0.1037 0.0879
vn -0.8955 0.2565 -0.3638
vn -0.7027 0.7021 0.1152
vn -0.5004 0.5239 0.6893
vn -0.6145 0.7715 0.1648
vn -0.5181 0.6133 -0.5961
vn -0.4132 0.6607 -0.6267
vn -0.1905 0.3626 -0.9122
vn -0.7571 0.1144 -0.6432
vn -0.2432 0.2995 -0.9226
vn -0.1454 0.2604 -0.9545
vn -0.6494 -0.0114 -0.7604
vn 0.7737 0.3232 -0.5449
vn 0.8129 0.5821 0.0182
vn 0.7412 0.2436 -0.6255
vn 0.5805 0.1007 -0.8080
vn 0.7335 0.6394 0.2306
vn 0.7004 0.6875 0.1918
vn 0.4859 0.6466 0.5880
vn 0.9449 0.2942 0.1438
vn 0.9907 0.1054 -0.0859
vn 0.8955 0.2495 0.3687
vn 0.7027 0.7041 -0.1019
vn 0.5003 0.5370 -0.6792
vn 0.6145 0.7745 -0.1501
vn 0.5181 0.6019 0.6077
vn 0.4132 0.6486 0.6392
vn 0.1905 0.3452 0.9190
vn 0.7572 0.1022 0.6452
vn 0.2432 0.2819 0.9281
vn 0.1454 0.2421 0.9593
vn 0.6493 -0.0259 0.7601
vn 0.7737 0.3128 0.5509
vn 0.8125 0.5830 -0.0075
vn 0.7335 0.6437 -0.2184
vn 0.7004 0.6910 -0.1787
vn 0.4859 0.6577 -0.5756
vn 0.7416 0.2312 0.6297
vn 0.5805 0.0853 0.8098
vn 0.9446 0.2976 -0.1382
vn 0.9905 0.1051 0.0885
vn 0.8955 0.2565 -0.3638
vn 0.7572 0.1132 -0.6433
vn 0.7035 0.7017 0.1130
vn 0.5004 0.5239 0.6893
vn 0.6145 0.7715 0.1648
vn 0.5181 0.6133 -0.5961
vn 0.4132 0.6607 -0.6267
vn 0.1905 0.3626 -0.9123
vn 0.2425 0.2996 -0.9227
vn 0.1454 0.2604 -0.9545
vn 0.6474 -0.0095 -0.7621
vn -0.1836 -0.8753 0.4475
vn 0.0040 -0.9504 0.3110
vn -0.1555 -0.7709 0.6177
vn 0.0767 -0.9937 0.0823
vn 0.1720 -0.9579 0.2300
vn 0.1766 -0.9836 0.0352
vn -0.0478 -0.7768 0.6279
vn 0.0828 -0.7527 0.6532
vn 0.0018 -0.8056 0.5925
vn -0.0932 -0.8054 0.5854
vn -0.0792 -0.9030 0.4223
vn 0.1095 -0.8514 0.5130
vn 0.0882 -0.9053 0.4156
vn 0.1524 -0.9067 0.3932
vn 0.0013 -0.7935 -0.6086
vn 0.1095 -0.8415 -0.5291
vn 0.0828 -0.7401 -0.6674
vn 0.0882 -0.8972 -0.4327
vn 0.1524 -0.8991 -0.4104
vn -0.0792 -0.8948 -0.4394
vn -0.0932 -0.7941 -0.6006
vn -0.1555 -0.7590 -0.6323
vn -0.0469 -0.7684 -0.6382
vn 0.1720 -0.9533 -0.2482
vn 0.0040 -0.9443 -0.3290
vn -0.1836 -0.8666 -0.4641
vn 0.0767 -0.9919 -0.1012
vn 0.1766 -0.9828 -0.0539
vn 0.1555 -0.7709 0.6177
vn 0.0478 -0.7768 0.6279
vn -0.0040 -0.9504 0.3110
vn 0.1836 -0.8753 0.4475
vn -0.0767 -0.9937 0.0823
vn -0.1720 -0.9579 0.2300
vn -0.1766 -0.9836 0.0352
vn -0.0828 -0.7527 0.6532
vn -0.0006 -0.8041 0.5945
vn 0.0932 -0.8054 0.5854
vn 0.0792 -0.9030 0.4223
vn -0.1095 -0.8514 0.5130
vn -0.0882 -0.9053 0.4156
vn -0.1524 -0.9067 0.3932
vn 0.0469 -0.7709 -0.6352
vn -0.0828 -0.7401 -0.6674
vn -0.0006 -0.7926 -0.6097
vn -0.1720 -0.9533 -0.2482
vn -0.1095 -0.8415 -0.5291
vn -0.0882 -0.8972 -0.4327
vn -0.1524 -0.8991 -0.4104
vn 0.0792 -0.8948 -0.4394
vn 0.0932 -0.7941 -0.6006
vn 0.1555 -0.7590 -0.6323
vn -0.0017 -0.9452 -0.3266
vn 0.1836 -0.8666 -0.4641
vn -0.0767 -0.9919 -0.1012
vn -0.1766 -0.9828 -0.0539
vn -0.8252 0.1291 0.5499
vn -0.8078 -0.0490 0.5874
vn -0.8220 0.1224 0.5561
vn -0.7960 -0.1205 0.5932
vn -0.7141 -0.3302 0.6173
vn -0.6904 -0.3644 0.6249
vn -0.6376 -0.3933 0.6624
vn -0.6443 -0.3787 0.6644
vn -0.8220 0.1330 -0.5537
vn -0.8078 -0.0378 -0.5882
vn -0.8252 0.1395 -0.5473
vn -0.7960 -0.1092 -0.5954
vn -0.7141 -0.3184 -0.6234
vn -0.6904 -0.3525 -0.6317
vn -0.6376 -0.3806 -0.6698
vn -0.6443 -0.3659 -0.6715
vn 0.8078 -0.0490 0.5874
vn 0.8220 0.1224 0.5561
vn 0.7960 -0.1205 0.5932
vn 0.8252 0.1291 0.5499
vn 0.7141 -0.3302 0.6173
vn 0.6904 -0.3644 0.6249
vn 0.6376 -0.3933 0.6624
vn 0.6443 -0.3787 0.6644
vn 0.8078 -0.0378 -0.5882
vn 0.8220 0.1330 -0.5537
vn 0.8252 0.1395 -0.5473
vn 0.7960 -0.1092 -0.5954
vn 0.7141 -0.3184 -0.6234
vn 0.6905 -0.3524 -0.6317
vn 0.6376 -0.3806 -0.6698
vn 0.6443 -0.3660 -0.6715
vn 0.0003 -0.9901 0.1403
vn -0.0894 -0.9600 0.2654
vn -0.1783 -0.9238 0.3389
vn -0.3002 -0.7799 0.5492
vn 0.0894 -0.9600 0.2654
vn 0.1783 -0.9238 0.3389
vn 0.3002 -0.7799 0.5492
vn 0.0003 -0.9873 -0.1591
vn 0.0894 -0.9547 -0.2837
vn 0.1783 -0.9171 -0.3564
vn 0.3002 -0.7694 -0.5638
vn -0.0894 -0.9547 -0.2837
vn -0.1783 -0.9171 -0.3564
vn -0.3002 -0.7694 -0.5638
vn -0.2572 -0.9323 0.2544
vn 0.1181 -0.9827 0.1427
vn -0.1183 -0.9827 0.1425
vn -0.3558 -0.8925 0.2772
vn -0.3281 -0.9045 0.2724
vn 0.2572 -0.9323 0.2545
vn 0.3558 -0.8925 0.2772
vn 0.3283 -0.9044 0.2727
vn 0.2572 -0.9272 -0.2721
vn -0.2572 -0.9272 -0.2721
vn 0.1181 -0.9798 -0.1614
vn 0.3558 -0.8871 -0.2941
vn 0.3281 -0.8991 -0.2896
vn -0.1183 -0.9798 -0.1612
vn -0.3558 -0.8871 -0.2941
vn -0.3283 -0.8990 -0.2898
vn -0.7814 -0.3344 0.5269
vn -0.7698 -0.1533 0.6196
vn -0.7709 -0.1487 0.6193
vn -0.7758 -0.3974 0.4901
vn -0.6934 -0.6250 0.3586
vn -0.6703 -0.6587 0.3417
vn -0.6242 -0.6899 0.3668
vn -0.6157 -0.6963 0.3689
vn -0.7698 -0.1415 -0.6224
vn -0.7814 -0.3243 -0.5332
vn -0.7710 -0.1370 -0.6219
vn -0.7758 -0.3880 -0.4976
vn -0.6934 -0.6180 -0.3704
vn -0.6703 -0.6521 -0.3542
vn -0.6241 -0.6828 -0.3798
vn -0.6157 -0.6892 -0.3821
vn 0.7814 -0.3344 0.5269
vn 0.7710 -0.1488 0.6192
vn 0.7698 -0.1533 0.6196
vn 0.7758 -0.3974 0.4900
vn 0.6934 -0.6250 0.3586
vn 0.6703 -0.6587 0.3417
vn 0.6241 -0.6899 0.3667
vn 0.6157 -0.6963 0.3689
vn 0.7698 -0.1415 -0.6224
vn 0.7813 -0.3243 -0.5332
vn 0.7758 -0.3880 -0.4976
vn 0.7709 -0.1369 -0.6220
vn 0.6934 -0.6180 -0.3704
vn 0.6703 -0.6521 -0.3542
vn 0.6241 -0.6828 -0.3798
vn 0.6157 -0.6892 -0.3821
vn -0.7599 0.6388 0.1206
vn -0.6995 0.6660 0.2591
vn -0.6531 0.6710 0.3509
vn -0.3927 0.6219 0.6775
vn -0.4678 0.6557 0.5926
vn -0.1618 0.5086 0.8457
vn -0.7599 0.6409 -0.1088
vn -0.6531 0.6776 -0.3381
vn -0.6995 0.6708 -0.2463
vn -0.3927 0.6347 -0.6655
vn -0.4678 0.6669 -0.5800
vn -0.1618 0.5246 -0.8358
vn 0.7599 0.6388 0.1206
vn 0.6531 0.6710 0.3509
vn 0.6995 0.6660 0.2591
vn 0.3927 0.6219 0.6776
vn 0.4678 0.6557 0.5926
vn 0.1618 0.5086 0.8457
vn 0.7599 0.6409 -0.1088
vn 0.6996 0.6708 -0.2462
vn 0.6531 0.6776 -0.3381
vn 0.3927 0.6346 -0.6656
vn 0.4678 0.6669 -0.5800
vn 0.1618 0.5246 -0.8359
vn -0.0638 -0.9940 0.0893
vn -0.0242 -0.9714 0.2362
vn 0.1226 -0.9894 0.0777
vn -0.0296 -0.9583 0.2844
vn 0.2516 -0.9645 0.0798
vn -0.0909 -0.9335 0.3468
vn -0.0925 -0.9275 0.3621
vn 0.0530 -0.9897 0.1333
vn 0.0334 -0.9759 0.2158
vn -0.0707 -0.8670 0.4933
vn 0.0669 -0.9973 0.0317
vn 0.0019 -0.9974 0.0722
vn 0.0669 -0.9965 -0.0506
vn 0.1139 -0.9934 -0.0098
vn 0.0530 -0.9870 -0.1520
vn 0.0334 -0.9716 -0.2344
vn 0.0019 -0.9958 -0.0912
vn -0.0242 -0.9667 -0.2546
vn -0.0707 -0.8574 -0.5097
vn -0.0909 -0.9268 -0.3645
vn -0.0296 -0.9527 -0.3026
vn -0.0925 -0.9205 -0.3797
vn 0.1226 -0.9878 -0.0965
vn -0.0642 -0.9921 -0.1079
vn 0.2516 -0.9628 -0.0982
vn 0.0638 -0.9940 0.0893
vn -0.1226 -0.9894 0.0777
vn 0.0242 -0.9714 0.2362
vn 0.0296 -0.9583 0.2844
vn -0.2516 -0.9645 0.0798
vn 0.0909 -0.9335 0.3468
vn 0.0925 -0.9275 0.3621
vn -0.0530 -0.9897 0.1333
vn -0.0334 -0.9759 0.2158
vn 0.0707 -0.8670 0.4933
vn -0.0669 -0.9973 0.0317
vn -0.0019 -0.9974 0.0722
vn -0.0669 -0.9965 -0.0506
vn -0.1139 -0.9934 -0.0098
vn -0.0530 -0.9870 -0.1520
vn -0.0334 -0.9716 -0.2344
vn -0.0019 -0.9958 -0.0912
vn 0.0242 -0.9667 -0.2546
vn 0.0707 -0.8574 -0.5097
vn 0.0909 -0.9268 -0.3645
vn 0.0296 -0.9527 -0.3026
vn 0.0926 -0.9205 -0.3797
vn -0.1226 -0.9878 -0.0965
vn -0.2516 -0.9628 -0.0982
vn 0.0642 -0.9921 -0.1079
vn -0.3743 -0.6532 0.6582
vn -0.1230 -0.7981 0.5899
vn -0.3790 -0.6522 0.6565
vn -0.2735 -0.7033 0.6562
vn 0.1230 -0.7980 0.5899
vn 0.2735 -0.7033 0.6561
vn 0.3743 -0.6532 0.6582
vn 0.3790 -0.6521 0.6566
vn -0.3743 -0.6405 -0.6705
vn -0.1230 -0.7868 -0.6049
vn -0.2734 -0.6907 -0.6694
vn -0.3790 -0.6395 -0.6688
vn 0.1230 -0.7867 -0.6050
vn 0.2734 -0.6908 -0.6694
vn 0.3743 -0.6405 -0.6705
vn 0.3790 -0.6395 -0.6688
vn -0.1092 -0.0359 -0.9934
vn -0.2573 -0.1535 -0.9541
vn -0.0571 0.1111 -0.9922
vn -0.2743 -0.1482 -0.9501
vn 0.0311 0.2075 -0.9777
vn -0.2677 -0.1983 -0.9429
vn 0.0492 0.6956 -0.7167
vn -0.2760 -0.2272 -0.9339
vn 0.0342 0.6959 -0.7173
vn -0.2280 -0.2524 -0.9404
vn 0.0164 0.9407 -0.3389
vn -0.2178 -0.3161 -0.9234
vn 0.0413 0.9885 -0.1453
vn 0.0458 0.9979 -0.0468
vn 0.0195 0.9993 -0.0327
vn -0.1990 -0.4651 -0.8626
vn -0.2185 -0.6496 -0.7282
vn -0.1747 -0.7717 -0.6115
vn -0.1964 -0.8384 -0.5085
vn -0.1250 -0.8823 -0.4539
vn -0.2317 -0.9207 -0.3139
vn -0.0517 -0.9529 -0.2988
vn -0.0475 -0.9862 -0.1586
vn -0.0456 -0.8836 0.4661
vn -0.0447 -0.9214 0.3861
vn -0.0295 -0.3889 0.9208
vn 0.0140 -0.4016 0.9157
vn -0.0360 -0.3365 0.9410
vn -0.1149 -0.2286 0.9667
vn -0.0348 -0.3474 0.9371
vn -0.1092 -0.0548 0.9925
vn -0.2573 -0.1716 0.9510
vn -0.2743 -0.1663 0.9472
vn -0.2677 -0.2162 0.9389
vn -0.0571 0.0921 0.9941
vn -0.2760 -0.2450 0.9294
vn 0.0311 0.1889 0.9815
vn -0.2280 -0.2703 0.9354
vn 0.0492 0.6819 0.7298
vn -0.2178 -0.3337 0.9172
vn 0.0342 0.6821 0.7305
vn -0.1989 -0.4814 0.8536
vn 0.0164 0.9341 0.3567
vn -0.2185 -0.6634 0.7157
vn 0.0413 0.9856 0.1640
vn 0.0458 0.9968 0.0658
vn 0.0195 0.9985 0.0518
vn -0.1747 -0.7832 0.5967
vn -0.1964 -0.8479 0.4924
vn -0.1251 -0.8907 0.4370
vn -0.2317 -0.9265 0.2964
vn -0.0517 -0.9584 0.2805
vn -0.0474 -0.9890 0.1398
vn -0.0456 -0.8745 -0.4828
vn -0.0447 -0.9139 -0.4036
vn -0.0295 -0.3713 -0.9280
vn 0.0140 -0.3841 -0.9232
vn -0.0360 -0.3185 -0.9472
vn -0.0348 -0.3295 -0.9435
vn -0.1149 -0.2101 -0.9709
vn 0.2573 -0.1535 -0.9541
vn 0.1092 -0.0359 -0.9934
vn 0.0571 0.1111 -0.9922
vn -0.0311 0.2075 -0.9777
vn 0.2743 -0.1482 -0.9502
vn -0.0492 0.6956 -0.7167
vn 0.2677 -0.1983 -0.9429
vn -0.0342 0.6959 -0.7173
vn 0.2760 -0.2272 -0.9339
vn -0.0164 0.9407 -0.3389
vn 0.2280 -0.2524 -0.9404
vn -0.0413 0.9885 -0.1452
vn -0.0458 0.9979 -0.0468
vn -0.0195 0.9993 -0.0327
vn 0.2177 -0.3162 -0.9234
vn 0.1989 -0.4651 -0.8626
vn 0.2185 -0.6496 -0.7282
vn 0.1747 -0.7717 -0.6115
vn 0.1964 -0.8384 -0.5085
vn 0.1250 -0.8823 -0.4539
vn 0.2317 -0.9207 -0.3139
vn 0.0517 -0.9529 -0.2988
vn 0.0474 -0.9862 -0.1586
vn 0.0456 -0.8836 0.4661
vn 0.0447 -0.9214 0.3861
vn 0.0295 -0.3889 0.9208
vn -0.0140 -0.4016 0.9157
vn 0.0360 -0.3365 0.9410
vn 0.0348 -0.3474 0.9371
vn 0.1149 -0.2286 0.9667
vn 0.2573 -0.1716 0.9510
vn 0.1092 -0.0548 0.9925
vn 0.2743 -0.1663 0.9472
vn 0.2677 -0.2162 0.9389
vn 0.0571 0.0921 0.9941
vn 0.2760 -0.2450 0.9294
vn -0.0311 0.1889 0.9815
vn 0.2280 -0.2703 0.9354
vn -0.0492 0.6819 0.7298
vn 0.2178 -0.3336 0.9172
vn -0.0342 0.6821 0.7305
vn 0.1990 -0.4814 0.8536
vn -0.0164 0.9341 0.3567
vn 0.2185 -0.6634 0.7157
vn -0.0413 0.9856 0.1640
vn -0.0458 0.9968 0.0658
vn -0.0195 0.9985 0.0518
vn 0.1747 -0.7832 0.5967
vn 0.1964 -0.8479 0.4925
vn 0.1250 -0.8907 0.4370
vn 0.2317 -0.9265 0.2964
vn 0.0517 -0.9584 0.2805
vn 0.0475 -0.9890 0.1398
vn 0.0456 -0.8745 -0.4828
vn 0.0447 -0.9139 -0.4036
vn 0.0295 -0.3713 -0.9280
vn -0.0140 -0.3841 -0.9232
vn 0.0360 -0.3185 -0.9472
vn 0.0348 -0.3295 -0.9435
vn 0.1149 -0.2101 -0.9709
vn 0.0757 0.6254 0.7766
vn 0.0424 0.3763 0.9255
vn 0.0455 0.3791 0.9242
vn 0.0856 0.6624 0.7442
vn 0.1499 0.9864 0.0678
vn 0.1334 0.9788 -0.1553
vn 0.0915 0.8308 -0.5490
vn 0.1220 0.5782 -0.8067
vn 0.0217 0.3689 -0.9292
vn 0.0732 0.3427 -0.9366
vn 0.0424 0.3938 -0.9182
vn 0.0757 0.6401 -0.7645
vn 0.0455 0.3966 -0.9169
vn 0.0856 0.6765 -0.7315
vn 0.1500 0.9875 -0.0490
vn 0.1334 0.9757 0.1739
vn 0.0916 0.8202 0.5647
vn 0.1220 0.5628 0.8175
vn 0.0217 0.3511 0.9361
vn 0.0732 0.3249 0.9429
vn -0.0757 0.6254 0.7766
vn -0.0424 0.3763 0.9255
vn -0.0856 0.6624 0.7442
vn -0.0455 0.3791 0.9242
vn -0.1500 0.9864 0.0678
vn -0.1334 0.9788 -0.1553
vn -0.0916 0.8308 -0.5490
vn -0.1220 0.5782 -0.8067
vn -0.0217 0.3689 -0.9292
vn -0.0732 0.3427 -0.9366
vn -0.0757 0.6401 -0.7645
vn -0.0424 0.3938 -0.9182
vn -0.0455 0.3966 -0.9169
vn -0.0856 0.6765 -0.7315
vn -0.1500 0.9875 -0.0490
vn -0.1334 0.9757 0.1739
vn -0.0915 0.8202 0.5647
vn -0.1220 0.5628 0.8175
vn -0.0217 0.3511 0.9361
vn -0.0732 0.3249 0.9429
vn 0.0785 0.0100 -0.9969
vn 0.0899 0.0991 -0.9910
vn 0.0788 -0.0145 -0.9968
vn 0.0931 0.1711 -0.9808
vn 0.0967 0.2326 -0.9678
vn 0.0718 -0.1094 -0.9914
vn 0.0791 -0.1098 -0.9908
vn 0.1049 -0.0983 -0.9896
vn 0.0971 -0.0551 -0.9937
vn 0.0809 -0.0590 -0.9950
vn 0.0547 -0.0186 -0.9983
vn 0.0785 -0.0089 0.9969
vn 0.0899 0.0802 0.9927
vn 0.0931 0.1524 0.9839
vn 0.0969 0.2145 0.9719
vn 0.0788 -0.0335 0.9963
vn 0.0718 -0.1283 0.9891
vn 0.0789 -0.1287 0.9885
vn 0.1049 -0.1171 0.9876
vn 0.0971 -0.0740 0.9925
vn 0.0809 -0.0779 0.9937
vn 0.0547 -0.0376 0.9978
vn -0.0785 0.0100 -0.9969
vn -0.0899 0.0991 -0.9910
vn -0.0931 0.1711 -0.9808
vn -0.0967 0.2326 -0.9678
vn -0.0788 -0.0145 -0.9968
vn -0.0718 -0.1094 -0.9914
vn -0.0789 -0.1099 -0.9908
vn -0.1049 -0.0983 -0.9896
vn -0.0971 -0.0551 -0.9937
vn -0.0809 -0.0590 -0.9950
vn -0.0547 -0.0186 -0.9983
vn -0.0899 0.0802 0.9927
vn -0.0785 -0.0089 0.9969
vn -0.0931 0.1524 0.9839
vn -0.0969 0.2145 0.9719
vn -0.0788 -0.0335 0.9963
vn -0.0718 -0.1283 0.9891
vn -0.0791 -0.1286 0.9885
vn -0.1049 -0.1171 0.9876
vn -0.0971 -0.0740 0.9925
vn -0.0809 -0.0779 0.9937
vn -0.0547 -0.0376 0.9978
vn 0.3585 0.0830 -0.9298
vn 0.3340 0.0857 -0.9387
vn 0.3739 0.0708 -0.9247
vn 0.3090 0.0466 -0.9499
vn 0.2614 0.0067 -0.9652
vn 0.4270 0.0563 -0.9025
vn 0.4304 0.0498 -0.9013
vn 0.4479 0.0425 -0.8931
vn 0.4487 0.0526 -0.8921
vn 0.4480 0.0444 -0.8930
vn 0.3585 0.0654 0.9312
vn 0.3340 0.0678 0.9401
vn 0.3090 0.0286 0.9506
vn 0.2612 -0.0119 0.9652
vn 0.3739 0.0532 0.9259
vn 0.4270 0.0392 0.9034
vn 0.4304 0.0326 0.9021
vn 0.4479 0.0255 0.8937
vn 0.4487 0.0356 0.8930
vn 0.4479 0.0273 0.8936
vn -0.3340 0.0857 -0.9387
vn -0.3585 0.0830 -0.9298
vn -0.3739 0.0708 -0.9247
vn -0.3090 0.0466 -0.9499
vn -0.2614 0.0067 -0.9652
vn -0.4270 0.0563 -0.9025
vn -0.4304 0.0498 -0.9013
vn -0.4479 0.0425 -0.8931
vn -0.4487 0.0526 -0.8921
vn -0.4480 0.0443 -0.8930
vn -0.3340 0.0678 0.9401
vn -0.3585 0.0653 0.9312
vn -0.3090 0.0286 0.9506
vn -0.2612 -0.0119 0.9652
vn -0.3739 0.0532 0.9259
vn -0.4270 0.0392 0.9034
vn -0.4304 0.0326 0.9021
vn -0.4479 0.0254 0.8937
vn -0.4487 0.0356 0.8930
vn -0.4479 0.0273 0.8937
vn 0.1218 0.2931 -0.9483
vn 0.1143 0.3510 -0.9294
vn 0.1744 0.2405 -0.9548
vn 0.0386 0.3239 -0.9453
vn -0.0100 0.3018 -0.9533
vn 0.2131 0.1515 -0.9652
vn 0.2214 0.1111 -0.9688
vn 0.2461 0.0037 -0.9692
vn 0.2445 0.0031 -0.9696
vn 0.2521 -0.0312 -0.9672
vn 0.2557 -0.0410 -0.9659
vn 0.1219 0.2750 0.9537
vn 0.1143 0.3333 0.9359
vn 0.0387 0.3059 0.9513
vn -0.0100 0.2835 0.9589
vn 0.1745 0.2223 0.9592
vn 0.2131 0.1331 0.9679
vn 0.2214 0.0927 0.9708
vn 0.2461 -0.0147 0.9691
vn 0.2445 -0.0153 0.9695
vn 0.2521 -0.0496 0.9664
vn 0.2557 -0.0594 0.9649
vn -0.1143 0.3510 -0.9294
vn -0.1218 0.2931 -0.9483
vn -0.1744 0.2405 -0.9548
vn -0.0386 0.3239 -0.9453
vn 0.0100 0.3018 -0.9533
vn -0.2131 0.1514 -0.9652
vn -0.2214 0.1111 -0.9688
vn -0.2460 0.0037 -0.9693
vn -0.2445 0.0031 -0.9696
vn -0.2521 -0.0312 -0.9672
vn -0.2557 -0.0410 -0.9659
vn -0.1143 0.3333 0.9359
vn -0.1218 0.2750 0.9537
vn -0.0387 0.3059 0.9513
vn 0.0100 0.2835 0.9589
vn -0.1745 0.2223 0.9592
vn -0.2131 0.1331 0.9679
vn -0.2214 0.0927 0.9708
vn -0.2460 -0.0147 0.9692
vn -0.2445 -0.0153 0.9695
vn -0.2521 -0.0496 0.9664
vn -0.2557 -0.0594 0.9649
vn 0.8771 0.4796 -0.0250
vn 0.9290 0.3573 -0.0967
vn 0.9361 0.3197 -0.1466
vn 0.9539 0.0448 -0.2968
vn 0.9549 0.0395 -0.2944
vn 0.9655 -0.0430 -0.2570
vn 0.9689 -0.0350 -0.2451
vn 0.9540 0.0876 -0.2868
vn 0.9419 0.1291 -0.3099
vn 0.8968 0.2621 -0.3564
vn 0.8969 0.2577 -0.3595
vn 0.8772 0.4790 0.0341
vn 0.9361 0.3169 0.1527
vn 0.9290 0.3554 0.1035
vn 0.9539 0.0391 0.2976
vn 0.9549 0.0338 0.2951
vn 0.9655 -0.0479 0.2561
vn 0.9689 -0.0396 0.2444
vn 0.9540 0.0821 0.2884
vn 0.9420 0.1232 0.3123
vn 0.8968 0.2551 0.3614
vn 0.8969 0.2507 0.3644
vn -0.8771 0.4796 -0.0250
vn -0.9361 0.3197 -0.1466
vn -0.9290 0.3573 -0.0967
vn -0.9539 0.0448 -0.2968
vn -0.9549 0.0395 -0.2944
vn -0.9655 -0.0430 -0.2570
vn -0.9689 -0.0350 -0.2451
vn -0.9540 0.0876 -0.2868
vn -0.9419 0.1291 -0.3099
vn -0.8968 0.2622 -0.3564
vn -0.8969 0.2576 -0.3595
vn -0.8772 0.4790 0.0341
vn -0.9290 0.3554 0.1035
vn -0.9361 0.3169 0.1527
vn -0.9539 0.0391 0.2976
vn -0.9549 0.0338 0.2951
vn -0.9655 -0.0479 0.2561
vn -0.9689 -0.0396 0.2444
vn -0.9540 0.0821 0.2884
vn -0.9420 0.1232 0.3123
vn -0.8968 0.2551 0.3614
vn -0.8969 0.2507 0.3644
vn 0.9505 0.2761 0.1424
vn 0.9948 0.0331 0.0960
vn 0.9945 0.0227 0.1021
vn 0.9953 -0.0695 0.0675
vn 0.9971 -0.0570 0.0497
vn 0.9369 0.3125 0.1566
vn 0.8166 0.5015 0.2856
vn 0.7934 0.5211 0.3146
vn 0.7096 0.5303 0.4640
vn 0.6994 0.5173 0.4931
vn 0.6841 0.4977 0.5333
vn 0.9369 0.3154 -0.1506
vn 0.9505 0.2788 -0.1371
vn 0.9948 0.0350 -0.0953
vn 0.9945 0.0247 -0.1017
vn 0.9953 -0.0682 -0.0688
vn 0.9971 -0.0560 -0.0508
vn 0.8166 0.5069 -0.2760
vn 0.7934 0.5270 -0.3047
vn 0.7096 0.5390 -0.4538
vn 0.6994 0.5266 -0.4832
vn 0.6841 0.5077 -0.5237
vn -0.9505 0.2761 0.1424
vn -0.9945 0.0227 0.1021
vn -0.9948 0.0331 0.0960
vn -0.9953 -0.0695 0.0675
vn -0.9971 -0.0570 0.0497
vn -0.9369 0.3125 0.1566
vn -0.8166 0.5015 0.2856
vn -0.7934 0.5211 0.3146
vn -0.7096 0.5303 0.4640
vn -0.6994 0.5173 0.4931
vn -0.6841 0.4977 0.5333
vn -0.9369 0.3154 -0.1506
vn -0.9948 0.0350 -0.0953
vn -0.9505 0.2788 -0.1371
vn -0.9945 0.0247 -0.1017
vn -0.9953 -0.0682 -0.0688
vn -0.9971 -0.0561 -0.0508
vn -0.8166 0.5069 -0.2760
vn -0.7934 0.5270 -0.3047
vn -0.7096 0.5390 -0.4538
vn -0.6994 0.5266 -0.4832
vn -0.6841 0.5077 -0.5237
vn 0.6973 -0.2656 -0.6658
vn 0.6974 -0.2775 0.6608
vn 0.6974 -0.2775 0.6607
vn -0.6973 -0.2654 -0.6658
vn -0.6973 -0.2780 0.6606
vn -0.6974 -0.2780 0.6606
vn 0.7678 0.2257 0.5996
vn 0.7977 0.1396 0.5866
vn 0.8023 0.1372 0.5809
vn 0.8204 0.1310 0.5565
vn 0.8256 0.1264 0.5499
vn 0.7570 0.2709 0.5946
vn 0.7288 0.3593 0.5829
vn 0.7293 0.3548 0.5851
vn 0.7295 0.3482 0.5887
vn 0.7678 0.2371 -0.5952
vn 0.7978 0.1507 -0.5838
vn 0.7570 0.2822 -0.5893
vn 0.8024 0.1482 -0.5781
vn 0.8204 0.1416 -0.5539
vn 0.8256 0.1369 -0.5474
vn 0.7288 0.3703 -0.5759
vn 0.7293 0.3658 -0.5782
vn 0.7295 0.3593 -0.5820
vn -0.7678 0.2257 0.5996
vn -0.8023 0.1372 0.5809
vn -0.7978 0.1396 0.5866
vn -0.8204 0.1310 0.5565
vn -0.8256 0.1264 0.5499
vn -0.7570 0.2709 0.5946
vn -0.7288 0.3593 0.5829
vn -0.7293 0.3548 0.5850
vn -0.7295 0.3482 0.5887
vn -0.8023 0.1483 -0.5782
vn -0.7678 0.2371 -0.5952
vn -0.7978 0.1507 -0.5838
vn -0.8204 0.1416 -0.5539
vn -0.8256 0.1369 -0.5474
vn -0.7571 0.2822 -0.5893
vn -0.7288 0.3703 -0.5759
vn -0.7293 0.3658 -0.5782
vn -0.7295 0.3593 -0.5820
vn 0.8880 0.1611 -0.4308
vn 0.3908 0.0509 -0.9191
vn 0.3743 0.0420 -0.9264
vn 0.9112 0.1053 -0.3983
vn 0.3651 0.1131 -0.9241
vn 0.9616 0.0966 0.2570
vn 0.9728 0.1795 0.1464
vn 0.9501 -0.0056 0.3118
vn 0.3654 0.1373 -0.9207
vn 0.9436 0.0009 0.3312
vn 0.3691 0.2241 -0.9020
vn 0.3533 0.2305 -0.9067
vn 0.3111 0.2443 -0.9185
vn 0.8649 0.0325 0.5009
vn 0.8337 0.0265 0.5516
vn 0.7928 0.0101 0.6094
vn 0.3908 0.0334 0.9199
vn 0.8880 0.1529 0.4338
vn 0.3743 0.0244 0.9270
vn 0.9112 0.0977 0.4002
vn 0.3651 0.0955 0.9261
vn 0.9616 0.1015 -0.2551
vn 0.9728 0.1823 -0.1430
vn 0.9501 0.0003 -0.3119
vn 0.3654 0.1198 0.9231
vn 0.9436 0.0072 -0.3311
vn 0.3691 0.2069 0.9061
vn 0.3533 0.2132 0.9109
vn 0.3109 0.2271 0.9229
vn 0.8649 0.0420 -0.5001
vn 0.8337 0.0370 -0.5510
vn 0.7930 0.0216 -0.6089
vn -0.3908 0.0509 -0.9191
vn -0.8880 0.1611 -0.4308
vn -0.3743 0.0420 -0.9264
vn -0.9112 0.1053 -0.3983
vn -0.3651 0.1131 -0.9241
vn -0.9616 0.0966 0.2570
vn -0.9728 0.1795 0.1464
vn -0.9501 -0.0056 0.3119
vn -0.3654 0.1373 -0.9207
vn -0.9436 0.0009 0.3312
vn -0.3691 0.2241 -0.9020
vn -0.3533 0.2305 -0.9067
vn -0.3111 0.2443 -0.9185
vn -0.8649 0.0325 0.5009
vn -0.8337 0.0265 0.5516
vn -0.7928 0.0101 0.6094
vn -0.3908 0.0334 0.9199
vn -0.8880 0.1529 0.4337
vn -0.9112 0.0977 0.4002
vn -0.3743 0.0244 0.9270
vn -0.3651 0.0955 0.9261
vn -0.9616 0.1015 -0.2551
vn -0.9728 0.1823 -0.1430
vn -0.9501 0.0003 -0.3119
vn -0.3654 0.1198 0.9231
vn -0.9436 0.0072 -0.3311
vn -0.3691 0.2069 0.9061
vn -0.3533 0.2132 0.9109
vn -0.3109 0.2271 0.9229
vn -0.8649 0.0420 -0.5001
vn -0.8337 0.0370 -0.5510
vn -0.7930 0.0216 -0.6089
vt 0.364014 0.935791
vt 0.340820 0.941772
vt 0.317383 0.935791
vt 0.343262 0.608643
vt 0.343506 0.649902
vt 0.316406 0.604492
vt 0.346924 0.629395
vt 0.388672 0.610107
vt 0.387939 0.604248
vt 0.316406 0.596436
vt 0.385986 0.600098
vt 0.376953 0.596436
vt 0.381836 0.597412
vt 0.463135 0.910950
vt 0.458008 0.926575
vt 0.455811 0.911743
vt 0.452881 0.927673
vt 0.448242 0.912354
vt 0.009682 0.799927
vt 0.013039 0.796143
vt 0.017715 0.793823
vt 0.448242 0.929321
vt 0.007210 0.805176
vt 0.442871 0.931519
vt 0.441650 0.912598
vt 0.073486 0.805054
vt 0.006668 0.811646
vt 0.436768 0.933655
vt 0.022659 0.793091
vt 0.073486 0.794067
vt 0.010109 0.789185
vt 0.102051 0.767456
vt 0.060883 0.789185
vt 0.462891 0.926086
vt 0.010109 0.773560
vt 0.202637 0.795044
vt 0.189575 0.789185
vt 0.202637 0.804443
vt 0.208008 0.794189
vt 0.190674 0.725586
vt 0.194580 0.788330
vt 0.109985 0.765625
vt 0.117188 0.761475
vt 0.122986 0.755493
vt 0.187378 0.749268
vt 0.021439 0.567383
vt 0.028198 0.568115
vt 0.021484 0.579102
vt 0.196411 0.729980
vt 0.028214 0.579102
vt 0.034180 0.568115
vt 0.187378 0.719971
vt 0.034210 0.579102
vt 0.092773 0.579102
vt 0.092773 0.568115
vt 0.918945 0.937256
vt 0.935547 0.905457
vt 0.935547 0.965546
vt 0.918457 0.972137
vt 0.935547 0.995323
vt 0.919434 0.967346
vt 0.918457 0.962524
vt 0.917969 0.941986
vt 0.618652 0.754883
vt 0.618652 0.759888
vt 0.630371 0.759888
vt 0.630371 0.754883
vt 0.630371 0.750000
vt 0.618652 0.750000
vt 0.918457 0.932373
vt 0.630371 0.744873
vt 0.618652 0.744873
vt 0.916504 0.928040
vt 0.618652 0.739990
vt 0.912598 0.924927
vt 0.915527 0.915100
vt 0.918457 0.911011
vt 0.630371 0.755005
vt 0.630371 0.760010
vt 0.618652 0.755005
vt 0.919434 0.906189
vt 0.618652 0.745117
vt 0.630371 0.745117
vt 0.918457 0.901428
vt 0.934082 0.896484
vt 0.101624 0.568115
vt 0.101685 0.579102
vt 0.110535 0.579102
vt 0.110535 0.568115
vt 0.929688 0.888367
vt 0.119385 0.579102
vt 0.119385 0.568115
vt 0.923340 0.881958
vt 0.915527 0.897339
vt 0.630371 0.739990
vt 0.630371 0.735107
vt 0.911621 0.894592
vt 0.618652 0.735107
vt 0.630371 0.730225
vt 0.906738 0.893677
vt 0.915039 0.877808
vt 0.128174 0.568115
vt 0.128296 0.579102
vt 0.137085 0.579102
vt 0.137085 0.568115
vt 0.906250 0.876404
vt 0.145874 0.579102
vt 0.145874 0.568115
vt 0.897461 0.877808
vt 0.154785 0.568115
vt 0.901855 0.894592
vt 0.889160 0.881958
vt 0.618652 0.730225
vt 0.630371 0.725098
vt 0.618652 0.725098
vt 0.630371 0.720215
vt 0.897949 0.897339
vt 0.618652 0.720215
vt 0.630371 0.715088
vt 0.895020 0.901428
vt 0.882812 0.888428
vt 0.163696 0.568115
vt 0.163696 0.579102
vt 0.172485 0.568115
vt 0.878906 0.896545
vt 0.172607 0.579102
vt 0.181396 0.579102
vt 0.181396 0.568115
vt 0.894043 0.906250
vt 0.877441 0.905518
vt 0.630371 0.710205
vt 0.618652 0.710205
vt 0.630371 0.705078
vt 0.895020 0.911072
vt 0.618652 0.705078
vt 0.630371 0.700195
vt 0.897949 0.915161
vt 0.895508 0.930176
vt 0.618652 0.719971
vt 0.618652 0.724854
vt 0.630371 0.724854
vt 0.630371 0.719971
vt 0.898438 0.926392
vt 0.618652 0.715088
vt 0.894043 0.934937
vt 0.618652 0.709961
vt 0.894531 0.939850
vt 0.877441 0.986801
vt 0.260498 0.568115
vt 0.260742 0.579102
vt 0.268311 0.579102
vt 0.268311 0.568115
vt 0.901855 0.978973
vt 0.876465 0.995323
vt 0.897949 0.976242
vt 0.895020 0.972168
vt 0.894043 0.967346
vt 0.895020 0.962555
vt 0.601562 0.745117
vt 0.601562 0.739990
vt 0.613281 0.739990
vt 0.613281 0.745117
vt 0.897949 0.958466
vt 0.896973 0.944183
vt 0.613281 0.750000
vt 0.601562 0.750000
vt 0.618652 0.699951
vt 0.900879 0.947296
vt 0.630371 0.699951
vt 0.630371 0.695068
vt 0.618652 0.695068
vt 0.905273 0.948700
vt 0.901855 0.955719
vt 0.601562 0.735107
vt 0.601562 0.730225
vt 0.613281 0.735107
vt 0.906738 0.954773
vt 0.601562 0.725098
vt 0.613281 0.725098
vt 0.911621 0.955719
vt 0.910156 0.948181
vt 0.613281 0.730225
vt 0.630371 0.769897
vt 0.630371 0.764893
vt 0.618652 0.769897
vt 0.630371 0.689941
vt 0.618652 0.689941
vt 0.618652 0.764893
vt 0.914551 0.945831
vt 0.915527 0.958435
vt 0.601562 0.720215
vt 0.601562 0.715088
vt 0.613281 0.720215
vt 0.613281 0.715088
vt 0.553711 0.737061
vt 0.554199 0.716064
vt 0.556641 0.732910
vt 0.557617 0.719971
vt 0.560547 0.729980
vt 0.613281 0.710205
vt 0.552734 0.741943
vt 0.536133 0.740234
vt 0.613281 0.705078
vt 0.601562 0.710205
vt 0.553711 0.746826
vt 0.613281 0.700195
vt 0.601562 0.705078
vt 0.556641 0.750977
vt 0.536133 0.779053
vt 0.213867 0.706055
vt 0.462402 0.734131
vt 0.193726 0.722168
vt 0.444824 0.706055
vt 0.083862 0.604492
vt 0.260010 0.604492
vt 0.083862 0.654053
vt 0.453613 0.704834
vt 0.459473 0.700684
vt 0.462402 0.695068
vt 0.260010 0.654053
vt 0.612793 0.787842
vt 0.620605 0.789795
vt 0.605957 0.783569
vt 0.600098 0.777344
vt 0.596680 0.769775
vt 0.595215 0.761719
vt 0.565430 0.754761
vt 0.560547 0.753784
vt 0.601562 0.695068
vt 0.601562 0.690186
vt 0.613281 0.690186
vt 0.613281 0.695068
vt 0.601562 0.770020
vt 0.601562 0.765015
vt 0.613281 0.770020
vt 0.613281 0.765015
vt 0.570312 0.753784
vt 0.613281 0.760010
vt 0.574707 0.750977
vt 0.613281 0.755005
vt 0.601562 0.755005
vt 0.577148 0.746826
vt 0.601562 0.760010
vt 0.578613 0.741943
vt 0.906738 0.979919
vt 0.911621 0.978958
vt 0.601562 0.700195
vt 0.915527 0.976227
vt 0.276367 0.579102
vt 0.276367 0.568115
vt 0.284424 0.568115
vt 0.284424 0.579102
vt 0.292236 0.568115
vt 0.292236 0.579102
vt 0.300049 0.568115
vt 0.300049 0.579102
vt 0.316406 0.654053
vt 0.607910 0.785156
vt 0.598145 0.773560
vt 0.830566 0.976257
vt 0.810547 0.995396
vt 0.826660 0.967377
vt 0.839355 0.979935
vt 0.124939 0.752319
vt 0.869629 0.995396
vt 0.810547 0.965637
vt 0.034180 0.579102
vt 0.810547 0.905518
vt 0.826660 0.906250
vt 0.812988 0.894043
vt 0.830078 0.897339
vt 0.618652 0.760010
vt 0.830078 0.915161
vt 0.830078 0.929077
vt 0.827148 0.937866
vt 0.104370 0.568115
vt 0.104370 0.579102
vt 0.114746 0.568115
vt 0.818848 0.885132
vt 0.114807 0.579102
vt 0.539062 0.666992
vt 0.556641 0.670410
vt 0.544922 0.657959
vt 0.552734 0.679688
vt 0.536133 0.678711
vt 0.126221 0.579102
vt 0.126221 0.568115
vt 0.554688 0.651855
vt 0.137573 0.579102
vt 0.137573 0.568115
vt 0.839844 0.877075
vt 0.839355 0.893677
vt 0.828613 0.879028
vt 0.848145 0.897339
vt 0.851074 0.878906
vt 0.159302 0.568115
vt 0.148682 0.568115
vt 0.159424 0.579102
vt 0.860352 0.884644
vt 0.148682 0.579102
vt 0.587402 0.657471
vt 0.577637 0.651611
vt 0.574707 0.670410
vt 0.566406 0.649902
vt 0.565430 0.666748
vt 0.170288 0.579102
vt 0.170288 0.568115
vt 0.593750 0.667236
vt 0.868652 0.905457
vt 0.851562 0.906189
vt 0.866699 0.894165
vt 0.618652 0.700195
vt 0.848145 0.915100
vt 0.851074 0.935608
vt 0.851562 0.967346
vt 0.868164 0.986740
vt 0.848145 0.976227
vt 0.848145 0.958435
vt 0.848633 0.944397
vt 0.272461 0.579102
vt 0.272461 0.568115
vt 0.595215 0.678955
vt 0.578613 0.679688
vt 0.601562 0.689941
vt 0.601562 0.690430
vt 0.613281 0.689941
vt 0.848145 0.944611
vt 0.601562 0.699951
vt 0.613281 0.699951
vt 0.840332 0.948700
vt 0.613281 0.709961
vt 0.601562 0.709961
vt 0.566895 0.722900
vt 0.557617 0.720215
vt 0.565430 0.729004
vt 0.574707 0.732910
vt 0.575195 0.718506
vt 0.553223 0.711914
vt 0.613281 0.729980
vt 0.613281 0.719971
vt 0.601562 0.729980
vt 0.556152 0.702881
vt 0.601562 0.719971
vt 0.564453 0.698486
vt 0.556641 0.688721
vt 0.573242 0.701172
vt 0.565430 0.692383
vt 0.630371 0.690186
vt 0.618652 0.690186
vt 0.630371 0.770020
vt 0.618652 0.770020
vt 0.574707 0.688721
vt 0.846680 0.927490
vt 0.839355 0.918823
vt 0.837891 0.924744
vt 0.577637 0.709473
vt 0.831543 0.946014
vt 0.839355 0.954773
vt 0.830078 0.958466
vt 0.021469 0.579102
vt 0.331543 0.810425
vt 0.332031 0.796631
vt 0.217529 0.788574
vt 0.205200 0.785034
vt 0.332520 0.783081
vt 0.226318 0.777466
vt 0.216797 0.776978
vt 0.206299 0.731689
vt 0.012886 0.579102
vt 0.012886 0.562988
vt 0.432861 0.682373
vt 0.207520 0.700928
vt 0.432861 0.700928
vt 0.207520 0.682373
vt 0.322510 0.668457
vt 0.419678 0.668457
vt 0.228760 0.732666
vt 0.236328 0.739258
vt 0.227539 0.763672
vt 0.235718 0.749756
vt 0.240112 0.747070
vt 0.333984 0.751343
vt 0.240845 0.736328
vt 0.334473 0.741699
vt 0.334961 0.732910
vt 0.236328 0.727295
vt 0.433594 0.747314
vt 0.040863 0.703857
vt 0.013626 0.709473
vt 0.014282 0.718750
vt 0.021133 0.703125
vt 0.433594 0.756714
vt 0.438721 0.738525
vt 0.220459 0.668457
vt 0.022018 0.728271
vt 0.333252 0.764526
vt 0.438477 0.767700
vt 0.234009 0.762085
vt 0.035583 0.739502
vt 0.447266 0.782959
vt 0.044403 0.744385
vt 0.453613 0.790527
vt 0.051147 0.745605
vt 0.053467 0.703125
vt 0.459717 0.793701
vt 0.056427 0.746094
vt 0.062073 0.719727
vt 0.464600 0.802979
vt 0.464600 0.794556
vt 0.570312 0.793213
vt 0.584961 0.803833
vt 0.584961 0.821411
vt 0.331299 0.829468
vt 0.331299 0.844971
vt 0.073486 0.844971
vt 0.073486 0.829468
vt 0.006126 0.837158
vt 0.073486 0.818115
vt 0.006126 0.829468
vt 0.006126 0.823730
vt 0.006126 0.818115
vt 0.347168 0.926270
vt 0.354492 0.911926
vt 0.352295 0.926758
vt 0.346924 0.911133
vt 0.287109 0.579102
vt 0.316406 0.662109
vt 0.286865 0.568115
vt 0.114990 0.763184
vt 0.377197 0.662109
vt 0.382080 0.661133
vt 0.361816 0.912537
vt 0.357178 0.927856
vt 0.386230 0.658447
vt 0.368408 0.912720
vt 0.367188 0.931641
vt 0.387939 0.654297
vt 0.362061 0.929504
vt 0.377441 0.913940
vt 0.373291 0.933716
vt 0.388916 0.648438
vt 0.405029 0.919922
vt 0.385742 0.936890
vt 0.389648 0.629150
vt 0.379395 0.935791
vt 0.432617 0.913818
vt 0.417969 0.937866
vt 0.411621 0.938080
vt 0.405029 0.938293
vt 0.398682 0.938110
vt 0.392090 0.937897
vt 0.006126 0.844971
vt 0.424316 0.936829
vt 0.430664 0.935730
vt 0.044434 0.744385
vt 0.035553 0.739502
vt 0.306885 0.581055
vt 0.295898 0.599121
vt 0.295898 0.586914
vt 0.022003 0.728271
vt 0.013618 0.709473
vt 0.306885 0.599121
vt 0.202637 0.704590
vt 0.283447 0.599121
vt 0.193726 0.694824
vt 0.283447 0.587891
vt 0.224976 0.587891
vt 0.224976 0.599121
vt 0.528809 0.691162
vt 0.528809 0.752319
vt 0.511230 0.723389
vt 0.528809 0.779785
vt 0.508301 0.762207
vt 0.510742 0.753296
vt 0.506348 0.745117
vt 0.498535 0.736084
vt 0.507812 0.732422
vt 0.542969 0.407227
vt 0.542969 0.479980
vt 0.445312 0.479980
vt 0.445312 0.407227
vt 0.226929 0.543213
vt 0.226929 0.533203
vt 0.238647 0.543213
vt 0.238647 0.533203
vt 0.507812 0.714355
vt 0.507812 0.700928
vt 0.511230 0.691895
vt 0.208008 0.553223
vt 0.219727 0.543213
vt 0.219727 0.553223
vt 0.208008 0.543213
vt 0.219727 0.533203
vt 0.507812 0.682617
vt 0.522949 0.673584
vt 0.207153 0.587891
vt 0.207153 0.599121
vt 0.189453 0.599121
vt 0.508301 0.662842
vt 0.189453 0.587891
vt 0.171387 0.587891
vt 0.171387 0.599121
vt 0.498779 0.678955
vt 0.489746 0.662842
vt 0.208008 0.533203
vt 0.219727 0.523193
vt 0.208008 0.523193
vt 0.219727 0.513184
vt 0.489502 0.682617
vt 0.208008 0.513184
vt 0.208008 0.503174
vt 0.219727 0.503174
vt 0.485840 0.691895
vt 0.474854 0.673584
vt 0.153687 0.587891
vt 0.153687 0.599121
vt 0.135864 0.587891
vt 0.135864 0.599121
vt 0.469238 0.690918
vt 0.071838 0.587891
vt 0.068970 0.599121
vt 0.485840 0.723389
vt 0.469238 0.761108
vt 0.238647 0.493164
vt 0.238647 0.503174
vt 0.226929 0.493164
vt 0.489502 0.732422
vt 0.226929 0.503174
vt 0.226929 0.513184
vt 0.238647 0.513184
vt 0.489502 0.714111
vt 0.226929 0.523193
vt 0.238647 0.523193
vt 0.489502 0.700928
vt 0.498535 0.710449
vt 0.219727 0.493164
vt 0.208008 0.493164
vt 0.208008 0.483398
vt 0.219727 0.483398
vt 0.498779 0.704590
vt 0.219727 0.563232
vt 0.208008 0.563232
vt 0.765625 0.922607
vt 0.765625 0.928406
vt 0.756836 0.918884
vt 0.774414 0.918945
vt 0.778320 0.909912
vt 0.778320 0.941162
vt 0.774414 0.932190
vt 0.756348 0.932129
vt 0.794922 0.975754
vt 0.774414 0.950165
vt 0.794922 0.909241
vt 0.226929 0.483398
vt 0.765625 0.953857
vt 0.226929 0.563232
vt 0.226929 0.553223
vt 0.238647 0.553223
vt 0.238647 0.563232
vt 0.757812 0.962708
vt 0.756348 0.950104
vt 0.238647 0.483398
vt 0.766602 0.959991
vt 0.774902 0.964355
vt 0.489258 0.746582
vt 0.497559 0.742188
vt 0.486328 0.755615
vt 0.490967 0.763916
vt 0.500000 0.766602
vt 0.466553 0.770752
vt 0.059235 0.599121
vt 0.062164 0.587891
vt 0.049316 0.587891
vt 0.046326 0.599121
vt 0.457031 0.780151
vt 0.039764 0.587891
vt 0.036774 0.599121
vt 0.030960 0.604492
vt 0.035370 0.604492
vt 0.045258 0.629395
vt 0.007988 0.655273
vt 0.030960 0.654053
vt 0.007454 0.629395
vt 0.035400 0.654053
vt 0.258057 0.933105
vt 0.281006 0.919678
vt 0.281006 0.935486
vt 0.242188 0.914124
vt 0.304199 0.933105
vt 0.320068 0.914185
vt 0.007980 0.603516
vt 0.242065 0.929016
vt 0.237427 0.927612
vt 0.233032 0.926636
vt 0.232910 0.912415
vt 0.011581 0.598633
vt 0.575195 0.794189
vt 0.579102 0.796143
vt 0.582520 0.799561
vt 0.228271 0.926453
vt 0.223389 0.912048
vt 0.223389 0.926697
vt 0.163086 0.739990
vt 0.143311 0.724365
vt 0.164062 0.725098
vt 0.133545 0.721436
vt 0.051178 0.745850
vt 0.735352 0.995396
vt 0.763672 0.984459
vt 0.803223 0.995396
vt 0.062073 0.693359
vt 0.735352 0.969879
vt 0.755859 0.980011
vt 0.753418 0.970932
vt 0.017548 0.596680
vt 0.030960 0.596680
vt 0.584961 0.844971
vt 0.059265 0.599121
vt 0.030960 0.662109
vt 0.017563 0.662109
vt 0.333740 0.926392
vt 0.338867 0.912048
vt 0.338867 0.926697
vt 0.329346 0.912415
vt 0.329102 0.926697
vt 0.011597 0.660156
vt 0.324707 0.927673
vt 0.320068 0.929016
vt 0.669922 0.977249
vt 0.691895 0.982971
vt 0.667480 0.986900
vt 0.661133 0.995396
vt 0.700684 0.985519
vt 0.687012 0.974808
vt 0.689941 0.965881
vt 0.699219 0.955414
vt 0.698242 0.961517
vt 0.690430 0.951660
vt 0.729492 0.971542
vt 0.708496 0.951660
vt 0.707031 0.964294
vt 0.729492 0.995396
vt 0.708984 0.981277
vt 0.711914 0.942627
vt 0.729492 0.910583
vt 0.711426 0.972534
vt 0.708496 0.933594
vt 0.699219 0.929871
vt 0.699219 0.924072
vt 0.708496 0.920349
vt 0.690430 0.920349
vt 0.690430 0.933594
vt 0.669922 0.910583
vt 0.686523 0.942627
vt 0.686523 0.911316
vt 0.675781 0.893188
vt 0.690430 0.902283
vt 0.690430 0.882507
vt 0.699219 0.898560
vt 0.708984 0.882507
vt 0.723633 0.893188
vt 0.708496 0.902283
vt 0.711914 0.911316
vt 0.511230 0.753174
vt 0.491211 0.763794
vt 0.486572 0.755493
vt 0.797363 0.985985
vt 0.772949 0.981857
vt 0.777832 0.973267
vt 0.789062 0.891907
vt 0.774902 0.900879
vt 0.774414 0.881165
vt 0.765625 0.897156
vt 0.756836 0.900879
vt 0.755859 0.881104
vt 0.752930 0.909851
vt 0.741211 0.891724
vt 0.735840 0.909058
vt 0.752930 0.941101
vt 0.012894 0.579102
vt 0.562012 0.722412
vt 0.570312 0.730225
vt 0.571777 0.721436
vt 0.575684 0.718262
vt 0.630371 0.709961
vt 0.578125 0.713867
vt 0.577637 0.737061
vt 0.578613 0.708984
vt 0.126831 0.749268
vt 0.577148 0.704102
vt 0.573730 0.700195
vt 0.577637 0.684570
vt 0.570312 0.691406
vt 0.569336 0.697754
vt 0.630371 0.734863
vt 0.630371 0.729980
vt 0.618652 0.734863
vt 0.564453 0.697266
vt 0.618652 0.729980
vt 0.907715 0.923523
vt 0.902832 0.924011
vt 0.906738 0.918823
vt 0.901855 0.917847
vt 0.630371 0.765015
vt 0.911621 0.917847
vt 0.618652 0.765015
vt 0.560547 0.691406
vt 0.559570 0.698730
vt 0.555664 0.701904
vt 0.553711 0.684570
vt 0.577637 0.674805
vt 0.594238 0.669678
vt 0.589844 0.661377
vt 0.154785 0.579102
vt 0.583496 0.654785
vt 0.570312 0.667725
vt 0.575195 0.650635
vt 0.560547 0.667725
vt 0.556641 0.650635
vt 0.565918 0.649170
vt 0.548340 0.654785
vt 0.553711 0.674561
vt 0.541992 0.661377
vt 0.537598 0.669678
vt 0.553223 0.706299
vt 0.552734 0.711182
vt 0.909668 0.196289
vt 0.905762 0.205078
vt 0.905273 0.201660
vt 0.841797 0.488281
vt 0.819336 0.497559
vt 0.819336 0.488281
vt 0.938965 0.224609
vt 0.912598 0.194336
vt 0.841797 0.497559
vt 0.819336 0.502197
vt 0.743164 0.421875
vt 0.693848 0.397949
vt 0.747070 0.413086
vt 0.841797 0.483398
vt 0.738770 0.423340
vt 0.819336 0.483398
vt 0.841797 0.433594
vt 0.819336 0.433594
vt 0.819336 0.423340
vt 0.841797 0.423340
vt 0.719727 0.354492
vt 0.683594 0.395508
vt 0.744141 0.398438
vt 0.747070 0.408691
vt 0.819336 0.562012
vt 0.841797 0.512207
vt 0.841797 0.562012
vt 0.819336 0.512207
vt 0.740723 0.343750
vt 0.744141 0.346680
vt 0.841797 0.502197
vt 0.727051 0.346680
vt 0.730957 0.344727
vt 0.819336 0.576416
vt 0.841797 0.566895
vt 0.841797 0.576416
vt 0.819336 0.566895
vt 0.958984 0.181152
vt 0.953125 0.173340
vt 0.956055 0.174316
vt 0.959473 0.184570
vt 0.919922 0.192383
vt 0.841797 0.340332
vt 0.819336 0.344727
vt 0.819336 0.340332
vt 0.957031 0.191895
vt 0.841797 0.354980
vt 0.819336 0.354980
vt 0.841797 0.344727
vt 0.944336 0.229980
vt 0.947266 0.231445
vt 0.957031 0.229980
vt 0.819336 0.404785
vt 0.954590 0.232422
vt 0.841797 0.404785
vt 0.819336 0.409668
vt 0.841797 0.409668
vt 0.674316 0.385254
vt 0.674805 0.380371
vt 0.819336 0.418945
vt 0.841797 0.418945
vt 0.680176 0.392578
vt 0.047852 0.693604
vt 0.056061 0.675781
vt 0.056061 0.679443
vt 0.636230 0.782959
vt 0.644531 0.799438
vt 0.636230 0.799438
vt 0.047852 0.661621
vt 0.623535 0.816040
vt 0.597656 0.813599
vt 0.622070 0.813721
vt 0.636230 0.803101
vt 0.644531 0.803101
vt 0.644531 0.819458
vt 0.636230 0.819458
vt 0.623535 0.828491
vt 0.622070 0.830811
vt 0.596191 0.828369
vt 0.012886 0.753418
vt 0.021088 0.735596
vt 0.021088 0.767700
vt 0.636230 0.823120
vt 0.644531 0.839478
vt 0.636230 0.839478
vt 0.597656 0.830688
vt 0.644531 0.823120
vt 0.626465 0.810059
vt 0.609863 0.805298
vt 0.611816 0.801514
vt 0.636230 0.843140
vt 0.644531 0.843140
vt 0.607910 0.801514
vt 0.596191 0.814331
vt 0.609863 0.806519
vt 0.623535 0.814331
vt 0.595215 0.813843
vt 0.624512 0.813721
vt 0.623535 0.830078
vt 0.628906 0.830811
vt 0.624512 0.830566
vt 0.628906 0.813599
vt 0.609863 0.837891
vt 0.596191 0.830078
vt 0.611816 0.842896
vt 0.609863 0.839111
vt 0.626465 0.834351
vt 0.644531 0.782959
vt 0.636230 0.779297
vt 0.644531 0.779297
vt 0.607910 0.842896
vt 0.636230 0.762939
vt 0.644531 0.762939
vt 0.592773 0.834351
vt 0.644531 0.759277
vt 0.595215 0.830688
vt 0.590820 0.830811
vt 0.636230 0.742920
vt 0.644531 0.742920
vt 0.590820 0.813599
vt 0.636230 0.759277
vt 0.596191 0.815918
vt 0.644531 0.739258
vt 0.592773 0.810059
vt 0.636230 0.722900
vt 0.644531 0.722900
vt 0.636230 0.739258
vt 0.012886 0.750000
vt 0.622070 0.813599
vt 0.082535 0.155879
vt 0.079099 0.115911
vt 0.090454 0.086593
vt 0.090454 0.280394
vt 0.079227 0.284766
vt 0.090454 0.205950
vt 0.069961 0.293277
vt 0.063538 0.353137
vt 0.063538 0.258687
vt 0.532457 0.231371
vt 0.540039 0.263696
vt 0.531250 0.274579
vt 0.513184 0.231311
vt 0.513184 0.163224
vt 0.521978 0.229916
vt 0.279785 0.941310
vt 0.265202 0.962619
vt 0.266792 0.935785
vt 0.279785 0.969153
vt 0.260872 0.973965
vt 0.252686 0.970194
vt 0.259461 0.941663
vt 0.252686 0.941463
vt 0.257805 0.887676
vt 0.267930 0.840660
vt 0.072783 0.429691
vt 0.063538 0.446957
vt 0.063538 0.400585
vt 0.082743 0.350857
vt 0.073743 0.348270
vt 0.082272 0.077693
vt 0.070216 0.057329
vt 0.073468 0.088481
vt 0.063538 0.085013
vt 0.627642 0.267052
vt 0.628132 0.185583
vt 0.634766 0.208709
vt 0.626433 0.302593
vt 0.634766 0.325430
vt 0.628829 0.336181
vt 0.038345 0.708297
vt 0.029764 0.760622
vt 0.030738 0.662239
vt 0.632184 0.125838
vt 0.634766 0.279169
vt 0.613281 0.242539
vt 0.615476 0.126030
vt 0.618705 0.181210
vt 0.513184 0.330048
vt 0.524777 0.330334
vt 0.525379 0.364622
vt 0.523183 0.272343
vt 0.619468 0.216552
vt 0.619008 0.283569
vt 0.622072 0.369769
vt 0.613281 0.344236
vt 0.619094 0.314174
vt 0.531437 0.324743
vt 0.540039 0.290075
vt 0.540039 0.343773
vt 0.225952 0.457007
vt 0.212617 0.459306
vt 0.219003 0.434875
vt 0.210598 0.405933
vt 0.204712 0.422973
vt 0.204712 0.398734
vt 0.204712 0.178187
vt 0.204712 0.141274
vt 0.210500 0.144158
vt 0.225952 0.065396
vt 0.225952 0.145023
vt 0.216287 0.134202
vt 0.082725 0.386613
vt 0.073029 0.384557
vt 0.067993 0.234448
vt 0.063538 0.201809
vt 0.074580 0.193846
vt 0.063538 0.151044
vt 0.277557 0.995432
vt 0.271592 0.976691
vt 0.083163 0.452336
vt 0.083377 0.487637
vt 0.074054 0.449754
vt 0.082725 0.431218
vt 0.070165 0.141626
vt 0.090454 0.056641
vt 0.619007 0.391399
vt 0.029872 0.865037
vt 0.024033 0.941220
vt 0.024033 0.841136
vt 0.036492 0.863027
vt 0.045044 0.850715
vt 0.045044 0.942483
vt 0.076145 0.235774
vt 0.090454 0.143580
vt 0.070244 0.405739
vt 0.210339 0.316521
vt 0.218326 0.303493
vt 0.217223 0.362311
vt 0.211916 0.271111
vt 0.218932 0.230543
vt 0.204712 0.069671
vt 0.218370 0.065153
vt 0.207339 0.504329
vt 0.204712 0.457234
vt 0.213556 0.421666
vt 0.210052 0.437506
vt 0.210328 0.377168
vt 0.204712 0.377512
vt 0.204712 0.307022
vt 0.068952 0.514020
vt 0.070798 0.480839
vt 0.079150 0.513924
vt 0.518511 0.149798
vt 0.528729 0.150139
vt 0.524679 0.189742
vt 0.513184 0.276319
vt 0.032065 0.605738
vt 0.038661 0.649578
vt 0.063538 0.503973
vt 0.532049 0.371235
vt 0.523690 0.402717
vt 0.531250 0.402460
vt 0.528198 0.431824
vt 0.261376 0.625696
vt 0.267853 0.515442
vt 0.272071 0.634586
vt 0.265642 0.657481
vt 0.279785 0.730482
vt 0.613281 0.297487
vt 0.045044 0.746551
vt 0.045044 0.608994
vt 0.045044 0.673251
vt 0.259709 0.688864
vt 0.279785 0.810446
vt 0.266323 0.796361
vt 0.252686 0.794774
vt 0.259063 0.730409
vt 0.204712 0.228422
vt 0.214948 0.507080
vt 0.623551 0.117676
vt 0.038863 0.565660
vt 0.217645 0.182796
vt 0.225952 0.177022
vt 0.517867 0.431184
vt 0.513184 0.398491
vt 0.252686 0.630277
vt 0.257441 0.518493
vt 0.513184 0.361588
vt 0.214781 0.048899
vt 0.204712 0.059082
vt 0.632956 0.397949
vt 0.252686 0.732030
vt 0.209999 0.213548
vt 0.225952 0.318421
vt 0.225952 0.378297
vt 0.029473 0.979358
vt 0.027267 0.995320
vt 0.029362 0.945498
vt 0.037913 0.995211
vt 0.037921 0.968025
vt 0.078023 0.406742
vt 0.024033 0.654233
vt 0.024033 0.602339
vt 0.029769 0.532715
vt 0.029518 0.562934
vt 0.252686 0.838073
vt 0.075461 0.074035
vt 0.539205 0.160347
vt 0.634766 0.372712
vt 0.222947 0.504383
vt 0.272210 0.540149
vt 0.264647 0.983425
vt 0.344238 0.516398
vt 0.365723 0.490234
vt 0.356822 0.513427
vt 0.090454 0.352157
vt 0.090454 0.398473
vt 0.540039 0.224490
vt 0.024033 0.738124
vt 0.225952 0.239018
vt 0.279785 0.624593
vt 0.090454 0.494638
vt 0.089608 0.514555
vt 0.218386 0.393367
vt 0.540039 0.373175
vt 0.259793 0.995449
vt 0.225952 0.429308
vt 0.090454 0.445019
vt 0.043763 0.545206
vt 0.225952 0.404788
vt 0.540039 0.407155
vt 0.277979 0.516836
vt 0.538329 0.432915
vt 0.081482 0.396070
vt 0.081482 0.441763
vt 0.072510 0.419456
vt 0.579590 0.842043
vt 0.572755 0.949395
vt 0.564941 0.895970
vt 0.522949 0.621507
vt 0.538086 0.578994
vt 0.538086 0.658691
vt 0.579590 0.490127
vt 0.579590 0.537825
vt 0.564941 0.529022
vt 0.531107 0.431717
vt 0.526187 0.363105
vt 0.531250 0.398182
vt 0.267305 0.837010
vt 0.270752 0.945441
vt 0.261719 0.883674
vt 0.270752 0.971463
vt 0.261719 0.948713
vt 0.027435 0.558879
vt 0.041321 0.531006
vt 0.039684 0.570164
vt 0.072510 0.503783
vt 0.072510 0.449700
vt 0.081482 0.497414
vt 0.521973 0.162698
vt 0.531250 0.151551
vt 0.531250 0.205002
vt 0.222168 0.442324
vt 0.208130 0.428243
vt 0.213529 0.407017
vt 0.538086 0.936139
vt 0.522949 0.935120
vt 0.522949 0.858349
vt 0.538086 0.854130
vt 0.530714 0.969588
vt 0.538086 0.473578
vt 0.522949 0.484098
vt 0.530010 0.443531
vt 0.530461 0.519848
vt 0.538086 0.489498
vt 0.041321 0.858887
vt 0.027435 0.867694
vt 0.035920 0.722680
vt 0.033186 0.944391
vt 0.208130 0.061659
vt 0.208130 0.048340
vt 0.222168 0.064228
vt 0.213544 0.142798
vt 0.521973 0.223480
vt 0.531250 0.270976
vt 0.208130 0.272117
vt 0.215213 0.221071
vt 0.222168 0.304083
vt 0.072510 0.383313
vt 0.077188 0.330323
vt 0.538086 0.696907
vt 0.522949 0.672005
vt 0.270752 0.528107
vt 0.270752 0.630642
vt 0.261719 0.530939
vt 0.616699 0.288241
vt 0.621527 0.189332
vt 0.630859 0.277179
vt 0.624968 0.314996
vt 0.521973 0.269146
vt 0.531250 0.326259
vt 0.521973 0.333047
vt 0.522949 0.541748
vt 0.072510 0.081135
vt 0.081482 0.147166
vt 0.072510 0.146966
vt 0.076772 0.200876
vt 0.081482 0.082128
vt 0.072510 0.056152
vt 0.579590 0.628347
vt 0.564941 0.632557
vt 0.564941 0.569976
vt 0.570672 0.665127
vt 0.564941 0.448683
vt 0.579590 0.461190
vt 0.564941 0.482367
vt 0.579590 0.993414
vt 0.564941 0.990230
vt 0.572564 0.962776
vt 0.564941 0.777363
vt 0.573447 0.745890
vt 0.579590 0.781563
vt 0.564941 0.828016
vt 0.081482 0.260486
vt 0.072510 0.253237
vt 0.616699 0.396484
vt 0.627976 0.344836
vt 0.630859 0.376661
vt 0.564941 0.706544
vt 0.579590 0.701590
vt 0.265694 0.725672
vt 0.261719 0.628954
vt 0.222168 0.494484
vt 0.208130 0.493696
vt 0.630859 0.120524
vt 0.616699 0.140636
vt 0.522949 0.804587
vt 0.208130 0.317401
vt 0.222168 0.380551
vt 0.208130 0.454499
vt 0.522949 0.697787
vt 0.528341 0.735266
vt 0.261719 0.996250
vt 0.270752 0.994390
vt 0.532751 0.761699
vt 0.538086 0.806352
vt 0.041321 0.604653
vt 0.037934 0.656077
vt 0.208130 0.378289
vt 0.716797 0.684081
vt 0.706543 0.671591
vt 0.711703 0.623209
vt 0.261719 0.972102
vt 0.575749 0.549220
vt 0.584473 0.534061
vt 0.584473 0.623006
vt 0.577344 0.703241
vt 0.584473 0.665754
vt 0.584473 0.703890
vt 0.567999 0.741518
vt 0.559570 0.746691
vt 0.567906 0.707212
vt 0.559570 0.701179
vt 0.522949 0.969009
vt 0.522949 0.933595
vt 0.533618 0.960428
vt 0.527832 0.929488
vt 0.542969 0.925093
vt 0.542969 0.961563
vt 0.536095 0.932147
vt 0.542969 0.872500
vt 0.562030 0.442124
vt 0.574015 0.437500
vt 0.573590 0.465366
vt 0.566443 0.544957
vt 0.559570 0.550901
vt 0.559570 0.509594
vt 0.567225 0.575387
vt 0.578854 0.243702
vt 0.588867 0.221750
vt 0.588867 0.281831
vt 0.572441 0.635376
vt 0.567785 0.662030
vt 0.576808 0.665164
vt 0.572329 0.695214
vt 0.439375 0.290049
vt 0.429199 0.322691
vt 0.429199 0.256726
vt 0.441765 0.252992
vt 0.451172 0.255912
vt 0.451172 0.323676
vt 0.671646 0.467185
vt 0.682617 0.414411
vt 0.682617 0.492971
vt 0.671907 0.425727
vt 0.660156 0.475581
vt 0.660156 0.417614
vt 0.569842 0.765965
vt 0.567424 0.832523
vt 0.559570 0.785905
vt 0.572089 0.787914
vt 0.575698 0.833774
vt 0.584473 0.918976
vt 0.576010 0.893716
vt 0.440579 0.424913
vt 0.451172 0.414238
vt 0.444884 0.474330
vt 0.436523 0.364447
vt 0.429199 0.384672
vt 0.365723 0.549722
vt 0.576580 0.498484
vt 0.570294 0.480748
vt 0.584473 0.480804
vt 0.580680 0.439483
vt 0.660156 0.820679
vt 0.660156 0.753163
vt 0.671758 0.766012
vt 0.682617 0.679486
vt 0.672994 0.678403
vt 0.671639 0.638933
vt 0.223633 0.699382
vt 0.223633 0.766894
vt 0.214355 0.725742
vt 0.568844 0.968343
vt 0.584473 0.956588
vt 0.580680 0.993236
vt 0.574709 0.949779
vt 0.564941 0.946296
vt 0.565810 0.879507
vt 0.542969 0.595814
vt 0.530305 0.600609
vt 0.534919 0.537547
vt 0.542969 0.657736
vt 0.542969 0.694596
vt 0.535643 0.656409
vt 0.522949 0.722942
vt 0.535268 0.724727
vt 0.530524 0.743558
vt 0.522949 0.697243
vt 0.522949 0.663578
vt 0.531278 0.684040
vt 0.171753 0.367670
vt 0.171753 0.412174
vt 0.161779 0.400248
vt 0.159871 0.375326
vt 0.149292 0.408811
vt 0.149292 0.365987
vt 0.576497 0.728164
vt 0.584473 0.745415
vt 0.559570 0.900208
vt 0.559570 0.834086
vt 0.584473 0.766154
vt 0.584473 0.786657
vt 0.541563 0.442717
vt 0.542969 0.484432
vt 0.533240 0.472942
vt 0.522949 0.484203
vt 0.526634 0.442763
vt 0.579590 0.634249
vt 0.854004 0.920459
vt 0.837979 0.868251
vt 0.854004 0.860352
vt 0.522949 0.609031
vt 0.522949 0.545028
vt 0.527832 0.658104
vt 0.356709 0.638316
vt 0.356781 0.723772
vt 0.344238 0.722819
vt 0.344238 0.631865
vt 0.356776 0.582716
vt 0.356579 0.771996
vt 0.356579 0.836716
vt 0.344238 0.774524
vt 0.568669 0.493676
vt 0.572187 0.517214
vt 0.559570 0.480428
vt 0.670543 0.716135
vt 0.660156 0.679719
vt 0.827637 0.131103
vt 0.842836 0.104816
vt 0.838971 0.157232
vt 0.827637 0.175160
vt 0.441621 0.387403
vt 0.438911 0.331388
vt 0.451172 0.385220
vt 0.440278 0.406012
vt 0.429199 0.419363
vt 0.660156 0.636813
vt 0.672189 0.594375
vt 0.660156 0.594030
vt 0.660156 0.516023
vt 0.542969 0.740611
vt 0.682617 0.751648
vt 0.682617 0.819946
vt 0.531426 0.873585
vt 0.533748 0.975138
vt 0.398193 0.963870
vt 0.398193 0.898813
vt 0.407471 0.937956
vt 0.579642 0.360804
vt 0.566895 0.406376
vt 0.566895 0.351127
vt 0.588867 0.324561
vt 0.588867 0.399771
vt 0.682617 0.636906
vt 0.682617 0.593483
vt 0.530900 0.761795
vt 0.535448 0.807056
vt 0.527832 0.807440
vt 0.672845 0.372413
vt 0.660156 0.335823
vt 0.356780 0.552055
vt 0.344238 0.564043
vt 0.711426 0.548509
vt 0.702148 0.585621
vt 0.702148 0.506942
vt 0.542969 0.764985
vt 0.522949 0.514644
vt 0.531421 0.498813
vt 0.429199 0.211052
vt 0.439661 0.153232
vt 0.440819 0.211589
vt 0.149292 0.331374
vt 0.149292 0.269376
vt 0.161877 0.284693
vt 0.158501 0.352183
vt 0.160913 0.326802
vt 0.365723 0.754793
vt 0.365723 0.863220
vt 0.214355 0.659276
vt 0.223633 0.630930
vt 0.534771 0.486886
vt 0.682617 0.326590
vt 0.171753 0.231262
vt 0.171753 0.321408
vt 0.711426 0.815561
vt 0.702148 0.770679
vt 0.711426 0.765878
vt 0.711426 0.729960
vt 0.702148 0.726035
vt 0.711426 0.673523
vt 0.214355 0.796126
vt 0.205078 0.766697
vt 0.214355 0.763721
vt 0.205078 0.722908
vt 0.160212 0.252657
vt 0.160641 0.220941
vt 0.149292 0.222828
vt 0.149292 0.144036
vt 0.566895 0.309613
vt 0.566895 0.251852
vt 0.578981 0.279874
vt 0.451172 0.156189
vt 0.451172 0.209136
vt 0.344238 0.588623
vt 0.542969 0.527231
vt 0.675293 0.509868
vt 0.574015 0.995363
vt 0.562030 0.993926
vt 0.577950 0.214221
vt 0.578765 0.112872
vt 0.588867 0.184082
vt 0.559570 0.650514
vt 0.526634 0.990382
vt 0.541563 0.984903
vt 0.720703 0.174360
vt 0.702148 0.196289
vt 0.702148 0.160656
vt 0.542969 0.806596
vt 0.844110 0.993101
vt 0.838406 0.945689
vt 0.356384 0.914764
vt 0.344238 0.886169
vt 0.356430 0.883785
vt 0.344238 0.919312
vt 0.344238 0.838013
vt 0.854004 0.295275
vt 0.854004 0.346133
vt 0.835368 0.346871
vt 0.827637 0.399775
vt 0.827637 0.308453
vt 0.837486 0.208862
vt 0.837651 0.281923
vt 0.827637 0.224341
vt 0.223633 0.795415
vt 0.223633 0.865427
vt 0.365723 0.578605
vt 0.365723 0.629136
vt 0.660156 0.277941
vt 0.671767 0.289316
vt 0.671768 0.320312
vt 0.660156 0.201660
vt 0.671723 0.261981
vt 0.171753 0.145569
vt 0.720703 0.683724
vt 0.720703 0.757557
vt 0.171753 0.098633
vt 0.530969 0.697150
vt 0.711744 0.889838
vt 0.702148 0.835996
vt 0.711426 0.851678
vt 0.835831 0.417845
vt 0.854004 0.394988
vt 0.854004 0.474657
vt 0.577873 0.406084
vt 0.576752 0.428611
vt 0.682617 0.276252
vt 0.682617 0.203613
vt 0.407471 0.864781
vt 0.416992 0.563702
vt 0.408442 0.726492
vt 0.398193 0.582981
vt 0.854004 0.815878
vt 0.837062 0.809700
vt 0.836363 0.721823
vt 0.407471 0.518745
vt 0.398193 0.544927
vt 0.405940 0.491231
vt 0.854004 0.615633
vt 0.854004 0.682358
vt 0.835977 0.618040
vt 0.836028 0.549329
vt 0.843182 0.055164
vt 0.854004 0.148907
vt 0.854004 0.219422
vt 0.522949 0.760648
vt 0.522949 0.805750
vt 0.522949 0.866146
vt 0.365723 0.912720
vt 0.720703 0.837845
vt 0.416992 0.905355
vt 0.416992 0.959847
vt 0.162416 0.432863
vt 0.171753 0.484812
vt 0.149292 0.441078
vt 0.223633 0.570762
vt 0.827637 0.097007
vt 0.837642 0.667803
vt 0.827637 0.711202
vt 0.827637 0.630711
vt 0.827637 0.562456
vt 0.439768 0.102512
vt 0.440136 0.126451
vt 0.429199 0.149922
vt 0.451172 0.102051
vt 0.214355 0.867570
vt 0.205078 0.895842
vt 0.205078 0.863825
vt 0.205078 0.824606
vt 0.205078 0.665683
vt 0.205078 0.585777
vt 0.702148 0.115847
vt 0.720703 0.098633
vt 0.720703 0.152344
vt 0.836161 0.496523
vt 0.827637 0.959054
vt 0.827637 0.872109
vt 0.559570 0.959469
vt 0.702148 0.660963
vt 0.711426 0.621972
vt 0.584473 0.835364
vt 0.702148 0.439853
vt 0.711426 0.471084
vt 0.158836 0.098392
vt 0.566895 0.207629
vt 0.854004 0.557188
vt 0.205078 0.795287
vt 0.720703 0.489836
vt 0.720703 0.564687
vt 0.347168 0.331698
vt 0.341797 0.358359
vt 0.341797 0.310015
vt 0.352539 0.313201
vt 0.352539 0.277143
vt 0.711426 0.418996
vt 0.702148 0.364848
vt 0.682617 0.913513
vt 0.660156 0.911194
vt 0.671075 0.871131
vt 0.682617 0.962250
vt 0.660156 0.960114
vt 0.352539 0.374912
vt 0.341797 0.403089
vt 0.827637 0.815188
vt 0.671900 0.994360
vt 0.407471 0.560442
vt 0.160275 0.492917
vt 0.160100 0.507098
vt 0.149292 0.488590
vt 0.827637 0.500045
vt 0.348561 0.418870
vt 0.356333 0.955821
vt 0.854004 0.727709
vt 0.805664 0.430402
vt 0.800681 0.455135
vt 0.794922 0.411465
vt 0.798857 0.378728
vt 0.711426 0.334905
vt 0.702148 0.303999
vt 0.720703 0.281437
vt 0.720703 0.436231
vt 0.720703 0.346270
vt 0.218318 0.522949
vt 0.223633 0.898847
vt 0.223633 0.946676
vt 0.214355 0.902239
vt 0.720703 0.626570
vt 0.410553 0.994821
vt 0.407471 0.971975
vt 0.398193 0.842914
vt 0.416992 0.774409
vt 0.341797 0.273644
vt 0.347660 0.242164
vt 0.796939 0.260454
vt 0.799355 0.319647
vt 0.794922 0.287414
vt 0.344238 0.958496
vt 0.349465 0.992975
vt 0.827637 0.992409
vt 0.805664 0.839600
vt 0.800812 0.868738
vt 0.800276 0.803711
vt 0.171753 0.440315
vt 0.671781 0.820854
vt 0.660156 0.871216
vt 0.416992 0.526531
vt 0.416992 0.845295
vt 0.398193 0.774744
vt 0.682617 0.870361
vt 0.710909 0.243572
vt 0.799506 0.124857
vt 0.797579 0.186749
vt 0.794922 0.170279
vt 0.205078 0.947033
vt 0.213178 0.994733
vt 0.365723 0.959503
vt 0.702148 0.095215
vt 0.149292 0.097656
vt 0.961426 0.651792
vt 0.975051 0.634927
vt 0.975302 0.656944
vt 0.960938 0.632675
vt 0.183317 0.814600
vt 0.232267 0.817031
vt 0.188833 0.858043
vt 0.960051 0.629230
vt 0.974609 0.625977
vt 0.256176 0.858715
vt 0.304926 0.816326
vt 0.975098 0.690160
vt 0.961426 0.671184
vt 0.357058 0.858709
vt 0.961035 0.691995
vt 0.159302 0.856323
vt 0.170526 0.812301
vt 0.961409 0.600572
vt 0.975696 0.603688
vt 0.074564 0.818694
vt 0.092479 0.859604
vt 0.061920 0.860474
vt 0.927648 0.408918
vt 0.935734 0.465227
vt 0.923153 0.458452
vt 0.889266 0.472757
vt 0.900231 0.516043
vt 0.939658 0.496125
vt 0.393944 0.132848
vt 0.372155 0.147528
vt 0.371932 0.124346
vt 0.465653 0.104528
vt 0.955231 0.378823
vt 0.322461 0.133174
vt 0.325755 0.121291
vt 0.950531 0.496799
vt 0.428366 0.168988
vt 0.411677 0.139895
vt 0.342323 0.152354
vt 0.455678 0.128293
vt 0.459146 0.116419
vt 0.514408 0.105764
vt 0.491804 0.118022
vt 0.534984 0.133701
vt 0.602013 0.089162
vt 0.531649 0.095711
vt 0.882569 0.377318
vt 0.948653 0.316231
vt 0.915020 0.286055
vt 0.939841 0.253784
vt 0.594752 0.082687
vt 0.641863 0.056781
vt 0.931516 0.227491
vt 0.953032 0.202887
vt 0.936013 0.171036
vt 0.881901 0.253574
vt 0.907842 0.172584
vt 0.839494 0.258692
vt 0.848978 0.300639
vt 0.858784 0.318825
vt 0.839685 0.335846
vt 0.806249 0.315934
vt 0.802742 0.290177
vt 0.816469 0.357563
vt 0.844702 0.391915
vt 0.826878 0.401344
vt 0.851709 0.459938
vt 0.843945 0.472838
vt 0.805445 0.386093
vt 0.810685 0.454692
vt 0.833648 0.499516
vt 0.350365 0.213304
vt 0.369400 0.197722
vt 0.408353 0.206934
vt 0.418454 0.198179
vt 0.487836 0.211956
vt 0.363253 0.180395
vt 0.526289 0.184007
vt 0.612038 0.193579
vt 0.572381 0.204808
vt 0.563249 0.153238
vt 0.539484 0.210145
vt 0.584796 0.229840
vt 0.793340 0.338250
vt 0.774618 0.291587
vt 0.768136 0.262387
vt 0.739805 0.253530
vt 0.610647 0.264568
vt 0.604241 0.230962
vt 0.784756 0.240010
vt 0.761402 0.225033
vt 0.743301 0.237457
vt 0.743640 0.222013
vt 0.727762 0.233855
vt 0.648321 0.235740
vt 0.622028 0.277943
vt 0.634553 0.269106
vt 0.648808 0.276745
vt 0.746690 0.214489
vt 0.654952 0.261082
vt 0.663691 0.263011
vt 0.764958 0.209159
vt 0.661579 0.233768
vt 0.785104 0.214973
vt 0.655190 0.189336
vt 0.803601 0.218315
vt 0.818867 0.230114
vt 0.807283 0.209655
vt 0.642535 0.188436
vt 0.661672 0.175865
vt 0.654363 0.165027
vt 0.687598 0.164721
vt 0.726749 0.141210
vt 0.671543 0.119733
vt 0.811323 0.183265
vt 0.830418 0.189483
vt 0.810569 0.150386
vt 0.716452 0.160389
vt 0.832651 0.145338
vt 0.802299 0.112229
vt 0.745082 0.172763
vt 0.802159 0.069077
vt 0.824042 0.097149
vt 0.771869 0.184739
vt 0.768196 0.198644
vt 0.769192 0.153965
vt 0.787881 0.173522
vt 0.791929 0.176862
vt 0.809949 0.070157
vt 0.834717 0.059502
vt 0.777047 0.151634
vt 0.830742 0.065475
vt 0.851126 0.085271
vt 0.911031 0.131615
vt 0.909084 0.120629
vt 0.731117 0.073090
vt 0.723799 0.077939
vt 0.674304 0.050665
vt 0.679852 0.039665
vt 0.959002 0.158580
vt 0.853801 0.134097
vt 0.907047 0.146899
vt 0.856563 0.172844
vt 0.575169 0.131533
vt 0.559384 0.140663
vt 0.326663 0.161531
vt 0.327402 0.187438
vt 0.298299 0.181277
vt 0.290651 0.140018
vt 0.309954 0.143664
vt 0.293797 0.128226
vt 0.276199 0.115738
vt 0.230879 0.116875
vt 0.264217 0.127222
vt 0.268518 0.155976
vt 0.230159 0.153229
vt 0.230581 0.122418
vt 0.528773 0.261155
vt 0.514264 0.257641
vt 0.567871 0.256246
vt 0.567109 0.287506
vt 0.524106 0.245225
vt 0.568359 0.251144
vt 0.741462 0.313013
vt 0.749508 0.304648
vt 0.746165 0.370764
vt 0.434363 0.243746
vt 0.488699 0.257609
vt 0.734375 0.277832
vt 0.739746 0.276367
vt 0.694111 0.345525
vt 0.685059 0.294922
vt 0.662071 0.334553
vt 0.658203 0.300781
vt 0.964407 0.549016
vt 0.913574 0.579834
vt 0.946269 0.544843
vt 0.908594 0.552589
vt 0.886230 0.584229
vt 0.880177 0.554781
vt 0.867342 0.580185
vt 0.639336 0.299964
vt 0.641714 0.329448
vt 0.648474 0.366033
vt 0.636492 0.349326
vt 0.643066 0.374023
vt 0.652085 0.407988
vt 0.666327 0.372105
vt 0.700197 0.396696
vt 0.672000 0.413400
vt 0.705756 0.465555
vt 0.661151 0.411656
vt 0.683712 0.485251
vt 0.662989 0.472498
vt 0.655273 0.431641
vt 0.376709 0.333008
vt 0.335450 0.343217
vt 0.376009 0.313777
vt 0.398294 0.334264
vt 0.325755 0.315516
vt 0.316006 0.238914
vt 0.383905 0.251058
vt 0.401455 0.279994
vt 0.424858 0.319838
vt 0.242117 0.308065
vt 0.299621 0.297538
vt 0.257250 0.257151
vt 0.176276 0.312207
vt 0.231928 0.251981
vt 0.219808 0.269168
vt 0.245627 0.232664
vt 0.213883 0.244769
vt 0.189103 0.200676
vt 0.172228 0.258914
vt 0.144163 0.169762
vt 0.085781 0.167780
vt 0.099791 0.248867
vt 0.143122 0.289410
vt 0.127356 0.261272
vt 0.142738 0.344821
vt 0.132819 0.334686
vt 0.127743 0.312318
vt 0.126138 0.285399
vt 0.118145 0.279485
vt 0.736085 0.668905
vt 0.720419 0.674138
vt 0.725200 0.662269
vt 0.742248 0.662270
vt 0.743504 0.675932
vt 0.696382 0.698616
vt 0.685137 0.663778
vt 0.718295 0.622135
vt 0.679352 0.609232
vt 0.716600 0.564721
vt 0.777531 0.593177
vt 0.761845 0.641855
vt 0.668945 0.535400
vt 0.731614 0.480627
vt 0.746061 0.539757
vt 0.677335 0.576205
vt 0.224750 0.325654
vt 0.235851 0.338760
vt 0.206234 0.341664
vt 0.274170 0.342773
vt 0.176742 0.339773
vt 0.147662 0.361697
vt 0.165785 0.360879
vt 0.140597 0.361637
vt 0.147485 0.366751
vt 0.131737 0.363720
vt 0.677471 0.690617
vt 0.681545 0.700195
vt 0.662161 0.693481
vt 0.667746 0.665604
vt 0.129823 0.351128
vt 0.123730 0.353286
vt 0.803322 0.494693
vt 0.793126 0.552889
vt 0.836564 0.583904
vt 0.852114 0.623454
vt 0.859259 0.657052
vt 0.873369 0.655118
vt 0.875012 0.614513
vt 0.827703 0.559999
vt 0.144791 0.161160
vt 0.211054 0.202739
vt 0.892203 0.649149
vt 0.111729 0.145413
vt 0.873004 0.696837
vt 0.866971 0.691824
vt 0.069277 0.174012
vt 0.059212 0.226498
vt 0.054136 0.207892
vt 0.852762 0.720115
vt 0.836261 0.769105
vt 0.848226 0.713805
vt 0.018881 0.267019
vt 0.022266 0.273739
vt 0.820651 0.732670
vt 0.861099 0.680608
vt 0.850883 0.671516
vt 0.771537 0.696018
vt 0.819962 0.783097
vt 0.788440 0.742407
vt 0.802414 0.791134
vt 0.821827 0.789160
vt 0.832210 0.785829
vt 0.808144 0.808925
vt 0.806420 0.798183
vt 0.796860 0.797440
vt 0.783374 0.768873
vt 0.023953 0.296971
vt 0.046916 0.284909
vt 0.030650 0.302850
vt 0.767121 0.718115
vt 0.063246 0.257742
vt 0.083322 0.267602
vt 0.004936 0.278658
vt 0.809345 0.484972
vt 0.286951 0.216988
vt 0.783871 0.429235
vt 0.349978 0.230135
vt 0.319853 0.230142
vt 0.275602 0.223633
vt 0.740858 0.382011
vt 0.752734 0.384250
vt 0.414228 0.244610
vt 0.458911 0.298764
vt 0.448169 0.258706
vt 0.447805 0.276210
vt 0.496162 0.305308
vt 0.486958 0.266677
vt 0.467448 0.320635
vt 0.479981 0.332320
vt 0.515325 0.320305
vt 0.567383 0.324814
vt 0.523438 0.333984
vt 0.230931 0.191025
vt 0.263765 0.179549
vt 0.287666 0.190026
vt 0.303790 0.201494
vt 0.267578 0.200684
vt 0.240088 0.202988
vt 0.567383 0.335938
vt 0.304858 0.194270
vt 0.294376 0.209894
vt 0.843262 0.514893
vt 0.844726 0.505355
vt 0.853730 0.540709
vt 0.866125 0.511775
vt 0.507996 0.816345
vt 0.472802 0.858270
vt 0.457756 0.816267
vt 0.520267 0.857910
vt 0.975098 0.729089
vt 0.975098 0.743805
vt 0.960938 0.740563
vt 0.560806 0.858314
vt 0.960938 0.723633
vt 0.961187 0.706352
vt 0.409305 0.857400
vt 0.401181 0.816503
vt 0.961042 0.697243
vt 0.975404 0.695490
vt 0.974779 0.704471
vt 0.378021 0.859241
vt 0.379498 0.816086
vt 0.362037 0.815756
vt 0.859863 0.816406
vt 0.861328 0.858521
vt 0.842418 0.857264
vt 0.049907 0.381744
vt 0.049423 0.356593
vt 0.057669 0.367566
vt 0.025740 0.347380
vt 0.048615 0.336426
vt 0.027473 0.327187
vt 0.060637 0.383301
vt 0.077515 0.354797
vt 0.084015 0.383681
vt 0.080674 0.349558
vt 0.072475 0.337720
vt 0.099962 0.326150
vt 0.074408 0.349954
vt 0.050659 0.334473
vt 0.086783 0.313862
vt 0.078135 0.311523
vt 0.055560 0.310482
vt 0.706435 0.262314
vt 0.714542 0.257022
vt 0.714011 0.277546
vt 0.733450 0.261078
vt 0.718489 0.243808
vt 0.699015 0.248027
vt 0.694512 0.252678
vt 0.705632 0.270976
vt 0.691262 0.269408
vt 0.695939 0.285664
vt 0.681535 0.284497
vt 0.674082 0.263328
vt 0.664817 0.284744
vt 0.691328 0.241936
vt 0.686087 0.244306
vt 0.669361 0.262560
vt 0.693086 0.237543
vt 0.698759 0.865481
vt 0.705976 0.881809
vt 0.609699 0.881676
vt 0.592834 0.865587
vt 0.520061 0.882040
vt 0.515397 0.865753
vt 0.501804 0.881646
vt 0.476817 0.865707
vt 0.439899 0.881821
vt 0.358259 0.881764
vt 0.399691 0.865669
vt 0.317116 0.865756
vt 0.297377 0.881753
vt 0.271312 0.865542
vt 0.299153 0.352730
vt 0.303955 0.353027
vt 0.304390 0.358398
vt 0.286013 0.881922
vt 0.268339 0.881319
vt 0.293981 0.358398
vt 0.267209 0.358486
vt 0.277100 0.353027
vt 0.220917 0.881415
vt 0.089662 0.865957
vt 0.219722 0.865003
vt 0.086427 0.881628
vt 0.068868 0.865491
vt 0.005680 0.865967
vt 0.061292 0.881728
vt 0.006802 0.881409
vt 0.188828 0.020508
vt 0.094002 0.017950
vt 0.222511 0.019021
vt 0.265381 0.353027
vt 0.289659 0.353027
vt 0.713150 0.865389
vt 0.727535 0.881743
vt 0.782715 0.865479
vt 0.784668 0.881897
vt 0.729458 0.865422
vt 0.778638 0.119995
vt 0.769680 0.105352
vt 0.782405 0.107563
vt 0.794133 0.118182
vt 0.792262 0.096482
vt 0.781796 0.092447
vt 0.757988 0.103169
vt 0.768815 0.087124
vt 0.781278 0.068867
vt 0.759802 0.059081
vt 0.755336 0.076490
vt 0.753304 0.096976
vt 0.758655 0.110483
vt 0.790287 0.138287
vt 0.782070 0.130208
vt 0.946293 0.088314
vt 0.947568 0.080545
vt 0.965660 0.094130
vt 0.931988 0.070220
vt 0.955868 0.064707
vt 0.938973 0.084371
vt 0.922763 0.080164
vt 0.908988 0.104034
vt 0.942236 0.106028
vt 0.916467 0.121373
vt 0.915039 0.107112
vt 0.946240 0.120629
vt 0.959875 0.103881
vt 0.894259 0.106824
vt 0.904777 0.087117
vt 0.891778 0.083592
vt 0.919443 0.058043
vt 0.914550 0.077150
vt 0.909831 0.080730
vt 0.850867 0.788917
vt 0.840067 0.776602
vt 0.851275 0.783764
vt 0.868183 0.783558
vt 0.853832 0.758762
vt 0.836613 0.798817
vt 0.851579 0.803871
vt 0.865551 0.796138
vt 0.887124 0.800934
vt 0.887666 0.804580
vt 0.853373 0.810983
vt 0.877781 0.784714
vt 0.887800 0.780658
vt 0.890650 0.802589
vt 0.875417 0.762025
vt 0.889863 0.767260
vt 0.868089 0.750117
vt 0.831055 0.806152
vt 0.704947 0.172153
vt 0.711487 0.188355
vt 0.702202 0.190043
vt 0.734144 0.177942
vt 0.688936 0.176010
vt 0.698579 0.209818
vt 0.673755 0.183833
vt 0.677079 0.201026
vt 0.665501 0.193392
vt 0.692893 0.222989
vt 0.680066 0.219903
vt 0.709127 0.228626
vt 0.729378 0.205924
vt 0.714757 0.206283
vt 0.570312 0.342285
vt 0.573930 0.340525
vt 0.595512 0.355335
vt 0.605756 0.371541
vt 0.615640 0.353367
vt 0.586343 0.340084
vt 0.604725 0.343794
vt 0.617906 0.330264
vt 0.607611 0.306719
vt 0.599275 0.323245
vt 0.602581 0.333426
vt 0.589298 0.334092
vt 0.573242 0.337402
vt 0.588867 0.313965
vt 0.583496 0.366211
vt 0.604435 0.300340
vt 0.678340 0.742173
vt 0.700529 0.740824
vt 0.701660 0.748535
vt 0.677604 0.721463
vt 0.672482 0.743836
vt 0.676758 0.747744
vt 0.660716 0.715657
vt 0.654504 0.738851
vt 0.704109 0.759126
vt 0.678667 0.765906
vt 0.715013 0.727584
vt 0.714790 0.745769
vt 0.704102 0.746094
vt 0.697686 0.725949
vt 0.701809 0.712163
vt 0.678744 0.705993
vt 0.633696 0.902298
vt 0.550649 0.902138
vt 0.570660 0.887500
vt 0.747607 0.887064
vt 0.542174 0.887229
vt 0.181205 0.076172
vt 0.181400 0.067881
vt 0.231982 0.068341
vt 0.531461 0.902028
vt 0.497511 0.887059
vt 0.411155 0.023675
vt 0.235411 0.024461
vt 0.271498 0.022949
vt 0.340515 0.887438
vt 0.277070 0.076172
vt 0.317354 0.887524
vt 0.328168 0.901747
vt 0.301380 0.887209
vt 0.305572 0.901423
vt 0.246046 0.887377
vt 0.202238 0.901565
vt 0.195338 0.887244
vt 0.139979 0.887124
vt 0.120834 0.901343
vt 0.106834 0.887433
vt 0.100903 0.901851
vt 0.043096 0.887267
vt 0.042999 0.901793
vt 0.736551 0.902046
vt 0.771645 0.902119
vt 0.777878 0.886846
vt 0.786571 0.902046
vt 0.792405 0.887294
vt 0.850884 0.887270
vt 0.855808 0.901904
vt 0.872070 0.887146
vt 0.875000 0.902222
vt 0.564308 0.816268
vt 0.608723 0.858322
vt 0.629022 0.816088
vt 0.641014 0.857802
vt 0.611013 0.815446
vt 0.974609 0.848363
vt 0.975098 0.854248
vt 0.961426 0.854980
vt 0.960897 0.842789
vt 0.960954 0.791292
vt 0.975156 0.810426
vt 0.961426 0.811315
vt 0.290972 0.068359
vt 0.601515 0.816611
vt 0.785706 0.815212
vt 0.791770 0.814564
vt 0.776017 0.856638
vt 0.672148 0.816402
vt 0.974860 0.782141
vt 0.727641 0.858597
vt 0.729270 0.817269
vt 0.974648 0.826721
vt 0.961006 0.778411
vt 0.975098 0.771953
vt 0.960603 0.829918
vt 0.974609 0.832193
vt 0.960039 0.831829
vt 0.828939 0.816296
vt 0.793979 0.857422
vt 0.033976 0.168838
vt 0.022666 0.141684
vt 0.045555 0.157611
vt 0.008234 0.167029
vt 0.024602 0.172912
vt 0.052821 0.181410
vt 0.038961 0.179563
vt 0.039777 0.191408
vt 0.042852 0.206467
vt 0.023405 0.188977
vt 0.022029 0.200648
vt 0.033971 0.201058
vt 0.030199 0.208143
vt 0.011890 0.214016
vt 0.016718 0.222648
vt 0.004730 0.192548
vt 0.975098 0.756358
vt 0.961051 0.759227
vt 0.974848 0.765877
vt 0.588588 0.857825
vt 0.961313 0.769391
vt 0.960916 0.773368
vt 0.725631 0.769725
vt 0.724293 0.739647
vt 0.730967 0.760350
vt 0.733672 0.793718
vt 0.705104 0.766701
vt 0.738640 0.787538
vt 0.736671 0.776182
vt 0.762207 0.776001
vt 0.750021 0.755683
vt 0.775326 0.770412
vt 0.746466 0.749867
vt 0.765591 0.748831
vt 0.751325 0.751923
vt 0.740995 0.736089
vt 0.761719 0.779907
vt 0.763672 0.798462
vt 0.755036 0.808267
vt 0.739439 0.794376
vt 0.714136 0.802331
vt 0.611131 0.792259
vt 0.626127 0.774774
vt 0.630173 0.793941
vt 0.607680 0.779250
vt 0.632597 0.808994
vt 0.622574 0.808177
vt 0.650519 0.794779
vt 0.652385 0.806315
vt 0.660632 0.773734
vt 0.673828 0.778442
vt 0.664068 0.797339
vt 0.654462 0.790690
vt 0.656428 0.768201
vt 0.632439 0.761587
vt 0.658873 0.752944
vt 0.643335 0.745740
vt 0.622012 0.769053
vt 0.631702 0.773496
vt 0.652675 0.774498
vt 0.206848 0.139996
vt 0.181808 0.156121
vt 0.197830 0.128466
vt 0.200310 0.165735
vt 0.226085 0.150348
vt 0.226161 0.137879
vt 0.212972 0.119102
vt 0.192879 0.129643
vt 0.174140 0.156542
vt 0.176312 0.123238
vt 0.158810 0.148872
vt 0.192139 0.185059
vt 0.178203 0.180346
vt 0.197355 0.166691
vt 0.177465 0.162604
vt 0.220408 0.168472
vt 0.000000 0.000000
s 1
usemtl Sto_A_Strike_095.002
f 1/1/1 3/2/2 2/3/2
f 1/4/3 2/5/4 5/6/5
f 3/7/6 1/4/3 4/8/7
f 6/9/8 4/8/7 1/4/3
f 5/6/5 7/10/9 1/4/3
f 8/11/10 6/9/8 1/4/3
f 9/12/11 1/4/3 7/10/9
f 10/13/12 8/11/10 1/4/3
f 9/12/11 10/13/12 1/4/3
f 9/14/13 11/15/14 10/16/15
f 12/17/16 10/16/15 11/15/14
f 12/17/16 8/18/17 10/16/15
f 13/19/18 12/20/19 11/21/20
f 13/22/21 8/18/17 12/17/16
f 13/19/18 11/21/20 14/23/22
f 14/24/23 6/25/24 13/22/21
f 13/22/21 6/25/24 8/18/17
f 14/23/22 16/26/25 15/27/26
f 15/28/27 6/25/24 14/24/23
f 14/23/22 17/29/28 16/26/25
f 17/29/28 14/23/22 11/21/20
f 18/30/29 16/26/25 17/29/28
f 17/31/30 7/32/31 18/33/32
f 17/34/33 11/15/14 9/14/13
f 9/35/34 7/32/31 17/31/30
f 16/26/25 18/30/29 19/36/35
f 18/33/32 7/32/31 19/37/36
f 20/38/37 16/26/25 19/36/35
f 19/36/35 21/39/38 20/38/37
f 26/40/39 21/41/40 19/37/36
f 7/32/31 22/42/31 19/37/36
f 22/42/31 23/43/41 19/37/36
f 23/43/41 24/44/31 19/37/36
f 24/44/31 25/45/42 19/37/36
f 19/37/36 25/45/42 26/40/39
f 27/46/43 26/47/44 28/48/45
f 27/49/46 21/41/40 26/40/39
f 28/48/45 26/47/44 29/50/47
f 26/47/44 30/51/48 29/50/47
f 25/45/42 30/52/49 26/40/39
f 29/50/47 30/51/48 31/53/50
f 31/53/50 30/51/48 32/54/51
f 33/55/52 32/54/51 30/51/48
f 38/56/53 33/57/54 30/58/49
f 34/59/53 30/58/49 25/60/42
f 35/61/54 30/58/49 34/59/53
f 35/61/54 36/62/49 30/58/49
f 36/62/49 37/63/31 30/58/49
f 38/56/53 30/58/49 37/63/31
f 38/64/55 37/65/56 39/66/57
f 39/66/57 40/67/58 38/64/55
f 41/68/59 38/64/55 40/67/58
f 42/69/60 38/64/55 41/68/59
f 42/70/42 33/57/54 38/56/53
f 41/68/59 43/71/61 42/69/60
f 44/72/62 42/69/60 43/71/61
f 44/73/42 33/57/54 42/70/42
f 44/72/62 43/71/61 45/74/63
f 44/73/42 45/75/42 46/76/41
f 46/76/41 47/77/31 44/73/42
f 47/77/31 33/57/54 44/73/42
f 47/78/64 46/79/65 48/80/64
f 49/68/66 47/78/64 48/80/64
f 49/81/54 33/57/54 47/77/31
f 48/80/64 50/69/67 49/68/66
f 50/69/67 51/82/68 49/68/66
f 52/83/69 49/68/66 51/82/68
f 52/84/42 53/85/42 49/81/54
f 33/57/54 49/81/54 53/85/42
f 53/86/70 54/87/71 33/55/52
f 54/87/71 53/86/70 55/88/72
f 56/89/72 55/88/72 53/86/70
f 53/85/42 52/84/42 56/90/42
f 55/88/72 56/89/72 57/91/73
f 58/92/73 57/91/73 56/89/72
f 58/93/42 56/90/42 59/94/42
f 59/94/42 56/90/42 52/84/42
f 59/95/74 52/83/69 60/74/75
f 59/95/74 60/74/75 61/96/76
f 59/94/42 61/97/54 58/93/42
f 62/98/77 61/96/76 60/74/75
f 61/96/76 62/98/77 63/99/78
f 61/97/54 63/100/53 64/101/54
f 64/101/54 58/93/42 61/97/54
f 64/102/79 65/103/80 58/92/73
f 65/103/80 64/102/79 66/104/81
f 67/105/82 66/104/81 64/102/79
f 64/101/54 63/100/53 67/106/53
f 66/104/81 67/105/82 68/107/83
f 69/108/84 68/107/83 67/105/82
f 63/100/53 69/109/41 67/106/53
f 69/108/84 70/110/85 68/107/83
f 71/111/41 70/112/41 69/109/41
f 63/100/53 71/111/41 69/109/41
f 63/99/78 72/113/86 71/114/87
f 73/115/88 71/114/87 72/113/86
f 71/114/87 73/115/88 74/116/89
f 71/111/41 74/117/31 70/112/41
f 75/118/90 74/116/89 73/115/88
f 76/119/91 74/116/89 75/118/90
f 76/120/53 77/121/31 74/117/31
f 77/121/31 70/112/41 74/117/31
f 77/122/92 78/123/92 70/110/85
f 77/122/92 79/124/93 78/123/92
f 79/125/53 77/121/31 76/120/53
f 80/126/93 78/123/92 79/124/93
f 80/126/93 79/124/93 81/127/94
f 82/128/95 81/127/94 79/124/93
f 79/125/53 83/129/42 82/130/54
f 83/129/42 79/125/53 76/120/53
f 83/131/96 76/119/91 84/132/97
f 85/133/98 83/131/96 84/132/97
f 83/129/42 85/134/42 82/130/54
f 84/132/97 86/135/99 85/133/98
f 87/136/100 85/133/98 86/135/99
f 87/137/42 88/138/53 85/134/42
f 85/134/42 88/138/53 82/130/54
f 88/139/101 90/140/102 89/141/103
f 89/141/103 91/142/101 88/139/101
f 90/143/41 88/138/53 87/137/42
f 91/142/101 92/119/104 88/139/101
f 93/144/105 88/139/101 92/119/104
f 88/138/53 93/145/42 82/130/54
f 93/144/105 92/119/104 94/146/106
f 94/147/42 95/148/54 93/145/42
f 93/145/42 95/148/54 82/130/54
f 82/128/95 95/149/107 81/127/94
f 95/149/107 96/150/107 81/127/94
f 95/149/107 97/151/108 96/150/107
f 95/149/107 98/152/109 97/151/108
f 95/148/54 99/153/42 98/154/53
f 100/155/42 99/153/42 95/148/54
f 101/156/42 100/155/42 95/148/54
f 102/157/42 101/156/42 95/148/54
f 103/158/53 102/157/42 95/148/54
f 103/158/53 95/148/54 94/147/42
f 103/159/110 105/160/111 104/161/112
f 104/161/112 106/162/113 103/159/110
f 105/163/31 103/158/53 108/164/42
f 106/162/113 107/165/114 103/159/110
f 102/166/115 103/159/110 107/165/114
f 108/164/42 103/158/53 94/147/42
f 108/135/116 94/146/106 109/133/117
f 110/167/118 108/135/116 109/133/117
f 110/168/42 105/163/31 108/164/42
f 109/133/117 111/169/119 110/167/118
f 111/169/119 112/170/120 110/167/118
f 113/171/121 110/167/118 112/170/120
f 113/172/53 114/173/41 110/168/42
f 114/173/41 105/163/31 110/168/42
f 114/174/88 116/175/122 115/176/87
f 115/176/87 104/161/112 114/174/88
f 116/177/53 114/173/41 113/172/53
f 105/160/111 114/174/88 104/161/112
f 117/178/123 118/179/76 116/175/122
f 117/180/54 116/177/53 120/181/31
f 119/182/124 116/175/122 118/179/76
f 119/182/124 115/176/87 116/175/122
f 120/181/31 116/177/53 113/172/53
f 121/183/125 122/184/126 120/185/127
f 112/170/120 121/186/125 120/187/127
f 123/188/128 120/185/127 122/184/126
f 123/189/41 117/180/54 120/181/31
f 120/187/127 113/171/121 112/170/120
f 37/65/56 123/188/128 122/184/126
f 123/189/41 37/63/31 124/190/42
f 124/190/42 117/180/54 123/189/41
f 124/191/129 36/192/68 125/193/130
f 117/178/123 124/191/129 125/193/130
f 124/190/42 37/63/31 36/62/49
f 126/194/131 125/193/130 36/192/68
f 126/195/132 39/196/133 125/197/134
f 117/178/123 125/193/130 118/179/76
f 125/197/134 122/198/135 118/199/136
f 122/198/135 125/197/134 39/196/133
f 127/200/137 126/194/131 36/192/68
f 126/195/132 127/201/138 31/202/134
f 126/195/132 31/202/134 39/196/133
f 128/203/64 127/200/137 35/204/137
f 127/201/138 128/205/133 31/202/134
f 36/192/68 35/204/137 127/200/137
f 129/206/65 128/203/64 34/207/64
f 129/208/139 130/209/139 128/205/133
f 35/204/137 34/207/64 128/203/64
f 31/202/134 128/205/133 130/209/139
f 131/210/140 130/211/139 132/212/139
f 133/213/138 130/211/139 131/210/140
f 132/214/141 130/215/142 134/216/143
f 133/213/138 28/217/138 130/211/139
f 28/217/138 29/218/132 130/211/139
f 130/211/139 29/218/132 31/219/134
f 130/215/142 135/220/144 134/216/143
f 130/215/142 5/6/5 135/220/144
f 130/209/139 136/221/139 5/222/139
f 137/223/139 136/221/139 130/209/139
f 138/224/139 137/223/139 130/209/139
f 97/225/140 138/224/139 130/209/139
f 96/226/136 97/225/140 130/209/139
f 140/227/140 96/226/136 130/209/139
f 139/228/139 130/209/139 129/208/139
f 139/228/139 140/227/140 130/209/139
f 141/229/145 142/230/146 140/231/147
f 140/231/147 139/232/148 141/229/145
f 142/233/146 99/234/149 140/235/147
f 143/236/149 140/235/147 99/234/149
f 143/237/150 96/226/136 140/227/140
f 144/238/151 143/236/149 99/234/149
f 144/239/134 96/226/136 143/237/150
f 145/240/152 144/238/151 101/241/153
f 145/242/134 96/226/136 144/239/134
f 100/243/154 101/241/153 144/238/151
f 99/234/149 100/243/154 144/238/151
f 145/240/152 101/241/153 107/165/114
f 107/244/150 96/226/136 145/242/134
f 142/245/53 141/246/31 25/60/42
f 142/245/53 98/154/53 99/153/42
f 98/154/53 142/245/53 25/60/42
f 139/232/148 129/206/65 141/229/145
f 146/247/155 141/229/145 129/206/65
f 141/246/31 146/248/31 25/60/42
f 34/207/64 146/247/155 129/206/65
f 146/248/31 34/59/53 25/60/42
f 138/249/156 97/151/108 24/250/157
f 24/250/157 23/251/158 138/249/156
f 137/252/158 138/249/156 23/251/158
f 23/251/158 22/253/159 137/252/158
f 136/254/160 137/252/158 22/253/159
f 22/253/159 7/255/161 136/254/160
f 5/256/162 136/254/160 7/255/161
f 147/210/53 134/212/31 135/211/31
f 135/211/31 148/213/53 147/210/53
f 148/213/53 135/211/31 149/217/54
f 135/211/31 150/218/42 149/217/54
f 151/219/42 150/218/42 135/211/31
f 151/202/42 135/209/31 156/208/41
f 5/6/5 152/257/163 135/220/144
f 152/222/31 153/258/41 135/209/31
f 153/258/41 154/259/31 135/209/31
f 135/209/31 154/259/31 155/227/54
f 156/208/41 135/209/31 155/227/54
f 157/200/164 156/206/165 158/247/166
f 157/201/53 151/202/42 156/208/41
f 156/206/165 155/231/167 158/247/166
f 157/200/164 158/247/166 159/204/168
f 158/260/133 161/261/169 159/262/140
f 160/230/170 158/247/166 155/231/167
f 161/261/169 158/260/133 160/263/136
f 162/264/139 163/37/171 161/45/169
f 161/261/169 160/263/136 162/265/139
f 163/37/171 164/40/172 161/45/169
f 165/52/173 161/45/169 164/40/172
f 159/262/140 161/261/169 165/266/173
f 165/51/174 151/267/50 166/55/175
f 166/268/138 167/269/138 165/266/173
f 151/267/50 165/51/174 150/50/176
f 164/47/177 150/50/176 165/51/174
f 159/262/140 165/266/173 167/269/138
f 168/74/178 167/68/179 169/95/180
f 168/74/178 170/69/179 167/68/179
f 167/269/138 175/270/132 169/271/134
f 170/69/179 171/272/181 167/68/179
f 172/79/165 167/68/179 171/272/181
f 172/273/135 174/274/132 167/269/138
f 173/275/139 159/262/140 167/269/138
f 173/275/139 167/269/138 174/274/132
f 167/269/138 166/268/138 175/270/132
f 175/276/182 177/277/182 176/278/183
f 169/271/134 175/270/132 176/279/134
f 175/276/182 166/55/175 177/277/182
f 178/280/184 176/278/183 177/277/182
f 177/281/42 168/282/42 178/283/42
f 179/54/185 177/277/182 166/55/175
f 170/284/54 177/281/42 179/285/42
f 170/284/54 168/282/42 177/281/42
f 179/54/185 166/55/175 151/267/50
f 170/284/54 179/285/42 151/202/42
f 180/286/186 181/287/187 178/280/184
f 178/283/42 168/282/42 180/288/54
f 176/278/183 178/280/184 181/287/187
f 181/287/187 183/289/188 182/290/189
f 182/291/139 184/292/139 181/293/136
f 180/286/186 183/289/188 181/287/187
f 181/293/136 169/271/134 176/279/134
f 169/271/134 181/293/136 184/292/139
f 185/116/190 186/118/191 184/99/192
f 185/294/139 184/292/139 188/295/135
f 187/113/192 184/99/192 186/118/191
f 184/99/192 187/113/192 169/95/180
f 184/292/139 182/291/139 188/295/135
f 189/296/193 188/297/194 190/298/195
f 185/294/139 188/295/135 189/299/139
f 191/300/194 190/298/195 188/297/194
f 183/289/188 191/300/194 188/297/194
f 183/289/188 188/297/194 182/290/189
f 190/301/31 191/302/41 186/303/53
f 183/304/53 187/305/31 191/302/41
f 187/305/31 186/303/53 191/302/41
f 192/306/196 193/307/196 190/298/195
f 192/308/53 190/301/31 186/303/53
f 189/296/193 190/298/195 193/307/196
f 193/307/196 192/306/196 194/128/107
f 194/309/138 195/310/138 193/311/140
f 193/311/140 185/294/139 189/299/139
f 193/311/140 195/310/138 185/294/139
f 196/312/197 195/131/198 197/136/199
f 196/312/197 198/132/200 195/131/198
f 197/313/132 195/310/138 199/314/138
f 198/132/200 186/118/191 195/131/198
f 195/131/198 186/118/191 185/116/190
f 195/310/138 200/315/132 199/314/138
f 195/310/138 194/309/138 200/315/132
f 200/166/198 202/243/201 201/165/202
f 201/165/202 203/161/203 200/166/198
f 200/315/132 206/316/138 202/317/150
f 204/160/204 200/166/198 203/161/203
f 200/315/132 204/318/139 205/319/132
f 205/319/132 199/314/138 200/315/132
f 200/315/132 194/309/138 206/316/138
f 206/149/1 154/320/205 162/321/206
f 206/316/138 162/265/139 160/263/136
f 207/150/207 154/320/205 206/149/1
f 206/149/1 194/128/107 207/150/207
f 202/317/150 206/316/138 160/263/136
f 207/226/53 155/227/54 154/259/31
f 208/127/107 207/150/207 194/128/107
f 201/244/42 207/226/53 208/322/54
f 209/239/42 155/227/54 207/226/53
f 207/226/53 201/244/42 209/239/42
f 155/235/167 209/238/197 202/243/201
f 209/238/197 201/165/202 202/243/201
f 208/127/107 194/128/107 192/306/196
f 192/308/53 198/323/54 208/322/54
f 208/322/54 198/323/54 201/244/42
f 205/233/208 210/235/209 199/243/210
f 205/324/208 211/325/211 210/326/209
f 211/327/132 205/319/132 204/318/139
f 212/328/212 213/329/213 211/325/211
f 212/330/136 211/327/132 204/318/139
f 213/329/213 210/326/209 211/325/211
f 214/331/214 213/329/213 215/332/215
f 213/333/54 214/334/31 216/335/31
f 212/328/212 215/332/215 213/329/213
f 213/333/54 203/336/53 210/337/42
f 216/335/31 203/336/53 213/333/54
f 216/182/216 217/175/192 203/161/203
f 217/175/192 216/182/216 218/191/217
f 219/193/218 218/191/217 216/182/216
f 216/335/31 214/334/31 219/197/42
f 219/193/218 159/204/168 218/191/217
f 219/193/218 157/200/164 159/204/168
f 219/197/42 220/338/53 157/201/53
f 214/334/31 220/338/53 219/197/42
f 221/339/219 220/340/220 174/341/219
f 220/338/53 221/342/42 170/284/54
f 220/340/220 173/343/221 174/341/219
f 220/340/220 214/331/214 173/343/221
f 170/284/54 157/201/53 220/338/53
f 174/341/219 222/161/222 221/339/219
f 221/342/42 222/344/31 171/345/41
f 171/345/41 170/284/54 221/342/42
f 223/160/223 224/165/224 222/161/222
f 174/341/219 223/160/223 222/161/222
f 222/344/31 224/346/31 225/347/53
f 222/344/31 225/347/53 171/345/41
f 226/348/225 225/349/167 197/136/199
f 226/350/225 172/79/165 225/351/167
f 196/312/197 197/136/199 225/349/167
f 225/347/53 224/346/31 196/352/42
f 171/272/181 225/351/167 172/79/165
f 197/313/132 227/353/133 226/354/140
f 226/354/140 223/355/140 172/273/135
f 223/355/140 226/354/140 227/353/133
f 199/243/210 228/238/226 227/166/224
f 227/353/133 197/313/132 199/314/138
f 224/165/224 227/166/224 228/238/226
f 223/160/223 227/166/224 224/165/224
f 228/238/226 199/243/210 210/235/209
f 210/337/42 201/244/42 228/356/42
f 224/346/31 228/356/42 196/352/42
f 228/356/42 201/244/42 198/323/54
f 196/352/42 228/356/42 198/323/54
f 174/274/132 172/273/135 223/355/140
f 215/357/133 217/358/133 218/359/132
f 159/262/140 173/275/139 218/359/132
f 215/357/133 218/359/132 173/275/139
f 204/160/204 203/161/203 217/175/192
f 217/358/133 212/330/136 204/318/139
f 212/330/136 217/358/133 215/357/133
f 215/332/215 173/343/221 214/331/214
f 203/336/53 201/244/42 210/337/42
f 155/235/167 202/243/201 160/233/170
f 192/308/53 186/303/53 198/323/54
f 168/74/178 169/95/180 187/113/192
f 168/282/42 187/305/31 180/288/54
f 187/305/31 183/304/53 180/288/54
f 151/202/42 157/201/53 170/284/54
f 150/50/176 164/47/177 149/360/227
f 149/360/227 164/47/177 229/46/228
f 164/40/172 230/41/229 229/49/230
f 163/37/171 230/41/229 164/40/172
f 231/38/231 232/361/232 230/39/233
f 163/36/234 231/38/231 230/39/233
f 233/362/235 230/39/233 232/361/232
f 234/363/236 230/39/233 233/362/235
f 234/364/237 229/49/230 230/41/229
f 233/362/235 235/365/238 234/363/236
f 234/363/236 235/365/238 236/366/239
f 236/367/240 237/368/241 234/364/237
f 237/368/241 229/49/230 234/364/237
f 148/369/242 229/46/228 237/370/243
f 237/371/244 147/372/245 148/373/246
f 147/372/245 237/371/244 238/374/247
f 239/375/248 238/374/247 237/371/244
f 239/375/248 237/371/244 240/376/249
f 240/377/250 237/368/241 243/378/251
f 241/379/252 237/368/241 236/367/240
f 241/379/252 242/380/253 237/368/241
f 237/368/241 242/380/253 243/378/251
f 242/381/254 244/382/255 243/383/256
f 245/384/257 243/383/256 244/382/255
f 245/384/257 239/385/258 243/383/256
f 243/383/256 239/385/258 240/386/259
f 245/384/257 244/382/255 246/387/260
f 245/384/257 246/387/260 239/385/258
f 238/388/261 246/389/262 247/390/263
f 246/389/262 238/388/261 248/391/264
f 247/392/265 246/387/260 244/382/255
f 248/393/266 239/385/258 246/387/260
f 248/394/267 238/374/247 239/375/248
f 249/395/268 238/388/261 247/390/263
f 247/392/265 250/396/269 249/397/270
f 244/382/255 250/396/269 247/392/265
f 250/396/269 241/398/271 235/365/238
f 250/396/269 235/365/238 249/397/270
f 241/398/271 250/396/269 242/381/254
f 244/382/255 242/381/254 250/396/269
f 251/399/272 238/388/261 249/395/268
f 249/397/270 235/365/238 251/400/273
f 251/399/272 252/401/274 238/388/261
f 251/400/273 235/365/238 252/402/275
f 252/401/274 254/403/276 253/404/277
f 238/388/261 252/401/274 253/404/277
f 252/402/275 233/362/235 254/405/278
f 235/365/238 233/362/235 252/402/275
f 255/406/279 256/407/280 254/403/276
f 257/408/281 255/409/282 254/405/278
f 254/403/276 256/407/280 253/404/277
f 254/405/278 232/361/232 257/408/281
f 233/362/235 232/361/232 254/405/278
f 258/410/283 257/408/281 259/411/284
f 255/409/282 257/408/281 258/410/283
f 257/408/281 260/412/285 259/411/284
f 261/413/286 260/412/285 257/408/281
f 261/413/286 257/408/281 232/361/232
f 260/412/285 261/413/286 262/414/287
f 262/414/287 261/413/286 263/415/288
f 263/415/288 261/413/286 264/416/289
f 261/413/286 232/361/232 264/416/289
f 264/416/289 265/417/290 263/415/288
f 264/416/289 232/361/232 268/418/291
f 264/416/289 266/419/292 265/417/290
f 266/419/292 264/416/289 267/420/293
f 268/418/291 267/420/293 264/416/289
f 267/420/293 268/418/291 269/421/294
f 268/418/291 232/361/232 231/38/231
f 269/421/294 268/418/291 270/27/295
f 271/26/296 270/27/295 268/418/291
f 271/26/296 268/418/291 231/38/231
f 271/26/296 272/23/297 270/27/295
f 272/23/297 271/26/296 274/29/298
f 231/38/231 163/36/234 271/26/296
f 273/30/299 271/26/296 163/36/234
f 273/30/299 274/29/298 271/26/296
f 273/33/300 278/32/133 274/31/301
f 275/21/302 272/23/297 274/29/298
f 274/422/303 276/423/304 275/424/305
f 277/425/306 276/423/304 274/422/303
f 274/31/301 278/32/133 277/35/307
f 152/256/308 278/255/309 153/426/310
f 2/5/4 278/427/311 152/257/163
f 279/428/312 153/426/310 278/255/309
f 278/32/133 163/37/171 279/429/133
f 278/427/311 2/5/4 277/430/313
f 163/37/171 278/32/133 273/33/300
f 153/426/310 279/428/312 154/320/205
f 162/321/206 154/320/205 279/428/312
f 279/429/133 163/37/171 162/264/139
f 277/430/313 2/5/4 276/431/314
f 276/423/304 281/432/315 280/433/316
f 276/423/304 280/433/316 275/424/305
f 276/431/314 2/5/4 281/434/317
f 282/435/318 272/436/319 281/432/315
f 281/434/317 2/5/4 282/437/320
f 281/432/315 272/436/319 283/438/321
f 280/433/316 281/432/315 283/438/321
f 283/19/322 272/23/297 275/21/302
f 275/21/302 280/20/323 283/19/322
f 284/439/324 270/440/325 282/435/318
f 2/5/4 284/441/326 282/437/320
f 272/436/319 282/435/318 270/440/325
f 285/442/327 267/443/328 284/439/324
f 285/444/329 284/441/326 3/7/6
f 269/445/330 284/439/324 267/443/328
f 269/445/330 270/440/325 284/439/324
f 284/441/326 2/5/4 3/7/6
f 285/442/327 4/446/331 286/447/332
f 287/448/333 285/442/327 286/447/332
f 285/444/329 3/7/6 4/8/7
f 285/442/327 287/448/333 288/449/334
f 288/449/334 265/450/335 285/442/327
f 266/451/336 285/442/327 265/450/335
f 266/451/336 267/443/328 285/442/327
f 288/452/337 263/415/288 265/417/290
f 288/452/338 287/417/339 263/415/340
f 289/416/341 263/415/340 287/417/339
f 286/419/342 289/416/341 287/417/339
f 263/415/340 289/416/341 290/413/343
f 289/416/341 292/418/344 290/413/343
f 286/419/342 291/420/345 289/416/341
f 292/418/344 289/416/341 291/420/345
f 290/413/343 292/418/344 293/361/346
f 294/421/347 292/418/344 291/420/345
f 292/418/344 20/38/37 293/361/346
f 294/421/347 15/27/26 292/418/344
f 16/26/25 292/418/344 15/27/26
f 292/418/344 16/26/25 20/38/37
f 291/453/348 4/446/331 294/454/349
f 294/454/349 6/25/24 15/28/27
f 4/446/331 6/25/24 294/454/349
f 295/408/350 293/361/346 296/405/351
f 295/408/350 290/413/343 293/361/346
f 293/361/346 297/362/352 296/405/351
f 20/38/37 21/39/38 293/361/346
f 297/362/352 293/361/346 21/39/38
f 21/39/38 298/363/353 297/362/352
f 299/402/354 296/405/351 297/362/352
f 300/365/355 297/362/352 298/363/353
f 297/362/352 300/365/355 299/402/354
f 298/363/353 301/366/356 300/365/355
f 302/400/357 299/402/354 300/365/355
f 301/366/356 303/398/358 300/365/355
f 302/400/357 300/365/355 304/397/359
f 305/396/360 300/365/355 303/398/358
f 300/365/355 305/396/360 304/397/359
f 303/398/358 306/381/361 305/396/360
f 304/397/359 305/396/360 307/392/362
f 308/382/363 305/396/360 306/381/361
f 305/396/360 308/382/363 307/392/362
f 306/381/361 309/383/364 308/382/363
f 307/392/362 308/382/363 310/387/365
f 311/384/366 308/382/363 309/383/364
f 308/382/363 311/384/366 310/387/365
f 311/384/366 309/383/364 312/385/367
f 311/384/366 312/385/367 310/387/365
f 309/383/364 313/386/368 312/385/367
f 314/393/369 310/387/365 312/385/367
f 313/376/370 315/371/371 312/375/372
f 312/375/372 316/374/373 314/394/374
f 315/371/371 316/374/373 312/375/372
f 299/455/375 316/388/376 317/404/377
f 302/456/378 316/388/376 299/455/375
f 316/457/379 318/458/380 317/459/381
f 302/456/378 304/460/382 316/388/376
f 304/460/382 307/390/383 316/388/376
f 307/390/383 310/461/384 316/388/376
f 314/391/385 316/388/376 310/461/384
f 131/462/386 318/458/380 316/457/379
f 316/374/373 315/371/371 131/372/387
f 132/212/139 318/463/139 131/210/140
f 318/458/380 319/464/388 317/459/381
f 318/463/139 132/212/139 319/465/139
f 317/459/381 319/464/388 320/466/389
f 320/466/389 319/464/388 321/467/390
f 322/468/391 321/467/390 319/464/388
f 322/469/136 319/470/139 328/471/138
f 319/470/139 132/472/139 323/473/132
f 324/474/138 319/470/139 323/473/132
f 319/470/139 324/474/138 325/475/133
f 319/470/139 325/475/133 326/476/136
f 327/477/132 319/470/139 326/476/136
f 319/470/139 327/477/132 328/471/138
f 329/478/392 330/479/393 328/480/394
f 329/478/392 328/480/394 327/481/393
f 330/482/395 332/483/396 328/484/397
f 331/485/190 328/484/397 332/483/396
f 331/486/139 333/487/134 328/471/138
f 322/469/136 328/471/138 334/488/138
f 334/488/138 328/471/138 333/487/134
f 335/489/199 334/490/398 333/491/399
f 335/489/199 336/492/400 334/490/398
f 336/492/400 337/493/204 334/490/398
f 337/494/140 338/495/140 334/488/138
f 338/495/140 322/469/136 334/488/138
f 339/496/401 322/468/391 338/497/401
f 338/497/401 340/498/402 339/496/401
f 337/494/140 340/499/135 338/495/140
f 341/500/403 339/496/401 340/498/402
f 342/501/404 341/500/403 340/498/402
f 342/501/404 340/498/402 343/502/404
f 340/499/135 344/503/133 343/504/140
f 337/494/140 344/503/133 340/499/135
f 337/493/204 345/505/204 344/506/405
f 346/507/406 344/506/405 345/505/204
f 344/506/405 346/507/406 347/508/407
f 347/509/134 343/504/140 344/503/133
f 348/510/178 347/508/407 346/507/406
f 348/510/178 349/511/168 347/508/407
f 350/512/408 347/508/407 349/511/168
f 347/509/134 350/513/138 351/514/134
f 347/509/134 351/514/134 343/504/140
f 352/515/409 343/502/404 351/516/410
f 353/517/411 352/515/409 351/516/410
f 353/517/411 351/516/410 354/518/412
f 351/514/134 350/513/138 354/519/132
f 353/517/411 354/518/412 355/520/413
f 356/521/414 355/520/413 354/518/412
f 354/519/132 357/522/138 356/523/150
f 350/513/138 357/522/138 354/519/132
f 358/524/181 357/525/168 359/526/166
f 358/527/139 356/523/150 357/522/138
f 360/528/168 359/526/166 357/525/168
f 361/529/415 360/528/168 357/525/168
f 361/529/415 357/525/168 362/530/416
f 357/522/138 350/513/138 362/531/132
f 361/529/415 362/530/416 363/532/192
f 364/533/192 363/532/192 362/530/416
f 362/531/132 365/534/139 364/535/133
f 365/534/139 362/531/132 350/513/138
f 349/511/168 365/536/417 350/512/408
f 349/511/168 366/537/418 365/536/417
f 366/537/418 367/538/419 365/536/417
f 368/539/420 365/536/417 367/538/419
f 368/540/138 364/535/133 365/534/139
f 368/541/420 367/542/419 333/491/399
f 368/540/138 333/487/134 364/535/133
f 335/489/199 333/491/399 367/542/419
f 367/543/53 363/544/31 335/545/42
f 367/543/53 366/546/41 363/544/31
f 349/547/53 360/548/54 366/546/41
f 361/549/42 366/546/41 360/548/54
f 363/544/31 366/546/41 361/549/42
f 364/533/192 332/483/396 363/532/192
f 364/533/192 331/485/190 332/483/396
f 331/486/139 364/535/133 333/487/134
f 332/550/53 335/545/42 363/544/31
f 360/548/54 355/551/42 359/552/41
f 353/553/42 355/551/42 360/548/54
f 353/553/42 360/548/54 349/547/53
f 359/526/166 369/554/421 358/524/181
f 359/552/41 355/551/42 369/555/54
f 369/556/421 329/557/422 327/558/422
f 369/556/421 327/558/422 326/559/167
f 370/560/31 329/561/42 369/555/54
f 326/562/167 358/524/181 369/554/421
f 372/563/31 370/560/31 369/555/54
f 371/564/42 369/555/54 355/551/42
f 369/555/54 371/564/42 372/563/31
f 372/161/423 325/166/424 370/165/224
f 373/160/423 325/166/424 372/161/423
f 373/160/423 372/161/423 374/341/425
f 371/339/426 374/341/425 372/161/423
f 374/565/427 326/476/136 373/566/133
f 374/341/425 371/339/426 375/343/221
f 374/565/427 375/567/139 356/523/150
f 374/565/427 356/523/150 326/476/136
f 376/340/428 375/343/221 371/339/426
f 376/340/428 377/331/429 375/343/221
f 378/332/214 375/343/221 377/331/429
f 375/567/139 378/568/139 356/523/150
f 377/331/429 379/329/430 378/332/214
f 379/329/430 380/328/430 378/332/214
f 378/568/139 380/569/136 381/570/134
f 356/523/150 378/568/139 381/570/134
f 356/521/414 381/571/431 355/520/413
f 355/520/413 381/571/431 382/572/432
f 382/572/432 381/571/431 383/573/433
f 384/574/434 383/573/433 381/571/431
f 384/575/169 381/570/134 132/472/139
f 380/569/136 132/472/139 381/570/134
f 383/573/433 384/574/434 385/576/435
f 386/577/436 385/576/435 384/574/434
f 386/578/437 384/579/438 387/580/439
f 384/579/438 132/214/141 387/580/439
f 388/581/440 387/580/439 389/582/441
f 391/583/442 387/580/439 388/581/440
f 389/582/441 387/580/439 390/584/443
f 387/580/439 134/216/143 390/584/443
f 391/583/442 386/578/437 387/580/439
f 387/580/439 132/214/141 134/216/143
f 392/585/444 391/586/445 393/587/446
f 394/588/447 391/586/445 392/585/444
f 393/587/446 391/586/445 260/589/448
f 260/589/448 391/586/445 388/590/449
f 391/583/442 394/591/450 386/578/437
f 395/592/451 394/588/447 392/585/444
f 395/592/452 398/593/453 394/588/454
f 394/588/454 397/594/455 396/595/456
f 396/596/457 386/578/437 394/591/450
f 398/593/453 397/594/455 394/588/454
f 399/597/458 397/598/459 398/599/460
f 398/599/460 395/411/461 399/597/458
f 399/600/462 396/595/463 397/594/464
f 400/601/465 396/595/463 399/600/462
f 401/602/466 400/601/465 399/600/462
f 399/597/458 395/411/461 401/410/467
f 401/603/468 385/604/53 400/605/54
f 385/604/53 401/603/468 383/606/31
f 383/606/31 401/603/468 402/406/468
f 295/408/350 402/409/469 401/410/467
f 401/410/467 395/411/461 295/408/350
f 383/606/31 402/406/470 403/407/471
f 296/607/472 403/407/471 402/406/470
f 295/408/350 296/405/351 402/409/469
f 403/608/473 379/609/54 383/610/53
f 317/404/377 403/407/471 296/607/472
f 320/611/474 403/407/471 317/404/377
f 403/608/473 320/612/54 404/613/42
f 379/609/54 403/608/473 404/613/42
f 323/233/475 404/235/475 324/243/476
f 404/326/475 323/324/475 379/329/430
f 405/238/477 324/243/476 404/235/475
f 405/614/42 404/613/42 320/612/54
f 405/238/477 370/165/224 324/243/476
f 405/614/42 320/612/54 370/560/31
f 400/615/478 385/616/457 386/578/437
f 386/578/437 396/596/457 400/615/478
f 392/412/479 295/408/350 395/411/461
f 262/414/480 392/412/479 393/617/481
f 260/412/285 262/414/287 393/617/482
f 392/412/479 290/413/343 295/408/350
f 262/414/480 290/413/343 392/412/479
f 390/574/483 407/618/484 406/573/485
f 390/574/483 406/573/485 408/576/486
f 134/472/31 407/570/42 390/575/53
f 389/577/487 390/574/483 408/576/486
f 409/605/136 408/604/140 258/603/139
f 389/582/441 408/619/488 409/620/488
f 408/604/140 406/606/139 258/603/139
f 412/621/489 409/622/490 258/623/491
f 410/624/492 409/622/490 411/625/493
f 389/582/441 409/620/488 410/626/494
f 411/625/493 409/622/490 412/621/489
f 413/599/495 411/598/496 412/597/497
f 412/597/497 258/410/283 413/599/495
f 413/627/498 410/624/499 411/625/500
f 388/590/501 410/624/499 413/627/498
f 259/628/502 388/590/501 413/627/498
f 413/599/495 258/410/283 259/411/284
f 388/581/440 389/582/441 410/626/494
f 414/520/503 407/618/484 415/521/504
f 416/572/505 407/618/484 414/520/503
f 134/472/31 415/523/54 407/570/42
f 407/618/484 416/572/505 406/573/485
f 414/629/150 417/630/139 416/631/134
f 416/631/134 417/630/139 406/632/136
f 417/332/429 419/331/506 418/328/507
f 417/630/139 418/633/138 406/632/136
f 419/331/506 417/332/429 420/343/428
f 420/634/139 417/630/139 414/629/150
f 421/340/508 419/331/506 420/343/428
f 421/340/508 420/343/428 422/341/509
f 414/629/150 422/635/134 420/634/139
f 423/339/510 421/340/508 422/341/509
f 422/341/509 424/160/423 423/339/510
f 425/636/138 424/637/139 422/635/134
f 425/636/138 422/635/134 414/629/150
f 426/524/418 427/562/511 425/554/512
f 426/524/418 425/554/512 428/526/181
f 427/559/511 429/557/197 425/556/512
f 425/636/138 414/629/150 428/638/139
f 431/639/138 425/636/138 429/640/150
f 425/636/138 431/639/138 430/641/139
f 425/636/138 430/641/139 424/637/139
f 256/407/280 431/611/513 253/404/277
f 256/642/136 435/643/132 431/639/138
f 253/459/514 431/466/515 432/458/516
f 432/458/516 431/466/515 433/464/517
f 431/466/515 434/467/518 433/464/517
f 431/639/138 437/644/132 434/645/138
f 436/646/138 431/639/138 435/643/132
f 430/641/139 431/639/138 436/646/138
f 437/644/132 431/639/138 429/640/150
f 438/484/519 439/483/520 437/482/519
f 440/558/199 438/484/519 437/482/519
f 434/645/138 437/644/132 439/647/139
f 440/558/199 437/482/519 429/557/197
f 433/470/31 438/471/42 440/477/42
f 427/559/511 440/558/199 429/557/197
f 427/476/54 433/470/31 440/477/42
f 441/532/521 439/483/520 442/485/396
f 441/648/139 444/649/138 439/647/139
f 438/484/519 442/485/396 439/483/520
f 443/650/132 434/645/138 439/647/139
f 443/650/132 439/647/139 444/649/138
f 444/538/419 446/537/522 445/539/167
f 444/542/419 445/541/167 443/489/197
f 446/651/135 444/649/138 447/652/134
f 441/648/139 447/652/134 444/649/138
f 448/528/179 447/529/416 449/525/179
f 452/653/132 447/652/134 448/654/138
f 450/530/416 449/525/179 447/529/416
f 450/530/416 447/529/416 451/533/192
f 441/532/521 451/533/192 447/529/416
f 446/651/135 447/652/134 452/653/132
f 453/515/523 452/517/524 454/516/525
f 456/655/140 452/653/132 453/656/132
f 455/518/411 454/516/525 452/517/524
f 455/518/411 452/517/524 414/520/503
f 414/629/150 452/653/132 448/654/138
f 456/655/140 446/651/135 452/653/132
f 457/512/168 446/537/522 456/511/179
f 458/508/217 457/512/168 456/511/179
f 458/508/217 456/511/179 459/510/217
f 459/657/132 456/655/140 453/656/132
f 458/508/217 459/510/217 460/506/192
f 461/507/192 460/506/192 459/510/217
f 459/657/132 462/658/140 461/659/133
f 459/657/132 453/656/132 462/658/140
f 463/502/526 464/500/527 462/501/404
f 454/516/525 463/502/526 462/501/404
f 462/658/140 464/660/135 461/659/133
f 454/516/525 462/501/404 453/515/523
f 465/496/528 464/500/527 466/497/401
f 465/661/140 468/662/140 464/660/135
f 467/498/527 466/497/401 464/500/527
f 463/502/526 467/498/527 464/500/527
f 461/659/133 464/660/135 468/662/140
f 468/505/204 469/493/520 461/507/192
f 468/505/204 470/492/398 469/493/520
f 468/662/140 465/661/140 470/663/132
f 471/490/198 469/493/520 470/492/398
f 470/492/398 443/489/197 471/490/198
f 470/663/132 434/645/138 443/650/132
f 465/661/140 434/645/138 470/663/132
f 469/494/53 471/488/42 466/495/53
f 472/491/529 471/490/198 443/489/197
f 472/487/42 438/471/42 471/488/42
f 473/469/473 466/495/53 471/488/42
f 471/488/42 438/471/42 473/469/473
f 473/468/390 433/464/517 434/467/518
f 473/468/390 434/467/518 465/496/528
f 473/469/473 438/471/42 433/470/31
f 466/497/401 473/468/390 465/496/528
f 472/491/529 443/489/197 445/541/167
f 445/540/53 442/486/53 472/487/42
f 442/486/53 438/471/42 472/487/42
f 460/506/192 461/507/192 469/493/520
f 460/503/31 469/494/53 467/499/41
f 467/499/41 469/494/53 466/495/53
f 460/503/31 467/499/41 463/504/53
f 454/514/42 458/509/42 463/504/53
f 460/503/31 463/504/53 458/509/42
f 458/509/42 454/514/42 457/513/53
f 457/512/168 474/536/165 446/537/522
f 457/513/53 449/522/468 474/534/41
f 455/519/54 449/522/468 457/513/53
f 455/519/54 457/513/53 454/514/42
f 474/536/165 445/539/167 446/537/522
f 474/534/41 450/531/42 445/540/53
f 450/531/42 474/534/41 449/522/468
f 415/521/504 455/518/411 414/520/503
f 455/519/54 415/523/54 449/522/468
f 451/535/31 445/540/53 450/531/42
f 441/532/521 442/485/396 451/533/192
f 451/535/31 442/486/53 445/540/53
f 449/525/179 426/524/418 428/526/181
f 449/525/179 428/526/181 448/528/179
f 449/522/468 415/523/54 426/527/31
f 414/629/150 448/654/138 428/638/139
f 436/243/226 475/238/530 430/166/424
f 436/243/226 435/233/209 475/238/530
f 476/165/531 430/166/424 475/238/530
f 475/664/54 433/470/31 476/475/53
f 477/235/532 475/238/530 435/233/209
f 475/664/54 477/473/42 433/470/31
f 477/326/532 435/324/209 478/329/213
f 478/569/473 134/472/31 477/473/42
f 134/472/31 433/470/31 477/473/42
f 418/328/507 478/329/213 435/324/209
f 478/329/213 418/328/507 419/331/506
f 419/665/41 415/523/54 478/569/473
f 134/472/31 478/569/473 415/523/54
f 424/160/423 476/165/531 479/161/423
f 424/160/423 430/166/424 476/165/531
f 476/475/53 427/476/54 479/566/31
f 433/470/31 427/476/54 476/475/53
f 423/339/510 424/160/423 479/161/423
f 479/566/31 426/527/31 423/565/42
f 427/476/54 426/527/31 479/566/31
f 435/643/132 256/642/136 418/633/138
f 433/465/31 134/212/31 432/463/31
f 147/462/533 253/459/514 432/458/516
f 432/463/31 134/212/31 147/210/53
f 426/527/31 415/523/54 423/565/42
f 421/666/53 423/565/42 415/523/54
f 421/666/53 415/523/54 419/665/41
f 256/642/136 406/632/136 418/633/138
f 406/606/139 255/406/534 258/603/139
f 255/406/279 406/606/139 256/407/280
f 259/628/535 260/589/448 388/590/449
f 382/667/42 383/610/53 379/609/54
f 382/667/42 377/668/536 355/551/42
f 377/668/536 382/667/42 379/609/54
f 380/328/430 379/329/430 323/324/475
f 132/472/139 380/569/136 323/473/132
f 376/669/53 355/551/42 377/668/536
f 371/564/42 355/551/42 376/669/53
f 373/566/133 326/476/136 325/475/133
f 370/165/224 325/166/424 324/243/476
f 329/561/42 370/560/31 320/612/54
f 326/476/136 356/523/150 358/527/139
f 352/670/42 353/553/42 349/547/53
f 352/515/409 342/501/404 343/502/404
f 348/671/42 342/672/53 352/670/42
f 352/670/42 349/547/53 348/671/42
f 346/673/31 342/672/53 348/671/42
f 346/673/31 345/674/53 341/675/41
f 341/675/41 342/672/53 346/673/31
f 336/492/400 345/505/204 337/493/204
f 336/676/42 339/677/53 345/674/53
f 339/677/53 341/675/41 345/674/53
f 339/496/401 321/467/390 322/468/391
f 336/676/42 321/678/54 339/677/53
f 335/545/42 321/678/54 336/676/42
f 335/545/42 332/550/53 321/678/54
f 330/679/42 321/678/54 332/550/53
f 320/612/54 330/679/42 329/561/42
f 330/679/42 320/612/54 321/678/54
f 296/607/472 299/455/375 317/404/377
f 315/370/537 27/46/43 133/680/538
f 315/371/371 133/373/245 131/372/387
f 315/368/539 298/364/540 27/49/46
f 309/378/541 315/368/539 313/377/542
f 298/364/540 315/368/539 301/367/543
f 301/367/543 315/368/539 303/379/544
f 315/368/539 306/380/545 303/379/544
f 309/378/541 306/380/545 315/368/539
f 298/364/540 21/41/40 27/49/46
f 286/447/332 4/446/331 291/453/348
f 263/415/340 290/413/343 262/414/480
f 238/457/546 253/459/514 147/462/533
f 236/366/239 235/365/238 241/398/271
f 148/369/242 149/360/227 229/46/228
f 152/257/163 5/6/5 2/5/4
f 27/46/43 28/48/45 133/680/538
f 121/681/139 118/199/136 122/198/135
f 122/184/126 39/66/57 37/65/56
f 112/333/140 119/335/133 121/681/139
f 118/199/136 121/681/139 119/335/133
f 119/335/133 112/333/140 115/682/135
f 115/682/135 111/683/427 104/336/133
f 111/683/427 115/682/135 112/333/140
f 111/683/427 109/684/150 104/336/133
f 480/685/106 109/133/117 94/146/106
f 109/684/150 480/686/132 106/687/138
f 104/336/133 109/684/150 106/687/138
f 480/685/106 94/146/106 92/119/104
f 480/686/132 92/688/132 96/226/136
f 106/687/138 480/686/132 96/226/136
f 107/244/150 106/687/138 96/226/136
f 102/166/115 107/165/114 101/241/153
f 98/152/109 24/250/157 97/151/108
f 24/44/31 98/689/53 25/45/42
f 96/226/136 92/688/132 81/322/138
f 91/690/139 81/322/138 92/688/132
f 89/691/133 481/352/132 91/690/139
f 86/692/132 81/322/138 91/690/139
f 481/352/132 86/692/132 91/690/139
f 86/135/99 481/312/100 87/136/100
f 482/170/149 87/136/100 481/312/100
f 481/312/100 483/171/547 482/170/149
f 481/352/132 89/691/133 483/693/150
f 484/349/146 482/170/149 483/171/547
f 483/693/150 485/694/135 484/347/140
f 485/694/135 483/693/150 89/691/133
f 486/695/548 485/696/549 487/697/550
f 486/698/140 484/347/140 485/694/135
f 488/699/551 487/697/550 485/696/549
f 485/696/549 89/141/103 488/699/551
f 487/700/53 488/701/41 489/702/53
f 90/140/102 488/699/551 89/141/103
f 488/701/41 90/143/41 482/703/42
f 488/701/41 482/703/42 489/702/53
f 490/704/552 489/350/553 484/351/146
f 490/705/31 487/700/53 489/702/53
f 489/348/553 482/170/149 484/349/146
f 484/351/146 491/706/148 490/704/552
f 491/706/148 492/272/155 490/704/552
f 46/79/65 490/704/552 492/272/155
f 46/76/41 45/75/42 490/705/31
f 45/75/42 487/700/53 490/705/31
f 491/707/139 493/708/138 492/345/139
f 492/272/155 48/80/64 46/79/65
f 492/345/139 43/709/554 48/710/133
f 43/709/554 492/345/139 493/708/138
f 493/95/555 45/74/63 43/71/61
f 45/74/63 493/95/555 487/697/550
f 486/695/548 487/697/550 493/95/555
f 493/708/138 491/707/139 486/698/140
f 484/347/140 486/698/140 491/707/139
f 482/703/42 90/143/41 87/137/42
f 84/323/132 81/322/138 86/692/132
f 494/144/91 84/132/97 76/119/91
f 494/711/140 80/712/140 84/323/132
f 80/712/140 81/322/138 84/323/132
f 75/118/90 494/144/91 76/119/91
f 494/711/140 75/303/139 78/713/140
f 78/713/140 80/712/140 494/711/140
f 495/714/556 70/110/85 78/123/92
f 78/713/140 75/303/139 495/715/135
f 495/714/556 68/107/83 70/110/85
f 495/715/135 73/716/135 68/717/135
f 73/716/135 495/715/135 75/303/139
f 72/305/139 68/717/135 73/716/135
f 72/113/86 63/99/78 62/98/77
f 62/718/136 65/719/136 72/305/139
f 68/717/135 72/305/139 66/720/139
f 66/720/139 72/305/139 65/719/136
f 57/91/73 58/92/73 65/103/80
f 65/719/136 62/718/136 57/721/132
f 60/282/132 57/721/132 62/718/136
f 51/82/68 60/74/75 52/83/69
f 60/282/132 51/722/134 55/723/132
f 57/721/132 60/282/132 55/723/132
f 55/723/132 51/722/134 54/724/134
f 32/54/51 33/55/52 54/87/71
f 32/285/138 54/724/134 50/284/136
f 51/722/134 50/284/136 54/724/134
f 50/284/136 48/710/133 32/285/138
f 43/709/554 41/725/132 48/710/133
f 48/710/133 41/725/132 32/285/138
f 41/725/132 40/726/140 32/285/138
f 40/726/140 39/196/133 31/202/134
f 40/726/140 31/202/134 32/285/138
f 496/727/135 498/728/139 497/729/557
f 502/730/558 496/731/559 497/732/560
f 498/728/139 496/727/135 499/733/138
f 496/727/135 500/734/139 499/733/138
f 501/735/561 500/736/562 496/731/559
f 496/731/559 502/730/558 501/735/561
f 502/737/41 504/738/54 501/739/41
f 497/732/560 503/740/563 502/730/558
f 504/738/54 502/737/41 503/741/53
f 498/742/564 504/743/565 503/740/563
f 504/743/565 498/742/564 499/744/566
f 505/745/567 504/743/565 499/744/566
f 504/743/565 505/745/567 506/746/568
f 507/747/569 504/738/54 506/748/53
f 504/738/54 507/747/569 509/749/31
f 501/739/41 504/738/54 508/750/31
f 504/738/54 509/749/31 508/750/31
f 510/751/570 509/752/571 511/753/572
f 509/752/571 510/751/570 512/754/573
f 509/749/31 515/755/31 511/756/53
f 500/736/562 509/752/571 512/754/573
f 509/752/571 500/736/562 508/757/574
f 509/749/31 507/747/569 513/758/569
f 514/759/41 509/749/31 513/758/569
f 515/755/31 509/749/31 514/759/41
f 516/760/575 515/761/576 514/762/575
f 515/761/576 516/760/575 517/763/577
f 517/763/577 511/753/572 515/761/576
f 516/764/135 510/765/139 517/766/139
f 511/753/572 517/763/577 510/751/570
f 516/764/135 518/767/557 512/768/139
f 510/765/139 516/764/135 512/768/139
f 514/769/575 518/770/578 516/771/575
f 512/768/139 518/767/557 519/772/557
f 518/770/578 507/773/579 519/774/580
f 507/773/579 518/770/578 513/775/581
f 518/770/578 514/769/575 513/775/581
f 512/768/139 519/772/557 499/733/138
f 519/772/557 505/776/138 499/733/138
f 505/776/138 519/772/557 520/777/136
f 521/778/557 520/777/136 519/772/557
f 507/773/579 521/779/582 519/774/580
f 520/777/136 521/778/557 522/780/583
f 523/781/584 522/782/585 521/779/582
f 521/779/582 507/773/579 523/781/584
f 522/782/585 523/781/584 524/783/586
f 507/747/569 524/784/53 523/785/41
f 520/786/587 524/783/586 525/787/588
f 524/783/586 520/786/587 522/782/585
f 524/784/53 507/747/569 525/788/54
f 505/745/567 525/787/588 506/746/568
f 525/787/588 505/745/567 520/786/587
f 525/788/54 507/747/569 506/748/53
f 499/733/138 500/734/139 512/768/139
f 500/736/562 501/735/561 508/757/574
f 503/740/563 497/732/560 498/742/564
f 526/727/135 528/728/139 527/729/557
f 532/730/589 526/731/590 527/732/591
f 528/728/139 526/727/135 529/733/138
f 526/727/135 530/734/139 529/733/138
f 531/735/590 530/736/592 526/731/590
f 526/731/590 532/730/589 531/735/590
f 532/737/41 534/738/54 531/739/41
f 527/732/591 533/740/564 532/730/589
f 534/738/54 532/737/41 533/741/53
f 528/742/563 534/743/593 533/740/564
f 534/743/593 528/742/563 529/744/566
f 535/745/594 534/743/593 529/744/566
f 534/743/593 535/745/594 536/746/595
f 537/747/569 534/738/54 536/748/53
f 534/738/54 537/747/569 539/749/31
f 531/739/41 534/738/54 538/750/31
f 534/738/54 539/749/31 538/750/31
f 540/751/596 539/752/573 541/753/570
f 539/752/573 540/751/596 542/754/597
f 539/749/31 545/755/31 541/756/53
f 530/736/592 539/752/573 542/754/597
f 539/752/573 530/736/592 538/757/574
f 539/749/31 537/747/569 543/758/569
f 544/759/41 539/749/31 543/758/569
f 545/755/31 539/749/31 544/759/41
f 546/760/598 545/761/576 544/762/598
f 545/761/576 546/760/598 547/763/599
f 547/763/599 541/753/570 545/761/576
f 546/764/135 540/765/139 547/766/139
f 541/753/570 547/763/599 540/751/596
f 546/764/135 548/767/557 542/768/139
f 540/765/139 546/764/135 542/768/139
f 544/769/598 548/770/578 546/771/598
f 542/768/139 548/767/557 549/772/557
f 548/770/578 537/773/579 549/774/579
f 537/773/579 548/770/578 543/775/600
f 548/770/578 544/769/598 543/775/600
f 542/768/139 549/772/557 529/733/138
f 549/772/557 535/776/138 529/733/138
f 535/776/138 549/772/557 550/777/136
f 551/778/557 550/777/136 549/772/557
f 537/773/579 551/779/601 549/774/579
f 550/777/136 551/778/557 552/780/583
f 553/781/601 552/782/602 551/779/601
f 551/779/601 537/773/579 553/781/601
f 552/782/602 553/781/601 554/783/603
f 537/747/569 554/784/53 553/785/41
f 550/786/604 554/783/603 555/787/605
f 554/783/603 550/786/604 552/782/602
f 554/784/53 537/747/569 555/788/54
f 535/745/594 555/787/605 536/746/595
f 555/787/605 535/745/594 550/786/604
f 555/788/54 537/747/569 536/748/53
f 529/733/138 530/734/139 542/768/139
f 530/736/592 531/735/590 538/757/574
f 533/740/564 527/732/591 528/742/563
f 556/789/54 558/790/41 557/791/54
f 557/792/606 560/793/607 556/794/607
f 558/790/41 556/789/54 559/795/569
f 561/796/53 559/797/569 556/798/54
f 560/793/607 561/799/608 556/794/607
f 561/799/608 560/793/607 562/800/609
f 563/801/610 561/799/608 562/800/609
f 561/799/608 563/801/610 564/802/610
f 561/796/53 564/803/31 566/804/41
f 561/796/53 566/804/41 565/805/53
f 561/796/53 565/805/53 559/797/569
f 567/806/569 568/807/54 566/808/41
f 566/809/611 570/810/612 567/811/613
f 565/805/53 566/804/41 568/812/54
f 563/801/610 566/809/611 564/802/610
f 566/809/611 563/801/610 569/813/614
f 570/810/612 566/809/611 569/813/614
f 569/814/615 573/815/616 570/816/617
f 570/810/612 571/817/618 567/811/613
f 571/817/618 570/810/612 572/818/619
f 573/815/616 572/819/620 570/816/617
f 574/820/140 573/821/557 575/822/139
f 574/823/621 572/819/620 573/815/616
f 573/815/616 569/814/615 575/824/622
f 576/825/140 574/820/140 575/822/139
f 575/824/622 562/826/623 576/827/624
f 575/824/622 569/814/615 563/828/625
f 562/826/623 575/824/622 563/828/625
f 576/825/140 578/829/139 577/830/557
f 574/820/140 576/825/140 577/830/557
f 576/827/624 579/831/626 578/832/627
f 579/831/626 576/827/624 560/833/628
f 576/827/624 562/826/623 560/833/628
f 579/834/629 558/835/630 580/836/631
f 579/831/626 580/837/632 578/832/627
f 558/835/630 579/834/629 557/792/606
f 560/793/607 557/792/606 579/834/629
f 580/836/631 559/838/633 581/839/634
f 581/840/635 578/832/627 580/837/632
f 559/838/633 580/836/631 558/835/630
f 559/838/633 582/841/636 581/839/634
f 577/842/637 581/840/635 582/843/638
f 578/832/627 581/840/635 577/842/637
f 582/841/636 565/844/639 583/845/640
f 583/846/641 577/842/637 582/843/638
f 565/844/639 582/841/636 584/847/636
f 582/841/636 559/838/633 584/847/636
f 559/797/569 565/805/53 584/848/41
f 565/844/639 585/849/642 583/845/640
f 574/823/621 583/846/641 585/850/643
f 577/842/637 583/846/641 574/823/621
f 585/849/642 571/851/618 572/852/619
f 572/819/620 574/823/621 585/850/643
f 571/851/618 585/849/642 568/853/644
f 585/849/642 565/844/639 568/853/644
f 568/807/54 567/806/569 571/854/31
f 586/789/54 588/790/41 587/791/53
f 587/792/629 590/793/645 586/794/607
f 588/790/41 586/789/54 589/795/569
f 591/796/53 589/797/569 586/855/54
f 590/793/645 591/799/646 586/794/607
f 591/799/646 590/793/645 592/800/646
f 593/801/647 591/799/646 592/800/646
f 591/799/646 593/801/647 594/802/647
f 591/796/53 594/803/31 596/804/41
f 591/796/53 596/804/41 595/805/53
f 591/796/53 595/805/53 589/797/569
f 597/806/569 598/807/54 596/808/41
f 596/809/648 600/810/612 597/811/649
f 595/805/53 596/804/41 598/812/54
f 593/801/647 596/809/648 594/802/647
f 596/809/648 593/801/647 599/813/650
f 600/810/612 596/809/648 599/813/650
f 599/814/651 603/815/652 600/816/653
f 600/810/612 601/817/654 597/811/649
f 601/817/654 600/810/612 602/818/655
f 603/815/652 602/819/656 600/816/653
f 604/820/140 603/821/557 605/822/139
f 604/823/657 602/819/656 603/815/652
f 603/815/652 599/814/651 605/824/658
f 606/825/140 604/820/140 605/822/139
f 605/824/658 592/826/659 606/827/660
f 605/824/658 599/814/651 593/828/661
f 592/826/659 605/824/658 593/828/661
f 606/825/140 608/829/139 607/830/557
f 604/820/140 606/825/140 607/830/557
f 606/827/660 609/831/626 608/832/662
f 609/831/626 606/827/660 590/833/663
f 606/827/660 592/826/659 590/833/663
f 609/834/664 588/835/665 610/836/665
f 609/831/626 610/837/666 608/832/662
f 588/835/665 609/834/664 587/792/629
f 590/793/645 587/792/629 609/834/664
f 610/836/665 589/838/633 611/839/634
f 611/840/667 608/832/662 610/837/666
f 589/838/633 610/836/665 588/835/665
f 589/838/633 612/841/668 611/839/634
f 607/842/637 611/840/667 612/843/669
f 608/832/662 611/840/667 607/842/637
f 612/841/668 595/844/670 613/845/671
f 613/846/672 607/842/637 612/843/669
f 595/844/670 612/841/668 614/847/673
f 612/841/668 589/838/633 614/847/673
f 589/797/569 595/805/53 614/848/41
f 595/844/670 615/849/674 613/845/671
f 604/823/657 613/846/672 615/850/675
f 607/842/637 613/846/672 604/823/657
f 615/849/674 601/851/654 602/852/655
f 602/819/656 604/823/657 615/850/675
f 601/851/654 615/849/674 598/853/676
f 615/849/674 595/844/670 598/853/676
f 598/807/54 597/806/569 601/854/31
usemtl xmaterial_aad706d141a16fd.004
f 616/856/677 617/857/677 618/858/677
f 621/859/678 622/860/678 623/861/678
f 624/862/679 625/863/679 626/864/679
f 627/865/680 628/866/680 629/867/680
f 630/868/681 631/869/681 632/870/681
f 633/871/682 634/872/683 635/873/684
f 636/874/685 634/872/683 633/871/682
f 637/875/686 638/876/686 639/877/686
f 639/877/687 640/878/687 641/879/687
f 638/876/688 640/878/689 639/877/690
f 635/873/691 642/880/691 633/871/691
f 643/881/692 644/882/692 645/883/692
f 622/860/693 649/884/693 650/885/693
f 617/857/694 651/886/694 618/858/694
f 652/887/695 653/888/695 654/889/695
f 655/890/696 656/891/696 657/892/696
f 658/893/697 659/894/697 660/895/697
f 661/896/698 662/897/698 663/898/698
f 657/892/699 656/891/699 664/899/699
f 657/892/700 665/900/701 655/890/701
f 666/901/702 667/902/702 668/903/702
f 669/904/703 670/905/704 671/906/705
f 669/904/703 672/907/706 670/905/704
f 666/901/707 673/908/707 674/909/707
f 675/910/708 676/911/708 677/912/708
f 678/913/709 679/914/709 680/915/709
f 628/866/710 678/913/710 629/867/710
f 681/916/711 682/917/711 683/918/711
f 684/919/712 685/920/712 686/921/712
f 687/922/713 688/923/713 689/924/713
f 690/925/714 691/926/714 692/927/714
f 649/884/715 693/928/715 694/929/715
f 695/930/716 696/931/716 697/932/716
f 696/931/717 698/933/717 697/932/717
f 636/874/718 699/934/718 700/935/718
f 701/936/719 702/937/719 703/938/719
f 646/939/720 703/938/720 643/881/720
f 704/940/721 654/889/721 653/888/721
f 697/932/722 698/933/722 704/940/722
f 618/858/723 651/886/723 707/941/723
f 675/910/724 709/942/724 676/911/724
f 710/943/725 711/944/725 712/945/725
f 713/946/726 714/947/726 715/948/726
f 616/856/727 623/861/727 716/949/727
f 717/950/728 623/861/728 616/856/728
f 650/885/729 625/863/729 624/862/729
f 718/951/730 645/883/731 694/929/732
f 645/883/731 625/863/733 694/929/732
f 719/952/734 720/953/734 721/954/734
f 720/953/735 722/955/735 723/956/735
f 692/927/736 724/957/736 725/958/736
f 667/959/737 727/960/737 682/917/737
f 685/920/738 728/961/738 729/962/738
f 730/963/739 731/964/739 732/965/739
f 730/963/740 684/919/740 686/921/740
f 733/966/741 734/967/741 735/968/741
f 733/969/742 735/970/742 736/971/742
f 672/907/743 737/972/743 632/870/743
f 627/865/744 629/867/744 632/870/744
f 738/973/745 739/974/745 663/898/745
f 703/938/746 644/882/746 643/881/746
f 734/967/747 631/975/747 644/882/747
f 669/904/748 737/972/748 672/907/748
f 639/877/749 634/872/749 637/875/749
f 741/976/750 742/977/750 671/906/750
f 743/978/751 744/979/751 742/977/751
f 671/906/752 670/905/753 680/915/754
f 741/976/755 671/906/752 680/915/754
f 748/980/756 744/981/756 749/982/756
f 750/983/757 749/982/757 751/984/757
f 666/901/758 674/909/758 752/985/758
f 674/909/759 677/912/759 752/985/759
f 655/890/760 665/900/761 658/893/762
f 665/900/761 659/894/763 658/893/762
f 661/896/764 753/986/764 714/947/764
f 754/987/765 755/988/765 739/974/765
f 750/983/766 751/984/766 758/989/766
f 759/990/767 633/871/767 642/880/767
f 757/991/768 760/992/768 761/993/768
f 722/955/769 720/953/769 719/952/769
f 732/965/770 762/994/770 722/955/770
f 736/971/771 735/970/771 627/865/771
f 763/995/772 667/959/772 682/917/772
f 763/996/773 668/903/773 667/902/773
f 738/973/774 754/987/774 739/974/774
f 738/973/775 764/997/775 754/987/775
f 623/861/776 622/860/776 716/949/776
f 624/862/777 626/864/777 695/930/777
f 692/927/778 691/926/778 765/998/778
f 765/998/779 766/999/779 723/956/779
f 742/977/780 767/1000/780 768/1001/780
f 661/896/781 714/947/781 662/897/781
f 714/947/782 713/946/782 662/897/782
f 769/1002/783 748/980/783 758/989/783
f 748/980/784 769/1002/784 767/1003/784
f 770/1004/785 669/904/785 671/906/785
f 671/906/786 742/977/786 770/1004/786
f 771/1005/787 725/958/787 772/1006/787
f 709/942/788 675/910/788 773/1007/788
f 621/859/789 649/884/789 622/860/789
f 761/993/790 775/1008/790 769/1002/790
f 760/992/791 775/1008/791 761/993/791
f 776/1009/792 765/998/792 723/956/792
f 722/955/793 776/1009/793 723/956/793
f 777/1010/794 619/1011/794 721/954/794
f 704/940/795 698/933/795 654/889/795
f 778/1012/796 779/1013/796 780/1014/796
f 715/948/797 781/1015/797 782/1016/797
f 739/974/798 755/988/798 661/896/798
f 663/898/799 739/974/799 661/896/799
f 687/922/800 689/924/800 765/998/800
f 765/998/801 776/1009/801 687/922/801
f 634/872/802 636/874/802 700/935/802
f 700/935/803 637/875/803 634/872/803
f 646/939/804 643/881/804 647/1017/804
f 643/881/805 645/883/805 718/951/805
f 664/899/806 656/891/806 763/996/806
f 744/979/807 767/1000/807 742/977/807
f 748/980/808 767/1003/808 744/981/808
f 783/1018/809 784/1019/809 738/973/809
f 784/1019/810 709/1020/810 774/1021/810
f 688/923/811 724/957/811 692/927/811
f 662/897/812 710/943/812 712/945/812
f 785/1022/813 757/991/813 642/880/813
f 728/961/814 685/920/814 684/919/814
f 697/932/815 704/940/815 616/856/815
f 697/932/816 616/856/816 716/949/816
f 652/887/817 786/1023/817 653/888/817
f 653/888/818 651/886/818 617/857/818
f 780/1014/819 710/943/819 715/948/819
f 780/1014/820 715/948/820 782/1016/820
f 707/941/821 651/886/821 652/887/821
f 694/929/822 625/863/822 650/885/822
f 649/884/823 694/929/823 650/885/823
f 730/963/824 719/952/824 721/954/824
f 788/1024/825 627/865/825 735/970/825
f 632/870/826 737/972/826 630/868/826
f 673/908/827 656/891/827 655/890/827
f 656/891/828 668/903/828 763/996/828
f 751/984/829 759/990/829 757/991/829
f 642/880/830 757/991/830 759/990/830
f 616/856/831 704/940/831 617/857/831
f 704/940/832 653/888/832 617/857/832
f 708/1025/833 773/1007/833 675/910/833
f 677/912/834 676/911/834 752/985/834
f 670/905/835 678/913/835 680/915/835
f 678/913/836 670/905/836 672/907/836
f 734/967/837 644/882/837 703/938/837
f 735/968/838 734/967/838 703/938/838
f 681/916/839 763/995/839 682/917/839
f 664/1026/840 763/995/840 681/916/840
f 618/858/841 717/950/841 616/856/841
f 662/897/842 713/946/842 710/943/842
f 715/948/843 710/943/843 713/946/843
f 730/963/844 732/965/844 719/952/844
f 719/952/845 732/965/845 722/955/845
f 624/862/846 622/860/846 650/885/846
f 624/862/847 716/949/847 622/860/847
f 660/895/848 677/912/848 658/893/848
f 674/909/849 658/893/849 677/912/849
f 673/908/850 655/890/850 674/909/850
f 658/893/851 674/909/851 655/890/851
f 725/958/852 771/1005/852 690/925/852
f 690/925/853 692/927/853 725/958/853
f 744/981/854 746/1027/854 749/982/854
f 736/971/855 632/870/855 733/969/855
f 632/870/856 736/971/856 627/865/856
f 781/1015/857 779/1013/857 778/1012/857
f 729/962/858 727/960/858 685/920/858
f 629/867/859 672/907/859 632/870/859
f 672/907/860 629/867/860 678/913/860
f 740/1028/861 637/875/861 700/935/861
f 756/1029/862 706/1030/862 705/1031/862
f 682/917/863 727/960/863 729/962/863
f 683/918/864 682/917/864 729/962/864
f 789/1032/865 648/1033/865 693/928/865
f 647/1017/866 693/928/866 648/1033/866
f 790/1034/867 628/866/868 627/865/868
f 790/1034/867 627/865/868 788/1024/867
f 639/877/869 641/879/869 635/873/869
f 635/873/870 634/872/870 639/877/870
f 675/910/871 677/912/871 660/895/871
f 725/958/872 724/957/872 772/1006/872
f 791/1035/873 663/898/873 662/897/873
f 712/945/874 791/1035/874 662/897/874
f 701/936/875 703/938/875 646/939/875
f 768/1001/876 770/1004/876 742/977/876
f 695/930/877 626/864/877 696/931/877
f 628/866/878 679/914/878 678/913/878
f 723/956/879 792/1036/880 720/953/881
f 720/953/881 792/1036/880 777/1010/882
f 766/999/883 792/1036/880 723/956/879
f 786/1023/884 651/886/884 653/888/884
f 652/887/885 651/886/885 786/1023/885
f 692/927/886 765/998/886 689/924/886
f 692/927/887 689/924/887 688/923/887
f 720/953/888 777/1010/888 721/954/888
f 749/982/889 746/1027/889 747/1037/889
f 782/1016/890 778/1012/890 780/1014/890
f 778/1012/891 782/1016/891 781/1015/891
f 702/937/892 787/1038/892 788/1039/892
f 758/989/893 761/993/893 769/1002/893
f 758/989/894 757/991/894 761/993/894
f 632/870/895 631/869/895 733/969/895
f 733/966/896 631/975/896 734/967/896
f 620/1040/897 721/954/897 619/1011/897
f 730/963/898 721/954/898 620/1040/898
f 745/1041/899 741/976/899 680/915/899
f 729/962/900 728/961/900 683/918/900
f 642/880/901 635/873/901 641/879/901
f 641/879/902 785/1022/902 642/880/902
f 776/1009/903 762/994/903 687/922/903
f 776/1009/904 722/955/904 762/994/904
f 703/938/905 702/937/905 735/968/905
f 788/1039/906 735/968/906 702/937/906
f 774/1021/907 764/997/907 738/973/907
f 738/973/908 784/1019/908 774/1021/908
f 697/932/909 716/949/909 695/930/909
f 624/862/910 695/930/910 716/949/910
f 755/988/911 753/986/911 661/896/911
f 686/921/912 731/964/912 730/963/912
f 656/891/913 673/908/913 668/903/913
f 673/908/914 666/901/914 668/903/914
f 691/926/915 766/999/915 765/998/915
f 750/983/916 748/980/916 749/982/916
f 758/989/917 748/980/917 750/983/917
f 791/1035/918 783/1018/918 663/898/918
f 783/1018/919 738/973/919 663/898/919
f 621/859/920 789/1032/920 649/884/920
f 649/884/921 789/1032/921 693/928/921
f 757/991/922 785/1022/922 760/992/922
f 780/1014/923 711/944/923 710/943/923
f 780/1014/924 779/1013/924 711/944/924
f 726/1042/925 700/935/925 699/934/925
f 966/1011/954 967/1046/954 968/1040/954
f 974/939/955 975/1017/955 976/1033/955
f 983/928/930 975/1017/930 984/929/930
f 978/895/956 977/894/956 988/1025/956
f 968/1040/957 967/1046/957 981/918/957
f 990/1043/932 980/916/932 981/918/932
f 969/875/958 991/1042/958 970/876/958
f 985/935/959 991/1042/959 994/1028/959
f 996/977/960 995/976/961 997/978/936
f 999/1047/962 997/978/962 1000/1041/962
f 1001/1027/963 1002/1048/963 1003/1037/963
f 1005/984/964 1007/991/964 1008/989/964
f 1002/1049/965 998/979/965 997/978/965
f 986/936/966 1011/1044/966 987/937/966
f 976/1033/942 1011/1044/942 974/939/942
f 972/879/967 971/878/967 1012/1022/967
f 982/919/968 968/1040/968 992/961/968
f 993/963/943 968/1040/943 982/919/943
f 987/937/969 1011/1044/969 1013/1038/969
f 1001/1027/970 998/981/970 1002/1048/970
f 994/1028/971 991/1042/971 969/875/971
f 979/910/972 978/895/972 988/1025/972
f 986/936/973 974/939/973 1011/1044/973
f 1004/982/947 1003/1037/947 1005/984/947
f 1000/1041/974 997/978/974 995/976/974
f 992/961/948 968/1040/948 981/918/948
f 999/1047/975 1002/1049/975 997/978/975
f 1010/1045/950 1006/987/950 1009/997/950
f 984/929/952 975/1017/952 989/951/952
f 975/1017/953 973/881/953 989/951/953
f 981/918/976 967/1046/976 990/1043/976
f 2418/1195/2081 2419/1196/2082 2420/1197/2083
f 2421/1202/2084 2422/1203/2084 2423/1204/2084
f 2424/1205/2085 2425/1206/2085 2426/1207/2085
f 2427/1208/2086 2428/1209/2086 2429/1210/2086
f 2430/1211/2087 2431/1212/2088 2432/1213/2089
f 2427/1208/2090 2431/1212/2088 2430/1211/2087
f 2433/1221/2091 2434/1222/2091 2435/1223/2091
f 2436/1224/2092 2437/1225/2092 2422/1203/2092
f 2438/1231/2093 2439/1232/2093 2440/1233/2093
f 2441/1234/2094 2442/1235/2094 2443/1236/2094
f 2444/1237/2095 2445/1238/2095 2446/1239/2095
f 2447/1258/2096 2448/1259/2096 2449/1260/2096
f 2450/1261/2097 2451/1262/2097 2452/1263/2097
f 2453/1276/2098 2454/1277/2098 2455/1278/2098
f 2456/1282/2099 2457/1283/2100 2458/1284/2101
f 2459/1285/2102 2456/1282/2099 2458/1284/2101
f 2459/1285/2103 2460/1286/2104 2456/1282/2105
f 2461/1287/2106 2462/1288/2106 2463/1289/2106
f 2440/1233/2107 2439/1232/2107 2464/1293/2107
f 2442/1235/2108 2465/1294/2108 2443/1236/2108
f 2466/1295/2109 2467/1296/2109 2468/1297/2109
f 2468/1297/2110 2469/1298/2110 2466/1295/2110
f 2470/1299/2111 2471/1300/2112 2472/1301/2113
f 2470/1299/2114 2472/1301/2115 2473/1302/2116
f 2473/1302/2116 2472/1301/2115 2434/1222/2117
f 2433/1221/2118 2435/1223/2118 2474/1303/2118
f 2473/1302/2119 2437/1225/2119 2470/1299/2119
f 2443/1236/2120 2465/1294/2120 2475/1304/2120
f 2476/1305/2121 2477/1306/2121 2478/1307/2121
f 2479/1309/2122 2480/1310/2122 2440/1233/2122
f 2479/1309/2123 2440/1233/2123 2464/1293/2123
f 2481/1313/2124 2482/1314/2124 2483/1315/2124
f 2484/1316/2125 2485/1317/2125 2486/1318/2125
f 2484/1316/2126 2487/1319/2126 2488/1320/2126
f 2443/1236/2127 2489/1321/2127 2441/1234/2127
f 2429/1210/2128 2490/1322/2129 2476/1305/2128
f 2491/1326/2130 2432/1213/2130 2492/1327/2130
f 2430/1211/2131 2432/1213/2131 2491/1326/2132
f 2495/1330/2133 2496/1331/2133 2497/1332/2133
f 2498/1336/2134 2499/1337/2134 2500/1338/2134
f 2424/1205/2135 2423/1204/2136 2500/1338/2137
f 2500/1338/2137 2423/1204/2136 2498/1336/2138
f 2501/1339/2139 2502/1340/2139 2503/1341/2139
f 2504/1342/2140 2501/1339/2140 2505/1343/2140
f 2506/1344/2141 2507/1345/2141 2461/1287/2141
f 2456/1282/2142 2506/1344/2142 2457/1283/2142
f 2508/1346/2143 2444/1237/2143 2446/1239/2144
f 2508/1346/2145 2509/1347/2145 2444/1237/2145
f 2491/1326/2146 2428/1209/2146 2430/1211/2146
f 2491/1326/2147 2510/1349/2147 2428/1209/2147
f 2503/1341/2148 2511/1350/2148 2512/1351/2148
f 2505/1343/2149 2512/1351/2150 2504/1342/2151
f 2512/1351/2150 2505/1343/2149 2503/1341/2152
f 2513/1352/2153 2514/1353/2154 2515/1354/2155
f 2516/1355/2156 2517/1356/2156 2518/1357/2156
f 2519/1358/2157 2520/1359/2157 2521/1360/2157
f 2446/1239/2158 2522/1361/2158 2508/1346/2158
f 2503/1341/2159 2502/1340/2159 2523/1362/2159
f 2524/1363/2160 2525/1364/2161 2526/1365/2161
f 2527/1366/2162 2528/1367/2162 2529/1368/2162
f 2418/1195/2163 2420/1197/2163 2529/1368/2163
f 2530/1369/2164 2531/1370/2165 2500/1338/2166
f 2500/1338/2167 2425/1206/2167 2424/1205/2168
f 2532/1371/2169 2460/1286/2169 2459/1285/2169
f 2494/1329/2170 2493/1328/2170 2460/1286/2170
f 2478/1307/2171 2533/1373/2171 2476/1305/2171
f 2478/1307/2172 2427/1208/2173 2533/1373/2174
f 2431/1212/2175 2427/1208/2173 2478/1307/2172
f 2450/1261/2176 2504/1342/2176 2447/1258/2176
f 2504/1342/2177 2512/1351/2177 2447/1258/2177
f 2534/1376/2178 2419/1196/2178 2418/1195/2178
f 2535/1377/2179 2536/1378/2179 2534/1376/2179
f 2537/1382/2180 2538/1383/2180 2539/1384/2180
f 2529/1368/2181 2487/1319/2181 2527/1366/2181
f 2487/1319/2182 2484/1316/2182 2527/1366/2182
f 2426/1207/2183 2472/1301/2183 2471/1300/2183
f 2421/1202/2184 2426/1207/2185 2471/1300/2186
f 2540/1386/2187 2541/1387/2187 2453/1276/2187
f 2541/1387/2188 2454/1277/2188 2453/1276/2188
f 2542/1388/2189 2543/1389/2189 2544/1390/2189
f 2545/1391/2190 2543/1389/2191 2542/1388/2192
f 2463/1289/2193 2462/1288/2193 2546/1392/2193
f 2547/1393/2194 2548/1394/2194 2549/1395/2194
f 2549/1395/2195 2550/1396/2195 2551/1397/2195
f 2469/1298/2196 2468/1297/2196 2552/1398/2196
f 2553/1399/2197 2554/1400/2197 2552/1398/2197
f 2521/1360/2198 2445/1238/2199 2519/1358/2200
f 2445/1238/2199 2555/1401/2201 2519/1358/2200
f 2446/1239/2202 2445/1238/2199 2521/1360/2198
f 2555/1401/2203 2556/1402/2203 2519/1358/2203
f 2452/1263/2204 2501/1339/2204 2504/1342/2204
f 2450/1261/2205 2452/1263/2205 2504/1342/2205
f 2493/1328/2206 2557/1403/2207 2460/1286/2208
f 2460/1286/2209 2557/1403/2209 2558/1404/2210
f 2492/1327/2211 2559/1405/2212 2560/1406/2213
f 2561/1407/2214 2492/1327/2211 2560/1406/2213
f 2559/1405/2215 2562/1408/2215 2563/1409/2215
f 2523/1362/2216 2511/1350/2216 2503/1341/2216
f 2524/1363/2217 2564/1410/2217 2511/1350/2217
f 2565/1411/2218 2566/1412/2218 2516/1355/2218
f 2515/1354/2219 2566/1412/2219 2513/1352/2219
f 2476/1305/2220 2489/1321/2220 2443/1236/2220
f 2476/1305/2221 2443/1236/2222 2475/1304/2223
f 2475/1304/2223 2477/1306/2224 2476/1305/2221
f 2526/1365/2225 2567/1413/2225 2524/1363/2226
f 2568/1415/2227 2569/1416/2227 2570/1417/2227
f 2513/1352/2228 2569/1416/2228 2514/1353/2228
f 2549/1395/2229 2548/1394/2229 2571/1418/2229
f 2572/1419/2230 2573/1420/2230 2571/1418/2230
f 2574/1421/2231 2488/1320/2231 2575/1422/2231
f 2484/1316/2232 2488/1320/2232 2574/1421/2232
f 2560/1406/2233 2576/1423/2233 2510/1349/2233
f 2577/1424/2234 2576/1423/2234 2563/1409/2234
f 2578/1425/2235 2483/1315/2236 2482/1314/2237
f 2579/1426/2238 2580/1427/2238 2581/1428/2238
f 2582/1429/2239 2454/1277/2239 2583/1430/2239
f 2582/1429/2240 2583/1430/2240 2584/1431/2240
f 2585/1432/2241 2586/1433/2241 2587/1434/2241
f 2588/1435/2242 2589/1436/2242 2590/1437/2242
f 2588/1435/2243 2590/1437/2243 2591/1438/2243
f 2421/1202/2244 2471/1300/2245 2422/1203/2246
f 2422/1203/2247 2471/1300/2248 2436/1224/2249
f 2468/1297/2250 2592/1439/2250 2593/1440/2250
f 2593/1440/2251 2594/1441/2251 2468/1297/2251
f 2461/1287/2252 2507/1345/2252 2462/1288/2253
f 2544/1390/2254 2507/1345/2254 2595/1445/2254
f 2430/1211/2255 2428/1209/2256 2427/1208/2257
f 2570/1417/2258 2596/1446/2258 2568/1415/2258
f 2513/1352/2259 2566/1412/2259 2596/1446/2259
f 2597/1447/2260 2483/1315/2260 2578/1425/2260
f 2483/1315/2261 2597/1447/2261 2598/1448/2261
f 2599/1449/2262 2451/1262/2262 2449/1260/2262
f 2600/1450/2263 2601/1451/2263 2599/1449/2263
f 2602/1452/2264 2509/1347/2264 2508/1346/2264
f 2467/1296/2265 2592/1439/2265 2468/1297/2265
f 2592/1439/2266 2467/1296/2266 2603/1453/2266
f 2604/1454/2267 2605/1455/2268 2606/1456/2267
f 2590/1437/2269 2606/1456/2269 2607/1457/2269
f 2608/1458/2270 2609/1459/2270 2610/1460/2270
f 2611/1461/2271 2530/1369/2271 2609/1459/2272
f 2492/1327/2273 2561/1407/2273 2491/1326/2273
f 2612/1462/2274 2613/1463/2274 2614/1464/2274
f 2615/1465/2275 2519/1358/2275 2612/1462/2275
f 2610/1460/2276 2609/1459/2276 2499/1337/2276
f 2499/1337/2277 2498/1336/2277 2610/1460/2277
f 2616/1466/2278 2617/1467/2278 2508/1346/2278
f 2522/1361/2279 2616/1466/2279 2508/1346/2279
f 2618/1471/2280 2550/1396/2281 2571/1418/2282
f 2571/1418/2283 2550/1396/2284 2549/1395/2285
f 2476/1305/2286 2533/1373/2286 2429/1210/2286
f 2427/1208/2287 2429/1210/2287 2533/1373/2287
f 2540/1386/2288 2619/1472/2288 2541/1387/2288
f 2541/1387/2289 2619/1472/2289 2620/1473/2289
f 2518/1357/2290 2621/1475/2290 2622/1476/2290
f 2518/1357/2291 2517/1356/2291 2621/1475/2291
f 2474/1303/2292 2437/1225/2292 2473/1302/2292
f 2441/1234/2293 2479/1309/2293 2442/1235/2293
f 2464/1293/2294 2439/1232/2294 2465/1294/2294
f 2497/1332/2295 2623/1478/2295 2624/1479/2295
f 2624/1479/2296 2495/1330/2296 2497/1332/2296
f 2625/1480/2297 2567/1413/2297 2526/1365/2297
f 2534/1376/2298 2528/1367/2298 2626/1481/2299
f 2534/1376/2300 2626/1481/2300 2535/1377/2300
f 2530/1369/2301 2499/1337/2301 2609/1459/2301
f 2499/1337/2302 2530/1369/2302 2500/1338/2302
f 2618/1471/2303 2571/1418/2303 2573/1420/2303
f 2618/1471/2304 2573/1420/2304 2627/1482/2304
f 2594/1441/2305 2553/1399/2306 2552/1398/2307
f 2547/1393/2308 2553/1399/2306 2594/1441/2305
f 2594/1441/2309 2552/1398/2309 2468/1297/2309
f 2466/1295/2310 2603/1453/2310 2467/1296/2310
f 2461/1287/2311 2457/1283/2311 2506/1344/2311
f 2457/1283/2312 2461/1287/2313 2463/1289/2314
f 2457/1283/2312 2463/1289/2314 2458/1284/2315
f 2558/1404/2316 2456/1282/2316 2460/1286/2316
f 2558/1404/2317 2506/1344/2317 2456/1282/2317
f 2534/1376/2318 2536/1378/2318 2419/1196/2318
f 2628/1483/2319 2520/1359/2319 2519/1358/2319
f 2519/1358/2320 2615/1465/2320 2628/1483/2320
f 2421/1202/2321 2423/1204/2321 2424/1205/2321
f 2424/1205/2322 2426/1207/2323 2421/1202/2323
f 2574/1421/2324 2485/1317/2324 2484/1316/2324
f 2485/1317/2325 2574/1421/2325 2575/1422/2325
f 2495/1330/2326 2629/1484/2326 2630/1485/2326
f 2495/1330/2327 2630/1485/2327 2622/1476/2327
f 2484/1316/2328 2486/1318/2328 2527/1366/2328
f 2631/1486/2329 2632/1487/2329 2633/1488/2329
f 2634/1489/2330 2633/1488/2330 2635/1490/2330
f 2624/1479/2331 2623/1478/2331 2636/1491/2331
f 2623/1478/2332 2637/1492/2332 2636/1491/2332
f 2622/1476/2333 2496/1331/2333 2495/1330/2333
f 2621/1475/2334 2496/1331/2334 2622/1476/2334
f 2638/1493/2335 2639/1494/2335 2640/1495/2335
f 2638/1493/2336 2641/1496/2336 2642/1497/2336
f 2553/1399/2337 2547/1393/2337 2549/1395/2337
f 2448/1259/2338 2599/1449/2338 2449/1260/2338
f 2632/1487/2339 2643/1498/2339 2644/1499/2339
f 2631/1486/2340 2643/1498/2340 2632/1487/2340
f 2529/1368/2341 2420/1197/2341 2487/1319/2341
f 2589/1436/2342 2584/1431/2343 2604/1454/2342
f 2645/1500/2344 2583/1430/2344 2454/1277/2344
f 2583/1430/2345 2645/1500/2345 2584/1431/2345
f 2641/1496/2346 2646/1501/2346 2642/1497/2346
f 2647/1502/2347 2581/1428/2347 2586/1433/2347
f 2647/1502/2348 2586/1433/2348 2585/1432/2349
f 2454/1277/2350 2620/1473/2350 2645/1500/2350
f 2541/1387/2351 2620/1473/2351 2454/1277/2351
f 2505/1343/2352 2501/1339/2352 2503/1341/2352
f 2449/1260/2353 2450/1261/2353 2447/1258/2353
f 2451/1262/2354 2450/1261/2355 2449/1260/2354
f 2514/1353/2356 2517/1356/2357 2516/1355/2358
f 2515/1354/2359 2514/1353/2356 2516/1355/2358
f 2591/1438/2360 2618/1471/2360 2627/1482/2360
f 2591/1438/2361 2627/1482/2361 2588/1435/2361
f 2648/1503/2362 2649/1504/2362 2650/1505/2362
f 2648/1503/2363 2600/1450/2363 2649/1504/2363
f 2528/1367/2364 2418/1195/2364 2529/1368/2364
f 2418/1195/2365 2528/1367/2365 2534/1376/2365
f 2618/1471/2366 2591/1438/2366 2651/1506/2366
f 2618/1471/2367 2651/1506/2367 2550/1396/2367
f 2560/1406/2368 2510/1349/2369 2561/1407/2369
f 2491/1326/2370 2561/1407/2370 2510/1349/2370
f 2563/1409/2371 2562/1408/2371 2577/1424/2371
f 2643/1498/2372 2652/1507/2372 2644/1499/2372
f 2464/1293/2373 2465/1294/2373 2442/1235/2373
f 2442/1235/2374 2479/1309/2374 2464/1293/2374
f 2542/1388/2375 2653/1508/2375 2545/1391/2375
f 2584/1431/2376 2654/1509/2376 2582/1429/2376
f 2654/1509/2377 2584/1431/2377 2589/1436/2377
f 2655/1510/2378 2656/1511/2378 2657/1512/2378
f 2658/1513/2379 2655/1510/2379 2657/1512/2380
f 2636/1491/2381 2637/1492/2382 2659/1514/2381
f 2659/1514/2383 2637/1492/2383 2660/1515/2383
f 2659/1514/2384 2660/1515/2385 2661/1516/2386
f 2636/1491/2387 2662/1517/2387 2624/1479/2387
f 2636/1491/2388 2663/1518/2388 2662/1517/2388
f 2617/1467/2389 2664/1519/2389 2602/1452/2389
f 2508/1346/2390 2617/1467/2391 2602/1452/2391
f 2563/1409/2392 2576/1423/2392 2560/1406/2393
f 2560/1406/2394 2559/1405/2394 2563/1409/2394
f 2665/1520/2395 2666/1521/2395 2667/1522/2395
f 2612/1462/2396 2665/1520/2396 2667/1522/2396
f 2631/1486/2397 2633/1488/2397 2634/1489/2397
f 2634/1489/2398 2643/1498/2398 2631/1486/2398
f 2599/1449/2399 2601/1451/2399 2451/1262/2399
f 2518/1357/2400 2668/1523/2400 2565/1411/2400
f 2518/1357/2401 2565/1411/2401 2516/1355/2401
f 2669/1524/2402 2481/1313/2402 2670/1525/2402
f 2670/1525/2403 2481/1313/2403 2483/1315/2403
f 2600/1450/2404 2650/1505/2404 2601/1451/2404
f 2648/1503/2405 2650/1505/2405 2600/1450/2405
f 2578/1425/2406 2482/1314/2406 2671/1526/2406
f 2578/1425/2407 2671/1526/2407 2672/1527/2407
f 2635/1490/2408 2673/1528/2408 2674/1529/2408
f 2633/1488/2409 2673/1528/2409 2635/1490/2409
f 2675/1530/2410 2676/1531/2410 2677/1532/2410
f 2608/1458/2411 2611/1461/2411 2609/1459/2411
f 2612/1462/2412 2556/1402/2412 2665/1520/2412
f 2519/1358/2413 2556/1402/2413 2612/1462/2413
f 2678/1533/2414 2545/1391/2414 2653/1508/2414
f 2653/1508/2415 2679/1534/2416 2678/1533/2416
f 2500/1338/2417 2531/1370/2417 2425/1206/2417
f 2552/1398/2418 2554/1400/2418 2469/1298/2418
f 2502/1340/2419 2525/1364/2419 2523/1362/2419
f 2662/1517/2420 2629/1484/2420 2624/1479/2421
f 2629/1484/2422 2495/1330/2422 2624/1479/2422
f 2521/1360/2423 2520/1359/2423 2446/1239/2424
f 2446/1239/2424 2520/1359/2423 2522/1361/2425
f 2540/1386/2426 2680/1535/2426 2619/1472/2426
f 2551/1397/2427 2554/1400/2427 2553/1399/2427
f 2549/1395/2428 2551/1397/2428 2553/1399/2428
f 2681/1536/2429 2682/1537/2429 2683/1538/2429
f 2567/1413/2430 2564/1410/2430 2524/1363/2430
f 2448/1259/2431 2684/1539/2431 2599/1449/2431
f 2684/1539/2432 2600/1450/2432 2599/1449/2433
f 2513/1352/2434 2596/1446/2434 2570/1417/2434
f 2570/1417/2435 2569/1416/2435 2513/1352/2435
f 2589/1436/2436 2604/1454/2436 2590/1437/2436
f 2604/1454/2437 2606/1456/2437 2590/1437/2437
f 2433/1221/2438 2474/1303/2438 2473/1302/2438
f 2473/1302/2439 2434/1222/2439 2433/1221/2439
f 2440/1233/2440 2685/1540/2441 2438/1231/2441
f 2686/1541/2442 2438/1231/2443 2685/1540/2444
f 2640/1495/2445 2686/1541/2442 2685/1540/2444
f 2647/1502/2446 2579/1426/2447 2581/1428/2448
f 2687/1542/2449 2579/1426/2449 2647/1502/2449
f 2607/1457/2450 2591/1438/2450 2590/1437/2450
f 2607/1457/2451 2651/1506/2451 2591/1438/2451
f 2672/1527/2452 2688/1543/2452 2578/1425/2452
f 2671/1526/2453 2689/1544/2453 2672/1527/2454
f 2688/1543/2455 2597/1447/2455 2578/1425/2455
f 2638/1493/2456 2640/1495/2456 2690/1545/2456
f 2690/1545/2457 2640/1495/2458 2685/1540/2459
f 2614/1464/2460 2615/1465/2460 2612/1462/2460
f 2685/1540/2461 2480/1310/2462 2690/1545/2463
f 2440/1233/2464 2480/1310/2465 2685/1540/2465
f 2516/1355/2466 2566/1412/2466 2515/1354/2466
f 2661/1516/2467 2660/1515/2468 2691/1546/2468
f 2692/1547/2469 2693/1548/2469 2694/1549/2469
f 2642/1497/2470 2639/1494/2470 2638/1493/2470
f 2546/1392/2471 2462/1288/2471 2544/1390/2471
f 2462/1288/2472 2507/1345/2472 2544/1390/2472
f 2454/1277/2473 2582/1429/2473 2455/1278/2473
f 2667/1522/2474 2695/1550/2474 2613/1463/2474
f 2667/1522/2475 2613/1463/2475 2612/1462/2475
f 2523/1362/2476 2524/1363/2476 2511/1350/2476
f 2524/1363/2477 2523/1362/2477 2525/1364/2477
f 2584/1431/2478 2605/1455/2479 2604/1454/2480
f 2645/1500/2481 2605/1455/2482 2584/1431/2481
f 2666/1521/2483 2695/1550/2483 2667/1522/2483
f 2666/1521/2484 2696/1551/2484 2695/1550/2484
f 2670/1525/2485 2598/1448/2485 2669/1524/2485
f 2483/1315/2486 2598/1448/2486 2670/1525/2486
f 2571/1418/2487 2548/1394/2487 2572/1419/2487
f 2622/1476/2488 2668/1523/2488 2518/1357/2488
f 2622/1476/2489 2630/1485/2489 2668/1523/2489
f 2471/1300/2490 2470/1299/2490 2436/1224/2490
f 2470/1299/2491 2437/1225/2491 2436/1224/2491
f 2476/1305/2492 2490/1322/2493 2489/1321/2494
f 2585/1432/2495 2687/1542/2496 2647/1502/2497
f 2585/1432/2498 2587/1434/2498 2687/1542/2498
f 2663/1518/2499 2636/1491/2499 2659/1514/2499
f 2661/1516/2500 2663/1518/2501 2659/1514/2502
f 2595/1445/2503 2697/1552/2504 2653/1508/2505
f 2653/1508/2505 2542/1388/2506 2595/1445/2503
f 2679/1534/2507 2653/1508/2507 2697/1552/2507
f 2691/1546/2508 2538/1383/2508 2537/1382/2508
f 2460/1286/2509 2532/1371/2509 2494/1329/2509
f 2544/1390/2510 2543/1389/2510 2546/1392/2510
f 2672/1527/2511 2689/1544/2511 2580/1427/2511
f 2640/1495/2512 2639/1494/2512 2686/1541/2512
f 2595/1445/2513 2542/1388/2513 2544/1390/2513
f 2526/1365/2514 2698/1554/2514 2625/1480/2514
usemtl xmaterial_aad706d141a16fd.005
f 793/856/926 794/857/926 795/858/926
f 798/859/678 799/860/678 800/861/678
f 801/862/679 802/863/679 803/864/679
f 804/865/680 805/866/680 806/867/680
f 807/868/681 808/869/681 809/870/681
f 810/871/682 811/872/683 812/873/684
f 813/874/685 811/872/683 810/871/682
f 814/875/686 815/876/686 816/877/686
f 816/877/687 817/878/687 818/879/687
f 812/873/691 819/880/691 810/871/691
f 820/881/692 821/882/692 822/883/692
f 799/860/693 826/884/693 827/885/693
f 794/857/694 828/886/694 795/858/694
f 829/887/695 830/888/695 831/889/695
f 832/890/696 833/891/696 834/892/696
f 835/893/697 836/894/697 837/895/697
f 838/896/698 839/897/698 840/898/698
f 834/892/699 833/891/699 841/899/699
f 834/892/927 842/900/701 832/890/701
f 843/901/702 844/902/702 845/903/702
f 846/904/703 847/905/928 848/906/705
f 846/904/703 849/907/706 847/905/928
f 843/901/707 850/908/707 851/909/707
f 852/910/708 853/911/708 854/912/708
f 855/913/709 856/914/709 857/915/709
f 805/866/710 855/913/710 806/867/710
f 858/916/711 859/917/711 860/918/711
f 861/919/712 862/920/712 863/921/712
f 864/922/929 865/923/929 866/924/929
f 867/925/714 868/926/714 869/927/714
f 870/928/930 824/1017/930 871/929/930
f 826/884/715 870/928/715 871/929/715
f 872/930/716 873/931/716 874/932/716
f 873/931/717 875/933/717 874/932/717
f 813/874/718 876/934/718 877/935/718
f 878/936/719 879/937/719 880/938/719
f 823/939/931 880/938/931 820/881/931
f 881/940/721 831/889/721 830/888/721
f 874/932/722 875/933/722 881/940/722
f 795/858/723 828/886/723 882/941/723
f 852/910/724 884/942/724 853/911/724
f 885/943/725 886/944/725 887/945/725
f 888/946/726 889/947/726 890/948/726
f 793/856/727 800/861/727 891/949/727
f 892/950/728 800/861/728 793/856/728
f 827/885/729 802/863/729 801/862/729
f 893/951/730 822/883/731 871/929/732
f 822/883/731 802/863/733 871/929/732
f 894/952/734 895/953/734 896/954/734
f 869/927/736 899/957/736 900/958/736
f 901/1043/932 858/916/932 860/918/932
f 844/959/737 902/960/737 859/917/737
f 862/920/738 903/961/738 904/962/738
f 905/963/739 906/964/739 907/965/739
f 905/963/740 861/919/740 863/921/740
f 908/966/741 909/967/741 910/968/741
f 908/969/742 910/970/742 911/971/742
f 849/907/743 912/972/743 809/870/743
f 804/865/744 806/867/744 809/870/744
f 913/973/745 914/974/745 840/898/745
f 880/938/933 821/882/933 820/881/933
f 846/904/748 912/972/748 849/907/748
f 816/877/749 811/872/749 814/875/749
f 916/976/934 917/977/935 848/906/750
f 917/977/935 916/976/934 918/978/936
f 918/978/751 919/979/751 917/977/751
f 848/906/752 847/905/937 857/915/938
f 916/976/755 848/906/752 857/915/938
f 922/980/756 919/981/756 923/982/756
f 924/983/757 923/982/757 925/984/757
f 843/901/758 851/909/758 926/985/758
f 851/909/939 854/912/939 926/985/939
f 832/890/760 842/900/761 835/893/762
f 842/900/761 836/894/763 835/893/762
f 838/896/764 927/986/764 889/947/764
f 928/987/765 929/988/765 914/974/765
f 924/983/766 925/984/766 931/989/766
f 932/990/767 810/871/767 819/880/767
f 930/991/768 933/992/768 934/993/768
f 897/955/769 895/953/769 894/952/769
f 907/965/770 935/994/770 897/955/770
f 911/971/771 910/970/771 804/865/771
f 936/995/772 844/959/772 859/917/772
f 936/996/773 845/903/773 844/902/773
f 913/973/774 928/987/774 914/974/774
f 913/973/775 937/997/775 928/987/775
f 800/861/776 799/860/776 891/949/776
f 801/862/777 803/864/777 872/930/777
f 869/927/778 868/926/778 938/998/778
f 917/977/780 940/1000/780 941/1001/780
f 838/896/781 889/947/781 839/897/781
f 889/947/782 888/946/782 839/897/782
f 942/1002/783 922/980/783 931/989/783
f 922/980/784 942/1002/784 940/1003/784
f 943/1004/785 846/904/785 848/906/785
f 848/906/786 917/977/786 943/1004/786
f 944/1005/787 900/958/787 945/1006/787
f 884/942/788 852/910/788 946/1007/788
f 884/1020/940 937/997/940 947/1021/940
f 934/993/790 948/1008/790 942/1002/790
f 933/992/941 948/1008/941 934/993/941
f 949/1009/792 938/998/792 898/956/792
f 897/955/793 949/1009/793 898/956/793
f 825/1033/942 950/1044/942 823/939/942
f 951/1010/794 796/1011/794 896/954/794
f 881/940/795 875/933/795 831/889/795
f 952/1012/796 953/1013/796 954/1014/796
f 890/948/797 955/1015/797 956/1016/797
f 914/974/798 929/988/798 838/896/798
f 840/898/799 914/974/799 838/896/799
f 864/922/800 866/924/800 938/998/800
f 938/998/801 949/1009/801 864/922/801
f 811/872/802 813/874/802 877/935/802
f 877/935/803 814/875/803 811/872/803
f 823/939/804 820/881/804 824/1017/804
f 820/881/805 822/883/805 893/951/805
f 841/899/806 833/891/806 936/996/806
f 919/979/807 940/1000/807 917/977/807
f 922/980/808 940/1003/808 919/981/808
f 957/1018/809 958/1019/809 913/973/809
f 958/1019/810 884/1020/810 947/1021/810
f 865/923/811 899/957/811 869/927/811
f 839/897/812 885/943/812 887/945/812
f 959/1022/813 930/991/813 819/880/813
f 903/961/814 862/920/814 861/919/814
f 874/932/815 881/940/815 793/856/815
f 874/932/816 793/856/816 891/949/816
f 829/887/817 960/1023/817 830/888/817
f 830/888/818 828/886/818 794/857/818
f 954/1014/819 885/943/819 890/948/819
f 954/1014/820 890/948/820 956/1016/820
f 882/941/821 828/886/821 829/887/821
f 871/929/822 802/863/822 827/885/822
f 826/884/823 871/929/823 827/885/823
f 905/963/824 894/952/824 896/954/824
f 905/963/943 797/1040/943 861/919/943
f 962/1024/825 804/865/825 910/970/825
f 850/908/944 833/891/944 832/890/944
f 833/891/828 845/903/828 936/996/828
f 925/984/829 932/990/829 930/991/829
f 819/880/830 930/991/830 932/990/830
f 793/856/831 881/940/831 794/857/831
f 881/940/832 830/888/832 794/857/832
f 883/1025/833 946/1007/833 852/910/833
f 854/912/834 853/911/834 926/985/834
f 847/905/835 855/913/835 857/915/835
f 855/913/836 847/905/836 849/907/836
f 909/967/837 821/882/837 880/938/837
f 910/968/838 909/967/838 880/938/838
f 858/916/839 936/995/839 859/917/839
f 841/1026/840 936/995/840 858/916/840
f 795/858/841 892/950/841 793/856/841
f 839/897/842 888/946/842 885/943/842
f 890/948/843 885/943/843 888/946/843
f 905/963/844 907/965/844 894/952/844
f 894/952/845 907/965/845 897/955/845
f 801/862/846 799/860/846 827/885/846
f 801/862/847 891/949/847 799/860/847
f 837/895/848 854/912/848 835/893/848
f 851/909/849 835/893/849 854/912/849
f 850/908/850 832/890/850 851/909/850
f 835/893/851 851/909/851 832/890/851
f 900/958/852 944/1005/852 867/925/852
f 867/925/853 869/927/853 900/958/853
f 919/981/854 920/1027/854 923/982/854
f 911/971/855 809/870/855 908/969/855
f 809/870/856 911/971/856 804/865/856
f 955/1015/857 953/1013/857 952/1012/857
f 904/962/858 902/960/858 862/920/858
f 806/867/859 849/907/859 809/870/859
f 849/907/860 806/867/860 855/913/860
f 915/1028/861 814/875/861 877/935/861
f 859/917/863 902/960/863 904/962/863
f 860/918/945 859/917/945 904/962/945
f 963/1032/865 825/1033/865 870/928/865
f 824/1017/866 870/928/866 825/1033/866
f 816/877/869 818/879/869 812/873/869
f 812/873/870 811/872/870 816/877/870
f 852/910/871 854/912/871 837/895/871
f 900/958/872 899/957/872 945/1006/872
f 964/1035/873 840/898/873 839/897/873
f 887/945/874 964/1035/874 839/897/874
f 878/936/875 880/938/875 823/939/875
f 941/1001/876 943/1004/876 917/977/876
f 872/930/877 803/864/877 873/931/877
f 805/866/878 856/914/878 855/913/878
f 898/956/879 965/1036/880 895/953/946
f 895/953/946 965/1036/880 951/1010/882
f 939/999/883 965/1036/880 898/956/879
f 960/1023/884 828/886/884 830/888/884
f 829/887/885 828/886/885 960/1023/885
f 869/927/886 938/998/886 866/924/886
f 869/927/887 866/924/887 865/923/887
f 895/953/888 951/1010/888 896/954/888
f 923/982/947 921/1037/947 925/984/947
f 923/982/889 920/1027/889 921/1037/889
f 956/1016/890 952/1012/890 954/1014/890
f 952/1012/891 956/1016/891 955/1015/891
f 879/937/892 961/1038/892 962/1039/892
f 931/989/893 934/993/893 942/1002/893
f 931/989/894 930/991/894 934/993/894
f 809/870/895 808/869/895 908/969/895
f 908/966/896 808/975/896 909/967/896
f 797/1040/897 896/954/897 796/1011/897
f 905/963/898 896/954/898 797/1040/898
f 904/962/900 903/961/900 860/918/900
f 903/961/948 797/1040/948 860/918/948
f 819/880/901 812/873/901 818/879/901
f 818/879/902 959/1022/902 819/880/902
f 949/1009/903 935/994/903 864/922/903
f 949/1009/904 897/955/904 935/994/904
f 880/938/905 879/937/905 910/968/905
f 962/1039/906 910/968/906 879/937/906
f 947/1021/907 937/997/907 913/973/907
f 913/973/908 958/1019/908 947/1021/908
f 874/932/909 891/949/909 872/930/909
f 801/862/910 872/930/910 891/949/910
f 884/1020/949 946/1045/949 937/997/949
f 946/1045/950 928/987/950 937/997/950
f 929/988/911 927/986/911 838/896/911
f 863/921/912 906/964/912 905/963/912
f 833/891/913 850/908/913 845/903/913
f 850/908/951 843/901/951 845/903/951
f 871/929/952 824/1017/952 893/951/952
f 824/1017/953 820/881/953 893/951/953
f 924/983/916 922/980/916 923/982/916
f 931/989/917 922/980/917 924/983/917
f 964/1035/918 957/1018/918 840/898/918
f 957/1018/919 913/973/919 840/898/919
f 798/859/920 963/1032/920 826/884/920
f 826/884/921 963/1032/921 870/928/921
f 930/991/922 959/1022/922 933/992/922
f 954/1014/923 886/944/923 885/943/923
f 954/1014/924 953/1013/924 886/944/924
f 1014/1011/954 1015/1046/954 1016/1040/954
f 1025/876/688 1027/878/689 1026/877/690
f 1030/939/955 1031/1017/955 1032/1033/955
f 1035/895/956 1034/894/956 1044/1025/956
f 1045/953/735 1046/955/735 1047/956/735
f 1016/1040/977 1015/1046/977 1038/918/977
f 1024/875/958 1049/1042/958 1025/876/958
f 1051/967/747 1022/975/747 1029/882/747
f 1041/935/959 1049/1042/959 1053/1028/959
f 1057/1047/962 1055/978/962 1058/1041/962
f 1059/1027/963 1060/1048/963 1061/1037/963
f 1062/984/964 1063/991/964 1064/989/964
f 1065/998/779 1066/999/779 1047/956/779
f 1060/1049/965 1056/979/965 1055/978/965
f 1017/859/789 1033/884/789 1018/860/789
f 1042/936/966 1067/1044/966 1043/937/966
f 1028/879/967 1027/878/967 1068/1022/967
f 1039/919/968 1016/1040/968 1050/961/968
f 1043/937/969 1067/1044/969 1069/1038/969
f 1023/870/826 1052/972/826 1021/868/826
f 1059/1027/970 1056/981/970 1060/1048/970
f 1053/1028/978 1049/1042/978 1024/875/978
f 1071/1034/867 1020/866/868 1019/865/868
f 1071/1034/867 1019/865/868 1070/1024/867
f 1036/910/972 1035/895/972 1044/1025/972
f 1042/936/973 1030/939/973 1067/1044/973
f 1058/1041/899 1054/976/899 1037/915/899
f 1058/1041/974 1055/978/974 1054/976/974
f 1057/1047/975 1060/1049/975 1055/978/975
f 1040/926/915 1066/999/915 1065/998/915
f 1038/918/976 1015/1046/976 1048/1043/976
f 2699/1195/2082 2700/1196/2082 2701/1197/2083
f 2702/1202/2084 2703/1203/2084 2704/1204/2084
f 2705/1205/2085 2706/1206/2085 2707/1207/2085
f 2708/1208/2086 2709/1209/2086 2710/1210/2086
f 2711/1211/2515 2712/1212/2516 2713/1213/2517
f 2708/1208/2518 2712/1212/2516 2711/1211/2515
f 2716/1221/2091 2717/1222/2091 2718/1223/2091
f 2719/1224/2092 2720/1225/2092 2703/1203/2092
f 2721/1031/2519 2722/1030/2519 2723/1226/2519
f 2724/1231/2520 2725/1232/2520 2726/1233/2520
f 2727/1234/2094 2728/1235/2094 2729/1236/2094
f 2730/1237/2095 2731/1238/2095 2732/1239/2095
f 2733/1258/2096 2734/1259/2096 2735/1260/2096
f 2736/1261/2097 2737/1262/2097 2738/1263/2097
f 2740/1276/2098 2741/1277/2098 2742/1278/2098
f 2743/1282/2521 2744/1283/2100 2745/1284/2101
f 2746/1285/2102 2743/1282/2521 2745/1284/2101
f 2746/1285/2103 2747/1286/2522 2743/1282/2105
f 2748/1287/2106 2749/1288/2106 2750/1289/2106
f 2726/1233/2523 2725/1232/2523 2751/1293/2523
f 2728/1235/2108 2752/1294/2108 2729/1236/2108
f 2753/1295/2524 2754/1296/2524 2755/1297/2524
f 2755/1297/2110 2756/1298/2110 2753/1295/2110
f 2757/1299/2525 2758/1300/2526 2759/1301/2527
f 2757/1299/2114 2759/1301/2115 2760/1302/2116
f 2760/1302/2116 2759/1301/2115 2717/1222/2117
f 2716/1221/2118 2718/1223/2118 2761/1303/2118
f 2760/1302/2119 2720/1225/2119 2757/1299/2119
f 2729/1236/2120 2752/1294/2120 2762/1304/2120
f 2763/1305/2121 2764/1306/2121 2765/1307/2121
f 2766/1309/2122 2767/1310/2122 2726/1233/2122
f 2766/1309/2123 2726/1233/2123 2751/1293/2123
f 2768/1313/2124 2769/1314/2124 2770/1315/2124
f 2771/1316/2125 2772/1317/2125 2773/1318/2125
f 2771/1316/2126 2774/1319/2126 2775/1320/2126
f 2729/1236/2127 2776/1321/2127 2727/1234/2127
f 2710/1210/2128 2777/1322/2129 2763/1305/2128
f 2778/1326/2130 2713/1213/2130 2779/1327/2130
f 2711/1211/2528 2713/1213/2528 2778/1326/2132
f 2721/1031/2529 2723/1226/2530 2780/1328/2531
f 2781/1329/2532 2782/1029/2532 2780/1328/2532
f 2783/1330/2133 2784/1331/2133 2785/1332/2133
f 2786/1336/2134 2787/1337/2134 2788/1338/2134
f 2705/1205/2533 2704/1204/2534 2788/1338/2535
f 2788/1338/2535 2704/1204/2534 2786/1336/2536
f 2789/1339/2537 2790/1340/2537 2791/1341/2537
f 2792/1342/2140 2789/1339/2140 2793/1343/2140
f 2794/1344/2141 2795/1345/2141 2748/1287/2141
f 2743/1282/2142 2794/1344/2142 2744/1283/2142
f 2796/1346/2143 2730/1237/2143 2732/1239/2144
f 2796/1346/2145 2797/1347/2145 2730/1237/2145
f 2778/1326/2146 2709/1209/2146 2711/1211/2146
f 2778/1326/2147 2798/1349/2147 2709/1209/2147
f 2791/1341/2148 2799/1350/2148 2800/1351/2148
f 2793/1343/2538 2800/1351/2150 2792/1342/2151
f 2800/1351/2150 2793/1343/2538 2791/1341/2152
f 2801/1352/2154 2802/1353/2154 2803/1354/2539
f 2804/1355/2156 2805/1356/2156 2806/1357/2156
f 2807/1358/2157 2808/1359/2157 2809/1360/2157
f 2732/1239/2158 2810/1361/2158 2796/1346/2158
f 2791/1341/2159 2790/1340/2159 2811/1362/2159
f 2812/1363/2161 2813/1364/2161 2814/1365/2161
f 2815/1366/2162 2816/1367/2162 2817/1368/2162
f 2699/1195/2163 2701/1197/2163 2817/1368/2163
f 2818/1369/2164 2819/1370/2165 2788/1338/2166
f 2788/1338/2540 2706/1206/2540 2705/1205/2540
f 2820/1371/2169 2747/1286/2169 2746/1285/2169
f 2781/1329/2170 2780/1328/2170 2747/1286/2170
f 2765/1307/2171 2821/1373/2171 2763/1305/2171
f 2765/1307/2541 2708/1208/2542 2821/1373/2174
f 2712/1212/2543 2708/1208/2542 2765/1307/2541
f 2736/1261/2176 2792/1342/2176 2733/1258/2176
f 2792/1342/2177 2800/1351/2177 2733/1258/2177
f 2822/1376/2178 2700/1196/2178 2699/1195/2178
f 2823/1377/2179 2824/1378/2179 2822/1376/2179
f 2825/1382/2180 2826/1383/2180 2827/1384/2180
f 2817/1368/2181 2774/1319/2181 2815/1366/2181
f 2774/1319/2182 2771/1316/2182 2815/1366/2182
f 2707/1207/2183 2759/1301/2183 2758/1300/2183
f 2702/1202/2184 2707/1207/2185 2758/1300/2186
f 2828/1386/2187 2829/1387/2187 2740/1276/2187
f 2829/1387/2188 2741/1277/2188 2740/1276/2188
f 2830/1388/2189 2831/1389/2189 2832/1390/2189
f 2833/1391/2190 2831/1389/2191 2830/1388/2192
f 2750/1289/2193 2749/1288/2193 2834/1392/2193
f 2835/1393/2194 2836/1394/2194 2837/1395/2194
f 2837/1395/2195 2838/1396/2195 2839/1397/2195
f 2756/1298/2196 2755/1297/2196 2840/1398/2196
f 2841/1399/2197 2842/1400/2197 2840/1398/2197
f 2809/1360/2198 2731/1238/2199 2807/1358/2200
f 2731/1238/2199 2843/1401/2201 2807/1358/2200
f 2732/1239/2202 2731/1238/2199 2809/1360/2198
f 2843/1401/2203 2844/1402/2203 2807/1358/2203
f 2738/1263/2204 2789/1339/2204 2792/1342/2204
f 2736/1261/2205 2738/1263/2205 2792/1342/2205
f 2780/1328/2544 2845/1403/2207 2747/1286/2208
f 2747/1286/2209 2845/1403/2209 2846/1404/2210
f 2779/1327/2545 2847/1405/2212 2848/1406/2546
f 2849/1407/2214 2779/1327/2545 2848/1406/2546
f 2847/1405/2215 2850/1408/2215 2851/1409/2215
f 2811/1362/2216 2799/1350/2216 2791/1341/2216
f 2812/1363/2547 2852/1410/2547 2799/1350/2547
f 2853/1411/2548 2854/1412/2548 2804/1355/2548
f 2803/1354/2549 2854/1412/2549 2801/1352/2549
f 2763/1305/2550 2776/1321/2550 2729/1236/2550
f 2763/1305/2221 2729/1236/2222 2762/1304/2223
f 2762/1304/2223 2764/1306/2224 2763/1305/2221
f 2814/1365/2551 2855/1413/2225 2812/1363/2226
f 2856/1415/2227 2857/1416/2227 2858/1417/2227
f 2801/1352/2228 2857/1416/2228 2802/1353/2228
f 2837/1395/2229 2836/1394/2229 2859/1418/2229
f 2860/1419/2230 2861/1420/2230 2859/1418/2230
f 2862/1421/2231 2775/1320/2231 2863/1422/2231
f 2771/1316/2232 2775/1320/2232 2862/1421/2232
f 2848/1406/2233 2864/1423/2233 2798/1349/2233
f 2865/1424/2234 2864/1423/2234 2851/1409/2234
f 2866/1425/2237 2770/1315/2552 2769/1314/2553
f 2867/1426/2238 2868/1427/2238 2869/1428/2238
f 2870/1429/2239 2741/1277/2239 2871/1430/2239
f 2870/1429/2240 2871/1430/2240 2872/1431/2240
f 2873/1432/2241 2874/1433/2241 2875/1434/2241
f 2876/1435/2242 2877/1436/2242 2878/1437/2242
f 2876/1435/2554 2878/1437/2554 2879/1438/2554
f 2702/1202/2244 2758/1300/2245 2703/1203/2246
f 2703/1203/2247 2758/1300/2248 2719/1224/2249
f 2755/1297/2250 2880/1439/2250 2881/1440/2250
f 2881/1440/2251 2882/1441/2251 2755/1297/2251
f 2748/1287/2252 2795/1345/2252 2749/1288/2253
f 2832/1390/2254 2795/1345/2254 2883/1445/2254
f 2711/1211/2255 2709/1209/2256 2708/1208/2257
f 2858/1417/2258 2884/1446/2258 2856/1415/2258
f 2801/1352/2555 2854/1412/2555 2884/1446/2555
f 2885/1447/2556 2770/1315/2556 2866/1425/2556
f 2770/1315/2261 2885/1447/2261 2886/1448/2261
f 2887/1449/2262 2737/1262/2262 2735/1260/2262
f 2888/1450/2263 2889/1451/2263 2887/1449/2263
f 2890/1452/2264 2797/1347/2264 2796/1346/2264
f 2754/1296/2265 2880/1439/2265 2755/1297/2265
f 2880/1439/2266 2754/1296/2266 2891/1453/2266
f 2892/1454/2267 2893/1455/2267 2894/1456/2557
f 2878/1437/2269 2894/1456/2269 2895/1457/2269
f 2896/1458/2270 2897/1459/2270 2898/1460/2270
f 2899/1461/2271 2818/1369/2271 2897/1459/2272
f 2779/1327/2273 2849/1407/2273 2778/1326/2273
f 2900/1462/2274 2901/1463/2274 2902/1464/2274
f 2903/1465/2275 2807/1358/2275 2900/1462/2275
f 2898/1460/2276 2897/1459/2276 2787/1337/2276
f 2787/1337/2277 2786/1336/2277 2898/1460/2277
f 2904/1466/2278 2905/1467/2278 2796/1346/2278
f 2810/1361/2279 2904/1466/2279 2796/1346/2279
f 2906/1468/2558 2907/1469/2558 2908/1470/2558
f 2909/1471/2559 2838/1396/2281 2859/1418/2282
f 2859/1418/2283 2838/1396/2560 2837/1395/2285
f 2763/1305/2286 2821/1373/2286 2710/1210/2286
f 2708/1208/2287 2710/1210/2287 2821/1373/2287
f 2828/1386/2288 2910/1472/2288 2829/1387/2288
f 2829/1387/2561 2910/1472/2561 2911/1473/2561
f 2806/1357/2290 2912/1475/2290 2913/1476/2290
f 2806/1357/2291 2805/1356/2291 2912/1475/2291
f 2761/1303/2292 2720/1225/2292 2760/1302/2292
f 2727/1234/2293 2766/1309/2293 2728/1235/2293
f 2751/1293/2562 2725/1232/2562 2752/1294/2562
f 2785/1332/2563 2914/1478/2563 2915/1479/2563
f 2915/1479/2564 2783/1330/2564 2785/1332/2564
f 2916/1480/2297 2855/1413/2297 2814/1365/2297
f 2822/1376/2298 2816/1367/2298 2917/1481/2299
f 2822/1376/2300 2917/1481/2300 2823/1377/2300
f 2818/1369/2565 2787/1337/2565 2897/1459/2565
f 2787/1337/2566 2818/1369/2566 2788/1338/2566
f 2909/1471/2303 2859/1418/2303 2861/1420/2303
f 2909/1471/2304 2861/1420/2304 2918/1482/2304
f 2882/1441/2305 2841/1399/2306 2840/1398/2307
f 2835/1393/2308 2841/1399/2306 2882/1441/2305
f 2882/1441/2309 2840/1398/2309 2755/1297/2309
f 2753/1295/2310 2891/1453/2310 2754/1296/2310
f 2748/1287/2567 2744/1283/2567 2794/1344/2567
f 2744/1283/2312 2748/1287/2313 2750/1289/2314
f 2744/1283/2312 2750/1289/2314 2745/1284/2315
f 2846/1404/2316 2743/1282/2316 2747/1286/2316
f 2846/1404/2317 2794/1344/2317 2743/1282/2317
f 2822/1376/2318 2824/1378/2318 2700/1196/2318
f 2919/1483/2319 2808/1359/2319 2807/1358/2319
f 2807/1358/2568 2903/1465/2568 2919/1483/2568
f 2702/1202/2321 2704/1204/2321 2705/1205/2321
f 2705/1205/2322 2707/1207/2322 2702/1202/2322
f 2862/1421/2324 2772/1317/2324 2771/1316/2324
f 2772/1317/2325 2862/1421/2325 2863/1422/2325
f 2783/1330/2569 2920/1484/2569 2921/1485/2569
f 2783/1330/2327 2921/1485/2327 2913/1476/2327
f 2771/1316/2328 2773/1318/2328 2815/1366/2328
f 2922/1486/2329 2923/1487/2329 2924/1488/2329
f 2925/1489/2330 2924/1488/2330 2926/1490/2330
f 2915/1479/2570 2914/1478/2570 2927/1491/2570
f 2914/1478/2332 2928/1492/2332 2927/1491/2332
f 2913/1476/2333 2784/1331/2333 2783/1330/2333
f 2912/1475/2334 2784/1331/2334 2913/1476/2334
f 2929/1493/2335 2930/1494/2335 2931/1495/2335
f 2929/1493/2336 2932/1496/2336 2933/1497/2336
f 2841/1399/2337 2835/1393/2337 2837/1395/2337
f 2734/1259/2338 2887/1449/2338 2735/1260/2338
f 2923/1487/2339 2934/1498/2339 2935/1499/2339
f 2922/1486/2340 2934/1498/2340 2923/1487/2340
f 2817/1368/2341 2701/1197/2341 2774/1319/2341
f 2877/1436/2342 2872/1431/2343 2892/1454/2571
f 2936/1500/2344 2871/1430/2344 2741/1277/2344
f 2871/1430/2345 2936/1500/2345 2872/1431/2345
f 2932/1496/2346 2937/1501/2346 2933/1497/2346
f 2938/1502/2347 2869/1428/2347 2874/1433/2347
f 2938/1502/2348 2874/1433/2348 2873/1432/2349
f 2741/1277/2350 2911/1473/2350 2936/1500/2350
f 2829/1387/2351 2911/1473/2351 2741/1277/2351
f 2793/1343/2352 2789/1339/2352 2791/1341/2352
f 2782/1029/2572 2721/1031/2572 2780/1328/2572
f 2782/1029/2573 2722/1030/2573 2721/1031/2573
f 2735/1260/2353 2736/1261/2353 2733/1258/2353
f 2737/1262/2354 2736/1261/2355 2735/1260/2354
f 2802/1353/2356 2805/1356/2357 2804/1355/2358
f 2803/1354/2359 2802/1353/2356 2804/1355/2358
f 2879/1438/2574 2909/1471/2574 2918/1482/2574
f 2879/1438/2575 2918/1482/2575 2876/1435/2575
f 2939/1503/2362 2940/1504/2362 2941/1505/2362
f 2939/1503/2363 2888/1450/2363 2940/1504/2363
f 2816/1367/2364 2699/1195/2364 2817/1368/2364
f 2699/1195/2365 2816/1367/2365 2822/1376/2365
f 2909/1471/2576 2879/1438/2576 2942/1506/2576
f 2909/1471/2577 2942/1506/2577 2838/1396/2577
f 2848/1406/2368 2798/1349/2369 2849/1407/2369
f 2778/1326/2578 2849/1407/2578 2798/1349/2578
f 2851/1409/2371 2850/1408/2371 2865/1424/2371
f 2934/1498/2372 2943/1507/2372 2935/1499/2372
f 2751/1293/2579 2752/1294/2579 2728/1235/2579
f 2728/1235/2580 2766/1309/2580 2751/1293/2580
f 2830/1388/2375 2944/1508/2375 2833/1391/2375
f 2872/1431/2376 2945/1509/2376 2870/1429/2376
f 2945/1509/2377 2872/1431/2377 2877/1436/2377
f 2946/1510/2378 2947/1511/2378 2948/1512/2378
f 2949/1513/2581 2946/1510/2581 2948/1512/2581
f 2927/1491/2381 2928/1492/2382 2950/1514/2381
f 2950/1514/2383 2928/1492/2383 2951/1515/2383
f 2950/1514/2384 2951/1515/2385 2952/1516/2386
f 2927/1491/2582 2953/1517/2582 2915/1479/2582
f 2927/1491/2388 2954/1518/2388 2953/1517/2388
f 2905/1467/2389 2955/1519/2389 2890/1452/2389
f 2796/1346/2390 2905/1467/2391 2890/1452/2391
f 2851/1409/2392 2864/1423/2392 2848/1406/2393
f 2848/1406/2394 2847/1405/2394 2851/1409/2394
f 2956/1520/2395 2957/1521/2395 2958/1522/2395
f 2900/1462/2396 2956/1520/2396 2958/1522/2396
f 2922/1486/2397 2924/1488/2397 2925/1489/2397
f 2925/1489/2398 2934/1498/2398 2922/1486/2398
f 2887/1449/2399 2889/1451/2399 2737/1262/2399
f 2806/1357/2400 2959/1523/2400 2853/1411/2400
f 2806/1357/2401 2853/1411/2401 2804/1355/2401
f 2960/1524/2583 2768/1313/2583 2961/1525/2583
f 2961/1525/2403 2768/1313/2403 2770/1315/2403
f 2888/1450/2404 2941/1505/2404 2889/1451/2404
f 2939/1503/2405 2941/1505/2405 2888/1450/2405
f 2866/1425/2406 2769/1314/2406 2962/1526/2406
f 2866/1425/2407 2962/1526/2407 2963/1527/2407
f 2926/1490/2408 2964/1528/2408 2965/1529/2408
f 2924/1488/2409 2964/1528/2409 2926/1490/2409
f 2966/1530/2410 2967/1531/2410 2968/1532/2410
f 2896/1458/2411 2899/1461/2411 2897/1459/2411
f 2900/1462/2412 2844/1402/2412 2956/1520/2412
f 2807/1358/2413 2844/1402/2413 2900/1462/2413
f 2969/1533/2414 2833/1391/2414 2944/1508/2414
f 2944/1508/2415 2970/1534/2416 2969/1533/2416
f 2788/1338/2584 2819/1370/2584 2706/1206/2584
f 2840/1398/2418 2842/1400/2418 2756/1298/2418
f 2790/1340/2419 2813/1364/2419 2811/1362/2419
f 2953/1517/2585 2920/1484/2585 2915/1479/2585
f 2920/1484/2586 2783/1330/2586 2915/1479/2586
f 2809/1360/2423 2808/1359/2423 2732/1239/2424
f 2732/1239/2424 2808/1359/2423 2810/1361/2425
f 2828/1386/2426 2971/1535/2426 2910/1472/2426
f 2839/1397/2427 2842/1400/2427 2841/1399/2427
f 2837/1395/2428 2839/1397/2428 2841/1399/2428
f 2972/1536/2429 2973/1537/2429 2974/1538/2429
f 2855/1413/2587 2852/1410/2587 2812/1363/2587
f 2734/1259/2588 2975/1539/2588 2887/1449/2588
f 2975/1539/2432 2888/1450/2432 2887/1449/2433
f 2780/1328/2589 2723/1226/2589 2845/1403/2589
f 2801/1352/2434 2884/1446/2434 2858/1417/2434
f 2858/1417/2435 2857/1416/2435 2801/1352/2435
f 2877/1436/2436 2892/1454/2436 2878/1437/2436
f 2892/1454/2437 2894/1456/2437 2878/1437/2437
f 2716/1221/2438 2761/1303/2438 2760/1302/2438
f 2760/1302/2439 2717/1222/2439 2716/1221/2439
f 2726/1233/2440 2976/1540/2441 2724/1231/2441
f 2977/1541/2442 2724/1231/2443 2976/1540/2444
f 2931/1495/2445 2977/1541/2442 2976/1540/2444
f 2938/1502/2590 2867/1426/2590 2869/1428/2448
f 2978/1542/2449 2867/1426/2449 2938/1502/2449
f 2895/1457/2591 2879/1438/2591 2878/1437/2591
f 2895/1457/2592 2942/1506/2592 2879/1438/2592
f 2963/1527/2452 2979/1543/2452 2866/1425/2452
f 2962/1526/2453 2980/1544/2453 2963/1527/2454
f 2979/1543/2455 2885/1447/2455 2866/1425/2455
f 2929/1493/2456 2931/1495/2456 2981/1545/2456
f 2981/1545/2457 2931/1495/2458 2976/1540/2459
f 2902/1464/2460 2903/1465/2460 2900/1462/2460
f 2976/1540/2461 2767/1310/2462 2981/1545/2463
f 2726/1233/2593 2767/1310/2465 2976/1540/2593
f 2804/1355/2594 2854/1412/2594 2803/1354/2594
f 2952/1516/2467 2951/1515/2468 2982/1546/2468
f 2983/1547/2469 2984/1548/2469 2985/1549/2469
f 2933/1497/2470 2930/1494/2470 2929/1493/2470
f 2834/1392/2471 2749/1288/2471 2832/1390/2471
f 2749/1288/2472 2795/1345/2472 2832/1390/2472
f 2741/1277/2473 2870/1429/2473 2742/1278/2473
f 2958/1522/2474 2986/1550/2474 2901/1463/2474
f 2958/1522/2475 2901/1463/2475 2900/1462/2475
f 2811/1362/2476 2812/1363/2476 2799/1350/2476
f 2812/1363/2477 2811/1362/2477 2813/1364/2477
f 2872/1431/2478 2893/1455/2479 2892/1454/2480
f 2936/1500/2481 2893/1455/2482 2872/1431/2481
f 2957/1521/2483 2986/1550/2483 2958/1522/2483
f 2957/1521/2484 2987/1551/2484 2986/1550/2484
f 2961/1525/2485 2886/1448/2485 2960/1524/2485
f 2770/1315/2595 2886/1448/2595 2961/1525/2595
f 2859/1418/2487 2836/1394/2487 2860/1419/2487
f 2913/1476/2488 2959/1523/2488 2806/1357/2488
f 2913/1476/2489 2921/1485/2489 2959/1523/2489
f 2758/1300/2490 2757/1299/2596 2719/1224/2596
f 2757/1299/2491 2720/1225/2491 2719/1224/2491
f 2763/1305/2492 2777/1322/2493 2776/1321/2597
f 2873/1432/2495 2978/1542/2496 2938/1502/2497
f 2873/1432/2498 2875/1434/2498 2978/1542/2498
f 2954/1518/2499 2927/1491/2499 2950/1514/2499
f 2952/1516/2598 2954/1518/2501 2950/1514/2502
f 2883/1445/2599 2988/1552/2504 2944/1508/2505
f 2944/1508/2505 2830/1388/2506 2883/1445/2599
f 2970/1534/2507 2944/1508/2507 2988/1552/2507
f 2982/1546/2508 2826/1383/2508 2825/1382/2508
f 2747/1286/2509 2820/1371/2509 2781/1329/2509
f 2832/1390/2510 2831/1389/2510 2834/1392/2510
f 2963/1527/2511 2980/1544/2511 2868/1427/2511
f 2931/1495/2512 2930/1494/2512 2977/1541/2512
f 2883/1445/2600 2830/1388/2600 2832/1390/2600
f 2739/1042/2601 2715/935/2601 2714/934/2601
f 2827/1384/2602 2906/1468/2602 2908/1470/2602
f 2825/1382/2603 2827/1384/2603 2908/1470/2603
f 2989/1553/2604 2907/1469/2604 2906/1468/2604
f 2814/1365/2605 2990/1554/2605 2916/1480/2605
usemtl wpn_p01_ar_mike4_cablesmall_v35.002
f 1072/1050/979 1073/1051/979 1074/1052/979
f 1075/1053/980 1076/1054/980 1077/1055/980
f 1078/1056/981 1079/1057/981 1080/1058/981
f 1081/1059/982 1082/1060/982 1083/1061/982
f 1084/1062/983 1085/1063/983 1086/1064/983
f 1087/1065/984 1088/1066/984 1089/1067/984
f 1090/1068/985 1091/1069/985 1088/1066/985
f 1092/1070/986 1093/1071/986 1094/1072/986
f 1095/1073/987 1096/1074/987 1097/1075/987
f 1095/1076/988 1097/1077/988 1098/1078/988
f 1096/1074/989 1073/1051/989 1097/1075/989
f 1096/1074/990 1074/1052/990 1073/1051/990
f 1099/1079/991 1100/1080/991 1101/1081/991
f 1102/1082/992 1103/1083/992 1104/1084/992
f 1104/1084/993 1105/1085/994 1102/1082/993
f 1103/1083/995 1102/1082/995 1106/1086/995
f 1107/1087/996 1108/1088/996 1109/1089/996
f 1110/1090/997 1108/1088/997 1111/1091/997
f 1112/1092/998 1113/1093/998 1114/1094/998
f 1112/1092/999 1115/1095/999 1113/1093/999
f 1116/1096/1000 1117/1097/1000 1118/1098/1000
f 1119/1099/1001 1116/1096/1001 1118/1098/1001
f 1120/1100/1002 1095/1076/1002 1098/1078/1002
f 1120/1100/1003 1098/1078/1003 1121/1101/1003
f 1122/1102/1004 1123/1103/1004 1124/1104/1004
f 1074/1052/1005 1125/1105/1005 1072/1050/1005
f 1072/1050/1006 1125/1105/1006 1126/1106/1006
f 1080/1058/1007 1127/1107/1007 1128/1108/1007
f 1128/1108/1008 1078/1056/1008 1080/1058/1008
f 1084/1109/1009 1129/1110/1009 1130/1111/1009
f 1131/1112/1010 1132/1113/1010 1133/1114/1010
f 1134/1115/1011 1131/1112/1011 1133/1114/1011
f 1135/1116/1012 1121/1101/1012 1136/1117/1012
f 1136/1117/1013 1137/1118/1014 1135/1116/1015
f 1121/1101/1016 1135/1116/1016 1120/1100/1016
f 1110/1090/1017 1079/1057/1017 1138/1119/1017
f 1078/1056/1018 1138/1119/1018 1079/1057/1018
f 1139/1120/1019 1140/1121/1019 1141/1122/1019
f 1142/1123/1020 1141/1122/1020 1140/1121/1020
f 1143/1124/1021 1140/1121/1021 1139/1120/1021
f 1139/1120/1022 1144/1125/1022 1143/1124/1022
f 1145/1126/1023 1146/1127/1023 1147/1128/1023
f 1145/1126/1024 1148/1129/1024 1146/1127/1024
f 1149/1130/1025 1150/1131/1025 1151/1132/1025
f 1150/1133/1026 1149/1134/1026 1152/1135/1026
f 1081/1059/1027 1083/1061/1027 1151/1132/1027
f 1081/1059/1028 1151/1132/1028 1150/1131/1028
f 1153/1136/1029 1154/1137/1029 1155/1138/1029
f 1155/1138/1030 1156/1139/1030 1153/1136/1030
f 1077/1055/1031 1156/1139/1031 1075/1053/1031
f 1075/1053/1032 1156/1139/1032 1155/1138/1032
f 1157/1140/1033 1158/1141/1033 1142/1123/1033
f 1157/1140/1034 1126/1106/1034 1158/1141/1034
f 1092/1142/1035 1159/1143/1035 1093/1144/1035
f 1083/1061/1036 1082/1060/1036 1147/1128/1036
f 1147/1128/1037 1082/1060/1037 1145/1126/1037
f 1160/1145/1038 1148/1129/1038 1161/1146/1038
f 1161/1146/1039 1154/1137/1039 1160/1145/1039
f 1162/1147/1040 1163/1148/1040 1129/1110/1040
f 1130/1111/1041 1129/1110/1041 1163/1148/1041
f 1099/1079/1042 1164/1149/1042 1165/1150/1042
f 1164/1151/1043 1132/1113/1043 1165/1152/1043
f 1104/1084/1044 1166/1153/1044 1105/1085/1044
f 1122/1102/1045 1124/1104/1045 1167/1154/1045
f 1167/1154/1046 1124/1104/1046 1168/1155/1046
f 1085/1063/1047 1137/1118/1047 1136/1117/1047
f 1100/1080/1048 1099/1079/1048 1169/1156/1048
f 1165/1150/1049 1169/1156/1049 1099/1079/1049
f 1170/1157/1050 1128/1108/1050 1127/1107/1050
f 1127/1107/1051 1171/1158/1051 1170/1157/1051
f 1089/1067/1052 1088/1066/1052 1091/1069/1052
f 1172/1159/1053 1090/1068/1053 1173/1160/1053
f 1166/1153/1054 1174/1161/1054 1175/1162/1054
f 1105/1085/1055 1166/1153/1055 1175/1162/1055
f 1107/1087/1056 1111/1091/1056 1108/1088/1056
f 1094/1072/1057 1176/1163/1057 1177/1164/1057
f 1168/1155/1058 1178/1165/1058 1167/1154/1058
f 1178/1165/1059 1168/1155/1059 1101/1081/1059
f 1180/1166/1060 1179/1167/1060 1181/1168/1060
f 1172/1159/1061 1182/1169/1061 1090/1068/1061
f 1182/1169/1062 1091/1069/1062 1090/1068/1062
usemtl wpn_p01_ar_mike4_cablesmall_v35.003
f 1183/1050/979 1184/1051/979 1185/1052/979
f 1186/1053/980 1187/1054/980 1188/1055/980
f 1189/1056/981 1190/1057/981 1191/1058/981
f 1192/1059/1063 1193/1060/1063 1194/1061/1063
f 1195/1062/1064 1196/1063/1064 1197/1064/1064
f 1198/1065/984 1199/1066/984 1200/1067/984
f 1201/1068/985 1202/1069/985 1199/1066/985
f 1203/1070/986 1204/1071/986 1205/1072/986
f 1206/1073/1065 1207/1074/1065 1208/1075/1065
f 1206/1076/988 1208/1077/988 1209/1078/988
f 1207/1074/1066 1184/1051/1066 1208/1075/1066
f 1207/1074/1067 1185/1052/1067 1184/1051/1067
f 1210/1079/1068 1211/1080/1068 1212/1081/1068
f 1213/1082/992 1214/1083/992 1215/1084/992
f 1215/1084/993 1216/1085/994 1213/1082/993
f 1214/1083/995 1213/1082/995 1217/1086/995
f 1218/1087/1069 1219/1088/1069 1220/1089/1069
f 1221/1090/1070 1219/1088/1070 1222/1091/1070
f 1223/1092/998 1224/1093/998 1225/1094/998
f 1223/1092/999 1226/1095/999 1224/1093/999
f 1227/1096/1000 1228/1097/1000 1229/1098/1000
f 1230/1099/1001 1227/1096/1001 1229/1098/1001
f 1231/1100/1002 1206/1076/1002 1209/1078/1002
f 1231/1100/1003 1209/1078/1003 1232/1101/1003
f 1233/1102/1004 1234/1103/1004 1235/1104/1004
f 1185/1052/1005 1236/1105/1005 1183/1050/1005
f 1183/1050/1006 1236/1105/1006 1237/1106/1006
f 1191/1058/1071 1238/1107/1071 1239/1108/1071
f 1239/1108/1008 1189/1056/1008 1191/1058/1008
f 1195/1109/1072 1240/1110/1072 1241/1111/1072
f 1242/1112/1010 1243/1113/1010 1244/1114/1010
f 1245/1115/1011 1242/1112/1011 1244/1114/1011
f 1246/1116/1012 1232/1101/1012 1247/1117/1012
f 1247/1117/1013 1248/1118/1014 1246/1116/1015
f 1232/1101/1016 1246/1116/1016 1231/1100/1016
f 1221/1090/1017 1190/1057/1017 1249/1119/1017
f 1189/1056/1018 1249/1119/1018 1190/1057/1018
f 1250/1120/1019 1251/1121/1019 1252/1122/1019
f 1253/1123/1020 1252/1122/1020 1251/1121/1020
f 1254/1124/1021 1251/1121/1021 1250/1120/1021
f 1250/1120/1022 1255/1125/1022 1254/1124/1022
f 1256/1126/1023 1257/1127/1023 1258/1128/1023
f 1256/1126/1024 1259/1129/1024 1257/1127/1024
f 1260/1130/1073 1261/1131/1073 1262/1132/1073
f 1261/1133/1026 1260/1134/1026 1263/1135/1026
f 1192/1059/1074 1194/1061/1074 1262/1132/1074
f 1192/1059/1075 1262/1132/1075 1261/1131/1075
f 1264/1136/1076 1265/1137/1076 1266/1138/1076
f 1266/1138/1030 1267/1139/1030 1264/1136/1030
f 1188/1055/1031 1267/1139/1031 1186/1053/1031
f 1186/1053/1032 1267/1139/1032 1266/1138/1032
f 1268/1140/1033 1269/1141/1033 1253/1123/1033
f 1268/1140/1034 1237/1106/1034 1269/1141/1034
f 1203/1142/1035 1270/1143/1035 1204/1144/1035
f 1194/1061/1036 1193/1060/1036 1258/1128/1036
f 1258/1128/1037 1193/1060/1037 1256/1126/1037
f 1271/1145/1038 1259/1129/1038 1272/1146/1038
f 1272/1146/1039 1265/1137/1039 1271/1145/1039
f 1273/1147/1040 1274/1148/1040 1240/1110/1040
f 1241/1111/1041 1240/1110/1041 1274/1148/1041
f 1210/1079/1077 1275/1149/1077 1276/1150/1077
f 1275/1151/1043 1243/1113/1043 1276/1152/1043
f 1215/1084/1044 1277/1153/1044 1216/1085/1044
f 1233/1102/1045 1235/1104/1045 1278/1154/1045
f 1278/1154/1046 1235/1104/1046 1279/1155/1046
f 1196/1063/1047 1248/1118/1047 1247/1117/1047
f 1211/1080/1078 1210/1079/1078 1280/1156/1078
f 1276/1150/1079 1280/1156/1079 1210/1079/1079
f 1281/1157/1050 1239/1108/1050 1238/1107/1050
f 1238/1107/1051 1282/1158/1051 1281/1157/1051
f 1200/1067/1080 1199/1066/1080 1202/1069/1080
f 1283/1159/1053 1201/1068/1053 1284/1160/1053
f 1277/1153/1054 1285/1161/1054 1286/1162/1054
f 1216/1085/1055 1277/1153/1055 1286/1162/1055
f 1218/1087/1081 1222/1091/1081 1219/1088/1081
f 1205/1072/1057 1287/1163/1057 1288/1164/1057
f 1279/1155/1082 1289/1165/1082 1278/1154/1082
f 1289/1165/1083 1279/1155/1083 1212/1081/1083
f 1291/1166/1060 1290/1167/1060 1292/1168/1060
f 1283/1159/1084 1293/1169/1084 1201/1068/1084
f 1293/1169/1062 1202/1069/1062 1201/1068/1062
usemtl xmaterial_aad706d141a16fd.006
f 1294/856/1085 1295/857/1085 1296/858/1085
f 1297/1170/1086 1298/1171/1086 1299/1172/1086
f 1300/1011/1087 1301/1046/1087 1302/1040/1087
f 1303/859/1088 1304/860/1088 1305/861/1088
f 1306/862/1089 1307/863/1089 1308/864/1089
f 1309/865/1090 1310/866/1090 1311/867/1090
f 1312/868/1091 1313/869/1091 1314/870/1091
f 1315/871/1092 1316/872/1093 1317/873/1094
f 1318/874/1095 1316/872/1093 1315/871/1092
f 1319/875/1096 1320/876/1096 1321/877/1096
f 1321/877/1097 1322/878/1097 1323/879/1097
f 1320/876/1098 1322/878/1099 1321/877/1100
f 1317/873/1101 1324/880/1101 1315/871/1101
f 1325/881/1102 1326/882/1102 1327/883/1102
f 1328/939/1103 1329/1017/1103 1330/1033/1103
f 1304/860/1104 1331/884/1104 1332/885/1104
f 1333/1173/1105 1334/1174/1105 1335/1175/1105
f 1336/1176/1106 1337/1177/1107 1338/1178/1108
f 1337/1177/1107 1339/1179/1109 1338/1178/1108
f 1340/1180/1110 1341/1181/1110 1342/1182/1110
f 1342/1182/1111 1341/1181/1112 1343/1183/1113
f 1344/1184/1114 1345/1185/1115 1346/1186/1116
f 1347/1187/1117 1344/1184/1114 1346/1186/1116
f 1295/857/1118 1348/886/1118 1296/858/1118
f 1349/887/1119 1350/888/1119 1351/889/1119
f 1352/890/1120 1353/891/1120 1354/892/1120
f 1355/893/1121 1356/894/1121 1357/895/1121
f 1358/896/1122 1359/897/1122 1360/898/1122
f 1354/892/1123 1353/891/1123 1361/899/1123
f 1354/892/1124 1362/900/1125 1352/890/1125
f 1363/901/1126 1364/902/1126 1365/903/1126
f 1366/904/1127 1367/905/1128 1368/906/1129
f 1366/904/1127 1369/907/1130 1367/905/1128
f 1363/901/1131 1370/908/1131 1371/909/1131
f 1372/910/1132 1373/911/1132 1374/912/1132
f 1375/1188/1133 1376/1189/1133 1377/1190/1133
f 1378/1191/1134 1379/1192/1134 1380/1193/1134
f 1381/1194/1135 1379/1192/1135 1378/1191/1135
f 1382/913/1136 1383/914/1136 1384/915/1136
f 1310/866/1137 1382/913/1137 1311/867/1137
f 1385/916/1138 1386/917/1138 1387/918/1138
f 1388/919/1139 1389/920/1139 1390/921/1139
f 1391/1195/1140 1392/1196/1140 1393/1197/1140
f 1394/922/1141 1395/923/1141 1396/924/1141
f 1397/925/1142 1398/926/1142 1399/927/1142
f 1400/1198/1143 1381/1194/1143 1297/1170/1143
f 1401/1199/1144 1402/1200/1144 1403/1201/1144
f 1404/928/1145 1329/1017/1145 1405/929/1145
f 1331/884/1146 1404/928/1146 1405/929/1146
f 1406/1202/1147 1407/1203/1147 1408/1204/1147
f 1409/1205/1148 1410/1206/1148 1411/1207/1148
f 1412/930/1149 1413/931/1149 1414/932/1149
f 1413/931/1150 1415/933/1150 1414/932/1150
f 1416/1208/1151 1417/1209/1151 1418/1210/1151
f 1419/1211/1152 1420/1212/1153 1421/1213/1154
f 1416/1208/1155 1420/1212/1153 1419/1211/1152
f 1336/1176/1156 1422/1214/1156 1337/1177/1156
f 1423/1215/1157 1424/1216/1157 1425/1217/1157
f 1318/874/1158 1426/934/1158 1427/935/1158
f 1428/936/1159 1429/937/1159 1430/938/1159
f 1328/939/1160 1430/938/1160 1325/881/1160
f 1431/1218/1161 1423/1215/1161 1425/1217/1161
f 1431/1218/1162 1432/1219/1162 1433/1220/1162
f 1434/940/1163 1351/889/1163 1350/888/1163
f 1414/932/1164 1415/933/1164 1434/940/1164
f 1435/1221/1165 1436/1222/1165 1437/1223/1165
f 1438/1224/1166 1439/1225/1166 1407/1203/1167
f 1440/1031/1168 1441/1030/1168 1442/1226/1168
f 1443/1227/1169 1444/1228/1169 1445/1229/1169
f 1377/1190/1170 1446/1230/1170 1445/1229/1170
f 1296/858/1171 1348/886/1171 1447/941/1171
f 1357/895/1172 1356/894/1172 1448/1025/1172
f 1372/910/1173 1449/942/1173 1373/911/1173
f 1450/1231/1174 1451/1232/1174 1452/1233/1174
f 1453/1234/1175 1454/1235/1175 1455/1236/1175
f 1456/943/1176 1457/944/1176 1458/945/1176
f 1459/946/1177 1460/947/1177 1461/948/1177
f 1294/856/1178 1305/861/1178 1462/949/1178
f 1463/950/1179 1305/861/1179 1294/856/1179
f 1332/885/1180 1307/863/1180 1306/862/1180
f 1464/951/1181 1327/883/1182 1405/929/1183
f 1327/883/1182 1307/863/1184 1405/929/1183
f 1465/1237/1185 1466/1238/1185 1467/1239/1185
f 1468/1240/1186 1469/1241/1186 1446/1242/1186
f 1470/1243/1187 1471/1244/1187 1472/1245/1187
f 1473/952/1188 1474/953/1188 1475/954/1188
f 1474/953/1189 1476/955/1189 1477/956/1189
f 1478/1246/1190 1479/1247/1190 1480/1248/1190
f 1481/1249/1191 1482/1250/1191 1483/1251/1191
f 1484/1252/1192 1485/1253/1192 1486/1254/1192
f 1487/1255/1193 1488/1256/1193 1489/1257/1193
f 1490/1258/1194 1491/1259/1194 1492/1260/1194
f 1493/1261/1195 1494/1262/1195 1495/1263/1195
f 1333/1173/1196 1335/1175/1196 1496/1264/1196
f 1497/1265/1197 1422/1214/1197 1336/1176/1197
f 1399/927/1198 1498/957/1198 1499/958/1198
f 1302/1040/1199 1301/1046/1199 1387/918/1199
f 1500/1043/1200 1385/916/1200 1387/918/1200
f 1319/875/1201 1501/1042/1201 1320/876/1201
f 1471/1244/1202 1502/1266/1202 1472/1245/1202
f 1423/1215/1203 1503/1267/1203 1424/1216/1203
f 1504/1268/1204 1422/1214/1204 1497/1265/1204
f 1431/1218/1205 1425/1217/1205 1505/1269/1205
f 1364/959/1206 1506/960/1206 1386/917/1206
f 1389/920/1207 1507/961/1207 1508/962/1207
f 1509/963/1208 1510/964/1208 1511/965/1208
f 1509/963/1209 1388/919/1209 1390/921/1209
f 1512/966/1210 1513/967/1210 1514/968/1210
f 1512/969/1211 1514/970/1211 1515/971/1211
f 1516/1270/1212 1517/1271/1212 1518/1272/1212
f 1518/1272/1213 1519/1273/1213 1520/1274/1213
f 1299/1172/1214 1521/1275/1215 1297/1170/1216
f 1521/1275/1215 1299/1172/1214 1334/1174/1217
f 1401/1199/1218 1400/1198/1218 1402/1200/1218
f 1522/1276/1219 1523/1277/1219 1524/1278/1219
f 1479/1247/1220 1525/1279/1220 1526/1280/1220
f 1527/1281/1221 1489/1257/1221 1488/1256/1221
f 1528/1282/1222 1529/1283/1223 1530/1284/1224
f 1531/1285/1225 1528/1282/1222 1530/1284/1224
f 1531/1285/1226 1532/1286/1227 1528/1282/1228
f 1533/1287/1229 1534/1288/1229 1535/1289/1229
f 1380/1193/1230 1536/1290/1230 1537/1291/1230
f 1444/1228/1231 1538/1292/1231 1375/1188/1231
f 1452/1233/1232 1451/1232/1232 1539/1293/1232
f 1454/1235/1233 1540/1294/1233 1455/1236/1233
f 1369/907/1234 1541/972/1234 1314/870/1234
f 1309/865/1235 1311/867/1235 1314/870/1235
f 1542/973/1236 1543/974/1236 1360/898/1236
f 1430/938/1237 1326/882/1237 1325/881/1237
f 1513/967/1238 1313/975/1238 1326/882/1238
f 1366/904/1239 1541/972/1239 1369/907/1239
f 1321/877/1240 1316/872/1240 1319/875/1240
f 1427/935/1241 1501/1042/1241 1544/1028/1241
f 1545/1295/1242 1546/1296/1242 1547/1297/1242
f 1547/1297/1243 1548/1298/1243 1545/1295/1243
f 1549/976/1244 1550/977/1245 1368/906/1246
f 1550/977/1245 1549/976/1244 1551/978/1247
f 1551/978/1248 1552/979/1248 1550/977/1248
f 1368/906/1249 1367/905/1250 1384/915/1251
f 1549/976/1252 1368/906/1249 1384/915/1251
f 1553/1299/1253 1554/1300/1253 1555/1301/1253
f 1553/1299/1254 1555/1301/1255 1556/1302/1256
f 1556/1302/1256 1555/1301/1255 1436/1222/1257
f 1435/1221/1258 1437/1223/1258 1557/1303/1258
f 1556/1302/1259 1439/1225/1259 1553/1299/1259
f 1455/1236/1260 1540/1294/1260 1558/1304/1260
f 1559/1305/1261 1560/1306/1261 1561/1307/1261
f 1562/1047/1262 1551/978/1262 1563/1041/1262
f 1564/1027/1263 1565/1048/1263 1566/1037/1263
f 1483/1251/1264 1482/1250/1264 1489/1257/1264
f 1482/1250/1265 1567/1308/1265 1485/1253/1265
f 1568/980/1266 1552/981/1266 1569/982/1266
f 1570/983/1267 1569/982/1267 1571/984/1267
f 1339/1179/1268 1401/1199/1268 1403/1201/1268
f 1572/1309/1269 1573/1310/1269 1452/1233/1269
f 1572/1309/1270 1452/1233/1270 1539/1293/1270
f 1574/1311/1271 1346/1186/1271 1343/1183/1271
f 1518/1272/1272 1520/1274/1273 1516/1270/1274
f 1340/1180/1275 1342/1182/1275 1575/1312/1275
f 1576/1313/1276 1577/1314/1276 1578/1315/1276
f 1443/1227/1277 1298/1171/1277 1297/1170/1277
f 1380/1193/1278 1537/1291/1278 1378/1191/1278
f 1579/1316/1279 1580/1317/1279 1581/1318/1279
f 1579/1316/1280 1582/1319/1280 1583/1320/1280
f 1455/1236/1281 1584/1321/1281 1453/1234/1281
f 1418/1210/1282 1585/1322/1283 1559/1305/1282
f 1363/901/1284 1371/909/1284 1586/985/1284
f 1371/909/1285 1374/912/1285 1586/985/1285
f 1352/890/1286 1362/900/1287 1355/893/1288
f 1362/900/1287 1356/894/1289 1355/893/1288
f 1358/896/1290 1587/986/1290 1460/947/1290
f 1588/987/1291 1589/988/1291 1543/974/1291
f 1590/1323/1292 1591/1324/1292 1592/1325/1292
f 1591/1324/1293 1574/1311/1293 1592/1325/1293
f 1593/1326/1294 1421/1213/1294 1594/1327/1294
f 1419/1211/1295 1421/1213/1295 1593/1326/1295
f 1440/1031/1296 1442/1226/1297 1595/1328/1298
f 1596/1329/1299 1597/1029/1299 1595/1328/1299
f 1598/1330/1300 1599/1331/1300 1600/1332/1300
f 1571/984/1301 1601/991/1301 1602/989/1301
f 1570/983/1302 1571/984/1302 1602/989/1302
f 1603/990/1303 1315/871/1303 1324/880/1303
f 1601/991/1304 1604/992/1304 1605/993/1304
f 1476/955/1305 1474/953/1305 1473/952/1305
f 1511/965/1306 1606/994/1306 1476/955/1306
f 1486/1254/1307 1485/1253/1307 1607/1333/1307
f 1590/1323/1308 1607/1333/1308 1591/1324/1308
f 1480/1248/1309 1479/1247/1309 1526/1280/1309
f 1608/1334/1310 1609/1335/1310 1480/1248/1310
f 1610/1336/1311 1611/1337/1311 1612/1338/1311
f 1409/1205/1312 1408/1204/1313 1612/1338/1314
f 1612/1338/1314 1408/1204/1313 1610/1336/1315
f 1515/971/1316 1514/970/1316 1309/865/1316
f 1613/1339/1317 1614/1340/1317 1615/1341/1317
f 1616/1342/1318 1613/1339/1318 1617/1343/1318
f 1445/1229/1319 1298/1171/1319 1443/1227/1319
f 1618/1344/1320 1619/1345/1320 1533/1287/1320
f 1528/1282/1321 1618/1344/1321 1529/1283/1321
f 1620/995/1322 1364/959/1322 1386/917/1322
f 1620/996/1323 1365/903/1323 1364/902/1323
f 1542/973/1324 1588/987/1324 1543/974/1324
f 1542/973/1325 1621/997/1325 1588/987/1325
f 1305/861/1326 1304/860/1326 1462/949/1326
f 1306/862/1327 1308/864/1327 1412/930/1327
f 1622/1346/1328 1465/1237/1328 1467/1239/1329
f 1622/1346/1330 1623/1347/1330 1465/1237/1330
f 1399/927/1331 1398/926/1331 1624/998/1331
f 1624/998/1332 1625/999/1332 1477/956/1332
f 1609/1335/1333 1608/1334/1333 1519/1273/1333
f 1626/1348/1334 1519/1273/1334 1518/1272/1334
f 1593/1326/1335 1417/1209/1335 1419/1211/1335
f 1593/1326/1336 1627/1349/1336 1417/1209/1336
f 1565/1049/1337 1552/979/1337 1551/978/1337
f 1550/977/1338 1628/1000/1338 1629/1001/1338
f 1358/896/1339 1460/947/1339 1359/897/1339
f 1460/947/1340 1459/946/1340 1359/897/1340
f 1433/1220/1341 1432/1219/1341 1470/1243/1341
f 1470/1243/1342 1469/1241/1342 1468/1240/1342
f 1615/1341/1343 1630/1350/1343 1631/1351/1343
f 1617/1343/1344 1631/1351/1345 1616/1342/1346
f 1631/1351/1345 1617/1343/1344 1615/1341/1347
f 1632/1352/1348 1633/1353/1349 1634/1354/1348
f 1635/1355/1350 1636/1356/1350 1637/1357/1350
f 1638/1358/1351 1639/1359/1351 1640/1360/1351
f 1467/1239/1352 1641/1361/1352 1622/1346/1352
f 1615/1341/1353 1614/1340/1353 1642/1362/1353
f 1643/1363/1354 1644/1364/1355 1645/1365/1355
f 1646/1366/1356 1647/1367/1356 1648/1368/1356
f 1391/1195/1357 1393/1197/1357 1648/1368/1357
f 1649/1002/1358 1568/980/1358 1602/989/1358
f 1568/980/1359 1649/1002/1359 1628/1003/1359
f 1650/1369/1360 1651/1370/1361 1612/1338/1360
f 1612/1338/1362 1410/1206/1363 1409/1205/1364
f 1652/1371/1365 1532/1286/1365 1531/1285/1365
f 1596/1329/1366 1595/1328/1366 1532/1286/1366
f 1518/1272/1367 1517/1271/1367 1626/1348/1367
f 1517/1271/1368 1653/1372/1368 1626/1348/1368
f 1654/1004/1369 1366/904/1369 1368/906/1369
f 1368/906/1370 1550/977/1370 1654/1004/1370
f 1561/1307/1371 1655/1373/1371 1559/1305/1371
f 1561/1307/1372 1416/1208/1373 1655/1373/1374
f 1420/1212/1375 1416/1208/1373 1561/1307/1372
f 1376/1374/1376 1375/1375/1376 1468/1240/1376
f 1471/1244/1377 1470/1243/1377 1468/1240/1377
f 1656/1005/1378 1499/958/1378 1657/1006/1378
f 1449/942/1379 1372/910/1379 1658/1007/1379
f 1449/1020/1380 1621/997/1380 1659/1021/1380
f 1493/1261/1381 1616/1342/1381 1490/1258/1381
f 1616/1342/1382 1631/1351/1382 1490/1258/1382
f 1303/859/1383 1331/884/1383 1304/860/1383
f 1424/1216/1384 1337/1177/1384 1422/1214/1384
f 1605/993/1385 1660/1008/1385 1649/1002/1385
f 1604/992/1386 1660/1008/1386 1605/993/1386
f 1661/1376/1387 1392/1196/1387 1391/1195/1387
f 1662/1377/1388 1663/1378/1388 1661/1376/1388
f 1664/1009/1389 1624/998/1389 1477/956/1389
f 1476/955/1390 1664/1009/1390 1477/956/1390
f 1339/1179/1391 1665/1379/1391 1401/1199/1391
f 1665/1379/1392 1379/1192/1392 1401/1199/1392
f 1575/1312/1393 1342/1182/1393 1345/1185/1393
f 1520/1380/1273 1575/1312/1394 1516/1381/1274
f 1428/936/1395 1666/1044/1395 1429/937/1395
f 1330/1033/1396 1666/1044/1396 1328/939/1396
f 1667/1010/1397 1300/1011/1397 1475/954/1397
f 1496/1264/1398 1335/1175/1398 1497/1265/1398
f 1434/940/1399 1415/933/1399 1351/889/1399
f 1668/1382/1400 1669/1383/1400 1670/1384/1400
f 1346/1186/1401 1574/1311/1401 1347/1187/1401
f 1671/1385/1402 1347/1187/1402 1574/1311/1402
f 1648/1368/1403 1582/1319/1403 1646/1366/1403
f 1582/1319/1404 1579/1316/1404 1646/1366/1404
f 1411/1207/1405 1555/1301/1405 1554/1300/1405
f 1406/1202/1406 1411/1207/1406 1554/1300/1406
f 1445/1229/1407 1444/1228/1407 1377/1190/1407
f 1377/1190/1408 1444/1228/1408 1375/1188/1408
f 1672/1386/1409 1673/1387/1409 1522/1276/1409
f 1673/1387/1410 1523/1277/1410 1522/1276/1410
f 1674/1012/1411 1675/1013/1411 1676/1014/1411
f 1461/948/1412 1677/1015/1412 1678/1016/1412
f 1679/1388/1413 1680/1389/1413 1681/1390/1413
f 1682/1391/1414 1680/1389/1415 1679/1388/1416
f 1535/1289/1417 1534/1288/1417 1683/1392/1417
f 1684/1393/1418 1685/1394/1418 1686/1395/1418
f 1686/1395/1419 1687/1396/1419 1688/1397/1419
f 1423/1215/1420 1472/1245/1420 1503/1267/1420
f 1472/1245/1421 1433/1220/1422 1470/1243/1423
f 1433/1220/1422 1472/1245/1421 1423/1215/1424
f 1433/1220/1425 1423/1215/1425 1431/1218/1425
f 1543/974/1426 1589/988/1426 1358/896/1426
f 1360/898/1427 1543/974/1427 1358/896/1427
f 1548/1298/1428 1547/1297/1428 1689/1398/1428
f 1690/1399/1429 1691/1400/1429 1689/1398/1429
f 1640/1360/1430 1466/1238/1431 1638/1358/1432
f 1466/1238/1431 1692/1401/1433 1638/1358/1432
f 1467/1239/1434 1466/1238/1431 1640/1360/1430
f 1692/1401/1435 1693/1402/1435 1638/1358/1435
f 1495/1263/1436 1613/1339/1436 1616/1342/1436
f 1493/1261/1437 1495/1263/1437 1616/1342/1437
f 1595/1328/1438 1694/1403/1438 1532/1286/1439
f 1532/1286/1440 1694/1403/1441 1695/1404/1442
f 1394/922/1443 1396/924/1443 1624/998/1443
f 1624/998/1444 1664/1009/1444 1394/922/1444
f 1594/1327/1445 1696/1405/1446 1697/1406/1447
f 1698/1407/1448 1594/1327/1445 1697/1406/1447
f 1696/1405/1449 1699/1408/1449 1700/1409/1449
f 1642/1362/1450 1630/1350/1450 1615/1341/1450
f 1643/1363/1451 1701/1410/1451 1630/1350/1451
f 1316/872/1452 1318/874/1452 1427/935/1452
f 1427/935/1453 1319/875/1453 1316/872/1453
f 1328/939/1454 1325/881/1454 1329/1017/1454
f 1325/881/1455 1327/883/1455 1464/951/1455
f 1702/1411/1456 1703/1412/1456 1635/1355/1456
f 1634/1354/1457 1703/1412/1457 1632/1352/1457
f 1559/1305/1458 1584/1321/1458 1455/1236/1458
f 1559/1305/1459 1455/1236/1460 1558/1304/1461
f 1558/1304/1461 1560/1306/1462 1559/1305/1459
f 1361/899/1463 1353/891/1463 1620/996/1463
f 1645/1365/1464 1704/1413/1464 1643/1363/1465
f 1552/979/1466 1628/1000/1466 1550/977/1466
f 1568/980/1467 1628/1003/1467 1552/981/1467
f 1705/1018/1468 1706/1019/1468 1542/973/1468
f 1706/1019/1469 1449/1020/1469 1659/1021/1469
f 1482/1250/1470 1485/1253/1470 1707/1414/1470
f 1707/1414/1471 1485/1253/1471 1484/1252/1471
f 1708/1415/1472 1709/1416/1472 1710/1417/1472
f 1632/1352/1473 1709/1416/1473 1633/1353/1473
f 1395/923/1474 1498/957/1474 1399/927/1474
f 1359/897/1475 1456/943/1475 1458/945/1475
f 1323/879/1476 1322/878/1476 1711/1022/1476
f 1711/1022/1477 1601/991/1477 1324/880/1477
f 1686/1395/1478 1685/1394/1478 1712/1418/1478
f 1713/1419/1479 1714/1420/1479 1712/1418/1479
f 1715/1421/1480 1583/1320/1480 1716/1422/1480
f 1579/1316/1481 1583/1320/1481 1715/1421/1481
f 1697/1406/1482 1717/1423/1482 1627/1349/1482
f 1718/1424/1483 1717/1423/1483 1700/1409/1483
f 1388/919/1484 1302/1040/1484 1507/961/1484
f 1507/961/1485 1389/920/1485 1388/919/1485
f 1719/1425/1486 1578/1315/1487 1577/1314/1486
f 1480/1248/1488 1653/1372/1488 1478/1246/1488
f 1626/1348/1489 1653/1372/1489 1480/1248/1489
f 1720/1426/1490 1721/1427/1490 1722/1428/1490
f 1723/1429/1491 1523/1277/1491 1724/1430/1491
f 1723/1429/1492 1724/1430/1492 1725/1431/1492
f 1726/1432/1493 1727/1433/1493 1728/1434/1493
f 1414/932/1494 1434/940/1494 1294/856/1494
f 1414/932/1495 1294/856/1495 1462/949/1495
f 1349/887/1496 1729/1023/1496 1350/888/1496
f 1350/888/1497 1348/886/1497 1295/857/1497
f 1730/1435/1498 1731/1436/1498 1732/1437/1498
f 1730/1435/1499 1732/1437/1499 1733/1438/1499
f 1406/1202/1500 1554/1300/1501 1407/1203/1500
f 1407/1203/1502 1554/1300/1503 1438/1224/1504
f 1547/1297/1505 1734/1439/1505 1735/1440/1505
f 1735/1440/1506 1736/1441/1506 1547/1297/1506
f 1676/1014/1507 1456/943/1507 1461/948/1507
f 1676/1014/1508 1461/948/1508 1678/1016/1508
f 1486/1254/1509 1737/1442/1509 1484/1252/1509
f 1738/1443/1510 1737/1442/1511 1590/1323/1512
f 1592/1325/1513 1738/1443/1510 1590/1323/1512
f 1447/941/1514 1348/886/1514 1349/887/1514
f 1574/1311/1515 1739/1444/1515 1592/1325/1515
f 1341/1181/1516 1739/1444/1516 1574/1311/1516
f 1533/1287/1517 1619/1345/1517 1534/1288/1518
f 1681/1390/1519 1619/1345/1519 1740/1445/1519
f 1405/929/1520 1307/863/1520 1332/885/1520
f 1331/884/1521 1405/929/1521 1332/885/1521
f 1574/1311/1522 1591/1324/1522 1671/1385/1522
f 1607/1333/1523 1671/1385/1523 1591/1324/1523
f 1419/1211/1524 1417/1209/1524 1416/1208/1524
f 1710/1417/1525 1741/1446/1525 1708/1415/1525
f 1632/1352/1526 1703/1412/1526 1741/1446/1526
f 1509/963/1527 1473/952/1527 1475/954/1527
f 1509/963/1528 1302/1040/1528 1388/919/1528
f 1429/937/1529 1666/1044/1529 1742/1038/1529
f 1743/1024/1530 1309/865/1530 1514/970/1530
f 1424/1216/1531 1422/1214/1531 1425/1217/1531
f 1422/1214/1532 1505/1269/1532 1425/1217/1532
f 1483/1251/1533 1489/1257/1533 1527/1281/1533
f 1478/1246/1534 1483/1251/1534 1479/1247/1534
f 1744/1447/1535 1578/1315/1535 1719/1425/1535
f 1578/1315/1536 1744/1447/1537 1745/1448/1538
f 1746/1449/1539 1494/1262/1539 1492/1260/1539
f 1747/1450/1540 1748/1451/1540 1746/1449/1540
f 1608/1334/1541 1480/1248/1541 1526/1280/1541
f 1749/1452/1542 1623/1347/1542 1622/1346/1542
f 1546/1296/1543 1734/1439/1543 1547/1297/1543
f 1734/1439/1544 1546/1296/1544 1750/1453/1544
f 1751/1454/1545 1752/1455/1545 1753/1456/1545
f 1732/1437/1546 1753/1456/1546 1754/1457/1546
f 1755/1458/1547 1756/1459/1548 1757/1460/1547
f 1758/1461/1549 1650/1369/1549 1756/1459/1550
f 1594/1327/1551 1698/1407/1551 1593/1326/1551
f 1759/1462/1552 1760/1463/1552 1761/1464/1552
f 1762/1465/1553 1638/1358/1553 1759/1462/1553
f 1757/1460/1554 1756/1459/1554 1611/1337/1554
f 1611/1337/1555 1610/1336/1555 1757/1460/1555
f 1763/1466/1556 1764/1467/1556 1622/1346/1556
f 1641/1361/1557 1763/1466/1557 1622/1346/1557
f 1765/1468/1558 1766/1469/1558 1767/1470/1558
f 1768/1471/1559 1687/1396/1560 1712/1418/1559
f 1712/1418/1561 1687/1396/1561 1686/1395/1561
f 1559/1305/1562 1655/1373/1562 1418/1210/1562
f 1416/1208/1563 1418/1210/1563 1655/1373/1563
f 1672/1386/1564 1769/1472/1564 1673/1387/1564
f 1673/1387/1565 1769/1472/1565 1770/1473/1565
f 1314/870/1566 1541/972/1566 1312/868/1566
f 1370/908/1567 1353/891/1567 1352/890/1567
f 1353/891/1568 1365/903/1568 1620/996/1568
f 1375/1375/1569 1771/1474/1569 1468/1240/1569
f 1378/1191/1570 1297/1170/1570 1381/1194/1570
f 1537/1291/1571 1297/1170/1571 1378/1191/1571
f 1637/1357/1572 1772/1475/1573 1773/1476/1574
f 1637/1357/1575 1636/1356/1575 1772/1475/1576
f 1505/1269/1577 1774/1477/1577 1431/1218/1577
f 1774/1477/1578 1432/1219/1578 1431/1218/1578
f 1557/1303/1579 1439/1225/1579 1556/1302/1579
f 1453/1234/1580 1572/1309/1580 1454/1235/1580
f 1539/1293/1581 1451/1232/1581 1540/1294/1581
f 1600/1332/1582 1775/1478/1582 1776/1479/1582
f 1776/1479/1583 1598/1330/1583 1600/1332/1583
f 1777/1480/1584 1704/1413/1584 1645/1365/1584
f 1571/984/1585 1603/990/1585 1601/991/1585
f 1324/880/1586 1601/991/1586 1603/990/1586
f 1661/1376/1587 1647/1367/1588 1778/1481/1589
f 1661/1376/1590 1778/1481/1590 1662/1377/1590
f 1650/1369/1591 1611/1337/1591 1756/1459/1591
f 1611/1337/1592 1650/1369/1592 1612/1338/1592
f 1768/1471/1593 1712/1418/1593 1714/1420/1593
f 1768/1471/1594 1714/1420/1594 1779/1482/1594
f 1496/1264/1595 1336/1176/1595 1338/1178/1595
f 1496/1264/1596 1497/1265/1596 1336/1176/1596
f 1736/1441/1597 1690/1399/1598 1689/1398/1599
f 1684/1393/1600 1690/1399/1598 1736/1441/1597
f 1736/1441/1601 1689/1398/1601 1547/1297/1601
f 1545/1295/1602 1750/1453/1602 1546/1296/1602
f 1294/856/1603 1434/940/1603 1295/857/1603
f 1434/940/1604 1350/888/1604 1295/857/1604
f 1533/1287/1605 1529/1283/1605 1618/1344/1605
f 1529/1283/1606 1533/1287/1607 1535/1289/1608
f 1529/1283/1606 1535/1289/1608 1530/1284/1609
f 1448/1025/1610 1658/1007/1610 1372/910/1610
f 1695/1404/1611 1528/1282/1611 1532/1286/1611
f 1695/1404/1612 1618/1344/1612 1528/1282/1612
f 1432/1219/1613 1469/1241/1613 1470/1243/1613
f 1374/912/1614 1373/911/1614 1586/985/1614
f 1367/905/1615 1382/913/1615 1384/915/1615
f 1382/913/1616 1367/905/1616 1369/907/1616
f 1513/967/1617 1326/882/1617 1430/938/1617
f 1514/968/1618 1513/967/1618 1430/938/1618
f 1385/916/1619 1620/995/1619 1386/917/1619
f 1361/1026/1620 1620/995/1620 1385/916/1620
f 1661/1376/1621 1663/1378/1621 1392/1196/1621
f 1296/858/1622 1463/950/1622 1294/856/1622
f 1780/1483/1623 1639/1359/1623 1638/1358/1623
f 1638/1358/1624 1762/1465/1624 1780/1483/1624
f 1406/1202/1625 1408/1204/1625 1409/1205/1625
f 1409/1205/1626 1411/1207/1627 1406/1202/1627
f 1715/1421/1628 1580/1317/1628 1579/1316/1628
f 1580/1317/1629 1715/1421/1629 1716/1422/1629
f 1598/1330/1630 1781/1484/1630 1782/1485/1630
f 1598/1330/1631 1782/1485/1631 1773/1476/1631
f 1579/1316/1632 1581/1318/1632 1646/1366/1632
f 1520/1380/1633 1340/1180/1633 1575/1312/1633
f 1472/1245/1634 1502/1266/1634 1503/1267/1634
f 1346/1186/1635 1342/1182/1635 1343/1183/1635
f 1342/1182/1636 1346/1186/1636 1345/1185/1636
f 1783/1486/1637 1784/1487/1637 1785/1488/1637
f 1786/1489/1638 1785/1488/1638 1787/1490/1638
f 1359/897/1639 1459/946/1639 1456/943/1639
f 1461/948/1640 1456/943/1640 1459/946/1640
f 1776/1479/1641 1775/1478/1641 1788/1491/1641
f 1775/1478/1642 1789/1492/1642 1788/1491/1642
f 1773/1476/1643 1599/1331/1643 1598/1330/1643
f 1772/1475/1644 1599/1331/1644 1773/1476/1644
f 1509/963/1645 1511/965/1645 1473/952/1645
f 1473/952/1646 1511/965/1646 1476/955/1646
f 1790/1493/1647 1791/1494/1647 1792/1495/1647
f 1790/1493/1648 1793/1496/1648 1794/1497/1648
f 1306/862/1649 1304/860/1649 1332/885/1649
f 1306/862/1650 1462/949/1650 1304/860/1650
f 1690/1399/1651 1684/1393/1651 1686/1395/1651
f 1491/1259/1652 1746/1449/1652 1492/1260/1652
f 1357/895/1653 1374/912/1653 1355/893/1653
f 1371/909/1654 1355/893/1654 1374/912/1654
f 1370/908/1655 1352/890/1655 1371/909/1655
f 1355/893/1656 1371/909/1656 1352/890/1656
f 1499/958/1657 1656/1005/1657 1397/925/1657
f 1397/925/1658 1399/927/1658 1499/958/1658
f 1527/1281/1659 1525/1279/1659 1479/1247/1659
f 1479/1247/1660 1483/1251/1660 1527/1281/1660
f 1784/1487/1661 1795/1498/1661 1796/1499/1661
f 1783/1486/1662 1795/1498/1662 1784/1487/1662
f 1552/981/1663 1564/1027/1663 1569/982/1663
f 1564/1027/1664 1552/981/1664 1565/1048/1664
f 1648/1368/1665 1393/1197/1665 1582/1319/1665
f 1496/1264/1666 1338/1178/1666 1333/1173/1666
f 1338/1178/1667 1339/1179/1667 1403/1201/1667
f 1731/1436/1668 1725/1431/1669 1751/1454/1668
f 1515/971/1670 1314/870/1670 1512/969/1670
f 1314/870/1671 1515/971/1671 1309/865/1671
f 1797/1500/1672 1724/1430/1672 1523/1277/1672
f 1724/1430/1673 1797/1500/1673 1725/1431/1673
f 1677/1015/1674 1675/1013/1674 1674/1012/1674
f 1345/1185/1675 1516/1381/1675 1575/1312/1675
f 1793/1496/1676 1798/1501/1676 1794/1497/1676
f 1799/1502/1677 1722/1428/1677 1727/1433/1677
f 1799/1502/1678 1727/1433/1679 1726/1432/1680
f 1508/962/1681 1506/960/1681 1389/920/1681
f 1523/1277/1682 1770/1473/1682 1797/1500/1682
f 1673/1387/1683 1770/1473/1683 1523/1277/1683
f 1380/1193/1684 1538/1292/1684 1536/1290/1684
f 1617/1343/1685 1613/1339/1685 1615/1341/1685
f 1311/867/1686 1369/907/1686 1314/870/1686
f 1369/907/1687 1311/867/1687 1382/913/1687
f 1544/1028/1688 1319/875/1688 1427/935/1688
f 1544/1028/1689 1501/1042/1689 1319/875/1689
f 1597/1029/1690 1440/1031/1690 1595/1328/1690
f 1597/1029/1691 1441/1030/1691 1440/1031/1691
f 1483/1251/1692 1478/1246/1692 1481/1249/1692
f 1386/917/1693 1506/960/1693 1508/962/1693
f 1387/918/1694 1386/917/1694 1508/962/1694
f 1492/1260/1695 1493/1261/1695 1490/1258/1695
f 1494/1262/1696 1493/1261/1697 1492/1260/1696
f 1800/1032/1698 1330/1033/1698 1404/928/1698
f 1329/1017/1699 1404/928/1699 1330/1033/1699
f 1801/1034/1700 1310/866/1701 1309/865/1701
f 1801/1034/1700 1309/865/1701 1743/1024/1700
f 1321/877/1702 1323/879/1702 1317/873/1702
f 1317/873/1703 1316/872/1703 1321/877/1703
f 1633/1353/1704 1636/1356/1705 1635/1355/1706
f 1634/1354/1707 1633/1353/1704 1635/1355/1706
f 1733/1438/1708 1768/1471/1708 1779/1482/1708
f 1733/1438/1709 1779/1482/1709 1730/1435/1709
f 1372/910/1710 1374/912/1710 1357/895/1710
f 1372/910/1711 1357/895/1711 1448/1025/1711
f 1802/1503/1712 1803/1504/1712 1804/1505/1712
f 1802/1503/1713 1747/1450/1713 1803/1504/1713
f 1647/1367/1714 1391/1195/1714 1648/1368/1714
f 1391/1195/1715 1647/1367/1715 1661/1376/1715
f 1768/1471/1716 1733/1438/1716 1805/1506/1716
f 1768/1471/1717 1805/1506/1717 1687/1396/1717
f 1499/958/1718 1498/957/1718 1657/1006/1718
f 1806/1035/1719 1360/898/1719 1359/897/1719
f 1458/945/1720 1806/1035/1720 1359/897/1720
f 1697/1406/1721 1627/1349/1722 1698/1407/1722
f 1593/1326/1723 1698/1407/1723 1627/1349/1723
f 1521/1275/1724 1334/1174/1724 1402/1200/1724
f 1402/1200/1725 1334/1174/1725 1333/1173/1725
f 1700/1409/1726 1699/1408/1726 1718/1424/1726
f 1428/936/1727 1430/938/1727 1328/939/1727
f 1428/936/1728 1328/939/1728 1666/1044/1728
f 1795/1498/1729 1807/1507/1729 1796/1499/1729
f 1629/1001/1730 1654/1004/1730 1550/977/1730
f 1412/930/1731 1308/864/1731 1413/931/1731
f 1310/866/1732 1383/914/1732 1382/913/1732
f 1539/1293/1733 1540/1294/1733 1454/1235/1733
f 1454/1235/1734 1572/1309/1734 1539/1293/1734
f 1679/1388/1735 1808/1508/1735 1682/1391/1735
f 1477/956/1736 1809/1036/1737 1474/953/1738
f 1474/953/1738 1809/1036/1737 1667/1010/1739
f 1625/999/1740 1809/1036/1737 1477/956/1736
f 1725/1431/1741 1810/1509/1741 1723/1429/1741
f 1810/1509/1742 1725/1431/1742 1731/1436/1742
f 1811/1510/1743 1812/1511/1743 1813/1512/1743
f 1814/1513/1744 1811/1510/1745 1813/1512/1746
f 1788/1491/1747 1789/1492/1748 1815/1514/1748
f 1815/1514/1749 1789/1492/1749 1816/1515/1749
f 1815/1514/1750 1816/1515/1751 1817/1516/1752
f 1422/1214/1753 1504/1268/1753 1505/1269/1753
f 1788/1491/1754 1818/1517/1754 1776/1479/1754
f 1788/1491/1755 1819/1518/1755 1818/1517/1755
f 1764/1467/1756 1820/1519/1756 1749/1452/1756
f 1622/1346/1757 1764/1467/1758 1749/1452/1758
f 1401/1199/1759 1379/1192/1759 1381/1194/1759
f 1401/1199/1760 1381/1194/1760 1400/1198/1760
f 1729/1023/1761 1348/886/1761 1350/888/1761
f 1349/887/1762 1348/886/1762 1729/1023/1762
f 1399/927/1763 1624/998/1763 1396/924/1763
f 1399/927/1764 1396/924/1764 1395/923/1764
f 1474/953/1765 1667/1010/1765 1475/954/1765
f 1471/1244/1766 1771/1474/1766 1502/1266/1766
f 1468/1240/1767 1771/1474/1767 1471/1244/1767
f 1700/1409/1768 1717/1423/1768 1697/1406/1769
f 1697/1406/1770 1696/1405/1770 1700/1409/1770
f 1821/1520/1771 1822/1521/1771 1823/1522/1771
f 1759/1462/1772 1821/1520/1772 1823/1522/1772
f 1783/1486/1773 1785/1488/1773 1786/1489/1773
f 1786/1489/1774 1795/1498/1774 1783/1486/1774
f 1746/1449/1775 1748/1451/1775 1494/1262/1775
f 1637/1357/1776 1824/1523/1776 1702/1411/1776
f 1637/1357/1777 1702/1411/1777 1635/1355/1777
f 1485/1253/1778 1567/1308/1778 1607/1333/1778
f 1569/982/1779 1566/1037/1779 1571/984/1779
f 1569/982/1780 1564/1027/1780 1566/1037/1780
f 1536/1290/1781 1444/1228/1781 1443/1227/1781
f 1536/1290/1782 1538/1292/1782 1444/1228/1782
f 1825/1524/1783 1576/1313/1783 1826/1525/1783
f 1826/1525/1784 1576/1313/1784 1578/1315/1784
f 1678/1016/1785 1674/1012/1785 1676/1014/1785
f 1674/1012/1786 1678/1016/1786 1677/1015/1786
f 1747/1450/1787 1804/1505/1787 1748/1451/1787
f 1802/1503/1788 1804/1505/1788 1747/1450/1788
f 1429/937/1789 1742/1038/1789 1743/1039/1789
f 1719/1425/1790 1577/1314/1790 1827/1526/1790
f 1719/1425/1791 1827/1526/1791 1828/1527/1791
f 1787/1490/1792 1829/1528/1792 1830/1529/1792
f 1785/1488/1793 1829/1528/1793 1787/1490/1793
f 1831/1530/1794 1832/1531/1794 1833/1532/1794
f 1755/1458/1795 1758/1461/1795 1756/1459/1795
f 1759/1462/1796 1693/1402/1796 1821/1520/1796
f 1638/1358/1797 1693/1402/1797 1759/1462/1797
f 1834/1533/1798 1682/1391/1798 1808/1508/1798
f 1808/1508/1799 1835/1534/1800 1834/1533/1799
f 1602/989/1801 1605/993/1801 1649/1002/1801
f 1602/989/1802 1601/991/1802 1605/993/1802
f 1612/1338/1803 1651/1370/1803 1410/1206/1803
f 1314/870/1804 1313/869/1804 1512/969/1804
f 1512/966/1805 1313/975/1805 1513/967/1805
f 1689/1398/1806 1691/1400/1806 1548/1298/1806
f 1614/1340/1807 1644/1364/1807 1642/1362/1807
f 1302/1040/1808 1475/954/1808 1300/1011/1808
f 1509/963/1809 1475/954/1809 1302/1040/1809
f 1609/1335/1810 1519/1273/1810 1626/1348/1810
f 1480/1248/1811 1609/1335/1811 1626/1348/1811
f 1818/1517/1812 1781/1484/1813 1776/1479/1813
f 1781/1484/1814 1598/1330/1814 1776/1479/1814
f 1640/1360/1815 1639/1359/1816 1467/1239/1817
f 1467/1239/1817 1639/1359/1816 1641/1361/1818
f 1563/1041/1819 1549/976/1819 1384/915/1819
f 1563/1041/1820 1551/978/1820 1549/976/1820
f 1508/962/1821 1507/961/1821 1387/918/1821
f 1507/961/1822 1302/1040/1822 1387/918/1822
f 1672/1386/1823 1836/1535/1823 1769/1472/1823
f 1484/1252/1824 1487/1255/1824 1707/1414/1824
f 1688/1397/1825 1691/1400/1825 1690/1399/1825
f 1686/1395/1826 1688/1397/1826 1690/1399/1826
f 1324/880/1827 1317/873/1827 1323/879/1827
f 1323/879/1828 1711/1022/1828 1324/880/1828
f 1837/1536/1829 1838/1537/1829 1839/1538/1829
f 1664/1009/1830 1606/994/1830 1394/922/1830
f 1664/1009/1831 1476/955/1831 1606/994/1831
f 1704/1413/1832 1701/1410/1832 1643/1363/1832
f 1491/1259/1833 1840/1539/1833 1746/1449/1833
f 1840/1539/1834 1747/1450/1834 1746/1449/1835
f 1595/1328/1836 1442/1226/1837 1694/1403/1838
f 1632/1352/1839 1741/1446/1839 1710/1417/1839
f 1710/1417/1840 1709/1416/1840 1632/1352/1840
f 1430/938/1841 1429/937/1841 1514/968/1841
f 1743/1039/1842 1514/968/1842 1429/937/1842
f 1731/1436/1843 1751/1454/1843 1732/1437/1843
f 1751/1454/1844 1753/1456/1844 1732/1437/1844
f 1659/1021/1845 1621/997/1845 1542/973/1845
f 1542/973/1846 1706/1019/1846 1659/1021/1846
f 1435/1221/1847 1557/1303/1847 1556/1302/1847
f 1556/1302/1848 1436/1222/1848 1435/1221/1848
f 1562/1047/1849 1565/1049/1849 1551/978/1849
f 1452/1233/1850 1841/1540/1851 1450/1231/1851
f 1842/1541/1852 1450/1231/1853 1841/1540/1854
f 1792/1495/1855 1842/1541/1852 1841/1540/1854
f 1799/1502/1856 1720/1426/1856 1722/1428/1857
f 1843/1542/1858 1720/1426/1858 1799/1502/1858
f 1377/1190/1859 1376/1189/1859 1446/1230/1859
f 1446/1242/1860 1376/1374/1860 1468/1240/1860
f 1754/1457/1861 1733/1438/1861 1732/1437/1861
f 1754/1457/1862 1805/1506/1862 1733/1438/1862
f 1828/1527/1863 1844/1543/1863 1719/1425/1863
f 1827/1526/1864 1845/1544/1864 1828/1527/1865
f 1844/1543/1866 1744/1447/1866 1719/1425/1866
f 1790/1493/1867 1792/1495/1867 1846/1545/1867
f 1846/1545/1868 1792/1495/1869 1841/1540/1868
f 1537/1291/1870 1443/1227/1870 1297/1170/1870
f 1443/1227/1871 1537/1291/1871 1536/1290/1871
f 1761/1464/1872 1762/1465/1872 1759/1462/1872
f 1487/1255/1873 1489/1257/1873 1707/1414/1873
f 1707/1414/1874 1489/1257/1874 1482/1250/1874
f 1414/932/1875 1462/949/1875 1412/930/1875
f 1306/862/1876 1412/930/1876 1462/949/1876
f 1449/1020/1877 1658/1045/1877 1621/997/1877
f 1658/1045/1878 1588/987/1878 1621/997/1878
f 1841/1540/1879 1573/1310/1880 1846/1545/1880
f 1452/1233/1881 1573/1310/1882 1841/1540/1883
f 1589/988/1884 1587/986/1884 1358/896/1884
f 1390/921/1885 1510/964/1885 1509/963/1885
f 1486/1254/1886 1590/1323/1886 1737/1442/1886
f 1607/1333/1887 1590/1323/1887 1486/1254/1887
f 1353/891/1888 1370/908/1888 1365/903/1888
f 1370/908/1889 1363/901/1889 1365/903/1889
f 1592/1325/1890 1739/1444/1890 1738/1443/1890
f 1635/1355/1891 1703/1412/1891 1634/1354/1891
f 1817/1516/1892 1816/1515/1893 1847/1546/1893
f 1398/926/1894 1625/999/1894 1624/998/1894
f 1405/929/1895 1329/1017/1895 1464/951/1895
f 1329/1017/1896 1325/881/1896 1464/951/1896
f 1848/1547/1897 1849/1548/1897 1850/1549/1897
f 1794/1497/1898 1791/1494/1898 1790/1493/1898
f 1570/983/1899 1568/980/1899 1569/982/1899
f 1602/989/1900 1568/980/1900 1570/983/1900
f 1683/1392/1901 1534/1288/1901 1681/1390/1901
f 1534/1288/1902 1619/1345/1902 1681/1390/1902
f 1523/1277/1903 1723/1429/1903 1524/1278/1903
f 1343/1183/1904 1341/1181/1904 1574/1311/1904
f 1823/1522/1905 1851/1550/1905 1760/1463/1905
f 1823/1522/1906 1760/1463/1906 1759/1462/1906
f 1527/1281/1907 1488/1256/1907 1525/1279/1907
f 1806/1035/1908 1705/1018/1908 1360/898/1908
f 1705/1018/1909 1542/973/1909 1360/898/1909
f 1642/1362/1910 1643/1363/1910 1630/1350/1910
f 1643/1363/1911 1642/1362/1911 1644/1364/1911
f 1725/1431/1912 1752/1455/1912 1751/1454/1912
f 1797/1500/1913 1752/1455/1914 1725/1431/1913
f 1822/1521/1915 1851/1550/1915 1823/1522/1915
f 1822/1521/1916 1852/1551/1916 1851/1550/1916
f 1826/1525/1917 1745/1448/1917 1825/1524/1917
f 1578/1315/1918 1745/1448/1918 1826/1525/1918
f 1712/1418/1919 1685/1394/1919 1713/1419/1919
f 1773/1476/1920 1824/1523/1920 1637/1357/1920
f 1773/1476/1921 1782/1485/1921 1824/1523/1921
f 1554/1300/1922 1553/1299/1922 1438/1224/1922
f 1553/1299/1923 1439/1225/1923 1438/1224/1923
f 1559/1305/1924 1585/1322/1925 1584/1321/1926
f 1303/859/1927 1800/1032/1927 1331/884/1927
f 1331/884/1928 1800/1032/1928 1404/928/1928
f 1726/1432/1929 1843/1542/1930 1799/1502/1930
f 1726/1432/1931 1728/1434/1931 1843/1542/1931
f 1387/918/1932 1301/1046/1932 1500/1043/1932
f 1400/1198/1933 1521/1275/1934 1402/1200/1935
f 1521/1275/1934 1400/1198/1933 1297/1170/1936
f 1819/1518/1937 1788/1491/1937 1815/1514/1937
f 1817/1516/1938 1819/1518/1939 1815/1514/1940
f 1740/1445/1941 1853/1552/1942 1808/1508/1943
f 1808/1508/1943 1679/1388/1944 1740/1445/1941
f 1835/1534/1945 1808/1508/1945 1853/1552/1945
f 1847/1546/1946 1669/1383/1946 1668/1382/1946
f 1601/991/1947 1711/1022/1947 1604/992/1947
f 1532/1286/1948 1652/1371/1948 1596/1329/1948
f 1681/1390/1949 1680/1389/1949 1683/1392/1949
f 1828/1527/1950 1845/1544/1950 1721/1427/1950
f 1676/1014/1951 1457/944/1951 1456/943/1951
f 1676/1014/1952 1675/1013/1952 1457/944/1952
f 1792/1495/1953 1791/1494/1953 1842/1541/1953
f 1740/1445/1954 1679/1388/1954 1681/1390/1954
f 1501/1042/1955 1427/935/1955 1426/934/1955
f 1403/1201/1956 1402/1200/1956 1333/1173/1956
f 1333/1173/1957 1338/1178/1957 1403/1201/1957
f 1670/1384/1958 1765/1468/1958 1767/1470/1958
f 1668/1382/1959 1670/1384/1959 1767/1470/1959
f 1854/1553/1960 1766/1469/1960 1765/1468/1960
f 1645/1365/1961 1855/1554/1961 1777/1480/1961
usemtl xmaterial_aad706d141a16fd.007
f 1856/856/1085 1857/857/1085 1858/858/1085
f 1859/1170/1086 1860/1171/1086 1861/1172/1086
f 1862/1011/1087 1863/1046/1087 1864/1040/1087
f 1865/859/1088 1866/860/1088 1867/861/1088
f 1868/862/1089 1869/863/1089 1870/864/1089
f 1871/865/1090 1872/866/1090 1873/867/1090
f 1874/868/1091 1875/869/1091 1876/870/1091
f 1877/871/1092 1878/872/1093 1879/873/1962
f 1880/874/1095 1878/872/1093 1877/871/1092
f 1881/875/1096 1882/876/1096 1883/877/1096
f 1883/877/1097 1884/878/1097 1885/879/1097
f 1882/876/1098 1884/878/1963 1883/877/1100
f 1879/873/1101 1886/880/1101 1877/871/1101
f 1887/881/1102 1888/882/1102 1889/883/1102
f 1890/939/1103 1891/1017/1103 1892/1033/1103
f 1866/860/1104 1893/884/1104 1894/885/1104
f 1895/1173/1105 1896/1174/1105 1897/1175/1105
f 1898/1176/1106 1899/1177/1107 1900/1178/1108
f 1899/1177/1107 1901/1179/1109 1900/1178/1108
f 1902/1180/1110 1903/1181/1110 1904/1182/1110
f 1904/1182/1111 1903/1181/1112 1905/1183/1113
f 1906/1184/1114 1907/1185/1115 1908/1186/1116
f 1909/1187/1117 1906/1184/1114 1908/1186/1116
f 1857/857/1964 1910/886/1964 1858/858/1964
f 1911/887/1119 1912/888/1119 1913/889/1119
f 1914/890/1120 1915/891/1120 1916/892/1120
f 1917/893/1121 1918/894/1121 1919/895/1121
f 1920/896/1122 1921/897/1122 1922/898/1122
f 1916/892/1123 1915/891/1123 1923/899/1123
f 1916/892/1124 1924/900/1125 1914/890/1125
f 1925/901/1126 1926/902/1126 1927/903/1126
f 1928/904/1127 1929/905/1128 1930/906/1129
f 1928/904/1127 1931/907/1130 1929/905/1128
f 1925/901/1131 1932/908/1131 1933/909/1131
f 1934/910/1132 1935/911/1132 1936/912/1132
f 1937/1188/1133 1938/1189/1133 1939/1190/1133
f 1940/1191/1134 1941/1192/1134 1942/1193/1134
f 1943/1194/1135 1941/1192/1135 1940/1191/1135
f 1944/913/1136 1945/914/1136 1946/915/1136
f 1872/866/1137 1944/913/1137 1873/867/1137
f 1947/916/1138 1948/917/1138 1949/918/1138
f 1950/919/1139 1951/920/1139 1952/921/1139
f 1953/1195/1140 1954/1196/1140 1955/1197/1140
f 1956/922/1141 1957/923/1141 1958/924/1141
f 1959/925/1965 1960/926/1965 1961/927/1965
f 1962/1198/1143 1943/1194/1143 1859/1170/1143
f 1963/1199/1144 1964/1200/1144 1965/1201/1144
f 1966/928/1145 1891/1017/1145 1967/929/1145
f 1893/884/1146 1966/928/1146 1967/929/1146
f 1968/1202/1147 1969/1203/1147 1970/1204/1147
f 1971/1205/1148 1972/1206/1148 1973/1207/1148
f 1974/930/1149 1975/931/1149 1976/932/1149
f 1975/931/1150 1977/933/1150 1976/932/1150
f 1978/1208/1151 1979/1209/1151 1980/1210/1151
f 1981/1211/1152 1982/1212/1966 1983/1213/1154
f 1978/1208/1967 1982/1212/1966 1981/1211/1152
f 1898/1176/1156 1984/1214/1156 1899/1177/1156
f 1985/1215/1157 1986/1216/1157 1987/1217/1157
f 1880/874/1158 1988/934/1158 1989/935/1158
f 1990/936/1159 1991/937/1159 1992/938/1159
f 1890/939/1160 1992/938/1160 1887/881/1160
f 1993/1218/1161 1985/1215/1161 1987/1217/1161
f 1993/1218/1162 1994/1219/1162 1995/1220/1162
f 1996/940/1163 1913/889/1163 1912/888/1163
f 1976/932/1164 1977/933/1164 1996/940/1164
f 1997/1221/1165 1998/1222/1165 1999/1223/1165
f 2000/1224/1166 2001/1225/1166 1969/1203/1167
f 2002/1031/1168 2003/1030/1168 2004/1226/1168
f 2005/1227/1169 2006/1228/1169 2007/1229/1169
f 1939/1190/1170 2008/1230/1170 2007/1229/1170
f 1858/858/1171 1910/886/1171 2009/941/1171
f 1919/895/1968 1918/894/1968 2010/1025/1968
f 1934/910/1173 2011/942/1173 1935/911/1173
f 2012/1231/1174 2013/1232/1174 2014/1233/1174
f 2015/1234/1175 2016/1235/1175 2017/1236/1175
f 2018/943/1176 2019/944/1176 2020/945/1176
f 2021/946/1177 2022/947/1177 2023/948/1177
f 1856/856/1178 1867/861/1178 2024/949/1178
f 2025/950/1179 1867/861/1179 1856/856/1179
f 1894/885/1180 1869/863/1180 1868/862/1180
f 2026/951/1181 1889/883/1182 1967/929/1183
f 1889/883/1182 1869/863/1184 1967/929/1183
f 2027/1237/1185 2028/1238/1185 2029/1239/1185
f 2030/1240/1186 2031/1241/1186 2008/1242/1186
f 2032/1243/1187 2033/1244/1187 2034/1245/1187
f 2035/952/1188 2036/953/1188 2037/954/1188
f 2036/953/1189 2038/955/1189 2039/956/1189
f 2040/1246/1190 2041/1247/1190 2042/1248/1190
f 2043/1249/1191 2044/1250/1191 2045/1251/1191
f 2046/1252/1969 2047/1253/1969 2048/1254/1969
f 2049/1255/1193 2050/1256/1193 2051/1257/1193
f 2052/1258/1194 2053/1259/1194 2054/1260/1194
f 2055/1261/1970 2056/1262/1970 2057/1263/1970
f 1895/1173/1196 1897/1175/1196 2058/1264/1196
f 2059/1265/1197 1984/1214/1197 1898/1176/1197
f 1961/927/1198 2060/957/1198 2061/958/1198
f 1864/1040/1199 1863/1046/1199 1949/918/1199
f 2062/1043/1200 1947/916/1200 1949/918/1200
f 1881/875/1201 2063/1042/1201 1882/876/1201
f 2033/1244/1202 2064/1266/1202 2034/1245/1202
f 1985/1215/1203 2065/1267/1203 1986/1216/1203
f 2066/1268/1204 1984/1214/1204 2059/1265/1204
f 1993/1218/1205 1987/1217/1205 2067/1269/1205
f 1926/959/1206 2068/960/1206 1948/917/1206
f 1951/920/1207 2069/961/1207 2070/962/1207
f 2071/963/1208 2072/964/1208 2073/965/1208
f 2071/963/1209 1950/919/1209 1952/921/1209
f 2074/966/1210 2075/967/1210 2076/968/1210
f 2074/969/1211 2076/970/1211 2077/971/1211
f 2078/1270/1212 2079/1271/1212 2080/1272/1212
f 2080/1272/1213 2081/1273/1213 2082/1274/1213
f 1861/1172/1214 2083/1275/1215 1859/1170/1216
f 2083/1275/1215 1861/1172/1214 1896/1174/1217
f 1963/1199/1218 1962/1198/1218 1964/1200/1218
f 2084/1276/1219 2085/1277/1219 2086/1278/1219
f 2041/1247/1220 2087/1279/1220 2088/1280/1220
f 2089/1281/1221 2051/1257/1221 2050/1256/1221
f 2090/1282/1222 2091/1283/1223 2092/1284/1224
f 2093/1285/1225 2090/1282/1222 2092/1284/1224
f 2093/1285/1226 2094/1286/1227 2090/1282/1228
f 2095/1287/1229 2096/1288/1229 2097/1289/1229
f 1942/1193/1230 2098/1290/1230 2099/1291/1230
f 2006/1228/1231 2100/1292/1231 1937/1188/1231
f 2014/1233/1232 2013/1232/1232 2101/1293/1232
f 2016/1235/1233 2102/1294/1233 2017/1236/1233
f 1931/907/1234 2103/972/1234 1876/870/1234
f 1871/865/1235 1873/867/1235 1876/870/1235
f 2104/973/1236 2105/974/1236 1922/898/1236
f 1992/938/1237 1888/882/1237 1887/881/1237
f 2075/967/1238 1875/975/1238 1888/882/1238
f 1928/904/1239 2103/972/1239 1931/907/1239
f 1883/877/1971 1878/872/1971 1881/875/1971
f 1989/935/1241 2063/1042/1241 2106/1028/1241
f 2107/1295/1972 2108/1296/1972 2109/1297/1972
f 2109/1297/1243 2110/1298/1243 2107/1295/1243
f 2111/976/1244 2112/977/1245 1930/906/1246
f 2112/977/1245 2111/976/1244 2113/978/1247
f 2113/978/1248 2114/979/1248 2112/977/1248
f 1930/906/1249 1929/905/1250 1946/915/1251
f 2111/976/1252 1930/906/1249 1946/915/1251
f 2115/1299/1973 2116/1300/1253 2117/1301/1253
f 2115/1299/1254 2117/1301/1255 2118/1302/1974
f 2118/1302/1974 2117/1301/1255 1998/1222/1257
f 1997/1221/1258 1999/1223/1258 2119/1303/1258
f 2118/1302/1259 2001/1225/1259 2115/1299/1259
f 2017/1236/1260 2102/1294/1260 2120/1304/1260
f 2121/1305/1975 2122/1306/1975 2123/1307/1975
f 2124/1047/1262 2113/978/1262 2125/1041/1262
f 2126/1027/1263 2127/1048/1263 2128/1037/1263
f 2045/1251/1264 2044/1250/1264 2051/1257/1264
f 2044/1250/1265 2129/1308/1265 2047/1253/1265
f 2130/980/1266 2114/981/1266 2131/982/1266
f 2132/983/1267 2131/982/1267 2133/984/1267
f 1901/1179/1268 1963/1199/1268 1965/1201/1268
f 2134/1309/1269 2135/1310/1269 2014/1233/1269
f 2134/1309/1270 2014/1233/1270 2101/1293/1270
f 2136/1311/1271 1908/1186/1271 1905/1183/1271
f 2080/1272/1272 2082/1274/1273 2078/1270/1274
f 1902/1180/1275 1904/1182/1275 2137/1312/1275
f 2138/1313/1276 2139/1314/1276 2140/1315/1276
f 2005/1227/1277 1860/1171/1277 1859/1170/1277
f 1942/1193/1278 2099/1291/1278 1940/1191/1278
f 2141/1316/1279 2142/1317/1279 2143/1318/1279
f 2141/1316/1976 2144/1319/1976 2145/1320/1976
f 2017/1236/1281 2146/1321/1281 2015/1234/1281
f 1980/1210/1282 2147/1322/1977 2121/1305/1282
f 1925/901/1978 1933/909/1978 2148/985/1978
f 1933/909/1979 1936/912/1979 2148/985/1979
f 1914/890/1286 1924/900/1287 1917/893/1288
f 1924/900/1287 1918/894/1289 1917/893/1288
f 1920/896/1290 2149/986/1290 2022/947/1290
f 2150/987/1291 2151/988/1291 2105/974/1291
f 2152/1323/1980 2153/1324/1980 2154/1325/1980
f 2153/1324/1293 2136/1311/1293 2154/1325/1293
f 2155/1326/1294 1983/1213/1294 2156/1327/1294
f 1981/1211/1295 1983/1213/1981 2155/1326/1295
f 2002/1031/1296 2004/1226/1297 2157/1328/1298
f 2158/1329/1299 2159/1029/1299 2157/1328/1299
f 2160/1330/1982 2161/1331/1982 2162/1332/1982
f 2133/984/1301 2163/991/1301 2164/989/1301
f 2132/983/1302 2133/984/1302 2164/989/1302
f 2165/990/1303 1877/871/1303 1886/880/1303
f 2163/991/1304 2166/992/1304 2167/993/1304
f 2038/955/1305 2036/953/1305 2035/952/1305
f 2073/965/1983 2168/994/1983 2038/955/1983
f 2048/1254/1307 2047/1253/1307 2169/1333/1307
f 2152/1323/1308 2169/1333/1308 2153/1324/1308
f 2042/1248/1309 2041/1247/1309 2088/1280/1309
f 2170/1334/1310 2171/1335/1310 2042/1248/1310
f 2172/1336/1311 2173/1337/1311 2174/1338/1311
f 1971/1205/1312 1970/1204/1313 2174/1338/1984
f 2174/1338/1984 1970/1204/1313 2172/1336/1315
f 2077/971/1316 2076/970/1316 1871/865/1316
f 2175/1339/1317 2176/1340/1317 2177/1341/1317
f 2178/1342/1318 2175/1339/1318 2179/1343/1318
f 2007/1229/1319 1860/1171/1319 2005/1227/1319
f 2180/1344/1320 2181/1345/1320 2095/1287/1320
f 2090/1282/1321 2180/1344/1321 2091/1283/1321
f 2182/995/1322 1926/959/1322 1948/917/1322
f 2182/996/1323 1927/903/1323 1926/902/1323
f 2104/973/1324 2150/987/1324 2105/974/1324
f 2104/973/1325 2183/997/1325 2150/987/1325
f 1867/861/1326 1866/860/1326 2024/949/1326
f 1868/862/1327 1870/864/1327 1974/930/1327
f 2184/1346/1328 2027/1237/1328 2029/1239/1329
f 2184/1346/1330 2185/1347/1330 2027/1237/1330
f 1961/927/1331 1960/926/1331 2186/998/1331
f 2186/998/1332 2187/999/1332 2039/956/1332
f 2171/1335/1333 2170/1334/1333 2081/1273/1333
f 2188/1348/1334 2081/1273/1334 2080/1272/1334
f 2155/1326/1335 1979/1209/1335 1981/1211/1335
f 2155/1326/1336 2189/1349/1336 1979/1209/1336
f 2127/1049/1985 2114/979/1985 2113/978/1985
f 2112/977/1338 2190/1000/1338 2191/1001/1338
f 1920/896/1339 2022/947/1339 1921/897/1339
f 2022/947/1340 2021/946/1340 1921/897/1340
f 1995/1220/1341 1994/1219/1341 2032/1243/1341
f 2032/1243/1342 2031/1241/1342 2030/1240/1342
f 2177/1341/1343 2192/1350/1343 2193/1351/1343
f 2179/1343/1344 2193/1351/1345 2178/1342/1986
f 2193/1351/1345 2179/1343/1344 2177/1341/1347
f 2194/1352/1348 2195/1353/1349 2196/1354/1348
f 2197/1355/1350 2198/1356/1350 2199/1357/1350
f 2200/1358/1351 2201/1359/1351 2202/1360/1351
f 2029/1239/1352 2203/1361/1352 2184/1346/1352
f 2177/1341/1353 2176/1340/1353 2204/1362/1353
f 2205/1363/1987 2206/1364/1355 2207/1365/1355
f 2208/1366/1988 2209/1367/1988 2210/1368/1988
f 1953/1195/1357 1955/1197/1357 2210/1368/1357
f 2211/1002/1358 2130/980/1358 2164/989/1358
f 2130/980/1359 2211/1002/1359 2190/1003/1359
f 2212/1369/1360 2213/1370/1361 2174/1338/1360
f 2174/1338/1363 1972/1206/1363 1971/1205/1364
f 2214/1371/1365 2094/1286/1365 2093/1285/1365
f 2158/1329/1366 2157/1328/1366 2094/1286/1366
f 2080/1272/1367 2079/1271/1367 2188/1348/1367
f 2079/1271/1368 2215/1372/1368 2188/1348/1368
f 2216/1004/1369 1928/904/1369 1930/906/1369
f 1930/906/1370 2112/977/1370 2216/1004/1370
f 2123/1307/1371 2217/1373/1371 2121/1305/1371
f 2123/1307/1372 1978/1208/1373 2217/1373/1989
f 1982/1212/1990 1978/1208/1373 2123/1307/1372
f 1938/1374/1376 1937/1375/1376 2030/1240/1376
f 2033/1244/1991 2032/1243/1991 2030/1240/1991
f 2218/1005/1992 2061/958/1992 2219/1006/1992
f 2011/942/1379 1934/910/1379 2220/1007/1379
f 2011/1020/1380 2183/997/1380 2221/1021/1380
f 2055/1261/1993 2178/1342/1993 2052/1258/1993
f 2178/1342/1382 2193/1351/1382 2052/1258/1382
f 1865/859/1383 1893/884/1383 1866/860/1383
f 1986/1216/1384 1899/1177/1384 1984/1214/1384
f 2167/993/1385 2222/1008/1385 2211/1002/1385
f 2166/992/1994 2222/1008/1994 2167/993/1994
f 2223/1376/1995 1954/1196/1995 1953/1195/1995
f 2224/1377/1388 2225/1378/1388 2223/1376/1388
f 2226/1009/1389 2186/998/1389 2039/956/1389
f 2038/955/1390 2226/1009/1390 2039/956/1390
f 1901/1179/1391 2227/1379/1391 1963/1199/1391
f 2227/1379/1392 1941/1192/1392 1963/1199/1392
f 2137/1312/1393 1904/1182/1393 1907/1185/1393
f 2082/1380/1273 2137/1312/1996 2078/1381/1274
f 1990/936/1395 2228/1044/1395 1991/937/1395
f 1892/1033/1396 2228/1044/1396 1890/939/1396
f 2229/1010/1397 1862/1011/1397 2037/954/1397
f 2058/1264/1398 1897/1175/1398 2059/1265/1398
f 1996/940/1399 1977/933/1399 1913/889/1399
f 2230/1382/1400 2231/1383/1400 2232/1384/1400
f 1908/1186/1401 2136/1311/1401 1909/1187/1401
f 2233/1385/1402 1909/1187/1402 2136/1311/1402
f 2210/1368/1403 2144/1319/1403 2208/1366/1403
f 2144/1319/1404 2141/1316/1404 2208/1366/1404
f 1973/1207/1405 2117/1301/1405 2116/1300/1405
f 1968/1202/1406 1973/1207/1406 2116/1300/1406
f 2007/1229/1407 2006/1228/1407 1939/1190/1407
f 1939/1190/1408 2006/1228/1408 1937/1188/1408
f 2234/1386/1409 2235/1387/1409 2084/1276/1409
f 2235/1387/1410 2085/1277/1410 2084/1276/1410
f 2236/1012/1411 2237/1013/1411 2238/1014/1411
f 2023/948/1412 2239/1015/1412 2240/1016/1412
f 2241/1388/1413 2242/1389/1413 2243/1390/1413
f 2244/1391/1414 2242/1389/1415 2241/1388/1416
f 2097/1289/1997 2096/1288/1997 2245/1392/1997
f 2246/1393/1418 2247/1394/1418 2248/1395/1418
f 2248/1395/1419 2249/1396/1419 2250/1397/1419
f 1985/1215/1420 2034/1245/1420 2065/1267/1420
f 2034/1245/1421 1995/1220/1422 2032/1243/1423
f 1995/1220/1422 2034/1245/1421 1985/1215/1424
f 1995/1220/1425 1985/1215/1425 1993/1218/1425
f 2105/974/1426 2151/988/1426 1920/896/1426
f 1922/898/1998 2105/974/1998 1920/896/1998
f 2110/1298/1428 2109/1297/1428 2251/1398/1428
f 2252/1399/1429 2253/1400/1429 2251/1398/1429
f 2202/1360/1430 2028/1238/1431 2200/1358/1999
f 2028/1238/1431 2254/1401/1433 2200/1358/1999
f 2029/1239/1434 2028/1238/1431 2202/1360/1430
f 2254/1401/2000 2255/1402/2000 2200/1358/2000
f 2057/1263/1436 2175/1339/1436 2178/1342/1436
f 2055/1261/1437 2057/1263/1437 2178/1342/1437
f 2157/1328/1438 2256/1403/2001 2094/1286/1439
f 2094/1286/1440 2256/1403/1441 2257/1404/1442
f 1956/922/1443 1958/924/1443 2186/998/1443
f 2186/998/1444 2226/1009/1444 1956/922/1444
f 2156/1327/1445 2258/1405/1446 2259/1406/1447
f 2260/1407/1448 2156/1327/1445 2259/1406/1447
f 2258/1405/2002 2261/1408/2002 2262/1409/2002
f 2204/1362/1450 2192/1350/1450 2177/1341/1450
f 2205/1363/1451 2263/1410/1451 2192/1350/1451
f 1878/872/1452 1880/874/1452 1989/935/1452
f 1989/935/1453 1881/875/1453 1878/872/1453
f 1890/939/1454 1887/881/1454 1891/1017/1454
f 1887/881/1455 1889/883/1455 2026/951/1455
f 2264/1411/1456 2265/1412/1456 2197/1355/1456
f 2196/1354/1457 2265/1412/1457 2194/1352/1457
f 2121/1305/1458 2146/1321/1458 2017/1236/1458
f 2121/1305/1459 2017/1236/1460 2120/1304/1461
f 2120/1304/1461 2122/1306/2003 2121/1305/1459
f 1923/899/1463 1915/891/1463 2182/996/1463
f 2207/1365/1464 2266/1413/1464 2205/1363/1465
f 2114/979/1466 2190/1000/1466 2112/977/1466
f 2130/980/1467 2190/1003/1467 2114/981/1467
f 2267/1018/1468 2268/1019/1468 2104/973/1468
f 2268/1019/1469 2011/1020/1469 2221/1021/1469
f 2044/1250/1470 2047/1253/1470 2269/1414/1470
f 2269/1414/1471 2047/1253/1471 2046/1252/1471
f 2270/1415/1472 2271/1416/1472 2272/1417/1472
f 2194/1352/1473 2271/1416/1473 2195/1353/1473
f 1957/923/2004 2060/957/2004 1961/927/2004
f 1921/897/1475 2018/943/1475 2020/945/1475
f 1885/879/1476 1884/878/1476 2273/1022/1476
f 2273/1022/1477 2163/991/1477 1886/880/1477
f 2248/1395/1478 2247/1394/1478 2274/1418/1478
f 2275/1419/1479 2276/1420/1479 2274/1418/1479
f 2277/1421/2005 2145/1320/2005 2278/1422/2005
f 2141/1316/1481 2145/1320/1481 2277/1421/1481
f 2259/1406/1482 2279/1423/1482 2189/1349/1482
f 2280/1424/1483 2279/1423/1483 2262/1409/1483
f 1950/919/1484 1864/1040/1484 2069/961/1484
f 2069/961/2006 1951/920/2006 1950/919/2006
f 2281/1425/2007 2140/1315/2008 2139/1314/2007
f 2042/1248/1488 2215/1372/1488 2040/1246/1488
f 2188/1348/1489 2215/1372/1489 2042/1248/1489
f 2282/1426/1490 2283/1427/1490 2284/1428/1490
f 2285/1429/1491 2085/1277/1491 2286/1430/1491
f 2285/1429/1492 2286/1430/1492 2287/1431/1492
f 2288/1432/2009 2289/1433/2009 2290/1434/2009
f 1976/932/1494 1996/940/1494 1856/856/1494
f 1976/932/1495 1856/856/1495 2024/949/1495
f 1911/887/2010 2291/1023/2010 1912/888/2010
f 1912/888/1497 1910/886/1497 1857/857/1497
f 2292/1435/1498 2293/1436/1498 2294/1437/1498
f 2292/1435/2011 2294/1437/2011 2295/1438/2011
f 1968/1202/1500 2116/1300/1501 1969/1203/1500
f 1969/1203/1502 2116/1300/1503 2000/1224/2012
f 2109/1297/2013 2296/1439/2013 2297/1440/2013
f 2297/1440/1506 2298/1441/1506 2109/1297/1506
f 2238/1014/1507 2018/943/1507 2023/948/1507
f 2238/1014/1508 2023/948/1508 2240/1016/1508
f 2048/1254/1509 2299/1442/1509 2046/1252/1509
f 2300/1443/1510 2299/1442/1511 2152/1323/1512
f 2154/1325/1513 2300/1443/1510 2152/1323/1512
f 2009/941/1514 1910/886/1514 1911/887/1514
f 2136/1311/1515 2301/1444/1515 2154/1325/1515
f 1903/1181/1516 2301/1444/1516 2136/1311/1516
f 2095/1287/1517 2181/1345/1517 2096/1288/1518
f 2243/1390/1519 2181/1345/1519 2302/1445/1519
f 1967/929/1520 1869/863/1520 1894/885/1520
f 1893/884/1521 1967/929/1521 1894/885/1521
f 2136/1311/1522 2153/1324/1522 2233/1385/1522
f 2169/1333/1523 2233/1385/1523 2153/1324/1523
f 1981/1211/1524 1979/1209/1524 1978/1208/1524
f 2272/1417/1525 2303/1446/1525 2270/1415/1525
f 2194/1352/2014 2265/1412/2014 2303/1446/2014
f 2071/963/1527 2035/952/1527 2037/954/1527
f 2071/963/1528 1864/1040/1528 1950/919/1528
f 1991/937/1529 2228/1044/1529 2304/1038/1529
f 2305/1024/1530 1871/865/1530 2076/970/1530
f 1986/1216/1531 1984/1214/1531 1987/1217/1531
f 1984/1214/1532 2067/1269/1532 1987/1217/1532
f 2045/1251/1533 2051/1257/1533 2089/1281/1533
f 2040/1246/1534 2045/1251/1534 2041/1247/1534
f 2306/1447/1535 2140/1315/1535 2281/1425/1535
f 2140/1315/1536 2306/1447/1537 2307/1448/1538
f 2308/1449/1539 2056/1262/1539 2054/1260/1539
f 2309/1450/1540 2310/1451/1540 2308/1449/1540
f 2170/1334/1541 2042/1248/1541 2088/1280/1541
f 2311/1452/1542 2185/1347/1542 2184/1346/1542
f 2108/1296/1543 2296/1439/1543 2109/1297/1543
f 2296/1439/2015 2108/1296/2015 2312/1453/2015
f 2313/1454/2016 2314/1455/2016 2315/1456/2016
f 2294/1437/1546 2315/1456/1546 2316/1457/1546
f 2317/1458/1547 2318/1459/1548 2319/1460/1547
f 2320/1461/2017 2212/1369/2017 2318/1459/2018
f 2156/1327/1551 2260/1407/1551 2155/1326/1551
f 2321/1462/1552 2322/1463/1552 2323/1464/1552
f 2324/1465/1553 2200/1358/1553 2321/1462/1553
f 2319/1460/2019 2318/1459/2019 2173/1337/2019
f 2173/1337/1555 2172/1336/1555 2319/1460/1555
f 2325/1466/1556 2326/1467/1556 2184/1346/1556
f 2203/1361/1557 2325/1466/1557 2184/1346/1557
f 2327/1468/1558 2328/1469/1558 2329/1470/1558
f 2330/1471/2020 2249/1396/1560 2274/1418/2020
f 2274/1418/1561 2249/1396/1561 2248/1395/1561
f 2121/1305/1562 2217/1373/1562 1980/1210/1562
f 1978/1208/1563 1980/1210/1563 2217/1373/1563
f 2234/1386/2021 2331/1472/2021 2235/1387/2021
f 2235/1387/1565 2331/1472/1565 2332/1473/1565
f 1876/870/1566 2103/972/1566 1874/868/1566
f 1932/908/1567 1915/891/1567 1914/890/1567
f 1915/891/1568 1927/903/1568 2182/996/1568
f 1937/1375/1569 2333/1474/1569 2030/1240/1569
f 1940/1191/1570 1859/1170/1570 1943/1194/1570
f 2099/1291/1571 1859/1170/1571 1940/1191/1571
f 2199/1357/1572 2334/1475/2022 2335/1476/2023
f 2199/1357/1575 2198/1356/1575 2334/1475/1576
f 2067/1269/1577 2336/1477/1577 1993/1218/1577
f 2336/1477/1578 1994/1219/1578 1993/1218/1578
f 2119/1303/1579 2001/1225/1579 2118/1302/1579
f 2015/1234/1580 2134/1309/1580 2016/1235/1580
f 2101/1293/2024 2013/1232/2024 2102/1294/2024
f 2162/1332/1582 2337/1478/1582 2338/1479/1582
f 2338/1479/1583 2160/1330/1583 2162/1332/1583
f 2339/1480/1584 2266/1413/1584 2207/1365/1584
f 2133/984/1585 2165/990/1585 2163/991/1585
f 1886/880/1586 2163/991/1586 2165/990/1586
f 2223/1376/2025 2209/1367/1588 2340/1481/2026
f 2223/1376/2027 2340/1481/2027 2224/1377/2027
f 2212/1369/1591 2173/1337/1591 2318/1459/1591
f 2173/1337/1592 2212/1369/1592 2174/1338/1592
f 2330/1471/2028 2274/1418/2028 2276/1420/2028
f 2330/1471/1594 2276/1420/1594 2341/1482/1594
f 2058/1264/1595 1898/1176/1595 1900/1178/1595
f 2058/1264/1596 2059/1265/1596 1898/1176/1596
f 2298/1441/2029 2252/1399/1598 2251/1398/2030
f 2246/1393/1600 2252/1399/1598 2298/1441/2029
f 2298/1441/1601 2251/1398/1601 2109/1297/1601
f 2107/1295/2031 2312/1453/2031 2108/1296/2031
f 1856/856/1603 1996/940/1603 1857/857/1603
f 1996/940/1604 1912/888/1604 1857/857/1604
f 2095/1287/1605 2091/1283/1605 2180/1344/1605
f 2091/1283/1606 2095/1287/1607 2097/1289/1608
f 2091/1283/1606 2097/1289/1608 2092/1284/1609
f 2010/1025/1610 2220/1007/1610 1934/910/1610
f 2257/1404/1611 2090/1282/1611 2094/1286/1611
f 2257/1404/1612 2180/1344/1612 2090/1282/1612
f 1994/1219/1613 2031/1241/1613 2032/1243/1613
f 1936/912/1614 1935/911/1614 2148/985/1614
f 1929/905/2032 1944/913/2032 1946/915/2032
f 1944/913/1616 1929/905/1616 1931/907/1616
f 2075/967/1617 1888/882/1617 1992/938/1617
f 2076/968/1618 2075/967/1618 1992/938/1618
f 1947/916/1619 2182/995/1619 1948/917/1619
f 1923/1026/1620 2182/995/1620 1947/916/1620
f 2223/1376/1621 2225/1378/1621 1954/1196/1621
f 1858/858/1622 2025/950/1622 1856/856/1622
f 2342/1483/1623 2201/1359/1623 2200/1358/1623
f 2200/1358/1624 2324/1465/1624 2342/1483/1624
f 1968/1202/1625 1970/1204/1625 1971/1205/1625
f 1971/1205/1626 1973/1207/1627 1968/1202/1627
f 2277/1421/1628 2142/1317/1628 2141/1316/1628
f 2142/1317/2033 2277/1421/2033 2278/1422/2033
f 2160/1330/1630 2343/1484/1630 2344/1485/1630
f 2160/1330/1631 2344/1485/1631 2335/1476/1631
f 2141/1316/2034 2143/1318/2034 2208/1366/2034
f 2082/1380/1633 1902/1180/1633 2137/1312/1633
f 2034/1245/1634 2064/1266/1634 2065/1267/1634
f 1908/1186/1635 1904/1182/1635 1905/1183/1635
f 1904/1182/1636 1908/1186/1636 1907/1185/1636
f 2345/1486/1637 2346/1487/1637 2347/1488/1637
f 2348/1489/1638 2347/1488/1638 2349/1490/1638
f 1921/897/1639 2021/946/1639 2018/943/1639
f 2023/948/1640 2018/943/1640 2021/946/1640
f 2338/1479/2035 2337/1478/2035 2350/1491/2035
f 2337/1478/2036 2351/1492/2036 2350/1491/2036
f 2335/1476/1643 2161/1331/1643 2160/1330/1643
f 2334/1475/2037 2161/1331/2037 2335/1476/2037
f 2071/963/1645 2073/965/1645 2035/952/1645
f 2035/952/1646 2073/965/1646 2038/955/1646
f 2352/1493/2038 2353/1494/2038 2354/1495/2038
f 2352/1493/1648 2355/1496/1648 2356/1497/1648
f 1868/862/1649 1866/860/1649 1894/885/1649
f 1868/862/1650 2024/949/1650 1866/860/1650
f 2252/1399/1651 2246/1393/1651 2248/1395/1651
f 2053/1259/1652 2308/1449/1652 2054/1260/1652
f 1919/895/1653 1936/912/1653 1917/893/1653
f 1933/909/1654 1917/893/1654 1936/912/1654
f 1932/908/1655 1914/890/1655 1933/909/1655
f 1917/893/1656 1933/909/1656 1914/890/1656
f 2061/958/1657 2218/1005/1657 1959/925/1657
f 1959/925/2039 1961/927/2039 2061/958/2039
f 2089/1281/1659 2087/1279/1659 2041/1247/1659
f 2041/1247/1660 2045/1251/1660 2089/1281/1660
f 2346/1487/1661 2357/1498/1661 2358/1499/1661
f 2345/1486/1662 2357/1498/1662 2346/1487/1662
f 2114/981/1663 2126/1027/1663 2131/982/1663
f 2126/1027/1664 2114/981/1664 2127/1048/1664
f 2210/1368/1665 1955/1197/1665 2144/1319/1665
f 2058/1264/2040 1900/1178/2040 1895/1173/2040
f 1900/1178/1667 1901/1179/1667 1965/1201/1667
f 2293/1436/1668 2287/1431/2041 2313/1454/1668
f 2077/971/1670 1876/870/1670 2074/969/1670
f 1876/870/1671 2077/971/1671 1871/865/1671
f 2359/1500/1672 2286/1430/1672 2085/1277/1672
f 2286/1430/1673 2359/1500/1673 2287/1431/1673
f 2239/1015/2042 2237/1013/2042 2236/1012/2042
f 1907/1185/1675 2078/1381/1675 2137/1312/1675
f 2355/1496/1676 2360/1501/1676 2356/1497/1676
f 2361/1502/1677 2284/1428/1677 2289/1433/1677
f 2361/1502/1678 2289/1433/1679 2288/1432/1680
f 2070/962/1681 2068/960/1681 1951/920/1681
f 2085/1277/1682 2332/1473/1682 2359/1500/1682
f 2235/1387/1683 2332/1473/1683 2085/1277/1683
f 1942/1193/1684 2100/1292/1684 2098/1290/1684
f 2179/1343/1685 2175/1339/1685 2177/1341/1685
f 1873/867/1686 1931/907/1686 1876/870/1686
f 1931/907/1687 1873/867/1687 1944/913/1687
f 2106/1028/1688 1881/875/1688 1989/935/1688
f 2106/1028/1689 2063/1042/1689 1881/875/1689
f 2159/1029/1690 2002/1031/1690 2157/1328/1690
f 2159/1029/1691 2003/1030/1691 2002/1031/1691
f 2045/1251/1692 2040/1246/1692 2043/1249/1692
f 1948/917/1693 2068/960/1693 2070/962/1693
f 1949/918/1694 1948/917/1694 2070/962/1694
f 2054/1260/1695 2055/1261/1695 2052/1258/1695
f 2056/1262/1696 2055/1261/1697 2054/1260/1696
f 2362/1032/1698 1892/1033/1698 1966/928/1698
f 1891/1017/1699 1966/928/1699 1892/1033/1699
f 2363/1034/1700 1872/866/1701 1871/865/1701
f 2363/1034/1700 1871/865/1701 2305/1024/1700
f 1883/877/1702 1885/879/1702 1879/873/1702
f 1879/873/1703 1878/872/1703 1883/877/1703
f 2195/1353/1704 2198/1356/1705 2197/1355/1706
f 2196/1354/1707 2195/1353/1704 2197/1355/1706
f 2295/1438/2043 2330/1471/2043 2341/1482/2043
f 2295/1438/2044 2341/1482/2044 2292/1435/2044
f 1934/910/1710 1936/912/1710 1919/895/1710
f 1934/910/1711 1919/895/1711 2010/1025/1711
f 2364/1503/2045 2365/1504/2045 2366/1505/2045
f 2364/1503/1713 2309/1450/1713 2365/1504/1713
f 2209/1367/1714 1953/1195/1714 2210/1368/1714
f 1953/1195/1715 2209/1367/1715 2223/1376/1715
f 2330/1471/2046 2295/1438/2046 2367/1506/2046
f 2330/1471/2047 2367/1506/2047 2249/1396/2047
f 2061/958/1718 2060/957/1718 2219/1006/1718
f 2368/1035/1719 1922/898/1719 1921/897/1719
f 2020/945/1720 2368/1035/1720 1921/897/1720
f 2259/1406/2048 2189/1349/1722 2260/1407/1722
f 2155/1326/1723 2260/1407/1723 2189/1349/1723
f 2083/1275/1724 1896/1174/1724 1964/1200/1724
f 1964/1200/1725 1896/1174/1725 1895/1173/1725
f 2262/1409/2049 2261/1408/2049 2280/1424/2049
f 1990/936/1727 1992/938/1727 1890/939/1727
f 1990/936/1728 1890/939/1728 2228/1044/1728
f 2357/1498/1729 2369/1507/1729 2358/1499/1729
f 2191/1001/1730 2216/1004/1730 2112/977/1730
f 1974/930/1731 1870/864/1731 1975/931/1731
f 1872/866/1732 1945/914/1732 1944/913/1732
f 2101/1293/1733 2102/1294/1733 2016/1235/1733
f 2016/1235/1734 2134/1309/1734 2101/1293/1734
f 2241/1388/2050 2370/1508/2050 2244/1391/2050
f 2039/956/1736 2371/1036/1737 2036/953/1738
f 2036/953/1738 2371/1036/1737 2229/1010/1739
f 2187/999/1740 2371/1036/1737 2039/956/1736
f 2287/1431/1741 2372/1509/1741 2285/1429/1741
f 2372/1509/2051 2287/1431/2051 2293/1436/2051
f 2373/1510/1743 2374/1511/1743 2375/1512/1743
f 2376/1513/1744 2373/1510/1745 2375/1512/2052
f 2350/1491/1747 2351/1492/1748 2377/1514/1748
f 2377/1514/1749 2351/1492/1749 2378/1515/1749
f 2377/1514/1750 2378/1515/1751 2379/1516/1752
f 1984/1214/1753 2066/1268/1753 2067/1269/1753
f 2350/1491/1754 2380/1517/1754 2338/1479/1754
f 2350/1491/1755 2381/1518/1755 2380/1517/1755
f 2326/1467/1756 2382/1519/1756 2311/1452/1756
f 2184/1346/1757 2326/1467/1758 2311/1452/2053
f 1963/1199/1759 1941/1192/1759 1943/1194/1759
f 1963/1199/1760 1943/1194/1760 1962/1198/1760
f 2291/1023/1761 1910/886/1761 1912/888/1761
f 1911/887/1762 1910/886/1762 2291/1023/1762
f 1961/927/1763 2186/998/1763 1958/924/1763
f 1961/927/2054 1958/924/2054 1957/923/2054
f 2036/953/1765 2229/1010/1765 2037/954/1765
f 2033/1244/1766 2333/1474/1766 2064/1266/1766
f 2030/1240/1767 2333/1474/1767 2033/1244/1767
f 2262/1409/1768 2279/1423/1768 2259/1406/1769
f 2259/1406/2055 2258/1405/2055 2262/1409/2055
f 2383/1520/1771 2384/1521/1771 2385/1522/1771
f 2321/1462/1772 2383/1520/1772 2385/1522/1772
f 2345/1486/1773 2347/1488/1773 2348/1489/1773
f 2348/1489/1774 2357/1498/1774 2345/1486/1774
f 2308/1449/1775 2310/1451/1775 2056/1262/1775
f 2199/1357/1776 2386/1523/1776 2264/1411/1776
f 2199/1357/1777 2264/1411/1777 2197/1355/1777
f 2047/1253/2056 2129/1308/2056 2169/1333/2056
f 2131/982/1779 2128/1037/1779 2133/984/1779
f 2131/982/1780 2126/1027/1780 2128/1037/1780
f 2098/1290/1781 2006/1228/1781 2005/1227/1781
f 2098/1290/1782 2100/1292/1782 2006/1228/1782
f 2387/1524/1783 2138/1313/1783 2388/1525/1783
f 2388/1525/2057 2138/1313/2057 2140/1315/2057
f 2240/1016/1785 2236/1012/1785 2238/1014/1785
f 2236/1012/1786 2240/1016/1786 2239/1015/1786
f 2309/1450/1787 2366/1505/1787 2310/1451/1787
f 2364/1503/1788 2366/1505/1788 2309/1450/1788
f 1991/937/1789 2304/1038/1789 2305/1039/1789
f 2281/1425/1790 2139/1314/1790 2389/1526/1790
f 2281/1425/2058 2389/1526/2058 2390/1527/2058
f 2349/1490/1792 2391/1528/1792 2392/1529/1792
f 2347/1488/1793 2391/1528/1793 2349/1490/1793
f 2393/1530/1794 2394/1531/1794 2395/1532/1794
f 2317/1458/1795 2320/1461/1795 2318/1459/1795
f 2321/1462/1796 2255/1402/1796 2383/1520/1796
f 2200/1358/1797 2255/1402/1797 2321/1462/1797
f 2396/1533/1798 2244/1391/1798 2370/1508/1798
f 2370/1508/1799 2397/1534/1800 2396/1533/1799
f 2164/989/1801 2167/993/1801 2211/1002/1801
f 2164/989/1802 2163/991/1802 2167/993/1802
f 2174/1338/2059 2213/1370/2059 1972/1206/2059
f 1876/870/2060 1875/869/2060 2074/969/2060
f 2074/966/1805 1875/975/1805 2075/967/1805
f 2251/1398/1806 2253/1400/1806 2110/1298/1806
f 2176/1340/1807 2206/1364/1807 2204/1362/1807
f 1864/1040/1808 2037/954/1808 1862/1011/1808
f 2071/963/1809 2037/954/1809 1864/1040/1809
f 2171/1335/1810 2081/1273/1810 2188/1348/1810
f 2042/1248/1811 2171/1335/1811 2188/1348/1811
f 2380/1517/1812 2343/1484/1813 2338/1479/1813
f 2343/1484/1814 2160/1330/1814 2338/1479/1814
f 2202/1360/1815 2201/1359/1816 2029/1239/1817
f 2029/1239/1817 2201/1359/1816 2203/1361/1818
f 2125/1041/1819 2111/976/1819 1946/915/1819
f 2125/1041/2061 2113/978/2061 2111/976/2061
f 2070/962/1821 2069/961/1821 1949/918/1821
f 2069/961/1822 1864/1040/1822 1949/918/1822
f 2234/1386/1823 2398/1535/1823 2331/1472/1823
f 2046/1252/1824 2049/1255/1824 2269/1414/1824
f 2250/1397/1825 2253/1400/1825 2252/1399/1825
f 2248/1395/2062 2250/1397/2062 2252/1399/2062
f 1886/880/1827 1879/873/1827 1885/879/1827
f 1885/879/1828 2273/1022/1828 1886/880/1828
f 2399/1536/1829 2400/1537/1829 2401/1538/1829
f 2226/1009/1830 2168/994/1830 1956/922/1830
f 2226/1009/1831 2038/955/1831 2168/994/1831
f 2266/1413/1832 2263/1410/1832 2205/1363/1832
f 2053/1259/2063 2402/1539/2063 2308/1449/2063
f 2402/1539/1834 2309/1450/1834 2308/1449/1835
f 2157/1328/1836 2004/1226/1837 2256/1403/1838
f 2194/1352/1839 2303/1446/1839 2272/1417/1839
f 2272/1417/1840 2271/1416/1840 2194/1352/1840
f 1992/938/1841 1991/937/1841 2076/968/1841
f 2305/1039/1842 2076/968/1842 1991/937/1842
f 2293/1436/2064 2313/1454/2064 2294/1437/2064
f 2313/1454/1844 2315/1456/1844 2294/1437/1844
f 2221/1021/2065 2183/997/2065 2104/973/2065
f 2104/973/1846 2268/1019/1846 2221/1021/1846
f 1997/1221/1847 2119/1303/1847 2118/1302/1847
f 2118/1302/1848 1998/1222/1848 1997/1221/1848
f 2124/1047/1849 2127/1049/1849 2113/978/1849
f 2014/1233/2066 2403/1540/1851 2012/1231/1851
f 2404/1541/1852 2012/1231/1853 2403/1540/1854
f 2354/1495/1855 2404/1541/1852 2403/1540/1854
f 2361/1502/1856 2282/1426/1856 2284/1428/1857
f 2405/1542/2067 2282/1426/2067 2361/1502/2067
f 1939/1190/1859 1938/1189/1859 2008/1230/1859
f 2008/1242/1860 1938/1374/1860 2030/1240/1860
f 2316/1457/2068 2295/1438/2068 2294/1437/2068
f 2316/1457/1862 2367/1506/1862 2295/1438/1862
f 2390/1527/1863 2406/1543/1863 2281/1425/1863
f 2389/1526/2069 2407/1544/2069 2390/1527/1865
f 2406/1543/1866 2306/1447/1866 2281/1425/1866
f 2352/1493/2070 2354/1495/2070 2408/1545/2070
f 2408/1545/1868 2354/1495/1869 2403/1540/1868
f 2099/1291/1870 2005/1227/1870 1859/1170/1870
f 2005/1227/1871 2099/1291/1871 2098/1290/1871
f 2323/1464/1872 2324/1465/1872 2321/1462/1872
f 2049/1255/1873 2051/1257/1873 2269/1414/1873
f 2269/1414/1874 2051/1257/1874 2044/1250/1874
f 1976/932/1875 2024/949/1875 1974/930/1875
f 1868/862/1876 1974/930/1876 2024/949/1876
f 2011/1020/1877 2220/1045/1877 2183/997/1877
f 2220/1045/1878 2150/987/1878 2183/997/1878
f 2403/1540/1879 2135/1310/1880 2408/1545/1880
f 2014/1233/1881 2135/1310/1882 2403/1540/1883
f 2151/988/1884 2149/986/1884 1920/896/1884
f 1952/921/1885 2072/964/1885 2071/963/1885
f 2048/1254/1886 2152/1323/1886 2299/1442/1886
f 2169/1333/1887 2152/1323/1887 2048/1254/1887
f 1915/891/1888 1932/908/1888 1927/903/1888
f 1932/908/1889 1925/901/1889 1927/903/1889
f 2154/1325/1890 2301/1444/1890 2300/1443/1890
f 2197/1355/1891 2265/1412/1891 2196/1354/1891
f 2379/1516/1892 2378/1515/1893 2409/1546/1893
f 1960/926/1894 2187/999/1894 2186/998/1894
f 1967/929/1895 1891/1017/1895 2026/951/1895
f 1891/1017/1896 1887/881/1896 2026/951/1896
f 2410/1547/1897 2411/1548/1897 2412/1549/1897
f 2356/1497/1898 2353/1494/1898 2352/1493/1898
f 2132/983/1899 2130/980/1899 2131/982/1899
f 2164/989/1900 2130/980/1900 2132/983/1900
f 2245/1392/1901 2096/1288/1901 2243/1390/1901
f 2096/1288/1902 2181/1345/1902 2243/1390/1902
f 2085/1277/1903 2285/1429/1903 2086/1278/1903
f 1905/1183/1904 1903/1181/1904 2136/1311/1904
f 2385/1522/1905 2413/1550/1905 2322/1463/1905
f 2385/1522/2071 2322/1463/2071 2321/1462/2071
f 2089/1281/1907 2050/1256/1907 2087/1279/1907
f 2368/1035/1908 2267/1018/1908 1922/898/1908
f 2267/1018/1909 2104/973/1909 1922/898/1909
f 2204/1362/2072 2205/1363/2072 2192/1350/2072
f 2205/1363/1911 2204/1362/1911 2206/1364/1911
f 2287/1431/1912 2314/1455/1912 2313/1454/1912
f 2359/1500/2073 2314/1455/1914 2287/1431/2073
f 2384/1521/1915 2413/1550/1915 2385/1522/1915
f 2384/1521/1916 2414/1551/1916 2413/1550/1916
f 2388/1525/2074 2307/1448/2074 2387/1524/2074
f 2140/1315/1918 2307/1448/1918 2388/1525/1918
f 2274/1418/2075 2247/1394/2075 2275/1419/2075
f 2335/1476/1920 2386/1523/1920 2199/1357/1920
f 2335/1476/1921 2344/1485/1921 2386/1523/1921
f 2116/1300/1922 2115/1299/1922 2000/1224/1922
f 2115/1299/2076 2001/1225/2076 2000/1224/2076
f 2121/1305/1924 2147/1322/1925 2146/1321/1926
f 1865/859/1927 2362/1032/1927 1893/884/1927
f 1893/884/1928 2362/1032/1928 1966/928/1928
f 2288/1432/1929 2405/1542/2077 2361/1502/2078
f 2288/1432/2079 2290/1434/2079 2405/1542/2079
f 1949/918/1932 1863/1046/1932 2062/1043/1932
f 1962/1198/1933 2083/1275/1934 1964/1200/1935
f 2083/1275/1934 1962/1198/1933 1859/1170/1936
f 2381/1518/1937 2350/1491/1937 2377/1514/1937
f 2379/1516/1938 2381/1518/1939 2377/1514/1940
f 2302/1445/1941 2415/1552/1942 2370/1508/1943
f 2370/1508/1943 2241/1388/1944 2302/1445/1941
f 2397/1534/1945 2370/1508/1945 2415/1552/1945
f 2409/1546/1946 2231/1383/1946 2230/1382/1946
f 2163/991/1947 2273/1022/1947 2166/992/1947
f 2094/1286/1948 2214/1371/1948 2158/1329/1948
f 2243/1390/1949 2242/1389/1949 2245/1392/1949
f 2390/1527/1950 2407/1544/1950 2283/1427/1950
f 2238/1014/1951 2019/944/1951 2018/943/1951
f 2238/1014/1952 2237/1013/1952 2019/944/1952
f 2354/1495/2080 2353/1494/2080 2404/1541/2080
f 2302/1445/1954 2241/1388/1954 2243/1390/1954
f 2063/1042/1955 1989/935/1955 1988/934/1955
f 1965/1201/1956 1964/1200/1956 1895/1173/1956
f 1895/1173/1957 1900/1178/1957 1965/1201/1957
f 2232/1384/1958 2327/1468/1958 2329/1470/1958
f 2230/1382/1959 2232/1384/1959 2329/1470/1959
f 2416/1553/1960 2328/1469/1960 2327/1468/1960
f 2207/1365/1961 2417/1554/1961 2339/1480/1961
usemtl xmaterial_bf0acc1fa4df433.001
f 2991/1555/2606 2993/1556/2607 2992/1557/2608
f 2993/1556/2607 2991/1555/2606 2994/1558/2609
f 2994/1559/2610 2996/1560/2611 2995/1561/2612
f 2997/1556/2613 2994/1558/2613 2998/1562/2613
f 2997/1556/2614 2998/1562/2614 2999/1563/2614
f 2995/1561/2612 2996/1560/2611 3000/1564/2615
f 3001/1564/2616 2996/1560/2616 3002/1565/2616
f 3003/1566/2617 3002/1567/2617 3001/1557/2617
f 3000/1564/2618 3005/1565/2618 3004/1568/2618
f 3004/1566/2619 3006/1569/2619 3005/1567/2619
f 3007/1570/2620 3008/1571/2620 2995/1561/2620
f 3008/1562/2621 3010/1572/2621 3009/1563/2621
f 3011/1573/2622 3009/1563/2622 3010/1572/2622
f 3012/1574/2623 3007/1570/2624 3013/1575/2625
f 3013/1575/2625 3014/1576/2626 3012/1574/2623
f 3016/1577/2627 3020/1578/2627 3015/1579/2627
f 3015/1579/2628 3017/1580/2628 3016/1577/2628
f 3015/1579/2629 3018/1581/2630 3017/1580/2631
f 3015/1579/2629 3019/1582/2632 3018/1581/2630
f 3015/1579/2633 3020/1578/2633 3019/1582/2633
f 3021/1583/2634 3025/1584/2634 3020/1585/2634
f 3021/1583/2635 3020/1585/2635 3022/1586/2635
f 3016/1577/2636 3022/1587/2636 3020/1578/2636
f 3020/1585/2637 3025/1584/2637 3023/1588/2637
f 3023/1588/2638 3024/1589/2638 3020/1585/2638
f 3020/1578/2639 3024/1590/2639 3019/1582/2639
f 3026/1591/2640 3025/1584/2640 3028/1592/2640
f 3026/1591/2641 3027/1593/2641 3025/1584/2641
f 3023/1588/2642 3025/1584/2642 3027/1593/2642
f 3028/1592/2643 3025/1584/2643 3021/1583/2643
f 3028/1592/2644 3029/1594/2644 3026/1591/2644
f 3029/1594/2645 3028/1592/2645 3030/1595/2645
f 3030/1595/2646 3028/1592/2647 3021/1583/2647
f 3021/1583/2648 3022/1586/2648 3030/1595/2648
f 3022/1586/2649 3032/1596/2649 3030/1595/2649
f 3031/1597/2650 3029/1594/2650 3030/1595/2650
f 3030/1595/2651 3032/1596/2651 3031/1597/2651
f 3032/1596/2652 3033/1598/2653 3031/1597/2654
f 3033/1598/2655 3032/1596/2656 3034/1599/2657
f 3034/1599/2658 3032/1596/2658 3035/1600/2658
f 3035/1600/2659 3032/1596/2659 3022/1586/2660
f 3036/1601/2661 3035/1602/2662 3022/1587/2663
f 3036/1601/2661 3037/1603/2664 3035/1602/2662
f 3037/1603/2665 3038/1604/2665 3035/1602/2665
f 3034/1599/2666 3035/1600/2666 3038/1605/2666
f 3038/1605/2667 3039/1606/2667 3034/1599/2667
f 3038/1604/2668 3040/1607/2668 3039/1608/2668
f 3038/1604/2669 3037/1603/2669 3040/1607/2669
f 3039/1608/2670 3040/1607/2670 3041/1609/2670
f 3040/1607/2671 3042/1610/2671 3041/1609/2671
f 3040/1607/2672 3037/1603/2673 3042/1610/2674
f 3043/1611/2675 3041/1609/2675 3042/1610/2675
f 3043/1611/2676 3042/1610/2677 3044/1612/2678
f 3042/1610/2679 3045/1613/2679 3044/1612/2679
f 3037/1603/2680 3045/1613/2680 3042/1610/2680
f 3045/1613/2681 3037/1603/2681 3048/1614/2681
f 3045/1613/2682 3049/1615/2682 3046/1616/2682
f 3046/1616/2683 3047/1617/2683 3045/1613/2683
f 3047/1617/2684 3044/1612/2684 3045/1613/2684
f 3049/1615/2685 3045/1613/2685 3048/1614/2685
f 3049/1615/2686 3050/1618/2686 3046/1616/2686
f 3051/1619/2687 3050/1618/2687 3049/1615/2687
f 3048/1614/2688 3051/1619/2688 3049/1615/2688
f 3017/1580/2689 3051/1619/2689 3036/1601/2689
f 3036/1601/2690 3051/1619/2690 3048/1614/2690
f 3054/1620/2691 3050/1618/2691 3051/1619/2691
f 3051/1619/2692 3017/1580/2692 3052/1621/2692
f 3051/1619/2693 3052/1621/2693 3053/1622/2693
f 3053/1622/2694 3054/1620/2694 3051/1619/2694
f 3054/1620/2695 3055/1623/2696 3050/1618/2697
f 3054/1620/2698 3056/1624/2699 3055/1623/2700
f 3053/1622/2701 3056/1624/2699 3054/1620/2698
f 3053/1622/2702 3057/1625/2703 3056/1624/2704
f 3057/1626/2705 3058/1627/2705 3056/1628/2705
f 3059/1629/2706 3056/1628/2706 3058/1627/2706
f 3055/1630/2707 3056/1628/2707 3059/1629/2707
f 3059/1629/2708 3058/1627/2708 3060/1631/2708
f 3061/1632/2709 3059/1629/2709 3026/1591/2709
f 3059/1629/2710 3060/1631/2711 3026/1591/2712
f 3055/1630/2713 3059/1629/2713 3061/1632/2713
f 3062/1633/2714 3064/1634/2714 3061/1632/2714
f 3061/1632/2715 3063/1635/2715 3062/1633/2715
f 3061/1632/2716 3033/1598/2653 3063/1635/2717
f 3061/1632/2718 3064/1634/2718 3065/1636/2718
f 3061/1632/2719 3065/1636/2719 3055/1630/2719
f 3061/1632/2716 3031/1597/2654 3033/1598/2653
f 3029/1594/2720 3031/1597/2720 3061/1632/2720
f 3026/1591/2721 3029/1594/2721 3061/1632/2721
f 3066/1637/2722 3065/1636/2722 3064/1634/2722
f 3055/1623/2696 3065/1638/2723 3050/1618/2697
f 3050/1618/2724 3065/1638/2724 3046/1616/2724
f 3065/1638/2725 3066/1639/2725 3046/1616/2725
f 3069/1640/2726 3066/1639/2726 3067/1641/2726
f 3067/1642/2727 3066/1637/2727 3068/1643/2727
f 3064/1634/2728 3068/1643/2728 3066/1637/2728
f 3047/1617/2729 3066/1639/2729 3069/1640/2729
f 3046/1616/2730 3066/1639/2730 3047/1617/2730
f 3044/1612/2731 3047/1617/2731 3069/1640/2731
f 3069/1640/2732 3070/1644/2732 3044/1612/2732
f 3069/1640/2733 3071/1645/2733 3070/1644/2733
f 3072/1646/2734 3069/1640/2734 3067/1641/2734
f 3072/1646/2735 3071/1645/2735 3069/1640/2735
f 3072/1646/2736 3073/1647/2736 3071/1645/2736
f 3072/1646/2737 3074/1648/2737 3073/1647/2737
f 3067/1641/2738 3074/1648/2738 3072/1646/2738
f 3068/1643/2739 3075/1649/2739 3074/1650/2739
f 3075/1649/2740 3076/1651/2740 3074/1650/2740
f 3076/1651/2741 3077/1652/2741 3074/1650/2741
f 3074/1650/2742 3067/1642/2743 3068/1643/2744
f 3073/1647/2745 3074/1648/2745 3077/1653/2745
f 3077/1652/2746 3076/1651/2746 3078/1654/2746
f 3078/1654/2747 3079/1655/2747 3077/1652/2747
f 3073/1647/2748 3077/1653/2748 3079/1656/2748
f 3078/1654/2749 3080/1657/2750 3079/1655/2751
f 3080/1658/2752 3071/1645/2752 3079/1656/2752
f 3079/1656/2753 3071/1645/2753 3073/1647/2753
f 3071/1645/2754 3080/1658/2754 3070/1644/2754
f 3081/1659/2755 3080/1657/2755 3075/1649/2755
f 3075/1649/2756 3080/1657/2756 3078/1654/2756
f 3070/1644/2757 3080/1658/2757 3081/1660/2757
f 3081/1660/2758 3082/1661/2759 3070/1644/2758
f 3082/1661/2760 3081/1660/2760 3083/1662/2761
f 3084/1663/2762 3083/1664/2763 3081/1659/2762
f 3084/1663/2764 3081/1659/2765 3075/1649/2765
f 3084/1663/2766 3062/1633/2767 3085/1665/2766
f 3084/1663/2768 3075/1649/2769 3062/1633/2770
f 3085/1665/2771 3083/1664/2771 3084/1663/2771
f 3088/1666/2772 3085/1665/2772 3086/1667/2772
f 3086/1667/2773 3085/1665/2774 3087/1668/2775
f 3085/1665/2776 3062/1633/2776 3087/1668/2776
f 3083/1664/2777 3085/1665/2777 3088/1666/2777
f 3083/1662/2778 3088/1669/2778 3089/1670/2778
f 3089/1670/2779 3088/1669/2779 3090/1671/2779
f 3090/1672/2780 3088/1666/2780 3086/1667/2780
f 3090/1671/2781 3091/1673/2781 3089/1670/2781
f 3092/1674/2782 3091/1673/2782 3090/1671/2782
f 3092/1675/2783 3090/1672/2784 3086/1667/2785
f 3092/1674/2786 3094/1676/2787 3093/1677/2786
f 3093/1677/2788 3091/1673/2788 3092/1674/2788
f 3095/1678/2789 3094/1679/2789 3092/1675/2789
f 3095/1678/2790 3092/1675/2783 3086/1667/2785
f 3095/1678/2791 3096/1680/2791 3097/1681/2791
f 3096/1680/2792 3095/1678/2792 3086/1667/2792
f 3098/1682/2793 3095/1678/2794 3097/1681/2795
f 3095/1678/2794 3098/1682/2793 3094/1679/2796
f 3099/1683/2797 3094/1676/2797 3098/1684/2797
f 3101/1685/2798 3098/1682/2798 3097/1681/2798
f 3099/1683/2799 3098/1684/2799 3100/1686/2799
f 3098/1684/2800 3101/1687/2800 3100/1686/2800
f 3093/1677/2801 3100/1686/2801 3101/1687/2801
f 3093/1677/2802 3101/1687/2802 3102/1688/2802
f 3101/1687/2803 3103/1689/2803 3102/1688/2803
f 3101/1685/2804 3097/1681/2804 3096/1680/2804
f 3096/1680/2805 3103/1690/2806 3101/1685/2807
f 3103/1690/2808 3104/1691/2808 3105/1692/2808
f 3103/1690/2806 3096/1680/2805 3104/1691/2806
f 3105/1692/2809 3106/1693/2809 3103/1690/2809
f 3103/1689/2810 3106/1694/2810 3102/1688/2810
f 3102/1688/2811 3106/1694/2811 3041/1609/2811
f 3041/1609/2812 3106/1694/2812 3039/1608/2812
f 3039/1606/2813 3106/1693/2813 3105/1692/2813
f 3104/1691/2814 3087/1668/2814 3105/1692/2814
f 3087/1668/2815 3034/1599/2815 3105/1692/2815
f 3034/1599/2816 3039/1606/2816 3105/1692/2816
f 3104/1691/2817 3086/1667/2773 3087/1668/2775
f 3104/1691/2817 3096/1680/2818 3086/1667/2773
f 3093/1677/2819 3102/1688/2819 3107/1695/2819
f 3108/1696/2820 3107/1695/2820 3102/1688/2820
f 3041/1609/2821 3108/1696/2821 3102/1688/2821
f 3108/1696/2822 3109/1697/2822 3107/1695/2822
f 3108/1696/2823 3041/1609/2823 3043/1611/2823
f 3109/1697/2824 3108/1696/2824 3043/1611/2824
f 3109/1697/2825 3044/1612/2825 3089/1670/2825
f 3109/1697/2826 3043/1611/2676 3044/1612/2678
f 3089/1670/2827 3091/1673/2827 3109/1697/2827
f 3091/1673/2828 3107/1695/2828 3109/1697/2828
f 3107/1695/2829 3091/1673/2829 3093/1677/2829
f 3099/1683/2830 3100/1686/2830 3093/1677/2830
f 3094/1676/2831 3099/1683/2831 3093/1677/2831
f 3089/1670/2832 3082/1661/2832 3083/1662/2832
f 3044/1612/2833 3082/1661/2833 3089/1670/2833
f 3034/1599/2834 3087/1668/2835 3110/1698/2836
f 3110/1698/2836 3087/1668/2835 3062/1633/2837
f 3110/1698/2838 3062/1633/2838 3063/1635/2838
f 3110/1698/2839 3033/1598/2655 3034/1599/2657
f 3110/1698/2840 3111/1699/2840 3033/1598/2840
f 3111/1699/2841 3110/1698/2841 3063/1635/2841
f 3063/1635/2842 3033/1598/2842 3111/1699/2842
f 3070/1644/2843 3082/1661/2843 3044/1612/2843
f 3078/1654/2844 3076/1651/2844 3075/1649/2844
f 3062/1633/2845 3075/1649/2845 3068/1643/2845
f 3068/1643/2846 3064/1634/2846 3062/1633/2846
f 3060/1631/2711 3027/1593/2847 3026/1591/2712
f 3113/1700/2848 3027/1593/2848 3060/1631/2848
f 3112/1701/2849 3060/1631/2849 3058/1627/2849
f 3112/1701/2850 3113/1700/2850 3060/1631/2850
f 3112/1701/2851 3114/1702/2851 3113/1700/2851
f 3114/1702/2852 3115/1703/2852 3113/1700/2852
f 3116/1704/2853 3113/1700/2853 3115/1703/2853
f 3027/1593/2854 3113/1700/2854 3116/1704/2854
f 3027/1593/2855 3116/1704/2855 3023/1588/2855
f 3023/1588/2856 3116/1704/2856 3117/1705/2856
f 3117/1705/2857 3116/1704/2857 3115/1703/2857
f 3023/1588/2858 3117/1705/2858 3024/1589/2858
f 3117/1705/2859 3118/1706/2859 3024/1589/2859
f 3117/1705/2860 3119/1707/2860 3118/1706/2860
f 3120/1708/2861 3119/1707/2861 3117/1705/2861
f 3115/1703/2862 3120/1708/2862 3117/1705/2862
f 3115/1703/2863 3121/1709/2864 3120/1708/2865
f 3121/1709/2866 3122/1710/2866 3120/1708/2866
f 3120/1708/2867 3122/1710/2867 3123/1711/2867
f 3123/1711/2868 3119/1707/2868 3120/1708/2868
f 3124/1712/2869 3125/1713/2870 3123/1714/2871
f 3124/1712/2872 3123/1714/2872 3122/1715/2872
f 3125/1713/2873 3126/1716/2873 3123/1714/2873
f 3123/1714/2874 3126/1716/2874 3119/1717/2874
f 3129/1718/2875 3126/1719/2875 3127/1720/2875
f 3127/1721/2876 3126/1716/2876 3128/1722/2876
f 3128/1722/2877 3126/1716/2877 3125/1713/2877
f 3118/1723/2878 3126/1719/2879 3129/1718/2880
f 3118/1723/2878 3119/1724/2881 3126/1719/2879
f 3127/1720/2882 3130/1725/2882 3129/1718/2882
f 3131/1726/2883 3129/1718/2883 3130/1725/2883
f 3131/1726/2884 3118/1723/2884 3129/1718/2884
f 3132/1727/2885 3135/1728/2885 3131/1726/2885
f 3131/1726/2886 3130/1725/2886 3132/1727/2886
f 3118/1729/2887 3131/1730/2887 3134/1731/2887
f 3133/1732/2888 3131/1730/2888 3135/1733/2888
f 3133/1732/2889 3134/1731/2889 3131/1730/2889
f 3135/1733/2890 3136/1734/2890 3133/1732/2890
f 3135/1733/2891 3137/1735/2891 3136/1734/2891
f 3137/1736/2892 3135/1728/2892 3138/1737/2892
f 3138/1737/2893 3135/1728/2893 3132/1727/2893
f 3132/1727/2894 3140/1738/2894 3138/1737/2894
f 3139/1739/2895 3137/1736/2895 3138/1737/2895
f 3138/1737/2896 3140/1738/2896 3139/1739/2896
f 3139/1740/2897 3140/1738/2897 3141/1741/2897
f 3141/1741/2898 3140/1738/2898 3142/1742/2898
f 3142/1742/2899 3140/1738/2899 3132/1727/2899
f 3143/1743/2900 3142/1742/2900 3130/1725/2900
f 3143/1743/2901 3144/1744/2901 3142/1742/2901
f 3142/1742/2902 3144/1744/2902 3141/1741/2902
f 3130/1725/2903 3142/1742/2903 3132/1727/2903
f 3144/1744/2904 3143/1743/2904 3146/1745/2904
f 3141/1741/2905 3144/1744/2905 3147/1746/2905
f 3147/1746/2906 3144/1744/2906 3145/1747/2906
f 3144/1744/2907 3146/1745/2907 3145/1747/2907
f 3148/1748/2908 3149/1749/2908 3147/1746/2908
f 3147/1746/2909 3145/1747/2909 3148/1748/2909
f 3147/1746/2910 3149/1749/2910 3141/1741/2910
f 3149/1750/2911 3148/1751/2911 3150/1752/2911
f 3149/1750/2912 3150/1752/2912 3141/1753/2912
f 3150/1752/2913 3155/1754/2913 3151/1755/2913
f 3151/1755/2914 3152/1756/2914 3150/1752/2914
f 3154/1757/2915 3150/1752/2915 3152/1756/2915
f 3150/1752/2916 3153/1758/2916 3141/1753/2916
f 3154/1757/2917 3153/1758/2917 3150/1752/2917
f 3148/1751/2918 3155/1754/2918 3150/1752/2918
f 3156/1759/2919 3157/1760/2919 3155/1754/2919
f 3155/1754/2920 3148/1751/2920 3156/1759/2920
f 3157/1760/2921 3151/1755/2921 3155/1754/2921
f 3158/1761/2922 3151/1755/2923 3157/1760/2924
f 3158/1761/2925 3157/1760/2925 3156/1759/2925
f 3160/1762/2926 3158/1761/2926 3156/1759/2926
f 3162/1763/2927 3158/1761/2927 3159/1764/2927
f 3158/1761/2928 3160/1762/2929 3159/1764/2930
f 3158/1761/2922 3161/1765/2931 3151/1755/2923
f 3158/1761/2932 3162/1763/2932 3161/1765/2932
f 3161/1765/2933 3162/1763/2933 3163/1766/2933
f 3163/1766/2934 3162/1763/2934 3159/1764/2934
f 3164/1767/2935 3161/1765/2935 3163/1766/2935
f 3164/1767/2936 3163/1766/2937 3165/1768/2938
f 3165/1768/2939 3163/1766/2939 3159/1764/2939
f 3164/1767/2936 3165/1768/2938 3166/1769/2940
f 3165/1768/2941 3167/1770/2941 3166/1769/2942
f 3165/1768/2943 3168/1771/2943 3167/1770/2943
f 3159/1764/2930 3160/1762/2929 3165/1768/2944
f 3160/1762/2945 3170/1772/2946 3165/1768/2947
f 3165/1768/2948 3169/1773/2948 3168/1771/2948
f 3169/1773/2949 3165/1768/2947 3170/1772/2946
f 3170/1772/2950 3171/1774/2950 3172/1775/2950
f 3170/1772/2951 3160/1762/2951 3171/1774/2951
f 3172/1775/2952 3173/1776/2953 3170/1772/2954
f 3170/1772/2955 3173/1776/2955 3175/1777/2955
f 3170/1772/2956 3174/1778/2956 3169/1773/2956
f 3170/1772/2957 3175/1777/2957 3174/1778/2957
f 3175/1779/2958 3173/1780/2958 3177/1781/2958
f 3176/1782/2959 3174/1783/2959 3175/1779/2959
f 3175/1779/2960 3177/1781/2960 3176/1782/2960
f 3177/1781/2961 3173/1780/2961 3178/1784/2961
f 3178/1784/2962 3179/1785/2962 3177/1781/2962
f 3177/1781/2963 3179/1785/2963 3180/1786/2963
f 3180/1786/2964 3176/1782/2964 3177/1781/2964
f 3179/1785/2965 3181/1787/2965 3180/1786/2965
f 3181/1787/2966 3184/1788/2966 3180/1786/2966
f 3182/1789/2967 3180/1786/2967 3184/1788/2967
f 3182/1789/2968 3183/1790/2968 3180/1786/2968
f 3183/1790/2969 3176/1782/2969 3180/1786/2969
f 3184/1788/2970 3186/1791/2970 3145/1747/2970
f 3145/1747/2971 3185/1792/2971 3184/1788/2971
f 3184/1788/2972 3185/1792/2972 3187/1793/2972
f 3188/1794/2973 3186/1791/2973 3184/1788/2973
f 3184/1788/2974 3187/1793/2974 3182/1789/2974
f 3181/1787/2975 3188/1794/2975 3184/1788/2975
f 3189/1795/2976 3188/1796/2976 3181/1797/2976
f 3189/1795/2977 3156/1759/2977 3188/1796/2977
f 3188/1796/2978 3156/1759/2978 3186/1798/2978
f 3189/1795/2979 3190/1799/2980 3156/1759/2979
f 3189/1795/2981 3181/1797/2981 3190/1799/2981
f 3156/1759/2982 3190/1799/2982 3160/1762/2982
f 3160/1762/2983 3190/1799/2983 3171/1774/2983
f 3190/1799/2984 3192/1800/2984 3171/1774/2984
f 3191/1801/2985 3192/1800/2986 3190/1799/2986
f 3191/1801/2987 3190/1799/2987 3181/1797/2987
f 3192/1800/2988 3193/1802/2988 3171/1774/2988
f 3192/1800/2989 3191/1801/2989 3194/1803/2989
f 3192/1800/2990 3194/1803/2990 3193/1802/2990
f 3194/1803/2991 3195/1804/2991 3193/1802/2991
f 3196/1805/2992 3195/1806/2992 3194/1807/2992
f 3194/1807/2993 3191/1808/2994 3196/1805/2995
f 3178/1784/2996 3195/1806/2996 3196/1805/2996
f 3178/1784/2997 3196/1805/2997 3179/1785/2997
f 3196/1805/2995 3191/1808/2994 3179/1785/2998
f 3193/1802/2999 3195/1804/2999 3197/1809/2999
f 3195/1804/3000 3178/1810/3000 3197/1809/3000
f 3172/1775/3001 3171/1774/3001 3197/1809/3001
f 3197/1809/3002 3173/1776/3002 3172/1775/3002
f 3178/1810/3003 3173/1776/3003 3197/1809/3003
f 3197/1809/3004 3171/1774/3004 3193/1802/3004
f 3179/1785/3005 3191/1808/3005 3181/1787/3005
f 3198/1811/3006 3199/1812/3006 3187/1793/3006
f 3187/1793/3007 3185/1792/3007 3198/1811/3007
f 3182/1789/3008 3187/1793/3008 3199/1812/3008
f 3200/1813/3009 3201/1814/3009 3199/1812/3009
f 3199/1812/3010 3198/1811/3010 3200/1813/3010
f 3199/1812/3011 3201/1814/3011 3182/1789/3011
f 3202/1815/3012 3201/1814/3012 3203/1816/3012
f 3202/1815/3013 3182/1789/3013 3201/1814/3013
f 3203/1816/3014 3201/1814/3014 3204/1817/3014
f 3201/1814/3015 3200/1813/3015 3204/1817/3015
f 3200/1813/3016 3205/1818/3016 3204/1817/3016
f 3204/1819/3017 3205/1820/3017 3164/1767/3017
f 3204/1817/3018 3206/1821/3019 3203/1816/3019
f 3166/1769/3020 3206/1822/3020 3204/1819/3020
f 3166/1769/3021 3204/1819/3021 3164/1767/3021
f 3206/1821/3022 3208/1823/3023 3207/1824/3024
f 3207/1824/3024 3203/1816/3025 3206/1821/3022
f 3208/1825/3026 3206/1822/3026 3167/1770/3026
f 3167/1770/3027 3206/1822/3027 3166/1769/3027
f 3167/1770/3028 3209/1826/3028 3208/1825/3028
f 3208/1825/3029 3209/1826/3029 3210/1827/3029
f 3208/1823/3030 3210/1828/3030 3207/1824/3030
f 3211/1829/3031 3213/1830/3032 3210/1828/3033
f 3211/1831/3034 3210/1827/3035 3212/1832/3036
f 3212/1832/3036 3210/1827/3035 3209/1826/3037
f 3207/1824/3038 3210/1828/3033 3213/1830/3032
f 3211/1829/3039 3214/1833/3039 3213/1830/3039
f 3214/1833/3040 3215/1834/3040 3213/1830/3040
f 3207/1824/3041 3213/1830/3041 3215/1834/3041
f 3214/1833/3042 3216/1835/3042 3215/1834/3042
f 3207/1824/3043 3215/1834/3043 3203/1816/3043
f 3203/1816/3044 3215/1834/3044 3202/1815/3044
f 3202/1815/3045 3215/1834/3045 3216/1835/3045
f 3214/1833/3046 3183/1790/3046 3216/1835/3046
f 3216/1835/3047 3183/1790/3047 3202/1815/3047
f 3218/1836/3048 3183/1790/3048 3214/1833/3048
f 3214/1833/3049 3219/1837/3049 3217/1838/3049
f 3217/1838/3050 3218/1836/3050 3214/1833/3050
f 3211/1829/3051 3219/1837/3051 3214/1833/3051
f 3220/1839/3052 3217/1838/3052 3219/1837/3052
f 3222/1840/3053 3220/1839/3053 3219/1837/3053
f 3221/1841/3054 3219/1837/3054 3211/1829/3054
f 3221/1841/3055 3222/1840/3055 3219/1837/3055
f 3221/1841/3056 3223/1842/3056 3222/1840/3056
f 3222/1840/3057 3223/1842/3057 3224/1843/3057
f 3222/1840/3058 3224/1843/3058 3220/1839/3058
f 3223/1842/3059 3225/1844/3059 3224/1843/3059
f 3224/1843/3060 3225/1844/3060 3220/1839/3060
f 3225/1844/3061 3226/1845/3061 3220/1839/3061
f 3223/1846/3062 3226/1847/3063 3225/1848/3064
f 3217/1838/3065 3226/1845/3066 3227/1849/3067
f 3217/1838/3068 3220/1839/3069 3226/1845/3070
f 3228/1850/3071 3227/1851/3071 3226/1847/3071
f 3223/1846/3062 3228/1850/3072 3226/1847/3063
f 3227/1851/3073 3228/1850/3073 3168/1771/3073
f 3228/1850/3074 3209/1826/3075 3168/1771/3076
f 3212/1832/3077 3209/1826/3075 3228/1850/3074
f 3212/1832/3078 3228/1850/3078 3223/1846/3078
f 3227/1851/3079 3168/1771/3079 3169/1773/3079
f 3227/1849/3080 3218/1836/3080 3217/1838/3080
f 3218/1836/3081 3227/1849/3081 3174/1783/3081
f 3169/1773/3082 3174/1778/3082 3227/1851/3082
f 3221/1852/3083 3212/1832/3083 3223/1846/3083
f 3221/1852/3084 3211/1831/3084 3212/1832/3084
f 3218/1836/3085 3174/1783/3085 3176/1782/3085
f 3218/1836/3086 3176/1782/3086 3183/1790/3086
f 3209/1826/3087 3167/1770/3087 3168/1771/3087
f 3198/1811/3088 3205/1818/3088 3200/1813/3088
f 3198/1811/3089 3229/1853/3090 3205/1818/3091
f 3164/1767/3092 3205/1820/3092 3229/1854/3092
f 3230/1855/3093 3229/1853/3093 3185/1792/3093
f 3230/1856/3094 3231/1857/3094 3229/1854/3094
f 3229/1854/3095 3231/1857/3095 3232/1858/3096
f 3198/1811/3097 3185/1792/3097 3229/1853/3097
f 3164/1767/3098 3229/1854/3098 3232/1858/3098
f 3232/1858/3099 3231/1857/3099 3151/1755/3099
f 3151/1755/2923 3161/1765/2931 3232/1858/3100
f 3164/1767/3101 3232/1858/3101 3161/1765/3101
f 3230/1856/3102 3152/1756/3102 3231/1857/3102
f 3231/1857/3103 3152/1756/3103 3151/1755/3103
f 3230/1855/3104 3185/1792/3104 3233/1859/3104
f 3233/1859/3105 3234/1860/3105 3230/1855/3105
f 3152/1756/3106 3230/1856/3106 3234/1861/3106
f 3234/1861/3107 3154/1757/3107 3152/1756/3107
f 3234/1861/3108 3127/1721/3108 3154/1757/3108
f 3233/1859/3109 3127/1720/3109 3234/1860/3109
f 3127/1720/3110 3233/1859/3110 3130/1725/3110
f 3130/1725/3111 3233/1859/3111 3143/1743/3111
f 3185/1792/3112 3143/1743/3112 3233/1859/3112
f 3182/1789/3113 3202/1815/3113 3183/1790/3113
f 3186/1791/3114 3148/1748/3114 3145/1747/3114
f 3156/1759/3115 3148/1751/3115 3186/1798/3115
f 3145/1747/3116 3146/1745/3116 3185/1792/3116
f 3143/1743/3117 3185/1792/3117 3146/1745/3117
f 3154/1757/3118 3237/1862/3118 3153/1758/3118
f 3154/1757/3119 3235/1863/3119 3236/1864/3119
f 3154/1757/3120 3127/1721/3120 3235/1863/3120
f 3236/1864/3121 3237/1862/3121 3154/1757/3121
f 3239/1865/3122 3237/1862/3122 3238/1866/3122
f 3238/1866/3123 3237/1862/3123 3236/1864/3123
f 3239/1865/3124 3240/1867/3124 3237/1862/3124
f 3237/1862/3125 3240/1867/3125 3153/1758/3125
f 3141/1753/3126 3153/1758/3126 3240/1867/3126
f 3240/1867/3127 3139/1868/3128 3141/1753/3129
f 3240/1867/3127 3241/1869/3130 3139/1868/3128
f 3241/1869/3131 3240/1867/3131 3239/1865/3131
f 3241/1869/3132 3242/1870/3133 3139/1871/3134
f 3241/1869/3135 3122/1715/3135 3242/1870/3135
f 3239/1865/3136 3122/1715/3136 3241/1869/3136
f 3242/1872/3137 3245/1873/3137 3243/1874/3137
f 3243/1874/3138 3244/1875/3138 3242/1872/3138
f 3244/1876/3139 3137/1877/3139 3242/1872/3139
f 3242/1870/3133 3137/1878/3140 3139/1871/3134
f 3245/1873/3141 3242/1872/3141 3122/1710/3141
f 3245/1873/3142 3114/1702/3142 3243/1874/3142
f 3121/1709/3143 3245/1873/3143 3122/1710/3143
f 3245/1873/3144 3121/1709/3144 3114/1702/3144
f 3057/1626/3145 3244/1875/3146 3112/1701/3147
f 3112/1701/3148 3244/1879/3148 3114/1702/3148
f 3243/1874/3149 3114/1702/3149 3244/1879/3149
f 3247/1880/3150 3137/1877/3151 3244/1876/3152
f 3244/1881/3153 3057/1625/3153 3246/1882/3153
f 3247/1883/3154 3244/1881/3154 3246/1882/3154
f 3247/1883/3155 3136/1734/3155 3137/1735/3155
f 3136/1734/3156 3247/1883/3156 3248/1884/3156
f 3248/1884/3157 3247/1883/3157 3246/1882/3157
f 3248/1884/3158 3053/1622/3158 3052/1621/3158
f 3052/1621/3159 3017/1580/3159 3248/1884/3159
f 3248/1884/3160 3017/1580/3160 3018/1581/3160
f 3246/1882/3161 3053/1622/3161 3248/1884/3161
f 3018/1581/3162 3136/1734/3162 3248/1884/3162
f 3246/1882/3163 3057/1625/2703 3053/1622/2702
f 3122/1715/3164 3239/1865/3164 3124/1712/3164
f 3124/1712/3165 3239/1865/3165 3125/1713/3165
f 3125/1713/3166 3239/1865/3166 3238/1866/3166
f 3238/1866/3167 3236/1864/3167 3128/1722/3167
f 3125/1713/3168 3238/1866/3168 3128/1722/3168
f 3236/1864/3169 3235/1863/3169 3128/1722/3169
f 3128/1722/3170 3235/1863/3170 3127/1721/3170
f 3133/1732/3171 3136/1734/3171 3018/1581/3171
f 3024/1590/3172 3134/1731/3172 3019/1582/3172
f 3134/1731/3173 3133/1732/3173 3019/1582/3173
f 3024/1590/3174 3118/1729/3174 3134/1731/3174
f 3018/1581/3175 3019/1582/3175 3133/1732/3175
f 3121/1709/2864 3115/1703/2863 3114/1702/3176
f 3057/1626/3145 3112/1701/3147 3058/1627/3177
f 3037/1603/3178 3036/1601/3178 3048/1614/3178
f 3016/1577/3179 3036/1601/3180 3022/1587/3181
f 3036/1601/3180 3016/1577/3179 3017/1580/3182
f 3249/1885/3183 3251/1886/3184 3250/1887/3185
f 3249/1885/3183 3252/1888/3186 3251/1886/3184
f 3253/1889/3187 3252/1890/3188 3254/1891/3189
f 3254/1885/3190 3255/1892/3190 3252/1888/3190
f 3256/1893/3191 3253/1889/3187 3254/1891/3189
f 3256/1893/3192 3258/1894/3192 3253/1889/3192
f 3253/1886/3193 3257/1895/3193 3256/1887/3193
f 3258/1896/3194 3256/1887/3194 3259/1895/3194
f 3260/1897/3195 3261/1898/3196 3259/1899/3197
f 3259/1899/3197 3258/1894/3198 3260/1897/3195
f 3257/1895/3199 3261/1900/3200 3262/1901/3201
f 3262/1901/3202 3261/1900/3203 3263/1568/3204
f 3264/1569/3205 3261/1898/3206 3262/1897/3207
f 3263/1566/3208 3261/1898/3206 3264/1569/3205
f 3262/1901/3202 3263/1568/3204 3264/1902/3209
f 3264/1902/3210 3263/1568/3210 3265/1565/3210
f 3266/1896/3211 3257/1895/3199 3262/1901/3201
f 3266/1894/3212 3257/1899/3212 3253/1889/3212
f 3267/1903/3213 3269/1904/3213 3268/1905/3213
f 3270/1906/3214 3271/1907/3214 3274/1908/3214
f 3270/1909/3215 3272/1910/3215 3271/1907/3215
f 3273/1911/3216 3272/1910/3216 3270/1909/3216
f 3270/1906/3217 3274/1908/3217 3275/1912/3217
f 3275/1912/3218 3277/1913/3218 3276/1914/3218
f 3274/1908/3219 3277/1913/3219 3275/1912/3219
f 3277/1915/3220 3278/1916/3221 3276/1917/3220
f 3274/1908/3222 3271/1907/3222 3277/1913/3222
f 3277/1913/3223 3271/1907/3223 3279/1918/3223
f 3279/1918/3224 3278/1916/3224 3277/1915/3224
f 3272/1919/3225 3278/1916/3225 3279/1918/3225
f 3279/1918/3226 3271/1907/3226 3272/1919/3226
f 3276/1920/3227 3278/1916/3227 3280/1921/3227
f 3280/1921/3228 3278/1916/3228 3272/1919/3228
f 3280/1921/3229 3272/1919/3229 3273/1922/3229
f 3286/1923/3230 3281/1924/3230 3282/1925/3230
f 3281/1924/3231 3283/1926/3231 3282/1925/3231
f 3281/1924/3232 3284/1927/3232 3283/1926/3232
f 3284/1927/3233 3281/1924/3234 3285/1928/3235
f 3286/1923/3236 3285/1928/3236 3281/1924/3236
f 3285/1928/3237 3286/1923/3237 3287/1929/3237
f 3288/1930/3238 3287/1929/3238 3286/1923/3238
f 3288/1930/3239 3286/1923/3239 3282/1925/3239
f 3289/1931/3240 3288/1930/3240 3290/1932/3240
f 3289/1931/3241 3287/1929/3241 3288/1930/3241
f 3288/1930/3242 3282/1925/3242 3290/1932/3242
f 3291/1933/3243 3289/1931/3243 3290/1932/3243
f 3291/1933/3244 3292/1934/3244 3289/1931/3244
f 3292/1934/3245 3291/1933/3245 3283/1935/3245
f 3293/1936/3246 3292/1934/3246 3294/1937/3246
f 3293/1936/3247 3289/1931/3247 3292/1934/3247
f 3292/1934/3248 3283/1935/3248 3284/1938/3248
f 3292/1934/3249 3284/1938/3249 3294/1937/3249
f 3293/1936/3250 3294/1939/3250 3284/1927/3250
f 3287/1929/3251 3289/1931/3251 3293/1936/3251
f 3293/1936/3252 3285/1928/3252 3287/1929/3252
f 3293/1936/3253 3284/1927/3233 3285/1928/3235
f 3295/1570/3254 3297/1574/3254 3296/1571/3254
f 3299/1940/3255 3301/1941/3255 3298/1942/3255
f 3298/1942/3256 3300/1943/3256 3299/1940/3256
f 3298/1942/3257 3302/1944/3257 3300/1943/3257
f 3303/1945/3258 3300/1943/3258 3302/1944/3258
f 3302/1944/3259 3304/1946/3259 3303/1945/3259
f 3304/1946/3260 3305/1947/3260 3303/1945/3260
f 3304/1946/3261 3306/1948/3261 3305/1947/3261
f 3306/1948/3262 3308/1949/3262 3307/1950/3262
f 3307/1950/3263 3305/1947/3263 3306/1948/3263
f 3309/1951/3264 3307/1950/3265 3308/1949/3266
f 3309/1951/3264 3308/1949/3266 3310/1952/3267
f 3311/1953/3268 3309/1951/3268 3310/1952/3268
f 3313/1954/3269 3310/1955/3269 3309/1956/3269
f 3310/1952/3270 3313/1957/3270 3312/1953/3270
f 3313/1957/3271 3314/1958/3271 3312/1953/3271
f 3311/1959/3272 3318/1960/3272 3315/1961/3272
f 3311/1953/3273 3316/1958/3273 3315/1962/3273
f 3317/1954/3274 3309/1956/3274 3311/1959/3274
f 3319/1963/3275 3318/1964/3275 3315/1962/3275
f 3315/1962/3276 3320/1965/3276 3319/1963/3276
f 3320/1965/3277 3321/1966/3277 3319/1963/3277
f 3322/1967/3278 3321/1966/3278 3323/1968/3278
f 3321/1966/3279 3320/1965/3279 3323/1968/3279
f 3323/1968/3280 3324/1969/3280 3322/1967/3280
f 3325/1970/3281 3320/1971/3282 3326/1972/3283
f 3326/1962/3284 3328/1964/3284 3327/1953/3284
f 3325/1973/3285 3326/1961/3285 3328/1960/3285
f 3327/1959/3286 3316/1974/3286 3317/1954/3286
f 3299/1940/3287 3329/1975/3287 3301/1941/3287
f 3329/1975/3288 3330/1976/3288 3301/1941/3288
f 3331/1977/3289 3333/1978/3290 3330/1976/3291
f 3330/1976/3292 3332/1979/3292 3331/1977/3292
f 3332/1979/3293 3330/1976/3293 3329/1975/3293
f 3335/1980/3294 3337/1981/3294 3334/1982/3294
f 3334/1982/3295 3336/1983/3295 3335/1980/3295
f 3338/1984/3296 3336/1983/3296 3334/1982/3296
f 3334/1982/3297 3337/1981/3297 3339/1985/3297
f 3338/1984/3298 3334/1982/3299 3339/1985/3300
f 3339/1985/3301 3337/1981/3301 3340/1986/3301
f 3340/1986/3302 3341/1987/3302 3339/1985/3302
f 3341/1987/3303 3342/1988/3303 3339/1985/3303
f 3342/1988/3304 3338/1984/3305 3339/1985/3306
f 3343/1989/3307 3342/1988/3307 3344/1990/3307
f 3341/1987/3308 3344/1990/3308 3342/1988/3308
f 3344/1990/3309 3345/1991/3309 3343/1989/3309
f 3345/1991/3310 3344/1990/3310 3341/1987/3310
f 3341/1987/3311 3340/1986/3311 3345/1991/3311
f 3340/1986/3312 3337/1981/3313 3345/1992/3314
f 3343/1993/3315 3345/1992/3315 3346/1994/3315
f 3346/1994/3316 3345/1992/3316 3335/1980/3316
f 3335/1980/3317 3345/1992/3317 3337/1981/3317
f 3336/1983/3318 3346/1994/3318 3335/1980/3318
f 3346/1994/3319 3336/1983/3319 3343/1993/3319
f 3350/1995/3320 3347/1996/3320 3348/1997/3320
f 3347/1996/3321 3349/1998/3321 3348/1999/3321
f 3351/2000/3322 3349/1998/3323 3347/1996/3324
f 3351/2000/3325 3347/1996/3325 3350/1995/3325
f 3351/2000/3322 3352/2001/3326 3349/1998/3323
f 3352/2001/3327 3351/2000/3327 3353/2002/3327
f 3354/2003/3328 3353/2002/3328 3351/2000/3328
f 3354/2003/3329 3351/2000/3329 3350/1995/3329
f 3354/2003/3330 3355/2004/3330 3353/2005/3330
f 3354/2003/3331 3356/2006/3331 3355/2004/3331
f 3350/1995/3332 3356/2007/3332 3354/2003/3332
f 3348/1997/3333 3356/2007/3333 3350/1995/3333
f 3353/2002/3334 3355/2008/3335 3357/2009/3334
f 3355/2008/3336 3358/2010/3336 3357/2009/3336
f 3348/1999/3337 3349/1998/3337 3358/2011/3337
f 3358/2011/3338 3349/1998/3339 3359/2012/3339
f 3358/2010/3340 3359/2013/3341 3357/2009/3342
f 3352/2001/3343 3353/2002/3343 3359/2012/3343
f 3353/2002/3344 3357/2009/3344 3359/2013/3344
f 3349/1998/3339 3352/2001/3345 3359/2012/3339
f 3365/2014/3346 3360/2015/3346 3361/2016/3346
f 3360/2015/3347 3362/2017/3347 3361/2016/3347
f 3363/2018/3348 3362/2017/3348 3360/2015/3348
f 3364/2019/3349 3360/2015/3349 3365/2014/3349
f 3366/2020/3350 3365/2014/3350 3367/2021/3350
f 3366/2020/3351 3364/2019/3351 3365/2014/3351
f 3361/2016/3352 3367/2021/3352 3365/2014/3352
f 3370/2022/3353 3368/2023/3354 3367/2021/3354
f 3368/2023/3355 3369/2024/3355 3367/2021/3355
f 3367/2021/3356 3369/2024/3356 3366/2020/3356
f 3362/2017/3357 3367/2021/3357 3361/2016/3357
f 3362/2017/3358 3370/2022/3358 3367/2021/3358
f 3362/2017/3359 3371/2025/3359 3370/2022/3359
f 3371/2025/3360 3372/2026/3360 3370/2022/3360
f 3370/2022/3361 3372/2026/3362 3368/2027/3363
f 3371/2025/3364 3373/2028/3364 3372/2026/3364
f 3373/2028/3365 3369/2029/3366 3372/2026/3367
f 3368/2027/3368 3372/2026/3368 3369/2029/3369
f 3363/2018/3370 3373/2028/3370 3371/2025/3370
f 3373/2028/3365 3374/2030/3371 3369/2029/3366
f 3373/2028/3372 3363/2018/3372 3374/2030/3372
f 3369/2024/3373 3374/2031/3373 3364/2019/3373
f 3371/2025/3374 3362/2017/3374 3363/2018/3374
f 3366/2020/3375 3369/2024/3375 3364/2019/3375
f 3375/2032/3376 3376/2033/3376 3378/2034/3376
f 3375/2032/3377 3377/2035/3377 3376/2033/3377
f 3379/2036/3378 3375/2032/3378 3378/2034/3378
f 3378/2034/3379 3380/2037/3379 3379/2036/3379
f 3380/2037/3380 3381/2038/3381 3379/2036/3382
f 3382/2039/3383 3377/2040/3383 3381/2038/3383
f 3381/2038/3381 3380/2037/3380 3382/2039/3384
f 3382/2039/3385 3380/2037/3385 3384/2041/3385
f 3383/2042/3386 3377/2040/3386 3382/2039/3386
f 3382/2039/3387 3384/2041/3387 3383/2042/3387
f 3385/2043/3388 3383/2042/3388 3384/2041/3388
f 3380/2037/3389 3385/2043/3389 3384/2041/3389
f 3383/2044/3390 3385/2043/3390 3386/2045/3390
f 3386/2045/3391 3385/2043/3391 3378/2034/3391
f 3378/2034/3392 3385/2043/3392 3380/2037/3392
f 3376/2033/3393 3383/2044/3394 3386/2045/3394
f 3376/2033/3395 3386/2045/3395 3378/2034/3395
f 3383/2044/3396 3376/2033/3397 3377/2035/3398
f 3388/2046/3399 3390/2047/3399 3387/2048/3399
f 3387/2048/3400 3389/2049/3400 3388/2046/3400
f 3389/2049/3401 3387/2048/3401 3393/2050/3401
f 3390/2047/3402 3391/2051/3402 3387/2048/3402
f 3391/2051/3403 3392/2052/3403 3387/2048/3403
f 3393/2050/3404 3387/2048/3405 3392/2052/3405
f 3393/2050/3406 3392/2052/3406 3394/2053/3406
f 3395/2054/3407 3394/2053/3407 3396/2055/3407
f 3394/2053/3408 3397/2056/3409 3396/2055/3408
f 3394/2053/3410 3392/2052/3410 3397/2056/3410
f 3392/2052/3411 3391/2051/3411 3397/2056/3411
f 3391/2051/3412 3398/2057/3412 3397/2056/3412
f 3397/2056/3413 3398/2057/3413 3396/2055/3413
f 3390/2047/3414 3388/2058/3415 3398/2057/3416
f 3388/2058/3417 3399/2059/3417 3398/2057/3417
f 3396/2055/3418 3398/2057/3418 3399/2059/3418
f 3398/2057/3419 3391/2051/3419 3390/2047/3419
f 3389/2049/3420 3399/2060/3420 3388/2046/3420
f 3395/2054/3421 3396/2055/3421 3399/2059/3421
f 3399/2059/3422 3389/2061/3422 3395/2054/3422
f 3400/2062/3423 3401/2063/3423 3403/2064/3423
f 3400/2062/3424 3402/2065/3424 3401/2063/3424
f 3404/2066/3425 3402/2065/3426 3400/2062/3427
f 3403/2064/3428 3404/2067/3429 3400/2062/3428
f 3404/2066/3430 3405/2068/3431 3402/2065/3430
f 3407/2069/3432 3405/2068/3433 3404/2066/3434
f 3406/2070/3435 3404/2067/3435 3403/2064/3435
f 3406/2070/3436 3407/2071/3436 3404/2067/3436
f 3408/2072/3437 3406/2073/3437 3401/2063/3437
f 3406/2073/3438 3403/2074/3438 3401/2063/3439
f 3409/2075/3440 3408/2072/3440 3401/2063/3440
f 3409/2075/3441 3402/2065/3441 3408/2076/3441
f 3405/2077/3442 3408/2076/3443 3402/2065/3444
f 3401/2063/3445 3402/2065/3445 3409/2075/3445
f 3411/2078/3446 3413/2079/3447 3410/2080/3448
f 3410/2080/3448 3412/2081/3446 3411/2078/3446
f 3414/2082/3449 3410/2080/3449 3413/2079/3449
f 3415/2083/3450 3414/2084/3450 3416/2085/3450
f 3413/2079/3451 3417/2086/3451 3414/2082/3451
f 3419/2087/3452 3414/2082/3452 3417/2086/3452
f 3418/2088/3453 3414/2089/3453 3419/2090/3453
f 3416/2091/3454 3419/2087/3454 3415/2086/3454
f 3418/2085/3455 3420/2092/3455 3417/2083/3455
f 3421/2093/3456 3418/2091/3456 3420/2094/3456
f 3423/2095/3457 3421/2093/3457 3422/2096/3457
f 3421/2093/3458 3420/2094/3458 3422/2096/3458
f 3424/2097/3459 3423/2095/3459 3422/2096/3459
f 3422/2096/3460 3425/2098/3460 3424/2097/3460
f 3424/2097/3461 3425/2098/3461 3426/2099/3461
f 3427/2100/3462 3426/2099/3462 3425/2098/3462
f 3428/2101/3463 3429/2102/3463 3427/2100/3463
f 3427/2100/3464 3425/2098/3464 3428/2101/3464
f 3430/2103/3465 3429/2102/3465 3428/2101/3465
f 3430/2103/3466 3431/2104/3467 3429/2102/3468
f 3431/2104/3469 3430/2103/3469 3432/2105/3469
f 3415/2086/3470 3433/2094/3471 3416/2091/3472
f 3434/2106/3473 3411/2078/3473 3412/2081/3473
f 3412/2081/3474 3435/2107/3474 3434/2106/3474
f 3412/2081/3475 3436/2108/3475 3435/2107/3475
f 3437/2109/3476 3435/2107/3476 3436/2108/3476
f 3436/2108/3477 3438/2110/3477 3437/2109/3477
f 3437/2109/3478 3438/2110/3478 3439/2111/3478
f 3439/2111/3479 3440/2112/3479 3437/2109/3479
f 3439/2111/3480 3441/2113/3480 3440/2112/3480
f 3441/2113/3481 3442/2114/3481 3440/2112/3481
f 3443/1961/3482 3445/1974/3482 3444/1959/3482
f 3446/1892/3483 3448/1885/3484 3447/2115/3485
f 3449/2116/3486 3451/2117/3486 3450/2118/3486
f 3451/2117/3487 3449/2116/3487 3452/2119/3487
f 3454/2120/3488 3456/2121/3488 3453/2122/3488
f 3453/2122/3489 3455/2123/3489 3454/2120/3489
f 3457/1559/3490 3459/1561/3490 3458/1571/3490
f 3460/2124/3491 3462/2125/3491 3461/2126/3491
f 3463/2092/3492 3465/2085/3492 3464/2127/3492
f 3466/1567/3493 3468/1555/3493 3467/1557/3493
f 3469/2119/3494 3471/2116/3494 3470/2128/3494
f 3472/2129/3495 3474/2130/3495 3473/2131/3495
f 3476/2132/3496 3475/2118/3496 3478/2117/3496
f 3475/2133/3497 3477/2125/3497 3476/2124/3497
f 3479/2131/3498 3477/2134/3499 3480/2135/3500
f 3477/2134/3501 3483/2132/3501 3481/2135/3501
f 3477/2125/3502 3482/2136/3503 3481/2126/3504
f 3484/2137/3505 3485/2133/3505 3483/2124/3505
f 3485/2133/3506 3484/2137/3506 3486/2138/3506
f 3481/2126/3504 3482/2136/3503 3487/2139/3507
f 3488/2140/3508 3489/2141/3508 3482/2136/3508
f 3489/2141/3509 3488/2140/3510 3490/2123/3511
f 3491/2120/3512 3490/2123/3511 3488/2140/3510
f 3491/1905/3513 3490/2142/3513 3492/1903/3513
f 3493/2143/3514 3494/2142/3515 3491/1905/3516
f 3494/2142/3515 3493/2143/3514 3495/2130/3517
f 3496/2136/3518 3497/2141/3518 3487/2139/3519
f 3496/2131/3520 3497/2130/3520 3498/2143/3520
f 3479/2131/3498 3480/2135/3500 3499/2129/3521
f 3500/2118/3522 3502/2132/3522 3501/2134/3522
f 3503/2144/3523 3504/2145/3523 3506/2146/3523
f 3503/2144/3524 3505/2147/3524 3504/2145/3524
f 3505/2147/3525 3503/2144/3526 3507/2148/3525
f 3509/2149/3527 3503/2144/3527 3506/2146/3527
f 3507/2148/3528 3503/2144/3529 3508/2150/3530
f 3509/2149/3531 3508/2150/3530 3503/2144/3529
f 3508/2150/3532 3509/2149/3532 3510/2151/3532
f 3510/2151/3533 3509/2149/3533 3506/2152/3533
f 3510/2151/3534 3511/2153/3534 3508/2150/3534
f 3510/2151/3535 3512/2154/3535 3511/2153/3535
f 3513/2155/3536 3512/2154/3536 3510/2151/3536
f 3510/2151/3537 3506/2152/3537 3513/2155/3537
f 3513/2155/3538 3514/2156/3538 3512/2154/3539
f 3513/2155/3540 3506/2152/3541 3514/2156/3542
f 3512/2154/3543 3514/2156/3543 3515/2157/3543
f 3504/2158/3544 3515/2157/3544 3514/2156/3544
f 3506/2152/3545 3504/2158/3545 3514/2156/3545
f 3515/2157/3546 3516/2159/3546 3512/2154/3546
f 3511/2153/3547 3512/2154/3547 3516/2159/3547
f 3511/2153/3548 3516/2159/3548 3505/2147/3548
f 3511/2153/3549 3505/2147/3550 3507/2148/3550
f 3507/2148/3551 3508/2150/3551 3511/2153/3551
f 3517/1890/3552 3519/2160/3552 3518/1891/3552
f 3520/2161/3553 3518/1891/3554 3519/2160/3555
f 3519/1892/3556 3520/2115/3557 3522/2128/3558
f 3520/2161/3559 3519/2160/3560 3521/2162/3561
f 3521/2163/3562 3519/1892/3556 3522/2128/3558
f 3523/2116/3563 3521/2163/3563 3522/2128/3563
f 3521/2162/3561 3522/2164/3564 3520/2161/3559
f 3523/2138/3565 3525/2137/3565 3524/2165/3565
f 3526/2138/3566 3524/2165/3566 3527/2164/3566
f 3527/2164/3567 3528/2162/3567 3526/2138/3567
f 3529/2166/3568 3530/2167/3568 3533/2168/3568
f 3529/2166/3569 3531/2169/3569 3530/2170/3569
f 3531/2169/3570 3529/2166/3570 3532/2171/3570
f 3534/2172/3571 3532/2171/3571 3529/2166/3571
f 3529/2166/3572 3533/2168/3572 3534/2172/3572
f 3534/2172/3573 3535/2173/3573 3532/2171/3573
f 3534/2172/3574 3536/2174/3574 3535/2173/3574
f 3534/2172/3575 3533/2168/3575 3536/2174/3575
f 3537/2175/3576 3535/2173/3576 3536/2174/3576
f 3539/2176/3577 3536/2174/3577 3533/2168/3577
f 3536/2174/3578 3538/2177/3578 3537/2175/3578
f 3536/2174/3579 3539/2178/3579 3538/2177/3579
f 3539/2176/3580 3530/2167/3580 3538/2179/3580
f 3539/2176/3581 3533/2168/3581 3530/2167/3581
f 3532/2171/3582 3535/2180/3582 3537/2181/3582
f 3537/2181/3583 3540/2182/3583 3532/2171/3583
f 3532/2171/3584 3540/2182/3585 3531/2183/3584
f 3531/2169/3586 3540/2184/3587 3530/2170/3588
f 3541/2185/3589 3542/2186/3589 3544/2187/3589
f 3541/2185/3590 3543/2188/3590 3542/2186/3590
f 3545/2189/3591 3541/2190/3591 3544/2187/3591
f 3546/2191/3592 3547/2192/3592 3545/2189/3592
f 3545/2189/3593 3544/2187/3593 3546/2191/3593
f 3548/2193/3594 3550/2194/3594 3547/2195/3594
f 3548/2193/3595 3547/2195/3595 3549/2196/3595
f 3549/2196/3596 3547/2195/3597 3546/2191/3596
f 3548/2197/3598 3551/2198/3598 3550/2199/3598
f 3543/2200/3599 3550/2199/3599 3551/2198/3599
f 3542/2186/3600 3551/2201/3600 3552/2202/3600
f 3551/2198/3601 3553/2203/3601 3552/2202/3601
f 3553/2203/3602 3551/2198/3602 3548/2197/3602
f 3543/2188/3603 3551/2201/3603 3542/2186/3604
f 3544/2187/3605 3552/2202/3605 3553/2203/3605
f 3553/2203/3606 3546/2191/3606 3544/2187/3606
f 3549/2196/3607 3546/2191/3607 3553/2203/3608
f 3548/2193/3609 3549/2196/3609 3553/2203/3609
f 3552/2202/3610 3544/2187/3610 3542/2186/3610
f 3554/2204/3611 3555/2205/3611 3558/2206/3611
f 3554/2204/3612 3556/2207/3612 3555/2205/3612
f 3556/2207/3613 3554/2204/3613 3557/2208/3613
f 3554/2204/3614 3559/2209/3614 3557/2208/3614
f 3558/2206/3615 3559/2209/3615 3554/2204/3615
f 3558/2206/3616 3560/2210/3616 3559/2209/3616
f 3558/2211/3617 3561/2212/3617 3560/2213/3617
f 3561/2212/3618 3562/2214/3618 3560/2213/3618
f 3563/2215/3619 3562/2216/3619 3556/2217/3619
f 3562/2216/3620 3555/2205/3620 3556/2217/3620
f 3562/2216/3621 3561/2218/3621 3555/2205/3621
f 3557/2208/3622 3563/2219/3622 3556/2207/3622
f 3555/2205/3623 3561/2212/3623 3558/2211/3623
usemtl 
f 3564/2220/3624 3566/2220/3625 3565/2220/3626
f 3566/2220/3625 3564/2220/3624 3567/2220/3627
f 3568/2220/3628 3567/2220/3627 3564/2220/3624
f 3567/2220/3627 3568/2220/3628 3569/2220/3629
f 3569/2220/3629 3568/2220/3628 3570/2220/3630
f 3570/2220/3630 3571/2220/3631 3569/2220/3629
f 3571/2220/3631 3570/2220/3630 3572/2220/3632
f 3565/2220/3626 3566/2220/3625 3573/2220/3633
f 3574/2220/3634 3573/2220/3633 3566/2220/3625
f 3566/2220/3625 3575/2220/3635 3574/2220/3634
f 3576/2220/3625 3575/2220/3625 3577/2220/3625
f 3578/2220/3633 3574/2220/3634 3579/2220/3636
f 3579/2220/3636 3574/2220/3634 3580/2220/3637
f 3580/2220/3637 3581/2220/3636 3579/2220/3636
f 3582/2220/3638 3584/2220/3638 3583/2220/3638
f 3584/2220/3638 3582/2220/3638 3585/2220/3638
f 3589/2220/3639 3586/2220/3640 3587/2220/3641
f 3586/2220/3640 3588/2220/3642 3587/2220/3641
f 3590/2220/3643 3592/2220/3644 3586/2220/3640
f 3586/2220/3640 3591/2220/3639 3590/2220/3643
f 3593/2220/3643 3592/2220/3644 3590/2220/3643
f 3590/2220/3645 3595/2220/3646 3594/2220/3645
f 3595/2220/3646 3590/2220/3645 3596/2220/3647
f 3588/2220/3642 3598/2220/3642 3597/2220/3642
f 3599/2220/3648 3601/2220/3648 3600/2220/3649
f 3602/2220/3650 3604/2220/3651 3603/2220/3652
f 3604/2220/3651 3602/2220/3650 3605/2220/3653
f 3607/2220/3654 3609/2220/3655 3606/2220/3656
f 3606/2220/3656 3608/2220/3657 3607/2220/3654
f 3608/2220/3657 3606/2220/3656 3610/2220/3658
f 3610/2220/3658 3606/2220/3656 3611/2220/3659
f 3612/2220/3660 3610/2220/3658 3611/2220/3659
f 3610/2220/3658 3612/2220/3660 3613/2220/3661
f 3614/2220/3653 3613/2220/3661 3612/2220/3660
f 3613/2220/3661 3614/2220/3653 3615/2220/3653
f 3616/2220/3662 3618/2220/3662 3617/2220/3663
f 3617/2220/3663 3618/2220/3662 3619/2220/3664
f 3617/2220/3663 3619/2220/3664 3620/2220/3655
f 3620/2220/3655 3621/2220/3665 3617/2220/3663
f 3622/2220/3666 3624/2220/3667 3623/2220/3668
f 3624/2220/3667 3622/2220/3666 3625/2220/3667
f 3626/2220/3669 3624/2220/3667 3625/2220/3667
f 3624/2220/3667 3626/2220/3669 3627/2220/3669
f 3628/2220/3670 3627/2220/3669 3626/2220/3669
f 3627/2220/3669 3628/2220/3670 3629/2220/3670
f 3630/2220/3671 3632/2220/3672 3631/2220/3672
f 3632/2220/3672 3630/2220/3671 3633/2220/3671
f 3634/2220/3673 3636/2220/3673 3635/2220/3673
f 3636/2220/3673 3634/2220/3673 3637/2220/3673
f 3639/2220/3674 3641/2220/3675 3638/2220/3676
f 3638/2220/3676 3640/2220/3677 3639/2220/3674
f 3642/2220/3678 3644/2220/3679 3643/2220/3680
f 3643/2220/3680 3644/2220/3679 3645/2220/3681
f 3646/2220/3682 3648/2220/3681 3647/2220/3683
f 3647/2220/3683 3648/2220/3681 3649/2220/3684
f 3650/2220/3685 3652/2220/3686 3651/2220/3687
f 3652/2220/3686 3650/2220/3685 3653/2220/3683
f 3654/2220/3688 3655/2220/3689 3657/2220/3690
f 3654/2220/3688 3656/2220/3691 3655/2220/3689
f 3658/2220/3692 3660/2220/3693 3659/2220/3694
f 3660/2220/3693 3658/2220/3692 3661/2220/3695
f 3660/2220/3693 3661/2220/3695 3662/2220/3696
f 3662/2220/3696 3663/2220/3697 3660/2220/3693
f 3659/2220/3698 3666/2220/3699 3664/2220/3700
f 3664/2220/3700 3665/2220/3701 3659/2220/3698
f 3665/2220/3701 3667/2220/3702 3659/2220/3698
f 3668/2220/3699 3659/2220/3698 3669/2220/3693
f 3669/2220/3693 3670/2220/3703 3668/2220/3699
f 3670/2220/3703 3669/2220/3693 3671/2220/3697
f 3671/2220/3697 3672/2220/3704 3670/2220/3703
f 3673/2220/3705 3674/2220/3703 3672/2220/3704
f 3674/2220/3703 3673/2220/3705 3675/2220/3706
f 3676/2220/3707 3674/2220/3703 3675/2220/3706
f 3674/2220/3703 3676/2220/3707 3666/2220/3699
f 3676/2220/3707 3677/2220/3700 3666/2220/3699
f 3677/2220/3700 3676/2220/3707 3678/2220/3708
f 3667/2220/3702 3665/2220/3701 3679/2220/3709
f 3680/2220/3687 3667/2220/3702 3679/2220/3709
f 3667/2220/3702 3680/2220/3687 3681/2220/3686
f 3682/2220/3684 3683/2220/3710 3667/2220/3711
f 3683/2220/3710 3682/2220/3684 3684/2220/3681
f 3683/2220/3712 3685/2220/3679 3687/2220/3696
f 3685/2220/3679 3683/2220/3712 3686/2220/3681
f 3688/2220/3713 3690/2220/3714 3689/2220/3715
f 3690/2220/3714 3688/2220/3713 3691/2220/3716
f 3692/2220/3717 3690/2220/3714 3691/2220/3716
f 3690/2220/3714 3692/2220/3717 3693/2220/3718
f 3692/2220/3719 3695/2220/3720 3694/2220/3721
f 3695/2220/3720 3692/2220/3719 3696/2220/3722
f 3697/2220/3723 3696/2220/3722 3692/2220/3719
f 3692/2220/3719 3698/2220/3724 3697/2220/3723
f 3698/2220/3724 3692/2220/3719 3699/2220/3725
f 3699/2220/3725 3700/2220/3677 3698/2220/3724
f 3699/2220/3726 3701/2220/3727 3703/2220/3677
f 3701/2220/3727 3699/2220/3726 3702/2220/3713
f 3704/2220/3728 3698/2220/3724 3705/2220/3677
f 3705/2220/3677 3706/2220/3729 3704/2220/3728
f 3707/2220/3730 3693/2220/3731 3695/2220/3720
f 3707/2220/3730 3709/2220/3732 3708/2220/3733
f 3709/2220/3732 3707/2220/3730 3710/2220/3734
f 3711/2220/3733 3693/2220/3731 3707/2220/3730
f 3709/2220/3732 3712/2220/3735 3708/2220/3733
f 3712/2220/3735 3709/2220/3732 3713/2220/3736
f 3712/2220/3735 3713/2220/3736 3714/2220/3737
f 3714/2220/3737 3715/2220/3738 3712/2220/3735
f 3689/2220/3715 3712/2220/3735 3715/2220/3738
f 3690/2220/3714 3708/2220/3733 3712/2220/3735
f 3712/2220/3735 3689/2220/3715 3690/2220/3714
f 3708/2220/3733 3690/2220/3714 3693/2220/3718
f 3716/2220/3739 3718/2220/3740 3717/2220/3741
f 3719/2220/3742 3721/2220/3743 3720/2220/3744
f 3722/2220/3745 3724/2220/3746 3723/2220/3747
f 3725/2220/3748 3727/2220/3749 3726/2220/3750
f 3729/2220/3751 3731/2220/3739 3728/2220/3752
f 3728/2220/3752 3730/2220/3753 3729/2220/3751
f 3732/2220/3754 3728/2220/3752 3731/2220/3739
f 3728/2220/3752 3732/2220/3754 3733/2220/3755
f 3734/2220/3756 3733/2220/3755 3732/2220/3754
f 3734/2220/3756 3735/2220/3757 3733/2220/3755
f 3736/2220/3758 3735/2220/3757 3734/2220/3756
f 3737/2220/3759 3735/2220/3757 3736/2220/3758
f 3738/2220/3760 3737/2220/3759 3736/2220/3758
f 3739/2220/3760 3737/2220/3759 3738/2220/3760
f 3740/2220/3761 3737/2220/3759 3739/2220/3760
f 3741/2220/3746 3738/2220/3760 3736/2220/3758
f 3736/2220/3758 3742/2220/3762 3743/2220/3763
f 3736/2220/3758 3734/2220/3756 3742/2220/3762
f 3734/2220/3756 3732/2220/3754 3742/2220/3762
f 3732/2220/3754 3731/2220/3739 3742/2220/3762
f 3731/2220/3739 3729/2220/3751 3744/2220/3740
f 3745/2220/3764 3747/2220/3765 3746/2220/3764
f 3746/2220/3764 3747/2220/3765 3748/2220/3743
f 3749/2220/3766 3746/2220/3764 3748/2220/3743
f 3748/2220/3743 3750/2220/3767 3752/2220/3744
f 3750/2220/3767 3748/2220/3743 3751/2220/3768
f 3750/2220/3767 3753/2220/3769 3752/2220/3744
f 3753/2220/3769 3754/2220/3750 3752/2220/3744
f 3752/2220/3744 3754/2220/3750 3755/2220/3770
f 3756/2220/3771 3755/2220/3770 3754/2220/3750
f 3757/2220/3772 3754/2220/3750 3753/2220/3769
f 3754/2220/3750 3757/2220/3772 3758/2220/3773
f 3759/2220/3773 3760/2220/3774 3754/2220/3750
f 3760/2220/3774 3759/2220/3773 3761/2220/3775
f 3762/2220/3776 3761/2220/3775 3759/2220/3773
f 3753/2220/3769 3763/2220/3777 3757/2220/3772
f 3763/2220/3777 3753/2220/3769 3750/2220/3767
f 3751/2220/3768 3764/2220/3778 3750/2220/3767
f 3765/2220/3779 3767/2220/3780 3766/2220/3781
f 3768/2220/3782 3766/2220/3781 3767/2220/3780
f 3769/2220/3783 3771/2220/3784 3770/2220/3785
f 3770/2220/3785 3771/2220/3784 3772/2220/3785
f 3773/2220/3783 3775/2220/3786 3774/2220/3787
f 3776/2220/3788 3778/2220/3789 3777/2220/3789
f 3779/2220/3790 3781/2220/3790 3780/2220/3791
f 3782/2220/3792 3784/2220/3793 3783/2220/3793
f 3784/2220/3793 3782/2220/3792 3785/2220/3794
f 3786/2220/3795 3788/2220/3795 3787/2220/3796
f 3789/2220/3797 3791/2220/3795 3790/2220/3796
f 3792/2220/3798 3794/2220/3798 3793/2220/3799
f 3795/2220/3800 3797/2220/3798 3796/2220/3800
f 3798/2220/3801 3800/2220/3802 3799/2220/3783
f 3798/2220/3801 3801/2220/3803 3800/2220/3802
f 3801/2220/3803 3798/2220/3801 3802/2220/3804
f 3803/2220/3805 3801/2220/3803 3802/2220/3804
f 3801/2220/3803 3803/2220/3805 3804/2220/3805
f 3803/2220/3805 3805/2220/3806 3804/2220/3805
f 3805/2220/3806 3803/2220/3805 3806/2220/3806
f 3807/2220/3799 3809/2220/3807 3808/2220/3799
f 3812/2220/3808 3810/2220/3809 3811/2220/3810
f 3813/2220/3807 3815/2220/3807 3814/2220/3795
f 3813/2220/3811 3817/2220/3799 3816/2220/3811
f 3814/2220/3795 3815/2220/3807 3818/2220/3795
f 3819/2220/3798 3821/2220/3798 3820/2220/3812
f 3822/2220/3813 3824/2220/3813 3823/2220/3798
f 3825/2220/3798 3827/2220/3813 3826/2220/3798
f 3828/2220/3814 3830/2220/3808 3829/2220/3808
f 3831/2220/3815 3833/2220/3816 3832/2220/3817
f 3833/2220/3816 3831/2220/3815 3834/2220/3818
f 3836/2220/3819 3838/2220/3820 3835/2220/3821
f 3835/2220/3821 3837/2220/3822 3836/2220/3819
f 3838/2220/3823 3840/2220/3819 3839/2220/3824
f 3841/2220/3825 3843/2220/3826 3842/2220/3825
f 3843/2220/3826 3841/2220/3825 3844/2220/3826
f 3844/2220/3826 3845/2220/3798 3843/2220/3826
f 3846/2220/3815 3848/2220/3827 3847/2220/3828
f 3849/2220/3829 3851/2220/3785 3850/2220/3785
f 3851/2220/3785 3849/2220/3829 3852/2220/3829
f 3853/2220/3828 3855/2220/3830 3854/2220/3831
f 3855/2220/3830 3853/2220/3828 3856/2220/3832
f 3857/2220/3833 3859/2220/3824 3858/2220/3819
f 3859/2220/3824 3857/2220/3833 3860/2220/3834
f 3861/2220/3835 3863/2220/3836 3862/2220/3837
f 3863/2220/3836 3864/2220/3838 3862/2220/3837
f 3865/2220/3839 3867/2220/3829 3866/2220/3840
f 3867/2220/3829 3865/2220/3839 3868/2220/3839
f 3869/2220/3841 3871/2220/3842 3870/2220/3843
f 3872/2220/3830 3874/2220/3844 3873/2220/3845
f 3875/2220/3842 3877/2220/3843 3876/2220/3842
f 3878/2220/3846 3876/2220/3846 3879/2220/3847
f 3878/2220/3846 3879/2220/3847 3880/2220/3848
f 3881/2220/3849 3883/2220/3850 3882/2220/3851
f 3883/2220/3850 3881/2220/3849 3884/2220/3852
f 3885/2220/3853 3887/2220/3854 3886/2220/3854
f 3887/2220/3854 3885/2220/3853 3888/2220/3855
f 3889/2220/3856 3891/2220/3857 3890/2220/3858
f 3893/2220/3859 3895/2220/3860 3892/2220/3861
f 3892/2220/3861 3894/2220/3833 3893/2220/3859
f 3896/2220/3857 3898/2220/3856 3897/2220/3862
f 3897/2220/3862 3898/2220/3856 3899/2220/3863
f 3900/2220/3864 3902/2220/3865 3901/2220/3866
f 3903/2220/3867 3905/2220/3868 3904/2220/3867
f 3906/2220/3867 3908/2220/3867 3907/2220/3867
f 3909/2220/3869 3911/2220/3870 3910/2220/3871
f 3911/2220/3870 3909/2220/3869 3912/2220/3869
f 3913/2220/3872 3915/2220/3873 3914/2220/3874
f 3914/2220/3874 3915/2220/3873 3916/2220/3875
f 3917/2220/3866 3919/2220/3876 3918/2220/3877
f 3920/2220/3878 3922/2220/3879 3921/2220/3845
f 3923/2220/3880 3925/2220/3860 3924/2220/3859
f 3926/2220/3881 3928/2220/3830 3927/2220/3832
f 3929/2220/3833 3931/2220/3861 3930/2220/3834
f 3932/2220/3882 3934/2220/3879 3933/2220/3883
f 3934/2220/3879 3932/2220/3882 3935/2220/3884
f 3935/2220/3884 3932/2220/3882 3936/2220/3885
f 3936/2220/3885 3937/2220/3886 3935/2220/3884
f 3938/2220/3887 3937/2220/3886 3936/2220/3885
f 3939/2220/3888 3937/2220/3886 3938/2220/3887
f 3940/2220/3878 3942/2220/3889 3941/2220/3881
f 3943/2220/3866 3945/2220/3890 3944/2220/3876
f 3946/2220/3891 3948/2220/3890 3947/2220/3892
f 3947/2220/3892 3948/2220/3890 3949/2220/3893
f 3950/2220/3894 3952/2220/3636 3951/2220/3636
f 3953/2220/3895 3955/2220/3894 3954/2220/3896
f 3956/2220/3639 3958/2220/3642 3957/2220/3642
f 3959/2220/3897 3961/2220/3642 3960/2220/3892
f 3961/2220/3642 3959/2220/3897 3962/2220/3898
f 3963/2220/3899 3965/2220/3652 3964/2220/3652
f 3966/2220/3900 3968/2220/3901 3967/2220/3902
f 3969/2220/3903 3971/2220/3904 3970/2220/3904
f 3972/2220/3905 3974/2220/3905 3973/2220/3905
f 3975/2220/3662 3977/2220/3662 3976/2220/3662
f 3978/2220/3906 3980/2220/3906 3979/2220/3906
f 3981/2220/3904 3983/2220/3907 3982/2220/3908
f 3981/2220/3904 3985/2220/3909 3984/2220/3904
f 3986/2220/3910 3988/2220/3911 3987/2220/3910
f 3989/2220/3910 3991/2220/3910 3990/2220/3904
f 3992/2220/3912 3994/2220/3910 3993/2220/3913
f 3995/2220/3914 3997/2220/3915 3996/2220/3914
f 3998/2220/3915 4000/2220/3914 3999/2220/3915
f 4001/2220/3916 4003/2220/3869 4002/2220/3869
f 4003/2220/3869 4001/2220/3916 4004/2220/3917
f 4005/2220/3918 4007/2220/3918 4006/2220/3919
f 4008/2220/3920 4010/2220/3921 4009/2220/3920
f 4011/2220/3914 4013/2220/3922 4012/2220/3914
f 4014/2220/3922 4016/2220/3914 4015/2220/3922
f 4017/2220/3906 4019/2220/3906 4018/2220/3906
f 4020/2220/3919 4022/2220/3923 4021/2220/3923
f 4023/2220/3923 4025/2220/3919 4024/2220/3919
f 4026/2220/3924 4028/2220/3925 4027/2220/3926
f 4029/2220/3927 4031/2220/3837 4030/2220/3928
f 4032/2220/3929 4034/2220/3929 4033/2220/3929
f 4034/2220/3929 4035/2220/3930 4033/2220/3929
f 4036/2220/3931 4038/2220/3932 4037/2220/3931
f 4038/2220/3932 4036/2220/3931 4039/2220/3933
f 4040/2220/3931 4037/2220/3934 4041/2220/3935
f 4041/2220/3935 4042/2220/3935 4040/2220/3931
f 4041/2220/3935 4043/2220/3936 4042/2220/3935
f 4044/2220/3936 4043/2220/3936 4041/2220/3935
f 4044/2220/3936 4045/2220/3937 4043/2220/3936
f 4046/2220/3937 4045/2220/3937 4044/2220/3936
f 4047/2220/3938 4045/2220/3937 4046/2220/3937
f 4045/2220/3937 4047/2220/3938 4048/2220/3938
f 4049/2220/3939 4051/2220/3933 4050/2220/3939
f 4051/2220/3933 4049/2220/3939 4052/2220/3940
f 4053/2220/3941 4055/2220/3942 4054/2220/3941
f 4055/2220/3942 4053/2220/3941 4056/2220/3942
f 4056/2220/3942 4057/2220/3943 4055/2220/3942
f 4058/2220/3943 4057/2220/3943 4056/2220/3942
f 4058/2220/3943 4059/2220/3944 4057/2220/3943
f 4060/2220/3944 4059/2220/3944 4058/2220/3943
f 4060/2220/3944 4061/2220/3945 4059/2220/3944
f 4062/2220/3945 4061/2220/3945 4060/2220/3944
f 4062/2220/3945 4063/2220/3946 4061/2220/3945
f 4064/2220/3947 4063/2220/3946 4062/2220/3945
f 4065/2220/3798 4067/2220/3948 4066/2220/3798
f 4067/2220/3948 4068/2220/3948 4066/2220/3798
f 4069/2220/3949 4071/2220/3950 4070/2220/3951
f 4071/2220/3950 4072/2220/3952 4070/2220/3951
f 4072/2220/3952 4073/2220/3953 4070/2220/3951
f 4073/2220/3953 4074/2220/3954 4070/2220/3951
f 4074/2220/3954 4075/2220/3955 4070/2220/3951
f 4075/2220/3955 4076/2220/3956 4070/2220/3951
f 4077/2220/3957 4076/2220/3956 4075/2220/3955
f 4078/2220/3958 4080/2220/3959 4079/2220/3960
f 4080/2220/3959 4078/2220/3958 4081/2220/3961
f 4084/2220/3962 4082/2220/3963 4079/2220/3964
f 4082/2220/3963 4083/2220/3965 4079/2220/3964
f 4084/2220/3962 4079/2220/3964 4085/2220/3965
f 4086/2220/3966 4085/2220/3965 4079/2220/3964
f 4087/2220/3959 4086/2220/3966 4079/2220/3964
f 4088/2220/3967 4090/2220/3968 4089/2220/3958
f 4091/2220/3969 4090/2220/3968 4088/2220/3967
f 4092/2220/3970 4091/2220/3969 4088/2220/3967
f 4092/2220/3970 4093/2220/3971 4091/2220/3969
f 4093/2220/3971 4094/2220/3972 4091/2220/3969
f 4094/2220/3972 4095/2220/3927 4091/2220/3969
f 4089/2220/3958 4090/2220/3968 4096/2220/3961
f 4097/2220/3973 4099/2220/3974 4098/2220/3975
f 4099/2220/3974 4097/2220/3973 4100/2220/3976
f 4097/2220/3973 4101/2220/3974 4100/2220/3976
f 4097/2220/3973 4102/2220/3977 4101/2220/3974
f 4103/2220/3925 4102/2220/3977 4097/2220/3973
f 4104/2220/3978 4105/2220/3979 4099/2220/3979
f 4105/2220/3979 4104/2220/3978 4106/2220/3957
f 4107/2220/3785 4109/2220/3785 4108/2220/3785
f 4109/2220/3785 4107/2220/3785 4110/2220/3785
f 4107/2220/3785 4111/2220/3785 4110/2220/3785
f 4111/2220/3785 4112/2220/3785 4110/2220/3785
f 4111/2220/3785 4113/2220/3980 4112/2220/3785
f 4113/2220/3980 4111/2220/3785 4114/2220/3980
f 4115/2220/3981 4116/2220/3982 4117/2220/3983
f 4116/2220/3982 4115/2220/3981 4118/2220/3984
f 4115/2220/3981 4117/2220/3983 4119/2220/3985
f 4120/2220/3986 4116/2220/3982 4121/2220/3984
f 4116/2220/3982 4120/2220/3986 4122/2220/3981
f 4123/2220/3983 4116/2220/3982 4122/2220/3981
f 4116/2220/3982 4123/2220/3983 4117/2220/3983
f 4123/2220/3983 4122/2220/3981 4124/2220/3987
f 4123/2220/3983 4124/2220/3987 4125/2220/3985
f 4126/2220/3986 4123/2220/3983 4127/2220/3987
f 4126/2220/3986 4128/2220/3982 4123/2220/3983
f 4128/2220/3982 4117/2220/3983 4123/2220/3983
f 4128/2220/3982 4126/2220/3986 4129/2220/3986
f 4130/2220/3981 4117/2220/3983 4128/2220/3982
f 4117/2220/3983 4130/2220/3981 4131/2220/3987
f 4130/2220/3981 4128/2220/3982 4132/2220/3986
f 4132/2220/3986 4128/2220/3982 4133/2220/3988
f 4130/2220/3981 4132/2220/3986 4134/2220/3989
f 4135/2220/3990 4136/2220/3991 4137/2220/3992
f 4135/2220/3990 4137/2220/3992 4138/2220/3993
f 4136/2220/3991 4139/2220/3994 4137/2220/3992
f 4140/2220/3995 4137/2220/3992 4139/2220/3994
f 4139/2220/3994 4141/2220/3996 4140/2220/3995
f 4142/2220/3997 4140/2220/3995 4141/2220/3996
f 4143/2220/3998 4144/2220/3999 4145/2220/4000
f 4144/2220/3999 4143/2220/3998 4146/2220/4001
f 4147/2220/4002 4146/2220/4001 4143/2220/3998
f 4146/2220/4001 4147/2220/4002 4148/2220/4003
f 4147/2220/4002 4149/2220/4004 4148/2220/4003
f 4147/2220/4002 4150/2220/4005 4149/2220/4004
f 4151/2220/4006 4152/2220/4007 4153/2220/4008
f 4154/2220/4009 4153/2220/4008 4152/2220/4007
f 4151/2220/4006 4153/2220/4008 4155/2220/4010
f 4156/2220/4011 4153/2220/4008 4154/2220/4009
f 4154/2220/4009 4157/2220/4012 4156/2220/4011
f 4158/2220/4013 4156/2220/4011 4157/2220/4012
f 4158/2220/4013 4159/2220/4014 4156/2220/4011
f 4159/2220/4014 4153/2220/4008 4156/2220/4011
f 4159/2220/4014 4158/2220/4013 4160/2220/4015
f 4161/2220/4016 4155/2220/4010 4153/2220/4008
f 4153/2220/4008 4159/2220/4014 4161/2220/4016
f 4155/2220/4010 4161/2220/4016 4162/2220/4017
f 4159/2220/4014 4160/2220/4015 4163/2220/4018
f 4162/2220/4017 4161/2220/4016 4164/2220/4019
f 4159/2220/4014 4163/2220/4018 4165/2220/4020
f 4161/2220/4016 4159/2220/4014 4165/2220/4020
f 4165/2220/4020 4163/2220/4018 4166/2220/4021
f 4165/2220/4020 4166/2220/4021 4167/2220/4022
f 4167/2220/4022 4168/2220/4023 4165/2220/4020
f 4161/2220/4016 4165/2220/4020 4169/2220/4024
f 4164/2220/4019 4161/2220/4016 4169/2220/4024
f 4169/2220/4024 4165/2220/4020 4168/2220/4023
f 4164/2220/4019 4169/2220/4024 4170/2220/4025
f 4170/2220/4025 4169/2220/4024 4168/2220/4023
f 4171/2220/4026 4172/2220/4027 4173/2220/4028
f 4173/2220/4028 4172/2220/4027 4174/2220/4029
f 4172/2220/4027 4175/2220/4030 4174/2220/4029
f 4171/2220/4026 4176/2220/4031 4172/2220/4027
f 4176/2220/4031 4171/2220/4026 4177/2220/4032
f 4172/2220/4027 4178/2220/4033 4175/2220/4030
f 4179/2220/4034 4175/2220/4030 4178/2220/4033
f 4178/2220/4033 4180/2220/4035 4179/2220/4034
f 4172/2220/4027 4181/2220/4036 4178/2220/4033
f 4181/2220/4036 4180/2220/4035 4178/2220/4033
f 4181/2220/4036 4172/2220/4027 4176/2220/4031
f 4180/2220/4035 4181/2220/4036 4182/2220/4037
f 4176/2220/4031 4177/2220/4032 4183/2220/4038
f 4184/2220/4039 4182/2220/4037 4181/2220/4036
f 4185/2220/4040 4184/2220/4039 4181/2220/4036
f 4181/2220/4036 4176/2220/4031 4185/2220/4040
f 4186/2220/4041 4184/2220/4039 4185/2220/4040
f 4187/2220/4042 4186/2220/4041 4185/2220/4040
f 4188/2220/4043 4185/2220/4040 4176/2220/4031
f 4188/2220/4043 4187/2220/4042 4185/2220/4040
f 4176/2220/4031 4183/2220/4038 4188/2220/4043
f 4187/2220/4042 4188/2220/4043 4189/2220/4044
f 4190/2220/4045 4188/2220/4043 4183/2220/4038
f 4189/2220/4044 4188/2220/4043 4190/2220/4045
f 4191/2220/4046 4192/2220/4047 4193/2220/4048
f 4194/2220/4049 4192/2220/4047 4195/2220/4050
f 4196/2220/4051 4197/2220/4052 4191/2220/4046
f 4196/2220/4051 4198/2220/4053 4199/2220/4054
f 4197/2220/4052 4196/2220/4051 4199/2220/4054
f 4192/2220/4047 4200/2220/4055 4195/2220/4050
f 4201/2220/4056 4195/2220/4050 4200/2220/4055
f 4191/2220/4046 4202/2220/4057 4192/2220/4047
f 4197/2220/4052 4202/2220/4057 4191/2220/4046
f 4202/2220/4057 4200/2220/4055 4192/2220/4047
f 4200/2220/4055 4203/2220/4058 4201/2220/4056
f 4202/2220/4057 4197/2220/4052 4204/2220/4059
f 4203/2220/4058 4200/2220/4055 4205/2220/4060
f 4205/2220/4060 4206/2220/4061 4203/2220/4058
f 4202/2220/4057 4207/2220/4062 4200/2220/4055
f 4204/2220/4059 4207/2220/4062 4202/2220/4057
f 4200/2220/4055 4208/2220/4063 4205/2220/4060
f 4208/2220/4063 4200/2220/4055 4207/2220/4062
f 4206/2220/4061 4205/2220/4060 4209/2220/4064
f 4210/2220/4065 4205/2220/4060 4208/2220/4063
f 4205/2220/4060 4210/2220/4065 4209/2220/4064
f 4211/2220/4066 4206/2220/4061 4209/2220/4064
f 4210/2220/4065 4211/2220/4066 4209/2220/4064
f 4206/2220/4061 4211/2220/4066 4212/2220/4067
f 4208/2220/4063 4213/2220/4068 4210/2220/4065
f 4207/2220/4062 4213/2220/4068 4208/2220/4063
f 4211/2220/4066 4210/2220/4065 4214/2220/4069
f 4215/2220/4070 4212/2220/4067 4211/2220/4066
f 4214/2220/4069 4215/2220/4070 4211/2220/4066
f 4212/2220/4067 4215/2220/4070 4216/2220/4071
f 4210/2220/4065 4217/2220/4072 4214/2220/4069
f 4217/2220/4072 4210/2220/4065 4213/2220/4068
f 4218/2220/4073 4216/2220/4071 4215/2220/4070
f 4215/2220/4070 4214/2220/4069 4219/2220/4074
f 4217/2220/4072 4219/2220/4074 4214/2220/4069
f 4220/2220/4075 4221/2220/4076 4222/2220/4077
f 4220/2220/4075 4222/2220/4077 4223/2220/4078
f 4221/2220/4076 4224/2220/4079 4222/2220/4077
f 4198/2220/4053 4223/2220/4078 4222/2220/4077
f 4225/2220/4080 4222/2220/4077 4224/2220/4079
f 4222/2220/4077 4225/2220/4080 4198/2220/4053
f 4224/2220/4079 4226/2220/4081 4225/2220/4080
f 4227/2220/4082 4198/2220/4053 4225/2220/4080
f 4225/2220/4080 4226/2220/4081 4227/2220/4082
f 4228/2220/4083 4229/2220/4084 4230/2220/4085
f 4230/2220/4085 4229/2220/4084 4231/2220/4086
f 4229/2220/4084 4232/2220/4087 4231/2220/4086
f 4230/2220/4085 4233/2220/4088 4228/2220/4083
f 4228/2220/4083 4234/2220/4089 4229/2220/4084
f 4229/2220/4084 4235/2220/4090 4232/2220/4087
f 4234/2220/4089 4235/2220/4090 4229/2220/4084
f 4235/2220/4090 4236/2220/4091 4232/2220/4087
f 4234/2220/4089 4228/2220/4083 4237/2220/4092
f 4235/2220/4090 4234/2220/4089 4238/2220/4093
f 4239/2220/4094 4228/2220/4083 4233/2220/4088
f 4239/2220/4094 4237/2220/4092 4228/2220/4083
f 4240/2220/4095 4239/2220/4094 4233/2220/4088
f 4237/2220/4092 4239/2220/4094 4241/2220/4096
f 4242/2220/4097 4235/2220/4090 4238/2220/4093
f 4236/2220/4091 4235/2220/4090 4242/2220/4097
f 4238/2220/4093 4243/2220/4098 4242/2220/4097
f 4244/2220/4099 4241/2220/4096 4239/2220/4094
f 4239/2220/4094 4240/2220/4095 4244/2220/4099
f 4245/2220/4100 4241/2220/4096 4244/2220/4099
f 4246/2220/4101 4236/2220/4091 4242/2220/4097
f 4243/2220/4098 4246/2220/4101 4242/2220/4097
f 4236/2220/4091 4246/2220/4101 4247/2220/4102
f 4246/2220/4101 4243/2220/4098 4248/2220/4103
f 4249/2220/4104 4247/2220/4102 4246/2220/4101
f 4248/2220/4103 4249/2220/4104 4246/2220/4101
f 4247/2220/4102 4249/2220/4104 4250/2220/4105
f 4249/2220/4104 4248/2220/4103 4251/2220/4106
f 4249/2220/4104 4252/2220/4107 4250/2220/4105
f 4253/2220/4108 4249/2220/4104 4251/2220/4106
f 4249/2220/4104 4253/2220/4108 4252/2220/4107
f 4253/2220/4108 4251/2220/4106 4254/2220/4109
f 4255/2220/4110 4252/2220/4107 4253/2220/4108
f 4253/2220/4108 4254/2220/4109 4256/2220/4111
f 4253/2220/4108 4256/2220/4111 4255/2220/4110
f 4257/2220/4112 4255/2220/4110 4256/2220/4111
f 4257/2220/4112 4256/2220/4111 4258/2220/4113
f 4259/2220/4114 4257/2220/4112 4258/2220/4113
f 4257/2220/4112 4259/2220/4114 4260/2220/4115
f 4261/2220/4116 4260/2220/4115 4259/2220/4114
f 4261/2220/4116 4259/2220/4114 4262/2220/4117
f 4262/2220/4117 4263/2220/4118 4261/2220/4116
f 4263/2220/4118 4262/2220/4117 4264/2220/4119
f 4265/2220/4120 4263/2220/4118 4264/2220/4119
f 4264/2220/4119 4266/2220/4121 4265/2220/4120
f 4266/2220/4121 4264/2220/4119 4267/2220/4122
f 4268/2220/4123 4269/2220/4124 4270/2220/4125
f 4270/2220/4125 4271/2220/4126 4268/2220/4123
f 4269/2220/4124 4268/2220/4123 4272/2220/4127
f 4273/2220/4128 4269/2220/4124 4272/2220/4127
f 4269/2220/4124 4273/2220/4128 4274/2220/4129
f 4275/2220/4130 4272/2220/4127 4268/2220/4123
f 4273/2220/4128 4276/2220/4131 4274/2220/4129
f 4276/2220/4131 4273/2220/4128 4277/2220/4132
f 4276/2220/4131 4277/2220/4132 4278/2220/4133
f 4276/2220/4131 4278/2220/4133 4279/2220/4134
f 4279/2220/4134 4278/2220/4133 4280/2220/4135
f 4279/2220/4134 4280/2220/4135 4281/2220/4136
f 4282/2220/4137 4281/2220/4136 4280/2220/4135
f 4283/2220/4138 4281/2220/4136 4282/2220/4137
f 4281/2220/4136 4283/2220/4138 4284/2220/4139
f 4285/2220/4140 4275/2220/4130 4268/2220/4123
f 4275/2220/4130 4285/2220/4140 4286/2220/4141
f 4285/2220/4140 4268/2220/4123 4271/2220/4126
f 4285/2220/4140 4287/2220/4142 4286/2220/4141
f 4271/2220/4126 4288/2220/4143 4285/2220/4140
f 4287/2220/4142 4285/2220/4140 4289/2220/4144
f 4289/2220/4144 4285/2220/4140 4288/2220/4143
f 4287/2220/4142 4289/2220/4144 4290/2220/4145
f 4291/2220/4146 4289/2220/4144 4288/2220/4143
f 4289/2220/4144 4291/2220/4146 4292/2220/4147
f 4289/2220/4144 4292/2220/4147 4290/2220/4145
f 4292/2220/4147 4291/2220/4146 4293/2220/4148
f 4294/2220/4149 4290/2220/4145 4292/2220/4147
f 4294/2220/4149 4292/2220/4147 4293/2220/4148
f 4290/2220/4145 4294/2220/4149 4295/2220/4150
f 4296/2220/4151 4294/2220/4149 4293/2220/4148
f 4294/2220/4149 4297/2220/4152 4295/2220/4150
f 4294/2220/4149 4296/2220/4151 4297/2220/4152
f 4295/2220/4150 4297/2220/4152 4298/2220/4153
f 4299/2220/4154 4297/2220/4152 4296/2220/4151
f 4297/2220/4152 4300/2220/4155 4298/2220/4153
f 4297/2220/4152 4301/2220/4156 4300/2220/4155
f 4297/2220/4152 4299/2220/4154 4301/2220/4156
f 4302/2220/4157 4300/2220/4155 4301/2220/4156
f 4299/2220/4154 4303/2220/4158 4301/2220/4156
f 4301/2220/4156 4303/2220/4158 4302/2220/4157
f 4304/2220/4159 4305/2220/4160 4306/2220/4161
f 4305/2220/4160 4304/2220/4159 4307/2220/4162
f 4305/2220/4160 4307/2220/4162 4308/2220/4163
f 4308/2220/4163 4309/2220/4164 4305/2220/4160
f 4309/2220/4164 4308/2220/4163 4310/2220/4165
f 4311/2220/4166 4312/2220/4167 4313/2220/4168
f 4312/2220/4167 4311/2220/4166 4314/2220/4169
f 4314/2220/4169 4311/2220/4166 4315/2220/4170
f 4316/2220/4171 4315/2220/4170 4311/2220/4166
f 4315/2220/4170 4316/2220/4171 4317/2220/4172
f 4318/2220/4173 4319/2220/4174 4320/2220/4175
f 4321/2220/4176 4319/2220/4174 4318/2220/4173
f 4319/2220/4174 4321/2220/4176 4322/2220/4177
f 4323/2220/4178 4320/2220/4175 4319/2220/4174
f 4320/2220/4175 4323/2220/4178 4324/2220/4179
f 4325/2220/4180 4326/2220/4181 4327/2220/4182
f 4326/2220/4181 4325/2220/4180 4328/2220/4183
f 4328/2220/4183 4325/2220/4180 4329/2220/4184
f 4327/2220/4182 4330/2220/4185 4325/2220/4180
f 4330/2220/4185 4327/2220/4182 4331/2220/4186
f 4332/2220/4187 4333/2220/4188 4334/2220/4189
f 4335/2220/4190 4334/2220/4189 4333/2220/4188
f 4335/2220/4190 4336/2220/4191 4334/2220/4189
f 4336/2220/4191 4335/2220/4190 4337/2220/4191
f 4338/2220/4192 4336/2220/4191 4337/2220/4191
f 4338/2220/4192 4339/2220/4193 4336/2220/4191
f 4333/2220/4188 4332/2220/4187 4340/2220/4194
f 4341/2220/4195 4340/2220/4194 4332/2220/4187
f 4333/2220/4188 4340/2220/4194 4342/2220/4196
f 4341/2220/4195 4332/2220/4187 4343/2220/4197
f 4344/2220/4198 4333/2220/4188 4342/2220/4196
f 4343/2220/4197 4345/2220/4199 4341/2220/4195
f 4346/2220/4200 4333/2220/4188 4344/2220/4198
f 4345/2220/4199 4343/2220/4197 4347/2220/4201
f 4348/2220/4202 4346/2220/4200 4344/2220/4198
f 4349/2220/4203 4345/2220/4199 4347/2220/4201
f 4346/2220/4200 4348/2220/4202 4350/2220/4204
f 4349/2220/4203 4347/2220/4201 4351/2220/4205
f 4348/2220/4202 4352/2220/4206 4350/2220/4204
f 4353/2220/4207 4349/2220/4203 4351/2220/4205
f 4354/2220/4208 4350/2220/4204 4352/2220/4206
f 4353/2220/4207 4351/2220/4205 4355/2220/4209
f 4355/2220/4209 4351/2220/4205 4356/2220/4210
f 4357/2220/4211 4355/2220/4209 4356/2220/4210
f 4352/2220/4206 4358/2220/4212 4354/2220/4208
f 4359/2220/4213 4354/2220/4208 4358/2220/4212
f 4354/2220/4208 4359/2220/4213 4360/2220/4214
f 4361/2220/4215 4360/2220/4214 4359/2220/4213
f 4362/2220/4216 4363/2220/4217 4364/2220/4218
f 4362/2220/4216 4364/2220/4218 4365/2220/4219
f 4365/2220/4219 4364/2220/4218 4366/2220/4220
f 4367/2220/4221 4366/2220/4220 4364/2220/4218
f 4367/2220/4221 4368/2220/4222 4366/2220/4220
f 4368/2220/4222 4367/2220/4221 4369/2220/4222
f 4363/2220/4217 4362/2220/4216 4370/2220/4223
f 4370/2220/4223 4362/2220/4216 4371/2220/4224
f 4372/2220/4225 4363/2220/4217 4370/2220/4223
f 4362/2220/4216 4373/2220/4226 4371/2220/4224
f 4363/2220/4217 4372/2220/4225 4374/2220/4227
f 4362/2220/4216 4375/2220/4228 4373/2220/4226
f 4372/2220/4225 4376/2220/4229 4374/2220/4227
f 4375/2220/4228 4377/2220/4230 4373/2220/4226
f 4378/2220/4231 4374/2220/4227 4376/2220/4229
f 4377/2220/4230 4375/2220/4228 4379/2220/4232
f 4380/2220/4233 4378/2220/4231 4376/2220/4229
f 4379/2220/4232 4381/2220/4234 4377/2220/4230
f 4378/2220/4231 4380/2220/4233 4382/2220/4235
f 4379/2220/4232 4383/2220/4236 4381/2220/4234
f 4384/2220/4237 4382/2220/4235 4380/2220/4233
f 4383/2220/4236 4385/2220/4238 4381/2220/4234
f 4382/2220/4235 4384/2220/4237 4386/2220/4239
f 4386/2220/4239 4387/2220/4240 4382/2220/4235
f 4386/2220/4239 4388/2220/4241 4387/2220/4240
f 4385/2220/4238 4383/2220/4236 4389/2220/4242
f 4389/2220/4242 4383/2220/4236 4390/2220/4243
f 4389/2220/4242 4390/2220/4243 4391/2220/4244
f 4303/2220/4158 4299/2220/4154 4392/2220/4245
f 4303/2220/4158 4393/2220/4246 4302/2220/4157
f 4303/2220/4158 4392/2220/4245 4394/2220/4247
f 4393/2220/4246 4303/2220/4158 4394/2220/4247
f 4394/2220/4247 4392/2220/4245 4395/2220/4248
f 4394/2220/4247 4396/2220/4249 4393/2220/4246
f 4395/2220/4248 4396/2220/4249 4394/2220/4247
f 4397/2220/4250 4393/2220/4246 4396/2220/4249
f 4396/2220/4249 4395/2220/4248 4398/2220/4251
f 4399/2220/4252 4397/2220/4250 4396/2220/4249
f 4399/2220/4252 4396/2220/4249 4398/2220/4251
f 4397/2220/4250 4399/2220/4252 4400/2220/4253
f 4398/2220/4251 4401/2220/4254 4399/2220/4252
f 4402/2220/4255 4400/2220/4253 4399/2220/4252
f 4401/2220/4254 4403/2220/4256 4399/2220/4252
f 4402/2220/4255 4399/2220/4252 4403/2220/4256
f 4401/2220/4254 4404/2220/4257 4403/2220/4256
f 4403/2220/4256 4405/2220/4258 4402/2220/4255
f 4403/2220/4256 4404/2220/4257 4406/2220/4259
f 4403/2220/4256 4406/2220/4259 4405/2220/4258
f 4407/2220/4260 4405/2220/4258 4406/2220/4259
f 4407/2220/4260 4406/2220/4259 4408/2220/4261
f 4409/2220/4262 4407/2220/4260 4408/2220/4261
f 4407/2220/4260 4409/2220/4262 4410/2220/4263
f 4410/2220/4263 4409/2220/4262 4411/2220/4264
f 4412/2220/4265 4411/2220/4264 4409/2220/4262
f 4411/2220/4264 4412/2220/4265 4413/2220/4266
f 4414/2220/4267 4413/2220/4266 4412/2220/4265
f 4415/2220/4268 4413/2220/4266 4414/2220/4267
f 4414/2220/4267 4416/2220/4269 4415/2220/4268
f 4416/2220/4269 4414/2220/4267 4417/2220/4270
f 4418/2220/4271 4419/2220/4272 4420/2220/4273
f 4421/2220/4274 4420/2220/4273 4419/2220/4272
f 4420/2220/4273 4421/2220/4274 4422/2220/4275
f 4421/2220/4274 4423/2220/4276 4422/2220/4275
f 4421/2220/4274 4424/2220/4277 4423/2220/4276
f 4425/2220/4278 4424/2220/4277 4421/2220/4274
f 4421/2220/4274 4419/2220/4272 4425/2220/4278
f 4424/2220/4277 4426/2220/4279 4423/2220/4276
f 4427/2220/4280 4425/2220/4278 4419/2220/4272
f 4428/2220/4281 4423/2220/4276 4426/2220/4279
f 4426/2220/4279 4429/2220/4282 4428/2220/4281
f 4429/2220/4282 4426/2220/4279 4430/2220/4283
f 4431/2220/4284 4429/2220/4282 4430/2220/4283
f 4431/2220/4284 4432/2220/4285 4429/2220/4282
f 4433/2220/4286 4432/2220/4285 4431/2220/4284
f 4433/2220/4286 4434/2220/4287 4432/2220/4285
f 4435/2220/4288 4434/2220/4287 4433/2220/4286
f 4436/2220/4289 4434/2220/4287 4435/2220/4288
f 4434/2220/4287 4436/2220/4289 4437/2220/4290
f 4419/2220/4272 4438/2220/4291 4427/2220/4280
f 4438/2220/4291 4419/2220/4272 4439/2220/4292
f 4419/2220/4272 4418/2220/4271 4439/2220/4292
f 4240/2220/4095 4438/2220/4291 4439/2220/4292
f 4245/2220/4100 4439/2220/4292 4418/2220/4271
f 4240/2220/4095 4439/2220/4292 4244/2220/4099
f 4439/2220/4292 4245/2220/4100 4244/2220/4099
f 4440/2220/4293 4441/2220/4294 4442/2220/4295
f 4440/2220/4293 4442/2220/4295 4443/2220/4296
f 4444/2220/4297 4442/2220/4295 4441/2220/4294
f 4442/2220/4295 4444/2220/4297 4445/2220/4298
f 4440/2220/4293 4446/2220/4299 4441/2220/4294
f 4446/2220/4299 4444/2220/4297 4441/2220/4294
f 4447/2220/4300 4440/2220/4293 4443/2220/4296
f 4447/2220/4300 4443/2220/4296 4448/2220/4301
f 4449/2220/4302 4447/2220/4300 4448/2220/4301
f 4450/2220/4303 4445/2220/4298 4444/2220/4297
f 4445/2220/4298 4450/2220/4303 4451/2220/4304
f 4450/2220/4303 4452/2220/4305 4451/2220/4304
f 4450/2220/4303 4444/2220/4297 4453/2220/4306
f 4446/2220/4299 4453/2220/4306 4444/2220/4297
f 4452/2220/4305 4450/2220/4303 4454/2220/4307
f 4454/2220/4307 4455/2220/4308 4452/2220/4305
f 4455/2220/4308 4454/2220/4307 4456/2220/4309
f 4456/2220/4309 4457/2220/4310 4455/2220/4308
f 4458/2220/4311 4453/2220/4306 4446/2220/4299
f 4454/2220/4307 4459/2220/4312 4456/2220/4309
f 4453/2220/4306 4220/2220/4075 4450/2220/4303
f 4458/2220/4311 4220/2220/4075 4453/2220/4306
f 4450/2220/4303 4223/2220/4078 4454/2220/4307
f 4223/2220/4078 4450/2220/4303 4220/2220/4075
f 4459/2220/4312 4454/2220/4307 4223/2220/4078
f 4457/2220/4310 4456/2220/4309 4460/2220/4313
f 4459/2220/4312 4460/2220/4313 4456/2220/4309
f 4460/2220/4313 4193/2220/4048 4457/2220/4310
f 4457/2220/4310 4193/2220/4048 4194/2220/4049
f 4460/2220/4313 4459/2220/4312 4196/2220/4051
f 4223/2220/4078 4198/2220/4053 4459/2220/4312
f 4198/2220/4053 4196/2220/4051 4459/2220/4312
f 4193/2220/4048 4192/2220/4047 4194/2220/4049
f 4460/2220/4313 4191/2220/4046 4193/2220/4048
f 4191/2220/4046 4460/2220/4313 4196/2220/4051
f 4461/2220/4314 4462/2220/4315 4463/2220/4316
f 4462/2220/4315 4464/2220/4317 4463/2220/4316
f 4462/2220/4315 4461/2220/4314 4465/2220/4318
f 4461/2220/4314 4466/2220/4319 4465/2220/4318
f 4467/2220/4320 4462/2220/4315 4465/2220/4318
f 4466/2220/4319 4467/2220/4320 4465/2220/4318
f 4464/2220/4317 4462/2220/4315 4468/2220/4321
f 4447/2220/4300 4464/2220/4317 4469/2220/4322
f 4469/2220/4322 4464/2220/4317 4468/2220/4321
f 4470/2220/4323 4468/2220/4321 4462/2220/4315
f 4462/2220/4315 4467/2220/4320 4470/2220/4323
f 4471/2220/4324 4447/2220/4300 4469/2220/4322
f 4447/2220/4300 4471/2220/4324 4440/2220/4293
f 4446/2220/4299 4440/2220/4293 4471/2220/4324
f 4472/2220/4325 4446/2220/4299 4471/2220/4324
f 4471/2220/4324 4469/2220/4322 4472/2220/4325
f 4472/2220/4325 4458/2220/4311 4446/2220/4299
f 4473/2220/4326 4469/2220/4322 4468/2220/4321
f 4469/2220/4322 4473/2220/4326 4472/2220/4325
f 4473/2220/4326 4468/2220/4321 4474/2220/4327
f 4468/2220/4321 4470/2220/4323 4474/2220/4327
f 4474/2220/4327 4470/2220/4323 4475/2220/4328
f 4470/2220/4323 4467/2220/4320 4475/2220/4328
f 4474/2220/4327 4476/2220/4329 4473/2220/4326
f 4477/2220/4330 4472/2220/4325 4473/2220/4326
f 4476/2220/4329 4477/2220/4330 4473/2220/4326
f 4476/2220/4329 4474/2220/4327 4478/2220/4331
f 4475/2220/4328 4478/2220/4331 4474/2220/4327
f 4475/2220/4328 4467/2220/4320 4479/2220/4332
f 4478/2220/4331 4480/2220/4333 4476/2220/4329
f 4480/2220/4333 4478/2220/4331 4481/2220/4334
f 4480/2220/4333 4482/2220/4335 4476/2220/4329
f 4477/2220/4330 4476/2220/4329 4482/2220/4335
f 4483/2220/4336 4482/2220/4335 4480/2220/4333
f 4483/2220/4336 4484/2220/4337 4482/2220/4335
f 4485/2220/4338 4484/2220/4337 4483/2220/4336
f 4484/2220/4337 4486/2220/4339 4482/2220/4335
f 4486/2220/4339 4477/2220/4330 4482/2220/4335
f 4484/2220/4337 4485/2220/4338 4487/2220/4340
f 4488/2220/4341 4487/2220/4340 4485/2220/4338
f 4489/2220/4342 4487/2220/4340 4488/2220/4341
f 4487/2220/4340 4489/2220/4342 4490/2220/4343
f 4489/2220/4342 4491/2220/4344 4490/2220/4343
f 4491/2220/4344 4489/2220/4342 4492/2220/4345
f 4493/2220/4346 4491/2220/4344 4492/2220/4345
f 4491/2220/4344 4493/2220/4346 4494/2220/4347
f 4493/2220/4346 4495/2220/4348 4494/2220/4347
f 4495/2220/4348 4493/2220/4346 4496/2220/4349
f 4477/2220/4330 4486/2220/4339 4497/2220/4350
f 4497/2220/4350 4498/2220/4351 4477/2220/4330
f 4498/2220/4351 4497/2220/4350 4499/2220/4352
f 4472/2220/4325 4477/2220/4330 4498/2220/4351
f 4500/2220/4353 4498/2220/4351 4499/2220/4352
f 4501/2220/4354 4472/2220/4325 4498/2220/4351
f 4501/2220/4354 4498/2220/4351 4500/2220/4353
f 4458/2220/4311 4472/2220/4325 4501/2220/4354
f 4502/2220/4355 4501/2220/4354 4500/2220/4353
f 4501/2220/4354 4502/2220/4355 4503/2220/4356
f 4503/2220/4356 4458/2220/4311 4501/2220/4354
f 4504/2220/4357 4503/2220/4356 4502/2220/4355
f 4458/2220/4311 4503/2220/4356 4221/2220/4076
f 4221/2220/4076 4220/2220/4075 4458/2220/4311
f 4503/2220/4356 4504/2220/4357 4505/2220/4358
f 4506/2220/4359 4505/2220/4358 4504/2220/4357
f 4507/2220/4360 4221/2220/4076 4503/2220/4356
f 4503/2220/4356 4505/2220/4358 4507/2220/4360
f 4508/2220/4361 4505/2220/4358 4506/2220/4359
f 4506/2220/4359 4509/2220/4362 4508/2220/4361
f 4505/2220/4358 4508/2220/4361 4510/2220/4363
f 4505/2220/4358 4510/2220/4363 4507/2220/4360
f 4511/2220/4364 4509/2220/4362 4506/2220/4359
f 4509/2220/4362 4511/2220/4364 4512/2220/4365
f 4511/2220/4364 4513/2220/4366 4512/2220/4365
f 4513/2220/4366 4511/2220/4364 4514/2220/4367
f 4515/2220/4368 4513/2220/4366 4514/2220/4367
f 4513/2220/4366 4515/2220/4368 4516/2220/4369
f 4515/2220/4368 4517/2220/4370 4516/2220/4369
f 4517/2220/4370 4515/2220/4368 4518/2220/4371
f 4519/2220/4372 4517/2220/4370 4518/2220/4371
f 4517/2220/4370 4519/2220/4372 4520/2220/4373
f 4510/2220/4363 4521/2220/4374 4507/2220/4360
f 4521/2220/4374 4510/2220/4363 4522/2220/4375
f 4507/2220/4360 4521/2220/4374 4224/2220/4079
f 4507/2220/4360 4224/2220/4079 4221/2220/4076
f 4522/2220/4375 4523/2220/4376 4521/2220/4374
f 4524/2220/4377 4523/2220/4376 4522/2220/4375
f 4523/2220/4376 4524/2220/4377 4525/2220/4378
f 4526/2220/4379 4521/2220/4374 4523/2220/4376
f 4523/2220/4376 4525/2220/4378 4526/2220/4379
f 4226/2220/4081 4224/2220/4079 4521/2220/4374
f 4521/2220/4374 4526/2220/4379 4226/2220/4081
f 4525/2220/4378 4527/2220/4380 4526/2220/4379
f 4527/2220/4380 4525/2220/4378 4528/2220/4381
f 4526/2220/4379 4527/2220/4380 4529/2220/4382
f 4529/2220/4382 4530/2220/4383 4526/2220/4379
f 4530/2220/4383 4226/2220/4081 4526/2220/4379
f 4530/2220/4383 4529/2220/4382 4531/2220/4384
f 4532/2220/4385 4530/2220/4383 4531/2220/4384
f 4226/2220/4081 4530/2220/4383 4533/2220/4386
f 4530/2220/4383 4532/2220/4385 4534/2220/4387
f 4532/2220/4385 4535/2220/4388 4534/2220/4387
f 4530/2220/4383 4536/2220/4389 4533/2220/4386
f 4536/2220/4389 4530/2220/4383 4534/2220/4387
f 4537/2220/4390 4534/2220/4387 4535/2220/4388
f 4537/2220/4390 4535/2220/4388 4538/2220/4391
f 4534/2220/4387 4537/2220/4390 4539/2220/4392
f 4539/2220/4392 4537/2220/4390 4540/2220/4393
f 4540/2220/4393 4541/2220/4394 4539/2220/4392
f 4542/2220/4395 4534/2220/4387 4539/2220/4392
f 4542/2220/4395 4539/2220/4392 4541/2220/4394
f 4534/2220/4387 4542/2220/4395 4536/2220/4389
f 4543/2220/4396 4542/2220/4395 4541/2220/4394
f 4227/2220/4082 4533/2220/4386 4536/2220/4389
f 4226/2220/4081 4533/2220/4386 4227/2220/4082
f 4544/2220/4397 4536/2220/4389 4542/2220/4395
f 4545/2220/4398 4542/2220/4395 4543/2220/4396
f 4542/2220/4395 4545/2220/4398 4544/2220/4397
f 4545/2220/4398 4543/2220/4396 4546/2220/4399
f 4547/2220/4400 4546/2220/4399 4543/2220/4396
f 4548/2220/4401 4546/2220/4399 4547/2220/4400
f 4549/2220/4402 4548/2220/4401 4547/2220/4400
f 4548/2220/4401 4549/2220/4402 4550/2220/4403
f 4551/2220/4404 4550/2220/4403 4549/2220/4402
f 4546/2220/4399 4548/2220/4401 4552/2220/4405
f 4553/2220/4406 4550/2220/4403 4551/2220/4404
f 4550/2220/4403 4553/2220/4406 4554/2220/4407
f 4553/2220/4406 4555/2220/4408 4554/2220/4407
f 4553/2220/4406 4556/2220/4409 4555/2220/4408
f 4555/2220/4408 4556/2220/4409 4557/2220/4410
f 4557/2220/4410 4558/2220/4411 4555/2220/4408
f 4558/2220/4411 4557/2220/4410 4559/2220/4412
f 4560/2220/4413 4559/2220/4412 4557/2220/4410
f 4552/2220/4405 4561/2220/4414 4546/2220/4399
f 4546/2220/4399 4561/2220/4414 4545/2220/4398
f 4561/2220/4414 4552/2220/4405 4562/2220/4415
f 4562/2220/4415 4563/2220/4416 4561/2220/4414
f 4563/2220/4416 4562/2220/4415 4564/2220/4417
f 4565/2220/4418 4545/2220/4398 4561/2220/4414
f 4566/2220/4419 4563/2220/4416 4564/2220/4417
f 4565/2220/4418 4544/2220/4397 4545/2220/4398
f 4566/2220/4419 4564/2220/4417 4567/2220/4420
f 4213/2220/4068 4561/2220/4414 4563/2220/4416
f 4561/2220/4414 4213/2220/4068 4565/2220/4418
f 4566/2220/4419 4213/2220/4068 4563/2220/4416
f 4207/2220/4062 4565/2220/4418 4213/2220/4068
f 4568/2220/4421 4566/2220/4419 4567/2220/4420
f 4565/2220/4418 4207/2220/4062 4204/2220/4059
f 4544/2220/4397 4565/2220/4418 4204/2220/4059
f 4213/2220/4068 4566/2220/4419 4217/2220/4072
f 4204/2220/4059 4569/2220/4422 4544/2220/4397
f 4536/2220/4389 4544/2220/4397 4569/2220/4422
f 4569/2220/4422 4204/2220/4059 4197/2220/4052
f 4227/2220/4082 4536/2220/4389 4569/2220/4422
f 4197/2220/4052 4227/2220/4082 4569/2220/4422
f 4227/2220/4082 4197/2220/4052 4199/2220/4054
f 4198/2220/4053 4227/2220/4082 4199/2220/4054
f 4566/2220/4419 4568/2220/4421 4570/2220/4423
f 4570/2220/4423 4217/2220/4072 4566/2220/4419
f 4571/2220/4424 4570/2220/4423 4568/2220/4421
f 4217/2220/4072 4570/2220/4423 4572/2220/4425
f 4572/2220/4425 4219/2220/4074 4217/2220/4072
f 4570/2220/4423 4571/2220/4424 4573/2220/4426
f 4573/2220/4426 4571/2220/4424 4574/2220/4427
f 4575/2220/4428 4572/2220/4425 4570/2220/4423
f 4575/2220/4428 4570/2220/4423 4573/2220/4426
f 4219/2220/4074 4572/2220/4425 4576/2220/4429
f 4576/2220/4429 4577/2220/4430 4219/2220/4074
f 4466/2220/4319 4577/2220/4430 4576/2220/4429
f 4574/2220/4427 4578/2220/4431 4573/2220/4426
f 4578/2220/4431 4574/2220/4427 4579/2220/4432
f 4580/2220/4433 4573/2220/4426 4578/2220/4431
f 4580/2220/4433 4575/2220/4428 4573/2220/4426
f 4581/2220/4434 4579/2220/4432 4574/2220/4427
f 4579/2220/4432 4581/2220/4434 4582/2220/4435
f 4581/2220/4434 4583/2220/4436 4582/2220/4435
f 4583/2220/4436 4581/2220/4434 4584/2220/4437
f 4585/2220/4438 4583/2220/4436 4584/2220/4437
f 4583/2220/4436 4585/2220/4438 4586/2220/4439
f 4585/2220/4438 4587/2220/4440 4586/2220/4439
f 4587/2220/4440 4585/2220/4438 4588/2220/4441
f 4587/2220/4440 4588/2220/4441 4589/2220/4442
f 4587/2220/4440 4589/2220/4442 4590/2220/4443
f 4575/2220/4428 4580/2220/4433 4591/2220/4444
f 4591/2220/4444 4580/2220/4433 4592/2220/4445
f 4593/2220/4446 4575/2220/4428 4591/2220/4444
f 4572/2220/4425 4575/2220/4428 4593/2220/4446
f 4576/2220/4429 4572/2220/4425 4593/2220/4446
f 4591/2220/4444 4592/2220/4445 4594/2220/4447
f 4595/2220/4448 4594/2220/4447 4592/2220/4445
f 4594/2220/4447 4595/2220/4448 4596/2220/4449
f 4597/2220/4450 4591/2220/4444 4594/2220/4447
f 4596/2220/4449 4597/2220/4450 4594/2220/4447
f 4593/2220/4446 4591/2220/4444 4598/2220/4451
f 4591/2220/4444 4597/2220/4450 4598/2220/4451
f 4597/2220/4450 4596/2220/4449 4599/2220/4452
f 4599/2220/4452 4596/2220/4449 4600/2220/4453
f 4597/2220/4450 4599/2220/4452 4601/2220/4454
f 4602/2220/4455 4576/2220/4429 4593/2220/4446
f 4602/2220/4455 4593/2220/4446 4598/2220/4451
f 4576/2220/4429 4602/2220/4455 4466/2220/4319
f 4467/2220/4320 4466/2220/4319 4602/2220/4455
f 4598/2220/4451 4467/2220/4320 4602/2220/4455
f 4467/2220/4320 4598/2220/4451 4479/2220/4332
f 4601/2220/4454 4603/2220/4456 4597/2220/4450
f 4603/2220/4456 4598/2220/4451 4597/2220/4450
f 4598/2220/4451 4603/2220/4456 4479/2220/4332
f 4603/2220/4456 4601/2220/4454 4604/2220/4457
f 4603/2220/4456 4475/2220/4328 4479/2220/4332
f 4605/2220/4458 4603/2220/4456 4604/2220/4457
f 4475/2220/4328 4603/2220/4456 4606/2220/4459
f 4603/2220/4456 4605/2220/4458 4606/2220/4459
f 4606/2220/4459 4478/2220/4331 4475/2220/4328
f 4606/2220/4459 4605/2220/4458 4607/2220/4460
f 4608/2220/4461 4606/2220/4459 4607/2220/4460
f 4608/2220/4461 4607/2220/4460 4609/2220/4462
f 4478/2220/4331 4606/2220/4459 4610/2220/4463
f 4610/2220/4463 4606/2220/4459 4608/2220/4461
f 4481/2220/4334 4478/2220/4331 4610/2220/4463
f 4608/2220/4461 4611/2220/4464 4610/2220/4463
f 4481/2220/4334 4610/2220/4463 4611/2220/4464
f 4612/2220/4465 4613/2220/4466 4614/2220/4467
f 4613/2220/4466 4612/2220/4465 4615/2220/4468
f 4614/2220/4467 4616/2220/4469 4612/2220/4465
f 4616/2220/4469 4614/2220/4467 4617/2220/4470
f 4617/2220/4470 4614/2220/4467 4618/2220/4471
f 4613/2220/4466 4618/2220/4471 4614/2220/4467
f 4618/2220/4471 4613/2220/4466 4619/2220/4472
f 4620/2220/4473 4621/2220/4474 4622/2220/4475
f 4621/2220/4474 4620/2220/4473 4623/2220/4476
f 4624/2220/4477 4623/2220/4476 4620/2220/4473
f 4623/2220/4476 4624/2220/4477 4625/2220/4478
f 4625/2220/4478 4626/2220/4479 4623/2220/4476
f 4626/2220/4479 4621/2220/4474 4623/2220/4476
f 4621/2220/4474 4626/2220/4479 4627/2220/4480
f 4628/2220/4481 4629/2220/4482 4630/2220/4483
f 4629/2220/4482 4628/2220/4481 4631/2220/4484
f 4632/2220/4485 4630/2220/4483 4629/2220/4482
f 4630/2220/4483 4632/2220/4485 4633/2220/4486
f 4633/2220/4486 4634/2220/4487 4630/2220/4483
f 4634/2220/4487 4628/2220/4481 4630/2220/4483
f 4628/2220/4481 4634/2220/4487 4635/2220/4488
f 4636/2220/4489 4637/2220/4490 4638/2220/4491
f 4637/2220/4490 4636/2220/4489 4639/2220/4492
f 4639/2220/4492 4640/2220/4493 4637/2220/4490
f 4640/2220/4493 4639/2220/4492 4641/2220/4494
f 4641/2220/4494 4639/2220/4492 4642/2220/4495
f 4636/2220/4489 4642/2220/4495 4639/2220/4492
f 4642/2220/4495 4636/2220/4489 4643/2220/4496
f 4644/2220/4497 4645/2220/4498 4646/2220/4499
f 4645/2220/4498 4644/2220/4497 4647/2220/4500
f 4644/2220/4497 4646/2220/4499 4648/2220/4501
f 4646/2220/4499 4645/2220/4498 4649/2220/4502
f 4646/2220/4499 4650/2220/4503 4648/2220/4501
f 4651/2220/4504 4646/2220/4499 4649/2220/4502
f 4646/2220/4499 4651/2220/4504 4650/2220/4503
f 4652/2220/4505 4653/2220/4506 4654/2220/4507
f 4653/2220/4506 4652/2220/4505 4655/2220/4508
f 4656/2220/4509 4654/2220/4507 4653/2220/4506
f 4654/2220/4507 4656/2220/4509 4657/2220/4510
f 4658/2220/4511 4657/2220/4510 4656/2220/4509
f 4657/2220/4510 4658/2220/4511 4659/2220/4512
f 4658/2220/4511 4660/2220/4513 4659/2220/4512
f 4660/2220/4513 4658/2220/4511 4661/2220/4514
f 4661/2220/4514 4662/2220/4515 4660/2220/4513
f 4662/2220/4515 4661/2220/4514 4663/2220/4516
f 4663/2220/4516 4664/2220/4517 4662/2220/4515
f 4664/2220/4517 4663/2220/4516 4665/2220/4518
f 4666/2220/4519 4667/2220/4520 4668/2220/4521
f 4667/2220/4520 4666/2220/4519 4669/2220/4522
f 4669/2220/4522 4670/2220/4523 4667/2220/4520
f 4670/2220/4523 4669/2220/4522 4671/2220/4524
f 4671/2220/4524 4672/2220/4525 4670/2220/4523
f 4672/2220/4525 4671/2220/4524 4673/2220/4526
f 4674/2220/4527 4672/2220/4525 4673/2220/4526
f 4672/2220/4525 4674/2220/4527 4675/2220/4528
f 4676/2220/4529 4675/2220/4528 4674/2220/4527
f 4675/2220/4528 4676/2220/4529 4677/2220/4530
f 4678/2220/4531 4677/2220/4530 4676/2220/4529
f 4677/2220/4530 4678/2220/4531 4679/2220/4532
f 4680/2220/4533 4681/2220/4534 4682/2220/4535
f 4682/2220/4535 4681/2220/4534 4683/2220/4536
f 4682/2220/4535 4684/2220/4537 4680/2220/4533
f 4682/2220/4535 4685/2220/4538 4684/2220/4537
f 4684/2220/4537 4685/2220/4538 4686/2220/4539
f 4685/2220/4538 4687/2220/4540 4686/2220/4539
f 4688/2220/4541 4689/2220/4542 4690/2220/4543
f 4690/2220/4543 4689/2220/4542 4691/2220/4544
f 4692/2220/4545 4691/2220/4544 4689/2220/4542
f 4691/2220/4544 4693/2220/4546 4690/2220/4543
f 4693/2220/4546 4691/2220/4544 4694/2220/4547
f 4694/2220/4547 4695/2220/4548 4693/2220/4546
f 4695/2220/4548 4694/2220/4547 4696/2220/4549
f 4697/2220/4550 4690/2220/4543 4693/2220/4546
f 4693/2220/4546 4695/2220/4548 4697/2220/4550
f 4690/2220/4543 4697/2220/4550 4688/2220/4541
f 4698/2220/4551 4697/2220/4550 4695/2220/4548
f 4697/2220/4550 4698/2220/4551 4699/2220/4552
f 4700/2220/4553 4699/2220/4552 4698/2220/4551
f 4699/2220/4552 4701/2220/4554 4697/2220/4550
f 4688/2220/4541 4697/2220/4550 4701/2220/4554
f 4701/2220/4554 4702/2220/4555 4688/2220/4541
f 4703/2220/4556 4688/2220/4541 4702/2220/4555
f 4689/2220/4542 4688/2220/4541 4703/2220/4556
f 4702/2220/4555 4704/2220/4557 4703/2220/4556
f 4705/2220/4558 4703/2220/4556 4704/2220/4557
f 4689/2220/4542 4703/2220/4556 4705/2220/4558
f 4705/2220/4558 4704/2220/4557 4706/2220/4559
f 4707/2220/4560 4689/2220/4542 4705/2220/4558
f 4707/2220/4560 4705/2220/4558 4706/2220/4559
f 4689/2220/4542 4707/2220/4560 4692/2220/4545
f 4708/2220/4561 4707/2220/4560 4706/2220/4559
f 4708/2220/4561 4692/2220/4545 4707/2220/4560
f 4709/2220/4562 4710/2220/4563 4711/2220/4564
f 4710/2220/4563 4709/2220/4562 4712/2220/4565
f 4712/2220/4565 4713/2220/4566 4710/2220/4563
f 4712/2220/4565 4714/2220/4567 4713/2220/4566
f 4715/2220/4568 4713/2220/4566 4714/2220/4567
f 4715/2220/4568 4716/2220/4569 4713/2220/4566
f 4717/2220/4570 4718/2220/4571 4719/2220/4572
f 4717/2220/4570 4719/2220/4572 4720/2220/4573
f 4721/2220/4574 4720/2220/4573 4719/2220/4572
f 4720/2220/4573 4722/2220/4575 4717/2220/4570
f 4719/2220/4572 4723/2220/4576 4721/2220/4574
f 4723/2220/4576 4719/2220/4572 4718/2220/4571
f 4723/2220/4576 4724/2220/4577 4721/2220/4574
f 4725/2220/4578 4724/2220/4577 4723/2220/4576
f 4718/2220/4571 4725/2220/4578 4723/2220/4576
f 4726/2220/4579 4724/2220/4577 4725/2220/4578
f 4727/2220/4580 4726/2220/4579 4725/2220/4578
f 4725/2220/4578 4718/2220/4571 4727/2220/4580
f 4728/2220/4581 4727/2220/4580 4718/2220/4571
f 4718/2220/4571 4729/2220/4582 4728/2220/4581
f 4718/2220/4571 4717/2220/4570 4729/2220/4582
f 4730/2220/4583 4728/2220/4581 4729/2220/4582
f 4728/2220/4581 4730/2220/4583 4731/2220/4584
f 4732/2220/4585 4729/2220/4582 4717/2220/4570
f 4729/2220/4582 4732/2220/4585 4730/2220/4583
f 4722/2220/4575 4732/2220/4585 4717/2220/4570
f 4733/2220/4586 4731/2220/4584 4730/2220/4583
f 4732/2220/4585 4733/2220/4586 4730/2220/4583
f 4731/2220/4584 4733/2220/4586 4734/2220/4587
f 4722/2220/4575 4735/2220/4588 4732/2220/4585
f 4732/2220/4585 4736/2220/4589 4733/2220/4586
f 4735/2220/4588 4736/2220/4589 4732/2220/4585
f 4735/2220/4588 4737/2220/4590 4736/2220/4589
f 4738/2220/4591 4739/2220/4592 4740/2220/4593
f 4741/2220/4594 4738/2220/4591 4740/2220/4593
f 4738/2220/4591 4741/2220/4594 4742/2220/4595
f 4743/2220/4596 4741/2220/4594 4740/2220/4593
f 4741/2220/4594 4743/2220/4596 4744/2220/4597
f 4745/2220/4598 4744/2220/4597 4743/2220/4596
f 4744/2220/4597 4745/2220/4598 4746/2220/4599
f 4740/2220/4593 4747/2220/4600 4743/2220/4596
f 4745/2220/4598 4743/2220/4596 4747/2220/4600
f 4747/2220/4600 4740/2220/4593 4739/2220/4592
f 4745/2220/4598 4747/2220/4600 4748/2220/4601
f 4748/2220/4601 4747/2220/4600 4749/2220/4602
f 4748/2220/4601 4749/2220/4602 4750/2220/4603
f 4747/2220/4600 4751/2220/4604 4749/2220/4602
f 4747/2220/4600 4739/2220/4592 4751/2220/4604
f 4739/2220/4592 4752/2220/4605 4751/2220/4604
f 4752/2220/4605 4739/2220/4592 4753/2220/4606
f 4739/2220/4592 4738/2220/4591 4753/2220/4606
f 4753/2220/4606 4754/2220/4607 4752/2220/4605
f 4754/2220/4607 4753/2220/4606 4755/2220/4608
f 4738/2220/4591 4755/2220/4608 4753/2220/4606
f 4755/2220/4608 4756/2220/4609 4754/2220/4607
f 4755/2220/4608 4738/2220/4591 4757/2220/4610
f 4757/2220/4610 4756/2220/4609 4755/2220/4608
f 4742/2220/4595 4757/2220/4610 4738/2220/4591
f 4758/2220/4611 4756/2220/4609 4757/2220/4610
f 4757/2220/4610 4742/2220/4595 4758/2220/4611
f 4759/2220/4612 4760/2220/4613 4761/2220/4614
f 4760/2220/4613 4762/2220/4615 4761/2220/4614
f 4762/2220/4615 4763/2220/4616 4761/2220/4614
f 4763/2220/4616 4762/2220/4615 4764/2220/4617
f 4762/2220/4615 4760/2220/4613 4765/2220/4618
f 4764/2220/4617 4766/2220/4619 4763/2220/4616
f 4766/2220/4619 4764/2220/4617 4767/2220/4620
f 4768/2220/4621 4761/2220/4614 4763/2220/4616
f 4766/2220/4619 4768/2220/4621 4763/2220/4616
f 4761/2220/4614 4768/2220/4621 4759/2220/4612
f 4768/2220/4621 4766/2220/4619 4769/2220/4622
f 4769/2220/4622 4770/2220/4623 4768/2220/4621
f 4770/2220/4623 4769/2220/4622 4771/2220/4624
f 4772/2220/4625 4768/2220/4621 4770/2220/4623
f 4768/2220/4621 4772/2220/4625 4759/2220/4612
f 4773/2220/4626 4759/2220/4612 4772/2220/4625
f 4759/2220/4612 4773/2220/4626 4774/2220/4627
f 4760/2220/4613 4759/2220/4612 4774/2220/4627
f 4775/2220/4628 4774/2220/4627 4773/2220/4626
f 4774/2220/4627 4775/2220/4628 4776/2220/4629
f 4774/2220/4627 4776/2220/4629 4760/2220/4613
f 4776/2220/4629 4775/2220/4628 4777/2220/4630
f 4760/2220/4613 4776/2220/4629 4778/2220/4631
f 4778/2220/4631 4776/2220/4629 4777/2220/4630
f 4760/2220/4613 4778/2220/4631 4765/2220/4618
f 4779/2220/4632 4778/2220/4631 4777/2220/4630
f 4765/2220/4618 4778/2220/4631 4779/2220/4632
f 4780/2220/4633 4781/2220/4634 4782/2220/4635
f 4782/2220/4635 4783/2220/4636 4784/2220/4637
f 4783/2220/4636 4782/2220/4635 4781/2220/4634
f 4781/2220/4634 4785/2220/4638 4783/2220/4636
f 4781/2220/4634 4780/2220/4633 4786/2220/4639
f 4785/2220/4638 4781/2220/4634 4787/2220/4640
f 4786/2220/4639 4787/2220/4640 4781/2220/4634
f 4780/2220/4633 4788/2220/4641 4789/2220/4642
f 4789/2220/4642 4786/2220/4639 4780/2220/4633
f 4786/2220/4639 4789/2220/4642 4790/2220/4643
f 4790/2220/4643 4791/2220/4644 4786/2220/4639
f 4787/2220/4640 4792/2220/4645 4785/2220/4638
f 4793/2220/4646 4785/2220/4638 4792/2220/4645
f 4793/2220/4646 4792/2220/4645 4794/2220/4647
f 4787/2220/4640 4786/2220/4639 4795/2220/4648
f 4795/2220/4648 4786/2220/4639 4791/2220/4644
f 4795/2220/4648 4792/2220/4645 4787/2220/4640
f 4792/2220/4645 4796/2220/4649 4794/2220/4647
f 4792/2220/4645 4795/2220/4648 4796/2220/4649
f 4791/2220/4644 4796/2220/4649 4795/2220/4648
f 4796/2220/4649 4791/2220/4644 4797/2220/4650
f 4796/2220/4649 4797/2220/4650 4798/2220/4651
f 4799/2220/4652 4800/2220/4653 4801/2220/4654
f 4802/2220/4655 4799/2220/4652 4803/2220/4656
f 4801/2220/4654 4803/2220/4656 4799/2220/4652
f 4803/2220/4656 4801/2220/4654 4804/2220/4657
f 4805/2220/4658 4804/2220/4657 4801/2220/4654
f 4800/2220/4653 4799/2220/4652 4806/2220/4659
f 4806/2220/4659 4807/2220/4660 4800/2220/4653
f 4807/2220/4660 4806/2220/4659 4808/2220/4661
f 4809/2220/4662 4800/2220/4653 4807/2220/4660
f 4810/2220/4663 4801/2220/4654 4800/2220/4653
f 4800/2220/4653 4809/2220/4662 4810/2220/4663
f 4805/2220/4658 4801/2220/4654 4811/2220/4664
f 4801/2220/4654 4810/2220/4663 4811/2220/4664
f 4812/2220/4665 4810/2220/4663 4809/2220/4662
f 4812/2220/4665 4811/2220/4664 4810/2220/4663
f 4809/2220/4662 4813/2220/4666 4812/2220/4665
f 4813/2220/4666 4814/2220/4667 4812/2220/4665
f 4812/2220/4665 4814/2220/4667 4815/2220/4668
f 4811/2220/4664 4812/2220/4665 4815/2220/4668
f 4815/2220/4668 4805/2220/4658 4811/2220/4664
f 4805/2220/4658 4815/2220/4668 4816/2220/4669
f 4815/2220/4668 4817/2220/4670 4816/2220/4669
f 4818/2220/4671 4819/2220/4672 4820/2220/4673
f 4821/2220/4674 4820/2220/4673 4822/2220/4675
f 4820/2220/4673 4821/2220/4674 4818/2220/4671
f 4823/2220/4676 4818/2220/4671 4821/2220/4674
f 4819/2220/4672 4818/2220/4671 4824/2220/4677
f 4818/2220/4671 4823/2220/4676 4825/2220/4678
f 4825/2220/4678 4824/2220/4677 4818/2220/4671
f 4819/2220/4672 4826/2220/4679 4827/2220/4680
f 4824/2220/4677 4826/2220/4679 4819/2220/4672
f 4826/2220/4679 4824/2220/4677 4828/2220/4681
f 4824/2220/4677 4829/2220/4682 4828/2220/4681
f 4823/2220/4676 4830/2220/4683 4825/2220/4678
f 4830/2220/4683 4823/2220/4676 4831/2220/4684
f 4831/2220/4684 4832/2220/4685 4830/2220/4683
f 4824/2220/4677 4825/2220/4678 4833/2220/4686
f 4824/2220/4677 4833/2220/4686 4829/2220/4682
f 4830/2220/4683 4833/2220/4686 4825/2220/4678
f 4830/2220/4683 4832/2220/4685 4834/2220/4687
f 4833/2220/4686 4830/2220/4683 4834/2220/4687
f 4834/2220/4687 4829/2220/4682 4833/2220/4686
f 4829/2220/4682 4834/2220/4687 4835/2220/4688
f 4834/2220/4687 4836/2220/4689 4835/2220/4688
f 4837/2220/4690 4838/2220/4691 4839/2220/4692
f 4839/2220/4692 4840/2220/4693 4841/2220/4694
f 4840/2220/4693 4839/2220/4692 4838/2220/4691
f 4838/2220/4691 4842/2220/4695 4840/2220/4693
f 4838/2220/4691 4837/2220/4690 4843/2220/4696
f 4842/2220/4695 4838/2220/4691 4844/2220/4697
f 4843/2220/4696 4844/2220/4697 4838/2220/4691
f 4845/2220/4698 4837/2220/4690 4846/2220/4699
f 4845/2220/4698 4843/2220/4696 4837/2220/4690
f 4843/2220/4696 4845/2220/4698 4847/2220/4700
f 4848/2220/4701 4843/2220/4696 4847/2220/4700
f 4849/2220/4702 4842/2220/4695 4844/2220/4697
f 4842/2220/4695 4849/2220/4702 4850/2220/4703
f 4850/2220/4703 4849/2220/4702 4851/2220/4704
f 4844/2220/4697 4843/2220/4696 4852/2220/4705
f 4843/2220/4696 4848/2220/4701 4852/2220/4705
f 4852/2220/4705 4849/2220/4702 4844/2220/4697
f 4849/2220/4702 4853/2220/4706 4851/2220/4704
f 4849/2220/4702 4852/2220/4705 4853/2220/4706
f 4848/2220/4701 4853/2220/4706 4852/2220/4705
f 4853/2220/4706 4848/2220/4701 4854/2220/4707
f 4853/2220/4706 4854/2220/4707 4855/2220/4708
f 4856/2220/4709 4857/2220/4710 4858/2220/4711
f 4858/2220/4711 4857/2220/4710 4859/2220/4712
f 4856/2220/4709 4860/2220/4713 4857/2220/4710
f 4861/2220/4714 4856/2220/4709 4858/2220/4711
f 4862/2220/4715 4860/2220/4713 4856/2220/4709
f 4863/2220/4716 4856/2220/4709 4861/2220/4714
f 4863/2220/4716 4862/2220/4715 4856/2220/4709
f 4864/2220/4717 4863/2220/4716 4861/2220/4714
f 4865/2220/4718 4862/2220/4715 4863/2220/4716
f 4866/2220/4719 4863/2220/4716 4864/2220/4717
f 4863/2220/4716 4866/2220/4719 4865/2220/4718
f 4867/2220/4720 4868/2220/4721 4869/2220/4722
f 4868/2220/4721 4867/2220/4720 4870/2220/4723
f 4871/2220/4724 4870/2220/4723 4867/2220/4720
f 4870/2220/4723 4872/2220/4725 4868/2220/4721
f 4870/2220/4723 4871/2220/4724 4873/2220/4726
f 4872/2220/4725 4870/2220/4723 4874/2220/4727
f 4873/2220/4726 4874/2220/4727 4870/2220/4723
f 4874/2220/4727 4875/2220/4728 4872/2220/4725
f 4874/2220/4727 4873/2220/4726 4876/2220/4729
f 4875/2220/4728 4874/2220/4727 4877/2220/4730
f 4874/2220/4727 4876/2220/4729 4877/2220/4730
f 4878/2220/4731 4879/2220/4732 4880/2220/4733
f 4880/2220/4733 4881/2220/4734 4878/2220/4731
f 4879/2220/4732 4878/2220/4731 4882/2220/4735
f 4883/2220/4736 4880/2220/4733 4879/2220/4732
f 4884/2220/4737 4879/2220/4732 4882/2220/4735
f 4879/2220/4732 4885/2220/4738 4883/2220/4736
f 4885/2220/4738 4879/2220/4732 4884/2220/4737
f 4886/2220/4739 4883/2220/4736 4885/2220/4738
f 4887/2220/4740 4885/2220/4738 4884/2220/4737
f 4888/2220/4741 4886/2220/4739 4885/2220/4738
f 4885/2220/4738 4887/2220/4740 4888/2220/4741
f 4889/2220/4742 4890/2220/4743 4891/2220/4744
f 4890/2220/4743 4892/2220/4745 4891/2220/4744
f 4893/2220/4746 4891/2220/4744 4892/2220/4745
f 4890/2220/4743 4894/2220/4747 4892/2220/4745
f 4892/2220/4745 4895/2220/4748 4893/2220/4746
f 4894/2220/4747 4896/2220/4749 4892/2220/4745
f 4895/2220/4748 4892/2220/4745 4896/2220/4749
f 4896/2220/4749 4894/2220/4747 4897/2220/4750
f 4895/2220/4748 4896/2220/4749 4898/2220/4751
f 4897/2220/4750 4899/2220/4752 4896/2220/4749
f 4896/2220/4749 4899/2220/4752 4898/2220/4751
f 4218/2220/4073 4215/2220/4070 4900/2220/4753
f 4901/2220/4754 4218/2220/4073 4900/2220/4753
f 4577/2220/4430 4215/2220/4070 4219/2220/4074
f 4215/2220/4070 4577/2220/4430 4900/2220/4753
f 4900/2220/4753 4902/2220/4755 4901/2220/4754
f 4903/2220/4756 4901/2220/4754 4902/2220/4755
f 4904/2220/4757 4900/2220/4753 4577/2220/4430
f 4902/2220/4755 4900/2220/4753 4904/2220/4757
f 4902/2220/4755 4905/2220/4758 4903/2220/4756
f 4904/2220/4757 4905/2220/4758 4902/2220/4755
f 4906/2220/4759 4903/2220/4756 4905/2220/4758
f 4903/2220/4756 4906/2220/4759 4907/2220/4760
f 4905/2220/4758 4904/2220/4757 4461/2220/4314
f 4577/2220/4430 4466/2220/4319 4904/2220/4757
f 4466/2220/4319 4461/2220/4314 4904/2220/4757
f 4908/2220/4761 4907/2220/4760 4906/2220/4759
f 4907/2220/4760 4908/2220/4761 4449/2220/4302
f 4906/2220/4759 4905/2220/4758 4463/2220/4316
f 4463/2220/4316 4905/2220/4758 4461/2220/4314
f 4463/2220/4316 4908/2220/4761 4906/2220/4759
f 4447/2220/4300 4449/2220/4302 4908/2220/4761
f 4908/2220/4761 4463/2220/4316 4464/2220/4317
f 4464/2220/4317 4447/2220/4300 4908/2220/4761
f 4909/2220/4762 4910/2220/4763 4911/2220/4764
f 4912/2220/4765 4913/2220/4766 4909/2220/4762
f 4910/2220/4763 4909/2220/4762 4913/2220/4766
f 4913/2220/4766 4914/2220/4767 4910/2220/4763
f 4915/2220/4768 4910/2220/4763 4914/2220/4767
f 4914/2220/4767 4916/2220/4769 4915/2220/4768
f 4917/2220/4770 4915/2220/4768 4916/2220/4769
f 4917/2220/4770 4916/2220/4769 4918/2220/4771
f 4919/2220/4772 4917/2220/4770 4918/2220/4771
f 4919/2220/4772 4915/2220/4768 4917/2220/4770
f 4920/2220/4773 4919/2220/4772 4918/2220/4771
f 4920/2220/4773 4921/2220/4774 4919/2220/4772
f 4915/2220/4768 4919/2220/4772 4922/2220/4775
f 4922/2220/4775 4910/2220/4763 4915/2220/4768
f 4921/2220/4774 4922/2220/4775 4919/2220/4772
f 4910/2220/4763 4922/2220/4775 4923/2220/4776
f 4921/2220/4774 4923/2220/4776 4922/2220/4775
f 4923/2220/4776 4911/2220/4764 4910/2220/4763
f 4923/2220/4776 4921/2220/4774 4924/2220/4777
f 4924/2220/4777 4911/2220/4764 4923/2220/4776
f 4911/2220/4764 4924/2220/4777 4925/2220/4778
f 4926/2220/4779 4927/2220/4780 4928/2220/4781
f 4927/2220/4780 4929/2220/4782 4930/2220/4783
f 4929/2220/4782 4927/2220/4780 4926/2220/4779
f 4931/2220/4784 4929/2220/4782 4926/2220/4779
f 4931/2220/4784 4926/2220/4779 4932/2220/4785
f 4933/2220/4786 4931/2220/4784 4932/2220/4785
f 4932/2220/4785 4934/2220/4787 4933/2220/4786
f 4934/2220/4787 4935/2220/4788 4933/2220/4786
f 4936/2220/4789 4935/2220/4788 4934/2220/4787
f 4932/2220/4785 4936/2220/4789 4934/2220/4787
f 4937/2220/4790 4935/2220/4788 4936/2220/4789
f 4938/2220/4791 4937/2220/4790 4936/2220/4789
f 4936/2220/4789 4932/2220/4785 4939/2220/4792
f 4936/2220/4789 4939/2220/4792 4938/2220/4791
f 4926/2220/4779 4939/2220/4792 4932/2220/4785
f 4940/2220/4793 4938/2220/4791 4939/2220/4792
f 4939/2220/4792 4926/2220/4779 4940/2220/4793
f 4926/2220/4779 4928/2220/4781 4940/2220/4793
f 4938/2220/4791 4940/2220/4793 4941/2220/4794
f 4928/2220/4781 4941/2220/4794 4940/2220/4793
f 4941/2220/4794 4928/2220/4781 4942/2220/4795
f 4943/2220/4796 4944/2220/4797 4945/2220/4798
f 4943/2220/4796 4946/2220/4799 4944/2220/4797
f 4946/2220/4799 4943/2220/4796 4947/2220/4800
f 4948/2220/4801 4944/2220/4797 4946/2220/4799
f 4943/2220/4796 4945/2220/4798 4949/2220/4802
f 4944/2220/4797 4948/2220/4801 4950/2220/4803
f 4950/2220/4803 4945/2220/4798 4944/2220/4797
f 4949/2220/4802 4945/2220/4798 4951/2220/4804
f 4949/2220/4802 4951/2220/4804 4952/2220/4805
f 4945/2220/4798 4953/2220/4806 4951/2220/4804
f 4953/2220/4806 4945/2220/4798 4954/2220/4807
f 4945/2220/4798 4950/2220/4803 4954/2220/4807
f 4954/2220/4807 4955/2220/4808 4953/2220/4806
f 4948/2220/4801 4956/2220/4809 4950/2220/4803
f 4956/2220/4809 4954/2220/4807 4950/2220/4803
f 4956/2220/4809 4948/2220/4801 4957/2220/4810
f 4955/2220/4808 4954/2220/4807 4958/2220/4811
f 4954/2220/4807 4956/2220/4809 4958/2220/4811
f 4958/2220/4811 4959/2220/4812 4955/2220/4808
f 4957/2220/4810 4959/2220/4812 4956/2220/4809
f 4956/2220/4809 4959/2220/4812 4958/2220/4811
f 4960/2220/4813 4961/2220/4814 4962/2220/4815
f 4963/2220/4816 4962/2220/4815 4964/2220/4817
f 4962/2220/4815 4963/2220/4816 4960/2220/4813
f 4965/2220/4818 4960/2220/4813 4963/2220/4816
f 4960/2220/4813 4965/2220/4818 4966/2220/4819
f 4967/2220/4820 4966/2220/4819 4965/2220/4818
f 4966/2220/4819 4967/2220/4820 4968/2220/4821
f 4968/2220/4821 4967/2220/4820 4969/2220/4822
f 4970/2220/4823 4968/2220/4821 4969/2220/4822
f 4970/2220/4823 4966/2220/4819 4968/2220/4821
f 4971/2220/4824 4970/2220/4823 4969/2220/4822
f 4972/2220/4825 4970/2220/4823 4971/2220/4824
f 4966/2220/4819 4970/2220/4823 4973/2220/4826
f 4970/2220/4823 4972/2220/4825 4973/2220/4826
f 4973/2220/4826 4960/2220/4813 4966/2220/4819
f 4972/2220/4825 4974/2220/4827 4973/2220/4826
f 4960/2220/4813 4973/2220/4826 4974/2220/4827
f 4961/2220/4814 4960/2220/4813 4974/2220/4827
f 4974/2220/4827 4972/2220/4825 4975/2220/4828
f 4975/2220/4828 4961/2220/4814 4974/2220/4827
f 4961/2220/4814 4975/2220/4828 4976/2220/4829
f 4977/2220/4830 4978/2220/4831 4979/2220/4832
f 4978/2220/4831 4977/2220/4830 4980/2220/4833
f 4981/2220/4834 4979/2220/4832 4978/2220/4831
f 4979/2220/4832 4981/2220/4834 4982/2220/4835
f 4983/2220/4836 4982/2220/4835 4981/2220/4834
f 4981/2220/4834 4984/2220/4837 4983/2220/4836
f 4985/2220/4838 4986/2220/4839 4987/2220/4840
f 4986/2220/4839 4985/2220/4838 4988/2220/4841
f 4988/2220/4841 4989/2220/4842 4986/2220/4839
f 4989/2220/4842 4988/2220/4841 4990/2220/4843
f 4990/2220/4843 4991/2220/4844 4989/2220/4842
f 4991/2220/4844 4992/2220/4845 4989/2220/4842
f 4993/2220/4846 4994/2220/4847 4995/2220/4848
f 4994/2220/4847 4993/2220/4846 4996/2220/4849
f 4995/2220/4848 4997/2220/4850 4993/2220/4846
f 4997/2220/4850 4995/2220/4848 4998/2220/4851
f 4999/2220/4852 4997/2220/4850 4998/2220/4851
f 4997/2220/4850 4999/2220/4852 5000/2220/4853
f 5001/2220/4854 5002/2220/4855 5003/2220/4856
f 5002/2220/4855 5001/2220/4854 5004/2220/4857
f 5005/2220/4858 5004/2220/4857 5001/2220/4854
f 5004/2220/4857 5005/2220/4858 5006/2220/4859
f 5006/2220/4859 5005/2220/4858 5007/2220/4860
f 5007/2220/4860 5005/2220/4858 5008/2220/4861
f 5009/2220/4862 5010/2220/4863 5011/2220/4864
f 5012/2220/4865 5009/2220/4862 5011/2220/4864
f 5010/2220/4863 5013/2220/4866 5011/2220/4864
f 5009/2220/4862 5012/2220/4865 5014/2220/4867
f 5014/2220/4867 5015/2220/4868 5009/2220/4862
f 5015/2220/4868 5014/2220/4867 5016/2220/4869
f 5017/2220/4870 5009/2220/4862 5015/2220/4868
f 5009/2220/4862 5017/2220/4870 5018/2220/4871
f 5010/2220/4863 5009/2220/4862 5018/2220/4871
f 5019/2220/4872 5010/2220/4863 5018/2220/4871
f 5020/2220/4873 5013/2220/4866 5010/2220/4863
f 5019/2220/4872 5020/2220/4873 5010/2220/4863
f 5013/2220/4866 5020/2220/4873 5021/2220/4874
f 5019/2220/4872 5022/2220/4875 5020/2220/4873
f 5022/2220/4875 5021/2220/4874 5020/2220/4873
f 5021/2220/4874 5022/2220/4875 5023/2220/4876
f 5022/2220/4875 5019/2220/4872 5024/2220/4877
f 5022/2220/4875 5025/2220/4878 5023/2220/4876
f 5024/2220/4877 5026/2220/4879 5022/2220/4875
f 5025/2220/4878 5022/2220/4875 5026/2220/4879
f 5026/2220/4879 5024/2220/4877 5027/2220/4880
f 5026/2220/4879 5028/2220/4881 5025/2220/4878
f 5027/2220/4880 5029/2220/4882 5026/2220/4879
f 5028/2220/4881 5026/2220/4879 5029/2220/4882
f 5029/2220/4882 5027/2220/4880 5030/2220/4883
f 5028/2220/4881 5029/2220/4882 5031/2220/4884
f 5030/2220/4883 5032/2220/4885 5029/2220/4882
f 5031/2220/4884 5029/2220/4882 5032/2220/4885
f 5032/2220/4885 5030/2220/4883 5033/2220/4886
f 5031/2220/4884 5032/2220/4885 5034/2220/4887
f 5033/2220/4886 5035/2220/4888 5032/2220/4885
f 5034/2220/4887 5032/2220/4885 5035/2220/4888
f 5034/2220/4887 5035/2220/4888 5036/2220/4889
f 5035/2220/4888 5033/2220/4886 5037/2220/4890
f 5038/2220/4891 5036/2220/4889 5035/2220/4888
f 5037/2220/4890 5038/2220/4891 5035/2220/4888
f 5038/2220/4891 5037/2220/4890 5039/2220/4892
f 5040/2220/4893 5041/2220/4894 5042/2220/4895
f 5042/2220/4895 5041/2220/4894 5043/2220/4896
f 5044/2220/4897 5043/2220/4896 5045/2220/4898
f 5043/2220/4896 5044/2220/4897 5042/2220/4895
f 5046/2220/4899 5042/2220/4895 5044/2220/4897
f 5042/2220/4895 5046/2220/4899 5047/2220/4900
f 5042/2220/4895 5048/2220/4901 5040/2220/4893
f 5048/2220/4901 5042/2220/4895 5047/2220/4900
f 5048/2220/4901 5049/2220/4902 5040/2220/4893
f 5047/2220/4900 5050/2220/4903 5048/2220/4901
f 5050/2220/4903 5051/2220/4904 5048/2220/4901
f 5049/2220/4902 5048/2220/4901 5051/2220/4904
f 5051/2220/4904 5050/2220/4903 5052/2220/4905
f 5053/2220/4906 5049/2220/4902 5051/2220/4904
f 5052/2220/4905 5053/2220/4906 5051/2220/4904
f 5053/2220/4906 5052/2220/4905 5054/2220/4907
f 5049/2220/4902 5053/2220/4906 5055/2220/4908
f 5056/2220/4909 5053/2220/4906 5054/2220/4907
f 5057/2220/4910 5055/2220/4908 5053/2220/4906
f 5053/2220/4906 5056/2220/4909 5057/2220/4910
f 5055/2220/4908 5057/2220/4910 5058/2220/4911
f 5059/2220/4912 5057/2220/4910 5056/2220/4909
f 5060/2220/4913 5058/2220/4911 5057/2220/4910
f 5060/2220/4913 5057/2220/4910 5059/2220/4912
f 5058/2220/4911 5060/2220/4913 5061/2220/4914
f 5062/2220/4915 5060/2220/4913 5059/2220/4912
f 5063/2220/4916 5061/2220/4914 5060/2220/4913
f 5060/2220/4913 5062/2220/4915 5063/2220/4916
f 5061/2220/4914 5063/2220/4916 5064/2220/4917
f 5065/2220/4918 5063/2220/4916 5062/2220/4915
f 5066/2220/4919 5064/2220/4917 5063/2220/4916
f 5066/2220/4919 5063/2220/4916 5065/2220/4918
f 5067/2220/4920 5066/2220/4919 5065/2220/4918
f 5064/2220/4917 5066/2220/4919 5068/2220/4921
f 5066/2220/4919 5067/2220/4920 5069/2220/4922
f 5069/2220/4922 5068/2220/4921 5066/2220/4919
f 5068/2220/4921 5069/2220/4922 5070/2220/4923
f 5071/2220/4924 5072/2220/4925 5073/2220/4926
f 5071/2220/4924 5074/2220/4927 5072/2220/4925
f 5073/2220/4926 5072/2220/4925 5075/2220/4928
f 5074/2220/4927 5071/2220/4924 5076/2220/4929
f 5077/2220/4930 5076/2220/4929 5071/2220/4924
f 5076/2220/4929 5077/2220/4930 5078/2220/4931
f 5079/2220/4932 5077/2220/4930 5071/2220/4924
f 5071/2220/4924 5080/2220/4933 5079/2220/4932
f 5080/2220/4933 5071/2220/4924 5073/2220/4926
f 5080/2220/4933 5073/2220/4926 5081/2220/4934
f 5075/2220/4928 5082/2220/4935 5073/2220/4926
f 5082/2220/4935 5081/2220/4934 5073/2220/4926
f 5082/2220/4935 5075/2220/4928 5083/2220/4936
f 5084/2220/4937 5081/2220/4934 5082/2220/4935
f 5083/2220/4936 5084/2220/4937 5082/2220/4935
f 5084/2220/4937 5083/2220/4936 5085/2220/4938
f 5081/2220/4934 5084/2220/4937 5086/2220/4939
f 5087/2220/4940 5084/2220/4937 5085/2220/4938
f 5088/2220/4941 5086/2220/4939 5084/2220/4937
f 5084/2220/4937 5087/2220/4940 5088/2220/4941
f 5086/2220/4939 5088/2220/4941 5089/2220/4942
f 5088/2220/4941 5087/2220/4940 5090/2220/4943
f 5091/2220/4944 5089/2220/4942 5088/2220/4941
f 5090/2220/4943 5091/2220/4944 5088/2220/4941
f 5089/2220/4942 5091/2220/4944 5092/2220/4945
f 5090/2220/4943 5093/2220/4946 5091/2220/4944
f 5094/2220/4947 5092/2220/4945 5091/2220/4944
f 5093/2220/4946 5094/2220/4947 5091/2220/4944
f 5092/2220/4945 5094/2220/4947 5095/2220/4948
f 5093/2220/4946 5096/2220/4949 5094/2220/4947
f 5097/2220/4950 5095/2220/4948 5094/2220/4947
f 5096/2220/4949 5097/2220/4950 5094/2220/4947
f 5098/2220/4951 5097/2220/4950 5096/2220/4949
f 5095/2220/4948 5097/2220/4950 5099/2220/4952
f 5097/2220/4950 5098/2220/4951 5100/2220/4953
f 5100/2220/4953 5099/2220/4952 5097/2220/4950
f 5099/2220/4952 5100/2220/4953 5101/2220/4954
f 5102/2220/4955 5103/2220/4956 5104/2220/4957
f 5103/2220/4956 5105/2220/4958 5104/2220/4957
f 5105/2220/4958 5106/2220/4959 5107/2220/4960
f 5106/2220/4959 5105/2220/4958 5103/2220/4956
f 5103/2220/4956 5108/2220/4961 5106/2220/4959
f 5108/2220/4961 5103/2220/4956 5109/2220/4962
f 5103/2220/4956 5102/2220/4955 5110/2220/4963
f 5110/2220/4963 5109/2220/4962 5103/2220/4956
f 5111/2220/4964 5110/2220/4963 5102/2220/4955
f 5112/2220/4965 5109/2220/4962 5110/2220/4963
f 5113/2220/4966 5112/2220/4965 5110/2220/4963
f 5110/2220/4963 5111/2220/4964 5113/2220/4966
f 5112/2220/4965 5113/2220/4966 5114/2220/4967
f 5111/2220/4964 5115/2220/4968 5113/2220/4966
f 5115/2220/4968 5114/2220/4967 5113/2220/4966
f 5114/2220/4967 5115/2220/4968 5116/2220/4969
f 5115/2220/4968 5111/2220/4964 5117/2220/4970
f 5115/2220/4968 5118/2220/4971 5116/2220/4969
f 5117/2220/4970 5119/2220/4972 5115/2220/4968
f 5118/2220/4971 5115/2220/4968 5119/2220/4972
f 5119/2220/4972 5117/2220/4970 5120/2220/4973
f 5121/2220/4974 5118/2220/4971 5119/2220/4972
f 5120/2220/4973 5122/2220/4975 5119/2220/4972
f 5122/2220/4975 5121/2220/4974 5119/2220/4972
f 5122/2220/4975 5120/2220/4973 5123/2220/4976
f 5124/2220/4977 5121/2220/4974 5122/2220/4975
f 5125/2220/4978 5122/2220/4975 5123/2220/4976
f 5122/2220/4975 5125/2220/4978 5124/2220/4977
f 5123/2220/4976 5126/2220/4979 5125/2220/4978
f 5127/2220/4980 5124/2220/4977 5125/2220/4978
f 5128/2220/4981 5125/2220/4978 5126/2220/4979
f 5125/2220/4978 5128/2220/4981 5127/2220/4980
f 5129/2220/4982 5127/2220/4980 5128/2220/4981
f 5126/2220/4979 5130/2220/4983 5128/2220/4981
f 5128/2220/4981 5131/2220/4984 5129/2220/4982
f 5131/2220/4984 5128/2220/4981 5130/2220/4983
f 5130/2220/4983 5132/2220/4985 5131/2220/4984
f 5133/2220/4986 5134/2220/4987 5135/2220/4988
f 5135/2220/4988 5136/2220/4989 5133/2220/4986
f 5134/2220/4987 5137/2220/4990 5135/2220/4988
f 5138/2220/4991 5137/2220/4990 5134/2220/4987
f 5137/2220/4990 5138/2220/4991 5139/2220/4992
f 5140/2220/4993 5139/2220/4992 5138/2220/4991
f 5139/2220/4992 5140/2220/4993 5141/2220/4994
f 5142/2220/4995 5143/2220/4996 5144/2220/4997
f 5143/2220/4996 5142/2220/4995 5145/2220/4998
f 5146/2220/4999 5145/2220/4998 5142/2220/4995
f 5145/2220/4998 5146/2220/4999 5147/2220/5000
f 5147/2220/5000 5146/2220/4999 5148/2220/5001
f 5148/2220/5001 5149/2220/5002 5147/2220/5000
f 5149/2220/5002 5148/2220/5001 5150/2220/5003
f 5151/2220/5004 5152/2220/5005 5153/2220/5006
f 5152/2220/5005 5151/2220/5004 5154/2220/5007
f 5153/2220/5006 5152/2220/5005 5155/2220/5008
f 5156/2220/5009 5153/2220/5006 5155/2220/5008
f 5155/2220/5008 5157/2220/5010 5156/2220/5009
f 5157/2220/5010 5158/2220/5011 5156/2220/5009
f 5158/2220/5011 5157/2220/5010 5159/2220/5012
f 5160/2220/5013 5161/2220/5014 5162/2220/5015
f 5161/2220/5014 5160/2220/5013 5163/2220/5016
f 5164/2220/5017 5161/2220/5014 5163/2220/5016
f 5163/2220/5016 5165/2220/5018 5164/2220/5017
f 5165/2220/5018 5166/2220/5019 5164/2220/5017
f 5167/2220/5020 5166/2220/5019 5165/2220/5018
f 5166/2220/5019 5167/2220/5020 5168/2220/5021
f 5169/2220/5022 5170/2220/5023 5171/2220/5024
f 5170/2220/5023 5169/2220/5022 5172/2220/5025
f 5170/2220/5023 5172/2220/5025 5173/2220/5026
f 5172/2220/5025 5174/2220/5027 5173/2220/5026
f 5175/2220/5028 5176/2220/5029 5177/2220/5030
f 5177/2220/5030 5176/2220/5029 5178/2220/5031
f 5176/2220/5029 5175/2220/5028 5179/2220/5032
f 5180/2220/5033 5178/2220/5031 5176/2220/5029
f 5181/2220/5034 5176/2220/5029 5179/2220/5032
f 5176/2220/5029 5181/2220/5034 5180/2220/5033
f 5182/2220/5035 5183/2220/5036 5184/2220/5037
f 5183/2220/5036 5182/2220/5035 5185/2220/5038
f 5186/2220/5039 5184/2220/5037 5183/2220/5036
f 5187/2220/5040 5184/2220/5037 5186/2220/5039
f 5188/2220/5041 5189/2220/5042 5190/2220/5043
f 5189/2220/5042 5188/2220/5041 5191/2220/5044
f 5188/2220/5041 5192/2220/5045 5191/2220/5044
f 5191/2220/5044 5192/2220/5045 5193/2220/5046
f 5194/2220/5047 5195/2220/5048 5196/2220/5049
f 5195/2220/5048 5194/2220/5047 5197/2220/5050
f 5196/2220/5049 5198/2220/5051 5194/2220/5047
f 5194/2220/5047 5199/2220/5052 5197/2220/5050
f 5200/2220/5053 5194/2220/5047 5198/2220/5051
f 5199/2220/5052 5194/2220/5047 5200/2220/5053
f 5201/2220/5054 5202/2220/5055 5203/2220/5056
f 5202/2220/5055 5201/2220/5054 5204/2220/5057
f 5205/2220/5058 5201/2220/5054 5203/2220/5056
f 5206/2220/5059 5205/2220/5058 5203/2220/5056
f 5207/2220/5060 5208/2220/5061 5209/2220/5062
f 5210/2220/5063 5211/2220/5064 5212/2220/5065
f 5208/2220/5061 5212/2220/5065 5211/2220/5064
f 5211/2220/5064 5210/2220/5063 5213/2220/5066
f 5209/2220/5062 5208/2220/5061 5214/2220/5067
f 5211/2220/5064 5214/2220/5067 5208/2220/5061
f 5214/2220/5067 5215/2220/5068 5209/2220/5062
f 5216/2220/5069 5215/2220/5068 5214/2220/5067
f 5217/2220/5070 5211/2220/5064 5213/2220/5066
f 5214/2220/5067 5211/2220/5064 5217/2220/5070
f 5218/2220/5071 5217/2220/5070 5213/2220/5066
f 5217/2220/5070 5218/2220/5071 5219/2220/5072
f 5214/2220/5067 5217/2220/5070 5220/2220/5073
f 5220/2220/5073 5216/2220/5069 5214/2220/5067
f 5220/2220/5073 5217/2220/5070 5219/2220/5072
f 5220/2220/5073 5221/2220/5074 5216/2220/5069
f 5222/2220/5075 5220/2220/5073 5219/2220/5072
f 5221/2220/5074 5220/2220/5073 5222/2220/5075
f 5223/2220/5076 5222/2220/5075 5219/2220/5072
f 5224/2220/5077 5221/2220/5074 5222/2220/5075
f 5225/2220/5078 5222/2220/5075 5223/2220/5076
f 5222/2220/5075 5225/2220/5078 5224/2220/5077
f 5223/2220/5076 5226/2220/5079 5225/2220/5078
f 5226/2220/5079 5227/2220/5080 5225/2220/5078
f 5228/2220/5081 5225/2220/5078 5227/2220/5080
f 5225/2220/5078 5228/2220/5081 5229/2220/5082
f 5224/2220/5077 5230/2220/5083 5221/2220/5074
f 5231/2220/5084 5225/2220/5078 5229/2220/5082
f 5224/2220/5077 5225/2220/5078 5231/2220/5084
f 5232/2220/5085 5231/2220/5084 5229/2220/5082
f 5230/2220/5083 5224/2220/5077 5233/2220/5086
f 5230/2220/5083 5233/2220/5086 5234/2220/5087
f 5235/2220/5088 5234/2220/5087 5233/2220/5086
f 5224/2220/5077 5235/2220/5088 5233/2220/5086
f 5235/2220/5088 5224/2220/5077 5236/2220/5089
f 5236/2220/5089 5224/2220/5077 5231/2220/5084
f 5237/2220/5090 5236/2220/5089 5231/2220/5084
f 5232/2220/5085 5237/2220/5090 5231/2220/5084
f 5236/2220/5089 5237/2220/5090 5238/2220/5091
f 5239/2220/5092 5237/2220/5090 5232/2220/5085
f 5232/2220/5085 5240/2220/5093 5239/2220/5092
f 5239/2220/5092 5240/2220/5093 5241/2220/5094
f 5238/2220/5091 5237/2220/5090 5242/2220/5095
f 5237/2220/5090 5239/2220/5092 5242/2220/5095
f 5242/2220/5095 5243/2220/5096 5238/2220/5091
f 5244/2220/5097 5243/2220/5096 5242/2220/5095
f 5239/2220/5092 5241/2220/5094 5245/2220/5098
f 5245/2220/5098 5242/2220/5095 5239/2220/5092
f 5246/2220/5099 5245/2220/5098 5241/2220/5094
f 5247/2220/5100 5244/2220/5097 5242/2220/5095
f 5242/2220/5095 5245/2220/5098 5247/2220/5100
f 5248/2220/5101 5244/2220/5097 5247/2220/5100
f 5245/2220/5098 5246/2220/5099 5249/2220/5102
f 5249/2220/5102 5247/2220/5100 5245/2220/5098
f 5248/2220/5101 5247/2220/5100 5250/2220/5103
f 5247/2220/5100 5249/2220/5102 5250/2220/5103
f 5249/2220/5102 5246/2220/5099 5251/2220/5104
f 5251/2220/5104 5250/2220/5103 5249/2220/5102
f 5246/2220/5099 5252/2220/5105 5251/2220/5104
f 5253/2220/5106 5248/2220/5101 5250/2220/5103
f 5250/2220/5103 5251/2220/5104 5253/2220/5106
f 5248/2220/5101 5253/2220/5106 5254/2220/5107
f 5255/2220/5108 5254/2220/5107 5253/2220/5106
f 5251/2220/5104 5256/2220/5109 5253/2220/5106
f 5252/2220/5105 5256/2220/5109 5251/2220/5104
f 5256/2220/5109 5255/2220/5108 5253/2220/5106
f 5257/2220/5110 5256/2220/5109 5252/2220/5105
f 5257/2220/5110 5252/2220/5105 5258/2220/5111
f 5256/2220/5109 5257/2220/5110 5259/2220/5112
f 5259/2220/5112 5255/2220/5108 5256/2220/5109
f 5260/2220/5113 5259/2220/5112 5257/2220/5110
f 5255/2220/5108 5261/2220/5114 5254/2220/5107
f 5260/2220/5113 5262/2220/5115 5259/2220/5112
f 5255/2220/5108 5259/2220/5112 5262/2220/5115
f 5262/2220/5115 5260/2220/5113 5263/2220/5116
f 5264/2220/5117 5255/2220/5108 5262/2220/5115
f 5263/2220/5116 5264/2220/5117 5262/2220/5115
f 5261/2220/5114 5255/2220/5108 5264/2220/5117
f 5264/2220/5117 5263/2220/5116 5265/2220/5118
f 5266/2220/5119 5261/2220/5114 5264/2220/5117
f 5265/2220/5118 5266/2220/5119 5264/2220/5117
f 5261/2220/5114 5266/2220/5119 5267/2220/5120
f 5266/2220/5119 5265/2220/5118 5268/2220/5121
f 5266/2220/5119 5269/2220/5122 5267/2220/5120
f 5268/2220/5121 5270/2220/5123 5266/2220/5119
f 5269/2220/5122 5266/2220/5119 5270/2220/5123
f 5270/2220/5123 5268/2220/5121 5271/2220/5124
f 5270/2220/5123 5272/2220/5125 5269/2220/5122
f 5271/2220/5124 5273/2220/5126 5270/2220/5123
f 5272/2220/5125 5270/2220/5123 5273/2220/5126
f 5274/2220/5127 5275/2220/5128 5276/2220/5129
f 5277/2220/5130 5278/2220/5131 5279/2220/5132
f 5279/2220/5132 5274/2220/5127 5277/2220/5130
f 5278/2220/5131 5277/2220/5130 5280/2220/5133
f 5276/2220/5129 5281/2220/5134 5274/2220/5127
f 5281/2220/5134 5277/2220/5130 5274/2220/5127
f 5282/2220/5135 5281/2220/5134 5276/2220/5129
f 5283/2220/5136 5281/2220/5134 5282/2220/5135
f 5284/2220/5137 5280/2220/5133 5277/2220/5130
f 5277/2220/5130 5281/2220/5134 5284/2220/5137
f 5284/2220/5137 5285/2220/5138 5280/2220/5133
f 5284/2220/5137 5286/2220/5139 5285/2220/5138
f 5284/2220/5137 5281/2220/5134 5287/2220/5140
f 5287/2220/5140 5281/2220/5134 5283/2220/5136
f 5287/2220/5140 5286/2220/5139 5284/2220/5137
f 5288/2220/5141 5287/2220/5140 5283/2220/5136
f 5289/2220/5142 5286/2220/5139 5287/2220/5140
f 5287/2220/5140 5288/2220/5141 5289/2220/5142
f 5290/2220/5143 5286/2220/5139 5289/2220/5142
f 5291/2220/5144 5289/2220/5142 5288/2220/5141
f 5289/2220/5142 5292/2220/5145 5290/2220/5143
f 5292/2220/5145 5289/2220/5142 5291/2220/5144
f 5290/2220/5143 5292/2220/5145 5293/2220/5146
f 5293/2220/5146 5292/2220/5145 5294/2220/5147
f 5295/2220/5148 5294/2220/5147 5292/2220/5145
f 5292/2220/5145 5296/2220/5149 5295/2220/5148
f 5297/2220/5150 5291/2220/5144 5288/2220/5141
f 5296/2220/5149 5292/2220/5145 5298/2220/5151
f 5291/2220/5144 5298/2220/5151 5292/2220/5145
f 5299/2220/5152 5296/2220/5149 5298/2220/5151
f 5291/2220/5144 5297/2220/5150 5300/2220/5153
f 5297/2220/5150 5301/2220/5154 5300/2220/5153
f 5302/2220/5155 5300/2220/5153 5301/2220/5154
f 5302/2220/5155 5291/2220/5144 5300/2220/5153
f 5291/2220/5144 5302/2220/5155 5303/2220/5156
f 5303/2220/5156 5298/2220/5151 5291/2220/5144
f 5303/2220/5156 5304/2220/5157 5298/2220/5151
f 5299/2220/5152 5298/2220/5151 5304/2220/5157
f 5304/2220/5157 5303/2220/5156 5305/2220/5158
f 5306/2220/5159 5299/2220/5152 5304/2220/5157
f 5299/2220/5152 5306/2220/5159 5307/2220/5160
f 5306/2220/5159 5308/2220/5161 5307/2220/5160
f 5305/2220/5158 5309/2220/5162 5304/2220/5157
f 5309/2220/5162 5306/2220/5159 5304/2220/5157
f 5310/2220/5163 5309/2220/5162 5305/2220/5158
f 5309/2220/5162 5310/2220/5163 5311/2220/5164
f 5306/2220/5159 5312/2220/5165 5308/2220/5161
f 5309/2220/5162 5312/2220/5165 5306/2220/5159
f 5312/2220/5165 5313/2220/5166 5308/2220/5161
f 5309/2220/5162 5311/2220/5164 5314/2220/5167
f 5312/2220/5165 5309/2220/5162 5314/2220/5167
f 5315/2220/5168 5314/2220/5167 5311/2220/5164
f 5313/2220/5166 5312/2220/5165 5316/2220/5169
f 5314/2220/5167 5316/2220/5169 5312/2220/5165
f 5317/2220/5170 5314/2220/5167 5315/2220/5168
f 5316/2220/5169 5314/2220/5167 5317/2220/5170
f 5315/2220/5168 5318/2220/5171 5317/2220/5170
f 5316/2220/5169 5319/2220/5172 5313/2220/5166
f 5317/2220/5170 5319/2220/5172 5316/2220/5169
f 5319/2220/5172 5317/2220/5170 5318/2220/5171
f 5313/2220/5166 5319/2220/5172 5320/2220/5173
f 5318/2220/5171 5315/2220/5168 5321/2220/5174
f 5322/2220/5175 5318/2220/5171 5321/2220/5174
f 5319/2220/5172 5318/2220/5171 5323/2220/5176
f 5323/2220/5176 5320/2220/5173 5319/2220/5172
f 5322/2220/5175 5323/2220/5176 5318/2220/5171
f 5323/2220/5176 5324/2220/5177 5320/2220/5173
f 5324/2220/5177 5325/2220/5178 5320/2220/5173
f 5324/2220/5177 5323/2220/5176 5326/2220/5179
f 5322/2220/5175 5326/2220/5179 5323/2220/5176
f 5327/2220/5180 5324/2220/5177 5326/2220/5179
f 5322/2220/5175 5321/2220/5174 5328/2220/5181
f 5329/2220/5182 5327/2220/5180 5326/2220/5179
f 5326/2220/5179 5322/2220/5175 5329/2220/5182
f 5327/2220/5180 5329/2220/5182 5330/2220/5183
f 5331/2220/5184 5329/2220/5182 5322/2220/5175
f 5331/2220/5184 5330/2220/5183 5329/2220/5182
f 5328/2220/5181 5331/2220/5184 5322/2220/5175
f 5330/2220/5183 5331/2220/5184 5332/2220/5185
f 5328/2220/5181 5333/2220/5186 5331/2220/5184
f 5333/2220/5186 5332/2220/5185 5331/2220/5184
f 5333/2220/5186 5328/2220/5181 5334/2220/5187
f 5332/2220/5185 5333/2220/5186 5335/2220/5188
f 5336/2220/5189 5333/2220/5186 5334/2220/5187
f 5337/2220/5190 5335/2220/5188 5333/2220/5186
f 5333/2220/5186 5336/2220/5189 5337/2220/5190
f 5335/2220/5188 5337/2220/5190 5338/2220/5191
f 5339/2220/5192 5337/2220/5190 5336/2220/5189
f 5340/2220/5193 5338/2220/5191 5337/2220/5190
f 5337/2220/5190 5339/2220/5192 5340/2220/5193
f 5341/2220/5194 5342/2220/5195 5343/2220/5196
f 5342/2220/5195 5344/2220/5197 5343/2220/5196
f 5341/2220/5194 5345/2220/5198 5342/2220/5195
f 5345/2220/5198 5341/2220/5194 5346/2220/5199
f 5345/2220/5198 5346/2220/5199 5347/2220/5200
f 5347/2220/5200 5348/2220/5201 5345/2220/5198
f 5349/2220/5202 5350/2220/5203 5351/2220/5204
f 5352/2220/5205 5350/2220/5203 5349/2220/5202
f 5353/2220/5206 5351/2220/5204 5350/2220/5203
f 5351/2220/5204 5353/2220/5206 5354/2220/5207
f 5355/2220/5208 5354/2220/5207 5353/2220/5206
f 5356/2220/5209 5355/2220/5208 5353/2220/5206
f 5357/2220/5210 5358/2220/5211 5359/2220/5212
f 5359/2220/5212 5360/2220/5213 5357/2220/5210
f 5361/2220/5214 5358/2220/5211 5357/2220/5210
f 5358/2220/5211 5361/2220/5214 5362/2220/5215
f 5362/2220/5215 5361/2220/5214 5363/2220/5216
f 5363/2220/5216 5361/2220/5214 5364/2220/5217
f 5365/2220/5218 5366/2220/5219 5367/2220/5220
f 5366/2220/5219 5368/2220/5221 5367/2220/5220
f 5365/2220/5218 5369/2220/5222 5366/2220/5219
f 5369/2220/5222 5365/2220/5218 5370/2220/5223
f 5371/2220/5224 5369/2220/5222 5370/2220/5223
f 5372/2220/5225 5369/2220/5222 5371/2220/5224
f 5373/2220/5226 5374/2220/5227 5375/2220/5228
f 5374/2220/5227 5373/2220/5226 5376/2220/5229
f 5373/2220/5226 5375/2220/5228 5377/2220/5230
f 5374/2220/5227 5376/2220/5229 5378/2220/5231
f 5378/2220/5231 5376/2220/5229 5379/2220/5232
f 5380/2220/5233 5374/2220/5227 5378/2220/5231
f 5374/2220/5227 5380/2220/5233 5381/2220/5234
f 5381/2220/5234 5375/2220/5228 5374/2220/5227
f 5382/2220/5235 5381/2220/5234 5380/2220/5233
f 5381/2220/5234 5382/2220/5235 5383/2220/5236
f 5384/2220/5237 5383/2220/5236 5382/2220/5235
f 5383/2220/5236 5384/2220/5237 5385/2220/5238
f 5384/2220/5237 5386/2220/5239 5385/2220/5238
f 5387/2220/5240 5381/2220/5234 5383/2220/5236
f 5375/2220/5228 5381/2220/5234 5387/2220/5240
f 5385/2220/5238 5386/2220/5239 5388/2220/5241
f 5389/2220/5242 5388/2220/5241 5386/2220/5239
f 5385/2220/5238 5388/2220/5241 5390/2220/5243
f 5391/2220/5244 5392/2220/5245 5390/2220/5246
f 5393/2220/5247 5375/2220/5228 5387/2220/5240
f 5387/2220/5240 5394/2220/5248 5393/2220/5247
f 5375/2220/5228 5393/2220/5247 5395/2220/5249
f 5395/2220/5249 5377/2220/5230 5375/2220/5228
f 5395/2220/5249 5396/2220/5250 5377/2220/5230
f 5396/2220/5250 5395/2220/5249 5397/2220/5251
f 5398/2220/5252 5395/2220/5249 5393/2220/5247
f 5398/2220/5252 5399/2220/5253 5395/2220/5249
f 5400/2220/5254 5398/2220/5252 5393/2220/5247
f 5398/2220/5252 5400/2220/5254 5401/2220/5255
f 5401/2220/5255 5400/2220/5254 5402/2220/5256
f 5400/2220/5254 5403/2220/5257 5402/2220/5256
f 5402/2220/5256 5403/2220/5257 5404/2220/5258
f 5403/2220/5257 5405/2220/5259 5404/2220/5258
f 5394/2220/5248 5387/2220/5240 5406/2220/5260
f 5387/2220/5240 5407/2220/5261 5406/2220/5260
f 5408/2220/5262 5406/2220/5260 5407/2220/5261
f 5409/2220/5263 5394/2220/5248 5406/2220/5260
f 5406/2220/5260 5408/2220/5262 5409/2220/5263
f 5394/2220/5248 5409/2220/5263 5410/2220/5264
f 5409/2220/5263 5408/2220/5262 5411/2220/5265
f 5410/2220/5264 5409/2220/5263 5412/2220/5266
f 5412/2220/5266 5409/2220/5263 5411/2220/5265
f 5413/2220/5267 5414/2220/5268 5415/2220/5269
f 5416/2220/5270 5415/2220/5269 5417/2220/5271
f 5417/2220/5271 5415/2220/5269 5414/2220/5268
f 5417/2220/5271 5414/2220/5268 5418/2220/5272
f 5414/2220/5268 5413/2220/5267 5419/2220/5273
f 5418/2220/5272 5414/2220/5268 5420/2220/5274
f 5419/2220/5273 5420/2220/5274 5414/2220/5268
f 5420/2220/5274 5421/2220/5275 5418/2220/5272
f 5419/2220/5273 5413/2220/5267 5422/2220/5276
f 5421/2220/5275 5420/2220/5274 5423/2220/5277
f 5423/2220/5277 5424/2220/5278 5421/2220/5275
f 5424/2220/5278 5423/2220/5277 5425/2220/5279
f 5426/2220/5280 5423/2220/5277 5420/2220/5274
f 5420/2220/5274 5419/2220/5273 5426/2220/5280
f 5425/2220/5279 5427/2220/5281 5424/2220/5278
f 5427/2220/5281 5425/2220/5279 5428/2220/5282
f 5429/2220/5283 5427/2220/5281 5428/2220/5282
f 5430/2220/5284 5431/2220/5285 5425/2220/5286
f 5431/2220/5285 5430/2220/5284 5432/2220/5287
f 5422/2220/5276 5433/2220/5288 5419/2220/5273
f 5434/2220/5289 5433/2220/5288 5422/2220/5276
f 5433/2220/5288 5434/2220/5289 5435/2220/5290
f 5436/2220/5291 5419/2220/5273 5433/2220/5288
f 5419/2220/5273 5436/2220/5291 5426/2220/5280
f 5437/2220/5292 5436/2220/5291 5433/2220/5288
f 5433/2220/5288 5438/2220/5293 5437/2220/5292
f 5437/2220/5292 5439/2220/5294 5436/2220/5291
f 5439/2220/5294 5437/2220/5292 5440/2220/5295
f 5441/2220/5296 5439/2220/5294 5440/2220/5295
f 5441/2220/5296 5442/2220/5297 5439/2220/5294
f 5443/2220/5298 5442/2220/5297 5441/2220/5296
f 5443/2220/5298 5444/2220/5299 5442/2220/5297
f 5445/2220/5300 5426/2220/5280 5436/2220/5291
f 5446/2220/5301 5426/2220/5280 5445/2220/5300
f 5426/2220/5280 5446/2220/5301 5447/2220/5302
f 5446/2220/5301 5448/2220/5303 5447/2220/5302
f 5445/2220/5300 5449/2220/5304 5446/2220/5301
f 5448/2220/5303 5446/2220/5301 5449/2220/5304
f 5449/2220/5304 5445/2220/5300 5450/2220/5305
f 5449/2220/5304 5451/2220/5306 5448/2220/5303
f 5452/2220/5307 5449/2220/5304 5450/2220/5305
f 5451/2220/5306 5449/2220/5304 5452/2220/5307
f 5453/2220/5308 5454/2220/5309 5455/2220/5310
f 5454/2220/5309 5453/2220/5308 5456/2220/5311
f 5457/2220/5312 5455/2220/5310 5454/2220/5309
f 5453/2220/5308 5458/2220/5313 5456/2220/5311
f 5458/2220/5313 5459/2220/5314 5456/2220/5311
f 5460/2220/5315 5458/2220/5313 5453/2220/5308
f 5461/2220/5316 5460/2220/5315 5453/2220/5308
f 5455/2220/5310 5461/2220/5316 5453/2220/5308
f 5462/2220/5317 5460/2220/5315 5461/2220/5316
f 5461/2220/5316 5463/2220/5318 5462/2220/5317
f 5463/2220/5318 5464/2220/5319 5462/2220/5317
f 5464/2220/5319 5463/2220/5318 5465/2220/5320
f 5466/2220/5321 5463/2220/5318 5461/2220/5316
f 5461/2220/5316 5455/2220/5310 5466/2220/5321
f 5464/2220/5319 5465/2220/5320 5467/2220/5322
f 5465/2220/5320 5468/2220/5323 5467/2220/5322
f 5469/2220/5324 5467/2220/5322 5468/2220/5323
f 5470/2220/5325 5471/2220/5326 5465/2220/5327
f 5471/2220/5326 5470/2220/5325 5472/2220/5328
f 5455/2220/5310 5473/2220/5329 5466/2220/5321
f 5474/2220/5330 5466/2220/5321 5473/2220/5329
f 5473/2220/5329 5455/2220/5310 5475/2220/5331
f 5457/2220/5312 5475/2220/5331 5455/2220/5310
f 5476/2220/5332 5475/2220/5331 5457/2220/5312
f 5475/2220/5331 5476/2220/5332 5477/2220/5333
f 5475/2220/5331 5478/2220/5334 5473/2220/5329
f 5479/2220/5335 5478/2220/5334 5475/2220/5331
f 5478/2220/5334 5480/2220/5336 5473/2220/5329
f 5480/2220/5336 5478/2220/5334 5481/2220/5337
f 5482/2220/5338 5480/2220/5336 5481/2220/5337
f 5480/2220/5336 5482/2220/5338 5483/2220/5339
f 5482/2220/5338 5484/2220/5340 5483/2220/5339
f 5483/2220/5339 5484/2220/5340 5485/2220/5341
f 5474/2220/5330 5486/2220/5342 5466/2220/5321
f 5466/2220/5321 5486/2220/5342 5487/2220/5343
f 5486/2220/5342 5488/2220/5344 5487/2220/5343
f 5474/2220/5330 5489/2220/5345 5486/2220/5342
f 5488/2220/5344 5486/2220/5342 5489/2220/5345
f 5489/2220/5345 5474/2220/5330 5490/2220/5346
f 5489/2220/5345 5491/2220/5347 5488/2220/5344
f 5489/2220/5345 5490/2220/5346 5492/2220/5348
f 5489/2220/5345 5492/2220/5348 5491/2220/5347
f 5493/2220/5349 5494/2220/5350 5495/2220/5351
f 5495/2220/5351 5496/2220/5352 5497/2220/5353
f 5497/2220/5353 5493/2220/5349 5495/2220/5351
f 5493/2220/5349 5497/2220/5353 5498/2220/5354
f 5494/2220/5350 5493/2220/5349 5499/2220/5355
f 5498/2220/5354 5500/2220/5356 5493/2220/5349
f 5500/2220/5356 5499/2220/5355 5493/2220/5349
f 5501/2220/5357 5500/2220/5356 5498/2220/5354
f 5494/2220/5350 5499/2220/5355 5502/2220/5358
f 5500/2220/5356 5501/2220/5357 5503/2220/5359
f 5504/2220/5360 5503/2220/5359 5501/2220/5357
f 5503/2220/5359 5504/2220/5360 5505/2220/5361
f 5505/2220/5361 5504/2220/5360 5506/2220/5362
f 5507/2220/5363 5500/2220/5356 5503/2220/5359
f 5499/2220/5355 5500/2220/5356 5507/2220/5363
f 5506/2220/5362 5508/2220/5364 5505/2220/5361
f 5509/2220/5365 5508/2220/5364 5506/2220/5362
f 5505/2220/5361 5508/2220/5364 5510/2220/5366
f 5511/2220/5367 5512/2220/5368 5510/2220/5369
f 5513/2220/5370 5499/2220/5355 5507/2220/5363
f 5514/2220/5371 5513/2220/5370 5507/2220/5363
f 5499/2220/5355 5513/2220/5370 5515/2220/5372
f 5502/2220/5358 5499/2220/5355 5515/2220/5372
f 5515/2220/5372 5516/2220/5373 5502/2220/5358
f 5516/2220/5373 5515/2220/5372 5517/2220/5374
f 5513/2220/5370 5518/2220/5375 5515/2220/5372
f 5515/2220/5372 5518/2220/5375 5519/2220/5376
f 5520/2220/5377 5518/2220/5375 5513/2220/5370
f 5518/2220/5375 5520/2220/5377 5521/2220/5378
f 5520/2220/5377 5522/2220/5379 5521/2220/5378
f 5522/2220/5379 5520/2220/5377 5523/2220/5380
f 5523/2220/5380 5524/2220/5381 5522/2220/5379
f 5524/2220/5381 5523/2220/5380 5525/2220/5382
f 5526/2220/5383 5514/2220/5371 5507/2220/5363
f 5507/2220/5363 5527/2220/5384 5526/2220/5383
f 5528/2220/5385 5526/2220/5383 5527/2220/5384
f 5529/2220/5386 5514/2220/5371 5526/2220/5383
f 5526/2220/5383 5528/2220/5385 5529/2220/5386
f 5514/2220/5371 5529/2220/5386 5530/2220/5387
f 5529/2220/5386 5528/2220/5385 5531/2220/5388
f 5532/2220/5389 5530/2220/5387 5529/2220/5386
f 5532/2220/5389 5529/2220/5386 5531/2220/5388
f 5533/2220/5390 5534/2220/5391 5535/2220/5392
f 5536/2220/5393 5535/2220/5392 5534/2220/5391
f 5534/2220/5391 5533/2220/5390 5537/2220/5394
f 5535/2220/5392 5536/2220/5393 5538/2220/5395
f 5539/2220/5396 5538/2220/5395 5536/2220/5393
f 5535/2220/5392 5540/2220/5397 5533/2220/5390
f 5540/2220/5397 5535/2220/5392 5541/2220/5398
f 5538/2220/5395 5541/2220/5398 5535/2220/5392
f 5542/2220/5399 5533/2220/5390 5540/2220/5397
f 5541/2220/5398 5538/2220/5395 5543/2220/5400
f 5538/2220/5395 5544/2220/5401 5543/2220/5400
f 5538/2220/5395 5539/2220/5396 5545/2220/5402
f 5544/2220/5401 5538/2220/5395 5545/2220/5402
f 5546/2220/5403 5545/2220/5402 5539/2220/5396
f 5545/2220/5402 5547/2220/5404 5544/2220/5401
f 5545/2220/5402 5546/2220/5403 5547/2220/5404
f 5546/2220/5403 5548/2220/5405 5547/2220/5404
f 5533/2220/5390 5542/2220/5399 5549/2220/5406
f 5549/2220/5406 5537/2220/5394 5533/2220/5390
f 5550/2220/5407 5549/2220/5406 5542/2220/5399
f 5537/2220/5394 5549/2220/5406 5551/2220/5408
f 5552/2220/5409 5551/2220/5408 5549/2220/5406
f 5549/2220/5406 5550/2220/5407 5552/2220/5409
f 5551/2220/5408 5552/2220/5409 5553/2220/5410
f 5550/2220/5407 5554/2220/5411 5552/2220/5409
f 5552/2220/5409 5554/2220/5411 5553/2220/5410
f 5554/2220/5411 5550/2220/5407 5555/2220/5412
f 5553/2220/5410 5554/2220/5411 5556/2220/5413
f 5555/2220/5412 5557/2220/5414 5554/2220/5411
f 5554/2220/5411 5557/2220/5414 5556/2220/5413
f 5557/2220/5414 5555/2220/5412 5558/2220/5415
f 5556/2220/5413 5557/2220/5414 5559/2220/5416
f 5557/2220/5414 5558/2220/5415 5560/2220/5417
f 5557/2220/5414 5560/2220/5417 5561/2220/5418
f 5559/2220/5416 5557/2220/5414 5562/2220/5419
f 5557/2220/5414 5561/2220/5418 5562/2220/5419
f 5561/2220/5418 5560/2220/5417 5563/2220/5420
f 5562/2220/5419 5561/2220/5418 5563/2220/5420
f 5560/2220/5417 5564/2220/5421 5563/2220/5420
f 5565/2220/5422 5563/2220/5420 5564/2220/5421
f 5563/2220/5420 5566/2220/5423 5562/2220/5419
f 5567/2220/5424 5559/2220/5416 5562/2220/5419
f 5562/2220/5419 5566/2220/5423 5567/2220/5424
f 5559/2220/5416 5567/2220/5424 5568/2220/5425
f 5567/2220/5424 5569/2220/5426 5568/2220/5425
f 5569/2220/5426 5567/2220/5424 5570/2220/5427
f 5567/2220/5424 5571/2220/5428 5570/2220/5427
f 5571/2220/5428 5567/2220/5424 5572/2220/5429
f 5567/2220/5424 5566/2220/5423 5572/2220/5429
f 5566/2220/5423 5563/2220/5420 5573/2220/5430
f 5573/2220/5430 5563/2220/5420 5574/2220/5431
f 5563/2220/5420 5565/2220/5422 5574/2220/5431
f 5574/2220/5431 5575/2220/5432 5573/2220/5430
f 5576/2220/5433 5574/2220/5431 5565/2220/5422
f 5575/2220/5432 5574/2220/5431 5577/2220/5434
f 5574/2220/5431 5576/2220/5433 5577/2220/5434
f 5577/2220/5434 5578/2220/5435 5575/2220/5432
f 5576/2220/5433 5579/2220/5436 5577/2220/5434
f 5578/2220/5435 5577/2220/5434 5579/2220/5436
f 5579/2220/5436 5576/2220/5433 5580/2220/5437
f 5579/2220/5436 5581/2220/5438 5578/2220/5435
f 5580/2220/5437 5582/2220/5439 5579/2220/5436
f 5581/2220/5438 5579/2220/5436 5582/2220/5439
f 5582/2220/5439 5580/2220/5437 5583/2220/5440
f 5582/2220/5439 5584/2220/5441 5581/2220/5438
f 5583/2220/5440 5585/2220/5442 5582/2220/5439
f 5584/2220/5441 5582/2220/5439 5585/2220/5442
f 5585/2220/5442 5583/2220/5440 5586/2220/5443
f 5585/2220/5442 5587/2220/5444 5584/2220/5441
f 5586/2220/5443 5588/2220/5445 5585/2220/5442
f 5587/2220/5444 5585/2220/5442 5588/2220/5445
f 5588/2220/5445 5586/2220/5443 5589/2220/5446
f 5588/2220/5445 5590/2220/5447 5587/2220/5444
f 5588/2220/5445 5589/2220/5446 5591/2220/5448
f 5590/2220/5447 5588/2220/5445 5592/2220/5449
f 5588/2220/5445 5591/2220/5448 5592/2220/5449
f 5592/2220/5449 5593/2220/5450 5590/2220/5447
f 5592/2220/5449 5591/2220/5448 5594/2220/5451
f 5593/2220/5450 5592/2220/5449 5594/2220/5451
f 5593/2220/5450 5594/2220/5451 5595/2220/5452
f 5596/2220/5453 5597/2220/5454 5598/2220/5455
f 5597/2220/5454 5596/2220/5453 5599/2220/5456
f 5598/2220/5455 5600/2220/5457 5596/2220/5453
f 5601/2220/5458 5598/2220/5455 5597/2220/5454
f 5597/2220/5454 5602/2220/5459 5601/2220/5458
f 5598/2220/5455 5601/2220/5458 5603/2220/5460
f 5599/2220/5456 5604/2220/5461 5597/2220/5454
f 5602/2220/5459 5597/2220/5454 5604/2220/5461
f 5604/2220/5461 5599/2220/5456 5605/2220/5462
f 5604/2220/5461 5606/2220/5463 5602/2220/5459
f 5603/2220/5460 5607/2220/5464 5598/2220/5455
f 5600/2220/5457 5598/2220/5455 5607/2220/5464
f 5607/2220/5464 5603/2220/5460 5608/2220/5465
f 5607/2220/5464 5609/2220/5466 5600/2220/5457
f 5607/2220/5464 5608/2220/5465 5610/2220/5467
f 5609/2220/5466 5607/2220/5464 5611/2220/5468
f 5607/2220/5464 5610/2220/5467 5611/2220/5468
f 5611/2220/5468 5612/2220/5469 5609/2220/5466
f 5611/2220/5468 5610/2220/5467 5613/2220/5470
f 5612/2220/5469 5611/2220/5468 5613/2220/5470
f 5612/2220/5469 5613/2220/5470 5614/2220/5471
f 5605/2220/5462 5615/2220/5472 5604/2220/5461
f 5606/2220/5463 5604/2220/5461 5615/2220/5472
f 5615/2220/5472 5605/2220/5462 5616/2220/5473
f 5617/2220/5474 5606/2220/5463 5615/2220/5472
f 5616/2220/5473 5617/2220/5474 5615/2220/5472
f 5606/2220/5463 5617/2220/5474 5618/2220/5475
f 5616/2220/5473 5619/2220/5476 5617/2220/5474
f 5620/2220/5477 5618/2220/5475 5617/2220/5474
f 5619/2220/5476 5620/2220/5477 5617/2220/5474
f 5618/2220/5475 5620/2220/5477 5621/2220/5478
f 5619/2220/5476 5622/2220/5479 5620/2220/5477
f 5620/2220/5477 5623/2220/5480 5621/2220/5478
f 5623/2220/5480 5620/2220/5477 5624/2220/5481
f 5622/2220/5479 5625/2220/5482 5620/2220/5477
f 5620/2220/5477 5625/2220/5482 5624/2220/5481
f 5624/2220/5481 5626/2220/5483 5623/2220/5480
f 5625/2220/5482 5626/2220/5483 5624/2220/5481
f 5623/2220/5480 5626/2220/5483 5627/2220/5484
f 5626/2220/5483 5628/2220/5485 5627/2220/5484
f 5626/2220/5483 5625/2220/5482 5629/2220/5486
f 5630/2220/5487 5625/2220/5482 5622/2220/5479
f 5629/2220/5486 5625/2220/5482 5630/2220/5487
f 5631/2220/5488 5630/2220/5487 5622/2220/5479
f 5626/2220/5483 5629/2220/5486 5632/2220/5489
f 5633/2220/5490 5630/2220/5487 5631/2220/5488
f 5629/2220/5486 5630/2220/5487 5634/2220/5491
f 5630/2220/5487 5633/2220/5490 5635/2220/5492
f 5630/2220/5487 5636/2220/5493 5634/2220/5491
f 5636/2220/5493 5630/2220/5487 5635/2220/5492
f 5626/2220/5483 5632/2220/5489 5637/2220/5494
f 5628/2220/5485 5626/2220/5483 5637/2220/5494
f 5637/2220/5494 5632/2220/5489 5638/2220/5495
f 5637/2220/5494 5639/2220/5496 5628/2220/5485
f 5637/2220/5494 5638/2220/5495 5640/2220/5497
f 5639/2220/5496 5637/2220/5494 5640/2220/5497
f 5641/2220/5498 5640/2220/5497 5638/2220/5495
f 5642/2220/5499 5639/2220/5496 5640/2220/5497
f 5640/2220/5497 5641/2220/5498 5642/2220/5499
f 5639/2220/5496 5642/2220/5499 5643/2220/5500
f 5644/2220/5501 5642/2220/5499 5641/2220/5498
f 5645/2220/5502 5643/2220/5500 5642/2220/5499
f 5642/2220/5499 5644/2220/5501 5645/2220/5502
f 5643/2220/5500 5645/2220/5502 5646/2220/5503
f 5647/2220/5504 5645/2220/5502 5644/2220/5501
f 5648/2220/5505 5646/2220/5503 5645/2220/5502
f 5645/2220/5502 5647/2220/5504 5648/2220/5505
f 5646/2220/5503 5648/2220/5505 5649/2220/5506
f 5650/2220/5507 5648/2220/5505 5647/2220/5504
f 5651/2220/5508 5649/2220/5506 5648/2220/5505
f 5648/2220/5505 5650/2220/5507 5651/2220/5508
f 5649/2220/5506 5651/2220/5508 5652/2220/5509
f 5653/2220/5510 5651/2220/5508 5650/2220/5507
f 5652/2220/5509 5651/2220/5508 5654/2220/5511
f 5651/2220/5508 5653/2220/5510 5655/2220/5512
f 5655/2220/5512 5654/2220/5511 5651/2220/5508
f 5656/2220/5513 5655/2220/5512 5653/2220/5510
f 5655/2220/5512 5657/2220/5514 5654/2220/5511
f 5655/2220/5512 5656/2220/5513 5657/2220/5514
f 5656/2220/5513 5658/2220/5515 5657/2220/5514
f 5659/2220/5516 5660/2220/5517 5661/2220/5518
f 5660/2220/5517 5659/2220/5516 5662/2220/5519
f 5663/2220/5520 5661/2220/5518 5660/2220/5517
f 5663/2220/5520 5660/2220/5517 5664/2220/5521
f 5665/2220/5522 5663/2220/5520 5664/2220/5521
f 5663/2220/5520 5665/2220/5522 5666/2220/5523
f 5667/2220/5524 5668/2220/5525 5669/2220/5526
f 5668/2220/5525 5667/2220/5524 5670/2220/5527
f 5669/2220/5526 5671/2220/5528 5667/2220/5524
f 5672/2220/5529 5667/2220/5524 5671/2220/5528
f 5671/2220/5528 5673/2220/5530 5672/2220/5529
f 5673/2220/5530 5671/2220/5528 5674/2220/5531
f 5675/2220/5532 5676/2220/5533 5677/2220/5534
f 5676/2220/5533 5675/2220/5532 5678/2220/5535
f 5679/2220/5536 5676/2220/5533 5678/2220/5535
f 5676/2220/5533 5679/2220/5536 5680/2220/5537
f 5679/2220/5536 5681/2220/5538 5680/2220/5537
f 5681/2220/5538 5679/2220/5536 5682/2220/5539
f 5683/2220/5540 5684/2220/5541 5685/2220/5542
f 5684/2220/5541 5683/2220/5540 5686/2220/5543
f 5684/2220/5541 5687/2220/5544 5685/2220/5542
f 5687/2220/5544 5684/2220/5541 5688/2220/5545
f 5689/2220/5546 5687/2220/5544 5688/2220/5545
f 5687/2220/5544 5689/2220/5546 5690/2220/5547
f 5691/2220/5548 5692/2220/5549 5693/2220/5550
f 5694/2220/5551 5693/2220/5550 5692/2220/5549
f 5695/2220/5552 5694/2220/5551 5692/2220/5549
f 5694/2220/5551 5695/2220/5552 5696/2220/5553
f 5697/2220/5554 5691/2220/5548 5693/2220/5550
f 5691/2220/5548 5697/2220/5554 5698/2220/5555
f 5697/2220/5554 5699/2220/5556 5698/2220/5555
f 5699/2220/5556 5697/2220/5554 5700/2220/5557
f 5701/2220/5558 5699/2220/5556 5700/2220/5557
f 5701/2220/5558 5700/2220/5557 5702/2220/5559
f 5703/2220/5560 5701/2220/5558 5702/2220/5559
f 5702/2220/5559 5704/2220/5561 5703/2220/5560
f 5703/2220/5560 5704/2220/5561 5705/2220/5562
f 5704/2220/5561 5706/2220/5563 5705/2220/5562
f 5705/2220/5562 5706/2220/5563 5707/2220/5564
f 5706/2220/5563 5708/2220/5565 5707/2220/5564
f 5707/2220/5564 5708/2220/5565 5709/2220/5566
f 5707/2220/5564 5709/2220/5566 5710/2220/5567
f 5709/2220/5566 5711/2220/5568 5710/2220/5567
f 5711/2220/5568 5712/2220/5569 5710/2220/5567
f 5712/2220/5569 5711/2220/5568 5713/2220/5570
f 5714/2220/5571 5715/2220/5572 5716/2220/5573
f 5714/2220/5571 5716/2220/5573 5717/2220/5574
f 5717/2220/5574 5718/2220/5575 5714/2220/5571
f 5718/2220/5575 5717/2220/5574 5719/2220/5576
f 5715/2220/5572 5720/2220/5577 5716/2220/5573
f 5720/2220/5577 5715/2220/5572 5721/2220/5578
f 5722/2220/5579 5720/2220/5577 5721/2220/5578
f 5723/2220/5580 5720/2220/5577 5722/2220/5579
f 5722/2220/5579 5724/2220/5581 5723/2220/5580
f 5725/2220/5582 5723/2220/5580 5724/2220/5581
f 5725/2220/5582 5724/2220/5581 5726/2220/5583
f 5727/2220/5584 5725/2220/5582 5726/2220/5583
f 5727/2220/5584 5726/2220/5583 5728/2220/5585
f 5729/2220/5586 5727/2220/5584 5728/2220/5585
f 5730/2220/5587 5729/2220/5586 5728/2220/5585
f 5730/2220/5587 5731/2220/5588 5729/2220/5586
f 5730/2220/5587 5732/2220/5589 5731/2220/5588
f 5732/2220/5589 5730/2220/5587 5733/2220/5590
f 5732/2220/5589 5733/2220/5590 5734/2220/5591
f 5735/2220/5592 5734/2220/5591 5733/2220/5590
f 5735/2220/5592 5736/2220/5593 5734/2220/5591
f 5737/2220/5594 5738/2220/5595 5739/2220/5596
f 5738/2220/5595 5740/2220/5597 5739/2220/5596
f 5740/2220/5597 5738/2220/5595 5741/2220/5598
f 5737/2220/5594 5739/2220/5596 5742/2220/5599
f 5742/2220/5599 5743/2220/5600 5737/2220/5594
f 5743/2220/5600 5742/2220/5599 5744/2220/5601
f 5743/2220/5600 5744/2220/5601 5745/2220/5602
f 5746/2220/5603 5743/2220/5600 5745/2220/5602
f 5746/2220/5603 5745/2220/5602 5747/2220/5604
f 5747/2220/5604 5748/2220/5605 5746/2220/5603
f 5749/2220/5606 5748/2220/5605 5747/2220/5604
f 5749/2220/5606 5750/2220/5607 5748/2220/5605
f 5751/2220/5608 5750/2220/5607 5749/2220/5606
f 5750/2220/5607 5751/2220/5608 5752/2220/5609
f 5753/2220/5610 5752/2220/5609 5751/2220/5608
f 5753/2220/5610 5754/2220/5611 5752/2220/5609
f 5754/2220/5611 5753/2220/5610 5755/2220/5612
f 5756/2220/5613 5755/2220/5612 5753/2220/5610
f 5755/2220/5612 5756/2220/5613 5757/2220/5614
f 5756/2220/5613 5758/2220/5615 5757/2220/5614
f 5758/2220/5615 5759/2220/5616 5757/2220/5614
f 5760/2220/5617 5761/2220/5618 5762/2220/5619
f 5761/2220/5618 5760/2220/5617 5763/2220/5620
f 5764/2220/5621 5763/2220/5620 5760/2220/5617
f 5763/2220/5620 5764/2220/5621 5765/2220/5622
f 5766/2220/5623 5762/2220/5619 5761/2220/5618
f 5762/2220/5619 5766/2220/5623 5767/2220/5624
f 5768/2220/5625 5767/2220/5624 5766/2220/5623
f 5766/2220/5623 5769/2220/5626 5768/2220/5625
f 5768/2220/5625 5769/2220/5626 5770/2220/5627
f 5769/2220/5626 5771/2220/5628 5770/2220/5627
f 5771/2220/5628 5772/2220/5629 5770/2220/5627
f 5773/2220/5630 5772/2220/5629 5771/2220/5628
f 5773/2220/5630 5774/2220/5631 5772/2220/5629
f 5774/2220/5631 5773/2220/5630 5775/2220/5632
f 5775/2220/5632 5776/2220/5633 5774/2220/5631
f 5777/2220/5634 5776/2220/5633 5775/2220/5632
f 5778/2220/5635 5776/2220/5633 5777/2220/5634
f 5778/2220/5635 5779/2220/5636 5776/2220/5633
f 5779/2220/5636 5778/2220/5635 5780/2220/5637
f 5780/2220/5637 5781/2220/5638 5779/2220/5636
f 5781/2220/5638 5780/2220/5637 5782/2220/5639
f 5783/2220/5640 5784/2220/5641 5785/2220/5642
f 5784/2220/5641 5783/2220/5640 5786/2220/5643
f 5784/2220/5641 5786/2220/5643 5787/2220/5644
f 5785/2220/5642 5788/2220/5645 5783/2220/5640
f 5789/2220/5646 5784/2220/5641 5787/2220/5644
f 5790/2220/5647 5789/2220/5646 5787/2220/5644
f 5790/2220/5647 5791/2220/5648 5789/2220/5646
f 5789/2220/5646 5792/2220/5649 5784/2220/5641
f 5791/2220/5648 5792/2220/5649 5789/2220/5646
f 5785/2220/5642 5784/2220/5641 5792/2220/5649
f 5791/2220/5648 5793/2220/5650 5792/2220/5649
f 5792/2220/5649 5793/2220/5650 5785/2220/5642
f 5793/2220/5650 5791/2220/5648 5794/2220/5651
f 5788/2220/5645 5785/2220/5642 5795/2220/5652
f 5785/2220/5642 5793/2220/5650 5795/2220/5652
f 5795/2220/5652 5796/2220/5653 5788/2220/5645
f 5796/2220/5653 5795/2220/5652 5797/2220/5654
f 5793/2220/5650 5797/2220/5654 5795/2220/5652
f 5797/2220/5654 5798/2220/5655 5796/2220/5653
f 5798/2220/5655 5797/2220/5654 5799/2220/5656
f 5797/2220/5654 5793/2220/5650 5800/2220/5657
f 5800/2220/5657 5799/2220/5656 5797/2220/5654
f 5794/2220/5651 5800/2220/5657 5793/2220/5650
f 5799/2220/5656 5800/2220/5657 5801/2220/5658
f 5800/2220/5657 5794/2220/5651 5802/2220/5659
f 5802/2220/5659 5801/2220/5658 5800/2220/5657
f 5801/2220/5658 5802/2220/5659 5803/2220/5660
f 5804/2220/5661 5805/2220/5662 5806/2220/5663
f 5805/2220/5662 5807/2220/5664 5806/2220/5663
f 5805/2220/5662 5804/2220/5661 5808/2220/5665
f 5809/2220/5666 5808/2220/5665 5804/2220/5661
f 5810/2220/5667 5807/2220/5664 5805/2220/5662
f 5811/2220/5668 5807/2220/5664 5810/2220/5667
f 5812/2220/5669 5811/2220/5668 5810/2220/5667
f 5813/2220/5670 5810/2220/5667 5805/2220/5662
f 5810/2220/5667 5813/2220/5670 5812/2220/5669
f 5805/2220/5662 5808/2220/5665 5813/2220/5670
f 5814/2220/5671 5812/2220/5669 5813/2220/5670
f 5808/2220/5665 5814/2220/5671 5813/2220/5670
f 5812/2220/5669 5814/2220/5671 5815/2220/5672
f 5808/2220/5665 5809/2220/5666 5816/2220/5673
f 5814/2220/5671 5808/2220/5665 5816/2220/5673
f 5817/2220/5674 5816/2220/5673 5809/2220/5666
f 5816/2220/5673 5817/2220/5674 5818/2220/5675
f 5818/2220/5675 5814/2220/5671 5816/2220/5673
f 5819/2220/5676 5818/2220/5675 5817/2220/5674
f 5818/2220/5675 5819/2220/5676 5820/2220/5677
f 5814/2220/5671 5818/2220/5675 5821/2220/5678
f 5820/2220/5677 5821/2220/5678 5818/2220/5675
f 5821/2220/5678 5815/2220/5672 5814/2220/5671
f 5821/2220/5678 5820/2220/5677 5822/2220/5679
f 5815/2220/5672 5821/2220/5678 5823/2220/5680
f 5822/2220/5679 5823/2220/5680 5821/2220/5678
f 5823/2220/5680 5822/2220/5679 5824/2220/5681
f 5825/2220/5682 5826/2220/5683 5827/2220/5684
f 5826/2220/5683 5825/2220/5682 5828/2220/5685
f 5825/2220/5682 5829/2220/5686 5828/2220/5685
f 5830/2220/5687 5827/2220/5684 5826/2220/5683
f 5831/2220/5688 5829/2220/5686 5825/2220/5682
f 5832/2220/5689 5829/2220/5686 5831/2220/5688
f 5831/2220/5688 5833/2220/5690 5832/2220/5689
f 5825/2220/5682 5834/2220/5691 5831/2220/5688
f 5833/2220/5690 5831/2220/5688 5834/2220/5691
f 5834/2220/5691 5825/2220/5682 5827/2220/5684
f 5835/2220/5692 5833/2220/5690 5834/2220/5691
f 5835/2220/5692 5834/2220/5691 5827/2220/5684
f 5833/2220/5690 5835/2220/5692 5836/2220/5693
f 5827/2220/5684 5830/2220/5687 5837/2220/5694
f 5827/2220/5684 5837/2220/5694 5835/2220/5692
f 5838/2220/5695 5837/2220/5694 5830/2220/5687
f 5837/2220/5694 5838/2220/5695 5839/2220/5696
f 5839/2220/5696 5835/2220/5692 5837/2220/5694
f 5840/2220/5697 5839/2220/5696 5838/2220/5695
f 5839/2220/5696 5840/2220/5697 5841/2220/5698
f 5835/2220/5692 5839/2220/5696 5842/2220/5699
f 5841/2220/5698 5842/2220/5699 5839/2220/5696
f 5842/2220/5699 5836/2220/5693 5835/2220/5692
f 5842/2220/5699 5841/2220/5698 5843/2220/5700
f 5836/2220/5693 5842/2220/5699 5844/2220/5701
f 5843/2220/5700 5844/2220/5701 5842/2220/5699
f 5844/2220/5701 5843/2220/5700 5845/2220/5702
f 5846/2220/5703 5847/2220/5704 5848/2220/5705
f 5847/2220/5704 5846/2220/5703 5849/2220/5706
f 5847/2220/5704 5849/2220/5706 5850/2220/5707
f 5848/2220/5705 5851/2220/5708 5846/2220/5703
f 5852/2220/5709 5847/2220/5704 5850/2220/5707
f 5853/2220/5710 5852/2220/5709 5850/2220/5707
f 5854/2220/5711 5852/2220/5709 5853/2220/5710
f 5855/2220/5712 5847/2220/5704 5852/2220/5709
f 5852/2220/5709 5854/2220/5711 5855/2220/5712
f 5848/2220/5705 5847/2220/5704 5855/2220/5712
f 5854/2220/5711 5856/2220/5713 5855/2220/5712
f 5856/2220/5713 5848/2220/5705 5855/2220/5712
f 5856/2220/5713 5854/2220/5711 5857/2220/5714
f 5851/2220/5708 5848/2220/5705 5858/2220/5715
f 5858/2220/5715 5848/2220/5705 5856/2220/5713
f 5858/2220/5715 5859/2220/5716 5851/2220/5708
f 5859/2220/5716 5858/2220/5715 5860/2220/5717
f 5856/2220/5713 5860/2220/5717 5858/2220/5715
f 5860/2220/5717 5861/2220/5718 5859/2220/5716
f 5861/2220/5718 5860/2220/5717 5862/2220/5719
f 5860/2220/5717 5856/2220/5713 5863/2220/5720
f 5863/2220/5720 5862/2220/5719 5860/2220/5717
f 5857/2220/5714 5863/2220/5720 5856/2220/5713
f 5862/2220/5719 5863/2220/5720 5864/2220/5721
f 5863/2220/5720 5857/2220/5714 5865/2220/5722
f 5865/2220/5722 5864/2220/5721 5863/2220/5720
f 5864/2220/5721 5865/2220/5722 5866/2220/5723
f 5867/2220/5724 5868/2220/5725 5869/2220/5726
f 5869/2220/5726 5870/2220/5727 5867/2220/5724
f 5871/2220/5728 5867/2220/5724 5870/2220/5727
f 5867/2220/5724 5871/2220/5728 5872/2220/5729
f 5873/2220/5730 5872/2220/5729 5871/2220/5728
f 5872/2220/5729 5873/2220/5730 5874/2220/5731
f 5875/2220/5732 5876/2220/5733 5877/2220/5734
f 5876/2220/5733 5878/2220/5735 5877/2220/5734
f 5877/2220/5734 5879/2220/5736 5875/2220/5732
f 5879/2220/5736 5877/2220/5734 5880/2220/5737
f 5880/2220/5737 5881/2220/5738 5879/2220/5736
f 5881/2220/5738 5880/2220/5737 5882/2220/5739
f 5883/2220/5740 5884/2220/5741 5885/2220/5742
f 5886/2220/5743 5884/2220/5741 5883/2220/5740
f 5883/2220/5740 5887/2220/5744 5886/2220/5743
f 5887/2220/5744 5883/2220/5740 5888/2220/5745
f 5888/2220/5745 5889/2220/5746 5887/2220/5744
f 5889/2220/5746 5888/2220/5745 5890/2220/5747
f 5891/2220/5748 5892/2220/5749 5893/2220/5750
f 5894/2220/5751 5892/2220/5749 5891/2220/5748
f 5895/2220/5752 5891/2220/5748 5893/2220/5750
f 5891/2220/5748 5895/2220/5752 5896/2220/5753
f 5897/2220/5754 5896/2220/5753 5895/2220/5752
f 5896/2220/5753 5897/2220/5754 5898/2220/5755
f 5899/2220/5756 5900/2220/5757 5901/2220/5758
f 5900/2220/5757 5899/2220/5756 5902/2220/5759
f 5903/2220/5760 5901/2220/5758 5900/2220/5757
f 5904/2220/5761 5901/2220/5758 5903/2220/5760
f 5900/2220/5757 5905/2220/5762 5903/2220/5760
f 5906/2220/5763 5900/2220/5757 5902/2220/5759
f 5905/2220/5762 5900/2220/5757 5906/2220/5763
f 5902/2220/5759 5907/2220/5764 5906/2220/5763
f 5906/2220/5763 5908/2220/5765 5905/2220/5762
f 5909/2220/5766 5906/2220/5763 5907/2220/5764
f 5908/2220/5765 5906/2220/5763 5909/2220/5766
f 5907/2220/5764 5910/2220/5767 5909/2220/5766
f 5909/2220/5766 5911/2220/5768 5908/2220/5765
f 5910/2220/5767 5912/2220/5769 5909/2220/5766
f 5912/2220/5769 5911/2220/5768 5909/2220/5766
f 5912/2220/5769 5910/2220/5767 5913/2220/5770
f 5911/2220/5768 5912/2220/5769 5914/2220/5771
f 5915/2220/5772 5912/2220/5769 5913/2220/5770
f 5915/2220/5772 5914/2220/5771 5912/2220/5769
f 5913/2220/5770 5916/2220/5773 5915/2220/5772
f 5914/2220/5771 5915/2220/5772 5917/2220/5774
f 5916/2220/5773 5918/2220/5775 5915/2220/5772
f 5917/2220/5774 5915/2220/5772 5918/2220/5775
f 5918/2220/5775 5916/2220/5773 5919/2220/5776
f 5918/2220/5775 5920/2220/5777 5917/2220/5774
f 5918/2220/5775 5921/2220/5778 5920/2220/5777
f 5922/2220/5779 5920/2220/5777 5921/2220/5778
f 5923/2220/5780 5922/2220/5779 5921/2220/5778
f 5921/2220/5778 5918/2220/5775 5924/2220/5781
f 5919/2220/5776 5924/2220/5781 5918/2220/5775
f 5924/2220/5781 5919/2220/5776 5925/2220/5782
f 5926/2220/5783 5925/2220/5782 5919/2220/5776
f 5925/2220/5782 5926/2220/5783 5927/2220/5784
f 5928/2220/5785 5929/2220/5786 5930/2220/5787
f 5929/2220/5786 5928/2220/5785 5931/2220/5788
f 5929/2220/5786 5931/2220/5788 5932/2220/5789
f 5932/2220/5789 5931/2220/5788 5933/2220/5790
f 5934/2220/5791 5929/2220/5786 5932/2220/5789
f 5930/2220/5787 5929/2220/5786 5935/2220/5792
f 5929/2220/5786 5934/2220/5791 5935/2220/5792
f 5936/2220/5793 5930/2220/5787 5935/2220/5792
f 5937/2220/5794 5935/2220/5792 5934/2220/5791
f 5936/2220/5793 5935/2220/5792 5938/2220/5795
f 5935/2220/5792 5937/2220/5794 5938/2220/5795
f 5939/2220/5796 5936/2220/5793 5938/2220/5795
f 5937/2220/5794 5940/2220/5797 5938/2220/5795
f 5941/2220/5798 5939/2220/5796 5938/2220/5795
f 5940/2220/5797 5941/2220/5798 5938/2220/5795
f 5939/2220/5796 5941/2220/5798 5942/2220/5799
f 5941/2220/5798 5940/2220/5797 5943/2220/5800
f 5944/2220/5801 5942/2220/5799 5941/2220/5798
f 5943/2220/5800 5944/2220/5801 5941/2220/5798
f 5945/2220/5802 5942/2220/5799 5944/2220/5801
f 5944/2220/5801 5943/2220/5800 5946/2220/5803
f 5947/2220/5804 5945/2220/5802 5944/2220/5801
f 5947/2220/5804 5944/2220/5801 5946/2220/5803
f 5945/2220/5802 5947/2220/5804 5948/2220/5805
f 5949/2220/5806 5947/2220/5804 5946/2220/5803
f 5950/2220/5807 5947/2220/5804 5949/2220/5806
f 5950/2220/5807 5949/2220/5806 5951/2220/5808
f 5952/2220/5809 5950/2220/5807 5951/2220/5808
f 5947/2220/5804 5950/2220/5807 5953/2220/5810
f 5953/2220/5810 5948/2220/5805 5947/2220/5804
f 5948/2220/5805 5953/2220/5810 5954/2220/5811
f 5955/2220/5812 5948/2220/5805 5954/2220/5811
f 5954/2220/5811 5956/2220/5813 5955/2220/5812
f 5957/2220/5814 5958/2220/5815 5959/2220/5816
f 5958/2220/5815 5957/2220/5814 5960/2220/5817
f 5961/2220/5818 5958/2220/5815 5960/2220/5817
f 5962/2220/5819 5961/2220/5818 5960/2220/5817
f 5963/2220/5820 5958/2220/5815 5961/2220/5818
f 5958/2220/5815 5964/2220/5821 5959/2220/5816
f 5958/2220/5815 5963/2220/5820 5964/2220/5821
f 5965/2220/5822 5959/2220/5816 5964/2220/5821
f 5966/2220/5823 5964/2220/5821 5963/2220/5820
f 5964/2220/5821 5967/2220/5824 5965/2220/5822
f 5964/2220/5821 5966/2220/5823 5967/2220/5824
f 5968/2220/5825 5965/2220/5822 5967/2220/5824
f 5967/2220/5824 5966/2220/5823 5969/2220/5826
f 5970/2220/5827 5968/2220/5825 5967/2220/5824
f 5969/2220/5826 5970/2220/5827 5967/2220/5824
f 5968/2220/5825 5970/2220/5827 5971/2220/5828
f 5970/2220/5827 5969/2220/5826 5972/2220/5829
f 5970/2220/5827 5973/2220/5830 5971/2220/5828
f 5972/2220/5829 5973/2220/5830 5970/2220/5827
f 5974/2220/5831 5971/2220/5828 5973/2220/5830
f 5973/2220/5830 5972/2220/5829 5975/2220/5832
f 5976/2220/5833 5974/2220/5831 5973/2220/5830
f 5975/2220/5832 5976/2220/5833 5973/2220/5830
f 5974/2220/5831 5976/2220/5833 5977/2220/5834
f 5976/2220/5833 5975/2220/5832 5978/2220/5835
f 5979/2220/5836 5976/2220/5833 5978/2220/5835
f 5980/2220/5837 5979/2220/5836 5978/2220/5835
f 5981/2220/5838 5979/2220/5836 5980/2220/5837
f 5976/2220/5833 5979/2220/5836 5982/2220/5839
f 5982/2220/5839 5977/2220/5834 5976/2220/5833
f 5977/2220/5834 5982/2220/5839 5983/2220/5840
f 5984/2220/5841 5977/2220/5834 5983/2220/5840
f 5983/2220/5840 5985/2220/5842 5984/2220/5841
f 5986/2220/5843 5987/2220/5844 5988/2220/5845
f 5987/2220/5844 5986/2220/5843 5989/2220/5846
f 5989/2220/5846 5986/2220/5843 5990/2220/5847
f 5990/2220/5847 5991/2220/5848 5989/2220/5846
f 5986/2220/5843 5992/2220/5849 5990/2220/5847
f 5988/2220/5845 5993/2220/5850 5986/2220/5843
f 5992/2220/5849 5986/2220/5843 5993/2220/5850
f 5993/2220/5850 5988/2220/5845 5994/2220/5851
f 5993/2220/5850 5995/2220/5852 5992/2220/5849
f 5996/2220/5853 5993/2220/5850 5994/2220/5851
f 5995/2220/5852 5993/2220/5850 5996/2220/5853
f 5996/2220/5853 5994/2220/5851 5997/2220/5854
f 5995/2220/5852 5996/2220/5853 5998/2220/5855
f 5997/2220/5854 5999/2220/5856 5996/2220/5853
f 5999/2220/5856 5998/2220/5855 5996/2220/5853
f 5999/2220/5856 5997/2220/5854 6000/2220/5857
f 5998/2220/5855 5999/2220/5856 6001/2220/5858
f 6000/2220/5857 6002/2220/5859 5999/2220/5856
f 6002/2220/5859 6001/2220/5858 5999/2220/5856
f 6002/2220/5859 6000/2220/5857 6003/2220/5860
f 6001/2220/5858 6002/2220/5859 6004/2220/5861
f 6003/2220/5860 6005/2220/5862 6002/2220/5859
f 6005/2220/5862 6004/2220/5861 6002/2220/5859
f 6005/2220/5862 6003/2220/5860 6006/2220/5863
f 6004/2220/5861 6005/2220/5862 6007/2220/5864
f 6005/2220/5862 6008/2220/5865 6007/2220/5864
f 6007/2220/5864 6008/2220/5865 6009/2220/5866
f 6008/2220/5865 6010/2220/5867 6009/2220/5866
f 6008/2220/5865 6005/2220/5862 6011/2220/5868
f 6006/2220/5863 6011/2220/5868 6005/2220/5862
f 6011/2220/5868 6006/2220/5863 6012/2220/5869
f 6013/2220/5870 6012/2220/5869 6006/2220/5863
f 6012/2220/5869 6013/2220/5870 6014/2220/5871
f 6015/2220/5872 6016/2220/5873 6017/2220/5874
f 6018/2220/5875 6017/2220/5874 6016/2220/5873
f 6017/2220/5874 6019/2220/5876 6015/2220/5872
f 6020/2220/5877 6017/2220/5874 6018/2220/5875
f 6021/2220/5878 6019/2220/5876 6017/2220/5874
f 6020/2220/5877 6021/2220/5878 6017/2220/5874
f 6019/2220/5876 6021/2220/5878 6022/2220/5879
f 6021/2220/5878 6020/2220/5877 6023/2220/5880
f 6022/2220/5879 6021/2220/5878 6024/2220/5881
f 6023/2220/5880 6025/2220/5882 6021/2220/5878
f 6025/2220/5882 6024/2220/5881 6021/2220/5878
f 6024/2220/5881 6025/2220/5882 6026/2220/5883
f 6025/2220/5882 6023/2220/5880 6027/2220/5884
f 6028/2220/5885 6026/2220/5883 6025/2220/5882
f 6027/2220/5884 6029/2220/5886 6025/2220/5882
f 6025/2220/5882 6029/2220/5886 6028/2220/5885
f 6029/2220/5886 6027/2220/5884 6030/2220/5887
f 6029/2220/5886 6031/2220/5888 6028/2220/5885
f 6029/2220/5886 6030/2220/5887 6032/2220/5889
f 6031/2220/5888 6029/2220/5886 6032/2220/5889
f 6032/2220/5889 6030/2220/5887 6033/2220/5890
f 6032/2220/5889 6034/2220/5891 6031/2220/5888
f 6033/2220/5890 6035/2220/5892 6032/2220/5889
f 6034/2220/5891 6032/2220/5889 6035/2220/5892
f 6035/2220/5892 6033/2220/5890 6036/2220/5893
f 6035/2220/5892 6037/2220/5894 6034/2220/5891
f 6036/2220/5893 6038/2220/5895 6035/2220/5892
f 6037/2220/5894 6035/2220/5892 6039/2220/5896
f 6035/2220/5892 6038/2220/5895 6039/2220/5896
f 6039/2220/5896 6040/2220/5897 6037/2220/5894
f 6038/2220/5895 6041/2220/5898 6039/2220/5896
f 6040/2220/5897 6039/2220/5896 6041/2220/5898
f 6041/2220/5898 6038/2220/5895 6042/2220/5899
f 6041/2220/5898 6043/2220/5900 6040/2220/5897
f 6044/2220/5901 6041/2220/5898 6042/2220/5899
f 6044/2220/5901 6043/2220/5900 6041/2220/5898
f 6042/2220/5899 6045/2220/5902 6044/2220/5901
f 6045/2220/5902 6046/2220/5903 6044/2220/5901
f 6047/2220/5904 6044/2220/5901 6046/2220/5903
f 6044/2220/5901 6047/2220/5904 6043/2220/5900
f 6043/2220/5900 6047/2220/5904 6048/2220/5905
f 6049/2220/5906 6050/2220/5907 6051/2220/5908
f 6052/2220/5909 6049/2220/5906 6051/2220/5908
f 6050/2220/5907 6049/2220/5906 6053/2220/5910
f 6052/2220/5909 6051/2220/5908 6054/2220/5911
f 6054/2220/5911 6055/2220/5912 6052/2220/5909
f 6056/2220/5913 6054/2220/5911 6051/2220/5908
f 6051/2220/5908 6050/2220/5907 6056/2220/5913
f 6050/2220/5907 6057/2220/5914 6056/2220/5913
f 6054/2220/5911 6056/2220/5913 6058/2220/5915
f 6050/2220/5907 6059/2220/5916 6057/2220/5914
f 6058/2220/5915 6060/2220/5917 6054/2220/5911
f 6055/2220/5912 6054/2220/5911 6060/2220/5917
f 6060/2220/5917 6058/2220/5915 6061/2220/5918
f 6061/2220/5918 6062/2220/5919 6060/2220/5917
f 6063/2220/5920 6060/2220/5917 6062/2220/5919
f 6063/2220/5920 6055/2220/5912 6060/2220/5917
f 6055/2220/5912 6063/2220/5920 6064/2220/5921
f 6059/2220/5916 6050/2220/5907 6065/2220/5922
f 6053/2220/5910 6065/2220/5922 6050/2220/5907
f 6066/2220/5923 6059/2220/5916 6065/2220/5922
f 6065/2220/5922 6053/2220/5910 6067/2220/5924
f 6065/2220/5922 6068/2220/5925 6066/2220/5923
f 6065/2220/5922 6067/2220/5924 6068/2220/5925
f 6068/2220/5925 6069/2220/5926 6066/2220/5923
f 6068/2220/5925 6067/2220/5924 6070/2220/5927
f 6069/2220/5926 6068/2220/5925 6071/2220/5928
f 6070/2220/5927 6071/2220/5928 6068/2220/5925
f 6071/2220/5928 6070/2220/5927 6072/2220/5929
f 6071/2220/5928 6073/2220/5930 6069/2220/5926
f 6074/2220/5931 6071/2220/5928 6072/2220/5929
f 6073/2220/5930 6071/2220/5928 6075/2220/5932
f 6074/2220/5931 6075/2220/5932 6071/2220/5928
f 6075/2220/5932 6074/2220/5931 6076/2220/5933
f 6075/2220/5932 6077/2220/5934 6073/2220/5930
f 6078/2220/5935 6075/2220/5932 6076/2220/5933
f 6077/2220/5934 6075/2220/5932 6079/2220/5936
f 6075/2220/5932 6078/2220/5935 6079/2220/5936
f 6077/2220/5934 6079/2220/5936 6080/2220/5937
f 6081/2220/5938 6079/2220/5936 6078/2220/5935
f 6082/2220/5939 6080/2220/5937 6079/2220/5936
f 6079/2220/5936 6081/2220/5938 6082/2220/5939
f 6083/2220/5940 6084/2220/5941 6085/2220/5942
f 6084/2220/5941 6086/2220/5943 6085/2220/5942
f 6084/2220/5941 6083/2220/5940 6087/2220/5944
f 6086/2220/5943 6084/2220/5941 6088/2220/5945
f 6087/2220/5944 6089/2220/5946 6084/2220/5941
f 6089/2220/5946 6088/2220/5945 6084/2220/5941
f 6089/2220/5946 6087/2220/5944 6090/2220/5947
f 6088/2220/5945 6089/2220/5946 6091/2220/5948
f 6092/2220/5949 6089/2220/5946 6090/2220/5947
f 6093/2220/5950 6091/2220/5948 6089/2220/5946
f 6089/2220/5946 6092/2220/5949 6093/2220/5950
f 6093/2220/5950 6092/2220/5949 6094/2220/5951
f 6091/2220/5948 6093/2220/5950 6095/2220/5952
f 6096/2220/5953 6093/2220/5950 6094/2220/5951
f 6097/2220/5954 6095/2220/5952 6093/2220/5950
f 6093/2220/5950 6096/2220/5953 6097/2220/5954
f 6095/2220/5952 6097/2220/5954 6098/2220/5955
f 6099/2220/5956 6097/2220/5954 6096/2220/5953
f 6097/2220/5954 6100/2220/5957 6098/2220/5955
f 6097/2220/5954 6099/2220/5956 6100/2220/5957
f 6100/2220/5957 6101/2220/5958 6098/2220/5955
f 6100/2220/5957 6099/2220/5956 6102/2220/5959
f 6103/2220/5960 6101/2220/5958 6100/2220/5957
f 6102/2220/5959 6103/2220/5960 6100/2220/5957
f 6101/2220/5958 6103/2220/5960 6104/2220/5961
f 6105/2220/5962 6103/2220/5960 6102/2220/5959
f 6106/2220/5963 6104/2220/5961 6103/2220/5960
f 6103/2220/5960 6105/2220/5962 6107/2220/5964
f 6103/2220/5960 6107/2220/5964 6106/2220/5963
f 6108/2220/5965 6107/2220/5964 6105/2220/5962
f 6109/2220/5966 6106/2220/5963 6107/2220/5964
f 6107/2220/5964 6108/2220/5965 6109/2220/5966
f 6106/2220/5963 6109/2220/5966 6110/2220/5967
f 6109/2220/5966 6108/2220/5965 6111/2220/5968
f 6112/2220/5969 6110/2220/5967 6109/2220/5966
f 6109/2220/5966 6111/2220/5968 6112/2220/5969
f 6110/2220/5967 6112/2220/5969 6113/2220/5970
f 6113/2220/5970 6112/2220/5969 6114/2220/5971
f 6112/2220/5969 6115/2220/5972 6114/2220/5971
f 6115/2220/5972 6112/2220/5969 6111/2220/5968
f 6115/2220/5972 6111/2220/5968 6116/2220/5973
f 6117/2220/5974 6118/2220/5974 6119/2220/5975
f 6119/2220/5975 6120/2220/5975 6117/2220/5974
f 6121/2220/5976 6122/2220/5976 6123/2220/5977
f 6123/2220/5977 6122/2220/5976 6124/2220/5977
f 6125/2220/5978 6126/2220/5979 6127/2220/5980
f 6126/2220/5979 6125/2220/5978 6128/2220/5981
f 6129/2220/5982 6128/2220/5981 6125/2220/5978
f 6127/2220/5980 6126/2220/5979 6130/2220/5983
f 6130/2220/5983 6131/2220/5984 6127/2220/5980
f 6132/2220/5985 6126/2220/5979 6128/2220/5981
f 6126/2220/5979 6132/2220/5985 6133/2220/5986
f 6134/2220/5987 6126/2220/5979 6133/2220/5986
f 6126/2220/5979 6134/2220/5987 6130/2220/5983
f 6134/2220/5987 6135/2220/5988 6130/2220/5983
f 6128/2220/5981 6129/2220/5982 4648/2220/4501
f 4648/2220/4501 6132/2220/5985 6128/2220/5981
f 4644/2220/4497 4648/2220/4501 6129/2220/5982
f 6132/2220/5985 4648/2220/4501 4650/2220/4503
f 6130/2220/5983 6135/2220/5988 6136/2220/5989
f 6131/2220/5984 6130/2220/5983 6136/2220/5989
f 6137/2220/5990 6136/2220/5989 6135/2220/5988
f 6136/2220/5989 6138/2220/5991 6131/2220/5984
f 6136/2220/5989 6137/2220/5990 6139/2220/5992
f 6139/2220/5992 6138/2220/5991 6136/2220/5989
f 6138/2220/5991 6139/2220/5992 6140/2220/5993
f 6141/2220/5994 6139/2220/5992 6137/2220/5990
f 6140/2220/5993 6139/2220/5992 6142/2220/5995
f 6139/2220/5992 6141/2220/5994 6143/2220/5996
f 6142/2220/5995 6139/2220/5992 6143/2220/5996
f 6143/2220/5996 6144/2220/5997 6142/2220/5995
f 6145/2220/5998 6143/2220/5996 6141/2220/5994
f 6143/2220/5996 6146/2220/5999 6144/2220/5997
f 6143/2220/5996 6145/2220/5998 6147/2220/6000
f 6146/2220/5999 6143/2220/5996 6147/2220/6000
f 6148/2220/6001 6147/2220/6000 6145/2220/5998
f 6147/2220/6000 6149/2220/6002 6146/2220/5999
f 6147/2220/6000 6148/2220/6001 6150/2220/6003
f 6149/2220/6002 6147/2220/6000 6150/2220/6003
f 6151/2220/6004 6152/2220/6005 6153/2220/6006
f 6152/2220/6005 6154/2220/6007 6153/2220/6006
f 6152/2220/6005 6151/2220/6004 6155/2220/6008
f 6151/2220/6004 6156/2220/6009 6155/2220/6008
f 6153/2220/6006 6157/2220/6010 6151/2220/6004
f 6156/2220/6009 6151/2220/6004 5273/2220/5126
f 6151/2220/6004 6157/2220/6010 6158/2220/6011
f 6158/2220/6011 5273/2220/5126 6151/2220/6004
f 5273/2220/5126 5271/2220/5124 6156/2220/6009
f 5273/2220/5126 6158/2220/6011 5272/2220/5125
f 6157/2220/6010 6153/2220/6006 6159/2220/6012
f 6153/2220/6006 6154/2220/6007 6159/2220/6012
f 6157/2220/6010 6159/2220/6012 6160/2220/6013
f 6154/2220/6007 6161/2220/6014 6159/2220/6012
f 6161/2220/6014 6160/2220/6013 6159/2220/6012
f 6160/2220/6013 6161/2220/6014 6162/2220/6015
f 6161/2220/6014 6154/2220/6007 6163/2220/6016
f 6161/2220/6014 6164/2220/6017 6162/2220/6015
f 6163/2220/6016 6165/2220/6018 6161/2220/6014
f 6164/2220/6017 6161/2220/6014 6165/2220/6018
f 6166/2220/6019 6165/2220/6018 6163/2220/6016
f 6165/2220/6018 6167/2220/6020 6164/2220/6017
f 6165/2220/6018 6166/2220/6019 6168/2220/6021
f 6167/2220/6020 6165/2220/6018 6168/2220/6021
f 6166/2220/6019 6169/2220/6022 6168/2220/6021
f 6169/2220/6022 6167/2220/6020 6168/2220/6021
f 6169/2220/6022 6166/2220/6019 6170/2220/6023
f 6167/2220/6020 6169/2220/6022 6171/2220/6024
f 6170/2220/6023 6172/2220/6025 6169/2220/6022
f 6172/2220/6025 6171/2220/6024 6169/2220/6022
f 6171/2220/6024 6172/2220/6025 6173/2220/6026
f 6174/2220/6027 6172/2220/6025 6170/2220/6023
f 6173/2220/6026 6172/2220/6025 6175/2220/6028
f 6175/2220/6028 6172/2220/6025 6176/2220/6029
f 6172/2220/6025 6174/2220/6027 6176/2220/6029
f 6176/2220/6029 6177/2220/6030 6175/2220/6028
f 6176/2220/6029 6174/2220/6027 6178/2220/6031
f 6177/2220/6030 6176/2220/6029 6178/2220/6031
f 6178/2220/6031 6174/2220/6027 6179/2220/6032
f 6177/2220/6030 6178/2220/6031 6180/2220/6033
f 6179/2220/6032 6180/2220/6033 6178/2220/6031
f 6180/2220/6033 6179/2220/6032 6181/2220/6034
f 6177/2220/6030 6180/2220/6033 6182/2220/6035
f 6183/2220/6036 6180/2220/6033 6181/2220/6034
f 6184/2220/6037 6182/2220/6035 6180/2220/6033
f 6180/2220/6033 6183/2220/6036 6184/2220/6037
f 6182/2220/6035 6184/2220/6037 6185/2220/6038
f 6186/2220/6039 6184/2220/6037 6183/2220/6036
f 6187/2220/6040 6185/2220/6038 6184/2220/6037
f 6184/2220/6037 6186/2220/6039 6187/2220/6040
f 6185/2220/6038 6187/2220/6040 6188/2220/6041
f 6189/2220/6042 6187/2220/6040 6186/2220/6039
f 6190/2220/6043 6188/2220/6041 6187/2220/6040
f 6187/2220/6040 6189/2220/6042 6190/2220/6043
f 6188/2220/6041 6190/2220/6043 6191/2220/6044
f 6192/2220/6045 6190/2220/6043 6189/2220/6042
f 6190/2220/6043 6193/2220/6046 6191/2220/6044
f 6190/2220/6043 6192/2220/6045 6194/2220/6047
f 6193/2220/6046 6190/2220/6043 6194/2220/6047
f 6195/2220/6048 6194/2220/6047 6192/2220/6045
f 6194/2220/6047 6196/2220/6049 6193/2220/6046
f 6194/2220/6047 6195/2220/6048 6197/2220/6050
f 6196/2220/6049 6194/2220/6047 6197/2220/6050
f 6198/2220/6051 6197/2220/6050 6195/2220/6048
f 6196/2220/6049 6199/2220/6052 6193/2220/6046
f 6197/2220/6050 6198/2220/6051 6200/2220/6053
f 6200/2220/6053 6196/2220/6049 6197/2220/6050
f 6198/2220/6051 6201/2220/6054 6200/2220/6053
f 6199/2220/6052 6196/2220/6049 6202/2220/6055
f 6202/2220/6055 5207/2220/5060 6199/2220/6052
f 6196/2220/6049 6200/2220/6053 6203/2220/6056
f 6196/2220/6049 6203/2220/6056 6202/2220/6055
f 6201/2220/6054 6203/2220/6056 6200/2220/6053
f 6203/2220/6056 6201/2220/6054 6204/2220/6057
f 6201/2220/6054 6205/2220/6058 6204/2220/6057
f 6204/2220/6057 6206/2220/6059 6203/2220/6056
f 6206/2220/6059 6202/2220/6055 6203/2220/6056
f 6206/2220/6059 6204/2220/6057 5210/2220/5063
f 5207/2220/5060 6202/2220/6055 6207/2220/6060
f 6206/2220/6059 6207/2220/6060 6202/2220/6055
f 5208/2220/5061 5207/2220/5060 6207/2220/6060
f 6207/2220/6060 6206/2220/6059 5212/2220/5065
f 5212/2220/5065 6206/2220/6059 5210/2220/5063
f 5212/2220/5065 5208/2220/5061 6207/2220/6060
f 6208/2220/6061 6209/2220/6062 6210/2220/6063
f 6211/2220/6064 6208/2220/6061 6210/2220/6063
f 6209/2220/6062 6208/2220/6061 6212/2220/6065
f 6209/2220/6062 6212/2220/6065 6213/2220/6066
f 6208/2220/6061 6211/2220/6064 5340/2220/5193
f 5338/2220/5191 5340/2220/5193 6211/2220/6064
f 6214/2220/6067 6212/2220/6065 6208/2220/6061
f 5340/2220/5193 6215/2220/6068 6208/2220/6061
f 6208/2220/6061 6215/2220/6068 6214/2220/6067
f 6215/2220/6068 5340/2220/5193 5339/2220/5192
f 6212/2220/6065 6214/2220/6067 6216/2220/6069
f 6212/2220/6065 6216/2220/6069 6213/2220/6066
f 6217/2220/6070 6216/2220/6069 6214/2220/6067
f 6218/2220/6071 6213/2220/6066 6216/2220/6069
f 6216/2220/6069 6217/2220/6070 6218/2220/6071
f 6217/2220/6070 6219/2220/6072 6218/2220/6071
f 6213/2220/6066 6218/2220/6071 6220/2220/6073
f 6221/2220/6074 6218/2220/6071 6219/2220/6072
f 6220/2220/6073 6218/2220/6071 6222/2220/6075
f 6218/2220/6071 6221/2220/6074 6222/2220/6075
f 6222/2220/6075 6223/2220/6076 6220/2220/6073
f 6224/2220/6077 6222/2220/6075 6221/2220/6074
f 6223/2220/6076 6222/2220/6075 6225/2220/6078
f 6222/2220/6075 6224/2220/6077 6225/2220/6078
f 6226/2220/6079 6223/2220/6076 6225/2220/6078
f 6224/2220/6077 6226/2220/6079 6225/2220/6078
f 6223/2220/6076 6226/2220/6079 6227/2220/6080
f 6226/2220/6079 6224/2220/6077 6228/2220/6081
f 6227/2220/6080 6226/2220/6079 6229/2220/6082
f 6228/2220/6081 6229/2220/6082 6226/2220/6079
f 6229/2220/6082 6228/2220/6081 6230/2220/6083
f 6229/2220/6082 6231/2220/6084 6227/2220/6080
f 6229/2220/6082 6230/2220/6083 6232/2220/6085
f 6232/2220/6085 6233/2220/6086 6229/2220/6082
f 6231/2220/6084 6229/2220/6082 6233/2220/6086
f 6233/2220/6086 6232/2220/6085 6234/2220/6087
f 6231/2220/6084 6233/2220/6086 6235/2220/6088
f 6234/2220/6087 6235/2220/6088 6233/2220/6086
f 6231/2220/6084 6235/2220/6088 6236/2220/6089
f 6234/2220/6087 6237/2220/6090 6235/2220/6088
f 6237/2220/6090 6236/2220/6089 6235/2220/6088
f 6236/2220/6089 6237/2220/6090 6238/2220/6091
f 6239/2220/6092 6237/2220/6090 6234/2220/6087
f 6237/2220/6090 6240/2220/6093 6238/2220/6091
f 6239/2220/6092 6241/2220/6094 6237/2220/6090
f 6240/2220/6093 6237/2220/6090 6241/2220/6094
f 6241/2220/6094 6239/2220/6092 6242/2220/6095
f 6241/2220/6094 6243/2220/6096 6240/2220/6093
f 6242/2220/6095 6244/2220/6097 6241/2220/6094
f 6243/2220/6096 6241/2220/6094 6244/2220/6097
f 6244/2220/6097 6242/2220/6095 6245/2220/6098
f 6244/2220/6097 6246/2220/6099 6243/2220/6096
f 6245/2220/6098 6247/2220/6100 6244/2220/6097
f 6246/2220/6099 6244/2220/6097 6247/2220/6100
f 6247/2220/6100 6245/2220/6098 6248/2220/6101
f 6247/2220/6100 6249/2220/6102 6246/2220/6099
f 6250/2220/6103 6247/2220/6100 6248/2220/6101
f 6249/2220/6102 6247/2220/6100 6251/2220/6104
f 6247/2220/6100 6250/2220/6103 6251/2220/6104
f 6251/2220/6104 6252/2220/6105 6249/2220/6102
f 6251/2220/6104 6250/2220/6103 6253/2220/6106
f 6252/2220/6105 6251/2220/6104 6254/2220/6107
f 6253/2220/6106 6254/2220/6107 6251/2220/6104
f 6254/2220/6107 6255/2220/6108 6252/2220/6105
f 6253/2220/6106 6250/2220/6103 6256/2220/6109
f 6255/2220/6108 6254/2220/6107 6257/2220/6110
f 6253/2220/6106 6257/2220/6110 6254/2220/6107
f 6255/2220/6108 6257/2220/6110 6258/2220/6111
f 6256/2220/6109 6259/2220/6112 6253/2220/6106
f 6257/2220/6110 6253/2220/6106 6260/2220/6113
f 6260/2220/6113 6258/2220/6111 6257/2220/6110
f 6260/2220/6113 6253/2220/6106 6259/2220/6112
f 5275/2220/5128 6259/2220/6112 6256/2220/6109
f 6258/2220/6111 6260/2220/6113 6261/2220/6114
f 6258/2220/6111 6261/2220/6114 6262/2220/6115
f 6261/2220/6114 6260/2220/6113 6263/2220/6116
f 6263/2220/6116 6260/2220/6113 6259/2220/6112
f 6261/2220/6114 6263/2220/6116 5278/2220/5131
f 6259/2220/6112 5275/2220/5128 6264/2220/6117
f 6264/2220/6117 6263/2220/6116 6259/2220/6112
f 5275/2220/5128 5274/2220/5127 6264/2220/6117
f 6263/2220/6116 6264/2220/6117 5279/2220/5132
f 5279/2220/5132 5278/2220/5131 6263/2220/6116
f 5274/2220/5127 5279/2220/5132 6264/2220/6117
f 6265/2220/6118 6266/2220/6119 6267/2220/6120
f 6267/2220/6120 6266/2220/6119 6268/2220/6121
f 6266/2220/6119 6265/2220/6118 6269/2220/6122
f 6270/2220/6123 6267/2220/6120 6268/2220/6121
f 6271/2220/6124 6269/2220/6122 6265/2220/6118
f 6272/2220/6125 6270/2220/6123 6268/2220/6121
f 6269/2220/6122 6271/2220/6124 6273/2220/6126
f 6272/2220/6125 6274/2220/6127 6270/2220/6123
f 6275/2220/6128 6273/2220/6126 6271/2220/6124
f 6276/2220/6129 6274/2220/6127 6272/2220/6125
f 6273/2220/6126 6275/2220/6128 6277/2220/6130
f 6274/2220/6127 6276/2220/6129 6278/2220/6131
f 6279/2220/6132 6277/2220/6130 6275/2220/6128
f 6276/2220/6129 6280/2220/6133 6278/2220/6131
f 6277/2220/6130 6279/2220/6132 6281/2220/6134
f 6280/2220/6133 6276/2220/6129 6282/2220/6135
f 6281/2220/6134 6279/2220/6132 6283/2220/6136
f 6282/2220/6135 6284/2220/6137 6280/2220/6133
f 6281/2220/6134 6283/2220/6136 6285/2220/6138
f 6284/2220/6137 6282/2220/6135 6286/2220/6139
f 6283/2220/6136 6287/2220/6140 6285/2220/6138
f 6288/2220/6141 6284/2220/6137 6286/2220/6139
f 6287/2220/6140 6283/2220/6136 6289/2220/6142
f 6284/2220/6137 6288/2220/6141 6290/2220/6143
f 6287/2220/6140 6289/2220/6142 6291/2220/6144
f 6292/2220/6145 6290/2220/6143 6288/2220/6141
f 6293/2220/6146 6287/2220/6140 6291/2220/6144
f 6290/2220/6143 6292/2220/6145 6294/2220/6147
f 6291/2220/6144 6295/2220/6148 6293/2220/6146
f 6292/2220/6145 6296/2220/6149 6294/2220/6147
f 6295/2220/6148 6291/2220/6144 6297/2220/6150
f 6296/2220/6149 6292/2220/6145 6298/2220/6151
f 6297/2220/6150 6299/2220/6152 6295/2220/6148
f 6298/2220/6151 6300/2220/6153 6296/2220/6149
f 6299/2220/6152 6297/2220/6150 6301/2220/6154
f 6300/2220/6153 6298/2220/6151 6302/2220/6155
f 6301/2220/6154 6303/2220/6156 6299/2220/6152
f 6302/2220/6155 6304/2220/6157 6300/2220/6153
f 6303/2220/6156 6301/2220/6154 6305/2220/6158
f 6304/2220/6157 6302/2220/6155 6306/2220/6159
f 6305/2220/6158 6306/2220/6159 6303/2220/6156
f 6306/2220/6159 6305/2220/6158 6304/2220/6157
f 6307/2220/6160 6308/2220/6161 6309/2220/6162
f 6308/2220/6161 6307/2220/6160 6310/2220/6163
f 6309/2220/6162 6311/2220/6164 6307/2220/6160
f 6312/2220/6165 6308/2220/6161 6310/2220/6163
f 6311/2220/6164 6309/2220/6162 6313/2220/6166
f 6312/2220/6165 6310/2220/6163 6314/2220/6167
f 6313/2220/6166 6315/2220/6168 6311/2220/6164
f 6314/2220/6167 6316/2220/6169 6312/2220/6165
f 6315/2220/6168 6313/2220/6166 6317/2220/6170
f 6316/2220/6169 6314/2220/6167 6318/2220/6171
f 6317/2220/6170 6319/2220/6172 6315/2220/6168
f 6318/2220/6171 6320/2220/6173 6316/2220/6169
f 6321/2220/6174 6319/2220/6172 6317/2220/6170
f 6320/2220/6173 6318/2220/6171 6322/2220/6175
f 6321/2220/6174 6323/2220/6176 6319/2220/6172
f 6324/2220/6177 6320/2220/6173 6322/2220/6175
f 6323/2220/6176 6321/2220/6174 6325/2220/6178
f 6320/2220/6173 6324/2220/6177 6326/2220/6179
f 6327/2220/6180 6323/2220/6176 6325/2220/6178
f 6328/2220/6181 6326/2220/6179 6324/2220/6177
f 6323/2220/6176 6327/2220/6180 6329/2220/6182
f 6326/2220/6179 6328/2220/6181 6330/2220/6183
f 6327/2220/6180 6331/2220/6184 6329/2220/6182
f 6328/2220/6181 6332/2220/6185 6330/2220/6183
f 6331/2220/6184 6327/2220/6180 6333/2220/6186
f 6332/2220/6185 6328/2220/6181 6334/2220/6187
f 6335/2220/6188 6331/2220/6184 6333/2220/6186
f 6334/2220/6187 6336/2220/6189 6332/2220/6185
f 6331/2220/6184 6335/2220/6188 6337/2220/6190
f 6336/2220/6189 6334/2220/6187 6338/2220/6191
f 6339/2220/6192 6337/2220/6190 6335/2220/6188
f 6340/2220/6193 6336/2220/6189 6338/2220/6191
f 6337/2220/6190 6339/2220/6192 6341/2220/6194
f 6336/2220/6189 6340/2220/6193 6342/2220/6195
f 6343/2220/6196 6341/2220/6194 6339/2220/6192
f 6344/2220/6197 6342/2220/6195 6340/2220/6193
f 6341/2220/6194 6343/2220/6196 6345/2220/6198
f 6342/2220/6195 6344/2220/6197 6346/2220/6199
f 6347/2220/6200 6345/2220/6198 6343/2220/6196
f 6348/2220/6201 6346/2220/6199 6344/2220/6197
f 6345/2220/6198 6347/2220/6200 6348/2220/6201
f 6346/2220/6199 6348/2220/6201 6347/2220/6200
f 6349/2220/6202 6350/2220/6203 6351/2220/6204
f 6350/2220/6203 6352/2220/6205 6351/2220/6204
f 6350/2220/6203 6349/2220/6202 6353/2220/6206
f 6351/2220/6204 6352/2220/6205 6354/2220/6207
f 6355/2220/6208 6353/2220/6206 6349/2220/6202
f 6352/2220/6205 6356/2220/6209 6354/2220/6207
f 6353/2220/6206 6355/2220/6208 6357/2220/6210
f 6354/2220/6207 6356/2220/6209 6358/2220/6211
f 6359/2220/6212 6357/2220/6210 6355/2220/6208
f 6356/2220/6209 6360/2220/6213 6358/2220/6211
f 6359/2220/6212 6361/2220/6214 6357/2220/6210
f 6358/2220/6211 6360/2220/6213 6362/2220/6215
f 6361/2220/6214 6359/2220/6212 6363/2220/6216
f 6364/2220/6217 6362/2220/6215 6360/2220/6213
f 6365/2220/6218 6361/2220/6214 6363/2220/6216
f 6362/2220/6215 6364/2220/6217 6366/2220/6219
f 6361/2220/6214 6365/2220/6218 6367/2220/6220
f 6368/2220/6221 6366/2220/6219 6364/2220/6217
f 6369/2220/6222 6367/2220/6220 6365/2220/6218
f 6370/2220/6223 6366/2220/6219 6368/2220/6221
f 6367/2220/6220 6369/2220/6222 6371/2220/6224
f 6366/2220/6219 6370/2220/6223 6372/2220/6225
f 6369/2220/6222 6373/2220/6226 6371/2220/6224
f 6370/2220/6223 6374/2220/6227 6372/2220/6225
f 6375/2220/6228 6373/2220/6226 6369/2220/6222
f 6376/2220/6229 6374/2220/6227 6370/2220/6223
f 6377/2220/6230 6373/2220/6226 6375/2220/6228
f 6378/2220/6231 6374/2220/6227 6376/2220/6229
f 6379/2220/6232 6377/2220/6230 6375/2220/6228
f 6374/2220/6227 6378/2220/6231 6380/2220/6233
f 6381/2220/6234 6377/2220/6230 6379/2220/6232
f 6382/2220/6235 6380/2220/6233 6378/2220/6231
f 6377/2220/6230 6381/2220/6234 6383/2220/6236
f 6380/2220/6233 6382/2220/6235 6384/2220/6237
f 6385/2220/6238 6383/2220/6236 6381/2220/6234
f 6386/2220/6239 6384/2220/6237 6382/2220/6235
f 6383/2220/6236 6385/2220/6238 6387/2220/6240
f 6384/2220/6237 6386/2220/6239 6388/2220/6241
f 6389/2220/6242 6387/2220/6240 6385/2220/6238
f 6390/2220/6243 6388/2220/6241 6386/2220/6239
f 6387/2220/6240 6389/2220/6242 6390/2220/6243
f 6388/2220/6241 6390/2220/6243 6389/2220/6242
f 6391/2220/6244 6392/2220/6245 6393/2220/6246
f 6392/2220/6245 6391/2220/6244 6394/2220/6247
f 6393/2220/6246 6395/2220/6248 6391/2220/6244
f 6394/2220/6247 6396/2220/6249 6392/2220/6245
f 6397/2220/6250 6395/2220/6248 6393/2220/6246
f 6396/2220/6249 6394/2220/6247 6398/2220/6251
f 6395/2220/6248 6397/2220/6250 6399/2220/6252
f 6398/2220/6251 6400/2220/6253 6396/2220/6249
f 6399/2220/6252 6397/2220/6250 6401/2220/6254
f 6400/2220/6253 6398/2220/6251 6402/2220/6255
f 6399/2220/6252 6401/2220/6254 6403/2220/6256
f 6402/2220/6255 6404/2220/6257 6400/2220/6253
f 6405/2220/6258 6403/2220/6256 6401/2220/6254
f 6406/2220/6259 6404/2220/6257 6402/2220/6255
f 6403/2220/6256 6405/2220/6258 6407/2220/6260
f 6406/2220/6259 6408/2220/6261 6404/2220/6257
f 6405/2220/6258 6409/2220/6262 6407/2220/6260
f 6406/2220/6259 6410/2220/6263 6408/2220/6261
f 6409/2220/6262 6405/2220/6258 6411/2220/6264
f 6410/2220/6263 6406/2220/6259 6412/2220/6265
f 6411/2220/6264 6413/2220/6266 6409/2220/6262
f 6414/2220/6267 6410/2220/6263 6412/2220/6265
f 6413/2220/6266 6411/2220/6264 6415/2220/6268
f 6410/2220/6263 6414/2220/6267 6416/2220/6269
f 6413/2220/6266 6415/2220/6268 6417/2220/6270
f 6414/2220/6267 6418/2220/6271 6416/2220/6269
f 6417/2220/6270 6419/2220/6272 6413/2220/6266
f 6418/2220/6271 6414/2220/6267 6420/2220/6273
f 6419/2220/6272 6417/2220/6270 6421/2220/6274
f 6420/2220/6273 6422/2220/6275 6418/2220/6271
f 6421/2220/6274 6423/2220/6276 6419/2220/6272
f 6422/2220/6275 6420/2220/6273 6424/2220/6277
f 6421/2220/6274 6425/2220/6278 6423/2220/6276
f 6424/2220/6277 6426/2220/6279 6422/2220/6275
f 6425/2220/6278 6421/2220/6274 6427/2220/6280
f 6426/2220/6279 6424/2220/6277 6428/2220/6281
f 6427/2220/6280 6429/2220/6282 6425/2220/6278
f 6428/2220/6281 6430/2220/6283 6426/2220/6279
f 6429/2220/6282 6427/2220/6280 6431/2220/6284
f 6430/2220/6283 6428/2220/6281 6432/2220/6285
f 6431/2220/6284 6432/2220/6285 6429/2220/6282
f 6432/2220/6285 6431/2220/6284 6430/2220/6283
f 6433/2220/6286 6434/2220/6287 6435/2220/6288
f 6433/2220/6286 6435/2220/6288 6436/2220/6289
f 6433/2220/6286 6437/2220/6290 6434/2220/6287
f 6437/2220/6290 6433/2220/6286 6438/2220/6291
f 6438/2220/6291 6439/2220/6292 6437/2220/6290
f 6439/2220/6292 6438/2220/6291 6440/2220/6293
f 6439/2220/6292 6440/2220/6293 6441/2220/6294
f 6440/2220/6293 6442/2220/6295 6441/2220/6294
f 6443/2220/6296 6444/2220/6297 6445/2220/6298
f 6444/2220/6297 6446/2220/6299 6445/2220/6298
f 6447/2220/6300 6445/2220/6298 6446/2220/6299
f 6445/2220/6298 6447/2220/6300 6448/2220/6301
f 6449/2220/6302 6448/2220/6301 6447/2220/6300
f 6448/2220/6301 6449/2220/6302 6450/2220/6303
f 6449/2220/6302 6451/2220/6304 6450/2220/6303
f 6451/2220/6304 6452/2220/6305 6450/2220/6303
f 6453/2220/6306 6454/2220/6307 6455/2220/6308
f 6454/2220/6307 6453/2220/6306 6456/2220/6309
f 6457/2220/6310 6453/2220/6306 6455/2220/6308
f 6453/2220/6306 6457/2220/6310 6458/2220/6311
f 6459/2220/6312 6458/2220/6311 6457/2220/6310
f 6458/2220/6311 6459/2220/6312 6460/2220/6313
f 6459/2220/6312 6461/2220/6314 6460/2220/6313
f 6462/2220/6315 6460/2220/6313 6461/2220/6314
f 6463/2220/6316 6464/2220/6317 6465/2220/6318
f 6466/2220/6319 6465/2220/6318 6464/2220/6317
f 6464/2220/6317 6467/2220/6320 6466/2220/6319
f 6467/2220/6320 6464/2220/6317 6468/2220/6321
f 6468/2220/6321 6469/2220/6322 6467/2220/6320
f 6469/2220/6322 6468/2220/6321 6470/2220/6323
f 6471/2220/6324 6469/2220/6322 6470/2220/6323
f 6470/2220/6323 6472/2220/6325 6471/2220/6324
f 6473/2220/6326 6474/2220/6327 6475/2220/6328
f 6475/2220/6328 6476/2220/6329 6473/2220/6326
f 6477/2220/6330 6475/2220/6328 6474/2220/6327
f 6474/2220/6327 6478/2220/6331 6477/2220/6330
f 6477/2220/6330 6478/2220/6331 6479/2220/6332
f 6480/2220/6333 6481/2220/6334 6482/2220/6335
f 6483/2220/6334 6482/2220/6335 6481/2220/6334
f 6482/2220/6335 6484/2220/6336 6480/2220/6333
f 6484/2220/6336 6485/2220/6337 6480/2220/6333
f 6484/2220/6336 6486/2220/6338 6485/2220/6337
f 6487/2220/6339 6488/2220/6340 6489/2220/6341
f 6489/2220/6341 6488/2220/6340 6490/2220/6342
f 6489/2220/6341 6491/2220/6343 6487/2220/6339
f 6492/2220/6344 6487/2220/6339 6491/2220/6343
f 6491/2220/6343 6493/2220/6345 6492/2220/6344
f 6494/2220/6346 6495/2220/6347 6496/2220/6348
f 6494/2220/6346 6496/2220/6348 6497/2220/6349
f 6497/2220/6349 6498/2220/6350 6494/2220/6346
f 6497/2220/6349 6499/2220/6351 6498/2220/6350
f 6498/2220/6350 6499/2220/6351 6500/2220/6352
f 6501/2220/6353 6502/2220/6354 6503/2220/6355
f 6504/2220/6356 6503/2220/6355 6502/2220/6354
f 6503/2220/6355 6504/2220/6356 6505/2220/6357
f 6503/2220/6355 6506/2220/6358 6501/2220/6353
f 6507/2220/6359 6501/2220/6353 6506/2220/6358
f 6506/2220/6358 6508/2220/6360 6507/2220/6359
f 6509/2220/6361 6507/2220/6359 6508/2220/6360
f 6508/2220/6360 6510/2220/6362 6509/2220/6361
f 6510/2220/6362 6508/2220/6360 6511/2220/6363
f 6510/2220/6362 6511/2220/6363 6512/2220/6364
f 6513/2220/6365 6512/2220/6364 6511/2220/6363
f 6512/2220/6364 6513/2220/6365 6514/2220/6366
f 6513/2220/6365 6515/2220/6367 6514/2220/6366
f 6515/2220/6367 6513/2220/6365 6516/2220/6368
f 6517/2220/6369 6518/2220/6370 6519/2220/6371
f 6517/2220/6369 6520/2220/6372 6518/2220/6370
f 6520/2220/6372 6517/2220/6369 6521/2220/6373
f 6517/2220/6369 6519/2220/6371 6522/2220/6374
f 6523/2220/6375 6522/2220/6374 6519/2220/6371
f 6523/2220/6375 6524/2220/6376 6522/2220/6374
f 6524/2220/6376 6523/2220/6375 6525/2220/6377
f 6526/2220/6378 6524/2220/6376 6525/2220/6377
f 6527/2220/6379 6524/2220/6376 6526/2220/6378
f 6526/2220/6378 6528/2220/6380 6527/2220/6379
f 6529/2220/6381 6527/2220/6379 6528/2220/6380
f 6529/2220/6381 6528/2220/6380 6530/2220/6382
f 6531/2220/6383 6529/2220/6381 6530/2220/6382
f 6529/2220/6381 6531/2220/6383 6532/2220/6384
f 6533/2220/6385 6534/2220/6386 6535/2220/6387
f 6536/2220/6388 6535/2220/6387 6534/2220/6386
f 6537/2220/6389 6536/2220/6388 6534/2220/6386
f 6535/2220/6387 6536/2220/6388 6538/2220/6390
f 6539/2220/6391 6537/2220/6389 6534/2220/6386
f 6540/2220/6392 6535/2220/6387 6538/2220/6390
f 6533/2220/6385 6539/2220/6391 6534/2220/6386
f 6537/2220/6389 6539/2220/6391 6541/2220/6393
f 6541/2220/6393 6539/2220/6391 6542/2220/6394
f 6539/2220/6391 6543/2220/6395 6542/2220/6394
f 6535/2220/6387 6540/2220/6392 6544/2220/6396
f 6544/2220/6396 6540/2220/6392 6545/2220/6397
f 6535/2220/6387 6544/2220/6396 6546/2220/6398
f 6533/2220/6385 6535/2220/6387 6546/2220/6398
f 6545/2220/6397 6540/2220/6392 6547/2220/6399
f 6547/2220/6399 6548/2220/6400 6545/2220/6397
f 6548/2220/6400 6547/2220/6399 6549/2220/6401
f 6546/2220/6398 6550/2220/6402 6533/2220/6385
f 6539/2220/6391 6533/2220/6385 6551/2220/6403
f 6550/2220/6402 6551/2220/6403 6533/2220/6385
f 6539/2220/6391 6551/2220/6403 6543/2220/6395
f 6550/2220/6402 6552/2220/6404 6551/2220/6403
f 6543/2220/6395 6551/2220/6403 6553/2220/6405
f 6551/2220/6403 6552/2220/6404 6553/2220/6405
f 6554/2220/6406 6555/2220/6407 6556/2220/6408
f 6554/2220/6406 6556/2220/6408 6557/2220/6409
f 6558/2220/6410 6554/2220/6406 6557/2220/6409
f 6557/2220/6409 6556/2220/6408 6559/2220/6411
f 6558/2220/6410 6560/2220/6412 6554/2220/6406
f 6560/2220/6412 6555/2220/6407 6554/2220/6406
f 6560/2220/6412 6558/2220/6410 6561/2220/6413
f 6561/2220/6413 6562/2220/6414 6560/2220/6412
f 6559/2220/6411 6556/2220/6408 6563/2220/6415
f 6564/2220/6416 6560/2220/6412 6562/2220/6414
f 6556/2220/6408 6555/2220/6407 6565/2220/6417
f 6556/2220/6408 6565/2220/6417 6566/2220/6418
f 6563/2220/6415 6556/2220/6408 6566/2220/6418
f 6555/2220/6407 6567/2220/6419 6565/2220/6417
f 6568/2220/6420 6563/2220/6415 6566/2220/6418
f 6569/2220/6421 6563/2220/6415 6568/2220/6420
f 6570/2220/6422 6569/2220/6421 6568/2220/6420
f 6571/2220/6423 6569/2220/6421 6570/2220/6422
f 6555/2220/6407 6572/2220/6424 6567/2220/6419
f 6560/2220/6412 6572/2220/6424 6555/2220/6407
f 6564/2220/6416 6572/2220/6424 6560/2220/6412
f 6572/2220/6424 6573/2220/6425 6567/2220/6419
f 6572/2220/6424 6564/2220/6416 6574/2220/6426
f 6572/2220/6424 6574/2220/6426 6573/2220/6425
f 6575/2220/6427 6576/2220/6428 6577/2220/6429
f 6578/2220/6430 6577/2220/6429 6576/2220/6428
f 6575/2220/6427 6579/2220/6431 6576/2220/6428
f 6578/2220/6430 6580/2220/6432 6577/2220/6429
f 6580/2220/6432 6578/2220/6430 6581/2220/6433
f 6581/2220/6433 6582/2220/6434 6580/2220/6432
f 6583/2220/6435 6580/2220/6432 6582/2220/6434
f 6575/2220/6427 6584/2220/6436 6579/2220/6431
f 6585/2220/6437 6580/2220/6432 6583/2220/6435
f 6585/2220/6437 6583/2220/6435 6586/2220/6438
f 6585/2220/6437 6586/2220/6438 6587/2220/6439
f 6588/2220/6440 6585/2220/6437 6587/2220/6439
f 6589/2220/6441 6580/2220/6432 6585/2220/6437
f 6585/2220/6437 6588/2220/6440 6589/2220/6441
f 6589/2220/6441 6577/2220/6429 6580/2220/6432
f 6575/2220/6427 6577/2220/6429 6589/2220/6441
f 6590/2220/6442 6589/2220/6441 6588/2220/6440
f 6589/2220/6441 6590/2220/6442 6575/2220/6427
f 6591/2220/6443 6575/2220/6427 6590/2220/6442
f 6575/2220/6427 6591/2220/6443 6584/2220/6436
f 6584/2220/6436 6591/2220/6443 6592/2220/6444
f 6584/2220/6436 6592/2220/6444 6593/2220/6445
f 6592/2220/6444 6594/2220/6446 6593/2220/6445
f 6594/2220/6446 6595/2220/6447 6593/2220/6445
f 6596/2220/6448 6597/2220/6449 6598/2220/6450
f 6599/2220/6451 6596/2220/6448 6598/2220/6450
f 6600/2220/6452 6597/2220/6449 6596/2220/6448
f 6600/2220/6452 6601/2220/6453 6597/2220/6449
f 6602/2220/6454 6599/2220/6451 6598/2220/6450
f 6599/2220/6451 6602/2220/6454 6603/2220/6455
f 6603/2220/6455 6602/2220/6454 6604/2220/6456
f 6605/2220/6457 6604/2220/6456 6602/2220/6454
f 6601/2220/6453 6606/2220/6458 6597/2220/6449
f 6607/2220/6459 6606/2220/6458 6601/2220/6453
f 6607/2220/6459 6601/2220/6453 6608/2220/6460
f 6609/2220/6461 6607/2220/6459 6608/2220/6460
f 6608/2220/6460 6610/2220/6462 6609/2220/6461
f 6597/2220/6449 6606/2220/6458 6611/2220/6463
f 6597/2220/6449 6611/2220/6463 6612/2220/6464
f 6612/2220/6464 6598/2220/6450 6597/2220/6449
f 6598/2220/6450 6612/2220/6464 6602/2220/6454
f 6612/2220/6464 6611/2220/6463 6613/2220/6465
f 6614/2220/6466 6602/2220/6454 6612/2220/6464
f 6612/2220/6464 6613/2220/6465 6614/2220/6466
f 6614/2220/6466 6605/2220/6457 6602/2220/6454
f 6614/2220/6466 6613/2220/6465 6615/2220/6467
f 6605/2220/6457 6614/2220/6466 6616/2220/6468
f 6614/2220/6466 6615/2220/6467 6616/2220/6468
f 6617/2220/6469 6618/2220/6470 6619/2220/6471
f 6620/2220/6472 6619/2220/6471 6618/2220/6470
f 6619/2220/6471 6620/2220/6472 6621/2220/6473
f 6618/2220/6470 6617/2220/6469 6622/2220/6474
f 6623/2220/6475 6619/2220/6471 6621/2220/6473
f 6624/2220/6476 6617/2220/6469 6619/2220/6471
f 6619/2220/6471 6623/2220/6475 6624/2220/6476
f 6617/2220/6469 6624/2220/6476 6625/2220/6477
f 6626/2220/6478 6622/2220/6474 6617/2220/6469
f 6625/2220/6477 6626/2220/6478 6617/2220/6469
f 6622/2220/6474 6626/2220/6478 6627/2220/6479
f 6624/2220/6476 6628/2220/6480 6625/2220/6477
f 6628/2220/6480 6626/2220/6478 6625/2220/6477
f 6628/2220/6480 6624/2220/6476 6629/2220/6481
f 6623/2220/6475 6629/2220/6481 6624/2220/6476
f 6628/2220/6480 6630/2220/6482 6626/2220/6478
f 6630/2220/6482 6631/2220/6483 6626/2220/6478
f 6631/2220/6483 6630/2220/6482 6632/2220/6484
f 6630/2220/6482 6628/2220/6480 6633/2220/6485
f 6633/2220/6485 6632/2220/6484 6630/2220/6482
f 6629/2220/6481 6633/2220/6485 6628/2220/6480
f 6632/2220/6484 6633/2220/6485 6634/2220/6486
f 6634/2220/6486 6633/2220/6485 6635/2220/6487
f 6636/2220/6488 6635/2220/6487 6633/2220/6485
f 6633/2220/6485 6629/2220/6481 6636/2220/6488
f 6637/2220/6489 6635/2220/6487 6636/2220/6488
f 6636/2220/6488 6638/2220/6490 6637/2220/6489
f 6639/2220/6491 6636/2220/6488 6629/2220/6481
f 6638/2220/6490 6636/2220/6488 6639/2220/6491
f 6623/2220/6475 6639/2220/6491 6629/2220/6481
f 6640/2220/6492 6638/2220/6490 6639/2220/6491
f 6639/2220/6491 6623/2220/6475 6640/2220/6492
f 6638/2220/6490 6640/2220/6492 6641/2220/6493
f 6640/2220/6492 6623/2220/6475 6642/2220/6494
f 6621/2220/6473 6642/2220/6494 6623/2220/6475
f 6642/2220/6494 6621/2220/6473 6643/2220/6495
f 6642/2220/6494 6643/2220/6495 6644/2220/6496
f 6644/2220/6496 6640/2220/6492 6642/2220/6494
f 6645/2220/6497 6644/2220/6496 6643/2220/6495
f 6640/2220/6492 6646/2220/6498 6641/2220/6493
f 6644/2220/6496 6646/2220/6498 6640/2220/6492
f 6644/2220/6496 6645/2220/6497 6647/2220/6499
f 6646/2220/6498 6644/2220/6496 6647/2220/6499
f 6645/2220/6497 6648/2220/6500 6647/2220/6499
f 6649/2220/6501 6641/2220/6493 6646/2220/6498
f 6646/2220/6498 6647/2220/6499 6649/2220/6501
f 6648/2220/6500 6649/2220/6501 6647/2220/6499
f 6641/2220/6493 6649/2220/6501 6650/2220/6502
f 6648/2220/6500 6645/2220/6497 6651/2220/6503
f 6652/2220/6504 6650/2220/6502 6649/2220/6501
f 6649/2220/6501 6648/2220/6500 6652/2220/6504
f 6650/2220/6502 6652/2220/6504 6653/2220/6505
f 6651/2220/6503 6654/2220/6506 6648/2220/6500
f 6654/2220/6506 6652/2220/6504 6648/2220/6500
f 6651/2220/6503 6655/2220/6507 6654/2220/6506
f 6656/2220/6508 6653/2220/6505 6652/2220/6504
f 6652/2220/6504 6654/2220/6506 6656/2220/6508
f 6653/2220/6505 6656/2220/6508 6657/2220/6509
f 6654/2220/6506 6655/2220/6507 6658/2220/6510
f 6656/2220/6508 6654/2220/6506 6658/2220/6510
f 6659/2220/6511 6658/2220/6510 6655/2220/6507
f 6659/2220/6511 6657/2220/6509 6656/2220/6508
f 6658/2220/6510 6659/2220/6511 6656/2220/6508
f 6660/2220/6512 6661/2220/6513 6662/2220/6514
f 6660/2220/6512 6662/2220/6514 6663/2220/6515
f 6661/2220/6513 6660/2220/6512 6664/2220/6516
f 6665/2220/6517 6660/2220/6512 6663/2220/6515
f 6666/2220/6518 6665/2220/6517 6663/2220/6515
f 6667/2220/6519 6665/2220/6517 6666/2220/6518
f 6668/2220/6520 6661/2220/6513 6664/2220/6516
f 6664/2220/6516 6669/2220/6521 6668/2220/6520
f 6670/2220/6522 6668/2220/6520 6669/2220/6521
f 6670/2220/6522 6669/2220/6521 6671/2220/6523
f 6672/2220/6524 6673/2220/6525 6674/2220/6526
f 6674/2220/6526 6675/2220/6527 6672/2220/6524
f 6672/2220/6524 6675/2220/6527 6676/2220/6528
f 6676/2220/6528 6675/2220/6527 6677/2220/6529
f 6678/2220/6530 6676/2220/6528 6677/2220/6529
f 6676/2220/6528 6678/2220/6530 6679/2220/6531
f 6678/2220/6530 6680/2220/6532 6679/2220/6531
f 6679/2220/6531 6680/2220/6532 6681/2220/6533
f 6680/2220/6532 6682/2220/6534 6681/2220/6533
f 6683/2220/6535 6681/2220/6533 6682/2220/6534
f 6684/2220/6536 6685/2220/6537 6686/2220/6538
f 6687/2220/6539 6685/2220/6537 6688/2220/6540
f 6688/2220/6540 6689/2220/6541 6687/2220/6539
f 6689/2220/6541 6688/2220/6540 6690/2220/6542
f 6691/2220/6543 6690/2220/6542 6688/2220/6540
f 6688/2220/6540 6685/2220/6537 6691/2220/6543
f 6691/2220/6543 6692/2220/6544 6690/2220/6542
f 6685/2220/6537 6684/2220/6536 6693/2220/6545
f 6693/2220/6545 6691/2220/6543 6685/2220/6537
f 6684/2220/6536 6694/2220/6546 6693/2220/6545
f 6691/2220/6543 6693/2220/6545 6695/2220/6547
f 6692/2220/6544 6691/2220/6543 6695/2220/6547
f 6694/2220/6546 6695/2220/6547 6693/2220/6545
f 6694/2220/6546 6684/2220/6536 6696/2220/6548
f 6697/2220/6549 6692/2220/6544 6695/2220/6547
f 6694/2220/6546 6697/2220/6549 6695/2220/6547
f 6698/2220/6550 6692/2220/6544 6697/2220/6549
f 6696/2220/6548 6699/2220/6551 6694/2220/6546
f 6699/2220/6551 6697/2220/6549 6694/2220/6546
f 6699/2220/6551 6696/2220/6548 6700/2220/6552
f 6697/2220/6549 6701/2220/6553 6698/2220/6550
f 6697/2220/6549 6699/2220/6551 6701/2220/6553
f 6702/2220/6554 6698/2220/6550 6701/2220/6553
f 6702/2220/6554 6701/2220/6553 6703/2220/6555
f 6703/2220/6555 6704/2220/6556 6702/2220/6554
f 6705/2220/6557 6701/2220/6553 6699/2220/6551
f 6701/2220/6553 6705/2220/6557 6703/2220/6555
f 6700/2220/6552 6705/2220/6557 6699/2220/6551
f 6705/2220/6557 6704/2220/6556 6703/2220/6555
f 6705/2220/6557 6700/2220/6552 6706/2220/6558
f 6705/2220/6557 6706/2220/6558 6704/2220/6556
f 6707/2220/6559 6708/2220/6560 6709/2220/6561
f 6710/2220/6562 6709/2220/6561 6711/2220/6563
f 6711/2220/6563 6712/2220/6564 6710/2220/6562
f 6712/2220/6564 6711/2220/6563 6713/2220/6565
f 6714/2220/6566 6713/2220/6565 6711/2220/6563
f 6711/2220/6563 6709/2220/6561 6714/2220/6566
f 6714/2220/6566 6715/2220/6567 6713/2220/6565
f 6709/2220/6561 6708/2220/6560 6716/2220/6568
f 6716/2220/6568 6714/2220/6566 6709/2220/6561
f 6708/2220/6560 6717/2220/6569 6716/2220/6568
f 6714/2220/6566 6716/2220/6568 6718/2220/6570
f 6715/2220/6567 6714/2220/6566 6718/2220/6570
f 6717/2220/6569 6718/2220/6570 6716/2220/6568
f 6717/2220/6569 6708/2220/6560 6719/2220/6571
f 6715/2220/6567 6718/2220/6570 6720/2220/6572
f 6717/2220/6569 6720/2220/6572 6718/2220/6570
f 6721/2220/6573 6715/2220/6567 6720/2220/6572
f 6719/2220/6571 6722/2220/6574 6717/2220/6569
f 6722/2220/6574 6720/2220/6572 6717/2220/6569
f 6722/2220/6574 6719/2220/6571 6723/2220/6575
f 6724/2220/6576 6721/2220/6573 6720/2220/6572
f 6720/2220/6572 6722/2220/6574 6724/2220/6576
f 6721/2220/6573 6724/2220/6576 6725/2220/6577
f 6726/2220/6578 6725/2220/6577 6724/2220/6576
f 6725/2220/6577 6726/2220/6578 6727/2220/6579
f 6728/2220/6580 6724/2220/6576 6722/2220/6574
f 6723/2220/6575 6728/2220/6580 6722/2220/6574
f 6724/2220/6576 6728/2220/6580 6726/2220/6578
f 6726/2220/6578 6728/2220/6580 6727/2220/6579
f 6728/2220/6580 6723/2220/6575 6729/2220/6581
f 6727/2220/6579 6728/2220/6580 6729/2220/6581
f 6730/2220/6582 6731/2220/6583 6732/2220/6584
f 6732/2220/6584 6733/2220/6585 6734/2220/6586
f 6735/2220/6587 6734/2220/6586 6733/2220/6585
f 6734/2220/6586 6735/2220/6587 6736/2220/6588
f 6736/2220/6588 6737/2220/6589 6734/2220/6586
f 6737/2220/6589 6732/2220/6584 6734/2220/6586
f 6738/2220/6590 6737/2220/6589 6736/2220/6588
f 6730/2220/6582 6732/2220/6584 6739/2220/6591
f 6737/2220/6589 6739/2220/6591 6732/2220/6584
f 6737/2220/6589 6738/2220/6590 6740/2220/6592
f 6739/2220/6591 6737/2220/6589 6740/2220/6592
f 6738/2220/6590 6741/2220/6593 6740/2220/6592
f 6742/2220/6594 6730/2220/6582 6739/2220/6591
f 6739/2220/6591 6740/2220/6592 6742/2220/6594
f 6741/2220/6593 6742/2220/6594 6740/2220/6592
f 6730/2220/6582 6742/2220/6594 6743/2220/6595
f 6738/2220/6590 6744/2220/6596 6741/2220/6593
f 6745/2220/6597 6743/2220/6595 6742/2220/6594
f 6742/2220/6594 6741/2220/6593 6745/2220/6597
f 6743/2220/6595 6745/2220/6597 6746/2220/6598
f 6741/2220/6593 6744/2220/6596 6747/2220/6599
f 6747/2220/6599 6745/2220/6597 6741/2220/6593
f 6744/2220/6596 6748/2220/6600 6747/2220/6599
f 6749/2220/6601 6746/2220/6598 6745/2220/6597
f 6745/2220/6597 6747/2220/6599 6749/2220/6601
f 6746/2220/6598 6749/2220/6601 6750/2220/6602
f 6748/2220/6600 6751/2220/6603 6747/2220/6599
f 6749/2220/6601 6747/2220/6599 6751/2220/6603
f 6751/2220/6603 6748/2220/6600 6752/2220/6604
f 6750/2220/6602 6749/2220/6601 6752/2220/6604
f 6752/2220/6604 6749/2220/6601 6751/2220/6603
f 6753/2220/6605 6754/2220/6606 6755/2220/6607
f 6754/2220/6606 6753/2220/6605 6756/2220/6608
f 6754/2220/6606 6756/2220/6608 6757/2220/6609
f 6756/2220/6608 6758/2220/6610 6757/2220/6609
f 6759/2220/6611 6758/2220/6610 6756/2220/6608
f 6758/2220/6610 6759/2220/6611 6760/2220/6612
f 6760/2220/6612 6761/2220/6613 6758/2220/6610
f 6761/2220/6613 6760/2220/6612 6762/2220/6607
f 6763/2220/6614 6764/2220/6615 6765/2220/6616
f 6766/2220/6617 6765/2220/6616 6764/2220/6615
f 6763/2220/6614 6765/2220/6616 6767/2220/6618
f 6765/2220/6616 6766/2220/6617 6768/2220/6619
f 6767/2220/6618 6769/2220/6620 6763/2220/6614
f 6770/2220/6621 6768/2220/6619 6766/2220/6617
f 6767/2220/6618 6771/2220/6622 6769/2220/6620
f 6770/2220/6621 6766/2220/6617 6772/2220/6623
f 6773/2220/6624 6769/2220/6620 6771/2220/6622
f 6774/2220/6625 6770/2220/6621 6772/2220/6623
f 6769/2220/6620 6773/2220/6624 6775/2220/6626
f 6770/2220/6621 6774/2220/6625 6776/2220/6627
f 6777/2220/6628 6775/2220/6626 6773/2220/6624
f 6778/2220/6629 6776/2220/6627 6774/2220/6625
f 6773/2220/6624 6779/2220/6630 6777/2220/6628
f 6776/2220/6627 6778/2220/6629 6780/2220/6631
f 6781/2220/6632 6777/2220/6628 6779/2220/6630
f 6781/2220/6632 6780/2220/6631 6778/2220/6629
f 6777/2220/6628 6781/2220/6632 6782/2220/6633
f 6781/2220/6632 6778/2220/6629 6782/2220/6633
f 6783/2220/6634 6784/2220/6635 6785/2220/6636
f 6785/2220/6636 6786/2220/6637 6783/2220/6634
f 6786/2220/6637 6785/2220/6636 6689/2220/6541
f 6784/2220/6635 6783/2220/6634 6787/2220/6638
f 6787/2220/6638 6788/2220/6639 6784/2220/6635
f 6788/2220/6639 6787/2220/6638 6789/2220/6640
f 6788/2220/6639 6790/2220/6641 6784/2220/6635
f 6784/2220/6635 6791/2220/6642 6785/2220/6636
f 6791/2220/6642 6784/2220/6635 6790/2220/6641
f 6785/2220/6636 6687/2220/6539 6689/2220/6541
f 6687/2220/6539 6785/2220/6636 6791/2220/6642
f 6788/2220/6639 6792/2220/6643 6790/2220/6641
f 6792/2220/6643 6791/2220/6642 6790/2220/6641
f 6793/2220/6644 6792/2220/6643 6788/2220/6639
f 6794/2220/6645 6793/2220/6644 6788/2220/6639
f 6793/2220/6644 6794/2220/6645 6795/2220/6646
f 6795/2220/6646 6796/2220/6647 6793/2220/6644
f 6796/2220/6647 6792/2220/6643 6793/2220/6644
f 6796/2220/6647 6795/2220/6646 6797/2220/6648
f 6796/2220/6647 6797/2220/6648 6798/2220/6649
f 6791/2220/6642 6792/2220/6643 6799/2220/6650
f 6796/2220/6647 6799/2220/6650 6792/2220/6643
f 6791/2220/6642 6799/2220/6650 6687/2220/6539
f 6798/2220/6649 6800/2220/6651 6796/2220/6647
f 6799/2220/6650 6796/2220/6647 6800/2220/6651
f 6798/2220/6649 6801/2220/6652 6800/2220/6651
f 6801/2220/6652 6686/2220/6538 6800/2220/6651
f 6800/2220/6651 6802/2220/6653 6799/2220/6650
f 6802/2220/6653 6687/2220/6539 6799/2220/6650
f 6802/2220/6653 6800/2220/6651 6686/2220/6538
f 6686/2220/6538 6685/2220/6537 6802/2220/6653
f 6685/2220/6537 6687/2220/6539 6802/2220/6653
f 6803/2220/6654 6804/2220/6655 6805/2220/6656
f 6805/2220/6656 6806/2220/6657 6803/2220/6654
f 6806/2220/6657 6805/2220/6656 6712/2220/6564
f 6804/2220/6655 6803/2220/6654 6807/2220/6658
f 6807/2220/6658 6808/2220/6659 6804/2220/6655
f 6808/2220/6659 6807/2220/6658 6809/2220/6660
f 6810/2220/6661 6804/2220/6655 6808/2220/6659
f 6805/2220/6656 6804/2220/6655 6811/2220/6662
f 6811/2220/6662 6804/2220/6655 6810/2220/6661
f 6712/2220/6564 6805/2220/6656 6710/2220/6562
f 6710/2220/6562 6805/2220/6656 6811/2220/6662
f 6810/2220/6661 6808/2220/6659 6812/2220/6663
f 6812/2220/6663 6811/2220/6662 6810/2220/6661
f 6813/2220/6664 6812/2220/6663 6808/2220/6659
f 6814/2220/6665 6813/2220/6664 6808/2220/6659
f 6813/2220/6664 6814/2220/6665 6815/2220/6666
f 6815/2220/6666 6816/2220/6667 6813/2220/6664
f 6812/2220/6663 6813/2220/6664 6816/2220/6667
f 6816/2220/6667 6815/2220/6666 6817/2220/6668
f 6818/2220/6669 6816/2220/6667 6817/2220/6668
f 6811/2220/6662 6812/2220/6663 6819/2220/6670
f 6812/2220/6663 6816/2220/6667 6819/2220/6670
f 6811/2220/6662 6819/2220/6670 6710/2220/6562
f 6816/2220/6667 6818/2220/6669 6820/2220/6671
f 6820/2220/6671 6819/2220/6670 6816/2220/6667
f 6821/2220/6672 6820/2220/6671 6818/2220/6669
f 6707/2220/6559 6820/2220/6671 6821/2220/6672
f 6820/2220/6671 6822/2220/6673 6819/2220/6670
f 6707/2220/6559 6822/2220/6673 6820/2220/6671
f 6822/2220/6673 6710/2220/6562 6819/2220/6670
f 6822/2220/6673 6707/2220/6559 6709/2220/6561
f 6709/2220/6561 6710/2220/6562 6822/2220/6673
f 6823/2220/6674 6824/2220/6675 6825/2220/6676
f 6825/2220/6676 6826/2220/6677 6827/2220/6678
f 6826/2220/6677 6825/2220/6676 6824/2220/6675
f 6824/2220/6675 6823/2220/6674 6828/2220/6679
f 6829/2220/6680 6828/2220/6679 6823/2220/6674
f 6828/2220/6679 6829/2220/6680 6735/2220/6587
f 6824/2220/6675 6830/2220/6681 6826/2220/6677
f 6831/2220/6682 6824/2220/6675 6828/2220/6679
f 6830/2220/6681 6824/2220/6675 6831/2220/6682
f 6733/2220/6585 6828/2220/6679 6735/2220/6587
f 6828/2220/6679 6733/2220/6585 6831/2220/6682
f 6831/2220/6682 6832/2220/6683 6830/2220/6681
f 6832/2220/6683 6826/2220/6677 6830/2220/6681
f 6832/2220/6683 6831/2220/6682 6833/2220/6684
f 6733/2220/6585 6833/2220/6684 6831/2220/6682
f 6832/2220/6683 6834/2220/6685 6826/2220/6677
f 6835/2220/6686 6826/2220/6677 6834/2220/6685
f 6834/2220/6685 6836/2220/6687 6835/2220/6686
f 6832/2220/6683 6837/2220/6688 6834/2220/6685
f 6837/2220/6688 6836/2220/6687 6834/2220/6685
f 6833/2220/6684 6837/2220/6688 6832/2220/6683
f 6836/2220/6687 6837/2220/6688 6838/2220/6689
f 6838/2220/6689 6837/2220/6688 6839/2220/6690
f 6839/2220/6690 6837/2220/6688 6840/2220/6691
f 6837/2220/6688 6833/2220/6684 6840/2220/6691
f 6839/2220/6690 6840/2220/6691 6841/2220/6692
f 6841/2220/6692 6840/2220/6691 6731/2220/6583
f 6840/2220/6691 6833/2220/6684 6842/2220/6693
f 6840/2220/6691 6842/2220/6693 6731/2220/6583
f 6733/2220/6585 6842/2220/6693 6833/2220/6684
f 6731/2220/6583 6842/2220/6693 6732/2220/6584
f 6842/2220/6693 6733/2220/6585 6732/2220/6584
f 6843/2220/6694 6844/2220/6695 6845/2220/6696
f 6844/2220/6695 6843/2220/6694 6846/2220/6697
f 6847/2220/6698 6844/2220/6695 6846/2220/6697
f 6846/2220/6697 6848/2220/6699 6847/2220/6698
f 6847/2220/6698 6849/2220/6700 6844/2220/6695
f 6849/2220/6700 6845/2220/6696 6844/2220/6695
f 6849/2220/6700 6847/2220/6698 6850/2220/6701
f 6849/2220/6700 6851/2220/6702 6845/2220/6696
f 6850/2220/6701 6851/2220/6702 6849/2220/6700
f 6845/2220/6696 6851/2220/6702 6852/2220/6703
f 6853/2220/6704 6852/2220/6703 6851/2220/6702
f 6851/2220/6702 6850/2220/6701 6854/2220/6705
f 6851/2220/6702 6855/2220/6706 6853/2220/6704
f 6854/2220/6705 6855/2220/6706 6851/2220/6702
f 6855/2220/6706 6854/2220/6705 6856/2220/6707
f 6857/2220/6708 6858/2220/6709 6859/2220/6710
f 6860/2220/6711 6861/2220/6712 6858/2220/6709
f 6857/2220/6708 6860/2220/6711 6858/2220/6709
f 6862/2220/6713 6860/2220/6711 6857/2220/6708
f 6863/2220/6714 6862/2220/6713 6857/2220/6708
f 6857/2220/6708 6864/2220/6715 6863/2220/6714
f 6857/2220/6708 6859/2220/6710 6865/2220/6716
f 6864/2220/6715 6857/2220/6708 6865/2220/6716
f 6866/2220/6717 6865/2220/6716 6859/2220/6710
f 6867/2220/6718 6864/2220/6715 6865/2220/6716
f 6866/2220/6717 6867/2220/6718 6865/2220/6716
f 6867/2220/6718 6868/2220/6719 6864/2220/6715
f 6867/2220/6718 6869/2220/6720 6868/2220/6719
f 6866/2220/6717 6869/2220/6720 6867/2220/6718
f 6869/2220/6720 6866/2220/6717 6870/2220/6721
f 6871/2220/6722 6872/2220/6723 6873/2220/6724
f 6871/2220/6722 6873/2220/6724 6874/2220/6725
f 6873/2220/6724 6875/2220/6726 6874/2220/6725
f 6876/2220/6727 6875/2220/6726 6873/2220/6724
f 6872/2220/6723 6876/2220/6727 6873/2220/6724
f 6875/2220/6726 6876/2220/6727 6877/2220/6728
f 6876/2220/6727 6872/2220/6723 6878/2220/6729
f 6872/2220/6723 6871/2220/6722 6879/2220/6730
f 6879/2220/6730 6878/2220/6729 6872/2220/6723
f 6871/2220/6722 6880/2220/6731 6879/2220/6730
f 6881/2220/6732 6879/2220/6730 6880/2220/6731
f 6878/2220/6729 6879/2220/6730 6882/2220/6733
f 6883/2220/6734 6879/2220/6730 6881/2220/6732
f 6883/2220/6734 6882/2220/6733 6879/2220/6730
f 6882/2220/6733 6883/2220/6734 6884/2220/6735
f 6885/2220/6736 6886/2220/6737 6887/2220/6738
f 6885/2220/6736 6888/2220/6739 6886/2220/6737
f 6889/2220/6740 6887/2220/6738 6886/2220/6737
f 6890/2220/6741 6889/2220/6740 6891/2220/6742
f 6889/2220/6740 6890/2220/6741 6887/2220/6738
f 6887/2220/6738 6890/2220/6741 6892/2220/6743
f 6887/2220/6738 6892/2220/6743 6893/2220/6744
f 6887/2220/6738 6893/2220/6744 6894/2220/6745
f 6887/2220/6738 6894/2220/6745 6885/2220/6736
f 6894/2220/6745 6895/2220/6746 6885/2220/6736
f 6888/2220/6739 6885/2220/6736 6895/2220/6746
f 6895/2220/6746 6894/2220/6745 6896/2220/6747
f 6895/2220/6746 6896/2220/6747 6897/2220/6748
f 6897/2220/6748 6888/2220/6739 6895/2220/6746
f 6888/2220/6739 6897/2220/6748 6898/2220/6749
f 6899/2220/6750 6900/2220/6751 6901/2220/6752
f 6902/2220/6753 6901/2220/6752 6900/2220/6751
f 6900/2220/6751 6903/2220/6754 6902/2220/6753
f 6904/2220/6755 6902/2220/6753 6903/2220/6754
f 6903/2220/6754 6905/2220/6756 6904/2220/6755
f 6904/2220/6755 6905/2220/6756 6906/2220/6757
f 6907/2220/6758 6908/2220/6759 6909/2220/6760
f 6908/2220/6759 6907/2220/6758 6910/2220/6761
f 6911/2220/6762 6908/2220/6759 6910/2220/6761
f 6911/2220/6762 6910/2220/6761 6912/2220/6763
f 6913/2220/6764 6911/2220/6762 6912/2220/6763
f 6913/2220/6764 6912/2220/6763 6914/2220/6765
f 6915/2220/6766 6916/2220/6767 6917/2220/6768
f 6916/2220/6767 6915/2220/6766 6918/2220/6769
f 6917/2220/6768 6919/2220/6770 6915/2220/6766
f 6917/2220/6768 6920/2220/6771 6919/2220/6770
f 6920/2220/6771 6921/2220/6772 6919/2220/6770
f 6920/2220/6771 6922/2220/6773 6921/2220/6772
f 6923/2220/6774 6924/2220/6775 6925/2220/6776
f 6924/2220/6775 6923/2220/6774 6926/2220/6777
f 6927/2220/6778 6926/2220/6777 6923/2220/6774
f 6926/2220/6777 6927/2220/6778 6928/2220/6779
f 6929/2220/6780 6928/2220/6779 6927/2220/6778
f 6928/2220/6779 6929/2220/6780 6930/2220/6781
f 6931/2220/6782 6932/2220/6783 6933/2220/6784
f 6932/2220/6783 6934/2220/6785 6933/2220/6784
f 6931/2220/6782 6935/2220/6786 6932/2220/6783
f 6935/2220/6786 6931/2220/6782 6936/2220/6787
f 6935/2220/6786 6936/2220/6787 6937/2220/6788
f 6938/2220/6789 6939/2220/6790 6940/2220/6791
f 6939/2220/6790 6941/2220/6792 6940/2220/6791
f 6939/2220/6790 6938/2220/6789 6942/2220/6793
f 6942/2220/6793 6938/2220/6789 6943/2220/6794
f 6942/2220/6793 6943/2220/6794 6944/2220/6795
f 6945/2220/6796 6946/2220/6797 6947/2220/6798
f 6947/2220/6798 6948/2220/6799 6945/2220/6796
f 6948/2220/6799 6949/2220/6800 6945/2220/6796
f 6946/2220/6797 6945/2220/6796 6950/2220/6801
f 6950/2220/6801 6951/2220/6802 6946/2220/6797
f 6951/2220/6802 6950/2220/6801 6952/2220/6803
f 6953/2220/6804 6954/2220/6805 6955/2220/6806
f 6956/2220/6807 6953/2220/6804 6955/2220/6806
f 6957/2220/6808 6953/2220/6804 6956/2220/6807
f 6955/2220/6806 6954/2220/6805 6958/2220/6809
f 6959/2220/6810 6958/2220/6809 6954/2220/6805
f 6954/2220/6805 6960/2220/6811 6959/2220/6810
f 6961/2220/6812 6962/2220/6813 6963/2220/6814
f 6964/2220/6815 6962/2220/6813 6961/2220/6812
f 6964/2220/6815 6961/2220/6812 6965/2220/6816
f 6966/2220/6817 6964/2220/6815 6965/2220/6816
f 6965/2220/6816 6967/2220/6818 6966/2220/6817
f 6967/2220/6818 6965/2220/6816 6968/2220/6819
f 6969/2220/6820 6970/2220/6821 6971/2220/6822
f 6970/2220/6821 6969/2220/6820 6972/2220/6823
f 6973/2220/6824 6970/2220/6821 6972/2220/6823
f 6972/2220/6823 6974/2220/6825 6973/2220/6824
f 6975/2220/6826 6973/2220/6824 6974/2220/6825
f 6973/2220/6824 6975/2220/6826 6976/2220/6827
f 6977/2220/6828 6978/2220/6829 6979/2220/6830
f 6977/2220/6828 6979/2220/6830 6980/2220/6831
f 6980/2220/6831 6981/2220/6832 6977/2220/6828
f 6981/2220/6832 6980/2220/6831 6982/2220/6833
f 6983/2220/6834 6981/2220/6832 6982/2220/6833
f 6981/2220/6832 6983/2220/6834 6984/2220/6835
f 6985/2220/6836 6986/2220/6837 6987/2220/6838
f 6986/2220/6837 6985/2220/6836 6988/2220/6839
f 6986/2220/6837 6989/2220/6840 6987/2220/6838
f 6987/2220/6838 6989/2220/6840 6990/2220/6841
f 6989/2220/6840 6991/2220/6842 6990/2220/6841
f 6991/2220/6842 6989/2220/6840 6992/2220/6843
f 6993/2220/6844 6994/2220/6845 6995/2220/6846
f 6994/2220/6845 6996/2220/6847 6995/2220/6846
f 6996/2220/6847 6994/2220/6845 6997/2220/6848
f 6997/2220/6848 6998/2220/6849 6996/2220/6847
f 6999/2220/6850 7000/2220/6851 7001/2220/6852
f 7002/2220/6853 7001/2220/6852 7000/2220/6851
f 7001/2220/6852 7002/2220/6853 7003/2220/6854
f 7003/2220/6854 7002/2220/6853 7004/2220/6855
f 7005/2220/6856 7006/2220/6857 7007/2220/6858
f 7008/2220/6859 7007/2220/6858 7006/2220/6857
f 7007/2220/6858 7008/2220/6859 7009/2220/6860
f 7009/2220/6860 7008/2220/6859 7010/2220/6861
f 7011/2220/6862 7012/2220/6863 7013/2220/6864
f 7012/2220/6863 7014/2220/6865 7013/2220/6864
f 7014/2220/6865 7012/2220/6863 7015/2220/6866
f 7015/2220/6866 7016/2220/6867 7014/2220/6865
f 7017/2220/6868 7018/2220/6869 7019/2220/6870
f 7020/2220/6871 7021/2220/6872 7019/2220/6870
f 7018/2220/6869 7020/2220/6871 7019/2220/6870
f 7022/2220/6873 7020/2220/6871 7018/2220/6869
f 7020/2220/6871 7022/2220/6873 7023/2220/6874
f 7022/2220/6873 7018/2220/6869 7024/2220/6875
f 7018/2220/6869 7025/2220/6876 7024/2220/6875
f 7018/2220/6869 7026/2220/6877 7025/2220/6876
f 7027/2220/6878 7024/2220/6875 7025/2220/6876
f 7028/2220/6879 7027/2220/6878 7025/2220/6876
f 7027/2220/6878 7029/2220/6880 7024/2220/6875
f 7029/2220/6880 7027/2220/6878 7030/2220/6881
f 7024/2220/6875 7029/2220/6880 7031/2220/6882
f 7032/2220/6883 7031/2220/6882 7029/2220/6880
f 7033/2220/6884 7032/2220/6883 7029/2220/6880
f 7031/2220/6882 7032/2220/6883 7034/2220/6885
f 7034/2220/6885 7032/2220/6883 7035/2220/6886
f 7036/2220/6887 7031/2220/6882 7034/2220/6885
f 7034/2220/6885 7037/2220/6888 7036/2220/6887
f 7038/2220/6889 7036/2220/6887 7037/2220/6888
f 7037/2220/6888 7034/2220/6885 7039/2220/6890
f 7040/2220/6891 7039/2220/6890 7034/2220/6885
f 7037/2220/6888 7039/2220/6890 7041/2220/6892
f 7042/2220/6893 7043/2220/6894 7044/2220/6895
f 7045/2220/6896 7043/2220/6894 7046/2220/6897
f 7045/2220/6896 7044/2220/6895 7043/2220/6894
f 7045/2220/6896 7047/2220/6898 7044/2220/6895
f 7047/2220/6898 7045/2220/6896 7048/2220/6899
f 7047/2220/6898 7049/2220/6900 7044/2220/6895
f 7049/2220/6900 7050/2220/6901 7044/2220/6895
f 7044/2220/6895 7050/2220/6901 7051/2220/6902
f 7050/2220/6901 7049/2220/6900 7052/2220/6903
f 7053/2220/6904 7050/2220/6901 7052/2220/6903
f 7054/2220/6905 7052/2220/6903 7049/2220/6900
f 7052/2220/6903 7054/2220/6905 7055/2220/6906
f 7049/2220/6900 7056/2220/6907 7054/2220/6905
f 7056/2220/6907 7057/2220/6908 7054/2220/6905
f 7058/2220/6909 7054/2220/6905 7057/2220/6908
f 7057/2220/6908 7056/2220/6907 7059/2220/6910
f 7059/2220/6910 7060/2220/6911 7057/2220/6908
f 7061/2220/6912 7059/2220/6910 7056/2220/6907
f 7061/2220/6912 7062/2220/6913 7059/2220/6910
f 7062/2220/6913 7061/2220/6912 7063/2220/6914
f 7059/2220/6910 7062/2220/6913 7064/2220/6915
f 7064/2220/6915 7062/2220/6913 7065/2220/6916
f 7066/2220/6917 7059/2220/6910 7064/2220/6915
f 7067/2220/6918 7068/2220/6919 7069/2220/6920
f 7068/2220/6919 7067/2220/6918 7070/2220/6921
f 7071/2220/6922 7068/2220/6919 7070/2220/6921
f 7071/2220/6922 7070/2220/6921 7072/2220/6923
f 7073/2220/6924 7071/2220/6922 7072/2220/6923
f 7071/2220/6922 7073/2220/6924 7074/2220/6925
f 7075/2220/6926 7076/2220/6927 7077/2220/6928
f 7076/2220/6927 7075/2220/6926 7078/2220/6929
f 7079/2220/6930 7077/2220/6928 7076/2220/6927
f 7080/2220/6931 7077/2220/6928 7079/2220/6930
f 7079/2220/6930 7081/2220/6932 7080/2220/6931
f 7081/2220/6932 7079/2220/6930 7082/2220/6933
f 7083/2220/6934 7084/2220/6935 7085/2220/6936
f 7084/2220/6935 7083/2220/6934 7086/2220/6937
f 7087/2220/6938 7083/2220/6934 7085/2220/6936
f 7086/2220/6937 7088/2220/6939 7084/2220/6935
f 7085/2220/6936 7089/2220/6940 7087/2220/6938
f 7088/2220/6939 7086/2220/6937 7090/2220/6941
f 7089/2220/6940 7085/2220/6936 7091/2220/6942
f 7090/2220/6941 7092/2220/6943 7088/2220/6939
f 7093/2220/6944 7089/2220/6940 7091/2220/6942
f 7092/2220/6943 7090/2220/6941 7094/2220/6945
f 7089/2220/6940 7093/2220/6944 7095/2220/6946
f 7096/2220/6947 7095/2220/6946 7093/2220/6944
f 7095/2220/6946 7096/2220/6947 7097/2220/6948
f 7094/2220/6945 7098/2220/6949 7092/2220/6943
f 7099/2220/6950 7098/2220/6949 7094/2220/6945
f 7098/2220/6949 7099/2220/6950 7100/2220/6951
f 7099/2220/6950 7101/2220/6952 7100/2220/6951
f 7100/2220/6951 7101/2220/6952 7102/2220/6953
f 7103/2220/6954 7102/2220/6953 7101/2220/6952
f 7102/2220/6953 7103/2220/6954 7104/2220/6955
f 7105/2220/6956 7104/2220/6955 7103/2220/6954
f 7106/2220/6957 7104/2220/6955 7105/2220/6956
f 7104/2220/6955 7106/2220/6957 7107/2220/6958
f 7106/2220/6957 7108/2220/6959 7107/2220/6958
f 7108/2220/6959 7106/2220/6957 7109/2220/6960
f 7110/2220/6961 7108/2220/6959 7109/2220/6960
f 7110/2220/6961 7111/2220/6962 7108/2220/6959
f 7109/2220/6960 7112/2220/6963 7110/2220/6961
f 7113/2220/6964 7114/2220/6965 7115/2220/6966
f 7116/2220/6967 7115/2220/6966 7114/2220/6965
f 7114/2220/6965 7113/2220/6964 7117/2220/6968
f 7115/2220/6966 7116/2220/6967 7118/2220/6969
f 7119/2220/6970 7117/2220/6968 7113/2220/6964
f 7116/2220/6967 7120/2220/6971 7118/2220/6969
f 7121/2220/6972 7117/2220/6968 7119/2220/6970
f 7118/2220/6969 7120/2220/6971 7122/2220/6973
f 7121/2220/6972 7123/2220/6974 7117/2220/6968
f 7120/2220/6971 7124/2220/6975 7122/2220/6973
f 7121/2220/6972 7125/2220/6976 7123/2220/6974
f 7122/2220/6973 7124/2220/6975 7126/2220/6977
f 7125/2220/6976 7121/2220/6972 7127/2220/6978
f 7127/2220/6978 7128/2220/6979 7125/2220/6976
f 7128/2220/6979 7127/2220/6978 7129/2220/6980
f 7126/2220/6977 7124/2220/6975 7130/2220/6981
f 7130/2220/6981 7131/2220/6982 7126/2220/6977
f 7132/2220/6983 7131/2220/6982 7130/2220/6981
f 7132/2220/6983 7133/2220/6984 7131/2220/6982
f 7133/2220/6984 7132/2220/6983 7134/2220/6985
f 7134/2220/6985 7135/2220/6986 7133/2220/6984
f 7134/2220/6985 7136/2220/6987 7135/2220/6986
f 7136/2220/6987 7134/2220/6985 7137/2220/6988
f 7138/2220/6989 7136/2220/6987 7137/2220/6988
f 7136/2220/6987 7138/2220/6989 7139/2220/6990
f 7140/2220/6991 7139/2220/6990 7138/2220/6989
f 7139/2220/6990 7140/2220/6991 7141/2220/6992
f 7140/2220/6991 7138/2220/6989 7142/2220/6993
f 7143/2220/6994 7144/2220/6995 7145/2220/6996
f 7146/2220/6997 7145/2220/6996 7144/2220/6995
f 7144/2220/6995 7143/2220/6994 7147/2220/6998
f 7145/2220/6996 7146/2220/6997 7148/2220/6999
f 7149/2220/7000 7147/2220/6998 7143/2220/6994
f 7148/2220/6999 7150/2220/7001 7145/2220/6996
f 7147/2220/6998 7149/2220/7000 7151/2220/7002
f 7148/2220/6999 7152/2220/7003 7150/2220/7001
f 7153/2220/7004 7151/2220/7002 7149/2220/7000
f 7152/2220/7003 7148/2220/6999 7154/2220/7005
f 7154/2220/7005 7155/2220/7006 7152/2220/7003
f 7155/2220/7006 7154/2220/7005 7156/2220/7007
f 7153/2220/7004 7157/2220/7008 7151/2220/7002
f 7157/2220/7008 7153/2220/7004 7158/2220/7009
f 7158/2220/7009 7159/2220/7010 7157/2220/7008
f 7160/2220/7011 7159/2220/7010 7158/2220/7009
f 7159/2220/7010 7160/2220/7011 7161/2220/7012
f 7162/2220/7013 7161/2220/7012 7160/2220/7011
f 7161/2220/7012 7162/2220/7013 7163/2220/7014
f 7163/2220/7014 7162/2220/7013 7164/2220/7015
f 7163/2220/7014 7164/2220/7015 7165/2220/7016
f 7164/2220/7015 7166/2220/7017 7165/2220/7016
f 7166/2220/7017 7164/2220/7015 7167/2220/7018
f 7166/2220/7017 7167/2220/7018 7168/2220/7019
f 7168/2220/7019 7169/2220/7020 7166/2220/7017
f 7170/2220/7021 7169/2220/7020 7168/2220/7019
f 7169/2220/7020 7170/2220/7021 7171/2220/7022
f 7170/2220/7021 7168/2220/7019 7172/2220/7023
f 7173/2220/7024 7174/2220/7025 7175/2220/7026
f 7175/2220/7026 7176/2220/7027 7173/2220/7024
f 7174/2220/7025 7173/2220/7024 7177/2220/7028
f 7176/2220/7027 7175/2220/7026 7178/2220/7029
f 7179/2220/7030 7174/2220/7025 7177/2220/7028
f 7176/2220/7027 7178/2220/7029 7180/2220/7031
f 7179/2220/7030 7177/2220/7028 7181/2220/7032
f 7178/2220/7029 7182/2220/7033 7180/2220/7031
f 7183/2220/7034 7181/2220/7032 7177/2220/7028
f 7180/2220/7031 7182/2220/7033 7184/2220/7035
f 7185/2220/7036 7181/2220/7032 7183/2220/7034
f 7182/2220/7033 7186/2220/7037 7184/2220/7035
f 7181/2220/7032 7185/2220/7036 7187/2220/7038
f 7188/2220/7039 7187/2220/7038 7185/2220/7036
f 7187/2220/7038 7188/2220/7039 7189/2220/7040
f 7186/2220/7037 7190/2220/7041 7184/2220/7035
f 7191/2220/7042 7190/2220/7041 7186/2220/7037
f 7191/2220/7042 7192/2220/7043 7190/2220/7041
f 7193/2220/7044 7192/2220/7043 7191/2220/7042
f 7193/2220/7044 7194/2220/7045 7192/2220/7043
f 7195/2220/7046 7194/2220/7045 7193/2220/7044
f 7196/2220/7047 7194/2220/7045 7195/2220/7046
f 7194/2220/7045 7196/2220/7047 7197/2220/7048
f 7197/2220/7048 7196/2220/7047 7198/2220/7049
f 7196/2220/7047 7199/2220/7050 7198/2220/7049
f 7198/2220/7049 7199/2220/7050 7200/2220/7051
f 7201/2220/7052 7200/2220/7051 7199/2220/7050
f 7200/2220/7051 7202/2220/7053 7198/2220/7049
f 7203/2220/7054 7204/2220/7055 7205/2220/7056
f 7204/2220/7055 7203/2220/7054 7206/2220/7057
f 7207/2220/7058 7206/2220/7057 7203/2220/7054
f 7206/2220/7057 7207/2220/7058 7208/2220/7059
f 7209/2220/7060 7208/2220/7059 7207/2220/7058
f 7208/2220/7059 7209/2220/7060 7210/2220/7061
f 7211/2220/7062 7210/2220/7061 7209/2220/7060
f 7210/2220/7061 7211/2220/7062 7212/2220/7063
f 7213/2220/7064 7214/2220/7065 7215/2220/7066
f 7214/2220/7065 7213/2220/7064 7216/2220/7067
f 7216/2220/7067 7217/2220/7068 7214/2220/7065
f 7217/2220/7068 7216/2220/7067 7218/2220/7069
f 7218/2220/7069 7219/2220/7070 7217/2220/7068
f 7219/2220/7070 7218/2220/7069 7220/2220/7071
f 7220/2220/7071 7221/2220/7072 7219/2220/7070
f 7221/2220/7072 7220/2220/7071 7222/2220/7073
f 7223/2220/7074 7224/2220/7075 7225/2220/7076
f 7224/2220/7075 7223/2220/7074 7226/2220/7077
f 7225/2220/7076 7227/2220/7078 7223/2220/7074
f 7227/2220/7078 7225/2220/7076 7228/2220/7079
f 7228/2220/7079 7229/2220/7080 7227/2220/7078
f 7229/2220/7080 7228/2220/7079 7230/2220/7081
f 7230/2220/7081 7231/2220/7082 7229/2220/7080
f 7231/2220/7082 7230/2220/7081 7232/2220/7083
f 7233/2220/7084 7234/2220/7085 7235/2220/7086
f 7234/2220/7085 7233/2220/7084 7236/2220/7087
f 7237/2220/7088 7236/2220/7087 7233/2220/7084
f 7236/2220/7087 7237/2220/7088 7238/2220/7089
f 7239/2220/7090 7238/2220/7089 7237/2220/7088
f 7238/2220/7089 7239/2220/7090 7240/2220/7091
f 7241/2220/7092 7240/2220/7091 7239/2220/7090
f 7240/2220/7091 7241/2220/7092 7242/2220/7093
f 7243/2220/7094 7244/2220/7095 7245/2220/7096
f 7244/2220/7095 7243/2220/7094 7246/2220/7097
f 7247/2220/7098 7244/2220/7095 7246/2220/7097
f 7245/2220/7096 7248/2220/7099 7243/2220/7094
f 7248/2220/7099 7245/2220/7096 7249/2220/7100
f 7250/2220/7101 7248/2220/7099 7249/2220/7100
f 7250/2220/7101 7251/2220/7102 7248/2220/7099
f 7251/2220/7102 7250/2220/7101 7252/2220/7103
f 7252/2220/7103 7253/2220/7104 7251/2220/7102
f 7254/2220/7105 7255/2220/7106 7256/2220/7107
f 7257/2220/7108 7256/2220/7107 7255/2220/7106
f 7255/2220/7106 7254/2220/7105 7258/2220/7109
f 7259/2220/7110 7258/2220/7109 7254/2220/7105
f 7258/2220/7109 7259/2220/7110 7260/2220/7111
f 7260/2220/7111 7259/2220/7110 7261/2220/7112
f 7262/2220/7113 7261/2220/7112 7259/2220/7110
f 7261/2220/7112 7262/2220/7113 7263/2220/7114
f 7262/2220/7113 7264/2220/7115 7263/2220/7114
f 7265/2220/7116 7266/2220/7117 7267/2220/7118
f 7268/2220/7119 7267/2220/7118 7266/2220/7117
f 7266/2220/7117 7265/2220/7116 7269/2220/7120
f 7270/2220/7121 7269/2220/7120 7265/2220/7116
f 7269/2220/7120 7270/2220/7121 7271/2220/7122
f 7270/2220/7121 7272/2220/7123 7271/2220/7122
f 7272/2220/7123 7270/2220/7121 7273/2220/7124
f 7273/2220/7124 7274/2220/7125 7272/2220/7123
f 7274/2220/7125 7273/2220/7124 7275/2220/7126
f 7276/2220/7127 7277/2220/7128 7278/2220/7129
f 7279/2220/7130 7276/2220/7127 7278/2220/7129
f 7277/2220/7128 7276/2220/7127 7280/2220/7131
f 7280/2220/7131 7281/2220/7132 7277/2220/7128
f 7281/2220/7132 7280/2220/7131 7282/2220/7133
f 7281/2220/7132 7282/2220/7133 7283/2220/7134
f 7281/2220/7132 7283/2220/7134 7284/2220/7135
f 7283/2220/7134 7285/2220/7136 7284/2220/7135
f 7284/2220/7135 7285/2220/7136 7286/2220/7137
f 7287/2220/7138 7288/2220/7139 7289/2220/7140
f 7288/2220/7139 7287/2220/7138 7290/2220/7141
f 7291/2220/7142 7288/2220/7139 7290/2220/7141
f 7289/2220/7140 7292/2220/7143 7287/2220/7138
f 7292/2220/7143 7289/2220/7140 7293/2220/7144
f 7294/2220/7145 7292/2220/7143 7293/2220/7144
f 7294/2220/7145 7295/2220/7146 7292/2220/7143
f 7295/2220/7146 7294/2220/7145 7296/2220/7147
f 7297/2220/7148 7298/2220/7149 7299/2220/7150
f 7300/2220/7151 7299/2220/7150 7298/2220/7149
f 7298/2220/7149 7297/2220/7148 7301/2220/7152
f 7302/2220/7153 7301/2220/7152 7297/2220/7148
f 7301/2220/7152 7302/2220/7153 7303/2220/7154
f 7304/2220/7155 7303/2220/7154 7302/2220/7153
f 7305/2220/7156 7304/2220/7155 7302/2220/7153
f 7304/2220/7155 7305/2220/7156 7306/2220/7157
f 7307/2220/7158 7308/2220/7159 7309/2220/7160
f 7308/2220/7159 7307/2220/7158 7310/2220/7161
f 7311/2220/7162 7310/2220/7161 7307/2220/7158
f 7312/2220/7163 7309/2220/7160 7308/2220/7159
f 7309/2220/7160 7312/2220/7163 7313/2220/7164
f 7312/2220/7163 7314/2220/7165 7313/2220/7164
f 7315/2220/7166 7314/2220/7165 7312/2220/7163
f 7314/2220/7165 7315/2220/7166 7316/2220/7167
f 7317/2220/7168 7318/2220/7169 7319/2220/7170
f 7320/2220/7171 7317/2220/7168 7319/2220/7170
f 7318/2220/7169 7317/2220/7168 7321/2220/7172
f 7321/2220/7172 7322/2220/7173 7318/2220/7169
f 7322/2220/7173 7321/2220/7172 7323/2220/7174
f 7323/2220/7174 7324/2220/7175 7322/2220/7173
f 7322/2220/7173 7324/2220/7175 7325/2220/7176
f 7326/2220/7177 7325/2220/7176 7324/2220/7175
f 7327/2220/7178 7328/2220/7179 7329/2220/7180
f 7328/2220/7179 7327/2220/7178 7330/2220/7181
f 7331/2220/7182 7328/2220/7179 7330/2220/7181
f 7329/2220/7180 7332/2220/7183 7327/2220/7178
f 7332/2220/7183 7329/2220/7180 7333/2220/7184
f 7333/2220/7184 7334/2220/7185 7332/2220/7183
f 7334/2220/7185 7333/2220/7184 7335/2220/7186
f 7336/2220/7187 7334/2220/7185 7335/2220/7186
f 7337/2220/7188 7334/2220/7185 7336/2220/7187
f 7338/2220/7189 7339/2220/7190 7340/2220/7191
f 7341/2220/7192 7340/2220/7191 7339/2220/7190
f 7339/2220/7190 7338/2220/7189 7342/2220/7193
f 7343/2220/7194 7342/2220/7193 7338/2220/7189
f 7342/2220/7193 7343/2220/7194 7344/2220/7195
f 7345/2220/7196 7344/2220/7195 7343/2220/7194
f 7344/2220/7195 7345/2220/7196 7346/2220/7197
f 7345/2220/7196 7347/2220/7198 7346/2220/7197
f 7347/2220/7198 7345/2220/7196 7348/2220/7199
f 7349/2220/7200 7350/2220/7201 7351/2220/7202
f 7350/2220/7201 7349/2220/7200 7352/2220/7203
f 7353/2220/7204 7352/2220/7203 7349/2220/7200
f 7354/2220/7205 7351/2220/7202 7350/2220/7201
f 7351/2220/7202 7354/2220/7205 7355/2220/7206
f 7356/2220/7207 7355/2220/7206 7354/2220/7205
f 7355/2220/7206 7356/2220/7207 7357/2220/7208
f 7358/2220/7209 7357/2220/7208 7356/2220/7207
f 7359/2220/7210 7358/2220/7209 7356/2220/7207
f 7360/2220/7211 7361/2220/7212 7362/2220/7213
f 7363/2220/7214 7360/2220/7211 7362/2220/7213
f 7361/2220/7212 7360/2220/7211 7364/2220/7215
f 7364/2220/7215 7365/2220/7216 7361/2220/7212
f 7365/2220/7216 7364/2220/7215 7366/2220/7217
f 7366/2220/7217 7367/2220/7218 7365/2220/7216
f 7367/2220/7218 7366/2220/7217 7368/2220/7219
f 7367/2220/7218 7368/2220/7219 7369/2220/7220
f 7367/2220/7218 7369/2220/7220 7370/2220/7221
f 7371/2220/7222 7372/2220/7223 7373/2220/7224
f 7372/2220/7223 7374/2220/7225 7373/2220/7224
f 7375/2220/7226 7373/2220/7224 7374/2220/7225
f 7376/2220/7227 7375/2220/7226 7374/2220/7225
f 7375/2220/7226 7376/2220/7227 7377/2220/7228
f 7377/2220/7228 7376/2220/7227 7378/2220/7229
f 7379/2220/7230 7377/2220/7228 7378/2220/7229
f 7379/2220/7230 7378/2220/7229 7380/2220/7231
f 7381/2220/7232 7379/2220/7230 7380/2220/7231
f 7382/2220/7233 7383/2220/7234 7384/2220/7235
f 7385/2220/7236 7384/2220/7235 7383/2220/7234
f 7385/2220/7236 7383/2220/7234 7386/2220/7237
f 7386/2220/7237 7387/2220/7238 7385/2220/7236
f 7387/2220/7238 7386/2220/7237 7388/2220/7239
f 7389/2220/7240 7387/2220/7238 7388/2220/7239
f 7388/2220/7239 7390/2220/7241 7389/2220/7240
f 7391/2220/7242 7389/2220/7240 7390/2220/7241
f 7390/2220/7241 7392/2220/7243 7391/2220/7242
f 7393/2220/7244 7394/2220/7245 7395/2220/7246
f 7394/2220/7245 7396/2220/7247 7395/2220/7246
f 7394/2220/7245 7397/2220/7248 7396/2220/7247
f 7397/2220/7248 7398/2220/7249 7396/2220/7247
f 7397/2220/7248 7399/2220/7250 7398/2220/7249
f 7399/2220/7250 7400/2220/7251 7398/2220/7249
f 7400/2220/7251 7399/2220/7250 7401/2220/7252
f 7401/2220/7252 7402/2220/7253 7400/2220/7251
f 7402/2220/7253 7401/2220/7252 7403/2220/7254
f 7404/2220/7255 7405/2220/7256 7406/2220/7257
f 7407/2220/7258 7406/2220/7257 7405/2220/7256
f 7406/2220/7257 7407/2220/7258 7408/2220/7259
f 7407/2220/7258 7409/2220/7260 7408/2220/7259
f 7409/2220/7260 7410/2220/7261 7408/2220/7259
f 7411/2220/7262 7410/2220/7261 7409/2220/7260
f 7410/2220/7261 7411/2220/7262 7412/2220/7263
f 7413/2220/7264 7412/2220/7263 7411/2220/7262
f 7412/2220/7263 7413/2220/7264 7414/2220/7265
f 7415/2220/7266 7416/2220/7267 7417/2220/7268
f 7416/2220/7267 7418/2220/7269 7417/2220/7268
f 7418/2220/7269 7416/2220/7267 7419/2220/7270
f 7416/2220/7267 7415/2220/7266 7420/2220/7271
f 7421/2220/7272 7420/2220/7271 7415/2220/7266
f 7420/2220/7271 7421/2220/7272 7422/2220/7273
f 7421/2220/7272 7423/2220/7274 7422/2220/7273
f 7424/2220/7275 7422/2220/7273 7423/2220/7274
f 7425/2220/7276 7424/2220/7275 7423/2220/7274
f 7426/2220/7277 7427/2220/7278 7428/2220/7279
f 7428/2220/7279 7427/2220/7278 7429/2220/7280
f 7430/2220/7281 7428/2220/7279 7429/2220/7280
f 7428/2220/7279 7430/2220/7281 7431/2220/7282
f 7426/2220/7277 7432/2220/7283 7427/2220/7278
f 7426/2220/7277 7433/2220/7284 7432/2220/7283
f 7433/2220/7284 7434/2220/7285 7432/2220/7283
f 7433/2220/7284 7435/2220/7286 7434/2220/7285
f 7436/2220/7287 7434/2220/7285 7435/2220/7286
f 7437/2220/7288 7438/2220/7289 7439/2220/7290
f 7440/2220/7291 7439/2220/7290 7438/2220/7289
f 7439/2220/7290 7440/2220/7291 7441/2220/7292
f 7437/2220/7288 7439/2220/7290 7442/2220/7293
f 7443/2220/7294 7437/2220/7288 7442/2220/7293
f 7443/2220/7294 7442/2220/7293 7444/2220/7295
f 7445/2220/7296 7443/2220/7294 7444/2220/7295
f 7444/2220/7295 7446/2220/7297 7445/2220/7296
f 7447/2220/7298 7445/2220/7296 7446/2220/7297
f 7448/2220/7299 7449/2220/7300 7450/2220/7301
f 7449/2220/7300 7451/2220/7302 7450/2220/7301
f 7449/2220/7300 7452/2220/7303 7451/2220/7302
f 7452/2220/7303 7449/2220/7300 7453/2220/7304
f 7450/2220/7301 7454/2220/7305 7448/2220/7299
f 7455/2220/7306 7448/2220/7299 7454/2220/7305
f 7454/2220/7305 7456/2220/7307 7455/2220/7306
f 7455/2220/7306 7456/2220/7307 7457/2220/7308
f 7458/2220/7309 7457/2220/7308 7456/2220/7307
f 7459/2220/7310 7460/2220/7310 7461/2220/7310
f 7462/2220/7311 7463/2220/7312 7464/2220/7312
f 7465/2220/7313 7466/2220/7313 7467/2220/7313
f 7468/2220/7314 7469/2220/7314 7470/2220/7315
f 7471/2220/7316 7472/2220/7317 7473/2220/7318
f 7472/2220/7317 7474/2220/7319 7473/2220/7318
f 7475/2220/7320 7473/2220/7318 7474/2220/7319
f 7472/2220/7317 7471/2220/7316 7476/2220/7321
f 7471/2220/7316 7477/2220/7322 7476/2220/7321
f 7478/2220/7323 7476/2220/7321 7477/2220/7322
f 7479/2220/7324 7478/2220/7323 7477/2220/7322
f 7480/2220/7325 7481/2220/7326 7482/2220/7327
f 7481/2220/7326 7480/2220/7325 7483/2220/7328
f 7484/2220/7329 7481/2220/7326 7483/2220/7328
f 7484/2220/7329 7483/2220/7328 7485/2220/7330
f 7482/2220/7327 7486/2220/7331 7480/2220/7325
f 7482/2220/7327 7487/2220/7332 7486/2220/7331
f 7488/2220/7333 7486/2220/7331 7487/2220/7332
f 7489/2220/7334 7490/2220/7335 7491/2220/7336
f 7490/2220/7335 7492/2220/7337 7491/2220/7336
f 7492/2220/7337 7490/2220/7335 7493/2220/7338
f 7489/2220/7334 7491/2220/7336 7494/2220/7339
f 7495/2220/7340 7489/2220/7334 7494/2220/7339
f 7495/2220/7340 7494/2220/7339 7496/2220/7341
f 7497/2220/7342 7495/2220/7340 7496/2220/7341
f 7498/2220/7343 7499/2220/7344 7500/2220/7345
f 7501/2220/7346 7498/2220/7343 7500/2220/7345
f 7498/2220/7343 7501/2220/7346 7502/2220/7347
f 7503/2220/7348 7500/2220/7345 7499/2220/7344
f 7504/2220/7349 7503/2220/7348 7499/2220/7344
f 7503/2220/7348 7504/2220/7349 7505/2220/7350
f 7506/2220/7351 7505/2220/7350 7504/2220/7349
f 7507/2220/7352 7508/2220/7353 7509/2220/7354
f 7508/2220/7353 7507/2220/7352 7510/2220/7355
f 7510/2220/7355 7511/2220/7356 7508/2220/7353
f 7510/2220/7355 7507/2220/7352 7512/2220/7357
f 7513/2220/7358 7512/2220/7357 7507/2220/7352
f 7514/2220/7359 7510/2220/7355 7512/2220/7357
f 7511/2220/7356 7510/2220/7355 7515/2220/7360
f 7510/2220/7355 7514/2220/7359 7516/2220/7361
f 7515/2220/7360 7517/2220/7362 7511/2220/7356
f 7517/2220/7362 7515/2220/7360 7518/2220/7363
f 7519/2220/7364 7517/2220/7362 7518/2220/7363
f 7514/2220/7359 7520/2220/7365 7516/2220/7361
f 7521/2220/7366 7516/2220/7361 7520/2220/7365
f 7522/2220/7367 7521/2220/7366 7520/2220/7365
f 7523/2220/7368 7524/2220/7369 7525/2220/7370
f 7524/2220/7369 7523/2220/7368 7526/2220/7371
f 7527/2220/7372 7526/2220/7371 7523/2220/7368
f 7524/2220/7369 7526/2220/7371 7528/2220/7373
f 7528/2220/7373 7529/2220/7374 7524/2220/7369
f 7526/2220/7371 7530/2220/7375 7528/2220/7373
f 7526/2220/7371 7527/2220/7372 7531/2220/7376
f 7526/2220/7371 7532/2220/7377 7530/2220/7375
f 7533/2220/7378 7531/2220/7376 7527/2220/7372
f 7531/2220/7376 7533/2220/7378 7534/2220/7379
f 7535/2220/7380 7534/2220/7379 7533/2220/7378
f 7532/2220/7377 7536/2220/7381 7530/2220/7375
f 7532/2220/7377 7537/2220/7382 7536/2220/7381
f 7538/2220/7383 7536/2220/7381 7537/2220/7382
f 7539/2220/7384 7540/2220/7385 7541/2220/7386
f 7540/2220/7385 7539/2220/7384 7542/2220/7387
f 7543/2220/7388 7542/2220/7387 7539/2220/7384
f 7544/2220/7389 7540/2220/7385 7542/2220/7387
f 7540/2220/7385 7544/2220/7389 7545/2220/7390
f 7546/2220/7391 7544/2220/7389 7542/2220/7387
f 7542/2220/7387 7543/2220/7388 7547/2220/7392
f 7546/2220/7391 7542/2220/7387 7548/2220/7393
f 7549/2220/7394 7547/2220/7392 7543/2220/7388
f 7547/2220/7392 7549/2220/7394 7550/2220/7395
f 7551/2220/7396 7550/2220/7395 7549/2220/7394
f 7552/2220/7397 7546/2220/7391 7548/2220/7393
f 7552/2220/7397 7548/2220/7393 7553/2220/7398
f 7554/2220/7399 7552/2220/7397 7553/2220/7398
f 7555/2220/7400 7556/2220/7401 7557/2220/7402
f 7556/2220/7401 7555/2220/7400 7558/2220/7403
f 7557/2220/7402 7559/2220/7404 7555/2220/7400
f 7556/2220/7401 7560/2220/7405 7557/2220/7402
f 7560/2220/7405 7556/2220/7401 7561/2220/7406
f 7560/2220/7405 7562/2220/7407 7557/2220/7402
f 7559/2220/7404 7557/2220/7402 7563/2220/7408
f 7564/2220/7409 7557/2220/7402 7562/2220/7407
f 7563/2220/7408 7565/2220/7410 7559/2220/7404
f 7565/2220/7410 7563/2220/7408 7566/2220/7411
f 7567/2220/7412 7565/2220/7410 7566/2220/7411
f 7568/2220/7413 7564/2220/7409 7562/2220/7407
f 7564/2220/7409 7568/2220/7413 7569/2220/7414
f 7570/2220/7415 7569/2220/7414 7568/2220/7413
