# Blender 5.2.2 LTS
# www.blender.org
mtllib blade.mtl
o blade
v 0.092692 -0.471974 0.065018
v 0.083351 -0.472172 0.072621
v 0.092703 -0.471978 0.072621
v 0.083352 -0.472167 0.065018
v 0.083351 -0.472172 0.057415
v 0.092703 -0.471978 0.057415
v 0.074012 -0.472361 0.065018
v 0.074000 -0.472366 0.072621
v 0.074000 -0.472366 0.057415
v 0.071935 -0.512655 0.073705
v 0.071935 -0.512655 0.056330
v 0.068454 -0.507445 0.056330
v 0.077145 -0.516136 0.056330
v 0.068454 -0.507445 0.073705
v 0.077145 -0.516136 0.073705
v 0.067231 -0.501299 0.056330
v 0.083290 -0.517358 0.056330
v 0.067231 -0.501299 0.073705
v 0.083290 -0.517358 0.073705
v 0.068454 -0.495154 0.056330
v 0.089435 -0.516136 0.073705
v 0.068454 -0.495154 0.073705
v 0.089435 -0.516136 0.056330
v 0.071935 -0.489944 0.056330
v 0.094645 -0.512655 0.073705
v 0.071935 -0.489944 0.073705
v 0.094645 -0.512655 0.056330
v 0.077145 -0.486463 0.056330
v 0.098126 -0.507445 0.056330
v 0.077145 -0.486463 0.073705
v 0.098126 -0.507445 0.073705
v 0.083290 -0.485241 0.056330
v 0.099349 -0.501299 0.056330
v 0.083290 -0.485241 0.073705
v 0.099349 -0.501299 0.073705
v 0.089435 -0.486463 0.056330
v 0.098126 -0.495154 0.073705
v 0.089435 -0.486463 0.073705
v 0.098126 -0.495154 0.056330
v 0.094645 -0.489944 0.056330
v 0.094645 -0.489944 0.073705
v 0.229537 -0.612723 0.057415
v 0.226712 -0.603954 0.057415
v 0.229537 -0.612723 0.065018
v 0.229537 -0.612723 0.072621
v 0.226712 -0.603954 0.072621
v 0.226712 -0.603954 0.065018
v 0.213620 -0.597630 0.057415
v 0.213620 -0.597630 0.072621
v 0.213620 -0.597630 0.065018
v 0.203745 -0.587972 0.057415
v 0.203745 -0.587972 0.072621
v 0.203745 -0.587972 0.065018
v 0.182876 -0.566936 0.057415
v 0.182876 -0.566936 0.072621
v 0.182876 -0.566936 0.065018
v 0.175136 -0.539957 0.057415
v 0.175136 -0.539957 0.072621
v 0.175133 -0.539946 0.065018
v 0.160748 -0.515921 0.065018
v 0.160706 -0.515879 0.057415
v 0.160706 -0.515879 0.072621
v 0.142106 -0.497010 0.065018
v 0.142147 -0.497052 0.057415
v 0.142147 -0.497052 0.072621
v 0.117111 -0.480978 0.065018
v 0.117043 -0.480952 0.057415
v 0.117043 -0.480952 0.072621
v 0.092692 -0.471974 0.065018
v 0.092703 -0.471978 0.057415
v 0.092703 -0.471978 0.072621
v 0.008295 -0.768957 0.057415
v 0.008205 -0.761116 0.065018
v 0.008205 -0.761116 0.057415
v 0.008295 -0.768957 0.072621
v 0.008205 -0.761116 0.072621
v 0.008124 -0.754002 0.065018
v 0.008124 -0.754002 0.057415
v 0.008124 -0.754002 0.072621
v 0.008076 -0.749842 0.065018
v 0.008076 -0.749842 0.057415
v 0.008076 -0.749842 0.072621
v 0.008076 -0.727298 0.065018
v 0.008076 -0.727298 0.057415
v 0.008076 -0.727298 0.072621
v 0.007818 -0.706643 0.065018
v 0.007818 -0.706643 0.057415
v 0.007818 -0.706643 0.072621
v 0.007193 -0.685988 0.065018
v 0.007193 -0.685988 0.057415
v 0.007193 -0.685988 0.072621
v 0.006110 -0.660634 0.065018
v 0.006110 -0.660634 0.057415
v 0.006110 -0.660634 0.072621
v -0.002062 -0.641845 0.065018
v -0.002062 -0.641845 0.057415
v -0.002062 -0.641845 0.072621
v -0.025435 -0.633642 0.065018
v -0.025435 -0.633642 0.057415
v -0.025435 -0.633642 0.072621
v -0.045891 -0.620617 0.065018
v -0.045891 -0.620617 0.057415
v -0.045891 -0.620617 0.072621
v -0.048724 -0.612723 0.065018
v -0.048724 -0.612723 0.057415
v -0.048724 -0.612723 0.072621
v -0.046016 -0.603954 0.065018
v -0.046016 -0.603954 0.057415
v -0.046016 -0.603954 0.072621
v -0.033011 -0.597464 0.065018
v -0.033011 -0.597464 0.057415
v -0.033011 -0.597464 0.072621
v -0.022931 -0.587341 0.065018
v -0.022931 -0.587341 0.057415
v -0.022931 -0.587341 0.072621
v -0.002062 -0.565674 0.065018
v -0.002062 -0.565674 0.057415
v -0.002062 -0.565674 0.072621
v 0.005302 -0.538662 0.057415
v 0.005302 -0.538662 0.072621
v 0.005304 -0.538655 0.065018
v 0.017951 -0.514529 0.065018
v 0.017965 -0.514512 0.057415
v 0.017965 -0.514512 0.072621
v 0.032877 -0.496576 0.057415
v 0.032877 -0.496576 0.072621
v 0.032892 -0.496558 0.065018
v 0.055402 -0.480092 0.065018
v 0.055439 -0.480077 0.057415
v 0.055439 -0.480077 0.072621
v 0.074012 -0.472361 0.065018
v 0.074000 -0.472366 0.057415
v 0.074000 -0.472366 0.072621
v -0.020720 -0.589494 0.075831
v -0.033011 -0.597464 0.072621
v -0.031181 -0.600000 0.075831
v -0.022931 -0.587341 0.072621
v -0.002062 -0.565674 0.072621
v 0.000707 -0.567247 0.075831
v 0.008099 -0.540135 0.075831
v 0.005302 -0.538662 0.072621
v 0.017965 -0.514512 0.072621
v 0.020806 -0.515922 0.075831
v 0.034724 -0.499182 0.075831
v 0.032877 -0.496576 0.072621
v 0.055439 -0.480077 0.072621
v 0.057436 -0.482589 0.075831
v 0.074040 -0.475691 0.075831
v 0.074000 -0.472366 0.072621
v 0.083417 -0.475496 0.075831
v 0.083351 -0.472172 0.072621
v 0.092703 -0.471978 0.072621
v 0.092794 -0.475301 0.075831
v 0.117043 -0.480952 0.072621
v 0.115122 -0.483533 0.075831
v 0.140556 -0.499834 0.075831
v 0.142147 -0.497052 0.072621
v 0.157832 -0.517359 0.075831
v 0.160706 -0.515879 0.072621
v 0.172393 -0.541587 0.075831
v 0.175136 -0.539957 0.072621
v 0.182876 -0.566936 0.072621
v 0.180127 -0.568548 0.075831
v 0.201565 -0.590156 0.075831
v 0.203745 -0.587972 0.072621
v 0.213620 -0.597630 0.072621
v 0.211823 -0.600189 0.075831
v 0.224179 -0.606158 0.075831
v 0.226712 -0.603954 0.072621
v 0.229537 -0.612723 0.072621
v 0.226278 -0.612670 0.075831
v 0.226705 -0.620617 0.072621
v 0.224137 -0.618636 0.075831
v 0.207715 -0.633642 0.072621
v 0.206272 -0.630890 0.075831
v 0.182876 -0.643107 0.072621
v 0.180837 -0.640582 0.075831
v 0.167930 -0.660437 0.075831
v 0.170645 -0.661923 0.072621
v 0.159107 -0.687395 0.072621
v 0.156178 -0.686380 0.075831
v 0.150936 -0.707663 0.075831
v 0.154038 -0.707971 0.072621
v 0.154941 -0.728640 0.072621
v 0.151871 -0.729081 0.075831
v 0.158975 -0.744960 0.072621
v 0.156360 -0.747242 0.075831
v 0.167262 -0.751715 0.068283
v -0.033011 -0.597464 0.057415
v -0.020720 -0.589494 0.054205
v -0.031181 -0.600000 0.054205
v -0.022931 -0.587341 0.057415
v -0.002062 -0.565674 0.057415
v 0.000707 -0.567247 0.054205
v 0.008099 -0.540135 0.054205
v 0.005302 -0.538662 0.057415
v 0.017965 -0.514512 0.057415
v 0.020806 -0.515922 0.054205
v 0.034724 -0.499182 0.054205
v 0.032877 -0.496576 0.057415
v 0.055439 -0.480077 0.057415
v 0.057436 -0.482589 0.054205
v 0.074040 -0.475691 0.054205
v 0.074000 -0.472366 0.057415
v 0.083417 -0.475496 0.054205
v 0.083351 -0.472172 0.057415
v 0.092703 -0.471978 0.057415
v 0.092794 -0.475301 0.054205
v 0.117043 -0.480952 0.057415
v 0.115122 -0.483533 0.054205
v 0.140556 -0.499834 0.054205
v 0.142147 -0.497052 0.057415
v 0.157832 -0.517359 0.054205
v 0.160706 -0.515879 0.057415
v 0.172393 -0.541587 0.054205
v 0.175136 -0.539957 0.057415
v 0.182876 -0.566936 0.057415
v 0.180127 -0.568548 0.054205
v 0.201565 -0.590156 0.054205
v 0.203745 -0.587972 0.057415
v 0.213620 -0.597630 0.057415
v 0.211823 -0.600189 0.054205
v 0.224179 -0.606158 0.054205
v 0.226712 -0.603954 0.057415
v 0.229537 -0.612723 0.057415
v 0.226278 -0.612670 0.054205
v 0.226705 -0.620617 0.057415
v 0.224137 -0.618636 0.054205
v 0.207715 -0.633642 0.057415
v 0.206272 -0.630890 0.054205
v 0.182876 -0.643107 0.057415
v 0.180837 -0.640582 0.054205
v 0.167930 -0.660437 0.054205
v 0.170645 -0.661923 0.057415
v 0.159107 -0.687395 0.057415
v 0.156178 -0.686380 0.054205
v 0.150936 -0.707663 0.054205
v 0.154038 -0.707971 0.057415
v 0.154941 -0.728640 0.057415
v 0.151871 -0.729081 0.054205
v 0.158975 -0.744960 0.057415
v 0.156360 -0.747242 0.054205
v 0.167262 -0.751715 0.061753
v 0.012516 -1.060113 0.072621
v 0.012227 -1.041951 0.065018
v 0.012516 -1.060113 0.065018
v 0.012227 -1.041951 0.072621
v 0.014105 -1.155834 0.072621
v 0.012516 -1.060113 0.057415
v 0.012227 -1.041951 0.057415
v 0.014105 -1.155834 0.057415
v 0.012182 -1.039078 0.065018
v 0.012182 -1.039078 0.072621
v 0.012182 -1.039078 0.057415
v 0.014105 -1.155834 0.065018
v 0.015693 -1.228545 0.072621
v 0.015693 -1.228545 0.057415
v 0.015693 -1.228545 0.065018
v 0.016704 -1.280121 0.065018
v 0.012104 -1.034209 0.065018
v 0.012104 -1.034209 0.057415
v 0.012104 -1.034209 0.072621
v 0.010631 -0.941614 0.065018
v 0.010631 -0.941614 0.057415
v 0.010631 -0.941614 0.072621
v 0.009339 -0.860404 0.065018
v 0.009339 -0.860404 0.057415
v 0.009339 -0.860404 0.072621
v 0.008295 -0.768957 0.065018
v 0.154941 -0.728640 0.072621
v 0.158975 -0.744960 0.072621
v 0.158975 -0.744960 0.065018
v 0.167262 -0.751715 0.068283
v 0.154941 -0.728640 0.065018
v 0.154038 -0.707971 0.072621
v 0.169211 -0.751017 0.065018
v 0.169211 -0.754247 0.067405
v 0.169211 -0.762173 0.065018
v 0.169211 -0.754247 0.062631
v 0.167262 -0.751715 0.061753
v 0.158975 -0.744960 0.057415
v 0.154941 -0.728640 0.057415
v 0.154038 -0.707971 0.057415
v 0.154038 -0.707971 0.065018
v 0.159107 -0.687395 0.057415
v 0.159107 -0.687395 0.072621
v 0.159107 -0.687395 0.065018
v 0.170645 -0.661923 0.057415
v 0.170645 -0.661923 0.072621
v 0.170645 -0.661923 0.065018
v 0.182876 -0.643107 0.057415
v 0.182876 -0.643107 0.072621
v 0.182876 -0.643107 0.065018
v 0.207715 -0.633642 0.057415
v 0.207715 -0.633642 0.072621
v 0.207715 -0.633642 0.065018
v 0.226705 -0.620617 0.057415
v 0.226705 -0.620617 0.072621
v 0.226705 -0.620617 0.065018
v 0.009339 -0.860404 0.072621
v 0.010631 -0.941614 0.072621
v 0.013717 -0.941568 0.075831
v 0.012425 -0.860360 0.075831
v 0.008295 -0.768957 0.072621
v 0.011380 -0.768921 0.075831
v 0.008205 -0.761116 0.072621
v 0.011291 -0.761081 0.075831
v 0.008124 -0.754002 0.072621
v 0.011209 -0.753967 0.075830
v 0.008076 -0.749842 0.072621
v 0.011162 -0.749837 0.075830
v 0.008076 -0.727298 0.072621
v 0.011162 -0.727279 0.075831
v 0.007818 -0.706643 0.072621
v 0.010903 -0.706577 0.075831
v 0.007193 -0.685988 0.072621
v 0.010277 -0.685873 0.075831
v 0.006110 -0.660634 0.072621
v 0.009169 -0.659930 0.075831
v -0.002062 -0.641845 0.072621
v 0.000230 -0.639379 0.075831
v -0.024077 -0.630848 0.075831
v -0.025435 -0.633642 0.072621
v -0.043343 -0.618581 0.075831
v -0.045891 -0.620617 0.072621
v -0.048724 -0.612723 0.072621
v -0.045472 -0.612650 0.075831
v -0.043457 -0.606126 0.075831
v -0.046016 -0.603954 0.072621
v 0.010631 -0.941614 0.057415
v 0.009339 -0.860404 0.057415
v 0.013717 -0.941568 0.054205
v 0.012425 -0.860360 0.054205
v 0.008295 -0.768957 0.057415
v 0.011380 -0.768921 0.054205
v 0.008205 -0.761116 0.057415
v 0.011291 -0.761081 0.054205
v 0.008124 -0.754002 0.057415
v 0.011209 -0.753967 0.054206
v 0.008076 -0.749842 0.057415
v 0.011162 -0.749837 0.054206
v 0.008076 -0.727298 0.057415
v 0.011162 -0.727279 0.054205
v 0.007818 -0.706643 0.057415
v 0.010903 -0.706577 0.054205
v 0.007193 -0.685988 0.057415
v 0.010277 -0.685873 0.054205
v 0.006110 -0.660634 0.057415
v 0.009169 -0.659930 0.054205
v -0.002062 -0.641845 0.057415
v 0.000230 -0.639379 0.054205
v -0.024077 -0.630848 0.054205
v -0.025435 -0.633642 0.057415
v -0.043343 -0.618581 0.054205
v -0.045891 -0.620617 0.057415
v -0.048724 -0.612723 0.057415
v -0.045472 -0.612650 0.054205
v -0.043457 -0.606126 0.054205
v -0.046016 -0.603954 0.057415
v 0.071295 -1.650820 0.068269
v 0.068332 -1.657132 0.065018
v 0.070785 -1.667271 0.065845
v 0.070612 -1.672881 0.065018
v 0.066052 -1.641383 0.065018
v 0.071570 -1.641956 0.069576
v 0.072397 -1.611477 0.072245
v 0.057606 -1.582114 0.065018
v 0.072782 -1.533911 0.074784
v 0.046133 -1.499154 0.065018
v 0.069635 -1.473569 0.075508
v 0.037655 -1.443327 0.065018
v 0.062598 -1.403466 0.075751
v 0.029178 -1.387499 0.065018
v 0.050037 -1.344526 0.075805
v 0.017715 -1.331698 0.065018
v 0.030336 -1.270789 0.075831
v 0.016704 -1.280121 0.065018
v 0.015693 -1.228545 0.072621
v 0.018770 -1.228079 0.075831
v 0.014105 -1.155834 0.072621
v 0.017190 -1.155776 0.075831
v 0.012516 -1.060113 0.072621
v 0.015602 -1.060063 0.075831
v 0.012227 -1.041951 0.072621
v 0.015313 -1.041901 0.075831
v 0.012182 -1.039078 0.072621
v 0.015267 -1.039028 0.075831
v 0.012104 -1.034209 0.072621
v 0.015190 -1.034160 0.075831
v 0.070612 -1.672881 0.065018
v 0.068332 -1.657132 0.065018
v 0.070785 -1.667271 0.064191
v 0.071295 -1.650820 0.061767
v 0.066052 -1.641383 0.065018
v 0.071570 -1.641956 0.060460
v 0.072397 -1.611477 0.057791
v 0.057606 -1.582114 0.065018
v 0.072782 -1.533911 0.055252
v 0.046133 -1.499154 0.065018
v 0.069635 -1.473569 0.054528
v 0.037655 -1.443327 0.065018
v 0.062598 -1.403466 0.054285
v 0.029178 -1.387499 0.065018
v 0.050037 -1.344526 0.054231
v 0.017715 -1.331698 0.065018
v 0.030336 -1.270789 0.054205
v 0.016704 -1.280121 0.065018
v 0.015693 -1.228545 0.057415
v 0.018770 -1.228079 0.054205
v 0.014105 -1.155834 0.057415
v 0.017190 -1.155776 0.054205
v 0.012516 -1.060113 0.057415
v 0.015602 -1.060063 0.054205
v 0.012227 -1.041951 0.057415
v 0.015313 -1.041901 0.054205
v 0.012182 -1.039078 0.057415
v 0.015267 -1.039028 0.054205
v 0.012104 -1.034209 0.057415
v 0.015190 -1.034160 0.054205
v 0.099349 -0.670845 0.073705
v 0.099349 -0.670845 0.056330
v 0.098126 -0.676990 0.073705
v 0.098126 -0.676990 0.056330
v 0.098126 -0.664700 0.056330
v 0.094645 -0.682200 0.056330
v 0.098126 -0.664700 0.073705
v 0.094645 -0.682200 0.073705
v 0.094645 -0.659490 0.073705
v 0.089435 -0.685681 0.073705
v 0.094645 -0.659490 0.056330
v 0.089435 -0.685681 0.056330
v 0.089435 -0.656009 0.056330
v 0.083290 -0.686904 0.056330
v 0.089435 -0.656009 0.073705
v 0.083290 -0.686904 0.073705
v 0.083290 -0.654786 0.073705
v 0.077145 -0.685681 0.073705
v 0.083290 -0.654786 0.056330
v 0.077145 -0.685681 0.056330
v 0.077145 -0.656009 0.073705
v 0.071935 -0.682200 0.056330
v 0.077145 -0.656009 0.056330
v 0.071935 -0.682200 0.073705
v 0.071935 -0.659490 0.073705
v 0.068454 -0.676990 0.056330
v 0.071935 -0.659490 0.056330
v 0.068454 -0.676990 0.073705
v 0.068454 -0.664700 0.073705
v 0.067231 -0.670845 0.056330
v 0.068454 -0.664700 0.056330
v 0.067231 -0.670845 0.073705
v 0.048202 -0.860315 0.075831
v 0.045498 -0.768692 0.074851
v 0.047413 -0.860342 0.074613
v 0.046147 -0.768692 0.075831
v 0.044727 -0.763835 0.074947
v 0.045498 -0.768692 0.074851
v 0.045313 -0.763835 0.075831
v 0.042808 -0.760992 0.075186
v 0.043235 -0.760992 0.075830
v 0.040501 -0.759216 0.075819
v 0.040289 -0.759216 0.075499
v 0.040501 -0.759216 0.075819
v 0.037478 -0.758639 0.075816
v 0.047413 -0.860342 0.055423
v 0.045498 -0.768692 0.055185
v 0.048202 -0.860315 0.054205
v 0.046147 -0.768692 0.054205
v 0.045498 -0.768692 0.055185
v 0.044727 -0.763835 0.055089
v 0.045313 -0.763835 0.054205
v 0.042808 -0.760992 0.054851
v 0.043235 -0.760992 0.054206
v 0.040501 -0.759216 0.054216
v 0.040289 -0.759216 0.054537
v 0.037478 -0.758639 0.054220
v 0.040501 -0.759216 0.054216
v 0.067231 -0.670845 0.085879
v 0.068454 -0.676990 0.085879
v 0.069391 -0.676602 0.088282
v 0.077145 -0.656009 0.085879
v 0.072652 -0.660208 0.088282
v 0.077533 -0.656947 0.088282
v 0.069391 -0.665088 0.088282
v 0.068246 -0.670845 0.088282
v 0.071655 -0.666026 0.089278
v 0.070697 -0.670845 0.089278
v 0.072652 -0.681482 0.088282
v 0.074385 -0.661940 0.089278
v 0.071655 -0.675664 0.089278
v 0.078471 -0.659210 0.089278
v 0.074385 -0.679750 0.089278
v 0.078471 -0.682479 0.089278
v 0.077533 -0.684743 0.088282
v 0.083290 -0.658252 0.089278
v 0.083290 -0.683438 0.089278
v 0.088109 -0.659210 0.089278
v 0.083290 -0.685888 0.088282
v 0.083290 -0.686904 0.085879
v 0.088109 -0.682479 0.089278
v 0.089047 -0.684743 0.088282
v 0.089435 -0.685681 0.085879
v 0.083290 -0.686904 0.044019
v 0.093927 -0.681482 0.088282
v 0.089435 -0.685681 0.044019
v 0.092195 -0.679750 0.089278
v 0.094924 -0.675664 0.089278
v 0.094924 -0.666026 0.089278
v 0.094645 -0.682200 0.085879
v 0.089047 -0.684743 0.041616
v 0.083290 -0.685888 0.041616
v 0.088109 -0.682479 0.040620
v 0.093927 -0.681482 0.041616
v 0.094645 -0.682200 0.044019
v 0.098126 -0.676990 0.085879
v 0.097188 -0.676602 0.088282
v 0.098126 -0.676990 0.044019
v 0.095883 -0.670845 0.089278
v 0.099349 -0.670845 0.085879
v 0.098333 -0.670845 0.088282
v 0.097188 -0.665088 0.088282
v 0.099349 -0.670845 0.044019
v 0.098126 -0.664700 0.085879
v 0.093927 -0.660208 0.088282
v 0.092195 -0.661940 0.089278
v 0.089047 -0.656947 0.088282
v 0.083290 -0.655801 0.088282
v 0.083290 -0.654786 0.085879
v 0.083290 -0.654786 0.044019
v 0.089435 -0.656009 0.085879
v 0.089435 -0.656009 0.044019
v 0.094645 -0.659490 0.085879
v 0.094645 -0.659490 0.044019
v 0.098126 -0.664700 0.044019
v 0.093927 -0.660208 0.041616
v 0.089047 -0.656947 0.041616
v 0.083290 -0.655801 0.041616
v 0.088109 -0.659210 0.040620
v 0.092195 -0.661940 0.040620
v 0.097188 -0.665088 0.041616
v 0.094924 -0.666026 0.040620
v 0.094924 -0.675664 0.040620
v 0.098333 -0.670845 0.041616
v 0.095883 -0.670845 0.040620
v 0.097188 -0.676602 0.041616
v 0.092195 -0.679750 0.040620
v 0.083290 -0.488706 0.089278
v 0.077533 -0.487401 0.088282
v 0.078471 -0.489665 0.089278
v 0.071655 -0.496480 0.089278
v 0.094924 -0.496480 0.089278
v 0.088109 -0.489665 0.089278
v 0.078471 -0.512934 0.089278
v 0.083290 -0.486256 0.088282
v 0.083290 -0.485241 0.085879
v 0.089047 -0.487401 0.088282
v 0.092195 -0.492395 0.089278
v 0.093927 -0.490662 0.088282
v 0.089435 -0.486463 0.085879
v 0.089435 -0.486463 0.044019
v 0.083290 -0.485241 0.044019
v 0.094645 -0.489944 0.085879
v 0.094645 -0.489944 0.044019
v 0.089047 -0.487401 0.041616
v 0.093927 -0.490662 0.041616
v 0.098126 -0.495154 0.044019
v 0.098126 -0.495154 0.085879
v 0.083290 -0.486256 0.041616
v 0.077533 -0.487401 0.041616
v 0.088109 -0.489665 0.040620
v 0.083290 -0.488706 0.040620
v 0.078471 -0.489665 0.040620
v 0.072652 -0.490662 0.041616
v 0.074385 -0.492395 0.040620
v 0.071655 -0.496480 0.040620
v 0.078471 -0.512934 0.040620
v 0.092195 -0.492395 0.040620
v 0.094924 -0.496480 0.040620
v 0.088109 -0.512934 0.040620
v 0.083290 -0.513893 0.040620
v 0.077533 -0.515198 0.041616
v 0.083290 -0.516343 0.041616
v 0.083290 -0.517358 0.044019
v 0.089047 -0.515198 0.041616
v 0.092195 -0.510204 0.040620
v 0.094924 -0.506119 0.040620
v 0.093927 -0.511937 0.041616
v 0.089435 -0.516136 0.044019
v 0.095883 -0.501299 0.040620
v 0.089435 -0.516136 0.085879
v 0.083290 -0.517358 0.085879
v 0.094645 -0.512655 0.044019
v 0.097188 -0.495543 0.041616
v 0.098333 -0.501299 0.041616
v 0.099349 -0.501299 0.044019
v 0.097188 -0.507056 0.041616
v 0.098126 -0.507445 0.044019
v 0.099349 -0.501299 0.085879
v 0.098126 -0.507445 0.085879
v 0.094645 -0.512655 0.085879
v 0.093927 -0.511937 0.088282
v 0.097188 -0.507056 0.088282
v 0.097188 -0.495543 0.088282
v 0.098333 -0.501299 0.088282
v 0.095883 -0.501299 0.089278
v 0.094924 -0.506119 0.089278
v 0.092195 -0.510204 0.089278
v 0.088109 -0.512934 0.089278
v 0.083290 -0.513893 0.089278
v 0.089047 -0.515198 0.088282
v 0.083290 -0.516343 0.088282
v 0.077533 -0.515198 0.088282
v 0.045090 -0.860342 0.073571
v 0.043625 -0.768692 0.074010
v 0.041615 -0.860342 0.072874
v 0.040822 -0.768692 0.073448
v 0.043035 -0.763835 0.074187
v 0.040503 -0.763835 0.073679
v 0.041566 -0.760992 0.074628
v 0.039708 -0.760992 0.074255
v 0.039638 -0.759216 0.075206
v 0.038664 -0.759216 0.075011
v 0.037478 -0.758639 0.075816
v 0.037515 -0.860342 0.072629
v 0.037515 -0.941309 0.072629
v 0.037515 -0.768692 0.073251
v 0.041615 -0.941309 0.072873
v 0.040503 -0.763835 0.073679
v 0.037515 -0.763835 0.073501
v 0.039708 -0.760992 0.074255
v 0.037515 -0.760992 0.074124
v 0.038664 -0.759216 0.075011
v 0.037515 -0.759216 0.074943
v 0.037478 -0.758639 0.075816
v 0.045091 -0.941309 0.073570
v 0.047413 -0.860342 0.074613
v 0.047414 -0.941309 0.074613
v 0.045498 -0.768692 0.074851
v 0.043625 -0.768692 0.074010
v 0.044727 -0.763835 0.074947
v 0.043035 -0.763835 0.074187
v 0.042808 -0.760992 0.075186
v 0.041566 -0.760992 0.074628
v 0.040289 -0.759216 0.075499
v 0.039638 -0.759216 0.075206
v 0.037478 -0.758639 0.075816
v 0.048221 -0.941309 0.075831
v 0.047413 -0.860342 0.074613
v 0.048202 -0.860315 0.075831
v 0.043625 -0.768692 0.056026
v 0.045090 -0.860342 0.056465
v 0.041615 -0.860342 0.057162
v 0.040822 -0.768692 0.056588
v 0.043035 -0.763835 0.055849
v 0.040503 -0.763835 0.056356
v 0.041566 -0.760992 0.055408
v 0.039708 -0.760992 0.055780
v 0.039638 -0.759216 0.054829
v 0.038664 -0.759216 0.055025
v 0.037478 -0.758639 0.054220
v 0.037515 -0.860342 0.057406
v 0.037515 -0.941309 0.057407
v 0.037515 -0.768692 0.056785
v 0.041615 -0.941309 0.057163
v 0.040503 -0.763835 0.056356
v 0.037515 -0.763835 0.056535
v 0.039708 -0.760992 0.055780
v 0.037515 -0.760992 0.055911
v 0.038664 -0.759216 0.055025
v 0.037515 -0.759216 0.055093
v 0.037478 -0.758639 0.054220
v 0.045091 -0.941309 0.056466
v 0.047413 -0.860342 0.055423
v 0.047414 -0.941309 0.055423
v 0.045498 -0.768692 0.055185
v 0.043625 -0.768692 0.056026
v 0.044727 -0.763835 0.055089
v 0.043035 -0.763835 0.055849
v 0.042808 -0.760992 0.054851
v 0.041566 -0.760992 0.055408
v 0.040289 -0.759216 0.054537
v 0.039638 -0.759216 0.054829
v 0.037478 -0.758639 0.054220
v 0.047413 -0.860342 0.055423
v 0.048221 -0.941309 0.054205
v 0.048202 -0.860315 0.054205
v 0.120334 -1.578196 0.065018
v 0.135266 -1.516567 0.065957
v 0.112881 -1.583371 0.066141
v 0.141916 -1.514720 0.065018
v 0.101821 -1.622629 0.065018
v 0.150378 -1.452821 0.065759
v 0.156516 -1.451244 0.065018
v 0.095935 -1.626390 0.065905
v 0.070612 -1.672881 0.065018
v 0.070785 -1.667271 0.065845
v 0.078676 -1.637416 0.068505
v 0.071295 -1.650820 0.068269
v 0.083658 -1.603659 0.070547
v 0.089022 -1.529403 0.072490
v 0.075122 -1.639686 0.069040
v 0.071570 -1.641956 0.069576
v 0.072397 -1.611477 0.072245
v 0.078027 -1.607568 0.071396
v 0.072782 -1.533911 0.074784
v 0.080902 -1.531657 0.073637
v 0.069635 -1.473569 0.075508
v 0.079839 -1.470947 0.074276
v 0.062598 -1.403466 0.075751
v 0.090044 -1.468325 0.073044
v 0.074673 -1.400579 0.074490
v 0.067152 -1.285325 0.075831
v 0.086747 -1.397691 0.073230
v 0.079586 -1.285951 0.074561
v 0.080893 -1.220907 0.074561
v 0.068295 -1.220580 0.075831
v 0.069437 -1.155834 0.075831
v 0.159461 -1.380303 0.065638
v 0.165402 -1.378881 0.065018
v 0.092021 -1.286576 0.073291
v 0.166900 -1.290342 0.065643
v 0.173020 -1.290650 0.065018
v 0.175559 -1.223366 0.065018
v 0.093491 -1.221234 0.073291
v 0.169359 -1.223205 0.065643
v 0.082050 -1.155864 0.074561
v 0.069437 -1.060113 0.075831
v 0.094664 -1.155893 0.073291
v 0.081752 -1.059754 0.074561
v 0.069295 -1.041421 0.075831
v 0.170621 -1.156067 0.065643
v 0.176828 -1.156081 0.065018
v 0.174289 -1.057059 0.065018
v 0.168229 -1.057235 0.065643
v 0.094067 -1.059395 0.073291
v 0.081571 -1.041089 0.074561
v 0.069273 -1.038589 0.075831
v 0.093847 -1.040757 0.073291
v 0.167773 -1.038756 0.065643
v 0.173814 -1.038593 0.065018
v 0.081543 -1.038261 0.074561
v 0.069236 -1.033751 0.075831
v 0.093813 -1.037933 0.073291
v 0.167704 -1.035956 0.065643
v 0.173742 -1.035795 0.065018
v 0.081496 -1.033430 0.074561
v 0.068530 -0.941148 0.075831
v 0.093756 -1.033108 0.073291
v 0.167586 -1.031173 0.065643
v 0.173619 -1.031015 0.065018
v 0.171266 -0.939530 0.065018
v 0.080597 -0.940958 0.074561
v 0.067914 -0.860290 0.075831
v 0.092663 -0.940768 0.073291
v 0.165328 -0.939624 0.065643
v 0.169211 -0.859649 0.065018
v 0.163356 -0.859686 0.065643
v 0.169211 -0.769280 0.065018
v 0.079811 -0.860215 0.074561
v 0.091709 -0.860140 0.073291
v 0.163283 -0.769225 0.065643
v 0.169211 -0.762173 0.065018
v 0.090739 -0.768558 0.073291
v 0.162705 -0.762105 0.065703
v 0.169211 -0.754247 0.067405
v 0.078692 -0.768447 0.074561
v 0.066646 -0.768336 0.075831
v 0.090662 -0.761356 0.073291
v 0.161213 -0.754230 0.068073
v 0.167262 -0.751715 0.068283
v 0.156360 -0.747242 0.075831
v 0.092323 -0.754082 0.073819
v 0.092321 -0.749366 0.075831
v 0.083574 -0.749656 0.075831
v 0.080520 -0.754057 0.074804
v 0.074826 -0.749946 0.075831
v 0.068716 -0.754031 0.075788
v 0.078604 -0.761230 0.074561
v 0.066546 -0.761105 0.075831
v 0.141916 -1.514720 0.065018
v 0.120334 -1.578196 0.065018
v 0.135266 -1.516567 0.064078
v 0.112881 -1.583371 0.063894
v 0.101821 -1.622629 0.065018
v 0.150378 -1.452821 0.064277
v 0.156516 -1.451244 0.065018
v 0.095935 -1.626390 0.064131
v 0.070612 -1.672881 0.065018
v 0.070785 -1.667271 0.064191
v 0.078676 -1.637416 0.061531
v 0.071295 -1.650820 0.061767
v 0.083658 -1.603659 0.059489
v 0.089022 -1.529403 0.057546
v 0.075122 -1.639686 0.060995
v 0.071570 -1.641956 0.060460
v 0.072397 -1.611477 0.057791
v 0.078027 -1.607568 0.058640
v 0.072782 -1.533911 0.055252
v 0.080902 -1.531657 0.056399
v 0.069635 -1.473569 0.054528
v 0.079839 -1.470947 0.055760
v 0.062598 -1.403466 0.054285
v 0.090044 -1.468325 0.056992
v 0.074673 -1.400579 0.055545
v 0.067152 -1.285325 0.054205
v 0.086747 -1.397691 0.056806
v 0.159461 -1.380303 0.064398
v 0.165402 -1.378881 0.065018
v 0.079586 -1.285951 0.055475
v 0.080893 -1.220907 0.055475
v 0.068295 -1.220580 0.054205
v 0.069437 -1.155834 0.054205
v 0.166900 -1.290342 0.064393
v 0.173020 -1.290650 0.065018
v 0.175559 -1.223366 0.065018
v 0.092021 -1.286576 0.056745
v 0.169359 -1.223205 0.064393
v 0.093491 -1.221234 0.056745
v 0.170621 -1.156067 0.064393
v 0.176828 -1.156081 0.065018
v 0.174289 -1.057059 0.065018
v 0.094664 -1.155893 0.056745
v 0.168229 -1.057235 0.064393
v 0.082050 -1.155864 0.055475
v 0.069437 -1.060113 0.054205
v 0.081752 -1.059754 0.055475
v 0.069295 -1.041421 0.054205
v 0.094067 -1.059395 0.056745
v 0.081571 -1.041089 0.055475
v 0.069273 -1.038589 0.054205
v 0.093847 -1.040757 0.056745
v 0.081543 -1.038261 0.055475
v 0.069236 -1.033751 0.054205
v 0.167773 -1.038756 0.064393
v 0.173814 -1.038593 0.065018
v 0.093813 -1.037933 0.056745
v 0.167704 -1.035956 0.064393
v 0.173742 -1.035795 0.065018
v 0.081496 -1.033430 0.055475
v 0.068530 -0.941148 0.054205
v 0.167586 -1.031173 0.064393
v 0.173619 -1.031015 0.065018
v 0.093756 -1.033108 0.056745
v 0.171266 -0.939530 0.065018
v 0.080597 -0.940958 0.055475
v 0.067914 -0.860290 0.054205
v 0.092663 -0.940768 0.056745
v 0.165328 -0.939624 0.064393
v 0.169211 -0.859649 0.065018
v 0.163356 -0.859686 0.064393
v 0.169211 -0.769280 0.065018
v 0.079811 -0.860215 0.055475
v 0.091709 -0.860140 0.056745
v 0.163283 -0.769225 0.064393
v 0.169211 -0.762173 0.065018
v 0.090739 -0.768558 0.056745
v 0.078692 -0.768447 0.055475
v 0.066646 -0.768336 0.054205
v 0.162705 -0.762105 0.064333
v 0.169211 -0.754247 0.062631
v 0.090662 -0.761356 0.056745
v 0.078604 -0.761230 0.055475
v 0.066546 -0.761105 0.054205
v 0.068716 -0.754031 0.054248
v 0.080520 -0.754057 0.055232
v 0.074826 -0.749946 0.054205
v 0.083574 -0.749656 0.054205
v 0.092323 -0.754082 0.056217
v 0.092321 -0.749366 0.054205
v 0.156360 -0.747242 0.054205
v 0.161213 -0.754230 0.061963
v 0.167262 -0.751715 0.061753
v 0.044727 -1.038789 0.074947
v 0.046147 -1.033932 0.075831
v 0.045498 -1.033932 0.074851
v 0.048221 -0.941309 0.075831
v 0.047414 -0.941309 0.074613
v 0.045313 -1.038789 0.075831
v 0.042808 -1.041632 0.075186
v 0.043236 -1.041632 0.075831
v 0.040509 -1.043408 0.075831
v 0.040289 -1.043408 0.075499
v 0.045498 -1.033932 0.074851
v 0.045091 -0.941309 0.073570
v 0.043625 -1.033932 0.074010
v 0.044727 -1.038789 0.074947
v 0.043035 -1.038789 0.074187
v 0.042808 -1.041632 0.075186
v 0.041566 -1.041632 0.074628
v 0.040289 -1.043408 0.075499
v 0.039638 -1.043408 0.075206
v 0.037616 -1.043983 0.075831
v 0.041615 -0.941309 0.072873
v 0.043625 -1.033932 0.074010
v 0.040822 -1.033932 0.073448
v 0.037515 -0.941309 0.072629
v 0.043035 -1.038789 0.074187
v 0.037515 -1.033932 0.073251
v 0.040503 -1.038789 0.073679
v 0.040503 -1.038789 0.073679
v 0.041566 -1.041632 0.074628
v 0.037515 -1.038789 0.073501
v 0.039708 -1.041632 0.074255
v 0.039708 -1.041632 0.074255
v 0.039638 -1.043408 0.075206
v 0.038664 -1.043408 0.075011
v 0.037616 -1.043983 0.075831
v 0.037515 -1.041632 0.074124
v 0.038664 -1.043408 0.075011
v 0.037515 -1.043408 0.074943
v 0.037616 -1.043983 0.075831
v 0.044727 -1.038789 0.055089
v 0.046147 -1.033932 0.054205
v 0.045313 -1.038789 0.054205
v 0.045498 -1.033932 0.055185
v 0.048221 -0.941309 0.054205
v 0.047414 -0.941309 0.055423
v 0.042808 -1.041632 0.054851
v 0.043236 -1.041632 0.054205
v 0.040509 -1.043408 0.054205
v 0.040289 -1.043408 0.054537
v 0.045498 -1.033932 0.055185
v 0.045091 -0.941309 0.056466
v 0.043625 -1.033932 0.056026
v 0.044727 -1.038789 0.055089
v 0.043035 -1.038789 0.055849
v 0.042808 -1.041632 0.054851
v 0.041566 -1.041632 0.055408
v 0.040289 -1.043408 0.054537
v 0.039638 -1.043408 0.054829
v 0.037616 -1.043983 0.054205
v 0.041615 -0.941309 0.057163
v 0.043625 -1.033932 0.056026
v 0.040822 -1.033932 0.056588
v 0.037515 -0.941309 0.057407
v 0.043035 -1.038789 0.055849
v 0.037515 -1.033932 0.056785
v 0.040503 -1.038789 0.056356
v 0.040503 -1.038789 0.056356
v 0.041566 -1.041632 0.055408
v 0.037515 -1.038789 0.056535
v 0.039708 -1.041632 0.055780
v 0.039708 -1.041632 0.055780
v 0.039638 -1.043408 0.054829
v 0.038664 -1.043408 0.055025
v 0.037616 -1.043983 0.054205
v 0.037515 -1.041632 0.055911
v 0.038664 -1.043408 0.055025
v 0.037515 -1.043408 0.055093
v 0.037616 -1.043983 0.054205
v 0.091991 -0.727426 0.075831
v 0.151871 -0.729081 0.075831
v 0.150936 -0.707663 0.075831
v 0.092321 -0.749366 0.075831
v 0.156360 -0.747242 0.075831
v 0.083574 -0.749656 0.075831
v 0.083290 -0.727311 0.075831
v 0.074826 -0.749946 0.075831
v 0.091991 -0.706673 0.075831
v 0.090233 -0.687606 0.075831
v 0.156178 -0.686380 0.075831
v 0.083290 -0.688987 0.075831
v 0.096118 -0.683673 0.075831
v 0.100051 -0.677788 0.075831
v 0.101432 -0.670845 0.075831
v 0.100051 -0.663902 0.075831
v 0.167930 -0.660437 0.075831
v 0.096118 -0.658017 0.075831
v 0.091991 -0.641611 0.075831
v 0.090233 -0.654084 0.075831
v 0.180837 -0.640582 0.075831
v 0.083290 -0.652703 0.075831
v 0.083290 -0.641539 0.075831
v 0.074588 -0.641467 0.075831
v 0.076347 -0.654084 0.075831
v 0.091991 -0.633642 0.075831
v 0.070462 -0.658017 0.075831
v 0.180837 -0.633642 0.075831
v 0.206272 -0.630890 0.075831
v 0.180837 -0.620617 0.075831
v 0.224137 -0.618636 0.075831
v 0.083290 -0.633642 0.075831
v 0.091991 -0.620617 0.075831
v 0.180837 -0.612723 0.075831
v 0.226278 -0.612670 0.075831
v 0.224179 -0.606158 0.075831
v 0.083290 -0.620617 0.075831
v 0.180837 -0.603954 0.075831
v 0.211823 -0.600189 0.075831
v 0.091991 -0.612723 0.075831
v 0.092060 -0.603954 0.075831
v 0.180837 -0.597630 0.075831
v 0.201565 -0.590156 0.075831
v 0.083290 -0.612723 0.075831
v 0.083359 -0.603954 0.075831
v 0.091992 -0.597463 0.075831
v 0.180837 -0.587972 0.075831
v 0.180127 -0.568548 0.075831
v 0.091992 -0.587337 0.075831
v 0.083290 -0.597456 0.075831
v 0.074657 -0.603954 0.075831
v 0.074588 -0.612723 0.075831
v 0.074588 -0.597449 0.075831
v 0.091991 -0.567363 0.075831
v 0.172393 -0.541587 0.075831
v 0.083290 -0.587309 0.075831
v 0.091991 -0.540282 0.075831
v 0.157832 -0.517359 0.075831
v 0.083290 -0.567305 0.075831
v 0.074588 -0.587282 0.075831
v 0.090233 -0.518061 0.075831
v 0.096118 -0.514128 0.075831
v 0.140556 -0.499834 0.075831
v 0.083290 -0.519442 0.075831
v 0.100051 -0.508242 0.075831
v 0.101432 -0.501299 0.075831
v 0.115122 -0.483533 0.075831
v 0.100051 -0.494357 0.075831
v 0.096118 -0.488471 0.075831
v 0.092462 -0.482811 0.075831
v 0.092794 -0.475301 0.075831
v 0.090233 -0.484538 0.075831
v 0.083417 -0.475496 0.075831
v 0.083761 -0.482673 0.075831
v 0.083290 -0.483157 0.075831
v 0.075059 -0.482535 0.075831
v 0.074040 -0.475691 0.075831
v 0.076347 -0.484538 0.075831
v 0.070462 -0.488471 0.075831
v 0.057436 -0.482589 0.075831
v 0.066529 -0.494357 0.075831
v 0.054892 -0.499180 0.075831
v 0.065148 -0.501299 0.075831
v 0.034724 -0.499182 0.075831
v 0.066529 -0.508242 0.075831
v 0.047933 -0.515922 0.075831
v 0.070462 -0.514128 0.075831
v 0.020806 -0.515922 0.075831
v 0.076347 -0.518061 0.075831
v 0.041343 -0.540137 0.075831
v 0.074588 -0.540140 0.075831
v 0.008099 -0.540135 0.075831
v 0.037648 -0.567247 0.075831
v 0.083290 -0.540211 0.075831
v 0.074588 -0.567247 0.075831
v 0.000707 -0.567247 0.075831
v 0.037409 -0.587311 0.075831
v 0.000230 -0.587341 0.075831
v -0.020720 -0.589494 0.075831
v 0.037409 -0.597456 0.075831
v 0.000230 -0.597464 0.075831
v -0.031181 -0.600000 0.075831
v 0.000230 -0.603954 0.075831
v -0.043457 -0.606126 0.075831
v 0.037444 -0.603954 0.075831
v 0.037409 -0.612723 0.075831
v 0.000230 -0.612723 0.075831
v -0.045472 -0.612650 0.075831
v -0.043343 -0.618581 0.075831
v 0.000230 -0.620617 0.075831
v -0.024077 -0.630848 0.075831
v 0.037409 -0.620617 0.075831
v 0.000230 -0.633642 0.075831
v 0.000230 -0.639379 0.075831
v 0.074588 -0.620617 0.075831
v 0.037409 -0.633642 0.075831
v 0.074588 -0.633642 0.075831
v 0.037409 -0.640423 0.075831
v 0.009169 -0.659930 0.075831
v 0.037165 -0.660185 0.075831
v 0.066529 -0.663902 0.075831
v 0.010277 -0.685873 0.075831
v 0.065148 -0.670845 0.075831
v 0.037165 -0.685881 0.075831
v 0.066529 -0.677788 0.075831
v 0.070462 -0.683673 0.075831
v 0.010903 -0.706577 0.075831
v 0.076347 -0.687606 0.075831
v 0.037478 -0.706555 0.075831
v 0.074588 -0.706533 0.075831
v 0.011162 -0.727279 0.075831
v 0.037478 -0.727238 0.075831
v 0.011162 -0.749837 0.075830
v 0.074588 -0.727196 0.075831
v 0.037478 -0.749892 0.075830
v 0.011209 -0.753967 0.075830
v 0.083290 -0.706603 0.075831
v 0.068716 -0.754031 0.075788
v 0.037478 -0.753999 0.075809
v 0.031724 -0.761090 0.075831
v 0.011291 -0.761081 0.075831
v 0.029717 -0.763835 0.075831
v 0.028883 -0.768692 0.075831
v 0.011380 -0.768921 0.075831
v 0.026828 -0.860342 0.075831
v 0.012425 -0.860360 0.075831
v 0.026809 -0.941309 0.075831
v 0.013717 -0.941568 0.075831
v 0.015190 -1.034160 0.075831
v 0.028883 -1.033932 0.075831
v 0.015267 -1.039028 0.075831
v 0.029717 -1.038789 0.075831
v 0.015313 -1.041901 0.075831
v 0.031795 -1.041632 0.075831
v 0.015602 -1.060063 0.075831
v 0.034522 -1.043408 0.075831
v 0.037616 -1.043983 0.075831
v 0.069437 -1.060113 0.075831
v 0.040509 -1.043408 0.075831
v 0.017190 -1.155776 0.075831
v 0.043236 -1.041632 0.075831
v 0.069437 -1.155834 0.075831
v 0.069295 -1.041421 0.075831
v 0.068295 -1.220580 0.075831
v 0.045313 -1.038789 0.075831
v 0.018770 -1.228079 0.075831
v 0.069273 -1.038589 0.075831
v 0.030336 -1.270789 0.075831
v 0.046147 -1.033932 0.075831
v 0.067152 -1.285325 0.075831
v 0.050037 -1.344526 0.075805
v 0.062598 -1.403466 0.075751
v 0.069236 -1.033751 0.075831
v 0.048221 -0.941309 0.075831
v 0.068530 -0.941148 0.075831
v 0.048202 -0.860315 0.075831
v 0.067914 -0.860290 0.075831
v 0.066646 -0.768336 0.075831
v 0.046147 -0.768692 0.075831
v 0.066546 -0.761105 0.075831
v 0.045313 -0.763835 0.075831
v 0.043235 -0.760992 0.075830
v 0.040501 -0.759216 0.075819
v 0.037478 -0.758639 0.075816
v 0.034529 -0.759216 0.075819
v 0.074588 -0.706533 0.054205
v 0.037165 -0.685881 0.054205
v 0.076347 -0.687606 0.054205
v 0.070462 -0.683673 0.054205
v 0.066529 -0.677788 0.054205
v 0.083290 -0.688987 0.054205
v 0.065148 -0.670845 0.054205
v 0.083290 -0.706603 0.054205
v 0.037165 -0.660185 0.054205
v 0.066529 -0.663902 0.054205
v 0.070462 -0.658017 0.054205
v 0.010277 -0.685873 0.054205
v 0.009169 -0.659930 0.054205
v 0.010903 -0.706577 0.054205
v 0.037409 -0.640423 0.054205
v 0.000230 -0.639379 0.054205
v 0.074588 -0.641467 0.054205
v 0.076347 -0.654084 0.054205
v 0.037478 -0.706555 0.054205
v 0.011162 -0.727279 0.054205
v 0.083290 -0.652703 0.054205
v 0.074588 -0.727196 0.054205
v 0.037478 -0.727238 0.054205
v 0.011162 -0.749837 0.054206
v 0.037478 -0.749892 0.054206
v 0.011209 -0.753967 0.054206
v 0.074826 -0.749946 0.054205
v 0.068716 -0.754031 0.054248
v 0.083290 -0.727311 0.054205
v 0.083574 -0.749656 0.054205
v 0.037478 -0.753999 0.054227
v 0.091991 -0.706673 0.054205
v 0.090233 -0.687606 0.054205
v 0.091991 -0.727426 0.054205
v 0.092321 -0.749366 0.054205
v 0.150936 -0.707663 0.054205
v 0.151871 -0.729081 0.054205
v 0.156360 -0.747242 0.054205
v 0.156178 -0.686380 0.054205
v 0.096118 -0.683673 0.054205
v 0.100051 -0.677788 0.054205
v 0.101432 -0.670845 0.054205
v 0.100051 -0.663902 0.054205
v 0.167930 -0.660437 0.054205
v 0.096118 -0.658017 0.054205
v 0.091991 -0.641611 0.054205
v 0.090233 -0.654084 0.054205
v 0.180837 -0.640582 0.054205
v 0.083290 -0.641539 0.054205
v 0.091991 -0.633642 0.054205
v 0.180837 -0.633642 0.054205
v 0.206272 -0.630890 0.054205
v 0.180837 -0.620617 0.054205
v 0.224137 -0.618636 0.054205
v 0.083290 -0.633642 0.054205
v 0.074588 -0.633642 0.054205
v 0.180837 -0.612723 0.054205
v 0.226278 -0.612670 0.054205
v 0.224179 -0.606158 0.054205
v 0.037409 -0.633642 0.054205
v 0.074588 -0.620617 0.054205
v 0.083290 -0.620617 0.054205
v 0.000230 -0.633642 0.054205
v -0.024077 -0.630848 0.054205
v 0.037409 -0.620617 0.054205
v 0.074588 -0.612723 0.054205
v 0.000230 -0.620617 0.054205
v -0.043343 -0.618581 0.054205
v 0.037409 -0.612723 0.054205
v 0.000230 -0.612723 0.054205
v -0.045472 -0.612650 0.054205
v -0.043457 -0.606126 0.054205
v 0.000230 -0.603954 0.054205
v -0.031181 -0.600000 0.054205
v 0.037444 -0.603954 0.054205
v 0.000230 -0.597464 0.054205
v -0.020720 -0.589494 0.054205
v 0.037409 -0.597456 0.054205
v 0.000230 -0.587341 0.054205
v 0.000707 -0.567247 0.054205
v 0.037409 -0.587311 0.054205
v 0.074588 -0.597449 0.054205
v 0.037648 -0.567247 0.054205
v 0.008099 -0.540135 0.054205
v 0.074588 -0.587282 0.054205
v 0.041343 -0.540137 0.054205
v 0.020806 -0.515922 0.054205
v 0.074588 -0.567247 0.054205
v 0.047933 -0.515922 0.054205
v 0.034724 -0.499182 0.054205
v 0.074588 -0.540140 0.054205
v 0.083290 -0.567305 0.054205
v 0.083290 -0.540211 0.054205
v 0.083290 -0.519442 0.054205
v 0.076347 -0.518061 0.054205
v 0.070462 -0.514128 0.054205
v 0.066529 -0.508242 0.054205
v 0.091991 -0.540282 0.054205
v 0.090233 -0.518061 0.054205
v 0.157832 -0.517359 0.054205
v 0.096118 -0.514128 0.054205
v 0.140556 -0.499834 0.054205
v 0.100051 -0.508242 0.054205
v 0.101432 -0.501299 0.054205
v 0.172393 -0.541587 0.054205
v 0.115122 -0.483533 0.054205
v 0.100051 -0.494357 0.054205
v 0.096118 -0.488471 0.054205
v 0.092462 -0.482811 0.054205
v 0.092794 -0.475301 0.054205
v 0.090233 -0.484538 0.054205
v 0.083417 -0.475496 0.054205
v 0.083761 -0.482673 0.054205
v 0.083290 -0.483157 0.054205
v 0.075059 -0.482535 0.054205
v 0.074040 -0.475691 0.054205
v 0.076347 -0.484538 0.054205
v 0.070462 -0.488471 0.054205
v 0.057436 -0.482589 0.054205
v 0.066529 -0.494357 0.054205
v 0.054892 -0.499180 0.054205
v 0.065148 -0.501299 0.054205
v 0.043235 -0.760992 0.054206
v 0.066546 -0.761105 0.054205
v 0.045313 -0.763835 0.054205
v 0.046147 -0.768692 0.054205
v 0.066646 -0.768336 0.054205
v 0.048202 -0.860315 0.054205
v 0.067914 -0.860290 0.054205
v 0.068530 -0.941148 0.054205
v 0.048221 -0.941309 0.054205
v 0.069236 -1.033751 0.054205
v 0.046147 -1.033932 0.054205
v 0.069273 -1.038589 0.054205
v 0.045313 -1.038789 0.054205
v 0.069295 -1.041421 0.054205
v 0.043236 -1.041632 0.054205
v 0.069437 -1.060113 0.054205
v 0.040509 -1.043408 0.054205
v 0.037616 -1.043983 0.054205
v 0.015602 -1.060063 0.054205
v 0.034522 -1.043408 0.054205
v 0.031795 -1.041632 0.054205
v 0.017190 -1.155776 0.054205
v 0.015313 -1.041901 0.054205
v 0.069437 -1.155834 0.054205
v 0.029717 -1.038789 0.054205
v 0.068295 -1.220580 0.054205
v 0.015267 -1.039028 0.054205
v 0.018770 -1.228079 0.054205
v 0.028883 -1.033932 0.054205
v 0.030336 -1.270789 0.054205
v 0.015190 -1.034160 0.054205
v 0.067152 -1.285325 0.054205
v 0.050037 -1.344526 0.054231
v 0.062598 -1.403466 0.054285
v 0.026809 -0.941309 0.054205
v 0.013717 -0.941568 0.054205
v 0.012425 -0.860360 0.054205
v 0.026828 -0.860342 0.054205
v 0.011380 -0.768921 0.054205
v 0.028883 -0.768692 0.054205
v 0.011291 -0.761081 0.054205
v 0.029717 -0.763835 0.054205
v 0.031724 -0.761090 0.054205
v 0.034529 -0.759216 0.054216
v 0.037478 -0.758639 0.054220
v 0.040501 -0.759216 0.054216
v 0.091991 -0.612723 0.054205
v 0.091991 -0.620617 0.054205
v 0.083290 -0.612723 0.054205
v 0.074657 -0.603954 0.054205
v 0.083359 -0.603954 0.054205
v 0.083290 -0.597456 0.054205
v 0.083290 -0.587309 0.054205
v 0.092060 -0.603954 0.054205
v 0.091992 -0.597463 0.054205
v 0.091992 -0.587337 0.054205
v 0.091991 -0.567363 0.054205
v 0.180127 -0.568548 0.054205
v 0.180837 -0.587972 0.054205
v 0.201565 -0.590156 0.054205
v 0.180837 -0.597630 0.054205
v 0.211823 -0.600189 0.054205
v 0.180837 -0.603954 0.054205
v 0.068454 -0.676990 0.056330
v 0.065148 -0.670845 0.054205
v 0.067231 -0.670845 0.056330
v 0.068454 -0.664700 0.056330
v 0.066529 -0.677788 0.054205
v 0.066529 -0.663902 0.054205
v 0.071935 -0.682200 0.056330
v 0.071935 -0.659490 0.056330
v 0.070462 -0.683673 0.054205
v 0.070462 -0.658017 0.054205
v 0.076347 -0.687606 0.054205
v 0.076347 -0.654084 0.054205
v 0.077145 -0.685681 0.056330
v 0.077145 -0.656009 0.056330
v 0.083290 -0.688987 0.054205
v 0.083290 -0.652703 0.054205
v 0.083290 -0.686904 0.056330
v 0.083290 -0.654786 0.056330
v 0.089435 -0.685681 0.056330
v 0.089435 -0.656009 0.056330
v 0.090233 -0.687606 0.054205
v 0.090233 -0.654084 0.054205
v 0.094645 -0.682200 0.056330
v 0.094645 -0.659490 0.056330
v 0.096118 -0.683673 0.054205
v 0.096118 -0.658017 0.054205
v 0.100051 -0.677788 0.054205
v 0.100051 -0.663902 0.054205
v 0.098126 -0.676990 0.056330
v 0.098126 -0.664700 0.056330
v 0.101432 -0.670845 0.054205
v 0.099349 -0.670845 0.056330
v 0.083290 -0.652703 0.075831
v 0.076347 -0.654084 0.075831
v 0.077145 -0.656009 0.073705
v 0.083290 -0.654786 0.073705
v 0.071935 -0.659490 0.073705
v 0.089435 -0.656009 0.073705
v 0.070462 -0.658017 0.075831
v 0.090233 -0.654084 0.075831
v 0.066529 -0.663902 0.075831
v 0.094645 -0.659490 0.073705
v 0.068454 -0.664700 0.073705
v 0.096118 -0.658017 0.075831
v 0.065148 -0.670845 0.075831
v 0.100051 -0.663902 0.075831
v 0.067231 -0.670845 0.073705
v 0.098126 -0.664700 0.073705
v 0.068454 -0.676990 0.073705
v 0.101432 -0.670845 0.075831
v 0.066529 -0.677788 0.075831
v 0.099349 -0.670845 0.073705
v 0.071935 -0.682200 0.073705
v 0.098126 -0.676990 0.073705
v 0.070462 -0.683673 0.075831
v 0.100051 -0.677788 0.075831
v 0.076347 -0.687606 0.075831
v 0.094645 -0.682200 0.073705
v 0.077145 -0.685681 0.073705
v 0.096118 -0.683673 0.075831
v 0.083290 -0.688987 0.075831
v 0.090233 -0.687606 0.075831
v 0.083290 -0.686904 0.073705
v 0.089435 -0.685681 0.073705
v 0.100051 -0.494357 0.075831
v 0.096118 -0.488471 0.075831
v 0.094645 -0.489944 0.073705
v 0.090233 -0.484538 0.075831
v 0.098126 -0.495154 0.073705
v 0.089435 -0.486463 0.073705
v 0.101432 -0.501299 0.075831
v 0.083290 -0.483157 0.075831
v 0.099349 -0.501299 0.073705
v 0.083290 -0.485241 0.073705
v 0.098126 -0.507445 0.073705
v 0.077145 -0.486463 0.073705
v 0.100051 -0.508242 0.075831
v 0.076347 -0.484538 0.075831
v 0.094645 -0.512655 0.073705
v 0.071935 -0.489944 0.073705
v 0.096118 -0.514128 0.075831
v 0.070462 -0.488471 0.075831
v 0.090233 -0.518061 0.075831
v 0.066529 -0.494357 0.075831
v 0.089435 -0.516136 0.073705
v 0.068454 -0.495154 0.073705
v 0.083290 -0.519442 0.075831
v 0.065148 -0.501299 0.075831
v 0.083290 -0.517358 0.073705
v 0.067231 -0.501299 0.073705
v 0.077145 -0.516136 0.073705
v 0.068454 -0.507445 0.073705
v 0.076347 -0.518061 0.075831
v 0.066529 -0.508242 0.075831
v 0.071935 -0.512655 0.073705
v 0.070462 -0.514128 0.075831
v 0.098126 -0.507445 0.056330
v 0.101432 -0.501299 0.054205
v 0.100051 -0.508242 0.054205
v 0.099349 -0.501299 0.056330
v 0.094645 -0.512655 0.056330
v 0.098126 -0.495154 0.056330
v 0.096118 -0.514128 0.054205
v 0.100051 -0.494357 0.054205
v 0.090233 -0.518061 0.054205
v 0.094645 -0.489944 0.056330
v 0.089435 -0.516136 0.056330
v 0.096118 -0.488471 0.054205
v 0.083290 -0.519442 0.054205
v 0.090233 -0.484538 0.054205
v 0.083290 -0.517358 0.056330
v 0.089435 -0.486463 0.056330
v 0.077145 -0.516136 0.056330
v 0.083290 -0.483157 0.054205
v 0.076347 -0.518061 0.054205
v 0.083290 -0.485241 0.056330
v 0.071935 -0.512655 0.056330
v 0.077145 -0.486463 0.056330
v 0.070462 -0.514128 0.054205
v 0.076347 -0.484538 0.054205
v 0.066529 -0.508242 0.054205
v 0.071935 -0.489944 0.056330
v 0.068454 -0.507445 0.056330
v 0.070462 -0.488471 0.054205
v 0.065148 -0.501299 0.054205
v 0.066529 -0.494357 0.054205
v 0.067231 -0.501299 0.056330
v 0.068454 -0.495154 0.056330
v 0.029940 -0.860342 0.073571
v 0.033415 -0.941309 0.072873
v 0.033415 -0.860342 0.072874
v 0.037515 -0.941309 0.072629
v 0.031406 -0.768692 0.074010
v 0.037515 -0.860342 0.072629
v 0.034209 -0.768692 0.073448
v 0.031995 -0.763835 0.074187
v 0.037515 -0.768692 0.073251
v 0.034528 -0.763835 0.073679
v 0.034528 -0.763835 0.073679
v 0.033465 -0.760992 0.074628
v 0.037515 -0.763835 0.073501
v 0.035323 -0.760992 0.074255
v 0.035323 -0.760992 0.074255
v 0.035393 -0.759216 0.075206
v 0.036366 -0.759216 0.075011
v 0.037478 -0.758639 0.075816
v 0.037515 -0.760992 0.074124
v 0.036366 -0.759216 0.075011
v 0.037515 -0.759216 0.074943
v 0.037478 -0.758639 0.075816
v 0.033415 -0.941309 0.057163
v 0.029940 -0.860342 0.056465
v 0.033415 -0.860342 0.057162
v 0.037515 -0.941309 0.057407
v 0.031406 -0.768692 0.056026
v 0.037515 -0.860342 0.057406
v 0.034209 -0.768692 0.056588
v 0.031995 -0.763835 0.055849
v 0.037515 -0.768692 0.056785
v 0.034528 -0.763835 0.056356
v 0.034528 -0.763835 0.056356
v 0.033465 -0.760992 0.055408
v 0.037515 -0.763835 0.056535
v 0.035323 -0.760992 0.055780
v 0.035323 -0.760992 0.055780
v 0.035393 -0.759216 0.054829
v 0.036366 -0.759216 0.055025
v 0.037478 -0.758639 0.054220
v 0.037515 -0.760992 0.055911
v 0.036366 -0.759216 0.055025
v 0.037515 -0.759216 0.055093
v 0.037478 -0.758639 0.054220
v 0.071655 -0.506119 0.089278
v 0.070697 -0.501299 0.089278
v 0.074385 -0.510204 0.089278
v 0.072652 -0.511937 0.088282
v 0.068246 -0.501299 0.088282
v 0.069391 -0.507056 0.088282
v 0.069391 -0.495543 0.088282
v 0.067231 -0.501299 0.085879
v 0.068454 -0.507445 0.085879
v 0.071935 -0.512655 0.085879
v 0.067231 -0.501299 0.044019
v 0.077145 -0.516136 0.085879
v 0.068454 -0.507445 0.044019
v 0.071935 -0.512655 0.044019
v 0.077145 -0.516136 0.044019
v 0.072652 -0.511937 0.041616
v 0.069391 -0.507056 0.041616
v 0.068246 -0.501299 0.041616
v 0.071655 -0.506119 0.040620
v 0.074385 -0.510204 0.040620
v 0.070697 -0.501299 0.040620
v 0.069391 -0.495543 0.041616
v 0.068454 -0.495154 0.044019
v 0.068454 -0.495154 0.085879
v 0.071935 -0.489944 0.044019
v 0.072652 -0.490662 0.088282
v 0.071935 -0.489944 0.085879
v 0.077145 -0.486463 0.044019
v 0.077145 -0.486463 0.085879
v 0.074385 -0.492395 0.089278
v 0.068454 -0.676990 0.044019
v 0.071935 -0.682200 0.085879
v 0.071935 -0.682200 0.044019
v 0.077145 -0.685681 0.085879
v 0.072652 -0.681482 0.041616
v 0.077145 -0.685681 0.044019
v 0.067231 -0.670845 0.044019
v 0.069391 -0.676602 0.041616
v 0.077533 -0.684743 0.041616
v 0.071655 -0.675664 0.040620
v 0.078471 -0.682479 0.040620
v 0.074385 -0.679750 0.040620
v 0.070697 -0.670845 0.040620
v 0.068246 -0.670845 0.041616
v 0.071655 -0.666026 0.040620
v 0.069391 -0.665088 0.041616
v 0.078471 -0.659210 0.040620
v 0.072652 -0.660208 0.041616
v 0.083290 -0.683438 0.040620
v 0.074385 -0.661940 0.040620
v 0.077533 -0.656947 0.041616
v 0.083290 -0.658252 0.040620
v 0.077145 -0.656009 0.044019
v 0.071935 -0.659490 0.044019
v 0.068454 -0.664700 0.044019
v 0.068454 -0.664700 0.085879
v 0.071935 -0.659490 0.085879
v 0.034528 -1.038789 0.073679
v 0.037515 -1.038789 0.073501
v 0.037515 -1.033932 0.073251
v 0.035323 -1.041632 0.074255
v 0.037515 -1.041632 0.074124
v 0.036366 -1.043408 0.075011
v 0.037515 -1.043408 0.074943
v 0.037616 -1.043983 0.075831
v 0.034209 -1.033932 0.073448
v 0.037515 -0.941309 0.072629
v 0.033415 -0.941309 0.072873
v 0.031406 -1.033932 0.074010
v 0.029939 -0.941309 0.073570
v 0.031995 -1.038789 0.074187
v 0.034528 -1.038789 0.073679
v 0.033465 -1.041632 0.074628
v 0.035323 -1.041632 0.074255
v 0.035393 -1.043408 0.075206
v 0.036366 -1.043408 0.075011
v 0.037616 -1.043983 0.075831
v 0.029533 -1.033932 0.074851
v 0.027617 -0.941309 0.074613
v 0.031406 -1.033932 0.074010
v 0.030303 -1.038789 0.074947
v 0.031995 -1.038789 0.074187
v 0.032223 -1.041632 0.075186
v 0.033465 -1.041632 0.074628
v 0.034742 -1.043408 0.075499
v 0.035393 -1.043408 0.075206
v 0.037616 -1.043983 0.075831
v 0.026809 -0.941309 0.075831
v 0.029533 -1.033932 0.074851
v 0.028883 -1.033932 0.075831
v 0.030303 -1.038789 0.074947
v 0.029717 -1.038789 0.075831
v 0.032223 -1.041632 0.075186
v 0.031795 -1.041632 0.075831
v 0.034522 -1.043408 0.075831
v 0.034742 -1.043408 0.075499
v 0.037616 -1.043983 0.075831
v 0.034528 -1.038789 0.056356
v 0.037515 -1.033932 0.056785
v 0.037515 -1.038789 0.056535
v 0.035323 -1.041632 0.055780
v 0.037515 -1.041632 0.055911
v 0.036366 -1.043408 0.055025
v 0.037515 -1.043408 0.055093
v 0.037616 -1.043983 0.054205
v 0.034209 -1.033932 0.056588
v 0.037515 -0.941309 0.057407
v 0.033415 -0.941309 0.057163
v 0.031406 -1.033932 0.056026
v 0.029939 -0.941309 0.056466
v 0.031995 -1.038789 0.055849
v 0.034528 -1.038789 0.056356
v 0.033465 -1.041632 0.055408
v 0.035323 -1.041632 0.055780
v 0.035393 -1.043408 0.054829
v 0.036366 -1.043408 0.055025
v 0.037616 -1.043983 0.054205
v 0.029533 -1.033932 0.055185
v 0.027617 -0.941309 0.055423
v 0.031406 -1.033932 0.056026
v 0.030303 -1.038789 0.055089
v 0.031995 -1.038789 0.055849
v 0.032223 -1.041632 0.054851
v 0.033465 -1.041632 0.055408
v 0.034742 -1.043408 0.054537
v 0.035393 -1.043408 0.054829
v 0.037616 -1.043983 0.054205
v 0.029533 -1.033932 0.055185
v 0.026809 -0.941309 0.054205
v 0.028883 -1.033932 0.054205
v 0.030303 -1.038789 0.055089
v 0.029717 -1.038789 0.054205
v 0.032223 -1.041632 0.054851
v 0.031795 -1.041632 0.054205
v 0.034522 -1.043408 0.054205
v 0.034742 -1.043408 0.054537
v 0.037616 -1.043983 0.054205
v 0.029533 -0.768692 0.074851
v 0.027618 -0.860342 0.074613
v 0.031406 -0.768692 0.074010
v 0.030303 -0.763835 0.074947
v 0.031995 -0.763835 0.074187
v 0.032223 -0.760992 0.075186
v 0.033465 -0.760992 0.074628
v 0.034742 -0.759216 0.075499
v 0.035393 -0.759216 0.075206
v 0.037478 -0.758639 0.075816
v 0.029939 -0.941309 0.073570
v 0.027617 -0.941309 0.074613
v 0.026809 -0.941309 0.075831
v 0.026828 -0.860342 0.075831
v 0.029533 -0.768692 0.074851
v 0.028883 -0.768692 0.075831
v 0.030303 -0.763835 0.074947
v 0.029717 -0.763835 0.075831
v 0.031724 -0.761090 0.075831
v 0.032223 -0.760992 0.075186
v 0.029533 -0.768692 0.055185
v 0.031406 -0.768692 0.056026
v 0.030303 -0.763835 0.055089
v 0.031995 -0.763835 0.055849
v 0.032223 -0.760992 0.054851
v 0.033465 -0.760992 0.055408
v 0.034742 -0.759216 0.054537
v 0.035393 -0.759216 0.054829
v 0.037478 -0.758639 0.054220
v 0.027618 -0.860342 0.055423
v 0.029939 -0.941309 0.056466
v 0.027617 -0.941309 0.055423
v 0.026809 -0.941309 0.054205
v 0.026828 -0.860342 0.054205
v 0.029533 -0.768692 0.055185
v 0.028883 -0.768692 0.054205
v 0.030303 -0.763835 0.055089
v 0.029717 -0.763835 0.054205
v 0.031724 -0.761090 0.054205
v 0.032223 -0.760992 0.054851
v 0.034529 -0.759216 0.075819
v 0.031724 -0.761090 0.075831
v 0.032223 -0.760992 0.075186
v 0.034742 -0.759216 0.075499
v 0.037478 -0.758639 0.075816
v 0.034529 -0.759216 0.075819
v 0.031724 -0.761090 0.054205
v 0.034529 -0.759216 0.054216
v 0.032223 -0.760992 0.054851
v 0.034742 -0.759216 0.054537
v 0.034529 -0.759216 0.054216
v 0.037478 -0.758639 0.054220
v 0.040289 -1.043408 0.075499
v 0.037616 -1.043983 0.075831
v 0.040509 -1.043408 0.075831
v 0.040289 -1.043408 0.054537
v 0.040509 -1.043408 0.054205
v 0.037616 -1.043983 0.054205
vn -0.0209 0.9998 -0.0003
vn -0.0208 0.9998 0.0006
vn -0.0207 0.9998 0.0006
vn -0.0210 0.9998 -0.0004
vn -0.0208 0.9998 -0.0006
vn -0.0207 0.9998 -0.0006
vn 0.7071 0.7071 -0.0004
vn 0.9239 0.3827 -0.0000
vn 0.3826 0.9239 -0.0005
vn 0.9239 0.3826 -0.0003
vn 1.0000 0.0005 -0.0005
vn -0.0005 1.0000 -0.0005
vn 0.9239 -0.3826 -0.0003
vn -0.3827 0.9239 -0.0000
vn -0.3826 0.9239 -0.0003
vn 0.7071 -0.7071 -0.0004
vn -0.7071 0.7071 -0.0005
vn 0.7071 -0.7071 -0.0005
vn 0.3826 -0.9239 -0.0003
vn -0.9239 0.3826 -0.0005
vn -0.9239 0.3827 -0.0000
vn -0.0005 -1.0000 -0.0005
vn -1.0000 0.0005 -0.0005
vn -0.3827 -0.9239 -0.0000
vn -0.9239 -0.3826 -0.0003
vn -0.3826 -0.9239 -0.0003
vn -0.9239 -0.3826 -0.0005
vn -0.7071 -0.7071 -0.0005
vn -0.7071 -0.7071 -0.0004
vn 0.9999 -0.0162 -0.0004
vn 0.7543 0.6565 -0.0003
vn 0.9999 -0.0161 -0.0005
vn 0.7543 0.6566 -0.0000
vn 0.5748 0.8183 -0.0003
vn 0.5749 0.8182 -0.0004
vn 0.5750 0.8182 -0.0005
vn 0.7046 0.7096 -0.0000
vn 0.7047 0.7095 -0.0005
vn 0.8626 0.5059 -0.0000
vn 0.8626 0.5058 -0.0005
vn 0.9173 0.3983 -0.0005
vn 0.9173 0.3983 0.0005
vn 0.9173 0.3983 -0.0006
vn 0.7909 0.6120 -0.0003
vn 0.7900 0.6131 -0.0005
vn 0.7901 0.6130 0.0006
vn 0.6295 0.7770 -0.0000
vn 0.6306 0.7761 -0.0005
vn 0.6306 0.7761 0.0005
vn 0.4459 0.8951 -0.0004
vn 0.4451 0.8955 -0.0005
vn 0.4451 0.8955 0.0005
vn 0.3462 0.9382 -0.0004
vn -0.9999 -0.0113 -0.0003
vn -0.9999 -0.0114 -0.0000
vn -0.9999 -0.0112 -0.0005
vn -1.0000 -0.0055 -0.0003
vn -1.0000 -0.0054 -0.0005
vn -1.0000 -0.0063 -0.0000
vn -1.0000 -0.0063 -0.0005
vn -0.9998 -0.0210 -0.0005
vn -0.9998 -0.0211 -0.0004
vn -0.9993 -0.0366 -0.0004
vn -0.9993 -0.0367 -0.0006
vn -0.9745 -0.2242 -0.0005
vn -0.6808 -0.7325 -0.0004
vn -0.4371 -0.8994 -0.0003
vn -0.4370 -0.8995 -0.0000
vn -0.7814 -0.6241 -0.0004
vn -0.9997 -0.0229 -0.0004
vn -0.9997 -0.0227 -0.0002
vn -0.7624 0.6471 -0.0005
vn -0.5858 0.8105 -0.0005
vn -0.5857 0.8105 -0.0005
vn -0.5857 0.8105 -0.0004
vn -0.7144 0.6997 -0.0003
vn -0.7144 0.6997 -0.0005
vn -0.8696 0.4937 -0.0000
vn -0.8696 0.4937 -0.0003
vn -0.8696 0.4937 -0.0005
vn -0.9307 0.3659 -0.0004
vn -0.9307 0.3659 0.0004
vn -0.9307 0.3659 -0.0005
vn -0.8321 0.5546 -0.0005
vn -0.8317 0.5553 -0.0005
vn -0.8317 0.5553 0.0005
vn -0.6850 0.7286 -0.0004
vn -0.6852 0.7283 0.0005
vn -0.6843 0.7292 -0.0005
vn -0.4910 0.8712 -0.0004
vn -0.4901 0.8717 -0.0006
vn -0.4898 0.8718 0.0004
vn -0.3834 0.9236 -0.0004
vn -0.3835 0.9235 -0.0003
vn -0.5152 0.5045 0.6929
vn -0.4192 0.5807 0.6979
vn -0.5150 0.5043 0.6931
vn -0.6172 0.3505 0.7044
vn -0.6665 0.2572 0.6998
vn -0.6632 0.2644 0.7002
vn -0.5964 0.3933 0.6997
vn -0.5917 0.4004 0.6997
vn -0.4917 0.5153 0.7019
vn -0.4831 0.5221 0.7028
vn -0.3542 0.6169 0.7029
vn -0.3434 0.6239 0.7020
vn -0.1575 0.6848 0.7115
vn -0.1340 0.6874 0.7138
vn -0.0141 0.6942 0.7197
vn 0.1058 0.6924 0.7138
vn 0.1295 0.6903 0.7119
vn 0.3220 0.6344 0.7028
vn 0.3112 0.6415 0.7012
vn 0.4537 0.5496 0.7015
vn 0.4438 0.5561 0.7027
vn 0.5583 0.4421 0.7021
vn 0.5661 0.4304 0.7030
vn 0.6549 0.2779 0.7027
vn 0.6499 0.2876 0.7035
vn 0.6122 0.3590 0.7045
vn 0.6119 0.3590 0.7048
vn 0.5079 0.5115 0.6931
vn 0.4118 0.5858 0.6981
vn 0.5212 0.4537 0.7228
vn 0.5213 0.4539 0.7226
vn 0.7012 -0.0112 0.7129
vn 0.5570 -0.4296 0.7108
vn 0.3334 -0.6363 0.6956
vn 0.4421 -0.5468 0.7110
vn 0.6314 -0.3456 0.6942
vn 0.6314 -0.3457 0.6942
vn 0.6797 -0.2354 0.6946
vn 0.6800 -0.2350 0.6946
vn 0.7138 -0.0709 0.6968
vn 0.7138 -0.0708 0.6968
vn 0.7118 0.1025 0.6949
vn 0.7117 0.1022 0.6950
vn 0.6631 0.2383 0.7096
vn 0.6699 0.2268 0.7070
vn 0.6230 0.3015 0.7217
vn -0.4196 0.5805 -0.6978
vn -0.5150 0.5043 -0.6931
vn -0.5152 0.5044 -0.6929
vn -0.6172 0.3505 -0.7044
vn -0.6665 0.2573 -0.6997
vn -0.6632 0.2644 -0.7002
vn -0.5963 0.3932 -0.6999
vn -0.5921 0.4003 -0.6994
vn -0.4917 0.5153 -0.7019
vn -0.4831 0.5221 -0.7028
vn -0.3542 0.6169 -0.7029
vn -0.3434 0.6239 -0.7020
vn -0.1576 0.6848 -0.7115
vn -0.1340 0.6874 -0.7138
vn -0.0141 0.6942 -0.7197
vn -0.0142 0.6942 -0.7196
vn 0.1058 0.6924 -0.7138
vn 0.1295 0.6903 -0.7118
vn 0.3220 0.6343 -0.7028
vn 0.3112 0.6416 -0.7011
vn 0.4537 0.5496 -0.7015
vn 0.4439 0.5562 -0.7026
vn 0.5583 0.4421 -0.7021
vn 0.5662 0.4304 -0.7030
vn 0.6549 0.2779 -0.7027
vn 0.6499 0.2876 -0.7036
vn 0.6122 0.3590 -0.7045
vn 0.5075 0.5115 -0.6934
vn 0.5079 0.5115 -0.6931
vn 0.4118 0.5858 -0.6981
vn 0.4118 0.5857 -0.6981
vn 0.5213 0.4539 -0.7226
vn 0.5212 0.4537 -0.7228
vn 0.7012 -0.0112 -0.7129
vn 0.7011 -0.0112 -0.7130
vn 0.5570 -0.4296 -0.7108
vn 0.5573 -0.4294 -0.7107
vn 0.3336 -0.6365 -0.6954
vn 0.3334 -0.6363 -0.6956
vn 0.4421 -0.5468 -0.7110
vn 0.6314 -0.3456 -0.6942
vn 0.6314 -0.3457 -0.6942
vn 0.6799 -0.2352 -0.6946
vn 0.7138 -0.0709 -0.6968
vn 0.7118 0.1025 -0.6949
vn 0.6631 0.2383 -0.7096
vn 0.6699 0.2268 -0.7070
vn 0.6230 0.3015 -0.7217
vn -0.9999 -0.0162 -0.0003
vn -0.9999 -0.0161 -0.0004
vn -0.9999 -0.0161 -0.0005
vn -0.9998 -0.0191 -0.0003
vn -0.9999 -0.0161 -0.0003
vn -0.9998 -0.0208 -0.0000
vn -0.9998 -0.0209 -0.0003
vn -0.9998 -0.0198 -0.0003
vn -0.9999 -0.0160 -0.0003
vn -0.9999 -0.0141 -0.0005
vn 0.9898 0.1423 -0.0003
vn 0.8574 0.5096 0.0718
vn 0.8329 0.5534 -0.0005
vn 0.6697 0.6795 0.2995
vn 0.9898 0.1422 -0.0004
vn 0.9951 -0.0991 -0.0004
vn 0.8367 0.5476 -0.0005
vn 0.9726 0.1381 0.1868
vn 0.9726 0.1381 -0.1868
vn 0.6697 0.6795 -0.2995
vn 0.8574 0.5096 -0.0718
vn 0.9951 -0.0990 -0.0003
vn 0.9451 -0.3268 -0.0004
vn 0.9450 -0.3269 -0.0003
vn 0.8771 -0.4803 -0.0005
vn 0.8771 -0.4803 -0.0003
vn 0.6279 -0.7783 -0.0004
vn 0.4638 -0.8860 -0.0005
vn 0.7917 -0.6109 -0.0003
vn 0.7917 -0.6109 -0.0005
vn 0.7917 -0.6109 -0.0004
vn -0.7207 -0.0102 0.6932
vn -0.7207 -0.0115 0.6931
vn -0.7206 -0.0112 0.6933
vn -0.7206 -0.0103 0.6933
vn -0.7208 -0.0082 0.6931
vn -0.7207 -0.0082 0.6932
vn -0.7207 -0.0041 0.6932
vn -0.7206 -0.0044 0.6933
vn -0.7208 -0.0045 0.6931
vn -0.7207 -0.0154 0.6931
vn -0.7204 -0.0258 0.6931
vn -0.7204 -0.0260 0.6931
vn -0.6970 -0.1607 0.6989
vn -0.6970 -0.1607 0.6988
vn -0.4696 -0.5057 0.7237
vn -0.3140 -0.6463 0.6955
vn -0.5477 -0.4381 0.7128
vn -0.7021 -0.0158 0.7119
vn -0.7021 -0.0162 0.7119
vn -0.5269 0.4472 0.7228
vn -0.5269 0.4472 0.7227
vn -0.7207 -0.0115 -0.6931
vn -0.7208 -0.0099 -0.6931
vn -0.7206 -0.0103 -0.6933
vn -0.7208 -0.0082 -0.6931
vn -0.7207 -0.0082 -0.6932
vn -0.7207 -0.0041 -0.6932
vn -0.7208 -0.0045 -0.6931
vn -0.7206 -0.0151 -0.6932
vn -0.7204 -0.0263 -0.6931
vn -0.7204 -0.0260 -0.6931
vn -0.6970 -0.1607 -0.6988
vn -0.4696 -0.5057 -0.7237
vn -0.3140 -0.6463 -0.6955
vn -0.5476 -0.4382 -0.7128
vn -0.5479 -0.4379 -0.7128
vn -0.7021 -0.0158 -0.7119
vn -0.5272 0.4471 -0.7226
vn -0.6398 -0.0926 0.7629
vn -0.6399 -0.0926 0.7629
vn -0.6398 -0.0923 0.7630
vn -0.6399 -0.0926 0.7628
vn -0.6063 -0.0816 0.7910
vn -0.6102 -0.0826 0.7880
vn -0.5564 -0.0689 0.8280
vn -0.4558 -0.0484 0.8887
vn -0.4226 -0.0445 0.9052
vn -0.3805 -0.0435 0.9237
vn -0.3602 -0.0425 0.9319
vn -0.3434 -0.0435 0.9382
vn -0.3365 -0.0523 0.9402
vn -0.3375 -0.0620 0.9393
vn -0.3668 -0.0708 0.9276
vn -0.3980 -0.0708 0.9147
vn -0.5243 -0.1138 0.8439
vn -0.4829 -0.0952 0.8705
vn -0.6513 -0.0855 0.7540
vn -0.6569 -0.0796 0.7497
vn -0.7207 -0.0139 0.6931
vn -0.7206 -0.0114 0.6932
vn -0.7206 -0.0113 0.6932
vn -0.6399 -0.0926 -0.7628
vn -0.6399 -0.0926 -0.7629
vn -0.6397 -0.0922 -0.7630
vn -0.6398 -0.0926 -0.7629
vn -0.6063 -0.0816 -0.7910
vn -0.6102 -0.0826 -0.7880
vn -0.5564 -0.0689 -0.8280
vn -0.4558 -0.0484 -0.8887
vn -0.4226 -0.0445 -0.9052
vn -0.3805 -0.0435 -0.9238
vn -0.3601 -0.0426 -0.9319
vn -0.3433 -0.0435 -0.9382
vn -0.3365 -0.0523 -0.9402
vn -0.3375 -0.0620 -0.9393
vn -0.3668 -0.0708 -0.9276
vn -0.3980 -0.0708 -0.9147
vn -0.5243 -0.1138 -0.8439
vn -0.4829 -0.0952 -0.8705
vn -0.6513 -0.0855 -0.7540
vn -0.6569 -0.0796 -0.7497
vn -0.7207 -0.0139 -0.6931
vn -0.7206 -0.0112 -0.6933
vn -0.7206 -0.0114 -0.6932
vn -0.9239 0.3826 -0.0003
vn -0.9239 0.3825 -0.0006
vn -0.7071 0.7071 -0.0004
vn -0.3826 0.9239 -0.0005
vn -0.3825 0.9239 -0.0006
vn -0.3826 -0.9239 -0.0005
vn -0.3825 -0.9239 -0.0006
vn 0.3826 0.9239 -0.0003
vn 0.3826 -0.9239 -0.0005
vn 0.7071 0.7071 -0.0000
vn 0.7071 -0.7071 -0.0000
vn 0.9239 0.3826 -0.0005
vn 0.9239 -0.3826 -0.0005
vn -0.8360 -0.0093 0.5487
vn -0.6524 -0.0669 0.7549
vn -0.6503 -0.0073 0.7596
vn -0.8325 -0.0786 0.5484
vn -0.6318 -0.2878 0.7197
vn -0.6524 -0.0670 0.7549
vn -0.7927 -0.3093 0.5253
vn -0.5166 -0.5821 0.6280
vn -0.6494 -0.6269 0.4305
vn -0.4149 -0.8673 0.2751
vn -0.3201 -0.8369 0.4441
vn -0.3200 -0.8369 0.4441
vn -0.4148 -0.8673 0.2751
vn 0.0024 -0.8739 0.4861
vn -0.6503 -0.0073 -0.7596
vn -0.6524 -0.0669 -0.7549
vn -0.8360 -0.0093 -0.5487
vn -0.8325 -0.0786 -0.5484
vn -0.6524 -0.0670 -0.7549
vn -0.6318 -0.2878 -0.7197
vn -0.7928 -0.3092 -0.5252
vn -0.5166 -0.5821 -0.6280
vn -0.6494 -0.6269 -0.4305
vn -0.4149 -0.8673 -0.2751
vn -0.3200 -0.8369 -0.4441
vn 0.0025 -0.8739 -0.4860
vn -0.4148 -0.8673 -0.2751
vn -0.9810 0.0006 0.1939
vn -0.9062 -0.3757 0.1940
vn -0.6696 -0.2769 0.6892
vn -0.3754 0.9064 0.1939
vn -0.5126 0.5126 0.6888
vn -0.2771 0.6697 0.6890
vn -0.6696 0.2770 0.6891
vn -0.7245 0.0005 0.6893
vn -0.1980 0.0825 0.9767
vn -0.2146 0.0003 0.9767
vn -0.5126 -0.5126 0.6888
vn -0.1518 0.1518 0.9767
vn -0.1984 -0.0822 0.9767
vn -0.0825 0.1980 0.9767
vn -0.1518 -0.1518 0.9767
vn -0.0825 -0.1980 0.9767
vn -0.2770 -0.6696 0.6891
vn -0.0005 0.2145 0.9767
vn -0.0005 -0.2145 0.9767
vn 0.0822 0.1984 0.9767
vn -0.0005 -0.7245 0.6893
vn -0.0006 -0.9810 0.1939
vn 0.0826 -0.1979 0.9767
vn 0.2770 -0.6696 0.6891
vn 0.3754 -0.9064 0.1938
vn -0.0005 -0.9810 -0.1939
vn 0.5126 -0.5126 0.6888
vn 0.3754 -0.9064 -0.1938
vn 0.1518 -0.1518 0.9767
vn 0.1979 -0.0826 0.9767
vn 0.1979 0.0826 0.9767
vn 0.6937 -0.6937 0.1938
vn 0.2770 -0.6696 -0.6891
vn -0.0004 -0.7245 -0.6893
vn 0.0826 -0.1979 -0.9767
vn 0.5126 -0.5126 -0.6889
vn 0.6937 -0.6937 -0.1938
vn 0.9062 -0.3757 0.1940
vn 0.6696 -0.2769 0.6892
vn 0.9064 -0.3754 -0.1938
vn 0.2145 0.0005 0.9767
vn 0.9810 0.0006 0.1939
vn 0.7245 0.0005 0.6893
vn 0.6696 0.2770 0.6891
vn 0.9810 0.0006 -0.1939
vn 0.9064 0.3754 0.1939
vn 0.5124 0.5124 0.6891
vn 0.1518 0.1518 0.9767
vn 0.2770 0.6696 0.6891
vn -0.0005 0.7245 0.6893
vn -0.0006 0.9810 0.1939
vn -0.0006 0.9810 -0.1939
vn 0.3754 0.9064 0.1939
vn 0.3757 0.9062 -0.1940
vn 0.6937 0.6937 0.1938
vn 0.6937 0.6937 -0.1938
vn 0.9064 0.3754 -0.1938
vn 0.5126 0.5126 -0.6889
vn 0.2770 0.6696 -0.6891
vn -0.0004 0.7245 -0.6893
vn 0.0821 0.1983 -0.9767
vn 0.1520 0.1520 -0.9766
vn 0.6696 0.2771 -0.6891
vn 0.1980 0.0824 -0.9767
vn 0.1980 -0.0824 -0.9767
vn 0.7245 0.0005 -0.6893
vn 0.2145 0.0005 -0.9767
vn 0.6696 -0.2769 -0.6891
vn 0.1517 -0.1517 -0.9767
vn -0.2770 0.6696 0.6891
vn -0.0824 0.1981 0.9767
vn -0.1984 0.0822 0.9767
vn 0.0825 0.1980 0.9767
vn -0.0826 -0.1979 0.9767
vn -0.0005 0.7244 0.6893
vn -0.0005 0.9810 0.1939
vn 0.5126 0.5126 0.6888
vn 0.3754 0.9064 0.1938
vn 0.3754 0.9064 -0.1938
vn -0.0007 0.9810 -0.1939
vn 0.9062 0.3757 -0.1940
vn 0.9062 0.3758 0.1940
vn -0.0005 0.7244 -0.6893
vn -0.2770 0.6696 -0.6891
vn 0.0825 0.1980 -0.9767
vn -0.0005 0.2145 -0.9767
vn -0.0821 0.1982 -0.9767
vn -0.5126 0.5126 -0.6889
vn -0.1517 0.1517 -0.9767
vn -0.1982 0.0821 -0.9767
vn -0.0825 -0.1979 -0.9767
vn 0.1517 0.1517 -0.9767
vn 0.1979 0.0826 -0.9767
vn -0.0005 -0.2145 -0.9767
vn -0.2771 -0.6696 -0.6891
vn 0.2771 -0.6696 -0.6891
vn 0.1520 -0.1520 -0.9766
vn 0.1979 -0.0826 -0.9767
vn 0.5125 -0.5126 -0.6889
vn 0.2146 -0.0000 -0.9767
vn 0.3754 -0.9064 0.1939
vn 0.6696 0.2770 -0.6891
vn 0.7245 0.0004 -0.6893
vn 0.9810 0.0003 -0.1938
vn 0.9062 -0.3757 -0.1940
vn 0.9064 -0.3754 0.1939
vn 0.6937 -0.6937 0.1939
vn 0.6696 -0.2770 0.6891
vn 0.2146 0.0003 0.9767
vn 0.1980 -0.0825 0.9767
vn 0.2769 -0.6696 0.6892
vn -0.0004 -0.7246 0.6892
vn -0.2771 -0.6697 0.6890
vn -0.3054 -0.0044 0.9522
vn -0.3074 -0.0406 0.9507
vn -0.1285 -0.0037 0.9917
vn -0.1294 -0.0315 0.9911
vn -0.3083 -0.1862 0.9329
vn -0.1305 -0.1442 0.9809
vn -0.2800 -0.4236 0.8615
vn -0.1236 -0.3415 0.9317
vn -0.1929 -0.7418 0.6422
vn -0.0934 -0.6731 0.7336
vn -0.0005 -0.0034 1.0000
vn -0.0005 0.0034 1.0000
vn -0.0005 -0.0288 0.9996
vn -0.1284 0.0034 0.9917
vn -0.0005 -0.1324 0.9912
vn -0.0005 -0.3171 0.9484
vn -0.0933 -0.6730 0.7337
vn -0.0005 -0.6461 0.7633
vn -0.3054 0.0044 0.9522
vn -0.6502 -0.0073 0.7597
vn -0.6492 0.0073 0.7606
vn -0.6523 -0.0669 0.7550
vn -0.3075 -0.0406 0.9507
vn -0.6318 -0.2878 0.7198
vn -0.3084 -0.1862 0.9329
vn -0.5165 -0.5820 0.6280
vn -0.2800 -0.4237 0.8614
vn -0.1929 -0.7419 0.6422
vn 0.0024 -0.8739 0.4860
vn -0.8348 0.0093 0.5505
vn -0.6503 -0.0073 0.7597
vn -0.3074 -0.0406 -0.9507
vn -0.3054 -0.0044 -0.9522
vn -0.1285 -0.0037 -0.9917
vn -0.1294 -0.0315 -0.9911
vn -0.3083 -0.1862 -0.9329
vn -0.1305 -0.1442 -0.9809
vn -0.2797 -0.4233 -0.8617
vn -0.1236 -0.3415 -0.9317
vn -0.1929 -0.7418 -0.6422
vn -0.0934 -0.6731 -0.7337
vn 0.0024 -0.8739 -0.4861
vn -0.0005 -0.0034 -1.0000
vn -0.0005 0.0034 -1.0000
vn -0.0005 -0.0288 -0.9996
vn -0.1284 0.0034 -0.9917
vn -0.0005 -0.1324 -0.9912
vn -0.0005 -0.3171 -0.9484
vn -0.0934 -0.6730 -0.7337
vn -0.0005 -0.6461 -0.7633
vn -0.3054 0.0044 -0.9522
vn -0.6502 -0.0073 -0.7597
vn -0.6492 0.0073 -0.7606
vn -0.6523 -0.0669 -0.7550
vn -0.3075 -0.0406 -0.9507
vn -0.6318 -0.2878 -0.7198
vn -0.3084 -0.1862 -0.9329
vn -0.5166 -0.5820 -0.6280
vn -0.2798 -0.4233 -0.8617
vn -0.1929 -0.7419 -0.6422
vn 0.0024 -0.8739 -0.4860
vn -0.6503 -0.0073 -0.7597
vn -0.8348 0.0093 -0.5505
vn 0.1782 -0.0620 0.9820
vn 0.1520 -0.0386 0.9876
vn 0.1842 -0.0660 0.9807
vn 0.1489 -0.0396 0.9881
vn 0.2097 -0.0953 0.9731
vn 0.1255 -0.0181 0.9919
vn 0.1236 -0.0200 0.9921
vn 0.2232 -0.1177 0.9676
vn 0.2399 -0.1490 0.9593
vn 0.2396 -0.1488 0.9594
vn 0.2232 -0.1187 0.9675
vn 0.1831 -0.0630 0.9811
vn 0.1470 -0.0279 0.9888
vn 0.2233 -0.1196 0.9674
vn 0.2291 -0.1304 0.9646
vn 0.1930 -0.0738 0.9784
vn 0.1831 -0.0620 0.9811
vn 0.1469 -0.0220 0.9889
vn 0.1451 -0.0219 0.9892
vn 0.1217 -0.0005 0.9926
vn 0.1205 -0.0015 0.9927
vn 0.1070 0.0015 0.9943
vn 0.1217 -0.0082 0.9925
vn 0.1070 0.0005 0.9943
vn 0.1020 -0.0034 0.9948
vn 0.1071 -0.0034 0.9942
vn 0.1021 -0.0034 0.9948
vn 0.1003 -0.0018 0.9950
vn 0.1002 -0.0018 0.9950
vn 0.1011 -0.0005 0.9949
vn 0.1089 -0.0093 0.9940
vn 0.1080 -0.0103 0.9941
vn 0.1020 -0.0044 0.9948
vn 0.1020 -0.0054 0.9948
vn 0.1020 -0.0063 0.9948
vn 0.1001 -0.0025 0.9950
vn 0.1003 -0.0020 0.9950
vn 0.1001 -0.0024 0.9950
vn 0.1025 0.0005 0.9947
vn 0.1012 -0.0005 0.9949
vn 0.1022 0.0006 0.9948
vn 0.1030 0.0006 0.9947
vn 0.1011 0.0005 0.9949
vn 0.1012 0.0005 0.9949
vn 0.1021 0.0025 0.9948
vn 0.1023 0.0022 0.9947
vn 0.1021 0.0014 0.9948
vn 0.1030 0.0013 0.9947
vn 0.1029 0.0008 0.9947
vn 0.1028 0.0013 0.9947
vn 0.1028 0.0026 0.9947
vn 0.1030 0.0008 0.9947
vn 0.1029 0.0012 0.9947
vn 0.1032 0.0024 0.9947
vn 0.1029 0.0026 0.9947
vn 0.1050 0.0005 0.9945
vn 0.1030 0.0012 0.9947
vn 0.1031 0.0024 0.9947
vn 0.1050 0.0025 0.9945
vn 0.1051 0.0015 0.9945
vn 0.1052 0.0014 0.9944
vn 0.1052 0.0024 0.9945
vn 0.1050 0.0015 0.9945
vn 0.1050 0.0003 0.9945
vn 0.1050 0.0002 0.9945
vn 0.0972 -0.1392 0.9855
vn 0.1051 0.0005 0.9945
vn 0.0981 -0.1206 0.9878
vn 0.1344 -0.3914 0.9104
vn 0.1048 0.0014 0.9945
vn 0.0992 -0.0620 0.9931
vn 0.1245 -0.4196 0.8991
vn 0.2095 -0.5710 0.7938
vn 0.0757 -0.6199 0.7810
vn 0.0708 -0.3198 0.9448
vn 0.0464 -0.4901 0.8704
vn 0.0493 -0.2849 0.9573
vn 0.0718 -0.1441 0.9870
vn 0.0493 -0.1773 0.9829
vn 0.0835 -0.0737 0.9938
vn 0.0991 -0.0269 0.9947
vn 0.1001 -0.0181 0.9948
vn 0.1490 -0.0395 -0.9881
vn 0.1782 -0.0620 -0.9820
vn 0.1520 -0.0386 -0.9876
vn 0.1842 -0.0660 -0.9807
vn 0.2097 -0.0953 -0.9731
vn 0.1255 -0.0181 -0.9919
vn 0.1236 -0.0200 -0.9921
vn 0.2232 -0.1177 -0.9676
vn 0.2396 -0.1488 -0.9594
vn 0.2399 -0.1490 -0.9593
vn 0.2232 -0.1187 -0.9675
vn 0.1831 -0.0630 -0.9811
vn 0.1470 -0.0279 -0.9888
vn 0.2233 -0.1196 -0.9674
vn 0.2291 -0.1304 -0.9646
vn 0.1930 -0.0738 -0.9784
vn 0.1831 -0.0620 -0.9811
vn 0.1469 -0.0220 -0.9889
vn 0.1451 -0.0219 -0.9892
vn 0.1217 -0.0005 -0.9926
vn 0.1205 -0.0015 -0.9927
vn 0.1070 0.0015 -0.9943
vn 0.1217 -0.0082 -0.9925
vn 0.1070 0.0005 -0.9943
vn 0.1020 -0.0034 -0.9948
vn 0.1071 -0.0034 -0.9942
vn 0.1090 -0.0093 -0.9940
vn 0.1080 -0.0103 -0.9941
vn 0.1021 -0.0034 -0.9948
vn 0.1002 -0.0015 -0.9950
vn 0.1002 -0.0018 -0.9950
vn 0.1011 -0.0005 -0.9949
vn 0.1020 -0.0054 -0.9948
vn 0.1020 -0.0063 -0.9948
vn 0.1001 -0.0025 -0.9950
vn 0.1020 -0.0044 -0.9948
vn 0.1004 -0.0026 -0.9949
vn 0.1003 -0.0020 -0.9950
vn 0.1011 0.0005 -0.9949
vn 0.1012 0.0005 -0.9949
vn 0.1021 0.0025 -0.9948
vn 0.1013 -0.0005 -0.9949
vn 0.1023 0.0022 -0.9947
vn 0.1012 -0.0004 -0.9949
vn 0.1025 0.0005 -0.9947
vn 0.1022 0.0006 -0.9948
vn 0.1030 0.0006 -0.9947
vn 0.1021 0.0014 -0.9948
vn 0.1030 0.0013 -0.9947
vn 0.1029 0.0008 -0.9947
vn 0.1028 0.0013 -0.9947
vn 0.1030 0.0008 -0.9947
vn 0.1028 0.0026 -0.9947
vn 0.1029 0.0012 -0.9947
vn 0.1032 0.0024 -0.9947
vn 0.1029 0.0026 -0.9947
vn 0.1050 0.0005 -0.9945
vn 0.1031 0.0024 -0.9947
vn 0.1030 0.0012 -0.9947
vn 0.1050 0.0025 -0.9945
vn 0.1051 0.0015 -0.9945
vn 0.1052 0.0014 -0.9944
vn 0.1052 0.0024 -0.9945
vn 0.1050 0.0015 -0.9945
vn 0.1050 0.0003 -0.9945
vn 0.1050 0.0002 -0.9945
vn 0.0972 -0.1392 -0.9855
vn 0.1051 0.0005 -0.9945
vn 0.1048 0.0014 -0.9945
vn 0.0981 -0.1206 -0.9878
vn 0.1344 -0.3914 -0.9104
vn 0.0992 -0.0620 -0.9931
vn 0.0991 -0.0269 -0.9947
vn 0.1001 -0.0181 -0.9948
vn 0.0835 -0.0737 -0.9938
vn 0.0718 -0.1441 -0.9870
vn 0.0493 -0.1773 -0.9829
vn 0.0493 -0.2849 -0.9573
vn 0.0708 -0.3198 -0.9448
vn 0.0464 -0.4901 -0.8704
vn 0.0757 -0.6199 -0.7810
vn 0.1245 -0.4196 -0.8991
vn 0.2096 -0.5710 -0.7938
vn -0.6318 0.2878 0.7197
vn -0.8310 0.0785 0.5507
vn -0.6513 0.0669 0.7558
vn -0.6492 0.0073 0.7605
vn -0.7928 0.3092 0.5252
vn -0.5166 0.5821 0.6279
vn -0.6491 0.6269 0.4308
vn -0.4166 0.8659 0.2769
vn -0.3220 0.8350 0.4461
vn -0.6513 0.0669 0.7559
vn -0.6492 0.0104 0.7606
vn -0.3075 0.0406 0.9507
vn -0.6318 0.2878 0.7198
vn -0.3084 0.1862 0.9329
vn -0.5165 0.5820 0.6280
vn -0.2798 0.4233 0.8617
vn -0.1939 0.7390 0.6452
vn -0.0054 0.8784 0.4780
vn -0.3074 0.0406 0.9507
vn -0.3053 0.0044 0.9522
vn -0.1294 0.0315 0.9911
vn -0.3083 0.1862 0.9329
vn -0.0005 0.0288 0.9996
vn -0.1305 0.1442 0.9809
vn -0.2797 0.4233 0.8617
vn -0.0005 0.1324 0.9912
vn -0.1236 0.3415 0.9317
vn -0.0933 0.6716 0.7350
vn -0.0054 0.8783 0.4780
vn -0.0005 0.3171 0.9484
vn -0.0933 0.6715 0.7351
vn 0.0005 0.6492 0.7606
vn -0.6318 0.2878 -0.7197
vn -0.8310 0.0784 -0.5508
vn -0.7927 0.3093 -0.5253
vn -0.6513 0.0669 -0.7558
vn -0.6492 0.0073 -0.7605
vn -0.5166 0.5821 -0.6279
vn -0.6492 0.6270 -0.4306
vn -0.4166 0.8659 -0.2769
vn -0.3221 0.8350 -0.4461
vn -0.6513 0.0669 -0.7559
vn -0.3075 0.0406 -0.9507
vn -0.6318 0.2878 -0.7198
vn -0.3084 0.1862 -0.9329
vn -0.5166 0.5820 -0.6280
vn -0.2798 0.4233 -0.8617
vn -0.3220 0.8350 -0.4462
vn -0.1939 0.7390 -0.6452
vn -0.0054 0.8784 -0.4780
vn -0.3053 0.0044 -0.9522
vn -0.3074 0.0406 -0.9507
vn -0.1294 0.0315 -0.9911
vn -0.3083 0.1862 -0.9329
vn -0.0005 0.0288 -0.9996
vn -0.1305 0.1442 -0.9809
vn -0.2797 0.4233 -0.8617
vn -0.0005 0.1324 -0.9912
vn -0.1236 0.3415 -0.9317
vn -0.0933 0.6716 -0.7350
vn -0.0054 0.8783 -0.4780
vn -0.0005 0.3171 -0.9484
vn -0.0933 0.6715 -0.7351
vn 0.0005 0.6492 -0.7606
vn -0.0003 0.0003 1.0000
vn -0.0005 0.0005 1.0000
vn -0.0005 -0.0015 1.0000
vn -0.0004 0.0004 1.0000
vn 0.0005 -0.0015 1.0000
vn 0.0003 -0.0026 1.0000
vn 0.0004 -0.0004 1.0000
vn 0.0005 -0.0034 1.0000
vn 0.0006 -0.0015 1.0000
vn 0.0004 0.0015 1.0000
vn 0.0004 0.0004 1.0000
vn -0.0005 -0.0005 1.0000
vn -0.0004 -0.0005 1.0000
vn 0.0014 -0.0005 1.0000
vn 0.0005 0.0025 1.0000
vn 0.0005 0.0035 1.0000
vn 0.0005 0.0044 1.0000
vn 0.0005 0.0024 1.0000
vn 0.0005 0.0015 1.0000
vn -0.0003 0.0003 -1.0000
vn -0.0005 0.0005 -1.0000
vn -0.0004 0.0004 -1.0000
vn 0.0005 -0.0015 -1.0000
vn 0.0003 -0.0026 -1.0000
vn 0.0004 -0.0004 -1.0000
vn -0.0005 -0.0015 -1.0000
vn 0.0005 -0.0034 -1.0000
vn 0.0006 -0.0015 -1.0000
vn 0.0005 0.0035 -1.0000
vn 0.0005 0.0025 -1.0000
vn -0.0005 -0.0005 -1.0000
vn 0.0014 -0.0005 -1.0000
vn 0.0004 0.0004 -1.0000
vn 0.0005 0.0015 -1.0000
vn 0.0005 0.0024 -1.0000
vn 0.0005 0.0044 -1.0000
vn 0.6597 0.2733 -0.7001
vn 0.7139 0.0005 -0.7002
vn 0.6597 -0.2733 -0.7001
vn 0.5049 0.5049 -0.7001
vn 0.5049 -0.5049 -0.7001
vn 0.5047 -0.5047 -0.7003
vn 0.2732 0.6597 -0.7001
vn 0.2732 -0.6597 -0.7001
vn -0.0005 0.7139 -0.7002
vn -0.0005 -0.7139 -0.7002
vn -0.2732 0.6597 -0.7001
vn -0.2732 -0.6597 -0.7001
vn -0.5047 0.5047 -0.7004
vn -0.5047 -0.5047 -0.7003
vn -0.5047 -0.5047 -0.7004
vn -0.6597 0.2733 -0.7001
vn -0.6597 -0.2733 -0.7001
vn -0.7141 -0.0000 -0.7001
vn -0.7139 0.0005 -0.7002
vn -0.0005 -0.7139 0.7002
vn 0.2732 -0.6597 0.7001
vn 0.5047 -0.5047 0.7004
vn -0.2732 -0.6597 0.7001
vn 0.5047 -0.5047 0.7003
vn 0.6597 -0.2733 0.7001
vn -0.5049 -0.5049 0.7001
vn -0.5047 -0.5047 0.7004
vn 0.7139 0.0005 0.7002
vn -0.6597 -0.2733 0.7001
vn 0.6597 0.2733 0.7001
vn -0.7139 0.0005 0.7002
vn 0.5049 0.5049 0.7001
vn -0.6597 0.2733 0.7001
vn 0.2732 0.6597 0.7001
vn -0.5047 0.5047 0.7003
vn -0.5047 0.5047 0.7004
vn -0.0003 0.7140 0.7002
vn -0.2732 0.6597 0.7001
vn -0.0005 0.7139 0.7002
vn -0.2733 -0.6597 0.7001
vn -0.7139 0.0004 0.7002
vn -0.0004 -0.7139 0.7002
vn 0.2733 -0.6597 0.7001
vn 0.5049 -0.5049 0.7001
vn 0.7139 0.0004 0.7002
vn 0.5047 0.5047 0.7004
vn -0.5049 0.5049 -0.7001
vn -0.5049 -0.5049 -0.7001
vn -0.2733 -0.6597 -0.7001
vn -0.0004 -0.7139 -0.7002
vn 0.2733 -0.6597 -0.7001
vn 0.5047 0.5047 -0.7004
vn 0.7139 0.0004 -0.7002
vn 0.7139 0.0006 -0.7003
vn 0.3054 -0.0047 0.9522
vn 0.1284 0.0034 0.9917
vn 0.1285 -0.0037 0.9917
vn 0.3074 -0.0406 0.9507
vn 0.1294 -0.0315 0.9911
vn 0.3083 -0.1862 0.9329
vn 0.1305 -0.1442 0.9809
vn 0.2800 -0.4236 0.8615
vn 0.1236 -0.3415 0.9317
vn 0.1940 -0.7394 0.6447
vn 0.0934 -0.6710 0.7355
vn 0.0025 -0.8739 0.4860
vn 0.0933 -0.6710 0.7355
vn 0.1284 0.0034 -0.9917
vn 0.3054 -0.0044 -0.9522
vn 0.1285 -0.0037 -0.9917
vn 0.3074 -0.0406 -0.9507
vn 0.1294 -0.0315 -0.9911
vn 0.3083 -0.1862 -0.9329
vn 0.1305 -0.1442 -0.9809
vn 0.2800 -0.4236 -0.8615
vn 0.1236 -0.3415 -0.9317
vn 0.1940 -0.7394 -0.6447
vn 0.0934 -0.6711 -0.7355
vn 0.0025 -0.8739 -0.4861
vn 0.0933 -0.6710 -0.7355
vn -0.1981 -0.0824 0.9767
vn -0.2145 0.0005 0.9767
vn -0.1521 -0.1521 0.9766
vn -0.7245 0.0004 0.6892
vn -0.6696 -0.2770 0.6891
vn -0.6697 0.2774 0.6888
vn -0.6937 -0.6937 0.1938
vn -0.9810 0.0006 -0.1939
vn -0.3754 -0.9064 0.1938
vn -0.9064 -0.3754 -0.1938
vn -0.6937 -0.6937 -0.1938
vn -0.3754 -0.9064 -0.1938
vn -0.5125 -0.5126 -0.6889
vn -0.6696 -0.2771 -0.6891
vn -0.7245 0.0005 -0.6893
vn -0.1982 -0.0821 -0.9767
vn -0.1520 -0.1520 -0.9766
vn -0.2145 0.0005 -0.9767
vn -0.6697 0.2774 -0.6889
vn -0.9064 0.3754 -0.1938
vn -0.9064 0.3754 0.1938
vn -0.6937 0.6937 -0.1938
vn -0.6937 0.6937 0.1938
vn -0.3754 0.9064 -0.1938
vn -0.3754 0.9064 0.1938
vn -0.9062 -0.3758 -0.1940
vn -0.5126 -0.5126 -0.6889
vn -0.9810 0.0005 -0.1939
vn -0.6696 -0.2770 -0.6891
vn -0.2770 -0.6696 -0.6891
vn -0.0825 -0.1980 -0.9767
vn -0.1517 -0.1517 -0.9767
vn -0.2145 0.0004 -0.9767
vn -0.7245 0.0004 -0.6893
vn -0.1980 0.0824 -0.9767
vn -0.6696 0.2771 -0.6891
vn -0.0824 0.1980 -0.9767
vn -0.2771 0.6696 -0.6891
vn -0.9064 0.3754 0.1939
vn 0.1305 0.1442 0.9809
vn 0.1236 0.3415 0.9317
vn 0.0933 0.6776 0.7295
vn 0.1294 0.0315 0.9911
vn 0.3074 0.0406 0.9507
vn 0.3053 0.0044 0.9522
vn 0.3083 0.1862 0.9329
vn 0.2797 0.4233 0.8617
vn 0.1920 0.7451 0.6387
vn 0.0933 0.6777 0.7294
vn -0.0053 0.8783 0.4780
vn 0.6513 0.0669 0.7559
vn 0.3054 0.0044 0.9522
vn 0.6492 0.0073 0.7606
vn 0.3075 0.0406 0.9507
vn 0.6318 0.2878 0.7198
vn 0.3084 0.1862 0.9329
vn 0.5166 0.5820 0.6280
vn 0.2798 0.4233 0.8617
vn 0.3180 0.8387 0.4421
vn 0.1920 0.7452 0.6386
vn -0.0053 0.8784 0.4780
vn 0.8348 0.0093 0.5505
vn 0.6513 0.0669 0.7558
vn 0.6492 0.0073 0.7605
vn 0.8310 0.0786 0.5506
vn 0.6318 0.2878 0.7197
vn 0.7927 0.3093 0.5253
vn 0.5166 0.5821 0.6280
vn 0.6492 0.6271 0.4305
vn 0.4137 0.8681 0.2742
vn 0.3180 0.8387 0.4420
vn 0.1305 0.1442 -0.9809
vn 0.1236 0.3415 -0.9317
vn 0.0933 0.6776 -0.7295
vn 0.1294 0.0315 -0.9911
vn 0.3074 0.0406 -0.9507
vn 0.3053 0.0044 -0.9522
vn 0.3083 0.1862 -0.9329
vn 0.2797 0.4233 -0.8617
vn 0.1920 0.7451 -0.6387
vn 0.0933 0.6777 -0.7294
vn -0.0053 0.8784 -0.4780
vn 0.3054 0.0044 -0.9522
vn 0.6513 0.0669 -0.7559
vn 0.6492 0.0104 -0.7606
vn 0.3075 0.0406 -0.9507
vn 0.6318 0.2878 -0.7198
vn 0.3084 0.1862 -0.9329
vn 0.5165 0.5820 -0.6280
vn 0.2798 0.4233 -0.8617
vn 0.3180 0.8387 -0.4421
vn 0.1920 0.7452 -0.6386
vn 0.6513 0.0669 -0.7558
vn 0.8348 0.0093 -0.5505
vn 0.6492 0.0073 -0.7605
vn 0.8310 0.0784 -0.5508
vn 0.6318 0.2878 -0.7197
vn 0.7925 0.3093 -0.5255
vn 0.5166 0.5821 -0.6280
vn 0.6493 0.6271 -0.4303
vn 0.4137 0.8681 -0.2742
vn 0.3180 0.8387 -0.4420
vn 0.6523 -0.0669 0.7550
vn 0.6503 -0.0073 0.7597
vn 0.3075 -0.0406 0.9507
vn 0.6318 -0.2878 0.7198
vn 0.3084 -0.1862 0.9329
vn 0.5185 -0.5928 0.6163
vn 0.2800 -0.4237 0.8614
vn 0.3239 -0.8379 0.4393
vn 0.1940 -0.7395 0.6446
vn 0.8360 -0.0093 0.5487
vn 0.6524 -0.0669 0.7549
vn 0.8326 -0.0786 0.5483
vn 0.6318 -0.2878 0.7197
vn 0.7928 -0.3092 0.5252
vn 0.6620 -0.6170 0.4255
vn 0.5185 -0.5928 0.6162
vn 0.6523 -0.0669 -0.7550
vn 0.3075 -0.0406 -0.9507
vn 0.6318 -0.2878 -0.7198
vn 0.3084 -0.1862 -0.9329
vn 0.5185 -0.5927 -0.6163
vn 0.2800 -0.4237 -0.8614
vn 0.3239 -0.8379 -0.4393
vn 0.1940 -0.7395 -0.6446
vn 0.6502 -0.0073 -0.7597
vn 0.6492 0.0073 -0.7606
vn 0.8360 -0.0093 -0.5486
vn 0.6524 -0.0670 -0.7549
vn 0.8325 -0.0786 -0.5484
vn 0.6318 -0.2878 -0.7197
vn 0.7928 -0.3092 -0.5252
vn 0.6620 -0.6170 -0.4255
vn 0.5185 -0.5928 -0.6162
vn 0.4246 -0.8692 0.2536
vn 0.3240 -0.8379 0.4392
vn 0.3239 -0.8380 0.4392
vn 0.4245 -0.8692 0.2535
vn 0.6619 -0.6171 -0.4255
vn 0.4246 -0.8692 -0.2536
vn 0.3240 -0.8379 -0.4392
vn 0.3239 -0.8380 -0.4392
vn 0.4245 -0.8692 -0.2535
vn -0.3220 0.8351 0.4461
vn -0.0054 0.8784 0.4779
vn -0.4165 0.8659 0.2769
vn -0.3220 0.8351 -0.4461
vn -0.4165 0.8659 -0.2769
vn -0.0053 0.8784 -0.4779
vt 0.000000 0.000000
vt 0.249363 0.515815
vt 0.187500 0.551243
vt 0.187500 0.515504
vt 0.249211 0.551243
vt 0.187500 0.625000
vt 0.249127 0.625000
vt 0.187500 0.750000
vt 0.248753 0.750000
vt 0.245694 0.875000
vt 0.187500 0.875000
vt 0.245641 0.874992
vt 0.216354 0.990211
vt 0.125000 0.515504
vt 0.125000 0.551243
vt 0.062500 0.515504
vt 0.062500 0.551243
vt 0.125000 0.625000
vt 0.062500 0.625000
vt 0.125000 0.750000
vt 0.062500 0.750000
vt 0.125000 0.875000
vt 0.062500 0.875000
vt 0.092729 0.995918
vt 0.000000 0.515504
vt 0.000000 0.515481
vt 0.000000 0.551243
vt 0.062500 0.515481
vt 0.000000 0.625000
vt 0.000000 0.750000
vt 0.000000 0.875000
vt 0.030308 0.996228
vt 0.125000 0.515481
vt 0.187500 0.515481
vt 0.154947 0.994686
vt 0.249364 0.515481
vt 0.249364 0.515504
vt 0.248811 0.750000
vt 0.247583 0.874963
vt 0.157385 0.995459
vt 0.094375 0.997558
vt 0.031721 0.998128
vt 0.875000 0.515504
vt 0.937500 0.515481
vt 0.937500 0.515504
vt 1.000000 0.515481
vt 0.875000 0.551243
vt 1.000000 0.515504
vt 0.937500 0.551243
vt 0.875000 0.625000
vt 1.000000 0.551243
vt 0.937500 0.625000
vt 0.875000 0.750000
vt 1.000000 0.625000
vt 0.937500 0.750000
vt 0.875000 0.875000
vt 0.937500 0.875000
vt 0.904920 0.994669
vt 1.000000 0.750000
vt 1.000000 0.875000
vt 0.967730 0.995914
vt 0.969185 0.998262
vt 0.875000 0.515481
vt 0.906720 0.998120
vt 0.812500 0.551243
vt 0.812500 0.515481
vt 0.812500 0.625000
vt 0.812500 0.750000
vt 0.812500 0.875000
vt 0.844364 0.997543
vt 0.750636 0.515481
vt 0.750789 0.551244
vt 0.750872 0.625000
vt 0.751193 0.750000
vt 0.752272 0.874999
vt 0.782385 0.995458
vt 0.812500 0.515504
vt 0.841304 0.990202
vt 0.750636 0.515504
vt 0.750789 0.551243
vt 0.750873 0.625000
vt 0.751130 0.745697
vt 0.754297 0.875001
vt 0.751244 0.750000
vt 0.783706 0.990203
vt 0.217667 0.995468
vt 0.247800 0.875012
s 1
f 1/1/1 2/1/2 3/1/3
f 2/1/2 1/1/1 4/1/4
f 1/1/1 5/1/5 4/1/4
f 5/1/5 1/1/1 6/1/6
f 2/1/2 4/1/4 7/1/4
f 5/1/5 7/1/4 4/1/4
f 2/1/2 7/1/4 8/1/3
f 7/1/4 5/1/5 9/1/6
f 10/1/7 11/1/7 12/1/8
f 11/1/7 10/1/7 13/1/9
f 10/1/7 12/1/8 14/1/10
f 15/1/9 13/1/9 10/1/7
f 14/1/10 12/1/8 16/1/11
f 13/1/9 15/1/9 17/1/12
f 14/1/10 16/1/11 18/1/11
f 19/1/12 17/1/12 15/1/9
f 18/1/11 16/1/11 20/1/13
f 21/1/14 17/1/12 19/1/12
f 18/1/11 20/1/13 22/1/13
f 21/1/14 23/1/15 17/1/12
f 22/1/13 20/1/13 24/1/16
f 25/1/17 23/1/15 21/1/14
f 22/1/13 24/1/16 26/1/18
f 25/1/17 27/1/17 23/1/15
f 26/1/18 24/1/16 28/1/19
f 27/1/17 25/1/17 29/1/20
f 26/1/18 28/1/19 30/1/19
f 31/1/21 29/1/20 25/1/17
f 30/1/19 28/1/19 32/1/22
f 29/1/20 31/1/21 33/1/23
f 30/1/19 32/1/22 34/1/22
f 35/1/23 33/1/23 31/1/21
f 34/1/22 32/1/22 36/1/24
f 33/1/23 35/1/23 37/1/25
f 34/1/22 36/1/24 38/1/26
f 33/1/23 37/1/25 39/1/27
f 38/1/26 36/1/24 40/1/28
f 39/1/27 37/1/25 40/1/28
f 38/1/26 40/1/28 41/1/29
f 41/1/29 40/1/28 37/1/25
f 42/1/30 43/1/31 44/1/32
f 45/1/30 44/1/32 46/1/33
f 44/1/32 43/1/31 47/1/31
f 44/1/32 47/1/31 46/1/33
f 43/1/31 48/1/34 47/1/31
f 46/1/33 47/1/31 49/1/35
f 47/1/31 48/1/34 50/1/36
f 47/1/31 50/1/36 49/1/35
f 48/1/34 51/1/37 50/1/36
f 49/1/35 50/1/36 52/1/38
f 50/1/36 51/1/37 53/1/37
f 50/1/36 53/1/37 52/1/38
f 51/1/37 54/1/39 53/1/37
f 55/1/39 52/1/38 53/1/37
f 53/1/37 54/1/39 56/1/40
f 53/1/37 56/1/40 55/1/39
f 54/1/39 57/1/41 56/1/40
f 58/1/42 55/1/39 56/1/40
f 56/1/40 57/1/41 59/1/43
f 56/1/40 59/1/43 58/1/42
f 57/1/41 60/1/44 59/1/43
f 59/1/43 60/1/44 58/1/42
f 60/1/44 57/1/41 61/1/45
f 58/1/42 60/1/44 62/1/46
f 61/1/45 63/1/47 60/1/44
f 63/1/47 62/1/46 60/1/44
f 63/1/47 61/1/45 64/1/48
f 62/1/46 63/1/47 65/1/49
f 66/1/50 63/1/47 64/1/48
f 66/1/50 65/1/49 63/1/47
f 64/1/48 67/1/51 66/1/50
f 65/1/49 66/1/50 68/1/52
f 67/1/51 69/1/53 66/1/50
f 69/1/53 68/1/52 66/1/50
f 69/1/53 67/1/51 70/1/53
f 68/1/52 69/1/53 71/1/53
f 72/1/54 73/1/55 74/1/54
f 73/1/55 75/1/56 76/1/54
f 74/1/54 73/1/55 77/1/55
f 76/1/54 77/1/55 73/1/55
f 74/1/54 77/1/55 78/1/54
f 77/1/55 76/1/54 79/1/54
f 78/1/54 77/1/55 80/1/57
f 79/1/54 80/1/57 77/1/55
f 78/1/54 80/1/57 81/1/58
f 80/1/57 79/1/54 82/1/58
f 80/1/57 83/1/59 81/1/58
f 82/1/58 83/1/59 80/1/57
f 81/1/58 83/1/59 84/1/60
f 83/1/59 82/1/58 85/1/60
f 83/1/59 86/1/61 84/1/60
f 85/1/60 86/1/61 83/1/59
f 84/1/60 86/1/61 87/1/62
f 86/1/61 85/1/60 88/1/62
f 86/1/61 89/1/63 87/1/62
f 88/1/62 89/1/63 86/1/61
f 87/1/62 89/1/63 90/1/64
f 89/1/63 88/1/62 91/1/64
f 89/1/63 92/1/65 90/1/64
f 91/1/64 92/1/65 89/1/63
f 90/1/64 92/1/65 93/1/65
f 92/1/65 91/1/64 94/1/65
f 92/1/65 95/1/66 93/1/65
f 94/1/65 95/1/66 92/1/65
f 93/1/65 95/1/66 96/1/66
f 95/1/66 94/1/65 97/1/66
f 98/1/67 96/1/66 95/1/66
f 98/1/67 95/1/66 97/1/66
f 96/1/66 98/1/67 99/1/68
f 97/1/66 100/1/67 98/1/67
f 101/1/69 99/1/68 98/1/67
f 101/1/69 98/1/67 100/1/67
f 99/1/68 101/1/69 102/1/69
f 100/1/67 103/1/69 101/1/69
f 102/1/69 101/1/69 104/1/70
f 103/1/69 104/1/70 101/1/69
f 102/1/69 104/1/70 105/1/71
f 104/1/70 103/1/69 106/1/71
f 105/1/71 104/1/70 107/1/72
f 106/1/71 107/1/72 104/1/70
f 105/1/71 107/1/72 108/1/72
f 107/1/72 106/1/71 109/1/72
f 110/1/73 108/1/72 107/1/72
f 110/1/73 107/1/72 109/1/72
f 111/1/74 108/1/72 110/1/73
f 112/1/75 110/1/73 109/1/72
f 111/1/74 110/1/73 113/1/76
f 112/1/75 113/1/76 110/1/73
f 111/1/74 113/1/76 114/1/77
f 113/1/76 112/1/75 115/1/77
f 113/1/76 116/1/78 114/1/77
f 115/1/77 116/1/78 113/1/76
f 114/1/77 116/1/78 117/1/79
f 116/1/78 115/1/77 118/1/80
f 116/1/78 119/1/81 117/1/79
f 120/1/82 116/1/78 118/1/80
f 119/1/81 116/1/78 121/1/83
f 116/1/78 120/1/82 121/1/83
f 122/1/84 119/1/81 121/1/83
f 120/1/82 122/1/84 121/1/83
f 119/1/81 122/1/84 123/1/85
f 122/1/84 120/1/82 124/1/86
f 122/1/84 125/1/87 123/1/85
f 126/1/88 122/1/84 124/1/86
f 125/1/87 122/1/84 127/1/89
f 122/1/84 126/1/88 127/1/89
f 128/1/90 125/1/87 127/1/89
f 126/1/88 128/1/90 127/1/89
f 125/1/87 128/1/90 129/1/91
f 128/1/90 126/1/88 130/1/92
f 131/1/93 129/1/91 128/1/90
f 131/1/93 128/1/90 130/1/92
f 129/1/91 131/1/93 132/1/93
f 130/1/92 133/1/94 131/1/93
f 134/1/95 135/1/96 136/1/96
f 135/1/96 134/1/95 137/1/97
f 138/1/98 137/1/97 134/1/95
f 134/1/95 139/1/98 138/1/98
f 140/1/99 138/1/98 139/1/98
f 138/1/98 140/1/99 141/1/100
f 140/1/99 142/1/101 141/1/100
f 142/1/101 140/1/99 143/1/102
f 144/1/103 142/1/101 143/1/102
f 142/1/101 144/1/103 145/1/104
f 144/1/103 146/1/105 145/1/104
f 146/1/105 144/1/103 147/1/106
f 148/1/107 146/1/105 147/1/106
f 146/1/105 148/1/107 149/1/108
f 150/1/109 149/1/108 148/1/107
f 149/1/108 150/1/109 151/1/109
f 150/1/109 152/1/110 151/1/109
f 152/1/110 150/1/109 153/1/111
f 154/1/112 152/1/110 153/1/111
f 153/1/111 155/1/113 154/1/112
f 155/1/113 156/1/114 154/1/112
f 154/1/112 156/1/114 157/1/115
f 158/1/116 157/1/115 156/1/114
f 157/1/115 158/1/116 159/1/117
f 160/1/118 159/1/117 158/1/116
f 159/1/117 160/1/118 161/1/119
f 162/1/120 161/1/119 160/1/118
f 160/1/118 163/1/121 162/1/120
f 164/1/122 162/1/120 163/1/121
f 162/1/120 164/1/122 165/1/122
f 164/1/122 166/1/123 165/1/122
f 166/1/123 164/1/122 167/1/123
f 168/1/124 166/1/123 167/1/123
f 166/1/123 168/1/124 169/1/125
f 170/1/126 169/1/125 168/1/124
f 170/1/126 168/1/124 171/1/126
f 172/1/127 170/1/126 171/1/126
f 171/1/126 173/1/127 172/1/127
f 173/1/127 174/1/128 172/1/127
f 174/1/128 173/1/127 175/1/128
f 175/1/128 176/1/129 174/1/128
f 176/1/129 175/1/128 177/1/129
f 178/1/130 176/1/129 177/1/129
f 176/1/129 178/1/130 179/1/131
f 178/1/130 180/1/132 179/1/131
f 178/1/130 181/1/133 180/1/132
f 182/1/134 180/1/132 181/1/133
f 180/1/132 182/1/134 183/1/135
f 184/1/136 183/1/135 182/1/134
f 182/1/134 185/1/137 184/1/136
f 186/1/138 184/1/136 185/1/137
f 185/1/137 187/1/139 186/1/138
f 186/1/138 187/1/139 188/1/140
f 189/1/141 190/1/142 191/1/141
f 190/1/142 189/1/141 192/1/143
f 193/1/144 190/1/142 192/1/143
f 194/1/144 190/1/142 193/1/144
f 193/1/144 195/1/145 194/1/144
f 195/1/145 193/1/144 196/1/146
f 197/1/147 195/1/145 196/1/146
f 195/1/145 197/1/147 198/1/148
f 197/1/147 199/1/149 198/1/148
f 199/1/149 197/1/147 200/1/150
f 201/1/151 199/1/149 200/1/150
f 199/1/149 201/1/151 202/1/152
f 201/1/151 203/1/153 202/1/152
f 203/1/153 201/1/151 204/1/154
f 205/1/155 203/1/153 204/1/154
f 205/1/155 204/1/154 206/1/156
f 207/1/157 205/1/155 206/1/156
f 205/1/155 207/1/157 208/1/158
f 207/1/157 209/1/159 208/1/158
f 208/1/158 209/1/159 210/1/160
f 209/1/159 211/1/161 210/1/160
f 211/1/161 209/1/159 212/1/162
f 212/1/162 213/1/163 211/1/161
f 213/1/163 212/1/162 214/1/164
f 214/1/164 215/1/165 213/1/163
f 214/1/164 216/1/166 215/1/165
f 216/1/166 217/1/167 215/1/165
f 218/1/167 215/1/165 217/1/167
f 217/1/167 219/1/168 218/1/167
f 219/1/168 217/1/167 220/1/169
f 220/1/169 221/1/170 219/1/168
f 222/1/171 219/1/168 221/1/170
f 221/1/170 223/1/172 222/1/171
f 223/1/172 221/1/170 224/1/173
f 224/1/173 225/1/174 223/1/172
f 223/1/172 225/1/174 226/1/175
f 227/1/176 226/1/175 225/1/174
f 226/1/175 227/1/176 228/1/177
f 227/1/176 229/1/178 228/1/177
f 228/1/177 229/1/178 230/1/179
f 229/1/178 231/1/180 230/1/179
f 232/1/180 230/1/179 231/1/180
f 231/1/180 233/1/181 232/1/180
f 233/1/181 231/1/180 234/1/182
f 235/1/183 233/1/181 234/1/182
f 233/1/181 235/1/183 236/1/183
f 235/1/183 237/1/184 236/1/183
f 237/1/184 235/1/183 238/1/184
f 239/1/185 237/1/184 238/1/184
f 240/1/185 237/1/184 239/1/185
f 241/1/186 240/1/185 239/1/185
f 242/1/187 240/1/185 241/1/186
f 241/1/186 243/1/188 242/1/187
f 244/1/189 245/1/190 246/1/191
f 245/1/190 244/1/189 247/1/191
f 246/1/191 248/1/192 244/1/189
f 246/1/191 245/1/190 249/1/189
f 249/1/189 245/1/190 250/1/191
f 251/1/192 246/1/191 249/1/189
f 247/1/191 252/1/193 245/1/190
f 250/1/191 245/1/190 252/1/193
f 252/1/193 247/1/191 253/1/190
f 250/1/191 252/1/193 254/1/190
f 248/1/192 246/1/191 255/1/192
f 255/1/192 246/1/191 251/1/192
f 255/1/192 256/1/194 248/1/192
f 257/1/194 255/1/192 251/1/192
f 256/1/194 255/1/192 258/1/195
f 258/1/195 255/1/192 257/1/194
f 258/1/195 259/1/196 256/1/194
f 258/1/195 257/1/194 259/1/196
f 254/1/190 252/1/193 260/1/191
f 253/1/190 260/1/191 252/1/193
f 254/1/190 260/1/191 261/1/197
f 260/1/191 253/1/190 262/1/197
f 260/1/191 263/1/190 261/1/197
f 262/1/197 263/1/190 260/1/191
f 261/1/197 263/1/190 264/1/190
f 263/1/190 262/1/197 265/1/197
f 263/1/190 266/1/198 264/1/190
f 265/1/197 266/1/198 263/1/190
f 264/1/190 266/1/198 267/1/198
f 266/1/198 265/1/197 268/1/198
f 266/1/198 269/1/55 267/1/198
f 268/1/198 269/1/55 266/1/198
f 267/1/198 269/1/55 72/1/54
f 269/1/55 268/1/198 75/1/56
f 72/1/54 269/1/55 73/1/55
f 75/1/56 73/1/55 269/1/55
f 270/1/199 271/1/200 272/1/201
f 273/1/202 272/1/201 271/1/200
f 272/1/201 274/1/203 270/1/199
f 275/1/204 270/1/199 274/1/203
f 272/1/201 273/1/202 276/1/205
f 277/1/206 276/1/205 273/1/202
f 277/1/206 278/1/11 276/1/205
f 279/1/207 276/1/205 278/1/11
f 279/1/207 280/1/208 276/1/205
f 280/1/208 272/1/201 276/1/205
f 272/1/201 280/1/208 281/1/209
f 281/1/209 282/1/199 272/1/201
f 272/1/201 282/1/199 274/1/203
f 282/1/199 283/1/204 274/1/203
f 274/1/203 283/1/204 284/1/210
f 274/1/203 284/1/210 275/1/204
f 285/1/211 284/1/210 283/1/204
f 286/1/211 275/1/204 284/1/210
f 284/1/210 285/1/211 287/1/212
f 284/1/210 287/1/212 286/1/211
f 285/1/211 288/1/213 287/1/212
f 289/1/213 286/1/211 287/1/212
f 287/1/212 288/1/213 290/1/214
f 287/1/212 290/1/214 289/1/213
f 288/1/213 291/1/215 290/1/214
f 292/1/215 289/1/213 290/1/214
f 290/1/214 291/1/215 293/1/215
f 290/1/214 293/1/215 292/1/215
f 291/1/215 294/1/216 293/1/215
f 295/1/216 292/1/215 293/1/215
f 293/1/215 294/1/216 296/1/216
f 293/1/215 296/1/216 295/1/216
f 294/1/216 297/1/217 296/1/216
f 298/1/218 295/1/216 296/1/216
f 296/1/216 297/1/217 299/1/219
f 296/1/216 299/1/219 298/1/218
f 42/1/30 299/1/219 297/1/217
f 298/1/218 299/1/219 45/1/30
f 299/1/219 42/1/30 44/1/32
f 299/1/219 44/1/32 45/1/30
f 300/1/220 301/1/221 302/1/222
f 302/1/222 303/1/223 300/1/220
f 304/1/224 300/1/220 303/1/223
f 303/1/223 305/1/224 304/1/224
f 306/1/224 304/1/224 305/1/224
f 305/1/224 307/1/225 306/1/224
f 308/1/225 306/1/224 307/1/225
f 307/1/225 309/1/225 308/1/225
f 308/1/225 309/1/225 310/1/226
f 309/1/225 311/1/227 310/1/226
f 311/1/227 312/1/228 310/1/226
f 312/1/228 311/1/227 313/1/228
f 313/1/228 314/1/229 312/1/228
f 314/1/229 313/1/228 315/1/229
f 315/1/229 316/1/230 314/1/229
f 316/1/230 315/1/229 317/1/231
f 317/1/231 318/1/232 316/1/230
f 318/1/232 317/1/231 319/1/233
f 319/1/233 320/1/234 318/1/232
f 319/1/233 321/1/234 320/1/234
f 322/1/235 320/1/234 321/1/234
f 320/1/234 322/1/235 323/1/235
f 324/1/236 323/1/235 322/1/235
f 323/1/235 324/1/236 325/1/236
f 324/1/236 326/1/237 325/1/236
f 326/1/237 324/1/236 327/1/238
f 328/1/239 326/1/237 327/1/238
f 326/1/237 328/1/239 329/1/240
f 135/1/96 329/1/240 328/1/239
f 328/1/239 136/1/96 135/1/96
f 330/1/241 331/1/242 332/1/241
f 332/1/241 331/1/242 333/1/243
f 331/1/242 334/1/244 333/1/243
f 333/1/243 334/1/244 335/1/244
f 334/1/244 336/1/244 335/1/244
f 335/1/244 336/1/244 337/1/245
f 336/1/244 338/1/245 337/1/245
f 337/1/245 338/1/245 339/1/245
f 338/1/245 340/1/246 339/1/245
f 339/1/245 340/1/246 341/1/246
f 340/1/246 342/1/247 341/1/246
f 341/1/246 342/1/247 343/1/247
f 342/1/247 344/1/248 343/1/247
f 343/1/247 344/1/248 345/1/248
f 344/1/248 346/1/249 345/1/248
f 345/1/248 346/1/249 347/1/250
f 346/1/249 348/1/251 347/1/250
f 347/1/250 348/1/251 349/1/251
f 350/1/252 349/1/251 348/1/251
f 349/1/251 350/1/252 351/1/252
f 350/1/252 352/1/253 351/1/252
f 352/1/253 350/1/252 353/1/253
f 353/1/253 354/1/254 352/1/253
f 354/1/254 353/1/253 355/1/255
f 356/1/256 354/1/254 355/1/255
f 354/1/254 356/1/256 357/1/256
f 356/1/256 358/1/257 357/1/256
f 358/1/257 356/1/256 359/1/257
f 359/1/257 189/1/141 358/1/257
f 191/1/141 358/1/257 189/1/141
f 360/1/258 361/1/259 362/1/260
f 361/1/259 363/1/261 362/1/260
f 360/1/258 364/1/262 361/1/259
f 364/1/262 360/1/258 365/1/263
f 365/1/263 366/1/264 364/1/262
f 367/1/265 364/1/262 366/1/264
f 366/1/264 368/1/266 367/1/265
f 369/1/267 367/1/265 368/1/266
f 369/1/267 368/1/266 370/1/268
f 370/1/268 371/1/269 369/1/267
f 371/1/269 370/1/268 372/1/270
f 372/1/270 373/1/271 371/1/269
f 374/1/272 373/1/271 372/1/270
f 373/1/271 374/1/272 375/1/273
f 376/1/274 375/1/273 374/1/272
f 375/1/273 376/1/274 377/1/275
f 378/1/276 377/1/275 376/1/274
f 376/1/274 379/1/277 378/1/276
f 380/1/278 378/1/276 379/1/277
f 379/1/277 381/1/278 380/1/278
f 382/1/279 380/1/278 381/1/278
f 381/1/278 383/1/280 382/1/279
f 384/1/222 382/1/279 383/1/280
f 383/1/280 385/1/221 384/1/222
f 384/1/222 385/1/221 386/1/222
f 385/1/221 387/1/221 386/1/222
f 386/1/222 387/1/221 388/1/221
f 387/1/221 389/1/221 388/1/221
f 301/1/221 388/1/221 389/1/221
f 389/1/221 302/1/222 301/1/221
f 390/1/281 391/1/282 392/1/283
f 393/1/284 392/1/283 391/1/282
f 391/1/282 394/1/285 393/1/284
f 395/1/286 393/1/284 394/1/285
f 394/1/285 396/1/287 395/1/286
f 394/1/285 397/1/288 396/1/287
f 398/1/289 396/1/287 397/1/288
f 397/1/288 399/1/290 398/1/289
f 400/1/291 398/1/289 399/1/290
f 399/1/290 401/1/292 400/1/291
f 402/1/293 400/1/291 401/1/292
f 401/1/292 403/1/294 402/1/293
f 403/1/294 404/1/295 402/1/293
f 404/1/295 403/1/294 405/1/296
f 405/1/296 406/1/297 404/1/295
f 406/1/297 405/1/296 407/1/298
f 407/1/298 408/1/299 406/1/297
f 406/1/297 408/1/299 409/1/300
f 408/1/299 410/1/301 409/1/300
f 409/1/300 410/1/301 411/1/301
f 410/1/301 412/1/302 411/1/301
f 411/1/301 412/1/302 413/1/303
f 412/1/302 414/1/241 413/1/303
f 413/1/303 414/1/241 415/1/241
f 414/1/241 416/1/241 415/1/241
f 415/1/241 416/1/241 417/1/302
f 416/1/241 418/1/302 417/1/302
f 417/1/302 418/1/302 419/1/302
f 418/1/302 330/1/241 419/1/302
f 419/1/302 330/1/241 332/1/241
f 420/1/23 421/1/23 422/1/304
f 423/1/305 422/1/304 421/1/23
f 421/1/23 420/1/23 424/1/27
f 425/1/17 422/1/304 423/1/305
f 426/1/27 424/1/27 420/1/23
f 425/1/17 427/1/306 422/1/304
f 424/1/27 426/1/27 428/1/28
f 425/1/17 429/1/307 427/1/306
f 424/1/27 428/1/28 430/1/28
f 429/1/307 425/1/17 431/1/308
f 430/1/28 428/1/28 432/1/309
f 429/1/307 431/1/308 433/1/12
f 434/1/310 432/1/309 428/1/28
f 429/1/307 433/1/12 435/1/12
f 436/1/22 432/1/309 434/1/310
f 433/1/12 437/1/9 435/1/12
f 436/1/22 438/1/22 432/1/309
f 437/1/9 433/1/12 439/1/311
f 440/1/312 438/1/22 436/1/22
f 441/1/313 437/1/9 439/1/311
f 440/1/312 442/1/312 438/1/22
f 437/1/9 441/1/313 443/1/7
f 444/1/314 442/1/312 440/1/312
f 443/1/7 441/1/313 445/1/10
f 444/1/314 446/1/314 442/1/312
f 443/1/7 445/1/10 447/1/315
f 448/1/13 446/1/314 444/1/314
f 447/1/315 445/1/10 449/1/11
f 448/1/13 450/1/316 446/1/314
f 447/1/315 449/1/11 451/1/11
f 451/1/11 450/1/316 448/1/13
f 451/1/11 449/1/11 450/1/316
f 452/2/317 453/3/318 454/4/319
f 453/3/318 452/2/317 455/5/320
f 455/5/320 456/6/321 457/3/322
f 456/6/321 455/5/320 458/7/323
f 458/7/323 459/8/324 456/6/321
f 459/8/324 458/7/323 460/9/325
f 460/9/325 461/10/326 459/8/324
f 462/11/327 459/8/324 461/10/326
f 462/11/328 463/12/329 464/13/330
f 465/4/331 466/3/332 467/2/333
f 467/2/333 466/3/332 468/5/334
f 469/3/335 470/6/336 468/5/334
f 468/5/334 470/6/336 471/7/337
f 470/6/336 472/8/338 471/7/337
f 471/7/337 472/8/338 473/9/339
f 474/10/340 473/9/339 472/8/338
f 472/8/338 475/11/341 474/10/340
f 475/11/341 476/13/342 477/12/343
f 478/1/344 479/1/345 480/1/346
f 481/1/347 482/1/348 483/1/349
f 484/1/350 478/1/344 485/1/351
f 480/1/346 485/1/351 478/1/344
f 482/1/348 484/1/350 486/1/352
f 485/1/351 486/1/352 484/1/350
f 480/1/346 487/1/353 485/1/351
f 486/1/352 485/1/351 487/1/353
f 488/1/354 480/1/346 479/1/345
f 482/1/348 486/1/352 489/1/355
f 489/1/355 483/1/349 482/1/348
f 487/1/353 480/1/346 490/1/356
f 490/1/356 486/1/352 487/1/353
f 488/1/354 490/1/356 480/1/346
f 486/1/352 491/1/357 489/1/355
f 490/1/356 491/1/357 486/1/352
f 483/1/349 489/1/355 491/1/357
f 490/1/356 488/1/354 492/1/358
f 488/1/354 493/1/359 492/1/358
f 493/1/359 490/1/356 492/1/358
f 493/1/359 491/1/357 490/1/356
f 493/1/359 488/1/354 494/1/360
f 495/1/361 483/1/349 491/1/357
f 494/1/360 496/1/362 493/1/359
f 491/1/357 497/1/363 495/1/361
f 494/1/360 498/1/364 496/1/362
f 494/1/360 499/1/365 498/1/364
f 500/1/366 493/1/359 496/1/362
f 500/1/366 491/1/357 493/1/359
f 498/1/364 500/1/366 496/1/362
f 500/1/366 497/1/363 491/1/357
f 499/1/365 501/1/367 498/1/364
f 498/1/364 501/1/367 500/1/366
f 501/1/367 499/1/365 502/1/368
f 503/1/369 502/1/368 499/1/365
f 502/1/368 504/1/370 501/1/367
f 504/1/370 500/1/366 501/1/367
f 502/1/368 503/1/369 505/1/371
f 500/1/366 504/1/370 506/1/372
f 507/1/373 500/1/366 506/1/372
f 507/1/373 506/1/372 504/1/370
f 508/1/374 500/1/366 507/1/373
f 497/1/363 500/1/366 508/1/374
f 504/1/370 502/1/368 509/1/375
f 505/1/371 509/1/375 502/1/368
f 503/1/369 510/1/376 505/1/371
f 510/1/376 503/1/369 511/1/377
f 511/1/377 512/1/378 510/1/376
f 513/1/379 505/1/371 510/1/376
f 513/1/379 510/1/376 512/1/378
f 509/1/375 505/1/371 514/1/380
f 505/1/371 513/1/379 514/1/380
f 515/1/381 504/1/370 509/1/375
f 514/1/380 515/1/381 509/1/375
f 504/1/370 515/1/381 516/1/382
f 507/1/373 504/1/370 516/1/382
f 515/1/381 514/1/380 517/1/383
f 513/1/379 517/1/383 514/1/380
f 516/1/382 518/1/384 507/1/373
f 517/1/383 519/1/385 515/1/381
f 519/1/385 516/1/382 515/1/381
f 508/1/374 507/1/373 518/1/384
f 518/1/384 516/1/382 520/1/386
f 516/1/382 519/1/385 520/1/386
f 520/1/386 508/1/374 518/1/384
f 519/1/385 521/1/387 520/1/386
f 520/1/386 521/1/387 508/1/374
f 519/1/385 517/1/383 522/1/388
f 521/1/387 519/1/385 523/1/389
f 522/1/388 523/1/389 519/1/385
f 524/1/390 508/1/374 521/1/387
f 523/1/389 524/1/390 521/1/387
f 508/1/374 524/1/390 525/1/391
f 497/1/363 508/1/374 525/1/391
f 526/1/392 525/1/391 524/1/390
f 525/1/391 526/1/392 497/1/363
f 527/1/393 497/1/363 526/1/392
f 497/1/363 527/1/393 495/1/361
f 483/1/349 495/1/361 527/1/393
f 528/1/394 483/1/349 527/1/393
f 526/1/392 528/1/394 527/1/393
f 483/1/349 528/1/394 481/1/347
f 529/1/395 481/1/347 528/1/394
f 528/1/394 526/1/392 530/1/396
f 524/1/390 530/1/396 526/1/392
f 528/1/394 531/1/397 529/1/395
f 531/1/397 528/1/394 530/1/396
f 530/1/396 524/1/390 532/1/398
f 524/1/390 523/1/389 532/1/398
f 530/1/396 533/1/399 531/1/397
f 533/1/399 530/1/396 532/1/398
f 534/1/400 532/1/398 523/1/389
f 532/1/398 534/1/400 533/1/399
f 523/1/389 522/1/388 534/1/400
f 535/1/401 531/1/397 533/1/399
f 534/1/400 535/1/401 533/1/399
f 536/1/402 529/1/395 531/1/397
f 531/1/397 535/1/401 536/1/402
f 529/1/395 536/1/402 537/1/403
f 537/1/403 536/1/402 538/1/404
f 536/1/402 535/1/401 539/1/405
f 539/1/405 538/1/404 536/1/402
f 535/1/401 534/1/400 540/1/406
f 522/1/388 540/1/406 534/1/400
f 535/1/401 541/1/407 539/1/405
f 541/1/407 538/1/404 539/1/405
f 535/1/401 540/1/406 541/1/407
f 542/1/408 538/1/404 541/1/407
f 512/1/378 538/1/404 542/1/408
f 543/1/409 541/1/407 540/1/406
f 540/1/406 522/1/388 543/1/409
f 541/1/407 543/1/409 544/1/410
f 542/1/408 541/1/407 544/1/410
f 522/1/388 545/1/411 543/1/409
f 545/1/411 544/1/410 543/1/409
f 544/1/410 545/1/411 542/1/408
f 545/1/411 522/1/388 517/1/383
f 517/1/383 513/1/379 545/1/411
f 513/1/379 542/1/408 545/1/411
f 512/1/378 542/1/408 546/1/412
f 542/1/408 513/1/379 546/1/412
f 512/1/378 546/1/412 513/1/379
f 547/1/361 548/1/413 549/1/414
f 550/1/415 551/1/374 549/1/414
f 549/1/414 552/1/416 547/1/361
f 552/1/416 549/1/414 551/1/374
f 553/1/417 551/1/374 550/1/415
f 548/1/413 547/1/361 554/1/418
f 552/1/416 554/1/418 547/1/361
f 555/1/419 548/1/413 554/1/418
f 554/1/418 552/1/416 556/1/392
f 556/1/392 555/1/419 554/1/418
f 552/1/416 551/1/374 557/1/391
f 552/1/416 557/1/391 558/1/420
f 558/1/420 556/1/392 552/1/416
f 551/1/374 558/1/420 557/1/391
f 555/1/419 556/1/392 559/1/421
f 558/1/420 559/1/421 556/1/392
f 560/1/422 555/1/419 559/1/421
f 555/1/419 560/1/422 561/1/423
f 559/1/421 558/1/420 562/1/398
f 559/1/421 563/1/399 560/1/422
f 563/1/399 559/1/421 562/1/398
f 564/1/402 561/1/423 560/1/422
f 565/1/401 560/1/422 563/1/399
f 560/1/422 565/1/401 564/1/402
f 562/1/398 566/1/424 563/1/399
f 566/1/424 565/1/401 563/1/399
f 558/1/420 567/1/425 562/1/398
f 566/1/424 562/1/398 567/1/425
f 561/1/423 564/1/402 568/1/426
f 569/1/427 561/1/423 568/1/426
f 568/1/426 564/1/402 570/1/428
f 565/1/401 570/1/428 564/1/402
f 571/1/429 569/1/427 568/1/426
f 570/1/428 571/1/429 568/1/426
f 569/1/427 571/1/429 572/1/430
f 570/1/428 572/1/430 571/1/429
f 572/1/430 573/1/431 569/1/427
f 573/1/431 572/1/430 574/1/432
f 575/1/433 573/1/431 574/1/432
f 572/1/430 575/1/433 574/1/432
f 570/1/428 575/1/433 572/1/430
f 575/1/433 570/1/428 576/1/434
f 570/1/428 565/1/401 577/1/435
f 565/1/401 578/1/436 577/1/435
f 578/1/436 570/1/428 577/1/435
f 570/1/428 579/1/378 576/1/434
f 579/1/378 570/1/428 578/1/436
f 576/1/434 579/1/378 580/1/437
f 580/1/437 581/1/438 576/1/434
f 581/1/438 580/1/437 582/1/377
f 579/1/378 582/1/377 580/1/437
f 583/1/369 581/1/438 582/1/377
f 582/1/377 579/1/378 584/1/439
f 584/1/439 583/1/369 582/1/377
f 585/1/440 584/1/439 579/1/378
f 579/1/378 578/1/436 586/1/441
f 579/1/378 586/1/441 585/1/440
f 584/1/439 585/1/440 587/1/442
f 586/1/441 587/1/442 585/1/440
f 583/1/369 584/1/439 588/1/371
f 587/1/442 588/1/371 584/1/439
f 586/1/441 578/1/436 589/1/443
f 590/1/444 583/1/369 588/1/371
f 583/1/369 590/1/444 591/1/365
f 588/1/371 587/1/442 592/1/380
f 593/1/445 589/1/443 578/1/436
f 565/1/401 593/1/445 578/1/436
f 565/1/401 566/1/424 593/1/445
f 589/1/443 593/1/445 594/1/446
f 594/1/446 586/1/441 589/1/443
f 595/1/447 593/1/445 566/1/424
f 593/1/445 595/1/447 594/1/446
f 567/1/425 595/1/447 566/1/424
f 586/1/441 594/1/446 596/1/411
f 595/1/447 596/1/411 594/1/446
f 587/1/442 586/1/441 596/1/411
f 597/1/448 587/1/442 596/1/411
f 596/1/411 595/1/447 597/1/448
f 587/1/442 597/1/448 592/1/380
f 595/1/447 567/1/425 598/1/385
f 598/1/385 597/1/448 595/1/447
f 599/1/449 592/1/380 597/1/448
f 597/1/448 598/1/385 599/1/449
f 592/1/380 599/1/449 600/1/450
f 600/1/450 588/1/371 592/1/380
f 588/1/371 600/1/450 590/1/444
f 599/1/449 601/1/370 600/1/450
f 601/1/370 590/1/444 600/1/450
f 598/1/385 602/1/451 599/1/449
f 601/1/370 599/1/449 602/1/451
f 603/1/387 598/1/385 567/1/425
f 567/1/425 558/1/420 603/1/387
f 602/1/451 598/1/385 604/1/386
f 598/1/385 603/1/387 604/1/386
f 558/1/420 551/1/374 603/1/387
f 603/1/387 605/1/452 604/1/386
f 605/1/452 603/1/387 551/1/374
f 604/1/386 606/1/453 602/1/451
f 606/1/453 604/1/386 605/1/452
f 606/1/453 601/1/370 602/1/451
f 551/1/374 606/1/453 605/1/452
f 606/1/453 607/1/372 601/1/370
f 551/1/374 608/1/366 606/1/453
f 606/1/453 608/1/366 607/1/372
f 551/1/374 553/1/417 608/1/366
f 608/1/366 553/1/417 609/1/362
f 610/1/454 601/1/370 607/1/372
f 607/1/372 608/1/366 610/1/454
f 590/1/444 601/1/370 610/1/454
f 610/1/454 591/1/365 590/1/444
f 611/1/455 610/1/454 608/1/366
f 591/1/365 610/1/454 611/1/455
f 611/1/455 608/1/366 609/1/362
f 612/1/456 591/1/365 611/1/455
f 612/1/456 611/1/455 609/1/362
f 613/14/457 614/15/458 615/16/459
f 615/16/459 614/15/458 616/17/460
f 617/18/461 616/17/460 614/15/458
f 616/17/460 617/18/461 618/19/462
f 619/20/463 618/19/462 617/18/461
f 618/19/462 619/20/463 620/21/464
f 621/22/465 620/21/464 619/20/463
f 620/21/464 621/22/465 622/23/466
f 622/23/466 621/22/465 623/24/330
f 616/17/460 624/25/467 615/16/459
f 625/26/468 615/16/459 624/25/467
f 624/25/467 616/17/460 626/27/469
f 615/16/459 625/26/468 627/28/470
f 627/28/470 613/14/457 615/16/459
f 628/19/462 626/27/469 616/17/460
f 626/27/469 628/19/462 629/29/471
f 630/21/464 629/29/471 628/19/462
f 629/29/471 630/21/464 631/30/472
f 632/23/473 631/30/472 630/21/464
f 631/30/472 632/23/473 633/31/474
f 634/32/330 633/31/474 632/23/473
f 613/14/457 627/28/470 635/33/475
f 635/33/475 636/4/476 613/14/457
f 636/4/476 635/33/475 637/34/477
f 636/4/476 638/3/478 613/14/457
f 638/3/478 639/15/479 613/14/457
f 640/6/480 639/15/479 638/3/478
f 639/15/479 640/6/480 641/18/481
f 642/8/482 641/18/481 640/6/480
f 641/18/481 642/8/482 643/20/483
f 644/11/328 643/20/483 642/8/482
f 643/20/483 644/11/328 645/22/484
f 645/22/484 644/11/328 646/35/485
f 647/36/486 648/4/487 637/34/477
f 648/4/487 647/36/486 649/37/317
f 650/15/488 651/14/489 652/16/490
f 652/16/490 653/17/491 650/15/488
f 653/17/491 654/18/492 650/15/488
f 654/18/492 653/17/491 655/19/493
f 655/19/493 656/20/494 654/18/492
f 656/20/494 655/19/493 657/21/495
f 657/21/495 658/22/496 656/20/494
f 658/22/496 657/21/495 659/23/497
f 659/23/497 660/24/498 658/22/496
f 653/17/491 652/16/490 661/25/499
f 652/16/490 662/26/500 661/25/499
f 661/25/499 663/27/501 653/17/491
f 662/26/500 652/16/490 664/28/502
f 651/14/489 664/28/502 652/16/490
f 663/27/501 665/19/493 653/17/491
f 665/19/493 663/27/501 666/29/503
f 666/29/503 667/21/495 665/19/493
f 667/21/495 666/29/503 668/30/504
f 668/30/504 669/23/505 667/21/495
f 669/23/505 668/30/504 670/31/506
f 671/32/498 669/23/505 670/31/506
f 664/28/502 651/14/489 672/33/507
f 673/4/508 672/33/507 651/14/489
f 672/33/507 673/4/508 674/34/509
f 651/14/489 675/3/510 673/4/508
f 675/3/510 651/14/489 676/15/511
f 676/15/511 677/6/512 675/3/510
f 677/6/512 676/15/511 678/18/513
f 678/18/513 679/8/514 677/6/512
f 679/8/514 678/18/513 680/20/515
f 680/20/515 681/11/341 679/8/514
f 681/11/341 680/20/515 682/22/516
f 682/22/516 683/35/517 681/11/341
f 674/34/509 684/4/518 685/36/519
f 685/36/519 684/4/518 686/37/333
f 687/1/520 688/1/521 689/1/522
f 688/1/521 687/1/520 690/1/523
f 691/1/524 687/1/520 689/1/522
f 690/1/523 692/1/525 688/1/521
f 692/1/525 690/1/523 693/1/526
f 691/1/524 689/1/522 694/1/527
f 695/1/528 691/1/524 694/1/527
f 695/1/528 694/1/527 696/1/529
f 696/1/529 694/1/527 697/1/530
f 696/1/529 697/1/530 698/1/528
f 694/1/527 689/1/522 699/1/531
f 694/1/527 699/1/531 697/1/530
f 689/1/522 700/1/532 699/1/531
f 700/1/532 689/1/522 688/1/521
f 698/1/528 697/1/530 701/1/533
f 698/1/528 701/1/533 702/1/534
f 701/1/533 703/1/535 702/1/534
f 697/1/530 704/1/536 701/1/533
f 701/1/533 704/1/536 703/1/535
f 697/1/530 699/1/531 704/1/536
f 704/1/536 705/1/537 703/1/535
f 699/1/531 706/1/538 704/1/536
f 705/1/537 704/1/536 706/1/538
f 706/1/538 699/1/531 700/1/532
f 706/1/538 707/1/539 705/1/537
f 707/1/539 706/1/538 708/1/540
f 700/1/532 708/1/540 706/1/538
f 708/1/540 709/1/541 707/1/539
f 688/1/521 710/1/542 700/1/532
f 708/1/540 700/1/532 710/1/542
f 710/1/542 688/1/521 692/1/525
f 709/1/541 708/1/540 711/1/543
f 710/1/542 711/1/543 708/1/540
f 712/1/544 709/1/541 711/1/543
f 692/1/525 713/1/545 710/1/542
f 711/1/543 710/1/542 713/1/545
f 711/1/543 714/1/546 712/1/544
f 714/1/546 711/1/543 713/1/545
f 715/1/547 712/1/544 714/1/546
f 712/1/544 715/1/547 716/1/548
f 715/1/547 717/1/549 716/1/548
f 713/1/545 692/1/525 718/1/550
f 693/1/526 718/1/550 692/1/525
f 718/1/550 693/1/526 719/1/551
f 713/1/545 718/1/550 720/1/552
f 713/1/545 720/1/552 714/1/546
f 721/1/553 718/1/550 719/1/551
f 718/1/550 721/1/553 720/1/552
f 719/1/551 722/1/554 721/1/553
f 723/1/555 721/1/553 722/1/554
f 714/1/546 724/1/556 715/1/547
f 724/1/556 714/1/546 720/1/552
f 725/1/557 720/1/552 721/1/553
f 720/1/552 725/1/557 724/1/556
f 721/1/553 723/1/555 725/1/557
f 724/1/556 726/1/549 715/1/547
f 717/1/549 715/1/547 726/1/549
f 726/1/549 727/1/558 717/1/549
f 726/1/549 724/1/556 728/1/559
f 725/1/557 728/1/559 724/1/556
f 727/1/558 726/1/549 729/1/560
f 728/1/559 729/1/560 726/1/549
f 729/1/560 730/1/561 727/1/558
f 723/1/555 731/1/562 725/1/557
f 728/1/559 725/1/557 731/1/562
f 731/1/562 723/1/555 732/1/563
f 733/1/564 731/1/562 732/1/563
f 734/1/565 728/1/559 731/1/562
f 731/1/562 733/1/564 734/1/565
f 729/1/560 728/1/559 735/1/566
f 728/1/559 734/1/565 735/1/566
f 730/1/561 729/1/560 736/1/567
f 735/1/566 736/1/567 729/1/560
f 736/1/567 737/1/568 730/1/561
f 734/1/565 738/1/569 735/1/566
f 736/1/567 735/1/566 738/1/569
f 733/1/564 739/1/570 734/1/565
f 738/1/569 734/1/565 739/1/570
f 739/1/570 733/1/564 740/1/570
f 737/1/568 736/1/567 741/1/567
f 738/1/569 741/1/567 736/1/567
f 741/1/567 742/1/571 737/1/568
f 739/1/570 743/1/572 738/1/569
f 741/1/567 738/1/569 743/1/572
f 740/1/570 744/1/573 739/1/570
f 743/1/572 739/1/570 744/1/573
f 744/1/573 740/1/570 745/1/574
f 742/1/571 741/1/567 746/1/567
f 743/1/572 746/1/567 741/1/567
f 746/1/567 747/1/575 742/1/571
f 744/1/573 748/1/576 743/1/572
f 746/1/567 743/1/572 748/1/576
f 745/1/574 749/1/577 744/1/573
f 748/1/576 744/1/573 749/1/577
f 749/1/577 745/1/574 750/1/574
f 751/1/578 749/1/577 750/1/574
f 747/1/575 746/1/567 752/1/579
f 748/1/576 752/1/579 746/1/567
f 752/1/579 753/1/579 747/1/575
f 749/1/577 754/1/580 748/1/576
f 752/1/579 748/1/576 754/1/580
f 749/1/577 751/1/578 755/1/581
f 754/1/580 749/1/577 755/1/581
f 756/1/582 755/1/581 751/1/578
f 755/1/581 756/1/582 757/1/582
f 757/1/582 754/1/580 755/1/581
f 758/1/583 757/1/582 756/1/582
f 754/1/580 759/1/579 752/1/579
f 753/1/579 752/1/579 759/1/579
f 754/1/580 757/1/582 760/1/582
f 759/1/579 754/1/580 760/1/582
f 757/1/582 758/1/583 761/1/584
f 761/1/584 760/1/582 757/1/582
f 762/1/585 761/1/584 758/1/583
f 763/1/586 759/1/579 760/1/582
f 760/1/582 761/1/584 763/1/586
f 761/1/584 762/1/585 764/1/587
f 764/1/587 763/1/586 761/1/584
f 765/1/588 764/1/587 762/1/585
f 766/1/579 753/1/579 759/1/579
f 759/1/579 763/1/586 766/1/579
f 753/1/579 766/1/579 767/1/589
f 763/1/586 764/1/587 768/1/590
f 768/1/590 766/1/579 763/1/586
f 764/1/587 765/1/588 769/1/591
f 769/1/591 765/1/588 770/1/592
f 769/1/591 770/1/592 771/1/593
f 772/1/594 764/1/587 769/1/591
f 772/1/594 769/1/591 771/1/593
f 764/1/587 772/1/594 768/1/590
f 772/1/594 771/1/593 773/1/595
f 774/1/596 772/1/594 773/1/595
f 775/1/597 772/1/594 774/1/596
f 775/1/597 768/1/590 772/1/594
f 776/1/598 775/1/597 774/1/596
f 777/1/599 775/1/597 776/1/598
f 768/1/590 775/1/597 778/1/600
f 777/1/599 778/1/600 775/1/597
f 766/1/579 768/1/590 778/1/600
f 778/1/600 777/1/599 779/1/601
f 778/1/600 767/1/589 766/1/579
f 767/1/589 778/1/600 779/1/601
f 780/1/602 781/1/603 782/1/604
f 783/1/605 782/1/604 781/1/603
f 781/1/603 784/1/606 783/1/605
f 782/1/604 785/1/607 780/1/602
f 786/1/608 780/1/602 785/1/607
f 787/1/609 783/1/605 784/1/606
f 784/1/606 788/1/610 787/1/609
f 787/1/609 788/1/610 789/1/611
f 787/1/609 789/1/611 790/1/612
f 790/1/612 789/1/611 791/1/611
f 792/1/613 783/1/605 787/1/609
f 790/1/612 792/1/613 787/1/609
f 792/1/613 793/1/614 783/1/605
f 793/1/614 782/1/604 783/1/605
f 790/1/612 791/1/611 794/1/615
f 794/1/615 791/1/611 795/1/616
f 795/1/616 796/1/617 794/1/615
f 794/1/615 797/1/618 790/1/612
f 796/1/617 797/1/618 794/1/615
f 797/1/618 792/1/613 790/1/612
f 796/1/617 798/1/619 797/1/618
f 797/1/618 799/1/620 792/1/613
f 798/1/619 799/1/620 797/1/618
f 799/1/620 793/1/614 792/1/613
f 798/1/619 800/1/621 799/1/620
f 799/1/620 800/1/621 801/1/622
f 799/1/620 801/1/622 793/1/614
f 800/1/621 802/1/623 801/1/622
f 782/1/604 793/1/614 803/1/624
f 793/1/614 801/1/622 803/1/624
f 803/1/624 785/1/607 782/1/604
f 801/1/622 802/1/623 804/1/625
f 801/1/622 804/1/625 803/1/624
f 802/1/623 805/1/626 804/1/625
f 785/1/607 803/1/624 806/1/627
f 803/1/624 804/1/625 806/1/627
f 785/1/607 806/1/627 807/1/628
f 785/1/607 807/1/628 786/1/608
f 808/1/629 786/1/608 807/1/628
f 804/1/625 805/1/626 809/1/630
f 804/1/625 809/1/630 806/1/627
f 805/1/626 810/1/631 809/1/630
f 810/1/631 805/1/626 811/1/632
f 811/1/632 812/1/633 810/1/631
f 807/1/628 813/1/634 808/1/629
f 808/1/629 813/1/634 814/1/635
f 813/1/634 815/1/636 814/1/635
f 807/1/628 816/1/637 813/1/634
f 806/1/627 816/1/637 807/1/628
f 806/1/627 809/1/630 816/1/637
f 816/1/637 817/1/638 813/1/634
f 815/1/636 813/1/634 817/1/638
f 809/1/630 818/1/639 816/1/637
f 817/1/638 816/1/637 818/1/639
f 818/1/639 809/1/630 810/1/631
f 817/1/638 819/1/640 815/1/636
f 815/1/636 819/1/640 820/1/641
f 819/1/640 821/1/642 820/1/641
f 817/1/638 822/1/643 819/1/640
f 817/1/638 818/1/639 822/1/643
f 821/1/642 819/1/640 823/1/644
f 822/1/643 823/1/644 819/1/640
f 810/1/631 824/1/645 818/1/639
f 818/1/639 824/1/645 822/1/643
f 810/1/631 812/1/633 824/1/645
f 812/1/633 825/1/646 824/1/645
f 824/1/645 825/1/646 826/1/647
f 824/1/645 826/1/647 822/1/643
f 826/1/647 825/1/646 827/1/648
f 823/1/644 822/1/643 828/1/649
f 822/1/643 826/1/647 828/1/649
f 826/1/647 827/1/648 829/1/650
f 828/1/649 826/1/647 829/1/650
f 829/1/650 827/1/648 830/1/651
f 823/1/644 828/1/649 831/1/652
f 828/1/649 829/1/650 831/1/652
f 829/1/650 830/1/651 832/1/650
f 831/1/652 829/1/650 832/1/650
f 832/1/650 830/1/651 833/1/653
f 823/1/644 831/1/652 834/1/654
f 823/1/644 834/1/654 821/1/642
f 821/1/642 834/1/654 835/1/654
f 834/1/654 831/1/652 836/1/655
f 831/1/652 832/1/650 836/1/655
f 835/1/654 834/1/654 837/1/656
f 834/1/654 836/1/655 837/1/656
f 835/1/654 837/1/656 838/1/657
f 832/1/650 833/1/653 839/1/650
f 836/1/655 832/1/650 839/1/650
f 833/1/653 840/1/658 839/1/650
f 838/1/657 837/1/656 841/1/659
f 838/1/657 841/1/659 842/1/657
f 837/1/656 836/1/655 843/1/660
f 836/1/655 839/1/650 843/1/660
f 837/1/656 843/1/660 841/1/659
f 841/1/659 844/1/661 842/1/657
f 839/1/650 840/1/658 845/1/662
f 839/1/650 845/1/662 843/1/660
f 840/1/658 846/1/662 845/1/662
f 841/1/659 843/1/660 847/1/663
f 843/1/660 845/1/662 847/1/663
f 844/1/661 841/1/659 848/1/664
f 841/1/659 847/1/663 848/1/664
f 848/1/664 849/1/665 844/1/661
f 849/1/665 848/1/664 850/1/665
f 847/1/663 850/1/665 848/1/664
f 850/1/665 851/1/666 849/1/665
f 845/1/662 852/1/662 847/1/663
f 845/1/662 846/1/662 852/1/662
f 850/1/665 847/1/663 853/1/665
f 847/1/663 852/1/662 853/1/665
f 851/1/666 850/1/665 854/1/667
f 853/1/665 854/1/667 850/1/665
f 854/1/667 855/1/668 851/1/666
f 852/1/662 856/1/669 853/1/665
f 854/1/667 853/1/665 856/1/669
f 846/1/662 857/1/662 852/1/662
f 856/1/669 852/1/662 857/1/662
f 857/1/662 846/1/662 858/1/670
f 855/1/668 854/1/667 859/1/671
f 856/1/669 859/1/671 854/1/667
f 859/1/671 860/1/672 855/1/668
f 857/1/662 861/1/673 856/1/669
f 859/1/671 856/1/669 861/1/673
f 858/1/670 862/1/674 857/1/662
f 861/1/673 857/1/662 862/1/674
f 862/1/674 858/1/670 863/1/675
f 862/1/674 863/1/675 864/1/676
f 864/1/676 865/1/677 862/1/674
f 861/1/673 862/1/674 865/1/677
f 865/1/677 864/1/676 866/1/678
f 866/1/678 867/1/679 865/1/677
f 865/1/677 868/1/680 861/1/673
f 868/1/680 865/1/677 867/1/679
f 859/1/671 861/1/673 868/1/680
f 868/1/680 867/1/679 869/1/681
f 869/1/681 870/1/682 868/1/680
f 859/1/671 868/1/680 871/1/683
f 871/1/683 868/1/680 870/1/682
f 860/1/672 859/1/671 871/1/683
f 870/1/682 872/1/684 871/1/683
f 860/1/672 871/1/683 872/1/684
f 873/6/685 874/5/686 875/3/687
f 876/36/486 875/3/687 874/5/686
f 875/3/687 876/36/486 877/34/688
f 874/5/686 873/6/685 878/7/689
f 879/8/690 878/7/689 873/6/685
f 878/7/689 879/8/690 880/38/691
f 879/8/690 881/39/692 880/38/691
f 881/39/692 879/8/690 882/11/693
f 883/3/694 877/34/695 884/33/475
f 884/33/475 885/15/696 883/3/694
f 885/15/696 886/6/697 883/3/694
f 886/6/697 885/15/696 887/18/698
f 887/18/698 888/8/699 886/6/697
f 888/8/699 887/18/698 889/20/700
f 889/20/700 890/11/693 888/8/699
f 890/11/693 889/20/700 891/22/701
f 892/40/702 890/11/693 891/22/701
f 893/28/470 894/15/703 884/33/704
f 894/15/703 893/28/470 895/17/705
f 896/26/468 895/17/705 893/28/470
f 895/17/705 897/18/706 894/15/703
f 895/17/705 896/26/468 898/27/707
f 897/18/706 895/17/705 899/19/708
f 898/27/707 900/19/708 895/17/705
f 899/19/708 901/20/709 897/18/706
f 900/19/708 898/27/707 902/29/710
f 901/20/709 899/19/708 903/21/711
f 902/29/710 904/21/711 900/19/708
f 903/21/711 905/22/701 901/20/709
f 905/22/701 903/21/711 906/23/712
f 907/41/713 905/22/701 906/23/712
f 904/21/711 902/29/710 908/30/714
f 908/30/714 909/23/715 904/21/711
f 909/23/715 908/30/714 910/31/716
f 909/23/715 910/31/716 911/42/713
f 912/6/717 913/5/718 914/7/719
f 913/5/718 912/6/717 915/3/720
f 915/3/720 916/36/519 913/5/718
f 916/36/519 915/3/720 917/34/721
f 914/7/719 918/8/722 912/6/717
f 918/8/722 914/7/719 919/38/723
f 920/39/724 918/8/722 919/38/723
f 918/8/722 920/39/724 921/11/725
f 922/3/726 923/33/507 917/34/509
f 924/15/727 923/33/507 922/3/726
f 925/6/728 924/15/727 922/3/726
f 924/15/727 925/6/728 926/18/729
f 927/8/730 926/18/729 925/6/728
f 926/18/729 927/8/730 928/20/731
f 929/11/732 928/20/731 927/8/730
f 928/20/731 929/11/732 930/22/733
f 931/40/734 930/22/733 929/11/732
f 932/28/502 923/33/735 933/15/736
f 934/17/737 932/28/502 933/15/736
f 934/17/737 935/26/500 932/28/502
f 936/18/738 934/17/737 933/15/736
f 937/27/739 935/26/500 934/17/737
f 934/17/737 936/18/738 938/19/740
f 939/19/740 937/27/739 934/17/737
f 940/20/741 938/19/740 936/18/738
f 937/27/739 939/19/740 941/29/742
f 938/19/740 940/20/741 942/21/743
f 943/21/743 941/29/742 939/19/740
f 944/22/733 942/21/743 940/20/741
f 942/21/743 944/22/733 945/23/744
f 946/41/745 945/23/744 944/22/733
f 941/29/742 943/21/743 947/30/746
f 948/23/747 947/30/746 943/21/743
f 947/30/746 948/23/747 949/31/748
f 948/23/747 950/42/745 949/31/748
f 951/1/749 952/1/750 953/1/750
f 952/1/750 954/1/750 955/1/750
f 954/1/750 952/1/750 951/1/749
f 951/1/749 956/1/750 954/1/750
f 956/1/750 951/1/749 957/1/749
f 957/1/749 958/1/751 956/1/750
f 951/1/749 953/1/750 959/1/749
f 959/1/749 957/1/749 951/1/749
f 953/1/750 960/1/750 959/1/749
f 960/1/750 953/1/750 961/1/749
f 962/1/750 959/1/749 960/1/750
f 960/1/750 961/1/749 963/1/750
f 963/1/750 961/1/749 964/1/750
f 961/1/749 965/1/750 964/1/750
f 961/1/749 966/1/750 965/1/750
f 966/1/750 961/1/749 967/1/750
f 966/1/750 967/1/750 968/1/750
f 967/1/750 969/1/749 968/1/750
f 969/1/749 970/1/750 968/1/750
f 969/1/749 967/1/750 971/1/750
f 969/1/749 972/1/750 970/1/750
f 972/1/750 969/1/749 973/1/752
f 972/1/750 973/1/752 974/1/749
f 972/1/750 974/1/749 975/1/750
f 976/1/749 973/1/752 969/1/749
f 971/1/750 976/1/749 969/1/749
f 975/1/750 974/1/749 977/1/750
f 976/1/749 971/1/750 978/1/750
f 978/1/750 971/1/750 979/1/750
f 979/1/750 980/1/749 978/1/750
f 976/1/749 978/1/750 980/1/749
f 980/1/749 979/1/750 981/1/750
f 973/1/752 976/1/749 982/1/749
f 982/1/749 974/1/749 973/1/752
f 976/1/749 980/1/749 983/1/749
f 981/1/750 984/1/749 980/1/749
f 983/1/749 980/1/749 984/1/749
f 984/1/749 981/1/750 985/1/750
f 986/1/750 984/1/749 985/1/750
f 982/1/749 976/1/749 987/1/749
f 976/1/749 983/1/749 987/1/749
f 984/1/749 986/1/750 988/1/752
f 988/1/752 986/1/750 989/1/750
f 983/1/749 984/1/749 990/1/752
f 991/1/749 984/1/749 988/1/752
f 984/1/749 991/1/749 990/1/752
f 988/1/752 989/1/750 992/1/749
f 991/1/749 988/1/752 992/1/749
f 993/1/750 992/1/749 989/1/750
f 994/1/749 983/1/749 990/1/752
f 983/1/749 994/1/749 987/1/749
f 990/1/752 991/1/749 995/1/749
f 994/1/749 990/1/752 995/1/749
f 991/1/749 992/1/749 996/1/749
f 996/1/749 995/1/749 991/1/749
f 992/1/749 993/1/750 997/1/752
f 996/1/749 992/1/749 997/1/752
f 998/1/750 997/1/752 993/1/750
f 996/1/749 997/1/752 999/1/749
f 999/1/749 997/1/752 998/1/750
f 995/1/749 996/1/749 1000/1/749
f 999/1/749 1000/1/749 996/1/749
f 994/1/749 995/1/749 1001/1/749
f 1000/1/749 1001/1/749 995/1/749
f 1002/1/749 994/1/749 1001/1/749
f 1002/1/749 987/1/749 994/1/749
f 1001/1/749 1000/1/749 1003/1/749
f 999/1/749 998/1/750 1004/1/749
f 1004/1/749 998/1/750 1005/1/750
f 1000/1/749 999/1/749 1006/1/749
f 1004/1/749 1006/1/749 999/1/749
f 1006/1/749 1003/1/749 1000/1/749
f 1004/1/749 1005/1/750 1007/1/749
f 1007/1/749 1005/1/750 1008/1/750
f 1006/1/749 1004/1/749 1009/1/749
f 1007/1/749 1009/1/749 1004/1/749
f 1009/1/749 1010/1/749 1006/1/749
f 1003/1/749 1006/1/749 1010/1/749
f 1007/1/749 1008/1/750 1011/1/750
f 1011/1/750 1008/1/750 1012/1/750
f 1013/1/750 1012/1/750 1008/1/750
f 1014/1/750 1007/1/749 1011/1/750
f 1012/1/750 1013/1/750 1015/1/750
f 1015/1/750 1013/1/750 1016/1/750
f 1017/1/752 1016/1/750 1013/1/750
f 1016/1/750 1017/1/752 1018/1/750
f 1018/1/750 1017/1/752 1019/1/750
f 1019/1/750 1017/1/752 1020/1/749
f 1020/1/749 1017/1/752 1021/1/750
f 1019/1/750 1020/1/749 1022/1/750
f 1023/1/750 1020/1/749 1021/1/750
f 1024/1/752 1022/1/750 1020/1/749
f 1020/1/749 1023/1/750 1024/1/752
f 1022/1/750 1024/1/752 1025/1/750
f 1023/1/750 1026/1/749 1024/1/752
f 1024/1/752 1026/1/749 1025/1/750
f 1026/1/749 1023/1/750 1027/1/750
f 1025/1/750 1026/1/749 1028/1/750
f 1026/1/749 1029/1/750 1028/1/750
f 1030/1/752 1026/1/749 1027/1/750
f 1026/1/749 1030/1/752 1029/1/750
f 1030/1/752 1031/1/750 1029/1/750
f 1031/1/750 1030/1/752 1032/1/749
f 1031/1/750 1032/1/749 1033/1/750
f 1032/1/749 1030/1/752 1034/1/750
f 1032/1/749 1035/1/750 1033/1/750
f 1034/1/750 1036/1/749 1032/1/749
f 1036/1/749 1035/1/750 1032/1/749
f 1035/1/750 1036/1/749 1037/1/750
f 1036/1/749 1034/1/750 1038/1/750
f 1036/1/749 1039/1/750 1037/1/750
f 1038/1/750 1040/1/749 1036/1/749
f 1036/1/749 1041/1/749 1039/1/750
f 1041/1/749 1036/1/749 1040/1/749
f 1040/1/749 1038/1/750 1042/1/750
f 1041/1/749 1014/1/750 1039/1/750
f 1042/1/750 1043/1/749 1040/1/749
f 1014/1/750 1041/1/749 1044/1/752
f 1007/1/749 1014/1/750 1044/1/752
f 1009/1/749 1007/1/749 1044/1/752
f 1045/1/749 1044/1/752 1041/1/749
f 1044/1/752 1045/1/749 1009/1/749
f 1040/1/749 1045/1/749 1041/1/749
f 1045/1/749 1040/1/749 1043/1/749
f 1010/1/749 1009/1/749 1045/1/749
f 1043/1/749 1010/1/749 1045/1/749
f 1043/1/749 1042/1/750 1046/1/750
f 1010/1/749 1043/1/749 1047/1/749
f 1046/1/750 1047/1/749 1043/1/749
f 1047/1/749 1003/1/749 1010/1/749
f 1047/1/749 1046/1/750 1048/1/752
f 1048/1/752 1046/1/750 1049/1/750
f 1003/1/749 1047/1/749 1050/1/749
f 1048/1/752 1050/1/749 1047/1/749
f 1048/1/752 1049/1/750 1051/1/752
f 1050/1/749 1048/1/752 1051/1/752
f 1052/1/750 1051/1/752 1049/1/750
f 1052/1/750 1053/1/749 1051/1/752
f 1053/1/749 1050/1/749 1051/1/752
f 1054/1/750 1053/1/749 1052/1/750
f 1055/1/749 1003/1/749 1050/1/749
f 1053/1/749 1055/1/749 1050/1/749
f 1055/1/749 1001/1/749 1003/1/749
f 1055/1/749 1002/1/749 1001/1/749
f 1053/1/749 1056/1/749 1055/1/749
f 1002/1/749 1055/1/749 1056/1/749
f 1054/1/750 1057/1/749 1053/1/749
f 1056/1/749 1053/1/749 1057/1/749
f 1057/1/749 1054/1/750 1058/1/750
f 1059/1/750 1057/1/749 1058/1/750
f 1057/1/749 1059/1/750 1060/1/749
f 1060/1/749 1056/1/749 1057/1/749
f 1060/1/749 1059/1/750 1061/1/750
f 1062/1/749 1002/1/749 1056/1/749
f 1060/1/749 1062/1/749 1056/1/749
f 1061/1/750 1063/1/752 1060/1/749
f 1063/1/752 1062/1/749 1060/1/749
f 1064/1/750 1063/1/752 1061/1/750
f 1062/1/749 1065/1/749 1002/1/749
f 987/1/749 1002/1/749 1065/1/749
f 982/1/749 987/1/749 1065/1/749
f 1063/1/752 1066/1/749 1062/1/749
f 1064/1/750 1066/1/749 1063/1/752
f 1066/1/749 1065/1/749 1062/1/749
f 1067/1/752 982/1/749 1065/1/749
f 1066/1/749 1067/1/752 1065/1/749
f 974/1/749 982/1/749 1067/1/752
f 1064/1/750 1068/1/749 1066/1/749
f 1068/1/749 1067/1/752 1066/1/749
f 1068/1/749 974/1/749 1067/1/752
f 1069/1/750 1068/1/749 1064/1/750
f 1068/1/749 977/1/750 974/1/749
f 1070/1/749 1068/1/749 1069/1/750
f 977/1/750 1068/1/749 1070/1/749
f 977/1/750 1070/1/749 1071/1/750
f 1072/1/750 1070/1/749 1069/1/750
f 1070/1/749 1073/1/750 1071/1/750
f 1074/1/749 1070/1/749 1072/1/750
f 1074/1/749 1073/1/750 1070/1/749
f 1073/1/750 1074/1/749 1075/1/750
f 1075/1/750 1074/1/749 1076/1/750
f 1077/1/750 1074/1/749 1072/1/750
f 1074/1/749 1078/1/750 1076/1/750
f 1077/1/750 1079/1/749 1074/1/749
f 1074/1/749 1080/1/749 1078/1/750
f 1080/1/749 1074/1/749 1079/1/749
f 1081/1/750 1079/1/749 1077/1/750
f 1080/1/749 962/1/750 1078/1/750
f 1081/1/750 1082/1/752 1079/1/749
f 1083/1/753 1082/1/752 1081/1/750
f 1079/1/749 1084/1/749 1080/1/749
f 1084/1/749 1079/1/749 1082/1/752
f 1085/1/754 1082/1/752 1083/1/753
f 1085/1/754 1084/1/749 1082/1/752
f 1086/1/755 1085/1/754 1083/1/753
f 962/1/750 1080/1/749 1087/1/752
f 1084/1/749 1087/1/752 1080/1/749
f 959/1/749 962/1/750 1087/1/752
f 957/1/749 959/1/749 1087/1/752
f 1087/1/752 1084/1/749 957/1/749
f 958/1/751 957/1/749 1084/1/749
f 958/1/751 1084/1/749 1085/1/754
f 1085/1/754 1088/1/756 958/1/751
f 1086/1/755 1089/1/757 1085/1/754
f 1088/1/756 1085/1/754 1089/1/757
f 1090/1/758 1089/1/757 1086/1/755
f 1090/1/758 1086/1/755 1091/1/759
f 1090/1/758 1091/1/759 1092/1/750
f 1091/1/759 1093/1/750 1092/1/750
f 1093/1/750 1091/1/759 1094/1/750
f 1094/1/750 1095/1/750 1093/1/750
f 1095/1/750 1094/1/750 1096/1/750
f 1096/1/750 1097/1/750 1095/1/750
f 1097/1/750 1096/1/750 1098/1/750
f 1099/1/750 1097/1/750 1098/1/750
f 1097/1/750 1099/1/750 1100/1/750
f 1101/1/750 1100/1/750 1099/1/750
f 1100/1/750 1101/1/750 1102/1/750
f 1103/1/750 1102/1/750 1101/1/750
f 1102/1/750 1103/1/750 1104/1/750
f 1105/1/752 1104/1/750 1103/1/750
f 1104/1/750 1105/1/752 1106/1/750
f 1106/1/750 1105/1/752 1107/1/750
f 1108/1/749 1107/1/750 1105/1/752
f 1107/1/750 1108/1/749 1109/1/750
f 1110/1/750 1108/1/749 1105/1/752
f 1108/1/749 1111/1/750 1109/1/750
f 1112/1/750 1108/1/749 1110/1/750
f 1111/1/750 1108/1/749 1113/1/750
f 1110/1/750 1114/1/750 1112/1/750
f 1111/1/750 1113/1/750 1115/1/750
f 1114/1/750 1110/1/750 1116/1/750
f 1117/1/750 1115/1/750 1113/1/750
f 1116/1/750 1118/1/760 1114/1/750
f 1117/1/750 1119/1/750 1115/1/750
f 1120/1/761 1114/1/750 1118/1/760
f 1118/1/760 1121/1/755 1120/1/761
f 1121/1/755 1122/1/762 1120/1/761
f 1119/1/750 1117/1/750 1123/1/750
f 1123/1/750 1124/1/750 1119/1/750
f 1124/1/750 1123/1/750 1125/1/750
f 1125/1/750 1126/1/750 1124/1/750
f 1126/1/750 1125/1/750 1127/1/750
f 1127/1/750 1128/1/750 1126/1/750
f 1126/1/750 1128/1/750 1129/1/750
f 1130/1/763 1129/1/750 1128/1/750
f 1129/1/750 1130/1/763 1131/1/752
f 1131/1/752 1130/1/763 1132/1/764
f 1088/1/756 1132/1/764 1130/1/763
f 1089/1/757 1132/1/764 1088/1/756
f 1132/1/764 1089/1/757 1133/1/765
f 1133/1/765 1089/1/757 1134/1/766
f 1134/1/766 1089/1/757 1135/1/767
f 1089/1/757 1090/1/758 1135/1/767
f 1136/1/768 1137/1/768 1138/1/769
f 1138/1/769 1137/1/768 1139/1/769
f 1137/1/768 1140/1/769 1139/1/769
f 1141/1/769 1136/1/768 1138/1/769
f 1137/1/768 1142/1/769 1140/1/769
f 1136/1/768 1141/1/769 1143/1/770
f 1142/1/769 1137/1/768 1144/1/768
f 1142/1/769 1144/1/768 1145/1/769
f 1144/1/768 1146/1/769 1145/1/769
f 1137/1/768 1147/1/769 1144/1/768
f 1147/1/769 1148/1/769 1144/1/768
f 1137/1/768 1149/1/769 1147/1/769
f 1144/1/768 1148/1/769 1150/1/768
f 1150/1/768 1146/1/769 1144/1/768
f 1148/1/769 1151/1/769 1150/1/768
f 1152/1/768 1146/1/769 1150/1/768
f 1146/1/769 1152/1/768 1153/1/769
f 1149/1/769 1137/1/768 1154/1/768
f 1137/1/768 1136/1/768 1154/1/768
f 1154/1/768 1155/1/769 1149/1/769
f 1152/1/768 1156/1/769 1153/1/769
f 1157/1/768 1154/1/768 1136/1/768
f 1155/1/769 1154/1/768 1158/1/770
f 1154/1/768 1157/1/768 1158/1/770
f 1159/1/771 1155/1/769 1158/1/770
f 1143/1/770 1157/1/768 1136/1/768
f 1160/1/772 1159/1/771 1158/1/770
f 1160/1/772 1158/1/770 1157/1/768
f 1160/1/772 1161/1/773 1159/1/771
f 1162/1/774 1160/1/772 1157/1/768
f 1163/1/775 1160/1/772 1162/1/774
f 1162/1/774 1157/1/768 1164/1/768
f 1157/1/768 1143/1/770 1164/1/768
f 1164/1/768 1165/1/769 1162/1/774
f 1161/1/773 1160/1/772 1166/1/776
f 1160/1/772 1163/1/775 1166/1/776
f 1167/1/768 1164/1/768 1143/1/770
f 1141/1/769 1167/1/768 1143/1/770
f 1167/1/768 1141/1/769 1168/1/769
f 1165/1/769 1164/1/768 1169/1/768
f 1164/1/768 1167/1/768 1169/1/768
f 1169/1/768 1170/1/769 1165/1/769
f 1168/1/769 1171/1/769 1167/1/768
f 1167/1/768 1171/1/769 1169/1/768
f 1169/1/768 1172/1/769 1170/1/769
f 1172/1/769 1169/1/768 1171/1/769
f 1173/1/769 1170/1/769 1172/1/769
f 1171/1/769 1168/1/769 1174/1/768
f 1174/1/768 1168/1/769 1175/1/769
f 1176/1/769 1174/1/768 1175/1/769
f 1174/1/768 1176/1/769 1177/1/769
f 1178/1/769 1174/1/768 1177/1/769
f 1174/1/768 1178/1/769 1179/1/769
f 1180/1/769 1179/1/769 1178/1/769
f 1181/1/768 1179/1/769 1180/1/769
f 1182/1/769 1181/1/768 1180/1/769
f 1181/1/768 1183/1/769 1179/1/769
f 1156/1/769 1181/1/768 1182/1/769
f 1181/1/768 1156/1/769 1184/1/770
f 1156/1/769 1152/1/768 1184/1/770
f 1185/1/768 1183/1/769 1181/1/768
f 1184/1/770 1185/1/768 1181/1/768
f 1183/1/769 1185/1/768 1186/1/769
f 1186/1/769 1187/1/769 1183/1/769
f 1188/1/768 1187/1/769 1186/1/769
f 1185/1/768 1188/1/768 1186/1/769
f 1187/1/769 1188/1/768 1189/1/769
f 1185/1/768 1184/1/770 1190/1/768
f 1152/1/768 1190/1/768 1184/1/770
f 1190/1/768 1152/1/768 1191/1/770
f 1152/1/768 1150/1/768 1191/1/770
f 1189/1/769 1188/1/768 1192/1/768
f 1192/1/768 1193/1/769 1189/1/769
f 1193/1/769 1192/1/768 1194/1/769
f 1195/1/768 1191/1/770 1150/1/768
f 1150/1/768 1151/1/769 1195/1/768
f 1191/1/770 1196/1/768 1190/1/768
f 1195/1/768 1196/1/768 1191/1/770
f 1190/1/768 1196/1/768 1197/1/768
f 1190/1/768 1197/1/768 1185/1/768
f 1198/1/770 1195/1/768 1151/1/769
f 1151/1/769 1199/1/769 1198/1/770
f 1196/1/768 1195/1/768 1200/1/768
f 1198/1/770 1200/1/768 1195/1/768
f 1197/1/768 1196/1/768 1201/1/768
f 1196/1/768 1200/1/768 1201/1/768
f 1199/1/769 1202/1/768 1198/1/770
f 1200/1/768 1198/1/770 1202/1/768
f 1203/1/769 1202/1/768 1199/1/769
f 1200/1/768 1202/1/768 1204/1/768
f 1204/1/768 1201/1/768 1200/1/768
f 1203/1/769 1205/1/768 1202/1/768
f 1205/1/768 1204/1/768 1202/1/768
f 1205/1/768 1203/1/769 1206/1/769
f 1207/1/769 1205/1/768 1206/1/769
f 1205/1/768 1207/1/769 1208/1/768
f 1208/1/768 1204/1/768 1205/1/768
f 1209/1/769 1208/1/768 1207/1/769
f 1210/1/768 1201/1/768 1204/1/768
f 1204/1/768 1208/1/768 1210/1/768
f 1208/1/768 1209/1/769 1211/1/770
f 1211/1/770 1209/1/769 1212/1/769
f 1208/1/768 1213/1/768 1210/1/768
f 1213/1/768 1208/1/768 1211/1/770
f 1211/1/770 1212/1/769 1214/1/770
f 1214/1/770 1213/1/768 1211/1/770
f 1214/1/770 1212/1/769 1215/1/769
f 1213/1/768 1214/1/770 1216/1/768
f 1215/1/769 1216/1/768 1214/1/770
f 1217/1/768 1210/1/768 1213/1/768
f 1216/1/768 1217/1/768 1213/1/768
f 1216/1/768 1215/1/769 1218/1/768
f 1219/1/769 1218/1/768 1215/1/769
f 1218/1/768 1220/1/768 1216/1/768
f 1217/1/768 1216/1/768 1220/1/768
f 1218/1/768 1219/1/769 1221/1/768
f 1222/1/769 1221/1/768 1219/1/769
f 1220/1/768 1218/1/768 1223/1/768
f 1221/1/768 1223/1/768 1218/1/768
f 1221/1/768 1222/1/769 1224/1/768
f 1225/1/769 1224/1/768 1222/1/769
f 1223/1/768 1221/1/768 1226/1/768
f 1224/1/768 1226/1/768 1221/1/768
f 1227/1/768 1220/1/768 1223/1/768
f 1228/1/770 1223/1/768 1226/1/768
f 1223/1/768 1228/1/770 1227/1/768
f 1226/1/768 1229/1/769 1228/1/770
f 1229/1/769 1226/1/768 1230/1/769
f 1226/1/768 1224/1/768 1230/1/769
f 1230/1/769 1224/1/768 1231/1/769
f 1224/1/768 1232/1/769 1231/1/769
f 1229/1/769 1233/1/768 1228/1/770
f 1233/1/768 1227/1/768 1228/1/770
f 1233/1/768 1229/1/769 1234/1/769
f 1235/1/769 1233/1/768 1234/1/769
f 1235/1/769 1234/1/769 1236/1/769
f 1236/1/769 1237/1/769 1235/1/769
f 1237/1/769 1236/1/769 1238/1/769
f 1239/1/769 1237/1/769 1238/1/769
f 1240/1/769 1233/1/768 1235/1/769
f 1239/1/769 1241/1/770 1237/1/769
f 1241/1/770 1239/1/769 1242/1/769
f 1242/1/769 1243/1/769 1241/1/770
f 1244/1/768 1241/1/770 1243/1/769
f 1244/1/768 1245/1/769 1241/1/770
f 1244/1/768 1243/1/769 1246/1/769
f 1244/1/768 1247/1/769 1245/1/769
f 1246/1/769 1248/1/770 1244/1/768
f 1244/1/768 1248/1/770 1247/1/769
f 1248/1/770 1246/1/769 1249/1/769
f 1250/1/768 1247/1/769 1248/1/770
f 1250/1/768 1248/1/770 1249/1/769
f 1247/1/769 1250/1/768 1251/1/769
f 1250/1/768 1249/1/769 1252/1/769
f 1253/1/769 1250/1/768 1252/1/769
f 1254/1/770 1251/1/769 1250/1/768
f 1253/1/769 1254/1/770 1250/1/768
f 1255/1/769 1254/1/770 1253/1/769
f 1254/1/770 1255/1/769 1256/1/768
f 1256/1/768 1255/1/769 1257/1/769
f 1256/1/768 1225/1/769 1254/1/770
f 1232/1/769 1256/1/768 1257/1/769
f 1224/1/768 1225/1/769 1256/1/768
f 1224/1/768 1256/1/768 1232/1/769
f 1258/1/777 1259/1/778 1260/1/769
f 1259/1/778 1261/1/769 1260/1/769
f 1258/1/777 1163/1/775 1259/1/778
f 1261/1/769 1259/1/778 1262/1/769
f 1263/1/769 1261/1/769 1262/1/769
f 1262/1/769 1264/1/769 1263/1/769
f 1265/1/769 1263/1/769 1264/1/769
f 1263/1/769 1265/1/769 1266/1/769
f 1267/1/769 1266/1/769 1265/1/769
f 1268/1/769 1266/1/769 1267/1/769
f 1269/1/769 1268/1/769 1267/1/769
f 1269/1/769 1270/1/769 1268/1/769
f 1271/1/769 1270/1/769 1269/1/769
f 1271/1/769 1272/1/769 1270/1/769
f 1273/1/768 1272/1/769 1271/1/769
f 1272/1/769 1273/1/768 1274/1/769
f 1273/1/768 1275/1/769 1274/1/769
f 1273/1/768 1276/1/770 1275/1/769
f 1275/1/769 1276/1/770 1277/1/769
f 1276/1/770 1278/1/769 1277/1/769
f 1273/1/768 1279/1/769 1276/1/770
f 1278/1/769 1276/1/770 1280/1/769
f 1279/1/769 1273/1/768 1281/1/769
f 1278/1/769 1280/1/769 1282/1/769
f 1283/1/769 1279/1/769 1281/1/769
f 1284/1/769 1282/1/769 1280/1/769
f 1279/1/769 1283/1/769 1285/1/769
f 1282/1/769 1284/1/769 1286/1/769
f 1285/1/769 1283/1/769 1287/1/779
f 1288/1/769 1286/1/769 1284/1/769
f 1283/1/769 1289/1/779 1287/1/779
f 1287/1/779 1289/1/779 1290/1/773
f 1290/1/773 1289/1/779 1291/1/780
f 1288/1/769 1292/1/769 1286/1/769
f 1292/1/769 1288/1/769 1293/1/769
f 1293/1/769 1294/1/769 1292/1/769
f 1292/1/769 1294/1/769 1295/1/769
f 1296/1/769 1295/1/769 1294/1/769
f 1295/1/769 1296/1/769 1297/1/769
f 1298/1/781 1297/1/769 1296/1/769
f 1297/1/769 1298/1/781 1299/1/769
f 1299/1/769 1298/1/781 1300/1/782
f 1300/1/782 1298/1/781 1161/1/773
f 1166/1/776 1300/1/782 1161/1/773
f 1300/1/782 1166/1/776 1301/1/782
f 1301/1/782 1166/1/776 1302/1/783
f 1302/1/783 1166/1/776 1303/1/784
f 1166/1/776 1258/1/777 1303/1/784
f 1163/1/775 1258/1/777 1166/1/776
f 1304/1/770 1192/1/768 1305/1/768
f 1188/1/768 1305/1/768 1192/1/768
f 1188/1/768 1185/1/768 1305/1/768
f 1185/1/768 1197/1/768 1305/1/768
f 1305/1/768 1197/1/768 1306/1/768
f 1305/1/768 1306/1/768 1304/1/770
f 1197/1/768 1201/1/768 1306/1/768
f 1201/1/768 1307/1/768 1306/1/768
f 1201/1/768 1210/1/768 1307/1/768
f 1210/1/768 1217/1/768 1307/1/768
f 1306/1/768 1307/1/768 1308/1/768
f 1306/1/768 1308/1/768 1304/1/770
f 1309/1/768 1307/1/768 1217/1/768
f 1307/1/768 1309/1/768 1308/1/768
f 1217/1/768 1310/1/768 1309/1/768
f 1310/1/768 1217/1/768 1220/1/768
f 1220/1/768 1227/1/768 1310/1/768
f 1304/1/770 1308/1/768 1311/1/768
f 1311/1/768 1192/1/768 1304/1/770
f 1312/1/768 1308/1/768 1309/1/768
f 1308/1/768 1312/1/768 1311/1/768
f 1313/1/768 1309/1/768 1310/1/768
f 1309/1/768 1313/1/768 1312/1/768
f 1314/1/768 1310/1/768 1227/1/768
f 1310/1/768 1314/1/768 1313/1/768
f 1227/1/768 1233/1/768 1314/1/768
f 1233/1/768 1240/1/769 1314/1/768
f 1315/1/769 1314/1/768 1240/1/769
f 1314/1/768 1315/1/769 1313/1/768
f 1316/1/770 1313/1/768 1315/1/769
f 1313/1/768 1316/1/770 1312/1/768
f 1315/1/769 1317/1/769 1316/1/770
f 1318/1/768 1312/1/768 1316/1/770
f 1317/1/769 1318/1/768 1316/1/770
f 1318/1/768 1311/1/768 1312/1/768
f 1318/1/768 1317/1/769 1319/1/769
f 1311/1/768 1318/1/768 1320/1/770
f 1318/1/768 1319/1/769 1320/1/770
f 1192/1/768 1311/1/768 1320/1/770
f 1194/1/769 1320/1/770 1319/1/769
f 1320/1/770 1194/1/769 1192/1/768
f 1321/1/785 1322/1/786 1323/1/786
f 1322/1/786 1324/1/787 1323/1/786
f 1322/1/786 1321/1/785 1325/1/785
f 1322/1/786 1326/1/787 1324/1/787
f 1327/1/788 1325/1/785 1321/1/785
f 1326/1/787 1328/1/789 1324/1/787
f 1325/1/785 1327/1/788 1329/1/788
f 1328/1/789 1326/1/787 1330/1/790
f 1331/1/791 1329/1/788 1327/1/788
f 1332/1/792 1328/1/789 1330/1/790
f 1327/1/788 1333/1/791 1331/1/791
f 1328/1/789 1332/1/792 1334/1/792
f 1335/1/793 1331/1/791 1333/1/791
f 1336/1/794 1334/1/792 1332/1/792
f 1333/1/791 1337/1/793 1335/1/793
f 1334/1/792 1336/1/794 1338/1/794
f 1339/1/795 1335/1/793 1337/1/793
f 1340/1/796 1338/1/794 1336/1/794
f 1335/1/793 1339/1/795 1341/1/795
f 1336/1/794 1342/1/796 1340/1/796
f 1343/1/797 1341/1/795 1339/1/795
f 1342/1/796 1344/1/798 1340/1/796
f 1341/1/795 1343/1/797 1345/1/797
f 1344/1/798 1342/1/796 1346/1/799
f 1343/1/797 1347/1/800 1345/1/797
f 1348/1/801 1344/1/798 1346/1/799
f 1347/1/800 1343/1/797 1349/1/800
f 1344/1/798 1348/1/801 1350/1/801
f 1351/1/802 1347/1/800 1349/1/800
f 1351/1/802 1350/1/801 1348/1/801
f 1349/1/800 1352/1/803 1351/1/802
f 1350/1/801 1351/1/802 1352/1/803
f 1353/1/804 1354/1/805 1355/1/805
f 1355/1/805 1356/1/804 1353/1/804
f 1354/1/805 1357/1/806 1355/1/805
f 1358/1/807 1353/1/804 1356/1/804
f 1357/1/806 1354/1/805 1359/1/808
f 1353/1/804 1358/1/807 1360/1/807
f 1361/1/809 1357/1/806 1359/1/808
f 1362/1/810 1360/1/807 1358/1/807
f 1357/1/806 1361/1/809 1363/1/809
f 1360/1/807 1362/1/810 1364/1/811
f 1365/1/812 1363/1/809 1361/1/809
f 1366/1/813 1364/1/811 1362/1/810
f 1363/1/809 1365/1/812 1367/1/812
f 1366/1/813 1362/1/810 1368/1/813
f 1365/1/812 1369/1/814 1367/1/812
f 1370/1/815 1366/1/813 1368/1/813
f 1369/1/814 1365/1/812 1371/1/814
f 1368/1/813 1372/1/815 1370/1/815
f 1373/1/816 1369/1/814 1371/1/814
f 1374/1/817 1370/1/815 1372/1/815
f 1371/1/814 1375/1/816 1373/1/816
f 1370/1/815 1374/1/817 1376/1/817
f 1377/1/818 1373/1/816 1375/1/816
f 1378/1/819 1376/1/817 1374/1/817
f 1373/1/816 1377/1/818 1379/1/818
f 1376/1/817 1378/1/819 1380/1/820
f 1381/1/821 1379/1/818 1377/1/818
f 1382/1/822 1380/1/820 1378/1/819
f 1379/1/818 1381/1/821 1383/1/823
f 1378/1/819 1384/1/822 1382/1/822
f 1384/1/822 1383/1/823 1381/1/821
f 1381/1/821 1382/1/822 1384/1/822
f 1385/1/813 1386/1/811 1387/1/811
f 1388/1/824 1387/1/811 1386/1/811
f 1385/1/813 1387/1/811 1389/1/813
f 1387/1/811 1388/1/824 1390/1/824
f 1391/1/825 1385/1/813 1389/1/813
f 1392/1/826 1390/1/824 1388/1/824
f 1389/1/813 1393/1/815 1391/1/825
f 1390/1/824 1392/1/826 1394/1/804
f 1395/1/817 1391/1/825 1393/1/815
f 1396/1/827 1394/1/804 1392/1/826
f 1391/1/825 1395/1/817 1397/1/817
f 1392/1/826 1398/1/827 1396/1/827
f 1399/1/820 1397/1/817 1395/1/817
f 1400/1/828 1396/1/827 1398/1/827
f 1397/1/817 1399/1/820 1401/1/820
f 1398/1/827 1402/1/808 1400/1/828
f 1403/1/822 1401/1/820 1399/1/820
f 1404/1/809 1400/1/828 1402/1/808
f 1399/1/820 1405/1/822 1403/1/822
f 1400/1/828 1404/1/809 1406/1/809
f 1405/1/822 1407/1/823 1403/1/822
f 1408/1/829 1406/1/809 1404/1/809
f 1407/1/823 1405/1/822 1409/1/823
f 1406/1/809 1408/1/829 1410/1/812
f 1411/1/818 1407/1/823 1409/1/823
f 1408/1/829 1412/1/814 1410/1/812
f 1407/1/823 1411/1/818 1413/1/818
f 1412/1/814 1408/1/829 1414/1/814
f 1415/1/816 1413/1/818 1411/1/818
f 1415/1/816 1412/1/814 1414/1/814
f 1413/1/818 1415/1/816 1416/1/830
f 1414/1/814 1416/1/830 1415/1/816
f 1417/1/800 1418/1/803 1419/1/800
f 1418/1/803 1417/1/800 1420/1/803
f 1419/1/800 1421/1/831 1417/1/800
f 1422/1/801 1418/1/803 1420/1/803
f 1421/1/831 1419/1/800 1423/1/797
f 1418/1/803 1422/1/801 1424/1/801
f 1425/1/795 1421/1/831 1423/1/797
f 1426/1/832 1424/1/801 1422/1/801
f 1421/1/831 1425/1/795 1427/1/795
f 1424/1/801 1426/1/832 1428/1/798
f 1429/1/793 1427/1/795 1425/1/795
f 1426/1/832 1430/1/833 1428/1/798
f 1427/1/795 1429/1/793 1431/1/793
f 1430/1/833 1426/1/832 1432/1/833
f 1429/1/793 1433/1/791 1431/1/793
f 1434/1/834 1430/1/833 1432/1/833
f 1429/1/793 1435/1/791 1433/1/791
f 1432/1/833 1436/1/794 1434/1/834
f 1435/1/791 1437/1/788 1433/1/791
f 1438/1/835 1434/1/834 1436/1/794
f 1437/1/788 1435/1/791 1439/1/836
f 1434/1/834 1438/1/835 1440/1/835
f 1441/1/785 1437/1/788 1439/1/836
f 1442/1/789 1440/1/835 1438/1/835
f 1437/1/788 1441/1/785 1443/1/785
f 1440/1/835 1442/1/789 1444/1/789
f 1445/1/837 1443/1/785 1441/1/785
f 1442/1/789 1446/1/787 1444/1/789
f 1443/1/785 1445/1/837 1447/1/838
f 1446/1/787 1442/1/789 1448/1/787
f 1448/1/787 1447/1/838 1445/1/837
f 1445/1/837 1446/1/787 1448/1/787
f 1449/43/839 1450/44/840 1451/45/841
f 1452/46/468 1451/45/841 1450/44/840
f 1451/45/841 1453/47/842 1449/43/839
f 1451/45/841 1452/46/468 1454/48/467
f 1453/47/842 1451/45/841 1455/49/843
f 1454/48/467 1455/49/843 1451/45/841
f 1456/50/844 1453/47/842 1455/49/843
f 1455/49/843 1454/48/467 1457/51/469
f 1455/49/843 1458/52/845 1456/50/844
f 1455/49/843 1457/51/469 1459/52/845
f 1460/53/846 1456/50/844 1458/52/845
f 1457/51/469 1461/54/471 1459/52/845
f 1458/52/845 1462/55/847 1460/53/846
f 1459/52/845 1461/54/471 1463/55/847
f 1464/56/848 1460/53/846 1462/55/847
f 1462/55/847 1465/57/849 1464/56/848
f 1464/56/848 1465/57/849 1466/58/850
f 1461/54/471 1467/59/472 1463/55/847
f 1463/55/847 1467/59/472 1468/57/851
f 1467/59/472 1469/60/474 1468/57/851
f 1470/61/330 1468/57/851 1469/60/474
f 1471/44/852 1472/43/853 1473/45/854
f 1471/44/852 1473/45/854 1474/46/500
f 1475/47/855 1473/45/854 1472/43/853
f 1474/46/500 1473/45/854 1476/48/499
f 1473/45/854 1475/47/855 1477/49/856
f 1477/49/856 1476/48/499 1473/45/854
f 1475/47/855 1478/50/857 1477/49/856
f 1476/48/499 1477/49/856 1479/51/501
f 1477/49/856 1478/50/857 1480/52/858
f 1477/49/856 1481/52/858 1479/51/501
f 1478/50/857 1482/53/859 1480/52/858
f 1479/51/501 1481/52/858 1483/54/503
f 1480/52/858 1482/53/859 1484/55/860
f 1481/52/858 1485/55/860 1483/54/503
f 1482/53/859 1486/56/861 1484/55/860
f 1484/55/860 1486/56/861 1487/57/862
f 1486/56/861 1488/58/863 1487/57/862
f 1483/54/503 1485/55/860 1489/59/504
f 1485/55/860 1490/57/864 1489/59/504
f 1489/59/504 1490/57/864 1491/60/506
f 1492/61/498 1491/60/506 1490/57/864
f 553/1/417 550/1/415 1493/1/865
f 1493/1/865 550/1/415 1494/1/866
f 553/1/417 1493/1/865 1495/1/867
f 1493/1/865 1496/1/354 1495/1/867
f 1495/1/867 612/1/456 553/1/417
f 612/1/456 1495/1/867 1496/1/354
f 1493/1/865 1494/1/866 1497/1/868
f 612/1/456 609/1/362 553/1/417
f 1493/1/865 1497/1/868 1498/1/869
f 1496/1/354 1493/1/865 1498/1/869
f 1499/1/870 1497/1/868 1494/1/866
f 1499/1/870 1494/1/866 550/1/415
f 1498/1/869 1497/1/868 1500/1/344
f 1499/1/870 1500/1/344 1497/1/868
f 1496/1/354 1498/1/869 1501/1/345
f 1500/1/344 1501/1/345 1498/1/869
f 1501/1/345 1502/1/871 1496/1/354
f 1500/1/344 1503/1/872 1501/1/345
f 1504/1/873 1496/1/354 1502/1/871
f 1496/1/354 1504/1/873 612/1/456
f 1501/1/345 1505/1/874 1502/1/871
f 1505/1/874 1501/1/345 1503/1/872
f 1506/1/875 1504/1/873 1502/1/871
f 1506/1/875 1502/1/871 1505/1/874
f 591/1/365 612/1/456 1504/1/873
f 1504/1/873 1506/1/875 1507/1/876
f 1507/1/876 591/1/365 1504/1/873
f 1505/1/874 1508/1/877 1506/1/875
f 1508/1/877 1507/1/876 1506/1/875
f 1503/1/872 1509/1/878 1505/1/874
f 1508/1/877 1505/1/874 1509/1/878
f 1509/1/878 1503/1/872 1510/1/879
f 1511/1/880 1508/1/877 1509/1/878
f 1510/1/879 1511/1/880 1509/1/878
f 1507/1/876 1508/1/877 581/1/438
f 1508/1/877 1511/1/880 1512/1/881
f 1512/1/881 581/1/438 1508/1/877
f 1511/1/880 576/1/434 1512/1/881
f 581/1/438 1512/1/881 576/1/434
f 1511/1/880 1510/1/879 1513/1/882
f 581/1/438 583/1/369 1507/1/876
f 591/1/365 1507/1/876 583/1/369
f 575/1/433 1511/1/880 1513/1/882
f 575/1/433 576/1/434 1511/1/880
f 1514/1/883 1513/1/882 1510/1/879
f 1514/1/883 1510/1/879 1503/1/872
f 1513/1/882 1514/1/883 575/1/433
f 1503/1/872 1515/1/884 1514/1/883
f 1503/1/872 1500/1/344 1515/1/884
f 573/1/431 1514/1/883 1515/1/884
f 573/1/431 575/1/433 1514/1/883
f 1516/1/885 1515/1/884 1500/1/344
f 1500/1/344 1499/1/870 1516/1/885
f 1515/1/884 1516/1/885 1517/1/886
f 1515/1/884 1517/1/886 573/1/431
f 1518/1/348 1516/1/885 1499/1/870
f 1519/1/887 1517/1/886 1516/1/885
f 1516/1/885 1518/1/348 1519/1/887
f 1519/1/887 1520/1/888 1517/1/886
f 1520/1/888 573/1/431 1517/1/886
f 1520/1/888 1519/1/887 1521/1/889
f 1518/1/348 1521/1/889 1519/1/887
f 573/1/431 1520/1/888 569/1/427
f 1518/1/348 1499/1/870 550/1/415
f 1521/1/889 561/1/423 1520/1/888
f 561/1/423 569/1/427 1520/1/888
f 1518/1/348 550/1/415 1522/1/355
f 550/1/415 549/1/414 1522/1/355
f 549/1/414 1518/1/348 1522/1/355
f 1521/1/889 1518/1/348 548/1/413
f 1518/1/348 549/1/414 548/1/413
f 548/1/413 555/1/419 1521/1/889
f 561/1/423 1521/1/889 555/1/419
f 479/1/345 1523/1/890 1524/1/871
f 1525/1/875 1524/1/871 1523/1/890
f 1525/1/875 1526/1/873 1524/1/871
f 1523/1/890 1527/1/891 1525/1/875
f 1526/1/873 488/1/354 1524/1/871
f 479/1/345 1524/1/871 488/1/354
f 1526/1/873 1525/1/875 1528/1/876
f 1527/1/891 1528/1/876 1525/1/875
f 1528/1/876 499/1/365 1526/1/873
f 1523/1/890 479/1/345 1529/1/892
f 1527/1/891 1523/1/890 1530/1/893
f 1529/1/892 1530/1/893 1523/1/890
f 499/1/365 494/1/360 1526/1/873
f 488/1/354 1526/1/873 494/1/360
f 499/1/365 1528/1/876 503/1/369
f 1528/1/876 1527/1/891 1531/1/894
f 1531/1/894 503/1/369 1528/1/876
f 1532/1/880 1527/1/891 1530/1/893
f 1527/1/891 1533/1/895 1531/1/894
f 1527/1/891 1532/1/880 1534/1/896
f 1533/1/895 1527/1/891 1534/1/896
f 1532/1/880 1533/1/895 1534/1/896
f 1535/1/897 1532/1/880 1530/1/893
f 1530/1/893 1536/1/898 1535/1/897
f 1530/1/893 1529/1/892 1536/1/898
f 1537/1/899 1532/1/880 1535/1/897
f 1536/1/898 1537/1/899 1535/1/897
f 1538/1/900 1536/1/898 1529/1/892
f 1536/1/898 1538/1/900 1537/1/899
f 1532/1/880 1537/1/899 1539/1/901
f 1533/1/895 1532/1/880 1539/1/901
f 1540/1/431 1537/1/899 1538/1/900
f 1541/1/437 1531/1/894 1533/1/895
f 1537/1/899 1540/1/431 1542/1/432
f 1539/1/901 1537/1/899 1542/1/432
f 1531/1/894 1541/1/437 511/1/377
f 503/1/369 1531/1/894 511/1/377
f 1533/1/895 512/1/378 1541/1/437
f 512/1/378 511/1/377 1541/1/437
f 1542/1/432 1543/1/902 1539/1/901
f 1543/1/902 1542/1/432 1540/1/431
f 538/1/404 1533/1/895 1539/1/901
f 538/1/404 512/1/378 1533/1/895
f 1543/1/902 1544/1/429 1539/1/901
f 538/1/404 1539/1/901 1544/1/429
f 1544/1/429 1543/1/902 537/1/403
f 538/1/404 1544/1/429 537/1/403
f 1543/1/902 529/1/395 537/1/403
f 1540/1/431 1545/1/888 1543/1/902
f 529/1/395 1543/1/902 1545/1/888
f 1545/1/888 1540/1/431 1546/1/886
f 1547/1/884 1546/1/886 1540/1/431
f 1540/1/431 1538/1/900 1547/1/884
f 1529/1/892 1547/1/884 1538/1/900
f 1529/1/892 478/1/344 1547/1/884
f 478/1/344 1529/1/892 479/1/345
f 1547/1/884 1548/1/903 1546/1/886
f 1548/1/903 1547/1/884 478/1/344
f 1549/1/887 1545/1/888 1546/1/886
f 1549/1/887 1546/1/886 1548/1/903
f 1545/1/888 1549/1/887 481/1/347
f 481/1/347 529/1/395 1545/1/888
f 1548/1/903 482/1/348 1549/1/887
f 482/1/348 481/1/347 1549/1/887
f 478/1/344 484/1/350 1548/1/903
f 482/1/348 1548/1/903 484/1/350
f 1550/52/904 1551/54/710 1552/51/707
f 1551/54/710 1550/52/904 1553/55/905
f 1553/55/905 1554/59/714 1551/54/710
f 1554/59/714 1553/55/905 1555/57/906
f 1555/57/906 1556/60/716 1554/59/714
f 1556/60/716 1555/57/906 1557/62/702
f 1550/52/904 1552/51/707 1558/49/907
f 1559/46/468 1558/49/907 1552/51/707
f 1558/49/907 1559/46/468 1560/44/840
f 1560/44/840 1561/47/908 1558/49/907
f 1561/47/908 1560/44/840 1562/63/909
f 1558/49/907 1561/47/908 1563/50/910
f 1564/52/904 1558/49/907 1563/50/910
f 1564/52/904 1563/50/910 1565/53/911
f 1566/55/905 1564/52/904 1565/53/911
f 1565/53/911 1567/56/912 1566/55/905
f 1568/57/913 1566/55/905 1567/56/912
f 1569/64/914 1568/57/913 1567/56/912
f 1570/65/915 1562/63/916 1571/66/917
f 1562/63/916 1570/65/915 1572/47/918
f 1572/47/918 1570/65/915 1573/67/919
f 1574/50/920 1572/47/918 1573/67/919
f 1573/67/919 1575/68/921 1574/50/920
f 1576/53/922 1574/50/920 1575/68/921
f 1575/68/921 1577/69/923 1576/53/922
f 1578/56/924 1576/53/922 1577/69/923
f 1579/70/925 1578/56/924 1577/69/923
f 1580/71/926 1581/65/927 1571/66/928
f 1581/65/927 1580/71/926 1582/72/929
f 1582/72/929 1583/67/930 1581/65/927
f 1583/67/930 1582/72/929 1584/73/931
f 1584/73/931 1585/68/932 1583/67/930
f 1585/68/932 1584/73/931 1586/74/933
f 1587/75/934 1585/68/932 1586/74/933
f 1585/68/932 1587/75/934 1588/69/935
f 1588/69/935 1587/75/934 1589/76/702
f 1590/52/936 1591/51/739 1592/54/742
f 1592/54/742 1593/55/937 1590/52/936
f 1593/55/937 1592/54/742 1594/59/746
f 1594/59/746 1595/57/938 1593/55/937
f 1595/57/938 1594/59/746 1596/60/748
f 1596/60/748 1597/62/745 1595/57/938
f 1591/51/739 1590/52/936 1598/49/939
f 1598/49/939 1599/46/500 1591/51/739
f 1599/46/500 1598/49/939 1600/44/852
f 1601/47/940 1600/44/852 1598/49/939
f 1600/44/852 1601/47/940 1602/63/941
f 1598/49/939 1603/50/942 1601/47/940
f 1603/50/942 1598/49/939 1604/52/936
f 1604/52/936 1605/53/943 1603/50/942
f 1605/53/943 1604/52/936 1606/55/937
f 1606/55/937 1607/56/944 1605/53/943
f 1606/55/937 1608/57/945 1607/56/944
f 1609/64/946 1607/56/944 1608/57/945
f 1602/63/947 1610/65/948 1611/66/949
f 1610/65/948 1602/63/947 1612/47/950
f 1612/47/950 1613/67/951 1610/65/948
f 1613/67/951 1612/47/950 1614/50/952
f 1614/50/952 1615/68/953 1613/67/951
f 1614/50/952 1616/53/954 1615/68/953
f 1617/69/955 1615/68/953 1616/53/954
f 1616/53/954 1618/56/956 1617/69/955
f 1619/70/946 1617/69/955 1618/56/956
f 1620/65/957 1621/71/958 1611/66/959
f 1621/71/958 1620/65/957 1622/72/960
f 1623/67/961 1622/72/960 1620/65/957
f 1622/72/960 1623/67/961 1624/73/962
f 1625/68/963 1624/73/962 1623/67/961
f 1624/73/962 1625/68/963 1626/74/964
f 1625/68/963 1627/75/965 1626/74/964
f 1627/75/965 1625/68/963 1628/69/966
f 1628/69/966 1629/76/734 1627/75/965
f 1449/43/839 1630/65/967 1631/77/968
f 1630/65/967 1449/43/839 1632/47/969
f 1633/67/970 1630/65/967 1632/47/969
f 1632/47/969 1634/50/971 1633/67/970
f 1635/68/972 1633/67/970 1634/50/971
f 1634/50/971 1636/53/973 1635/68/972
f 1637/69/974 1635/68/972 1636/53/973
f 1636/53/973 1638/56/975 1637/69/974
f 1637/69/974 1638/56/975 1639/78/850
f 1640/63/916 1449/43/839 1631/77/968
f 1631/77/968 1641/66/917 1640/63/916
f 1641/66/917 1631/77/968 1642/71/926
f 1450/44/840 1449/43/839 1640/63/916
f 1642/71/926 1631/77/968 1643/79/976
f 1631/77/968 1644/65/977 1643/79/976
f 1643/79/976 1644/65/977 1645/80/978
f 1644/65/977 1646/67/979 1645/80/978
f 1645/80/978 1646/67/979 1647/81/980
f 1646/67/979 1648/82/981 1647/81/980
f 1648/82/981 1646/67/979 1649/68/982
f 1472/43/853 1650/65/983 1651/47/984
f 1650/65/983 1652/67/985 1651/47/984
f 1651/47/984 1652/67/985 1653/50/986
f 1652/67/985 1654/68/987 1653/50/986
f 1653/50/986 1654/68/987 1655/53/988
f 1654/68/987 1656/69/989 1655/53/988
f 1657/56/990 1655/53/988 1656/69/989
f 1656/69/989 1658/78/342 1657/56/990
f 1650/65/983 1472/43/853 1659/77/991
f 1660/63/947 1659/77/991 1472/43/853
f 1661/66/992 1659/77/991 1660/63/947
f 1659/77/991 1661/66/992 1662/71/958
f 1660/63/947 1472/43/853 1471/44/852
f 1662/71/958 1663/79/993 1659/77/991
f 1664/65/994 1659/77/991 1663/79/993
f 1663/79/993 1665/80/995 1664/65/994
f 1666/67/996 1664/65/994 1665/80/995
f 1665/80/995 1667/81/997 1666/67/996
f 1668/82/998 1666/67/996 1667/81/997
f 1666/67/996 1668/82/998 1669/68/999
f 1670/83/1000 1671/84/981 1672/68/982
f 1672/68/982 1673/69/1001 1670/83/1000
f 1673/69/1002 1674/85/850 1675/83/1003
f 1676/84/1004 1677/83/1005 1678/68/999
f 1679/69/1006 1678/68/999 1677/83/1005
f 1679/69/1007 1680/83/1008 1681/85/342
f 1682/11/1009 1683/86/1010 1684/87/1011
f 1685/11/1012 1686/87/1013 1687/86/1014
o hinge_bolts
v 0.137814 -0.606864 0.103803
v 0.142576 -0.605844 0.103803
v 0.141744 -0.603917 0.101744
v 0.146584 -0.603080 0.103803
v 0.137783 -0.604765 0.101744
v 0.145078 -0.601618 0.101744
v 0.133800 -0.604033 0.101744
v 0.147279 -0.598217 0.101744
v 0.133025 -0.605984 0.103803
v 0.149230 -0.598992 0.103803
v 0.128937 -0.603338 0.103803
v 0.148011 -0.594233 0.101744
v 0.130399 -0.601833 0.101744
v 0.150110 -0.594203 0.103803
v 0.126172 -0.599330 0.103803
v 0.149090 -0.589441 0.103803
v 0.128100 -0.598498 0.101744
v 0.147163 -0.590273 0.101744
v 0.127252 -0.594537 0.101744
v 0.146326 -0.585432 0.103803
v 0.125153 -0.594568 0.103803
v 0.144864 -0.586938 0.101744
v 0.127984 -0.590554 0.101744
v 0.141463 -0.584738 0.101744
v 0.126033 -0.589779 0.103803
v 0.142238 -0.582787 0.103803
v 0.128678 -0.585691 0.103803
v 0.137449 -0.581907 0.103803
v 0.130184 -0.587153 0.101744
v 0.137479 -0.584006 0.101744
v 0.132687 -0.582927 0.103803
v 0.133519 -0.584854 0.101744
v 0.137783 -0.604765 0.029073
v 0.142576 -0.605844 0.027014
v 0.137814 -0.606864 0.027014
v 0.141744 -0.603917 0.029073
v 0.133800 -0.604033 0.029073
v 0.146584 -0.603080 0.027014
v 0.133025 -0.605984 0.027014
v 0.145078 -0.601618 0.029073
v 0.128937 -0.603338 0.027014
v 0.149230 -0.598992 0.027014
v 0.130399 -0.601833 0.029073
v 0.147279 -0.598217 0.029073
v 0.126172 -0.599330 0.027014
v 0.148011 -0.594233 0.029073
v 0.128100 -0.598498 0.029073
v 0.150110 -0.594203 0.027014
v 0.127252 -0.594537 0.029073
v 0.149090 -0.589441 0.027014
v 0.125153 -0.594568 0.027014
v 0.147163 -0.590273 0.029073
v 0.127984 -0.590554 0.029073
v 0.146326 -0.585432 0.027014
v 0.126033 -0.589779 0.027014
v 0.144864 -0.586938 0.029073
v 0.128678 -0.585691 0.027014
v 0.141463 -0.584738 0.029073
v 0.130184 -0.587153 0.029073
v 0.142238 -0.582787 0.027014
v 0.132687 -0.582927 0.027014
v 0.137479 -0.584006 0.029073
v 0.133519 -0.584854 0.029073
v 0.137449 -0.581907 0.027014
v 0.026701 -0.605844 0.103803
v 0.031493 -0.604765 0.101744
v 0.027533 -0.603917 0.101744
v 0.031462 -0.606864 0.103803
v 0.022692 -0.603080 0.103803
v 0.035477 -0.604033 0.101744
v 0.024198 -0.601618 0.101744
v 0.036252 -0.605984 0.103803
v 0.021997 -0.598217 0.101744
v 0.040340 -0.603338 0.103803
v 0.020046 -0.598992 0.103803
v 0.038877 -0.601833 0.101744
v 0.021265 -0.594233 0.101744
v 0.041177 -0.598498 0.101744
v 0.019166 -0.594203 0.103803
v 0.043104 -0.599330 0.103803
v 0.022114 -0.590273 0.101744
v 0.042025 -0.594537 0.101744
v 0.020186 -0.589441 0.103803
v 0.044124 -0.594568 0.103803
v 0.024413 -0.586938 0.101744
v 0.041293 -0.590554 0.101744
v 0.022951 -0.585432 0.103803
v 0.043244 -0.589779 0.103803
v 0.027813 -0.584738 0.101744
v 0.040598 -0.585691 0.103803
v 0.027038 -0.582787 0.103803
v 0.039092 -0.587153 0.101744
v 0.031828 -0.581907 0.103803
v 0.035758 -0.584854 0.101744
v 0.031797 -0.584006 0.101744
v 0.036589 -0.582927 0.103803
v 0.031493 -0.604765 0.029073
v 0.026701 -0.605844 0.027014
v 0.027533 -0.603917 0.029073
v 0.031462 -0.606864 0.027014
v 0.022692 -0.603080 0.027014
v 0.035477 -0.604033 0.029073
v 0.024198 -0.601618 0.029073
v 0.036252 -0.605984 0.027014
v 0.021997 -0.598217 0.029073
v 0.040340 -0.603338 0.027014
v 0.020046 -0.598992 0.027014
v 0.038877 -0.601833 0.029073
v 0.021265 -0.594233 0.029073
v 0.041177 -0.598498 0.029073
v 0.019166 -0.594203 0.027014
v 0.043104 -0.599330 0.027014
v 0.020186 -0.589441 0.027014
v 0.044124 -0.594568 0.027014
v 0.022114 -0.590273 0.029073
v 0.042025 -0.594537 0.029073
v 0.024413 -0.586938 0.029073
v 0.041293 -0.590554 0.029073
v 0.022951 -0.585432 0.027014
v 0.043244 -0.589779 0.027014
v 0.027813 -0.584738 0.029073
v 0.040598 -0.585691 0.027014
v 0.027038 -0.582787 0.027014
v 0.039092 -0.587153 0.029073
v 0.031797 -0.584006 0.029073
v 0.036589 -0.582927 0.027014
v 0.031828 -0.581907 0.027014
v 0.035758 -0.584854 0.029073
v 0.127415 -0.570708 0.100821
v 0.128678 -0.585691 0.103803
v 0.132687 -0.582927 0.103803
v 0.119132 -0.576420 0.100821
v 0.137254 -0.568601 0.100821
v 0.126033 -0.589779 0.103803
v 0.137449 -0.581907 0.103803
v 0.113665 -0.584867 0.100821
v 0.142238 -0.582787 0.103803
v 0.111847 -0.594763 0.100821
v 0.147150 -0.570420 0.100821
v 0.125153 -0.594568 0.103803
v 0.155597 -0.575886 0.100821
v 0.113954 -0.604601 0.100821
v 0.146326 -0.585432 0.103803
v 0.126172 -0.599330 0.103803
v 0.149090 -0.589441 0.103803
v 0.128937 -0.603338 0.103803
v 0.161308 -0.584170 0.100821
v 0.119666 -0.612885 0.100821
v 0.163416 -0.594008 0.100821
v 0.133025 -0.605984 0.103803
v 0.150110 -0.594203 0.103803
v 0.128113 -0.618351 0.100821
v 0.149230 -0.598992 0.103803
v 0.138009 -0.620170 0.100821
v 0.161597 -0.603904 0.100821
v 0.137814 -0.606864 0.103803
v 0.156130 -0.612351 0.100821
v 0.142576 -0.605844 0.103803
v 0.146584 -0.603080 0.103803
v 0.147847 -0.618062 0.100821
v 0.128678 -0.585691 0.027014
v 0.119132 -0.576420 0.029996
v 0.127415 -0.570708 0.029996
v 0.132687 -0.582927 0.027014
v 0.126033 -0.589779 0.027014
v 0.137449 -0.581907 0.027014
v 0.113665 -0.584867 0.029996
v 0.137254 -0.568601 0.029996
v 0.111847 -0.594763 0.029996
v 0.142238 -0.582787 0.027014
v 0.125153 -0.594568 0.027014
v 0.147150 -0.570420 0.029996
v 0.113954 -0.604601 0.029996
v 0.155597 -0.575886 0.029996
v 0.126172 -0.599330 0.027014
v 0.146326 -0.585432 0.027014
v 0.128937 -0.603338 0.027014
v 0.149090 -0.589441 0.027014
v 0.119666 -0.612885 0.029996
v 0.161308 -0.584170 0.029996
v 0.133025 -0.605984 0.027014
v 0.163416 -0.594008 0.029996
v 0.128113 -0.618351 0.029996
v 0.150110 -0.594203 0.027014
v 0.138009 -0.620170 0.029996
v 0.161597 -0.603904 0.029996
v 0.137814 -0.606864 0.027014
v 0.149230 -0.598992 0.027014
v 0.142576 -0.605844 0.027014
v 0.146584 -0.603080 0.027014
v 0.147847 -0.618062 0.029996
v 0.156130 -0.612351 0.029996
v 0.036589 -0.582927 0.103803
v 0.050144 -0.576420 0.100821
v 0.041861 -0.570708 0.100821
v 0.032023 -0.568601 0.100821
v 0.040598 -0.585691 0.103803
v 0.031828 -0.581907 0.103803
v 0.043244 -0.589779 0.103803
v 0.027038 -0.582787 0.103803
v 0.055611 -0.584867 0.100821
v 0.022127 -0.570420 0.100821
v 0.057429 -0.594763 0.100821
v 0.013680 -0.575886 0.100821
v 0.044124 -0.594568 0.103803
v 0.022951 -0.585432 0.103803
v 0.043104 -0.599330 0.103803
v 0.007968 -0.584170 0.100821
v 0.055322 -0.604601 0.100821
v 0.020186 -0.589441 0.103803
v 0.049610 -0.612885 0.100821
v 0.019166 -0.594203 0.103803
v 0.040340 -0.603338 0.103803
v 0.005861 -0.594008 0.100821
v 0.036252 -0.605984 0.103803
v 0.007679 -0.603904 0.100821
v 0.041164 -0.618351 0.100821
v 0.020046 -0.598992 0.103803
v 0.031268 -0.620170 0.100821
v 0.022692 -0.603080 0.103803
v 0.031462 -0.606864 0.103803
v 0.013146 -0.612351 0.100821
v 0.026701 -0.605844 0.103803
v 0.021429 -0.618062 0.100821
v 0.036589 -0.582927 0.027014
v 0.050144 -0.576420 0.029996
v 0.040598 -0.585691 0.027014
v 0.043244 -0.589779 0.027014
v 0.041861 -0.570708 0.029996
v 0.055611 -0.584867 0.029996
v 0.032023 -0.568601 0.029996
v 0.057429 -0.594763 0.029996
v 0.031828 -0.581907 0.027014
v 0.044124 -0.594568 0.027014
v 0.022127 -0.570420 0.029996
v 0.043104 -0.599330 0.027014
v 0.027038 -0.582787 0.027014
v 0.055322 -0.604601 0.029996
v 0.013680 -0.575886 0.029996
v 0.049610 -0.612885 0.029996
v 0.022951 -0.585432 0.027014
v 0.040340 -0.603338 0.027014
v 0.007968 -0.584170 0.029996
v 0.036252 -0.605984 0.027014
v 0.020186 -0.589441 0.027014
v 0.041164 -0.618351 0.029996
v 0.019166 -0.594203 0.027014
v 0.031268 -0.620170 0.029996
v 0.005861 -0.594008 0.029996
v 0.031462 -0.606864 0.027014
v 0.007679 -0.603904 0.029996
v 0.021429 -0.618062 0.029996
v 0.020046 -0.598992 0.027014
v 0.026701 -0.605844 0.027014
v 0.022692 -0.603080 0.027014
v 0.013146 -0.612351 0.029996
v 0.127984 -0.590554 0.101744
v 0.131650 -0.588576 0.096617
v 0.130184 -0.587153 0.101744
v 0.133519 -0.584854 0.101744
v 0.129882 -0.591308 0.096617
v 0.134328 -0.586729 0.096617
v 0.127252 -0.594537 0.101744
v 0.137479 -0.584006 0.101744
v 0.129294 -0.594508 0.096617
v 0.137509 -0.586048 0.096617
v 0.129975 -0.597689 0.096617
v 0.140709 -0.586636 0.096617
v 0.128100 -0.598498 0.101744
v 0.141463 -0.584738 0.101744
v 0.131822 -0.600367 0.096617
v 0.143441 -0.588404 0.096617
v 0.130399 -0.601833 0.101744
v 0.144864 -0.586938 0.101744
v 0.133800 -0.604033 0.101744
v 0.147163 -0.590273 0.101744
v 0.134554 -0.602135 0.096617
v 0.145287 -0.591082 0.096617
v 0.137783 -0.604765 0.101744
v 0.148011 -0.594233 0.101744
v 0.137753 -0.602723 0.096617
v 0.145969 -0.594263 0.096617
v 0.140935 -0.602042 0.096617
v 0.145381 -0.597463 0.096617
v 0.141744 -0.603917 0.101744
v 0.147279 -0.598217 0.101744
v 0.143613 -0.600195 0.096617
v 0.145078 -0.601618 0.101744
v 0.127984 -0.590554 0.029073
v 0.131650 -0.588576 0.034199
v 0.129882 -0.591308 0.034199
v 0.130184 -0.587153 0.029073
v 0.127252 -0.594537 0.029073
v 0.133519 -0.584854 0.029073
v 0.129294 -0.594508 0.034199
v 0.134328 -0.586729 0.034199
v 0.129975 -0.597689 0.034199
v 0.137479 -0.584006 0.029073
v 0.128100 -0.598498 0.029073
v 0.137509 -0.586048 0.034199
v 0.131822 -0.600367 0.034199
v 0.140709 -0.586636 0.034199
v 0.130399 -0.601833 0.029073
v 0.141463 -0.584738 0.029073
v 0.133800 -0.604033 0.029073
v 0.143441 -0.588404 0.034199
v 0.134554 -0.602135 0.034199
v 0.144864 -0.586938 0.029073
v 0.137783 -0.604765 0.029073
v 0.147163 -0.590273 0.029073
v 0.137753 -0.602723 0.034199
v 0.145288 -0.591082 0.034199
v 0.140935 -0.602042 0.034199
v 0.148011 -0.594233 0.029073
v 0.141744 -0.603917 0.029073
v 0.145969 -0.594263 0.034199
v 0.143613 -0.600195 0.034199
v 0.145381 -0.597463 0.034199
v 0.145078 -0.601618 0.029073
v 0.147279 -0.598217 0.029073
v 0.037627 -0.588576 0.096617
v 0.041293 -0.590554 0.101744
v 0.039092 -0.587153 0.101744
v 0.035758 -0.584854 0.101744
v 0.039395 -0.591308 0.096617
v 0.034948 -0.586729 0.096617
v 0.042025 -0.594537 0.101744
v 0.031797 -0.584006 0.101744
v 0.039983 -0.594508 0.096617
v 0.031767 -0.586048 0.096617
v 0.039301 -0.597689 0.096617
v 0.028567 -0.586636 0.096617
v 0.041177 -0.598498 0.101744
v 0.027813 -0.584738 0.101744
v 0.037454 -0.600367 0.096617
v 0.025836 -0.588404 0.096617
v 0.038877 -0.601833 0.101744
v 0.024413 -0.586938 0.101744
v 0.035477 -0.604033 0.101744
v 0.022114 -0.590273 0.101744
v 0.034723 -0.602135 0.096617
v 0.023989 -0.591082 0.096617
v 0.031493 -0.604765 0.101744
v 0.021265 -0.594233 0.101744
v 0.031523 -0.602723 0.096617
v 0.023308 -0.594263 0.096617
v 0.028342 -0.602042 0.096617
v 0.023896 -0.597463 0.096617
v 0.027533 -0.603917 0.101744
v 0.021997 -0.598217 0.101744
v 0.025663 -0.600195 0.096617
v 0.024198 -0.601618 0.101744
v 0.037627 -0.588576 0.034199
v 0.041293 -0.590554 0.029073
v 0.039395 -0.591308 0.034199
v 0.039092 -0.587153 0.029073
v 0.042025 -0.594537 0.029073
v 0.035758 -0.584854 0.029073
v 0.039983 -0.594508 0.034199
v 0.034949 -0.586729 0.034199
v 0.039301 -0.597689 0.034199
v 0.031797 -0.584006 0.029073
v 0.041177 -0.598498 0.029073
v 0.031767 -0.586048 0.034199
v 0.037454 -0.600367 0.034199
v 0.028567 -0.586636 0.034199
v 0.038877 -0.601833 0.029073
v 0.027813 -0.584738 0.029073
v 0.035477 -0.604033 0.029073
v 0.025836 -0.588404 0.034199
v 0.034723 -0.602135 0.034199
v 0.024413 -0.586938 0.029073
v 0.031493 -0.604765 0.029073
v 0.022114 -0.590273 0.029073
v 0.031523 -0.602723 0.034199
v 0.023989 -0.591082 0.034199
v 0.028342 -0.602042 0.034199
v 0.021265 -0.594233 0.029073
v 0.027533 -0.603917 0.029073
v 0.023308 -0.594263 0.034199
v 0.025663 -0.600195 0.034199
v 0.023896 -0.597463 0.034199
v 0.024198 -0.601618 0.029073
v 0.021997 -0.598217 0.029073
v 0.129294 -0.594508 0.096617
v 0.131650 -0.588576 0.096617
v 0.129882 -0.591308 0.096617
v 0.134328 -0.586729 0.096617
v 0.129975 -0.597689 0.096617
v 0.137509 -0.586048 0.096617
v 0.134554 -0.602135 0.096617
v 0.131822 -0.600367 0.096617
v 0.137753 -0.602723 0.096617
v 0.145969 -0.594263 0.096617
v 0.140935 -0.602042 0.096617
v 0.143613 -0.600195 0.096617
v 0.145381 -0.597463 0.096617
v 0.145287 -0.591082 0.096617
v 0.140709 -0.586636 0.096617
v 0.143441 -0.588404 0.096617
v 0.137509 -0.586048 0.034199
v 0.145969 -0.594263 0.034199
v 0.129975 -0.597689 0.034199
v 0.143613 -0.600195 0.034199
v 0.145381 -0.597463 0.034199
v 0.140935 -0.602042 0.034199
v 0.137753 -0.602723 0.034199
v 0.134554 -0.602135 0.034199
v 0.131822 -0.600367 0.034199
v 0.145288 -0.591082 0.034199
v 0.140709 -0.586636 0.034199
v 0.143441 -0.588404 0.034199
v 0.134328 -0.586729 0.034199
v 0.129294 -0.594508 0.034199
v 0.131650 -0.588576 0.034199
v 0.129882 -0.591308 0.034199
v 0.031767 -0.586048 0.096617
v 0.023989 -0.591082 0.096617
v 0.037627 -0.588576 0.096617
v 0.034948 -0.586729 0.096617
v 0.025836 -0.588404 0.096617
v 0.028567 -0.586636 0.096617
v 0.023896 -0.597463 0.096617
v 0.023308 -0.594263 0.096617
v 0.039301 -0.597689 0.096617
v 0.039395 -0.591308 0.096617
v 0.039983 -0.594508 0.096617
v 0.031523 -0.602723 0.096617
v 0.025663 -0.600195 0.096617
v 0.028342 -0.602042 0.096617
v 0.034723 -0.602135 0.096617
v 0.037454 -0.600367 0.096617
v 0.039983 -0.594508 0.034199
v 0.023896 -0.597463 0.034199
v 0.037627 -0.588576 0.034199
v 0.039395 -0.591308 0.034199
v 0.023308 -0.594263 0.034199
v 0.031523 -0.602723 0.034199
v 0.025663 -0.600195 0.034199
v 0.028342 -0.602042 0.034199
v 0.034723 -0.602135 0.034199
v 0.037454 -0.600367 0.034199
v 0.039301 -0.597689 0.034199
v 0.031767 -0.586048 0.034199
v 0.034949 -0.586729 0.034199
v 0.023989 -0.591082 0.034199
v 0.025836 -0.588404 0.034199
v 0.028567 -0.586636 0.034199
v 0.149351 -0.621548 0.094373
v 0.138064 -0.623965 0.094373
v 0.138064 -0.623965 0.076385
v 0.149351 -0.621548 0.076385
v 0.126712 -0.621879 0.076385
v 0.158853 -0.614995 0.094373
v 0.158853 -0.614995 0.076385
v 0.156130 -0.612351 0.100821
v 0.147847 -0.618062 0.100821
v 0.138009 -0.620170 0.100821
v 0.128113 -0.618351 0.100821
v 0.165125 -0.605305 0.094373
v 0.165125 -0.605305 0.076385
v 0.161597 -0.603904 0.100821
v 0.167211 -0.593952 0.094373
v 0.163416 -0.594008 0.100821
v 0.167211 -0.593952 0.076385
v 0.161308 -0.584170 0.100821
v 0.164794 -0.582666 0.094373
v 0.164794 -0.582666 0.076385
v 0.155597 -0.575886 0.100821
v 0.158241 -0.573163 0.094373
v 0.158241 -0.573163 0.076385
v 0.148551 -0.566892 0.094373
v 0.147150 -0.570420 0.100821
v 0.148551 -0.566892 0.076385
v 0.137198 -0.564806 0.094373
v 0.137254 -0.568601 0.100821
v 0.137198 -0.564806 0.076385
v 0.127415 -0.570708 0.100821
v 0.125912 -0.567223 0.094373
v 0.125912 -0.567223 0.076385
v 0.119132 -0.576420 0.100821
v 0.116409 -0.573776 0.094373
v 0.116409 -0.573776 0.076385
v 0.110138 -0.583466 0.094373
v 0.113665 -0.584867 0.100821
v 0.110138 -0.583466 0.076385
v 0.108052 -0.594819 0.094373
v 0.111847 -0.594763 0.100821
v 0.108052 -0.594818 0.076385
v 0.113954 -0.604601 0.100821
v 0.110469 -0.606105 0.094373
v 0.110469 -0.606105 0.076385
v 0.119666 -0.612885 0.100821
v 0.117022 -0.615608 0.094373
v 0.117022 -0.615608 0.076385
v 0.126712 -0.621879 0.094373
v 0.149351 -0.621548 0.054432
v 0.138064 -0.623965 0.036444
v 0.149351 -0.621548 0.036444
v 0.158854 -0.614995 0.036444
v 0.158854 -0.614995 0.054432
v 0.138064 -0.623965 0.054432
v 0.156130 -0.612351 0.029996
v 0.147847 -0.618062 0.029996
v 0.138009 -0.620170 0.029996
v 0.128113 -0.618351 0.029996
v 0.126712 -0.621879 0.036444
v 0.126712 -0.621879 0.054432
v 0.119666 -0.612885 0.029996
v 0.117022 -0.615608 0.054432
v 0.117022 -0.615608 0.036444
v 0.110469 -0.606105 0.054432
v 0.110469 -0.606105 0.036444
v 0.113954 -0.604601 0.029996
v 0.108052 -0.594818 0.054432
v 0.108052 -0.594818 0.036444
v 0.111847 -0.594763 0.029996
v 0.110138 -0.583466 0.054432
v 0.113665 -0.584867 0.029996
v 0.110138 -0.583466 0.036444
v 0.116409 -0.573776 0.054432
v 0.119132 -0.576420 0.029996
v 0.116409 -0.573776 0.036444
v 0.125912 -0.567223 0.036444
v 0.125912 -0.567223 0.054432
v 0.127415 -0.570708 0.029996
v 0.137198 -0.564806 0.054432
v 0.137198 -0.564806 0.036444
v 0.137254 -0.568601 0.029996
v 0.148551 -0.566892 0.054432
v 0.147150 -0.570420 0.029996
v 0.148551 -0.566892 0.036444
v 0.155597 -0.575886 0.029996
v 0.158241 -0.573163 0.036444
v 0.158241 -0.573163 0.054432
v 0.164794 -0.582666 0.054432
v 0.164794 -0.582666 0.036444
v 0.161308 -0.584170 0.029996
v 0.167211 -0.593952 0.054432
v 0.167211 -0.593952 0.036444
v 0.163416 -0.594008 0.029996
v 0.165125 -0.605305 0.054432
v 0.161597 -0.603904 0.029996
v 0.165125 -0.605305 0.036444
v 0.031212 -0.623965 0.094373
v 0.019925 -0.621548 0.076385
v 0.031212 -0.623965 0.076385
v 0.042565 -0.621879 0.094373
v 0.042565 -0.621879 0.076385
v 0.052255 -0.615608 0.076385
v 0.052255 -0.615608 0.094373
v 0.058807 -0.606105 0.076385
v 0.049610 -0.612885 0.100821
v 0.058807 -0.606105 0.094373
v 0.061225 -0.594819 0.076385
v 0.041164 -0.618351 0.100821
v 0.055322 -0.604601 0.100821
v 0.031268 -0.620170 0.100821
v 0.021429 -0.618062 0.100821
v 0.061225 -0.594819 0.094373
v 0.057429 -0.594763 0.100821
v 0.059139 -0.583466 0.076385
v 0.055611 -0.584867 0.100821
v 0.019925 -0.621548 0.094373
v 0.013146 -0.612351 0.100821
v 0.010423 -0.614995 0.094373
v 0.010423 -0.614995 0.076385
v 0.004151 -0.605305 0.094373
v 0.007679 -0.603904 0.100821
v 0.004151 -0.605305 0.076385
v 0.002066 -0.593952 0.094373
v 0.005861 -0.594008 0.100821
v 0.002066 -0.593952 0.076385
v 0.007968 -0.584170 0.100821
v 0.004483 -0.582666 0.094373
v 0.004483 -0.582666 0.076385
v 0.013680 -0.575886 0.100821
v 0.011035 -0.573163 0.094373
v 0.011035 -0.573163 0.076385
v 0.020726 -0.566892 0.076385
v 0.020726 -0.566892 0.094373
v 0.022127 -0.570420 0.100821
v 0.032078 -0.564806 0.076385
v 0.032078 -0.564806 0.094373
v 0.032023 -0.568601 0.100821
v 0.041861 -0.570708 0.100821
v 0.043365 -0.567223 0.094373
v 0.043365 -0.567223 0.076385
v 0.050144 -0.576420 0.100821
v 0.052867 -0.573776 0.094373
v 0.052867 -0.573776 0.076385
v 0.059139 -0.583466 0.094373
v 0.019925 -0.621548 0.054432
v 0.031212 -0.623965 0.036444
v 0.031212 -0.623965 0.054432
v 0.042565 -0.621879 0.036444
v 0.042565 -0.621879 0.054432
v 0.052255 -0.615608 0.054432
v 0.052255 -0.615608 0.036444
v 0.049610 -0.612885 0.029996
v 0.058807 -0.606105 0.036444
v 0.041164 -0.618351 0.029996
v 0.055322 -0.604601 0.029996
v 0.031268 -0.620170 0.029996
v 0.058807 -0.606105 0.054432
v 0.021429 -0.618062 0.029996
v 0.061225 -0.594819 0.036444
v 0.057429 -0.594763 0.029996
v 0.061225 -0.594819 0.054432
v 0.055611 -0.584867 0.029996
v 0.019925 -0.621548 0.036444
v 0.013146 -0.612351 0.029996
v 0.059139 -0.583466 0.036444
v 0.059139 -0.583466 0.054432
v 0.050144 -0.576420 0.029996
v 0.052867 -0.573776 0.054432
v 0.052867 -0.573776 0.036444
v 0.043365 -0.567223 0.036444
v 0.043365 -0.567223 0.054432
v 0.041861 -0.570708 0.029996
v 0.032078 -0.564806 0.054432
v 0.032078 -0.564806 0.036444
v 0.032023 -0.568601 0.029996
v 0.020726 -0.566892 0.054432
v 0.022127 -0.570420 0.029996
v 0.020726 -0.566892 0.036444
v 0.013680 -0.575886 0.029996
v 0.011035 -0.573163 0.036444
v 0.011035 -0.573163 0.054432
v 0.004483 -0.582666 0.054432
v 0.004483 -0.582666 0.036444
v 0.007968 -0.584170 0.029996
v 0.002066 -0.593952 0.054432
v 0.002066 -0.593952 0.036444
v 0.005861 -0.594008 0.029996
v 0.004151 -0.605305 0.054432
v 0.007679 -0.603904 0.029996
v 0.004151 -0.605305 0.036444
v 0.010423 -0.614995 0.054432
v 0.010423 -0.614995 0.036444
v 0.158853 -0.614995 0.076385
v 0.126712 -0.621879 0.076385
v 0.108052 -0.594818 0.076385
v 0.138064 -0.623965 0.076385
v 0.149351 -0.621548 0.076385
v 0.110469 -0.606105 0.076385
v 0.117022 -0.615608 0.076385
v 0.116409 -0.573776 0.076385
v 0.110138 -0.583466 0.076385
v 0.125912 -0.567223 0.076385
v 0.158241 -0.573163 0.076385
v 0.165125 -0.605305 0.076385
v 0.137198 -0.564806 0.076385
v 0.148551 -0.566892 0.076385
v 0.167211 -0.593952 0.076385
v 0.164794 -0.582666 0.076385
v 0.108052 -0.594818 0.054432
v 0.116409 -0.573776 0.054432
v 0.110138 -0.583466 0.054432
v 0.125912 -0.567223 0.054432
v 0.148551 -0.566892 0.054432
v 0.137198 -0.564806 0.054432
v 0.167211 -0.593952 0.054432
v 0.158241 -0.573163 0.054432
v 0.164794 -0.582666 0.054432
v 0.149351 -0.621548 0.054432
v 0.158854 -0.614995 0.054432
v 0.165125 -0.605305 0.054432
v 0.138064 -0.623965 0.054432
v 0.117022 -0.615608 0.054432
v 0.126712 -0.621879 0.054432
v 0.110469 -0.606105 0.054432
v 0.061225 -0.594819 0.076385
v 0.011035 -0.573163 0.076385
v 0.052867 -0.573776 0.076385
v 0.059139 -0.583466 0.076385
v 0.032078 -0.564806 0.076385
v 0.043365 -0.567223 0.076385
v 0.020726 -0.566892 0.076385
v 0.002066 -0.593952 0.076385
v 0.004483 -0.582666 0.076385
v 0.010423 -0.614995 0.076385
v 0.004151 -0.605305 0.076385
v 0.042565 -0.621879 0.076385
v 0.058807 -0.606105 0.076385
v 0.052255 -0.615608 0.076385
v 0.031212 -0.623965 0.076385
v 0.019925 -0.621548 0.076385
v 0.004151 -0.605305 0.054432
v 0.031212 -0.623965 0.054432
v 0.042565 -0.621879 0.054432
v 0.019925 -0.621548 0.054432
v 0.010423 -0.614995 0.054432
v 0.052255 -0.615608 0.054432
v 0.061225 -0.594819 0.054432
v 0.058807 -0.606105 0.054432
v 0.043365 -0.567223 0.054432
v 0.052867 -0.573776 0.054432
v 0.059139 -0.583466 0.054432
v 0.004483 -0.582666 0.054432
v 0.002066 -0.593952 0.054432
v 0.032078 -0.564806 0.054432
v 0.020726 -0.566892 0.054432
v 0.011035 -0.573163 0.054432
vn -0.0103 0.7001 0.7139
vn -0.2779 0.6432 0.7135
vn -0.2777 0.6431 0.7136
vn -0.5023 0.4878 0.7139
vn 0.2585 0.6510 0.7137
vn -0.6511 0.2583 0.7137
vn -0.6510 0.2583 0.7137
vn 0.4878 0.5023 0.7139
vn -0.7001 -0.0103 0.7139
vn 0.6428 0.2777 0.7139
vn -0.6433 -0.2771 0.7137
vn 0.6427 0.2779 0.7139
vn 0.7001 0.0103 0.7139
vn -0.4879 -0.5027 0.7136
vn 0.7001 0.0102 0.7139
vn 0.6508 -0.2585 0.7139
vn -0.2585 -0.6508 0.7139
vn 0.5026 -0.4880 0.7136
vn 0.0103 -0.7001 0.7139
vn 0.2772 -0.6428 0.7142
vn 0.2774 -0.6429 0.7139
vn -0.0103 0.7001 -0.7139
vn -0.2777 0.6431 -0.7136
vn -0.0102 0.7001 -0.7139
vn -0.2778 0.6431 -0.7136
vn 0.2585 0.6511 -0.7136
vn -0.5023 0.4878 -0.7139
vn 0.2585 0.6512 -0.7135
vn 0.4878 0.5023 -0.7139
vn -0.6511 0.2583 -0.7137
vn 0.6427 0.2779 -0.7139
vn -0.7001 -0.0103 -0.7139
vn 0.6427 0.2780 -0.7139
vn 0.7001 0.0103 -0.7139
vn -0.6433 -0.2771 -0.7137
vn 0.7001 0.0102 -0.7139
vn -0.6432 -0.2772 -0.7138
vn 0.6508 -0.2585 -0.7139
vn -0.4879 -0.5027 -0.7136
vn 0.6504 -0.2588 -0.7141
vn 0.5026 -0.4880 -0.7136
vn -0.2585 -0.6508 -0.7139
vn 0.2774 -0.6429 -0.7139
vn 0.0103 -0.7001 -0.7139
vn 0.2771 0.6433 0.7137
vn 0.0103 0.7001 0.7139
vn 0.0102 0.7001 0.7139
vn 0.5026 0.4878 0.7137
vn -0.2585 0.6508 0.7139
vn 0.5027 0.4879 0.7136
vn -0.2583 0.6510 0.7137
vn 0.6508 0.2585 0.7139
vn -0.4879 0.5027 0.7136
vn -0.4878 0.5023 0.7139
vn 0.7001 -0.0102 0.7139
vn -0.6431 0.2777 0.7137
vn 0.7001 -0.0103 0.7139
vn 0.6429 -0.2774 0.7139
vn -0.7001 0.0103 0.7139
vn 0.6428 -0.2772 0.7142
vn -0.7001 0.0102 0.7139
vn 0.4880 -0.5026 0.7137
vn -0.6511 -0.2585 0.7136
vn 0.4881 -0.5028 0.7135
vn -0.6510 -0.2585 0.7137
vn 0.2585 -0.6508 0.7139
vn -0.5025 -0.4881 0.7136
vn 0.2588 -0.6504 0.7141
vn -0.5023 -0.4878 0.7139
vn -0.0102 -0.7001 0.7139
vn -0.2779 -0.6427 0.7139
vn -0.0103 -0.7001 0.7139
vn 0.0103 0.7001 -0.7139
vn 0.2771 0.6433 -0.7137
vn 0.2772 0.6432 -0.7138
vn 0.0102 0.7001 -0.7139
vn 0.5026 0.4878 -0.7137
vn -0.2583 0.6511 -0.7137
vn 0.5027 0.4879 -0.7136
vn -0.2583 0.6510 -0.7137
vn 0.6508 0.2585 -0.7139
vn -0.4878 0.5023 -0.7139
vn -0.4879 0.5026 -0.7137
vn 0.7001 -0.0103 -0.7139
vn -0.6431 0.2778 -0.7136
vn -0.6431 0.2777 -0.7137
vn 0.6429 -0.2774 -0.7139
vn -0.7001 0.0103 -0.7139
vn -0.7001 0.0102 -0.7139
vn 0.4880 -0.5026 -0.7136
vn -0.6511 -0.2585 -0.7136
vn 0.4880 -0.5026 -0.7137
vn -0.6510 -0.2585 -0.7137
vn 0.2585 -0.6508 -0.7139
vn -0.5023 -0.4878 -0.7139
vn -0.0102 -0.7001 -0.7139
vn -0.2779 -0.6427 -0.7139
vn -0.0101 -0.7004 -0.7137
vn -0.0866 0.2008 0.9758
vn -0.1568 0.1527 0.9758
vn -0.1567 0.1528 0.9757
vn -0.0032 0.2186 0.9758
vn -0.2036 0.0805 0.9757
vn -0.0033 0.2183 0.9759
vn 0.0807 0.2037 0.9757
vn -0.2186 -0.0032 0.9758
vn 0.0807 0.2035 0.9757
vn -0.2184 -0.0035 0.9759
vn 0.1523 0.1569 0.9758
vn -0.2008 -0.0866 0.9758
vn 0.2008 0.0866 0.9758
vn -0.1529 -0.1570 0.9757
vn -0.1528 -0.1569 0.9757
vn 0.2186 0.0032 0.9758
vn -0.0805 -0.2029 0.9759
vn -0.0807 -0.2032 0.9758
vn 0.2032 -0.0807 0.9758
vn 0.0032 -0.2186 0.9758
vn 0.1569 -0.1523 0.9758
vn 0.0866 -0.2011 0.9757
vn 0.0866 -0.2008 0.9758
vn -0.1569 0.1523 -0.9758
vn -0.1568 0.1527 -0.9758
vn -0.0866 0.2008 -0.9758
vn -0.2037 0.0805 -0.9757
vn -0.0032 0.2186 -0.9758
vn -0.2036 0.0805 -0.9757
vn -0.0033 0.2183 -0.9759
vn -0.2186 -0.0032 -0.9758
vn 0.0807 0.2037 -0.9757
vn -0.2184 -0.0035 -0.9759
vn 0.0807 0.2032 -0.9758
vn -0.2008 -0.0866 -0.9758
vn 0.1523 0.1569 -0.9758
vn -0.1528 -0.1569 -0.9757
vn 0.2008 0.0866 -0.9758
vn -0.1529 -0.1570 -0.9757
vn -0.0807 -0.2032 -0.9758
vn 0.2186 0.0032 -0.9758
vn 0.0032 -0.2186 -0.9758
vn 0.2029 -0.0807 -0.9759
vn 0.2032 -0.0807 -0.9758
vn 0.0866 -0.2008 -0.9758
vn 0.1569 -0.1523 -0.9758
vn 0.0866 -0.2011 -0.9757
vn 0.0866 0.2008 0.9758
vn 0.1570 0.1529 0.9757
vn 0.0035 0.2184 0.9759
vn 0.0036 0.2183 0.9759
vn 0.2032 0.0807 0.9758
vn -0.0805 0.2036 0.9757
vn -0.0806 0.2035 0.9758
vn 0.2185 -0.0035 0.9758
vn -0.1527 0.1568 0.9758
vn 0.2186 -0.0032 0.9758
vn -0.1523 0.1569 0.9758
vn 0.2008 -0.0866 0.9758
vn -0.2008 0.0866 0.9758
vn 0.2011 -0.0866 0.9757
vn 0.1523 -0.1569 0.9758
vn -0.2186 0.0032 0.9758
vn 0.1520 -0.1570 0.9758
vn -0.2182 0.0034 0.9759
vn 0.0807 -0.2029 0.9759
vn -0.2035 -0.0807 0.9757
vn 0.0807 -0.2032 0.9758
vn -0.0032 -0.2186 0.9758
vn -0.1569 -0.1523 0.9758
vn -0.0863 -0.2010 0.9758
vn 0.0866 0.2008 -0.9758
vn 0.1569 0.1528 -0.9757
vn 0.1570 0.1529 -0.9757
vn 0.2032 0.0807 -0.9758
vn 0.2029 0.0805 -0.9759
vn 0.0035 0.2184 -0.9759
vn 0.2186 -0.0032 -0.9758
vn -0.0805 0.2037 -0.9757
vn 0.2008 -0.0866 -0.9758
vn -0.0806 0.2035 -0.9758
vn -0.1523 0.1569 -0.9758
vn 0.1523 -0.1569 -0.9758
vn -0.1527 0.1568 -0.9758
vn -0.2008 0.0866 -0.9758
vn 0.0807 -0.2032 -0.9758
vn -0.2183 0.0033 -0.9759
vn -0.0032 -0.2186 -0.9758
vn -0.2186 0.0032 -0.9758
vn -0.2032 -0.0807 -0.9758
vn -0.0863 -0.2010 -0.9758
vn -0.2035 -0.0807 -0.9757
vn -0.0862 -0.2010 -0.9758
vn -0.1569 -0.1523 -0.9758
vn 0.8634 -0.3429 0.3701
vn 0.6661 -0.6476 0.3699
vn 0.6661 -0.6477 0.3698
vn 0.3680 -0.8530 0.3701
vn 0.9290 0.0141 0.3699
vn 0.0132 -0.9290 0.3698
vn 0.9290 0.0141 0.3698
vn 0.0136 -0.9289 0.3701
vn 0.8530 0.3680 0.3701
vn -0.3429 -0.8634 0.3701
vn -0.3433 -0.8633 0.3698
vn 0.6472 0.6664 0.3701
vn -0.6472 -0.6664 0.3701
vn -0.6476 -0.6662 0.3699
vn 0.3429 0.8634 0.3701
vn -0.8532 -0.3679 0.3697
vn -0.8531 -0.3679 0.3698
vn -0.0141 0.9289 0.3700
vn -0.9290 -0.0132 0.3699
vn -0.0140 0.9289 0.3700
vn -0.9290 -0.0133 0.3700
vn -0.3678 0.8532 0.3698
vn -0.8634 0.3429 0.3701
vn -0.8633 0.3433 0.3699
vn -0.6667 0.6471 0.3697
vn 0.8634 -0.3429 -0.3701
vn 0.6661 -0.6476 -0.3699
vn 0.6661 -0.6477 -0.3698
vn 0.9290 0.0140 -0.3699
vn 0.3682 -0.8530 -0.3699
vn 0.9289 0.0139 -0.3700
vn 0.3680 -0.8530 -0.3701
vn 0.8530 0.3680 -0.3701
vn 0.0132 -0.9290 -0.3698
vn 0.0133 -0.9290 -0.3699
vn 0.6473 0.6666 -0.3698
vn -0.3432 -0.8634 -0.3699
vn 0.3427 0.8636 -0.3699
vn -0.6472 -0.6664 -0.3701
vn 0.3429 0.8634 -0.3701
vn -0.0141 0.9289 -0.3700
vn -0.8530 -0.3680 -0.3701
vn -0.0140 0.9289 -0.3700
vn -0.3680 0.8530 -0.3701
vn -0.9290 -0.0133 -0.3700
vn -0.6664 0.6472 -0.3701
vn -0.8633 0.3434 -0.3699
vn -0.6666 0.6472 -0.3699
vn -0.6664 -0.6472 0.3701
vn -0.8634 -0.3429 0.3701
vn -0.6666 -0.6473 0.3698
vn -0.3680 -0.8530 0.3701
vn -0.9290 0.0141 0.3699
vn -0.0142 -0.9290 0.3698
vn -0.9289 0.0140 0.3700
vn -0.0140 -0.9290 0.3699
vn -0.8532 0.3678 0.3699
vn 0.3426 -0.8636 0.3699
vn -0.8530 0.3680 0.3701
vn 0.3429 -0.8634 0.3701
vn -0.6472 0.6666 0.3699
vn 0.6476 -0.6661 0.3699
vn -0.6471 0.6667 0.3697
vn 0.6476 -0.6662 0.3699
vn -0.3433 0.8633 0.3699
vn 0.8530 -0.3680 0.3701
vn -0.3432 0.8633 0.3700
vn 0.0136 0.9289 0.3701
vn 0.9290 -0.0132 0.3698
vn 0.3679 0.8531 0.3698
vn 0.8633 0.3433 0.3699
vn 0.3680 0.8530 0.3701
vn 0.8634 0.3432 0.3699
vn 0.6664 0.6472 0.3701
vn 0.6662 0.6476 0.3699
vn -0.6666 -0.6473 -0.3697
vn -0.8634 -0.3429 -0.3701
vn -0.9289 0.0139 -0.3700
vn -0.3680 -0.8530 -0.3701
vn -0.9289 0.0140 -0.3700
vn -0.8532 0.3678 -0.3698
vn -0.0140 -0.9290 -0.3699
vn -0.6472 0.6666 -0.3699
vn 0.3429 -0.8634 -0.3701
vn 0.3427 -0.8636 -0.3699
vn -0.3434 0.8633 -0.3699
vn 0.6476 -0.6662 -0.3699
vn -0.3433 0.8633 -0.3699
vn 0.6477 -0.6661 -0.3699
vn 0.0132 0.9290 -0.3699
vn 0.8530 -0.3680 -0.3701
vn 0.0133 0.9290 -0.3700
vn 0.3680 0.8530 -0.3701
vn 0.9290 -0.0132 -0.3698
vn 0.6664 0.6472 -0.3701
vn 0.8633 0.3433 -0.3699
vn 0.8633 0.3435 -0.3697
vn -0.0003 0.0003 1.0000
vn -0.0004 0.0004 1.0000
vn -0.0002 0.0002 1.0000
vn -0.0003 0.0003 -1.0000
vn -0.0002 0.0002 -1.0000
vn -0.0004 0.0004 -1.0000
vn 0.3828 -0.8881 0.2546
vn 0.0142 -0.9668 0.2550
vn 0.0144 -0.9999 -0.0004
vn 0.3962 -0.9182 -0.0000
vn -0.3687 -0.9295 -0.0004
vn 0.6936 -0.6739 0.2547
vn 0.7178 -0.6963 0.0005
vn 0.6179 -0.6004 0.5076
vn 0.3414 -0.7913 0.5073
vn 0.0123 -0.8615 0.5077
vn -0.3181 -0.8009 0.5073
vn 0.8986 -0.3573 0.2545
vn 0.9295 -0.3688 0.0005
vn 0.8007 -0.3181 0.5076
vn 0.9670 0.0141 0.2545
vn 0.8615 0.0131 0.5076
vn 0.9999 0.0150 0.0005
vn 0.7911 0.3414 0.5076
vn 0.8878 0.3834 0.2546
vn 0.9182 0.3962 -0.0000
vn 0.6005 0.6179 0.5076
vn 0.6736 0.6939 0.2545
vn 0.6965 0.7176 0.0004
vn 0.3573 0.8986 0.2546
vn 0.3182 0.8007 0.5077
vn 0.3691 0.9294 -0.0000
vn -0.0142 0.9668 0.2550
vn -0.0130 0.8617 0.5073
vn -0.0150 0.9999 0.0005
vn -0.3414 0.7913 0.5073
vn -0.3833 0.8878 0.2547
vn -0.3962 0.9182 -0.0004
vn -0.6179 0.6004 0.5077
vn -0.6940 0.6735 0.2545
vn -0.7173 0.6968 -0.0004
vn -0.8987 0.3571 0.2547
vn -0.8009 0.3181 0.5073
vn -0.9295 0.3688 -0.0004
vn -0.9668 -0.0142 0.2550
vn -0.8617 -0.0126 0.5073
vn -0.9999 -0.0144 -0.0004
vn -0.7910 -0.3416 0.5075
vn -0.8881 -0.3828 0.2546
vn -0.9181 -0.3963 -0.0003
vn -0.6004 -0.6182 0.5073
vn -0.6739 -0.6936 0.2545
vn -0.6967 -0.7174 -0.0004
vn -0.3571 -0.8987 0.2545
vn 0.3963 -0.9181 -0.0003
vn 0.0142 -0.9668 -0.2550
vn 0.3828 -0.8881 -0.2546
vn 0.6937 -0.6737 -0.2550
vn 0.7178 -0.6963 -0.0005
vn 0.0144 -0.9999 -0.0003
vn 0.6179 -0.6004 -0.5076
vn 0.3414 -0.7913 -0.5073
vn 0.0123 -0.8615 -0.5077
vn -0.3181 -0.8009 -0.5073
vn -0.3571 -0.8987 -0.2545
vn -0.3687 -0.9296 -0.0005
vn -0.6004 -0.6182 -0.5073
vn -0.6967 -0.7174 -0.0000
vn -0.6739 -0.6936 -0.2545
vn -0.9181 -0.3964 -0.0004
vn -0.8880 -0.3829 -0.2547
vn -0.7910 -0.3416 -0.5076
vn -0.9668 -0.0142 -0.2550
vn -0.8617 -0.0126 -0.5073
vn -0.8008 0.3180 -0.5076
vn -0.8987 0.3569 -0.2550
vn -0.6179 0.6004 -0.5077
vn -0.6940 0.6735 -0.2545
vn -0.3833 0.8878 -0.2547
vn -0.3414 0.7911 -0.5076
vn -0.0142 0.9668 -0.2550
vn -0.0131 0.8617 -0.5073
vn 0.3689 0.9295 0.0004
vn 0.3182 0.8007 -0.5077
vn 0.3573 0.8986 -0.2546
vn 0.6004 0.6182 -0.5073
vn 0.6736 0.6938 -0.2547
vn 0.6964 0.7177 -0.0005
vn 0.8878 0.3834 -0.2545
vn 0.7913 0.3414 -0.5073
vn 0.9670 0.0141 -0.2545
vn 0.8615 0.0131 -0.5076
vn 0.9295 -0.3689 -0.0004
vn 0.8009 -0.3181 -0.5073
vn 0.8986 -0.3572 -0.2546
vn -0.0141 -0.9669 0.2547
vn -0.3962 -0.9182 -0.0000
vn -0.0150 -0.9999 -0.0005
vn 0.3572 -0.8986 0.2546
vn 0.3689 -0.9295 -0.0004
vn 0.6963 -0.7177 -0.0004
vn 0.6737 -0.6937 0.2550
vn 0.9182 -0.3962 -0.0000
vn 0.6004 -0.6179 0.5076
vn 0.8881 -0.3828 0.2546
vn 0.9999 -0.0144 0.0004
vn 0.3181 -0.8007 0.5077
vn 0.7913 -0.3414 0.5073
vn -0.0130 -0.8615 0.5076
vn -0.3414 -0.7913 0.5073
vn 0.9668 -0.0142 0.2550
vn 0.8615 -0.0123 0.5077
vn 0.9296 0.3687 0.0005
vn 0.8009 0.3181 0.5073
vn -0.3834 -0.8878 0.2546
vn -0.6182 -0.6004 0.5073
vn -0.6937 -0.6737 0.2550
vn -0.7177 -0.6964 -0.0005
vn -0.8986 -0.3573 0.2546
vn -0.8006 -0.3182 0.5078
vn -0.9295 -0.3689 -0.0004
vn -0.9668 0.0142 0.2550
vn -0.8617 0.0126 0.5073
vn -0.9999 0.0150 -0.0005
vn -0.7911 0.3414 0.5076
vn -0.8878 0.3834 0.2546
vn -0.9182 0.3962 -0.0000
vn -0.6004 0.6179 0.5077
vn -0.6737 0.6937 0.2550
vn -0.6968 0.7173 -0.0005
vn -0.3687 0.9295 0.0005
vn -0.3569 0.8987 0.2550
vn -0.3181 0.8009 0.5073
vn 0.0144 0.9999 0.0004
vn 0.0142 0.9668 0.2550
vn 0.0121 0.8617 0.5073
vn 0.3416 0.7910 0.5076
vn 0.3828 0.8881 0.2546
vn 0.3964 0.9181 0.0004
vn 0.6182 0.6004 0.5073
vn 0.6936 0.6738 0.2547
vn 0.7174 0.6967 0.0004
vn 0.8987 0.3571 0.2547
vn -0.3961 -0.9182 -0.0005
vn -0.0141 -0.9669 -0.2547
vn -0.0149 -0.9999 -0.0004
vn 0.3572 -0.8986 -0.2546
vn 0.6963 -0.7178 0.0005
vn 0.6740 -0.6935 -0.2546
vn 0.6004 -0.6179 -0.5076
vn 0.8878 -0.3831 -0.2550
vn 0.3181 -0.8007 -0.5076
vn 0.7913 -0.3414 -0.5073
vn -0.0130 -0.8615 -0.5076
vn -0.3414 -0.7913 -0.5073
vn 0.9668 -0.0142 -0.2550
vn 0.8615 -0.0123 -0.5077
vn 0.9999 -0.0144 0.0003
vn 0.8009 0.3181 -0.5073
vn -0.3834 -0.8878 -0.2546
vn -0.6179 -0.6005 -0.5075
vn 0.8987 0.3569 -0.2550
vn 0.9295 0.3687 0.0004
vn 0.6182 0.6004 -0.5073
vn 0.6936 0.6738 -0.2547
vn 0.3828 0.8881 -0.2546
vn 0.3964 0.9181 0.0006
vn 0.3416 0.7910 -0.5075
vn 0.0142 0.9668 -0.2550
vn 0.0126 0.8617 -0.5073
vn -0.3688 0.9295 -0.0004
vn -0.3181 0.8009 -0.5073
vn -0.3569 0.8987 -0.2550
vn -0.6004 0.6179 -0.5077
vn -0.6737 0.6937 -0.2550
vn -0.8878 0.3834 -0.2546
vn -0.7910 0.3414 -0.5077
vn -0.9668 0.0142 -0.2550
vn -0.8617 0.0131 -0.5073
vn -0.9294 -0.3690 -0.0003
vn -0.8007 -0.3182 -0.5077
vn -0.8986 -0.3573 -0.2546
vn -0.6939 -0.6736 -0.2545
vn -0.0000 -0.0000 -1.0000
vn -0.0000 -0.0000 1.0000
vt 0.000000 0.000000
s 1
f 1688/88/1015 1689/88/1016 1690/88/1017
f 1691/88/1018 1690/88/1017 1689/88/1016
f 1688/88/1015 1690/88/1017 1692/88/1015
f 1690/88/1017 1691/88/1018 1693/88/1018
f 1694/88/1019 1688/88/1015 1692/88/1015
f 1695/88/1020 1693/88/1018 1691/88/1018
f 1688/88/1015 1694/88/1019 1696/88/1019
f 1695/88/1020 1691/88/1018 1697/88/1021
f 1694/88/1019 1698/88/1022 1696/88/1019
f 1697/88/1021 1699/88/1023 1695/88/1020
f 1698/88/1022 1694/88/1019 1700/88/1022
f 1699/88/1023 1697/88/1021 1701/88/1023
f 1700/88/1022 1702/88/1024 1698/88/1022
f 1703/88/1025 1699/88/1023 1701/88/1023
f 1702/88/1024 1700/88/1022 1704/88/1026
f 1699/88/1023 1703/88/1025 1705/88/1025
f 1706/88/1027 1702/88/1024 1704/88/1026
f 1707/88/1028 1705/88/1025 1703/88/1025
f 1702/88/1024 1706/88/1027 1708/88/1029
f 1705/88/1025 1707/88/1028 1709/88/1028
f 1710/88/1030 1708/88/1029 1706/88/1027
f 1711/88/1031 1709/88/1028 1707/88/1028
f 1708/88/1029 1710/88/1030 1712/88/1030
f 1707/88/1028 1713/88/1031 1711/88/1031
f 1714/88/1032 1712/88/1030 1710/88/1030
f 1715/88/1033 1711/88/1031 1713/88/1031
f 1714/88/1032 1710/88/1030 1716/88/1032
f 1711/88/1031 1715/88/1033 1717/88/1033
f 1716/88/1032 1718/88/1034 1714/88/1032
f 1715/88/1033 1719/88/1035 1717/88/1033
f 1718/88/1034 1716/88/1032 1719/88/1035
f 1719/88/1035 1715/88/1033 1718/88/1034
f 1720/88/1036 1721/88/1037 1722/88/1038
f 1721/88/1037 1720/88/1036 1723/88/1039
f 1722/88/1038 1724/88/1040 1720/88/1036
f 1723/88/1039 1725/88/1041 1721/88/1037
f 1724/88/1040 1722/88/1038 1726/88/1042
f 1725/88/1041 1723/88/1039 1727/88/1041
f 1726/88/1042 1728/88/1043 1724/88/1040
f 1727/88/1041 1729/88/1044 1725/88/1041
f 1724/88/1040 1728/88/1043 1730/88/1043
f 1729/88/1044 1727/88/1041 1731/88/1044
f 1732/88/1045 1730/88/1043 1728/88/1043
f 1733/88/1046 1729/88/1044 1731/88/1044
f 1730/88/1043 1732/88/1045 1734/88/1047
f 1735/88/1046 1729/88/1044 1733/88/1046
f 1732/88/1045 1736/88/1048 1734/88/1047
f 1733/88/1046 1737/88/1049 1735/88/1046
f 1736/88/1048 1732/88/1045 1738/88/1050
f 1737/88/1049 1733/88/1046 1739/88/1051
f 1738/88/1050 1740/88/1052 1736/88/1048
f 1739/88/1051 1741/88/1053 1737/88/1049
f 1740/88/1052 1738/88/1050 1742/88/1054
f 1741/88/1053 1739/88/1051 1743/88/1053
f 1742/88/1054 1744/88/1055 1740/88/1052
f 1743/88/1053 1745/88/1056 1741/88/1053
f 1740/88/1052 1744/88/1055 1746/88/1055
f 1741/88/1053 1745/88/1056 1747/88/1056
f 1744/88/1055 1748/88/1057 1746/88/1055
f 1749/88/1058 1747/88/1056 1745/88/1056
f 1746/88/1055 1748/88/1057 1750/88/1057
f 1747/88/1056 1749/88/1058 1751/88/1058
f 1751/88/1058 1750/88/1057 1748/88/1057
f 1750/88/1057 1751/88/1058 1749/88/1058
f 1752/88/1059 1753/88/1060 1754/88/1059
f 1753/88/1060 1752/88/1059 1755/88/1061
f 1754/88/1059 1756/88/1062 1752/88/1059
f 1755/88/1061 1757/88/1063 1753/88/1060
f 1756/88/1062 1754/88/1059 1758/88/1064
f 1757/88/1063 1755/88/1061 1759/88/1065
f 1760/88/1066 1756/88/1062 1758/88/1064
f 1761/88/1067 1757/88/1063 1759/88/1065
f 1762/88/1066 1756/88/1062 1760/88/1066
f 1763/88/1068 1757/88/1063 1761/88/1067
f 1760/88/1066 1764/88/1069 1762/88/1066
f 1761/88/1067 1765/88/1070 1763/88/1068
f 1764/88/1069 1766/88/1071 1762/88/1066
f 1765/88/1070 1761/88/1067 1767/88/1070
f 1768/88/1072 1766/88/1071 1764/88/1069
f 1767/88/1070 1769/88/1073 1765/88/1070
f 1766/88/1071 1768/88/1072 1770/88/1074
f 1769/88/1073 1767/88/1070 1771/88/1075
f 1772/88/1076 1770/88/1074 1768/88/1072
f 1771/88/1075 1773/88/1077 1769/88/1073
f 1770/88/1074 1772/88/1076 1774/88/1078
f 1773/88/1077 1771/88/1075 1775/88/1079
f 1776/88/1080 1774/88/1078 1772/88/1076
f 1777/88/1081 1773/88/1077 1775/88/1079
f 1778/88/1082 1774/88/1078 1776/88/1080
f 1773/88/1077 1777/88/1081 1779/88/1083
f 1776/88/1080 1780/88/1084 1778/88/1082
f 1777/88/1081 1781/88/1085 1779/88/1083
f 1780/88/1084 1776/88/1080 1782/88/1086
f 1781/88/1085 1777/88/1081 1783/88/1085
f 1782/88/1086 1783/88/1085 1780/88/1084
f 1783/88/1085 1782/88/1086 1781/88/1085
f 1784/88/1087 1785/88/1088 1786/88/1089
f 1785/88/1088 1784/88/1087 1787/88/1090
f 1788/88/1091 1786/88/1089 1785/88/1088
f 1789/88/1092 1787/88/1090 1784/88/1087
f 1786/88/1089 1788/88/1091 1790/88/1093
f 1787/88/1090 1789/88/1092 1791/88/1094
f 1788/88/1091 1792/88/1095 1790/88/1093
f 1793/88/1096 1791/88/1094 1789/88/1092
f 1788/88/1091 1794/88/1095 1792/88/1095
f 1789/88/1092 1795/88/1097 1793/88/1096
f 1794/88/1095 1796/88/1098 1792/88/1095
f 1797/88/1099 1793/88/1096 1795/88/1097
f 1794/88/1095 1798/88/1098 1796/88/1098
f 1793/88/1096 1797/88/1099 1799/88/1100
f 1800/88/1101 1796/88/1098 1798/88/1098
f 1801/88/1102 1799/88/1100 1797/88/1099
f 1796/88/1098 1800/88/1101 1802/88/1101
f 1801/88/1102 1797/88/1099 1803/88/1103
f 1800/88/1101 1804/88/1104 1802/88/1101
f 1805/88/1105 1801/88/1102 1803/88/1103
f 1804/88/1104 1800/88/1101 1806/88/1106
f 1801/88/1102 1805/88/1105 1807/88/1107
f 1806/88/1106 1808/88/1108 1804/88/1104
f 1805/88/1105 1809/88/1109 1807/88/1107
f 1808/88/1108 1806/88/1106 1810/88/1108
f 1805/88/1105 1811/88/1109 1809/88/1109
f 1810/88/1108 1812/88/1110 1808/88/1108
f 1813/88/1111 1809/88/1109 1811/88/1109
f 1810/88/1108 1814/88/1112 1812/88/1110
f 1811/88/1109 1815/88/1111 1813/88/1111
f 1814/88/1112 1815/88/1111 1812/88/1110
f 1814/88/1112 1813/88/1111 1815/88/1111
f 1816/88/1113 1817/88/1114 1818/88/1113
f 1817/88/1114 1816/88/1113 1819/88/1115
f 1818/88/1113 1820/88/1116 1816/88/1113
f 1819/88/1115 1821/88/1117 1817/88/1114
f 1820/88/1116 1818/88/1113 1822/88/1118
f 1819/88/1115 1823/88/1117 1821/88/1117
f 1824/88/1119 1820/88/1116 1822/88/1118
f 1825/88/1120 1821/88/1117 1823/88/1117
f 1820/88/1116 1824/88/1119 1826/88/1121
f 1821/88/1117 1825/88/1120 1827/88/1122
f 1826/88/1121 1824/88/1119 1828/88/1123
f 1829/88/1124 1827/88/1122 1825/88/1120
f 1824/88/1119 1830/88/1123 1828/88/1123
f 1827/88/1122 1829/88/1124 1831/88/1124
f 1832/88/1125 1828/88/1123 1830/88/1123
f 1829/88/1124 1833/88/1126 1831/88/1124
f 1828/88/1123 1832/88/1125 1834/88/1125
f 1833/88/1126 1829/88/1124 1835/88/1127
f 1832/88/1125 1836/88/1128 1834/88/1125
f 1835/88/1127 1837/88/1129 1833/88/1126
f 1836/88/1128 1832/88/1125 1838/88/1128
f 1837/88/1129 1835/88/1127 1839/88/1130
f 1840/88/1131 1836/88/1128 1838/88/1128
f 1841/88/1132 1837/88/1129 1839/88/1130
f 1836/88/1128 1840/88/1131 1842/88/1131
f 1837/88/1129 1841/88/1132 1843/88/1132
f 1840/88/1131 1844/88/1133 1842/88/1131
f 1841/88/1132 1845/88/1134 1843/88/1132
f 1846/88/1133 1844/88/1133 1840/88/1131
f 1845/88/1134 1844/88/1133 1846/88/1133
f 1847/88/1135 1845/88/1134 1841/88/1132
f 1844/88/1133 1845/88/1134 1847/88/1135
f 1848/88/1136 1849/88/1137 1850/88/1138
f 1848/88/1136 1850/88/1138 1851/88/1138
f 1852/88/1139 1849/88/1137 1848/88/1136
f 1850/88/1138 1853/88/1140 1851/88/1138
f 1852/88/1139 1854/88/1141 1849/88/1137
f 1853/88/1140 1850/88/1138 1855/88/1142
f 1852/88/1139 1856/88/1143 1854/88/1141
f 1855/88/1142 1857/88/1144 1853/88/1140
f 1856/88/1143 1852/88/1139 1858/88/1145
f 1857/88/1144 1855/88/1142 1859/88/1146
f 1858/88/1145 1860/88/1147 1856/88/1143
f 1861/88/1148 1857/88/1144 1859/88/1146
f 1860/88/1147 1858/88/1145 1862/88/1147
f 1861/88/1148 1863/88/1148 1857/88/1144
f 1864/88/1149 1860/88/1147 1862/88/1147
f 1861/88/1148 1865/88/1150 1863/88/1148
f 1860/88/1147 1864/88/1149 1866/88/1151
f 1865/88/1150 1861/88/1148 1867/88/1150
f 1868/88/1152 1866/88/1151 1864/88/1149
f 1865/88/1150 1867/88/1150 1869/88/1153
f 1870/88/1152 1866/88/1151 1868/88/1152
f 1865/88/1150 1869/88/1153 1871/88/1153
f 1868/88/1152 1872/88/1154 1870/88/1152
f 1869/88/1153 1873/88/1155 1871/88/1153
f 1872/88/1154 1868/88/1152 1874/88/1154
f 1871/88/1153 1873/88/1155 1875/88/1156
f 1872/88/1154 1874/88/1154 1876/88/1157
f 1873/88/1155 1877/88/1158 1875/88/1156
f 1876/88/1157 1878/88/1159 1872/88/1154
f 1877/88/1158 1873/88/1155 1879/88/1158
f 1876/88/1157 1879/88/1158 1878/88/1159
f 1879/88/1158 1876/88/1157 1877/88/1158
f 1880/88/1160 1881/88/1161 1882/88/1160
f 1880/88/1160 1882/88/1160 1883/88/1162
f 1881/88/1161 1880/88/1160 1884/88/1161
f 1883/88/1162 1885/88/1163 1880/88/1160
f 1886/88/1164 1881/88/1161 1884/88/1161
f 1883/88/1162 1887/88/1165 1885/88/1163
f 1881/88/1161 1886/88/1164 1888/88/1164
f 1887/88/1165 1883/88/1162 1889/88/1166
f 1886/88/1164 1890/88/1167 1888/88/1164
f 1889/88/1166 1891/88/1168 1887/88/1165
f 1890/88/1167 1886/88/1164 1892/88/1169
f 1887/88/1165 1891/88/1168 1893/88/1170
f 1894/88/1171 1890/88/1167 1892/88/1169
f 1895/88/1172 1893/88/1170 1891/88/1168
f 1894/88/1171 1896/88/1173 1890/88/1167
f 1893/88/1170 1895/88/1172 1897/88/1172
f 1894/88/1171 1898/88/1174 1896/88/1173
f 1895/88/1172 1899/88/1175 1897/88/1172
f 1898/88/1174 1894/88/1171 1900/88/1176
f 1899/88/1175 1895/88/1172 1901/88/1177
f 1898/88/1174 1900/88/1176 1902/88/1178
f 1903/88/1179 1899/88/1175 1901/88/1177
f 1898/88/1174 1902/88/1178 1904/88/1180
f 1903/88/1179 1905/88/1179 1899/88/1175
f 1902/88/1178 1906/88/1181 1904/88/1180
f 1903/88/1179 1907/88/1182 1905/88/1179
f 1906/88/1181 1902/88/1178 1908/88/1181
f 1907/88/1182 1903/88/1179 1909/88/1182
f 1910/88/1183 1906/88/1181 1908/88/1181
f 1909/88/1182 1910/88/1183 1907/88/1182
f 1906/88/1181 1910/88/1183 1911/88/1183
f 1910/88/1183 1909/88/1182 1911/88/1183
f 1912/88/1184 1913/88/1185 1914/88/1186
f 1914/88/1186 1913/88/1185 1915/88/1187
f 1913/88/1185 1912/88/1184 1916/88/1184
f 1915/88/1187 1913/88/1185 1917/88/1188
f 1916/88/1184 1912/88/1184 1918/88/1189
f 1919/88/1190 1915/88/1187 1917/88/1188
f 1918/88/1189 1912/88/1184 1920/88/1189
f 1915/88/1187 1919/88/1190 1921/88/1190
f 1922/88/1191 1918/88/1189 1920/88/1189
f 1919/88/1190 1923/88/1192 1921/88/1190
f 1922/88/1191 1920/88/1189 1924/88/1193
f 1923/88/1192 1919/88/1190 1925/88/1192
f 1924/88/1193 1926/88/1194 1922/88/1191
f 1927/88/1195 1923/88/1192 1925/88/1192
f 1926/88/1194 1924/88/1193 1928/88/1196
f 1923/88/1192 1927/88/1195 1929/88/1195
f 1928/88/1196 1930/88/1197 1926/88/1194
f 1931/88/1198 1929/88/1195 1927/88/1195
f 1930/88/1197 1928/88/1196 1932/88/1197
f 1933/88/1198 1931/88/1198 1927/88/1195
f 1934/88/1199 1930/88/1197 1932/88/1197
f 1935/88/1200 1931/88/1198 1933/88/1198
f 1930/88/1197 1934/88/1199 1936/88/1201
f 1931/88/1198 1935/88/1200 1937/88/1200
f 1936/88/1201 1934/88/1199 1938/88/1202
f 1939/88/1203 1937/88/1200 1935/88/1200
f 1934/88/1199 1940/88/1204 1938/88/1202
f 1937/88/1200 1939/88/1203 1941/88/1205
f 1942/88/1206 1938/88/1202 1940/88/1204
f 1943/88/1206 1941/88/1205 1939/88/1203
f 1938/88/1202 1942/88/1206 1943/88/1206
f 1941/88/1205 1943/88/1206 1942/88/1206
f 1944/88/1207 1945/88/1208 1946/88/1209
f 1946/88/1209 1945/88/1208 1947/88/1210
f 1945/88/1208 1944/88/1207 1948/88/1207
f 1947/88/1210 1945/88/1208 1949/88/1210
f 1950/88/1211 1948/88/1207 1944/88/1207
f 1947/88/1210 1949/88/1210 1951/88/1212
f 1948/88/1207 1950/88/1211 1952/88/1213
f 1951/88/1212 1949/88/1210 1953/88/1214
f 1950/88/1211 1954/88/1215 1952/88/1213
f 1955/88/1216 1951/88/1212 1953/88/1214
f 1956/88/1215 1954/88/1215 1950/88/1211
f 1951/88/1212 1955/88/1216 1957/88/1217
f 1956/88/1215 1958/88/1218 1954/88/1215
f 1959/88/1219 1957/88/1217 1955/88/1216
f 1960/88/1218 1958/88/1218 1956/88/1215
f 1957/88/1217 1959/88/1219 1961/88/1220
f 1962/88/1221 1958/88/1218 1960/88/1218
f 1961/88/1220 1959/88/1219 1963/88/1222
f 1958/88/1218 1962/88/1221 1964/88/1221
f 1963/88/1222 1959/88/1219 1965/88/1223
f 1966/88/1224 1964/88/1221 1962/88/1221
f 1963/88/1222 1965/88/1223 1967/88/1225
f 1964/88/1221 1966/88/1224 1968/88/1226
f 1967/88/1225 1965/88/1223 1969/88/1227
f 1966/88/1224 1970/88/1228 1968/88/1226
f 1971/88/1229 1967/88/1225 1969/88/1227
f 1972/88/1228 1970/88/1228 1966/88/1224
f 1967/88/1225 1971/88/1229 1973/88/1230
f 1972/88/1228 1974/88/1231 1970/88/1228
f 1974/88/1231 1973/88/1230 1971/88/1229
f 1975/88/1231 1974/88/1231 1972/88/1228
f 1973/88/1230 1974/88/1231 1975/88/1231
f 1976/88/1232 1977/88/1233 1978/88/1232
f 1977/88/1233 1976/88/1232 1979/88/1234
f 1978/88/1232 1980/88/1235 1976/88/1232
f 1981/88/1236 1977/88/1233 1979/88/1234
f 1980/88/1235 1978/88/1232 1982/88/1237
f 1977/88/1233 1981/88/1236 1983/88/1238
f 1984/88/1239 1980/88/1235 1982/88/1237
f 1985/88/1240 1983/88/1238 1981/88/1236
f 1980/88/1235 1984/88/1239 1986/88/1239
f 1983/88/1238 1985/88/1240 1987/88/1241
f 1988/88/1242 1986/88/1239 1984/88/1239
f 1985/88/1240 1989/88/1243 1987/88/1241
f 1986/88/1239 1988/88/1242 1990/88/1242
f 1989/88/1243 1985/88/1240 1991/88/1243
f 1988/88/1242 1992/88/1244 1990/88/1242
f 1991/88/1243 1993/88/1245 1989/88/1243
f 1992/88/1244 1988/88/1242 1994/88/1246
f 1993/88/1245 1991/88/1243 1995/88/1245
f 1994/88/1246 1996/88/1247 1992/88/1244
f 1997/88/1248 1993/88/1245 1995/88/1245
f 1996/88/1247 1994/88/1246 1998/88/1249
f 1993/88/1245 1997/88/1248 1999/88/1248
f 2000/88/1250 1996/88/1247 1998/88/1249
f 2001/88/1251 1999/88/1248 1997/88/1248
f 1996/88/1247 2000/88/1250 2002/88/1250
f 1999/88/1248 2001/88/1251 2003/88/1251
f 2004/88/1252 2002/88/1250 2000/88/1250
f 2001/88/1251 2005/88/1253 2003/88/1251
f 2002/88/1250 2004/88/1252 2006/88/1254
f 2005/88/1253 2001/88/1251 2007/88/1253
f 2004/88/1252 2007/88/1253 2006/88/1254
f 2007/88/1253 2004/88/1252 2005/88/1253
f 2008/88/1255 2009/88/1256 2010/88/1257
f 2008/88/1255 2010/88/1257 2011/88/1258
f 2009/88/1256 2008/88/1255 2012/88/1256
f 2011/88/1258 2013/88/1258 2008/88/1255
f 2012/88/1256 2014/88/1259 2009/88/1256
f 2011/88/1258 2015/88/1260 2013/88/1258
f 2014/88/1259 2012/88/1256 2016/88/1261
f 2015/88/1260 2017/88/1262 2013/88/1258
f 2014/88/1259 2016/88/1261 2018/88/1263
f 2015/88/1260 2019/88/1264 2017/88/1262
f 2020/88/1265 2014/88/1259 2018/88/1263
f 2019/88/1264 2015/88/1260 2021/88/1266
f 2020/88/1265 2018/88/1263 2022/88/1267
f 2021/88/1266 2023/88/1268 2019/88/1264
f 2022/88/1267 2024/88/1269 2020/88/1265
f 2023/88/1268 2021/88/1266 2025/88/1270
f 2022/88/1267 2026/88/1271 2024/88/1269
f 2023/88/1268 2025/88/1270 2027/88/1272
f 2026/88/1271 2022/88/1267 2028/88/1273
f 2027/88/1272 2029/88/1272 2023/88/1268
f 2028/88/1273 2030/88/1274 2026/88/1271
f 2027/88/1272 2031/88/1275 2029/88/1272
f 2030/88/1274 2028/88/1273 2032/88/1274
f 2031/88/1275 2033/88/1275 2029/88/1272
f 2030/88/1274 2032/88/1274 2034/88/1276
f 2031/88/1275 2035/88/1277 2033/88/1275
f 2036/88/1278 2030/88/1274 2034/88/1276
f 2035/88/1277 2031/88/1275 2037/88/1279
f 2036/88/1278 2034/88/1276 2038/88/1280
f 2037/88/1279 2038/88/1280 2035/88/1277
f 2038/88/1280 2039/88/1281 2036/88/1278
f 2038/88/1280 2037/88/1279 2039/88/1281
f 2040/88/1282 2041/88/1283 2042/88/1283
f 2041/88/1283 2040/88/1282 2043/88/1282
f 2044/88/1284 2042/88/1283 2041/88/1283
f 2045/88/1285 2043/88/1282 2040/88/1282
f 2042/88/1283 2044/88/1284 2046/88/1286
f 2047/88/1285 2045/88/1285 2040/88/1282
f 2048/88/1287 2046/88/1286 2044/88/1284
f 2049/88/1288 2045/88/1285 2047/88/1285
f 2044/88/1284 2050/88/1287 2048/88/1287
f 2047/88/1285 2051/88/1288 2049/88/1288
f 2048/88/1287 2050/88/1287 2052/88/1289
f 2053/88/1290 2049/88/1288 2051/88/1288
f 2050/88/1287 2054/88/1289 2052/88/1289
f 2049/88/1288 2053/88/1290 2055/88/1291
f 2056/88/1292 2052/88/1289 2054/88/1289
f 2057/88/1293 2055/88/1291 2053/88/1290
f 2052/88/1289 2056/88/1292 2058/88/1294
f 2055/88/1291 2057/88/1293 2059/88/1295
f 2060/88/1296 2058/88/1294 2056/88/1292
f 2061/88/1297 2059/88/1295 2057/88/1293
f 2058/88/1294 2060/88/1296 2062/88/1298
f 2063/88/1297 2061/88/1297 2057/88/1293
f 2064/88/1299 2062/88/1298 2060/88/1296
f 2065/88/1300 2061/88/1297 2063/88/1297
f 2060/88/1296 2066/88/1299 2064/88/1299
f 2063/88/1297 2067/88/1300 2065/88/1300
f 2064/88/1299 2066/88/1299 2068/88/1301
f 2069/88/1302 2065/88/1300 2067/88/1300
f 2066/88/1299 2070/88/1301 2068/88/1301
f 2065/88/1300 2069/88/1302 2071/88/1303
f 2071/88/1303 2068/88/1301 2070/88/1301
f 2068/88/1301 2071/88/1303 2069/88/1302
f 2072/88/1304 2073/88/1304 2074/88/1305
f 2072/88/1304 2075/88/1304 2073/88/1304
f 2076/88/1306 2075/88/1304 2072/88/1304
f 2075/88/1304 2076/88/1306 2077/88/1304
f 2078/88/1304 2076/88/1306 2079/88/1304
f 2076/88/1306 2078/88/1304 2080/88/1304
f 2081/88/1306 2076/88/1306 2080/88/1304
f 2077/88/1304 2076/88/1306 2081/88/1306
f 2082/88/1304 2081/88/1306 2080/88/1304
f 2083/88/1304 2081/88/1306 2082/88/1304
f 2081/88/1306 2083/88/1304 2084/88/1304
f 2085/88/1304 2077/88/1304 2081/88/1306
f 2077/88/1304 2085/88/1304 2086/88/1304
f 2086/88/1304 2085/88/1304 2087/88/1304
f 2088/88/1307 2089/88/1308 2090/88/1308
f 2091/88/1307 2089/88/1308 2092/88/1307
f 2093/88/1307 2089/88/1308 2091/88/1307
f 2094/88/1307 2089/88/1308 2093/88/1307
f 2089/88/1308 2094/88/1307 2090/88/1308
f 2090/88/1308 2094/88/1307 2095/88/1307
f 2090/88/1308 2095/88/1307 2096/88/1309
f 2089/88/1308 2088/88/1307 2097/88/1307
f 2098/88/1307 2097/88/1307 2088/88/1307
f 2097/88/1307 2098/88/1307 2099/88/1309
f 2088/88/1307 2090/88/1308 2100/88/1307
f 2101/88/1307 2100/88/1307 2090/88/1308
f 2100/88/1307 2101/88/1307 2102/88/1307
f 2102/88/1307 2101/88/1307 2103/88/1307
f 2104/88/1304 2105/88/1304 2106/88/1306
f 2104/88/1304 2106/88/1306 2107/88/1305
f 2105/88/1304 2104/88/1304 2108/88/1304
f 2108/88/1304 2104/88/1304 2109/88/1304
f 2110/88/1306 2106/88/1306 2105/88/1304
f 2110/88/1306 2105/88/1304 2111/88/1304
f 2106/88/1306 2110/88/1306 2112/88/1306
f 2106/88/1306 2112/88/1306 2113/88/1304
f 2113/88/1304 2112/88/1306 2114/88/1304
f 2110/88/1306 2115/88/1304 2112/88/1306
f 2115/88/1304 2110/88/1306 2116/88/1304
f 2115/88/1304 2116/88/1304 2117/88/1304
f 2112/88/1306 2115/88/1304 2118/88/1304
f 2112/88/1306 2118/88/1304 2119/88/1305
f 2120/88/1308 2121/88/1307 2122/88/1308
f 2120/88/1308 2122/88/1308 2123/88/1307
f 2124/88/1307 2122/88/1308 2121/88/1307
f 2121/88/1307 2120/88/1308 2125/88/1307
f 2121/88/1307 2125/88/1307 2126/88/1307
f 2126/88/1307 2125/88/1307 2127/88/1309
f 2120/88/1308 2128/88/1307 2125/88/1307
f 2128/88/1307 2120/88/1308 2129/88/1307
f 2129/88/1307 2120/88/1308 2130/88/1307
f 2131/88/1308 2122/88/1308 2124/88/1307
f 2122/88/1308 2131/88/1308 2132/88/1307
f 2133/88/1307 2131/88/1308 2124/88/1307
f 2131/88/1308 2133/88/1307 2134/88/1307
f 2131/88/1308 2134/88/1307 2135/88/1309
f 2136/88/1310 2137/88/1311 2138/88/1312
f 2136/88/1310 2138/88/1312 2139/88/1313
f 2137/88/1311 2140/88/1314 2138/88/1312
f 2136/88/1310 2139/88/1313 2141/88/1315
f 2141/88/1315 2139/88/1313 2142/88/1316
f 2143/88/1317 2136/88/1310 2141/88/1315
f 2144/88/1318 2136/88/1310 2143/88/1317
f 2144/88/1318 2137/88/1311 2136/88/1310
f 2145/88/1319 2137/88/1311 2144/88/1318
f 2146/88/1320 2137/88/1311 2145/88/1319
f 2141/88/1315 2142/88/1316 2147/88/1321
f 2147/88/1321 2143/88/1317 2141/88/1315
f 2147/88/1321 2142/88/1316 2148/88/1322
f 2143/88/1317 2147/88/1321 2149/88/1323
f 2150/88/1324 2147/88/1321 2148/88/1322
f 2150/88/1324 2149/88/1323 2147/88/1321
f 2149/88/1323 2150/88/1324 2151/88/1325
f 2150/88/1324 2148/88/1322 2152/88/1326
f 2151/88/1325 2150/88/1324 2153/88/1327
f 2154/88/1328 2150/88/1324 2152/88/1326
f 2153/88/1327 2150/88/1324 2154/88/1328
f 2154/88/1328 2152/88/1326 2155/88/1329
f 2153/88/1327 2154/88/1328 2156/88/1330
f 2154/88/1328 2155/88/1329 2157/88/1331
f 2156/88/1330 2154/88/1328 2157/88/1331
f 2157/88/1331 2155/88/1329 2158/88/1332
f 2159/88/1333 2156/88/1330 2157/88/1331
f 2157/88/1331 2158/88/1332 2159/88/1333
f 2156/88/1330 2159/88/1333 2160/88/1334
f 2159/88/1333 2158/88/1332 2161/88/1335
f 2162/88/1336 2160/88/1334 2159/88/1333
f 2162/88/1336 2159/88/1333 2161/88/1335
f 2160/88/1334 2162/88/1336 2163/88/1337
f 2162/88/1336 2161/88/1335 2164/88/1338
f 2163/88/1337 2162/88/1336 2165/88/1339
f 2166/88/1340 2162/88/1336 2164/88/1338
f 2165/88/1339 2162/88/1336 2166/88/1340
f 2166/88/1340 2164/88/1338 2167/88/1341
f 2165/88/1339 2166/88/1340 2168/88/1342
f 2166/88/1340 2167/88/1341 2169/88/1343
f 2168/88/1342 2166/88/1340 2169/88/1343
f 2169/88/1343 2167/88/1341 2170/88/1344
f 2171/88/1345 2168/88/1342 2169/88/1343
f 2169/88/1343 2170/88/1344 2171/88/1345
f 2168/88/1342 2171/88/1345 2172/88/1346
f 2171/88/1345 2170/88/1344 2173/88/1347
f 2174/88/1348 2172/88/1346 2171/88/1345
f 2174/88/1348 2171/88/1345 2173/88/1347
f 2172/88/1346 2174/88/1348 2175/88/1349
f 2174/88/1348 2173/88/1347 2176/88/1350
f 2175/88/1349 2174/88/1348 2177/88/1351
f 2178/88/1352 2174/88/1348 2176/88/1350
f 2177/88/1351 2174/88/1348 2178/88/1352
f 2178/88/1352 2176/88/1350 2179/88/1353
f 2177/88/1351 2178/88/1352 2180/88/1354
f 2178/88/1352 2179/88/1353 2181/88/1355
f 2180/88/1354 2178/88/1352 2181/88/1355
f 2181/88/1355 2179/88/1353 2182/88/1356
f 2183/88/1357 2180/88/1354 2181/88/1355
f 2181/88/1355 2182/88/1356 2183/88/1357
f 2180/88/1354 2183/88/1357 2146/88/1320
f 2183/88/1357 2182/88/1356 2140/88/1314
f 2137/88/1311 2146/88/1320 2183/88/1357
f 2137/88/1311 2183/88/1357 2140/88/1314
f 2184/88/1358 2185/88/1359 2186/88/1360
f 2184/88/1358 2186/88/1360 2187/88/1361
f 2187/88/1361 2188/88/1362 2184/88/1358
f 2185/88/1359 2184/88/1358 2189/88/1363
f 2186/88/1360 2190/88/1364 2187/88/1361
f 2190/88/1364 2186/88/1360 2191/88/1365
f 2185/88/1359 2191/88/1365 2186/88/1360
f 2191/88/1365 2185/88/1359 2192/88/1366
f 2185/88/1359 2193/88/1367 2192/88/1366
f 2189/88/1363 2194/88/1368 2185/88/1359
f 2193/88/1367 2185/88/1359 2194/88/1368
f 2194/88/1368 2189/88/1363 2195/88/1369
f 2194/88/1368 2196/88/1370 2193/88/1367
f 2194/88/1368 2195/88/1369 2197/88/1371
f 2197/88/1371 2198/88/1372 2194/88/1368
f 2196/88/1370 2194/88/1368 2198/88/1372
f 2198/88/1372 2197/88/1371 2199/88/1373
f 2200/88/1374 2196/88/1370 2198/88/1372
f 2199/88/1373 2200/88/1374 2198/88/1372
f 2196/88/1370 2200/88/1374 2201/88/1375
f 2199/88/1373 2202/88/1350 2200/88/1374
f 2203/88/1376 2201/88/1375 2200/88/1374
f 2202/88/1350 2203/88/1376 2200/88/1374
f 2201/88/1375 2203/88/1376 2204/88/1377
f 2202/88/1350 2205/88/1347 2203/88/1376
f 2203/88/1376 2206/88/1378 2204/88/1377
f 2205/88/1347 2207/88/1379 2203/88/1376
f 2206/88/1378 2203/88/1376 2207/88/1379
f 2207/88/1379 2205/88/1347 2208/88/1344
f 2207/88/1379 2209/88/1380 2206/88/1378
f 2208/88/1344 2210/88/1381 2207/88/1379
f 2209/88/1380 2207/88/1379 2210/88/1381
f 2208/88/1344 2211/88/1382 2210/88/1381
f 2211/88/1382 2209/88/1380 2210/88/1381
f 2211/88/1382 2208/88/1344 2212/88/1341
f 2209/88/1380 2211/88/1382 2213/88/1383
f 2212/88/1341 2214/88/1338 2211/88/1382
f 2215/88/1384 2213/88/1383 2211/88/1382
f 2214/88/1338 2215/88/1384 2211/88/1382
f 2213/88/1383 2215/88/1384 2216/88/1385
f 2214/88/1338 2217/88/1386 2215/88/1384
f 2215/88/1384 2218/88/1387 2216/88/1385
f 2218/88/1387 2215/88/1384 2219/88/1388
f 2217/88/1386 2219/88/1388 2215/88/1384
f 2219/88/1388 2220/88/1389 2218/88/1387
f 2217/88/1386 2221/88/1390 2219/88/1388
f 2220/88/1389 2219/88/1388 2221/88/1390
f 2221/88/1390 2217/88/1386 2222/88/1391
f 2221/88/1390 2222/88/1391 2223/88/1329
f 2224/88/1392 2220/88/1389 2221/88/1390
f 2223/88/1329 2224/88/1392 2221/88/1390
f 2220/88/1389 2224/88/1392 2225/88/1393
f 2223/88/1329 2226/88/1326 2224/88/1392
f 2227/88/1394 2225/88/1393 2224/88/1392
f 2226/88/1326 2227/88/1394 2224/88/1392
f 2225/88/1393 2227/88/1394 2228/88/1395
f 2226/88/1326 2229/88/1396 2227/88/1394
f 2227/88/1394 2230/88/1397 2228/88/1395
f 2229/88/1396 2231/88/1398 2227/88/1394
f 2230/88/1397 2227/88/1394 2231/88/1398
f 2231/88/1398 2229/88/1396 2188/88/1362
f 2231/88/1398 2190/88/1364 2230/88/1397
f 2188/88/1362 2187/88/1361 2231/88/1398
f 2190/88/1364 2231/88/1398 2187/88/1361
f 2232/88/1399 2233/88/1400 2234/88/1401
f 2234/88/1401 2235/88/1402 2232/88/1399
f 2235/88/1402 2234/88/1401 2236/88/1403
f 2237/88/1404 2235/88/1402 2236/88/1403
f 2235/88/1402 2237/88/1404 2238/88/1405
f 2239/88/1406 2238/88/1405 2237/88/1404
f 2240/88/1407 2235/88/1402 2238/88/1405
f 2238/88/1405 2239/88/1406 2241/88/1408
f 2240/88/1407 2238/88/1405 2241/88/1408
f 2242/88/1409 2241/88/1408 2239/88/1406
f 2235/88/1402 2240/88/1407 2243/88/1410
f 2243/88/1410 2232/88/1399 2235/88/1402
f 2244/88/1411 2240/88/1407 2241/88/1408
f 2232/88/1399 2243/88/1410 2245/88/1412
f 2245/88/1412 2246/88/1413 2232/88/1399
f 2241/88/1408 2242/88/1409 2247/88/1414
f 2244/88/1411 2241/88/1408 2247/88/1414
f 2248/88/1415 2244/88/1411 2247/88/1414
f 2249/88/1416 2247/88/1414 2242/88/1409
f 2247/88/1414 2250/88/1417 2248/88/1415
f 2246/88/1413 2251/88/1418 2232/88/1399
f 2233/88/1400 2232/88/1399 2251/88/1418
f 2246/88/1413 2252/88/1419 2251/88/1418
f 2253/88/1420 2233/88/1400 2251/88/1418
f 2252/88/1419 2253/88/1420 2251/88/1418
f 2233/88/1400 2253/88/1420 2254/88/1421
f 2252/88/1419 2255/88/1422 2253/88/1420
f 2255/88/1422 2254/88/1421 2253/88/1420
f 2255/88/1422 2252/88/1419 2256/88/1423
f 2254/88/1421 2255/88/1422 2257/88/1424
f 2256/88/1423 2258/88/1425 2255/88/1422
f 2258/88/1425 2257/88/1424 2255/88/1422
f 2258/88/1425 2256/88/1423 2259/88/1426
f 2257/88/1424 2258/88/1425 2260/88/1427
f 2259/88/1426 2261/88/1428 2258/88/1425
f 2262/88/1429 2260/88/1427 2258/88/1425
f 2261/88/1428 2262/88/1429 2258/88/1425
f 2260/88/1427 2262/88/1429 2263/88/1430
f 2261/88/1428 2264/88/1431 2262/88/1429
f 2265/88/1432 2263/88/1430 2262/88/1429
f 2264/88/1431 2265/88/1432 2262/88/1429
f 2263/88/1430 2265/88/1432 2266/88/1433
f 2265/88/1432 2267/88/1434 2266/88/1433
f 2264/88/1431 2268/88/1435 2265/88/1432
f 2267/88/1434 2265/88/1432 2268/88/1435
f 2268/88/1435 2264/88/1431 2269/88/1436
f 2268/88/1435 2270/88/1437 2267/88/1434
f 2269/88/1436 2271/88/1438 2268/88/1435
f 2270/88/1437 2268/88/1435 2271/88/1438
f 2271/88/1438 2269/88/1436 2272/88/1439
f 2272/88/1439 2273/88/1440 2271/88/1438
f 2274/88/1441 2270/88/1437 2271/88/1438
f 2273/88/1440 2274/88/1441 2271/88/1438
f 2270/88/1437 2274/88/1441 2275/88/1442
f 2273/88/1440 2276/88/1443 2274/88/1441
f 2277/88/1444 2275/88/1442 2274/88/1441
f 2276/88/1443 2277/88/1444 2274/88/1441
f 2275/88/1442 2277/88/1444 2278/88/1445
f 2276/88/1443 2279/88/1446 2277/88/1444
f 2279/88/1446 2278/88/1445 2277/88/1444
f 2279/88/1446 2276/88/1443 2250/88/1417
f 2278/88/1445 2279/88/1446 2249/88/1416
f 2250/88/1417 2247/88/1414 2279/88/1446
f 2247/88/1414 2249/88/1416 2279/88/1446
f 2280/88/1447 2281/88/1448 2282/88/1449
f 2283/88/1450 2282/88/1449 2281/88/1448
f 2282/88/1449 2283/88/1450 2284/88/1403
f 2284/88/1403 2283/88/1450 2285/88/1451
f 2285/88/1451 2283/88/1450 2286/88/1452
f 2283/88/1450 2287/88/1453 2286/88/1452
f 2288/88/1454 2285/88/1451 2286/88/1452
f 2288/88/1454 2286/88/1452 2287/88/1453
f 2287/88/1453 2283/88/1450 2289/88/1455
f 2281/88/1448 2289/88/1455 2283/88/1450
f 2287/88/1453 2290/88/1456 2288/88/1454
f 2289/88/1455 2281/88/1448 2291/88/1457
f 2285/88/1451 2288/88/1454 2292/88/1406
f 2281/88/1448 2293/88/1458 2291/88/1457
f 2294/88/1459 2288/88/1454 2290/88/1456
f 2294/88/1459 2292/88/1406 2288/88/1454
f 2294/88/1459 2290/88/1456 2295/88/1460
f 2292/88/1406 2294/88/1459 2296/88/1461
f 2297/88/1462 2294/88/1459 2295/88/1460
f 2281/88/1448 2298/88/1463 2293/88/1458
f 2281/88/1448 2280/88/1447 2298/88/1463
f 2299/88/1464 2293/88/1458 2298/88/1463
f 2300/88/1465 2296/88/1461 2294/88/1459
f 2294/88/1459 2297/88/1462 2300/88/1465
f 2296/88/1461 2300/88/1465 2301/88/1466
f 2302/88/1467 2300/88/1465 2297/88/1462
f 2301/88/1466 2300/88/1465 2303/88/1445
f 2300/88/1465 2302/88/1467 2304/88/1468
f 2303/88/1445 2300/88/1465 2304/88/1468
f 2305/88/1469 2304/88/1468 2302/88/1467
f 2305/88/1469 2303/88/1445 2304/88/1468
f 2303/88/1445 2305/88/1469 2306/88/1470
f 2302/88/1467 2307/88/1471 2305/88/1469
f 2306/88/1470 2305/88/1469 2308/88/1437
f 2309/88/1472 2305/88/1469 2307/88/1471
f 2308/88/1437 2305/88/1469 2309/88/1472
f 2309/88/1472 2307/88/1471 2310/88/1473
f 2308/88/1437 2309/88/1472 2311/88/1474
f 2312/88/1475 2309/88/1472 2310/88/1473
f 2309/88/1472 2312/88/1475 2313/88/1476
f 2311/88/1474 2309/88/1472 2313/88/1476
f 2314/88/1477 2313/88/1476 2312/88/1475
f 2315/88/1478 2311/88/1474 2313/88/1476
f 2313/88/1476 2314/88/1477 2315/88/1478
f 2311/88/1474 2315/88/1478 2316/88/1433
f 2316/88/1433 2315/88/1478 2317/88/1430
f 2318/88/1479 2315/88/1478 2314/88/1477
f 2317/88/1430 2315/88/1478 2318/88/1479
f 2314/88/1477 2319/88/1480 2318/88/1479
f 2318/88/1479 2320/88/1427 2317/88/1430
f 2321/88/1481 2318/88/1479 2319/88/1480
f 2320/88/1427 2318/88/1479 2321/88/1481
f 2321/88/1481 2319/88/1480 2322/88/1482
f 2320/88/1427 2321/88/1481 2323/88/1483
f 2324/88/1484 2321/88/1481 2322/88/1482
f 2323/88/1483 2321/88/1481 2325/88/1485
f 2321/88/1481 2324/88/1484 2325/88/1485
f 2323/88/1483 2325/88/1485 2326/88/1421
f 2299/88/1464 2325/88/1485 2324/88/1484
f 2326/88/1421 2325/88/1485 2327/88/1486
f 2325/88/1485 2299/88/1464 2327/88/1486
f 2326/88/1421 2327/88/1486 2280/88/1447
f 2298/88/1463 2327/88/1486 2299/88/1464
f 2280/88/1447 2327/88/1486 2298/88/1463
f 2328/88/1308 2329/88/1307 2330/88/1308
f 2329/88/1307 2328/88/1308 2331/88/1307
f 2331/88/1307 2328/88/1308 2332/88/1307
f 2329/88/1307 2333/88/1307 2330/88/1308
f 2333/88/1307 2329/88/1307 2334/88/1307
f 2335/88/1307 2330/88/1308 2336/88/1307
f 2337/88/1307 2330/88/1308 2335/88/1307
f 2330/88/1308 2338/88/1487 2328/88/1308
f 2338/88/1487 2330/88/1308 2337/88/1307
f 2338/88/1487 2339/88/1307 2328/88/1308
f 2340/88/1307 2338/88/1487 2337/88/1307
f 2338/88/1487 2340/88/1307 2341/88/1307
f 2339/88/1307 2338/88/1487 2342/88/1307
f 2342/88/1307 2338/88/1487 2343/88/1307
f 2344/88/1488 2345/88/1304 2346/88/1304
f 2344/88/1488 2347/88/1304 2345/88/1304
f 2347/88/1304 2348/88/1304 2349/88/1304
f 2348/88/1304 2347/88/1304 2350/88/1488
f 2344/88/1488 2350/88/1488 2347/88/1304
f 2348/88/1304 2350/88/1488 2351/88/1304
f 2351/88/1304 2350/88/1488 2352/88/1304
f 2344/88/1488 2353/88/1304 2350/88/1488
f 2350/88/1488 2353/88/1304 2354/88/1304
f 2350/88/1488 2354/88/1304 2355/88/1304
f 2353/88/1304 2344/88/1488 2356/88/1304
f 2344/88/1488 2357/88/1304 2356/88/1304
f 2356/88/1304 2357/88/1304 2358/88/1304
f 2357/88/1304 2344/88/1488 2359/88/1304
f 2360/88/1308 2361/88/1308 2362/88/1307
f 2360/88/1308 2362/88/1307 2363/88/1307
f 2364/88/1307 2362/88/1307 2361/88/1308
f 2362/88/1307 2364/88/1307 2365/88/1307
f 2364/88/1307 2361/88/1308 2366/88/1307
f 2361/88/1308 2367/88/1307 2368/88/1307
f 2369/88/1308 2367/88/1307 2361/88/1308
f 2361/88/1308 2360/88/1308 2369/88/1308
f 2367/88/1307 2369/88/1308 2370/88/1307
f 2360/88/1308 2371/88/1307 2369/88/1308
f 2371/88/1307 2360/88/1308 2372/88/1307
f 2371/88/1307 2372/88/1307 2373/88/1307
f 2369/88/1308 2371/88/1307 2374/88/1307
f 2369/88/1308 2374/88/1307 2375/88/1307
f 2376/88/1306 2377/88/1304 2378/88/1304
f 2377/88/1304 2376/88/1306 2379/88/1304
f 2379/88/1304 2376/88/1306 2380/88/1304
f 2381/88/1304 2376/88/1306 2378/88/1304
f 2382/88/1306 2376/88/1306 2381/88/1304
f 2382/88/1306 2381/88/1304 2383/88/1304
f 2376/88/1306 2382/88/1306 2384/88/1304
f 2384/88/1304 2382/88/1306 2385/88/1304
f 2385/88/1304 2382/88/1306 2386/88/1304
f 2376/88/1306 2384/88/1304 2387/88/1306
f 2376/88/1306 2387/88/1306 2388/88/1304
f 2387/88/1306 2384/88/1304 2389/88/1304
f 2390/88/1304 2387/88/1306 2389/88/1304
f 2387/88/1306 2390/88/1304 2391/88/1304
o pin
v 0.220323 0.564167 0.051218
v 0.220512 0.532935 0.064153
v 0.220244 0.551230 0.045860
v 0.220323 0.538294 0.051218
v 0.218822 0.551230 0.040454
v 0.218923 0.534457 0.047401
v 0.218923 0.568004 0.047401
v 0.215094 0.551230 0.036536
v 0.219169 0.574952 0.064173
v 0.219169 0.527509 0.064173
v 0.215212 0.570813 0.044646
v 0.220512 0.569525 0.064153
v 0.220701 0.564167 0.077088
v 0.220780 0.551230 0.082446
v 0.220701 0.538294 0.077088
v 0.219516 0.551230 0.087892
v 0.219414 0.568004 0.080945
v 0.215499 0.578924 0.064227
v 0.219414 0.534457 0.080945
v 0.215499 0.523536 0.064227
v 0.210486 0.580378 0.064300
v 0.210185 0.571841 0.043692
v 0.210060 0.551230 0.035155
v 0.215786 0.570813 0.083807
v 0.210788 0.571841 0.084908
v 0.210913 0.551230 0.093445
v 0.215905 0.551230 0.091918
v 0.215786 0.531648 0.083807
v 0.210788 0.530620 0.084908
v 0.210512 0.522082 0.064300
v 0.215212 0.531648 0.044646
v 0.210185 0.530620 0.043692
v 0.207532 0.541383 0.074192
v -0.000118 0.537304 0.067383
v 0.207387 0.537304 0.064345
v -0.000262 0.541383 0.057537
v 0.207243 0.541383 0.054499
v 0.000026 0.541383 0.077230
v 0.207591 0.551230 0.078270
v -0.002481 0.539862 0.067418
v 0.000086 0.551230 0.081308
v 0.207532 0.561078 0.074192
v -0.002363 0.543192 0.075456
v -0.002315 0.551230 0.078785
v -0.002363 0.559269 0.075456
v 0.000026 0.561078 0.077230
v 0.207387 0.565157 0.064345
v -0.000118 0.565157 0.067383
v 0.207243 0.561078 0.054499
v -0.002481 0.562598 0.067418
v -0.000262 0.561078 0.057537
v 0.207184 0.551230 0.050420
v -0.002599 0.559269 0.059380
v -0.002647 0.551230 0.056051
v -0.002599 0.543192 0.059380
v -0.000322 0.551230 0.053459
v 0.210913 0.551230 0.093445
v 0.207532 0.561078 0.074192
v 0.207591 0.551230 0.078270
v 0.207532 0.541383 0.074192
v 0.210788 0.571841 0.084908
v 0.210788 0.530620 0.084908
v 0.210486 0.580378 0.064300
v 0.210512 0.522082 0.064300
v 0.207387 0.565157 0.064345
v 0.207387 0.537304 0.064345
v 0.210185 0.571841 0.043692
v 0.207243 0.541383 0.054499
v 0.207243 0.561078 0.054499
v 0.210185 0.530620 0.043692
v 0.207184 0.551230 0.050420
v 0.210060 0.551230 0.035155
vn 0.9870 0.1061 -0.1206
vn 0.9885 -0.1508 -0.0142
vn 0.9862 0.0004 -0.1655
vn 0.9870 -0.1060 -0.1206
vn 0.8467 0.0003 -0.5321
vn 0.8490 -0.3677 -0.3795
vn 0.8490 0.3677 -0.3795
vn 0.4858 0.0003 -0.8741
vn 0.8544 0.5195 -0.0125
vn 0.8544 -0.5195 -0.0122
vn 0.4897 0.6131 -0.6199
vn 0.9885 0.1509 -0.0140
vn 0.9901 0.1060 0.0924
vn 0.9907 0.0003 0.1363
vn 0.9901 -0.1061 0.0924
vn 0.8620 -0.0000 0.5070
vn 0.8596 0.3676 0.3550
vn 0.4983 0.8670 -0.0073
vn 0.8596 -0.3676 0.3550
vn 0.4985 -0.8668 -0.0072
vn 0.2788 0.9603 -0.0043
vn 0.2686 0.6791 -0.6831
vn 0.2639 -0.0005 -0.9646
vn 0.5073 0.6130 0.6057
vn 0.2884 0.6794 0.6747
vn 0.2924 -0.0005 0.9563
vn 0.5110 -0.0000 0.8596
vn 0.5073 -0.6130 0.6057
vn 0.2885 -0.6789 0.6752
vn 0.2797 -0.9601 -0.0044
vn 0.4896 -0.6131 -0.6200
vn 0.2688 -0.6787 -0.6834
vn 0.0104 -0.7071 0.7070
vn -0.3688 -0.9295 0.0054
vn -0.0000 -1.0000 -0.0000
vn -0.3788 -0.6569 -0.6519
vn -0.0104 -0.7071 -0.7070
vn -0.3592 -0.6572 0.6626
vn 0.0146 -0.0000 0.9999
vn -0.8990 -0.4377 0.0132
vn -0.3554 -0.0003 0.9347
vn 0.0104 0.7071 0.7070
vn -0.8945 -0.3092 0.3228
vn -0.8926 -0.0005 0.4509
vn -0.8945 0.3092 0.3228
vn -0.3592 0.6572 0.6626
vn -0.0000 1.0000 -0.0000
vn -0.3691 0.9294 0.0055
vn -0.0104 0.7071 -0.7070
vn -0.8990 0.4377 0.0132
vn -0.3787 0.6570 -0.6519
vn -0.0145 0.0005 -0.9999
vn -0.9035 0.3095 -0.2963
vn -0.9055 -0.0005 -0.4244
vn -0.9036 -0.3095 -0.2963
vn -0.3827 0.0003 -0.9239
vn -0.9769 0.0004 0.2136
vn -0.9778 0.1412 0.1549
vn -0.9769 0.0005 0.2136
vn -0.9778 -0.1412 0.1549
vn -0.9778 0.1412 0.1551
vn -0.9778 -0.1412 0.1550
vn -0.9798 0.1995 0.0143
vn -0.9796 -0.2007 0.0143
vn -0.9796 -0.2006 0.0143
vn -0.9819 0.1411 -0.1267
vn -0.9819 -0.1413 -0.1265
vn -0.9818 -0.1415 -0.1263
vn -0.9827 0.0005 -0.1850
vt 0.000000 0.000000
s 1
f 2392/89/1489 2393/89/1490 2394/89/1491
f 2394/89/1491 2393/89/1490 2395/89/1492
f 2395/89/1492 2396/89/1493 2394/89/1491
f 2396/89/1493 2392/89/1489 2394/89/1491
f 2396/89/1493 2395/89/1492 2397/89/1494
f 2392/89/1489 2396/89/1493 2398/89/1495
f 2399/89/1496 2398/89/1495 2396/89/1493
f 2397/89/1494 2399/89/1496 2396/89/1493
f 2398/89/1495 2400/89/1497 2392/89/1489
f 2395/89/1492 2401/89/1498 2397/89/1494
f 2401/89/1498 2395/89/1492 2393/89/1490
f 2398/89/1495 2399/89/1496 2402/89/1499
f 2402/89/1499 2400/89/1497 2398/89/1495
f 2393/89/1490 2392/89/1489 2403/89/1500
f 2392/89/1489 2400/89/1497 2403/89/1500
f 2404/89/1501 2393/89/1490 2403/89/1500
f 2400/89/1497 2404/89/1501 2403/89/1500
f 2405/89/1502 2393/89/1490 2404/89/1501
f 2406/89/1503 2401/89/1498 2393/89/1490
f 2393/89/1490 2405/89/1502 2406/89/1503
f 2407/89/1504 2405/89/1502 2404/89/1501
f 2407/89/1504 2406/89/1503 2405/89/1502
f 2404/89/1501 2400/89/1497 2408/89/1505
f 2408/89/1505 2407/89/1504 2404/89/1501
f 2409/89/1506 2408/89/1505 2400/89/1497
f 2400/89/1497 2402/89/1499 2409/89/1506
f 2401/89/1498 2406/89/1503 2410/89/1507
f 2406/89/1503 2407/89/1504 2410/89/1507
f 2410/89/1507 2411/89/1508 2401/89/1498
f 2411/89/1508 2397/89/1494 2401/89/1498
f 2402/89/1499 2412/89/1509 2409/89/1506
f 2412/89/1509 2402/89/1499 2413/89/1510
f 2402/89/1499 2414/89/1511 2413/89/1510
f 2414/89/1511 2402/89/1499 2399/89/1496
f 2412/89/1509 2415/89/1512 2409/89/1506
f 2408/89/1505 2409/89/1506 2415/89/1512
f 2415/89/1512 2412/89/1509 2416/89/1513
f 2417/89/1514 2415/89/1512 2416/89/1513
f 2415/89/1512 2418/89/1515 2408/89/1505
f 2415/89/1512 2417/89/1514 2418/89/1515
f 2418/89/1515 2407/89/1504 2408/89/1505
f 2418/89/1515 2410/89/1507 2407/89/1504
f 2417/89/1514 2419/89/1516 2418/89/1515
f 2410/89/1507 2418/89/1515 2419/89/1516
f 2419/89/1516 2417/89/1514 2420/89/1517
f 2411/89/1508 2410/89/1507 2419/89/1516
f 2421/89/1518 2419/89/1516 2420/89/1517
f 2419/89/1516 2421/89/1518 2411/89/1508
f 2421/89/1518 2422/89/1519 2411/89/1508
f 2397/89/1494 2411/89/1508 2422/89/1519
f 2422/89/1519 2421/89/1518 2423/89/1520
f 2414/89/1511 2422/89/1519 2423/89/1520
f 2399/89/1496 2397/89/1494 2422/89/1519
f 2422/89/1519 2414/89/1511 2399/89/1496
f 2424/89/1521 2425/89/1522 2426/89/1523
f 2427/89/1524 2426/89/1523 2425/89/1522
f 2426/89/1523 2427/89/1524 2428/89/1525
f 2425/89/1522 2424/89/1521 2429/89/1526
f 2430/89/1527 2429/89/1526 2424/89/1521
f 2427/89/1524 2425/89/1522 2431/89/1528
f 2429/89/1526 2431/89/1528 2425/89/1522
f 2429/89/1526 2430/89/1527 2432/89/1529
f 2433/89/1530 2432/89/1529 2430/89/1527
f 2431/89/1528 2429/89/1526 2434/89/1531
f 2432/89/1529 2434/89/1531 2429/89/1526
f 2434/89/1531 2432/89/1529 2435/89/1532
f 2435/89/1532 2431/89/1528 2434/89/1531
f 2436/89/1533 2435/89/1532 2432/89/1529
f 2431/89/1528 2435/89/1532 2436/89/1533
f 2432/89/1529 2433/89/1530 2437/89/1534
f 2432/89/1529 2437/89/1534 2436/89/1533
f 2438/89/1535 2437/89/1534 2433/89/1530
f 2437/89/1534 2438/89/1535 2439/89/1536
f 2440/89/1537 2439/89/1536 2438/89/1535
f 2437/89/1534 2441/89/1538 2436/89/1533
f 2441/89/1538 2437/89/1534 2439/89/1536
f 2439/89/1536 2440/89/1537 2442/89/1539
f 2442/89/1539 2441/89/1538 2439/89/1536
f 2443/89/1540 2442/89/1539 2440/89/1537
f 2444/89/1541 2436/89/1533 2441/89/1538
f 2441/89/1538 2442/89/1539 2444/89/1541
f 2431/89/1528 2436/89/1533 2444/89/1541
f 2445/89/1542 2444/89/1541 2442/89/1539
f 2431/89/1528 2444/89/1541 2446/89/1543
f 2446/89/1543 2444/89/1541 2445/89/1542
f 2427/89/1524 2431/89/1528 2446/89/1543
f 2442/89/1539 2447/89/1544 2445/89/1542
f 2442/89/1539 2443/89/1540 2447/89/1544
f 2447/89/1544 2446/89/1543 2445/89/1542
f 2446/89/1543 2447/89/1544 2427/89/1524
f 2428/89/1525 2447/89/1544 2443/89/1540
f 2447/89/1544 2428/89/1525 2427/89/1524
f 2448/89/1545 2449/89/1546 2450/89/1547
f 2448/89/1545 2450/89/1547 2451/89/1548
f 2449/89/1546 2448/89/1545 2452/89/1549
f 2451/89/1548 2453/89/1550 2448/89/1545
f 2454/89/1551 2449/89/1546 2452/89/1549
f 2451/89/1548 2455/89/1552 2453/89/1550
f 2449/89/1546 2454/89/1551 2456/89/1551
f 2455/89/1552 2451/89/1548 2457/89/1553
f 2456/89/1551 2454/89/1551 2458/89/1554
f 2459/89/1555 2455/89/1552 2457/89/1553
f 2456/89/1551 2458/89/1554 2460/89/1554
f 2461/89/1556 2455/89/1552 2459/89/1555
f 2458/89/1554 2462/89/1557 2460/89/1554
f 2459/89/1555 2463/89/1557 2461/89/1556
f 2462/89/1557 2458/89/1554 2463/89/1557
f 2463/89/1557 2459/89/1555 2462/89/1557
o bolts2
v 0.000319 0.440916 0.096677
v 0.005656 0.435496 0.096677
v 0.008007 0.439496 0.096677
v 0.012988 0.433471 0.096677
v 0.004354 0.443205 0.096677
v 0.013024 0.438111 0.096677
v 0.003046 0.448243 0.096678
v 0.020351 0.435384 0.096677
v -0.001594 0.448279 0.096678
v 0.018062 0.439419 0.096677
v 0.000431 0.455611 0.096678
v 0.021771 0.443072 0.096677
v 0.004431 0.453261 0.096678
v 0.025771 0.440721 0.096677
v 0.005851 0.460949 0.096678
v 0.023157 0.448089 0.096677
v 0.008140 0.456913 0.096678
v 0.027796 0.448053 0.096677
v 0.013178 0.458222 0.096678
v 0.025884 0.455416 0.096678
v 0.013214 0.462861 0.096678
v 0.021848 0.453127 0.096678
v 0.018196 0.456836 0.096678
v 0.020546 0.460836 0.096678
v 0.023157 0.448089 0.032814
v 0.021848 0.453127 0.032814
v 0.025884 0.455416 0.032814
v 0.020546 0.460836 0.032814
v 0.027796 0.448053 0.032814
v 0.018196 0.456836 0.032814
v 0.025771 0.440721 0.032814
v 0.013214 0.462861 0.032814
v 0.021771 0.443072 0.032814
v 0.013178 0.458222 0.032814
v 0.020351 0.435384 0.032814
v 0.005851 0.460949 0.032814
v 0.018062 0.439419 0.032814
v 0.008140 0.456913 0.032814
v 0.013024 0.438111 0.032814
v 0.004431 0.453261 0.032814
v 0.012988 0.433471 0.032814
v 0.000431 0.455611 0.032814
v 0.008007 0.439496 0.032814
v 0.003046 0.448243 0.032814
v 0.005656 0.435496 0.032814
v -0.001594 0.448279 0.032814
v 0.000319 0.440916 0.032814
v 0.004354 0.443205 0.032814
v 0.023157 0.448089 0.096677
v 0.021848 0.453127 0.096678
v 0.020058 0.452112 0.095633
v 0.017153 0.455061 0.095633
v 0.021098 0.448105 0.095633
v 0.018196 0.456836 0.096678
v 0.019996 0.444114 0.095633
v 0.013163 0.456163 0.095633
v 0.021771 0.443072 0.096677
v 0.013178 0.458222 0.096678
v 0.017047 0.441210 0.095633
v 0.009156 0.455123 0.095633
v 0.018062 0.439419 0.096677
v 0.008140 0.456913 0.096678
v 0.013040 0.440169 0.095633
v 0.006206 0.452218 0.095633
v 0.013024 0.438111 0.096677
v 0.004431 0.453261 0.096678
v 0.009049 0.441271 0.095633
v 0.005104 0.448228 0.095633
v 0.008007 0.439496 0.096677
v 0.003046 0.448243 0.096678
v 0.006145 0.444221 0.095633
v 0.004354 0.443205 0.096677
v 0.020058 0.452112 0.033859
v 0.023157 0.448089 0.032814
v 0.021098 0.448105 0.033859
v 0.019996 0.444114 0.033859
v 0.021848 0.453127 0.032814
v 0.021771 0.443072 0.032814
v 0.017153 0.455061 0.033859
v 0.017047 0.441210 0.033859
v 0.018196 0.456836 0.032814
v 0.018062 0.439419 0.032814
v 0.013163 0.456163 0.033859
v 0.013040 0.440169 0.033859
v 0.013178 0.458222 0.032814
v 0.013024 0.438111 0.032814
v 0.009156 0.455123 0.033859
v 0.009049 0.441271 0.033859
v 0.008140 0.456913 0.032814
v 0.008007 0.439496 0.032814
v 0.006206 0.452218 0.033859
v 0.006145 0.444221 0.033859
v 0.004431 0.453261 0.032814
v 0.004354 0.443205 0.032814
v 0.005104 0.448228 0.033859
v 0.003046 0.448243 0.032814
v 0.030438 0.448033 0.094125
v 0.028182 0.456720 0.094125
v 0.025884 0.455416 0.096678
v 0.020546 0.460836 0.096678
v 0.027796 0.448053 0.096677
v 0.021885 0.463114 0.094125
v 0.028049 0.439382 0.094125
v 0.013214 0.462861 0.096678
v 0.025771 0.440721 0.096677
v 0.013234 0.465503 0.094125
v 0.020351 0.435384 0.096677
v 0.004548 0.463247 0.094125
v 0.021655 0.433085 0.094125
v 0.005851 0.460949 0.096678
v 0.012988 0.433471 0.096677
v -0.001847 0.456950 0.094125
v 0.012968 0.430829 0.094125
v 0.000431 0.455611 0.096678
v 0.005656 0.435496 0.096677
v -0.004236 0.448299 0.094125
v 0.004317 0.433218 0.094125
v -0.001594 0.448279 0.096678
v -0.001980 0.439613 0.094125
v 0.000319 0.440916 0.096677
v 0.025884 0.455416 0.032814
v 0.030438 0.448033 0.035366
v 0.027796 0.448053 0.032814
v 0.028182 0.456720 0.035366
v 0.028049 0.439382 0.035366
v 0.020546 0.460836 0.032814
v 0.025771 0.440721 0.032814
v 0.021885 0.463114 0.035366
v 0.020351 0.435384 0.032814
v 0.013214 0.462861 0.032814
v 0.021655 0.433085 0.035366
v 0.013234 0.465503 0.035366
v 0.012988 0.433471 0.032814
v 0.004548 0.463247 0.035366
v 0.012968 0.430829 0.035366
v 0.005851 0.460949 0.032814
v 0.005656 0.435496 0.032814
v -0.001847 0.456950 0.035366
v 0.004317 0.433218 0.035366
v 0.000431 0.455611 0.032814
v -0.001980 0.439613 0.035366
v -0.001594 0.448279 0.032814
v 0.000319 0.440916 0.032814
v -0.004236 0.448299 0.035366
v 0.015828 0.443358 0.037320
v 0.013040 0.440169 0.033859
v 0.013059 0.442638 0.037320
v 0.010301 0.443400 0.037320
v 0.017047 0.441210 0.033859
v 0.009049 0.441271 0.033859
v 0.017867 0.445366 0.037320
v 0.006145 0.444221 0.033859
v 0.019996 0.444114 0.033859
v 0.008293 0.445439 0.037320
v 0.021098 0.448105 0.033859
v 0.005104 0.448228 0.033859
v 0.018629 0.448124 0.037320
v 0.007573 0.448209 0.037320
v 0.017909 0.450893 0.037320
v 0.008335 0.450967 0.037320
v 0.020058 0.452112 0.033859
v 0.006206 0.452218 0.033859
v 0.015902 0.452932 0.037320
v 0.009156 0.455123 0.033859
v 0.017153 0.455061 0.033859
v 0.010374 0.452975 0.037320
v 0.013163 0.456163 0.033859
v 0.013144 0.453694 0.037320
v 0.006145 0.444221 0.095633
v 0.008293 0.445439 0.092172
v 0.005104 0.448228 0.095633
v 0.007573 0.448209 0.092172
v 0.010301 0.443400 0.092172
v 0.008335 0.450967 0.092172
v 0.009049 0.441271 0.095633
v 0.006206 0.452218 0.095633
v 0.013040 0.440169 0.095633
v 0.009156 0.455123 0.095633
v 0.013059 0.442638 0.092172
v 0.010374 0.452975 0.092172
v 0.015828 0.443358 0.092172
v 0.013163 0.456163 0.095633
v 0.017047 0.441210 0.095633
v 0.013144 0.453694 0.092172
v 0.017867 0.445366 0.092172
v 0.015902 0.452932 0.092172
v 0.019996 0.444114 0.095633
v 0.017153 0.455061 0.095633
v 0.021098 0.448105 0.095633
v 0.020058 0.452112 0.095633
v 0.018629 0.448124 0.092172
v 0.017909 0.450893 0.092172
v 0.013059 0.442638 0.092172
v 0.018629 0.448124 0.092172
v 0.017909 0.450893 0.092172
v 0.017867 0.445366 0.092172
v 0.015828 0.443358 0.092172
v 0.013144 0.453694 0.092172
v 0.015902 0.452932 0.092172
v 0.008293 0.445439 0.092172
v 0.010301 0.443400 0.092172
v 0.007573 0.448209 0.092172
v 0.010374 0.452975 0.092172
v 0.008335 0.450967 0.092172
v 0.013059 0.442638 0.037320
v 0.008335 0.450967 0.037320
v 0.013144 0.453694 0.037320
v 0.010374 0.452975 0.037320
v 0.008293 0.445439 0.037320
v 0.007573 0.448209 0.037320
v 0.010301 0.443400 0.037320
v 0.017909 0.450893 0.037320
v 0.015902 0.452932 0.037320
v 0.018629 0.448124 0.037320
v 0.017867 0.445366 0.037320
v 0.015828 0.443358 0.037320
v -0.004236 0.448299 0.094125
v -0.001847 0.456950 0.035366
v -0.004236 0.448299 0.035366
v -0.001847 0.456950 0.094125
v -0.001980 0.439613 0.094125
v 0.004548 0.463247 0.094125
v -0.001980 0.439613 0.035366
v 0.004548 0.463247 0.035366
v 0.004317 0.433218 0.035366
v 0.013234 0.465503 0.094125
v 0.004317 0.433218 0.094125
v 0.013234 0.465503 0.035366
v 0.012968 0.430829 0.035366
v 0.021885 0.463114 0.094125
v 0.012968 0.430829 0.094125
v 0.021885 0.463114 0.035366
v 0.021655 0.433085 0.035366
v 0.028182 0.456720 0.094125
v 0.021655 0.433085 0.094125
v 0.028182 0.456720 0.035366
v 0.028049 0.439382 0.035366
v 0.030438 0.448033 0.094125
v 0.028049 0.439382 0.094125
v 0.030438 0.448033 0.035366
vn -0.0005 -0.0005 1.0000
vn -0.0005 -0.0005 -1.0000
vn -0.4529 0.0034 0.8915
vn -0.3936 -0.2232 0.8918
vn -0.3933 -0.2233 0.8919
vn -0.2292 -0.3901 0.8918
vn -0.3901 0.2292 0.8918
vn -0.0035 -0.4525 0.8918
vn -0.3904 0.2292 0.8917
vn -0.2232 0.3936 0.8918
vn 0.2232 -0.3936 0.8918
vn 0.0035 0.4525 0.8918
vn 0.3901 -0.2292 0.8918
vn 0.2292 0.3901 0.8918
vn 0.4531 -0.0034 0.8915
vn 0.4529 -0.0034 0.8916
vn 0.3936 0.2232 0.8918
vn -0.3933 -0.2233 -0.8919
vn -0.4529 0.0034 -0.8915
vn -0.4528 0.0035 -0.8916
vn -0.3904 0.2292 -0.8917
vn -0.3931 -0.2234 -0.8919
vn -0.2291 -0.3904 -0.8917
vn -0.2232 0.3936 -0.8918
vn -0.2292 -0.3901 -0.8918
vn -0.0035 -0.4525 -0.8918
vn 0.0035 0.4525 -0.8918
vn 0.2232 -0.3936 -0.8918
vn 0.2292 0.3901 -0.8918
vn 0.3901 -0.2292 -0.8918
vn 0.3936 0.2232 -0.8918
vn 0.4530 -0.0034 -0.8915
vn 0.4529 -0.0034 -0.8916
vn 0.6947 -0.0053 0.7193
vn 0.6043 0.3427 0.7193
vn 0.6042 0.3425 0.7195
vn 0.3520 0.5990 0.7193
vn 0.5990 -0.3520 0.7193
vn 0.0053 0.6947 0.7193
vn 0.3427 -0.6043 0.7193
vn -0.3424 0.6042 0.7195
vn -0.3427 0.6043 0.7193
vn -0.0053 -0.6947 0.7193
vn -0.5990 0.3520 0.7193
vn -0.3520 -0.5990 0.7193
vn -0.6947 0.0053 0.7193
vn -0.6042 -0.3424 0.7195
vn -0.6043 -0.3427 0.7193
vn 0.6042 0.3424 -0.7195
vn 0.6947 -0.0053 -0.7193
vn 0.6043 0.3427 -0.7193
vn 0.5990 -0.3520 -0.7193
vn 0.3521 0.5992 -0.7190
vn 0.3520 0.5990 -0.7193
vn 0.3427 -0.6043 -0.7193
vn 0.0053 0.6947 -0.7193
vn 0.3425 -0.6042 -0.7195
vn -0.0053 -0.6947 -0.7193
vn -0.3428 0.6043 -0.7193
vn -0.3427 0.6043 -0.7193
vn -0.3520 -0.5990 -0.7193
vn -0.5990 0.3520 -0.7193
vn -0.6043 -0.3427 -0.7193
vn -0.6947 0.0053 -0.7193
vn -0.4016 0.7081 -0.5808
vn 0.0062 0.8140 -0.5808
vn 0.0065 0.8142 -0.5805
vn 0.4128 0.7018 -0.5806
vn 0.4127 0.7018 -0.5806
vn -0.7018 0.4124 -0.5808
vn 0.7078 0.4020 -0.5808
vn 0.7079 0.4019 -0.5808
vn -0.8142 0.0065 -0.5806
vn 0.8140 -0.0062 -0.5808
vn -0.7081 -0.4016 -0.5808
vn 0.7018 -0.4124 -0.5808
vn -0.7079 -0.4019 -0.5808
vn -0.4127 -0.7018 -0.5807
vn 0.4016 -0.7081 -0.5808
vn -0.4124 -0.7018 -0.5808
vn -0.0062 -0.8140 -0.5808
vn 0.7081 0.4016 0.5808
vn 0.8140 -0.0062 0.5808
vn 0.4127 0.7018 0.5806
vn 0.7018 -0.4124 0.5808
vn 0.4124 0.7018 0.5808
vn 0.0062 0.8140 0.5808
vn 0.4019 -0.7079 0.5808
vn -0.4016 0.7081 0.5808
vn -0.0062 -0.8140 0.5808
vn -0.7018 0.4124 0.5808
vn -0.4124 -0.7018 0.5808
vn -0.4127 -0.7018 0.5807
vn -0.8140 0.0062 0.5808
vn -0.7081 -0.4016 0.5808
vn -0.7079 -0.4019 0.5808
vn -0.0003 -0.0003 1.0000
vn -0.0004 -0.0004 1.0000
vn -0.0003 -0.0003 -1.0000
vn -1.0000 0.0077 -0.0000
vn -0.8622 0.5066 0.0004
vn -0.8622 0.5066 0.0003
vn -0.8701 -0.4929 -0.0005
vn -0.4930 0.8700 0.0004
vn -0.8700 -0.4930 -0.0004
vn -0.4930 0.8700 0.0003
vn -0.5066 -0.8622 -0.0005
vn 0.0074 1.0000 0.0004
vn 0.0074 1.0000 0.0005
vn -0.0073 -1.0000 -0.0005
vn 0.5066 0.8622 0.0005
vn 0.5066 0.8622 0.0004
vn 0.4931 -0.8700 -0.0004
vn 0.8701 0.4929 -0.0005
vn 0.4929 -0.8701 -0.0005
vn 0.8700 0.4930 -0.0004
vn 0.8622 -0.5066 -0.0004
vn 1.0000 -0.0074 -0.0004
vn 0.8622 -0.5065 -0.0005
vt 0.000000 0.000000
s 1
f 2464/90/1558 2465/90/1558 2466/90/1558
f 2467/90/1558 2466/90/1558 2465/90/1558
f 2464/90/1558 2466/90/1558 2468/90/1558
f 2466/90/1558 2467/90/1558 2469/90/1558
f 2470/90/1558 2464/90/1558 2468/90/1558
f 2471/90/1558 2469/90/1558 2467/90/1558
f 2464/90/1558 2470/90/1558 2472/90/1558
f 2469/90/1558 2471/90/1558 2473/90/1558
f 2470/90/1558 2474/90/1558 2472/90/1558
f 2471/90/1558 2475/90/1558 2473/90/1558
f 2470/90/1558 2476/90/1558 2474/90/1558
f 2475/90/1558 2471/90/1558 2477/90/1558
f 2478/90/1558 2474/90/1558 2476/90/1558
f 2477/90/1558 2479/90/1558 2475/90/1558
f 2478/90/1558 2476/90/1558 2480/90/1558
f 2477/90/1558 2481/90/1558 2479/90/1558
f 2482/90/1558 2478/90/1558 2480/90/1558
f 2483/90/1558 2479/90/1558 2481/90/1558
f 2478/90/1558 2482/90/1558 2484/90/1558
f 2479/90/1558 2483/90/1558 2485/90/1558
f 2486/90/1558 2484/90/1558 2482/90/1558
f 2487/90/1558 2485/90/1558 2483/90/1558
f 2484/90/1558 2486/90/1558 2487/90/1558
f 2485/90/1558 2487/90/1558 2486/90/1558
f 2488/90/1559 2489/90/1559 2490/90/1559
f 2491/90/1559 2490/90/1559 2489/90/1559
f 2488/90/1559 2490/90/1559 2492/90/1559
f 2491/90/1559 2489/90/1559 2493/90/1559
f 2494/90/1559 2488/90/1559 2492/90/1559
f 2495/90/1559 2491/90/1559 2493/90/1559
f 2488/90/1559 2494/90/1559 2496/90/1559
f 2495/90/1559 2493/90/1559 2497/90/1559
f 2498/90/1559 2496/90/1559 2494/90/1559
f 2497/90/1559 2499/90/1559 2495/90/1559
f 2496/90/1559 2498/90/1559 2500/90/1559
f 2499/90/1559 2497/90/1559 2501/90/1559
f 2498/90/1559 2502/90/1559 2500/90/1559
f 2503/90/1559 2499/90/1559 2501/90/1559
f 2498/90/1559 2504/90/1559 2502/90/1559
f 2499/90/1559 2503/90/1559 2505/90/1559
f 2506/90/1559 2502/90/1559 2504/90/1559
f 2507/90/1559 2505/90/1559 2503/90/1559
f 2506/90/1559 2504/90/1559 2508/90/1559
f 2505/90/1559 2507/90/1559 2509/90/1559
f 2510/90/1559 2506/90/1559 2508/90/1559
f 2510/90/1559 2509/90/1559 2507/90/1559
f 2506/90/1559 2510/90/1559 2511/90/1559
f 2510/90/1559 2507/90/1559 2511/90/1559
f 2512/90/1560 2513/90/1561 2514/90/1562
f 2515/90/1563 2514/90/1562 2513/90/1561
f 2512/90/1560 2514/90/1562 2516/90/1560
f 2515/90/1563 2513/90/1561 2517/90/1563
f 2518/90/1564 2512/90/1560 2516/90/1560
f 2517/90/1563 2519/90/1565 2515/90/1563
f 2512/90/1560 2518/90/1564 2520/90/1566
f 2519/90/1565 2517/90/1563 2521/90/1565
f 2522/90/1567 2520/90/1566 2518/90/1564
f 2521/90/1565 2523/90/1568 2519/90/1565
f 2520/90/1566 2522/90/1567 2524/90/1567
f 2521/90/1565 2525/90/1568 2523/90/1568
f 2526/90/1569 2524/90/1567 2522/90/1567
f 2525/90/1568 2527/90/1570 2523/90/1568
f 2524/90/1567 2526/90/1569 2528/90/1569
f 2525/90/1568 2529/90/1570 2527/90/1570
f 2530/90/1571 2528/90/1569 2526/90/1569
f 2531/90/1572 2527/90/1570 2529/90/1570
f 2528/90/1569 2530/90/1571 2532/90/1571
f 2531/90/1572 2529/90/1570 2533/90/1573
f 2534/90/1574 2532/90/1571 2530/90/1571
f 2535/90/1574 2531/90/1572 2533/90/1573
f 2532/90/1571 2534/90/1574 2535/90/1574
f 2531/90/1572 2535/90/1574 2534/90/1574
f 2536/90/1575 2537/90/1576 2538/90/1577
f 2539/90/1578 2538/90/1577 2537/90/1576
f 2537/90/1576 2536/90/1575 2540/90/1579
f 2537/90/1576 2541/90/1578 2539/90/1578
f 2542/90/1580 2540/90/1579 2536/90/1575
f 2541/90/1578 2543/90/1581 2539/90/1578
f 2540/90/1579 2542/90/1580 2544/90/1582
f 2541/90/1578 2545/90/1581 2543/90/1581
f 2546/90/1583 2544/90/1582 2542/90/1580
f 2545/90/1581 2547/90/1584 2543/90/1581
f 2544/90/1582 2546/90/1583 2548/90/1583
f 2547/90/1584 2545/90/1581 2549/90/1584
f 2550/90/1585 2548/90/1583 2546/90/1583
f 2549/90/1584 2551/90/1586 2547/90/1584
f 2548/90/1583 2550/90/1585 2552/90/1585
f 2551/90/1586 2549/90/1584 2553/90/1586
f 2554/90/1587 2552/90/1585 2550/90/1585
f 2555/90/1588 2551/90/1586 2553/90/1586
f 2552/90/1585 2554/90/1587 2556/90/1587
f 2553/90/1586 2557/90/1588 2555/90/1588
f 2558/90/1589 2556/90/1587 2554/90/1587
f 2557/90/1588 2558/90/1589 2555/90/1588
f 2556/90/1587 2558/90/1589 2559/90/1590
f 2557/90/1588 2559/90/1590 2558/90/1589
f 2560/90/1591 2561/90/1592 2562/90/1593
f 2563/90/1594 2562/90/1593 2561/90/1592
f 2560/90/1591 2562/90/1593 2564/90/1591
f 2563/90/1594 2561/90/1592 2565/90/1594
f 2566/90/1595 2560/90/1591 2564/90/1591
f 2565/90/1594 2567/90/1596 2563/90/1594
f 2566/90/1595 2564/90/1591 2568/90/1595
f 2567/90/1596 2565/90/1594 2569/90/1596
f 2570/90/1597 2566/90/1595 2568/90/1595
f 2571/90/1598 2567/90/1596 2569/90/1596
f 2566/90/1595 2570/90/1597 2572/90/1597
f 2567/90/1596 2571/90/1598 2573/90/1599
f 2574/90/1600 2572/90/1597 2570/90/1597
f 2575/90/1601 2573/90/1599 2571/90/1598
f 2572/90/1597 2574/90/1600 2576/90/1600
f 2573/90/1599 2575/90/1601 2577/90/1601
f 2578/90/1602 2576/90/1600 2574/90/1600
f 2579/90/1603 2577/90/1601 2575/90/1601
f 2576/90/1600 2578/90/1602 2580/90/1602
f 2577/90/1601 2579/90/1603 2581/90/1603
f 2582/90/1604 2580/90/1602 2578/90/1602
f 2579/90/1603 2583/90/1605 2581/90/1603
f 2582/90/1604 2578/90/1602 2583/90/1605
f 2583/90/1605 2579/90/1603 2582/90/1604
f 2584/90/1606 2585/90/1607 2586/90/1607
f 2585/90/1607 2584/90/1606 2587/90/1608
f 2588/90/1609 2586/90/1607 2585/90/1607
f 2589/90/1610 2587/90/1608 2584/90/1606
f 2586/90/1607 2588/90/1609 2590/90/1609
f 2587/90/1608 2589/90/1610 2591/90/1611
f 2588/90/1609 2592/90/1612 2590/90/1609
f 2593/90/1613 2591/90/1611 2589/90/1610
f 2588/90/1609 2594/90/1614 2592/90/1612
f 2591/90/1611 2593/90/1613 2595/90/1613
f 2594/90/1614 2596/90/1615 2592/90/1612
f 2597/90/1616 2595/90/1613 2593/90/1613
f 2596/90/1615 2594/90/1614 2598/90/1615
f 2593/90/1613 2599/90/1617 2597/90/1616
f 2598/90/1615 2600/90/1618 2596/90/1615
f 2599/90/1617 2601/90/1619 2597/90/1616
f 2600/90/1618 2598/90/1615 2602/90/1618
f 2601/90/1619 2599/90/1617 2603/90/1619
f 2604/90/1620 2600/90/1618 2602/90/1618
f 2605/90/1621 2601/90/1619 2603/90/1619
f 2600/90/1618 2604/90/1620 2606/90/1620
f 2601/90/1619 2605/90/1621 2607/90/1621
f 2607/90/1621 2606/90/1620 2604/90/1620
f 2606/90/1620 2607/90/1621 2605/90/1621
f 2608/90/1622 2609/90/1623 2610/90/1624
f 2611/90/1625 2610/90/1624 2609/90/1623
f 2609/90/1623 2608/90/1622 2612/90/1622
f 2609/90/1623 2613/90/1626 2611/90/1625
f 2614/90/1627 2612/90/1622 2608/90/1622
f 2615/90/1628 2611/90/1625 2613/90/1626
f 2612/90/1622 2614/90/1627 2616/90/1627
f 2611/90/1625 2615/90/1628 2617/90/1629
f 2618/90/1630 2616/90/1627 2614/90/1627
f 2619/90/1631 2617/90/1629 2615/90/1628
f 2614/90/1627 2620/90/1630 2618/90/1630
f 2617/90/1629 2619/90/1631 2621/90/1631
f 2622/90/1632 2618/90/1630 2620/90/1630
f 2623/90/1633 2621/90/1631 2619/90/1631
f 2618/90/1630 2622/90/1632 2624/90/1634
f 2619/90/1631 2625/90/1633 2623/90/1633
f 2626/90/1635 2624/90/1634 2622/90/1632
f 2627/90/1636 2623/90/1633 2625/90/1633
f 2624/90/1634 2626/90/1635 2628/90/1637
f 2623/90/1633 2627/90/1636 2629/90/1636
f 2630/90/1638 2628/90/1637 2626/90/1635
f 2630/90/1638 2629/90/1636 2627/90/1636
f 2626/90/1635 2631/90/1638 2630/90/1638
f 2629/90/1636 2630/90/1638 2631/90/1638
f 2632/90/1639 2633/90/1639 2634/90/1640
f 2634/90/1640 2633/90/1639 2635/90/1640
f 2632/90/1639 2636/90/1641 2633/90/1639
f 2637/90/1642 2634/90/1640 2635/90/1640
f 2638/90/1643 2636/90/1641 2632/90/1639
f 2634/90/1640 2637/90/1642 2639/90/1642
f 2640/90/1644 2636/90/1641 2638/90/1643
f 2639/90/1642 2637/90/1642 2641/90/1645
f 2636/90/1641 2640/90/1644 2642/90/1644
f 2641/90/1645 2637/90/1642 2643/90/1645
f 2640/90/1644 2644/90/1646 2642/90/1644
f 2641/90/1645 2643/90/1645 2645/90/1647
f 2646/90/1646 2644/90/1646 2640/90/1644
f 2645/90/1647 2643/90/1645 2647/90/1647
f 2646/90/1646 2648/90/1648 2644/90/1646
f 2649/90/1649 2645/90/1647 2647/90/1647
f 2650/90/1648 2648/90/1648 2646/90/1646
f 2645/90/1647 2649/90/1649 2651/90/1650
f 2652/90/1651 2648/90/1648 2650/90/1648
f 2651/90/1650 2649/90/1649 2653/90/1652
f 2648/90/1648 2652/90/1651 2654/90/1651
f 2653/90/1652 2649/90/1649 2655/90/1653
f 2652/90/1651 2655/90/1653 2654/90/1651
f 2655/90/1653 2652/90/1651 2653/90/1652
f 2656/90/1654 2657/90/1558 2658/90/1558
f 2657/90/1558 2656/90/1654 2659/90/1558
f 2659/90/1558 2656/90/1654 2660/90/1558
f 2661/90/1655 2656/90/1654 2658/90/1558
f 2661/90/1655 2658/90/1558 2662/90/1558
f 2656/90/1654 2661/90/1655 2663/90/1558
f 2656/90/1654 2663/90/1558 2664/90/1558
f 2663/90/1558 2661/90/1655 2665/90/1558
f 2665/90/1558 2661/90/1655 2666/90/1558
f 2665/90/1558 2666/90/1558 2667/90/1558
f 2668/90/1656 2669/90/1559 2670/90/1559
f 2670/90/1559 2669/90/1559 2671/90/1559
f 2669/90/1559 2672/90/1559 2673/90/1559
f 2669/90/1559 2668/90/1656 2672/90/1559
f 2672/90/1559 2668/90/1656 2674/90/1559
f 2675/90/1559 2668/90/1656 2670/90/1559
f 2675/90/1559 2670/90/1559 2676/90/1559
f 2668/90/1656 2675/90/1559 2677/90/1559
f 2668/90/1656 2677/90/1559 2678/90/1559
f 2668/90/1656 2678/90/1559 2679/90/1559
f 2680/90/1657 2681/90/1658 2682/90/1657
f 2681/90/1658 2680/90/1657 2683/90/1659
f 2682/90/1657 2684/90/1660 2680/90/1657
f 2681/90/1658 2683/90/1659 2685/90/1661
f 2684/90/1660 2682/90/1657 2686/90/1662
f 2685/90/1661 2687/90/1663 2681/90/1658
f 2684/90/1660 2686/90/1662 2688/90/1664
f 2687/90/1663 2685/90/1661 2689/90/1665
f 2688/90/1664 2690/90/1664 2684/90/1660
f 2689/90/1665 2691/90/1666 2687/90/1663
f 2690/90/1664 2688/90/1664 2692/90/1667
f 2691/90/1666 2689/90/1665 2693/90/1668
f 2692/90/1667 2694/90/1667 2690/90/1664
f 2693/90/1668 2695/90/1669 2691/90/1666
f 2694/90/1667 2692/90/1667 2696/90/1670
f 2695/90/1669 2693/90/1668 2697/90/1671
f 2696/90/1670 2698/90/1672 2694/90/1667
f 2697/90/1671 2699/90/1673 2695/90/1669
f 2698/90/1672 2696/90/1670 2700/90/1674
f 2699/90/1673 2697/90/1671 2701/90/1675
f 2700/90/1674 2702/90/1676 2698/90/1672
f 2701/90/1675 2703/90/1675 2699/90/1673
f 2702/90/1676 2700/90/1674 2703/90/1675
f 2703/90/1675 2701/90/1675 2702/90/1676
o bolts2.001
v 0.134144 0.440916 0.096677
v 0.139481 0.435496 0.096677
v 0.141832 0.439496 0.096677
v 0.146814 0.433471 0.096677
v 0.138180 0.443205 0.096677
v 0.146849 0.438111 0.096677
v 0.136871 0.448243 0.096678
v 0.154176 0.435384 0.096677
v 0.132232 0.448279 0.096678
v 0.151888 0.439419 0.096677
v 0.134257 0.455611 0.096678
v 0.155596 0.443072 0.096677
v 0.138257 0.453261 0.096678
v 0.159597 0.440721 0.096677
v 0.139677 0.460949 0.096678
v 0.156982 0.448089 0.096677
v 0.141966 0.456913 0.096678
v 0.161622 0.448053 0.096677
v 0.147004 0.458222 0.096678
v 0.159709 0.455416 0.096678
v 0.147039 0.462861 0.096678
v 0.155673 0.453127 0.096678
v 0.152021 0.456836 0.096678
v 0.154372 0.460836 0.096678
v 0.156982 0.448089 0.032814
v 0.155673 0.453127 0.032814
v 0.159709 0.455416 0.032814
v 0.154372 0.460836 0.032814
v 0.161622 0.448053 0.032814
v 0.152021 0.456836 0.032814
v 0.159597 0.440721 0.032814
v 0.147039 0.462861 0.032814
v 0.155596 0.443072 0.032814
v 0.147004 0.458222 0.032814
v 0.154176 0.435384 0.032814
v 0.139677 0.460949 0.032814
v 0.151888 0.439419 0.032814
v 0.141966 0.456913 0.032814
v 0.146849 0.438111 0.032814
v 0.138257 0.453261 0.032814
v 0.146814 0.433471 0.032814
v 0.134257 0.455611 0.032814
v 0.141832 0.439496 0.032814
v 0.136871 0.448243 0.032814
v 0.139481 0.435496 0.032814
v 0.132232 0.448279 0.032814
v 0.134144 0.440916 0.032814
v 0.138180 0.443205 0.032814
v 0.156982 0.448089 0.096677
v 0.155673 0.453127 0.096678
v 0.153883 0.452112 0.095633
v 0.150978 0.455061 0.095633
v 0.154924 0.448105 0.095633
v 0.152021 0.456836 0.096678
v 0.153822 0.444114 0.095633
v 0.146988 0.456163 0.095633
v 0.155596 0.443072 0.096677
v 0.147004 0.458222 0.096678
v 0.150872 0.441210 0.095633
v 0.142981 0.455123 0.095633
v 0.151888 0.439419 0.096677
v 0.141966 0.456913 0.096678
v 0.146865 0.440169 0.095633
v 0.140032 0.452218 0.095633
v 0.146849 0.438111 0.096677
v 0.138257 0.453261 0.096678
v 0.142875 0.441271 0.095633
v 0.138929 0.448228 0.095633
v 0.141832 0.439496 0.096677
v 0.136871 0.448243 0.096678
v 0.139970 0.444221 0.095633
v 0.138180 0.443205 0.096677
v 0.153883 0.452112 0.033859
v 0.156982 0.448089 0.032814
v 0.154924 0.448105 0.033859
v 0.153822 0.444114 0.033859
v 0.155673 0.453127 0.032814
v 0.155596 0.443072 0.032814
v 0.150978 0.455061 0.033859
v 0.150872 0.441210 0.033859
v 0.152021 0.456836 0.032814
v 0.151888 0.439419 0.032814
v 0.146988 0.456163 0.033859
v 0.146865 0.440169 0.033859
v 0.147004 0.458222 0.032814
v 0.146849 0.438111 0.032814
v 0.142981 0.455123 0.033859
v 0.142875 0.441271 0.033859
v 0.141966 0.456913 0.032814
v 0.141832 0.439496 0.032814
v 0.140031 0.452218 0.033859
v 0.139970 0.444221 0.033859
v 0.138257 0.453261 0.032814
v 0.138180 0.443205 0.032814
v 0.138929 0.448228 0.033859
v 0.136871 0.448243 0.032814
v 0.164264 0.448033 0.094125
v 0.162008 0.456720 0.094125
v 0.159709 0.455416 0.096678
v 0.154372 0.460836 0.096678
v 0.161622 0.448053 0.096677
v 0.155710 0.463114 0.094125
v 0.161875 0.439382 0.094125
v 0.147039 0.462861 0.096678
v 0.159597 0.440721 0.096677
v 0.147060 0.465503 0.094125
v 0.154176 0.435384 0.096677
v 0.138373 0.463247 0.094125
v 0.155480 0.433085 0.094125
v 0.139677 0.460949 0.096678
v 0.146814 0.433471 0.096677
v 0.131979 0.456950 0.094125
v 0.146794 0.430829 0.094125
v 0.134257 0.455611 0.096678
v 0.139481 0.435496 0.096677
v 0.129589 0.448299 0.094125
v 0.138143 0.433218 0.094125
v 0.132232 0.448279 0.096678
v 0.131846 0.439613 0.094125
v 0.134144 0.440916 0.096677
v 0.159709 0.455416 0.032814
v 0.164264 0.448033 0.035366
v 0.161622 0.448053 0.032814
v 0.162008 0.456720 0.035366
v 0.161875 0.439382 0.035366
v 0.154372 0.460836 0.032814
v 0.159597 0.440721 0.032814
v 0.155710 0.463114 0.035366
v 0.154176 0.435384 0.032814
v 0.147039 0.462861 0.032814
v 0.155480 0.433085 0.035366
v 0.147060 0.465503 0.035366
v 0.146814 0.433471 0.032814
v 0.138373 0.463247 0.035366
v 0.146794 0.430829 0.035366
v 0.139677 0.460949 0.032814
v 0.139481 0.435496 0.032814
v 0.131979 0.456950 0.035366
v 0.138143 0.433218 0.035366
v 0.134257 0.455611 0.032814
v 0.131846 0.439613 0.035366
v 0.132232 0.448279 0.032814
v 0.134144 0.440916 0.032814
v 0.129589 0.448299 0.035366
v 0.149654 0.443358 0.037320
v 0.146865 0.440169 0.033859
v 0.146884 0.442638 0.037320
v 0.144126 0.443400 0.037320
v 0.150872 0.441210 0.033859
v 0.142875 0.441271 0.033859
v 0.151693 0.445366 0.037320
v 0.139970 0.444221 0.033859
v 0.153822 0.444114 0.033859
v 0.142118 0.445439 0.037320
v 0.154924 0.448105 0.033859
v 0.138929 0.448228 0.033859
v 0.152454 0.448124 0.037320
v 0.141399 0.448209 0.037320
v 0.151735 0.450893 0.037320
v 0.142161 0.450967 0.037320
v 0.153883 0.452112 0.033859
v 0.140031 0.452218 0.033859
v 0.149727 0.452932 0.037320
v 0.142981 0.455123 0.033859
v 0.150978 0.455061 0.033859
v 0.144200 0.452975 0.037320
v 0.146988 0.456163 0.033859
v 0.146969 0.453694 0.037320
v 0.139970 0.444221 0.095633
v 0.142118 0.445439 0.092172
v 0.138929 0.448228 0.095633
v 0.141399 0.448209 0.092172
v 0.144126 0.443400 0.092172
v 0.142161 0.450967 0.092172
v 0.142875 0.441271 0.095633
v 0.140032 0.452218 0.095633
v 0.146865 0.440169 0.095633
v 0.142981 0.455123 0.095633
v 0.146884 0.442638 0.092172
v 0.144200 0.452975 0.092172
v 0.149654 0.443358 0.092172
v 0.146988 0.456163 0.095633
v 0.150872 0.441210 0.095633
v 0.146969 0.453694 0.092172
v 0.151693 0.445366 0.092172
v 0.149727 0.452932 0.092172
v 0.153822 0.444114 0.095633
v 0.150978 0.455061 0.095633
v 0.154924 0.448105 0.095633
v 0.153883 0.452112 0.095633
v 0.152454 0.448124 0.092172
v 0.151735 0.450893 0.092172
v 0.146884 0.442638 0.092172
v 0.152454 0.448124 0.092172
v 0.151735 0.450893 0.092172
v 0.151693 0.445366 0.092172
v 0.149654 0.443358 0.092172
v 0.146969 0.453694 0.092172
v 0.149727 0.452932 0.092172
v 0.142118 0.445439 0.092172
v 0.144126 0.443400 0.092172
v 0.141399 0.448209 0.092172
v 0.144200 0.452975 0.092172
v 0.142161 0.450967 0.092172
v 0.146884 0.442638 0.037320
v 0.142161 0.450967 0.037320
v 0.146969 0.453694 0.037320
v 0.144200 0.452975 0.037320
v 0.142118 0.445439 0.037320
v 0.141399 0.448209 0.037320
v 0.144126 0.443400 0.037320
v 0.151735 0.450893 0.037320
v 0.149727 0.452932 0.037320
v 0.152454 0.448124 0.037320
v 0.151693 0.445366 0.037320
v 0.149654 0.443358 0.037320
v 0.129589 0.448299 0.094125
v 0.131979 0.456950 0.035366
v 0.129589 0.448299 0.035366
v 0.131979 0.456950 0.094125
v 0.131846 0.439613 0.094125
v 0.138373 0.463247 0.094125
v 0.131846 0.439613 0.035366
v 0.138373 0.463247 0.035366
v 0.138143 0.433218 0.035366
v 0.147060 0.465503 0.094125
v 0.138143 0.433218 0.094125
v 0.147060 0.465503 0.035366
v 0.146794 0.430829 0.035366
v 0.155710 0.463114 0.094125
v 0.146794 0.430829 0.094125
v 0.155710 0.463114 0.035366
v 0.155480 0.433085 0.035366
v 0.162008 0.456720 0.094125
v 0.155480 0.433085 0.094125
v 0.162008 0.456720 0.035366
v 0.161875 0.439382 0.035366
v 0.164264 0.448033 0.094125
v 0.161875 0.439382 0.094125
v 0.164264 0.448033 0.035366
vn -0.0005 -0.0005 1.0000
vn -0.0005 -0.0005 -1.0000
vn -0.4529 0.0034 0.8915
vn -0.3936 -0.2232 0.8918
vn -0.3933 -0.2233 0.8919
vn -0.2292 -0.3901 0.8918
vn -0.3901 0.2292 0.8918
vn -0.0035 -0.4525 0.8918
vn -0.3904 0.2292 0.8917
vn -0.2232 0.3936 0.8918
vn 0.2232 -0.3936 0.8918
vn 0.0035 0.4525 0.8918
vn 0.3901 -0.2292 0.8918
vn 0.2292 0.3901 0.8918
vn 0.4531 -0.0034 0.8915
vn 0.4529 -0.0034 0.8916
vn 0.3936 0.2232 0.8918
vn -0.3933 -0.2233 -0.8919
vn -0.4529 0.0034 -0.8915
vn -0.4528 0.0035 -0.8916
vn -0.3904 0.2292 -0.8917
vn -0.3931 -0.2234 -0.8919
vn -0.2291 -0.3904 -0.8917
vn -0.2232 0.3936 -0.8918
vn -0.2292 -0.3901 -0.8918
vn -0.0035 -0.4525 -0.8918
vn 0.0035 0.4525 -0.8918
vn 0.2232 -0.3936 -0.8918
vn 0.2292 0.3901 -0.8918
vn 0.3901 -0.2292 -0.8918
vn 0.3936 0.2232 -0.8918
vn 0.4530 -0.0034 -0.8915
vn 0.4529 -0.0034 -0.8916
vn 0.6947 -0.0053 0.7193
vn 0.6043 0.3427 0.7193
vn 0.6042 0.3425 0.7195
vn 0.3520 0.5990 0.7193
vn 0.5990 -0.3520 0.7193
vn 0.0053 0.6947 0.7193
vn 0.3427 -0.6043 0.7193
vn -0.3424 0.6042 0.7195
vn -0.3427 0.6043 0.7193
vn -0.0053 -0.6947 0.7193
vn -0.5990 0.3520 0.7193
vn -0.3520 -0.5990 0.7193
vn -0.6947 0.0053 0.7193
vn -0.6042 -0.3424 0.7195
vn -0.6043 -0.3427 0.7193
vn 0.6042 0.3424 -0.7195
vn 0.6947 -0.0053 -0.7193
vn 0.6043 0.3427 -0.7193
vn 0.5990 -0.3520 -0.7193
vn 0.3521 0.5992 -0.7190
vn 0.3520 0.5990 -0.7193
vn 0.3427 -0.6043 -0.7193
vn 0.0053 0.6947 -0.7193
vn 0.3425 -0.6042 -0.7195
vn -0.0053 -0.6947 -0.7193
vn -0.3428 0.6043 -0.7193
vn -0.3427 0.6043 -0.7193
vn -0.3520 -0.5990 -0.7193
vn -0.5990 0.3520 -0.7193
vn -0.6043 -0.3427 -0.7193
vn -0.6947 0.0053 -0.7193
vn -0.4016 0.7081 -0.5808
vn 0.0062 0.8140 -0.5808
vn 0.0065 0.8142 -0.5805
vn 0.4128 0.7018 -0.5806
vn 0.4127 0.7018 -0.5806
vn -0.7018 0.4124 -0.5808
vn 0.7078 0.4020 -0.5808
vn 0.7079 0.4019 -0.5808
vn -0.8142 0.0065 -0.5806
vn 0.8140 -0.0062 -0.5808
vn -0.7081 -0.4016 -0.5808
vn 0.7018 -0.4124 -0.5808
vn -0.7079 -0.4019 -0.5808
vn -0.4127 -0.7018 -0.5807
vn 0.4016 -0.7081 -0.5808
vn -0.4124 -0.7018 -0.5808
vn -0.0062 -0.8140 -0.5808
vn 0.7081 0.4016 0.5808
vn 0.8140 -0.0062 0.5808
vn 0.4127 0.7018 0.5806
vn 0.7018 -0.4124 0.5808
vn 0.4124 0.7018 0.5808
vn 0.0062 0.8140 0.5808
vn 0.4019 -0.7079 0.5808
vn -0.4016 0.7081 0.5808
vn -0.0062 -0.8140 0.5808
vn -0.7018 0.4124 0.5808
vn -0.4124 -0.7018 0.5808
vn -0.4127 -0.7018 0.5807
vn -0.8140 0.0062 0.5808
vn -0.7081 -0.4016 0.5808
vn -0.7079 -0.4019 0.5808
vn -0.0003 -0.0003 1.0000
vn -0.0004 -0.0004 1.0000
vn -0.0003 -0.0003 -1.0000
vn -1.0000 0.0077 -0.0000
vn -0.8622 0.5066 0.0004
vn -0.8622 0.5066 0.0003
vn -0.8701 -0.4929 -0.0005
vn -0.4930 0.8700 0.0004
vn -0.8700 -0.4930 -0.0004
vn -0.4930 0.8700 0.0003
vn -0.5066 -0.8622 -0.0005
vn 0.0074 1.0000 0.0004
vn 0.0074 1.0000 0.0005
vn -0.0073 -1.0000 -0.0005
vn 0.5066 0.8622 0.0005
vn 0.5066 0.8622 0.0004
vn 0.4931 -0.8700 -0.0004
vn 0.8701 0.4929 -0.0005
vn 0.4929 -0.8701 -0.0005
vn 0.8700 0.4930 -0.0004
vn 0.8622 -0.5066 -0.0004
vn 1.0000 -0.0074 -0.0004
vn 0.8622 -0.5065 -0.0005
vt 0.000000 0.000000
s 1
f 2704/91/1677 2705/91/1677 2706/91/1677
f 2707/91/1677 2706/91/1677 2705/91/1677
f 2704/91/1677 2706/91/1677 2708/91/1677
f 2706/91/1677 2707/91/1677 2709/91/1677
f 2710/91/1677 2704/91/1677 2708/91/1677
f 2711/91/1677 2709/91/1677 2707/91/1677
f 2704/91/1677 2710/91/1677 2712/91/1677
f 2709/91/1677 2711/91/1677 2713/91/1677
f 2710/91/1677 2714/91/1677 2712/91/1677
f 2711/91/1677 2715/91/1677 2713/91/1677
f 2710/91/1677 2716/91/1677 2714/91/1677
f 2715/91/1677 2711/91/1677 2717/91/1677
f 2718/91/1677 2714/91/1677 2716/91/1677
f 2717/91/1677 2719/91/1677 2715/91/1677
f 2718/91/1677 2716/91/1677 2720/91/1677
f 2717/91/1677 2721/91/1677 2719/91/1677
f 2722/91/1677 2718/91/1677 2720/91/1677
f 2723/91/1677 2719/91/1677 2721/91/1677
f 2718/91/1677 2722/91/1677 2724/91/1677
f 2719/91/1677 2723/91/1677 2725/91/1677
f 2726/91/1677 2724/91/1677 2722/91/1677
f 2727/91/1677 2725/91/1677 2723/91/1677
f 2724/91/1677 2726/91/1677 2727/91/1677
f 2725/91/1677 2727/91/1677 2726/91/1677
f 2728/91/1678 2729/91/1678 2730/91/1678
f 2731/91/1678 2730/91/1678 2729/91/1678
f 2728/91/1678 2730/91/1678 2732/91/1678
f 2731/91/1678 2729/91/1678 2733/91/1678
f 2734/91/1678 2728/91/1678 2732/91/1678
f 2735/91/1678 2731/91/1678 2733/91/1678
f 2728/91/1678 2734/91/1678 2736/91/1678
f 2735/91/1678 2733/91/1678 2737/91/1678
f 2738/91/1678 2736/91/1678 2734/91/1678
f 2737/91/1678 2739/91/1678 2735/91/1678
f 2736/91/1678 2738/91/1678 2740/91/1678
f 2739/91/1678 2737/91/1678 2741/91/1678
f 2738/91/1678 2742/91/1678 2740/91/1678
f 2743/91/1678 2739/91/1678 2741/91/1678
f 2738/91/1678 2744/91/1678 2742/91/1678
f 2739/91/1678 2743/91/1678 2745/91/1678
f 2746/91/1678 2742/91/1678 2744/91/1678
f 2747/91/1678 2745/91/1678 2743/91/1678
f 2746/91/1678 2744/91/1678 2748/91/1678
f 2745/91/1678 2747/91/1678 2749/91/1678
f 2750/91/1678 2746/91/1678 2748/91/1678
f 2750/91/1678 2749/91/1678 2747/91/1678
f 2746/91/1678 2750/91/1678 2751/91/1678
f 2750/91/1678 2747/91/1678 2751/91/1678
f 2752/91/1679 2753/91/1680 2754/91/1681
f 2755/91/1682 2754/91/1681 2753/91/1680
f 2752/91/1679 2754/91/1681 2756/91/1679
f 2755/91/1682 2753/91/1680 2757/91/1682
f 2758/91/1683 2752/91/1679 2756/91/1679
f 2757/91/1682 2759/91/1684 2755/91/1682
f 2752/91/1679 2758/91/1683 2760/91/1685
f 2759/91/1684 2757/91/1682 2761/91/1684
f 2762/91/1686 2760/91/1685 2758/91/1683
f 2761/91/1684 2763/91/1687 2759/91/1684
f 2760/91/1685 2762/91/1686 2764/91/1686
f 2761/91/1684 2765/91/1687 2763/91/1687
f 2766/91/1688 2764/91/1686 2762/91/1686
f 2765/91/1687 2767/91/1689 2763/91/1687
f 2764/91/1686 2766/91/1688 2768/91/1688
f 2765/91/1687 2769/91/1689 2767/91/1689
f 2770/91/1690 2768/91/1688 2766/91/1688
f 2771/91/1691 2767/91/1689 2769/91/1689
f 2768/91/1688 2770/91/1690 2772/91/1690
f 2771/91/1691 2769/91/1689 2773/91/1692
f 2774/91/1693 2772/91/1690 2770/91/1690
f 2775/91/1693 2771/91/1691 2773/91/1692
f 2772/91/1690 2774/91/1693 2775/91/1693
f 2771/91/1691 2775/91/1693 2774/91/1693
f 2776/91/1694 2777/91/1695 2778/91/1696
f 2779/91/1697 2778/91/1696 2777/91/1695
f 2777/91/1695 2776/91/1694 2780/91/1698
f 2777/91/1695 2781/91/1697 2779/91/1697
f 2782/91/1699 2780/91/1698 2776/91/1694
f 2781/91/1697 2783/91/1700 2779/91/1697
f 2780/91/1698 2782/91/1699 2784/91/1701
f 2781/91/1697 2785/91/1700 2783/91/1700
f 2786/91/1702 2784/91/1701 2782/91/1699
f 2785/91/1700 2787/91/1703 2783/91/1700
f 2784/91/1701 2786/91/1702 2788/91/1702
f 2787/91/1703 2785/91/1700 2789/91/1703
f 2790/91/1704 2788/91/1702 2786/91/1702
f 2789/91/1703 2791/91/1705 2787/91/1703
f 2788/91/1702 2790/91/1704 2792/91/1704
f 2791/91/1705 2789/91/1703 2793/91/1705
f 2794/91/1706 2792/91/1704 2790/91/1704
f 2795/91/1707 2791/91/1705 2793/91/1705
f 2792/91/1704 2794/91/1706 2796/91/1706
f 2793/91/1705 2797/91/1707 2795/91/1707
f 2798/91/1708 2796/91/1706 2794/91/1706
f 2797/91/1707 2798/91/1708 2795/91/1707
f 2796/91/1706 2798/91/1708 2799/91/1709
f 2797/91/1707 2799/91/1709 2798/91/1708
f 2800/91/1710 2801/91/1711 2802/91/1712
f 2803/91/1713 2802/91/1712 2801/91/1711
f 2800/91/1710 2802/91/1712 2804/91/1710
f 2803/91/1713 2801/91/1711 2805/91/1713
f 2806/91/1714 2800/91/1710 2804/91/1710
f 2805/91/1713 2807/91/1715 2803/91/1713
f 2806/91/1714 2804/91/1710 2808/91/1714
f 2807/91/1715 2805/91/1713 2809/91/1715
f 2810/91/1716 2806/91/1714 2808/91/1714
f 2811/91/1717 2807/91/1715 2809/91/1715
f 2806/91/1714 2810/91/1716 2812/91/1716
f 2807/91/1715 2811/91/1717 2813/91/1718
f 2814/91/1719 2812/91/1716 2810/91/1716
f 2815/91/1720 2813/91/1718 2811/91/1717
f 2812/91/1716 2814/91/1719 2816/91/1719
f 2813/91/1718 2815/91/1720 2817/91/1720
f 2818/91/1721 2816/91/1719 2814/91/1719
f 2819/91/1722 2817/91/1720 2815/91/1720
f 2816/91/1719 2818/91/1721 2820/91/1721
f 2817/91/1720 2819/91/1722 2821/91/1722
f 2822/91/1723 2820/91/1721 2818/91/1721
f 2819/91/1722 2823/91/1724 2821/91/1722
f 2822/91/1723 2818/91/1721 2823/91/1724
f 2823/91/1724 2819/91/1722 2822/91/1723
f 2824/91/1725 2825/91/1726 2826/91/1726
f 2825/91/1726 2824/91/1725 2827/91/1727
f 2828/91/1728 2826/91/1726 2825/91/1726
f 2829/91/1729 2827/91/1727 2824/91/1725
f 2826/91/1726 2828/91/1728 2830/91/1728
f 2827/91/1727 2829/91/1729 2831/91/1730
f 2828/91/1728 2832/91/1731 2830/91/1728
f 2833/91/1732 2831/91/1730 2829/91/1729
f 2828/91/1728 2834/91/1733 2832/91/1731
f 2831/91/1730 2833/91/1732 2835/91/1732
f 2834/91/1733 2836/91/1734 2832/91/1731
f 2837/91/1735 2835/91/1732 2833/91/1732
f 2836/91/1734 2834/91/1733 2838/91/1734
f 2833/91/1732 2839/91/1736 2837/91/1735
f 2838/91/1734 2840/91/1737 2836/91/1734
f 2839/91/1736 2841/91/1738 2837/91/1735
f 2840/91/1737 2838/91/1734 2842/91/1737
f 2841/91/1738 2839/91/1736 2843/91/1738
f 2844/91/1739 2840/91/1737 2842/91/1737
f 2845/91/1740 2841/91/1738 2843/91/1738
f 2840/91/1737 2844/91/1739 2846/91/1739
f 2841/91/1738 2845/91/1740 2847/91/1740
f 2847/91/1740 2846/91/1739 2844/91/1739
f 2846/91/1739 2847/91/1740 2845/91/1740
f 2848/91/1741 2849/91/1742 2850/91/1743
f 2851/91/1744 2850/91/1743 2849/91/1742
f 2849/91/1742 2848/91/1741 2852/91/1741
f 2849/91/1742 2853/91/1745 2851/91/1744
f 2854/91/1746 2852/91/1741 2848/91/1741
f 2855/91/1747 2851/91/1744 2853/91/1745
f 2852/91/1741 2854/91/1746 2856/91/1746
f 2851/91/1744 2855/91/1747 2857/91/1748
f 2858/91/1749 2856/91/1746 2854/91/1746
f 2859/91/1750 2857/91/1748 2855/91/1747
f 2854/91/1746 2860/91/1749 2858/91/1749
f 2857/91/1748 2859/91/1750 2861/91/1750
f 2862/91/1751 2858/91/1749 2860/91/1749
f 2863/91/1752 2861/91/1750 2859/91/1750
f 2858/91/1749 2862/91/1751 2864/91/1753
f 2859/91/1750 2865/91/1752 2863/91/1752
f 2866/91/1754 2864/91/1753 2862/91/1751
f 2867/91/1755 2863/91/1752 2865/91/1752
f 2864/91/1753 2866/91/1754 2868/91/1756
f 2863/91/1752 2867/91/1755 2869/91/1755
f 2870/91/1757 2868/91/1756 2866/91/1754
f 2870/91/1757 2869/91/1755 2867/91/1755
f 2866/91/1754 2871/91/1757 2870/91/1757
f 2869/91/1755 2870/91/1757 2871/91/1757
f 2872/91/1758 2873/91/1758 2874/91/1759
f 2874/91/1759 2873/91/1758 2875/91/1759
f 2872/91/1758 2876/91/1760 2873/91/1758
f 2877/91/1761 2874/91/1759 2875/91/1759
f 2878/91/1762 2876/91/1760 2872/91/1758
f 2874/91/1759 2877/91/1761 2879/91/1761
f 2880/91/1763 2876/91/1760 2878/91/1762
f 2879/91/1761 2877/91/1761 2881/91/1764
f 2876/91/1760 2880/91/1763 2882/91/1763
f 2881/91/1764 2877/91/1761 2883/91/1764
f 2880/91/1763 2884/91/1765 2882/91/1763
f 2881/91/1764 2883/91/1764 2885/91/1766
f 2886/91/1765 2884/91/1765 2880/91/1763
f 2885/91/1766 2883/91/1764 2887/91/1766
f 2886/91/1765 2888/91/1767 2884/91/1765
f 2889/91/1768 2885/91/1766 2887/91/1766
f 2890/91/1767 2888/91/1767 2886/91/1765
f 2885/91/1766 2889/91/1768 2891/91/1769
f 2892/91/1770 2888/91/1767 2890/91/1767
f 2891/91/1769 2889/91/1768 2893/91/1771
f 2888/91/1767 2892/91/1770 2894/91/1770
f 2893/91/1771 2889/91/1768 2895/91/1772
f 2892/91/1770 2895/91/1772 2894/91/1770
f 2895/91/1772 2892/91/1770 2893/91/1771
f 2896/91/1773 2897/91/1677 2898/91/1677
f 2897/91/1677 2896/91/1773 2899/91/1677
f 2899/91/1677 2896/91/1773 2900/91/1677
f 2901/91/1774 2896/91/1773 2898/91/1677
f 2901/91/1774 2898/91/1677 2902/91/1677
f 2896/91/1773 2901/91/1774 2903/91/1677
f 2896/91/1773 2903/91/1677 2904/91/1677
f 2903/91/1677 2901/91/1774 2905/91/1677
f 2905/91/1677 2901/91/1774 2906/91/1677
f 2905/91/1677 2906/91/1677 2907/91/1677
f 2908/91/1775 2909/91/1678 2910/91/1678
f 2910/91/1678 2909/91/1678 2911/91/1678
f 2909/91/1678 2912/91/1678 2913/91/1678
f 2909/91/1678 2908/91/1775 2912/91/1678
f 2912/91/1678 2908/91/1775 2914/91/1678
f 2915/91/1678 2908/91/1775 2910/91/1678
f 2915/91/1678 2910/91/1678 2916/91/1678
f 2908/91/1775 2915/91/1678 2917/91/1678
f 2908/91/1775 2917/91/1678 2918/91/1678
f 2908/91/1775 2918/91/1678 2919/91/1678
f 2920/91/1776 2921/91/1777 2922/91/1776
f 2921/91/1777 2920/91/1776 2923/91/1778
f 2922/91/1776 2924/91/1779 2920/91/1776
f 2921/91/1777 2923/91/1778 2925/91/1780
f 2924/91/1779 2922/91/1776 2926/91/1781
f 2925/91/1780 2927/91/1782 2921/91/1777
f 2924/91/1779 2926/91/1781 2928/91/1783
f 2927/91/1782 2925/91/1780 2929/91/1784
f 2928/91/1783 2930/91/1783 2924/91/1779
f 2929/91/1784 2931/91/1785 2927/91/1782
f 2930/91/1783 2928/91/1783 2932/91/1786
f 2931/91/1785 2929/91/1784 2933/91/1787
f 2932/91/1786 2934/91/1786 2930/91/1783
f 2933/91/1787 2935/91/1788 2931/91/1785
f 2934/91/1786 2932/91/1786 2936/91/1789
f 2935/91/1788 2933/91/1787 2937/91/1790
f 2936/91/1789 2938/91/1791 2934/91/1786
f 2937/91/1790 2939/91/1792 2935/91/1788
f 2938/91/1791 2936/91/1789 2940/91/1793
f 2939/91/1792 2937/91/1790 2941/91/1794
f 2940/91/1793 2942/91/1795 2938/91/1791
f 2941/91/1794 2943/91/1794 2939/91/1792
f 2942/91/1795 2940/91/1793 2943/91/1794
f 2943/91/1794 2941/91/1794 2942/91/1795
