# Blender 5.2.0 LTS
# www.blender.org
mtllib 透明机匣.mtl
mtllib skull_extra.mtl
o 机匣
v -0.140199 0.391459 0.144348
v -0.140314 0.394124 0.437860
v -0.219050 0.500241 0.235627
v 0.073863 0.163321 0.562128
v 0.082696 0.140572 0.547993
v 0.082695 0.163323 0.547992
v 0.073863 0.140571 0.562128
v -0.112437 0.279717 0.556126
v -0.112437 0.240305 0.922979
v -0.082794 0.253408 0.556126
v -0.082986 0.207708 0.945080
v 0.083066 0.251485 0.572479
v 0.083066 0.227278 0.556094
v 0.083066 0.227278 0.569752
v 0.082316 0.254762 0.556126
v 0.083062 0.163322 0.614992
v 0.083066 0.163324 0.569671
v 0.083062 0.161555 0.619849
v 0.082986 0.207708 0.945080
v 0.083062 0.156756 0.621732
v 0.083062 0.147283 0.621732
v 0.083066 0.034175 1.046109
v 0.083066 0.050251 1.051832
v 0.083066 0.043558 1.053536
v 0.083066 0.037729 1.051310
v 0.083062 0.142396 0.619779
v 0.083066 -0.108593 0.569327
v 0.083062 0.140606 0.615163
v 0.083066 0.140589 0.569642
v -0.132366 0.393664 1.092904
v -0.132366 0.393664 0.456353
v -0.140413 0.393664 0.456353
v -0.140204 0.394531 1.093595
v -0.030306 0.666485 -0.098640
v -0.027327 0.666485 -0.218064
v -0.030306 0.666485 -0.218064
v -0.027327 0.666485 -0.098640
v -0.027327 0.665442 -0.218064
v -0.027327 0.665442 -0.096988
v 0.027327 0.666485 -0.098640
v 0.027327 0.666485 -0.218064
v 0.027327 0.665442 -0.218064
v 0.027327 0.665442 -0.096988
v 0.030306 0.666485 -0.098640
v 0.030306 0.666485 -0.218064
v -0.134435 0.380207 1.136341
v -0.135833 0.380207 0.823631
v -0.134435 0.380207 0.823631
v -0.135833 0.380490 1.136346
v -0.030303 0.692116 1.364837
v -0.030306 0.692116 -0.218064
v 0.030303 0.692116 1.364837
v 0.030306 0.692116 -0.218064
v -0.038791 0.067171 0.556110
v 0.038791 0.070285 0.547992
v 0.038791 0.067171 0.556110
v -0.038791 0.070285 0.547992
v -0.112437 0.356198 0.556126
v -0.020853 0.356198 0.547985
v -0.112437 0.356198 0.547985
v -0.020853 0.356198 0.556126
v -0.081544 0.035657 1.132262
v 0.081544 0.016073 1.132262
v 0.081544 0.035657 1.132262
v -0.081544 0.016073 1.132262
v -0.073809 0.207698 1.092550
v 0.073809 0.207698 1.092550
v -0.073809 0.080435 1.092550
v 0.073809 0.080435 1.092550
v -0.112856 0.558037 1.079306
v -0.103654 0.558037 0.469950
v -0.103654 0.558037 1.079306
v -0.113038 0.558037 0.469950
v 0.030303 0.660251 1.364837
v -0.030303 0.660251 1.364837
v -0.096114 0.622278 1.378234
v -0.103411 0.631410 2.171231
v -0.103411 0.631410 1.377248
v -0.096114 0.622278 2.171231
v 0.103411 0.631410 2.171231
v 0.096114 0.622278 1.378234
v 0.103411 0.631410 1.377248
v 0.096114 0.622278 2.171231
v -0.058278 0.711412 2.145468
v -0.058278 0.711412 2.171231
v -0.044763 0.711419 2.145468
v -0.044763 0.711419 2.171231
v 0.044763 0.711419 2.145468
v 0.058278 0.711412 2.171231
v 0.058278 0.711412 2.145468
v 0.044763 0.711419 2.171231
v -0.096114 0.622278 -0.205086
v 0.096114 0.622278 -0.373090
v 0.096114 0.622278 -0.205086
v -0.096114 0.622278 -0.373090
v -0.039147 0.747972 -0.312102
v -0.039147 0.747972 0.057970
v -0.039147 0.737002 0.057970
v -0.039147 0.737003 -0.312102
v -0.054952 0.730649 0.093201
v -0.054952 0.730649 0.057970
v -0.068408 0.730618 0.057970
v -0.068408 0.730618 0.093201
v -0.039147 0.737002 0.481931
v -0.039147 0.737002 0.093201
v -0.039147 0.747972 0.481931
v -0.039147 0.747972 0.093201
v -0.068408 0.730618 0.481931
v -0.068408 0.730618 0.517163
v -0.054952 0.730649 0.481931
v -0.054952 0.730649 0.517163
v -0.039147 0.737002 0.905893
v -0.039147 0.747972 0.517163
v -0.039147 0.747972 0.905893
v -0.039147 0.737002 0.517163
v -0.068408 0.730618 0.941124
v -0.054952 0.730649 0.905893
v -0.068408 0.730618 0.905893
v -0.054952 0.730649 0.941124
v -0.039147 0.737002 1.329855
v -0.039147 0.747972 0.941124
v -0.039147 0.747972 1.329855
v -0.039147 0.737002 0.941124
v -0.054952 0.730649 1.365086
v -0.054952 0.730649 1.329855
v -0.068408 0.730618 1.329855
v -0.068408 0.730618 1.365086
v -0.039147 0.747972 1.753775
v -0.039147 0.737002 1.365086
v -0.039147 0.747972 1.365086
v -0.039147 0.737002 1.753859
v -0.068408 0.730618 1.753775
v -0.068408 0.730618 1.788985
v -0.054952 0.730649 1.753859
v -0.054952 0.730649 1.789111
v 0.039147 0.747972 -0.312102
v 0.039147 0.737002 0.057970
v 0.039147 0.747972 0.057970
v 0.039147 0.737003 -0.312102
v 0.054952 0.730649 0.057970
v 0.054952 0.730649 0.093201
v 0.068408 0.730618 0.057970
v 0.068408 0.730618 0.093201
v 0.039147 0.747972 0.481931
v 0.039147 0.747972 0.093201
v 0.039147 0.737002 0.093201
v 0.039147 0.737002 0.481931
v 0.054952 0.730649 0.481931
v 0.068408 0.730618 0.517163
v 0.068408 0.730618 0.481931
v 0.054952 0.730649 0.517163
v 0.039147 0.737002 0.517163
v 0.039147 0.737002 0.905893
v 0.039147 0.747972 0.517163
v 0.039147 0.747972 0.905893
v 0.068408 0.730618 0.941124
v 0.068408 0.730618 0.905893
v 0.054952 0.730649 0.905893
v 0.054952 0.730649 0.941124
v 0.039147 0.737002 0.941124
v 0.039147 0.737002 1.329855
v 0.039147 0.747972 0.941124
v 0.039147 0.747972 1.329855
v 0.054952 0.730649 1.329855
v 0.054952 0.730649 1.365086
v 0.068408 0.730618 1.329855
v 0.068408 0.730618 1.365086
v 0.039147 0.737002 1.365086
v 0.039147 0.747972 1.753775
v 0.039147 0.747972 1.365086
v 0.039147 0.737002 1.753859
v 0.068408 0.730618 1.788985
v 0.068408 0.730618 1.753775
v 0.054952 0.730649 1.753859
v 0.054952 0.730649 1.789111
v -0.034795 -0.021752 -0.021483
v 0.034795 -0.116676 0.058734
v -0.034795 -0.116935 0.058734
v 0.034795 -0.021752 -0.021483
v 0.034795 -0.121878 0.154677
v -0.034795 -0.121878 0.154677
v 0.034795 0.060089 -0.021483
v -0.034795 0.060089 -0.021483
v -0.034795 0.060089 0.154677
v 0.034795 0.060089 0.154677
v 0.103938 0.126220 0.512633
v 0.126460 0.126220 0.512633
v 0.126460 0.115173 0.520608
v 0.103938 0.115173 0.520608
v 0.103938 0.188910 0.470507
v 0.126590 0.188910 0.470507
v 0.126590 0.177863 0.477501
v 0.103938 0.177863 0.477501
v 0.103938 0.115173 0.610471
v 0.126460 0.115173 0.610471
v 0.103938 0.126220 0.610471
v 0.126460 0.126220 0.610471
v 0.103920 0.177863 0.610471
v 0.126590 0.177863 0.610471
v 0.126590 0.188910 0.610471
v 0.103907 0.188910 0.610471
v 0.000000 0.250177 0.547988
v 0.000000 0.231760 0.527801
v 0.000000 0.231761 0.547990
v 0.000000 0.250177 0.527799
v 0.020822 0.250177 0.527799
v 0.020828 0.231760 0.527801
v 0.020827 0.231761 0.547990
v 0.020822 0.250177 0.547988
v -0.049294 0.634218 -0.425418
v 0.049294 0.628315 -0.422858
v 0.049294 0.634218 -0.425418
v -0.049294 0.628315 -0.422858
v 0.049294 0.594595 -0.516803
v -0.049294 0.588692 -0.514244
v -0.049294 0.594595 -0.516803
v 0.049294 0.588692 -0.514244
v -0.069127 0.196345 -0.373066
v 0.069127 0.196345 -0.373066
v -0.062679 0.189847 -0.364511
v 0.062679 0.189847 -0.364511
v -0.046912 0.180023 -0.352013
v 0.046912 0.180023 -0.352013
v 0.028140 0.173161 -0.343211
v -0.028140 0.173161 -0.343211
v 0.106891 0.363773 -0.237052
v 0.135833 0.429155 -0.364354
v 0.106035 0.344786 -0.238065
v 0.102479 0.352878 -0.211183
v 0.101965 0.332700 -0.212729
v 0.101203 0.348223 -0.190166
v 0.101203 0.328463 -0.190166
v 0.101227 0.258798 0.395447
v 0.101203 0.266747 0.504448
v 0.101275 0.242965 0.428272
v 0.101203 0.251136 0.504438
v 0.101283 0.164680 0.489300
v 0.101283 0.160274 0.485941
v 0.101283 0.167924 0.495030
v 0.101283 0.198554 0.526228
v 0.101283 0.251136 0.526228
v 0.101283 0.169009 0.501523
v 0.101283 0.194070 0.528385
v 0.101283 0.167251 0.507868
v 0.101283 0.163322 0.513299
v 0.101283 0.192038 0.533538
v 0.101283 0.163326 0.540675
v 0.100771 0.192038 0.540675
v 0.097080 0.163320 0.545689
v 0.096959 0.194089 0.545876
v 0.091248 0.163323 0.547993
v 0.091248 0.198556 0.547993
v 0.135833 0.351196 0.306245
v 0.112038 0.320594 0.205123
v 0.112185 0.285870 0.504429
v -0.083066 0.227278 0.569752
v -0.083066 -0.108593 0.569327
v -0.067886 0.201570 0.558967
v -0.067886 -0.111695 0.558967
v -0.048839 0.169281 0.556110
v -0.048839 -0.112572 0.556110
v -0.038791 -0.112572 0.556110
v 0.048839 0.169281 0.556110
v 0.053896 -0.112492 0.556341
v 0.038791 -0.112572 0.556110
v 0.058954 0.186427 0.556571
v 0.067886 -0.111695 0.558967
v 0.067886 0.201570 0.558967
v -0.054171 0.671271 -0.097726
v -0.054171 0.670768 -0.122712
v -0.055671 0.668314 -0.120989
v -0.055726 0.668341 -0.098254
v -0.058430 0.666509 -0.117822
v -0.059073 0.666509 -0.098658
v -0.075122 0.666509 -0.098658
v -0.075122 0.666509 -0.218064
v -0.059782 0.666509 -0.203391
v -0.084886 0.663917 -0.218064
v -0.059782 0.666509 -0.218064
v -0.084886 0.663917 -0.093108
v -0.055714 0.668052 -0.218064
v -0.091191 0.657316 -0.218064
v -0.055714 0.668052 -0.199430
v -0.054171 0.672120 -0.218064
v -0.054171 0.672120 -0.197927
v -0.091192 0.657316 -0.078975
v -0.110480 0.616318 -0.217591
v -0.108797 0.620049 0.000829
v -0.110945 0.615797 0.015401
v -0.136591 0.561220 -0.373090
v -0.110480 0.616318 -0.373090
v -0.136591 0.561220 0.139897
v -0.139194 0.553451 -0.373148
v -0.111944 0.613812 0.031952
v -0.139061 0.553587 0.142656
v -0.127068 0.580987 0.129062
v -0.140205 0.545472 -0.373090
v -0.140204 0.545472 0.144345
v -0.119740 0.596907 0.408435
v -0.127068 0.580987 0.398564
v -0.111944 0.613815 0.381838
v -0.116242 0.604442 0.418705
v -0.114927 0.607238 0.434470
v -0.111941 0.613812 0.551297
v -0.140211 0.428638 -0.358374
v -0.140205 0.430170 -0.373090
v -0.140194 0.348326 0.316792
v -0.140205 0.384918 0.439633
v -0.140205 0.385140 0.801884
v -0.140205 0.381815 0.814608
v -0.140205 0.373281 0.824478
v -0.140205 0.341465 0.843714
v -0.140205 0.341268 1.362896
v -0.140204 0.399282 1.100476
v -0.140205 0.407479 1.115583
v -0.140203 0.407479 1.102167
v -0.140204 0.545472 1.362896
v -0.140204 0.545472 1.115584
v -0.136591 0.561220 1.362896
v -0.136591 0.561220 1.115542
v -0.123151 0.589367 1.115211
v -0.110780 0.615690 1.362896
v -0.117992 0.600342 1.110201
v -0.108418 0.620730 1.364208
v -0.114754 0.607238 1.099027
v -0.107700 0.622278 0.869835
v -0.110350 0.616579 0.859643
v -0.111629 0.613828 0.848011
v -0.091192 0.657316 0.910973
v -0.104835 0.628372 1.369884
v -0.111941 0.613815 0.649988
v -0.110824 0.616046 0.559285
v -0.110625 0.616464 0.641016
v -0.108412 0.620757 0.565992
v -0.108358 0.620874 0.634978
v -0.104629 0.628788 0.630065
v -0.104608 0.628831 0.570949
v -0.100509 0.637529 0.572732
v -0.100510 0.637529 0.628286
v -0.091187 0.657314 0.572732
v -0.091187 0.657314 0.628286
v -0.084886 0.663917 0.572732
v -0.084886 0.663917 0.628286
v -0.075122 0.666509 0.628286
v -0.075122 0.666509 0.572732
v -0.054171 0.666509 0.628286
v -0.054171 0.666509 0.572732
v -0.091192 0.657316 2.171231
v -0.084886 0.663917 0.918723
v -0.084886 0.663917 2.171231
v -0.075122 0.666509 0.921765
v -0.075122 0.666509 2.171231
v -0.054171 0.666509 0.921765
v -0.054171 0.666509 2.171231
v -0.030302 0.660251 -0.086409
v 0.000000 0.660852 -0.087697
v 0.000000 0.660251 -0.086408
v 0.030302 0.660251 -0.086409
v -0.114502 0.316260 0.211903
v -0.114632 0.384918 0.439633
v -0.114632 0.385140 0.801884
v -0.114632 0.381820 0.814615
v -0.114632 0.373299 0.824503
v -0.124692 0.307659 0.864032
v -0.119136 0.290214 0.874550
v -0.115227 0.266130 0.889052
v -0.114545 0.252760 0.897105
v -0.091248 0.243806 0.547993
v -0.091248 0.070285 0.547993
v -0.098216 0.070285 0.544404
v -0.098015 0.256032 0.544817
v -0.101283 0.082840 0.537833
v -0.101283 0.262659 0.537833
v -0.101275 0.242965 0.428272
v -0.101227 0.258798 0.395447
v -0.101203 0.348223 -0.190166
v -0.101203 0.328463 -0.190166
v -0.101602 0.331940 -0.212729
v -0.102479 0.352878 -0.211183
v -0.106035 0.344786 -0.238065
v -0.106891 0.363773 -0.237052
v -0.135833 0.429155 -0.364354
v 0.054171 0.670768 -0.122712
v 0.054171 0.671271 -0.097726
v 0.055671 0.668314 -0.120989
v 0.055726 0.668341 -0.098254
v 0.058430 0.666509 -0.117822
v 0.059073 0.666509 -0.098658
v 0.075122 0.666509 -0.098658
v 0.075122 0.666509 -0.218064
v 0.059782 0.666509 -0.203391
v 0.084886 0.663917 -0.218064
v 0.059782 0.666509 -0.218064
v 0.084886 0.663917 -0.093108
v 0.055714 0.668052 -0.218064
v 0.091191 0.657316 -0.218064
v 0.055714 0.668052 -0.199430
v 0.054171 0.672120 -0.218064
v 0.054171 0.672120 -0.197927
v 0.091192 0.657316 -0.078975
v 0.110480 0.616318 -0.217591
v 0.108708 0.620049 0.000829
v 0.123710 0.588130 0.069179
v 0.136591 0.561220 0.076933
v 0.126212 0.582808 0.084880
v 0.127068 0.580987 0.101358
v 0.136591 0.561220 -0.373090
v 0.110480 0.616318 -0.373090
v 0.127068 0.580987 0.549568
v 0.139114 0.553518 0.076932
v 0.139096 0.553517 -0.373090
v 0.136591 0.561220 0.818588
v 0.140117 0.545472 0.076932
v 0.140117 0.545472 -0.373090
v 0.139140 0.553520 0.818588
v 0.140117 0.545472 0.818588
v 0.139970 0.348326 0.316792
v 0.140210 0.428638 -0.358374
v 0.140117 0.430170 -0.373090
v 0.140117 0.384918 0.439633
v 0.140117 0.385140 0.801884
v 0.140117 0.381815 0.814608
v 0.140117 0.373281 0.824478
v 0.140117 0.545472 1.362896
v 0.140117 0.341465 0.843714
v 0.140117 0.341268 1.362896
v 0.139159 0.553521 1.362896
v 0.136591 0.561220 1.362896
v 0.122892 0.589838 0.831751
v 0.126024 0.583199 0.820544
v 0.107700 0.622278 0.869835
v 0.127068 0.580987 0.807707
v 0.110780 0.615690 1.362896
v 0.127068 0.580987 0.651680
v 0.108418 0.620730 1.364208
v 0.125595 0.584127 0.639377
v 0.125595 0.584127 0.561871
v 0.121973 0.591848 0.569592
v 0.121973 0.591848 0.631656
v 0.116768 0.602912 0.628516
v 0.116768 0.602912 0.572732
v 0.091192 0.657316 0.628516
v 0.091192 0.657316 0.572732
v 0.084886 0.663917 0.628516
v 0.084886 0.663917 0.572732
v 0.075122 0.666509 0.628516
v 0.075122 0.666509 0.572732
v 0.054171 0.666509 0.628516
v 0.054171 0.666509 0.572732
v 0.091192 0.657316 0.910973
v 0.104835 0.628372 1.369884
v 0.091192 0.657316 2.171231
v 0.084886 0.663917 0.918723
v 0.084886 0.663917 2.171231
v 0.075122 0.666509 0.921765
v 0.075122 0.666509 2.171231
v 0.054171 0.666509 2.171231
v 0.054171 0.666509 0.921765
v -0.143423 0.570610 0.148087
v -0.210622 0.571033 0.225912
v -0.143423 0.570610 0.368090
v -0.134868 0.573077 0.138174
v -0.134868 0.573077 0.385170
v 0.089038 0.043787 0.532678
v 0.088989 0.029189 0.535029
v 0.089038 0.041178 0.528112
v 0.089038 0.055338 0.527880
v 0.089038 0.050427 0.519259
v 0.089048 0.067846 0.521622
v 0.089038 0.057352 0.506586
v 0.089038 0.060089 0.490505
v 0.089038 0.224866 0.416492
v 0.089038 0.060089 0.002413
v 0.089038 0.122580 -0.025312
v 0.089038 0.240947 0.399490
v 0.089038 0.161225 -0.050194
v 0.089038 0.248114 0.375845
v 0.089038 0.191135 -0.080181
v 0.089038 0.214776 -0.114431
v 0.089038 0.230642 -0.153310
v 0.089038 0.267454 0.211712
v 0.089038 0.336359 -0.373090
v 0.089038 0.240989 -0.197910
v 0.089038 0.243861 -0.228642
v 0.089038 0.244611 -0.256594
v 0.089038 0.245252 -0.373066
v -0.038791 -0.115326 0.546392
v -0.091394 -0.115326 0.546392
v -0.098810 -0.114624 0.548860
v -0.101283 -0.112504 0.556267
v -0.101283 0.034175 1.046109
v -0.083066 0.034175 1.046109
v -0.101283 0.037729 1.051310
v -0.083066 0.037729 1.051310
v -0.101283 0.043558 1.053536
v -0.083066 0.043558 1.053536
v -0.101283 0.050251 1.051832
v -0.083066 0.050251 1.051832
v -0.101283 0.207708 0.945061
v -0.054171 0.683125 -0.196673
v -0.054171 0.694724 -0.218064
v -0.054171 0.686727 -0.193078
v -0.054171 0.703185 -0.221862
v -0.054171 0.686727 -0.127555
v -0.054171 0.707286 -0.231035
v -0.054171 0.707286 0.057970
v -0.054171 0.683125 -0.123966
v -0.054171 0.660251 -0.075191
v -0.054171 0.660251 0.572732
v -0.054171 0.707286 2.171231
v -0.054171 0.660251 0.914419
v -0.054171 0.660251 0.628286
v 0.107410 0.621712 -0.217723
v 0.107410 0.621712 -0.373090
v 0.102220 0.627893 -0.217880
v 0.100770 0.627998 -0.373090
v 0.094457 0.632010 -0.218012
v 0.094457 0.632010 -0.373090
v 0.082706 0.633972 -0.218064
v 0.082706 0.633972 -0.373090
v -0.082706 0.633972 -0.373090
v -0.082706 0.633972 -0.218064
v -0.093241 0.632213 -0.373090
v -0.093241 0.632213 -0.218017
v -0.100879 0.627929 -0.373090
v -0.102435 0.627844 -0.217876
v -0.107410 0.621712 -0.373090
v -0.107410 0.621712 -0.217723
v -0.112682 0.266130 0.899198
v -0.112437 0.374318 0.828868
v -0.112437 0.385451 0.816352
v -0.112437 0.389194 0.800328
v -0.112437 0.389194 0.451105
v -0.112437 0.280737 0.547990
v -0.112437 0.384352 0.418050
v -0.112436 0.320594 0.205123
v 0.038791 -0.115326 0.546392
v 0.038791 -0.154174 0.546392
v 0.091394 -0.154174 0.546392
v 0.091394 -0.115326 0.546392
v 0.098810 -0.153431 0.548860
v 0.098810 -0.114624 0.548860
v 0.101283 -0.151220 0.556267
v 0.101283 -0.112504 0.556267
v 0.101283 0.034175 1.046109
v 0.101283 0.002352 1.069736
v 0.101283 0.037729 1.051310
v 0.101283 0.015175 1.112415
v 0.101283 0.043558 1.053536
v 0.101283 0.021367 1.119981
v 0.101282 0.030729 1.122802
v 0.101283 0.040071 1.119916
v 0.101283 0.050251 1.051832
v 0.101283 0.156194 1.041187
v 0.101283 0.207708 0.945061
v 0.101283 0.167503 1.036683
v 0.101283 0.207708 1.036557
v 0.112186 0.278057 0.572480
v 0.112278 0.240305 0.922979
v 0.112556 0.266130 0.899198
v 0.112185 0.282007 0.569783
v 0.112185 0.374318 0.828868
v 0.112185 0.313792 0.569783
v 0.112185 0.320963 0.547985
v 0.112185 0.313792 0.547985
v 0.112185 0.385451 0.816352
v 0.112185 0.324906 0.546671
v 0.112185 0.389194 0.800328
v 0.112185 0.326221 0.542728
v 0.112185 0.389194 0.451105
v 0.112185 0.326221 0.531478
v 0.112185 0.324906 0.527535
v 0.112185 0.320963 0.526221
v 0.112175 0.384352 0.418050
v 0.112185 0.313792 0.504438
v 0.112185 0.313792 0.526222
v -0.038791 0.048032 0.522398
v 0.038791 0.048032 0.522398
v -0.038791 0.050087 0.528408
v 0.038791 0.050087 0.528408
v -0.038791 0.057840 0.529403
v 0.038791 0.057840 0.529403
v -0.038791 0.064675 0.525564
v 0.038791 0.064675 0.525564
v 0.038791 0.070285 0.513303
v -0.038791 0.070285 0.513303
v 0.052919 0.666509 -0.123966
v 0.052919 0.666509 -0.196673
v 0.041365 0.666509 -0.123966
v 0.041365 0.666509 -0.196673
v -0.124692 0.307659 1.362896
v -0.119136 0.290214 1.362896
v -0.115227 0.266130 1.362896
v -0.114545 0.252760 1.362896
v -0.114545 0.221594 1.035525
v -0.114588 0.221594 1.362896
v -0.114545 0.218356 1.027020
v -0.114545 0.221910 0.927196
v -0.114613 0.234532 0.902253
v -0.114545 0.212306 1.022405
v -0.114545 0.204218 1.020556
v -0.114545 0.195547 1.023813
v -0.114545 0.056768 1.039202
v -0.114360 0.079760 1.102301
v -0.114360 0.006980 1.102301
v -0.114555 0.040145 1.031682
v -0.110238 0.060131 1.115621
v -0.114556 0.028381 1.007014
v -0.114556 -0.150632 0.575949
v -0.114556 -0.100743 0.575949
v -0.110238 0.011022 1.115621
v -0.097183 0.041428 1.128338
v -0.097183 0.014883 1.128338
v 0.114545 0.252760 0.897105
v 0.114613 0.234532 0.902253
v 0.114497 0.239972 0.861356
v 0.114632 0.373299 0.824503
v 0.114767 0.277119 0.547976
v 0.114646 0.320963 0.547984
v 0.114632 0.381820 0.814615
v 0.114636 0.324906 0.546671
v 0.114632 0.385140 0.801884
v 0.114632 0.326221 0.542728
v 0.114632 0.384918 0.439633
v 0.114632 0.326221 0.531485
v 0.114635 0.324906 0.527542
v 0.114644 0.320963 0.526227
v 0.114734 0.279473 0.526221
v 0.114502 0.316260 0.211903
v 0.100008 0.209834 1.036557
v 0.104399 0.214479 1.036557
v 0.093812 0.207698 1.036557
v 0.083066 0.167503 1.036683
v 0.083066 0.207698 1.036557
v 0.083066 0.156194 1.041187
v 0.083066 0.112234 1.070992
v -0.101283 0.040071 1.119916
v -0.083066 0.112234 1.070992
v -0.101282 0.030729 1.122802
v -0.101283 0.156194 1.041187
v -0.083066 0.156194 1.041187
v -0.101283 0.021367 1.119981
v -0.101283 0.167503 1.036683
v -0.083066 0.167503 1.036683
v -0.101283 0.015175 1.112415
v -0.093812 0.207698 1.036557
v -0.083066 0.207698 1.036557
v -0.101283 0.207708 1.036557
v -0.100008 0.209834 1.036557
v -0.104399 0.214479 1.036557
v -0.070486 0.009184 1.092550
v 0.070486 0.009184 1.092550
v -0.075094 0.008270 1.089498
v 0.075094 0.008270 1.089498
v -0.101283 0.002352 1.069736
v -0.083066 0.002694 1.071010
v 0.083066 0.002694 1.071010
v -0.083066 -0.146442 0.572241
v 0.083066 -0.146442 0.572241
v -0.101283 -0.151220 0.556267
v -0.078465 -0.148596 0.565063
v -0.098810 -0.153431 0.548860
v -0.070656 -0.150047 0.560174
v -0.061956 -0.150965 0.557139
v -0.091394 -0.154174 0.546392
v -0.052800 -0.151266 0.556110
v -0.038791 -0.154174 0.546392
v 0.052800 -0.151266 0.556110
v -0.038791 -0.156689 0.537985
v 0.038791 -0.156689 0.537985
v 0.061956 -0.150965 0.557139
v 0.070656 -0.150047 0.560174
v 0.096338 -0.152697 0.551329
v 0.078465 -0.148596 0.565063
v 0.124692 0.307659 0.864032
v 0.124692 0.307659 1.362896
v 0.119136 0.290214 0.874550
v 0.119136 0.290214 1.362896
v 0.115227 0.266130 0.889052
v 0.115227 0.266130 1.362896
v 0.114545 0.252760 1.362896
v 0.114545 0.221594 1.035525
v 0.114588 0.221594 1.362896
v 0.114545 0.218356 1.027020
v 0.114545 0.221910 0.927196
v 0.114545 0.212306 1.022405
v 0.114545 0.204218 1.020556
v 0.114545 0.195547 1.023813
v 0.114545 0.056768 1.039202
v 0.114360 0.079760 1.102301
v 0.114360 0.006980 1.102301
v 0.114554 0.042899 1.035708
v 0.110238 0.060131 1.115621
v 0.114556 0.028381 1.007014
v 0.114556 -0.150632 0.575949
v 0.114556 -0.100743 0.575949
v 0.110238 0.011022 1.115621
v 0.097183 0.041428 1.128338
v 0.097183 0.014883 1.128338
v 0.063214 0.278682 0.556126
v 0.063214 0.278682 0.547985
v 0.060577 0.272291 0.556126
v 0.060577 0.272291 0.547985
v 0.054318 0.269787 0.556126
v 0.054318 0.269787 0.547985
v -0.020853 0.269786 0.556126
v -0.020853 0.269786 0.547985
v 0.109846 0.308115 0.526228
v 0.109846 0.308115 0.504429
v 0.103735 0.305478 0.526228
v 0.103735 0.305478 0.504429
v 0.074041 0.305478 0.526228
v 0.074041 0.305478 0.504429
v 0.065921 0.302829 0.526228
v 0.065921 0.302829 0.504429
v 0.063214 0.294882 0.526228
v 0.063214 0.294882 0.504429
v 0.063214 0.269787 0.504429
v 0.063214 0.269787 0.526228
v 0.066304 0.262259 0.526228
v 0.066304 0.262259 0.504429
v 0.075060 0.259450 0.526228
v 0.075060 0.259450 0.504429
v 0.092968 0.259450 0.504429
v 0.092968 0.259450 0.526228
v 0.098835 0.257003 0.526228
v 0.098835 0.257003 0.504429
v -0.105751 0.617405 1.364153
v -0.101533 0.621887 1.364851
v -0.101533 0.621887 1.369626
v -0.096114 0.622278 1.364758
v -0.082091 0.652063 1.364837
v -0.082091 0.652063 2.171231
v -0.076680 0.658138 2.171231
v -0.076680 0.658138 1.364837
v -0.069086 0.660251 2.171231
v -0.069086 0.660251 1.364837
v 0.038791 0.041178 0.528112
v 0.038791 0.029189 0.535029
v 0.038791 0.012665 0.537980
v -0.083066 0.207698 1.070992
v -0.052919 0.666509 -0.123966
v -0.052919 0.666509 -0.196673
v -0.041365 0.666509 -0.123966
v -0.041365 0.666509 -0.196673
v -0.102204 0.212157 1.362896
v -0.093812 0.207698 1.362896
v -0.075120 0.207698 1.362896
v 0.075120 0.207698 1.362896
v 0.093812 0.207698 1.362896
v 0.083066 0.207698 1.070992
v 0.102204 0.212157 1.362896
v 0.096114 0.622278 1.364912
v 0.096114 0.622278 0.869836
v 0.101518 0.621887 1.364886
v 0.101530 0.621885 0.869373
v 0.105751 0.617405 1.364153
v 0.104904 0.619216 0.866229
v 0.118624 0.589838 0.831751
v 0.108118 0.612345 1.362896
v 0.134448 0.556066 1.362896
v 0.134448 0.556066 0.821397
v 0.121752 0.583199 0.820544
v 0.122794 0.580987 0.807707
v 0.122794 0.580987 0.651680
v 0.135833 0.549835 1.362896
v 0.134448 0.556067 0.549568
v 0.122794 0.580987 0.549568
v 0.121325 0.584127 0.639377
v 0.121325 0.584127 0.561871
v 0.117712 0.591848 0.569592
v 0.117712 0.591848 0.631656
v 0.112520 0.602912 0.628516
v 0.112520 0.602912 0.572732
v 0.104904 0.619216 0.628516
v 0.104904 0.619216 0.572732
v 0.101530 0.621885 0.628516
v 0.101530 0.621885 0.572732
v 0.096114 0.622278 0.628516
v 0.096114 0.622278 0.572732
v 0.122794 0.580987 0.101358
v 0.134448 0.556067 -0.373090
v 0.121943 0.582806 0.084879
v 0.119455 0.588122 0.069175
v 0.104904 0.619216 0.002498
v 0.104904 0.619216 -0.373090
v 0.101533 0.621888 -0.003230
v 0.101533 0.621887 -0.373090
v 0.096114 0.622278 -0.004066
v 0.135833 0.549835 0.549568
v 0.135833 0.549835 -0.373090
v 0.135833 0.430170 -0.373090
v 0.135833 0.384389 0.418039
v 0.135833 0.389194 0.451105
v 0.135833 0.389194 0.800328
v 0.135833 0.549835 0.821397
v 0.135833 0.385451 0.816352
v 0.135833 0.374318 0.828868
v 0.135834 0.341865 0.849964
v 0.135833 0.341865 1.362896
v 0.082091 0.652063 0.904807
v 0.082091 0.652063 1.364837
v 0.076680 0.658138 0.911938
v 0.076680 0.658138 1.364837
v 0.069086 0.660251 0.914419
v 0.069086 0.660251 1.364837
v 0.069086 0.660251 2.171231
v 0.076680 0.658138 2.171231
v 0.082091 0.652063 2.171231
v 0.101518 0.621887 1.369626
v -0.038791 0.012665 0.537980
v -0.038791 0.029189 0.535029
v -0.038791 0.041178 0.528112
v -0.051125 0.747972 0.517163
v -0.051125 0.747972 0.905893
v -0.072905 0.726103 0.905893
v -0.072904 0.726103 0.481931
v -0.072905 0.726103 1.364836
v -0.072905 0.726103 0.057970
v -0.051125 0.747972 0.093201
v -0.051125 0.747972 0.481931
v -0.072905 0.726103 -0.277943
v -0.051125 0.747972 0.057970
v -0.051125 0.747972 -0.303327
v -0.044740 0.747972 -0.310860
v -0.042093 0.747972 -0.312102
v -0.051125 0.747972 1.329855
v -0.051125 0.747972 0.941124
v -0.051125 0.747972 1.365086
v -0.072905 0.726102 2.145468
v -0.051125 0.747972 1.753775
v -0.056169 0.742907 2.116796
v -0.056152 0.742925 2.145468
v -0.054342 0.744742 2.112340
v -0.051125 0.747972 2.109807
v -0.051125 0.747972 1.788986
v -0.039147 0.747972 2.109807
v -0.039147 0.747972 1.788986
v -0.048618 0.737002 1.753859
v -0.048618 0.737002 1.365086
v -0.059468 0.726120 1.365086
v -0.059468 0.726120 1.773327
v -0.059468 0.726120 2.145468
v -0.048618 0.737002 2.145468
v -0.048618 0.737002 1.789111
v -0.039147 0.737002 1.789111
v -0.039147 0.737002 2.145468
v -0.048618 0.737002 1.329855
v -0.059468 0.726120 0.923509
v -0.048618 0.737002 0.941124
v -0.048618 0.737002 0.905893
v -0.059468 0.726120 0.499547
v -0.048618 0.737002 0.517163
v -0.059468 0.726120 -0.293541
v -0.048618 0.737002 0.093201
v -0.048618 0.737002 0.481931
v -0.048618 0.737002 0.057970
v -0.048618 0.737002 -0.306387
v -0.044740 0.737003 -0.310860
v -0.042093 0.737003 -0.312102
v 0.048618 0.737002 0.057970
v 0.051125 0.747972 0.057970
v 0.048618 0.737002 0.481931
v 0.051125 0.747972 0.481931
v 0.051125 0.747972 0.517163
v 0.051125 0.747972 0.905893
v 0.072905 0.726103 0.905893
v 0.072904 0.726103 0.481931
v 0.072905 0.726103 1.364836
v 0.072905 0.726103 0.057970
v 0.051125 0.747972 0.093201
v 0.072905 0.726103 -0.277943
v 0.051125 0.747972 -0.303327
v 0.044740 0.747972 -0.310860
v 0.042093 0.747972 -0.312102
v 0.051125 0.747972 1.329855
v 0.051125 0.747972 0.941124
v 0.051125 0.747972 1.365086
v 0.072905 0.726102 2.145468
v 0.051125 0.747972 1.753775
v 0.056169 0.742907 2.116796
v 0.056152 0.742925 2.145468
v 0.054342 0.744742 2.112340
v 0.051125 0.747972 2.109807
v 0.051125 0.747972 1.788986
v 0.039147 0.747972 2.109807
v 0.039147 0.747972 1.788986
v 0.039147 0.744751 2.112340
v 0.039147 0.742920 2.116796
v 0.039147 0.742925 2.145468
v 0.039147 0.737002 2.145468
v 0.039147 0.737002 1.789111
v 0.048618 0.737002 0.905893
v 0.048618 0.737002 1.329855
v 0.048618 0.737002 1.753859
v 0.048618 0.737002 2.145468
v 0.059468 0.726120 2.145468
v 0.052937 0.633944 -0.426050
v 0.052937 0.628041 -0.423490
v 0.057093 0.632905 -0.428446
v 0.057093 0.627002 -0.425886
v 0.059705 0.631252 -0.432259
v 0.059705 0.625349 -0.429700
v 0.060394 0.623900 -0.433042
v 0.060394 0.629802 -0.435601
v 0.060394 0.593108 -0.504060
v 0.060394 0.599011 -0.506620
v 0.059705 0.597561 -0.509962
v 0.059705 0.591658 -0.507402
v 0.057093 0.590005 -0.511216
v 0.057093 0.595908 -0.513775
v 0.052937 0.594869 -0.516171
v 0.052937 0.588966 -0.513612
v -0.052937 0.588966 -0.513612
v -0.052937 0.594869 -0.516171
v -0.057093 0.590005 -0.511216
v -0.057093 0.595908 -0.513775
v -0.059705 0.597561 -0.509962
v -0.059705 0.591658 -0.507402
v -0.060394 0.593108 -0.504060
v -0.060394 0.599011 -0.506620
v -0.060394 0.629802 -0.435601
v -0.060394 0.623900 -0.433042
v -0.059705 0.631252 -0.432259
v -0.059705 0.625349 -0.429700
v -0.057093 0.627002 -0.425886
v -0.057093 0.632905 -0.428446
v -0.052937 0.628041 -0.423490
v -0.052937 0.633944 -0.426050
v -0.084555 0.339232 -0.373090
v -0.084555 0.244739 -0.270009
v -0.084555 0.245252 -0.373090
v -0.084555 0.241167 -0.207117
v -0.084555 0.250920 0.376313
v -0.084555 0.228875 -0.145486
v -0.084555 0.205948 -0.100586
v -0.084555 0.145786 -0.041530
v -0.084555 0.234562 0.408367
v -0.084556 0.070285 -0.001909
v -0.084556 0.070285 0.521592
v -0.110314 0.343422 -0.233013
v -0.110159 0.360990 -0.230201
v -0.108062 0.355512 -0.219304
v -0.108172 0.336664 -0.222235
v -0.105965 0.350944 -0.207195
v -0.106030 0.330815 -0.210244
v -0.104991 0.347671 -0.193902
v -0.104984 0.326960 -0.196985
v -0.104018 0.344398 -0.180609
v -0.103938 0.323105 -0.183726
v -0.103938 0.277214 0.210892
v -0.103986 0.298294 0.211815
v -0.103938 0.256736 0.386977
v -0.103938 0.230292 0.790643
v -0.103938 0.249718 0.412185
v -0.103938 0.233833 0.432491
v -0.103938 0.223093 0.818454
v -0.103938 0.214056 0.838398
v -0.103938 0.076512 0.537709
v -0.103938 0.055277 0.544605
v -0.103938 0.048253 0.950093
v -0.103938 0.032744 0.943980
v -0.103938 0.032350 0.549117
v -0.103938 0.021436 0.922676
v -0.103938 0.012665 0.551035
v -0.103938 -0.089391 0.551039
v 0.084555 0.339232 -0.373090
v 0.084555 0.245252 -0.373090
v 0.084555 0.244739 -0.270009
v 0.084555 0.241167 -0.207117
v 0.084555 0.250920 0.376313
v 0.084555 0.228875 -0.145486
v 0.084555 0.205948 -0.100586
v 0.084555 0.145786 -0.041530
v 0.084555 0.234562 0.408367
v 0.084556 0.070285 -0.001909
v 0.084556 0.070285 0.521592
v 0.101283 0.349481 -0.373090
v 0.098898 0.157175 0.484496
v 0.096498 0.152977 0.483718
v 0.094306 0.146483 0.484803
v 0.093889 0.140754 0.488047
v 0.095744 0.136929 0.493405
v 0.099016 0.135240 0.499377
v 0.101283 0.082840 0.537833
v 0.099231 0.070285 0.543306
v 0.101283 0.135427 0.502592
v 0.110314 0.343422 -0.233013
v 0.110159 0.360990 -0.230201
v 0.108062 0.355512 -0.219304
v 0.107940 0.336553 -0.222158
v 0.105965 0.350944 -0.207195
v 0.106030 0.330815 -0.210244
v 0.104695 0.347088 -0.193351
v 0.104619 0.326182 -0.196449
v 0.104018 0.344398 -0.180609
v 0.103938 0.323105 -0.183726
v 0.103938 0.277155 0.211401
v 0.103954 0.297862 0.211716
v 0.103938 0.256736 0.386977
v 0.103903 0.260557 0.526230
v 0.103938 0.249718 0.412185
v 0.103938 0.233833 0.432491
v 0.103938 0.198553 0.526228
v 0.103938 0.161317 0.486428
v 0.103938 0.157175 0.484496
v 0.103938 0.164680 0.489300
v 0.103938 0.167924 0.495030
v 0.103938 0.169009 0.501524
v 0.103938 0.194070 0.528385
v 0.103938 0.167251 0.507868
v 0.103938 0.192038 0.533538
v 0.103938 0.192038 0.540675
v 0.103938 0.163322 0.614992
v 0.103938 0.163322 0.513299
v 0.103938 0.194089 0.545876
v 0.103938 0.198556 0.547993
v 0.103803 0.258227 0.547994
v 0.103938 0.230292 0.790643
v 0.103938 0.161555 0.619849
v 0.103938 0.223495 0.820157
v 0.103938 0.156756 0.621732
v 0.103938 0.214056 0.838398
v 0.103938 0.147283 0.621732
v 0.103938 0.048253 0.950093
v 0.103938 0.035580 0.946129
v 0.103938 0.142396 0.619779
v 0.103938 0.021436 0.922676
v 0.103938 0.140606 0.615163
v 0.103938 0.012665 0.551035
v 0.103938 -0.089391 0.551039
v 0.103938 0.032350 0.549117
v 0.103938 0.055277 0.544605
v 0.103938 0.076512 0.537709
v 0.103938 0.140606 0.513232
v 0.103938 0.136256 0.506244
v 0.103938 0.135240 0.499377
v -0.111777 -0.100034 0.562975
v -0.114497 0.239972 0.861356
v -0.040612 0.709305 -0.218064
v -0.040612 0.694724 -0.218064
v -0.040612 0.703185 -0.221862
v -0.040612 0.707286 -0.231035
v -0.040612 0.709305 -0.312022
v -0.040612 0.707286 -0.312022
v -0.089038 0.041178 0.528112
v -0.089038 0.029189 0.535029
v -0.089038 0.043787 0.532678
v -0.089038 0.055338 0.527880
v -0.089038 0.050427 0.519259
v -0.089048 0.067846 0.521989
v -0.089038 0.057352 0.506586
v -0.089038 0.060089 0.490505
v -0.089038 0.224866 0.416492
v -0.089038 0.060089 0.002413
v -0.089038 0.108320 -0.017598
v -0.089038 0.240947 0.399490
v -0.089038 0.136840 -0.033026
v -0.089038 0.161225 -0.050194
v -0.089038 0.248114 0.375845
v -0.089038 0.182198 -0.069436
v -0.089038 0.200073 -0.090926
v -0.089038 0.214776 -0.114431
v -0.089038 0.226392 -0.139863
v -0.089038 0.267454 0.211712
v -0.089038 0.234892 -0.166757
v -0.089038 0.336359 -0.373090
v -0.089038 0.240989 -0.197910
v -0.089038 0.243861 -0.228642
v -0.089038 0.244611 -0.256594
v -0.089038 0.245252 -0.373066
v 0.083066 -0.151744 0.572241
v 0.078465 -0.153894 0.565063
v 0.070656 -0.155360 0.560174
v 0.061956 -0.156269 0.557139
v 0.052800 -0.156578 0.556110
v -0.052800 -0.156578 0.556110
v -0.061956 -0.156269 0.557139
v -0.070656 -0.155360 0.560174
v -0.078465 -0.153894 0.565063
v -0.083066 -0.151744 0.572241
v -0.083066 -0.002479 1.071010
v -0.075094 0.003117 1.089498
v -0.070486 0.004035 1.092550
v -0.101283 0.349481 -0.373090
v -0.055704 0.660251 -0.081634
v -0.059519 0.660251 -0.085257
v -0.069086 0.660251 -0.085257
v -0.076680 0.658138 -0.080734
v -0.082090 0.652063 -0.067725
v -0.101533 0.621888 -0.003230
v -0.096114 0.622278 -0.004066
v -0.104904 0.619216 0.002498
v -0.106625 0.615537 0.016062
v -0.107426 0.613825 0.032005
v -0.107572 0.613830 0.381864
v -0.097903 0.613825 0.551350
v -0.097975 0.613828 0.381863
v -0.095439 0.617190 0.561320
v -0.090292 0.622429 0.567501
v -0.089172 0.628864 0.570981
v -0.088080 0.635143 0.572608
v -0.082962 0.652082 0.572732
v -0.076680 0.658138 0.572732
v -0.069086 0.660251 0.572732
v 0.054171 0.683125 -0.196673
v 0.040612 0.709305 -0.218064
v 0.040612 0.703185 -0.221862
v 0.040612 0.694724 -0.218064
v 0.040612 0.707286 -0.231035
v 0.040612 0.709305 -0.312022
v 0.040612 0.707286 -0.312022
v 0.111777 -0.100034 0.562975
v 0.055704 0.660251 -0.081634
v 0.054171 0.660251 -0.075191
v 0.059519 0.660251 -0.085257
v 0.069086 0.660251 -0.085257
v 0.076680 0.658138 -0.080734
v 0.082090 0.652063 -0.067725
v 0.082090 0.652063 0.572732
v 0.076680 0.658138 0.572732
v 0.069086 0.660251 0.572732
v 0.054171 0.660251 0.572732
v -0.111157 0.566967 0.437860
v -0.109143 0.578680 0.443130
v -0.108162 0.584149 0.456440
v -0.108162 0.584149 1.099027
v -0.058896 0.186323 0.556105
v -0.083066 0.227278 0.556094
v -0.135833 0.351196 0.306245
v 0.094401 0.140605 0.547196
v 0.099191 0.140605 0.543419
v 0.101283 0.140609 0.537833
v 0.101283 0.140607 0.513232
v 0.101283 0.136257 0.506244
v 0.100748 0.136929 0.493406
v 0.098920 0.140754 0.488047
v 0.099346 0.146483 0.484803
v 0.101541 0.152976 0.483718
v 0.058896 0.186323 0.556105
v 0.094401 0.070285 0.547196
v 0.063214 0.294882 0.547985
v 0.065921 0.302829 0.547985
v 0.074041 0.305478 0.547985
v 0.103735 0.305478 0.547985
v 0.109846 0.308115 0.547985
v -0.082090 0.652064 -0.205086
v 0.082090 0.652064 -0.205086
v -0.076680 0.658138 -0.205086
v 0.076680 0.658138 -0.205086
v -0.069086 0.660251 -0.205086
v 0.069086 0.660251 -0.205086
v -0.102997 0.602112 0.381865
v -0.103749 0.588837 0.381865
v -0.134454 0.556069 0.381864
v -0.099538 0.575553 0.381865
v -0.135833 0.549836 0.381864
v -0.127226 0.457716 0.381865
v -0.129472 0.442340 0.381865
v -0.135827 0.384389 0.381864
v -0.132552 0.390546 0.381865
v -0.133680 0.384352 0.381865
v -0.133680 0.384352 0.418050
v -0.135833 0.384352 0.418050
v 0.063214 0.269787 0.556126
v 0.063954 0.265265 0.556126
v 0.069877 0.260096 0.556126
v 0.078313 0.258677 0.556126
v 0.082316 0.254762 0.569783
v 0.078313 0.258677 0.569783
v 0.069877 0.260096 0.569783
v 0.063954 0.265265 0.569783
v 0.063214 0.269787 0.569783
v 0.063214 0.294882 0.569783
v 0.065921 0.302829 0.569783
v 0.074041 0.305478 0.569783
v 0.103735 0.305478 0.569783
v 0.109846 0.308115 0.569783
v -0.030302 0.660251 0.914419
v -0.069086 0.660251 0.914419
v 0.030302 0.660251 0.914419
v 0.054171 0.660251 0.628516
v 0.054171 0.660251 0.914419
v -0.054171 0.707286 -0.299793
v -0.044740 0.707286 -0.310860
v -0.042720 0.707286 -0.312022
v -0.041365 0.683125 -0.196673
v -0.041365 0.686727 -0.193078
v -0.041365 0.686727 -0.127555
v -0.041365 0.683125 -0.123966
v 0.041365 0.683125 -0.196673
v 0.041365 0.686727 -0.193078
v 0.054171 0.686727 -0.193078
v 0.041365 0.686727 -0.127555
v 0.054171 0.686727 -0.127555
v 0.041365 0.683125 -0.123966
v 0.054171 0.683125 -0.123966
v 0.054171 0.694724 -0.218064
v 0.054171 0.703185 -0.221862
v 0.054171 0.707286 -0.231035
v 0.054171 0.707286 -0.299793
v 0.044740 0.707286 -0.310860
v 0.042720 0.707286 -0.312022
v 0.054171 0.707286 0.057970
v 0.054171 0.707286 2.171231
v -0.132094 0.398244 1.099845
v -0.131611 0.406373 1.102165
v -0.128349 0.450028 1.102165
v -0.132304 0.450691 1.102167
v -0.116962 0.535223 1.102166
v -0.109014 0.535223 1.102166
v -0.114190 0.551307 1.095390
v -0.105235 0.551307 1.095390
v -0.132552 0.390546 1.136341
v -0.129472 0.442340 1.136341
v -0.135833 0.549835 1.136349
v -0.127226 0.457716 1.136341
v -0.099538 0.575553 1.136342
v -0.134448 0.556066 1.136349
v -0.103749 0.588837 1.136342
v -0.102997 0.602112 1.136342
v -0.104904 0.619216 1.136343
v -0.098414 0.613136 1.136342
v -0.101533 0.621887 1.136345
v -0.096114 0.622278 1.136351
v -0.090292 0.622429 1.136341
v -0.086548 0.641058 1.136341
v -0.083942 0.648131 1.136344
v -0.112316 0.562165 1.115584
v -0.109624 0.576412 1.109668
v -0.114305 0.551307 0.453867
v -0.116650 0.536551 0.447244
v -0.131193 0.450487 0.447229
v -0.139238 0.402880 0.447221
v -0.140086 0.396383 0.449855
v -0.132205 0.396383 0.449855
v -0.131818 0.402880 0.447221
v -0.128349 0.450028 0.447221
v -0.108702 0.536551 0.447244
v -0.105235 0.551307 0.453867
v 0.040612 0.709305 1.365086
v -0.040612 0.709305 2.171231
v 0.040612 0.709305 2.171231
v -0.040612 0.709305 1.365086
v -0.076680 0.658138 0.911938
v -0.082091 0.652063 0.904807
v -0.086548 0.641058 0.891883
v -0.090292 0.622429 0.870023
v -0.095930 0.616522 0.859422
v -0.097878 0.613867 0.848011
v -0.097939 0.613829 0.649998
v -0.095629 0.616943 0.640019
v -0.090292 0.622429 0.633545
v -0.089211 0.628646 0.630044
v -0.088080 0.635143 0.628418
v -0.082962 0.652082 0.628286
v -0.076680 0.658138 0.628286
v -0.069086 0.660251 0.628286
v 0.083066 -0.002479 1.071010
v 0.075094 0.003117 1.089498
v 0.070486 0.004035 1.092550
v 0.082090 0.652063 0.628516
v 0.076680 0.658138 0.628516
v 0.069086 0.660251 0.628516
v -0.108118 0.612345 1.362896
v -0.134448 0.556066 1.362896
v -0.135834 0.549835 1.362896
v -0.135833 0.341865 1.362896
v -0.120399 0.307659 1.362896
v -0.115735 0.290214 1.362896
v -0.112556 0.266130 1.362896
v -0.112185 0.238327 1.362896
v -0.109725 0.225708 1.362896
v -0.109615 0.221594 1.362896
v -0.109615 0.216039 1.362896
v -0.101601 0.205273 1.362896
v -0.090667 0.196250 1.362896
v -0.077700 0.192851 1.362896
v 0.077700 0.192851 1.362896
v 0.090667 0.196250 1.362896
v 0.101601 0.205273 1.362896
v 0.109615 0.216039 1.362896
v 0.109615 0.221594 1.362896
v 0.109725 0.225708 1.362896
v 0.112185 0.238327 1.362896
v 0.112556 0.266130 1.362896
v 0.115735 0.290214 1.362896
v 0.120399 0.307659 1.362896
v -0.082091 0.652063 1.136343
v -0.132805 0.389194 0.451105
v -0.132774 0.389194 0.800328
v -0.133453 0.385451 0.816352
v -0.120399 0.307659 0.872197
v -0.135834 0.341865 0.849964
v -0.115735 0.290214 0.883541
v -0.109725 0.225708 0.942990
v -0.109615 0.216000 1.165084
v -0.109615 0.221594 1.035525
v -0.109615 0.213336 1.148612
v -0.109615 0.208112 1.132985
v -0.109615 0.199337 1.118244
v -0.109615 0.218356 1.027020
v -0.109615 0.188013 1.106495
v -0.109615 0.212306 1.022405
v -0.109615 0.175907 1.098448
v -0.109615 0.204218 1.020556
v -0.109615 0.195547 1.023813
v -0.109615 0.162954 1.092227
v -0.109615 0.149565 1.088227
v -0.109615 0.101960 1.087264
v 0.109615 0.216000 1.165084
v 0.109615 0.221594 1.035525
v 0.109615 0.213336 1.148612
v 0.109615 0.208112 1.132985
v 0.109615 0.199337 1.118244
v 0.109615 0.218356 1.027020
v 0.109615 0.188013 1.106495
v 0.109615 0.212306 1.022405
v 0.109615 0.175907 1.098448
v 0.109615 0.204218 1.020556
v 0.109615 0.195547 1.023813
v 0.109615 0.162954 1.092227
v 0.109615 0.149565 1.088227
v 0.109615 0.101960 1.087264
v 0.120399 0.307659 0.872197
v 0.115735 0.290214 0.883541
v 0.109725 0.225708 0.942990
v 0.055250 0.060089 -0.062733
v -0.028140 0.060089 -0.074909
v 0.028180 0.060089 -0.074908
v -0.055250 0.060089 -0.062733
v 0.078323 0.060090 -0.038465
v -0.078323 0.060090 -0.038465
v -0.087668 0.060089 -0.014469
v 0.087668 0.060089 -0.014469
v -0.081980 0.012665 0.537980
v 0.082910 0.012665 0.537980
v -0.081980 -0.162008 0.537985
v 0.081980 -0.162008 0.537985
v -0.039147 0.744751 2.112340
v -0.039147 0.742920 2.116796
v -0.039147 0.742925 2.145468
v 0.044740 0.737003 -0.310860
v 0.042093 0.737003 -0.312102
v 0.048618 0.737002 -0.306387
v 0.059468 0.726120 -0.293541
v 0.059468 0.726120 0.499547
v 0.048618 0.737002 0.093201
v 0.059468 0.726120 0.923509
v 0.048618 0.737002 0.517163
v 0.059468 0.726120 1.365086
v 0.048618 0.737002 0.941124
v 0.059468 0.726120 1.773327
v 0.048618 0.737002 1.365086
v 0.048618 0.737002 1.789111
v -0.042720 0.709852 -0.312022
v -0.044740 0.711420 -0.310860
v 0.042720 0.709852 -0.312022
v 0.044740 0.711420 -0.310860
v -0.135833 0.430170 -0.373090
v -0.043508 0.070285 -0.043269
v 0.061044 0.070285 -0.036855
v 0.043508 0.070285 -0.043269
v -0.061044 0.070285 -0.036855
v -0.075879 0.070285 -0.023430
v 0.075879 0.070285 -0.023430
v 0.000000 0.660852 -0.218064
v -0.111777 -0.154520 0.562975
v -0.103994 -0.158096 0.551039
v -0.094417 -0.160548 0.542858
v -0.095922 0.012665 0.543132
v -0.103995 0.345537 -0.373090
v 0.111777 -0.154520 0.562975
v 0.103994 -0.158096 0.551039
v 0.094417 -0.160548 0.542858
v 0.094898 0.012665 0.542513
v 0.103995 0.345537 -0.373090
v -0.101601 0.087060 1.097356
v -0.090667 0.074568 1.105817
v -0.077795 0.069480 1.109264
v 0.077795 0.069480 1.109264
v 0.090667 0.074568 1.105817
v 0.101601 0.087060 1.097356
v -0.135833 0.374318 0.828868
v -0.044763 0.711420 1.365086
v 0.044763 0.711420 1.365086
v 0.080843 0.231710 -0.373090
v 0.076223 0.225337 -0.270009
v 0.071604 0.219992 -0.373090
v 0.061044 0.210853 -0.270009
v 0.061044 0.211800 -0.373090
v 0.076236 0.220946 -0.209583
v 0.043508 0.205506 -0.270009
v 0.049426 0.206731 -0.373090
v 0.037589 0.205309 -0.373090
v 0.061044 0.207157 -0.211761
v 0.043508 0.202939 -0.213240
v -0.043508 0.205506 -0.270009
v -0.037589 0.205309 -0.373090
v -0.049426 0.206731 -0.373090
v -0.043508 0.202939 -0.213240
v -0.061044 0.210853 -0.270009
v -0.061044 0.211800 -0.373090
v -0.071604 0.219992 -0.373090
v -0.076223 0.225337 -0.270009
v -0.080843 0.231710 -0.373090
v -0.061044 0.207157 -0.211761
v -0.076236 0.220946 -0.209583
v -0.076257 0.207801 -0.152656
v -0.061044 0.195491 -0.158906
v -0.076209 0.186611 -0.109297
v -0.061044 0.176339 -0.117715
v -0.043508 0.192612 -0.163158
v -0.075996 0.134301 -0.057215
v -0.061044 0.126492 -0.067770
v -0.043508 0.124429 -0.072445
v 0.043508 0.124429 -0.072445
v -0.043508 0.173256 -0.121762
v 0.043508 0.173256 -0.121762
v 0.061044 0.126492 -0.067770
v 0.061044 0.176339 -0.117715
v 0.075996 0.134301 -0.057215
v 0.076209 0.186611 -0.109297
v 0.076257 0.207801 -0.152656
v 0.061044 0.195491 -0.158906
v 0.043508 0.192612 -0.163158
v 0.084691 0.111896 -0.045914
v 0.084352 0.146841 -0.068096
v 0.072217 0.102083 -0.064814
v 0.084349 0.173588 -0.094786
v 0.071598 0.133451 -0.084764
v 0.051804 0.094652 -0.079156
v 0.028137 0.089716 -0.088672
v 0.051448 0.123573 -0.097058
v -0.028138 0.089716 -0.088672
v 0.028134 0.116930 -0.105324
v 0.071597 0.157018 -0.108580
v 0.051449 0.144988 -0.118594
v 0.084350 0.194570 -0.125282
v 0.071597 0.175596 -0.135471
v 0.084352 0.208858 -0.160259
v 0.084353 0.218377 -0.201091
v 0.071596 0.188491 -0.166758
v 0.051449 0.161764 -0.142900
v 0.028134 0.136869 -0.125351
v 0.084217 0.221240 -0.229428
v 0.071592 0.197340 -0.204049
v 0.051447 0.173449 -0.171556
v 0.028134 0.152435 -0.147911
v -0.028136 0.116930 -0.105324
v -0.028136 0.136869 -0.125351
v 0.028134 0.163358 -0.174776
v 0.051445 0.181495 -0.206282
v 0.071154 0.200061 -0.229693
v -0.028136 0.152435 -0.147911
v 0.084153 0.222159 -0.256707
v 0.087668 0.229079 -0.373066
v 0.082390 0.215537 -0.373066
v 0.071215 0.201283 -0.256811
v 0.074256 0.201887 -0.373066
v 0.051295 0.184247 -0.231405
v 0.051229 0.185164 -0.256855
v 0.028133 0.174531 -0.256883
v 0.028134 0.170954 -0.207767
v 0.028133 0.173658 -0.232247
v -0.028135 0.174531 -0.256883
v -0.028136 0.163358 -0.174776
v -0.050899 0.184898 -0.256855
v -0.028135 0.173658 -0.232247
v -0.071207 0.201276 -0.256811
v -0.074256 0.201887 -0.373066
v -0.050965 0.183984 -0.231434
v -0.084153 0.222159 -0.256707
v -0.082390 0.215537 -0.373066
v -0.087668 0.229079 -0.373066
v -0.071146 0.200054 -0.229693
v -0.084217 0.221240 -0.229428
v -0.084353 0.218377 -0.201091
v -0.071584 0.197334 -0.204050
v -0.051115 0.181236 -0.206319
v -0.084352 0.208858 -0.160259
v -0.071587 0.188485 -0.166760
v -0.084350 0.194570 -0.125282
v -0.071589 0.175590 -0.135474
v -0.051117 0.173203 -0.171635
v -0.084349 0.173588 -0.094786
v -0.071589 0.157013 -0.108584
v -0.028136 0.170954 -0.207767
v -0.051119 0.161537 -0.143022
v -0.051119 0.144791 -0.118758
v -0.051118 0.123411 -0.097259
v -0.071589 0.133447 -0.084769
v -0.051474 0.094532 -0.079388
v -0.072209 0.102079 -0.064820
v -0.084352 0.146841 -0.068096
v -0.084691 0.111896 -0.045914
v -0.135833 0.549835 -0.373090
v -0.134448 0.556067 -0.373090
v -0.104904 0.619216 -0.373090
v -0.101533 0.621887 -0.373090
v -0.101601 0.205260 1.165835
v -0.090667 0.196260 1.166464
v -0.101601 0.203077 1.150662
v -0.101600 0.198334 1.136333
v -0.090667 0.191864 1.145774
v -0.077700 0.192868 1.166677
v -0.077700 0.188749 1.146933
v -0.101600 0.191120 1.124404
v -0.090667 0.181468 1.127319
v -0.101600 0.181003 1.113775
v -0.077700 0.178797 1.129277
v -0.090667 0.164933 1.114131
v -0.101600 0.170105 1.106846
v -0.101600 0.158878 1.101434
v -0.090667 0.145248 1.106637
v -0.101600 0.147216 1.098243
v -0.077700 0.162948 1.116726
v -0.077700 0.144244 1.109691
v 0.077700 0.144244 1.109691
v 0.077700 0.162948 1.116726
v 0.090667 0.145248 1.106637
v 0.077700 0.178797 1.129277
v 0.090667 0.164933 1.114131
v 0.101600 0.147216 1.098243
v 0.101600 0.158878 1.101434
v 0.101600 0.170105 1.106846
v 0.101600 0.181003 1.113775
v 0.101600 0.191120 1.124404
v 0.090667 0.181468 1.127319
v 0.101600 0.198334 1.136333
v 0.090667 0.191864 1.145774
v 0.101601 0.203077 1.150662
v 0.077700 0.188749 1.146933
v 0.090667 0.196260 1.166464
v 0.077700 0.192868 1.166677
v 0.101601 0.205260 1.165835
v 0.114511 0.386319 -1.154527
v 0.127699 0.391866 -1.202699
v 0.130694 0.386325 -1.154646
v 0.112823 0.391868 -1.202729
v 0.124907 0.371879 -1.251125
v 0.109727 0.371878 -1.251136
v 0.081653 0.545877 -1.931376
v 0.065432 0.545874 -1.931356
v 0.081203 0.553454 -1.937618
v 0.064986 0.553452 -1.937602
v -0.114512 0.386319 -1.154527
v -0.127700 0.391866 -1.202699
v -0.112824 0.391868 -1.202729
v -0.130695 0.386325 -1.154646
v -0.124908 0.371879 -1.251125
v -0.109729 0.371878 -1.251136
v -0.081205 0.553454 -1.937618
v -0.064988 0.553452 -1.937602
v -0.065433 0.545874 -1.931356
v -0.081654 0.545877 -1.931376
v 0.080282 0.539698 -0.799477
v 0.096036 0.539698 -0.799477
v 0.076629 0.570224 -0.799477
v 0.096030 0.601467 -0.799477
v 0.066661 0.591290 -0.799477
v 0.092218 0.606978 -0.799477
v 0.088484 0.611108 -0.799477
v 0.083399 0.615143 -0.799477
v 0.077945 0.618111 -0.799470
v 0.052623 0.602048 -0.799477
v -0.052624 0.602048 -0.799477
v -0.077946 0.618111 -0.799470
v -0.066662 0.591290 -0.799477
v -0.083400 0.615143 -0.799477
v -0.090352 0.609043 -0.799477
v -0.096031 0.601467 -0.799477
v -0.076630 0.570224 -0.799477
v -0.096037 0.539698 -0.799477
v -0.080283 0.539698 -0.799477
v 0.110496 0.399276 -1.482194
v 0.094954 0.399273 -1.482179
v 0.109858 0.402353 -1.492140
v 0.094318 0.402350 -1.492124
v 0.109309 0.409021 -1.500142
v 0.093806 0.409018 -1.500129
v 0.106009 0.464174 -1.545974
v 0.090825 0.464174 -1.545972
v 0.105607 0.468803 -1.551856
v 0.090415 0.468803 -1.551856
v 0.105131 0.471420 -1.559248
v 0.089926 0.471421 -1.559248
v 0.099923 0.481650 -1.642710
v 0.084468 0.481650 -1.642702
v 0.099438 0.481574 -1.650630
v 0.083955 0.481573 -1.650620
v 0.098991 0.479366 -1.658237
v 0.083475 0.479365 -1.658226
v 0.093444 0.436921 -1.754842
v 0.077453 0.436916 -1.754791
v 0.092840 0.433924 -1.765123
v 0.076804 0.433917 -1.765069
v 0.092185 0.433780 -1.775828
v 0.076112 0.433773 -1.775772
v 0.090782 0.436424 -1.798329
v 0.074641 0.436417 -1.798271
v 0.090064 0.439663 -1.809564
v 0.073896 0.439656 -1.809506
v 0.089493 0.446934 -1.817834
v 0.073321 0.446928 -1.817779
v 0.083906 0.540560 -1.895398
v 0.067790 0.540561 -1.895381
v 0.083161 0.545873 -1.906789
v 0.067023 0.545871 -1.906774
v 0.113843 0.529800 -1.163352
v 0.113522 0.494881 -0.904099
v 0.108092 0.549733 -0.901701
v 0.064684 0.597344 -1.937602
v 0.105243 0.558446 -1.238797
v 0.101839 0.565025 -0.894812
v 0.096013 0.578247 -1.345348
v 0.093980 0.579703 -0.884003
v 0.086157 0.593910 -1.455082
v 0.060580 0.606700 -1.937602
v 0.083235 0.591912 -0.869238
v 0.072214 0.604244 -1.590286
v 0.051345 0.613683 -1.937602
v 0.070843 0.600358 -0.848383
v 0.038574 0.617667 -1.937602
v -0.038575 0.617667 -1.937602
v 0.129480 0.523605 -1.154596
v 0.123305 0.558676 -1.250217
v 0.127031 0.546071 -1.191280
v 0.128879 0.531973 -1.163185
v 0.128008 0.540322 -1.176172
v 0.083131 0.552071 -1.906380
v 0.119237 0.569489 -1.315002
v 0.114344 0.579843 -1.393305
v 0.108189 0.590627 -1.492133
v 0.100434 0.600063 -1.617249
v 0.080728 0.607217 -1.937590
v -0.110497 0.399276 -1.482194
v -0.094955 0.399273 -1.482179
v -0.109310 0.409021 -1.500142
v -0.093807 0.409018 -1.500129
v -0.106010 0.464174 -1.545974
v -0.090826 0.464174 -1.545972
v -0.105609 0.468803 -1.551856
v -0.090416 0.468803 -1.551856
v -0.105132 0.471420 -1.559248
v -0.089927 0.471421 -1.559248
v -0.099924 0.481650 -1.642710
v -0.084469 0.481650 -1.642702
v -0.099439 0.481574 -1.650630
v -0.083956 0.481573 -1.650620
v -0.098992 0.479366 -1.658237
v -0.083476 0.479365 -1.658226
v -0.092665 0.432443 -1.768754
v -0.076621 0.432437 -1.768700
v -0.090783 0.436063 -1.801409
v -0.074642 0.436056 -1.801352
v -0.089780 0.441078 -1.812502
v -0.073610 0.441072 -1.812446
v -0.083907 0.540560 -1.895398
v -0.067791 0.540561 -1.895381
v -0.083162 0.545873 -1.906789
v -0.067025 0.545871 -1.906774
v -0.129481 0.523605 -1.154596
v -0.127032 0.546071 -1.191280
v -0.128445 0.536148 -1.169678
v -0.123306 0.558676 -1.250217
v -0.083132 0.552071 -1.906380
v -0.116792 0.574666 -1.354154
v -0.108190 0.590627 -1.492133
v -0.100435 0.600063 -1.617249
v -0.080729 0.607217 -1.937590
v -0.113845 0.529800 -1.163352
v -0.113523 0.494881 -0.904099
v -0.108093 0.549733 -0.901701
v -0.064685 0.597344 -1.937602
v -0.105244 0.558446 -1.238797
v -0.101840 0.565025 -0.894812
v -0.096014 0.578247 -1.345348
v -0.093982 0.579703 -0.884003
v -0.086158 0.593910 -1.455082
v -0.055963 0.610192 -1.937602
v -0.083236 0.591912 -0.869238
v -0.072215 0.604244 -1.590286
v -0.070844 0.600358 -0.848383
v 0.129352 0.494881 -0.901924
v 0.078068 0.615203 -1.937602
v 0.072420 0.621901 -1.937602
v 0.063818 0.626514 -1.937537
v 0.052617 0.630616 -1.937556
v 0.040946 0.633218 -1.937602
v 0.030426 0.634415 -1.937602
v -0.030427 0.634415 -1.937602
v -0.040947 0.633218 -1.937602
v -0.058218 0.628565 -1.937546
v -0.075245 0.618552 -1.937602
v -0.071732 0.622624 -0.839090
v 0.071731 0.622624 -0.839090
v 0.060689 0.627517 -0.882044
v -0.060690 0.627517 -0.882044
v -0.051309 0.630895 -0.911707
v 0.051308 0.630895 -0.911707
v -0.041036 0.633267 -0.932528
v 0.041035 0.633267 -0.932528
v 0.030426 0.634551 -0.943799
v -0.030427 0.634551 -0.943799
v -0.129353 0.494881 -0.901924
v -0.129275 0.533305 -0.901841
v -0.126836 0.547937 -0.894720
v -0.122504 0.562717 -0.881767
v -0.116910 0.575897 -0.864825
v -0.109162 0.589378 -0.841462
v -0.098030 0.602692 -0.839090
v -0.101899 0.597271 -0.818686
v -0.085523 0.613859 -0.839090
v -0.086973 0.612738 -1.616589
v -0.072220 0.622111 -1.616589
v 0.072219 0.622111 -1.616589
v 0.086972 0.612738 -1.616589
v 0.085522 0.613859 -0.839090
v 0.098029 0.602692 -0.839090
v 0.101898 0.597271 -0.818686
v 0.109160 0.589378 -0.841462
v 0.115053 0.579808 -0.859161
v 0.118765 0.571986 -0.870490
v 0.122503 0.562717 -0.881767
v 0.125776 0.552493 -0.891604
v 0.127894 0.543380 -0.897837
v 0.129274 0.533305 -0.901841
vn -0.8088 -0.5879 0.0117
vn -0.8089 -0.5878 0.0120
vn -0.8089 -0.5879 0.0119
vn 0.8491 0.0038 0.5283
vn 0.8491 0.0039 0.5283
vn 0.8491 0.0039 0.5282
vn 0.6849 0.7240 0.0822
vn -0.9995 -0.0118 0.0276
vn -0.5076 -0.0044 0.8616
vn -0.9995 -0.0119 0.0277
vn -0.4923 -0.0040 0.8704
vn -1.0000 0.0040 0.0040
vn -1.0000 0.0039 0.0039
vn 0.0587 0.9983 0.0039
vn 0.0039 1.0000 0.0039
vn 1.0000 0.0039 0.0039
vn -0.0992 -0.9951 0.0040
vn -0.0990 -0.9951 0.0040
vn 0.0040 -1.0000 0.0040
vn 0.0040 -0.9362 -0.3515
vn 0.0040 -0.9362 -0.3516
vn 0.0039 -0.9361 -0.3516
vn 0.0039 0.0039 1.0000
vn 0.0040 0.0040 -1.0000
vn -0.7820 -0.6233 0.0037
vn -0.7820 -0.6232 0.0039
vn -0.7821 -0.6232 0.0042
vn 0.7851 -0.6194 0.0040
vn 0.7851 -0.6194 0.0039
vn 0.7851 -0.6193 0.0040
vn 0.0038 1.0000 0.0039
vn 0.0039 1.0000 0.0038
vn 0.0040 1.0000 0.0040
vn 0.0036 -0.6452 -0.7640
vn 0.0042 -0.6453 -0.7639
vn 0.0041 -0.6453 -0.7639
vn 0.0039 -0.6452 -0.7640
vn 0.0040 -0.9987 -0.0513
vn 0.0039 -0.9987 -0.0513
vn 0.0038 -0.9987 -0.0514
vn 0.0037 -0.9987 -0.0514
vn 0.0041 -0.5827 -0.8127
vn 0.0040 -0.5827 -0.8127
vn 0.0039 -0.5828 -0.8126
vn 0.0040 -0.5353 -0.8446
vn 0.0037 -0.5353 -0.8447
vn 0.0038 -0.5353 -0.8446
vn 0.0039 -0.5353 -0.8446
vn 1.0000 0.0039 0.0038
vn 0.0039 0.4015 0.9159
vn 0.0039 0.4014 0.9159
vn 0.0040 0.4015 0.9158
vn 0.0040 -0.3977 -0.9175
vn 0.0039 -0.3977 -0.9175
vn 0.0038 -0.3977 -0.9175
vn 0.0041 -0.7957 -0.6057
vn 0.0038 -0.7957 -0.6056
vn 0.0038 -0.7956 -0.6058
vn 0.0040 -0.7889 -0.6145
vn 0.0039 -0.7889 -0.6145
vn -0.9841 0.0514 -0.1700
vn -0.9792 0.0594 -0.1943
vn -0.9854 0.0508 -0.1622
vn -0.9944 0.0357 -0.0992
vn -0.9961 0.0276 -0.0834
vn -0.9997 0.0119 -0.0197
vn -0.9997 0.0118 -0.0197
vn -1.0000 0.0038 0.0039
vn -1.0000 0.0039 -0.0039
vn -1.0000 0.0039 -0.0040
vn -0.9446 -0.0040 -0.3281
vn -0.9325 -0.0040 -0.3611
vn -0.5968 0.0039 -0.8024
vn -0.5261 0.0039 -0.8504
vn -0.3516 0.0040 -0.9362
vn -0.3516 0.0040 -0.9361
vn -0.8636 0.5008 0.0591
vn -0.8636 0.5007 0.0591
vn -0.8635 0.5008 0.0591
vn -0.8670 0.4947 0.0593
vn -0.8602 0.5066 0.0589
vn 0.5753 0.0039 0.8179
vn 0.5752 0.0039 0.8180
vn 0.5042 0.0038 0.8636
vn 0.3558 0.0039 0.9346
vn 0.0984 0.0040 0.9951
vn 0.0742 0.0034 0.9972
vn -0.0275 0.0038 0.9996
vn -0.0040 0.0038 1.0000
vn -0.1061 0.0039 0.9943
vn -0.0039 0.0039 1.0000
vn -0.1841 0.0039 0.9829
vn -0.3883 0.0039 0.9215
vn -0.5226 -0.0039 0.8526
vn -0.5075 0.0039 0.8616
vn -0.5879 0.0039 0.8089
vn -0.5075 0.0040 0.8616
vn -0.5879 -0.0039 0.8089
vn -0.8670 0.4982 -0.0039
vn -0.7918 0.6107 -0.0040
vn -0.7265 0.6871 -0.0040
vn -0.2232 0.9748 -0.0039
vn -0.2638 0.9646 -0.0039
vn -0.1447 0.9895 0.0039
vn -0.1216 0.9926 0.0039
vn -0.5076 0.8616 0.0038
vn -0.1765 0.9843 0.0039
vn -0.6018 0.7986 0.0041
vn -0.7031 0.7111 0.0040
vn -0.8217 0.5699 0.0038
vn -0.8153 0.5790 0.0039
vn -0.9335 0.3584 0.0039
vn -0.9336 0.3584 0.0039
vn -0.8756 0.4830 0.0039
vn -0.8998 0.4362 0.0040
vn -0.8998 0.4362 0.0039
vn -0.9029 0.4298 0.0039
vn -0.9271 0.3748 0.0040
vn -0.9744 0.2249 0.0040
vn -0.9777 0.2098 0.0040
vn -0.9030 0.4295 0.0039
vn -0.9977 0.0670 0.0039
vn -0.9060 0.4233 0.0039
vn -0.9059 0.4234 0.0040
vn -0.9060 0.4232 0.0038
vn -0.9074 0.4203 0.0039
vn -1.0000 -0.0038 0.0041
vn -1.0000 -0.0039 0.0040
vn -0.9999 -0.0119 0.0039
vn -0.9999 -0.0117 0.0037
vn -0.9934 0.1146 0.0037
vn -0.9422 0.3351 0.0039
vn -0.9422 0.3351 0.0040
vn -0.9030 0.4297 0.0039
vn -0.9029 0.4299 0.0039
vn -0.9029 0.4298 0.0040
vn -0.8617 0.5074 0.0039
vn -0.9029 0.4297 0.0039
vn -0.8921 0.4519 0.0039
vn -0.8920 0.4520 0.0040
vn -0.9030 0.4297 0.0038
vn -0.9029 0.4299 0.0041
vn -0.8216 0.5701 0.0040
vn -0.8216 0.5700 0.0039
vn -0.5075 0.8617 0.0040
vn -0.5075 0.8616 0.0040
vn -0.5700 0.8216 0.0039
vn -0.5075 0.8616 0.0039
vn -0.1371 0.9905 0.0038
vn 0.0038 0.8434 0.5373
vn 0.0431 0.8748 0.4825
vn 0.0269 0.8834 0.4678
vn 0.0117 0.8967 0.4425
vn 0.0039 0.8967 0.4426
vn 0.0039 0.8968 0.4425
vn -0.0040 0.8968 0.4425
vn -0.0199 0.8838 0.4675
vn -0.0353 0.8751 0.4827
vn -0.0118 -0.9555 0.2949
vn -0.0119 -0.9555 0.2948
vn 0.0043 -0.9893 0.1459
vn 0.0039 -0.9893 0.1458
vn 0.0039 -0.9924 -0.1227
vn 0.0038 -0.9924 -0.1227
vn 0.0037 -0.8855 -0.4647
vn 0.0036 -0.8855 -0.4646
vn 0.0038 -0.6452 -0.7640
vn 0.0042 -0.6452 -0.7640
vn 0.0040 -0.5168 -0.8561
vn 0.0038 -0.5168 -0.8561
vn 0.0036 -0.5168 -0.8561
vn 0.4457 0.0039 -0.8952
vn 0.5881 0.0039 -0.8088
vn 0.8469 0.0039 -0.5318
vn 0.9397 0.0039 -0.3421
vn 0.9895 0.0037 -0.1448
vn 0.9997 0.0197 -0.0117
vn 0.9999 0.0117 -0.0118
vn 0.9966 0.0352 -0.0742
vn 0.9942 0.0433 -0.0983
vn 0.9852 0.0589 -0.1609
vn 0.9839 0.0588 -0.1685
vn 0.9795 0.0593 -0.1926
vn 0.8689 0.4949 -0.0039
vn 0.8690 0.4948 -0.0039
vn 0.7948 0.6069 -0.0039
vn 0.7302 0.6833 -0.0041
vn 0.2306 0.9730 -0.0039
vn 0.2710 0.9626 -0.0039
vn 0.1523 0.9883 0.0038
vn 0.1293 0.9916 0.0041
vn 0.1523 0.9883 0.0039
vn 0.5132 0.8583 0.0038
vn 0.1841 0.9829 0.0040
vn 0.6069 0.7948 0.0039
vn 0.7071 0.7071 0.0039
vn 0.8242 0.5664 0.0038
vn 0.8180 0.5752 0.0037
vn 0.9345 0.3558 0.0039
vn 0.9346 0.3558 0.0039
vn 0.8806 0.4738 0.0036
vn 0.9043 0.4268 0.0036
vn 0.9044 0.4267 0.0038
vn 0.9015 0.4328 0.0035
vn 0.9282 0.3721 0.0039
vn 0.9000 0.4358 0.0037
vn 0.8998 0.4362 0.0040
vn 0.9283 0.3719 0.0037
vn 0.9043 0.4268 0.0037
vn 0.8999 0.4361 0.0039
vn 0.9748 0.2231 0.0039
vn 0.9748 0.2232 0.0039
vn 0.9255 0.3788 0.0039
vn 0.9978 0.0665 0.0039
vn 0.9978 0.0664 0.0037
vn 0.9978 0.0664 0.0039
vn 1.0000 0.0040 0.0040
vn 1.0000 0.0036 -0.0041
vn 0.9282 0.3721 0.0038
vn 0.9013 0.4331 0.0039
vn 0.8999 0.4362 0.0039
vn 0.9044 0.4267 0.0039
vn 0.8998 0.4362 0.0039
vn 0.9044 0.4267 0.0040
vn 0.9044 0.4266 0.0037
vn 0.9043 0.4269 0.0042
vn 0.9044 0.4267 0.0037
vn 0.9044 0.4267 0.0036
vn 0.8242 0.5663 0.0037
vn 0.8242 0.5663 0.0038
vn 0.5133 0.8582 0.0039
vn 0.5133 0.8582 0.0038
vn 0.1293 0.9916 0.0037
vn 0.1293 0.9916 0.0038
vn 0.8636 0.5041 0.0039
vn 0.8242 0.5664 0.0039
vn 0.5753 0.8180 0.0034
vn 0.1447 0.9895 0.0039
vn 0.1293 0.9916 0.0039
vn -0.2083 0.9781 0.0039
vn 0.0117 0.9999 0.0039
vn -0.2322 0.9727 0.0040
vn -0.6157 0.7879 0.0038
vn -0.6499 0.7600 0.0038
vn -0.7071 0.7071 0.0039
vn -0.7071 0.7071 0.0040
vn 0.0039 -0.9599 0.2803
vn 0.0040 -0.9598 0.2805
vn 0.0038 -0.9599 0.2803
vn 0.0039 -0.9577 0.2877
vn 0.0036 -0.9578 0.2875
vn 0.0038 -0.8999 0.4360
vn 0.0039 -0.8999 0.4361
vn 0.0039 -0.6156 0.7881
vn 0.0039 -0.0510 0.9987
vn 0.0039 -0.0509 0.9987
vn 0.0038 0.4108 0.9117
vn 0.0040 0.4109 0.9117
vn 0.0038 0.5610 0.8278
vn 0.0037 0.5610 0.8278
vn 0.0039 0.5610 0.8278
vn 0.8670 0.4982 0.0039
vn 0.8670 0.4983 0.0040
vn 0.8014 0.5981 0.0039
vn 0.6204 0.7843 0.0039
vn 0.3420 0.9397 0.0039
vn 0.3396 0.9406 0.0039
vn 0.0897 0.9960 0.0038
vn 0.0821 0.9966 0.0036
vn -0.0743 0.9972 0.0039
vn -0.0822 0.9966 0.0035
vn -0.3092 0.9510 0.0039
vn -0.6019 0.7986 0.0039
vn -0.8023 0.5968 0.0039
vn -0.8024 0.5968 0.0040
vn -0.8651 0.5016 0.0039
vn 0.9999 0.0117 0.0039
vn 0.9999 0.0116 0.0036
vn -0.1535 0.0040 0.9881
vn -0.1612 0.0039 0.9869
vn -0.6583 0.0038 0.7528
vn -0.7380 0.0039 0.6748
vn -0.9812 0.0039 0.1930
vn -0.9904 0.0039 0.1381
vn -0.9999 0.0118 0.0039
vn -0.9999 0.0119 0.0039
vn -0.9999 0.0119 0.0040
vn 0.0039 -0.9447 0.3280
vn 0.0039 -0.6281 0.7781
vn 0.0037 0.1916 0.9815
vn 0.0038 0.7341 0.6790
vn 0.0040 0.9074 0.4203
vn 0.0039 0.9074 0.4203
vn -0.9090 -0.4167 0.0040
vn -0.9090 -0.4168 0.0039
vn -0.9260 -0.3775 0.0040
vn -0.9325 -0.3612 0.0037
vn -0.9666 -0.2564 0.0038
vn -0.9726 -0.2323 0.0038
vn -0.9924 -0.1227 0.0037
vn -0.9951 -0.0990 0.0040
vn -0.9996 -0.0276 0.0040
vn -0.9998 -0.0198 0.0040
vn -1.0000 0.0038 0.0038
vn -0.9999 0.0119 0.0119
vn -0.9977 0.0040 0.0671
vn -0.9915 0.0040 0.1304
vn -0.9134 0.0039 0.4071
vn -0.8704 0.0040 0.4923
vn -0.5557 0.0039 0.8314
vn -0.5016 0.0040 0.8651
vn -0.2397 0.0040 0.9708
vn 0.9996 -0.0252 0.0111
vn 0.9999 0.0090 0.0097
vn 1.0000 0.0038 0.0038
vn 1.0000 0.0035 0.0033
vn 1.0000 0.0039 0.0040
vn 0.0036 0.5610 0.8278
vn 0.0039 0.4109 0.9117
vn 0.0038 -0.6157 0.7880
vn 0.0039 -0.8999 0.4362
vn 0.0038 -0.9577 0.2876
vn 0.0040 -0.9577 0.2877
vn 0.0039 -0.9577 0.2876
vn 0.0038 -0.9599 0.2802
vn 0.0040 -0.9598 0.2806
vn 0.0039 -0.1856 -0.9826
vn 0.0039 -0.1855 -0.9826
vn 0.0040 -0.4646 -0.8855
vn 0.0038 -0.5594 -0.8289
vn 0.0037 -0.4329 -0.9014
vn 0.0039 -0.5593 -0.8290
vn 0.0041 -0.4329 -0.9015
vn 0.0039 0.0038 -1.0000
vn 0.0040 -0.4645 -0.8855
vn 0.0039 0.5610 -0.8278
vn 0.0040 0.8840 -0.4675
vn 0.0039 0.0039 -1.0000
vn 0.0039 0.8840 -0.4676
vn 0.0040 0.9584 -0.2855
vn 0.0041 0.9584 -0.2855
vn 0.0039 0.9583 -0.2856
vn 0.0038 0.9583 -0.2856
vn 0.0039 0.9605 -0.2782
vn 0.0039 0.9605 -0.2783
vn 0.0038 0.9583 -0.2858
vn 0.0039 0.9605 -0.2784
vn 0.0040 0.9605 -0.2783
vn 0.0040 0.9605 -0.2782
vn 0.0039 0.9604 -0.2784
vn 0.0039 0.9604 -0.2785
vn 0.0038 0.9604 -0.2785
vn 0.9104 -0.4138 0.0039
vn 0.9282 -0.3721 0.0039
vn 0.9335 -0.3585 0.0039
vn 0.9671 -0.2545 0.0038
vn 0.9731 -0.2306 0.0039
vn 0.9926 -0.1216 0.0039
vn 0.9951 -0.0983 0.0039
vn 0.9998 -0.0196 0.0039
vn 0.9978 0.0040 0.0666
vn 0.9916 0.0040 0.1294
vn 1.0000 0.0038 0.0039
vn 0.9147 0.0036 0.4042
vn 0.8723 0.0034 0.4889
vn 0.5610 0.0039 0.8278
vn 0.5075 0.0040 0.8616
vn 0.2470 0.0038 0.9690
vn 0.2471 0.0039 0.9690
vn -0.9232 0.3844 0.0040
vn -0.9232 0.3843 0.0039
vn -0.6993 0.7148 0.0038
vn -0.6993 0.7149 0.0039
vn -0.1841 0.9829 0.0039
vn -0.1842 0.9829 0.0038
vn -0.9232 0.3842 0.0038
vn -0.9232 0.3843 0.0040
vn -0.7110 0.7031 0.0039
vn -0.7110 0.7032 0.0039
vn -0.2007 0.9797 0.0039
vn -0.2007 0.9796 0.0037
vn -0.1536 0.9881 0.0039
vn -0.1534 0.9882 0.0041
vn -0.6992 0.7149 0.0039
vn -0.9854 0.1702 0.0040
vn -0.9854 0.1701 0.0039
vn -0.9812 -0.1931 0.0039
vn -0.9812 -0.1931 0.0040
vn -0.6788 -0.7343 0.0039
vn -0.6788 -0.7343 0.0038
vn -0.1547 -0.9879 0.0038
vn -0.1547 -0.9879 0.0040
vn -0.1932 -0.9812 0.0038
vn -0.1931 -0.9812 0.0039
vn -0.7071 -0.7071 0.0040
vn -0.7070 -0.7072 0.0040
vn -0.9260 -0.3776 0.0040
vn 0.7302 -0.6832 0.0037
vn 0.4456 -0.8952 0.0039
vn 0.2488 -0.9685 0.0037
vn 0.5699 -0.8217 0.0038
vn 0.8374 -0.5465 0.0039
vn 0.8375 -0.5464 0.0040
vn 0.8375 -0.5465 0.0040
vn 0.9074 -0.4203 0.0039
vn 0.5318 -0.8469 0.0040
vn 0.5317 -0.8470 0.0038
vn 0.2731 -0.9620 0.0039
vn 0.9215 0.0039 -0.3883
vn 0.9479 0.0040 -0.3185
vn 0.9796 0.0037 -0.2007
vn 0.7265 0.6872 0.0040
vn 0.4203 0.9074 0.0039
vn 0.5805 0.8143 0.0039
vn 0.2157 0.9765 0.0039
vn -0.2082 0.9781 0.0039
vn -0.5752 0.8180 0.0039
vn -0.4138 0.9104 0.0039
vn -0.7227 0.6911 0.0040
vn -0.9203 0.0038 -0.3912
vn -0.9204 0.0040 -0.3910
vn -0.9471 0.0039 -0.3210
vn -0.9794 0.0035 -0.2021
vn -0.0671 -0.9977 0.0039
vn -0.0670 -0.9977 0.0040
vn -0.3844 -0.9232 0.0040
vn -0.4613 -0.8872 0.0039
vn -0.7957 -0.6057 0.0040
vn -0.8561 -0.5168 0.0039
vn -0.9060 -0.4234 0.0037
vn -0.9060 -0.4233 0.0038
vn -0.9471 -0.3210 0.0040
vn -0.9060 -0.4233 0.0040
vn -0.9060 -0.4233 0.0041
vn -0.9942 -0.1071 0.0038
vn -0.9471 -0.3210 0.0039
vn -0.9060 -0.4233 0.0039
vn -0.9060 -0.4234 0.0038
vn -0.7850 -0.6195 0.0037
vn -0.7851 -0.6194 0.0039
vn -0.3611 -0.9325 0.0040
vn -0.3611 -0.9325 0.0039
vn -0.0672 -0.9977 0.0039
vn -0.8650 -0.5017 0.0035
vn -0.7850 -0.6194 0.0038
vn -0.4392 -0.8984 0.0040
vn -0.3611 -0.9325 0.0038
vn -0.0672 -0.9977 0.0038
vn -0.0669 -0.9978 0.0040
vn -0.9942 -0.1070 0.0038
vn -0.9943 -0.1068 0.0042
vn -0.9942 -0.1071 0.0037
vn -0.9060 -0.4234 0.0039
vn -0.8704 -0.4923 0.0038
vn -0.8351 -0.5501 0.0039
vn -0.5969 -0.8023 0.0038
vn -0.5261 -0.8504 0.0040
vn -0.2658 -0.9640 0.0039
vn -0.2658 -0.9640 0.0040
vn -0.9059 -0.4234 0.0038
vn -0.5647 -0.8253 0.0038
vn -0.2417 -0.9703 0.0039
vn -0.4394 -0.8983 0.0038
vn -0.7267 -0.6869 0.0043
vn -0.3816 0.9243 0.0038
vn -0.7032 0.7110 0.0039
vn -0.7031 0.7111 0.0039
vn -0.3815 0.9244 0.0040
vn -0.3815 0.9243 0.0039
vn -0.1930 0.9812 0.0040
vn -0.3817 0.9243 0.0037
vn -0.3816 0.9243 0.0039
vn -0.7033 0.7109 0.0038
vn -0.7031 0.7110 0.0039
vn -0.4297 0.9029 0.0040
vn 0.3909 -0.9204 0.0039
vn 0.3910 -0.9204 0.0039
vn 0.7110 -0.7032 0.0039
vn 0.7110 -0.7032 0.0038
vn 0.7109 -0.7032 0.0038
vn 0.3911 -0.9203 0.0040
vn 0.7111 -0.7031 0.0040
vn 0.7109 -0.7033 0.0038
vn 0.7107 -0.7035 0.0036
vn 0.2023 -0.9793 0.0041
vn 0.0039 -1.0000 0.0039
vn 0.3881 0.9216 0.0038
vn 0.3882 0.9216 0.0039
vn 0.7070 0.7072 0.0041
vn 0.7071 0.7071 0.0040
vn 0.3883 0.9215 0.0040
vn 0.2007 0.9796 0.0042
vn 0.3881 0.9216 0.0039
vn 0.7071 0.7071 0.0038
vn 0.4361 0.8999 0.0043
vn 0.3883 0.9215 0.0039
vn 0.0039 0.6156 0.7880
vn 0.0037 0.6159 0.7878
vn 0.0038 0.7949 0.6067
vn 0.0037 0.8492 0.5281
vn 0.0039 0.9800 0.1991
vn 0.0038 0.9856 0.1688
vn 0.0039 0.0118 0.9999
vn 0.0039 0.0117 0.9999
vn 0.0039 0.0115 0.9999
vn 0.0118 0.0118 0.9999
vn 0.0119 0.0119 0.9999
vn 0.0039 0.0038 1.0000
vn 0.1920 0.3959 0.8980
vn 0.1922 0.3960 0.8979
vn 0.3654 0.3730 0.8528
vn 0.3654 0.3726 0.8530
vn 0.7082 0.2856 0.6457
vn 0.7082 0.2854 0.6458
vn 0.9288 0.1450 0.3409
vn 0.9289 0.1450 0.3408
vn 0.9950 0.0433 0.0905
vn 0.9959 -0.0354 -0.0827
vn 0.9959 -0.0355 -0.0828
vn 0.9323 -0.1377 -0.3344
vn 0.7135 -0.2798 -0.6424
vn 0.7133 -0.2799 -0.6425
vn 0.3688 -0.3691 -0.8531
vn 0.3687 -0.3691 -0.8531
vn 0.1941 -0.3922 -0.8992
vn -0.1865 -0.3930 -0.9004
vn -0.1864 -0.3927 -0.9006
vn -0.3622 -0.3701 -0.8555
vn -0.3628 -0.3701 -0.8552
vn -0.7095 -0.2814 -0.6461
vn -0.7094 -0.2814 -0.6462
vn -0.9313 -0.1386 -0.3369
vn -0.9958 -0.0359 -0.0837
vn -0.9959 -0.0359 -0.0836
vn -0.9949 0.0436 0.0912
vn -0.9949 0.0435 0.0911
vn -0.9277 0.1461 0.3435
vn -0.9277 0.1461 0.3436
vn -0.7043 0.2871 0.6492
vn -0.7043 0.2873 0.6492
vn -0.3586 0.3744 0.8551
vn -0.3587 0.3743 0.8551
vn -0.1846 0.3966 0.8992
vn -0.9795 -0.0197 0.2006
vn -0.9776 -0.0198 0.2098
vn -0.9759 -0.0198 0.2173
vn -0.9839 -0.0198 0.1775
vn -0.9839 -0.0197 0.1779
vn -0.9914 -0.0118 0.1303
vn -0.9933 -0.0119 0.1148
vn -0.9972 -0.0040 0.0749
vn -0.9972 -0.0039 0.0749
vn -0.9990 -0.0039 0.0434
vn -0.9994 -0.0038 0.0355
vn -0.5231 0.8456 0.1062
vn -0.5142 0.8520 0.0982
vn -0.5861 0.7907 0.1770
vn -0.6497 0.7126 0.2647
vn -0.7372 0.5401 0.4060
vn -0.7564 0.4742 0.4506
vn -0.7773 0.3590 0.5167
vn -0.7750 0.3659 0.5154
vn -0.7835 0.3582 0.5078
vn -0.7918 0.3505 0.5002
vn -0.7741 0.3574 0.5225
vn -0.7762 0.3506 0.5239
vn -0.7740 0.3575 0.5225
vn -0.7676 0.3583 0.5315
vn -0.7676 0.3582 0.5314
vn -0.7709 0.3596 0.5257
vn -0.7677 0.3582 0.5314
vn 0.9795 -0.0198 0.2006
vn 0.9763 -0.0196 0.2156
vn 0.9779 -0.0196 0.2082
vn 0.9841 -0.0196 0.1764
vn 0.9855 -0.0195 0.1688
vn 0.9914 -0.0196 0.1293
vn 0.9925 -0.0118 0.1216
vn 0.9972 -0.0118 0.0739
vn 0.9972 -0.0118 0.0742
vn 0.9996 -0.0043 0.0272
vn 0.9996 -0.0040 0.0274
vn -0.8689 0.4679 -0.1612
vn -0.8572 0.4938 -0.1462
vn -0.8606 0.4878 -0.1467
vn -0.8711 0.4688 -0.1464
vn -0.9427 0.3037 -0.1381
vn -0.9674 0.2172 -0.1303
vn -0.9882 0.0912 -0.1229
vn -0.9934 -0.0039 -0.1148
vn -0.9934 -0.0040 -0.1148
vn -0.9894 -0.0987 -0.1065
vn -0.9819 -0.1617 -0.0986
vn -0.9716 -0.2183 -0.0913
vn -0.9325 -0.3532 -0.0754
vn -0.9142 -0.3997 -0.0673
vn -0.8704 -0.4887 -0.0599
vn -0.8628 -0.5020 -0.0590
vn -0.8614 -0.5044 -0.0600
vn -0.8673 -0.4950 -0.0515
vn -0.8673 -0.4951 -0.0515
vn -0.8673 -0.4951 -0.0514
vn -0.8674 -0.4949 -0.0517
vn -0.8674 -0.4950 -0.0515
vn -0.8673 -0.4951 -0.0516
vn -0.6952 0.0118 0.7187
vn -0.7226 -0.0039 0.6912
vn -0.8016 -0.0434 0.5963
vn -0.8300 -0.0590 0.5546
vn -0.7567 -0.0119 -0.6537
vn -0.7567 0.0039 -0.6537
vn -0.7567 0.0038 -0.6537
vn -0.7567 -0.0040 -0.6537
vn -0.7566 0.0199 -0.6536
vn -0.7640 0.0194 -0.6450
vn -0.7707 0.0194 -0.6370
vn -0.7678 0.0201 -0.6404
vn -0.7564 -0.0277 -0.6535
vn -0.7416 -0.0278 -0.6703
vn -0.7416 -0.0278 -0.6702
vn -0.7844 -0.0432 -0.6188
vn -0.8009 -0.0590 -0.5959
vn -0.8375 0.0039 0.5465
vn -0.7188 0.0039 0.6952
vn -0.6791 0.0039 0.7340
vn -0.4362 0.0039 0.8999
vn -0.4202 0.0040 0.9074
vn -0.2231 0.0040 0.9748
vn -0.2157 0.0039 0.9764
vn -0.0510 0.0039 0.9987
vn -0.0511 0.0038 0.9987
vn 0.0588 0.0040 0.9983
vn 0.0587 0.0039 0.9983
vn 0.2232 0.0040 0.9748
vn 0.2305 0.0039 0.9731
vn 0.4267 0.0039 0.9044
vn 0.4425 0.0039 0.8968
vn 0.6833 0.0038 0.7302
vn 0.7225 0.0039 0.6913
vn 0.9431 0.0039 0.3326
vn 0.9709 0.0038 0.2396
vn 0.9869 0.0040 -0.1612
vn 0.9726 0.0040 -0.2323
vn 0.7948 0.0039 -0.6069
vn 0.7415 0.0038 -0.6710
vn 0.5558 0.0042 -0.8313
vn 0.5555 0.0038 -0.8315
vn 0.7766 0.3785 0.5036
vn 0.7774 0.3868 0.4961
vn 0.7710 0.4344 0.4657
vn 0.7563 0.4742 0.4507
vn 0.7384 0.5353 0.4101
vn 0.6543 0.7092 0.2625
vn 0.5912 0.7870 0.1762
vn 0.5288 0.8421 0.1058
vn 0.5202 0.8485 0.0977
vn 0.5201 0.8485 0.0978
vn -0.8772 0.4287 0.2163
vn -0.7885 0.5523 0.2705
vn -0.8771 0.4287 0.2164
vn -0.7082 0.6369 0.3046
vn -0.2476 0.8765 0.4127
vn -0.2238 0.8832 0.4122
vn 0.0038 0.9044 0.4266
vn 0.0039 0.9044 0.4267
vn 0.0041 0.9043 0.4268
vn 0.0116 0.9043 0.4267
vn 0.0040 0.9043 0.4268
vn 0.0275 0.9305 0.3652
vn 0.0352 0.9366 0.3487
vn 0.0353 0.9791 0.2003
vn 0.0352 0.9809 0.1915
vn 0.0117 0.9982 0.0587
vn 0.0116 0.9982 0.0587
vn -0.0039 0.9906 -0.1370
vn -0.0040 0.9881 -0.1536
vn 0.0038 1.0000 0.0038
vn -0.0039 0.9104 -0.4138
vn -0.0039 0.8616 -0.5075
vn 0.0039 0.7031 -0.7111
vn 0.0118 0.6106 -0.7919
vn 0.0198 0.4072 -0.9131
vn 0.0198 0.3515 -0.9360
vn 0.0119 0.1304 -0.9914
vn 0.0119 0.1148 -0.9933
vn 0.0038 0.0039 -1.0000
vn 0.7264 -0.0043 0.6873
vn 0.6992 0.0118 0.7148
vn 0.6993 0.0115 0.7148
vn 0.8044 -0.0432 0.5925
vn 0.8324 -0.0589 0.5510
vn 0.8593 0.4904 -0.1452
vn 0.8709 0.4647 -0.1601
vn 0.8626 0.4845 -0.1457
vn 0.8760 0.4598 -0.1456
vn 0.9529 0.2706 -0.1372
vn 0.9744 0.1840 -0.1291
vn 0.9898 0.0743 -0.1214
vn 0.9932 -0.0199 -0.1147
vn 0.9934 -0.0117 -0.1139
vn 0.9896 -0.0980 -0.1058
vn 0.9822 -0.1604 -0.0979
vn 0.9721 -0.2164 -0.0905
vn 0.9283 -0.3643 -0.0744
vn 0.9083 -0.4129 -0.0668
vn 0.8689 -0.4914 -0.0593
vn 0.8639 -0.5010 -0.0513
vn 0.7910 0.5496 0.2689
vn 0.8789 0.4258 0.2147
vn 0.8789 0.4258 0.2149
vn 0.7121 0.6334 0.3029
vn 0.2550 0.8748 0.4119
vn 0.2312 0.8816 0.4114
vn 0.0039 0.9044 0.4268
vn 0.0038 0.9044 0.4267
vn -0.0040 0.9044 0.4266
vn -0.0040 0.9044 0.4267
vn -0.0039 0.9255 0.3788
vn 0.0039 0.9282 0.3720
vn 0.0038 0.9748 0.2231
vn 0.0038 0.9765 0.2156
vn 0.0039 0.9983 0.0587
vn 0.0040 0.9983 0.0588
vn 0.0039 0.9926 -0.1216
vn 0.0039 0.9935 -0.1140
vn 0.0038 0.8920 -0.4521
vn 0.0041 0.8527 -0.5225
vn 0.0037 0.5644 -0.8255
vn 0.0039 0.4613 -0.8872
vn 0.0039 0.1778 -0.9841
vn 0.0040 0.1069 -0.9943
vn -0.8881 0.1618 0.4302
vn -0.8881 0.1618 0.4303
vn -0.8881 0.1618 0.4301
vn -0.8893 0.1541 0.4307
vn -0.8938 0.1536 0.4213
vn -0.9171 0.1142 0.3818
vn -0.9253 0.0984 0.3662
vn -0.9739 -0.0670 0.2169
vn -0.9679 -0.0356 0.2488
vn -0.9768 -0.1938 0.0909
vn -0.9713 -0.2339 0.0436
vn -0.9620 -0.2732 0.0040
vn -0.9620 -0.2731 0.0041
vn 0.8582 0.5133 0.0039
vn 0.8582 0.5133 0.0038
vn 0.8651 0.4971 0.0665
vn 0.8646 0.4969 0.0743
vn 0.8646 0.4969 0.0744
vn 0.8651 0.4972 0.0664
vn 0.8651 0.4972 0.0666
vn 0.8741 0.4821 0.0588
vn 0.8708 0.4882 0.0586
vn 0.8708 0.4881 0.0586
vn 0.8654 0.4976 0.0588
vn 0.8656 0.4973 0.0587
vn 1.0000 -0.0042 0.0036
vn 1.0000 -0.0041 0.0038
vn 1.0000 -0.0040 0.0039
vn 0.0197 -0.9553 0.2949
vn 0.0041 -0.9893 0.1459
vn 0.0041 -0.9925 -0.1224
vn 0.0040 -0.9925 -0.1226
vn 0.0039 -0.8855 -0.4646
vn 0.0037 -0.8855 -0.4646
vn 0.0037 -0.5167 -0.8561
vn 0.0041 -0.5168 -0.8561
vn 0.0042 -0.5168 -0.8561
vn 0.1612 0.0039 0.9869
vn 0.1688 0.0039 0.9856
vn 0.6626 0.0039 0.7489
vn 0.7415 0.0039 0.6709
vn 0.9814 0.0041 0.1917
vn 0.9906 0.0038 0.1369
vn 0.0039 -0.9526 -0.3043
vn 0.0040 -0.9526 -0.3043
vn 0.0039 -0.9854 -0.1702
vn 0.0039 -0.9854 -0.1703
vn 0.0039 -0.7150 -0.6991
vn 0.0037 -0.7150 -0.6991
vn 0.0040 -0.1855 -0.9826
vn 0.0038 -0.1855 -0.9826
vn 0.0038 0.1929 -0.9812
vn 0.0038 0.1930 -0.9812
vn 0.0039 0.7149 -0.6992
vn 0.0039 0.9843 -0.1765
vn 0.0039 0.9625 -0.2711
vn 0.0040 0.9626 -0.2711
vn -0.0202 0.9306 -0.3656
vn 0.0040 0.9271 -0.3748
vn -0.0509 0.9913 -0.1218
vn -0.0274 0.9979 0.0587
vn 0.0039 0.9856 0.1688
vn 0.0039 0.9159 0.4014
vn 0.0039 0.8807 0.4736
vn 0.0039 0.6791 0.7340
vn 0.0038 0.6544 0.7561
vn 0.0039 0.3558 0.9345
vn 0.0040 0.3163 0.9487
vn 0.0037 0.0430 0.9991
vn 0.0038 -0.0510 0.9987
vn 0.0039 -0.2545 0.9671
vn 0.0038 -0.3257 0.9455
vn 0.0196 -0.4829 0.8755
vn 0.0353 -0.5462 0.8369
vn 0.0276 -0.7598 0.6496
vn 0.0038 -0.9422 0.3350
vn 0.0039 -0.9422 0.3351
vn 0.0039 -0.9014 -0.4329
vn 0.0041 -0.9015 -0.4328
vn -0.8562 0.5167 -0.0040
vn -0.8562 0.5166 -0.0040
vn -0.8561 0.5167 -0.0039
vn -0.8561 0.5168 0.0039
vn -0.8562 0.5166 0.0039
vn -0.0039 0.0040 -1.0000
vn -0.0199 0.0039 -0.9998
vn -0.0198 0.0120 -0.9997
vn -0.0670 0.0043 -0.9977
vn 0.0039 0.0040 -1.0000
vn 0.0038 0.4297 -0.9030
vn 0.0039 0.6106 -0.7919
vn 0.0039 0.4297 -0.9029
vn 0.0039 0.7340 -0.6791
vn 0.0039 0.9764 -0.2157
vn 0.0039 0.9829 -0.1841
vn 0.0039 0.9829 0.1840
vn 0.0039 0.9815 0.1915
vn 0.0040 0.7340 0.6791
vn 0.0037 0.7339 0.6792
vn 0.0037 0.2231 0.9748
vn 0.0039 0.2231 0.9748
vn 0.0038 0.0038 1.0000
vn 0.0039 -0.1536 0.9881
vn 0.0039 -0.1535 0.9881
vn 0.0039 -0.7032 0.7110
vn 0.0039 -0.9867 0.1624
vn 0.0038 -0.9867 0.1624
vn 0.0039 -0.9879 -0.1549
vn 0.0039 -0.9879 -0.1548
vn 0.0036 -0.7071 -0.7071
vn 0.0039 -0.3138 -0.9495
vn 0.0038 0.0038 -1.0000
vn -0.0039 -0.7031 -0.7111
vn -0.0040 -0.6705 -0.7419
vn -0.0039 -1.0000 0.0039
vn -0.0040 -1.0000 0.0040
vn 0.0035 0.0035 1.0000
vn 0.0038 0.0039 1.0000
vn -0.9761 -0.2173 0.0040
vn -0.8983 -0.4394 0.0039
vn -0.7420 -0.6704 0.0037
vn -0.4550 -0.8905 0.0038
vn -0.4551 -0.8904 0.0040
vn -0.4233 -0.9060 0.0040
vn -0.4234 -0.9060 0.0039
vn -0.8738 -0.4863 0.0040
vn -0.9972 -0.0749 0.0039
vn -0.9972 -0.0750 0.0039
vn -0.2007 0.9796 0.0038
vn -0.7111 0.7031 0.0038
vn 0.9073 -0.4205 0.0038
vn 0.8839 -0.4676 0.0039
vn 0.9073 -0.4204 0.0038
vn 0.8374 -0.5466 0.0038
vn 0.6328 -0.7743 0.0039
vn 0.5317 -0.8469 0.0038
vn 0.1624 -0.9867 0.0039
vn 0.1381 -0.9904 0.0039
vn -0.1303 -0.9915 0.0040
vn -0.1547 -0.9880 0.0038
vn -0.5262 -0.8504 0.0038
vn -0.6281 -0.7781 0.0037
vn -0.8350 -0.5502 0.0038
vn -0.8823 -0.4708 0.0038
vn -0.9060 -0.4232 0.0041
vn -0.9059 -0.4234 0.0039
vn 0.0041 -0.7071 -0.7071
vn 0.0038 -0.4073 -0.9133
vn 0.0039 -0.4073 -0.9133
vn 0.0034 -0.7072 -0.7070
vn 0.0040 -0.9777 -0.2098
vn 0.0039 -0.9777 -0.2098
vn 0.0037 -0.3816 0.9243
vn 0.0037 -0.3884 0.9215
vn 0.0039 -0.9204 0.3910
vn 0.0037 -0.9232 -0.3843
vn 0.0038 -0.9232 -0.3843
vn 0.0041 -0.3775 -0.9260
vn 0.0039 -0.3911 -0.9204
vn 0.0118 0.0039 -0.9999
vn -0.6336 0.6730 0.3817
vn -0.6888 0.7202 0.0827
vn -0.6888 0.7203 0.0827
vn -0.5855 0.6327 0.5069
vn -0.2623 0.2934 0.9193
vn -0.1375 0.1609 0.9773
vn 0.0039 -0.3883 0.9215
vn 0.0039 -0.3776 -0.9260
vn 0.0040 -0.3911 -0.9204
vn 0.0039 -0.7071 -0.7071
vn 0.0041 -0.9777 -0.2098
vn 0.0038 -1.0000 0.0039
vn 0.0590 0.8300 -0.5546
vn 0.0276 0.5966 -0.8021
vn 0.0275 0.5463 -0.8371
vn 0.0039 0.1303 -0.9915
vn 0.0040 0.1226 -0.9925
vn 0.0039 -0.1703 -0.9854
vn 0.0039 -0.2249 -0.9744
vn 0.0040 -0.6870 -0.7267
vn 0.0039 -0.7380 -0.6748
vn 0.0037 -0.9231 -0.3844
vn 0.0039 0.0040 1.0000
vn 0.0040 0.0040 1.0000
vn 0.0118 0.0037 0.9999
vn -0.9827 0.1854 0.0038
vn -0.9827 0.1853 -0.0040
vn -0.9827 0.1854 0.0039
vn -0.9841 0.1778 -0.0039
vn -0.9826 0.1855 -0.0040
vn -0.9826 0.1855 -0.0039
vn -0.9826 0.1855 0.0039
vn -0.9826 0.1855 0.0040
vn -0.9826 0.1855 -0.0118
vn -0.9839 0.1778 -0.0198
vn -0.9850 0.1701 -0.0277
vn -0.9848 0.1700 -0.0357
vn -0.9891 0.1458 -0.0197
vn -0.9876 0.1546 -0.0279
vn -0.9925 0.1226 0.0040
vn -0.9934 0.1148 0.0040
vn 0.0040 0.9215 0.3883
vn 0.0033 0.7188 0.6952
vn 0.0039 0.9216 0.3882
vn 0.0037 0.6953 0.7188
vn 0.0039 0.2156 0.9765
vn 0.0038 0.1840 0.9829
vn 0.0039 0.0037 1.0000
vn 0.0040 -0.1839 0.9829
vn 0.0040 -0.2323 0.9726
vn 0.0039 -0.6952 0.7188
vn 0.0039 -0.7380 0.6748
vn 0.0040 -0.9203 0.3911
vn 0.0040 0.7673 -0.6412
vn 0.0039 0.7672 -0.6413
vn 0.0039 0.7673 -0.6413
vn 0.0039 0.7671 -0.6415
vn 0.0039 0.7672 -0.6414
vn 0.0040 0.8339 -0.5520
vn 0.0039 0.8116 -0.5842
vn 0.0038 0.9243 -0.3815
vn 0.0040 0.9397 -0.3420
vn 0.0039 0.9935 -0.1139
vn 0.0039 0.9943 -0.1061
vn -0.0039 0.9869 0.1613
vn -0.0039 0.9895 0.1447
vn -0.0039 0.9013 0.4331
vn -0.0039 0.8637 0.5041
vn 0.0039 0.6993 0.7148
vn 0.0117 0.6068 0.7948
vn 0.0196 0.4042 0.9145
vn 0.0195 0.3557 0.9344
vn 0.0117 0.1293 0.9915
vn 0.0118 0.1138 0.9934
vn -0.8848 -0.2738 -0.3769
vn -0.8046 -0.2576 -0.5351
vn -0.8848 -0.2738 -0.3770
vn -0.6562 -0.2267 -0.7198
vn -0.3992 -0.1463 -0.9051
vn -0.1069 -0.0436 -0.9933
vn 0.0040 -0.0039 -1.0000
vn -0.9867 0.0040 -0.1624
vn -0.9722 0.0040 -0.2341
vn -0.7919 0.0037 -0.6106
vn -0.7379 0.0040 -0.6748
vn -0.2972 0.0039 -0.9548
vn -0.2731 0.0037 -0.9620
vn 0.0040 0.7673 -0.6413
vn 0.0039 0.8253 -0.5647
vn 0.0039 0.8089 -0.5880
vn 0.0038 0.9335 -0.3585
vn 0.0038 0.9455 -0.3257
vn 0.0040 0.9966 -0.0820
vn 0.0038 0.9966 -0.0821
vn 0.0040 0.9926 0.1216
vn 0.0040 0.9916 0.1293
vn 0.0036 0.8888 0.4582
vn 0.0039 0.8491 0.5282
vn 0.0039 0.4581 0.8889
vn 0.0039 0.1765 0.9843
vn 0.0039 0.1061 0.9943
vn -0.6902 -0.4535 0.5639
vn -0.7526 -0.4924 0.4372
vn -0.7525 -0.4925 0.4373
vn -0.6580 -0.4295 0.6186
vn -0.4205 -0.2869 0.8607
vn -0.3422 -0.2398 0.9085
vn -0.1220 -0.0984 0.9876
vn -0.0665 -0.0510 0.9965
vn 0.0742 -0.0508 0.9959
vn 0.1297 -0.0983 0.9867
vn 0.3491 -0.2393 0.9060
vn 0.4270 -0.2860 0.8579
vn 0.6624 -0.4273 0.6154
vn 0.6943 -0.4510 0.5609
vn 0.7561 -0.4895 0.4344
vn 0.7559 -0.4896 0.4347
vn 0.1380 -0.9904 0.0038
vn 0.5016 -0.8651 0.0039
vn 0.8562 -0.5167 0.0041
vn 0.8561 -0.5168 0.0039
vn 0.9748 -0.2232 0.0038
vn 0.9748 -0.2232 0.0039
vn 0.9856 -0.1689 0.0039
vn 0.9857 -0.1687 0.0041
vn 0.8375 -0.5465 0.0039
vn 0.7881 -0.6156 0.0039
vn 0.9104 -0.4138 0.0040
vn 0.9216 -0.3882 0.0039
vn 0.9117 -0.4109 0.0039
vn 0.9765 -0.2157 0.0039
vn 0.9916 0.1293 0.0039
vn 0.8469 -0.5318 0.0039
vn 0.7986 -0.6019 0.0039
vn 0.8179 -0.5753 0.0039
vn 0.8952 -0.4456 0.0039
vn 0.9726 -0.2324 0.0039
vn 0.9605 -0.2783 0.0039
vn 0.8952 -0.4457 0.0039
vn 0.8089 -0.5879 0.0039
vn 0.6019 -0.7986 0.0039
vn 0.7528 -0.6582 0.0039
vn 0.2732 -0.9619 0.0040
vn 0.9991 0.0431 0.0039
vn 0.9748 -0.2231 0.0039
vn 0.9748 -0.2231 0.0040
vn 0.9829 -0.1840 0.0040
vn 0.9747 -0.2231 0.0118
vn 0.9895 -0.1447 0.0039
vn 0.9828 -0.1840 0.0117
vn 0.9894 -0.1447 0.0117
vn 0.9983 -0.0587 0.0039
vn 0.9951 -0.0984 0.0117
vn 0.9982 -0.0587 0.0117
vn 0.9926 -0.1217 0.0040
vn 0.9935 -0.1140 0.0039
vn 0.9983 -0.0587 0.0042
vn 0.9843 -0.1765 0.0039
vn 0.9856 -0.1688 0.0039
vn 0.9843 -0.1764 0.0040
vn 0.9117 0.4109 0.0039
vn 0.9310 0.3650 0.0035
vn 0.9117 0.4108 0.0040
vn 0.9406 0.3395 0.0039
vn 0.9800 0.1991 0.0039
vn 0.9951 0.0984 0.0040
vn 0.9972 0.0743 0.0039
vn 0.9948 0.0983 0.0275
vn 0.9943 0.1062 0.0040
vn 0.9371 0.3410 0.0745
vn 0.9032 0.4262 0.0508
vn 0.9397 0.3420 0.0038
vn 0.9043 0.4268 0.0041
vn 0.9043 0.4269 0.0040
vn 0.8723 0.4890 0.0039
vn -0.1305 -0.9914 0.0038
vn -0.5262 -0.8503 0.0038
vn -0.8350 -0.5502 0.0037
vn -0.9298 0.3680 0.0040
vn -0.9103 0.4139 0.0040
vn -0.9104 0.4138 0.0039
vn -0.9397 0.3420 0.0039
vn -0.9744 0.2250 0.0040
vn -0.9797 0.2006 0.0039
vn -0.9951 0.0991 0.0039
vn -0.9972 0.0748 0.0039
vn -0.9947 0.0991 0.0277
vn -0.9951 0.0992 0.0038
vn -0.9355 0.3434 0.0829
vn -0.9018 0.4292 0.0511
vn -0.9397 0.3420 0.0038
vn -0.9030 0.4296 0.0038
vn -0.8704 0.4923 0.0039
vn 0.9073 -0.4204 0.0039
vn 0.9074 -0.4203 0.0040
vn 0.7597 -0.0276 -0.6497
vn 0.7451 -0.0276 -0.6664
vn 0.7874 -0.0431 -0.6150
vn 0.8037 -0.0588 -0.5921
vn 0.0039 -0.9966 -0.0827
vn 0.0037 -0.9966 -0.0828
vn -0.0040 -0.9446 -0.3282
vn 0.0119 -0.9446 -0.3280
vn 0.0040 -0.8061 -0.5917
vn 0.0039 -0.5879 -0.8089
vn 0.0040 -0.8062 -0.5917
vn 0.0040 -0.5880 -0.8089
vn 0.0040 -0.3446 -0.9387
vn 0.0039 -0.5880 -0.8089
vn 0.0040 -0.3680 -0.9298
vn 0.0040 -0.0912 -0.9958
vn 0.0039 -0.3611 -0.9325
vn 0.0038 -0.0829 -0.9966
vn 0.0040 -0.0913 -0.9958
vn 0.0040 -0.0826 -0.9966
vn -0.7071 -0.7071 0.0041
vn -0.7071 -0.7071 0.0038
vn -0.7070 -0.7072 0.0041
vn -0.7071 -0.7071 0.0039
vn -0.0039 0.0118 0.9999
vn 0.0118 -0.0040 -0.9999
vn 0.0119 -0.0039 -0.9999
vn 0.0039 0.7949 0.6068
vn 0.0039 0.6157 0.7880
vn 0.0038 0.8491 0.5282
vn 0.0040 0.9799 0.1992
vn 0.0037 0.9856 0.1688
vn -0.1948 -0.9808 0.0038
vn -0.3843 -0.9232 0.0039
vn -0.3843 -0.9232 0.0037
vn -0.3843 -0.9232 0.0040
vn -0.7072 -0.7071 0.0038
vn -0.3844 -0.9232 0.0042
vn -0.7072 -0.7070 0.0036
vn -0.3843 -0.9232 0.0038
vn -0.3843 -0.9232 0.0036
vn 0.7109 -0.7033 0.0037
vn -0.0040 -0.0040 -1.0000
vn -0.0039 -0.0039 -1.0000
vn -0.2564 0.0039 -0.9666
vn -0.3210 0.0040 -0.9471
vn -0.6367 0.0039 -0.7711
vn -0.6870 0.0035 -0.7266
vn -0.7640 0.0040 -0.6452
vn -0.7568 0.0039 -0.6536
vn -0.7602 0.0039 -0.6497
vn -0.7600 0.0040 -0.6499
vn -0.6058 0.0037 -0.7956
vn -0.6057 0.0040 -0.7957
vn -0.2174 0.0039 -0.9761
vn -0.2173 0.0039 -0.9761
vn 0.2637 0.0039 -0.9646
vn 0.3280 0.0039 -0.9447
vn 0.6413 0.0040 -0.7672
vn 0.6910 0.0038 -0.7229
vn 0.7672 0.0039 -0.6413
vn 0.7601 0.0040 -0.6498
vn 0.7600 0.0038 -0.6499
vn 0.7639 0.0040 -0.6454
vn 0.7633 0.0039 -0.6460
vn 0.6107 0.0039 -0.7919
vn 0.6106 0.0039 -0.7919
vn 0.2248 0.0039 -0.9744
vn 0.2249 0.0039 -0.9744
vn 0.9176 0.3944 0.0508
vn 0.9176 0.3943 0.0506
vn 0.9176 0.3943 0.0507
vn 0.9134 0.4038 0.0509
vn 0.9134 0.4038 0.0508
vn -0.9163 0.3972 0.0511
vn -0.9164 0.3971 0.0510
vn -0.9162 0.3973 0.0513
vn -0.9121 0.4067 0.0513
vn -0.9048 0.4228 0.0514
vn -0.9047 0.4229 0.0514
vn -0.0040 0.0040 -1.0000
vn -0.1225 0.0514 -0.9911
vn -0.1226 0.0514 -0.9911
vn -0.0356 0.0118 -0.9993
vn -0.0038 0.0041 -1.0000
vn 0.0119 0.0039 -0.9999
vn 0.0356 0.0118 -0.9993
vn 0.1225 0.0515 -0.9911
vn 0.1302 0.0514 -0.9902
vn -0.9090 0.0036 -0.4168
vn -0.9777 0.0038 -0.2098
vn -0.9777 0.0037 -0.2098
vn -0.9104 0.0041 -0.4138
vn -0.7379 0.0038 -0.6748
vn -0.7188 0.0039 -0.6952
vn -0.4957 0.0040 -0.8685
vn -0.5577 -0.0751 -0.8266
vn -0.6909 -0.0276 -0.7224
vn -0.6919 -0.0992 -0.7152
vn -0.3442 -0.1305 -0.9298
vn -0.3515 0.0040 -0.9362
vn -0.6204 -0.1462 -0.7706
vn -0.7036 -0.1791 -0.6877
vn -0.7235 -0.2016 -0.6602
vn -0.7343 -0.2501 -0.6311
vn -0.7635 -0.2967 -0.5736
vn -0.7576 -0.4244 -0.4958
vn -0.7582 -0.4409 -0.4805
vn -0.7008 -0.6150 -0.3615
vn -0.6757 -0.6678 -0.3122
vn -0.5986 -0.7809 -0.1784
vn -0.5756 -0.8058 -0.1389
vn -0.5327 -0.8405 -0.0987
vn -0.5514 -0.8292 -0.0913
vn -0.5178 -0.8498 -0.0988
vn -0.7661 -0.6383 -0.0757
vn -0.9081 -0.4164 -0.0436
vn -0.9051 -0.4229 -0.0435
vn -0.9262 -0.3744 -0.0434
vn -0.9193 -0.3911 -0.0435
vn -0.9194 -0.3909 -0.0432
vn -0.8089 0.0040 -0.5879
vn -0.6233 0.0039 -0.7820
vn -0.6231 0.0039 -0.7821
vn -0.7071 0.0039 -0.7071
vn -0.9577 0.0041 -0.2876
vn -0.9841 0.0038 -0.1779
vn -0.0039 0.9605 -0.2783
vn -0.0039 0.9781 -0.2082
vn -0.0039 0.9781 -0.2083
vn 0.0039 0.9978 -0.0666
vn 0.0039 0.9926 0.1216
vn 0.0037 0.8888 0.4583
vn 0.0039 0.8889 0.4581
vn 0.0038 0.6542 0.7563
vn 0.0039 0.6543 0.7562
vn 0.0040 0.5465 0.8374
vn 0.0037 0.5464 0.8375
vn 0.0041 0.5466 0.8374
vn 0.8693 -0.4917 -0.0511
vn 0.8693 -0.4916 -0.0511
vn 0.8693 -0.4917 -0.0512
vn 0.8693 -0.4916 -0.0513
vn 0.1688 0.9856 0.0039
vn 0.1689 0.9856 0.0040
vn -0.1612 0.9869 0.0039
vn -0.1613 0.9869 0.0039
vn 0.9781 0.0038 -0.2082
vn 0.9104 0.0041 -0.4137
vn 0.9781 0.0039 -0.2082
vn 0.9117 0.0038 -0.4109
vn 0.7415 0.0039 -0.6709
vn 0.7030 0.0038 -0.7112
vn 0.5076 0.0040 -0.8616
vn 0.6907 -0.0355 -0.7223
vn 0.5631 -0.0748 -0.8230
vn 0.6917 -0.0989 -0.7154
vn 0.3581 -0.1298 -0.9246
vn 0.3679 0.0039 -0.9298
vn 0.6344 -0.1379 -0.7606
vn 0.7075 -0.1779 -0.6839
vn 0.7272 -0.2005 -0.6565
vn 0.7415 -0.2472 -0.6238
vn 0.7667 -0.2949 -0.5703
vn 0.7685 -0.2877 -0.5715
vn 0.7928 -0.3353 -0.5089
vn 0.7894 -0.3343 -0.5148
vn 0.7907 -0.3423 -0.5075
vn 0.7616 -0.4381 -0.4775
vn 0.7823 -0.3499 -0.5154
vn 0.7823 -0.3499 -0.5153
vn 0.7672 -0.4210 -0.4839
vn 0.7056 -0.6111 -0.3588
vn 0.6800 -0.6642 -0.3105
vn 0.5951 -0.7836 -0.1784
vn 0.5809 -0.8022 -0.1383
vn 0.5423 -0.8352 -0.0911
vn 0.5423 -0.8352 -0.0910
vn 0.5478 -0.8317 -0.0907
vn 0.5235 -0.8463 -0.0984
vn 0.7689 -0.6350 -0.0750
vn 0.9195 -0.3906 -0.0434
vn 0.9095 -0.4134 -0.0433
vn 0.9167 -0.3972 -0.0431
vn 0.9207 -0.3878 -0.0430
vn 0.9208 -0.3878 -0.0430
vn 0.9207 -0.3879 -0.0432
vn 0.0039 -0.9827 0.1854
vn 0.0040 -0.9826 0.1855
vn 0.0040 -0.7985 0.6020
vn 0.0039 -0.7986 0.6018
vn 0.0039 -0.4204 0.9073
vn 0.0039 0.0743 0.9972
vn 0.0038 0.0742 0.9972
vn 0.0036 0.4583 0.8888
vn 0.0040 0.4581 0.8889
vn 0.0040 0.5610 0.8278
vn 0.0037 0.5611 0.8278
vn 0.0036 0.5611 0.8277
vn 0.0041 0.5610 0.8278
vn 0.0038 0.5611 0.8278
vn 0.0037 0.4582 0.8888
vn 0.0039 0.0744 0.9972
vn 0.0040 -0.4202 0.9074
vn 0.0039 -0.7986 0.6019
vn 0.0748 -0.9972 0.0039
vn 0.4072 -0.9133 0.0039
vn 0.0749 -0.9972 0.0040
vn 0.3977 -0.9175 0.0039
vn 0.8023 -0.5968 0.0040
vn 0.8116 -0.5842 0.0039
vn 0.9479 -0.3187 0.0039
vn 0.9478 -0.3187 0.0038
vn 0.9943 -0.1061 0.0039
vn 0.9943 -0.1062 0.0039
vn 0.2545 0.9671 0.0039
vn 0.4170 0.9089 -0.0039
vn 0.4581 0.8889 0.0038
vn 0.6375 0.7705 -0.0039
vn 0.5894 0.8079 0.0040
vn 0.4582 0.8889 0.0039
vn 0.7071 0.7071 0.0036
vn 0.5429 0.8398 0.0039
vn 0.4581 0.8889 0.0039
vn -0.2470 0.9690 0.0041
vn -0.4518 0.8921 0.0040
vn -0.4108 0.9117 -0.0039
vn -0.6329 0.7743 -0.0040
vn -0.5841 0.8116 0.0040
vn -0.4520 0.8920 0.0039
vn -0.5374 0.8433 0.0039
vn -0.4519 0.8920 0.0038
vn -0.4519 0.8921 0.0039
vn 0.0038 -0.9146 0.4043
vn 0.0040 -0.9146 0.4043
vn 0.0041 -0.9147 0.4042
vn 0.0039 -0.9146 0.4043
vn 0.0041 -0.9145 0.4045
vn 0.0038 -0.9147 0.4042
vn 0.0039 -0.9146 0.4044
vn 0.0038 -0.9146 0.4042
vn 0.0035 -0.9147 0.4042
vn 0.0042 -0.9146 0.4044
vn 0.0039 0.9187 -0.3949
vn 0.0040 0.9188 -0.3948
vn 0.0038 0.9187 -0.3949
vn 0.0041 0.9188 -0.3947
vn 0.0040 0.9187 -0.3948
vn 0.0039 0.9187 -0.3948
vn 0.0040 0.9187 -0.3949
vn -0.8904 0.4551 0.0039
vn -0.9203 0.3910 0.0119
vn -0.9619 0.2733 0.0040
vn -0.8152 0.5789 0.0197
vn -0.7189 0.6951 0.0039
vn -0.9259 0.3742 0.0513
vn -0.4827 0.8751 0.0353
vn -0.5282 0.8491 -0.0039
vn -0.8225 0.5627 0.0826
vn -0.1370 0.9902 0.0274
vn -0.2638 0.9646 0.0040
vn -0.0510 0.9987 0.0039
vn -0.4762 0.8697 0.1298
vn -0.1215 0.9841 0.1294
vn 0.1447 0.9891 0.0273
vn 0.2618 0.9651 0.0117
vn 0.1291 0.9832 0.1291
vn 0.4981 0.8667 0.0274
vn 0.5133 0.8582 0.0117
vn 0.7071 0.7070 0.0118
vn 0.8215 0.5699 0.0194
vn 0.8920 0.4519 0.0039
vn 0.4822 0.8665 0.1293
vn 0.9215 0.3882 0.0117
vn 0.9626 0.2711 0.0039
vn 0.9270 0.3716 0.0509
vn 0.8251 0.5590 0.0823
vn 0.8267 0.5289 0.1920
vn 0.9328 0.3395 0.1209
vn 0.9265 0.3088 0.2150
vn 0.4733 0.8333 0.2857
vn 0.8277 0.4513 0.3334
vn 0.9147 0.2394 0.3256
vn 0.4862 0.7140 0.5039
vn 0.1212 0.9432 0.3092
vn 0.8123 0.3493 0.4670
vn 0.8250 0.2698 0.4966
vn 0.9114 0.1918 0.3641
vn 0.4889 0.5203 0.7002
vn 0.5033 0.4097 0.7608
vn 0.1448 0.5991 0.7874
vn 0.1606 0.4740 0.8658
vn -0.1530 0.4746 0.8668
vn -0.1372 0.6000 0.7882
vn 0.1362 0.8141 0.5645
vn -0.4975 0.4112 0.7638
vn -0.1286 0.8148 0.5653
vn -0.4833 0.5221 0.7028
vn -0.8225 0.2715 0.4998
vn -0.4816 0.7163 0.5050
vn -0.8096 0.3515 0.4700
vn -0.9133 0.2412 0.3282
vn -0.9102 0.1930 0.3665
vn -0.8254 0.4542 0.3354
vn -0.9254 0.3111 0.2166
vn -0.8242 0.5323 0.1932
vn -0.9318 0.3420 0.1219
vn -0.4673 0.8363 0.2867
vn -0.1136 0.9441 0.3095
vn 0.9799 -0.0746 -0.1849
vn 0.9854 -0.0746 -0.1530
vn 0.9966 -0.0352 -0.0742
vn 0.9416 -0.1459 -0.3035
vn 0.9818 -0.1134 -0.1525
vn 0.8527 -0.2161 -0.4755
vn 0.9397 -0.2084 -0.2713
vn 0.9806 -0.1536 -0.1220
vn 0.7618 -0.2881 -0.5802
vn 0.5699 -0.3341 -0.7507
vn 0.9384 -0.2633 -0.2238
vn 0.9813 -0.1695 -0.0907
vn 0.7624 -0.3989 -0.5095
vn 0.5243 -0.3824 -0.7609
vn 0.2095 -0.4546 -0.8657
vn 0.2095 -0.4069 -0.8891
vn -0.2019 -0.4078 -0.8905
vn 0.5260 -0.5260 -0.6683
vn -0.2021 -0.4555 -0.8670
vn -0.5646 -0.3360 -0.7539
vn 0.2176 -0.6061 -0.7650
vn 0.7605 -0.5005 -0.4138
vn 0.5270 -0.6538 -0.5429
vn 0.9393 -0.3027 -0.1612
vn 0.9809 -0.1852 -0.0591
vn 0.7597 -0.5710 -0.3111
vn 0.9368 -0.3333 -0.1059
vn 0.9808 -0.1929 -0.0275
vn 0.9355 -0.3485 -0.0588
vn 0.9796 -0.2008 -0.0119
vn 0.7611 -0.6192 -0.1933
vn 0.5257 -0.7470 -0.4071
vn 0.2183 -0.7507 -0.6236
vn 0.9304 -0.3654 -0.0277
vn 0.9797 -0.2006 0.0039
vn 0.7590 -0.6410 -0.1141
vn 0.5258 -0.8108 -0.2572
vn 0.2177 -0.8591 -0.4632
vn -0.2105 -0.6072 -0.7661
vn -0.2117 -0.7515 -0.6248
vn 0.2180 -0.9320 -0.2897
vn 0.5303 -0.8366 -0.1374
vn 0.7517 -0.6575 -0.0514
vn -0.2108 -0.8604 -0.4641
vn 0.9309 -0.3653 0.0039
vn 0.9966 -0.0821 0.0039
vn 0.8997 -0.4361 0.0196
vn 0.7561 -0.6544 0.0038
vn 0.8050 -0.5930 0.0196
vn 0.7338 -0.6791 0.0195
vn 0.6747 -0.7378 0.0197
vn 0.5310 -0.8454 -0.0588
vn 0.5317 -0.8469 0.0039
vn 0.4828 -0.8753 0.0276
vn 0.2174 -0.9761 -0.0039
vn 0.2021 -0.9792 0.0198
vn -0.2022 -0.9790 0.0277
vn 0.2179 -0.9624 -0.1624
vn 0.2168 -0.9739 -0.0671
vn -0.2098 -0.9777 -0.0039
vn -0.2106 -0.9336 -0.2901
vn -0.5203 -0.8540 0.0040
vn -0.4707 -0.8819 0.0276
vn -0.2094 -0.9755 -0.0672
vn -0.6701 -0.7420 0.0188
vn -0.7494 -0.6621 0.0039
vn -0.7302 -0.6829 0.0197
vn -0.8022 -0.5967 0.0198
vn -0.5251 -0.8489 -0.0593
vn -0.9298 -0.3681 0.0039
vn -0.8983 -0.4392 0.0119
vn -0.9743 -0.2248 0.0118
vn -0.9794 -0.2021 0.0040
vn -0.9966 -0.0828 0.0036
vn -0.7484 -0.6612 -0.0518
vn -0.9296 -0.3674 -0.0289
vn -0.9792 -0.2027 -0.0121
vn -0.9344 -0.3512 -0.0593
vn -0.9805 -0.1945 -0.0278
vn -0.7555 -0.6451 -0.1147
vn -0.5188 -0.8436 -0.1386
vn -0.9367 -0.3359 -0.0988
vn -0.9818 -0.1851 -0.0433
vn -0.9818 -0.1774 -0.0670
vn -0.7578 -0.6229 -0.1944
vn -0.9384 -0.3049 -0.1624
vn -0.9810 -0.1709 -0.0916
vn -0.7567 -0.5746 -0.3118
vn -0.5204 -0.8137 -0.2589
vn -0.9391 -0.2655 -0.2180
vn -0.9823 -0.1541 -0.1067
vn -0.9818 -0.1381 -0.1303
vn -0.7568 -0.5036 -0.4166
vn -0.2107 -0.9639 -0.1629
vn -0.5199 -0.7503 -0.4083
vn -0.5186 -0.6611 -0.5422
vn -0.5207 -0.5290 -0.6701
vn -0.7586 -0.4019 -0.5128
vn -0.5186 -0.3839 -0.7640
vn -0.7584 -0.2900 -0.5837
vn -0.8506 -0.2176 -0.4787
vn -0.9388 -0.2097 -0.2731
vn -0.9815 -0.1143 -0.1537
vn -0.9416 -0.1460 -0.3034
vn -0.9850 -0.0910 -0.1464
vn -0.9796 -0.0755 -0.1864
vn -0.9878 -0.0517 -0.1469
vn -0.9968 -0.0276 -0.0749
vn 0.9944 -0.1061 0.0040
vn 0.9943 -0.1063 0.0037
vn 0.9478 -0.3188 0.0037
vn 0.9479 -0.3186 0.0039
vn 0.8704 -0.4923 0.0040
vn 0.7882 -0.6155 0.0040
vn 0.4456 -0.8952 0.0040
vn 0.3679 -0.9299 0.0039
vn 0.0748 -0.9972 0.0038
vn 0.0118 0.9604 -0.2784
vn 0.0039 0.9726 -0.2323
vn 0.0118 0.9780 -0.2082
vn 0.0117 0.9604 -0.2783
vn 0.0196 0.8966 0.4425
vn 0.0196 0.8887 0.4580
vn 0.0117 0.7070 0.7071
vn 0.0118 0.6543 0.7562
vn 0.0039 0.6069 0.7948
vn 0.0038 0.6627 0.7489
vn 0.0039 0.5465 0.8375
vn 0.0039 0.5465 0.8374
vn 0.0040 0.0037 -1.0000
vn 0.0039 0.0041 -1.0000
vn 0.0119 0.0040 -0.9999
vn 0.0035 0.0031 -1.0000
vn 0.0035 -0.9577 0.2876
vn 0.0042 -0.9577 0.2877
vn 0.0038 -0.9577 0.2877
vn 0.0041 -0.9577 0.2877
vn 0.0037 -0.9577 0.2877
vn 0.0043 -0.9577 0.2878
vn 0.0034 -0.9577 0.2876
vn 0.0039 -0.9555 0.2948
vn 0.0036 -0.9577 0.2876
vn 0.0039 -0.9556 0.2948
vn 0.0039 -0.9555 0.2949
vn 0.0040 -0.9555 0.2950
vn 0.0038 -0.9556 0.2947
vn 0.0038 -0.9555 0.2948
vn 0.0038 -0.9556 0.2948
vn -0.8024 -0.5968 0.0039
vn -0.8014 -0.5960 0.0510
vn -0.7263 -0.6855 0.0508
vn -0.7947 -0.5891 0.1463
vn -0.7228 -0.6911 0.0038
vn -0.4627 -0.8818 0.0909
vn -0.7325 -0.6612 0.1624
vn -0.7885 -0.5587 0.2574
vn -0.4551 -0.8904 0.0039
vn -0.7320 -0.6133 0.2967
vn -0.7858 -0.4857 0.3830
vn -0.4793 -0.8200 0.3129
vn -0.1229 -0.9866 0.1070
vn -0.1227 -0.9924 0.0039
vn -0.1224 -0.9281 0.3515
vn -0.7282 -0.5472 0.4127
vn -0.7864 -0.3912 0.4781
vn -0.4835 -0.6643 0.5700
vn -0.7257 -0.4322 0.5353
vn -0.7783 -0.3042 0.5492
vn -0.1220 -0.7511 0.6488
vn -0.4703 -0.4309 0.7702
vn -0.7119 -0.3343 0.6176
vn -0.7816 -0.2161 0.5852
vn -0.7171 -0.2416 0.6538
vn -0.7857 -0.0910 0.6119
vn -0.4590 -0.1532 0.8751
vn -0.7117 -0.0983 0.6956
vn -0.7851 -0.0039 0.6194
vn -0.6583 -0.0040 0.7527
vn -0.3585 -0.0039 0.9335
vn -0.1217 -0.4828 0.8673
vn -0.1216 -0.1765 0.9768
vn -0.1061 -0.0039 0.9943
vn 0.1140 -0.0044 0.9935
vn 0.1293 -0.1763 0.9758
vn 0.3654 -0.0039 0.9309
vn 0.1294 -0.4822 0.8664
vn 0.4651 -0.1526 0.8720
vn 0.6627 -0.0040 0.7489
vn 0.1297 -0.7503 0.6482
vn 0.4763 -0.4290 0.7675
vn 0.7152 -0.0978 0.6920
vn 0.7881 -0.0040 0.6156
vn 0.7887 -0.0902 0.6082
vn 0.7209 -0.2403 0.6500
vn 0.7846 -0.2147 0.5816
vn 0.7157 -0.3327 0.6140
vn 0.7815 -0.3024 0.5458
vn 0.7294 -0.4299 0.5322
vn 0.7894 -0.3887 0.4752
vn 0.7317 -0.5439 0.4109
vn 0.7888 -0.4827 0.3807
vn 0.4895 -0.6618 0.5678
vn 0.7356 -0.6099 0.2949
vn 0.7914 -0.5552 0.2559
vn 0.4853 -0.8169 0.3116
vn 0.7361 -0.6573 0.1614
vn 0.7975 -0.5856 0.1452
vn 0.1297 -0.9274 0.3509
vn 0.4688 -0.8787 0.0904
vn 0.1305 -0.9857 0.1065
vn 0.1302 -0.9915 0.0038
vn 0.4613 -0.8872 0.0039
vn 0.7263 -0.6874 0.0036
vn 0.7295 -0.6821 0.0513
vn 0.8052 -0.5930 0.0039
vn 0.8041 -0.5923 0.0510
vn 0.0039 -0.9934 -0.1148
vn 0.0040 -0.9934 -0.1148
vn 0.0038 -0.9934 -0.1148
vn 0.0040 -0.9232 0.3844
vn 0.0041 -0.9232 0.3844
vn 0.0039 -0.9232 0.3843
vn 0.0040 -0.9232 0.3843
vn 0.0041 -0.6367 -0.7711
vn 0.0038 -0.6367 -0.7711
vn 0.0039 -0.6367 -0.7711
vn 0.0037 -0.9934 -0.1147
vn 0.0037 -0.9233 0.3841
vn 0.0037 -0.6366 -0.7712
vn 0.0036 -0.6366 -0.7712
vn 0.0039 -0.6366 -0.7712
vn 0.0039 -0.9793 -0.2022
vn 0.0040 -0.8822 -0.4708
vn 0.0040 -0.8771 -0.4802
vn 0.0040 -0.7071 -0.7071
vn 0.0039 -0.7150 -0.6992
vn 0.0039 -0.7189 -0.6951
vn 0.0036 -0.8737 -0.4864
vn 0.0037 -0.8789 -0.4769
vn 0.0036 -0.9722 -0.2340
vn 0.0040 -0.9744 -0.2249
vn 0.0041 -0.9987 -0.0511
vn 0.0041 -0.9987 -0.0513
vn 0.0039 -0.9881 0.1535
vn 0.0040 -0.9387 0.3446
vn 0.0040 -0.9361 0.3516
vn 0.0039 -0.9362 0.3515
vn 0.0038 -0.9881 0.1535
vn 0.0040 -0.9991 -0.0433
vn 0.0036 -0.9812 -0.1932
vn 0.0039 -0.9809 -0.1947
vn 0.0039 -0.8738 -0.4863
vn 0.0039 -0.6991 -0.7150
vn 0.0039 -0.6951 -0.7189
vn 0.0038 -0.7957 -0.6057
vn 0.0041 -0.9744 -0.2249
vn 0.0039 -0.9793 -0.2024
vn -0.9977 -0.0040 0.0670
vn -0.9978 -0.0042 0.0667
vn -0.9978 -0.0041 0.0667
vn -0.9977 -0.0039 0.0671
vn -0.9978 -0.0041 0.0668
vn -0.9977 -0.0040 0.0669
vn -0.9977 -0.0039 0.0672
vn -0.9978 -0.0041 0.0669
vn -0.9977 -0.0118 0.0671
vn -0.9902 -0.1381 0.0195
vn -0.9977 -0.0118 0.0670
vn -0.9977 0.0039 0.0670
vn -0.9977 -0.0039 0.0670
vn -0.9982 -0.0039 0.0592
vn -0.9998 0.0039 0.0198
vn -0.9977 -0.0670 -0.0039
vn -0.9666 -0.2564 -0.0040
vn -0.9977 -0.0119 0.0669
vn -0.9978 -0.0042 0.0666
vn -0.9764 -0.2096 0.0514
vn -0.9545 -0.2970 0.0278
vn -0.8872 -0.4614 0.0039
vn -0.9295 -0.3679 0.0277
vn -0.7889 -0.6145 -0.0040
vn -0.7956 -0.6054 0.0194
vn -0.7817 -0.6230 0.0278
vn -0.5204 -0.8539 -0.0040
vn -0.5737 -0.8190 0.0119
vn -0.4006 -0.9162 0.0037
vn -0.2416 -0.9704 -0.0040
vn -0.0912 -0.9958 -0.0119
vn -0.0356 -0.9993 -0.0118
vn 0.0039 -0.9999 -0.0119
vn 0.9982 0.0117 -0.0587
vn 0.9982 0.0117 -0.0588
vn 0.9982 0.0113 -0.0591
vn 0.9982 0.0116 -0.0588
vn 0.9982 0.0118 -0.0587
vn 0.9982 0.0116 -0.0589
vn 0.9982 0.0115 -0.0589
vn 0.9982 0.0115 -0.0590
vn 0.9982 0.0114 -0.0590
vn 0.9982 0.0119 -0.0586
vn 0.9982 0.0120 -0.0585
vn 0.0040 -0.9934 -0.1147
vn 0.0040 -0.9548 -0.2972
vn 0.0038 -0.9934 -0.1149
vn 0.0039 -0.9525 -0.3044
vn 0.0036 -0.7780 -0.6282
vn 0.0040 -0.7712 -0.6366
vn 0.0035 -0.7149 -0.6993
vn 0.0039 -0.8789 -0.4769
vn 0.0039 -0.9744 -0.2248
vn 0.0037 -0.9987 -0.0515
vn 0.0040 -0.9881 0.1536
vn 0.0037 -0.9422 0.3350
vn 0.0040 -0.9396 0.3421
vn 0.0040 -0.9867 0.1625
vn 0.0038 -0.9904 0.1381
vn 0.0040 -0.9666 -0.2564
vn 0.0039 -0.9640 -0.2659
vn 0.0039 -0.8023 -0.5969
vn 0.0036 -0.7891 -0.6142
vn 0.0038 -0.7889 -0.6145
vn 0.0037 -0.7958 -0.6056
vn -0.9981 0.0194 -0.0593
vn -0.9941 0.0991 -0.0435
vn -0.9980 0.0196 -0.0594
vn -0.9982 0.0119 -0.0591
vn -0.9982 0.0115 -0.0594
vn -0.9982 0.0119 -0.0592
vn -0.9982 0.0114 -0.0595
vn -0.9982 0.0118 -0.0592
vn -0.9982 0.0117 -0.0592
vn -0.9982 0.0116 -0.0593
vn -0.9982 0.0117 -0.0593
vn 0.9978 -0.0041 0.0665
vn 0.9946 -0.0903 0.0511
vn 0.9977 -0.0119 0.0665
vn 0.9978 -0.0040 0.0665
vn 0.9978 -0.0037 0.0668
vn 0.9978 -0.0041 0.0663
vn 0.9977 -0.0116 0.0668
vn 0.9904 -0.1369 0.0198
vn 0.9977 -0.0118 0.0665
vn 0.9978 -0.0039 0.0665
vn 0.9978 -0.0039 0.0666
vn 0.9978 -0.0039 0.0667
vn 0.9983 -0.0039 0.0588
vn 0.9998 0.0039 0.0196
vn 0.9978 -0.0665 -0.0039
vn 0.9671 -0.2545 -0.0039
vn 0.9977 -0.0117 0.0665
vn 0.9520 -0.3017 0.0509
vn 0.9551 -0.2950 0.0273
vn 0.8889 -0.4581 0.0039
vn 0.9305 -0.3651 0.0275
vn 0.7919 -0.6106 -0.0039
vn 0.7984 -0.6017 0.0197
vn 0.5789 -0.8152 0.0197
vn 0.5017 -0.8650 -0.0039
vn 0.5789 -0.8153 0.0118
vn 0.2877 -0.9577 -0.0039
vn 0.2638 -0.9646 -0.0039
vn 0.2637 -0.9646 -0.0039
vn -0.0197 -0.9173 0.3976
vn -0.0196 -0.9173 0.3976
vn -0.5968 -0.7787 -0.1936
vn -0.7268 -0.6632 -0.1788
vn -0.7661 -0.6073 -0.2104
vn -0.8298 -0.5201 -0.2025
vn -0.8904 -0.3997 -0.2177
vn -0.9360 -0.2567 -0.2409
vn -0.9249 -0.3057 -0.2262
vn -0.9532 -0.1473 -0.2639
vn -0.9587 -0.0828 -0.2722
vn -0.9616 -0.1148 -0.2493
vn 0.0037 0.0036 -1.0000
vn 0.0040 0.9935 0.1139
vn 0.0039 0.9935 0.1139
vn 0.0041 0.9935 0.1139
vn 0.0276 -0.9172 0.3976
vn 0.0276 -0.9171 0.3976
vn 0.0275 -0.9172 0.3976
vn 0.6019 -0.7749 -0.1927
vn 0.7693 -0.6036 -0.2091
vn 0.7305 -0.6595 -0.1775
vn 0.8322 -0.5168 -0.2012
vn 0.8920 -0.3969 -0.2161
vn 0.9370 -0.2548 -0.2391
vn 0.9260 -0.3034 -0.2246
vn 0.9537 -0.1456 -0.2631
vn 0.9593 -0.0823 -0.2702
vn 0.9622 -0.1139 -0.2474
vn -0.9982 0.0592 0.0040
vn -0.9685 0.2490 0.0040
vn -0.9915 0.1304 0.0040
vn -0.9646 0.2637 0.0037
vn -0.9299 0.3679 0.0038
vn -0.9299 0.3679 0.0039
vn -0.8757 0.4829 0.0039
vn -0.8822 0.4708 0.0040
vn -0.7850 0.6194 0.0119
vn -0.7743 0.6327 0.0038
vn -0.7187 0.6951 0.0196
vn -0.7102 0.7022 0.0510
vn -0.7768 0.6270 0.0591
vn -0.7183 0.6948 0.0353
vn -0.6872 0.7264 -0.0039
vn -0.6022 0.7984 0.0038
vn -0.5699 0.8215 0.0196
vn -0.7226 0.6910 -0.0197
vn -0.8975 0.4389 -0.0435
vn -0.5167 0.8561 0.0040
vn -0.4734 0.8804 0.0274
vn -0.6109 0.7917 -0.0039
vn -0.4769 0.8789 0.0039
vn -0.3977 0.9175 0.0039
vn -0.3748 0.9271 0.0039
vn -0.3186 0.9479 0.0040
vn -0.2155 0.9765 0.0039
vn -0.0665 0.9978 0.0039
vn -0.0507 0.9987 0.0040
vn 0.0588 0.9983 0.0040
vn 0.0743 0.9972 0.0040
vn 0.2007 0.9796 0.0036
vn 0.2854 0.9584 0.0037
vn 0.3256 0.9455 0.0039
vn 0.4109 0.9117 0.0040
vn 0.4043 0.9146 0.0039
vn 0.4982 0.8671 0.0039
vn 0.6242 0.7812 -0.0038
vn 0.5226 0.8526 0.0039
vn 0.6156 0.7881 0.0040
vn 0.6913 0.7226 -0.0038
vn 0.8666 0.4978 -0.0355
vn 0.9467 0.3179 -0.0511
vn 0.6068 0.7949 0.0038
vn 0.5573 0.8301 0.0195
vn 0.4793 0.8772 0.0270
vn 0.6787 0.7342 0.0194
vn 0.7226 0.6911 0.0118
vn 0.7765 0.6281 0.0506
vn 0.8002 0.5968 0.0586
vn 0.7139 0.6984 0.0507
vn 0.7743 0.6328 0.0038
vn 0.7842 0.6204 0.0117
vn 0.8616 0.5075 0.0040
vn 0.9074 0.4203 0.0040
vn 0.9074 0.4202 0.0036
vn 0.9397 0.3421 0.0039
vn 0.9319 0.3626 0.0038
vn 0.9625 0.2711 0.0039
vn 0.9584 0.2856 0.0039
vn 0.9869 0.1612 0.0039
vn 0.9952 0.0982 0.0038
vn 0.9987 0.0510 0.0040
vn 0.9966 0.0821 0.0039
vn -0.9502 0.0120 0.3115
vn -0.9503 0.0038 0.3113
vn -0.9502 0.0119 0.3115
vn -0.9502 0.0117 0.3114
vn -0.9502 0.0118 0.3114
vn -0.9502 0.0118 0.3115
vn -0.9526 0.0039 0.3042
vn -0.9548 0.0040 0.2972
vn 0.9512 0.0039 0.3086
vn 0.9510 0.0116 0.3090
vn 0.9510 0.0039 0.3092
vn 0.9509 0.0117 0.3091
vn 0.9510 0.0114 0.3091
vn 0.9509 0.0118 0.3092
vn 0.9509 0.0119 0.3092
vn 0.9510 0.0116 0.3091
vn 0.9533 0.0039 0.3020
vn 0.9556 0.0038 0.2948
vt 0.039612 0.709229
vt 0.144531 0.709229
vt 0.072571 0.756958
vt 0.050842 0.044434
vt 0.056915 0.036133
vt 0.056915 0.044434
vt 0.050842 0.036133
vt 0.760742 0.106445
vt 0.678711 0.097656
vt 0.760254 0.096680
vt 0.674316 0.086914
vt 0.365723 0.091309
vt 0.361816 0.085449
vt 0.365234 0.085449
vt 0.361816 0.091797
vt 0.376465 0.069824
vt 0.365234 0.069824
vt 0.377686 0.069336
vt 0.456787 0.082031
vt 0.378174 0.068359
vt 0.378174 0.065918
vt 0.482178 0.040039
vt 0.483643 0.044434
vt 0.483887 0.042480
vt 0.483398 0.041016
vt 0.377686 0.064941
vt 0.365234 0.003418
vt 0.376709 0.064453
vt 0.365234 0.064453
vt 0.659180 0.308594
vt 0.961426 0.309082
vt 0.961426 0.312988
vt 0.659180 0.312500
vt 0.152100 0.006348
vt 0.108765 0.007324
vt 0.108765 0.006348
vt 0.152100 0.007324
vt 0.152100 0.009277
vt 0.108765 0.009766
vt 0.108765 0.009277
vt 0.152710 0.009766
vt 0.152100 0.033203
vt 0.108765 0.033203
vt 0.152710 0.033203
vt 0.152100 0.036133
vt 0.108765 0.036133
vt 0.108765 0.035156
vt 0.152100 0.035156
vt 0.757812 0.584473
vt 0.636719 0.585693
vt 0.636719 0.584229
vt 0.757812 0.585693
vt 0.416260 0.308594
vt 0.034851 0.308594
vt 0.416260 0.293945
vt 0.034851 0.293945
vt 0.264160 0.868652
vt 0.236084 0.871826
vt 0.236084 0.868652
vt 0.264160 0.871826
vt 0.428467 0.305176
vt 0.461914 0.308105
vt 0.428467 0.308105
vt 0.461914 0.305176
vt 0.849121 0.027344
vt 0.790039 0.034180
vt 0.790039 0.027344
vt 0.849121 0.034180
vt 0.569336 0.604736
vt 0.534668 0.604736
vt 0.569336 0.574951
vt 0.534668 0.574951
vt 0.949707 0.321289
vt 0.660645 0.316895
vt 0.949707 0.316895
vt 0.660645 0.321289
vt 0.336914 0.335449
vt 0.356201 0.335449
vt 0.336914 0.345703
vt 0.356201 0.345703
vt 0.328125 0.646484
vt 0.024155 0.642090
vt 0.328613 0.642090
vt 0.024155 0.646484
vt 0.022324 0.659424
vt 0.326416 0.655029
vt 0.326660 0.659424
vt 0.022324 0.655029
vt 0.125854 0.059082
vt 0.125854 0.049805
vt 0.130737 0.059082
vt 0.130737 0.049805
vt 0.243774 0.223633
vt 0.234375 0.218750
vt 0.243774 0.218750
vt 0.234375 0.223633
vt 0.059906 0.955750
vt 0.027924 0.983688
vt 0.027924 0.955750
vt 0.059906 0.983688
vt 0.775879 0.602539
vt 0.633789 0.602539
vt 0.633789 0.606689
vt 0.775879 0.606689
vt 0.939941 0.052246
vt 0.939941 0.064941
vt 0.944824 0.064941
vt 0.944824 0.052246
vt 0.783691 0.592041
vt 0.634766 0.591797
vt 0.783691 0.596191
vt 0.634766 0.596191
vt 0.322754 0.220703
vt 0.335693 0.220703
vt 0.322754 0.215820
vt 0.335693 0.215820
vt 0.020981 0.670898
vt 0.170044 0.666748
vt 0.020981 0.666748
vt 0.170044 0.670898
vt 0.854980 0.200684
vt 0.868164 0.205566
vt 0.868164 0.200684
vt 0.854980 0.205566
vt 0.283936 0.207031
vt 0.433105 0.203125
vt 0.283936 0.203125
vt 0.433105 0.207031
vt 0.673828 0.168457
vt 0.686523 0.168457
vt 0.686523 0.163574
vt 0.673828 0.163574
vt 0.329102 0.670410
vt 0.180054 0.666260
vt 0.180054 0.670410
vt 0.329102 0.666260
vt 0.710938 0.796143
vt 0.723633 0.796143
vt 0.710938 0.791138
vt 0.723633 0.791138
vt 0.091309 0.476562
vt 0.073181 0.444336
vt 0.091309 0.444336
vt 0.073181 0.476562
vt 0.252197 0.399414
vt 0.252197 0.381348
vt 0.277100 0.399414
vt 0.277100 0.381348
vt 0.073181 0.502930
vt 0.073181 0.481934
vt 0.091309 0.502930
vt 0.091309 0.481934
vt 0.972168 0.333984
vt 0.990234 0.286621
vt 0.990234 0.333984
vt 0.972168 0.286621
vt 0.113037 0.133301
vt 0.104858 0.133301
vt 0.104858 0.128418
vt 0.113037 0.128418
vt 0.114563 0.155762
vt 0.106323 0.155762
vt 0.106323 0.150879
vt 0.114563 0.150879
vt 0.085632 0.076660
vt 0.118286 0.076660
vt 0.085632 0.084961
vt 0.118286 0.084961
vt 0.118530 0.103027
vt 0.083008 0.103027
vt 0.118530 0.095215
vt 0.083008 0.095215
vt 0.084839 0.119141
vt 0.117493 0.114746
vt 0.120361 0.119141
vt 0.084839 0.114746
vt 0.078796 0.171875
vt 0.127075 0.171875
vt 0.078796 0.180176
vt 0.127075 0.180176
vt 0.128662 0.194336
vt 0.077820 0.186523
vt 0.128662 0.186523
vt 0.077820 0.194336
vt 0.087585 0.128418
vt 0.095764 0.128418
vt 0.095764 0.132812
vt 0.087585 0.132812
vt 0.079651 0.166504
vt 0.127930 0.162109
vt 0.130493 0.166504
vt 0.079651 0.162109
vt 0.087036 0.150879
vt 0.095276 0.154785
vt 0.087036 0.154785
vt 0.095276 0.150879
vt 0.551758 0.881592
vt 0.561523 0.890320
vt 0.551758 0.890320
vt 0.561523 0.881592
vt 0.568359 0.890930
vt 0.568359 0.881042
vt 0.577148 0.890930
vt 0.577148 0.881042
vt 0.577148 0.907593
vt 0.567383 0.898010
vt 0.577148 0.898010
vt 0.567383 0.907593
vt 0.563965 0.875671
vt 0.554199 0.865845
vt 0.563965 0.865845
vt 0.554199 0.875671
vt 0.551758 0.897949
vt 0.561035 0.897949
vt 0.551758 0.906677
vt 0.561035 0.906677
vt 0.806641 0.652344
vt 0.708984 0.660400
vt 0.708984 0.652344
vt 0.806641 0.660400
vt 0.811523 0.660400
vt 0.909668 0.652344
vt 0.909668 0.660400
vt 0.811523 0.652344
vt 0.092712 0.027344
vt 0.042480 0.027344
vt 0.090332 0.023438
vt 0.044830 0.023438
vt 0.084656 0.018066
vt 0.050568 0.018066
vt 0.057373 0.013672
vt 0.077820 0.013672
vt 0.161133 0.123535
vt 0.130249 0.141602
vt 0.160767 0.119141
vt 0.167358 0.120605
vt 0.166870 0.115723
vt 0.172485 0.119141
vt 0.172485 0.114746
vt 0.315674 0.096680
vt 0.342285 0.098633
vt 0.323730 0.092285
vt 0.342529 0.094727
vt 0.339355 0.072754
vt 0.338379 0.071777
vt 0.340576 0.073730
vt 0.348145 0.081543
vt 0.348145 0.094727
vt 0.342285 0.074219
vt 0.348877 0.080566
vt 0.343994 0.073730
vt 0.345215 0.072754
vt 0.350098 0.080078
vt 0.352051 0.072754
vt 0.352051 0.080078
vt 0.353760 0.072754
vt 0.353516 0.080566
vt 0.355225 0.073242
vt 0.355225 0.082031
vt 0.293945 0.125488
vt 0.129883 0.145020
vt 0.160767 0.127441
vt 0.268799 0.116699
vt 0.167114 0.124512
vt 0.172119 0.123047
vt 0.342041 0.102051
vt 0.342041 0.107422
vt 0.912598 0.886108
vt 0.912598 0.785400
vt 0.918457 0.878418
vt 0.918457 0.784546
vt 0.924316 0.868774
vt 0.924316 0.784180
vt 0.927246 0.838135
vt 0.927246 0.784180
vt 0.953613 0.868774
vt 0.950195 0.838135
vt 0.955078 0.784180
vt 0.950195 0.784180
vt 0.956543 0.873901
vt 0.958984 0.784424
vt 0.959473 0.878357
vt 0.961426 0.860107
vt 0.964844 0.785400
vt 0.964844 0.860107
vt 0.961426 0.866943
vt 0.964844 0.866943
vt 0.964844 0.886108
vt 0.122559 0.977905
vt 0.112976 0.977676
vt 0.113647 0.976562
vt 0.122375 0.976608
vt 0.114868 0.975296
vt 0.122192 0.975113
vt 0.122314 0.968964
vt 0.076416 0.968628
vt 0.082031 0.974533
vt 0.076477 0.964722
vt 0.076416 0.974503
vt 0.124451 0.965088
vt 0.076416 0.976196
vt 0.076477 0.961212
vt 0.083557 0.976242
vt 0.076416 0.977890
vt 0.084106 0.977936
vt 0.129883 0.961609
vt 0.076721 0.943878
vt 0.160767 0.946045
vt 0.166382 0.944275
vt 0.017059 0.920105
vt 0.016983 0.943451
vt 0.214355 0.921387
vt 0.017044 0.916992
vt 0.172729 0.943481
vt 0.215454 0.918335
vt 0.210205 0.929688
vt 0.017075 0.913879
vt 0.216187 0.915161
vt 0.318115 0.936401
vt 0.314209 0.929688
vt 0.307861 0.943481
vt 0.322021 0.939575
vt 0.216187 0.856201
vt 0.328125 0.940735
vt 0.372803 0.943481
vt 0.022751 0.869141
vt 0.016891 0.869751
vt 0.282471 0.840088
vt 0.329102 0.858154
vt 0.329834 0.854614
vt 0.336182 0.858154
vt 0.469482 0.854614
vt 0.581543 0.857788
vt 0.474365 0.853149
vt 0.478027 0.849854
vt 0.485596 0.837646
vt 0.684082 0.837646
vt 0.583984 0.859497
vt 0.589844 0.862549
vt 0.584961 0.862549
vt 0.684082 0.915405
vt 0.589355 0.915161
vt 0.684082 0.921570
vt 0.589355 0.921326
vt 0.589355 0.933228
vt 0.684082 0.944458
vt 0.587402 0.937836
vt 0.684570 0.946564
vt 0.583008 0.940735
vt 0.495117 0.947083
vt 0.491211 0.944672
vt 0.486816 0.943542
vt 0.510742 0.961914
vt 0.687012 0.949799
vt 0.410645 0.943481
vt 0.375977 0.944458
vt 0.407227 0.944641
vt 0.378418 0.946472
vt 0.405029 0.946533
vt 0.403076 0.949860
vt 0.380371 0.949890
vt 0.381104 0.953552
vt 0.402344 0.953583
vt 0.381104 0.961945
vt 0.402344 0.961945
vt 0.381104 0.965454
vt 0.402344 0.965454
vt 0.402344 0.969360
vt 0.381104 0.969345
vt 0.402344 0.977386
vt 0.381104 0.977371
vt 0.689453 0.951080
vt 0.994141 0.962250
vt 0.994141 0.951263
vt 0.513672 0.965454
vt 0.994141 0.965759
vt 0.515137 0.969345
vt 0.994141 0.969650
vt 0.515137 0.977356
vt 0.994141 0.977676
vt 0.942383 0.595459
vt 0.941406 0.595459
vt 0.942383 0.594727
vt 0.941406 0.590576
vt 0.952148 0.591064
vt 0.952148 0.590576
vt 0.963379 0.590576
vt 0.962402 0.594727
vt 0.963379 0.595459
vt 0.962402 0.595459
vt 0.913086 0.291992
vt 0.955078 0.301758
vt 0.863770 0.301758
vt 0.863770 0.291992
vt 0.724609 0.301758
vt 0.724609 0.291992
vt 0.719727 0.291992
vt 0.719727 0.301758
vt 0.714844 0.291992
vt 0.714844 0.301758
vt 0.700195 0.291992
vt 0.685059 0.297852
vt 0.677246 0.300293
vt 0.666504 0.301758
vt 0.660645 0.301758
vt 0.769531 0.095703
vt 0.769531 0.053711
vt 0.771484 0.053711
vt 0.770996 0.098633
vt 0.773438 0.057129
vt 0.772949 0.100098
vt 0.799316 0.095215
vt 0.807129 0.098633
vt 0.947266 0.118164
vt 0.947266 0.113281
vt 0.953125 0.114258
vt 0.952637 0.119141
vt 0.958984 0.117676
vt 0.958496 0.122070
vt 0.989258 0.139160
vt 0.886719 0.613770
vt 0.877441 0.613770
vt 0.885742 0.612549
vt 0.877441 0.612549
vt 0.884766 0.611084
vt 0.877441 0.611084
vt 0.877441 0.604736
vt 0.923340 0.604736
vt 0.917480 0.611084
vt 0.923340 0.600830
vt 0.923340 0.611084
vt 0.875000 0.600830
vt 0.923340 0.612305
vt 0.923340 0.597412
vt 0.916016 0.612305
vt 0.923340 0.614014
vt 0.915527 0.614014
vt 0.869629 0.597168
vt 0.922852 0.579834
vt 0.838867 0.581299
vt 0.812988 0.567871
vt 0.810059 0.556396
vt 0.806641 0.565674
vt 0.800293 0.564697
vt 0.982422 0.556641
vt 0.982422 0.580078
vt 0.628418 0.564209
vt 0.810059 0.553223
vt 0.982422 0.553467
vt 0.525391 0.555664
vt 0.810059 0.550049
vt 0.982422 0.550293
vt 0.525391 0.552490
vt 0.525391 0.549316
vt 0.718262 0.474609
vt 0.977051 0.505371
vt 0.982422 0.506104
vt 0.670898 0.488281
vt 0.531738 0.487793
vt 0.526855 0.486816
vt 0.523438 0.483398
vt 0.316650 0.549316
vt 0.516113 0.471191
vt 0.316650 0.470703
vt 0.316650 0.552246
vt 0.316650 0.555420
vt 0.520508 0.567871
vt 0.524414 0.564941
vt 0.505859 0.581543
vt 0.529785 0.563965
vt 0.316650 0.578613
vt 0.589355 0.564209
vt 0.316162 0.580811
vt 0.594238 0.565430
vt 0.624023 0.565674
vt 0.621094 0.568848
vt 0.597168 0.568848
vt 0.598145 0.573486
vt 0.619629 0.573486
vt 0.598145 0.596436
vt 0.619629 0.596436
vt 0.598145 0.599854
vt 0.619629 0.599854
vt 0.598145 0.603760
vt 0.619629 0.603760
vt 0.598145 0.611816
vt 0.619629 0.611816
vt 0.489990 0.596436
vt 0.313965 0.583984
vt 0.311035 0.585205
vt 0.006538 0.596191
vt 0.006542 0.585205
vt 0.487061 0.599854
vt 0.006535 0.599609
vt 0.485840 0.603760
vt 0.006535 0.603516
vt 0.006531 0.611572
vt 0.485840 0.611816
vt 0.300781 0.401367
vt 0.329102 0.376953
vt 0.380859 0.401367
vt 0.297363 0.404785
vt 0.386963 0.404785
vt 0.293945 0.408691
vt 0.391846 0.409180
vt 0.646484 0.338867
vt 0.645996 0.333984
vt 0.648438 0.337891
vt 0.648438 0.343262
vt 0.651367 0.341309
vt 0.650879 0.347656
vt 0.656250 0.343750
vt 0.662598 0.344727
vt 0.690918 0.407227
vt 0.849121 0.344238
vt 0.859863 0.368164
vt 0.697266 0.413086
vt 0.869629 0.382812
vt 0.706543 0.416016
vt 0.880859 0.394531
vt 0.894043 0.403320
vt 0.909180 0.409668
vt 0.769531 0.423340
vt 0.993652 0.450684
vt 0.926270 0.413574
vt 0.937988 0.414551
vt 0.948730 0.415039
vt 0.993652 0.415527
vt 0.187744 0.957947
vt 0.190063 0.957947
vt 0.190063 0.960266
vt 0.187744 0.970047
vt 0.190796 0.964630
vt 0.188354 0.971756
vt 0.193237 0.968140
vt 0.190186 0.972321
vt 0.307861 0.972412
vt 0.307861 0.968231
vt 0.309326 0.972412
vt 0.309326 0.968231
vt 0.310791 0.972412
vt 0.310791 0.968231
vt 0.312256 0.972412
vt 0.312256 0.968231
vt 0.355957 0.972443
vt 0.355957 0.968231
vt 0.365234 0.975006
vt 0.076294 0.982559
vt 0.083923 0.982559
vt 0.084412 0.987045
vt 0.076294 0.991417
vt 0.085876 0.988373
vt 0.074829 0.994675
vt 0.111267 0.988373
vt 0.071350 0.996250
vt 0.182373 0.996233
vt 0.112549 0.986961
vt 0.122559 0.982559
vt 0.113037 0.982559
vt 0.380371 0.980545
vt 0.131226 0.978165
vt 0.380371 0.978134
vt 0.401855 0.980545
vt 0.995117 0.996195
vt 0.514648 0.980530
vt 0.995117 0.980515
vt 0.511719 0.978134
vt 0.401855 0.978134
vt 0.495605 0.083008
vt 0.495605 0.004395
vt 0.498779 0.083008
vt 0.498779 0.004395
vt 0.502930 0.083008
vt 0.503418 0.004395
vt 0.507324 0.083008
vt 0.507324 0.004395
vt 0.513184 0.083008
vt 0.513184 0.004395
vt 0.596680 0.004395
vt 0.596680 0.083008
vt 0.602051 0.004395
vt 0.602051 0.083008
vt 0.606445 0.004395
vt 0.606934 0.083008
vt 0.611328 0.004395
vt 0.611328 0.083008
vt 0.614258 0.004395
vt 0.614258 0.083008
vt 0.683594 0.105957
vt 0.679688 0.101074
vt 0.762207 0.108887
vt 0.701172 0.133301
vt 0.762695 0.127441
vt 0.704102 0.135742
vt 0.707520 0.136719
vt 0.786621 0.136230
vt 0.764648 0.127441
vt 0.764160 0.108887
vt 0.793945 0.134277
vt 0.841797 0.117188
vt 0.836914 0.018066
vt 0.833984 0.009277
vt 0.846191 0.005859
vt 0.848633 0.014648
vt 0.848145 0.005371
vt 0.850586 0.014160
vt 0.850098 0.005371
vt 0.852539 0.014160
vt 0.973633 0.014160
vt 0.977051 0.005371
vt 0.975098 0.014648
vt 0.987793 0.005371
vt 0.976074 0.015625
vt 0.989746 0.006348
vt 0.991211 0.008301
vt 0.991211 0.010742
vt 0.976074 0.017578
vt 0.980957 0.042480
vt 0.962891 0.060547
vt 0.980957 0.044922
vt 0.983398 0.054199
vt 0.365967 0.106445
vt 0.449951 0.097656
vt 0.445068 0.102539
vt 0.365234 0.107422
vt 0.427246 0.130371
vt 0.365234 0.115234
vt 0.360107 0.117188
vt 0.360107 0.115234
vt 0.424316 0.133301
vt 0.359863 0.118164
vt 0.420410 0.133789
vt 0.358887 0.118652
vt 0.336914 0.133789
vt 0.356201 0.118652
vt 0.355225 0.118164
vt 0.354736 0.117188
vt 0.329102 0.132812
vt 0.349609 0.115234
vt 0.354736 0.115234
vt 0.349609 0.108887
vt 0.278564 0.117676
vt 0.479980 0.019531
vt 0.451904 0.019531
vt 0.479980 0.017090
vt 0.451904 0.017090
vt 0.479980 0.014160
vt 0.451904 0.014160
vt 0.479980 0.011230
vt 0.451904 0.011230
vt 0.451904 0.006348
vt 0.479980 0.006348
vt 0.888184 0.612549
vt 0.914062 0.612549
vt 0.890137 0.614502
vt 0.912109 0.614502
vt 0.890137 0.618652
vt 0.912109 0.618652
vt 0.687988 0.835327
vt 0.489258 0.835938
vt 0.497070 0.821655
vt 0.687988 0.821167
vt 0.500977 0.814575
vt 0.687988 0.814087
vt 0.506348 0.805176
vt 0.687988 0.804688
vt 0.509766 0.799927
vt 0.687988 0.799561
vt 0.562500 0.787842
vt 0.687988 0.787598
vt 0.559570 0.787720
vt 0.520996 0.787964
vt 0.511230 0.792847
vt 0.557617 0.784302
vt 0.557129 0.781250
vt 0.558105 0.777832
vt 0.564453 0.724365
vt 0.588867 0.733398
vt 0.588867 0.705322
vt 0.561523 0.717773
vt 0.594238 0.725830
vt 0.552246 0.713135
vt 0.381348 0.641357
vt 0.381348 0.660400
vt 0.594238 0.706787
vt 0.601562 0.718506
vt 0.601562 0.708496
vt 0.607910 0.716309
vt 0.607910 0.708984
vt 0.495850 0.432129
vt 0.493896 0.424805
vt 0.509277 0.427246
vt 0.523438 0.478027
vt 0.628418 0.440918
vt 0.628418 0.458008
vt 0.527344 0.481445
vt 0.628906 0.459473
vt 0.531738 0.482910
vt 0.630371 0.459961
vt 0.669922 0.482422
vt 0.634766 0.459961
vt 0.636230 0.459473
vt 0.636719 0.458008
vt 0.636719 0.441895
vt 0.756836 0.457520
vt 0.353271 0.947144
vt 0.344238 0.953857
vt 0.344238 0.949646
vt 0.300537 0.953796
vt 0.300537 0.949615
vt 0.298828 0.953796
vt 0.298828 0.949615
vt 0.297607 0.953796
vt 0.297607 0.949615
vt 0.296143 0.953796
vt 0.296143 0.949615
vt 0.181519 0.953705
vt 0.178345 0.949493
vt 0.176636 0.950073
vt 0.179077 0.957184
vt 0.176025 0.951782
vt 0.178345 0.960419
vt 0.176025 0.963867
vt 0.178345 0.963898
vt 0.287598 0.375488
vt 0.288574 0.374512
vt 0.287842 0.375977
vt 0.286133 0.375977
vt 0.287842 0.385254
vt 0.283691 0.385254
vt 0.283691 0.375977
vt 0.283691 0.388184
vt 0.287842 0.388184
vt 0.283691 0.400879
vt 0.287842 0.421387
vt 0.281494 0.410156
vt 0.240356 0.421387
vt 0.246826 0.410156
vt 0.244629 0.400879
vt 0.240356 0.423828
vt 0.240356 0.388184
vt 0.287842 0.423828
vt 0.244629 0.388184
vt 0.240356 0.426270
vt 0.240356 0.385254
vt 0.287842 0.426270
vt 0.244629 0.385254
vt 0.240356 0.428223
vt 0.242188 0.375977
vt 0.244629 0.375977
vt 0.240356 0.375977
vt 0.240723 0.375488
vt 0.239624 0.374512
vt 0.287842 0.428223
vt 0.247559 0.433105
vt 0.280762 0.433105
vt 0.246338 0.433594
vt 0.281982 0.433594
vt 0.240356 0.438965
vt 0.287842 0.438965
vt 0.244629 0.438477
vt 0.283691 0.438477
vt 0.244629 0.561279
vt 0.283691 0.561279
vt 0.240356 0.565186
vt 0.287842 0.565186
vt 0.245483 0.563232
vt 0.240845 0.566895
vt 0.247192 0.564453
vt 0.249512 0.564941
vt 0.242554 0.567627
vt 0.251709 0.565186
vt 0.254883 0.567627
vt 0.276611 0.565186
vt 0.273438 0.567627
vt 0.254883 0.569824
vt 0.273438 0.569824
vt 0.285645 0.567627
vt 0.278809 0.564941
vt 0.281006 0.564453
vt 0.286865 0.566406
vt 0.287354 0.566895
vt 0.282715 0.563232
vt 0.512207 0.467285
vt 0.312744 0.467285
vt 0.504395 0.453125
vt 0.312744 0.452637
vt 0.500488 0.445801
vt 0.312744 0.445801
vt 0.494873 0.436523
vt 0.312744 0.436523
vt 0.491699 0.431641
vt 0.312744 0.431152
vt 0.438477 0.419434
vt 0.312744 0.419434
vt 0.441895 0.417969
vt 0.480225 0.419434
vt 0.489746 0.424316
vt 0.443604 0.416016
vt 0.444336 0.412598
vt 0.442871 0.409668
vt 0.436768 0.355957
vt 0.412598 0.365234
vt 0.412354 0.336914
vt 0.438232 0.350586
vt 0.407227 0.357422
vt 0.448975 0.344727
vt 0.618652 0.272461
vt 0.619141 0.291504
vt 0.406982 0.338867
vt 0.399902 0.350586
vt 0.399902 0.340332
vt 0.393799 0.348145
vt 0.393799 0.340820
vt 0.493408 0.295410
vt 0.493408 0.298340
vt 0.490723 0.295410
vt 0.490723 0.298340
vt 0.488281 0.295410
vt 0.488281 0.298340
vt 0.460938 0.295410
vt 0.460938 0.298340
vt 0.429688 0.295410
vt 0.429688 0.298340
vt 0.810059 0.785156
vt 0.810059 0.777222
vt 0.812500 0.785156
vt 0.812500 0.777222
vt 0.814941 0.785156
vt 0.814941 0.777222
vt 0.825684 0.785156
vt 0.825684 0.777222
vt 0.828613 0.785156
vt 0.828613 0.777222
vt 0.832031 0.785156
vt 0.832031 0.777222
vt 0.840820 0.777222
vt 0.840820 0.785156
vt 0.844238 0.785156
vt 0.844238 0.777222
vt 0.847656 0.785156
vt 0.847656 0.777222
vt 0.854004 0.777222
vt 0.854004 0.785156
vt 0.856445 0.785156
vt 0.856445 0.777222
vt 0.858887 0.777222
vt 0.858887 0.785156
vt 0.741699 0.767944
vt 0.741699 0.766602
vt 0.743164 0.766602
vt 0.741699 0.765015
vt 0.746094 0.765015
vt 0.741699 0.755005
vt 0.985840 0.755005
vt 0.985840 0.765015
vt 0.985840 0.752563
vt 0.741699 0.752563
vt 0.985840 0.750122
vt 0.741699 0.750122
vt 0.482666 0.975281
vt 0.481201 0.971848
vt 0.482666 0.965546
vt 0.479248 0.970779
vt 0.481689 0.963287
vt 0.477051 0.971069
vt 0.474609 0.971161
vt 0.476318 0.972763
vt 0.471191 0.969238
vt 0.466553 0.968445
vt 0.431396 0.963562
vt 0.430664 0.966309
vt 0.418945 0.968719
vt 0.419678 0.966370
vt 0.574219 0.604492
vt 0.574219 0.574707
vt 0.579590 0.582031
vt 0.579590 0.604492
vt 0.586426 0.592285
vt 0.587402 0.594971
vt 0.587891 0.604492
vt 0.139648 0.966553
vt 0.167358 0.966553
vt 0.165405 0.968948
vt 0.141846 0.968887
vt 0.165405 0.973312
vt 0.141846 0.973312
vt 0.435059 0.914368
vt 0.345459 0.913452
vt 0.435059 0.912781
vt 0.345459 0.911072
vt 0.435059 0.911133
vt 0.425537 0.908447
vt 0.435059 0.908508
vt 0.419678 0.906189
vt 0.345459 0.906433
vt 0.419678 0.869507
vt 0.345459 0.869263
vt 0.345459 0.864624
vt 0.425537 0.867310
vt 0.435059 0.864624
vt 0.435059 0.867188
vt 0.435059 0.862915
vt 0.345459 0.862183
vt 0.435059 0.861328
vt 0.529297 0.575195
vt 0.529297 0.604736
vt 0.523926 0.582520
vt 0.523926 0.604736
vt 0.517090 0.592773
vt 0.516113 0.595459
vt 0.516113 0.604736
vt 0.560059 0.197266
vt 0.439209 0.197266
vt 0.560059 0.195801
vt 0.438965 0.195801
vt 0.560059 0.193848
vt 0.438232 0.194824
vt 0.429688 0.187012
vt 0.559570 0.192871
vt 0.559570 0.177246
vt 0.427246 0.177734
vt 0.427002 0.185059
vt 0.423828 0.184570
vt 0.385742 0.184570
vt 0.559570 0.175781
vt 0.360840 0.177734
vt 0.360840 0.184570
vt 0.382812 0.185547
vt 0.363770 0.185547
vt 0.365723 0.187500
vt 0.380859 0.187500
vt 0.380127 0.190430
vt 0.366455 0.190430
vt 0.380127 0.194824
vt 0.366455 0.194824
vt 0.380127 0.195801
vt 0.366455 0.196289
vt 0.380127 0.197266
vt 0.366455 0.197266
vt 0.251221 0.185059
vt 0.134888 0.178711
vt 0.247192 0.185547
vt 0.243286 0.187012
vt 0.227051 0.195801
vt 0.134888 0.196289
vt 0.225708 0.196777
vt 0.134888 0.197266
vt 0.176270 0.198730
vt 0.225464 0.198730
vt 0.134888 0.198730
vt 0.360840 0.176270
vt 0.134888 0.177246
vt 0.134888 0.147949
vt 0.137085 0.147949
vt 0.301025 0.127930
vt 0.328369 0.136230
vt 0.336426 0.137207
vt 0.421875 0.136719
vt 0.427246 0.176270
vt 0.425781 0.135742
vt 0.428955 0.133301
vt 0.434082 0.125000
vt 0.559570 0.125000
vt 0.439209 0.200195
vt 0.560059 0.200195
vt 0.447754 0.208496
vt 0.560059 0.208008
vt 0.449463 0.210449
vt 0.560059 0.210449
vt 0.449951 0.212402
vt 0.560059 0.212402
vt 0.984375 0.745850
vt 0.740723 0.745850
vt 0.984375 0.743408
vt 0.740723 0.743408
vt 0.984375 0.740967
vt 0.740723 0.740967
vt 0.744629 0.730957
vt 0.984375 0.730957
vt 0.740723 0.730957
vt 0.742188 0.729492
vt 0.740723 0.729492
vt 0.740723 0.728027
vt 0.419434 0.955109
vt 0.418701 0.952759
vt 0.430176 0.955109
vt 0.466064 0.952698
vt 0.430908 0.957825
vt 0.481445 0.957764
vt 0.470703 0.951843
vt 0.474121 0.949921
vt 0.476562 0.949982
vt 0.476074 0.948303
vt 0.478760 0.950256
vt 0.482422 0.955475
vt 0.480713 0.949188
vt 0.482178 0.945740
vt 0.511719 0.234863
vt 0.362793 0.234863
vt 0.362793 0.239746
vt 0.511719 0.239746
vt 0.362793 0.249023
vt 0.511719 0.249023
vt 0.510742 0.250488
vt 0.349365 0.250488
vt 0.524902 0.249023
vt 0.349365 0.249023
vt 0.686523 0.250488
vt 0.200806 0.249023
vt 0.187378 0.250488
vt 0.200806 0.239746
vt 0.187378 0.249023
vt 0.349365 0.239746
vt 0.349365 0.234863
vt 0.200806 0.234863
vt 0.058960 0.250488
vt 0.187378 0.239746
vt 0.049286 0.239258
vt 0.187378 0.234863
vt 0.045959 0.234863
vt 0.046417 0.236816
vt 0.045959 0.235840
vt 0.673340 0.249023
vt 0.686523 0.249023
vt 0.673340 0.239746
vt 0.524902 0.239746
vt 0.673340 0.234863
vt 0.524902 0.234863
vt 0.835449 0.249023
vt 0.686523 0.239746
vt 0.984863 0.250488
vt 0.835449 0.239746
vt 0.835449 0.234863
vt 0.686523 0.234863
vt 0.848633 0.249023
vt 0.974121 0.242188
vt 0.985352 0.242188
vt 0.972168 0.241211
vt 0.971191 0.239746
vt 0.848633 0.239746
vt 0.971191 0.234863
vt 0.848633 0.234863
vt 0.571777 0.215332
vt 0.474365 0.215332
vt 0.474365 0.217773
vt 0.571777 0.217773
vt 0.474365 0.220215
vt 0.571777 0.220215
vt 0.571777 0.221680
vt 0.580566 0.220215
vt 0.469482 0.221680
vt 0.465332 0.220215
vt 0.375977 0.221680
vt 0.375977 0.217773
vt 0.465332 0.217773
vt 0.465332 0.215332
vt 0.375977 0.215332
vt 0.678223 0.220215
vt 0.580566 0.217773
vt 0.682617 0.221680
vt 0.678223 0.217773
vt 0.678223 0.215332
vt 0.580566 0.215332
vt 0.687500 0.220215
vt 0.785156 0.220215
vt 0.687500 0.217773
vt 0.789551 0.221680
vt 0.785156 0.217773
vt 0.687500 0.215332
vt 0.785156 0.215332
vt 0.793945 0.220215
vt 0.891602 0.220215
vt 0.988770 0.221680
vt 0.891602 0.217773
vt 0.900391 0.220215
vt 0.793945 0.217773
vt 0.793945 0.215332
vt 0.891602 0.215332
vt 0.900391 0.217773
vt 0.991699 0.217773
vt 0.900391 0.215332
vt 0.993164 0.215332
vt 0.993164 0.216797
vt 0.993164 0.216309
vt 0.826660 0.205566
vt 0.826660 0.201660
vt 0.830078 0.201660
vt 0.831055 0.205566
vt 0.832520 0.199219
vt 0.837402 0.199219
vt 0.350098 0.222656
vt 0.350098 0.218262
vt 0.353516 0.218262
vt 0.354492 0.222656
vt 0.355957 0.216309
vt 0.360840 0.216309
vt 0.974121 0.237793
vt 0.974121 0.233887
vt 0.975586 0.233887
vt 0.975098 0.239258
vt 0.977051 0.233887
vt 0.977051 0.240234
vt 0.987793 0.240234
vt 0.987793 0.233887
vt 0.777344 0.572754
vt 0.777344 0.574951
vt 0.766113 0.574951
vt 0.640625 0.572754
vt 0.764648 0.575684
vt 0.763672 0.576904
vt 0.640625 0.576904
vt 0.702148 0.170410
vt 0.702148 0.166504
vt 0.705566 0.166504
vt 0.706543 0.170898
vt 0.708008 0.164551
vt 0.712891 0.164551
vt 0.321533 0.694092
vt 0.321533 0.690186
vt 0.324951 0.690186
vt 0.325928 0.694092
vt 0.327393 0.687988
vt 0.332275 0.687988
vt 0.738770 0.785034
vt 0.742676 0.784912
vt 0.742676 0.788452
vt 0.738770 0.789429
vt 0.745117 0.790649
vt 0.745117 0.795532
vt 0.198242 0.228027
vt 0.198242 0.225586
vt 0.201660 0.225586
vt 0.204346 0.228027
vt 0.205566 0.221680
vt 0.210449 0.221680
vt 0.205200 0.216309
vt 0.200317 0.216309
vt 0.923340 0.675293
vt 0.923340 0.683105
vt 0.919434 0.675293
vt 0.919434 0.683105
vt 0.914551 0.675293
vt 0.914551 0.683105
vt 0.909668 0.675293
vt 0.909668 0.683105
vt 0.905762 0.683105
vt 0.905762 0.675293
vt 0.829102 0.683105
vt 0.829102 0.675293
vt 0.825684 0.675293
vt 0.825684 0.683105
vt 0.820312 0.683105
vt 0.820312 0.675293
vt 0.815430 0.675293
vt 0.815430 0.683105
vt 0.812012 0.675293
vt 0.812012 0.683105
vt 0.994629 0.105957
vt 0.969238 0.083496
vt 0.994629 0.083496
vt 0.954102 0.083008
vt 0.813477 0.086914
vt 0.938965 0.080078
vt 0.928223 0.074707
vt 0.913574 0.060547
vt 0.805664 0.083008
vt 0.903320 0.042480
vt 0.778320 0.042480
vt 0.068176 0.827393
vt 0.068848 0.833862
vt 0.015823 0.866089
vt 0.073364 0.832031
vt 0.072632 0.825073
vt 0.078308 0.830566
vt 0.077515 0.823242
vt 0.083679 0.829346
vt 0.082520 0.821777
vt 0.089050 0.828003
vt 0.087524 0.820435
vt 0.243774 0.805176
vt 0.243774 0.812500
vt 0.310059 0.797852
vt 0.461914 0.789429
vt 0.319824 0.795410
vt 0.327881 0.789673
vt 0.472168 0.786987
vt 0.479736 0.783691
vt 0.366699 0.731689
vt 0.369385 0.723877
vt 0.519531 0.722900
vt 0.517090 0.717041
vt 0.371094 0.715332
vt 0.509277 0.712891
vt 0.371826 0.708008
vt 0.372314 0.669922
vt 0.125122 0.106445
vt 0.125000 0.083496
vt 0.150146 0.083496
vt 0.165649 0.082520
vt 0.308105 0.083984
vt 0.180664 0.079102
vt 0.191650 0.073730
vt 0.206055 0.058594
vt 0.315918 0.080078
vt 0.215698 0.040527
vt 0.343506 0.040527
vt 0.171143 0.108887
vt 0.126343 0.114258
vt 0.126343 0.109863
vt 0.309326 0.086914
vt 0.314453 0.091309
vt 0.317139 0.083496
vt 0.322754 0.086914
vt 0.336670 0.065430
vt 0.337158 0.066406
vt 0.336426 0.063965
vt 0.336426 0.062500
vt 0.344727 0.043457
vt 0.337158 0.061035
vt 0.338623 0.060059
vt 0.340332 0.060059
vt 0.349854 0.047363
vt 0.351318 0.044434
vt 0.341309 0.060059
vt 0.937988 0.465332
vt 0.985840 0.499512
vt 0.937012 0.471680
vt 0.933105 0.469727
vt 0.934082 0.462891
vt 0.928711 0.467773
vt 0.929688 0.460449
vt 0.923828 0.466309
vt 0.924805 0.458984
vt 0.918945 0.465332
vt 0.919922 0.457520
vt 0.763672 0.437012
vt 0.763184 0.444824
vt 0.694336 0.427734
vt 0.638672 0.428711
vt 0.683594 0.424805
vt 0.675293 0.418945
vt 0.638672 0.405762
vt 0.653320 0.392578
vt 0.653809 0.391113
vt 0.652344 0.393555
vt 0.650391 0.395020
vt 0.647949 0.395020
vt 0.637695 0.404297
vt 0.645508 0.394531
vt 0.635742 0.403320
vt 0.633301 0.403320
vt 0.605957 0.393555
vt 0.643555 0.393555
vt 0.631348 0.404297
vt 0.630371 0.405762
vt 0.630859 0.426758
vt 0.541992 0.417480
vt 0.604492 0.393066
vt 0.531250 0.415039
vt 0.603516 0.391113
vt 0.524902 0.411621
vt 0.603516 0.387695
vt 0.483887 0.354004
vt 0.485352 0.349609
vt 0.604492 0.386230
vt 0.493896 0.344727
vt 0.605957 0.385254
vt 0.628906 0.340332
vt 0.628418 0.304199
vt 0.629395 0.347168
vt 0.631348 0.354980
vt 0.633789 0.362793
vt 0.643066 0.385254
vt 0.645508 0.383301
vt 0.647949 0.383301
vt 0.377686 0.663086
vt 0.382568 0.662598
vt 0.372559 0.667725
vt 0.513184 0.711426
vt 0.544922 0.714111
vt 0.520996 0.716064
vt 0.554199 0.718750
vt 0.522949 0.721924
vt 0.557129 0.725342
vt 0.514648 0.788330
vt 0.481934 0.785156
vt 0.505371 0.792969
vt 0.474121 0.788452
vt 0.490479 0.795166
vt 0.462891 0.791016
vt 0.235840 0.823730
vt 0.235352 0.816040
vt 0.089478 0.832764
vt 0.275391 0.838135
vt 0.084473 0.834106
vt 0.079407 0.835449
vt 0.070679 0.839478
vt 0.074829 0.837280
vt 0.021973 0.866943
vt 0.549805 0.274414
vt 0.549805 0.277832
vt 0.549316 0.276367
vt 0.547852 0.277344
vt 0.543945 0.277344
vt 0.123413 0.403320
vt 0.123413 0.395508
vt 0.125488 0.399902
vt 0.130371 0.402344
vt 0.173828 0.403320
vt 0.173828 0.402344
vt 0.351318 0.705811
vt 0.354004 0.701172
vt 0.353027 0.706787
vt 0.351074 0.711182
vt 0.347900 0.709229
vt 0.348877 0.715820
vt 0.343018 0.711914
vt 0.336670 0.712891
vt 0.307861 0.775757
vt 0.149658 0.712891
vt 0.141968 0.730957
vt 0.301270 0.781860
vt 0.135986 0.741455
vt 0.129272 0.750488
vt 0.292236 0.784546
vt 0.121887 0.758301
vt 0.113525 0.765015
vt 0.104431 0.770508
vt 0.094666 0.774780
vt 0.229248 0.791504
vt 0.084290 0.777954
vt 0.005058 0.816284
vt 0.072327 0.780151
vt 0.060577 0.781250
vt 0.049835 0.781372
vt 0.005058 0.781372
vt 0.012054 0.762207
vt 0.009598 0.707275
vt 0.054443 0.744141
vt 0.050964 0.769653
vt 0.011459 0.765137
vt 0.014221 0.771118
vt 0.009583 0.772217
vt 0.010262 0.767944
vt 0.005428 0.775269
vt 0.509766 0.277344
vt 0.509766 0.274414
vt 0.510742 0.275879
vt 0.511719 0.276855
vt 0.516113 0.276855
vt 0.958008 0.339355
vt 0.954590 0.339355
vt 0.958008 0.333984
vt 0.954590 0.333984
vt 0.950684 0.339355
vt 0.950684 0.333984
vt 0.946777 0.339355
vt 0.946777 0.333984
vt 0.942871 0.339355
vt 0.942871 0.333984
vt 0.898438 0.339355
vt 0.898438 0.333984
vt 0.895020 0.333984
vt 0.895020 0.339355
vt 0.891113 0.333984
vt 0.891113 0.339355
vt 0.887207 0.333984
vt 0.887207 0.339355
vt 0.883301 0.333984
vt 0.883301 0.339355
vt 0.672852 0.333984
vt 0.672852 0.339355
vt 0.664062 0.333984
vt 0.664062 0.339355
vt 0.662109 0.333984
vt 0.662109 0.339355
vt 0.776367 0.044434
vt 0.771484 0.047852
vt 0.770020 0.044434
vt 0.798340 0.088867
vt 0.803711 0.084961
vt 0.806152 0.092773
vt 0.811523 0.088867
vt 0.946777 0.107910
vt 0.991211 0.107910
vt 0.991211 0.112793
vt 0.304199 0.560303
vt 0.297119 0.561523
vt 0.295166 0.560303
vt 0.303955 0.561523
vt 0.298340 0.563232
vt 0.303711 0.562988
vt 0.298340 0.566650
vt 0.303711 0.568848
vt 0.301514 0.572266
vt 0.296387 0.569336
vt 0.295654 0.574707
vt 0.291260 0.571289
vt 0.265381 0.577881
vt 0.265625 0.575928
vt 0.263672 0.580566
vt 0.262939 0.579102
vt 0.258057 0.581299
vt 0.257812 0.579834
vt 0.251953 0.581787
vt 0.251953 0.580078
vt 0.125000 0.581543
vt 0.125000 0.580078
vt 0.063477 0.581543
vt 0.063477 0.576416
vt 0.125000 0.576416
vt 0.060486 0.581055
vt 0.059662 0.575439
vt 0.057495 0.580322
vt 0.056732 0.573730
vt 0.054047 0.578857
vt 0.054047 0.573242
vt 0.050812 0.577393
vt 0.051697 0.572754
vt 0.045563 0.570801
vt 0.043640 0.573975
vt 0.041260 0.571533
vt 0.043365 0.568604
vt 0.040314 0.568115
vt 0.042603 0.565918
vt 0.040375 0.560547
vt 0.042633 0.560547
vt 0.115601 0.224121
vt 0.115784 0.228516
vt 0.114990 0.226074
vt 0.113037 0.225098
vt 0.107910 0.225098
vt 0.123962 0.377441
vt 0.125977 0.380859
vt 0.123962 0.385254
vt 0.130859 0.378906
vt 0.174316 0.377441
vt 0.174316 0.378906
vt 0.616211 0.295898
vt 0.621094 0.296387
vt 0.625977 0.300781
vt 0.488770 0.343262
vt 0.457275 0.345215
vt 0.480225 0.348633
vt 0.446533 0.351074
vt 0.478760 0.353027
vt 0.445312 0.355957
vt 0.487305 0.416992
vt 0.520508 0.413574
vt 0.496826 0.421875
vt 0.527344 0.416992
vt 0.511719 0.423828
vt 0.538086 0.418945
vt 0.628418 0.437012
vt 0.628418 0.429199
vt 0.302246 0.229492
vt 0.309326 0.230957
vt 0.300293 0.230469
vt 0.309082 0.229492
vt 0.303467 0.228027
vt 0.308838 0.228027
vt 0.303467 0.224609
vt 0.308838 0.222168
vt 0.306641 0.218750
vt 0.301758 0.221680
vt 0.301025 0.216309
vt 0.296387 0.219727
vt 0.270508 0.212891
vt 0.270996 0.214844
vt 0.268799 0.209961
vt 0.268311 0.211426
vt 0.241577 0.206543
vt 0.241577 0.204590
vt 0.235474 0.205566
vt 0.235474 0.204102
vt 0.229492 0.205078
vt 0.229492 0.203613
vt 0.066650 0.205566
vt 0.066650 0.204102
vt 0.061981 0.204590
vt 0.062012 0.206055
vt 0.057983 0.206055
vt 0.057983 0.207520
vt 0.053802 0.208008
vt 0.053802 0.209473
vt 0.047882 0.212402
vt 0.034058 0.217285
vt 0.046906 0.213379
vt 0.046783 0.215332
vt 0.035980 0.220703
vt 0.031647 0.219727
vt 0.033783 0.222656
vt 0.030731 0.223145
vt 0.033020 0.225098
vt 0.030762 0.230469
vt 0.033020 0.230469
vt 0.303223 0.922119
vt 0.246948 0.918396
vt 0.250488 0.892883
vt 0.330566 0.859863
vt 0.310059 0.923523
vt 0.315186 0.926758
vt 0.330566 0.922607
vt 0.319336 0.932922
vt 0.332520 0.926697
vt 0.323486 0.935852
vt 0.329102 0.937073
vt 0.337158 0.928467
vt 0.567383 0.937073
vt 0.567383 0.928467
vt 0.965820 0.602295
vt 0.972656 0.603271
vt 0.958984 0.602295
vt 0.983398 0.602295
vt 0.983398 0.607178
vt 0.770020 0.106934
vt 0.768555 0.097168
vt 0.770020 0.100098
vt 0.771973 0.101562
vt 0.852051 0.115234
vt 0.946777 0.119629
vt 0.827637 0.124512
vt 0.951660 0.121094
vt 0.958008 0.123535
vt 0.988281 0.140625
vt 0.757324 0.088379
vt 0.760254 0.088379
vt 0.760254 0.094727
vt 0.674316 0.084961
vt 0.757324 0.007324
vt 0.651367 0.043945
vt 0.649902 0.047852
vt 0.649902 0.045898
vt 0.650391 0.044434
vt 0.925781 0.285156
vt 0.876465 0.275391
vt 0.967773 0.275391
vt 0.876465 0.285156
vt 0.737305 0.275391
vt 0.737305 0.285156
vt 0.732422 0.285156
vt 0.732422 0.275391
vt 0.727539 0.285156
vt 0.727539 0.275391
vt 0.712891 0.285156
vt 0.697754 0.279297
vt 0.689941 0.277344
vt 0.679199 0.275879
vt 0.673340 0.275391
vt 0.321777 0.019043
vt 0.312500 0.006836
vt 0.324463 0.010254
vt 0.309814 0.015625
vt 0.310547 0.006348
vt 0.308105 0.015137
vt 0.308594 0.006348
vt 0.306152 0.015137
vt 0.184937 0.015137
vt 0.181641 0.006348
vt 0.171143 0.006348
vt 0.183472 0.015625
vt 0.168945 0.007324
vt 0.167725 0.009277
vt 0.167725 0.011719
vt 0.182495 0.016602
vt 0.182495 0.018555
vt 0.177734 0.043457
vt 0.196045 0.061523
vt 0.177979 0.045898
vt 0.175293 0.055176
vt 0.333984 0.034668
vt 0.322021 0.033691
vt 0.333984 0.033691
vt 0.289795 0.034668
vt 0.319824 0.031738
vt 0.309326 0.025879
vt 0.318848 0.029297
vt 0.318848 0.025879
vt 0.312744 0.021973
vt 0.289795 0.025879
vt 0.287354 0.034668
vt 0.287354 0.025879
vt 0.285156 0.025879
vt 0.285156 0.034668
vt 0.281006 0.025879
vt 0.281006 0.034668
vt 0.278564 0.025879
vt 0.278564 0.034668
vt 0.276367 0.025879
vt 0.276367 0.034668
vt 0.256592 0.025879
vt 0.247192 0.025391
vt 0.253174 0.021973
vt 0.246826 0.030762
vt 0.245239 0.032715
vt 0.242798 0.033691
vt 0.232056 0.034668
vt 0.232056 0.033691
vt 0.228394 0.034668
vt 0.228394 0.033691
vt 0.226807 0.033691
vt 0.225342 0.034668
vt 0.225342 0.032715
vt 0.222656 0.033691
vt 0.222656 0.031250
vt 0.219727 0.032715
vt 0.219727 0.030273
vt 0.216797 0.030762
vt 0.216797 0.032715
vt 0.213989 0.031738
vt 0.213989 0.033691
vt 0.212036 0.032715
vt 0.212036 0.034668
vt 0.210571 0.033691
vt 0.210083 0.034668
vt 0.208130 0.033691
vt 0.208130 0.034668
vt 0.205322 0.033691
vt 0.205322 0.034668
vt 0.202393 0.033691
vt 0.202393 0.034668
vt 0.199463 0.033691
vt 0.199463 0.034668
vt 0.196533 0.033691
vt 0.196533 0.034668
vt 0.956543 0.609375
vt 0.956543 0.609131
vt 0.963867 0.609131
vt 0.950195 0.610107
vt 0.939453 0.609131
vt 0.939453 0.614014
vt 0.223999 0.504150
vt 0.223999 0.532959
vt 0.188843 0.532959
vt 0.188843 0.500000
vt 0.215820 0.490234
vt 0.195801 0.423340
vt 0.215820 0.423340
vt 0.166016 0.423340
vt 0.149170 0.458984
vt 0.149170 0.450195
vt 0.145874 0.423340
vt 0.144653 0.450195
vt 0.145874 0.472656
vt 0.145874 0.458984
vt 0.140991 0.495605
vt 0.140991 0.472656
vt 0.160034 0.500000
vt 0.157593 0.500732
vt 0.136841 0.502686
vt 0.156616 0.503174
vt 0.156616 0.509521
vt 0.155640 0.512451
vt 0.152466 0.513428
vt 0.141113 0.513428
vt 0.138794 0.514648
vt 0.137817 0.516846
vt 0.136841 0.519531
vt 0.137817 0.519531
vt 0.946289 0.020508
vt 0.881348 0.031250
vt 0.876465 0.020508
vt 0.941406 0.031250
vt 0.883301 0.033203
vt 0.938965 0.033203
vt 0.886230 0.034180
vt 0.936523 0.034180
vt 0.637695 0.010254
vt 0.635254 0.012207
vt 0.632812 0.010254
vt 0.637695 0.012207
vt 0.636230 0.014160
vt 0.637695 0.014160
vt 0.636719 0.016602
vt 0.637695 0.016602
vt 0.637695 0.019043
vt 0.636719 0.019043
vt 0.637695 0.020508
vt 0.636719 0.020508
vt 0.636719 0.040039
vt 0.637695 0.043457
vt 0.635742 0.041992
vt 0.637695 0.059570
vt 0.633789 0.042969
vt 0.639648 0.060547
vt 0.641602 0.050293
vt 0.626953 0.059570
vt 0.640625 0.062500
vt 0.626953 0.042969
vt 0.641602 0.065430
vt 0.624023 0.043945
vt 0.640625 0.065430
vt 0.623535 0.058594
vt 0.622559 0.055664
vt 0.622559 0.046387
vt 0.641602 0.066895
vt 0.640625 0.066895
vt 0.640625 0.068359
vt 0.641602 0.068359
vt 0.640625 0.072266
vt 0.641602 0.072266
vt 0.640625 0.073730
vt 0.641602 0.073730
vt 0.640625 0.075684
vt 0.641602 0.075684
vt 0.894531 0.776978
vt 0.897461 0.775879
vt 0.897461 0.778320
vt 0.891113 0.776855
vt 0.882812 0.768921
vt 0.887695 0.777832
vt 0.881348 0.768555
vt 0.857422 0.770874
vt 0.853516 0.770264
vt 0.838867 0.768677
vt 0.840332 0.769531
vt 0.838867 0.769165
vt 0.829590 0.769043
vt 0.829590 0.768555
vt 0.958008 0.905396
vt 0.958008 0.908020
vt 0.957031 0.906128
vt 0.955078 0.905396
vt 0.958008 0.903992
vt 0.956543 0.880371
vt 0.963867 0.892639
vt 0.959961 0.902466
vt 0.962402 0.902039
vt 0.963379 0.900879
vt 0.932617 0.905396
vt 0.953613 0.875244
vt 0.924316 0.875244
vt 0.920898 0.880371
vt 0.914062 0.900452
vt 0.914062 0.892639
vt 0.932617 0.931274
vt 0.905273 0.908386
vt 0.905273 0.931274
vt 0.436279 0.278809
vt 0.437500 0.279785
vt 0.437500 0.284668
vt 0.439453 0.284668
vt 0.439453 0.279785
vt 0.442627 0.279785
vt 0.442627 0.284668
vt 0.445557 0.279785
vt 0.445557 0.284668
vt 0.447266 0.284668
vt 0.447266 0.279785
vt 0.450439 0.284668
vt 0.456299 0.279785
vt 0.456299 0.287598
vt 0.450439 0.287598
vt 0.459473 0.287598
vt 0.459473 0.279785
vt 0.462646 0.287598
vt 0.462646 0.279785
vt 0.473389 0.279785
vt 0.473389 0.287598
vt 0.475830 0.279785
vt 0.475830 0.287598
vt 0.478271 0.287598
vt 0.478271 0.279785
vt 0.990723 0.622070
vt 0.950684 0.631592
vt 0.932129 0.622070
vt 0.990723 0.631592
vt 0.954590 0.634033
vt 0.990723 0.634033
vt 0.956055 0.636230
vt 0.990723 0.636230
vt 0.956055 0.639160
vt 0.956055 0.647705
vt 0.955078 0.640137
vt 0.953125 0.640625
vt 0.763672 0.640625
vt 0.956055 0.656494
vt 0.664062 0.647705
vt 0.747559 0.640625
vt 0.664062 0.640625
vt 0.532227 0.647705
vt 0.532227 0.636475
vt 0.664062 0.636475
vt 0.991211 0.676758
vt 0.956055 0.665283
vt 0.956055 0.673828
vt 0.956055 0.676758
vt 0.955078 0.672852
vt 0.991211 0.678955
vt 0.953125 0.672363
vt 0.954590 0.678955
vt 0.763672 0.672363
vt 0.991211 0.681396
vt 0.664062 0.665527
vt 0.950684 0.681396
vt 0.991211 0.690918
vt 0.932129 0.691162
vt 0.747559 0.672363
vt 0.664062 0.672363
vt 0.532227 0.665527
vt 0.532227 0.676758
vt 0.664062 0.676758
vt 0.185547 0.402832
vt 0.180542 0.402832
vt 0.180542 0.395508
vt 0.185547 0.395508
vt 0.190918 0.402832
vt 0.190918 0.395508
vt 0.227417 0.395508
vt 0.233276 0.400879
vt 0.233887 0.402832
vt 0.233887 0.401855
vt 0.543945 0.287598
vt 0.549805 0.283203
vt 0.549805 0.287598
vt 0.543945 0.282715
vt 0.541992 0.287598
vt 0.541992 0.282715
vt 0.518066 0.287109
vt 0.518066 0.282715
vt 0.516113 0.287109
vt 0.516113 0.282715
vt 0.509766 0.283203
vt 0.509766 0.287109
vt 0.095154 0.060059
vt 0.095154 0.049805
vt 0.096008 0.058105
vt 0.098267 0.057129
vt 0.099182 0.042969
vt 0.109009 0.057129
vt 0.099182 0.037109
vt 0.100037 0.039551
vt 0.102173 0.040527
vt 0.108643 0.040527
vt 0.111816 0.041504
vt 0.112000 0.056152
vt 0.112976 0.053223
vt 0.112976 0.043945
vt 0.364502 0.094238
vt 0.455078 0.084473
vt 0.449951 0.095215
vt 0.364990 0.104004
vt 0.363525 0.094727
vt 0.364014 0.104492
vt 0.362061 0.094727
vt 0.360352 0.093750
vt 0.358154 0.093750
vt 0.357422 0.094238
vt 0.353516 0.099121
vt 0.352783 0.101074
vt 0.353760 0.103027
vt 0.358887 0.107422
vt 0.359619 0.108887
vt 0.359131 0.110352
vt 0.115601 0.219727
vt 0.107849 0.214355
vt 0.115540 0.214355
vt 0.107910 0.220703
vt 0.105286 0.214355
vt 0.105347 0.220703
vt 0.075012 0.214844
vt 0.075073 0.220703
vt 0.072449 0.214844
vt 0.072510 0.220703
vt 0.064819 0.220215
vt 0.064758 0.214844
vt 0.185181 0.377930
vt 0.180176 0.385254
vt 0.180176 0.377930
vt 0.185181 0.385254
vt 0.190552 0.377930
vt 0.190552 0.385254
vt 0.227051 0.385254
vt 0.232910 0.379883
vt 0.233521 0.377930
vt 0.233521 0.378906
vt 0.915039 0.623291
vt 0.915527 0.618896
vt 0.923340 0.618896
vt 0.923340 0.627686
vt 0.913574 0.624512
vt 0.924805 0.630859
vt 0.888184 0.624756
vt 0.928223 0.632568
vt 0.817383 0.632568
vt 0.887207 0.623291
vt 0.876953 0.618652
vt 0.886719 0.618652
vt 0.619629 0.616699
vt 0.868164 0.614502
vt 0.619629 0.614258
vt 0.598145 0.616699
vt 0.485840 0.616699
vt 0.006527 0.632080
vt 0.006531 0.616455
vt 0.488770 0.614258
vt 0.598145 0.614258
vt 0.275391 0.471191
vt 0.272217 0.475586
vt 0.271729 0.471680
vt 0.275879 0.475586
vt 0.272705 0.479492
vt 0.276611 0.479492
vt 0.274170 0.499023
vt 0.275879 0.499023
vt 0.274658 0.537598
vt 0.271240 0.538086
vt 0.274658 0.545654
vt 0.270508 0.546143
vt 0.275146 0.553467
vt 0.270996 0.554199
vt 0.814453 0.769775
vt 0.816895 0.768921
vt 0.816895 0.769287
vt 0.801270 0.770508
vt 0.773438 0.768921
vt 0.797363 0.771118
vt 0.767090 0.778320
vt 0.771973 0.769287
vt 0.763672 0.777222
vt 0.760254 0.777466
vt 0.755859 0.776978
vt 0.757324 0.778564
vt 0.755371 0.777832
vt 0.755371 0.779175
vt 0.754883 0.780640
vt 0.750488 0.781616
vt 0.748535 0.782349
vt 0.586914 0.866821
vt 0.581543 0.881165
vt 0.581543 0.866821
vt 0.586426 0.918335
vt 0.581543 0.909363
vt 0.578613 0.914734
vt 0.584473 0.923096
vt 0.580078 0.925720
vt 0.572754 0.916992
vt 0.340332 0.925659
vt 0.345215 0.916931
vt 0.339355 0.914673
vt 0.335205 0.923828
vt 0.333008 0.919922
vt 0.336670 0.909790
vt 0.336670 0.881165
vt 0.333496 0.862427
vt 0.336670 0.865356
vt 0.337646 0.863159
vt 0.340088 0.862427
vt 0.258545 0.553711
vt 0.262451 0.551025
vt 0.261963 0.554443
vt 0.259033 0.550537
vt 0.262695 0.547852
vt 0.259277 0.547363
vt 0.262451 0.526123
vt 0.261230 0.526123
vt 0.262207 0.487305
vt 0.258789 0.486328
vt 0.262451 0.479492
vt 0.258301 0.479004
vt 0.263184 0.471680
vt 0.259033 0.471191
vt 0.024078 0.200195
vt 0.004620 0.006836
vt 0.024094 0.006836
vt 0.004612 0.200195
vt 0.024063 0.579590
vt 0.004589 0.579590
vt 0.077087 0.400391
vt 0.082886 0.396973
vt 0.082886 0.400391
vt 0.074707 0.396973
vt 0.074097 0.401855
vt 0.070862 0.398438
vt 0.071960 0.405273
vt 0.068420 0.402344
vt 0.070251 0.412109
vt 0.061981 0.423340
vt 0.068787 0.423340
vt 0.066528 0.428223
vt 0.060944 0.428223
vt 0.065796 0.432617
vt 0.060455 0.432617
vt 0.065796 0.510010
vt 0.060364 0.510010
vt 0.060883 0.513672
vt 0.066711 0.513916
vt 0.061768 0.516602
vt 0.068787 0.517334
vt 0.063232 0.520264
vt 0.069214 0.520020
vt 0.064819 0.523682
vt 0.069702 0.522705
vt 0.072327 0.529785
vt 0.068481 0.531494
vt 0.070923 0.533936
vt 0.074158 0.531738
vt 0.074768 0.534912
vt 0.077087 0.532471
vt 0.082947 0.534912
vt 0.082947 0.532471
vt 0.971680 0.909546
vt 0.978516 0.913269
vt 0.975586 0.916992
vt 0.974121 0.905579
vt 0.979980 0.908936
vt 0.975098 0.900146
vt 0.983398 0.898499
vt 0.983398 0.892883
vt 0.976562 0.845215
vt 0.849121 0.324707
vt 0.660645 0.330078
vt 0.660645 0.324707
vt 0.849121 0.330078
vt 0.856445 0.324707
vt 0.856445 0.330078
vt 0.859375 0.324707
vt 0.859375 0.330078
vt 0.916504 0.324707
vt 0.916504 0.330078
vt 0.646973 0.168457
vt 0.646973 0.173340
vt 0.644043 0.173340
vt 0.644043 0.166504
vt 0.648438 0.166016
vt 0.645508 0.163574
vt 0.651367 0.164062
vt 0.648926 0.161133
vt 0.666504 0.159668
vt 0.666992 0.157715
vt 0.666504 0.155762
vt 0.668457 0.156738
vt 0.683105 0.150879
vt 0.683105 0.152344
vt 0.687500 0.150879
vt 0.687500 0.149902
vt 0.691895 0.150879
vt 0.691895 0.149414
vt 0.743652 0.149414
vt 0.743652 0.150879
vt 0.748047 0.149902
vt 0.748047 0.151367
vt 0.751465 0.150879
vt 0.751465 0.152344
vt 0.755371 0.152832
vt 0.755371 0.154297
vt 0.760742 0.156738
vt 0.773438 0.161133
vt 0.761719 0.157715
vt 0.762207 0.162109
vt 0.771973 0.162109
vt 0.775879 0.163574
vt 0.774414 0.166016
vt 0.776855 0.166504
vt 0.774414 0.168457
vt 0.776855 0.173340
vt 0.774414 0.173340
vt 0.143188 0.569336
vt 0.147949 0.568115
vt 0.145264 0.571289
vt 0.144409 0.566895
vt 0.141235 0.565918
vt 0.142212 0.564697
vt 0.140259 0.563965
vt 0.141235 0.562744
vt 0.130859 0.543945
vt 0.131592 0.541992
vt 0.131104 0.539795
vt 0.129517 0.538330
vt 0.131104 0.463379
vt 0.129517 0.463379
vt 0.135254 0.450684
vt 0.136719 0.450684
vt 0.137207 0.444336
vt 0.138550 0.444336
vt 0.138672 0.435547
vt 0.139648 0.435547
vt 0.138916 0.430664
vt 0.139771 0.425293
vt 0.138916 0.419434
vt 0.140747 0.420898
vt 0.140747 0.419434
vt 0.143433 0.415527
vt 0.140747 0.416992
vt 0.143677 0.413086
vt 0.146606 0.414062
vt 0.147705 0.409668
vt 0.153442 0.414062
vt 0.152466 0.408691
vt 0.208740 0.414062
vt 0.209595 0.408691
vt 0.214355 0.409668
vt 0.215576 0.414062
vt 0.218384 0.413086
vt 0.218628 0.415527
vt 0.221436 0.416992
vt 0.221436 0.419434
vt 0.221436 0.420898
vt 0.223145 0.419434
vt 0.222290 0.425293
vt 0.223145 0.430664
vt 0.222412 0.435547
vt 0.223389 0.435547
vt 0.223633 0.444336
vt 0.224854 0.444336
vt 0.225342 0.450684
vt 0.226929 0.450684
vt 0.230957 0.463379
vt 0.232544 0.463379
vt 0.232544 0.538330
vt 0.230957 0.539795
vt 0.232178 0.541260
vt 0.230469 0.542236
vt 0.231323 0.543945
vt 0.220825 0.562744
vt 0.221802 0.563965
vt 0.219849 0.564697
vt 0.220825 0.565918
vt 0.217651 0.566895
vt 0.218994 0.569336
vt 0.214111 0.568115
vt 0.216797 0.571289
vt 0.746094 0.213379
vt 0.759766 0.209473
vt 0.759766 0.213379
vt 0.746094 0.209473
vt 0.759766 0.207520
vt 0.746094 0.207520
vt 0.759766 0.205566
vt 0.746582 0.205566
vt 0.760254 0.201172
vt 0.746582 0.201172
vt 0.746094 0.199707
vt 0.760742 0.199707
vt 0.761230 0.198242
vt 0.745117 0.197754
vt 0.763184 0.196289
vt 0.743652 0.196289
vt 0.765625 0.195312
vt 0.741211 0.195312
vt 0.806641 0.191895
vt 0.806641 0.195312
vt 0.692871 0.195312
vt 0.622559 0.191895
vt 0.806641 0.188965
vt 0.622559 0.194824
vt 0.622559 0.188477
vt 0.690430 0.195801
vt 0.687988 0.197754
vt 0.622559 0.197754
vt 0.682617 0.202637
vt 0.622559 0.202637
vt 0.679688 0.205566
vt 0.622559 0.204590
vt 0.622559 0.205566
vt 0.677734 0.207520
vt 0.567383 0.207520
vt 0.567383 0.205566
vt 0.677246 0.209473
vt 0.567383 0.209473
vt 0.622559 0.185059
vt 0.806641 0.185547
vt 0.785156 0.181152
vt 0.789062 0.179199
vt 0.636719 0.180664
vt 0.791016 0.175781
vt 0.632812 0.179199
vt 0.806641 0.156250
vt 0.631348 0.175293
vt 0.791016 0.154297
vt 0.622559 0.155762
vt 0.806641 0.152344
vt 0.631348 0.154297
vt 0.791016 0.142578
vt 0.622559 0.152344
vt 0.631348 0.143555
vt 0.806641 0.139648
vt 0.622559 0.139648
vt 0.790039 0.141113
vt 0.631836 0.141602
vt 0.633789 0.140625
vt 0.788574 0.140625
vt 0.797852 0.138184
vt 0.806641 0.138184
vt 0.790039 0.139160
vt 0.705078 0.139160
vt 0.701172 0.138184
vt 0.699219 0.137207
vt 0.622559 0.137207
vt 0.567871 0.123047
vt 0.685059 0.114258
vt 0.690430 0.123047
vt 0.567871 0.113770
vt 0.682617 0.110352
vt 0.567871 0.109375
vt 0.678711 0.104492
vt 0.567871 0.103516
vt 0.673340 0.098145
vt 0.567871 0.097168
vt 0.668457 0.094727
vt 0.667969 0.089844
vt 0.567871 0.093750
vt 0.646484 0.091309
vt 0.646484 0.089844
vt 0.567871 0.090820
vt 0.142090 0.065918
vt 0.164185 0.071777
vt 0.142090 0.071777
vt 0.164185 0.065918
vt 0.142090 0.062500
vt 0.164185 0.062500
vt 0.142090 0.059570
vt 0.164185 0.059570
vt 0.142090 0.046387
vt 0.164185 0.046387
vt 0.690430 0.785522
vt 0.616211 0.783447
vt 0.690430 0.783447
vt 0.567383 0.785522
vt 0.609863 0.782227
vt 0.604004 0.780518
vt 0.598633 0.777222
vt 0.564453 0.784912
vt 0.593750 0.772949
vt 0.562500 0.782104
vt 0.590820 0.768433
vt 0.561523 0.779053
vt 0.562988 0.775757
vt 0.588867 0.763550
vt 0.586914 0.758545
vt 0.586914 0.740723
vt 0.312012 0.415039
vt 0.385742 0.415039
vt 0.312012 0.416992
vt 0.434082 0.416992
vt 0.391846 0.413574
vt 0.397705 0.412109
vt 0.403320 0.408691
vt 0.437256 0.416504
vt 0.407715 0.404785
vt 0.438965 0.413574
vt 0.410645 0.399902
vt 0.439697 0.410645
vt 0.438477 0.407227
vt 0.413086 0.395020
vt 0.414551 0.390137
vt 0.414795 0.372559
vt 0.444092 0.113281
vt 0.564453 0.122070
vt 0.438477 0.122070
vt 0.564453 0.112793
vt 0.446777 0.108398
vt 0.564453 0.108398
vt 0.450684 0.102539
vt 0.564453 0.102539
vt 0.456543 0.096191
vt 0.564453 0.095703
vt 0.461426 0.092773
vt 0.461670 0.087891
vt 0.564453 0.092285
vt 0.483887 0.089844
vt 0.483643 0.087891
vt 0.564453 0.089355
vt 0.619629 0.202148
vt 0.564941 0.195312
vt 0.619629 0.195312
vt 0.564941 0.203613
vt 0.619629 0.203613
vt 0.508789 0.646729
vt 0.473877 0.648438
vt 0.475830 0.646484
vt 0.510254 0.648438
vt 0.473877 0.656738
vt 0.510254 0.656738
vt 0.831055 0.600586
vt 0.804688 0.594482
vt 0.831055 0.594482
vt 0.804688 0.600586
vt 0.830078 0.601807
vt 0.806152 0.601807
vt 0.813477 0.718506
vt 0.995117 0.727051
vt 0.813477 0.727051
vt 0.995117 0.696045
vt 0.813477 0.704834
vt 0.813477 0.696045
vt 0.064819 0.224609
vt 0.065613 0.226562
vt 0.064758 0.228516
vt 0.066772 0.225586
vt 0.072510 0.225098
vt 0.126953 0.323242
vt 0.123047 0.350586
vt 0.123047 0.332031
vt 0.126953 0.359375
vt 0.134766 0.315918
vt 0.134888 0.366699
vt 0.142700 0.369629
vt 0.142578 0.312988
vt 0.148071 0.312500
vt 0.148193 0.370117
vt 0.306396 0.312012
vt 0.306396 0.370117
vt 0.311523 0.370117
vt 0.311768 0.312012
vt 0.317627 0.354492
vt 0.316406 0.370117
vt 0.320557 0.370117
vt 0.317627 0.328613
vt 0.320557 0.354492
vt 0.316406 0.312500
vt 0.325195 0.354492
vt 0.320557 0.312500
vt 0.324951 0.370117
vt 0.320557 0.328613
vt 0.330566 0.368652
vt 0.324951 0.312500
vt 0.330811 0.354492
vt 0.324951 0.328613
vt 0.385498 0.354492
vt 0.330566 0.314453
vt 0.387451 0.368652
vt 0.330322 0.328613
vt 0.385498 0.328613
vt 0.387451 0.314453
vt 0.076843 0.265137
vt 0.058960 0.254395
vt 0.050598 0.265137
vt 0.187378 0.254395
vt 0.187378 0.265137
vt 0.349365 0.254395
vt 0.510742 0.254395
vt 0.686523 0.254395
vt 0.984863 0.263184
vt 0.984863 0.254395
vt 0.995117 0.265137
vt 0.995117 0.263184
vt 0.181885 0.540283
vt 0.185303 0.544434
vt 0.185303 0.540283
vt 0.180908 0.544189
vt 0.179565 0.538086
vt 0.174683 0.537842
vt 0.730957 0.167969
vt 0.734375 0.172363
vt 0.734375 0.167969
vt 0.729980 0.172363
vt 0.728516 0.166016
vt 0.723633 0.166016
vt 0.753418 0.171875
vt 0.752441 0.165527
vt 0.747559 0.165527
vt 0.754395 0.167969
vt 0.757812 0.171875
vt 0.757812 0.167969
vt 0.267822 0.449707
vt 0.271240 0.453613
vt 0.271240 0.449707
vt 0.266846 0.453613
vt 0.265381 0.447266
vt 0.260498 0.447266
vt 0.161499 0.528320
vt 0.164917 0.532471
vt 0.164917 0.528320
vt 0.160645 0.532471
vt 0.159180 0.526123
vt 0.154297 0.526123
vt 0.191650 0.228027
vt 0.188232 0.226074
vt 0.191650 0.226074
vt 0.185547 0.228027
vt 0.184326 0.221680
vt 0.179443 0.221680
vt 0.184814 0.216309
vt 0.189697 0.216309
vt 0.337646 0.008789
vt 0.336914 0.009766
vt 0.336914 0.008789
vt 0.337646 0.009766
vt 0.338379 0.008789
vt 0.338379 0.010254
vt 0.343750 0.008789
vt 0.346680 0.015625
vt 0.354248 0.015625
vt 0.342041 0.023926
vt 0.340576 0.019531
vt 0.338379 0.023926
vt 0.338379 0.019531
vt 0.337402 0.023926
vt 0.337402 0.019531
vt 0.336426 0.023926
vt 0.336426 0.019531
vt 0.487305 0.068359
vt 0.486328 0.067383
vt 0.487305 0.067383
vt 0.486328 0.068359
vt 0.485596 0.067383
vt 0.485596 0.069336
vt 0.480225 0.067383
vt 0.477295 0.074219
vt 0.469971 0.074219
vt 0.481934 0.082520
vt 0.483398 0.078613
vt 0.485596 0.082520
vt 0.485596 0.078613
vt 0.486572 0.082520
vt 0.486572 0.078613
vt 0.487793 0.082520
vt 0.487793 0.078613
vt 0.032776 0.337891
vt 0.071228 0.355957
vt 0.032745 0.355957
vt 0.071289 0.316895
vt 0.050293 0.316895
vt 0.115723 0.338379
vt 0.077209 0.317383
vt 0.098206 0.317383
vt 0.077209 0.356445
vt 0.115723 0.356445
vt 0.989258 0.136230
vt 0.991211 0.114746
vt 0.991211 0.136230
vt 0.958984 0.114258
vt 0.952637 0.110840
vt 0.947266 0.110352
vt 0.041229 0.195801
vt 0.067688 0.194336
vt 0.063232 0.195801
vt 0.036804 0.194336
vt 0.033020 0.190918
vt 0.071472 0.190918
vt 0.030838 0.185547
vt 0.073669 0.185547
vt 0.062103 0.054688
vt 0.073669 0.052734
vt 0.042450 0.054688
vt 0.062103 0.045898
vt 0.075378 0.045898
vt 0.077393 0.047363
vt 0.030869 0.052734
vt 0.042450 0.045898
vt 0.029175 0.045898
vt 0.027405 0.046875
vt 0.129272 0.138672
vt 0.126831 0.139160
vt 0.126831 0.117188
vt 0.159668 0.116211
vt 0.165894 0.112793
vt 0.171387 0.111816
vt 0.985352 0.368164
vt 0.996094 0.344727
vt 0.998047 0.341309
vt 0.992676 0.349121
vt 0.986816 0.351562
vt 0.981445 0.372559
vt 0.979980 0.353027
vt 0.975098 0.374023
vt 0.964844 0.374023
vt 0.945801 0.374023
vt 0.962402 0.375000
vt 0.961426 0.377930
vt 0.943848 0.373535
vt 0.943848 0.374023
vt 0.925781 0.370605
vt 0.872070 0.353027
vt 0.952148 0.392578
vt 0.961426 0.392578
vt 0.945801 0.390625
vt 0.908203 0.373535
vt 0.899414 0.392578
vt 0.952148 0.401855
vt 0.899414 0.401855
vt 0.906250 0.390625
vt 0.906250 0.374023
vt 0.908203 0.374023
vt 0.890625 0.377930
vt 0.890625 0.392578
vt 0.889648 0.375000
vt 0.886719 0.374023
vt 0.876953 0.374023
vt 0.870605 0.372559
vt 0.864258 0.351562
vt 0.866211 0.368164
vt 0.859375 0.349121
vt 0.855957 0.344727
vt 0.854004 0.341309
vt 0.374268 0.660889
vt 0.379395 0.641357
vt 0.379395 0.660400
vt 0.374268 0.639893
vt 0.368896 0.638672
vt 0.369141 0.665527
vt 0.364014 0.637939
vt 0.364502 0.704834
vt 0.368652 0.705078
vt 0.367920 0.713623
vt 0.358643 0.704834
vt 0.358643 0.637207
vt 0.360352 0.712158
vt 0.359375 0.717529
vt 0.366211 0.722412
vt 0.357666 0.721680
vt 0.363281 0.730713
vt 0.355469 0.726318
vt 0.323730 0.787842
vt 0.315918 0.783081
vt 0.315918 0.793823
vt 0.310059 0.788330
vt 0.306152 0.796509
vt 0.301270 0.790039
vt 0.237549 0.803467
vt 0.237671 0.796753
vt 0.084106 0.817383
vt 0.010818 0.818726
vt 0.010818 0.825562
vt 0.078918 0.818848
vt 0.073792 0.820312
vt 0.069092 0.822632
vt 0.064819 0.825195
vt 0.016541 0.861084
vt 0.010818 0.861694
vt 0.354980 0.063965
vt 0.356445 0.046875
vt 0.356445 0.063965
vt 0.354980 0.046875
vt 0.353516 0.049805
vt 0.353516 0.063965
vt 0.347412 0.063965
vt 0.345703 0.062988
vt 0.344971 0.062988
vt 0.022324 0.695557
vt 0.097656 0.695557
vt 0.058136 0.703613
vt 0.097656 0.703613
vt 0.109009 0.703613
vt 0.109009 0.695557
vt 0.227417 0.695557
vt 0.227417 0.703613
vt 0.233032 0.703613
vt 0.233032 0.695557
vt 0.238770 0.703613
vt 0.238770 0.695557
vt 0.251709 0.703613
vt 0.265625 0.698242
vt 0.272705 0.696777
vt 0.282471 0.695557
vt 0.645020 0.431641
vt 0.765625 0.456055
vt 0.645020 0.439941
vt 0.765625 0.447266
vt 0.916016 0.466797
vt 0.725098 0.470703
vt 0.920898 0.468262
vt 0.926270 0.469727
vt 0.935059 0.474121
vt 0.930664 0.471680
vt 0.983887 0.502930
vt 0.504395 0.802246
vt 0.490723 0.797485
vt 0.506348 0.795288
vt 0.476562 0.848145
vt 0.468018 0.852783
vt 0.472900 0.851440
vt 0.243530 0.824707
vt 0.330078 0.852417
vt 0.108765 0.011230
vt 0.152710 0.011230
vt 0.108765 0.021484
vt 0.156128 0.021484
vt 0.152710 0.031738
vt 0.108765 0.031738
vt 0.623047 0.272461
vt 0.627930 0.291992
vt 0.623047 0.291504
vt 0.627930 0.271484
vt 0.633301 0.270020
vt 0.633301 0.296875
vt 0.638184 0.269043
vt 0.633789 0.335938
vt 0.638184 0.335938
vt 0.634277 0.343750
vt 0.643066 0.335938
vt 0.643066 0.268555
vt 0.642090 0.342285
vt 0.643066 0.347168
vt 0.636230 0.352051
vt 0.644531 0.351562
vt 0.639160 0.360352
vt 0.646973 0.355957
vt 0.656738 0.383301
vt 0.653809 0.382812
vt 0.658691 0.384277
vt 0.685547 0.410156
vt 0.660156 0.386719
vt 0.660156 0.389160
vt 0.659668 0.391113
vt 0.678711 0.415527
vt 0.686523 0.421387
vt 0.692383 0.416016
vt 0.696289 0.424805
vt 0.701172 0.418457
vt 0.765137 0.433105
vt 0.764648 0.426270
vt 0.919434 0.452148
vt 0.992188 0.453125
vt 0.992188 0.459473
vt 0.924316 0.453125
vt 0.929688 0.455078
vt 0.934570 0.457031
vt 0.938477 0.459961
vt 0.986328 0.494141
vt 0.992188 0.494629
vt 0.034302 0.557617
vt 0.034302 0.441895
vt 0.036041 0.557617
vt 0.036041 0.441895
vt 0.036041 0.438477
vt 0.034302 0.438477
vt 0.034302 0.435547
vt 0.036041 0.435547
vt 0.034302 0.432617
vt 0.036041 0.432617
vt 0.036041 0.429688
vt 0.034302 0.429688
vt 0.036041 0.389648
vt 0.034363 0.379883
vt 0.038879 0.383301
vt 0.035828 0.371582
vt 0.042755 0.377930
vt 0.040436 0.363770
vt 0.047302 0.375488
vt 0.045990 0.360840
vt 0.103760 0.360840
vt 0.102417 0.375488
vt 0.109253 0.363770
vt 0.106995 0.377930
vt 0.113892 0.371582
vt 0.110840 0.383301
vt 0.115356 0.379883
vt 0.113708 0.389648
vt 0.115417 0.429688
vt 0.113708 0.429688
vt 0.115417 0.432617
vt 0.113708 0.432617
vt 0.113708 0.435547
vt 0.115417 0.435547
vt 0.115417 0.438477
vt 0.113708 0.438477
vt 0.115417 0.441895
vt 0.113708 0.441895
vt 0.113708 0.557617
vt 0.115479 0.557617
vt 0.166260 0.571777
vt 0.161255 0.571777
vt 0.162842 0.570312
vt 0.167725 0.571045
vt 0.202148 0.570312
vt 0.197266 0.571045
vt 0.198730 0.571777
vt 0.203613 0.571777
vt 0.162842 0.555420
vt 0.202148 0.555420
vt 0.157349 0.553223
vt 0.155151 0.555420
vt 0.207520 0.553223
vt 0.154663 0.552490
vt 0.209717 0.555420
vt 0.151611 0.554443
vt 0.210327 0.552490
vt 0.152710 0.550293
vt 0.213379 0.554443
vt 0.149292 0.552002
vt 0.144897 0.542725
vt 0.147583 0.539307
vt 0.212280 0.550293
vt 0.215576 0.552002
vt 0.220093 0.542725
vt 0.217407 0.539307
vt 0.564941 0.193359
vt 0.620117 0.191895
vt 0.620117 0.193359
vt 0.564941 0.191895
vt 0.564941 0.190430
vt 0.620117 0.190918
vt 0.564941 0.188965
vt 0.620117 0.174805
vt 0.564941 0.174316
vt 0.620117 0.173340
vt 0.564941 0.172852
vt 0.620117 0.134277
vt 0.564941 0.125000
vt 0.689453 0.125000
vt 0.694336 0.132324
vt 0.695801 0.134277
vt 0.035004 0.282715
vt 0.143188 0.282715
vt 0.035004 0.290527
vt 0.415283 0.290527
vt 0.386475 0.284180
vt 0.383545 0.282715
vt 0.415283 0.284180
vt 0.307617 0.271484
vt 0.415771 0.271484
vt 0.415771 0.279297
vt 0.036011 0.279297
vt 0.064636 0.272949
vt 0.036011 0.272949
vt 0.067566 0.271484
vt 0.993164 0.231445
vt 0.993164 0.230469
vt 0.969727 0.231445
vt 0.993164 0.229980
vt 0.789551 0.224609
vt 0.988770 0.224609
vt 0.682617 0.224609
vt 0.571777 0.229980
vt 0.571777 0.224609
vt 0.571777 0.231445
vt 0.469482 0.224609
vt 0.375977 0.229980
vt 0.375977 0.224609
vt 0.369385 0.231445
vt 0.369385 0.229980
vt 0.806641 0.721436
vt 0.806152 0.680176
vt 0.806641 0.682129
vt 0.806152 0.723389
vt 0.805176 0.725342
vt 0.805176 0.678223
vt 0.802734 0.726807
vt 0.802734 0.676758
vt 0.801270 0.727051
vt 0.801270 0.676514
vt 0.750977 0.727051
vt 0.750977 0.676514
vt 0.749023 0.726807
vt 0.749023 0.676758
vt 0.747070 0.725342
vt 0.747070 0.678223
vt 0.745605 0.723389
vt 0.745605 0.680176
vt 0.745117 0.682129
vt 0.745117 0.721436
vt 0.734375 0.768188
vt 0.733398 0.689209
vt 0.734375 0.692627
vt 0.733887 0.771729
vt 0.730957 0.775757
vt 0.730957 0.685059
vt 0.727051 0.682617
vt 0.727051 0.778320
vt 0.723633 0.778931
vt 0.723633 0.681885
vt 0.627441 0.778931
vt 0.627441 0.681885
vt 0.624023 0.778320
vt 0.624023 0.682617
vt 0.619629 0.775757
vt 0.619629 0.685059
vt 0.617188 0.689209
vt 0.617188 0.771729
vt 0.616699 0.768188
vt 0.616699 0.692627
vt 0.446777 0.909729
vt 0.471680 0.913635
vt 0.446777 0.913635
vt 0.471924 0.908325
vt 0.446777 0.906128
vt 0.486084 0.913635
vt 0.472168 0.903076
vt 0.446777 0.902893
vt 0.486328 0.908142
vt 0.472168 0.898560
vt 0.446777 0.899841
vt 0.447021 0.896912
vt 0.486572 0.903015
vt 0.486328 0.898499
vt 0.472168 0.876892
vt 0.446777 0.878784
vt 0.446777 0.875916
vt 0.486328 0.876831
vt 0.471924 0.872314
vt 0.446777 0.872803
vt 0.446777 0.869629
vt 0.471680 0.867065
vt 0.446777 0.865967
vt 0.486328 0.872314
vt 0.471680 0.861694
vt 0.446533 0.861694
vt 0.486084 0.861694
vt 0.486328 0.867188
vt 0.500000 0.867432
vt 0.500000 0.861694
vt 0.510742 0.861694
vt 0.499756 0.872437
vt 0.511230 0.867188
vt 0.529297 0.861694
vt 0.511230 0.872192
vt 0.499023 0.876892
vt 0.528809 0.866943
vt 0.546387 0.867188
vt 0.549316 0.861694
vt 0.528809 0.871948
vt 0.544434 0.872070
vt 0.528320 0.876587
vt 0.543457 0.876648
vt 0.543945 0.898560
vt 0.528809 0.898682
vt 0.510742 0.876770
vt 0.544922 0.903198
vt 0.510742 0.898560
vt 0.529297 0.903320
vt 0.546875 0.908142
vt 0.511230 0.903137
vt 0.529297 0.908386
vt 0.529297 0.913635
vt 0.549316 0.913635
vt 0.511719 0.908142
vt 0.510742 0.913635
vt 0.500000 0.907898
vt 0.500000 0.913635
vt 0.500000 0.902893
vt 0.499268 0.898499
vt 0.794922 0.784668
vt 0.788574 0.806641
vt 0.788574 0.781616
vt 0.796875 0.807861
vt 0.788574 0.822632
vt 0.804688 0.790039
vt 0.796875 0.823242
vt 0.788574 0.836792
vt 0.806152 0.809692
vt 0.816406 0.796875
vt 0.796875 0.836914
vt 0.788574 0.850464
vt 0.805664 0.824219
vt 0.815430 0.811890
vt 0.824707 0.813843
vt 0.825684 0.801147
vt 0.844238 0.801270
vt 0.814941 0.825439
vt 0.845215 0.813721
vt 0.853516 0.796875
vt 0.824707 0.826538
vt 0.805664 0.837402
vt 0.814941 0.837891
vt 0.796875 0.850220
vt 0.788574 0.864136
vt 0.805664 0.850098
vt 0.796875 0.863770
vt 0.788574 0.879272
vt 0.796875 0.878662
vt 0.788574 0.889648
vt 0.805664 0.863159
vt 0.814941 0.849976
vt 0.824219 0.838379
vt 0.796875 0.888916
vt 0.788574 0.899292
vt 0.805664 0.877808
vt 0.814941 0.862549
vt 0.824219 0.849976
vt 0.845703 0.826660
vt 0.845703 0.838379
vt 0.824707 0.862183
vt 0.814941 0.876953
vt 0.806152 0.887634
vt 0.845703 0.849976
vt 0.796875 0.898804
vt 0.793457 0.942719
vt 0.788574 0.942719
vt 0.798828 0.942719
vt 0.806152 0.898010
vt 0.804688 0.942719
vt 0.807617 0.942719
vt 0.811035 0.938721
vt 0.815430 0.887024
vt 0.815430 0.897034
vt 0.817871 0.933350
vt 0.824707 0.896240
vt 0.825195 0.929443
vt 0.844727 0.929138
vt 0.824707 0.876282
vt 0.824707 0.886353
vt 0.845215 0.896240
vt 0.845215 0.862183
vt 0.854492 0.896973
vt 0.852051 0.933167
vt 0.845215 0.886353
vt 0.858887 0.938568
vt 0.864258 0.897949
vt 0.862305 0.942719
vt 0.865234 0.942719
vt 0.854492 0.886963
vt 0.873047 0.898804
vt 0.871094 0.942719
vt 0.876465 0.942719
vt 0.881348 0.899231
vt 0.881348 0.942719
vt 0.863770 0.887634
vt 0.873047 0.888855
vt 0.881348 0.889648
vt 0.873047 0.878662
vt 0.881348 0.879272
vt 0.864258 0.877808
vt 0.854492 0.876953
vt 0.873047 0.863770
vt 0.881348 0.868896
vt 0.881348 0.859619
vt 0.864258 0.863159
vt 0.873047 0.850342
vt 0.881348 0.850586
vt 0.864258 0.850098
vt 0.854492 0.862549
vt 0.873047 0.837036
vt 0.881348 0.841553
vt 0.881348 0.832275
vt 0.864258 0.837402
vt 0.845215 0.876282
vt 0.854980 0.849976
vt 0.854980 0.837891
vt 0.854980 0.825562
vt 0.864258 0.824341
vt 0.854492 0.812012
vt 0.863770 0.809692
vt 0.865234 0.790039
vt 0.873047 0.823364
vt 0.881348 0.822754
vt 0.873047 0.807861
vt 0.881348 0.812500
vt 0.875000 0.784668
vt 0.881348 0.800903
vt 0.881348 0.781738
vt 0.827637 0.127441
vt 0.810059 0.135742
vt 0.801758 0.135742
vt 0.990723 0.173828
vt 0.988281 0.143555
vt 0.990723 0.144043
vt 0.810059 0.175781
vt 0.990723 0.175293
vt 0.810059 0.177246
vt 0.895020 0.192383
vt 0.810059 0.192383
vt 0.898926 0.192383
vt 0.902344 0.192871
vt 0.990723 0.192871
vt 0.903320 0.193848
vt 0.990723 0.193848
vt 0.951172 0.195312
vt 0.990723 0.195312
vt 0.903809 0.195312
vt 0.259521 0.687012
vt 0.217163 0.687012
vt 0.217163 0.686279
vt 0.217163 0.678467
vt 0.297852 0.678467
vt 0.204956 0.685791
vt 0.204956 0.678467
vt 0.078186 0.685791
vt 0.078186 0.678467
vt 0.072205 0.678467
vt 0.072205 0.686035
vt 0.068909 0.686523
vt 0.066040 0.678467
vt 0.066040 0.687012
vt 0.068909 0.687012
vt 0.052032 0.687012
vt 0.037201 0.681396
vt 0.029663 0.679688
vt 0.019226 0.678467
vt 0.913574 0.771118
vt 0.925293 0.774536
vt 0.920898 0.775146
vt 0.916504 0.777100
vt 0.953613 0.774536
vt 0.911621 0.773315
vt 0.912598 0.780273
vt 0.965820 0.771118
vt 0.908203 0.778564
vt 0.958496 0.775146
vt 0.909180 0.784790
vt 0.962891 0.777100
vt 0.906250 0.783813
vt 0.967773 0.773193
vt 0.905762 0.790039
vt 0.966797 0.780273
vt 0.907715 0.790039
vt 0.970703 0.778564
vt 0.905762 0.825439
vt 0.970215 0.784790
vt 0.907715 0.826538
vt 0.972656 0.783813
vt 0.901367 0.830566
vt 0.973145 0.790039
vt 0.900391 0.828979
vt 0.971680 0.790039
vt 0.886719 0.861816
vt 0.973145 0.825439
vt 0.888184 0.861816
vt 0.971680 0.826538
vt 0.886719 0.906555
vt 0.978027 0.830566
vt 0.888184 0.908264
vt 0.979004 0.828979
vt 0.886719 0.909668
vt 0.992676 0.861816
vt 0.888672 0.910645
vt 0.991211 0.861816
vt 0.887695 0.912659
vt 0.992676 0.906494
vt 0.897949 0.934021
vt 0.991211 0.908203
vt 0.899902 0.935181
vt 0.992188 0.909607
vt 0.898926 0.936157
vt 0.990723 0.910645
vt 0.901367 0.936218
vt 0.991211 0.912659
vt 0.901367 0.938538
vt 0.981445 0.934021
vt 0.903809 0.940125
vt 0.979492 0.935120
vt 0.903320 0.936340
vt 0.980469 0.936096
vt 0.908203 0.940857
vt 0.978027 0.936157
vt 0.971191 0.940857
vt 0.978027 0.938507
vt 0.976074 0.936340
vt 0.975098 0.940186
vt 0.097717 0.383301
vt 0.092163 0.388672
vt 0.089600 0.388184
vt 0.060394 0.388184
vt 0.094543 0.389648
vt 0.052307 0.383301
vt 0.101135 0.384277
vt 0.057861 0.388672
vt 0.103821 0.386719
vt 0.055450 0.389648
vt 0.096741 0.391113
vt 0.048859 0.384277
vt 0.105957 0.390137
vt 0.046204 0.386719
vt 0.098022 0.393066
vt 0.053284 0.391113
vt 0.106750 0.394043
vt 0.044037 0.390137
vt 0.098022 0.537109
vt 0.052002 0.393066
vt 0.106689 0.546143
vt 0.043274 0.394043
vt 0.095825 0.542480
vt 0.052002 0.537109
vt 0.105530 0.550049
vt 0.043335 0.546143
vt 0.101929 0.553711
vt 0.054230 0.542480
vt 0.094543 0.543213
vt 0.044495 0.550049
vt 0.097595 0.554688
vt 0.048096 0.553711
vt 0.052429 0.554688
vt 0.055511 0.543213
vt 0.692383 0.943176
vt 0.692383 0.868042
vt 0.697266 0.868164
vt 0.691895 0.863037
vt 0.697266 0.943176
vt 0.702637 0.868042
vt 0.696777 0.862915
vt 0.691895 0.858154
vt 0.702637 0.943146
vt 0.697266 0.857788
vt 0.691895 0.853149
vt 0.702637 0.859863
vt 0.708008 0.867798
vt 0.707520 0.943115
vt 0.707520 0.859741
vt 0.696777 0.853271
vt 0.691895 0.848267
vt 0.702637 0.851685
vt 0.696777 0.848145
vt 0.692383 0.843994
vt 0.707520 0.851685
vt 0.702637 0.843506
vt 0.697266 0.843872
vt 0.691895 0.839722
vt 0.696777 0.839600
vt 0.692383 0.835449
vt 0.702637 0.835327
vt 0.697266 0.835327
vt 0.692383 0.818359
vt 0.697266 0.812988
vt 0.702637 0.808472
vt 0.707520 0.843506
vt 0.707520 0.835571
vt 0.708008 0.806641
vt 0.767090 0.806641
vt 0.767090 0.835693
vt 0.771973 0.808472
vt 0.767090 0.843628
vt 0.772461 0.835449
vt 0.777344 0.812988
vt 0.767090 0.851807
vt 0.772461 0.843628
vt 0.777832 0.835449
vt 0.782715 0.818481
vt 0.782715 0.835571
vt 0.777832 0.839722
vt 0.783203 0.839966
vt 0.777344 0.843750
vt 0.782715 0.844116
vt 0.778320 0.848267
vt 0.783203 0.848511
vt 0.777832 0.853271
vt 0.782715 0.853271
vt 0.772461 0.851929
vt 0.777832 0.857910
vt 0.782715 0.858398
vt 0.772461 0.859985
vt 0.777832 0.863037
vt 0.782715 0.863281
vt 0.767090 0.859863
vt 0.771973 0.868164
vt 0.767090 0.867920
vt 0.767090 0.943115
vt 0.771973 0.943146
vt 0.777344 0.943176
vt 0.777344 0.868286
vt 0.782715 0.943207
vt 0.782715 0.868286
vt 0.065979 0.021484
vt 0.108032 0.034668
vt 0.065979 0.034668
vt 0.108032 0.021484
vt 0.240356 0.023438
vt 0.194824 0.023438
vt 0.194824 0.010254
vt 0.240356 0.010254
vt 0.201904 0.050293
vt 0.201904 0.036621
vt 0.210449 0.050293
vt 0.210449 0.036621
vt 0.784180 0.060059
vt 0.742188 0.073242
vt 0.742188 0.060059
vt 0.784180 0.073242
vt 0.708984 0.072266
vt 0.663574 0.072266
vt 0.708984 0.059082
vt 0.663574 0.059082
vt 0.625000 0.028809
vt 0.625000 0.014648
vt 0.633301 0.014648
vt 0.633301 0.028809
vt 0.162476 0.008789
vt 0.176147 0.008789
vt 0.159302 0.035156
vt 0.176147 0.062012
vt 0.150635 0.053223
vt 0.172729 0.066895
vt 0.169556 0.070312
vt 0.165161 0.074219
vt 0.160400 0.076660
vt 0.138428 0.062500
vt 0.047180 0.062500
vt 0.025208 0.076660
vt 0.035004 0.053223
vt 0.020477 0.074219
vt 0.014450 0.068848
vt 0.009521 0.062012
vt 0.026337 0.035156
vt 0.009506 0.008789
vt 0.023163 0.008301
vt 0.210327 0.990746
vt 0.008110 0.990746
vt 0.008110 0.977356
vt 0.210327 0.977356
vt 0.219360 0.990746
vt 0.219360 0.977356
vt 0.228394 0.990746
vt 0.228394 0.977356
vt 0.290771 0.990746
vt 0.290771 0.977356
vt 0.297119 0.990746
vt 0.297119 0.977356
vt 0.303955 0.990746
vt 0.303955 0.977356
vt 0.377197 0.990746
vt 0.377197 0.977356
vt 0.384033 0.990746
vt 0.384033 0.977356
vt 0.390869 0.990746
vt 0.390869 0.977356
vt 0.482666 0.990746
vt 0.482666 0.977356
vt 0.491943 0.990746
vt 0.491943 0.977356
vt 0.500977 0.990746
vt 0.500977 0.977356
vt 0.520996 0.990746
vt 0.520996 0.977356
vt 0.531250 0.990746
vt 0.531250 0.977356
vt 0.540527 0.990746
vt 0.540527 0.977356
vt 0.645996 0.990746
vt 0.645996 0.977356
vt 0.657227 0.990746
vt 0.657227 0.977356
vt 0.678711 0.990746
vt 0.678711 0.977356
vt 0.149780 0.671631
vt 0.120911 0.677002
vt 0.130493 0.674072
vt 0.158936 0.671631
vt 0.113892 0.683350
vt 0.167847 0.674072
vt 0.048187 0.764160
vt 0.250977 0.709473
vt 0.257568 0.711426
vt 0.264404 0.711426
vt 0.675781 0.748047
vt 0.335938 0.701660
vt 0.342285 0.699463
vt 0.347412 0.695312
vt 0.386230 0.647705
vt 0.393066 0.641846
vt 0.401611 0.639160
vt 0.600586 0.613525
vt 0.642578 0.630371
vt 0.684570 0.625488
vt 0.898926 0.723877
vt 0.899902 0.771240
vt 0.038452 0.768921
vt 0.012077 0.775635
vt 0.017365 0.769165
vt 0.012077 0.813354
vt 0.611328 0.773071
vt 0.905273 0.785645
vt 0.519531 0.790894
vt 0.914551 0.800415
vt 0.425781 0.805298
vt 0.012077 0.822266
vt 0.926758 0.814819
vt 0.309570 0.817993
vt 0.012077 0.832764
vt 0.944824 0.828003
vt 0.012077 0.844238
vt 0.986328 0.844238
vt 0.986328 0.934326
vt 0.012077 0.910339
vt 0.887695 0.078125
vt 0.858398 0.072754
vt 0.877930 0.075195
vt 0.849121 0.072266
vt 0.894531 0.084473
vt 0.840332 0.074707
vt 0.756348 0.109863
vt 0.959473 0.166992
vt 0.749512 0.111328
vt 0.742676 0.111328
vt 0.321045 0.138184
vt 0.670898 0.101074
vt 0.664551 0.098633
vt 0.659668 0.094238
vt 0.620605 0.045898
vt 0.613770 0.040039
vt 0.605469 0.037109
vt 0.405762 0.009277
vt 0.363525 0.025879
vt 0.321045 0.020508
vt 0.403076 0.169922
vt 0.352539 0.158203
vt 0.328369 0.145996
vt 0.339600 0.153320
vt 0.968750 0.176758
vt 0.458740 0.180176
vt 0.969238 0.171875
vt 0.525879 0.190430
vt 0.990234 0.172363
vt 0.611328 0.201172
vt 0.995117 0.179199
vt 0.718750 0.211914
vt 0.995117 0.226562
vt 0.680176 0.962311
vt 0.478271 0.962311
vt 0.680176 0.948914
vt 0.478271 0.948914
vt 0.460205 0.962311
vt 0.460205 0.948914
vt 0.397705 0.962311
vt 0.397705 0.948914
vt 0.391357 0.962311
vt 0.391357 0.948914
vt 0.384521 0.962311
vt 0.384521 0.948914
vt 0.311279 0.962311
vt 0.311279 0.948914
vt 0.304443 0.962311
vt 0.304443 0.948914
vt 0.297607 0.962311
vt 0.297607 0.948914
vt 0.194336 0.962311
vt 0.194336 0.948914
vt 0.164917 0.962402
vt 0.164917 0.949005
vt 0.152588 0.962311
vt 0.152588 0.948914
vt 0.042267 0.962311
vt 0.042267 0.948914
vt 0.031097 0.962311
vt 0.031097 0.948914
vt 0.009735 0.962311
vt 0.009735 0.948914
vt 0.890625 0.555420
vt 0.880371 0.561523
vt 0.851562 0.563965
vt 0.755859 0.527100
vt 0.959473 0.469727
vt 0.749023 0.525146
vt 0.742188 0.525391
vt 0.320557 0.497559
vt 0.670410 0.535645
vt 0.664062 0.538086
vt 0.659180 0.542236
vt 0.620117 0.591064
vt 0.604980 0.599854
vt 0.405273 0.627686
vt 0.362793 0.611084
vt 0.320557 0.616455
vt 0.351807 0.477539
vt 0.333252 0.486328
vt 0.402588 0.465820
vt 0.968750 0.459473
vt 0.969238 0.464844
vt 0.491943 0.450684
vt 0.990234 0.463867
vt 0.610840 0.434570
vt 0.995117 0.457031
vt 0.718750 0.423828
vt 0.995117 0.409180
vt 0.156616 0.672119
vt 0.127808 0.674316
vt 0.117371 0.680176
vt 0.012077 0.827515
vt 0.748047 0.009766
vt 0.648438 0.023438
vt 0.648438 0.009766
vt 0.746094 0.023438
vt 0.987793 0.023438
vt 0.987793 0.009766
vt 0.988281 0.814941
vt 0.951660 0.808960
vt 0.986816 0.802246
vt 0.935547 0.800171
vt 0.923828 0.789551
vt 0.985840 0.785522
vt 0.915527 0.778076
vt 0.910645 0.766479
vt 0.910156 0.727051
vt 0.986328 0.763428
vt 0.784180 0.580322
vt 0.797852 0.618652
vt 0.784180 0.618408
vt 0.798340 0.571777
vt 0.795898 0.564941
vt 0.780762 0.572266
vt 0.791016 0.559082
vt 0.783691 0.554932
vt 0.772461 0.566162
vt 0.773926 0.551514
vt 0.761719 0.562500
vt 0.763672 0.549072
vt 0.754395 0.548096
vt 0.701660 0.547852
vt 0.694824 0.562500
vt 0.692871 0.548828
vt 0.677734 0.552979
vt 0.679688 0.568848
vt 0.662598 0.561523
vt 0.671875 0.579834
vt 0.657715 0.571289
vt 0.657715 0.617920
vt 0.671387 0.617920
vt 0.005207 0.379395
vt 0.004395 0.253906
vt 0.037262 0.374512
vt 0.036530 0.258789
vt 0.071350 0.267578
vt 0.072021 0.365234
vt 0.096008 0.357422
vt 0.095459 0.274902
vt 0.112854 0.349121
vt 0.112366 0.283203
vt 0.121582 0.291504
vt 0.121887 0.340332
vt 0.987793 0.047852
vt 0.888184 0.034180
vt 0.987793 0.034180
vt 0.890137 0.047852
vt 0.648438 0.047852
vt 0.648438 0.034180
vt 0.313721 0.486816
vt 0.313721 0.605957
vt 0.093689 0.511475
vt 0.093689 0.478027
vt 0.087463 0.465332
vt 0.326660 0.475586
vt 0.345215 0.466797
vt 0.076172 0.451660
vt 0.396484 0.455078
vt 0.061432 0.438965
vt 0.486572 0.439453
vt 0.041077 0.425293
vt 0.606445 0.423828
vt 0.038971 0.410156
vt 0.021225 0.416016
vt 0.004475 0.410156
vt 0.004528 0.401855
vt 0.715332 0.413086
vt 0.038971 0.395508
vt 0.004520 0.393555
vt 0.994141 0.386719
vt 0.994141 0.398438
vt 0.038940 0.381348
vt 0.004494 0.388184
vt 0.714844 0.396973
vt 0.714844 0.382324
vt 0.076233 0.371094
vt 0.994141 0.369141
vt 0.102051 0.362305
vt 0.120178 0.353027
vt 0.994141 0.353516
vt 0.129883 0.343750
vt 0.994141 0.344238
vt 0.994141 0.291016
vt 0.130005 0.291016
vt 0.994141 0.282227
vt 0.120178 0.281738
vt 0.994141 0.271484
vt 0.102112 0.272461
vt 0.994141 0.261230
vt 0.076294 0.263672
vt 0.714844 0.252930
vt 0.994141 0.252441
vt 0.039001 0.252930
vt 0.714844 0.237793
vt 0.715332 0.222168
vt 0.994141 0.244629
vt 0.994141 0.236816
vt 0.039032 0.238770
vt 0.004601 0.240723
vt 0.004566 0.246094
vt 0.004616 0.235352
vt 0.039062 0.224121
vt 0.004612 0.230469
vt 0.004570 0.224609
vt 0.021332 0.218262
vt 0.606445 0.211426
vt 0.041168 0.208984
vt 0.520508 0.200195
vt 0.056610 0.199219
vt 0.452637 0.190430
vt 0.066467 0.191895
vt 0.396484 0.179688
vt 0.076294 0.183105
vt 0.345459 0.167969
vt 0.084900 0.173340
vt 0.332275 0.162598
vt 0.090332 0.165527
vt 0.321045 0.155273
vt 0.313721 0.147949
vt 0.093811 0.156738
vt 0.093872 0.123047
vt 0.313721 0.028809
vt 0.087708 0.476562
vt 0.087402 0.506836
vt 0.003288 0.470703
vt 0.081909 0.465332
vt 0.071289 0.453613
vt 0.057373 0.442871
vt 0.038055 0.432129
vt 0.019180 0.425781
vt 0.003288 0.422363
vt 0.089539 0.157227
vt 0.004520 0.163574
vt 0.089172 0.126953
vt 0.086304 0.165039
vt 0.081177 0.172363
vt 0.073059 0.180664
vt 0.063721 0.188477
vt 0.054352 0.194336
vt 0.039581 0.202148
vt 0.020554 0.208984
vt 0.004520 0.212402
s 1
usemtl Rec_AR_MCX_044_TranAttack_ni_Glass_Special
f 1/1/1 2/2/2 3/3/3
f 4/4/4 5/5/5 6/6/4
f 5/5/5 4/4/4 7/7/6
f 8/8/7 9/9/7 10/10/7
f 10/10/7 9/9/7 11/11/7
f 12/12/8 13/13/9 14/14/10
f 13/13/9 12/12/8 15/15/11
f 16/16/12 12/12/8 14/14/10
f 16/16/12 14/14/10 17/17/12
f 18/18/12 12/12/8 16/16/12
f 12/12/8 18/18/12 19/19/12
f 19/19/12 18/18/12 20/20/12
f 19/19/12 20/20/12 21/21/13
f 21/21/13 22/22/12 19/19/12
f 22/22/12 23/23/13 19/19/12
f 23/23/13 22/22/12 24/24/12
f 24/24/12 22/22/12 25/25/12
f 22/22/12 21/21/13 26/26/12
f 27/27/12 22/22/12 26/26/12
f 27/27/12 26/26/12 28/28/12
f 27/27/12 28/28/12 29/29/12
f 30/30/14 31/31/14 32/32/14
f 32/32/14 33/33/14 30/30/14
f 34/34/15 35/35/15 36/36/15
f 35/35/15 34/34/15 37/37/15
f 37/38/16 38/39/16 35/40/16
f 39/41/16 38/39/16 37/38/16
f 40/42/12 41/43/12 42/43/12
f 42/43/12 43/44/12 40/42/12
f 44/45/15 45/46/15 41/47/15
f 41/47/15 40/48/15 44/45/15
f 46/49/17 47/50/18 48/51/18
f 47/50/18 46/49/17 49/52/17
f 50/53/19 51/54/19 52/55/19
f 52/55/19 51/54/19 53/56/19
f 54/57/20 55/58/21 56/59/22
f 55/58/21 54/57/20 57/60/22
f 58/61/15 59/62/15 60/63/15
f 59/62/15 58/61/15 61/64/15
f 62/65/23 63/66/23 64/67/23
f 63/66/23 62/65/23 65/68/23
f 66/69/24 67/70/24 68/71/24
f 67/70/24 69/72/24 68/71/24
f 70/73/19 71/74/19 72/75/19
f 71/74/19 70/73/19 73/76/19
f 74/77/24 75/78/24 52/79/24
f 50/80/24 52/79/24 75/78/24
f 76/81/25 77/82/26 78/83/26
f 77/82/26 76/81/25 79/84/27
f 80/85/28 81/86/28 82/87/29
f 81/86/28 80/85/28 83/88/30
f 84/89/31 85/90/15 86/91/15
f 86/91/15 85/90/15 87/92/15
f 88/93/15 89/94/15 90/95/15
f 89/94/15 88/93/15 91/96/15
f 92/97/19 93/98/19 94/99/19
f 93/98/19 92/97/19 95/100/19
f 96/101/16 97/102/16 98/103/16
f 96/101/16 98/103/16 99/104/16
f 100/105/15 101/106/15 102/107/15
f 102/107/15 103/108/31 100/105/15
f 104/109/16 105/110/16 106/111/16
f 107/112/16 106/111/16 105/110/16
f 108/113/15 109/114/15 110/115/15
f 110/115/15 109/114/15 111/116/31
f 112/117/16 113/118/16 114/119/16
f 113/118/16 112/117/16 115/120/16
f 116/121/15 117/122/15 118/123/15
f 117/122/15 116/121/15 119/124/15
f 120/125/16 121/126/16 122/127/16
f 121/126/16 120/125/16 123/128/16
f 124/129/15 125/130/15 126/131/15
f 126/131/15 127/132/15 124/129/15
f 128/133/16 129/134/16 130/135/16
f 129/134/16 128/133/16 131/136/16
f 132/137/31 133/138/15 134/139/15
f 134/139/15 133/138/15 135/140/15
f 136/101/12 137/103/12 138/102/12
f 137/103/12 136/101/12 139/104/12
f 140/106/32 141/105/33 142/107/15
f 142/107/15 141/105/33 143/108/32
f 144/111/12 145/112/12 146/110/12
f 144/111/12 146/110/12 147/109/12
f 148/115/32 149/114/32 150/113/33
f 149/114/32 148/115/32 151/116/15
f 152/120/12 153/117/12 154/118/12
f 155/119/12 154/118/12 153/117/12
f 156/121/15 157/123/33 158/122/15
f 158/122/15 159/124/32 156/121/15
f 160/128/12 161/125/12 162/126/12
f 163/127/12 162/126/12 161/125/12
f 164/130/15 165/129/32 166/131/32
f 166/131/32 165/129/32 167/132/33
f 168/134/12 169/133/12 170/135/12
f 169/133/12 168/134/12 171/136/12
f 172/138/33 173/137/33 174/139/33
f 174/139/33 175/140/32 172/138/33
f 176/141/34 177/142/35 178/143/36
f 177/142/35 176/141/34 179/144/37
f 180/145/38 181/146/39 177/147/40
f 181/146/39 178/148/41 177/147/40
f 182/149/24 179/150/24 183/151/24
f 183/151/24 179/150/24 176/152/24
f 184/153/23 180/154/23 185/155/23
f 180/154/23 184/153/23 181/156/23
f 186/157/42 187/158/43 188/159/43
f 186/157/43 188/159/43 189/160/44
f 190/161/45 191/162/46 192/163/47
f 190/161/48 192/163/47 193/164/47
f 194/165/19 189/166/19 195/167/19
f 195/167/19 189/166/19 188/168/19
f 186/169/15 196/170/15 187/171/15
f 187/171/15 196/170/15 197/172/15
f 197/173/16 188/174/16 187/175/16
f 188/174/16 197/173/16 195/176/16
f 198/177/19 193/178/19 199/179/19
f 199/179/19 193/178/19 192/180/19
f 190/181/15 200/182/15 191/183/15
f 200/182/15 190/181/15 201/184/15
f 197/185/23 196/186/23 194/187/23
f 197/185/23 194/187/23 195/188/23
f 200/189/16 192/190/16 191/191/16
f 192/190/16 200/189/16 199/192/16
f 198/193/23 200/194/23 201/195/23
f 200/194/23 198/193/23 199/196/23
f 202/197/12 203/198/12 204/199/12
f 203/198/12 202/197/12 205/200/12
f 205/201/24 206/202/24 203/203/24
f 206/202/24 207/204/24 203/203/24
f 208/205/19 203/206/19 207/207/19
f 203/206/19 208/205/19 204/208/19
f 205/209/15 209/210/15 206/211/15
f 209/210/15 205/209/15 202/212/33
f 206/213/49 209/214/16 207/215/16
f 209/214/16 208/216/16 207/215/16
f 210/217/50 211/218/51 212/219/50
f 211/218/51 210/217/50 213/220/52
f 214/221/53 215/222/54 216/223/55
f 215/222/54 214/221/53 217/224/54
f 218/225/56 219/226/57 220/227/58
f 220/227/58 219/226/57 221/228/58
f 220/227/58 221/228/58 222/229/59
f 222/229/59 221/228/58 223/230/59
f 224/231/60 222/229/59 223/230/59
f 222/229/59 224/231/60 225/232/59
f 226/233/61 227/234/62 228/235/63
f 229/236/64 226/233/61 228/235/63
f 230/237/65 229/236/64 228/235/63
f 229/236/64 230/237/65 231/238/66
f 231/238/66 230/237/65 232/239/67
f 233/240/13 231/238/66 232/239/67
f 234/241/13 231/238/66 233/240/13
f 234/241/13 233/240/13 235/242/12
f 234/241/13 235/242/12 236/243/12
f 237/244/12 235/242/12 238/245/13
f 239/246/13 235/242/12 237/244/12
f 235/242/12 240/247/12 236/243/12
f 235/242/12 239/246/13 240/247/12
f 236/243/12 240/247/12 241/248/68
f 240/247/12 239/246/13 242/249/13
f 242/249/13 243/250/12 240/247/12
f 243/250/12 242/249/13 244/251/12
f 245/252/69 243/250/12 244/251/12
f 243/250/12 245/252/69 246/253/70
f 246/253/70 245/252/69 247/254/71
f 247/254/71 248/255/72 246/253/70
f 248/255/72 247/254/71 249/256/73
f 249/256/73 250/257/74 248/255/72
f 251/258/75 250/257/74 249/256/73
f 250/257/74 251/258/75 252/259/76
f 253/260/77 227/261/78 226/262/79
f 253/260/77 226/262/79 254/263/78
f 254/263/78 226/262/79 229/264/80
f 254/263/78 229/264/80 231/265/81
f 231/265/81 234/266/79 254/263/78
f 254/263/78 234/266/79 255/267/78
f 256/268/82 257/269/83 258/270/84
f 258/270/84 257/269/83 259/271/85
f 259/271/85 260/272/86 258/270/84
f 260/272/86 259/271/85 261/273/87
f 260/272/86 261/273/87 54/274/23
f 54/274/23 261/273/87 262/275/23
f 263/276/88 260/272/86 54/274/23
f 263/276/88 54/274/23 56/277/89
f 264/278/90 263/276/88 56/277/89
f 56/277/89 265/279/91 264/278/90
f 263/276/88 264/278/90 266/280/92
f 266/280/92 264/278/90 267/281/93
f 267/281/93 268/282/94 266/280/92
f 268/282/94 267/281/93 7/283/95
f 7/283/95 267/281/93 27/284/96
f 27/284/96 29/285/96 7/283/95
f 268/282/94 7/283/95 4/286/97
f 268/282/94 4/286/97 17/287/98
f 17/287/98 14/288/98 268/282/94
f 269/289/99 270/290/99 271/291/100
f 269/289/99 271/291/100 272/292/101
f 272/292/101 271/291/100 273/293/102
f 273/293/102 274/294/103 272/292/101
f 273/293/102 275/295/104 274/294/103
f 276/296/105 275/295/104 273/293/102
f 276/296/105 273/293/102 277/297/104
f 275/295/104 276/296/105 278/298/106
f 276/296/105 277/297/104 279/299/107
f 278/298/106 280/300/108 275/295/104
f 277/297/104 281/301/109 279/299/107
f 282/302/110 280/300/108 278/298/106
f 283/303/111 281/301/109 277/297/104
f 281/301/109 283/303/111 284/304/112
f 285/305/113 284/304/112 283/303/111
f 280/300/108 282/302/110 286/306/114
f 286/306/114 282/302/110 287/307/115
f 287/307/115 288/308/116 286/306/114
f 287/307/115 289/309/117 288/308/116
f 289/309/117 287/307/115 290/310/118
f 287/307/115 291/311/117 290/310/118
f 292/312/113 289/309/117 290/310/118
f 292/312/113 290/310/118 293/313/119
f 289/309/117 292/312/113 294/314/116
f 293/313/119 295/315/120 292/312/113
f 294/314/116 292/312/113 296/316/121
f 295/315/120 293/313/119 297/317/122
f 295/315/120 297/317/122 298/318/122
f 299/319/123 294/314/116 296/316/121
f 299/319/123 296/316/121 300/320/123
f 294/314/116 299/319/123 301/321/124
f 302/322/125 301/321/124 299/319/123
f 297/317/122 1/323/13 298/318/122
f 303/324/126 301/321/124 302/322/125
f 303/324/126 304/325/123 301/321/124
f 297/317/122 305/326/12 1/323/13
f 305/326/12 297/317/122 306/327/13
f 1/323/13 305/326/12 307/328/12
f 2/329/127 1/323/13 307/328/12
f 2/329/127 307/328/12 308/330/128
f 308/330/128 32/331/129 2/329/127
f 308/330/128 309/332/130 32/331/129
f 33/333/12 32/331/129 309/332/130
f 33/333/12 309/332/130 310/334/12
f 33/333/12 310/334/12 311/335/12
f 33/333/12 311/335/12 312/336/12
f 312/336/12 313/337/12 33/333/12
f 314/338/13 33/333/12 313/337/12
f 313/337/12 315/339/12 314/338/13
f 315/339/12 316/340/12 314/338/13
f 317/341/131 315/339/12 313/337/12
f 315/339/12 317/341/131 318/342/131
f 319/343/132 318/342/131 317/341/131
f 318/342/131 319/343/132 320/344/133
f 319/343/132 321/345/117 320/344/133
f 321/345/117 319/343/132 322/346/134
f 322/346/134 323/347/134 321/345/117
f 323/347/134 322/346/134 324/348/135
f 325/349/136 323/347/134 324/348/135
f 324/348/135 326/350/136 325/349/136
f 327/351/134 325/349/136 326/350/136
f 325/349/136 327/351/134 328/352/117
f 324/348/135 329/353/137 326/350/136
f 328/352/117 303/324/126 325/349/136
f 330/354/138 329/353/137 324/348/135
f 303/324/126 328/352/117 331/355/117
f 331/355/117 304/325/123 303/324/126
f 331/355/117 332/356/139 304/325/123
f 332/356/139 331/355/117 333/357/139
f 332/356/139 333/357/139 334/358/140
f 334/358/140 333/357/139 335/359/139
f 334/358/140 335/359/139 336/360/141
f 334/358/140 336/360/141 337/361/142
f 336/360/141 338/362/136 337/361/142
f 338/362/136 336/360/141 339/363/141
f 339/363/141 340/364/143 338/362/136
f 340/364/143 339/363/141 341/365/144
f 340/364/143 341/365/144 342/366/145
f 343/367/146 342/366/145 341/365/144
f 342/366/145 343/367/146 344/368/105
f 344/368/105 345/369/105 342/366/145
f 346/370/15 345/369/105 344/368/105
f 345/369/105 346/370/15 347/371/15
f 78/372/134 329/353/137 330/354/138
f 348/373/143 329/353/137 78/372/134
f 348/373/143 78/372/134 77/374/117
f 329/353/137 348/373/143 349/375/147
f 350/376/148 349/375/147 348/373/143
f 349/375/147 350/376/148 351/377/149
f 351/377/149 350/376/148 352/378/105
f 351/377/149 352/378/105 353/379/15
f 353/379/15 352/378/105 354/380/15
f 37/381/150 34/382/151 39/383/152
f 355/384/153 39/383/152 34/382/151
f 355/384/153 356/385/154 39/383/152
f 356/385/154 355/384/153 357/386/155
f 358/387/156 356/385/154 357/386/155
f 356/385/154 358/387/156 43/388/157
f 43/388/157 358/387/156 44/389/158
f 44/389/158 40/390/150 43/388/157
f 307/391/159 359/392/160 360/393/161
f 360/393/161 308/394/162 307/391/159
f 361/395/163 308/394/162 360/393/161
f 309/396/164 308/394/162 361/395/163
f 309/396/164 361/395/163 310/397/165
f 362/398/166 310/397/165 361/395/163
f 362/398/166 311/399/167 310/397/165
f 311/399/167 362/398/166 363/400/168
f 363/400/168 312/401/169 311/399/167
f 363/400/168 364/402/169 312/401/169
f 363/400/168 365/403/169 364/402/169
f 363/400/168 366/404/170 365/403/169
f 367/405/171 366/404/170 363/400/168
f 368/406/172 369/407/172 370/408/173
f 370/408/173 371/409/174 368/406/172
f 372/410/175 371/409/174 370/408/173
f 371/409/174 372/410/175 373/411/176
f 374/412/16 373/411/176 372/410/175
f 375/413/16 373/411/176 374/412/16
f 376/414/177 373/411/176 375/413/16
f 376/414/177 375/413/16 377/415/178
f 378/416/179 376/414/177 377/415/178
f 376/414/177 378/416/179 379/417/180
f 379/417/180 378/416/179 380/418/181
f 379/417/180 380/418/181 381/419/182
f 381/419/182 380/418/181 382/420/183
f 383/421/184 384/422/185 385/423/186
f 386/424/187 385/423/186 384/422/185
f 385/423/186 386/424/187 387/425/188
f 386/424/187 388/426/189 387/425/188
f 387/425/188 388/426/189 389/427/190
f 390/428/191 387/425/188 389/427/190
f 387/425/188 390/428/191 391/429/192
f 389/427/190 392/430/193 390/428/191
f 390/428/191 393/431/194 391/429/192
f 394/432/195 392/430/193 389/427/190
f 395/433/196 391/429/192 393/431/194
f 394/432/195 396/434/197 392/430/193
f 391/429/192 395/433/196 397/435/198
f 398/436/199 397/435/198 395/433/196
f 398/436/199 399/437/200 397/435/198
f 400/438/201 396/434/197 394/432/195
f 396/434/197 400/438/201 401/439/202
f 402/440/203 401/439/202 400/438/201
f 403/441/204 401/439/202 402/440/203
f 404/442/205 401/439/202 403/441/204
f 404/442/205 403/441/204 405/443/206
f 404/442/205 405/443/206 406/444/207
f 401/439/202 407/445/208 408/446/209
f 401/439/202 404/442/205 407/445/208
f 409/447/210 404/442/205 406/444/207
f 410/448/211 407/445/208 404/442/205
f 407/445/208 410/448/211 411/449/212
f 412/450/213 404/442/205 409/447/210
f 413/451/214 411/449/212 410/448/211
f 411/449/212 413/451/214 414/452/215
f 404/442/205 415/453/211 410/448/211
f 415/453/211 404/442/205 412/450/213
f 410/448/211 416/454/216 413/451/214
f 416/454/216 410/448/211 415/453/211
f 414/452/215 413/451/214 417/455/16
f 414/452/215 417/455/16 418/456/217
f 414/452/215 418/456/217 419/457/218
f 420/458/16 417/455/16 413/451/214
f 420/458/16 413/451/214 416/454/216
f 420/458/16 416/454/216 421/459/16
f 416/454/216 422/460/16 421/459/16
f 416/454/216 423/461/16 422/460/16
f 424/462/216 423/461/16 416/454/216
f 415/453/211 424/462/216 416/454/216
f 424/462/216 425/463/16 423/461/16
f 424/462/216 426/464/16 425/463/16
f 415/453/211 427/465/211 424/462/216
f 412/450/213 427/465/211 415/453/211
f 412/450/213 428/466/219 427/465/211
f 428/466/219 412/450/213 429/467/220
f 429/467/220 412/450/213 430/468/221
f 431/469/222 428/466/219 429/467/220
f 430/468/221 412/450/213 432/470/223
f 431/469/222 433/471/224 428/466/219
f 432/470/223 412/450/213 434/472/207
f 433/471/224 431/469/222 435/473/225
f 412/450/213 409/447/210 434/472/207
f 409/447/210 436/474/203 434/472/207
f 436/474/203 409/447/210 437/475/225
f 438/476/226 436/474/203 437/475/225
f 436/474/203 438/476/226 439/477/222
f 438/476/226 440/478/227 439/477/222
f 440/478/227 438/476/226 441/479/228
f 442/480/229 440/478/227 441/479/228
f 443/481/230 442/480/229 441/479/228
f 442/480/229 443/481/230 444/482/231
f 445/483/232 444/482/231 443/481/230
f 445/483/232 446/484/233 444/482/231
f 447/485/234 446/484/233 445/483/232
f 447/485/234 448/486/15 446/484/233
f 449/487/15 448/486/15 447/485/234
f 450/488/235 435/473/225 431/469/222
f 450/488/235 451/489/203 435/473/225
f 450/488/235 82/490/203 451/489/203
f 450/488/235 452/491/236 82/490/203
f 80/492/222 82/490/203 452/491/236
f 453/493/237 452/491/236 450/488/235
f 452/491/236 453/493/237 454/494/231
f 455/495/238 454/494/231 453/493/237
f 454/494/231 455/495/238 456/496/239
f 455/495/238 457/497/15 456/496/239
f 458/498/15 457/497/15 455/495/238
f 459/499/240 460/500/241 461/501/242
f 461/501/242 462/502/243 459/499/240
f 463/503/244 462/502/243 461/501/242
f 463/503/244 296/504/245 462/502/243
f 296/504/245 463/503/244 300/505/246
f 464/506/16 465/507/16 466/508/16
f 466/508/16 467/509/16 464/506/16
f 468/510/16 467/509/16 466/508/16
f 468/510/16 469/511/16 467/509/16
f 469/511/16 468/510/16 470/512/16
f 471/513/16 469/511/16 470/512/16
f 471/513/16 472/514/16 469/511/16
f 473/515/16 472/514/16 471/513/16
f 472/514/16 473/515/16 474/516/16
f 474/516/16 475/517/16 472/514/16
f 475/517/16 474/516/16 476/518/16
f 476/518/16 477/519/16 475/517/16
f 477/519/16 476/518/16 478/520/16
f 477/519/16 478/520/16 479/521/16
f 477/519/16 479/521/16 480/522/16
f 480/522/16 481/523/16 477/519/16
f 481/523/16 480/522/16 482/524/16
f 482/524/16 480/522/16 483/525/16
f 484/526/16 482/524/16 483/525/16
f 482/524/16 484/526/16 485/527/16
f 486/528/16 482/524/16 485/527/16
f 487/529/247 262/530/247 261/531/248
f 261/531/248 488/532/249 487/529/247
f 488/532/249 261/531/248 259/533/250
f 259/533/250 489/534/250 488/532/249
f 489/534/250 259/533/250 257/535/251
f 489/534/250 257/535/251 490/536/250
f 491/537/252 490/536/250 257/535/251
f 491/537/252 257/535/251 492/538/253
f 492/538/253 493/539/254 491/537/252
f 493/539/254 492/538/253 494/540/254
f 494/540/254 495/541/255 493/539/254
f 495/541/255 494/540/254 496/542/256
f 496/542/256 497/543/257 495/541/255
f 497/543/257 496/542/256 498/544/258
f 498/544/258 499/545/259 497/543/257
f 499/545/259 498/544/258 11/546/260
f 9/547/261 499/545/259 11/546/260
f 284/548/12 285/549/12 500/550/13
f 284/548/12 500/550/13 501/551/13
f 502/552/13 501/551/13 500/550/13
f 502/552/13 503/553/13 501/551/13
f 502/552/13 504/554/12 503/553/13
f 504/554/12 505/555/12 503/553/13
f 506/556/12 505/555/12 504/554/12
f 507/557/13 506/556/12 504/554/12
f 507/557/13 269/558/12 506/556/12
f 507/557/13 270/559/12 269/558/12
f 506/556/12 269/558/12 347/560/12
f 347/560/12 269/558/12 508/561/12
f 347/560/12 508/561/12 509/562/12
f 506/556/12 347/560/12 346/563/12
f 506/556/12 346/563/12 510/564/13
f 346/563/12 353/565/13 510/564/13
f 353/565/13 354/566/12 510/564/13
f 353/565/13 346/563/12 511/567/12
f 511/567/12 346/563/12 512/568/12
f 401/569/262 408/570/263 513/571/264
f 514/572/264 513/571/264 408/570/263
f 514/572/264 515/573/265 513/571/264
f 515/573/265 514/572/264 516/574/265
f 516/574/265 517/575/266 515/573/265
f 517/575/266 516/574/265 518/576/267
f 518/576/267 519/577/268 517/575/266
f 519/577/268 518/576/267 520/578/269
f 521/579/270 519/577/268 520/578/269
f 519/577/268 521/579/270 522/580/271
f 523/581/272 522/580/271 521/579/270
f 522/580/271 523/581/272 524/582/272
f 525/583/273 524/582/272 523/581/272
f 524/582/272 525/583/273 526/584/273
f 526/584/273 525/583/273 527/585/274
f 526/584/273 527/585/274 528/586/275
f 528/586/275 527/585/274 291/587/276
f 528/586/275 291/587/276 287/588/276
f 529/589/277 9/590/278 8/591/16
f 8/591/16 530/592/16 529/589/277
f 530/592/16 8/591/16 58/593/16
f 58/593/16 531/594/16 530/592/16
f 58/593/16 532/595/16 531/594/16
f 533/596/16 532/595/16 58/593/16
f 533/596/16 58/593/16 60/597/16
f 534/598/16 533/596/16 60/597/16
f 534/598/16 535/599/16 533/596/16
f 534/598/16 536/600/16 535/599/16
f 537/601/23 538/602/23 539/603/279
f 540/604/280 537/601/23 539/603/279
f 540/604/280 539/603/279 541/605/281
f 541/605/281 542/606/282 540/604/280
f 543/607/283 542/606/282 541/605/281
f 542/606/282 543/607/283 544/608/284
f 543/607/283 545/609/13 544/608/284
f 545/609/13 543/607/283 546/610/13
f 545/609/13 546/610/13 547/611/13
f 548/612/13 547/611/13 546/610/13
f 548/612/13 549/613/12 547/611/13
f 549/613/12 548/612/13 550/614/12
f 549/613/12 550/614/12 551/615/12
f 549/613/12 551/615/12 552/616/13
f 552/616/13 553/617/13 549/613/12
f 554/618/13 553/617/13 552/616/13
f 553/617/13 554/618/13 555/619/13
f 555/619/13 554/618/13 556/620/12
f 555/619/13 556/620/12 557/621/12
f 558/622/285 559/623/286 560/624/287
f 560/624/287 561/625/13 558/622/285
f 562/626/12 561/625/13 560/624/287
f 561/625/13 562/626/12 563/627/13
f 563/627/13 562/626/12 564/628/12
f 563/627/13 564/628/12 565/629/12
f 566/630/13 564/628/12 562/626/12
f 564/628/12 566/630/13 567/631/13
f 568/632/13 567/631/13 566/630/13
f 567/631/13 568/632/13 569/633/13
f 568/632/13 570/634/13 569/633/13
f 569/633/13 570/634/13 571/635/12
f 570/634/13 572/636/12 571/635/12
f 572/636/12 570/634/13 573/637/13
f 574/638/12 573/637/13 570/634/13
f 573/637/13 574/638/12 575/639/12
f 575/639/12 576/640/12 573/637/13
f 574/638/12 255/641/12 575/639/12
f 255/641/12 574/638/12 254/642/13
f 577/643/288 578/644/288 579/645/289
f 580/646/289 579/645/289 578/644/288
f 579/645/289 580/646/289 581/647/290
f 582/648/290 581/647/290 580/646/289
f 581/647/290 582/648/290 583/649/291
f 584/650/291 583/649/291 582/648/290
f 585/651/292 583/649/291 584/650/291
f 585/651/292 586/652/293 583/649/291
f 387/653/33 391/654/31 587/655/15
f 587/655/15 391/654/31 588/656/31
f 588/656/31 589/657/15 587/655/15
f 589/657/15 588/656/31 590/658/15
f 313/659/294 312/660/295 364/661/296
f 313/659/294 364/661/296 591/662/297
f 365/663/298 591/662/297 364/661/296
f 591/662/297 365/663/298 592/664/299
f 592/664/299 365/663/298 366/665/300
f 592/664/299 366/665/300 593/666/301
f 367/667/302 593/666/301 366/665/300
f 593/666/301 367/667/302 594/668/303
f 594/668/303 367/667/302 595/669/12
f 594/668/303 595/669/12 596/670/12
f 597/671/13 595/669/12 367/667/302
f 597/671/13 367/667/302 598/672/304
f 367/667/302 599/673/305 598/672/304
f 597/671/13 598/672/304 600/674/12
f 598/672/304 601/675/12 600/674/12
f 598/672/304 602/676/13 601/675/12
f 603/677/12 602/676/13 598/672/304
f 602/676/13 603/677/12 604/678/306
f 604/678/306 603/677/12 605/679/307
f 606/680/12 605/679/307 603/677/12
f 605/679/307 607/681/308 604/678/306
f 606/680/12 608/682/12 605/679/307
f 609/683/12 605/679/307 608/682/12
f 608/682/12 610/684/12 609/683/12
f 607/681/308 605/679/307 611/685/309
f 607/681/308 611/685/309 612/686/310
f 612/686/310 611/685/309 613/687/311
f 613/687/311 62/688/312 612/686/310
f 62/688/312 613/687/311 65/689/312
f 614/690/313 615/691/314 616/692/16
f 616/692/16 617/693/16 614/690/313
f 618/694/16 617/693/16 616/692/16
f 617/693/16 618/694/16 619/695/49
f 617/693/16 619/695/49 620/696/16
f 621/697/49 620/696/16 619/695/49
f 621/697/49 622/698/16 620/696/16
f 622/698/16 621/697/49 623/699/16
f 622/698/16 623/699/16 624/700/16
f 624/700/16 623/699/16 625/701/315
f 624/700/16 625/701/315 626/702/16
f 627/703/316 624/700/16 626/702/16
f 628/704/317 624/700/16 627/703/316
f 624/700/16 628/704/317 629/705/49
f 559/706/259 19/707/259 555/708/318
f 23/709/258 555/708/318 19/707/259
f 555/708/318 23/709/258 553/710/319
f 553/710/319 23/709/258 24/711/256
f 553/710/319 24/711/256 549/712/255
f 549/712/255 24/711/256 25/713/320
f 549/712/255 25/713/320 547/714/254
f 547/714/254 25/713/320 22/715/321
f 547/714/254 22/715/321 545/716/321
f 22/715/321 27/717/322 545/716/321
f 544/718/323 545/716/321 27/717/322
f 544/718/323 27/717/322 542/719/324
f 27/717/322 267/720/323 542/719/324
f 267/720/323 540/721/248 542/719/324
f 540/721/248 267/720/323 264/722/325
f 264/722/325 537/723/326 540/721/248
f 537/723/326 264/722/325 265/724/248
f 630/725/24 631/726/24 557/727/24
f 632/728/24 630/725/24 557/727/24
f 557/727/24 556/729/327 632/728/24
f 632/728/24 556/729/327 633/730/328
f 632/728/24 633/730/328 634/731/24
f 633/730/328 556/729/327 635/732/329
f 556/729/327 554/733/329 635/732/329
f 554/733/329 636/734/330 635/732/329
f 554/733/329 552/735/331 636/734/330
f 552/735/331 69/736/332 636/734/330
f 552/735/331 637/737/333 69/736/332
f 69/736/332 637/737/333 68/738/332
f 637/737/333 638/739/332 68/738/332
f 637/737/333 552/735/331 639/740/334
f 637/737/333 640/741/335 638/739/332
f 551/742/334 639/740/334 552/735/331
f 641/743/329 638/739/332 640/741/335
f 639/740/334 551/742/334 642/744/336
f 643/745/328 641/743/329 640/741/335
f 550/746/336 642/744/336 551/742/334
f 643/745/328 644/747/328 641/743/329
f 550/746/336 645/748/337 642/744/336
f 646/749/24 644/747/328 643/745/328
f 644/747/328 646/749/24 647/750/24
f 643/745/328 648/751/338 646/749/24
f 646/749/24 648/751/338 649/752/24
f 649/752/24 648/751/338 650/753/24
f 645/748/337 550/746/336 548/754/339
f 645/748/337 548/754/339 651/755/340
f 651/755/340 548/754/339 652/756/341
f 645/748/337 651/755/340 653/757/342
f 652/756/341 548/754/339 654/758/343
f 655/759/344 645/748/337 653/757/342
f 546/760/345 654/758/343 548/754/339
f 655/759/344 653/757/342 656/761/346
f 654/758/343 546/760/345 657/762/343
f 658/763/347 655/759/344 656/761/346
f 659/764/348 657/762/343 546/760/345
f 660/765/345 655/759/344 658/763/347
f 546/760/345 543/766/347 659/764/348
f 661/767/347 660/765/345 658/763/347
f 662/768/347 660/765/345 661/767/347
f 663/769/349 662/768/347 661/767/347
f 663/769/349 664/770/350 662/768/347
f 662/768/347 664/770/350 665/771/347
f 666/772/345 665/771/347 664/770/350
f 666/772/345 667/773/347 665/771/347
f 666/772/345 668/774/351 667/773/347
f 667/773/347 668/774/351 538/775/348
f 538/775/348 669/776/347 667/773/347
f 669/776/347 538/775/348 670/777/345
f 668/774/351 539/778/352 538/775/348
f 671/779/348 539/778/352 668/774/351
f 672/780/349 539/778/352 671/779/348
f 539/778/352 672/780/349 673/781/347
f 539/778/352 673/781/347 541/782/345
f 674/783/348 673/781/347 672/780/349
f 673/781/347 543/766/347 541/782/345
f 674/783/348 543/766/347 673/781/347
f 543/766/347 674/783/348 659/764/348
f 425/784/353 426/785/353 675/786/354
f 676/787/355 675/786/354 426/785/353
f 676/787/355 677/788/356 675/786/354
f 677/788/356 676/787/355 678/789/357
f 677/788/356 678/789/357 679/790/358
f 680/791/359 679/790/358 678/789/357
f 680/791/359 614/792/313 679/790/358
f 614/792/313 680/791/359 681/793/360
f 614/792/313 681/793/360 682/794/16
f 683/795/16 682/794/16 681/793/360
f 614/792/313 682/794/16 684/796/16
f 614/792/313 684/796/16 685/797/315
f 615/798/314 614/792/313 685/797/315
f 685/797/315 684/796/16 686/799/16
f 685/797/315 686/799/16 687/800/16
f 685/797/315 687/800/16 688/801/16
f 689/802/16 685/797/315 688/801/16
f 689/802/16 688/801/16 690/803/361
f 690/803/361 691/804/362 689/802/16
f 689/802/16 691/804/362 692/805/363
f 693/806/364 691/804/362 690/803/361
f 692/805/363 691/804/362 694/807/16
f 691/804/362 695/808/16 694/807/16
f 696/809/16 694/807/16 695/808/16
f 691/804/362 693/806/364 697/810/365
f 697/810/365 693/806/364 698/811/366
f 697/810/365 698/811/366 699/812/367
f 64/813/368 699/812/367 698/811/366
f 699/812/367 64/813/368 63/814/369
f 700/815/370 701/816/371 702/817/372
f 701/816/371 703/818/373 702/817/372
f 703/818/373 704/819/374 702/817/372
f 704/819/374 703/818/373 705/820/375
f 705/820/375 706/821/196 704/819/374
f 705/820/375 707/822/196 706/821/196
f 707/822/196 61/823/16 706/821/196
f 61/823/16 707/822/196 59/824/16
f 576/825/376 575/826/377 708/827/378
f 709/828/379 708/827/378 575/826/377
f 709/828/379 710/829/380 708/827/378
f 710/829/380 709/828/379 711/830/381
f 711/830/381 712/831/382 710/829/380
f 713/832/383 712/831/382 711/830/381
f 713/832/383 714/833/384 712/831/382
f 715/834/384 714/833/384 713/832/383
f 714/833/384 715/834/384 716/835/385
f 717/836/386 716/835/385 715/834/384
f 717/836/386 718/837/387 716/835/385
f 716/835/385 718/837/387 719/838/388
f 719/838/388 718/837/387 720/839/389
f 721/840/390 720/839/389 718/837/387
f 720/839/389 721/840/390 722/841/391
f 722/841/391 721/840/390 723/842/392
f 722/841/391 723/842/392 724/843/393
f 725/844/394 722/841/391 724/843/393
f 724/843/393 726/845/395 725/844/394
f 726/845/395 724/843/393 727/846/396
f 726/845/395 727/846/396 236/847/397
f 726/845/395 236/847/397 241/848/296
f 728/849/398 729/850/399 730/851/400
f 731/852/401 730/851/400 729/850/399
f 731/852/401 76/853/402 730/851/400
f 732/854/403 76/853/402 731/852/401
f 732/854/403 733/855/404 76/853/402
f 76/853/402 733/855/404 79/856/405
f 733/855/404 732/854/403 734/857/406
f 735/858/407 734/857/406 732/854/403
f 734/857/406 735/858/407 736/859/408
f 736/859/408 735/858/407 737/860/408
f 585/861/12 584/862/12 55/863/13
f 582/864/13 55/863/13 584/862/12
f 582/864/13 56/865/12 55/863/13
f 56/865/12 582/864/13 580/866/13
f 738/867/13 56/865/12 580/866/13
f 738/867/13 580/866/13 578/868/12
f 56/865/12 738/867/13 739/869/12
f 56/865/12 739/869/12 740/870/12
f 56/865/12 740/870/12 265/871/12
f 265/871/12 740/870/12 537/872/13
f 670/873/12 537/872/13 740/870/12
f 538/874/12 537/872/13 670/873/12
f 66/875/409 68/876/409 638/877/410
f 66/875/409 638/877/410 741/878/411
f 641/879/16 741/878/411 638/877/410
f 644/880/16 741/878/411 641/879/16
f 644/880/16 647/881/16 741/878/411
f 277/882/32 273/883/31 742/884/31
f 277/882/32 742/884/31 743/885/15
f 744/886/15 743/885/15 742/884/31
f 743/885/15 744/886/15 745/887/15
f 650/888/412 746/889/413 649/890/414
f 747/891/415 649/890/414 746/889/413
f 649/890/414 747/891/415 646/892/415
f 741/893/15 646/892/415 747/891/415
f 741/893/15 647/894/15 646/892/415
f 741/893/15 747/891/415 66/895/15
f 748/896/15 66/895/15 747/891/415
f 66/895/15 748/896/15 67/897/15
f 67/897/15 748/896/15 749/898/15
f 67/897/15 749/898/15 750/899/416
f 750/899/416 751/900/15 67/897/15
f 632/901/416 751/900/15 750/899/416
f 632/901/416 634/902/15 751/900/15
f 632/901/416 750/899/416 630/903/417
f 750/899/416 752/904/418 630/903/417
f 631/905/419 630/903/417 752/904/418
f 69/906/420 67/907/421 636/908/422
f 751/909/423 636/908/422 67/907/421
f 751/909/423 635/910/12 636/908/422
f 751/909/423 633/911/12 635/910/12
f 751/909/423 634/912/12 633/911/12
f 753/913/424 754/914/425 755/915/426
f 755/915/426 754/914/425 756/916/427
f 755/915/426 756/916/427 757/917/428
f 758/918/429 757/917/428 756/916/427
f 757/917/428 758/918/429 759/919/430
f 759/919/430 760/920/431 757/917/428
f 760/920/431 759/919/430 761/921/432
f 762/922/432 761/921/432 759/919/430
f 762/922/432 759/919/430 763/923/433
f 762/922/432 763/923/433 764/924/433
f 764/924/433 765/925/434 762/922/432
f 761/921/432 762/922/432 766/926/435
f 767/927/436 762/922/432 765/925/434
f 767/927/436 765/925/434 768/928/433
f 768/928/433 765/925/434 769/929/437
f 768/928/433 769/929/437 770/930/431
f 769/929/437 771/931/438 770/930/431
f 771/931/438 769/929/437 772/932/434
f 771/931/438 772/932/434 773/933/433
f 771/931/438 773/933/433 774/934/431
f 775/935/439 774/934/431 773/933/433
f 775/935/439 776/936/440 774/934/431
f 777/937/441 776/936/440 775/935/439
f 776/936/440 777/937/441 778/938/442
f 779/939/425 778/938/442 777/937/441
f 778/938/442 779/939/425 780/940/443
f 781/941/431 767/927/436 768/928/433
f 782/942/436 767/927/436 781/941/431
f 783/943/430 782/942/436 781/941/431
f 784/944/433 782/942/436 783/943/430
f 782/942/436 784/944/433 785/945/444
f 785/945/444 786/946/445 782/942/436
f 786/946/445 785/945/444 787/947/446
f 786/946/445 787/947/446 788/948/447
f 94/949/448 788/948/447 787/947/446
f 94/949/448 787/947/446 789/950/424
f 788/948/447 94/949/448 93/951/449
f 782/942/436 790/952/450 767/927/436
f 790/952/450 782/942/436 791/953/451
f 791/953/451 792/954/12 227/955/12
f 791/953/451 227/955/12 253/956/12
f 791/953/451 253/956/12 793/957/13
f 791/953/451 793/957/13 790/952/450
f 794/958/12 790/952/450 793/957/13
f 795/959/13 790/952/450 794/958/12
f 796/960/452 767/927/436 790/952/450
f 796/960/452 790/952/450 795/959/13
f 767/927/436 796/960/452 762/922/432
f 797/961/13 796/960/452 795/959/13
f 796/960/452 766/926/435 762/922/432
f 766/926/435 796/960/452 797/961/13
f 798/962/12 766/926/435 797/961/13
f 766/926/435 798/962/12 799/963/12
f 766/926/435 799/963/12 800/964/12
f 754/965/453 753/966/433 801/967/454
f 802/968/455 801/967/454 753/966/433
f 801/967/454 802/968/455 803/969/456
f 804/970/457 803/969/456 802/968/455
f 803/969/456 804/970/457 805/971/458
f 806/972/459 805/971/458 804/970/457
f 807/973/459 806/974/459 808/975/457
f 808/975/457 806/974/459 804/976/457
f 808/975/457 804/976/457 809/977/455
f 802/978/455 809/977/455 804/976/457
f 81/979/455 809/977/455 802/978/455
f 809/977/455 81/979/455 83/980/460
f 81/979/455 802/978/455 753/981/461
f 753/981/461 810/982/462 81/979/455
f 810/982/462 753/981/461 755/983/463
f 810/982/462 755/983/463 757/984/464
f 667/985/16 669/986/16 487/987/16
f 487/987/16 669/986/16 811/988/16
f 811/988/16 262/989/16 487/987/16
f 811/988/16 54/990/16 262/989/16
f 812/991/16 54/990/16 811/988/16
f 813/992/16 54/990/16 812/991/16
f 54/990/16 813/992/16 579/993/16
f 579/993/16 813/992/16 577/994/16
f 54/990/16 579/993/16 581/995/16
f 54/990/16 581/995/16 57/996/16
f 583/997/16 57/996/16 581/995/16
f 586/998/16 57/996/16 583/997/16
f 114/999/15 113/1000/15 814/1001/465
f 814/1001/465 815/1002/465 114/999/15
f 109/1003/466 815/1002/465 814/1001/465
f 815/1002/465 109/1003/466 118/1004/467
f 109/1003/466 816/1005/466 118/1004/467
f 817/1006/466 816/1005/466 109/1003/466
f 116/1007/466 118/1004/467 816/1005/466
f 108/1008/466 817/1006/466 109/1003/466
f 818/1009/467 116/1007/466 816/1005/466
f 103/1010/466 817/1006/466 108/1008/466
f 819/1011/466 817/1006/466 103/1010/466
f 108/1008/466 820/1012/468 103/1010/466
f 103/1010/466 102/1013/466 819/1011/466
f 820/1012/468 108/1008/466 821/1014/465
f 106/1015/15 820/1012/468 821/1014/465
f 820/1012/468 106/1015/15 107/1016/15
f 819/1011/466 102/1013/466 822/1017/466
f 823/1018/469 822/1017/466 102/1013/466
f 823/1018/469 824/1019/470 822/1017/466
f 97/1020/15 824/1019/470 823/1018/469
f 824/1019/470 97/1020/15 96/1021/15
f 824/1019/470 96/1021/15 825/1022/15
f 825/1022/15 96/1021/15 826/1023/15
f 126/1024/466 818/1009/467 127/1025/466
f 116/1007/466 818/1009/467 126/1024/466
f 827/1026/471 116/1007/466 126/1024/466
f 827/1026/471 828/1027/469 116/1007/466
f 828/1027/469 827/1026/471 122/1028/15
f 122/1028/15 121/1029/15 828/1027/469
f 818/1009/467 132/1030/466 127/1025/466
f 127/1025/466 132/1030/466 829/1031/472
f 830/1032/466 132/1030/466 818/1009/467
f 831/1033/465 829/1031/472 132/1030/466
f 128/1034/15 829/1031/472 831/1033/465
f 829/1031/472 128/1034/15 130/1035/15
f 132/1030/466 830/1032/466 133/1036/467
f 830/1032/466 832/1037/473 133/1036/467
f 830/1032/466 833/1038/466 832/1037/473
f 834/1039/474 133/1036/467 832/1037/473
f 133/1036/467 834/1039/474 835/1040/475
f 835/1040/475 836/1041/471 133/1036/467
f 837/1042/15 836/1041/471 835/1040/475
f 836/1041/471 837/1042/15 838/1043/15
f 129/1044/19 131/1045/19 839/1046/476
f 839/1046/476 840/1047/477 129/1044/19
f 840/1047/477 839/1046/476 134/1048/478
f 840/1047/477 134/1048/478 124/1049/478
f 124/1049/478 134/1048/478 841/1050/479
f 124/1049/478 841/1050/479 125/1051/478
f 842/1052/480 841/1050/479 134/1048/478
f 134/1048/478 135/1053/478 842/1052/480
f 135/1053/478 843/1054/478 842/1052/480
f 135/1053/478 844/1055/481 843/1054/478
f 844/1055/481 135/1053/478 845/1056/481
f 846/1057/19 844/1055/481 845/1056/481
f 844/1055/481 846/1057/19 847/1058/19
f 841/1050/479 119/1059/482 125/1051/478
f 119/1059/482 848/1060/481 125/1051/478
f 849/1061/480 119/1059/482 841/1050/479
f 848/1060/481 119/1059/482 850/1062/481
f 123/1063/19 848/1060/481 850/1062/481
f 848/1060/481 123/1063/19 120/1064/19
f 849/1061/480 117/1065/482 119/1059/482
f 849/1061/480 111/1066/480 117/1065/482
f 117/1065/482 111/1066/480 851/1067/481
f 111/1066/480 849/1061/480 852/1068/479
f 853/1069/476 851/1067/481 111/1066/480
f 853/1069/476 112/1070/19 851/1067/481
f 112/1070/19 853/1069/476 115/1071/19
f 852/1068/479 110/1072/483 111/1066/480
f 100/1073/479 110/1072/483 852/1068/479
f 854/1074/480 100/1073/479 852/1068/479
f 855/1075/481 110/1072/483 100/1073/479
f 854/1074/480 101/1076/484 100/1073/479
f 110/1072/483 855/1075/481 856/1077/477
f 856/1077/477 855/1075/481 104/1078/19
f 104/1078/19 855/1075/481 105/1079/19
f 854/1074/480 857/1080/481 101/1076/484
f 857/1080/481 854/1074/480 858/1081/485
f 858/1081/485 98/1082/19 857/1080/481
f 98/1082/19 858/1081/485 99/1083/486
f 859/1084/19 99/1083/486 858/1081/485
f 99/1083/486 859/1084/19 860/1085/19
f 138/1086/23 137/1087/23 861/1088/23
f 862/1089/23 138/1086/23 861/1088/23
f 140/1090/23 862/1089/23 861/1088/23
f 862/1089/23 140/1090/23 142/1091/23
f 144/1092/23 147/1093/23 863/1094/23
f 864/1095/23 144/1092/23 863/1094/23
f 148/1096/23 864/1095/23 863/1094/23
f 864/1095/23 148/1096/23 150/1097/23
f 154/1000/15 155/999/15 865/1001/487
f 865/1001/487 155/999/15 866/1002/488
f 865/1001/487 866/1002/488 149/1003/196
f 157/1004/489 149/1003/196 866/1002/488
f 149/1003/196 157/1004/489 867/1005/196
f 867/1005/196 868/1006/489 149/1003/196
f 156/1007/196 867/1005/196 157/1004/489
f 150/1008/489 149/1003/196 868/1006/489
f 156/1007/196 869/1009/490 867/1005/196
f 143/1010/196 150/1008/489 868/1006/489
f 868/1006/489 870/1011/196 143/1010/196
f 871/1012/488 150/1008/489 143/1010/196
f 143/1010/196 870/1011/196 142/1013/196
f 871/1012/488 864/1014/488 150/1008/489
f 871/1012/488 144/1015/15 864/1014/488
f 144/1015/15 871/1012/488 145/1016/15
f 870/1011/196 872/1017/196 142/1013/196
f 142/1013/196 872/1017/196 862/1018/491
f 873/1019/492 862/1018/491 872/1017/196
f 873/1019/492 138/1020/15 862/1018/491
f 136/1021/15 138/1020/15 873/1019/492
f 136/1021/15 873/1019/492 874/1022/33
f 136/1021/15 874/1022/33 875/1023/15
f 876/1026/493 156/1007/196 877/1027/488
f 877/1027/488 163/1028/15 876/1026/493
f 162/1029/15 163/1028/15 877/1027/488
f 156/1007/196 876/1026/493 166/1024/196
f 869/1009/490 156/1007/196 166/1024/196
f 166/1024/196 167/1025/494 869/1009/490
f 869/1009/490 167/1025/494 173/1030/196
f 878/1031/488 173/1030/196 167/1025/494
f 173/1030/196 879/1032/196 869/1009/490
f 173/1030/196 878/1031/488 880/1033/488
f 878/1031/488 169/1034/15 880/1033/488
f 170/1035/15 169/1034/15 878/1031/488
f 879/1032/196 173/1030/196 172/1036/494
f 879/1032/196 172/1036/494 881/1037/196
f 879/1032/196 881/1037/196 882/1038/196
f 881/1037/196 172/1036/494 883/1039/196
f 883/1039/196 172/1036/494 884/1040/495
f 885/1041/496 884/1040/495 172/1036/494
f 885/1041/496 886/1042/15 884/1040/495
f 887/1043/15 886/1042/15 885/1041/496
f 884/1098/497 886/1099/498 888/1100/499
f 884/1098/497 888/1100/499 883/1101/500
f 883/1101/500 888/1100/499 889/1102/501
f 883/1101/500 889/1102/501 881/1103/502
f 881/1103/502 889/1102/501 882/1104/15
f 889/1102/501 890/1105/15 882/1104/15
f 891/1106/12 890/1107/12 889/1108/13
f 891/1106/12 889/1108/13 892/1109/12
f 892/1109/12 889/1108/13 888/1110/12
f 886/1111/12 892/1109/12 888/1110/12
f 886/1111/12 887/1112/12 892/1109/12
f 155/1113/23 153/1114/23 893/1115/23
f 866/1116/23 155/1113/23 893/1115/23
f 158/1117/23 866/1116/23 893/1115/23
f 157/1118/23 866/1116/23 158/1117/23
f 163/1119/23 161/1120/23 894/1121/23
f 876/1122/23 163/1119/23 894/1121/23
f 164/1123/23 876/1122/23 894/1121/23
f 876/1122/23 164/1123/23 166/1124/23
f 169/1125/503 171/1126/504 895/1127/504
f 880/1128/505 169/1125/503 895/1127/504
f 174/1129/506 880/1128/505 895/1127/504
f 173/1130/507 880/1128/505 174/1129/506
f 890/1131/23 891/1132/23 896/1133/23
f 882/1134/508 890/1131/23 896/1133/23
f 897/1135/508 882/1134/508 896/1133/23
f 882/1134/508 897/1135/508 879/1136/508
f 90/1137/23 879/1136/508 897/1135/508
f 90/1137/23 897/1135/508 88/1138/23
f 212/1139/509 211/1140/510 898/1141/511
f 898/1141/511 211/1140/510 899/1142/512
f 898/1141/511 899/1142/512 900/1143/513
f 900/1143/513 899/1142/512 901/1144/514
f 900/1143/513 901/1144/514 902/1145/515
f 903/1146/516 902/1145/515 901/1144/514
f 904/1147/517 902/1145/515 903/1146/516
f 902/1145/515 904/1147/517 905/1148/517
f 904/1147/517 906/1149/518 905/1148/517
f 907/1150/519 905/1148/517 906/1149/518
f 907/1150/519 906/1149/518 908/1151/520
f 909/1152/520 908/1151/520 906/1149/518
f 910/1153/521 908/1151/520 909/1152/520
f 908/1151/520 910/1153/521 911/1154/522
f 911/1154/522 910/1153/521 912/1155/523
f 912/1155/523 910/1153/521 913/1156/524
f 912/1155/523 913/1156/524 214/1157/525
f 214/1157/525 913/1156/524 217/1158/525
f 216/1157/526 215/1158/527 914/1156/528
f 915/1155/529 216/1157/526 914/1156/528
f 915/1155/529 914/1156/528 916/1153/530
f 917/1154/531 915/1155/529 916/1153/530
f 916/1153/530 918/1151/532 917/1154/531
f 918/1151/532 916/1153/530 919/1152/532
f 918/1151/532 919/1152/532 920/1149/533
f 918/1151/532 920/1149/533 921/1150/534
f 920/1149/533 922/1148/535 921/1150/534
f 922/1148/535 920/1149/533 923/1147/536
f 923/1147/536 924/1145/537 922/1148/535
f 924/1145/537 923/1147/536 925/1146/538
f 924/1145/537 925/1146/538 926/1144/539
f 924/1145/537 926/1144/539 927/1143/540
f 927/1143/540 926/1144/539 928/1142/541
f 929/1141/542 927/1143/540 928/1142/541
f 929/1141/542 928/1142/541 213/1140/543
f 210/1139/543 929/1141/542 213/1140/543
f 930/1159/16 931/1160/16 932/1161/16
f 931/1160/16 930/1159/16 933/1162/16
f 934/1163/16 933/1162/16 930/1159/16
f 933/1162/16 934/1163/16 935/1164/16
f 934/1163/16 936/1165/16 935/1164/16
f 934/1163/16 937/1166/16 936/1165/16
f 937/1166/16 934/1163/16 938/1167/16
f 938/1167/16 939/1168/16 937/1166/16
f 939/1168/16 938/1167/16 940/1169/16
f 941/1170/544 942/1171/545 305/1172/546
f 942/1171/545 941/1170/544 943/1173/547
f 944/1174/548 943/1173/547 941/1170/544
f 943/1173/547 944/1174/548 945/1175/549
f 946/1176/550 945/1175/549 944/1174/548
f 945/1175/549 946/1176/550 947/1177/551
f 947/1177/551 946/1176/550 948/1178/552
f 947/1177/551 948/1178/552 949/1179/553
f 949/1179/553 948/1178/552 950/1180/554
f 951/1181/12 949/1179/553 950/1180/554
f 951/1181/12 952/1182/13 949/1179/553
f 953/1183/12 952/1182/13 951/1181/12
f 954/1184/12 952/1182/13 953/1183/12
f 955/1185/12 954/1184/12 953/1183/12
f 954/1184/12 955/1185/12 956/1186/12
f 956/1186/12 957/1187/12 954/1184/12
f 957/1187/12 956/1186/12 958/1188/12
f 959/1189/12 958/1188/12 956/1186/12
f 958/1188/12 959/1189/12 960/1190/12
f 960/1190/12 961/1191/12 958/1188/12
f 960/1190/12 962/1192/13 961/1191/12
f 962/1192/13 960/1190/12 963/1193/13
f 962/1192/13 963/1193/13 964/1194/13
f 964/1194/13 963/1193/13 965/1195/12
f 964/1194/13 965/1195/12 966/1196/12
f 967/1197/13 968/1198/12 969/1199/12
f 969/1199/12 970/1200/13 967/1197/13
f 970/1200/13 971/1201/12 967/1197/13
f 970/1200/13 972/1202/12 971/1201/12
f 973/1203/12 971/1201/12 972/1202/12
f 974/1204/13 971/1201/12 973/1203/12
f 971/1201/12 974/1204/13 975/1205/13
f 976/1206/12 975/1205/13 974/1204/13
f 975/1205/13 976/1206/12 977/1207/12
f 232/1208/555 978/1209/556 967/1210/556
f 967/1210/556 971/1211/557 232/1208/555
f 233/1212/558 232/1208/555 971/1211/557
f 971/1211/557 975/1213/559 233/1212/558
f 235/1214/560 233/1212/558 975/1213/559
f 975/1213/559 979/1215/561 235/1214/560
f 238/1216/562 235/1214/560 979/1215/561
f 975/1213/559 980/1217/563 979/1215/561
f 980/1217/563 975/1213/559 981/1218/564
f 981/1218/564 975/1213/559 977/1219/565
f 981/1218/564 977/1219/565 982/1220/566
f 982/1220/566 977/1219/565 983/1221/567
f 983/1221/567 977/1219/565 984/1222/568
f 984/1222/568 977/1219/565 985/1223/569
f 977/1219/565 986/1224/570 985/1223/569
f 984/1222/568 985/1223/569 987/1225/571
f 988/1226/572 418/1227/573 989/1228/574
f 990/1229/575 988/1226/572 989/1228/574
f 990/1229/575 991/1230/576 988/1226/572
f 992/1231/577 991/1230/576 990/1229/575
f 992/1231/577 993/1232/578 991/1230/576
f 994/1233/579 993/1232/578 992/1231/577
f 994/1233/579 995/1234/580 993/1232/578
f 996/1235/581 995/1234/580 994/1233/579
f 995/1234/580 996/1235/581 997/1236/582
f 998/1237/16 997/1236/582 996/1235/581
f 999/1238/16 998/1237/16 996/1235/581
f 999/1238/16 1000/1239/16 998/1237/16
f 999/1238/16 1001/1240/217 1000/1239/16
f 1002/1241/16 1000/1239/16 1001/1240/217
f 1002/1241/16 1001/1240/217 1003/1242/16
f 1003/1242/16 1001/1240/217 1004/1243/16
f 1003/1242/16 1005/1244/16 1006/1245/16
f 1003/1242/16 1007/1246/16 1005/1244/16
f 1003/1242/16 1008/1247/16 1007/1246/16
f 1004/1243/16 1008/1247/16 1003/1242/16
f 1008/1247/16 1004/1243/16 1009/1248/16
f 1009/1248/16 1004/1243/16 1010/1249/16
f 1010/1249/16 1011/1250/16 1009/1248/16
f 1011/1250/16 1010/1249/16 1012/1251/16
f 1013/1252/16 1011/1250/16 1012/1251/16
f 1013/1252/16 1014/1253/16 1011/1250/16
f 1011/1250/16 1014/1253/16 1015/1254/16
f 1014/1253/16 1013/1252/16 1016/1255/16
f 1014/1253/16 1016/1255/16 1017/1256/16
f 1014/1253/16 1017/1256/16 1018/1257/217
f 1019/1258/315 1014/1253/16 1018/1257/217
f 1019/1258/315 1020/1259/16 1014/1253/16
f 1020/1259/16 1019/1258/315 1021/1260/16
f 1021/1260/16 1022/1261/16 1020/1259/16
f 1022/1261/16 1021/1260/16 1023/1262/16
f 1023/1262/16 1024/1263/16 1022/1261/16
f 1024/1263/16 1023/1262/16 1025/1264/16
f 1024/1263/16 1025/1264/16 1026/1265/16
f 1026/1265/16 1027/1266/16 1024/1263/16
f 1027/1266/16 1026/1265/16 1028/1267/16
f 1028/1267/16 1029/1268/16 1027/1266/16
f 1030/1269/16 1028/1267/16 1031/1270/16
f 1032/1271/16 1028/1267/16 1030/1269/16
f 1033/1272/16 1028/1267/16 1032/1271/16
f 1028/1267/16 1033/1272/16 1029/1268/16
f 1029/1268/16 1033/1272/16 1034/1273/16
f 1035/1274/16 1029/1268/16 1034/1273/16
f 1036/1275/16 1035/1274/16 1034/1273/16
f 1036/1275/16 1034/1273/16 1037/1276/16
f 1038/1277/583 610/1278/584 966/1279/585
f 964/1280/586 966/1279/585 610/1278/584
f 610/1278/584 608/1281/587 964/1280/586
f 964/1280/586 608/1281/587 962/1282/588
f 606/1283/589 962/1282/588 608/1281/587
f 606/1283/589 961/1284/590 962/1282/588
f 961/1284/590 606/1283/589 603/1285/591
f 603/1285/591 598/1286/592 961/1284/590
f 958/1287/593 961/1284/590 598/1286/592
f 599/1288/594 958/1287/593 598/1286/592
f 958/1287/593 599/1288/594 957/1289/595
f 957/1289/595 599/1288/594 1039/1290/596
f 1039/1290/596 954/1291/597 957/1289/595
f 1039/1290/596 359/1292/598 954/1291/597
f 954/1291/597 359/1292/598 952/1293/599
f 952/1293/599 359/1292/598 949/1294/600
f 359/1292/598 307/1295/601 949/1294/600
f 949/1294/600 307/1295/601 947/1296/602
f 307/1295/601 945/1297/602 947/1296/602
f 307/1295/601 942/1298/603 945/1297/602
f 945/1297/602 942/1298/603 943/1299/604
f 942/1298/603 307/1295/601 305/1300/605
f 277/1301/606 743/1302/607 283/1303/606
f 283/1303/606 743/1302/607 285/1304/608
f 285/1304/608 743/1302/607 500/1305/609
f 1040/1306/16 1041/1307/16 1042/1308/16
f 1043/1309/16 1040/1306/16 1042/1308/16
f 1044/1310/16 1040/1306/16 1043/1309/16
f 1044/1310/16 1043/1309/16 1045/1311/16
f 1046/1312/13 1047/1313/12 1048/1314/12
f 1049/1315/13 1046/1312/13 1048/1314/12
f 1046/1312/13 1049/1315/13 1050/1316/12
f 1050/1316/12 1049/1315/13 1051/1317/12
f 1052/1318/12 1050/1316/12 1051/1317/12
f 1052/1318/12 1051/1317/12 1053/1319/13
f 1054/1320/12 1053/1319/13 1051/1317/12
f 1054/1320/12 1055/1321/12 1053/1319/13
f 1055/1321/12 1054/1320/12 1056/1322/13
f 1057/1323/12 1056/1322/13 1054/1320/12
f 1056/1322/13 1057/1323/12 1058/1324/12
f 1057/1323/12 1059/1325/13 1058/1324/12
f 1060/1326/12 1059/1325/13 1057/1323/12
f 1059/1325/13 1060/1326/12 1061/1327/12
f 1061/1327/12 1060/1326/12 1062/1328/12
f 1060/1326/12 1063/1329/12 1062/1328/12
f 1060/1326/12 1064/1330/13 1063/1329/12
f 1065/1331/13 1064/1330/13 1060/1326/12
f 1064/1330/13 1065/1331/13 1066/1332/13
f 1066/1332/13 1065/1331/13 1067/1333/12
f 1067/1333/12 1068/1334/12 1066/1332/13
f 1068/1334/12 1067/1333/12 1069/1335/12
f 1069/1335/12 1067/1333/12 1070/1336/12
f 1070/1336/12 1067/1333/12 1071/1337/12
f 298/1338/610 1/1339/611 3/1340/611
f 298/1338/610 3/1340/611 460/1341/612
f 298/1338/610 460/1341/612 295/1342/613
f 459/1343/614 295/1342/613 460/1341/612
f 459/1343/614 462/1344/615 295/1342/613
f 462/1344/615 292/1345/616 295/1342/613
f 292/1345/616 462/1344/615 296/1346/617
f 742/1347/618 273/1348/619 271/1349/620
f 742/1347/618 271/1349/620 270/1350/621
f 507/1351/622 742/1347/618 270/1350/621
f 659/1352/623 674/1353/624 1072/1354/623
f 1073/1355/625 1072/1354/623 674/1353/624
f 672/1356/626 1073/1355/625 674/1353/624
f 1073/1355/625 672/1356/626 1074/1357/627
f 671/1358/628 1074/1357/627 672/1356/626
f 1074/1357/627 671/1358/628 1075/1359/629
f 668/1360/630 1075/1359/629 671/1358/628
f 1075/1359/629 668/1360/630 1076/1361/631
f 666/1362/632 1076/1361/631 668/1360/630
f 1076/1361/631 666/1362/632 1077/1363/633
f 666/1362/632 1078/1364/634 1077/1363/633
f 1078/1364/634 666/1362/632 664/1365/635
f 664/1365/635 1079/1366/636 1078/1364/634
f 1079/1366/636 664/1365/635 663/1367/637
f 663/1367/637 1080/1368/638 1079/1366/636
f 1080/1368/638 663/1367/637 661/1369/639
f 661/1369/639 1081/1370/640 1080/1368/638
f 661/1369/639 658/1371/641 1081/1370/640
f 658/1371/641 1082/1372/642 1081/1370/640
f 1082/1372/642 658/1371/641 656/1373/643
f 1083/1374/644 1082/1372/642 656/1373/643
f 656/1373/643 653/1375/645 1083/1374/644
f 653/1375/645 1084/1376/646 1083/1374/644
f 653/1375/645 651/1377/647 1084/1376/646
f 940/1378/648 372/1379/649 370/1380/650
f 940/1378/648 374/1381/651 372/1379/649
f 940/1378/648 938/1382/652 374/1381/651
f 375/1383/653 374/1381/651 938/1382/652
f 938/1382/652 934/1384/654 375/1383/653
f 377/1385/655 375/1383/653 934/1384/654
f 934/1384/654 930/1386/656 377/1385/655
f 377/1385/655 930/1386/656 1085/1387/657
f 269/1388/658 1086/1389/659 508/1390/660
f 1086/1389/659 269/1388/658 272/1391/661
f 1086/1389/659 272/1391/661 1087/1392/662
f 274/1393/663 1087/1392/662 272/1391/661
f 274/1393/663 1088/1394/664 1087/1392/662
f 274/1393/663 275/1395/665 1088/1394/664
f 280/1396/665 1088/1394/664 275/1395/665
f 280/1396/665 1089/1397/665 1088/1394/664
f 1089/1397/665 280/1396/665 286/1398/665
f 1090/1399/666 1089/1397/665 286/1398/665
f 286/1398/665 1091/1400/667 1090/1399/666
f 1090/1399/666 1091/1400/667 1092/1401/668
f 1091/1400/667 286/1398/665 288/1402/669
f 1091/1400/667 288/1402/669 1093/1403/670
f 288/1402/669 289/1404/671 1093/1403/670
f 1093/1403/670 289/1404/671 1094/1405/672
f 289/1404/671 294/1406/673 1094/1405/672
f 1094/1405/672 294/1406/673 1095/1407/674
f 294/1406/673 301/1408/31 1095/1407/674
f 1095/1407/674 301/1408/31 1096/1409/31
f 301/1408/31 304/1410/675 1096/1409/31
f 304/1410/675 1097/1411/676 1096/1409/31
f 1096/1409/31 1097/1411/676 1098/1412/677
f 1097/1411/676 304/1410/675 332/1413/678
f 332/1413/678 1099/1414/679 1097/1411/676
f 1099/1414/679 332/1413/678 334/1415/680
f 334/1415/680 1100/1416/681 1099/1414/679
f 337/1417/682 1100/1416/681 334/1415/680
f 337/1417/682 1101/1418/683 1100/1416/681
f 338/1419/684 1101/1418/683 337/1417/682
f 1101/1418/683 338/1419/684 1102/1420/685
f 338/1419/684 1103/1421/686 1102/1420/685
f 1103/1421/686 338/1419/684 340/1422/24
f 1103/1421/686 340/1422/24 342/1423/338
f 1104/1424/338 1103/1421/686 342/1423/338
f 342/1423/338 345/1425/338 1104/1424/338
f 1104/1424/338 345/1425/338 1105/1426/338
f 345/1425/338 347/1427/24 1105/1426/338
f 509/1428/24 1105/1426/338 347/1427/24
f 588/1429/687 391/1430/688 397/1431/689
f 588/1429/687 397/1431/689 399/1432/690
f 1106/1433/691 588/1429/687 399/1432/690
f 1107/1434/13 1108/1435/12 1109/1436/12
f 1110/1437/13 1108/1435/12 1107/1434/13
f 1107/1434/13 1111/1438/12 1110/1437/13
f 1110/1437/13 1111/1438/12 1112/1439/12
f 696/1440/692 1113/1441/693 1031/1442/694
f 1031/1442/694 1028/1443/695 696/1440/692
f 694/1444/696 696/1440/692 1028/1443/695
f 694/1444/696 1028/1443/695 1026/1445/697
f 1026/1445/697 692/1446/698 694/1444/696
f 692/1446/698 1026/1445/697 1025/1447/699
f 1025/1447/699 689/1448/700 692/1446/698
f 685/1449/701 689/1448/700 1025/1447/699
f 1025/1447/699 1023/1450/702 685/1449/701
f 685/1449/701 1023/1450/702 615/1451/703
f 1021/1452/704 615/1451/703 1023/1450/702
f 615/1451/703 1021/1452/704 616/1453/705
f 1019/1454/706 616/1453/705 1021/1452/704
f 618/1455/707 616/1453/705 1019/1454/706
f 618/1455/707 1019/1454/706 1018/1456/707
f 1114/1457/708 384/1458/709 1115/1459/710
f 384/1458/709 1114/1457/708 386/1460/711
f 386/1460/711 1114/1457/708 1116/1461/712
f 386/1460/711 1116/1461/712 388/1462/713
f 1117/1463/665 388/1462/713 1116/1461/712
f 388/1462/713 1117/1463/665 389/1464/714
f 1117/1463/665 394/1465/715 389/1464/714
f 394/1465/715 1117/1463/665 1118/1466/668
f 400/1467/665 394/1465/715 1118/1466/668
f 1118/1466/668 1119/1468/664 400/1467/665
f 787/1469/716 400/1467/665 1119/1468/664
f 1119/1468/664 789/1470/714 787/1469/716
f 402/1471/717 400/1467/665 787/1469/716
f 402/1471/717 787/1469/716 785/1472/717
f 784/1473/718 402/1471/717 785/1472/717
f 402/1471/717 784/1473/718 403/1474/719
f 784/1473/718 783/1475/720 403/1474/719
f 403/1474/719 783/1475/720 405/1476/721
f 783/1475/720 781/1477/722 405/1476/721
f 405/1476/721 781/1477/722 406/1478/723
f 768/1479/724 406/1478/723 781/1477/722
f 406/1478/723 768/1479/724 409/1480/725
f 768/1479/724 437/1481/726 409/1480/725
f 437/1481/726 768/1479/724 770/1482/727
f 770/1482/727 438/1483/728 437/1481/726
f 438/1483/728 770/1482/727 771/1484/729
f 771/1484/729 441/1485/730 438/1483/728
f 441/1485/730 771/1484/729 774/1486/731
f 774/1486/731 776/1487/338 441/1485/730
f 443/1488/24 441/1485/730 776/1487/338
f 776/1487/338 778/1489/24 443/1488/24
f 780/1490/24 443/1488/24 778/1489/24
f 443/1488/24 780/1490/24 1120/1491/338
f 1120/1491/338 445/1492/338 443/1488/24
f 1120/1491/338 1121/1493/338 445/1492/338
f 445/1492/338 1121/1493/338 447/1494/338
f 1121/1493/338 1122/1495/338 447/1494/338
f 1122/1495/338 449/1496/24 447/1494/338
f 449/1496/24 1122/1495/338 1123/1497/24
f 461/1498/732 460/1499/733 3/1500/734
f 3/1500/734 2/1501/732 461/1498/732
f 461/1498/732 2/1501/732 463/1502/735
f 300/1503/736 463/1502/735 2/1501/732
f 300/1503/736 2/1501/732 1124/1504/737
f 1124/1504/737 299/1505/738 300/1503/736
f 1125/1506/739 299/1505/738 1124/1504/737
f 299/1505/738 1125/1506/739 302/1507/740
f 1125/1506/739 303/1508/741 302/1507/740
f 303/1508/741 1125/1506/739 1126/1509/742
f 325/1510/743 303/1508/741 1126/1509/742
f 325/1510/743 1126/1509/742 1127/1511/744
f 1128/1512/745 258/1513/746 260/1514/745
f 1128/1512/745 1129/1515/745 258/1513/746
f 258/1513/746 1129/1515/745 256/1516/745
f 534/1517/747 368/1518/748 371/1519/749
f 534/1517/747 371/1519/749 373/1520/750
f 373/1520/750 536/1521/751 534/1517/747
f 373/1520/750 376/1522/752 536/1521/751
f 376/1522/752 1130/1523/753 536/1521/751
f 1130/1523/753 376/1522/752 379/1524/754
f 381/1525/755 1130/1523/753 379/1524/754
f 1130/1523/753 381/1525/755 382/1526/756
f 256/1527/757 1129/1528/758 10/1529/759
f 11/1530/363 256/1527/757 10/1529/759
f 256/1527/757 11/1530/363 257/1531/16
f 11/1530/363 492/1532/16 257/1531/16
f 498/1533/16 492/1532/16 11/1530/363
f 492/1532/16 498/1533/16 496/1534/16
f 492/1532/16 496/1534/16 494/1535/16
f 417/1536/760 624/1537/761 629/1538/760
f 624/1537/761 417/1536/760 420/1539/162
f 420/1539/162 622/1540/762 624/1537/761
f 622/1540/762 420/1539/162 421/1541/763
f 422/1542/764 622/1540/762 421/1541/763
f 622/1540/762 422/1542/764 620/1543/765
f 423/1544/34 620/1543/765 422/1542/764
f 423/1544/34 617/1545/34 620/1543/765
f 617/1545/34 423/1544/34 425/1546/766
f 617/1545/34 425/1546/766 675/1547/767
f 617/1545/34 675/1547/767 677/1548/169
f 617/1545/34 677/1548/169 679/1549/768
f 614/1550/767 617/1545/34 679/1549/768
f 487/1551/23 665/1552/769 667/1553/23
f 488/1554/770 665/1552/769 487/1551/23
f 488/1554/770 662/1555/771 665/1552/769
f 489/1556/772 662/1555/771 488/1554/770
f 489/1556/772 660/1557/773 662/1555/771
f 660/1557/773 489/1556/772 490/1558/774
f 491/1559/16 660/1557/773 490/1558/774
f 660/1557/773 491/1559/16 655/1560/16
f 645/1561/16 655/1560/16 491/1559/16
f 645/1561/16 491/1559/16 493/1562/16
f 645/1561/16 493/1562/16 642/1563/16
f 493/1562/16 639/1564/16 642/1563/16
f 493/1562/16 637/1565/16 639/1564/16
f 637/1565/16 493/1562/16 495/1566/16
f 637/1565/16 495/1566/16 497/1567/16
f 497/1567/16 640/1568/16 637/1565/16
f 640/1568/16 497/1567/16 499/1569/16
f 640/1568/16 499/1569/16 643/1570/16
f 643/1570/16 499/1569/16 648/1571/16
f 1015/1572/775 247/1573/486 245/1574/776
f 1015/1572/775 1014/1575/777 247/1573/486
f 247/1573/486 1014/1575/777 249/1576/19
f 249/1576/19 1014/1575/777 17/1577/19
f 249/1576/19 17/1577/19 251/1578/19
f 17/1577/19 6/1579/19 251/1578/19
f 6/1579/19 17/1577/19 4/1580/19
f 16/1581/778 17/1577/19 1014/1575/777
f 1020/1582/779 16/1581/778 1014/1575/777
f 16/1581/778 1020/1582/779 18/1583/780
f 18/1583/780 1020/1582/779 20/1584/781
f 1022/1585/782 20/1584/781 1020/1582/779
f 20/1584/781 1022/1585/782 21/1586/783
f 1024/1587/784 21/1586/783 1022/1585/782
f 21/1586/783 1024/1587/784 26/1588/785
f 1027/1589/785 26/1588/785 1024/1587/784
f 1027/1589/785 28/1590/786 26/1588/785
f 28/1590/786 1027/1589/785 1029/1591/786
f 1029/1591/786 29/1592/15 28/1590/786
f 29/1592/15 5/1593/15 7/1594/15
f 5/1593/15 29/1592/15 1131/1595/15
f 29/1592/15 1132/1596/15 1131/1595/15
f 1029/1591/786 1132/1596/15 29/1592/15
f 1029/1591/786 1133/1597/15 1132/1596/15
f 1029/1591/786 1035/1598/787 1133/1597/15
f 1133/1597/15 1035/1598/787 1134/1599/788
f 1036/1600/789 1134/1599/788 1035/1598/787
f 1135/1601/790 1134/1599/788 1036/1600/789
f 987/1602/791 1135/1601/790 1036/1600/789
f 987/1602/791 1036/1600/789 1037/1603/792
f 987/1602/791 1037/1603/792 984/1604/793
f 1136/1605/794 984/1604/793 1037/1603/792
f 983/1606/795 984/1604/793 1136/1605/794
f 1137/1607/796 983/1606/795 1136/1605/794
f 982/1608/797 983/1606/795 1137/1607/796
f 1137/1607/796 981/1609/798 982/1608/797
f 981/1609/798 1137/1607/796 1138/1610/799
f 1138/1610/799 980/1611/800 981/1609/798
f 980/1611/800 1138/1610/799 1139/1612/801
f 979/1613/802 980/1611/800 1139/1612/801
f 1006/1614/803 979/1613/802 1139/1612/801
f 238/1615/804 979/1613/802 1006/1614/803
f 1005/1616/805 238/1615/804 1006/1614/803
f 237/1617/806 238/1615/804 1005/1616/805
f 1007/1618/806 237/1617/806 1005/1616/805
f 1007/1618/806 239/1619/807 237/1617/806
f 239/1619/807 1007/1618/806 1008/1620/808
f 1008/1620/808 242/1621/40 239/1619/807
f 242/1621/40 1008/1620/808 1009/1622/39
f 1009/1622/39 244/1623/809 242/1621/40
f 244/1623/809 1009/1622/39 1011/1624/810
f 1011/1624/810 245/1625/776 244/1623/809
f 245/1625/776 1011/1624/810 1015/1626/775
f 266/1627/811 1140/1628/812 263/1629/813
f 266/1627/811 268/1630/814 1140/1628/812
f 13/1631/814 1140/1628/812 268/1630/814
f 13/1631/814 268/1630/814 14/1632/815
f 534/1633/24 60/1634/338 59/1635/338
f 534/1633/24 59/1635/338 707/1636/24
f 534/1633/24 707/1636/24 368/1637/338
f 368/1637/338 57/1638/24 369/1639/24
f 57/1638/24 368/1637/338 707/1636/24
f 57/1638/24 707/1636/24 55/1640/816
f 55/1640/816 707/1636/24 6/1641/24
f 55/1640/816 6/1641/24 5/1642/817
f 55/1640/816 5/1642/817 1141/1643/818
f 1141/1643/818 5/1642/817 1131/1644/819
f 6/1641/24 707/1636/24 252/1645/24
f 6/1641/24 252/1645/24 251/1646/24
f 1018/1647/24 252/1645/24 707/1636/24
f 1018/1647/24 1017/1648/338 252/1645/24
f 1018/1647/24 707/1636/24 705/1649/24
f 1018/1647/24 705/1649/24 703/1650/24
f 618/1651/24 1018/1647/24 703/1650/24
f 703/1650/24 701/1652/24 618/1651/24
f 701/1652/24 1142/1653/24 618/1651/24
f 618/1651/24 1142/1653/24 1143/1654/24
f 618/1651/24 1143/1654/24 1144/1655/24
f 618/1651/24 1144/1655/24 1145/1656/24
f 618/1651/24 1145/1656/24 1146/1657/820
f 565/1658/24 618/1651/24 1146/1657/820
f 619/1659/24 618/1651/24 565/1658/24
f 619/1659/24 565/1658/24 564/1660/338
f 94/1661/23 1147/1662/23 92/1663/23
f 1147/1662/23 94/1661/23 1148/1664/23
f 1147/1662/23 1148/1664/23 1149/1665/23
f 1149/1665/23 1148/1664/23 1150/1666/23
f 1149/1665/23 1150/1666/23 1151/1667/23
f 1151/1667/23 1150/1666/23 1152/1668/23
f 1017/1669/821 250/1670/822 252/1671/823
f 250/1670/822 1017/1669/821 1016/1672/824
f 1016/1672/824 248/1673/825 250/1670/822
f 248/1673/825 1016/1672/824 1013/1674/826
f 1013/1674/826 246/1675/827 248/1673/825
f 246/1675/827 1013/1674/826 1012/1676/828
f 1010/1677/829 246/1675/827 1012/1676/828
f 243/1678/830 246/1675/827 1010/1677/829
f 1004/1679/831 243/1678/830 1010/1677/829
f 240/1680/832 243/1678/830 1004/1679/831
f 1004/1679/831 241/1681/23 240/1680/832
f 1004/1679/831 1001/1682/833 241/1681/23
f 241/1681/23 1001/1682/833 726/1683/23
f 710/1684/23 726/1683/23 1001/1682/833
f 710/1684/23 725/1685/23 726/1683/23
f 710/1684/23 1001/1682/833 708/1686/23
f 628/1687/23 708/1686/23 1001/1682/833
f 725/1685/23 710/1684/23 712/1688/23
f 628/1687/23 576/1689/23 708/1686/23
f 725/1685/23 712/1688/23 722/1690/23
f 628/1687/23 627/1691/834 576/1689/23
f 722/1690/23 712/1688/23 720/1692/23
f 576/1689/23 627/1691/834 573/1693/835
f 720/1692/23 712/1688/23 714/1694/23
f 720/1692/23 714/1694/23 716/1695/23
f 720/1692/23 716/1695/23 719/1696/23
f 626/1697/836 573/1693/835 627/1691/834
f 626/1697/836 572/1698/836 573/1693/835
f 571/1699/837 572/1698/836 626/1697/836
f 625/1700/838 571/1699/837 626/1697/836
f 569/1701/839 571/1699/837 625/1700/838
f 625/1700/838 623/1702/840 569/1701/839
f 623/1702/840 567/1703/841 569/1701/839
f 567/1703/841 623/1702/840 621/1704/841
f 567/1703/841 621/1704/841 564/1705/842
f 621/1704/841 619/1706/842 564/1705/842
f 1153/1707/24 1096/1708/843 1098/1709/24
f 1154/1710/338 1096/1708/843 1153/1707/24
f 1155/1711/338 1096/1708/843 1154/1710/338
f 1156/1712/338 1155/1711/338 1154/1710/338
f 1156/1712/338 1157/1713/24 1155/1711/338
f 1158/1714/338 1157/1713/24 1156/1712/338
f 1157/1713/24 1158/1714/338 1159/1715/24
f 1157/1713/24 1159/1715/24 1160/1716/844
f 1160/1716/844 1159/1715/24 1161/1717/24
f 1160/1716/844 1161/1717/24 1162/1718/845
f 1163/1719/846 1160/1716/844 1162/1718/845
f 1160/1716/844 1163/1719/846 1164/1720/847
f 1165/1721/23 700/1722/23 702/1723/23
f 1165/1721/23 702/1723/23 704/1724/23
f 704/1724/23 1166/1725/23 1165/1721/23
f 704/1724/23 1140/1726/23 1166/1725/23
f 13/1727/9 1166/1725/23 1140/1726/23
f 1166/1725/23 13/1727/9 1167/1728/23
f 13/1727/9 1168/1729/23 1167/1728/23
f 1168/1729/23 13/1727/9 15/1730/11
f 704/1724/23 706/1731/23 1140/1726/23
f 706/1731/23 263/1732/23 1140/1726/23
f 706/1731/23 260/1733/23 263/1732/23
f 706/1731/23 1128/1734/848 260/1733/23
f 10/1735/23 1128/1734/848 706/1731/23
f 1129/1736/849 1128/1734/848 10/1735/23
f 706/1731/23 61/1737/23 10/1735/23
f 61/1737/23 8/1738/23 10/1735/23
f 8/1738/23 61/1737/23 58/1739/23
f 12/1740/850 1169/1741/851 15/1742/852
f 1169/1741/851 1168/1743/853 15/1742/852
f 1170/1744/854 1168/1743/853 1169/1741/851
f 1171/1745/855 1168/1743/853 1170/1744/854
f 1168/1743/853 1171/1745/855 1167/1746/856
f 1167/1746/856 1171/1745/855 1172/1747/857
f 1172/1747/857 1166/1748/857 1167/1746/856
f 1166/1748/857 1172/1747/857 1165/1749/858
f 1173/1750/859 1165/1749/858 1172/1747/857
f 1173/1750/859 700/1751/12 1165/1749/858
f 1173/1750/859 1174/1752/385 700/1751/12
f 1174/1752/385 1142/1753/386 700/1751/12
f 700/1751/12 1142/1753/386 701/1754/12
f 1142/1753/386 1174/1752/385 1143/1755/384
f 1175/1756/384 1143/1755/384 1174/1752/385
f 1143/1755/384 1175/1756/384 1144/1757/383
f 1144/1757/383 1175/1756/384 1176/1758/382
f 1177/1759/860 1144/1757/383 1176/1758/382
f 1144/1757/383 1177/1759/860 1145/1760/860
f 1178/1761/861 1145/1760/860 1177/1759/860
f 1145/1760/860 1178/1761/861 1146/1762/861
f 1146/1762/861 1178/1761/861 565/1763/371
f 563/1764/370 565/1763/371 1178/1761/861
f 92/1765/862 1090/1766/863 1092/1767/864
f 1090/1766/863 92/1765/862 1147/1768/865
f 1147/1768/865 1089/1769/866 1090/1766/863
f 1089/1769/866 1147/1768/865 1149/1770/867
f 1089/1769/866 1149/1770/867 1088/1771/868
f 1088/1771/868 1149/1770/867 1151/1772/869
f 1151/1772/869 1087/1773/486 1088/1771/868
f 355/1774/19 1087/1773/486 1151/1772/869
f 1087/1773/486 355/1774/19 1086/1775/19
f 1086/1775/19 355/1774/19 508/1776/19
f 355/1774/19 509/1777/486 508/1776/19
f 357/1778/486 355/1774/19 1151/1772/869
f 355/1774/19 1179/1779/19 509/1777/486
f 512/1780/486 509/1777/486 1179/1779/19
f 511/1781/19 512/1780/486 1179/1779/19
f 75/1782/486 511/1781/19 1179/1779/19
f 511/1781/19 75/1782/486 737/1783/19
f 511/1781/19 737/1783/19 1180/1784/19
f 1152/1785/870 357/1778/486 1151/1772/869
f 357/1778/486 1152/1785/870 358/1786/19
f 358/1786/19 1152/1785/870 1116/1787/486
f 1116/1787/486 1152/1785/870 1117/1788/871
f 1114/1789/19 358/1786/19 1116/1787/486
f 1150/1790/872 1117/1788/871 1152/1785/870
f 1115/1791/19 358/1786/19 1114/1789/19
f 1117/1788/871 1150/1790/872 1118/1792/873
f 1123/1793/486 358/1786/19 1115/1791/19
f 1148/1794/874 1118/1792/873 1150/1790/872
f 1181/1795/19 358/1786/19 1123/1793/486
f 1118/1792/873 1148/1794/874 1119/1796/875
f 94/1797/876 1119/1796/875 1148/1794/874
f 1119/1796/875 94/1797/876 789/1798/877
f 1123/1793/486 1182/1799/19 1181/1795/19
f 1182/1799/19 1183/1800/19 1181/1795/19
f 74/1801/19 1181/1795/19 1183/1800/19
f 1183/1800/19 806/1802/19 74/1801/19
f 1183/1800/19 805/1803/19 806/1802/19
f 1042/1804/878 1041/1805/879 501/1806/880
f 503/1807/881 1042/1804/878 501/1806/880
f 1042/1804/878 503/1807/881 1043/1808/882
f 503/1807/881 505/1809/883 1043/1808/882
f 1184/1810/19 1043/1808/882 505/1809/883
f 1043/1808/882 1184/1810/19 1185/1811/486
f 1043/1808/882 1185/1811/486 1045/1812/19
f 1045/1812/19 1185/1811/486 1186/1813/19
f 1187/1814/884 743/1815/23 745/1816/23
f 1187/1814/884 500/1817/885 743/1815/23
f 1188/1818/886 500/1817/885 1187/1814/884
f 500/1817/885 1188/1818/886 502/1819/886
f 1189/1820/887 502/1819/886 1188/1818/886
f 504/1821/888 502/1819/886 1189/1820/887
f 1190/1822/889 504/1821/888 1189/1820/887
f 504/1821/888 1190/1822/889 507/1823/890
f 1190/1822/889 742/1824/24 507/1823/890
f 742/1824/24 1190/1822/889 744/1825/24
f 575/1826/24 255/1827/24 709/1828/24
f 255/1827/24 711/1829/843 709/1828/24
f 711/1829/843 255/1827/24 234/1830/24
f 713/1831/843 711/1829/843 234/1830/24
f 236/1832/891 727/1833/334 234/1830/24
f 724/1834/338 234/1830/24 727/1833/334
f 713/1831/843 234/1830/24 724/1834/338
f 713/1831/843 724/1834/338 723/1835/24
f 713/1831/843 723/1835/24 721/1836/24
f 713/1831/843 721/1836/24 715/1837/24
f 715/1837/24 721/1836/24 717/1838/24
f 717/1838/24 721/1836/24 718/1839/24
f 12/1840/892 19/1841/893 559/1842/894
f 559/1842/894 558/1843/895 12/1840/892
f 12/1840/892 558/1843/895 1169/1844/896
f 561/1845/897 1169/1844/896 558/1843/895
f 561/1845/897 1170/1846/23 1169/1844/896
f 561/1845/897 1171/1847/23 1170/1846/23
f 561/1845/897 1172/1848/508 1171/1847/23
f 561/1845/897 1173/1849/508 1172/1848/508
f 561/1845/897 1174/1850/23 1173/1849/508
f 561/1845/897 1175/1851/23 1174/1850/23
f 561/1845/897 1176/1852/23 1175/1851/23
f 1177/1853/23 1176/1852/23 561/1845/897
f 1177/1853/23 561/1845/897 1178/1854/23
f 1178/1854/23 561/1845/897 563/1855/23
f 588/1856/23 1191/1857/884 590/1858/23
f 1191/1857/884 588/1856/23 1106/1859/898
f 1106/1859/898 1192/1860/886 1191/1857/884
f 1192/1860/886 1106/1859/898 1193/1861/886
f 1193/1861/886 1194/1862/888 1192/1860/886
f 1194/1862/888 1193/1861/886 1195/1863/887
f 1194/1862/888 1195/1863/887 1196/1864/899
f 1197/1865/900 1196/1864/899 1195/1863/887
f 587/1866/24 1196/1864/899 1197/1865/900
f 1196/1864/899 587/1866/24 589/1867/24
f 1108/1868/901 1198/1869/880 1109/1870/879
f 1199/1871/881 1198/1869/880 1108/1868/901
f 1110/1872/902 1199/1871/881 1108/1868/901
f 1199/1871/881 1110/1872/902 1200/1873/882
f 1110/1872/902 1201/1874/486 1200/1873/882
f 1110/1872/902 1202/1875/903 1201/1874/486
f 1202/1875/903 1110/1872/902 1112/1876/19
f 1202/1875/903 1112/1876/19 1203/1877/19
f 1106/1878/16 399/1879/16 398/1880/16
f 1106/1878/16 398/1880/16 1198/1881/16
f 1198/1881/16 1193/1882/16 1106/1878/16
f 1199/1883/16 1193/1882/16 1198/1881/16
f 1199/1883/16 1195/1884/16 1193/1882/16
f 1200/1885/16 1195/1884/16 1199/1883/16
f 1200/1885/16 1204/1886/16 1195/1884/16
f 1204/1886/16 1197/1887/16 1195/1884/16
f 1197/1887/16 384/1888/16 383/1889/16
f 1197/1887/16 1204/1886/16 384/1888/16
f 1204/1886/16 449/1890/16 384/1888/16
f 384/1888/16 449/1890/16 1115/1891/16
f 1115/1891/16 449/1890/16 1123/1892/16
f 1204/1886/16 448/1893/16 449/1890/16
f 1204/1886/16 458/1894/16 448/1893/16
f 1204/1886/16 1205/1895/16 458/1894/16
f 458/1894/16 1205/1895/16 457/1896/16
f 1183/1897/16 448/1893/16 458/1894/16
f 448/1893/16 1183/1897/16 1182/1898/16
f 33/1899/904 1206/1900/905 30/1901/904
f 1206/1900/905 33/1899/904 314/1902/906
f 1207/1903/907 1206/1900/905 314/1902/906
f 316/1904/908 1207/1903/907 314/1902/906
f 316/1904/908 1208/1905/24 1207/1903/907
f 1208/1905/24 316/1904/908 1209/1906/24
f 1210/1907/909 1208/1905/24 1209/1906/24
f 1211/1908/910 1208/1905/24 1210/1907/909
f 1212/1909/911 1211/1908/910 1210/1907/909
f 1213/1910/912 1211/1908/910 1212/1909/911
f 1212/1909/911 70/1911/913 1213/1910/912
f 1213/1910/912 70/1911/913 72/1912/913
f 1214/1913/23 49/1914/914 46/1915/23
f 49/1914/914 1214/1913/23 1215/1916/833
f 49/1914/914 1215/1916/833 1216/1917/23
f 1215/1916/833 1217/1918/833 1216/1917/23
f 1218/1919/915 1216/1917/23 1217/1918/833
f 1216/1917/23 1218/1919/915 1219/1920/914
f 1219/1920/914 1218/1919/915 1220/1921/23
f 1221/1922/508 1219/1920/914 1220/1921/23
f 1222/1923/23 1219/1920/914 1221/1922/508
f 1223/1924/849 1222/1923/23 1221/1922/508
f 1223/1924/849 1224/1925/23 1222/1923/23
f 1225/1926/23 1224/1925/23 1223/1924/849
f 1226/1927/23 1225/1926/23 1223/1924/849
f 1225/1926/23 1226/1927/23 1227/1928/916
f 1225/1926/23 1227/1928/916 1228/1929/916
f 315/1930/917 1209/1931/918 316/1932/919
f 315/1930/917 1229/1933/920 1209/1931/918
f 1209/1931/918 1229/1933/920 1210/1934/921
f 1210/1934/921 1229/1933/920 1212/1935/922
f 1212/1935/922 1229/1933/920 1230/1936/922
f 1212/1935/922 1230/1936/922 1127/1937/923
f 1212/1935/922 1127/1937/923 70/1938/923
f 1127/1937/923 1126/1939/924 70/1938/923
f 70/1938/923 1126/1939/924 73/1940/924
f 1126/1939/924 1231/1941/925 73/1940/924
f 1231/1941/925 1126/1939/924 1125/1942/922
f 1124/1943/926 1231/1941/925 1125/1942/922
f 1124/1943/926 1232/1944/927 1231/1941/925
f 1124/1943/926 1233/1945/928 1232/1944/927
f 1233/1945/928 1124/1943/926 2/1946/929
f 2/1946/929 1234/1947/930 1233/1945/928
f 2/1946/929 1235/1948/931 1234/1947/930
f 2/1946/929 32/1949/932 1235/1948/931
f 31/1950/933 1235/1951/934 32/1952/935
f 1235/1951/934 31/1950/933 1236/1953/936
f 1236/1953/936 1234/1954/937 1235/1951/934
f 1234/1954/937 1236/1953/936 1237/1955/938
f 1237/1955/938 1233/1956/508 1234/1954/937
f 1233/1956/508 1237/1955/938 1238/1957/939
f 1238/1957/939 1232/1958/940 1233/1956/508
f 1232/1958/940 1238/1957/939 1239/1959/941
f 1239/1959/941 1231/1960/942 1232/1958/940
f 1231/1960/942 1239/1959/941 1240/1961/943
f 1240/1961/943 73/1962/886 1231/1960/942
f 73/1962/886 1240/1961/943 71/1963/944
f 1241/1964/15 1242/1965/15 1243/1966/15
f 1244/1967/15 1242/1965/15 1241/1964/15
f 1107/1968/15 1244/1967/15 1241/1964/15
f 1040/1969/15 1244/1967/15 1107/1968/15
f 1180/1970/945 353/1971/946 511/1972/947
f 353/1971/946 1180/1970/945 351/1973/948
f 351/1973/948 1180/1970/945 1245/1974/947
f 1245/1974/947 349/1975/949 351/1973/948
f 1246/1976/947 349/1975/949 1245/1974/947
f 349/1975/949 1246/1976/947 329/1977/949
f 329/1977/949 1246/1976/947 1247/1978/949
f 326/1979/950 329/1977/949 1247/1978/949
f 326/1979/950 1247/1978/949 1248/1980/951
f 326/1979/950 1248/1980/951 1249/1981/952
f 1249/1981/952 327/1982/953 326/1979/950
f 1250/1983/954 327/1982/953 1249/1981/952
f 1250/1983/954 328/1984/955 327/1982/953
f 1251/1985/956 328/1984/955 1250/1983/954
f 328/1984/955 1251/1985/956 331/1986/957
f 1251/1985/956 333/1987/958 331/1986/957
f 333/1987/958 1251/1985/956 1252/1988/959
f 1252/1988/959 335/1989/960 333/1987/958
f 1253/1990/961 335/1989/960 1252/1988/959
f 1253/1990/961 336/1991/962 335/1989/960
f 336/1991/962 1253/1990/961 1254/1992/963
f 1254/1992/963 339/1993/964 336/1991/962
f 339/1993/964 1254/1992/963 1255/1994/965
f 1256/1995/23 339/1993/964 1255/1994/965
f 341/1996/23 339/1993/964 1256/1995/23
f 1256/1995/23 343/1997/23 341/1996/23
f 1256/1995/23 1257/1998/23 343/1997/23
f 1257/1998/23 344/1999/23 343/1997/23
f 344/1999/23 1257/1998/23 1258/2000/23
f 1258/2000/23 346/2001/23 344/1999/23
f 346/2001/23 1258/2000/23 512/2002/23
f 1127/2003/966 323/2004/967 325/2005/968
f 323/2004/967 1127/2003/966 1230/2006/969
f 1230/2006/969 321/2007/970 323/2004/967
f 1229/2008/971 321/2007/970 1230/2006/969
f 1229/2008/971 320/2009/972 321/2007/970
f 1229/2008/971 318/2010/338 320/2009/972
f 318/2010/338 1229/2008/971 315/2011/24
f 1259/2012/973 659/2013/12 1072/2014/12
f 659/2013/12 1259/2012/973 657/2015/974
f 1259/2012/973 1260/2016/975 657/2015/974
f 654/2017/976 657/2015/974 1260/2016/975
f 1261/2018/977 654/2017/976 1260/2016/975
f 654/2017/976 1261/2018/977 652/2019/978
f 1261/2018/977 1084/2020/24 652/2019/978
f 651/2021/24 652/2019/978 1084/2020/24
f 805/2022/949 1183/2023/946 458/2024/949
f 458/2024/949 455/2025/949 805/2022/949
f 455/2025/949 803/2026/949 805/2022/949
f 803/2026/949 455/2025/949 453/2027/949
f 453/2027/949 801/2028/979 803/2026/949
f 801/2028/979 453/2027/949 450/2029/949
f 450/2029/949 754/2030/946 801/2028/979
f 754/2030/946 450/2029/949 756/2031/949
f 756/2031/949 450/2029/949 431/2032/949
f 758/2033/949 756/2031/949 431/2032/949
f 431/2032/949 429/2034/980 758/2033/949
f 759/2035/981 758/2033/949 429/2034/980
f 429/2034/980 763/2036/982 759/2035/981
f 763/2036/982 429/2034/980 430/2037/983
f 430/2037/983 764/2038/984 763/2036/982
f 764/2038/984 430/2037/983 432/2039/985
f 434/2040/986 764/2038/984 432/2039/985
f 764/2038/984 434/2040/986 765/2041/987
f 436/2042/988 765/2041/987 434/2040/986
f 765/2041/987 436/2042/988 769/2043/989
f 769/2043/989 436/2042/988 439/2044/259
f 772/2045/990 769/2043/989 439/2044/259
f 439/2044/259 440/2046/991 772/2045/990
f 773/2047/992 772/2045/990 440/2046/991
f 440/2046/991 775/2048/23 773/2047/992
f 440/2046/991 442/2049/23 775/2048/23
f 442/2049/23 777/2050/23 775/2048/23
f 442/2049/23 779/2051/23 777/2050/23
f 779/2051/23 442/2049/23 1262/2052/23
f 1262/2052/23 442/2049/23 444/2053/23
f 1263/2054/23 1262/2052/23 444/2053/23
f 444/2053/23 446/2055/23 1263/2054/23
f 1263/2054/23 446/2055/23 1264/2056/23
f 448/2057/23 1264/2056/23 446/2055/23
f 1264/2056/23 448/2057/23 1182/2058/23
f 330/2059/993 76/2060/994 78/2061/995
f 76/2060/994 330/2059/993 730/2062/996
f 730/2062/996 330/2059/993 324/2063/997
f 728/2064/998 730/2062/996 324/2063/997
f 728/2064/998 324/2063/997 322/2065/999
f 1265/2066/1000 728/2064/998 322/2065/999
f 322/2065/999 319/2067/23 1265/2066/1000
f 1266/2068/508 1265/2066/1000 319/2067/23
f 319/2067/23 1267/2069/23 1266/2068/508
f 319/2067/23 317/2070/23 1267/2069/23
f 317/2070/23 1268/2071/23 1267/2069/23
f 1268/2071/23 317/2070/23 313/2072/23
f 591/2073/23 1268/2071/23 313/2072/23
f 1268/2071/23 591/2073/23 1269/2074/23
f 591/2073/23 592/2075/23 1269/2074/23
f 1270/2076/23 1269/2074/23 592/2075/23
f 592/2075/23 593/2077/23 1270/2076/23
f 1271/2078/23 1270/2076/23 593/2077/23
f 593/2077/23 594/2079/849 1271/2078/23
f 1272/2080/833 1271/2078/23 594/2079/849
f 596/2081/23 1272/2080/833 594/2079/849
f 596/2081/23 1273/2082/23 1272/2080/833
f 1274/2083/23 1273/2082/23 596/2081/23
f 1273/2082/23 1274/2083/23 746/2084/23
f 746/2084/23 1274/2083/23 1275/2085/23
f 1276/2086/23 746/2084/23 1275/2085/23
f 1276/2086/23 747/2087/23 746/2084/23
f 1277/2088/23 747/2087/23 1276/2086/23
f 1277/2088/23 748/2089/23 747/2087/23
f 1278/2090/23 748/2089/23 1277/2088/23
f 749/2091/23 748/2089/23 1278/2090/23
f 749/2091/23 1278/2090/23 1279/2092/23
f 749/2091/23 1279/2092/23 1280/2093/23
f 1280/2093/23 750/2094/23 749/2091/23
f 750/2094/23 1280/2093/23 1281/2095/23
f 1281/2095/23 752/2096/23 750/2094/23
f 1281/2095/23 1282/2097/23 752/2096/23
f 1282/2097/23 1283/2098/508 752/2096/23
f 752/2096/23 1283/2098/508 1284/2099/23
f 1283/2098/508 683/2100/23 1284/2099/23
f 683/2100/23 1285/2101/23 1284/2099/23
f 683/2100/23 681/2102/833 1285/2101/23
f 1286/2103/23 1285/2101/23 681/2102/833
f 681/2102/833 680/2104/23 1286/2103/23
f 680/2104/23 1287/2105/23 1286/2103/23
f 1287/2105/23 680/2104/23 678/2106/23
f 678/2106/23 1288/2107/23 1287/2105/23
f 1288/2107/23 678/2106/23 676/2108/23
f 800/2109/23 1288/2107/23 676/2108/23
f 676/2108/23 426/2110/23 800/2109/23
f 424/2111/23 800/2109/23 426/2110/23
f 766/2112/23 800/2109/23 424/2111/23
f 427/2113/23 766/2112/23 424/2111/23
f 427/2113/23 761/2114/23 766/2112/23
f 761/2114/23 427/2113/23 428/2115/23
f 760/2116/1001 761/2114/23 428/2115/23
f 428/2115/23 433/2117/1002 760/2116/1001
f 757/2118/1003 760/2116/1001 433/2117/1002
f 433/2117/1002 435/2119/1004 757/2118/1003
f 810/2120/1005 757/2118/1003 435/2119/1004
f 435/2119/1004 451/2121/1006 810/2120/1005
f 451/2121/1006 81/2122/1007 810/2120/1005
f 81/2122/1007 451/2121/1006 82/2123/1008
f 512/2124/486 1105/2125/1009 509/2126/486
f 1258/2127/1009 1105/2125/1009 512/2124/486
f 1258/2127/1009 1104/2128/1010 1105/2125/1009
f 1104/2128/1010 1258/2127/1009 1257/2129/1010
f 1257/2129/1010 1103/2130/1011 1104/2128/1010
f 1103/2130/1011 1257/2129/1010 1256/2131/1012
f 1256/2131/1012 1102/2132/1013 1103/2130/1011
f 1102/2132/1013 1256/2131/1012 1255/2133/1014
f 1254/2134/1015 1102/2132/1013 1255/2133/1014
f 1254/2134/1015 1101/2135/1016 1102/2132/1013
f 1254/2134/1015 1100/2136/1017 1101/2135/1016
f 1100/2136/1017 1254/2134/1015 1253/2137/865
f 1253/2137/865 1099/2138/1018 1100/2136/1017
f 1252/2139/1018 1099/2138/1018 1253/2137/865
f 1252/2139/1018 1097/2140/353 1099/2138/1018
f 1097/2140/353 1252/2139/1018 1251/2141/1019
f 1251/2141/1019 1153/2142/1014 1097/2140/353
f 1097/2140/353 1153/2142/1014 1098/2143/1020
f 1250/2144/1021 1153/2142/1014 1251/2141/1019
f 1153/2142/1014 1250/2144/1021 1221/2145/1022
f 1153/2142/1014 1221/2145/1022 1154/2146/1023
f 1250/2144/1021 1223/2147/1024 1221/2145/1022
f 1220/2148/1023 1154/2146/1023 1221/2145/1022
f 1223/2147/1024 1250/2144/1021 1249/2149/1025
f 1248/2150/1026 1223/2147/1024 1249/2149/1025
f 1223/2147/1024 1248/2150/1026 1226/2151/1027
f 1226/2151/1027 1248/2150/1026 1247/2152/1028
f 1247/2152/1028 1227/2153/1029 1226/2151/1027
f 1246/2154/1030 1227/2153/1029 1247/2152/1028
f 1227/2153/1029 1246/2154/1030 1228/2155/1020
f 1246/2154/1030 1289/2156/1031 1228/2155/1020
f 1289/2156/1031 1246/2154/1030 1245/2157/1032
f 1245/2157/1032 735/2158/407 1289/2156/1031
f 735/2158/407 732/2159/1033 1289/2156/1031
f 735/2158/407 1245/2157/1032 1180/2160/1034
f 1180/2160/1034 737/2161/408 735/2158/407
f 1154/2146/1023 1220/2148/1023 1218/2162/1035
f 1154/2146/1023 1218/2162/1035 1156/2163/1035
f 1218/2162/1035 71/2164/1014 1156/2163/1035
f 1240/2165/1036 1156/2163/1035 71/2164/1014
f 71/2164/1014 1218/2162/1035 72/2166/1036
f 1239/2167/1037 1156/2163/1035 1240/2165/1036
f 72/2166/1036 1218/2162/1035 1213/2168/1014
f 1239/2167/1037 1158/2169/1038 1156/2163/1035
f 1218/2162/1035 1211/2170/1039 1213/2168/1014
f 1158/2169/1038 1239/2167/1037 1238/2171/1040
f 1218/2162/1035 1217/2172/1041 1211/2170/1039
f 1238/2171/1040 1159/2173/359 1158/2169/1038
f 1211/2170/1039 1217/2172/1041 1208/2174/1042
f 1237/2175/1043 1159/2173/359 1238/2171/1040
f 1215/2176/1044 1208/2174/1042 1217/2172/1041
f 1215/2176/1044 1207/2177/1045 1208/2174/1042
f 1159/2173/359 1237/2175/1043 1161/2178/1046
f 1215/2176/1044 1214/2179/1047 1207/2177/1045
f 1236/2180/1043 1161/2178/1046 1237/2175/1043
f 1207/2177/1045 1214/2179/1047 1206/2181/1043
f 1206/2181/1043 1214/2179/1047 30/2182/1043
f 1214/2179/1047 31/2183/1048 30/2182/1043
f 31/2183/1048 1161/2178/1046 1236/2180/1043
f 31/2183/1048 1214/2179/1047 1161/2178/1046
f 1161/2178/1046 1163/2184/1049 1162/2185/1049
f 1161/2178/1046 1290/2186/1015 1163/2184/1049
f 1161/2178/1046 1291/2187/1050 1290/2186/1015
f 1291/2187/1050 1161/2178/1046 1214/2179/1047
f 1291/2187/1050 1214/2179/1047 1292/2188/1051
f 48/2189/1049 1292/2188/1051 1214/2179/1047
f 48/2189/1049 1214/2179/1047 46/2190/1049
f 1268/2191/1052 1293/2192/1053 1294/2193/1054
f 1293/2192/1053 1268/2191/1052 1269/2194/1055
f 1269/2194/1055 1295/2195/212 1293/2192/1053
f 1295/2195/212 1269/2194/1055 1270/2196/1056
f 1270/2196/1056 529/2197/1057 1295/2195/212
f 529/2197/1057 1270/2196/1056 1271/2198/1058
f 529/2197/1057 1271/2198/1058 9/2199/1059
f 1272/2200/1060 9/2199/1059 1271/2198/1058
f 1272/2200/1060 1296/2201/1061 9/2199/1059
f 9/2199/1059 1296/2201/1061 499/2202/1062
f 1296/2201/1061 1272/2200/1060 1273/2203/1063
f 1296/2201/1061 650/2204/1064 499/2202/1062
f 1273/2203/1063 650/2204/1064 1296/2201/1061
f 648/2205/1065 499/2202/1062 650/2204/1064
f 1273/2203/1063 746/2206/1066 650/2204/1064
f 1122/2207/870 1182/2208/19 1123/2209/486
f 1182/2208/19 1122/2207/870 1264/2210/1067
f 1264/2210/1067 1122/2207/870 1121/2211/872
f 1121/2211/872 1263/2212/1068 1264/2210/1067
f 1263/2212/1068 1121/2211/872 1120/2213/874
f 1263/2212/1068 1120/2213/874 1262/2214/1069
f 1262/2214/1069 1120/2213/874 780/2215/433
f 1262/2214/1069 780/2215/433 779/2216/433
f 1274/2217/12 1297/2218/13 1275/2219/12
f 1274/2217/12 1298/2220/12 1297/2218/13
f 1297/2218/13 1298/2220/12 1299/2221/12
f 1299/2221/12 1298/2220/12 1300/2222/12
f 1298/2220/12 1301/2223/13 1300/2222/12
f 1301/2223/13 1298/2220/12 1302/2224/13
f 1301/2223/13 1302/2224/13 1303/2225/13
f 1304/2226/13 1303/2225/13 1302/2224/13
f 1303/2225/13 1304/2226/13 1305/2227/12
f 1306/2228/12 1305/2227/12 1304/2226/13
f 1307/2229/12 1305/2227/12 1306/2228/12
f 1305/2227/12 1307/2229/12 1308/2230/12
f 1307/2229/12 1309/2231/12 1308/2230/12
f 1309/2231/12 1307/2229/12 1310/2232/12
f 1282/2233/16 1311/2234/16 1283/2235/16
f 1312/2236/16 1283/2235/16 1311/2234/16
f 1312/2236/16 1311/2234/16 1313/2237/16
f 1312/2236/16 1313/2237/16 1314/2238/16
f 1312/2236/16 1314/2238/16 1315/2239/16
f 1315/2239/16 1316/2240/16 1312/2236/16
f 1316/2240/16 1315/2239/16 1317/2241/16
f 1317/2241/16 1318/2242/16 1316/2240/16
f 1319/2243/16 1318/2242/16 1317/2241/16
f 1318/2242/16 1319/2243/16 1320/2244/16
f 1319/2243/16 1321/2245/16 1320/2244/16
f 1321/2245/16 1319/2243/16 1322/2246/16
f 1321/2245/16 1322/2246/16 1323/2247/16
f 1321/2245/16 1323/2247/16 1324/2248/16
f 1325/2249/1070 800/2250/1071 799/2251/1072
f 800/2250/1071 1325/2249/1070 1288/2252/1073
f 1326/2253/1074 1288/2252/1073 1325/2249/1070
f 1288/2252/1073 1326/2253/1074 1287/2254/1075
f 560/2255/1076 1287/2254/1075 1326/2253/1074
f 1287/2254/1075 560/2255/1076 1286/2256/1077
f 1286/2256/1077 560/2255/1076 559/2257/1078
f 1286/2256/1077 559/2257/1078 1285/2258/1079
f 1327/2259/1080 1285/2258/1079 559/2257/1078
f 559/2257/1078 555/2260/1081 1327/2259/1080
f 1285/2258/1079 1327/2259/1080 1284/2261/1082
f 631/2262/1083 1327/2259/1080 555/2260/1081
f 1284/2261/1082 1327/2259/1080 631/2262/1083
f 631/2262/1083 555/2260/1081 557/2263/134
f 1284/2261/1082 631/2262/1083 752/2264/1084
f 1228/2265/1085 731/2266/1085 1225/2267/1086
f 731/2266/1085 1228/2265/1085 732/2268/405
f 732/2268/405 1228/2265/1085 1289/2269/405
f 1188/2270/12 1190/2271/13 1189/2272/12
f 1190/2271/13 1188/2270/12 1187/2273/13
f 1187/2273/13 744/2274/12 1190/2271/13
f 744/2274/12 1187/2273/13 745/2275/12
f 1191/2276/16 589/2277/16 590/2278/16
f 589/2277/16 1191/2276/16 1196/2279/16
f 1192/2280/16 1196/2279/16 1191/2276/16
f 1196/2279/16 1192/2280/16 1194/2281/16
f 75/2282/486 736/2283/19 737/2284/19
f 736/2283/19 75/2282/486 807/2285/486
f 807/2285/486 75/2282/486 74/2286/19
f 807/2285/486 74/2286/19 806/2287/19
f 587/2288/1087 385/2289/1088 387/2290/1088
f 587/2288/1087 383/2291/1089 385/2289/1088
f 383/2291/1089 587/2288/1087 1197/2292/1090
f 1328/2293/19 1329/2294/486 1330/2295/19
f 1328/2293/19 1331/2296/19 1329/2294/486
f 1332/2297/19 1331/2296/19 1328/2293/19
f 1331/2296/19 1332/2297/19 1333/2298/19
f 1332/2297/19 1334/2299/19 1333/2298/19
f 1334/2299/19 1332/2297/19 1335/2300/19
f 473/2301/486 1334/2299/19 1335/2300/19
f 473/2301/486 1055/2302/486 1334/2299/19
f 471/2303/1091 1055/2302/486 473/2301/486
f 1053/2304/1092 1055/2302/486 471/2303/1091
f 471/2303/1091 1052/2305/1093 1053/2304/1092
f 1052/2305/1093 471/2303/1091 470/2306/1094
f 1052/2305/1093 470/2306/1094 577/2307/1095
f 1052/2305/1093 577/2307/1095 1050/2308/59
f 1050/2308/59 577/2307/1095 1046/2309/1096
f 577/2307/1095 470/2306/1094 578/2310/1097
f 813/2311/1098 1046/2309/1096 577/2307/1095
f 470/2306/1094 468/2312/59 578/2310/1097
f 1046/2309/1096 813/2311/1098 812/2313/1099
f 466/2314/1100 578/2310/1097 468/2312/59
f 1046/2309/1096 812/2313/1099 1047/2315/1101
f 578/2310/1097 466/2314/1100 738/2316/1096
f 812/2313/1099 1336/2317/1102 1047/2315/1101
f 465/2318/1103 738/2316/1096 466/2314/1100
f 1336/2317/1102 812/2313/1099 811/2319/1104
f 738/2316/1096 465/2318/1103 739/2320/1099
f 669/2321/24 1336/2317/1102 811/2319/1104
f 1337/2322/1105 739/2320/1099 465/2318/1103
f 1336/2317/1102 669/2321/24 1338/2323/24
f 739/2320/1099 1337/2322/1105 740/2324/1106
f 670/2325/24 1338/2323/24 669/2321/24
f 1337/2322/1105 670/2325/24 740/2324/1106
f 1338/2323/24 670/2325/24 1339/2326/24
f 670/2325/24 1337/2322/1105 1339/2326/24
f 505/2327/1107 822/2328/1108 1184/2329/1109
f 819/2330/1109 822/2328/1108 505/2327/1107
f 819/2330/1109 505/2327/1107 506/2331/395
f 819/2330/1109 506/2331/395 817/2332/1107
f 817/2332/1107 506/2331/395 816/2333/395
f 506/2331/395 818/2334/395 816/2333/395
f 506/2331/395 84/2335/1110 818/2334/395
f 830/2336/1107 818/2334/395 84/2335/1110
f 506/2331/395 510/2337/1110 84/2335/1110
f 84/2335/1110 510/2337/1110 85/2338/395
f 97/1086/23 857/1088/23 98/1087/23
f 857/1088/23 97/1086/23 823/1089/23
f 823/1089/23 101/1090/23 857/1088/23
f 823/1089/23 102/1091/23 101/1090/23
f 855/2339/338 107/2340/24 105/2341/24
f 107/2340/24 855/2339/338 820/2342/338
f 100/2343/24 820/2342/338 855/2339/338
f 103/2344/24 820/2342/338 100/2343/24
f 106/1092/23 856/1094/23 104/1093/23
f 856/1094/23 106/1092/23 821/1095/23
f 821/1095/23 110/1096/23 856/1094/23
f 821/1095/23 108/1097/23 110/1096/23
f 853/2345/338 113/2346/24 115/2347/24
f 113/2346/24 853/2345/338 814/2348/338
f 111/2349/24 814/2348/338 853/2345/338
f 814/2348/338 111/2349/24 109/2350/24
f 134/1129/1111 831/1128/503 132/1130/1111
f 134/1129/1111 839/1127/503 831/1128/503
f 839/1127/503 128/1125/503 831/1128/503
f 128/1125/503 839/1127/503 131/1126/504
f 836/2351/1112 135/2352/1112 133/2353/1112
f 135/2352/1112 836/2351/1112 845/2354/1113
f 838/2355/972 845/2354/1113 836/2351/1112
f 845/2354/1113 838/2355/972 846/2356/972
f 835/1098/497 1340/1100/1114 837/1099/1115
f 1340/1100/1114 835/1098/497 834/1101/1116
f 834/1101/1116 1341/1102/1117 1340/1100/1114
f 1341/1102/1117 834/1101/1116 832/1103/1118
f 832/1103/1118 833/1104/15 1341/1102/1117
f 1341/1102/1117 833/1104/15 1342/1105/15
f 847/1106/16 1341/1108/16 1342/1107/16
f 847/1106/16 846/1109/16 1341/1108/16
f 846/1109/16 1340/1110/16 1341/1108/16
f 1340/1110/16 846/1109/16 837/1111/16
f 838/1112/16 837/1111/16 846/1109/16
f 114/1113/23 851/1115/23 112/1114/23
f 851/1115/23 114/1113/23 815/1116/23
f 117/1117/23 851/1115/23 815/1116/23
f 117/1117/23 815/1116/23 118/1118/23
f 850/2357/338 121/2358/24 123/2359/24
f 121/2358/24 850/2357/338 828/2360/338
f 119/2361/24 828/2360/338 850/2357/338
f 116/2362/24 828/2360/338 119/2361/24
f 122/1119/23 848/1121/23 120/1120/23
f 848/1121/23 122/1119/23 827/1122/23
f 827/1122/23 125/1123/23 848/1121/23
f 827/1122/23 126/1124/23 125/1123/23
f 840/2363/338 130/2364/24 129/2365/24
f 130/2364/24 840/2363/338 829/2366/338
f 124/2367/24 829/2366/338 840/2363/338
f 127/2368/24 829/2366/338 124/2367/24
f 1342/2369/23 844/2370/23 847/2371/23
f 844/2370/23 1342/2369/23 833/2372/23
f 833/2372/23 843/2373/23 844/2370/23
f 843/2373/23 833/2372/23 830/2374/23
f 830/2374/23 84/2375/23 843/2373/23
f 86/2376/23 843/2373/23 84/2375/23
f 1343/1084/19 139/1083/903 1344/1085/19
f 139/1083/903 1343/1084/19 1345/1081/1119
f 1345/1081/1119 137/1082/19 139/1083/903
f 137/1082/19 1345/1081/1119 861/1080/1120
f 1346/1074/1108 861/1080/1120 1345/1081/1119
f 861/1080/1120 1346/1074/1108 140/1076/1108
f 1346/1074/1108 141/1073/1110 140/1076/1108
f 1346/1074/1108 1347/1068/1110 141/1073/1110
f 141/1073/1110 1347/1068/1110 148/1072/1110
f 148/1072/1110 1348/1075/1120 141/1073/1110
f 1348/1075/1120 148/1072/1110 863/1077/1121
f 1348/1075/1120 863/1077/1121 147/1078/19
f 147/1078/19 146/1079/19 1348/1075/1120
f 1347/1068/1110 151/1066/395 148/1072/1110
f 1349/1061/1108 151/1066/395 1347/1068/1110
f 151/1066/395 1349/1061/1108 158/1065/395
f 893/1067/1122 151/1066/395 158/1065/395
f 151/1066/395 893/1067/1122 1350/1069/1122
f 153/1070/19 1350/1069/1122 893/1067/1122
f 1350/1069/1122 153/1070/19 152/1071/19
f 1349/1061/1108 159/1059/1107 158/1065/395
f 1349/1061/1108 1351/1050/1108 159/1059/1107
f 1351/1050/1108 164/1051/1123 159/1059/1107
f 894/1060/1120 159/1059/1107 164/1051/1123
f 159/1059/1107 894/1060/1120 1352/1062/1124
f 894/1060/1120 160/1063/19 1352/1062/1124
f 161/1064/19 160/1063/19 894/1060/1120
f 165/1049/1108 164/1051/1123 1351/1050/1108
f 174/1048/1125 165/1049/1108 1351/1050/1108
f 1351/1050/1108 1353/1052/395 174/1048/1125
f 165/1049/1108 174/1048/1125 1354/1047/1126
f 174/1048/1125 1353/1052/395 175/1053/1108
f 895/1046/1122 1354/1047/1126 174/1048/1125
f 895/1046/1122 168/1044/19 1354/1047/1126
f 168/1044/19 895/1046/1122 171/1045/19
f 175/1053/1108 1353/1052/395 897/1054/1107
f 896/1055/1127 175/1053/1108 897/1054/1107
f 175/1053/1108 896/1055/1127 1355/1056/1126
f 896/1055/1127 892/1057/19 1355/1056/1126
f 891/1058/19 892/1057/19 896/1055/1127
f 1200/2327/1128 1201/2329/478 872/2328/482
f 872/2328/482 870/2330/478 1200/2327/1128
f 1204/2331/478 1200/2327/1128 870/2330/478
f 870/2330/478 868/2332/1128 1204/2331/478
f 868/2332/1128 867/2333/478 1204/2331/478
f 1204/2331/478 867/2333/478 869/2334/478
f 90/2335/479 1204/2331/478 869/2334/478
f 90/2335/479 869/2334/478 879/2336/478
f 1204/2331/478 90/2335/479 1205/2337/478
f 90/2335/479 89/2338/478 1205/2337/478
f 145/2340/24 1348/2339/338 146/2341/24
f 145/2340/24 871/2342/338 1348/2339/338
f 141/2343/24 1348/2339/338 871/2342/338
f 141/2343/24 871/2342/338 143/2344/24
f 154/2346/24 1350/2345/338 152/2347/24
f 1350/2345/338 154/2346/24 865/2348/338
f 865/2348/338 151/2349/24 1350/2345/338
f 865/2348/338 149/2350/24 151/2349/24
f 885/2351/1129 172/2353/1130 175/2352/1129
f 885/2351/1129 175/2352/1129 1355/2354/1130
f 887/2355/972 885/2351/1129 1355/2354/1130
f 887/2355/972 1355/2354/1130 892/2356/972
f 162/2358/24 1352/2357/338 160/2359/24
f 162/2358/24 877/2360/338 1352/2357/338
f 159/2361/24 1352/2357/338 877/2360/338
f 159/2361/24 877/2360/338 156/2362/24
f 170/2364/24 1354/2363/338 168/2365/24
f 170/2364/24 878/2366/338 1354/2363/338
f 165/2367/24 1354/2363/338 878/2366/338
f 165/2367/24 878/2366/338 167/2368/24
f 1186/2377/1131 1044/2378/24 1045/2379/24
f 1044/2378/24 1186/2377/1131 1356/2380/1132
f 1356/2380/1132 1186/2377/1131 1185/2381/1133
f 1357/2382/1134 1356/2380/1132 1185/2381/1133
f 1184/2383/1135 1357/2382/1134 1185/2381/1133
f 1357/2382/1134 1184/2383/1135 854/2384/1136
f 854/2384/1136 1184/2383/1135 822/2385/611
f 824/2386/1137 854/2384/1136 822/2385/611
f 854/2384/1136 824/2386/1137 858/2387/1138
f 825/2388/1139 858/2387/1138 824/2386/1137
f 858/2387/1138 825/2388/1139 859/2389/1140
f 826/2390/1141 859/2389/1140 825/2388/1139
f 859/2389/1140 826/2390/1141 860/2391/1142
f 96/2392/24 860/2391/1142 826/2390/1141
f 860/2391/1142 96/2392/24 99/2393/24
f 1111/2394/24 1203/2395/1143 1112/2396/24
f 1203/2395/1143 1111/2394/24 1358/2397/1144
f 1358/2397/1144 1202/2398/1145 1203/2395/1143
f 1359/2399/1146 1202/2398/1145 1358/2397/1144
f 1359/2399/1146 1201/2400/1147 1202/2398/1145
f 1359/2399/1146 1346/2401/1148 1201/2400/1147
f 1201/2400/1147 1346/2401/1148 872/2402/1149
f 873/2403/1150 872/2402/1149 1346/2401/1148
f 873/2403/1150 1346/2401/1148 1345/2404/1151
f 1345/2404/1151 874/2405/1152 873/2403/1150
f 874/2405/1152 1345/2404/1151 1343/2406/1153
f 874/2405/1152 1343/2406/1153 875/2407/1154
f 875/2407/1154 1343/2406/1153 1344/2408/1155
f 875/2407/1154 1344/2408/1155 136/2409/24
f 136/2409/24 1344/2408/1155 139/2410/24
f 176/2411/13 184/2412/12 183/2413/12
f 184/2412/12 176/2411/13 181/2414/12
f 181/2414/12 176/2411/13 178/2415/12
f 179/2416/16 180/2417/16 177/2418/16
f 179/2416/16 185/2419/16 180/2417/16
f 185/2419/16 179/2416/16 182/2420/16
f 382/2421/1156 1085/2422/1157 1360/2423/1158
f 1085/2422/1157 382/2421/1156 380/2424/1159
f 1085/2422/1157 380/2424/1159 378/2425/1160
f 1085/2422/1157 378/2425/1160 377/2426/1159
f 1361/2427/15 1362/2428/15 1363/2429/15
f 1364/2430/15 1362/2428/15 1361/2427/15
f 1362/2428/15 1364/2430/15 1365/2431/15
f 1362/2428/15 1365/2431/15 1366/2432/15
f 1366/2432/15 1365/2431/15 939/2433/15
f 1366/2432/15 939/2433/15 976/2434/15
f 585/2435/15 976/2434/15 939/2433/15
f 976/2434/15 585/2435/15 977/2436/15
f 939/2433/15 586/2437/15 585/2435/15
f 977/2436/15 585/2435/15 55/2438/15
f 977/2436/15 55/2438/15 1141/2439/15
f 977/2436/15 1141/2439/15 986/2440/15
f 939/2433/15 940/2441/15 586/2437/15
f 586/2437/15 940/2441/15 57/2442/15
f 940/2441/15 369/2443/15 57/2442/15
f 940/2441/15 370/2444/15 369/2443/15
f 227/2445/1161 792/2446/1162 978/2447/1163
f 978/2447/1163 228/2448/1164 227/2445/1161
f 978/2447/1163 230/2449/1165 228/2448/1164
f 978/2447/1163 232/2450/1166 230/2449/1165
f 282/2451/1167 528/2452/1168 287/2453/1169
f 282/2451/1167 526/2454/1170 528/2452/1168
f 282/2451/1167 524/2455/1171 526/2454/1170
f 524/2455/1171 282/2451/1167 278/2456/338
f 522/2457/338 524/2455/1171 278/2456/338
f 276/2458/24 522/2457/338 278/2456/338
f 279/2459/338 522/2457/338 276/2458/24
f 279/2459/338 36/2460/24 522/2457/338
f 36/2460/24 279/2459/338 281/2461/24
f 284/2462/338 36/2460/24 281/2461/24
f 36/2460/24 38/2463/338 522/2457/338
f 35/2464/24 38/2463/338 36/2460/24
f 522/2457/338 38/2463/338 1367/2465/338
f 522/2457/338 1367/2465/338 519/2466/338
f 1041/2467/24 36/2460/24 284/2462/338
f 1041/2467/24 284/2462/338 501/2468/24
f 36/2460/24 1041/2467/24 51/2469/338
f 519/2466/338 1367/2465/338 42/2470/338
f 1109/2471/24 51/2469/338 1041/2467/24
f 1040/2472/24 1109/2471/24 1041/2467/24
f 1040/2472/24 1107/2473/24 1109/2471/24
f 51/2469/338 1109/2471/24 53/2474/24
f 1109/2471/24 45/2475/24 53/2474/24
f 41/2476/24 45/2475/24 42/2470/338
f 42/2470/338 45/2475/24 519/2466/338
f 45/2475/24 1109/2471/24 398/2477/338
f 1109/2471/24 1198/2478/24 398/2477/338
f 45/2475/24 398/2477/338 395/2479/24
f 393/2480/338 45/2475/24 395/2479/24
f 519/2466/338 45/2475/24 393/2480/338
f 519/2466/338 393/2480/338 390/2481/24
f 519/2466/338 390/2481/24 392/2482/338
f 392/2482/338 517/2483/1172 519/2466/338
f 517/2483/1172 392/2482/338 396/2484/891
f 396/2484/891 515/2485/1173 517/2483/1172
f 515/2485/1173 396/2484/891 513/2486/1174
f 396/2484/891 401/2487/1175 513/2486/1174
f 1038/2488/1176 609/2489/1177 610/2490/1178
f 609/2489/1177 1038/2488/1176 1368/2491/1179
f 1038/2488/1176 1369/2492/1180 1368/2491/1179
f 966/2493/1181 1369/2492/1180 1038/2488/1176
f 1370/2494/1182 1369/2492/1180 966/2493/1181
f 1371/2495/1183 1370/2494/1182 966/2493/1181
f 1371/2495/1183 966/2493/1181 965/2496/1184
f 963/2497/1185 1371/2495/1183 965/2496/1184
f 1336/2498/1186 1370/2494/1182 1371/2495/1183
f 1370/2494/1182 1336/2498/1186 1338/2499/1187
f 1047/2500/1188 1336/2498/1186 1371/2495/1183
f 963/2497/1185 1047/2500/1188 1371/2495/1183
f 963/2497/1185 1048/2501/1189 1047/2500/1188
f 1048/2501/1189 963/2497/1185 960/2502/1190
f 1049/2503/1191 1048/2501/1189 960/2502/1190
f 959/2504/1192 1049/2503/1191 960/2502/1190
f 1049/2503/1191 959/2504/1192 1051/2505/1192
f 959/2504/1192 956/2506/1193 1051/2505/1192
f 1054/2507/1194 1051/2505/1192 956/2506/1193
f 955/2508/1195 1054/2507/1194 956/2506/1193
f 1054/2507/1194 955/2508/1195 1057/2509/1196
f 1057/2509/1196 955/2508/1195 953/2510/1197
f 1057/2509/1196 953/2510/1197 1060/2511/1198
f 1060/2511/1198 953/2510/1197 951/2512/1199
f 1060/2511/1198 951/2512/1199 1065/2513/1199
f 950/2514/1200 1065/2513/1199 951/2512/1199
f 1067/2515/1201 1065/2513/1199 950/2514/1200
f 1067/2515/1201 950/2514/1200 1372/2516/1202
f 1372/2516/1202 950/2514/1200 948/2517/1203
f 946/2518/1203 1372/2516/1202 948/2517/1203
f 1372/2516/1202 946/2518/1203 944/2519/1204
f 941/2520/1205 1372/2516/1202 944/2519/1204
f 941/2520/1205 305/2521/1206 1372/2516/1202
f 306/2522/1207 1372/2516/1202 305/2521/1206
f 1132/2523/1208 1141/2524/1209 1131/2525/1210
f 1141/2524/1209 1132/2523/1208 986/2526/1211
f 986/2526/1211 1132/2523/1208 985/2527/1212
f 1133/2528/1213 985/2527/1212 1132/2523/1208
f 985/2527/1212 1133/2528/1213 1134/2529/12
f 985/2527/1212 1134/2529/12 1135/2530/12
f 985/2527/1212 1135/2530/12 987/2531/12
f 254/2532/1214 574/2533/1215 253/2534/1214
f 253/2534/1214 574/2533/1215 793/2535/1216
f 574/2533/1215 794/2536/1217 793/2535/1216
f 794/2536/1217 574/2533/1215 570/2537/1217
f 568/2538/1218 794/2536/1217 570/2537/1217
f 794/2536/1217 568/2538/1218 795/2539/1218
f 568/2538/1218 797/2540/1219 795/2539/1218
f 797/2540/1219 568/2538/1218 566/2541/1220
f 797/2540/1219 566/2541/1220 798/2542/1221
f 562/2543/1222 798/2542/1221 566/2541/1220
f 562/2543/1222 799/2544/1223 798/2542/1221
f 1325/2545/1224 799/2544/1223 562/2543/1222
f 1325/2545/1224 562/2543/1222 1326/2546/1223
f 560/2547/1225 1326/2546/1223 562/2543/1222
f 1001/2548/1226 629/2549/1226 628/2550/1226
f 1001/2548/1226 999/2551/1227 629/2549/1226
f 629/2549/1226 999/2551/1227 996/2552/1227
f 996/2552/1227 417/2553/1226 629/2549/1226
f 417/2553/1226 996/2552/1227 994/2554/1226
f 992/2555/1228 417/2553/1226 994/2554/1226
f 989/2556/1229 417/2553/1226 992/2555/1228
f 989/2556/1229 992/2555/1228 990/2557/1227
f 418/2558/1226 417/2553/1226 989/2556/1229
f 367/2559/12 1039/2560/12 599/2561/12
f 363/2562/12 1039/2560/12 367/2559/12
f 361/2563/12 1039/2560/12 363/2562/12
f 362/2564/12 361/2563/12 363/2562/12
f 1039/2560/12 361/2563/12 359/2565/12
f 359/2565/12 361/2563/12 360/2566/12
f 38/2567/1230 39/2568/1231 1367/2569/15
f 1367/2569/15 39/2568/1231 356/2570/15
f 43/2571/1232 1367/2569/15 356/2570/15
f 1367/2569/15 43/2571/1232 42/2572/1233
f 695/2573/1234 1113/2574/1235 696/2575/1236
f 1113/2574/1235 695/2573/1234 1373/2576/1237
f 1113/2574/1235 1373/2576/1237 1374/2577/1238
f 1374/2577/1238 1031/2578/1239 1113/2574/1235
f 1031/2578/1239 1374/2577/1238 1375/2579/1240
f 1030/2580/1241 1031/2578/1239 1375/2579/1240
f 1376/2581/1242 1030/2580/1241 1375/2579/1240
f 1376/2581/1242 1032/2582/1243 1030/2580/1241
f 1337/2583/1244 1376/2581/1242 1375/2579/1240
f 1339/2584/1245 1337/2583/1244 1375/2579/1240
f 1376/2581/1242 1337/2583/1244 465/2585/1246
f 1032/2582/1243 1376/2581/1242 465/2585/1246
f 464/2586/1247 1032/2582/1243 465/2585/1246
f 1033/2587/1248 1032/2582/1243 464/2586/1247
f 1033/2587/1248 464/2586/1247 467/2588/1249
f 467/2588/1249 1034/2589/1250 1033/2587/1248
f 1034/2589/1250 467/2588/1249 469/2590/1251
f 469/2590/1251 1136/2591/1252 1034/2589/1250
f 1136/2591/1252 1037/2592/1253 1034/2589/1250
f 469/2590/1251 1137/2593/1254 1136/2591/1252
f 472/2594/1255 1137/2593/1254 469/2590/1251
f 1137/2593/1254 472/2594/1255 1138/2595/1254
f 472/2594/1255 1139/2596/1256 1138/2595/1254
f 472/2594/1255 1006/2597/1257 1139/2596/1256
f 1006/2597/1257 472/2594/1255 1003/2598/1258
f 472/2594/1255 1002/2599/1259 1003/2598/1258
f 472/2594/1255 475/2600/1260 1002/2599/1259
f 1002/2599/1259 475/2600/1260 1000/2601/1261
f 475/2600/1260 477/2602/1262 1000/2601/1261
f 477/2602/1262 998/2603/1263 1000/2601/1261
f 998/2603/1263 477/2602/1262 481/2604/1264
f 481/2604/1264 997/2605/1265 998/2603/1263
f 481/2604/1264 482/2606/1266 997/2605/1265
f 482/2606/1266 1377/2607/1267 997/2605/1265
f 995/2608/1268 997/2605/1265 1377/2607/1267
f 993/2609/1269 995/2608/1268 1377/2607/1267
f 991/2610/1270 993/2609/1269 1377/2607/1267
f 988/2611/1271 991/2610/1270 1377/2607/1267
f 418/2612/1272 988/2611/1271 1377/2607/1267
f 1377/2607/1267 419/2613/1273 418/2612/1272
f 596/2614/19 595/2615/1274 1274/2616/19
f 1274/2616/19 595/2615/1274 1298/2617/1275
f 1298/2617/1275 595/2615/1274 1302/2618/1276
f 595/2615/1274 597/2619/1277 1302/2618/1276
f 1302/2618/1276 597/2619/1277 600/2620/1278
f 1302/2618/1276 600/2620/1278 1304/2621/1278
f 1304/2621/1278 600/2620/1278 601/2622/1279
f 1304/2621/1278 601/2622/1279 1306/2623/1280
f 1307/2624/1281 1306/2623/1280 601/2622/1279
f 601/2622/1279 602/2625/1282 1307/2624/1281
f 602/2625/1282 1310/2626/259 1307/2624/1281
f 602/2625/1282 604/2627/1283 1310/2626/259
f 1378/2628/261 1310/2626/259 604/2627/1283
f 607/2629/1284 1378/2628/261 604/2627/1283
f 1378/2628/261 607/2629/1284 1379/2630/259
f 612/2631/1285 1379/2630/259 607/2629/1284
f 1380/2632/1286 1379/2630/259 612/2631/1285
f 62/2633/1287 1380/2632/1286 612/2631/1285
f 64/2634/261 1380/2632/1286 62/2633/1287
f 1380/2632/1286 64/2634/261 1381/2635/1283
f 64/2634/261 698/2636/259 1381/2635/1283
f 698/2636/259 1382/2637/261 1381/2635/1283
f 1382/2637/261 698/2636/259 693/2638/1284
f 693/2638/1284 1383/2639/259 1382/2637/261
f 1383/2639/259 693/2638/1284 690/2640/260
f 690/2640/260 1324/2641/1286 1383/2639/259
f 690/2640/260 688/2642/1288 1324/2641/1286
f 1321/2643/1281 1324/2641/1286 688/2642/1288
f 687/2644/1289 1321/2643/1281 688/2642/1288
f 1320/2645/1280 1321/2643/1281 687/2644/1289
f 1318/2646/1290 1320/2645/1280 687/2644/1289
f 686/2647/1278 1318/2646/1290 687/2644/1289
f 684/2648/1291 1318/2646/1290 686/2647/1278
f 684/2648/1291 1316/2649/1277 1318/2646/1290
f 682/2650/1274 1316/2649/1277 684/2648/1291
f 1312/2651/1275 1316/2649/1277 682/2650/1274
f 682/2650/1274 1283/2652/19 1312/2651/1275
f 1283/2652/19 682/2650/1274 683/2653/19
f 87/2654/508 85/2655/23 510/2656/23
f 510/2656/23 1242/2657/914 87/2654/508
f 1205/2658/23 1242/2657/914 510/2656/23
f 1242/2657/914 1205/2658/23 1243/2659/23
f 1243/2659/23 1205/2658/23 91/2660/508
f 89/2661/23 91/2660/508 1205/2658/23
f 1205/2658/23 510/2656/23 354/2662/23
f 1205/2658/23 354/2662/23 457/2663/23
f 736/2664/23 457/2663/23 354/2662/23
f 352/2665/23 736/2664/23 354/2662/23
f 736/2664/23 807/2666/23 457/2663/23
f 352/2665/23 734/2667/23 736/2664/23
f 456/2668/23 457/2663/23 807/2666/23
f 734/2667/23 352/2665/23 350/2669/23
f 808/2670/23 456/2668/23 807/2666/23
f 733/2671/23 734/2667/23 350/2669/23
f 454/2672/23 456/2668/23 808/2670/23
f 733/2671/23 350/2669/23 348/2673/23
f 77/2674/23 733/2671/23 348/2673/23
f 733/2671/23 77/2674/23 79/2675/508
f 808/2670/23 809/2676/23 454/2672/23
f 809/2676/23 452/2677/23 454/2672/23
f 809/2676/23 80/2678/23 452/2677/23
f 809/2676/23 83/2679/508 80/2678/23
f 731/2680/1292 1224/2681/1293 1225/2682/1294
f 729/2683/1295 1224/2681/1293 731/2680/1292
f 728/2684/1296 1224/2681/1293 729/2683/1295
f 1224/2681/1293 728/2684/1296 1222/2685/1297
f 728/2684/1296 1265/2686/405 1222/2685/1297
f 1265/2686/405 1219/2687/1298 1222/2685/1297
f 1219/2687/1298 1265/2686/405 1266/2688/1299
f 1219/2687/1298 1266/2688/1299 1216/2689/1300
f 1267/2690/1301 1216/2689/1300 1266/2688/1299
f 1267/2690/1301 49/2691/16 1216/2689/1300
f 49/2691/16 1267/2690/1301 1268/2692/16
f 1268/2692/16 1294/2693/16 49/2691/16
f 1384/2694/16 49/2691/16 1294/2693/16
f 1384/2694/16 47/2695/16 49/2691/16
f 75/2696/16 1179/2697/16 50/2698/16
f 1179/2697/16 51/2699/16 50/2698/16
f 51/2699/16 1179/2697/16 34/2700/16
f 355/2701/16 34/2700/16 1179/2697/16
f 51/2699/16 34/2700/16 36/2702/16
f 1181/2703/12 74/2704/12 52/2705/12
f 53/2706/13 1181/2703/12 52/2705/12
f 1181/2703/12 53/2706/13 44/2707/13
f 53/2706/13 45/2708/12 44/2707/13
f 1181/2703/12 44/2707/13 358/2709/13
f 1044/2710/1302 1356/2711/1303 1040/2712/1304
f 1040/2712/1304 1356/2711/1303 1357/2713/1305
f 852/2714/490 1357/2713/1305 854/2715/196
f 852/2714/490 849/2716/494 1357/2713/1305
f 1357/2713/1305 1385/2717/1306 1040/2712/1304
f 849/2716/494 1385/2717/1306 1357/2713/1305
f 849/2716/494 841/2718/196 1385/2717/1306
f 1040/2712/1304 1385/2717/1306 1244/2719/1307
f 842/2720/1308 1385/2717/1306 841/2718/196
f 1385/2717/1306 86/2721/1309 1244/2719/1307
f 86/2721/1309 1385/2717/1306 842/2720/1308
f 842/2720/1308 843/2722/494 86/2721/1309
f 1242/2723/1310 1244/2719/1307 86/2721/1309
f 1242/2723/1310 86/2721/1309 87/2724/1310
f 1111/2710/1311 1107/2712/1312 1358/2711/1313
f 1359/2713/1314 1358/2711/1313 1107/2712/1312
f 1347/2714/109 1346/2715/466 1359/2713/1314
f 1347/2714/109 1359/2713/1314 1349/2716/466
f 1386/2717/1315 1359/2713/1314 1107/2712/1312
f 1349/2716/466 1359/2713/1314 1386/2717/1315
f 1349/2716/466 1386/2717/1315 1351/2718/466
f 1107/2712/1312 1241/2719/1316 1386/2717/1315
f 1386/2717/1315 1353/2720/474 1351/2718/466
f 88/2721/1317 1386/2717/1315 1241/2719/1316
f 1386/2717/1315 88/2721/1317 1353/2720/474
f 1353/2720/474 88/2721/1317 897/2722/466
f 1241/2719/1316 1243/2723/1318 88/2721/1317
f 1243/2723/1318 91/2724/1319 88/2721/1317
f 904/2725/1320 909/2726/1321 906/2727/1322
f 909/2726/1321 904/2725/1320 903/2728/1320
f 901/2729/1323 909/2726/1321 903/2728/1320
f 901/2729/1323 910/2730/1324 909/2726/1321
f 910/2730/1324 901/2729/1323 899/2731/1325
f 899/2731/1325 913/2732/1323 910/2730/1324
f 913/2732/1323 899/2731/1325 211/2733/1326
f 211/2733/1326 217/2734/1323 913/2732/1323
f 211/2733/1326 213/2735/1323 217/2734/1323
f 213/2735/1323 215/2736/1323 217/2734/1323
f 928/2737/1326 215/2736/1323 213/2735/1323
f 215/2736/1323 928/2737/1326 914/2738/1323
f 926/2739/1323 914/2738/1323 928/2737/1326
f 914/2738/1323 926/2739/1323 916/2740/1326
f 916/2740/1326 926/2739/1323 925/2741/1323
f 916/2740/1326 925/2741/1323 919/2742/1327
f 925/2741/1323 920/2743/1328 919/2742/1327
f 920/2743/1328 925/2741/1323 923/2744/1329
f 922/2745/1330 918/2746/1331 921/2747/1332
f 918/2746/1331 922/2745/1330 924/2748/1332
f 927/2749/1333 918/2746/1331 924/2748/1332
f 927/2749/1333 917/2750/1332 918/2746/1331
f 927/2749/1333 915/2751/1334 917/2750/1332
f 915/2751/1334 927/2749/1333 929/2752/1333
f 210/2753/1330 915/2751/1334 929/2752/1333
f 915/2751/1334 210/2753/1330 216/2754/1335
f 212/2755/1331 216/2754/1335 210/2753/1330
f 216/2754/1335 212/2755/1331 214/2756/1331
f 214/2756/1331 212/2755/1331 898/2757/1330
f 898/2757/1330 912/2758/1334 214/2756/1331
f 912/2758/1334 898/2757/1330 900/2759/1330
f 900/2759/1330 911/2760/1330 912/2758/1334
f 900/2759/1330 908/2761/1330 911/2760/1330
f 908/2761/1330 900/2759/1330 902/2762/1333
f 905/2763/1330 908/2761/1330 902/2762/1333
f 908/2761/1330 905/2763/1330 907/2764/1336
f 1387/2765/1337 969/2766/1338 968/2767/1339
f 1387/2765/1337 1388/2768/1340 969/2766/1338
f 1389/2769/1341 1388/2768/1340 1387/2765/1337
f 970/2770/1342 969/2766/1338 1388/2768/1340
f 1390/2771/1343 1388/2768/1340 1389/2769/1341
f 1391/2772/1344 1390/2771/1343 1389/2769/1341
f 970/2770/1342 1388/2768/1340 1392/2773/1345
f 1393/2774/1346 1390/2771/1343 1391/2772/1344
f 1393/2774/1346 1391/2772/1344 1394/2775/1347
f 1395/2776/1348 1393/2774/1346 1394/2775/1347
f 1390/2771/1343 1396/2777/1349 1388/2768/1340
f 1388/2768/1340 1396/2777/1349 1392/2773/1345
f 1393/2774/1346 1397/2778/1350 1390/2771/1343
f 1390/2771/1343 1397/2778/1350 1396/2777/1349
f 1395/2776/1348 1398/2779/1351 1393/2774/1346
f 1395/2776/1348 1399/2780/14 1398/2779/1351
f 1399/2780/14 1400/2781/1352 1398/2779/1351
f 1393/2774/1346 1398/2779/1351 1401/2782/1353
f 1393/2774/1346 1401/2782/1353 1397/2778/1350
f 1398/2779/1351 1400/2781/1352 1402/2783/1354
f 1401/2782/1353 1398/2779/1351 1402/2783/1354
f 1400/2781/1352 1403/2784/1355 1402/2783/1354
f 1402/2783/1354 1403/2784/1355 1404/2785/1356
f 1402/2783/1354 1404/2785/1356 1405/2786/1357
f 1404/2785/1356 1406/2787/1358 1405/2786/1357
f 1402/2783/1354 1407/2788/1359 1401/2782/1353
f 1407/2788/1359 1402/2783/1354 1405/2786/1357
f 1406/2787/1358 931/2789/1360 1405/2786/1357
f 1406/2787/1358 932/2790/1361 931/2789/1360
f 931/2789/1360 933/2791/1362 1405/2786/1357
f 1405/2786/1357 1408/2792/1363 1407/2788/1359
f 1408/2792/1363 1405/2786/1357 933/2791/1362
f 933/2791/1362 1409/2793/1364 1408/2792/1363
f 1409/2793/1364 933/2791/1362 935/2794/1365
f 936/2795/1366 1409/2793/1364 935/2794/1365
f 1408/2792/1363 1409/2793/1364 1410/2796/1367
f 1410/2796/1367 1407/2788/1359 1408/2792/1363
f 1411/2797/1368 1409/2793/1364 936/2795/1366
f 936/2795/1366 937/2798/1369 1411/2797/1368
f 1412/2799/1370 1410/2796/1367 1409/2793/1364
f 1409/2793/1364 1411/2797/1368 1412/2799/1370
f 1407/2788/1359 1410/2796/1367 1413/2800/1371
f 1413/2800/1371 1401/2782/1353 1407/2788/1359
f 1414/2801/1372 1411/2797/1368 937/2798/1369
f 937/2798/1369 1365/2802/1373 1414/2801/1372
f 1365/2802/1373 937/2798/1369 939/2803/1374
f 1415/2804/1375 1411/2797/1368 1414/2801/1372
f 1365/2802/1373 1415/2804/1375 1414/2801/1372
f 1411/2797/1368 1415/2804/1375 1412/2799/1370
f 1415/2804/1375 1365/2802/1373 1364/2805/1376
f 1364/2805/1376 1416/2806/1377 1415/2804/1375
f 1416/2806/1377 1412/2799/1370 1415/2804/1375
f 1416/2806/1377 1364/2805/1376 1361/2807/1378
f 1363/2808/1379 1416/2806/1377 1361/2807/1378
f 1416/2806/1377 1363/2808/1379 1417/2809/1380
f 1412/2799/1370 1416/2806/1377 1418/2810/1381
f 1417/2809/1380 1418/2810/1381 1416/2806/1377
f 1410/2796/1367 1412/2799/1370 1418/2810/1381
f 1418/2810/1381 1413/2800/1371 1410/2796/1367
f 1362/2811/1382 1417/2809/1380 1363/2808/1379
f 1419/2812/1383 1413/2800/1371 1418/2810/1381
f 1418/2810/1381 1417/2809/1380 1419/2812/1383
f 1417/2809/1380 1362/2811/1382 1420/2813/1384
f 1366/2814/1385 1420/2813/1384 1362/2811/1382
f 1419/2812/1383 1417/2809/1380 1421/2815/1386
f 1421/2815/1386 1417/2809/1380 1420/2813/1384
f 1420/2813/1384 1366/2814/1385 1422/2816/1387
f 1366/2814/1385 974/2817/1388 1422/2816/1387
f 974/2817/1388 1366/2814/1385 976/2818/1389
f 1422/2816/1387 1423/2819/1390 1420/2813/1384
f 1423/2819/1390 1422/2816/1387 974/2817/1388
f 1420/2813/1384 1423/2819/1390 1421/2815/1386
f 974/2817/1388 973/2820/1391 1423/2819/1390
f 1424/2821/1392 1423/2819/1390 973/2820/1391
f 1424/2821/1392 1421/2815/1386 1423/2819/1390
f 973/2820/1391 972/2822/1393 1424/2821/1392
f 970/2770/1342 1424/2821/1392 972/2822/1393
f 1424/2821/1392 970/2770/1342 1392/2773/1345
f 1425/2823/1394 1421/2815/1386 1424/2821/1392
f 1392/2773/1345 1425/2823/1394 1424/2821/1392
f 1425/2823/1394 1419/2812/1383 1421/2815/1386
f 1396/2777/1349 1425/2823/1394 1392/2773/1345
f 1426/2824/1395 1419/2812/1383 1425/2823/1394
f 1396/2777/1349 1426/2824/1395 1425/2823/1394
f 1413/2800/1371 1419/2812/1383 1426/2824/1395
f 1397/2778/1350 1426/2824/1395 1396/2777/1349
f 1426/2824/1395 1401/2782/1353 1413/2800/1371
f 1401/2782/1353 1426/2824/1395 1397/2778/1350
f 1335/2825/1396 474/2826/1397 473/2827/1398
f 1335/2825/1396 1427/2828/1399 474/2826/1397
f 474/2826/1397 1427/2828/1399 476/2829/1400
f 1335/2825/1396 1332/2830/1401 1427/2828/1399
f 1427/2828/1399 1428/2831/1402 476/2829/1400
f 1428/2831/1402 478/2832/1403 476/2829/1400
f 1332/2830/1401 1429/2833/1404 1427/2828/1399
f 1429/2833/1404 1428/2831/1402 1427/2828/1399
f 1332/2830/1401 1328/2834/1405 1429/2833/1404
f 1428/2831/1402 1430/2835/1406 478/2832/1403
f 1430/2835/1406 479/2836/1407 478/2832/1403
f 1429/2833/1404 1431/2837/1408 1428/2831/1402
f 1428/2831/1402 1431/2837/1408 1430/2835/1406
f 1328/2834/1405 1432/2838/1409 1429/2833/1404
f 1432/2838/1409 1431/2837/1408 1429/2833/1404
f 1432/2838/1409 1328/2834/1405 1433/2839/1410
f 1328/2834/1405 1330/2840/1411 1433/2839/1410
f 1329/2841/1412 1433/2839/1410 1330/2840/1411
f 1433/2839/1410 1434/2842/1413 1432/2838/1409
f 1432/2838/1409 1434/2842/1413 1431/2837/1408
f 1433/2839/1410 1329/2841/1412 1435/2843/1414
f 1435/2843/1414 1329/2841/1412 1331/2844/1415
f 1433/2839/1410 1436/2845/1416 1434/2842/1413
f 1433/2839/1410 1435/2843/1414 1436/2845/1416
f 1434/2842/1413 1437/2846/1417 1431/2837/1408
f 1431/2837/1408 1437/2846/1417 1430/2835/1406
f 1436/2845/1416 1438/2847/1418 1434/2842/1413
f 1434/2842/1413 1438/2847/1418 1437/2846/1417
f 1437/2846/1417 1439/2848/1419 1430/2835/1406
f 1430/2835/1406 1439/2848/1419 479/2836/1407
f 1439/2848/1419 480/2849/1420 479/2836/1407
f 1437/2846/1417 1440/2850/1421 1439/2848/1419
f 1438/2847/1418 1440/2850/1421 1437/2846/1417
f 1439/2848/1419 1441/2851/1422 480/2849/1420
f 1439/2848/1419 1440/2850/1421 1441/2851/1422
f 1441/2851/1422 483/2852/1423 480/2849/1420
f 1441/2851/1422 1442/2853/1424 483/2852/1423
f 1442/2853/1424 484/2854/1425 483/2852/1423
f 1440/2850/1421 1443/2855/1426 1441/2851/1422
f 1441/2851/1422 1443/2855/1426 1442/2853/1424
f 1438/2847/1418 1444/2856/1427 1440/2850/1421
f 1440/2850/1421 1444/2856/1427 1443/2855/1426
f 1445/2857/1428 1444/2856/1427 1438/2847/1418
f 1436/2845/1416 1445/2857/1428 1438/2847/1418
f 1442/2853/1424 1446/2858/1429 484/2854/1425
f 1446/2858/1429 485/2859/1430 484/2854/1425
f 1443/2855/1426 1447/2860/1431 1442/2853/1424
f 1446/2858/1429 1442/2853/1424 1447/2860/1431
f 1444/2856/1427 1448/2861/1432 1443/2855/1426
f 1443/2855/1426 1448/2861/1432 1447/2860/1431
f 1449/2862/1433 1448/2861/1432 1444/2856/1427
f 1445/2857/1428 1449/2862/1433 1444/2856/1427
f 1450/2863/1434 1445/2857/1428 1436/2845/1416
f 1450/2863/1434 1436/2845/1416 1435/2843/1414
f 1451/2864/1435 1449/2862/1433 1445/2857/1428
f 1445/2857/1428 1450/2863/1434 1451/2864/1435
f 1449/2862/1433 1452/2865/1436 1448/2861/1432
f 1448/2861/1432 1453/2866/1437 1447/2860/1431
f 1452/2865/1436 1453/2866/1437 1448/2861/1432
f 1453/2866/1437 1454/2867/1438 1447/2860/1431
f 1454/2867/1438 1446/2858/1429 1447/2860/1431
f 1449/2862/1433 1451/2864/1435 1455/2868/1439
f 1455/2868/1439 1452/2865/1436 1449/2862/1433
f 1456/2869/1440 1446/2858/1429 1454/2867/1438
f 1446/2858/1429 1456/2869/1440 485/2859/1430
f 485/2859/1430 1456/2869/1440 1457/2870/1039
f 486/2871/1441 485/2859/1430 1457/2870/1039
f 1457/2870/1039 1456/2869/1440 1458/2872/1442
f 1456/2869/1440 1459/2873/1443 1458/2872/1442
f 1459/2873/1443 1456/2869/1440 1454/2867/1438
f 1459/2873/1443 1460/2874/1444 1458/2872/1442
f 1459/2873/1443 219/2875/1445 1460/2874/1444
f 1459/2873/1443 221/2876/1446 219/2875/1445
f 1461/2877/1447 1459/2873/1443 1454/2867/1438
f 1453/2866/1437 1461/2877/1447 1454/2867/1438
f 1459/2873/1443 1462/2878/1448 221/2876/1446
f 1459/2873/1443 1461/2877/1447 1462/2878/1448
f 1462/2878/1448 223/2879/1449 221/2876/1446
f 1463/2880/1450 223/2879/1449 1462/2878/1448
f 1463/2880/1450 224/2881/1451 223/2879/1449
f 1463/2880/1450 225/2882/1452 224/2881/1451
f 1464/2883/1453 1461/2877/1447 1453/2866/1437
f 1465/2884/1454 1462/2878/1448 1461/2877/1447
f 1462/2878/1448 1465/2884/1454 1463/2880/1450
f 1461/2877/1447 1464/2883/1453 1465/2884/1454
f 1452/2865/1436 1464/2883/1453 1453/2866/1437
f 225/2882/1452 1463/2880/1450 1466/2885/1455
f 1467/2886/1456 1464/2883/1453 1452/2865/1436
f 225/2882/1452 1466/2885/1455 1468/2887/1457
f 225/2882/1452 1468/2887/1457 222/2888/1458
f 1463/2880/1450 1469/2889/1459 1466/2885/1455
f 1469/2889/1459 1463/2880/1450 1465/2884/1454
f 1466/2885/1455 1469/2889/1459 1468/2887/1457
f 220/2890/1460 222/2888/1458 1468/2887/1457
f 1452/2865/1436 1455/2868/1439 1467/2886/1456
f 1470/2891/1461 220/2890/1460 1468/2887/1457
f 1470/2891/1461 218/2892/1462 220/2890/1460
f 218/2892/1462 1470/2891/1461 1471/2893/1463
f 1470/2891/1461 1468/2887/1457 1472/2894/1464
f 1469/2889/1459 1472/2894/1464 1468/2887/1457
f 1473/2895/1465 1471/2893/1463 1470/2891/1461
f 1473/2895/1465 1474/2896/1466 1471/2893/1463
f 1475/2897/1467 1474/2896/1466 1473/2895/1465
f 1475/2897/1467 1473/2895/1465 1070/2898/1468
f 1071/2899/1469 1475/2897/1467 1070/2898/1468
f 1473/2895/1465 1470/2891/1461 1476/2900/1470
f 1476/2900/1470 1470/2891/1461 1472/2894/1464
f 1070/2898/1468 1473/2895/1465 1477/2901/1471
f 1477/2901/1471 1473/2895/1465 1476/2900/1470
f 1070/2898/1468 1477/2901/1471 1069/2902/1472
f 1069/2902/1472 1477/2901/1471 1478/2903/1473
f 1069/2902/1472 1478/2903/1473 1068/2904/1474
f 1477/2901/1471 1476/2900/1470 1479/2905/1475
f 1478/2903/1473 1477/2901/1471 1479/2905/1475
f 1476/2900/1470 1472/2894/1464 1480/2906/1476
f 1476/2900/1470 1480/2906/1476 1479/2905/1475
f 1068/2904/1474 1478/2903/1473 1481/2907/1477
f 1068/2904/1474 1481/2907/1477 1066/2908/1478
f 1066/2908/1478 1481/2907/1477 1064/2909/1479
f 1481/2907/1477 1478/2903/1473 1482/2910/1480
f 1478/2903/1473 1479/2905/1475 1482/2910/1480
f 1064/2909/1479 1481/2907/1477 1483/2911/1481
f 1064/2909/1479 1483/2911/1481 1063/2912/1482
f 1481/2907/1477 1482/2910/1480 1484/2913/1483
f 1483/2911/1481 1481/2907/1477 1484/2913/1483
f 1482/2910/1480 1479/2905/1475 1485/2914/1484
f 1479/2905/1475 1480/2906/1476 1485/2914/1484
f 1063/2912/1482 1483/2911/1481 1486/2915/1485
f 1063/2912/1482 1486/2915/1485 1062/2916/1486
f 1486/2915/1485 1061/2917/1487 1062/2916/1486
f 1467/2886/1456 1485/2914/1484 1480/2906/1476
f 1483/2911/1481 1487/2918/1488 1486/2915/1485
f 1483/2911/1481 1484/2913/1483 1487/2918/1488
f 1467/2886/1456 1455/2868/1439 1485/2914/1484
f 1488/2919/1489 1467/2886/1456 1480/2906/1476
f 1488/2919/1489 1480/2906/1476 1472/2894/1464
f 1464/2883/1453 1467/2886/1456 1488/2919/1489
f 1469/2889/1459 1488/2919/1489 1472/2894/1464
f 1488/2919/1489 1465/2884/1454 1464/2883/1453
f 1465/2884/1454 1488/2919/1489 1469/2889/1459
f 1455/2868/1439 1489/2920/1490 1485/2914/1484
f 1482/2910/1480 1485/2914/1484 1489/2920/1490
f 1484/2913/1483 1482/2910/1480 1489/2920/1490
f 1451/2864/1435 1489/2920/1490 1455/2868/1439
f 1484/2913/1483 1489/2920/1490 1490/2921/1491
f 1451/2864/1435 1490/2921/1491 1489/2920/1490
f 1484/2913/1483 1490/2921/1491 1487/2918/1488
f 1450/2863/1434 1490/2921/1491 1451/2864/1435
f 1450/2863/1434 1491/2922/1492 1490/2921/1491
f 1487/2918/1488 1490/2921/1491 1491/2922/1492
f 1435/2843/1414 1491/2922/1492 1450/2863/1434
f 1487/2918/1488 1491/2922/1492 1492/2923/1493
f 1435/2843/1414 1493/2924/1494 1491/2922/1492
f 1493/2924/1494 1492/2923/1493 1491/2922/1492
f 1493/2924/1494 1435/2843/1414 1331/2844/1415
f 1487/2918/1488 1492/2923/1493 1486/2915/1485
f 1331/2844/1415 1494/2925/1495 1493/2924/1494
f 1493/2924/1494 1494/2925/1495 1492/2923/1493
f 1331/2844/1415 1333/2926/1496 1494/2925/1495
f 1492/2923/1493 1495/2927/1497 1486/2915/1485
f 1495/2927/1497 1492/2923/1493 1494/2925/1495
f 1061/2917/1487 1486/2915/1485 1495/2927/1497
f 1061/2917/1487 1495/2927/1497 1059/2928/1498
f 1495/2927/1497 1494/2925/1495 1496/2929/1499
f 1333/2926/1496 1496/2929/1499 1494/2925/1495
f 1495/2927/1497 1496/2929/1499 1059/2928/1498
f 1496/2929/1499 1058/2930/1500 1059/2928/1498
f 1333/2926/1496 1334/2931/1501 1496/2929/1499
f 1058/2930/1500 1496/2929/1499 1056/2932/1502
f 1334/2931/1501 1056/2932/1502 1496/2929/1499
f 1334/2931/1501 1055/2933/1503 1056/2932/1502
f 1130/2934/16 1160/2935/315 1164/2936/16
f 1130/2934/16 1497/2937/1504 1160/2935/315
f 382/2938/16 1497/2937/1504 1130/2934/16
f 1497/2937/1504 382/2938/16 1360/2939/16
f 1497/2937/1504 1157/2940/1505 1160/2935/315
f 1498/2941/1506 1157/2940/1505 1497/2937/1504
f 1157/2940/1505 1498/2941/1506 1155/2942/1507
f 1155/2942/1507 1498/2941/1506 1095/2943/405
f 1095/2943/405 1096/2944/864 1155/2942/1507
f 1095/2943/405 1498/2941/1506 1094/2945/405
f 1094/2945/405 1498/2941/1506 1093/2946/1508
f 1093/2946/1508 1498/2941/1506 1499/2947/1509
f 1093/2946/1508 1499/2947/1509 1091/2948/1510
f 1091/2948/1510 1499/2947/1509 1500/2949/1511
f 92/2950/1512 1091/2948/1510 1500/2949/1511
f 95/2951/1294 92/2950/1512 1500/2949/1511
f 92/2950/1512 1092/2952/1512 1091/2948/1510
f 1130/2953/1513 1164/2954/347 1163/2955/1514
f 535/2956/1515 1130/2953/1513 1163/2955/1514
f 535/2956/1515 536/2957/1516 1130/2953/1513
f 1290/2958/1217 535/2956/1515 1163/2955/1514
f 535/2956/1515 1290/2958/1217 533/2959/1217
f 1291/2960/1218 533/2959/1217 1290/2958/1217
f 533/2959/1217 1291/2960/1218 532/2961/1218
f 1291/2960/1218 531/2962/1517 532/2961/1218
f 531/2962/1517 1291/2960/1218 1292/2963/1518
f 48/2964/1519 531/2962/1517 1292/2963/1518
f 531/2962/1517 48/2964/1519 530/2965/1520
f 1384/2966/1521 48/2964/1519 47/2967/1522
f 48/2964/1519 1384/2966/1521 530/2965/1520
f 1384/2966/1521 1294/2968/1523 530/2965/1520
f 530/2965/1520 1294/2968/1523 1293/2969/1223
f 530/2965/1520 1293/2969/1223 1295/2970/1524
f 529/2971/1524 530/2965/1520 1295/2970/1524
f 219/2972/24 1395/2973/24 1394/2974/24
f 219/2972/24 1394/2974/24 1391/2975/24
f 219/2972/24 1399/2976/24 1395/2973/24
f 219/2972/24 1391/2975/24 1460/2977/334
f 1389/2978/24 1460/2977/334 1391/2975/24
f 219/2972/24 218/2979/24 1399/2976/24
f 1460/2977/334 1389/2978/24 1458/2980/334
f 1400/2981/338 1399/2976/24 218/2979/24
f 1387/2982/24 1458/2980/334 1389/2978/24
f 1400/2981/338 218/2979/24 1403/2983/24
f 1458/2980/334 1387/2982/24 1457/2984/24
f 1471/2985/24 1403/2983/24 218/2979/24
f 486/2986/1525 1457/2984/24 1387/2982/24
f 1471/2985/24 1404/2987/24 1403/2983/24
f 486/2986/1525 1387/2982/24 968/2988/1526
f 1474/2989/338 1404/2987/24 1471/2985/24
f 968/2988/1526 482/2990/24 486/2986/1525
f 1474/2989/338 1406/2991/24 1404/2987/24
f 482/2990/24 968/2988/1526 967/2992/24
f 1406/2991/24 1474/2989/338 1475/2993/338
f 967/2992/24 978/2994/24 482/2990/24
f 1071/2995/24 1406/2991/24 1475/2993/338
f 482/2990/24 978/2994/24 1377/2996/24
f 1406/2991/24 1071/2995/24 932/2997/24
f 419/2998/338 1377/2996/24 978/2994/24
f 1067/2999/338 932/2997/24 1071/2995/24
f 419/2998/338 978/2994/24 792/3000/338
f 930/3001/24 932/2997/24 1067/2999/338
f 792/3000/338 414/3002/338 419/2998/338
f 1067/2999/338 1085/3003/24 930/3001/24
f 414/3002/338 792/3000/338 791/3004/338
f 1085/3003/24 1067/2999/338 1372/3005/24
f 791/3004/338 411/3006/338 414/3002/338
f 1372/3005/24 306/3007/338 1085/3003/24
f 411/3006/338 791/3004/338 782/3008/24
f 1360/3009/338 1085/3003/24 306/3007/338
f 407/3010/24 411/3006/338 782/3008/24
f 297/3011/334 1360/3009/338 306/3007/338
f 782/3008/24 408/3012/338 407/3010/24
f 1497/3013/1112 1360/3009/338 297/3011/334
f 408/3012/338 782/3008/24 786/3014/24
f 293/3015/1527 1497/3013/1112 297/3011/334
f 408/3012/338 786/3014/24 514/3016/24
f 293/3015/1527 1498/3017/891 1497/3013/1112
f 788/3018/24 514/3016/24 786/3014/24
f 1498/3017/891 293/3015/1527 290/3019/1528
f 788/3018/24 516/3020/24 514/3016/24
f 291/3021/338 1498/3017/891 290/3019/1528
f 788/3018/24 518/3022/843 516/3020/24
f 1499/3023/338 1498/3017/891 291/3021/338
f 93/3024/24 518/3022/843 788/3018/24
f 527/3025/338 1499/3023/338 291/3021/338
f 518/3022/843 93/3024/24 520/3026/24
f 1499/3023/338 527/3025/338 1500/3027/24
f 93/3024/24 521/3028/338 520/3026/24
f 525/3029/24 1500/3027/24 527/3025/338
f 521/3028/338 93/3024/24 95/3030/338
f 1500/3027/24 525/3029/24 523/3031/338
f 95/3030/338 523/3031/338 521/3028/338
f 523/3031/338 95/3030/338 1500/3027/24
f 1339/3032/1529 1075/3033/250 1076/3034/1530
f 1077/3035/1531 1339/3032/1529 1076/3034/1530
f 1339/3032/1529 1074/3036/1532 1075/3033/250
f 1338/3037/323 1339/3032/1529 1077/3035/1531
f 1074/3036/1532 1339/3032/1529 1375/3038/1531
f 1338/3037/323 1077/3035/1531 1078/3039/1533
f 1374/3040/250 1074/3036/1532 1375/3038/1531
f 1338/3037/323 1078/3039/1533 1079/3041/323
f 1074/3036/1532 1374/3040/250 1073/3042/1531
f 1079/3041/323 1370/3043/1534 1338/3037/323
f 1373/3044/323 1073/3042/1531 1374/3040/250
f 1370/3043/1534 1079/3041/323 1369/3045/1531
f 1073/3042/1531 1373/3044/323 1072/3046/1531
f 1369/3045/1531 1079/3041/323 1080/3047/1535
f 695/3048/1531 1072/3046/1531 1373/3044/323
f 1369/3045/1531 1080/3047/1535 1368/3049/1531
f 695/3048/1531 1259/3050/1536 1072/3046/1531
f 1081/3051/1537 1368/3049/1531 1080/3047/1535
f 695/3048/1531 691/3052/1538 1259/3050/1536
f 1081/3051/1537 609/3053/1537 1368/3049/1531
f 691/3052/1538 1260/3054/1539 1259/3050/1536
f 1082/3055/1539 609/3053/1537 1081/3051/1537
f 1260/3054/1539 691/3052/1538 697/3056/1539
f 605/3057/1539 609/3053/1537 1082/3055/1539
f 1260/3054/1539 697/3056/1539 699/3058/1539
f 1083/3059/1540 605/3057/1539 1082/3055/1539
f 699/3058/1539 1261/3060/1541 1260/3054/1539
f 605/3057/1539 1083/3059/1540 611/3061/1540
f 1261/3060/1541 699/3058/1539 63/3062/1539
f 1083/3059/1540 613/3063/1539 611/3061/1540
f 65/3064/1542 1261/3060/1541 63/3062/1539
f 1084/3065/1543 613/3063/1539 1083/3059/1540
f 613/3063/1539 1084/3065/1543 65/3064/1542
f 1261/3060/1541 65/3064/1542 1084/3065/1543
f 1275/3066/1544 1297/3067/1545 1501/3068/1546
f 1297/3067/1545 1299/3069/1547 1501/3068/1546
f 1275/3066/1544 1501/3068/1546 1276/3070/1548
f 1502/3071/1549 1276/3070/1548 1501/3068/1546
f 1503/3072/1550 1501/3068/1546 1299/3069/1547
f 1502/3071/1549 1501/3068/1546 1503/3072/1550
f 1300/3073/1551 1503/3072/1550 1299/3069/1547
f 1276/3070/1548 1502/3071/1549 1277/3074/1552
f 1503/3072/1550 1300/3073/1551 1504/3075/1553
f 1301/3076/1554 1504/3075/1553 1300/3073/1551
f 1505/3077/1555 1502/3071/1549 1503/3072/1550
f 1505/3077/1555 1503/3072/1550 1504/3075/1553
f 1506/3078/1556 1277/3074/1552 1502/3071/1549
f 1277/3074/1552 1506/3078/1556 1278/3079/1557
f 1507/3080/1558 1502/3071/1549 1505/3077/1555
f 1502/3071/1549 1507/3080/1558 1506/3078/1556
f 1504/3075/1553 1301/3076/1554 1508/3081/1559
f 1303/3082/1560 1508/3081/1559 1301/3076/1554
f 1504/3075/1553 1509/3083/1561 1505/3077/1555
f 1509/3083/1561 1504/3075/1553 1508/3081/1559
f 1508/3081/1559 1303/3082/1560 1510/3084/1562
f 1509/3083/1561 1508/3081/1559 1510/3084/1562
f 1510/3084/1562 1303/3082/1560 1305/3085/1563
f 1511/3086/1564 1505/3077/1555 1509/3083/1561
f 1505/3077/1555 1511/3086/1564 1507/3080/1558
f 1509/3083/1561 1510/3084/1562 1512/3087/1565
f 1509/3083/1561 1512/3087/1565 1511/3086/1564
f 1513/3088/1566 1510/3084/1562 1305/3085/1563
f 1510/3084/1562 1513/3088/1566 1512/3087/1565
f 1308/3089/1567 1513/3088/1566 1305/3085/1563
f 1513/3088/1566 1308/3089/1567 1514/3090/1568
f 1512/3087/1565 1513/3088/1566 1514/3090/1568
f 1309/3091/1569 1514/3090/1568 1308/3089/1567
f 1512/3087/1565 1514/3090/1568 1515/3092/1570
f 1514/3090/1568 1309/3091/1569 1516/3093/1571
f 1514/3090/1568 1516/3093/1571 1515/3092/1570
f 1309/3091/1569 1310/3094/1572 1516/3093/1571
f 1378/3095/1573 1516/3093/1571 1310/3094/1572
f 1516/3093/1571 1378/3095/1573 1515/3092/1570
f 1379/3096/1574 1515/3092/1570 1378/3095/1573
f 1512/3087/1565 1515/3092/1570 1517/3097/1575
f 1511/3086/1564 1512/3087/1565 1517/3097/1575
f 1515/3092/1570 1379/3096/1574 1518/3098/1576
f 1517/3097/1575 1515/3092/1570 1518/3098/1576
f 1380/3099/1577 1518/3098/1576 1379/3096/1574
f 1381/3100/1578 1518/3098/1576 1380/3099/1577
f 1518/3098/1576 1381/3100/1578 1519/3101/1579
f 1519/3101/1579 1517/3097/1575 1518/3098/1576
f 1519/3101/1579 1381/3100/1578 1382/3102/1580
f 1520/3103/1581 1511/3086/1564 1517/3097/1575
f 1517/3097/1575 1519/3101/1579 1520/3103/1581
f 1519/3101/1579 1382/3102/1580 1521/3104/1582
f 1521/3104/1582 1520/3103/1581 1519/3101/1579
f 1521/3104/1582 1382/3102/1580 1383/3105/1583
f 1511/3086/1564 1520/3103/1581 1522/3106/1584
f 1520/3103/1581 1521/3104/1582 1523/3107/1585
f 1523/3107/1585 1522/3106/1584 1520/3103/1581
f 1522/3106/1584 1507/3080/1558 1511/3086/1564
f 1521/3104/1582 1383/3105/1583 1524/3108/1586
f 1524/3108/1586 1383/3105/1583 1324/3109/1587
f 1524/3108/1586 1324/3109/1587 1323/3110/1588
f 1524/3108/1586 1525/3111/1589 1521/3104/1582
f 1323/3110/1588 1525/3111/1589 1524/3108/1586
f 1525/3111/1589 1523/3107/1585 1521/3104/1582
f 1525/3111/1589 1323/3110/1588 1322/3112/1590
f 1525/3111/1589 1322/3112/1590 1526/3113/1591
f 1525/3111/1589 1526/3113/1591 1523/3107/1585
f 1526/3113/1591 1322/3112/1590 1319/3114/1592
f 1319/3114/1592 1527/3115/1593 1526/3113/1591
f 1526/3113/1591 1527/3115/1593 1523/3107/1585
f 1527/3115/1593 1319/3114/1592 1317/3116/1594
f 1317/3116/1594 1528/3117/1595 1527/3115/1593
f 1528/3117/1595 1317/3116/1594 1315/3118/1596
f 1527/3115/1593 1529/3119/1597 1523/3107/1585
f 1527/3115/1593 1528/3117/1595 1529/3119/1597
f 1522/3106/1584 1523/3107/1585 1529/3119/1597
f 1315/3118/1596 1530/3120/1598 1528/3117/1595
f 1530/3120/1598 1529/3119/1597 1528/3117/1595
f 1530/3120/1598 1315/3118/1596 1314/3121/1599
f 1531/3122/1600 1522/3106/1584 1529/3119/1597
f 1529/3119/1597 1530/3120/1598 1531/3122/1600
f 1314/3121/1599 1532/3123/1601 1530/3120/1598
f 1531/3122/1600 1530/3120/1598 1532/3123/1601
f 1532/3123/1601 1314/3121/1599 1313/3124/1602
f 1522/3106/1584 1531/3122/1600 1533/3125/1603
f 1507/3080/1558 1522/3106/1584 1533/3125/1603
f 1533/3125/1603 1506/3078/1556 1507/3080/1558
f 1534/3126/1604 1533/3125/1603 1531/3122/1600
f 1531/3122/1600 1532/3123/1601 1534/3126/1604
f 1506/3078/1556 1533/3125/1603 1535/3127/1605
f 1534/3126/1604 1535/3127/1605 1533/3125/1603
f 1535/3127/1605 1278/3079/1557 1506/3078/1556
f 1278/3079/1557 1535/3127/1605 1279/3128/1606
f 1279/3128/1606 1535/3127/1605 1280/3129/1607
f 1280/3129/1607 1535/3127/1605 1534/3126/1604
f 1534/3126/1604 1281/3130/1608 1280/3129/1607
f 1532/3123/1601 1536/3131/1609 1534/3126/1604
f 1281/3130/1608 1534/3126/1604 1536/3131/1609
f 1313/3124/1602 1536/3131/1609 1532/3123/1601
f 1281/3130/1608 1536/3131/1609 1282/3132/1610
f 1313/3124/1602 1311/3133/1611 1536/3131/1609
f 1311/3133/1611 1282/3132/1610 1536/3131/1609
usemtl Sto_A_Strike_095_TranAttack_ni_Glass
f 1537/3134/1612 1538/3135/1613 1539/3136/1614
f 1538/3135/1613 1537/3134/1612 1540/3137/1613
f 1541/3138/1615 1538/3139/1616 1540/3140/1617
f 1540/3140/1617 1542/3141/1618 1541/3138/1615
f 1543/3142/1619 1544/3143/1620 1545/3144/1621
f 1546/3145/1621 1545/3144/1621 1544/3143/1620
f 1547/3146/1614 1548/3147/1612 1549/3148/1622
f 1548/3147/1612 1547/3146/1614 1550/3149/1613
f 1548/3150/1618 1551/3151/1615 1549/3152/1623
f 1549/3152/1623 1551/3151/1615 1552/3153/1617
f 1553/3154/1624 1554/3155/1625 1555/3156/1624
f 1553/3154/1624 1555/3156/1624 1556/3157/1626
f 1557/3158/23 1558/3159/23 1559/3160/23
f 1559/3160/23 1558/3159/23 1560/3161/23
f 1560/3161/23 1561/3162/23 1559/3160/23
f 1560/3161/23 1562/3163/23 1561/3162/23
f 1562/3163/23 1563/3164/23 1561/3162/23
f 1564/3165/833 1561/3162/23 1563/3164/23
f 1565/3166/23 1561/3162/23 1564/3165/833
f 1561/3162/23 1565/3166/23 1566/3167/23
f 1565/3166/23 1567/3168/23 1566/3167/23
f 1565/3166/23 1568/3169/23 1567/3168/23
f 1568/3169/23 1569/3170/23 1567/3168/23
f 1569/3170/23 1568/3169/23 1570/3171/23
f 1570/3171/23 1571/3172/833 1569/3170/23
f 1572/3173/23 1569/3170/23 1571/3172/833
f 1572/3173/23 1573/3174/23 1569/3170/23
f 1573/3174/23 1572/3173/23 1574/3175/23
f 1575/3176/23 1573/3174/23 1574/3175/23
f 1576/3177/1627 1541/3178/1612 1542/3179/1612
f 1542/3179/1612 1577/3180/883 1576/3177/1627
f 1576/3177/1627 1577/3180/883 1578/3181/1628
f 1577/3180/883 1579/3182/1629 1578/3181/1628
f 1578/3181/1628 1579/3182/1629 1580/3183/901
f 1581/3184/1630 1580/3183/901 1579/3182/1629
f 1582/3185/1631 1580/3183/901 1581/3184/1630
f 1581/3184/1630 1583/3186/1632 1582/3185/1631
f 1582/3185/1631 1583/3186/1632 1584/3187/1633
f 1585/3188/1634 1584/3187/1633 1583/3186/1632
f 1584/3187/1633 1585/3188/1634 1586/3189/1635
f 1587/3190/1636 1586/3189/1635 1585/3188/1634
f 1587/3190/1636 1588/3191/1637 1586/3189/1635
f 1588/3191/1637 1587/3190/1636 1589/3192/1638
f 1588/3191/1637 1589/3192/1638 1590/3193/162
f 1591/3194/1639 1590/3193/162 1589/3192/1638
f 1590/3193/162 1591/3194/1639 1592/3195/1640
f 1593/3196/1641 1592/3195/1640 1591/3194/1639
f 1594/3197/1642 1592/3195/1640 1593/3196/1641
f 1593/3196/1641 1595/3198/1640 1594/3197/1642
f 1595/3198/1640 1596/3199/1643 1594/3197/1642
f 1596/3199/1643 1595/3198/1640 1597/3200/162
f 1597/3200/162 1598/3201/1644 1596/3199/1643
f 1598/3201/1644 1597/3200/162 1599/3202/40
f 1598/3201/1644 1599/3202/40 1600/3203/1645
f 1599/3202/40 1601/3204/1646 1600/3203/1645
f 1600/3203/1645 1601/3204/1646 1602/3205/1628
f 1601/3204/1646 1603/3206/1647 1602/3205/1628
f 1602/3205/1628 1603/3206/1647 1604/3207/1648
f 1605/3208/1649 1604/3207/1648 1603/3206/1647
f 1605/3208/1649 1606/3209/59 1604/3207/1648
f 1606/3209/59 1605/3208/1649 1607/3210/1650
f 1606/3209/59 1607/3210/1650 1608/3211/1651
f 1607/3210/1650 1609/3212/1652 1608/3211/1651
f 1608/3211/1651 1609/3212/1652 1543/3213/19
f 1609/3212/1652 1544/3214/486 1543/3213/19
f 1599/3215/1653 1603/3216/1654 1601/3217/1655
f 1603/3216/1654 1599/3215/1653 1597/3218/1656
f 1597/3218/1656 1605/3219/1657 1603/3216/1654
f 1605/3219/1657 1597/3218/1656 1595/3220/1658
f 1595/3220/1658 1607/3221/1653 1605/3219/1657
f 1607/3221/1653 1595/3220/1658 1593/3222/1659
f 1591/3223/1660 1607/3221/1653 1593/3222/1659
f 1589/3224/1661 1607/3221/1653 1591/3223/1660
f 1589/3224/1661 1610/3225/1662 1607/3221/1653
f 1610/3225/1662 1589/3224/1661 1587/3226/1663
f 1610/3225/1662 1587/3226/1663 1585/3227/1653
f 1610/3225/1662 1585/3227/1653 1583/3228/1660
f 1610/3225/1662 1583/3228/1660 1581/3229/1664
f 1610/3225/1662 1581/3229/1664 1579/3230/1656
f 1610/3225/1662 1579/3230/1656 1577/3231/1665
f 1542/3232/1653 1610/3225/1662 1577/3231/1665
f 1542/3232/1653 1540/3233/1666 1610/3225/1662
f 1540/3233/1666 1537/3234/1667 1610/3225/1662
f 1611/3235/1668 1610/3225/1662 1537/3234/1667
f 1611/3235/1668 1612/3236/1669 1610/3225/1662
f 1607/3221/1653 1610/3225/1662 1609/3237/1670
f 1610/3225/1662 1546/3238/1658 1609/3237/1670
f 1544/3239/1671 1609/3237/1670 1546/3238/1658
f 1546/3238/1658 1610/3225/1662 1613/3240/1672
f 1612/3236/1669 1614/3241/1673 1610/3225/1662
f 1610/3225/1662 1614/3241/1673 1613/3240/1672
f 1614/3241/1673 1612/3236/1669 1615/3242/1674
f 1616/3243/1675 1614/3241/1673 1615/3242/1674
f 1613/3240/1672 1614/3241/1673 1616/3243/1675
f 1617/3244/1676 1616/3243/1675 1615/3242/1674
f 1618/3245/1677 1613/3240/1672 1616/3243/1675
f 1617/3244/1676 1618/3245/1677 1616/3243/1675
f 1618/3245/1677 1619/3246/1678 1613/3240/1672
f 1618/3245/1677 1617/3244/1676 1620/3247/1679
f 1619/3246/1678 1618/3245/1677 1621/3248/1680
f 1621/3248/1680 1618/3245/1677 1620/3247/1679
f 1622/3249/1681 1619/3246/1678 1621/3248/1680
f 1623/3250/1682 1621/3248/1680 1620/3247/1679
f 1623/3250/1682 1622/3249/1681 1621/3248/1680
f 1623/3250/1682 1624/3251/1683 1622/3249/1681
f 1566/3252/1684 1624/3251/1683 1623/3250/1682
f 1567/3253/1685 1624/3251/1683 1566/3252/1684
f 1624/3251/1683 1567/3253/1685 1625/3254/1685
f 1602/3255/1686 1598/3256/1687 1600/3257/1688
f 1598/3256/1687 1602/3255/1686 1596/3258/1689
f 1604/3259/1690 1596/3258/1689 1602/3255/1686
f 1604/3259/1690 1594/3260/1686 1596/3258/1689
f 1604/3259/1690 1592/3261/1687 1594/3260/1686
f 1606/3262/1691 1592/3261/1687 1604/3259/1690
f 1606/3262/1691 1590/3263/1692 1592/3261/1687
f 1588/3264/1689 1590/3263/1692 1606/3262/1691
f 1626/3265/1693 1588/3264/1689 1606/3262/1691
f 1588/3264/1689 1626/3265/1693 1586/3266/1690
f 1626/3265/1693 1584/3267/1686 1586/3266/1690
f 1582/3268/1692 1584/3267/1686 1626/3265/1693
f 1580/3269/1687 1582/3268/1692 1626/3265/1693
f 1578/3270/1690 1580/3269/1687 1626/3265/1693
f 1576/3271/1694 1578/3270/1690 1626/3265/1693
f 1541/3272/1686 1576/3271/1694 1626/3265/1693
f 1541/3272/1686 1626/3265/1693 1538/3273/1690
f 1538/3273/1690 1626/3265/1693 1539/3274/1690
f 1606/3262/1691 1627/3275/1690 1626/3265/1693
f 1626/3265/1693 1627/3275/1690 1628/3276/1687
f 1626/3265/1693 1628/3276/1687 1629/3277/1695
f 1628/3276/1687 1630/3278/1686 1629/3277/1695
f 1606/3262/1691 1631/3279/1689 1627/3275/1690
f 1631/3279/1689 1632/3280/1690 1627/3275/1690
f 1631/3279/1689 1606/3262/1691 1608/3281/1696
f 1631/3279/1689 1633/3282/1692 1632/3280/1690
f 1543/3283/1692 1631/3279/1689 1608/3281/1696
f 1631/3279/1689 1634/3284/1692 1633/3282/1692
f 1631/3279/1689 1543/3283/1692 1545/3285/1686
f 1631/3279/1689 1635/3286/1687 1634/3284/1692
f 1636/3287/1687 1631/3279/1689 1545/3285/1686
f 1631/3279/1689 1636/3287/1687 1635/3286/1687
f 1551/3288/1697 1637/3289/1698 1552/3290/1699
f 1552/3290/1699 1637/3289/1698 1638/3291/1700
f 1637/3289/1698 1639/3292/1701 1638/3291/1700
f 1638/3291/1700 1639/3292/1701 1640/3293/1702
f 1641/3294/1703 1640/3293/1702 1639/3292/1701
f 1642/3295/1632 1640/3293/1702 1641/3294/1703
f 1642/3295/1632 1641/3294/1703 1643/3296/1647
f 1642/3295/1632 1643/3296/1647 1644/3297/1704
f 1644/3297/1704 1643/3296/1647 1645/3298/1635
f 1644/3297/1704 1645/3298/1635 1646/3299/1705
f 1645/3298/1635 1647/3300/39 1646/3299/1705
f 1647/3300/39 1648/3301/1706 1646/3299/1705
f 1648/3301/1706 1647/3300/39 1649/3302/162
f 1648/3301/1706 1649/3302/162 1650/3303/1707
f 1650/3303/1707 1649/3302/162 1651/3304/1708
f 1650/3303/1707 1651/3304/1708 1652/3305/1709
f 1651/3304/1708 1653/3306/1710 1652/3305/1709
f 1652/3305/1709 1653/3306/1710 1654/3307/1711
f 1653/3306/1710 1655/3308/1712 1654/3307/1711
f 1654/3307/1711 1655/3308/1712 1656/3309/1713
f 1655/3308/1712 1657/3310/1714 1656/3309/1713
f 1656/3309/1713 1657/3310/1714 1658/3311/1715
f 1658/3311/1715 1657/3310/1714 1659/3312/1716
f 1660/3313/1717 1658/3311/1715 1659/3312/1716
f 1661/3314/1636 1660/3313/1717 1659/3312/1716
f 1660/3313/1717 1661/3314/1636 1662/3315/1627
f 1661/3314/1636 1556/3316/19 1662/3315/1627
f 1662/3315/1627 1556/3316/19 1555/3317/19
f 1657/3318/1718 1655/3319/1719 1653/3320/1720
f 1657/3318/1718 1653/3320/1720 1651/3321/1721
f 1659/3322/1722 1657/3318/1718 1651/3321/1721
f 1659/3322/1722 1651/3321/1721 1649/3323/1723
f 1647/3324/1724 1659/3322/1722 1649/3323/1723
f 1647/3324/1724 1663/3325/1723 1659/3322/1722
f 1663/3325/1723 1647/3324/1724 1645/3326/1725
f 1663/3325/1723 1645/3326/1725 1643/3327/1722
f 1641/3328/1726 1663/3325/1723 1643/3327/1722
f 1639/3329/1722 1663/3325/1723 1641/3328/1726
f 1637/3330/1725 1663/3325/1723 1639/3329/1722
f 1551/3331/1725 1663/3325/1723 1637/3330/1725
f 1551/3331/1725 1548/3332/1725 1663/3325/1723
f 1548/3332/1725 1550/3333/1721 1663/3325/1723
f 1664/3334/1727 1663/3325/1723 1665/3335/1726
f 1666/3336/1725 1663/3325/1723 1664/3334/1727
f 1659/3322/1722 1663/3325/1723 1666/3336/1725
f 1666/3336/1725 1667/3337/1723 1659/3322/1722
f 1659/3322/1722 1667/3337/1723 1661/3338/1722
f 1667/3337/1723 1666/3336/1725 1668/3339/1725
f 1667/3337/1723 1556/3340/1728 1661/3338/1722
f 1667/3337/1723 1668/3339/1725 1669/3341/1722
f 1556/3340/1728 1667/3337/1723 1553/3342/1725
f 1667/3337/1723 1669/3341/1722 1670/3343/1725
f 1671/3344/1725 1553/3342/1725 1667/3337/1723
f 1667/3337/1723 1670/3343/1725 1671/3344/1725
f 1654/3345/1729 1656/3346/1730 1658/3347/1731
f 1660/3221/1732 1654/3345/1729 1658/3347/1731
f 1654/3345/1729 1660/3221/1732 1652/3222/1733
f 1650/3223/1734 1652/3222/1733 1660/3221/1732
f 1648/3224/1735 1650/3223/1734 1660/3221/1732
f 1672/3225/1736 1648/3224/1735 1660/3221/1732
f 1648/3224/1735 1672/3225/1736 1646/3226/1737
f 1672/3225/1736 1644/3227/1738 1646/3226/1737
f 1672/3225/1736 1642/3228/1738 1644/3227/1738
f 1672/3225/1736 1640/3229/1739 1642/3228/1738
f 1672/3225/1736 1638/3231/1740 1640/3229/1739
f 1552/3232/1738 1638/3231/1740 1672/3225/1736
f 1552/3232/1738 1672/3225/1736 1549/3233/1741
f 1549/3233/1741 1672/3225/1736 1547/3234/1742
f 1673/3235/1743 1547/3234/1742 1672/3225/1736
f 1673/3235/1743 1672/3225/1736 1674/3236/1744
f 1662/3237/1745 1672/3225/1736 1660/3221/1732
f 1672/3225/1736 1662/3237/1745 1554/3238/1738
f 1555/3239/1738 1554/3238/1738 1662/3237/1745
f 1554/3238/1738 1675/3240/1746 1672/3225/1736
f 1674/3236/1744 1672/3225/1736 1676/3241/1747
f 1672/3225/1736 1675/3240/1746 1676/3241/1747
f 1676/3241/1747 1677/3242/1748 1674/3236/1744
f 1678/3243/1749 1677/3242/1748 1676/3241/1747
f 1675/3240/1746 1678/3243/1749 1676/3241/1747
f 1678/3243/1749 1679/3244/1750 1677/3242/1748
f 1680/3245/1751 1678/3243/1749 1675/3240/1746
f 1680/3245/1751 1679/3244/1750 1678/3243/1749
f 1680/3245/1751 1675/3240/1746 1681/3348/1752
f 1680/3245/1751 1682/3247/1753 1679/3244/1750
f 1683/3248/1754 1682/3247/1753 1680/3245/1751
f 1681/3348/1752 1683/3248/1754 1680/3245/1751
f 1683/3248/1754 1684/3250/1755 1682/3247/1753
f 1681/3348/1752 1684/3250/1755 1683/3248/1754
f 1684/3250/1755 1681/3348/1752 1625/3251/1756
f 1625/3251/1756 1567/3252/1757 1684/3250/1755
f 1611/3349/1758 1558/3350/1758 1557/3351/1758
f 1558/3350/1758 1611/3349/1758 1685/3352/1758
f 1611/3349/1758 1539/3353/1759 1685/3352/1758
f 1539/3353/1759 1611/3349/1758 1537/3354/1758
f 1566/3355/1760 1623/3356/1761 1561/3357/1762
f 1623/3356/1761 1620/3358/1763 1561/3357/1762
f 1561/3357/1762 1620/3358/1763 1617/3359/1764
f 1561/3357/1762 1617/3359/1764 1559/3360/1765
f 1615/3361/1766 1559/3360/1765 1617/3359/1764
f 1615/3361/1766 1612/3362/1767 1559/3360/1765
f 1612/3362/1767 1611/3363/1768 1559/3360/1765
f 1611/3363/1768 1557/3364/1769 1559/3360/1765
f 1613/3365/338 1545/3366/24 1546/3367/24
f 1545/3366/24 1613/3365/338 1636/3368/24
f 1686/3369/24 1636/3368/24 1613/3365/338
f 1619/3370/24 1686/3369/24 1613/3365/338
f 1686/3369/24 1619/3370/24 1687/3371/24
f 1687/3371/24 1619/3370/24 1688/3372/686
f 1622/3373/338 1688/3372/686 1619/3370/24
f 1689/3374/1770 1688/3372/686 1622/3373/338
f 1689/3374/1770 1622/3373/338 1624/3375/338
f 1689/3374/1770 1624/3375/338 1690/3376/24
f 1690/3376/24 1624/3375/338 1691/3377/24
f 1624/3375/338 1692/3378/338 1691/3377/24
f 1624/3375/338 1625/3379/24 1692/3378/338
f 1693/3380/338 1692/3378/338 1625/3379/24
f 1694/3381/686 1693/3380/338 1625/3379/24
f 1681/3382/686 1694/3381/686 1625/3379/24
f 1695/3383/686 1694/3381/686 1681/3382/686
f 1675/3384/338 1695/3383/686 1681/3382/686
f 1695/3383/686 1675/3384/338 1671/3385/338
f 1675/3384/338 1553/3386/24 1671/3385/338
f 1553/3386/24 1675/3384/338 1554/3387/24
f 1568/3388/1771 1565/3389/1772 1696/3390/1771
f 1697/3391/1771 1696/3390/1771 1565/3389/1772
f 1696/3390/1771 1697/3391/1771 1698/3392/1771
f 1696/3390/1771 1698/3392/1771 1699/3393/1773
f 1699/3393/1773 1698/3392/1771 1700/3394/1772
f 1700/3394/1772 1698/3392/1771 1701/3395/1772
f 1700/3394/1772 1701/3395/1772 1702/3396/1772
f 1702/3396/1772 1701/3395/1772 1703/3397/1772
f 1704/3398/1772 1702/3396/1772 1703/3397/1772
f 1704/3398/1772 1705/3399/1772 1702/3396/1772
f 1574/3400/1774 1673/3401/1774 1575/3402/1774
f 1673/3401/1774 1574/3400/1774 1706/3403/1774
f 1706/3403/1774 1550/3404/1775 1673/3401/1774
f 1673/3401/1774 1550/3404/1775 1547/3405/1776
f 1567/3355/1777 1569/3357/1778 1684/3356/1779
f 1684/3356/1779 1569/3357/1778 1682/3358/1780
f 1569/3357/1778 1679/3359/1781 1682/3358/1780
f 1679/3359/1781 1569/3357/1778 1573/3360/1782
f 1679/3359/1781 1573/3360/1782 1677/3361/1783
f 1677/3361/1783 1573/3360/1782 1674/3362/1784
f 1674/3362/1784 1573/3360/1782 1673/3363/1785
f 1673/3363/1785 1573/3360/1782 1575/3364/1786
f 1663/3406/1787 1550/3407/287 1706/3408/12
f 1707/3409/1076 1663/3406/1787 1706/3408/12
f 1663/3406/1787 1707/3409/1076 1708/3410/1788
f 1665/3411/1789 1663/3406/1787 1708/3410/1788
f 1665/3411/1789 1708/3410/1788 1664/3412/1790
f 1664/3412/1790 1708/3410/1788 1709/3413/1791
f 1666/3414/1792 1664/3412/1790 1709/3413/1791
f 1666/3414/1792 1709/3413/1791 1710/3415/1793
f 1710/3415/1793 1668/3416/1794 1666/3414/1792
f 1711/3417/1795 1668/3416/1794 1710/3415/1793
f 1711/3417/1795 1669/3418/1796 1668/3416/1794
f 1712/3419/1797 1669/3418/1796 1711/3417/1795
f 1712/3419/1797 1711/3417/1795 1713/3420/1798
f 1713/3420/1798 1572/3421/1799 1712/3419/1797
f 1712/3419/1797 1572/3421/1799 1571/3422/1800
f 1712/3419/1797 1670/3423/1801 1669/3418/1796
f 1714/3424/1802 1712/3419/1797 1571/3422/1800
f 1670/3423/1801 1712/3419/1797 1714/3424/1802
f 1570/3425/1803 1714/3424/1802 1571/3422/1800
f 1695/3426/1804 1671/3427/1805 1670/3423/1801
f 1696/3428/1806 1714/3424/1802 1570/3425/1803
f 1696/3428/1806 1570/3425/1803 1568/3429/1807
f 1670/3423/1801 1714/3424/1802 1715/3430/1808
f 1696/3428/1806 1715/3430/1808 1714/3424/1802
f 1695/3426/1804 1670/3423/1801 1715/3430/1808
f 1696/3428/1806 1716/3431/1809 1715/3430/1808
f 1715/3430/1808 1716/3431/1809 1695/3426/1804
f 1696/3428/1806 1699/3432/1810 1716/3431/1809
f 1716/3431/1809 1694/3433/1811 1695/3426/1804
f 1699/3432/1810 1694/3433/1811 1716/3431/1809
f 1700/3434/1812 1694/3433/1811 1699/3432/1810
f 1694/3433/1811 1700/3434/1812 1702/3435/1813
f 1702/3435/1813 1693/3436/107 1694/3433/1811
f 1693/3436/107 1702/3435/1813 1705/3437/1814
f 1705/3437/1814 1692/3438/1815 1693/3436/107
f 1692/3438/1815 1705/3437/1814 1691/3439/1816
f 1691/3439/1816 1705/3437/1814 1704/3440/1817
f 1691/3439/1816 1704/3440/1817 1690/3441/1230
f 1703/3442/1818 1690/3441/1230 1704/3440/1817
f 1690/3441/1230 1703/3442/1818 1689/3443/1819
f 1701/3444/1820 1689/3443/1819 1703/3442/1818
f 1701/3444/1820 1688/3445/1821 1689/3443/1819
f 1701/3444/1820 1698/3446/1822 1688/3445/1821
f 1717/3447/1823 1688/3445/1821 1698/3446/1822
f 1717/3447/1823 1687/3448/1824 1688/3445/1821
f 1697/3449/1825 1717/3447/1823 1698/3446/1822
f 1718/3450/1826 1687/3448/1824 1717/3447/1823
f 1697/3449/1825 1718/3450/1826 1717/3447/1823
f 1687/3448/1824 1718/3450/1826 1635/3451/1827
f 1686/3452/1828 1687/3448/1824 1635/3451/1827
f 1686/3452/1828 1635/3451/1827 1636/3453/1829
f 1635/3451/1827 1718/3450/1826 1719/3454/1830
f 1697/3449/1825 1719/3454/1830 1718/3450/1826
f 1697/3449/1825 1564/3455/1831 1719/3454/1830
f 1697/3449/1825 1565/3456/1832 1564/3455/1831
f 1564/3455/1831 1563/3457/1833 1719/3454/1830
f 1635/3451/1827 1719/3454/1830 1720/3458/1834
f 1719/3454/1830 1563/3457/1833 1720/3458/1834
f 1563/3457/1833 1562/3459/1835 1720/3458/1834
f 1720/3458/1834 1562/3459/1835 1560/3460/1836
f 1721/3461/1837 1720/3458/1834 1560/3460/1836
f 1720/3458/1834 1634/3462/1838 1635/3451/1827
f 1720/3458/1834 1721/3461/1837 1722/3463/1839
f 1720/3458/1834 1722/3463/1839 1634/3462/1838
f 1722/3463/1839 1633/3464/1066 1634/3462/1838
f 1722/3463/1839 1723/3465/1840 1633/3464/1066
f 1633/3464/1066 1723/3465/1840 1632/3466/1841
f 1724/3467/1842 1632/3466/1841 1723/3465/1840
f 1724/3467/1842 1627/3468/1843 1632/3466/1841
f 1627/3468/1843 1724/3467/1842 1725/3469/1844
f 1627/3468/1843 1725/3469/1844 1628/3470/1845
f 1628/3470/1845 1725/3469/1844 1726/3471/1846
f 1630/3472/1847 1628/3470/1845 1726/3471/1846
f 1726/3471/1846 1727/3473/1056 1630/3472/1847
f 1727/3473/1056 1629/3474/1848 1630/3472/1847
f 1629/3474/1848 1727/3473/1056 1626/3475/1849
f 1727/3473/1056 1728/3476/1850 1626/3475/1849
f 1728/3476/1850 1685/3477/49 1626/3475/1849
f 1685/3477/49 1539/3478/277 1626/3475/1849
f 1707/3479/1851 1706/3480/1852 1574/3481/1853
f 1708/3482/1854 1707/3479/1851 1574/3481/1853
f 1709/3483/1855 1708/3482/1854 1574/3481/1853
f 1710/3484/1856 1709/3483/1855 1574/3481/1853
f 1711/3485/1853 1710/3484/1856 1574/3481/1853
f 1574/3481/1853 1713/3486/1857 1711/3485/1853
f 1572/3487/1858 1713/3486/1857 1574/3481/1853
f 1728/3488/1859 1558/3489/1860 1685/3490/1861
f 1727/3491/1862 1558/3489/1860 1728/3488/1859
f 1558/3489/1860 1727/3491/1862 1726/3492/1863
f 1725/3493/1864 1558/3489/1860 1726/3492/1863
f 1724/3494/1865 1558/3489/1860 1725/3493/1864
f 1723/3495/1866 1558/3489/1860 1724/3494/1865
f 1722/3496/1865 1558/3489/1860 1723/3495/1866
f 1558/3489/1860 1722/3496/1865 1721/3497/1867
f 1560/3498/1868 1558/3489/1860 1721/3497/1867
o skull
v -0.104765 0.259415 0.315480
v -0.084767 0.259101 0.349704
v -0.084715 0.259707 0.281255
v -0.099617 0.259250 0.333400
v -0.099625 0.259562 0.297442
v -0.032339 0.258909 0.370847
v -0.061553 0.258951 0.362585
v -0.000039 0.258909 0.373686
v 0.084740 0.259112 0.349631
v 0.032338 0.258869 0.370859
v 0.061629 0.258925 0.362505
v 0.104835 0.259393 0.315417
v 0.099612 0.259250 0.333394
v 0.084781 0.259789 0.281197
v 0.099702 0.259615 0.297507
v -0.032358 0.260000 0.260124
v -0.061634 0.259842 0.268362
v 0.032367 0.259930 0.260068
v 0.061635 0.259816 0.268405
v -0.000019 0.259941 0.257279
v -0.041988 0.191606 0.451150
v -0.020665 0.199170 0.454187
v -0.022014 0.203691 0.445596
v -0.046098 0.195327 0.443368
v 0.020612 0.199228 0.454180
v 0.022060 0.203657 0.445631
v 0.042074 0.191513 0.451139
v 0.046178 0.195390 0.443404
v -0.022031 0.206195 0.184207
v -0.041965 0.194106 0.178501
v -0.046134 0.197767 0.186365
v -0.020574 0.201879 0.175603
v 0.022098 0.206184 0.184267
v 0.020629 0.201837 0.175582
v 0.041999 0.194113 0.178423
v 0.046176 0.197823 0.186369
v -0.046108 0.195339 0.443334
v -0.022068 0.203623 0.445664
v -0.026442 0.210650 0.437025
v 0.022098 0.203640 0.445653
v -0.056465 0.198437 0.431503
v 0.026432 0.210619 0.436981
v 0.046162 0.195344 0.443330
v 0.056513 0.198419 0.431514
v 0.029050 0.213464 0.427867
v 0.064202 0.192375 0.417113
v -0.029075 0.213475 0.427968
v -0.064207 0.192287 0.417160
v 0.056421 0.202176 0.412408
v -0.056395 0.202217 0.412357
v 0.030359 0.215458 0.417036
v 0.049855 0.209901 0.408236
v 0.031055 0.217894 0.406947
v -0.030997 0.217925 0.406990
v -0.030281 0.215426 0.417057
v -0.049880 0.209961 0.408220
v -0.056498 0.200608 0.198297
v -0.026445 0.212924 0.192985
v -0.046071 0.197807 0.186384
v -0.022091 0.206155 0.184227
v 0.022033 0.206150 0.184185
v -0.029017 0.215589 0.202177
v -0.064187 0.194285 0.212550
v 0.026423 0.212940 0.192971
v 0.046106 0.197806 0.186369
v 0.056444 0.200636 0.198299
v 0.029050 0.215626 0.202170
v 0.064247 0.194275 0.212470
v -0.056436 0.204120 0.217409
v 0.056467 0.204065 0.217472
v 0.030399 0.217464 0.213036
v 0.049869 0.211699 0.221769
v 0.031055 0.219674 0.223217
v -0.030377 0.217432 0.213011
v -0.030996 0.219657 0.223186
v -0.049862 0.211677 0.221786
v 0.108014 0.245167 0.299475
v 0.084785 0.252113 0.281189
v 0.100026 0.252255 0.298781
v 0.099611 0.259578 0.297498
v 0.084820 0.259725 0.281278
v 0.112433 0.243901 0.315263
v 0.121937 0.241439 0.299238
v 0.121975 0.241214 0.331246
v 0.121917 0.241351 0.315292
v 0.061568 0.255611 0.268273
v 0.061545 0.259878 0.268385
v 0.090139 0.244850 0.278433
v 0.032395 0.259938 0.260144
v 0.116087 0.235795 0.268807
v 0.032412 0.252071 0.259967
v 0.000005 0.259980 0.257258
v 0.064364 0.247893 0.264931
v 0.035474 0.245548 0.255997
v 0.000055 0.250692 0.257169
v 0.000048 0.243716 0.252917
v -0.032394 0.252125 0.260066
v -0.032404 0.259971 0.260082
v 0.052674 0.237336 0.239570
v -0.035426 0.245487 0.255954
v -0.061553 0.255668 0.268312
v -0.061560 0.259856 0.268361
v -0.052713 0.237322 0.239484
v -0.084745 0.259717 0.281217
v -0.064370 0.247900 0.264972
v 0.064378 0.246974 0.365730
v 0.101658 0.220256 0.391972
v 0.116152 0.234959 0.361610
v 0.090199 0.244160 0.352126
v 0.137910 0.215016 0.363896
v 0.146371 0.221439 0.331471
v 0.154549 0.205891 0.331118
v 0.146315 0.221551 0.315107
v 0.034124 0.219922 0.404268
v -0.034064 0.219970 0.404180
v 0.031039 0.217898 0.407019
v -0.031032 0.217844 0.406955
v -0.049884 0.209892 0.408297
v 0.049900 0.209936 0.408206
v -0.038318 0.225906 0.399963
v -0.060175 0.209717 0.404990
v -0.056380 0.202186 0.412450
v 0.038365 0.225896 0.399878
v -0.076871 0.212346 0.401320
v 0.060182 0.209673 0.404999
v 0.056399 0.202220 0.412367
v 0.076802 0.212336 0.401351
v -0.069087 0.201754 0.406755
v -0.085922 0.202042 0.404097
v 0.069027 0.201753 0.406718
v 0.085926 0.202096 0.404115
v -0.073315 0.193964 0.409097
v -0.064130 0.192367 0.417182
v -0.086683 0.191873 0.407591
v -0.078042 0.167919 0.425069
v -0.068708 0.173822 0.429632
v -0.085147 0.164976 0.425208
v -0.060744 0.166779 0.436843
v -0.071045 0.158936 0.432231
v -0.078627 0.155782 0.431738
v -0.051916 0.146770 0.440503
v -0.061043 0.138349 0.438933
v -0.032797 0.122750 0.445972
v -0.038406 0.121803 0.442907
v -0.039149 0.111810 0.443510
v -0.019723 0.116810 0.448904
v -0.021685 0.106449 0.448867
v -0.043371 0.101613 0.445898
v -0.021467 0.095519 0.451310
v -0.042970 0.090734 0.448771
v -0.024200 0.084117 0.450907
v -0.035959 0.080320 0.447306
v -0.044490 0.079837 0.445484
v -0.071002 0.161153 0.196791
v -0.061029 0.140780 0.189673
v -0.078648 0.158022 0.197206
v -0.085076 0.167176 0.203836
v -0.051904 0.149175 0.188306
v -0.032814 0.125227 0.182364
v -0.038423 0.124275 0.185355
v -0.060780 0.169097 0.192321
v -0.039123 0.114216 0.184551
v -0.019721 0.119305 0.179345
v -0.021775 0.109025 0.179145
v -0.043394 0.104122 0.182074
v -0.021464 0.098181 0.176434
v -0.042994 0.093275 0.178957
v -0.024150 0.086795 0.176708
v -0.035922 0.082882 0.180180
v -0.044545 0.082406 0.182067
v -0.077999 0.170032 0.204133
v -0.068793 0.176017 0.199753
v -0.064186 0.194271 0.212532
v -0.086677 0.193679 0.222079
v -0.073277 0.195824 0.220619
v -0.056423 0.204028 0.217439
v -0.085885 0.203742 0.225716
v -0.069013 0.203531 0.223163
v -0.076782 0.213950 0.228690
v -0.060155 0.211436 0.225030
v -0.049881 0.211675 0.221729
v -0.038292 0.227561 0.230390
v -0.034061 0.221701 0.225946
v -0.030946 0.219613 0.223194
v 0.038368 0.227567 0.230378
v 0.031053 0.219631 0.223164
v 0.034044 0.221625 0.225965
v 0.049870 0.211664 0.221777
v 0.060163 0.211351 0.224980
v -0.044577 0.079889 0.445429
v -0.077063 0.095525 0.443011
v -0.076145 0.073170 0.441098
v -0.043016 0.090652 0.448691
v -0.043446 0.101623 0.445826
v -0.078393 0.106825 0.439057
v -0.039104 0.111761 0.443514
v -0.077079 0.097961 0.184820
v -0.044533 0.082421 0.182048
v -0.076213 0.075541 0.186273
v -0.043025 0.093253 0.179046
v -0.043426 0.104106 0.182019
v -0.078397 0.109229 0.188996
v -0.039159 0.114296 0.184586
v 0.043019 0.090699 0.448753
v 0.077131 0.095551 0.443036
v 0.043415 0.101569 0.445866
v 0.044549 0.079887 0.445415
v 0.076203 0.073141 0.441149
v 0.078472 0.106831 0.439037
v 0.039125 0.111834 0.443577
v 0.077129 0.097998 0.184848
v 0.043000 0.093270 0.178952
v 0.043451 0.104141 0.182108
v 0.044594 0.082388 0.182085
v 0.076213 0.075598 0.186281
v 0.078487 0.109184 0.188978
v 0.039200 0.114254 0.184527
v 0.019665 0.116792 0.448914
v -0.019733 0.116769 0.448915
v 0.021746 0.106483 0.448927
v -0.021698 0.106499 0.448921
v 0.021466 0.095480 0.451377
v -0.021528 0.095560 0.451331
v -0.024219 0.084169 0.450881
v 0.024202 0.084164 0.450891
v 0.014927 0.119174 0.449819
v 0.026591 0.124407 0.447749
v -0.014881 0.119209 0.449836
v 0.032796 0.122703 0.445904
v -0.026576 0.124387 0.447815
v 0.044164 0.147259 0.444211
v -0.032781 0.122736 0.445893
v 0.051882 0.146773 0.440539
v -0.044126 0.147232 0.444218
v 0.051669 0.165232 0.442524
v -0.051928 0.146723 0.440506
v 0.060788 0.166748 0.436863
v -0.051658 0.165230 0.442514
v 0.046077 0.195345 0.443307
v -0.060763 0.166789 0.436846
v 0.056451 0.198408 0.431505
v 0.068742 0.173858 0.429573
v 0.064200 0.192325 0.417151
v -0.046066 0.195411 0.443381
v -0.056511 0.198443 0.431515
v -0.068705 0.173804 0.429594
v -0.064199 0.192292 0.417202
v -0.019671 0.119313 0.179296
v 0.019734 0.119301 0.179347
v 0.021737 0.109001 0.179146
v -0.021724 0.109051 0.179112
v -0.021465 0.098147 0.176481
v 0.021519 0.098088 0.176503
v -0.024138 0.086768 0.176690
v 0.024162 0.086727 0.176625
v 0.014940 0.121850 0.178434
v -0.014937 0.121781 0.178432
v 0.026606 0.126940 0.180585
v -0.026594 0.126942 0.180594
v 0.032871 0.125276 0.182437
v -0.032834 0.125266 0.182393
v 0.044219 0.149763 0.184577
v -0.044147 0.149740 0.184623
v 0.051913 0.149195 0.188243
v -0.051951 0.149199 0.188238
v 0.051707 0.167735 0.186547
v -0.051683 0.167694 0.186592
v 0.060793 0.169048 0.192286
v -0.060694 0.169039 0.192270
v 0.046136 0.197854 0.186407
v -0.046107 0.197776 0.186380
v 0.056481 0.200710 0.198218
v 0.068800 0.176042 0.199703
v 0.064146 0.194311 0.212528
v -0.056505 0.200642 0.198257
v -0.068717 0.175992 0.199730
v -0.064157 0.194309 0.212457
v 0.076887 0.213919 0.228657
v 0.056451 0.204053 0.217472
v 0.069110 0.203511 0.223131
v 0.085874 0.203726 0.225768
v 0.073322 0.195774 0.220538
v 0.064181 0.194270 0.212448
v 0.086637 0.193670 0.222079
v 0.078004 0.169980 0.204143
v 0.068746 0.176018 0.199708
v 0.085186 0.167136 0.203878
v 0.060715 0.169032 0.192303
v 0.071002 0.161177 0.196801
v 0.078629 0.158011 0.197228
v 0.051905 0.149197 0.188258
v 0.061000 0.140746 0.189747
v 0.032875 0.125264 0.182400
v 0.038401 0.124215 0.185424
v 0.039195 0.114294 0.184561
v 0.019724 0.119381 0.179361
v 0.021740 0.109100 0.179170
v 0.043439 0.104119 0.182116
v 0.021555 0.098121 0.176520
v 0.043035 0.093220 0.178991
v 0.024152 0.086760 0.176687
v 0.035990 0.082880 0.180252
v 0.044509 0.082387 0.182058
v 0.086684 0.191968 0.407613
v 0.077995 0.167855 0.425032
v 0.085129 0.165013 0.425202
v 0.071087 0.158903 0.432240
v 0.078673 0.155834 0.431756
v 0.061085 0.138422 0.438936
v 0.051958 0.146747 0.440459
v 0.060749 0.166703 0.436847
v 0.032823 0.122732 0.445944
v 0.068810 0.173794 0.429621
v 0.038412 0.121764 0.442939
v 0.039149 0.111809 0.443524
v 0.019747 0.116831 0.448872
v 0.021777 0.106488 0.448947
v 0.043445 0.101663 0.445904
v 0.021470 0.095472 0.451323
v 0.042999 0.090697 0.448771
v 0.024137 0.084179 0.450899
v 0.036023 0.080350 0.447290
v 0.044577 0.079886 0.445438
v 0.064165 0.192284 0.417162
v 0.073290 0.193986 0.409154
v -0.032329 0.251014 0.370718
v 0.000045 0.249649 0.373600
v -0.000030 0.258896 0.373696
v -0.032395 0.258901 0.370804
v 0.032425 0.251071 0.370732
v 0.032400 0.258931 0.370836
v -0.000007 0.242553 0.377658
v -0.061623 0.254733 0.362530
v -0.061550 0.258988 0.362586
v -0.084723 0.259072 0.349710
v 0.061602 0.254779 0.362497
v 0.061574 0.259003 0.362585
v 0.084757 0.259122 0.349656
v 0.035392 0.244372 0.374715
v 0.084755 0.251515 0.349619
v 0.099632 0.259226 0.333438
v 0.100024 0.251892 0.332018
v 0.104792 0.259390 0.315505
v 0.052771 0.235883 0.390995
v 0.107938 0.244944 0.331147
v 0.104776 0.250841 0.315359
v -0.112484 0.243866 0.315264
v -0.121927 0.241122 0.331296
v -0.107995 0.244937 0.331184
v -0.090185 0.244204 0.352153
v -0.121991 0.241374 0.315325
v -0.121926 0.241488 0.299261
v -0.146297 0.221561 0.315118
v -0.116076 0.234857 0.361644
v -0.064373 0.246968 0.365699
v -0.146356 0.221459 0.331400
v -0.035469 0.244445 0.374703
v -0.052749 0.235807 0.390976
v -0.101628 0.220193 0.391940
v -0.137869 0.215106 0.363946
v -0.154535 0.205880 0.331139
v -0.121793 0.200337 0.393795
v -0.095243 0.216538 0.398711
v -0.147418 0.197950 0.361309
v -0.154573 0.206106 0.314900
v -0.128851 0.188513 0.396591
v -0.137366 0.184691 0.380719
v -0.111665 0.200656 0.402088
v -0.117196 0.184707 0.405156
v -0.086623 0.191902 0.407547
v -0.100642 0.169355 0.413499
v -0.085924 0.202103 0.404108
v -0.085165 0.164980 0.425285
v -0.097851 0.163497 0.424356
v -0.091319 0.154295 0.430854
v -0.078623 0.155809 0.431727
v -0.060993 0.138419 0.438923
v -0.091742 0.131239 0.432608
v -0.083496 0.118431 0.437257
v -0.038456 0.121760 0.442919
v -0.039150 0.111780 0.443565
v -0.078481 0.106855 0.439087
v -0.076778 0.212303 0.401296
v -0.049868 0.232557 0.396511
v -0.038262 0.225938 0.399905
v 0.038355 0.225897 0.399935
v 0.049857 0.232542 0.396572
v 0.076870 0.212303 0.401272
v 0.095195 0.216453 0.398648
v 0.085900 0.202106 0.404142
v 0.111672 0.200623 0.402033
v 0.086628 0.191886 0.407527
v 0.121860 0.200425 0.393789
v 0.117154 0.184692 0.405127
v 0.100609 0.169337 0.413509
v 0.128795 0.188550 0.396633
v 0.085115 0.165044 0.425195
v 0.097901 0.163551 0.424351
v 0.091350 0.154253 0.430867
v 0.078642 0.155775 0.431728
v 0.061026 0.138398 0.438955
v 0.091757 0.131258 0.432586
v 0.083447 0.118418 0.437234
v 0.038415 0.121772 0.442927
v 0.039170 0.111788 0.443545
v 0.078436 0.106779 0.439028
v 0.147403 0.197953 0.361230
v 0.137346 0.184758 0.380630
v 0.148208 0.181142 0.357171
v 0.155122 0.173667 0.366291
v 0.158225 0.164796 0.352312
v 0.160817 0.181707 0.330900
v 0.160133 0.167117 0.330904
v 0.165192 0.160984 0.339059
v 0.159812 0.169396 0.324137
v 0.156037 0.197915 0.314818
v 0.160612 0.165543 0.314582
v 0.159881 0.169600 0.305008
v 0.154591 0.206064 0.314912
v 0.160895 0.182090 0.298522
v 0.160130 0.167413 0.298233
v 0.154642 0.206249 0.298724
v 0.158203 0.165574 0.276842
v 0.165169 0.161475 0.289969
v 0.148139 0.181970 0.272243
v 0.155119 0.174668 0.262935
v 0.137388 0.185954 0.248859
v 0.147367 0.198886 0.268516
v 0.128840 0.190102 0.232922
v 0.137897 0.215983 0.266092
v 0.121842 0.201864 0.236073
v 0.111681 0.202341 0.227735
v 0.117132 0.186443 0.224367
v 0.086687 0.193665 0.222055
v 0.100593 0.171244 0.215770
v 0.085123 0.167124 0.203884
v 0.097833 0.165596 0.204747
v 0.085871 0.203732 0.225721
v 0.091414 0.156493 0.198088
v 0.078688 0.158021 0.197142
v 0.061084 0.140738 0.189741
v 0.091741 0.133492 0.195878
v 0.083486 0.120792 0.190981
v 0.038419 0.124252 0.185426
v 0.039204 0.114229 0.184555
v 0.078511 0.109214 0.188998
v 0.095217 0.218095 0.231407
v 0.076804 0.213919 0.228665
v 0.049884 0.234042 0.233889
v 0.038287 0.227516 0.230392
v 0.101595 0.221724 0.238244
v -0.049892 0.234077 0.233935
v -0.038327 0.227582 0.230333
v -0.076863 0.213893 0.228683
v 0.146384 0.221685 0.298702
v -0.095232 0.218113 0.231378
v -0.085919 0.203773 0.225715
v -0.101620 0.221699 0.238232
v -0.111680 0.202333 0.227796
v -0.086663 0.193698 0.222030
v -0.121810 0.201917 0.235985
v -0.116074 0.235786 0.268800
v -0.090209 0.244929 0.278500
v -0.117191 0.186378 0.224300
v -0.100620 0.171156 0.215708
v -0.128825 0.190128 0.232958
v -0.085094 0.167104 0.203932
v -0.097838 0.165595 0.204795
v -0.091415 0.156505 0.198095
v -0.078610 0.158082 0.197241
v -0.060993 0.140781 0.189677
v -0.091747 0.133522 0.195913
v -0.083520 0.120754 0.190965
v -0.038418 0.124246 0.185427
v -0.039167 0.114259 0.184589
v -0.078395 0.109242 0.188984
v -0.147380 0.198866 0.268506
v -0.137382 0.186013 0.248781
v -0.137874 0.215966 0.266111
v -0.148195 0.182002 0.272309
v -0.155084 0.174679 0.262924
v -0.158122 0.165542 0.276807
v -0.160877 0.182006 0.298567
v -0.154562 0.206226 0.298697
v -0.160133 0.167437 0.298262
v -0.165233 0.161471 0.289917
v -0.159796 0.169651 0.305064
v -0.146294 0.221767 0.298703
v -0.156046 0.197877 0.314848
v -0.160605 0.165567 0.314522
v -0.159826 0.169406 0.324157
v -0.160826 0.181755 0.330919
v -0.160165 0.167136 0.330959
v -0.158114 0.164770 0.352216
v -0.165216 0.160942 0.339145
v -0.148165 0.181133 0.357133
v -0.155114 0.173727 0.366333
v -0.105926 0.115815 0.425525
v -0.096029 0.106576 0.436231
v -0.096808 0.118235 0.434031
v -0.104653 0.096415 0.428360
v -0.105276 0.124046 0.424334
v -0.091687 0.131226 0.432622
v -0.083519 0.118444 0.437244
v -0.078404 0.106790 0.439033
v -0.105888 0.117839 0.202724
v -0.096080 0.108924 0.191803
v -0.104591 0.098596 0.199460
v -0.096807 0.120545 0.194234
v -0.105220 0.126163 0.204059
v -0.091781 0.133499 0.195849
v -0.083481 0.120814 0.191024
v -0.078439 0.109203 0.188967
v 0.096103 0.106594 0.436142
v 0.105911 0.115737 0.425517
v 0.096779 0.118234 0.433957
v 0.104611 0.096472 0.428384
v 0.105266 0.124001 0.424337
v 0.091809 0.131269 0.432652
v 0.083529 0.118456 0.437274
v 0.078446 0.106838 0.438997
v 0.096049 0.108968 0.191804
v 0.105906 0.117877 0.202683
v 0.104633 0.098597 0.199462
v 0.096819 0.120539 0.194204
v 0.105312 0.126135 0.203996
v 0.091721 0.133527 0.195874
v 0.083499 0.120769 0.191018
v 0.078430 0.109247 0.188999
v -0.112732 0.130456 0.418256
v -0.091753 0.131176 0.432570
v -0.108997 0.150998 0.426947
v -0.105306 0.124049 0.424333
v -0.122726 0.152106 0.415139
v -0.091400 0.154303 0.430826
v -0.116076 0.158430 0.414116
v -0.097840 0.163521 0.424324
v -0.186067 0.008525 0.328296
v -0.197509 0.011736 0.325426
v -0.193910 0.007544 0.323231
v -0.190848 0.011262 0.330205
v -0.202287 0.010115 0.318875
v -0.196757 0.006961 0.317499
v -0.197582 0.008377 0.313070
v -0.193010 0.007256 0.313060
v -0.196752 0.006960 0.308570
v -0.202277 0.010217 0.307280
v -0.193936 0.007736 0.302917
v -0.197545 0.011982 0.300731
v -0.186007 0.008758 0.297781
v -0.190863 0.011640 0.296029
v 0.186088 0.008464 0.328265
v 0.197558 0.011759 0.325427
v 0.190847 0.011255 0.330158
v 0.193906 0.007594 0.323209
v 0.202292 0.010168 0.318883
v 0.196801 0.006906 0.317540
v 0.197591 0.008349 0.313013
v 0.192954 0.007212 0.313090
v 0.196799 0.007034 0.308632
v 0.202341 0.010222 0.307348
v 0.193992 0.007769 0.302954
v 0.197539 0.011964 0.300750
v 0.186023 0.008771 0.297832
v 0.190834 0.011580 0.295967
v -0.024156 0.084139 0.450922
v -0.035915 0.080389 0.447342
v -0.021340 0.076965 0.456211
v -0.031037 0.073646 0.452053
v 0.024145 0.084128 0.450950
v 0.021354 0.076899 0.456172
v 0.035982 0.080307 0.447309
v 0.031136 0.073688 0.452045
v -0.169240 -0.029716 0.357224
v -0.135385 -0.058292 0.361570
v -0.156890 -0.029146 0.366732
v -0.140060 -0.026999 0.369198
v -0.123924 -0.057849 0.361856
v -0.162246 -0.004301 0.366915
v -0.143382 -0.002155 0.370246
v -0.156277 0.016980 0.364000
v -0.141208 0.017672 0.368590
v -0.171698 -0.004841 0.357433
v -0.163851 0.015964 0.355944
v -0.168294 -0.003176 0.346975
v -0.169013 0.014753 0.346521
v -0.164166 -0.027994 0.346927
v -0.145208 -0.054636 0.345817
v -0.149681 -0.057378 0.353945
v -0.108483 -0.082356 0.341491
v -0.108774 -0.084698 0.346221
v -0.076995 -0.099660 0.335666
v -0.103331 -0.085594 0.349041
v -0.097718 -0.085365 0.349002
v -0.035918 0.082885 0.180279
v -0.021281 0.079604 0.171335
v -0.031097 0.076307 0.175429
v -0.024186 0.086786 0.176630
v 0.021280 0.079596 0.171276
v 0.024217 0.086757 0.176674
v 0.036031 0.082937 0.180225
v 0.031060 0.076243 0.175332
v -0.169246 -0.028780 0.268266
v -0.135321 -0.057428 0.263289
v -0.149667 -0.056549 0.270953
v -0.145141 -0.053999 0.279102
v -0.108544 -0.081784 0.282884
v -0.164125 -0.027290 0.278529
v -0.108802 -0.083994 0.278099
v -0.076991 -0.099192 0.288388
v -0.103421 -0.084808 0.275375
v -0.097687 -0.084703 0.275309
v -0.123987 -0.056958 0.262963
v -0.140066 -0.025899 0.256184
v -0.156932 -0.028198 0.258686
v -0.162236 -0.003223 0.258939
v -0.143371 -0.001067 0.255692
v -0.171656 -0.003982 0.268453
v -0.156266 0.017976 0.262287
v -0.141133 0.018765 0.257686
v -0.168315 -0.002543 0.279009
v -0.163932 0.016777 0.270344
v -0.169063 0.015408 0.279788
v 0.135333 -0.058313 0.361629
v 0.169263 -0.029662 0.357184
v 0.156941 -0.029198 0.366664
v 0.140019 -0.026999 0.369246
v 0.123950 -0.057825 0.361839
v 0.162316 -0.004310 0.366878
v 0.143360 -0.002145 0.370287
v 0.156342 0.017019 0.364070
v 0.141182 0.017630 0.368635
v 0.171752 -0.004805 0.357431
v 0.163915 0.015952 0.355886
v 0.168284 -0.003239 0.346989
v 0.169049 0.014747 0.346454
v 0.164159 -0.027992 0.346924
v 0.145207 -0.054680 0.345800
v 0.149735 -0.057338 0.354023
v 0.108551 -0.082399 0.341476
v 0.108814 -0.084715 0.346225
v 0.076997 -0.099564 0.335718
v 0.103407 -0.085554 0.348983
v 0.097733 -0.085398 0.349007
v 0.169283 -0.028853 0.268180
v 0.135400 -0.057394 0.263216
v 0.156907 -0.028125 0.258698
v 0.140066 -0.025938 0.256210
v 0.162327 -0.003222 0.258972
v 0.143430 -0.001002 0.255712
v 0.124013 -0.056956 0.263040
v 0.156330 0.017946 0.262228
v 0.141157 0.018714 0.257693
v 0.171664 -0.004020 0.268390
v 0.163895 0.016697 0.270341
v 0.168274 -0.002583 0.278917
v 0.169012 0.015431 0.279777
v 0.164170 -0.027306 0.278489
v 0.145236 -0.054003 0.279130
v 0.149684 -0.056581 0.270867
v 0.108504 -0.081860 0.282949
v 0.108732 -0.084069 0.278073
v 0.077012 -0.099137 0.288345
v 0.103355 -0.084872 0.275325
v 0.097691 -0.084680 0.275323
v -0.196742 0.006885 0.317521
v -0.195131 -0.012974 0.323742
v -0.193912 0.007626 0.323212
v -0.183416 -0.012188 0.328611
v -0.186022 0.008526 0.328261
v -0.178794 -0.033634 0.327327
v -0.196266 -0.013193 0.318050
v -0.191415 -0.034599 0.323328
v -0.192935 0.007191 0.313041
v -0.192500 0.005918 0.312999
v -0.190556 -0.012736 0.313438
v -0.185799 -0.034369 0.314618
v -0.175333 -0.048987 0.322299
v -0.169201 -0.048403 0.324357
v -0.161809 -0.058441 0.321246
v -0.192214 -0.035045 0.318496
v -0.178189 -0.049184 0.319697
v -0.174889 -0.048664 0.317655
v -0.161793 -0.058485 0.321209
v -0.196785 0.007027 0.308593
v -0.195100 -0.012787 0.302052
v -0.196294 -0.013064 0.307672
v -0.193000 0.007173 0.313028
v -0.192451 0.005936 0.312992
v -0.190541 -0.012713 0.312242
v -0.185748 -0.034340 0.310756
v -0.193968 0.007792 0.302970
v -0.183332 -0.011805 0.297141
v -0.186007 0.008721 0.297871
v -0.178819 -0.033364 0.297955
v -0.191367 -0.034451 0.301978
v -0.192139 -0.034928 0.306777
v -0.175387 -0.048857 0.302709
v -0.169141 -0.048128 0.300643
v -0.161759 -0.058358 0.303709
v -0.178215 -0.049020 0.305275
v -0.174953 -0.048603 0.307374
v -0.161801 -0.058322 0.303647
v 0.195112 -0.013056 0.323672
v 0.196755 0.006886 0.317514
v 0.193989 0.007549 0.323177
v 0.183452 -0.012092 0.328543
v 0.185998 0.008475 0.328362
v 0.178879 -0.033689 0.327396
v 0.196232 -0.013185 0.318020
v 0.191439 -0.034641 0.323306
v 0.192487 0.005986 0.313095
v 0.193008 0.007176 0.313099
v 0.190614 -0.012705 0.313439
v 0.185816 -0.034392 0.314640
v 0.175445 -0.048993 0.322343
v 0.169130 -0.048343 0.324350
v 0.161736 -0.058516 0.321176
v 0.192239 -0.035038 0.318525
v 0.178192 -0.049188 0.319750
v 0.174919 -0.048647 0.317698
v 0.161776 -0.058457 0.321157
v 0.196749 0.007021 0.308586
v 0.195073 -0.012803 0.302064
v 0.193998 0.007795 0.302980
v 0.183409 -0.011864 0.297143
v 0.186009 0.008732 0.297828
v 0.178803 -0.033382 0.298040
v 0.196250 -0.013131 0.307680
v 0.191390 -0.034464 0.301980
v 0.192500 0.005916 0.313047
v 0.192943 0.007187 0.313016
v 0.190514 -0.012707 0.312214
v 0.185765 -0.034352 0.310760
v 0.175453 -0.048808 0.302766
v 0.169204 -0.048192 0.300710
v 0.161823 -0.058340 0.303670
v 0.192158 -0.034912 0.306822
v 0.178239 -0.049055 0.305360
v 0.174972 -0.048613 0.307303
v 0.161828 -0.058321 0.303671
v -0.206650 0.014833 0.318851
v -0.201992 0.013092 0.313112
v -0.202288 0.010123 0.318898
v -0.197602 0.008317 0.313045
v -0.206086 0.020297 0.315230
v -0.197464 0.011765 0.325475
v -0.206151 0.023501 0.319779
v -0.201883 0.016481 0.325403
v -0.190861 0.011235 0.330133
v -0.201975 0.023099 0.326354
v -0.191261 0.018667 0.330723
v -0.201913 0.013064 0.313089
v -0.202371 0.010296 0.307353
v -0.197584 0.008373 0.313033
v -0.206620 0.014951 0.307432
v -0.206109 0.020295 0.311215
v -0.197542 0.011937 0.300795
v -0.206200 0.023663 0.306566
v -0.201869 0.016759 0.300835
v -0.190759 0.011650 0.296006
v -0.202008 0.023375 0.300007
v -0.191263 0.018974 0.295520
v 0.201947 0.013046 0.313072
v 0.206643 0.014875 0.318776
v 0.202296 0.010133 0.318880
v 0.197610 0.008373 0.313115
v 0.206075 0.020282 0.315145
v 0.197469 0.011723 0.325405
v 0.206192 0.023534 0.319827
v 0.201869 0.016517 0.325377
v 0.190843 0.011271 0.330231
v 0.201998 0.023129 0.326373
v 0.191312 0.018667 0.330752
v 0.197623 0.008382 0.313042
v 0.202372 0.010296 0.307301
v 0.201969 0.013101 0.313099
v 0.206731 0.014972 0.307433
v 0.206106 0.020325 0.311219
v 0.197510 0.011942 0.300806
v 0.206170 0.023666 0.306574
v 0.201805 0.016695 0.300915
v 0.190877 0.011602 0.296046
v 0.202013 0.023321 0.300078
v 0.191345 0.019001 0.295564
v -0.084807 0.252093 0.281195
v -0.099643 0.259607 0.297460
v -0.099987 0.252273 0.298710
v -0.104721 0.259406 0.315487
v -0.108008 0.245200 0.299536
v -0.104799 0.250857 0.315388
v -0.100009 0.251900 0.331980
v -0.099628 0.259301 0.333486
v -0.084759 0.251503 0.349613
v -0.185605 0.010147 0.334957
v -0.186958 -0.012136 0.337271
v -0.179108 0.011060 0.341374
v -0.185985 0.008531 0.328322
v -0.182635 -0.010447 0.329420
v -0.177059 -0.033678 0.329680
v -0.184569 -0.035318 0.336670
v -0.165745 -0.051032 0.330917
v -0.169958 -0.052049 0.333354
v -0.157309 -0.060111 0.331335
v -0.168820 -0.052264 0.337325
v -0.162629 -0.051633 0.338103
v -0.164675 -0.034618 0.344622
v -0.179854 -0.035538 0.343165
v -0.181654 -0.012405 0.344834
v -0.165101 -0.011461 0.347515
v -0.169016 0.014760 0.346533
v -0.187001 -0.011715 0.288481
v -0.185655 0.010581 0.291236
v -0.179129 0.011657 0.284786
v -0.182601 -0.010187 0.296347
v -0.186030 0.008777 0.297846
v -0.177084 -0.033399 0.295688
v -0.184533 -0.034796 0.288604
v -0.165780 -0.050729 0.294093
v -0.169918 -0.051646 0.291664
v -0.157306 -0.059740 0.293533
v -0.168853 -0.051868 0.287663
v -0.162658 -0.051192 0.286938
v -0.164680 -0.034047 0.280676
v -0.179854 -0.034963 0.282170
v -0.181701 -0.011839 0.280968
v -0.165162 -0.010867 0.278290
v -0.168988 0.015440 0.279739
v 0.179147 0.011129 0.341346
v 0.181674 -0.012393 0.344793
v 0.187016 -0.012107 0.337322
v 0.165129 -0.011527 0.347523
v 0.169007 0.014792 0.346484
v 0.164642 -0.034567 0.344643
v 0.185625 0.010113 0.335014
v 0.179928 -0.035556 0.343093
v 0.182687 -0.010418 0.329460
v 0.185991 0.008528 0.328268
v 0.177071 -0.033732 0.329692
v 0.184521 -0.035274 0.336628
v 0.165799 -0.050989 0.330821
v 0.168909 -0.052290 0.337335
v 0.162676 -0.051687 0.338143
v 0.169917 -0.052070 0.333313
v 0.157349 -0.060087 0.331332
v 0.187014 -0.011719 0.288509
v 0.179185 0.011614 0.284768
v 0.185630 0.010585 0.291198
v 0.182631 -0.010182 0.296326
v 0.186087 0.008795 0.297822
v 0.177068 -0.033349 0.295687
v 0.184584 -0.034804 0.288657
v 0.165726 -0.050649 0.294162
v 0.169939 -0.051689 0.291594
v 0.157286 -0.059771 0.293492
v 0.168846 -0.051762 0.287597
v 0.162633 -0.051136 0.286885
v 0.164642 -0.033960 0.280646
v 0.179874 -0.034914 0.282196
v 0.181619 -0.011829 0.280990
v 0.165123 -0.010852 0.278237
v 0.169064 0.015389 0.279736
v -0.174762 0.020257 0.348496
v -0.163915 0.015884 0.355888
v -0.170818 0.022938 0.358668
v -0.169040 0.014733 0.346466
v -0.156308 0.017059 0.363981
v -0.163391 0.024803 0.366915
v -0.146926 0.024425 0.370225
v -0.141144 0.017626 0.368633
v -0.174814 0.020844 0.277875
v -0.163929 0.016785 0.270334
v -0.169055 0.015452 0.279733
v -0.170803 0.023869 0.267792
v -0.156322 0.017987 0.262276
v -0.163310 0.025807 0.259525
v -0.146925 0.025569 0.256266
v -0.141105 0.018740 0.257771
v 0.163888 0.015968 0.355935
v 0.174836 0.020257 0.348453
v 0.170852 0.023030 0.358644
v 0.169058 0.014777 0.346481
v 0.156284 0.017045 0.364059
v 0.163370 0.024819 0.366884
v 0.146871 0.024474 0.370269
v 0.141188 0.017637 0.368617
v 0.163930 0.016733 0.270400
v 0.174807 0.020931 0.277913
v 0.169010 0.015442 0.279730
v 0.170893 0.023877 0.267798
v 0.156248 0.017959 0.262262
v 0.163356 0.025821 0.259557
v 0.146904 0.025569 0.256197
v 0.141178 0.018727 0.257744
v -0.091962 0.089689 0.441612
v -0.116610 0.068074 0.429002
v -0.085151 0.071746 0.439096
v -0.076159 0.073125 0.441051
v -0.106397 0.056748 0.428939
v -0.077120 0.095529 0.442962
v -0.096102 0.106616 0.436201
v -0.078473 0.106777 0.439027
v -0.104657 0.096388 0.428342
v -0.114472 0.075836 0.421547
v -0.124877 0.068571 0.414931
v -0.127908 0.061291 0.423651
v -0.118990 0.051283 0.423262
v -0.137275 0.056287 0.414265
v -0.132868 0.047691 0.415419
v -0.134629 0.063952 0.407485
v -0.127118 0.047002 0.405046
v -0.140443 0.056782 0.403138
v -0.142226 0.064597 0.398271
v -0.134280 0.050974 0.393912
v -0.144637 0.062308 0.392553
v -0.145579 0.068809 0.390243
v -0.144816 0.058459 0.382683
v -0.152014 0.067334 0.385369
v -0.150734 0.076673 0.380208
v -0.149619 0.064843 0.376467
v -0.156336 0.074665 0.375063
v -0.154057 0.071480 0.370231
v -0.151260 0.083168 0.369653
v -0.157744 0.079684 0.364740
v -0.153627 0.089312 0.356829
v -0.114447 0.077858 0.205906
v -0.104655 0.098569 0.199461
v -0.091928 0.092170 0.186124
v -0.096044 0.108993 0.191861
v -0.077114 0.097985 0.184838
v -0.078464 0.109170 0.188971
v -0.076156 0.075518 0.186306
v -0.085221 0.074042 0.188202
v -0.116633 0.070286 0.198294
v -0.124876 0.070483 0.212301
v -0.106444 0.058978 0.198097
v -0.127943 0.063369 0.203517
v -0.119042 0.053357 0.203687
v -0.137237 0.058194 0.212842
v -0.132864 0.049657 0.211451
v -0.134628 0.065843 0.219743
v -0.127088 0.048801 0.221869
v -0.140504 0.058408 0.223981
v -0.142274 0.066192 0.228956
v -0.134281 0.052487 0.233046
v -0.144624 0.063873 0.234666
v -0.145588 0.070210 0.237018
v -0.144847 0.059824 0.244439
v -0.152029 0.068693 0.241878
v -0.150779 0.077982 0.247253
v -0.149662 0.066022 0.250713
v -0.156346 0.075837 0.252336
v -0.154067 0.072636 0.257096
v -0.151217 0.084285 0.257916
v -0.157741 0.080664 0.262792
v -0.153630 0.090093 0.270947
v 0.091997 0.089684 0.441645
v 0.085223 0.071704 0.439184
v 0.116591 0.068148 0.429072
v 0.076193 0.073149 0.441095
v 0.106376 0.056716 0.428924
v 0.077076 0.095489 0.442951
v 0.096025 0.106667 0.436217
v 0.078488 0.106869 0.438995
v 0.104669 0.096422 0.428378
v 0.114468 0.075824 0.421532
v 0.124941 0.068518 0.414973
v 0.127980 0.061264 0.423701
v 0.119078 0.051263 0.423312
v 0.137300 0.056285 0.414245
v 0.132873 0.047683 0.415477
v 0.134607 0.064016 0.407497
v 0.127071 0.047009 0.405044
v 0.140443 0.056760 0.403142
v 0.142232 0.064502 0.398229
v 0.134290 0.051011 0.393980
v 0.144673 0.062320 0.392507
v 0.145612 0.068789 0.390231
v 0.144825 0.058478 0.382602
v 0.152077 0.067317 0.385325
v 0.150736 0.076666 0.380253
v 0.149586 0.064917 0.376500
v 0.156307 0.074637 0.375088
v 0.154145 0.071504 0.370216
v 0.151243 0.083196 0.369648
v 0.157784 0.079656 0.364744
v 0.153607 0.089341 0.356764
v 0.114480 0.077921 0.205821
v 0.092018 0.092147 0.186117
v 0.104613 0.098592 0.199407
v 0.096048 0.108965 0.191842
v 0.077105 0.097981 0.184782
v 0.078417 0.109198 0.188995
v 0.076237 0.075524 0.186320
v 0.085204 0.074100 0.188227
v 0.116624 0.070285 0.198306
v 0.124965 0.070505 0.212349
v 0.106449 0.058926 0.198169
v 0.127967 0.063425 0.203488
v 0.119017 0.053325 0.203696
v 0.137290 0.058150 0.212835
v 0.132927 0.049664 0.211426
v 0.134599 0.065798 0.219756
v 0.127055 0.048788 0.221847
v 0.140451 0.058496 0.224028
v 0.142258 0.066200 0.228918
v 0.134343 0.052473 0.233070
v 0.144629 0.063847 0.234575
v 0.145629 0.070218 0.237039
v 0.144867 0.059821 0.244424
v 0.152030 0.068699 0.241950
v 0.150731 0.077985 0.247260
v 0.149684 0.066035 0.250778
v 0.156388 0.075803 0.252320
v 0.154123 0.072549 0.257121
v 0.151275 0.084316 0.257899
v 0.157772 0.080621 0.262813
v 0.153647 0.090078 0.270898
v -0.085196 0.071707 0.439124
v -0.106384 0.056773 0.428905
v -0.092450 0.055453 0.430811
v -0.076164 0.073176 0.441133
v -0.097531 0.046692 0.424140
v -0.118991 0.051224 0.423302
v -0.112549 0.042951 0.416940
v -0.132919 0.047630 0.415468
v -0.127023 0.047010 0.405041
v -0.092420 0.057702 0.196226
v -0.085175 0.074136 0.188213
v -0.076186 0.075519 0.186330
v -0.106424 0.058995 0.198164
v -0.097497 0.048723 0.202751
v -0.119069 0.053336 0.203748
v -0.112571 0.044928 0.209920
v -0.132822 0.049638 0.211505
v -0.127097 0.048762 0.221891
v 0.085176 0.071713 0.439120
v 0.092447 0.055468 0.430886
v 0.106468 0.056745 0.428970
v 0.076172 0.073191 0.441097
v 0.097512 0.046629 0.424155
v 0.119001 0.051256 0.423254
v 0.112576 0.042937 0.416904
v 0.132943 0.047724 0.415393
v 0.127125 0.046979 0.405014
v 0.085159 0.074083 0.188202
v 0.092460 0.057704 0.196177
v 0.076232 0.075555 0.186283
v 0.106413 0.058994 0.198129
v 0.097570 0.048803 0.202726
v 0.119084 0.053324 0.203747
v 0.112583 0.044854 0.209876
v 0.132851 0.049586 0.211477
v 0.127054 0.048713 0.221872
v -0.067546 0.052401 0.427774
v -0.092438 0.055471 0.430833
v -0.097572 0.046628 0.424132
v -0.055935 0.061246 0.434468
v -0.076214 0.073164 0.441068
v -0.044558 0.079917 0.445433
v -0.204789 0.103994 0.318646
v -0.198113 0.099012 0.313912
v -0.199465 0.097584 0.316489
v -0.203602 0.083436 0.313741
v -0.202632 0.106289 0.314010
v -0.199461 0.097711 0.311260
v -0.204795 0.104053 0.309314
v -0.067503 0.054627 0.199219
v -0.092460 0.057748 0.196163
v -0.056035 0.063537 0.192763
v -0.097582 0.048735 0.202752
v -0.076156 0.075604 0.186285
v -0.044576 0.082344 0.182044
v 0.092433 0.055537 0.430857
v 0.067516 0.052504 0.427778
v 0.097525 0.046618 0.424113
v 0.056027 0.061304 0.434470
v 0.076169 0.073106 0.441142
v 0.044542 0.079879 0.445456
v 0.198088 0.098931 0.313924
v 0.204829 0.104032 0.318620
v 0.199390 0.097654 0.316514
v 0.202637 0.106289 0.313993
v 0.203685 0.083448 0.313794
v 0.204828 0.104084 0.309287
v 0.199424 0.097632 0.311320
v 0.092419 0.057778 0.196148
v 0.067475 0.054589 0.199267
v 0.056008 0.063561 0.192729
v 0.097585 0.048751 0.202724
v 0.076240 0.075601 0.186297
v 0.044585 0.082376 0.182085
v -0.198846 0.043902 0.288154
v -0.201012 0.037567 0.292282
v -0.205058 0.042611 0.293235
v -0.189469 0.023408 0.286702
v -0.196394 0.029725 0.290988
v -0.191911 0.030948 0.287214
v -0.193265 0.022236 0.291545
v -0.206820 0.037243 0.294239
v -0.212100 0.044582 0.295518
v -0.216191 0.037738 0.298924
v -0.198340 0.026154 0.292636
v -0.191353 0.019010 0.295585
v -0.201996 0.023327 0.300013
v -0.210940 0.030138 0.298607
v -0.215251 0.035500 0.304391
v -0.212518 0.028040 0.304621
v -0.206181 0.023676 0.306579
v -0.212245 0.030823 0.313294
v -0.211390 0.025501 0.313183
v -0.206135 0.020271 0.311195
v -0.201891 0.013058 0.313061
v -0.206138 0.020236 0.315177
v -0.206196 0.023526 0.319775
v -0.214243 0.038931 0.309504
v -0.212484 0.027861 0.321878
v -0.201922 0.023061 0.326378
v -0.212531 0.037179 0.313310
v -0.214254 0.047645 0.313480
v -0.214306 0.038881 0.317169
v -0.215296 0.035362 0.322199
v -0.210961 0.029891 0.327858
v -0.216128 0.037437 0.327763
v -0.198312 0.025828 0.333839
v -0.191275 0.018616 0.330757
v -0.193269 0.021850 0.334861
v -0.206817 0.036817 0.332405
v -0.212042 0.044221 0.331281
v -0.205150 0.042260 0.333463
v -0.196364 0.029342 0.335562
v -0.189495 0.022907 0.339688
v -0.201083 0.037140 0.334369
v -0.198825 0.043485 0.338699
v -0.191980 0.030425 0.339411
v -0.196237 0.038285 0.340126
v -0.190479 0.028095 0.342156
v -0.180794 0.021039 0.344849
v -0.193108 0.040386 0.344231
v -0.198298 0.047774 0.343121
v -0.185193 0.047065 0.348910
v -0.186634 0.031988 0.348671
v -0.163971 0.031819 0.354713
v -0.174800 0.020164 0.348462
v -0.169055 0.035891 0.356247
v -0.165518 0.037652 0.358724
v -0.181922 0.056268 0.342370
v -0.173863 0.048297 0.355090
v -0.164216 0.050258 0.359081
v -0.169043 0.057835 0.350121
v -0.162647 0.061526 0.355099
v -0.166174 0.072249 0.344608
v -0.174574 0.069818 0.337536
v -0.163660 0.075689 0.349603
v -0.175523 0.074340 0.336679
v -0.168060 0.077520 0.343762
v -0.165517 0.080949 0.348706
v -0.183713 0.087731 0.334933
v -0.175731 0.092393 0.340546
v 0.201105 0.037504 0.292299
v 0.198832 0.043968 0.288121
v 0.205162 0.042685 0.293266
v 0.196390 0.029796 0.291006
v 0.189433 0.023451 0.286712
v 0.191976 0.030986 0.287213
v 0.193304 0.022196 0.291603
v 0.206851 0.037205 0.294219
v 0.212055 0.044599 0.295564
v 0.216162 0.037693 0.298876
v 0.198315 0.026234 0.292594
v 0.191284 0.018942 0.295604
v 0.201978 0.023402 0.300071
v 0.210985 0.030153 0.298617
v 0.215276 0.035568 0.304425
v 0.212463 0.028062 0.304593
v 0.206127 0.023649 0.306598
v 0.212260 0.030779 0.313283
v 0.211427 0.025417 0.313231
v 0.206071 0.020286 0.311222
v 0.201967 0.013118 0.313060
v 0.206079 0.020241 0.315156
v 0.206219 0.023490 0.319787
v 0.214290 0.038964 0.309540
v 0.212469 0.027856 0.321894
v 0.202021 0.023120 0.326327
v 0.212533 0.037258 0.313361
v 0.214268 0.047550 0.313442
v 0.214299 0.038890 0.317148
v 0.215289 0.035412 0.322296
v 0.210937 0.029880 0.327935
v 0.216155 0.037447 0.327809
v 0.198347 0.025860 0.333844
v 0.191295 0.018632 0.330825
v 0.193314 0.021787 0.334833
v 0.206890 0.036883 0.332477
v 0.212099 0.044273 0.331291
v 0.205151 0.042247 0.333521
v 0.196335 0.029314 0.335513
v 0.189489 0.022963 0.339745
v 0.201094 0.037150 0.334356
v 0.198834 0.043433 0.338613
v 0.191930 0.030469 0.339416
v 0.196230 0.038252 0.340125
v 0.193083 0.040384 0.344267
v 0.190401 0.028073 0.342193
v 0.180764 0.020965 0.344863
v 0.198382 0.047777 0.343092
v 0.185137 0.047137 0.348994
v 0.186647 0.032027 0.348701
v 0.163999 0.031844 0.354627
v 0.174833 0.020263 0.348532
v 0.169057 0.035919 0.356274
v 0.165628 0.037658 0.358772
v 0.181977 0.056289 0.342298
v 0.173871 0.048300 0.355143
v 0.164247 0.050236 0.359088
v 0.169051 0.057861 0.350073
v 0.162703 0.061454 0.355134
v 0.166222 0.072263 0.344602
v 0.174501 0.069884 0.337590
v 0.163609 0.075608 0.349650
v 0.175495 0.074334 0.336713
v 0.168017 0.077557 0.343674
v 0.165553 0.081002 0.348774
v 0.183758 0.087791 0.334958
v 0.175678 0.092299 0.340517
v -0.189407 0.022875 0.339711
v -0.185125 0.014989 0.343112
v -0.180784 0.020986 0.344822
v -0.174758 0.020220 0.348466
v -0.191312 0.013221 0.336218
v -0.193300 0.021841 0.334771
v -0.191354 0.018629 0.330805
v -0.190820 0.011312 0.330214
v -0.180771 0.021626 0.281529
v -0.185090 0.015474 0.283095
v -0.189468 0.023465 0.286669
v -0.174800 0.020885 0.277878
v -0.191316 0.013718 0.289967
v -0.193325 0.022230 0.291589
v -0.191274 0.019009 0.295512
v -0.190799 0.011650 0.296016
v 0.185187 0.014984 0.343108
v 0.189526 0.022926 0.339697
v 0.180763 0.020973 0.344880
v 0.174739 0.020229 0.348515
v 0.191333 0.013256 0.336194
v 0.193357 0.021850 0.334850
v 0.191364 0.018622 0.330728
v 0.190871 0.011321 0.330191
v 0.189490 0.023424 0.286693
v 0.185119 0.015489 0.283098
v 0.180774 0.021602 0.281557
v 0.174831 0.020847 0.277856
v 0.191293 0.013658 0.289994
v 0.193271 0.022231 0.291554
v 0.191360 0.018926 0.295539
v 0.190846 0.011610 0.296026
v -0.117230 0.029756 0.394272
v -0.125166 0.040256 0.392093
v -0.119137 0.031958 0.384438
v -0.116203 0.037639 0.403144
v -0.116574 0.026776 0.390213
v -0.127113 0.047013 0.404955
v -0.112585 0.042882 0.416900
v -0.134291 0.050990 0.393929
v -0.131321 0.042464 0.382675
v -0.150370 0.051637 0.375260
v -0.138240 0.041028 0.377159
v -0.154819 0.048382 0.367989
v -0.144327 0.037341 0.371711
v -0.162430 0.040010 0.363150
v -0.129610 0.033642 0.379837
v -0.157106 0.033131 0.361361
v -0.163967 0.031828 0.354656
v -0.144641 0.028019 0.370288
v -0.155408 0.033992 0.362852
v -0.146954 0.024477 0.370202
v -0.123248 0.028895 0.379280
v -0.133040 0.024558 0.378439
v -0.114455 0.028459 0.380983
v -0.102440 0.023735 0.384482
v -0.100904 0.021231 0.376075
v -0.122277 0.021573 0.379250
v -0.100905 0.021269 0.376107
v -0.133014 0.024507 0.378420
v -0.128200 0.019109 0.378520
v -0.137717 0.016897 0.375051
v -0.142569 0.021928 0.375309
v -0.141191 0.017640 0.368609
v -0.146959 0.024498 0.370266
v -0.140461 0.031624 0.377816
v -0.138197 0.040949 0.377107
v -0.144317 0.037349 0.371739
v -0.145398 0.029388 0.374069
v -0.142522 0.021980 0.375283
v -0.144570 0.027985 0.370314
v -0.146937 0.024483 0.370271
v -0.117281 0.031280 0.232220
v -0.125180 0.041672 0.234639
v -0.116185 0.039300 0.223575
v -0.112644 0.044865 0.209842
v -0.127083 0.048798 0.221920
v -0.134317 0.052524 0.232975
v -0.119141 0.033259 0.242180
v -0.131371 0.043811 0.244068
v -0.150307 0.052797 0.251733
v -0.116543 0.028202 0.236266
v -0.138220 0.042152 0.249650
v -0.154760 0.049397 0.258886
v -0.144345 0.038380 0.254922
v -0.129548 0.034827 0.246824
v -0.162434 0.040961 0.263576
v -0.157147 0.034035 0.265258
v -0.164036 0.032679 0.271885
v -0.144649 0.029088 0.256231
v -0.155370 0.034938 0.263756
v -0.146934 0.025557 0.256173
v -0.114443 0.029683 0.245636
v -0.102437 0.025064 0.241966
v -0.100933 0.022410 0.250327
v -0.123194 0.030102 0.247334
v -0.122363 0.022854 0.247107
v -0.100911 0.022489 0.250264
v -0.133096 0.025816 0.248041
v -0.128214 0.020350 0.247831
v -0.137701 0.018105 0.251267
v -0.142588 0.023127 0.251072
v -0.141160 0.018753 0.257739
v -0.146859 0.025545 0.256260
v -0.133082 0.025805 0.247979
v -0.140375 0.032903 0.248754
v -0.138242 0.042232 0.249648
v -0.144306 0.038458 0.254995
v -0.145449 0.030520 0.252517
v -0.142532 0.023077 0.251086
v -0.144675 0.029086 0.256165
v -0.146910 0.025545 0.256268
v 0.125218 0.040216 0.392136
v 0.117307 0.029760 0.394241
v 0.119212 0.031913 0.384444
v 0.116198 0.037546 0.403154
v 0.116543 0.026683 0.390210
v 0.127079 0.047024 0.405035
v 0.112595 0.042945 0.416944
v 0.134253 0.050959 0.393956
v 0.131404 0.042477 0.382688
v 0.150346 0.051591 0.375253
v 0.138234 0.040956 0.377079
v 0.154847 0.048422 0.367990
v 0.144336 0.037298 0.371782
v 0.129606 0.033610 0.379814
v 0.162488 0.040080 0.363159
v 0.157160 0.033117 0.361403
v 0.164014 0.031844 0.354713
v 0.144641 0.028022 0.370310
v 0.155416 0.033999 0.362839
v 0.146899 0.024524 0.370238
v 0.123263 0.028895 0.379291
v 0.133077 0.024531 0.378385
v 0.114495 0.028429 0.380926
v 0.102492 0.023752 0.384429
v 0.100995 0.021259 0.376093
v 0.122355 0.021566 0.379317
v 0.100965 0.021288 0.376049
v 0.133107 0.024510 0.378404
v 0.128221 0.019103 0.378497
v 0.137744 0.016868 0.375020
v 0.142533 0.021891 0.375323
v 0.141154 0.017639 0.368596
v 0.146975 0.024500 0.370208
v 0.140421 0.031626 0.377852
v 0.138201 0.040964 0.377064
v 0.144344 0.037271 0.371731
v 0.145437 0.029358 0.374017
v 0.142556 0.021969 0.375300
v 0.144590 0.027938 0.370272
v 0.146939 0.024447 0.370213
v 0.125135 0.041676 0.234620
v 0.117302 0.031274 0.232301
v 0.116194 0.039314 0.223535
v 0.112601 0.044882 0.209927
v 0.127121 0.048806 0.221882
v 0.134284 0.052529 0.232994
v 0.119170 0.033245 0.242094
v 0.131338 0.043800 0.244138
v 0.150418 0.052820 0.251657
v 0.116587 0.028160 0.236234
v 0.138232 0.042232 0.249654
v 0.154763 0.049466 0.258866
v 0.144310 0.038375 0.254948
v 0.162480 0.041031 0.263583
v 0.129615 0.034812 0.246740
v 0.157132 0.034048 0.265188
v 0.164060 0.032610 0.271914
v 0.144588 0.029099 0.256154
v 0.155409 0.035017 0.263814
v 0.146949 0.025554 0.256245
v 0.123233 0.030099 0.247335
v 0.133028 0.025792 0.248022
v 0.114512 0.029670 0.245558
v 0.102432 0.025053 0.241944
v 0.100910 0.022405 0.250288
v 0.122368 0.022826 0.247084
v 0.100998 0.022458 0.250324
v 0.133081 0.025835 0.248059
v 0.128273 0.020341 0.247783
v 0.137694 0.018062 0.251327
v 0.142574 0.023138 0.251093
v 0.141139 0.018684 0.257674
v 0.146937 0.025612 0.256267
v 0.140383 0.032924 0.248832
v 0.138267 0.042203 0.249698
v 0.144310 0.038394 0.254917
v 0.145503 0.030601 0.252503
v 0.142525 0.023140 0.251037
v 0.144633 0.029071 0.256178
v 0.146884 0.025533 0.256189
v -0.160381 0.166087 0.365635
v -0.161776 0.159443 0.380796
v -0.156194 0.168997 0.382710
v -0.146872 0.161419 0.394786
v -0.165159 0.154046 0.365100
v -0.141581 0.168344 0.396670
v -0.132165 0.158831 0.405292
v -0.155049 0.173727 0.366318
v -0.137368 0.184695 0.380716
v -0.158121 0.164852 0.352306
v -0.128806 0.188522 0.396596
v -0.117165 0.184735 0.405200
v -0.131953 0.170487 0.404235
v -0.116089 0.158487 0.414154
v -0.100673 0.169273 0.413490
v -0.097829 0.163543 0.424266
v -0.163548 0.157162 0.351564
v -0.165151 0.160951 0.339089
v -0.166201 0.145278 0.351471
v -0.169895 0.152705 0.338519
v -0.173567 0.148550 0.337145
v -0.171617 0.153623 0.331942
v -0.160142 0.167066 0.330888
v -0.173001 0.147956 0.330943
v -0.170566 0.156102 0.325055
v -0.159785 0.169429 0.324167
v -0.170671 0.144155 0.325682
v -0.160660 0.165546 0.314553
v -0.167078 0.156052 0.314501
v -0.170576 0.148155 0.314360
v -0.170538 0.156269 0.303963
v -0.159792 0.169587 0.305034
v -0.160107 0.167373 0.298249
v -0.170645 0.144374 0.303062
v -0.165924 0.140248 0.314319
v -0.169613 0.138132 0.323011
v -0.159979 0.124369 0.318166
v -0.159915 0.124794 0.314163
v -0.159917 0.124483 0.310165
v -0.169671 0.138346 0.305643
v -0.172936 0.148226 0.297916
v -0.171614 0.153930 0.297048
v -0.173604 0.148951 0.291589
v -0.165203 0.161425 0.289956
v -0.169930 0.153163 0.290358
v -0.166180 0.145980 0.277326
v -0.163462 0.157865 0.277373
v -0.158166 0.165508 0.276845
v -0.165122 0.154978 0.263845
v -0.160401 0.167048 0.263472
v -0.155074 0.174702 0.262963
v -0.161759 0.160689 0.248264
v -0.156133 0.170232 0.246461
v -0.137330 0.186028 0.248783
v -0.146885 0.162880 0.234334
v -0.141597 0.169891 0.232483
v -0.128837 0.190143 0.232914
v -0.132227 0.160610 0.223771
v -0.117155 0.186469 0.224338
v -0.131978 0.172157 0.225021
v -0.116010 0.160394 0.214854
v -0.100601 0.171205 0.215689
v -0.097891 0.165636 0.204761
v 0.161759 0.159380 0.380852
v 0.160416 0.166056 0.365666
v 0.156194 0.168939 0.382743
v 0.165183 0.153985 0.365048
v 0.146844 0.161341 0.394721
v 0.155124 0.173706 0.366319
v 0.158189 0.164871 0.352291
v 0.137337 0.184721 0.380620
v 0.163509 0.157234 0.351505
v 0.166218 0.145300 0.351435
v 0.165185 0.160983 0.339118
v 0.141576 0.168288 0.396642
v 0.128823 0.188583 0.396604
v 0.132253 0.158792 0.405278
v 0.117225 0.184733 0.405147
v 0.131975 0.170480 0.404243
v 0.116022 0.158482 0.414158
v 0.100680 0.169304 0.413455
v 0.097876 0.163472 0.424352
v 0.169913 0.152680 0.338503
v 0.173642 0.148521 0.337136
v 0.171611 0.153630 0.331893
v 0.160185 0.167081 0.330931
v 0.172933 0.147925 0.330933
v 0.170566 0.156093 0.325028
v 0.159842 0.169462 0.324183
v 0.170734 0.144217 0.325653
v 0.160630 0.165559 0.314531
v 0.167069 0.156151 0.314493
v 0.170547 0.148196 0.314425
v 0.170536 0.156311 0.303944
v 0.159853 0.169575 0.305045
v 0.160159 0.167374 0.298266
v 0.170649 0.144441 0.303073
v 0.165911 0.140223 0.314320
v 0.169644 0.138155 0.322989
v 0.172932 0.148254 0.297883
v 0.159977 0.124446 0.318111
v 0.169654 0.138304 0.305642
v 0.159915 0.124871 0.314206
v 0.159966 0.124527 0.310153
v 0.171688 0.153930 0.297034
v 0.173573 0.148929 0.291613
v 0.165214 0.161444 0.289921
v 0.169955 0.153168 0.290380
v 0.166168 0.145982 0.277284
v 0.163556 0.157932 0.277445
v 0.158213 0.165587 0.276887
v 0.165182 0.154945 0.263811
v 0.160426 0.167032 0.263470
v 0.155103 0.174714 0.262923
v 0.161830 0.160684 0.248233
v 0.156141 0.170233 0.246520
v 0.137354 0.186005 0.248812
v 0.146831 0.162935 0.234348
v 0.141615 0.169862 0.232543
v 0.128818 0.190126 0.232987
v 0.132275 0.160556 0.223758
v 0.117218 0.186445 0.224341
v 0.132028 0.172202 0.225031
v 0.116102 0.160395 0.214850
v 0.100676 0.171185 0.215698
v 0.097884 0.165573 0.204819
v -0.169066 0.014770 0.346525
v -0.185127 0.014979 0.343090
v -0.179085 0.011124 0.341417
v -0.174728 0.020217 0.348469
v -0.185646 0.010088 0.335028
v -0.191286 0.013276 0.336201
v -0.190841 0.011257 0.330142
v -0.185976 0.008502 0.328362
v -0.185079 0.015527 0.283161
v -0.169000 0.015440 0.279718
v -0.179089 0.011676 0.284766
v -0.174761 0.020879 0.277846
v -0.185671 0.010589 0.291238
v -0.191320 0.013694 0.290008
v -0.190861 0.011641 0.296055
v -0.186049 0.008745 0.297782
v 0.169069 0.014751 0.346490
v 0.185153 0.014951 0.343120
v 0.174817 0.020166 0.348452
v 0.179142 0.011113 0.341343
v 0.185699 0.010151 0.334937
v 0.191362 0.013239 0.336256
v 0.190870 0.011321 0.330196
v 0.186073 0.008437 0.328286
v 0.169076 0.015364 0.279735
v 0.185136 0.015476 0.283147
v 0.179130 0.011686 0.284843
v 0.174773 0.020834 0.277904
v 0.185627 0.010538 0.291150
v 0.191300 0.013686 0.289977
v 0.190806 0.011624 0.296028
v 0.186018 0.008780 0.297781
v -0.172208 0.070755 0.334001
v -0.182334 0.056871 0.337315
v -0.174549 0.069850 0.337578
v -0.181932 0.056276 0.342328
v -0.197838 0.053278 0.337121
v -0.198367 0.047731 0.343185
v -0.175525 0.074288 0.336711
v -0.173003 0.074747 0.333194
v -0.178747 0.082864 0.331971
v -0.183737 0.087744 0.334948
v -0.184684 0.090125 0.330449
v -0.189857 0.094564 0.333441
v -0.190555 0.093813 0.327559
v -0.196826 0.100082 0.330062
v -0.194700 0.096393 0.323761
v -0.200526 0.100677 0.325208
v -0.196938 0.096233 0.321587
v -0.204846 0.104715 0.322557
v -0.204761 0.104037 0.318695
v -0.192881 0.095292 0.318581
v -0.199421 0.097637 0.316530
v -0.193274 0.091407 0.316136
v -0.203607 0.083414 0.313762
v -0.182322 0.057249 0.289735
v -0.172132 0.071198 0.293361
v -0.174543 0.070254 0.289774
v -0.181969 0.056882 0.284751
v -0.197802 0.053686 0.289919
v -0.198322 0.048285 0.283797
v -0.175470 0.074731 0.290749
v -0.173028 0.075149 0.294275
v -0.178654 0.083234 0.295624
v -0.183714 0.088093 0.292701
v -0.184744 0.090401 0.297287
v -0.189847 0.094860 0.294375
v -0.190547 0.094139 0.300155
v -0.196904 0.100385 0.297768
v -0.194724 0.096587 0.304022
v -0.200530 0.100881 0.302764
v -0.196985 0.096420 0.306259
v -0.204888 0.104941 0.305488
v -0.204807 0.104142 0.309314
v -0.192890 0.095439 0.309135
v -0.199385 0.097644 0.311304
v -0.193303 0.091453 0.311572
v -0.203689 0.083423 0.313773
v 0.174536 0.069836 0.337519
v 0.181975 0.056347 0.342345
v 0.182305 0.056815 0.337351
v 0.197793 0.053234 0.337083
v 0.198315 0.047700 0.343136
v 0.172142 0.070804 0.333904
v 0.175475 0.074343 0.336641
v 0.172993 0.074758 0.333135
v 0.178703 0.082884 0.331906
v 0.183766 0.087758 0.334914
v 0.184774 0.090157 0.330435
v 0.189870 0.094499 0.333398
v 0.190489 0.093835 0.327593
v 0.196893 0.100051 0.330103
v 0.194695 0.096435 0.323795
v 0.200525 0.100575 0.325148
v 0.196920 0.096227 0.321554
v 0.204901 0.104707 0.322557
v 0.204827 0.104029 0.318659
v 0.192919 0.095344 0.318577
v 0.199480 0.097613 0.316496
v 0.193294 0.091412 0.316112
v 0.203653 0.083478 0.313763
v 0.182334 0.057296 0.289747
v 0.174526 0.070336 0.289758
v 0.172201 0.071109 0.293422
v 0.182017 0.056852 0.284697
v 0.197819 0.053671 0.289895
v 0.198296 0.048362 0.283786
v 0.175518 0.074750 0.290663
v 0.173037 0.075156 0.294276
v 0.178673 0.083162 0.295594
v 0.183680 0.088130 0.292717
v 0.184724 0.090386 0.297250
v 0.189809 0.094942 0.294373
v 0.190555 0.094096 0.300153
v 0.196891 0.100330 0.297757
v 0.194670 0.096622 0.303988
v 0.200496 0.100817 0.302678
v 0.196998 0.096400 0.306183
v 0.204865 0.104896 0.305431
v 0.204820 0.104059 0.309342
v 0.192952 0.095386 0.309188
v 0.199434 0.097724 0.311261
v 0.193272 0.091503 0.311512
v 0.203641 0.083430 0.313732
v -0.141180 -0.012276 0.371682
v -0.131539 -0.022120 0.374627
v -0.140580 -0.012029 0.376307
v -0.130993 -0.021679 0.371893
v -0.114332 -0.031904 0.371047
v -0.145904 -0.004543 0.371118
v -0.124043 -0.022611 0.377454
v -0.119222 -0.022633 0.377364
v -0.119598 -0.012246 0.380769
v -0.131297 -0.012417 0.380805
v -0.132204 -0.002378 0.381540
v -0.119194 -0.000977 0.382024
v -0.144204 -0.003404 0.376690
v -0.147664 0.004249 0.369737
v -0.145262 0.006433 0.375904
v -0.141135 0.017717 0.368547
v -0.137721 0.016934 0.375029
v -0.131974 0.008906 0.380941
v -0.128238 0.019115 0.378509
v -0.118954 0.011305 0.380594
v -0.122366 0.021566 0.379322
v -0.141244 -0.011157 0.254144
v -0.131527 -0.020921 0.250913
v -0.131038 -0.020631 0.253720
v -0.114358 -0.030875 0.254308
v -0.140598 -0.010831 0.249420
v -0.145924 -0.003486 0.254821
v -0.123997 -0.021411 0.248058
v -0.119221 -0.021397 0.248181
v -0.119521 -0.011034 0.244895
v -0.131338 -0.011104 0.245008
v -0.132225 -0.001111 0.244325
v -0.119214 0.000371 0.243963
v -0.144225 -0.002165 0.249209
v -0.147723 0.005267 0.256259
v -0.145261 0.007622 0.250239
v -0.141132 0.018703 0.257739
v -0.137761 0.018123 0.251307
v -0.132034 0.010220 0.245180
v -0.128189 0.020335 0.247840
v -0.118951 0.012646 0.245668
v -0.122278 0.022798 0.247081
v 0.131595 -0.022115 0.374698
v 0.141195 -0.012240 0.371660
v 0.140594 -0.012005 0.376279
v 0.131057 -0.021730 0.371906
v 0.114320 -0.031899 0.371068
v 0.145906 -0.004617 0.371080
v 0.124059 -0.022599 0.377438
v 0.119320 -0.022651 0.377404
v 0.119566 -0.012337 0.380779
v 0.131411 -0.012425 0.380823
v 0.132299 -0.002332 0.381544
v 0.119244 -0.000933 0.382100
v 0.144301 -0.003371 0.376713
v 0.147742 0.004219 0.369807
v 0.145325 0.006451 0.375867
v 0.141200 0.017705 0.368563
v 0.137692 0.016856 0.374989
v 0.132003 0.008908 0.380992
v 0.128261 0.019067 0.378530
v 0.118915 0.011265 0.380599
v 0.122298 0.021645 0.379265
v 0.141213 -0.011102 0.254081
v 0.131569 -0.020951 0.250915
v 0.140608 -0.010794 0.249500
v 0.130982 -0.020611 0.253723
v 0.114384 -0.030848 0.254328
v 0.145935 -0.003497 0.254829
v 0.123989 -0.021363 0.248083
v 0.119293 -0.021364 0.248195
v 0.119574 -0.011057 0.244968
v 0.131406 -0.011079 0.245027
v 0.132222 -0.001076 0.244387
v 0.119294 0.000414 0.243889
v 0.144291 -0.002127 0.249248
v 0.147727 0.005323 0.256252
v 0.145241 0.007596 0.250154
v 0.141132 0.018741 0.257745
v 0.137761 0.018083 0.251306
v 0.132059 0.010147 0.245124
v 0.128233 0.020278 0.247769
v 0.118910 0.012615 0.245598
v 0.122297 0.022892 0.247123
v -0.205218 0.045846 0.332676
v -0.205268 0.046100 0.328162
v -0.212086 0.044245 0.331337
v -0.205053 0.042204 0.333524
v -0.198817 0.043496 0.338680
v -0.199197 0.048459 0.336510
v -0.198346 0.047710 0.343190
v -0.197811 0.053252 0.337152
v -0.205121 0.042629 0.293286
v -0.212120 0.044535 0.295506
v -0.205220 0.046249 0.294188
v -0.205264 0.046446 0.298639
v -0.198819 0.043890 0.288126
v -0.199230 0.048867 0.290363
v -0.198359 0.048359 0.283735
v -0.197789 0.053676 0.289912
v 0.205242 0.045877 0.332641
v 0.212045 0.044185 0.331307
v 0.205289 0.046116 0.328157
v 0.205138 0.042298 0.333503
v 0.198924 0.043451 0.338605
v 0.199217 0.048438 0.336517
v 0.198386 0.047725 0.343117
v 0.197805 0.053312 0.337101
v 0.205172 0.046266 0.294166
v 0.212089 0.044603 0.295487
v 0.205123 0.042621 0.293218
v 0.205309 0.046428 0.298683
v 0.198841 0.043942 0.288201
v 0.199272 0.048861 0.290379
v 0.198325 0.048264 0.283710
v 0.197865 0.053698 0.289861
v -0.165181 0.109099 0.335688
v -0.164707 0.107562 0.344662
v -0.163425 0.113424 0.345017
v -0.165935 0.104231 0.341261
v -0.161439 0.110253 0.348296
v -0.164815 0.121341 0.353327
v -0.161046 0.102317 0.348752
v -0.165896 0.100618 0.346706
v -0.173853 0.096677 0.344272
v -0.158456 0.094742 0.353079
v -0.162877 0.086080 0.352469
v -0.165543 0.080981 0.348794
v -0.153633 0.089258 0.356728
v -0.163039 0.080755 0.354553
v -0.163649 0.075652 0.349653
v -0.157720 0.079628 0.364680
v -0.158140 0.069118 0.360088
v -0.162725 0.061425 0.355112
v -0.154133 0.071541 0.370272
v -0.157353 0.056158 0.365734
v -0.164183 0.050263 0.359065
v -0.149631 0.064837 0.376471
v -0.150382 0.051597 0.375259
v -0.144824 0.058471 0.382635
v -0.134330 0.051000 0.393931
v -0.154810 0.048417 0.368064
v -0.162430 0.040031 0.363167
v -0.165569 0.037659 0.358731
v -0.163993 0.031794 0.354723
v -0.165246 0.109468 0.292291
v -0.164723 0.108106 0.283457
v -0.165854 0.104825 0.286644
v -0.163491 0.113953 0.283091
v -0.161408 0.110877 0.279800
v -0.164775 0.122120 0.275008
v -0.161060 0.102902 0.279163
v -0.165940 0.101255 0.281241
v -0.173933 0.097196 0.283526
v -0.158497 0.095460 0.274708
v -0.162794 0.086791 0.275133
v -0.165483 0.081625 0.278778
v -0.153570 0.090100 0.270943
v -0.163085 0.081535 0.272898
v -0.163606 0.076333 0.277743
v -0.157760 0.080688 0.262779
v -0.158205 0.069994 0.267212
v -0.162667 0.062260 0.272052
v -0.154141 0.072643 0.257115
v -0.157431 0.057140 0.261317
v -0.164184 0.051087 0.267843
v -0.149572 0.066050 0.250712
v -0.150377 0.052781 0.251673
v -0.144777 0.059858 0.244412
v -0.134320 0.052545 0.233072
v -0.154797 0.049476 0.258927
v -0.162509 0.040944 0.263566
v -0.165528 0.038541 0.267960
v -0.164013 0.032609 0.271907
v 0.165219 0.109046 0.335771
v 0.164726 0.107521 0.344579
v 0.165896 0.104286 0.341316
v 0.163492 0.113417 0.345100
v 0.161454 0.110193 0.348291
v 0.164837 0.121376 0.353371
v 0.161096 0.102229 0.348731
v 0.165932 0.100577 0.346672
v 0.173898 0.096665 0.344265
v 0.158445 0.094756 0.353072
v 0.162899 0.086066 0.352448
v 0.165570 0.080975 0.348772
v 0.153612 0.089280 0.356776
v 0.163081 0.080723 0.354600
v 0.163650 0.075652 0.349645
v 0.157701 0.079638 0.364654
v 0.158240 0.069119 0.360051
v 0.162742 0.061502 0.355109
v 0.154100 0.071521 0.370251
v 0.157408 0.056184 0.365667
v 0.164189 0.050267 0.359072
v 0.149634 0.064879 0.376518
v 0.150338 0.051655 0.375223
v 0.144833 0.058525 0.382614
v 0.134344 0.050941 0.393885
v 0.154767 0.048463 0.367995
v 0.162450 0.039985 0.363150
v 0.165618 0.037741 0.358805
v 0.164035 0.031798 0.354666
v 0.164737 0.108075 0.283458
v 0.165297 0.109515 0.292326
v 0.165949 0.104836 0.286697
v 0.163450 0.114023 0.283031
v 0.161493 0.110883 0.279749
v 0.164802 0.122092 0.274971
v 0.161018 0.102980 0.279171
v 0.165947 0.101233 0.281187
v 0.173887 0.097257 0.283506
v 0.158496 0.095503 0.274701
v 0.162864 0.086862 0.275088
v 0.165478 0.081576 0.278745
v 0.153613 0.090138 0.270893
v 0.163127 0.081555 0.272953
v 0.163619 0.076392 0.277742
v 0.157788 0.080689 0.262760
v 0.158197 0.069982 0.267213
v 0.162723 0.062217 0.272070
v 0.154114 0.072559 0.257111
v 0.157391 0.057204 0.261320
v 0.164230 0.051122 0.267862
v 0.149630 0.066115 0.250702
v 0.150404 0.052781 0.251681
v 0.144805 0.059823 0.244459
v 0.134274 0.052532 0.233041
v 0.154804 0.049457 0.258855
v 0.162448 0.040934 0.263571
v 0.165575 0.038540 0.267926
v 0.164081 0.032590 0.271897
v -0.159882 0.124498 0.310223
v -0.169582 0.138345 0.305597
v -0.183712 0.138526 0.300412
v -0.170658 0.144409 0.303075
v -0.164776 0.111816 0.300988
v -0.172942 0.148238 0.297917
v -0.184556 0.137771 0.293339
v -0.165241 0.109537 0.292344
v -0.173575 0.148963 0.291649
v -0.163486 0.113991 0.283099
v -0.175899 0.135413 0.280245
v -0.164770 0.122136 0.274914
v -0.166136 0.146058 0.277334
v -0.167828 0.130771 0.265208
v -0.172943 0.146057 0.264792
v -0.165130 0.154963 0.263885
v -0.164024 0.138595 0.252650
v -0.169305 0.154937 0.248829
v -0.161807 0.160669 0.248256
v -0.150740 0.140831 0.241221
v -0.154088 0.157615 0.233827
v -0.146848 0.162946 0.234338
v -0.134757 0.140127 0.230168
v -0.132186 0.160599 0.223788
v -0.138891 0.155528 0.222680
v -0.121443 0.137492 0.219297
v -0.122709 0.154053 0.213728
v -0.116037 0.160354 0.214878
v -0.112644 0.132448 0.210186
v -0.109038 0.153160 0.201931
v -0.097888 0.165588 0.204783
v -0.091348 0.156503 0.198136
v -0.091757 0.133448 0.195855
v -0.105299 0.126171 0.203994
v 0.134867 0.138486 0.398457
v 0.154114 0.156014 0.395179
v 0.138867 0.153770 0.406320
v 0.121469 0.135634 0.409232
v 0.150757 0.139389 0.387417
v 0.122716 0.152123 0.415191
v 0.112731 0.130445 0.418226
v 0.132180 0.158850 0.405238
v 0.146900 0.161402 0.394690
v 0.116084 0.158400 0.414184
v 0.161808 0.159406 0.380841
v 0.108997 0.151042 0.426934
v 0.097908 0.163533 0.424301
v 0.091389 0.154306 0.430851
v 0.091731 0.131221 0.432565
v 0.105323 0.124024 0.424361
v 0.169277 0.153716 0.380034
v 0.165175 0.154027 0.365094
v 0.164085 0.137424 0.376005
v 0.172916 0.145097 0.363977
v 0.166244 0.145266 0.351446
v 0.167846 0.129883 0.363154
v 0.175914 0.134772 0.348364
v 0.164761 0.121371 0.353311
v 0.173661 0.148509 0.337146
v 0.163432 0.113431 0.345041
v 0.184519 0.137340 0.335213
v 0.165219 0.109040 0.335787
v 0.172932 0.147864 0.330950
v 0.164833 0.111596 0.327191
v 0.183703 0.138259 0.328133
v 0.170634 0.144195 0.325647
v 0.159929 0.124417 0.318173
v 0.169631 0.138179 0.322986
v 0.159955 0.124489 0.310251
v 0.183710 0.138499 0.300472
v 0.169648 0.138304 0.305638
v 0.170676 0.144445 0.303031
v 0.164799 0.111911 0.300920
v 0.173015 0.148256 0.297871
v 0.184539 0.137785 0.293304
v 0.165280 0.109512 0.292332
v 0.173640 0.149001 0.291658
v 0.163416 0.114020 0.283054
v 0.175903 0.135390 0.280204
v 0.164772 0.122105 0.274929
v 0.166194 0.145990 0.277276
v 0.167759 0.130763 0.265216
v 0.172973 0.146052 0.264768
v 0.165202 0.155008 0.263827
v 0.164101 0.138624 0.252611
v 0.169349 0.154991 0.248827
v 0.161816 0.160697 0.248257
v 0.150767 0.140833 0.241179
v 0.154119 0.157550 0.233746
v 0.146922 0.162913 0.234361
v 0.134788 0.140079 0.230166
v 0.132202 0.160610 0.223809
v 0.138900 0.155528 0.222683
v 0.121459 0.137459 0.219323
v 0.122690 0.154019 0.213657
v 0.116013 0.160353 0.214843
v 0.112669 0.132357 0.210221
v 0.109039 0.153139 0.201893
v 0.097899 0.165629 0.204748
v 0.091370 0.156554 0.198114
v 0.091799 0.133443 0.195856
v 0.105293 0.126173 0.204002
v -0.087175 -0.007190 0.289456
v -0.087170 -0.007696 0.336372
v -0.116557 0.002626 0.336546
v -0.116589 0.003119 0.289497
v 0.087226 -0.007642 0.336398
v 0.087204 -0.007209 0.289400
v 0.116641 0.002622 0.336523
v 0.116592 0.003056 0.289487
v -0.134751 0.138509 0.398383
v -0.154112 0.155989 0.395147
v -0.150708 0.139453 0.387455
v -0.138922 0.153798 0.406257
v -0.121482 0.135652 0.409311
v -0.169258 0.153703 0.380070
v -0.164091 0.137424 0.375955
v -0.132240 0.158794 0.405237
v -0.146863 0.161410 0.394702
v -0.161796 0.159429 0.380836
v -0.165190 0.154047 0.365057
v -0.172948 0.145111 0.363924
v -0.166153 0.145313 0.351394
v -0.167824 0.129875 0.363216
v -0.175890 0.134776 0.348340
v -0.164835 0.121370 0.353374
v -0.173607 0.148564 0.337222
v -0.163410 0.113386 0.345096
v -0.184558 0.137322 0.335208
v -0.165185 0.109084 0.335773
v -0.172992 0.147896 0.330957
v -0.164773 0.111661 0.327178
v -0.183696 0.138256 0.328213
v -0.170620 0.144188 0.325690
v -0.159954 0.124435 0.318176
v -0.169671 0.138149 0.322988
v -0.179227 0.100555 0.337870
v -0.165246 0.109093 0.335725
v -0.179741 0.104443 0.331639
v -0.164762 0.111648 0.327169
v -0.165868 0.104265 0.341258
v -0.173909 0.096642 0.344253
v -0.196848 0.100060 0.330132
v -0.189847 0.094535 0.333358
v -0.184286 0.106210 0.327182
v -0.200505 0.100617 0.325209
v -0.187757 0.108092 0.322542
v -0.204857 0.104805 0.322522
v -0.159926 0.124350 0.318176
v -0.204757 0.103989 0.318664
v -0.175330 0.119547 0.317790
v -0.159918 0.124833 0.314174
v -0.202642 0.106253 0.313957
v -0.175366 0.119957 0.314108
v -0.175351 0.119628 0.310505
v -0.159923 0.124465 0.310156
v -0.204768 0.104057 0.309252
v -0.187789 0.108184 0.305500
v -0.204861 0.104908 0.305461
v -0.164829 0.111880 0.300927
v -0.200495 0.100810 0.302714
v -0.184276 0.106476 0.300745
v -0.196898 0.100321 0.297757
v -0.179766 0.104853 0.296303
v -0.165205 0.109513 0.292294
v -0.179210 0.101005 0.289981
v -0.165940 0.104802 0.286720
v -0.189838 0.094948 0.294367
v -0.173897 0.097169 0.283520
v -0.175714 0.092897 0.287138
v -0.183661 0.088145 0.292693
v -0.165477 0.081652 0.278793
v -0.168064 0.078149 0.283783
v -0.175433 0.074739 0.290704
v -0.163683 0.076319 0.277738
v -0.166130 0.072890 0.282727
v -0.174474 0.070273 0.289731
v -0.162668 0.062286 0.272055
v -0.181908 0.056837 0.284691
v -0.169074 0.058593 0.276957
v -0.164194 0.051169 0.267850
v -0.185209 0.047805 0.277962
v -0.173795 0.049022 0.271780
v -0.165573 0.038588 0.267919
v -0.198326 0.048283 0.283693
v -0.169021 0.036693 0.270435
v -0.164001 0.032588 0.271907
v -0.193049 0.040998 0.282473
v -0.186589 0.032762 0.277875
v -0.180803 0.021629 0.281575
v -0.174812 0.020838 0.277885
v -0.190395 0.028634 0.284286
v -0.196236 0.038726 0.286612
v 0.179188 0.100539 0.337871
v 0.165274 0.109088 0.335695
v 0.165935 0.104268 0.341242
v 0.173888 0.096687 0.344350
v 0.179732 0.104535 0.331702
v 0.164832 0.111593 0.327122
v 0.196897 0.100036 0.330139
v 0.189880 0.094526 0.333397
v 0.184334 0.106177 0.327263
v 0.200498 0.100641 0.325113
v 0.187794 0.108021 0.322554
v 0.204837 0.104710 0.322558
v 0.159970 0.124383 0.318165
v 0.204790 0.104043 0.318659
v 0.175406 0.119464 0.317784
v 0.159936 0.124799 0.314144
v 0.202686 0.106282 0.313987
v 0.175407 0.119973 0.314121
v 0.175356 0.119577 0.310504
v 0.159902 0.124472 0.310151
v 0.204773 0.104044 0.309313
v 0.187803 0.108269 0.305466
v 0.204864 0.104920 0.305444
v 0.164752 0.111894 0.300974
v 0.200549 0.100843 0.302763
v 0.184293 0.106469 0.300739
v 0.196905 0.100393 0.297803
v 0.179780 0.104785 0.296289
v 0.165292 0.109527 0.292310
v 0.179215 0.101014 0.290023
v 0.165919 0.104778 0.286641
v 0.189867 0.094870 0.294409
v 0.173899 0.097201 0.283502
v 0.175745 0.092797 0.287205
v 0.183742 0.088121 0.292687
v 0.165514 0.081593 0.278796
v 0.168092 0.078126 0.283744
v 0.175474 0.074803 0.290723
v 0.163621 0.076359 0.277778
v 0.166202 0.072795 0.282774
v 0.174564 0.070267 0.289780
v 0.162757 0.062267 0.271998
v 0.181942 0.056852 0.284725
v 0.169091 0.058562 0.276964
v 0.164170 0.051134 0.267872
v 0.185173 0.047766 0.277898
v 0.173879 0.049026 0.271772
v 0.165530 0.038586 0.267955
v 0.198342 0.048338 0.283694
v 0.169017 0.036710 0.270418
v 0.163992 0.032625 0.271868
v 0.193122 0.040956 0.282499
v 0.186657 0.032756 0.277834
v 0.180806 0.021551 0.281499
v 0.174796 0.020843 0.277866
v 0.190494 0.028584 0.284311
v 0.196240 0.038756 0.286614
v -0.125583 0.129438 0.374615
v -0.164092 0.137401 0.375963
v -0.132675 0.128322 0.365791
v -0.167800 0.129830 0.363184
v -0.150706 0.139448 0.387424
v -0.141446 0.123460 0.354429
v -0.114559 0.127837 0.384265
v -0.164783 0.121374 0.353348
v -0.134836 0.138515 0.398427
v -0.143012 0.118769 0.350960
v -0.104521 0.124550 0.391742
v -0.161497 0.110234 0.348273
v -0.121501 0.135654 0.409324
v -0.143956 0.111326 0.349536
v -0.098991 0.120441 0.397791
v -0.143915 0.104745 0.350389
v -0.112666 0.130423 0.418259
v -0.161063 0.102326 0.348792
v -0.096121 0.115790 0.401369
v -0.141459 0.099245 0.353204
v -0.105304 0.124053 0.424360
v -0.158520 0.094679 0.353048
v -0.105910 0.115783 0.425545
v -0.153598 0.089269 0.356824
v -0.094982 0.110512 0.403556
v -0.137003 0.096924 0.358182
v -0.094732 0.099051 0.405389
v -0.151305 0.083235 0.369699
v -0.104658 0.096427 0.428364
v -0.129800 0.093676 0.366985
v -0.114432 0.075778 0.421548
v -0.124449 0.088794 0.375825
v -0.099800 0.086849 0.401413
v -0.150764 0.076703 0.380173
v -0.124949 0.068501 0.414955
v -0.118078 0.082967 0.382837
v -0.103752 0.082913 0.398131
v -0.145533 0.068721 0.390282
v -0.134541 0.063992 0.407533
v -0.112225 0.079599 0.387524
v -0.107645 0.079706 0.393364
v -0.142169 0.064592 0.398309
v -0.125532 0.130547 0.253763
v -0.164025 0.138532 0.252647
v -0.150731 0.140810 0.241220
v -0.132658 0.129320 0.262596
v -0.114645 0.129171 0.244167
v -0.167786 0.130777 0.265253
v -0.134796 0.140103 0.230169
v -0.141510 0.124195 0.273829
v -0.104486 0.126103 0.236615
v -0.164767 0.122065 0.274996
v -0.121441 0.137485 0.219323
v -0.143047 0.119520 0.277267
v -0.099018 0.122059 0.230587
v -0.161417 0.110900 0.279790
v -0.112647 0.132458 0.210177
v -0.143933 0.111975 0.278559
v -0.096160 0.117362 0.226757
v -0.143882 0.105517 0.277551
v -0.105296 0.126135 0.204007
v -0.161000 0.102913 0.279183
v -0.105923 0.117840 0.202658
v -0.141458 0.100021 0.274686
v -0.094926 0.112245 0.224526
v -0.158499 0.095495 0.274664
v -0.094761 0.100784 0.222460
v -0.153549 0.090091 0.270896
v -0.104606 0.098619 0.199429
v -0.136995 0.097738 0.269657
v -0.114411 0.077876 0.205811
v -0.151306 0.084304 0.257898
v -0.099826 0.088547 0.226178
v -0.129825 0.094681 0.260832
v -0.124960 0.070488 0.212324
v -0.124439 0.089939 0.251847
v -0.103735 0.084423 0.229448
v -0.150742 0.077912 0.247238
v -0.134643 0.065781 0.219714
v -0.118049 0.084232 0.244777
v -0.107560 0.081248 0.234209
v -0.145523 0.070221 0.237047
v -0.142223 0.066168 0.228934
v -0.112200 0.080979 0.240013
v 0.132627 0.128318 0.365785
v 0.164086 0.137405 0.376022
v 0.125549 0.129426 0.374663
v 0.150757 0.139387 0.387446
v 0.167854 0.129827 0.363191
v 0.114634 0.127791 0.384292
v 0.141495 0.123472 0.354511
v 0.134770 0.138514 0.398380
v 0.164846 0.121358 0.353289
v 0.104531 0.124554 0.391814
v 0.143109 0.118757 0.350980
v 0.121481 0.135657 0.409268
v 0.161460 0.110199 0.348348
v 0.099060 0.120460 0.397789
v 0.143993 0.111307 0.349534
v 0.112749 0.130433 0.418307
v 0.143941 0.104761 0.350444
v 0.096177 0.115780 0.401373
v 0.161110 0.102253 0.348732
v 0.105294 0.124022 0.424283
v 0.141511 0.099245 0.353119
v 0.105996 0.115738 0.425556
v 0.158499 0.094763 0.353121
v 0.094995 0.110501 0.403560
v 0.153648 0.089284 0.356725
v 0.094734 0.099097 0.405412
v 0.137035 0.096940 0.358161
v 0.104615 0.096451 0.428342
v 0.151286 0.083253 0.369623
v 0.114500 0.075841 0.421562
v 0.129797 0.093660 0.366918
v 0.099828 0.086876 0.401442
v 0.124446 0.088852 0.375925
v 0.124897 0.068505 0.414997
v 0.150737 0.076679 0.380229
v 0.103798 0.082814 0.398160
v 0.118044 0.082951 0.382861
v 0.134602 0.063995 0.407512
v 0.145606 0.068776 0.390224
v 0.107636 0.079702 0.393387
v 0.112202 0.079529 0.387507
v 0.142261 0.064549 0.398282
v 0.125591 0.130513 0.253766
v 0.150774 0.140800 0.241145
v 0.164129 0.138545 0.252611
v 0.114575 0.129084 0.244142
v 0.132628 0.129246 0.262611
v 0.134836 0.140058 0.230209
v 0.167805 0.130813 0.265298
v 0.104506 0.126034 0.236549
v 0.141534 0.124204 0.273875
v 0.121526 0.137460 0.219336
v 0.164763 0.122123 0.274910
v 0.099076 0.122015 0.230504
v 0.143068 0.119556 0.277234
v 0.112664 0.132354 0.210206
v 0.161478 0.110910 0.279749
v 0.096183 0.117387 0.226747
v 0.143980 0.112059 0.278651
v 0.105250 0.126098 0.204068
v 0.143918 0.105519 0.277585
v 0.105992 0.117939 0.202701
v 0.161035 0.102923 0.279150
v 0.094964 0.112257 0.224488
v 0.141470 0.100044 0.274662
v 0.094737 0.100828 0.222518
v 0.158528 0.095510 0.274700
v 0.104583 0.098561 0.199397
v 0.153598 0.090099 0.270884
v 0.114495 0.077919 0.205852
v 0.137014 0.097772 0.269620
v 0.099848 0.088458 0.226137
v 0.151321 0.084230 0.257898
v 0.124922 0.070449 0.212296
v 0.129838 0.094698 0.260831
v 0.103796 0.084438 0.229444
v 0.124468 0.089966 0.251806
v 0.134640 0.065758 0.219766
v 0.150728 0.077937 0.247211
v 0.107592 0.081278 0.234181
v 0.118070 0.084240 0.244750
v 0.142266 0.066169 0.228947
v 0.145540 0.070238 0.237018
v 0.112197 0.080993 0.239950
v -0.211677 0.042070 0.325767
v -0.216173 0.037374 0.327779
v -0.212055 0.044183 0.331280
v -0.205264 0.046117 0.328163
v -0.215229 0.035388 0.322257
v -0.210518 0.042042 0.321962
v -0.214218 0.038923 0.317191
v -0.208604 0.044322 0.317869
v -0.214282 0.047604 0.313460
v -0.207598 0.054323 0.313483
v -0.205327 0.046389 0.298638
v -0.212119 0.044588 0.295524
v -0.211584 0.042254 0.301048
v -0.216133 0.037746 0.298954
v -0.215255 0.035503 0.304439
v -0.210583 0.042300 0.304802
v -0.214268 0.038980 0.309493
v -0.208570 0.044341 0.308936
v -0.214299 0.047621 0.313404
v -0.207627 0.054348 0.313475
v 0.211654 0.042016 0.325727
v 0.212096 0.044233 0.331352
v 0.216191 0.037450 0.327725
v 0.205268 0.046154 0.328180
v 0.215237 0.035383 0.322265
v 0.210524 0.042073 0.321935
v 0.214305 0.038956 0.317166
v 0.208629 0.044268 0.317867
v 0.214274 0.047585 0.313386
v 0.207677 0.054291 0.313515
v 0.205315 0.046388 0.298674
v 0.211653 0.042287 0.300978
v 0.212095 0.044545 0.295547
v 0.216143 0.037650 0.298900
v 0.215305 0.035500 0.304427
v 0.210504 0.042228 0.304856
v 0.214263 0.038935 0.309490
v 0.208651 0.044339 0.308967
v 0.214273 0.047631 0.313429
v 0.207626 0.054308 0.313493
v -0.087181 -0.007618 0.336405
v -0.051604 -0.000095 0.361626
v -0.080977 0.010181 0.361798
v -0.116552 0.002595 0.336474
v -0.028366 0.017945 0.381463
v -0.000026 0.007613 0.381403
v 0.000045 0.025312 0.388054
v -0.051562 0.000792 0.264325
v -0.087148 -0.007151 0.289426
v -0.080969 0.011133 0.264404
v -0.116541 0.003051 0.289568
v -0.028297 0.019297 0.244790
v 0.000022 0.008942 0.244692
v 0.000019 0.026759 0.238388
v 0.051607 -0.000063 0.361657
v 0.087197 -0.007602 0.336425
v 0.081022 0.010150 0.361786
v 0.116562 0.002682 0.336542
v 0.028351 0.017921 0.381546
v -0.000039 0.007698 0.381466
v -0.000044 0.025309 0.388033
v 0.080991 0.011067 0.264362
v 0.116602 0.003086 0.289547
v 0.087212 -0.007225 0.289463
v 0.051544 0.000831 0.264351
v 0.028312 0.019251 0.244851
v 0.000009 0.008911 0.244742
v 0.000017 0.026792 0.238420
v -0.040561 0.028954 0.382644
v -0.064944 0.032056 0.382752
v -0.072647 0.020203 0.380651
v -0.102409 0.023744 0.384451
v -0.100893 0.021306 0.376116
v -0.028313 0.017906 0.381560
v -0.018218 0.025316 0.388007
v -0.000031 0.025320 0.387997
v 0.000023 0.028869 0.398974
v 0.018286 0.025351 0.388057
v 0.028346 0.017903 0.381558
v 0.040564 0.029021 0.382673
v 0.072697 0.020199 0.380731
v 0.064899 0.032043 0.382746
v 0.102396 0.023744 0.384421
v 0.100966 0.021214 0.376076
v -0.072642 0.021442 0.245630
v -0.064870 0.033408 0.243875
v -0.040535 0.030358 0.243874
v -0.102450 0.025112 0.241979
v -0.100962 0.022433 0.250336
v -0.028345 0.019271 0.244865
v -0.018199 0.026817 0.238424
v 0.000042 0.026778 0.238406
v -0.000036 0.030477 0.227509
v 0.018306 0.026732 0.238425
v 0.028324 0.019232 0.244800
v 0.040543 0.030263 0.243822
v 0.072686 0.021461 0.245691
v 0.064924 0.033324 0.243881
v 0.102403 0.025047 0.241937
v 0.100893 0.022476 0.250254
v -0.065064 0.024015 0.405339
v -0.018354 0.024305 0.407633
v -0.059860 0.031997 0.419559
v -0.018611 0.029378 0.419031
v 0.000021 0.027941 0.405524
v -0.020804 0.034531 0.425242
v -0.018284 0.021999 0.398343
v -0.034407 0.050065 0.431657
v 0.000045 0.028780 0.399018
v -0.018283 0.025384 0.388022
v -0.040595 0.028938 0.382671
v -0.067507 0.052477 0.427701
v -0.055987 0.061274 0.434465
v -0.079816 0.042180 0.407501
v -0.040301 0.061841 0.437592
v -0.044580 0.079908 0.445434
v -0.035961 0.080383 0.447288
v -0.081352 0.033517 0.399427
v -0.064890 0.021786 0.396662
v -0.078811 0.028939 0.392231
v -0.064903 0.032056 0.382784
v -0.018353 0.026056 0.218827
v -0.065071 0.025819 0.221120
v -0.059811 0.034110 0.207030
v -0.018680 0.031355 0.207498
v 0.000003 0.029766 0.221056
v -0.020809 0.036614 0.201440
v -0.018230 0.023637 0.228128
v -0.000012 0.030500 0.227500
v -0.018227 0.026763 0.238435
v -0.034486 0.052349 0.195247
v -0.040533 0.030301 0.243853
v -0.079798 0.043955 0.219228
v -0.067516 0.054638 0.199215
v -0.081393 0.035177 0.227213
v -0.055972 0.063581 0.192761
v -0.040322 0.064236 0.189624
v -0.044546 0.082436 0.182135
v -0.035937 0.082930 0.180243
v -0.064905 0.023348 0.229744
v -0.078858 0.030416 0.234257
v -0.064941 0.033348 0.243905
v 0.059854 0.032054 0.419577
v 0.018708 0.029384 0.419059
v 0.018315 0.024294 0.407645
v -0.000020 0.027988 0.405450
v 0.020752 0.034484 0.425144
v 0.018278 0.021939 0.398317
v -0.000040 0.028813 0.398983
v 0.018240 0.025320 0.388041
v 0.040600 0.029010 0.382667
v 0.034426 0.050046 0.431660
v 0.064915 0.021755 0.396728
v 0.064969 0.032001 0.382784
v 0.078840 0.028932 0.392319
v 0.081359 0.033549 0.399352
v 0.065085 0.024044 0.405334
v 0.079782 0.042145 0.407589
v 0.067475 0.052484 0.427719
v 0.055995 0.061260 0.434397
v 0.040370 0.061884 0.437561
v 0.044601 0.079903 0.445399
v 0.035973 0.080342 0.447252
v 0.018707 0.031357 0.207563
v 0.059842 0.034093 0.207094
v 0.018331 0.026099 0.218836
v 0.000045 0.029768 0.221034
v 0.020743 0.036662 0.201414
v 0.034477 0.052318 0.195311
v 0.018228 0.023644 0.228115
v -0.000009 0.030421 0.227521
v 0.018279 0.026788 0.238385
v 0.040622 0.030306 0.243820
v 0.067545 0.054582 0.199266
v 0.056026 0.063586 0.192748
v 0.040299 0.064234 0.189570
v 0.044572 0.082386 0.182081
v 0.035995 0.082908 0.180229
v 0.079840 0.043967 0.219250
v 0.065159 0.025804 0.221172
v 0.081382 0.035208 0.227220
v 0.064954 0.023284 0.229768
v 0.078864 0.030345 0.234269
v 0.064892 0.033393 0.243870
v -0.165637 0.056370 0.328571
v -0.173603 0.046026 0.335491
v -0.164190 0.060537 0.330575
v -0.175118 0.049558 0.337335
v -0.165745 0.066885 0.332124
v -0.173268 0.045223 0.332668
v -0.157857 0.071635 0.326247
v -0.157601 0.069015 0.325385
v -0.157770 0.067583 0.324029
v -0.169032 0.054120 0.326115
v -0.182838 0.044997 0.328120
v -0.158463 0.067547 0.321748
v -0.159779 0.069116 0.319438
v -0.171641 0.050265 0.323886
v -0.182850 0.045000 0.328195
v -0.184799 0.041071 0.327246
v -0.174253 0.049488 0.320021
v -0.187994 0.038001 0.321959
v -0.193867 0.042726 0.317819
v -0.178508 0.053651 0.316835
v -0.199106 0.054292 0.313454
v -0.185183 0.065615 0.313557
v -0.161117 0.072019 0.317971
v -0.162580 0.075888 0.317338
v -0.182042 0.081434 0.313769
v -0.158958 0.076212 0.327040
v -0.163110 0.074358 0.330235
v -0.159348 0.077689 0.327270
v -0.163981 0.079536 0.329714
v -0.163757 0.079792 0.317263
v -0.160881 0.081984 0.326820
v -0.162141 0.085308 0.325867
v -0.164852 0.083792 0.317850
v -0.178576 0.089808 0.316184
v -0.168068 0.086891 0.328149
v -0.165390 0.086735 0.319099
v -0.175476 0.094849 0.318615
v -0.163507 0.087715 0.324309
v -0.170024 0.090773 0.325264
v -0.165221 0.088655 0.321184
v -0.172823 0.094530 0.321610
v -0.164466 0.088723 0.323707
v -0.170585 0.092070 0.323756
v 0.116617 0.002685 0.336523
v 0.140676 0.011826 0.290206
v 0.140598 0.011323 0.336010
v 0.118899 0.015678 0.357211
v 0.116645 0.003095 0.289538
v 0.080978 0.010184 0.361791
v 0.072630 0.020203 0.380706
v 0.028401 0.017912 0.381526
v 0.118953 0.016536 0.269132
v 0.080945 0.011103 0.264365
v 0.072690 0.021453 0.245665
v 0.028355 0.019256 0.244811
v -0.080998 0.010178 0.361807
v -0.028358 0.017960 0.381535
v -0.072613 0.020192 0.380727
v -0.118855 0.015718 0.357208
v -0.116605 0.002689 0.336461
v -0.140681 0.011301 0.336017
v -0.140651 0.011835 0.290144
v -0.116563 0.003134 0.289473
v -0.118832 0.016527 0.269124
v -0.081009 0.011074 0.264455
v -0.072673 0.021406 0.245636
v -0.028304 0.019271 0.244837
v -0.182135 0.081354 0.313709
v -0.162584 0.075866 0.310077
v -0.185208 0.065531 0.313615
v -0.157891 0.071903 0.301165
v -0.158972 0.076405 0.300359
v -0.165714 0.067175 0.295184
v -0.163176 0.074728 0.297190
v -0.159393 0.077983 0.300193
v -0.164070 0.079887 0.297784
v -0.163779 0.079818 0.310143
v -0.164888 0.083953 0.309750
v -0.160799 0.082236 0.300746
v -0.178641 0.089809 0.311561
v -0.162183 0.085517 0.301698
v -0.168113 0.087180 0.299422
v -0.165360 0.086883 0.308535
v -0.175540 0.094901 0.309164
v -0.163406 0.087964 0.303300
v -0.170080 0.091057 0.302422
v -0.164434 0.088918 0.303939
v -0.170609 0.092315 0.303922
v -0.165270 0.088867 0.306480
v -0.172875 0.094658 0.306172
v 0.185180 0.065615 0.313582
v 0.182075 0.081402 0.313715
v 0.162543 0.075797 0.317279
v 0.157821 0.071649 0.326244
v 0.158955 0.076219 0.327097
v 0.165769 0.066880 0.332086
v 0.163162 0.074423 0.330285
v 0.159413 0.077721 0.327241
v 0.164036 0.079557 0.329700
v 0.163795 0.079800 0.317324
v 0.164885 0.083837 0.317847
v 0.160825 0.081887 0.326794
v 0.178605 0.089748 0.316141
v 0.162232 0.085313 0.325887
v 0.168091 0.086913 0.328180
v 0.165334 0.086736 0.319038
v 0.175594 0.094898 0.318556
v 0.163453 0.087782 0.324319
v 0.170067 0.090803 0.325361
v 0.164494 0.088684 0.323710
v 0.170607 0.092062 0.323784
v 0.165277 0.088702 0.321133
v 0.172841 0.094598 0.321514
v 0.182064 0.081445 0.313796
v 0.185176 0.065568 0.313633
v 0.162580 0.075867 0.310148
v 0.157815 0.071843 0.301126
v 0.158961 0.076397 0.300302
v 0.165754 0.067259 0.295198
v 0.163194 0.074772 0.297133
v 0.159359 0.077965 0.300232
v 0.164085 0.079820 0.297834
v 0.163741 0.079908 0.310208
v 0.160905 0.082205 0.300728
v 0.162216 0.085512 0.301647
v 0.164827 0.083919 0.309808
v 0.178604 0.089825 0.311553
v 0.168159 0.087167 0.299470
v 0.165324 0.086928 0.308525
v 0.175494 0.094936 0.309202
v 0.163479 0.087993 0.303301
v 0.170107 0.091010 0.302410
v 0.165303 0.088772 0.306494
v 0.172858 0.094722 0.306167
v 0.164481 0.088896 0.303963
v 0.170666 0.092333 0.303943
v 0.038833 0.003303 0.271207
v -0.038761 0.003318 0.271130
v 0.000013 0.009119 0.256338
v 0.069244 -0.003221 0.292650
v -0.069178 -0.003211 0.292685
v -0.069173 -0.003570 0.333249
v 0.069168 -0.003585 0.333166
v 0.038810 0.002520 0.354882
v -0.038822 0.002501 0.354830
v 0.000008 0.008026 0.369799
v -0.069188 -0.003584 0.333246
v -0.038812 0.002499 0.354811
v -0.051527 -0.000060 0.361639
v -0.000015 0.008033 0.369744
v -0.087163 -0.007663 0.336420
v -0.000036 0.007656 0.381375
v -0.069184 -0.003260 0.292703
v 0.051621 -0.000148 0.361646
v -0.087178 -0.007219 0.289459
v 0.038829 0.002521 0.354851
v -0.051543 0.000809 0.264300
v 0.069163 -0.003619 0.333161
v -0.038774 0.003246 0.271159
v 0.087171 -0.007647 0.336364
v 0.000003 0.009105 0.256324
v 0.069169 -0.003271 0.292692
v -0.000035 0.009007 0.244670
v 0.087184 -0.007151 0.289407
v 0.051562 0.000836 0.264331
v 0.038779 0.003240 0.271155
v -0.173686 0.046520 0.291357
v -0.165606 0.056696 0.298569
v -0.164134 0.060892 0.296522
v -0.175176 0.050022 0.289641
v -0.173242 0.045617 0.294135
v -0.169013 0.054353 0.300902
v -0.182788 0.045278 0.298635
v -0.157791 0.067787 0.303218
v -0.157569 0.069255 0.301932
v -0.158496 0.067704 0.305473
v -0.171632 0.050417 0.303049
v -0.182844 0.045239 0.298632
v -0.184758 0.041363 0.299540
v -0.174258 0.049632 0.306953
v -0.187990 0.038119 0.304781
v -0.193887 0.042822 0.308902
v -0.159774 0.069247 0.307790
v -0.178609 0.053706 0.310186
v -0.199124 0.054289 0.313505
v -0.161072 0.072092 0.309383
v 0.173608 0.046100 0.335462
v 0.165627 0.056361 0.328508
v 0.164177 0.060601 0.330590
v 0.175174 0.049519 0.337289
v 0.173230 0.045163 0.332720
v 0.169033 0.054148 0.326104
v 0.182789 0.044942 0.328112
v 0.157735 0.067628 0.324038
v 0.157646 0.069022 0.325324
v 0.158556 0.067476 0.321700
v 0.171598 0.050234 0.323922
v 0.182778 0.045007 0.328169
v 0.184777 0.041108 0.327240
v 0.174267 0.049467 0.320019
v 0.188054 0.038016 0.321874
v 0.193878 0.042732 0.317871
v 0.159716 0.069151 0.319462
v 0.178524 0.053711 0.316835
v 0.199095 0.054308 0.313480
v 0.161167 0.071940 0.317969
v 0.173630 0.046449 0.291336
v 0.165648 0.056696 0.298523
v 0.173245 0.045563 0.294144
v 0.169071 0.054332 0.300934
v 0.182786 0.045277 0.298674
v 0.164157 0.060883 0.296532
v 0.175119 0.049961 0.289607
v 0.157807 0.067741 0.303209
v 0.157629 0.069229 0.301872
v 0.158474 0.067654 0.305553
v 0.159735 0.069197 0.307863
v 0.171675 0.050449 0.303062
v 0.182785 0.045294 0.298650
v 0.184814 0.041402 0.299509
v 0.174294 0.049613 0.306941
v 0.188087 0.038179 0.304794
v 0.193833 0.042912 0.308920
v 0.178527 0.053787 0.310158
v 0.199146 0.054243 0.313514
v 0.161109 0.072046 0.309424
v -0.116510 0.026753 0.390232
v -0.103652 0.024528 0.390680
v -0.117265 0.029786 0.394279
v -0.102445 0.023673 0.384409
v -0.078840 0.028876 0.392220
v -0.064888 0.032046 0.382765
v -0.105279 0.027712 0.395806
v -0.081375 0.033507 0.399383
v -0.103720 0.036415 0.403909
v -0.116192 0.037552 0.403104
v -0.112602 0.042953 0.416875
v -0.079827 0.042173 0.407565
v -0.097515 0.046690 0.424129
v -0.067487 0.052481 0.427715
v -0.103713 0.038057 0.222771
v -0.079777 0.043960 0.219237
v -0.081349 0.035161 0.227180
v -0.097533 0.048776 0.202686
v -0.067478 0.054623 0.199272
v -0.112561 0.044836 0.209887
v -0.116239 0.039284 0.223519
v -0.117288 0.031298 0.232300
v -0.105245 0.029275 0.230650
v -0.078853 0.030371 0.234238
v -0.103599 0.026032 0.235827
v -0.116476 0.028231 0.236206
v -0.102402 0.025069 0.241993
v -0.064922 0.033343 0.243806
v 0.117226 0.029748 0.394275
v 0.105333 0.027774 0.395796
v 0.103662 0.024521 0.390650
v 0.116523 0.026774 0.390273
v 0.102414 0.023693 0.384481
v 0.078861 0.028852 0.392257
v 0.064918 0.032087 0.382709
v 0.081357 0.033500 0.399454
v 0.103680 0.036366 0.403990
v 0.116214 0.037584 0.403149
v 0.112564 0.042917 0.416944
v 0.079788 0.042136 0.407547
v 0.097569 0.046616 0.424134
v 0.067508 0.052435 0.427703
v 0.105255 0.029276 0.230722
v 0.081410 0.035109 0.227273
v 0.103676 0.038138 0.222722
v 0.078848 0.030375 0.234303
v 0.079823 0.044006 0.219273
v 0.097527 0.048748 0.202730
v 0.067541 0.054618 0.199228
v 0.112624 0.044851 0.209900
v 0.116244 0.039261 0.223541
v 0.117222 0.031287 0.232251
v 0.103669 0.025964 0.235782
v 0.116503 0.028147 0.236238
v 0.102408 0.025116 0.241935
v 0.064930 0.033405 0.243857
v -0.046061 0.195403 0.443310
v -0.051751 0.165324 0.442584
v -0.042014 0.191579 0.451231
v -0.047253 0.163719 0.448239
v -0.044213 0.147266 0.444147
v -0.040562 0.147098 0.448149
v -0.026674 0.124418 0.447757
v -0.024019 0.125013 0.450217
v -0.042016 0.194146 0.178510
v -0.051684 0.167739 0.186578
v -0.046145 0.197771 0.186320
v -0.047198 0.166238 0.180901
v -0.044172 0.149715 0.184638
v -0.040541 0.149656 0.180670
v -0.026615 0.126957 0.180571
v -0.024045 0.127613 0.178209
v 0.051671 0.165316 0.442531
v 0.042012 0.191564 0.451139
v 0.047192 0.163692 0.448217
v 0.046162 0.195416 0.443390
v 0.044132 0.147246 0.444210
v 0.040585 0.147110 0.448189
v 0.026611 0.124440 0.447737
v 0.024037 0.125010 0.450176
v 0.051749 0.167686 0.186600
v 0.042050 0.194161 0.178441
v 0.046123 0.197821 0.186316
v 0.047269 0.166237 0.180857
v 0.044197 0.149750 0.184651
v 0.040505 0.149666 0.180603
v 0.026597 0.126952 0.180556
v 0.024100 0.127667 0.178132
v 0.000058 0.027999 0.405470
v -0.012289 0.030382 0.424038
v -0.018657 0.029337 0.419060
v -0.020781 0.034489 0.425242
v 0.012301 0.030420 0.424042
v 0.018666 0.029374 0.418977
v 0.020742 0.034458 0.425209
v 0.000046 0.029699 0.220985
v 0.012391 0.032458 0.202615
v 0.018638 0.031299 0.207512
v 0.020803 0.036642 0.201492
v -0.012373 0.032529 0.202535
v -0.018651 0.031387 0.207508
v -0.020783 0.036622 0.201444
v -0.012286 0.030421 0.423989
v 0.010267 0.030627 0.426172
v -0.010254 0.030610 0.426204
v -0.018721 0.034042 0.427108
v -0.020721 0.034514 0.425155
v 0.012342 0.030418 0.423994
v 0.018765 0.033997 0.427118
v 0.020826 0.034529 0.425187
v 0.012359 0.032490 0.202583
v -0.012361 0.032552 0.202547
v 0.010302 0.032736 0.200398
v 0.018819 0.036165 0.199564
v 0.020818 0.036624 0.201496
v -0.010324 0.032687 0.200399
v -0.018712 0.036177 0.199552
v -0.020783 0.036635 0.201482
v -0.040296 0.061833 0.437557
v -0.031135 0.073682 0.452036
v -0.035930 0.080385 0.447318
v -0.036831 0.058822 0.440824
v -0.034405 0.050058 0.431698
v -0.031645 0.048461 0.434310
v -0.018772 0.034054 0.427092
v -0.020790 0.034532 0.425182
v -0.031040 0.076305 0.175434
v -0.040364 0.064213 0.189634
v -0.035970 0.082938 0.180202
v -0.036841 0.061227 0.186289
v -0.034404 0.052250 0.195265
v -0.031589 0.050820 0.192680
v -0.018781 0.036214 0.199568
v -0.020788 0.036579 0.201503
v 0.040376 0.061807 0.437599
v 0.035974 0.080390 0.447294
v 0.031071 0.073668 0.451995
v 0.036839 0.058833 0.440809
v 0.034448 0.050069 0.431724
v 0.031616 0.048482 0.434263
v 0.018734 0.034057 0.427118
v 0.020757 0.034486 0.425208
v 0.031113 0.076324 0.175332
v 0.040346 0.064216 0.189575
v 0.036845 0.061270 0.186274
v 0.035940 0.082858 0.180228
v 0.034477 0.052259 0.195262
v 0.031625 0.050771 0.192662
v 0.018797 0.036178 0.199592
v 0.020831 0.036604 0.201481
v -0.174752 0.020192 0.348459
v -0.170827 0.022975 0.358682
v -0.163992 0.031869 0.354696
v -0.155397 0.034075 0.362872
v -0.163373 0.024806 0.366930
v -0.146896 0.024437 0.370249
v -0.174733 0.020919 0.277913
v -0.164021 0.032662 0.271938
v -0.170828 0.023821 0.267768
v -0.155388 0.035022 0.263766
v -0.163317 0.025819 0.259551
v -0.146947 0.025603 0.256180
v 0.174833 0.020236 0.348476
v 0.164054 0.031849 0.354635
v 0.170900 0.022989 0.358664
v 0.155339 0.034058 0.362872
v 0.163348 0.024747 0.366909
v 0.146936 0.024444 0.370218
v 0.174837 0.020848 0.277843
v 0.170812 0.023791 0.267766
v 0.164021 0.032613 0.271948
v 0.155365 0.034979 0.263761
v 0.163385 0.025844 0.259577
v 0.146883 0.025527 0.256240
v -0.141124 0.017709 0.368605
v -0.140849 0.016271 0.353116
v -0.123871 0.016932 0.372262
v -0.100968 0.021267 0.376101
v -0.122341 0.021575 0.379266
v -0.118923 0.015679 0.357203
v -0.072600 0.020196 0.380656
v -0.140592 0.011334 0.336033
v -0.167362 0.009132 0.336820
v -0.169070 0.014753 0.346512
v -0.180498 0.007903 0.319615
v -0.186024 0.008437 0.328346
v -0.180512 0.008022 0.306485
v -0.192548 0.007269 0.313090
v -0.140584 0.011807 0.290183
v -0.167360 0.009606 0.289365
v -0.186026 0.008732 0.297801
v -0.140843 0.017026 0.273120
v -0.168996 0.015463 0.279726
v -0.118878 0.016508 0.269045
v -0.100938 0.022448 0.250303
v -0.072679 0.021413 0.245704
v -0.123863 0.018018 0.254011
v -0.141200 0.018690 0.257671
v -0.122324 0.022828 0.247139
v 0.141147 0.017691 0.368552
v 0.123891 0.016912 0.372320
v 0.140880 0.016318 0.353194
v 0.100984 0.021240 0.376077
v 0.122333 0.021604 0.379274
v 0.118889 0.015665 0.357197
v 0.072651 0.020163 0.380687
v 0.140612 0.011309 0.336018
v 0.167331 0.009141 0.336813
v 0.169012 0.014814 0.346542
v 0.180520 0.007823 0.319684
v 0.186013 0.008450 0.328355
v 0.180611 0.007965 0.306413
v 0.192508 0.007228 0.313072
v 0.140649 0.011826 0.290148
v 0.167329 0.009612 0.289330
v 0.186012 0.008785 0.297804
v 0.140837 0.017000 0.273161
v 0.169023 0.015443 0.279813
v 0.118872 0.016497 0.269067
v 0.100904 0.022495 0.250316
v 0.072621 0.021426 0.245702
v 0.123886 0.018015 0.254073
v 0.122396 0.022833 0.247119
v 0.141219 0.018758 0.257691
v -0.026647 0.124392 0.447789
v -0.013171 0.120337 0.451556
v -0.024085 0.125038 0.450158
v -0.014885 0.119196 0.449860
v 0.013210 0.120315 0.451580
v 0.014920 0.119249 0.449848
v 0.026621 0.124361 0.447759
v 0.024048 0.125060 0.450170
v -0.026673 0.126966 0.180609
v -0.013148 0.122953 0.176686
v -0.014921 0.121751 0.178413
v -0.024068 0.127589 0.178193
v 0.013227 0.122932 0.176733
v 0.014935 0.121800 0.178448
v 0.026672 0.126920 0.180584
v 0.024039 0.127660 0.178180
v -0.182328 0.056798 0.337347
v -0.165800 0.066857 0.332061
v -0.175187 0.049547 0.337367
v -0.172208 0.070752 0.333966
v -0.197849 0.053228 0.337121
v -0.163079 0.074362 0.330282
v -0.199283 0.048414 0.336571
v -0.172982 0.074786 0.333137
v -0.173644 0.046058 0.335473
v -0.164020 0.079582 0.329694
v -0.173232 0.045213 0.332709
v -0.178705 0.082844 0.331981
v -0.205231 0.045908 0.332707
v -0.182782 0.044955 0.328186
v -0.205273 0.046096 0.328178
v -0.168134 0.086910 0.328179
v -0.184682 0.090066 0.330506
v -0.170028 0.090807 0.325348
v -0.190505 0.093838 0.327585
v -0.170595 0.092110 0.323701
v -0.194630 0.096399 0.323765
v -0.172884 0.094607 0.321601
v -0.197000 0.096250 0.321525
v -0.192908 0.095369 0.318604
v -0.175541 0.094797 0.318571
v -0.178574 0.089796 0.316096
v -0.193214 0.091474 0.316127
v -0.189770 0.085378 0.313801
v -0.182116 0.081416 0.313723
v -0.203635 0.083491 0.313736
v -0.182295 0.057235 0.289753
v -0.165740 0.067191 0.295193
v -0.172200 0.071158 0.293417
v -0.163157 0.074676 0.297171
v -0.175107 0.050036 0.289599
v -0.173066 0.075167 0.294200
v -0.197780 0.053738 0.289893
v -0.164015 0.079821 0.297765
v -0.199245 0.048877 0.290333
v -0.178706 0.083190 0.295619
v -0.173604 0.046513 0.291384
v -0.168127 0.087136 0.299448
v -0.173272 0.045581 0.294171
v -0.184747 0.090462 0.297254
v -0.205220 0.046231 0.294170
v -0.182826 0.045295 0.298655
v -0.205312 0.046351 0.298647
v -0.170052 0.091043 0.302365
v -0.190491 0.094121 0.300195
v -0.170590 0.092253 0.303970
v -0.194654 0.096611 0.304040
v -0.172839 0.094665 0.306190
v -0.196980 0.096462 0.306283
v -0.192856 0.095380 0.309149
v -0.175530 0.094986 0.309180
v -0.178613 0.089749 0.311558
v -0.193258 0.091508 0.311533
v -0.189755 0.085389 0.313762
v -0.203637 0.083475 0.313736
v -0.182111 0.081367 0.313757
v 0.165743 0.066875 0.332038
v 0.182331 0.056807 0.337318
v 0.175196 0.049510 0.337273
v 0.197802 0.053297 0.337112
v 0.172202 0.070730 0.333971
v 0.199284 0.048390 0.336505
v 0.163145 0.074420 0.330272
v 0.173641 0.046049 0.335516
v 0.173095 0.074824 0.333209
v 0.173319 0.045251 0.332670
v 0.164027 0.079560 0.329724
v 0.205245 0.045838 0.332670
v 0.182825 0.044947 0.328154
v 0.205328 0.046172 0.328192
v 0.178744 0.082908 0.331944
v 0.168142 0.086837 0.328210
v 0.184729 0.090077 0.330422
v 0.170076 0.090842 0.325312
v 0.190506 0.093825 0.327623
v 0.170619 0.092047 0.323745
v 0.194679 0.096352 0.323757
v 0.172894 0.094525 0.321610
v 0.197001 0.096310 0.321618
v 0.192958 0.095272 0.318617
v 0.175561 0.094879 0.318569
v 0.178618 0.089802 0.316104
v 0.193321 0.091416 0.316206
v 0.189730 0.085377 0.313761
v 0.203633 0.083409 0.313811
v 0.182074 0.081395 0.313810
v 0.165820 0.067245 0.295187
v 0.182300 0.057303 0.289720
v 0.172214 0.071177 0.293354
v 0.163176 0.074669 0.297183
v 0.175137 0.049991 0.289632
v 0.173033 0.075177 0.294184
v 0.197870 0.053749 0.289867
v 0.164022 0.079874 0.297750
v 0.199291 0.048891 0.290345
v 0.178777 0.083198 0.295646
v 0.173694 0.046510 0.291415
v 0.168100 0.087202 0.299472
v 0.173241 0.045572 0.294184
v 0.184731 0.090472 0.297226
v 0.205244 0.046281 0.294156
v 0.182824 0.045285 0.298717
v 0.205335 0.046434 0.298648
v 0.170117 0.091030 0.302403
v 0.190579 0.094147 0.300172
v 0.170589 0.092261 0.303957
v 0.194673 0.096577 0.304015
v 0.172840 0.094655 0.306242
v 0.196934 0.096473 0.306283
v 0.192892 0.095450 0.309235
v 0.175506 0.094972 0.309130
v 0.178616 0.089847 0.311488
v 0.193265 0.091471 0.311500
v 0.189699 0.085432 0.313841
v 0.203604 0.083423 0.313814
v 0.182066 0.081413 0.313800
v -0.208568 0.044266 0.317883
v -0.199149 0.054323 0.313536
v -0.207584 0.054361 0.313488
v -0.193865 0.042817 0.317900
v -0.210495 0.042097 0.321939
v -0.188048 0.037938 0.321900
v -0.211597 0.042100 0.325759
v -0.184786 0.041096 0.327219
v -0.205231 0.046133 0.328182
v -0.182813 0.044969 0.328104
v -0.199063 0.054281 0.313463
v -0.208572 0.044395 0.308898
v -0.207585 0.054307 0.313474
v -0.193875 0.042840 0.308941
v -0.210511 0.042220 0.304807
v -0.188029 0.038134 0.304821
v -0.211637 0.042311 0.300975
v -0.184711 0.041375 0.299540
v -0.205234 0.046352 0.298710
v -0.182858 0.045211 0.298693
v 0.208625 0.044259 0.317885
v 0.199085 0.054276 0.313518
v 0.193887 0.042726 0.317815
v 0.207603 0.054341 0.313515
v 0.210499 0.042127 0.321977
v 0.188091 0.037934 0.321912
v 0.211636 0.042098 0.325786
v 0.184788 0.041148 0.327228
v 0.205286 0.046088 0.328192
v 0.182866 0.044933 0.328181
v 0.208634 0.044435 0.308899
v 0.199140 0.054269 0.313555
v 0.207604 0.054312 0.313539
v 0.193863 0.042833 0.308918
v 0.210532 0.042292 0.304818
v 0.188046 0.038165 0.304762
v 0.211695 0.042327 0.301011
v 0.184748 0.041394 0.299493
v 0.205285 0.046420 0.298720
v 0.182775 0.045290 0.298719
v -0.122527 -0.012203 0.373322
v -0.130987 -0.021706 0.371900
v -0.141181 -0.012288 0.371591
v -0.119635 -0.022148 0.372852
v -0.114360 -0.031968 0.371077
v -0.121394 -0.002707 0.372628
v -0.145945 -0.004585 0.371126
v -0.147758 0.004215 0.369766
v -0.121572 0.007807 0.370960
v -0.141193 0.017664 0.368555
v -0.123896 0.016858 0.372262
v -0.122528 -0.011085 0.252443
v -0.131029 -0.020590 0.253658
v -0.119676 -0.020976 0.252713
v -0.114302 -0.030861 0.254332
v -0.141166 -0.011178 0.254115
v -0.121387 -0.001582 0.253313
v -0.145965 -0.003427 0.254807
v -0.147754 0.005258 0.256270
v -0.121615 0.008859 0.255251
v -0.141192 0.018773 0.257726
v -0.123831 0.017968 0.254013
v 0.122550 -0.012226 0.373311
v 0.131021 -0.021719 0.371863
v 0.119628 -0.022105 0.372842
v 0.114344 -0.031948 0.371058
v 0.141247 -0.012282 0.371664
v 0.121448 -0.002708 0.372572
v 0.145911 -0.004528 0.371109
v 0.147732 0.004192 0.369801
v 0.121641 0.007829 0.370945
v 0.141196 0.017642 0.368561
v 0.123889 0.016933 0.372273
v 0.130980 -0.020615 0.253742
v 0.122547 -0.011055 0.252415
v 0.119643 -0.021046 0.252708
v 0.114416 -0.030842 0.254348
v 0.141262 -0.011174 0.254124
v 0.121390 -0.001582 0.253264
v 0.145899 -0.003497 0.254855
v 0.147766 0.005316 0.256229
v 0.121641 0.008860 0.255252
v 0.141159 0.018745 0.257671
v 0.123865 0.017990 0.253992
v -0.172825 -0.034044 0.319966
v -0.174981 -0.048659 0.317648
v -0.185723 -0.034400 0.314564
v -0.165756 -0.048502 0.320204
v -0.161764 -0.058444 0.321191
v -0.176966 -0.012432 0.319946
v -0.190586 -0.012689 0.313433
v -0.192398 0.005921 0.313049
v -0.180567 0.007908 0.319691
v -0.192544 0.007231 0.313072
v -0.172853 -0.033879 0.305332
v -0.174935 -0.048622 0.307381
v -0.165738 -0.048415 0.304824
v -0.161744 -0.058351 0.303670
v -0.185787 -0.034334 0.310719
v -0.176932 -0.012239 0.305739
v -0.190537 -0.012710 0.312244
v -0.192414 0.005969 0.313059
v -0.180543 0.008043 0.306413
v -0.192471 0.007296 0.313066
v 0.174979 -0.048734 0.317678
v 0.172815 -0.033971 0.319943
v 0.185730 -0.034374 0.314538
v 0.165781 -0.048530 0.320212
v 0.161822 -0.058458 0.321207
v 0.176957 -0.012473 0.319972
v 0.190590 -0.012743 0.313525
v 0.192516 0.005970 0.313054
v 0.180557 0.007885 0.319699
v 0.192475 0.007280 0.313034
v 0.174917 -0.048597 0.307340
v 0.172878 -0.033872 0.305409
v 0.165759 -0.048331 0.304849
v 0.161764 -0.058276 0.303709
v 0.185758 -0.034332 0.310782
v 0.176933 -0.012337 0.305771
v 0.190573 -0.012715 0.312287
v 0.192509 0.005958 0.313064
v 0.180569 0.008006 0.306407
v 0.192534 0.007293 0.313058
v -0.120349 -0.056225 0.349448
v -0.108556 -0.082419 0.341444
v -0.145237 -0.054622 0.345891
v -0.092456 -0.083818 0.340833
v -0.076980 -0.099579 0.335717
v -0.137880 -0.027422 0.353658
v -0.164130 -0.027964 0.346903
v -0.141622 -0.002577 0.354186
v -0.168301 -0.003241 0.346985
v -0.169013 0.014758 0.346492
v -0.140802 0.016246 0.353175
v -0.120331 -0.055507 0.275473
v -0.108504 -0.081862 0.282872
v -0.092499 -0.083279 0.283506
v -0.077011 -0.099122 0.288421
v -0.145153 -0.054024 0.279120
v -0.137811 -0.026680 0.271761
v -0.164108 -0.027301 0.278492
v -0.141564 -0.001804 0.271734
v -0.168282 -0.002532 0.278955
v -0.168971 0.015387 0.279812
v -0.140835 0.016992 0.273137
v 0.108538 -0.082361 0.341514
v 0.120331 -0.056203 0.349488
v 0.145202 -0.054681 0.345809
v 0.092512 -0.083808 0.340905
v 0.077010 -0.099614 0.335742
v 0.137879 -0.027463 0.353721
v 0.164204 -0.027928 0.346946
v 0.141565 -0.002657 0.354197
v 0.168363 -0.003276 0.346977
v 0.169085 0.014738 0.346444
v 0.140893 0.016228 0.353117
v 0.108532 -0.081850 0.282929
v 0.120330 -0.055565 0.275427
v 0.092467 -0.083340 0.283562
v 0.077034 -0.099129 0.288327
v 0.145213 -0.054005 0.279106
v 0.137834 -0.026644 0.271825
v 0.164217 -0.027353 0.278476
v 0.141650 -0.001866 0.271721
v 0.168322 -0.002563 0.279020
v 0.168997 0.015467 0.279809
v 0.140892 0.017066 0.273094
v -0.114306 -0.031959 0.371018
v -0.119679 -0.022119 0.372936
v -0.119316 -0.022649 0.377376
v -0.122549 -0.012282 0.373287
v -0.119526 -0.012334 0.380799
v -0.121408 -0.002745 0.372604
v -0.119238 -0.000936 0.382064
v -0.121581 0.007839 0.370972
v -0.118977 0.011350 0.380570
v -0.123899 0.016920 0.372285
v -0.122362 0.021586 0.379301
v -0.114309 -0.030835 0.254279
v -0.119265 -0.021372 0.248174
v -0.119693 -0.021017 0.252723
v -0.122489 -0.011068 0.252447
v -0.119533 -0.011037 0.244954
v -0.121350 -0.001566 0.253279
v -0.119205 0.000414 0.243932
v -0.121623 0.008920 0.255232
v -0.118964 0.012627 0.245590
v -0.123848 0.018032 0.254055
v -0.122355 0.022817 0.247100
v 0.114390 -0.031954 0.371087
v 0.119270 -0.022608 0.377384
v 0.119684 -0.022144 0.372921
v 0.122552 -0.012300 0.373337
v 0.119541 -0.012329 0.380799
v 0.121388 -0.002764 0.372583
v 0.119234 -0.000971 0.382070
v 0.121621 0.007809 0.370897
v 0.118952 0.011296 0.380559
v 0.123831 0.016897 0.372241
v 0.122399 0.021559 0.379343
v 0.114398 -0.030869 0.254350
v 0.119635 -0.020968 0.252673
v 0.119272 -0.021433 0.248168
v 0.122498 -0.011080 0.252438
v 0.119605 -0.011052 0.244989
v 0.121393 -0.001573 0.253293
v 0.119261 0.000364 0.243948
v 0.121620 0.008866 0.255185
v 0.118961 0.012565 0.245635
v 0.123875 0.017959 0.254046
v 0.122385 0.022852 0.247116
v -0.140046 -0.027015 0.369204
v -0.141602 -0.002672 0.354159
v -0.143415 -0.002159 0.370269
v -0.141134 0.017666 0.368635
v -0.140828 0.016252 0.353195
v -0.137850 -0.027477 0.353659
v -0.123952 -0.057847 0.361919
v -0.120345 -0.056240 0.349499
v -0.097660 -0.085379 0.349031
v -0.092504 -0.083807 0.340899
v -0.076988 -0.099659 0.335724
v -0.137820 -0.026634 0.271793
v -0.139985 -0.025940 0.256180
v -0.141550 -0.001827 0.271687
v -0.143342 -0.000965 0.255701
v -0.141153 0.018774 0.257742
v -0.140872 0.017066 0.273148
v -0.123968 -0.056979 0.263016
v -0.120289 -0.055551 0.275401
v -0.097671 -0.084769 0.275369
v -0.092439 -0.083263 0.283520
v -0.076950 -0.099175 0.288421
v 0.140013 -0.027027 0.369269
v 0.143368 -0.002127 0.370283
v 0.141659 -0.002573 0.354208
v 0.141186 0.017719 0.368636
v 0.140879 0.016223 0.353137
v 0.137901 -0.027443 0.353642
v 0.123952 -0.057840 0.361826
v 0.120377 -0.056190 0.349510
v 0.097670 -0.085373 0.348988
v 0.092422 -0.083859 0.340841
v 0.077003 -0.099640 0.335674
v 0.137849 -0.026650 0.271767
v 0.141614 -0.001864 0.271777
v 0.140001 -0.025916 0.256223
v 0.143366 -0.001064 0.255752
v 0.141123 0.018683 0.257755
v 0.140843 0.017057 0.273093
v 0.123957 -0.056960 0.263022
v 0.120346 -0.055498 0.275420
v 0.097701 -0.084706 0.275340
v 0.092523 -0.083278 0.283577
v 0.076967 -0.099171 0.288417
v -0.155403 0.034022 0.362890
v -0.157135 0.033135 0.361337
v -0.164060 0.031787 0.354685
v -0.155372 0.034952 0.263817
v -0.164013 0.032573 0.271956
v -0.157111 0.034034 0.265222
v 0.155367 0.034050 0.362848
v 0.164055 0.031832 0.354719
v 0.157177 0.033103 0.361383
v 0.155341 0.034976 0.263772
v 0.157143 0.033978 0.265223
v 0.164046 0.032591 0.271910
v -0.178838 -0.033638 0.327327
v -0.176936 -0.012449 0.320011
v -0.183427 -0.012115 0.328528
v -0.180571 0.007833 0.319717
v -0.186063 0.008507 0.328333
v -0.172791 -0.034054 0.319950
v -0.169183 -0.048329 0.324335
v -0.165665 -0.048508 0.320173
v -0.161767 -0.058495 0.321150
v -0.178796 -0.033389 0.298001
v -0.176870 -0.012243 0.305781
v -0.172795 -0.033862 0.305313
v -0.183356 -0.011825 0.297124
v -0.180591 0.008009 0.306455
v -0.186025 0.008819 0.297816
v -0.169112 -0.048112 0.300626
v -0.165762 -0.048356 0.304893
v -0.161771 -0.058322 0.303619
v 0.178856 -0.033658 0.327309
v 0.183389 -0.012143 0.328592
v 0.176918 -0.012384 0.320020
v 0.180599 0.007867 0.319686
v 0.186020 0.008431 0.328343
v 0.172810 -0.034039 0.320007
v 0.169135 -0.048426 0.324351
v 0.165741 -0.048512 0.320196
v 0.161813 -0.058470 0.321188
v 0.183366 -0.011860 0.297156
v 0.178854 -0.033352 0.297954
v 0.176929 -0.012290 0.305752
v 0.180522 0.007967 0.306509
v 0.186072 0.008812 0.297851
v 0.172859 -0.033894 0.305318
v 0.169153 -0.048143 0.300635
v 0.165749 -0.048369 0.304818
v 0.161725 -0.058305 0.303635
v -0.167356 0.009183 0.336810
v -0.182650 -0.010417 0.329410
v -0.186042 0.008471 0.328269
v -0.161869 -0.010969 0.337367
v -0.177085 -0.033702 0.329615
v -0.165104 -0.011506 0.347469
v -0.169043 0.014749 0.346455
v -0.164670 -0.034638 0.344577
v -0.162386 -0.034134 0.336087
v -0.162394 -0.034113 0.336107
v -0.165736 -0.051050 0.330833
v -0.158802 -0.051382 0.333120
v -0.157267 -0.060103 0.331269
v -0.162612 -0.051716 0.338078
v -0.158851 -0.051341 0.333146
v -0.157318 -0.060107 0.331318
v -0.182696 -0.010164 0.296370
v -0.167365 0.009609 0.289350
v -0.186034 0.008755 0.297806
v -0.161781 -0.010490 0.288375
v -0.177149 -0.033378 0.295638
v -0.165116 -0.010802 0.278269
v -0.169031 0.015458 0.279744
v -0.164685 -0.034000 0.280703
v -0.162393 -0.033741 0.289197
v -0.162368 -0.033737 0.289164
v -0.165777 -0.050637 0.294122
v -0.158792 -0.050986 0.291842
v -0.157333 -0.059728 0.293469
v -0.162573 -0.051198 0.286880
v -0.158784 -0.050903 0.291913
v -0.157241 -0.059806 0.293574
v 0.182684 -0.010452 0.329474
v 0.167357 0.009127 0.336753
v 0.185993 0.008498 0.328281
v 0.161795 -0.010951 0.337410
v 0.177080 -0.033650 0.329707
v 0.165159 -0.011500 0.347489
v 0.169064 0.014736 0.346532
v 0.164672 -0.034573 0.344651
v 0.162415 -0.034186 0.336155
v 0.162378 -0.034146 0.336103
v 0.165767 -0.051077 0.330907
v 0.158770 -0.051321 0.333156
v 0.157359 -0.060065 0.331321
v 0.162643 -0.051683 0.338064
v 0.158869 -0.051370 0.333168
v 0.157309 -0.060082 0.331274
v 0.182625 -0.010107 0.296357
v 0.167325 0.009564 0.289397
v 0.161800 -0.010482 0.288345
v 0.186045 0.008822 0.297800
v 0.177136 -0.033316 0.295684
v 0.165167 -0.010820 0.278324
v 0.169074 0.015456 0.279807
v 0.164714 -0.033975 0.280686
v 0.162422 -0.033682 0.289175
v 0.162400 -0.033694 0.289217
v 0.165791 -0.050714 0.294126
v 0.158798 -0.050985 0.291828
v 0.157324 -0.059808 0.293550
v 0.162601 -0.051140 0.286871
v 0.158828 -0.050898 0.291843
v 0.157291 -0.059738 0.293534
vt 0.000000 0.000000
vn 0.0005 1.0000 0.0091
vn 0.0002 1.0000 0.0091
vn 0.0004 1.0000 0.0093
vn 0.0004 1.0000 0.0089
vn 0.0006 1.0000 0.0092
vn 0.0004 1.0000 0.0090
vn 0.0006 1.0000 0.0091
vn 0.0003 1.0000 0.0089
vn 0.0005 1.0000 0.0090
vn -0.3357 0.7837 0.5226
vn -0.1541 0.8557 0.4940
vn -0.1848 0.8499 0.4935
vn -0.3451 0.7845 0.5152
vn 0.1541 0.8557 0.4939
vn 0.1847 0.8499 0.4935
vn 0.3358 0.7837 0.5226
vn 0.3451 0.7845 0.5153
vn -0.1848 0.8592 -0.4772
vn -0.3357 0.7935 -0.5076
vn -0.3451 0.7941 -0.5002
vn -0.1541 0.8650 -0.4775
vn 0.1847 0.8591 -0.4772
vn 0.1541 0.8650 -0.4776
vn 0.3358 0.7935 -0.5076
vn 0.3451 0.7942 -0.5002
vn -0.3650 0.7219 0.5879
vn -0.1613 0.7642 0.6245
vn -0.2034 0.8741 0.4411
vn 0.1611 0.7640 0.6247
vn -0.4323 0.8826 0.1847
vn 0.2170 0.8696 0.4435
vn 0.3650 0.7219 0.5879
vn 0.4323 0.8826 0.1847
vn 0.2651 0.9333 0.2423
vn 0.4986 0.8386 0.2194
vn -0.2589 0.9361 0.2382
vn -0.4985 0.8386 0.2194
vn 0.4893 0.7651 0.4187
vn -0.4893 0.7651 0.4187
vn 0.2497 0.9232 0.2921
vn 0.4087 0.7866 0.4629
vn 0.2224 0.9250 0.3081
vn -0.2223 0.9250 0.3080
vn -0.2499 0.9230 0.2925
vn -0.4087 0.7866 0.4629
vn -0.4323 0.8860 -0.1678
vn -0.2034 0.8824 -0.4243
vn -0.3650 0.7330 -0.5740
vn -0.1613 0.7759 -0.6098
vn 0.1611 0.7758 -0.6101
vn -0.2650 0.9377 -0.2245
vn -0.4985 0.8427 -0.2034
vn 0.2276 0.8728 -0.4317
vn 0.3650 0.7330 -0.5740
vn 0.4323 0.8860 -0.1678
vn 0.2651 0.9377 -0.2245
vn 0.4986 0.8426 -0.2034
vn -0.4893 0.7729 -0.4040
vn 0.4893 0.7729 -0.4040
vn 0.2510 0.9284 -0.2741
vn 0.4087 0.7952 -0.4479
vn 0.2223 0.9307 -0.2903
vn -0.2520 0.9283 -0.2735
vn -0.2224 0.9307 -0.2905
vn -0.4087 0.7952 -0.4479
vn 0.4438 0.8726 -0.2039
vn 0.5953 0.3288 -0.7332
vn 0.8161 0.3617 -0.4507
vn 0.8637 -0.0241 -0.5034
vn 0.6240 -0.0067 -0.7814
vn 0.4403 0.8978 0.0081
vn 0.4555 0.8818 -0.1223
vn 0.4554 0.8793 0.1391
vn 0.4538 0.8911 0.0085
vn 0.3661 0.2581 -0.8941
vn 0.3813 0.0084 -0.9244
vn 0.4223 0.7999 -0.4264
vn 0.1808 0.0094 -0.9835
vn 0.4287 0.8193 -0.3808
vn 0.1561 0.2833 -0.9463
vn 0.0005 0.0090 -1.0000
vn 0.2580 0.7296 -0.6334
vn 0.0709 0.7346 -0.6748
vn 0.0005 0.2910 -0.9567
vn -0.0047 0.7356 -0.6774
vn -0.1595 0.2861 -0.9448
vn -0.1808 0.0094 -0.9835
vn 0.1197 0.8543 -0.5059
vn -0.0709 0.7346 -0.6748
vn -0.3643 0.2579 -0.8948
vn -0.3813 0.0084 -0.9244
vn -0.1206 0.8536 -0.5068
vn -0.6240 -0.0067 -0.7814
vn -0.2580 0.7296 -0.6334
vn 0.2542 0.7136 0.6528
vn 0.3900 0.7004 0.5978
vn 0.4291 0.8110 0.3976
vn 0.4119 0.7910 0.4523
vn 0.6970 0.5588 0.4495
vn 0.7673 0.6224 0.1547
vn 0.9282 0.3396 0.1523
vn 0.7720 0.6356 0.0056
vn 0.1003 0.6152 0.7820
vn -0.1000 0.6156 0.7817
vn 0.0823 0.7606 0.6440
vn -0.0824 0.7606 0.6440
vn -0.2745 0.6412 0.7166
vn 0.2745 0.6412 0.7166
vn -0.0905 0.5144 0.8527
vn -0.2168 0.5105 0.8321
vn -0.3442 0.5921 0.7287
vn 0.0905 0.5144 0.8527
vn -0.1447 0.3934 0.9079
vn 0.2160 0.5126 0.8310
vn 0.3442 0.5921 0.7287
vn 0.1447 0.3934 0.9079
vn -0.2427 0.4567 0.8559
vn -0.1480 0.3507 0.9247
vn 0.2597 0.4519 0.8534
vn 0.1480 0.3507 0.9247
vn -0.3055 0.4852 0.8193
vn -0.5052 0.5594 0.6571
vn -0.1648 0.4475 0.8790
vn -0.3435 0.4712 0.8124
vn -0.5546 0.3904 0.7348
vn -0.2043 0.5009 0.8411
vn -0.4497 0.1332 0.8832
vn -0.3246 0.2576 0.9101
vn -0.1923 0.3874 0.9016
vn -0.3239 0.0097 0.9460
vn -0.2997 0.0226 0.9538
vn -0.2640 -0.0047 0.9645
vn -0.2347 -0.0465 0.9710
vn -0.2735 0.1330 0.9526
vn -0.2977 0.0860 0.9508
vn -0.2146 0.1762 0.9607
vn -0.2082 0.2160 0.9540
vn -0.1556 0.1322 0.9789
vn -0.1820 -0.0160 0.9832
vn -0.1425 -0.0882 0.9859
vn -0.2019 -0.2660 0.9426
vn -0.2045 -0.2641 0.9426
vn -0.3250 0.2752 -0.9048
vn -0.2997 0.0408 -0.9532
vn -0.1923 0.4045 -0.8941
vn -0.2043 0.5167 -0.8314
vn -0.3239 0.0277 -0.9457
vn -0.2640 0.0137 -0.9644
vn -0.2347 -0.0280 -0.9717
vn -0.4497 0.1500 -0.8805
vn -0.2733 0.1510 -0.9500
vn -0.2977 0.1041 -0.9490
vn -0.2146 0.1944 -0.9572
vn -0.2082 0.2341 -0.9497
vn -0.1555 0.1509 -0.9762
vn -0.1820 0.0027 -0.9833
vn -0.1426 -0.0695 -0.9873
vn -0.2019 -0.2481 -0.9475
vn -0.2045 -0.2461 -0.9474
vn -0.3401 0.4881 -0.8038
vn -0.5546 0.4043 -0.7273
vn -0.5052 0.5718 -0.6463
vn -0.1648 0.4642 -0.8703
vn -0.3067 0.4974 -0.8115
vn -0.3442 0.6059 -0.7173
vn -0.1480 0.3683 -0.9179
vn -0.2456 0.4727 -0.8463
vn -0.1447 0.4107 -0.9002
vn -0.2168 0.5261 -0.8223
vn -0.2745 0.6547 -0.7043
vn -0.0905 0.5306 -0.8428
vn -0.1027 0.6280 -0.7714
vn -0.0824 0.7727 -0.6294
vn 0.0905 0.5305 -0.8428
vn 0.0823 0.7727 -0.6294
vn 0.0986 0.6322 -0.7685
vn 0.2745 0.6547 -0.7043
vn 0.2160 0.5283 -0.8211
vn -0.1442 -0.0843 0.9860
vn -0.1408 0.1027 0.9847
vn -0.1617 -0.0490 0.9856
vn -0.1206 -0.0320 0.9922
vn -0.1486 0.1609 0.9757
vn -0.1406 0.2979 0.9442
vn -0.1361 0.2930 0.9464
vn -0.1408 0.1214 -0.9826
vn -0.1442 -0.0655 -0.9874
vn -0.1617 -0.0302 -0.9864
vn -0.1206 -0.0131 -0.9926
vn -0.1486 0.1794 -0.9725
vn -0.1406 0.3159 -0.9383
vn -0.1361 0.3109 -0.9406
vn 0.1206 -0.0320 0.9922
vn 0.1408 0.1027 0.9847
vn 0.1486 0.1609 0.9757
vn 0.1442 -0.0843 0.9860
vn 0.1617 -0.0490 0.9856
vn 0.1406 0.2979 0.9442
vn 0.1361 0.2930 0.9464
vn 0.1408 0.1214 -0.9826
vn 0.1206 -0.0131 -0.9926
vn 0.1486 0.1794 -0.9725
vn 0.1442 -0.0655 -0.9874
vn 0.1617 -0.0302 -0.9864
vn 0.1406 0.3158 -0.9383
vn 0.1361 0.3109 -0.9406
vn 0.1139 -0.0668 0.9912
vn -0.1139 -0.0668 0.9912
vn 0.0004 0.1162 0.9932
vn 0.0006 0.1162 0.9932
vn 0.0005 0.0835 0.9965
vn -0.0000 -0.0363 0.9993
vn 0.0003 -0.0363 0.9993
vn 0.0677 -0.2947 0.9532
vn 0.2867 -0.0873 0.9540
vn -0.0678 -0.2948 0.9531
vn 0.3157 -0.0844 0.9451
vn -0.2867 -0.0874 0.9540
vn 0.4103 -0.0977 0.9067
vn -0.3157 -0.0844 0.9451
vn 0.4406 -0.0917 0.8930
vn -0.4103 -0.0977 0.9067
vn 0.5573 0.0033 0.8303
vn -0.4406 -0.0917 0.8930
vn 0.6392 0.1039 0.7620
vn -0.5573 0.0033 0.8303
vn 0.6385 0.1623 0.7523
vn -0.6392 0.1039 0.7620
vn 0.7092 0.2716 0.6506
vn 0.7652 0.3252 0.5556
vn 0.7953 0.3716 0.4790
vn -0.6385 0.1623 0.7523
vn -0.7092 0.2716 0.6506
vn -0.7652 0.3252 0.5556
vn -0.7953 0.3716 0.4790
vn -0.1139 -0.0479 -0.9923
vn 0.1139 -0.0479 -0.9923
vn 0.0006 0.1352 -0.9908
vn 0.0006 0.1351 -0.9908
vn 0.0005 0.1024 -0.9947
vn 0.0007 0.1025 -0.9947
vn -0.0000 -0.0172 -0.9999
vn 0.0677 -0.2766 -0.9586
vn -0.0678 -0.2766 -0.9586
vn 0.2867 -0.0692 -0.9555
vn -0.2867 -0.0692 -0.9555
vn 0.3157 -0.0664 -0.9465
vn -0.3157 -0.0664 -0.9465
vn 0.4103 -0.0804 -0.9084
vn -0.4103 -0.0804 -0.9084
vn 0.4406 -0.0747 -0.8946
vn -0.4406 -0.0747 -0.8946
vn 0.5573 0.0191 -0.8301
vn -0.5573 0.0191 -0.8301
vn 0.6392 0.1184 -0.7599
vn -0.6392 0.1184 -0.7599
vn 0.6385 0.1766 -0.7491
vn -0.6385 0.1766 -0.7491
vn 0.7092 0.2839 -0.6453
vn 0.7652 0.3357 -0.5493
vn 0.7953 0.3806 -0.4718
vn -0.7092 0.2839 -0.6453
vn -0.7652 0.3357 -0.5493
vn -0.7953 0.3806 -0.4718
vn 0.1447 0.4107 -0.9002
vn 0.3442 0.6059 -0.7173
vn 0.2427 0.4729 -0.8470
vn 0.1480 0.3683 -0.9179
vn 0.3055 0.5007 -0.8099
vn 0.5052 0.5718 -0.6463
vn 0.1648 0.4642 -0.8703
vn 0.3435 0.4866 -0.8033
vn 0.5546 0.4043 -0.7273
vn 0.2043 0.5168 -0.8314
vn 0.4497 0.1500 -0.8805
vn 0.3246 0.2749 -0.9050
vn 0.1923 0.4045 -0.8941
vn 0.3239 0.0277 -0.9457
vn 0.2997 0.0408 -0.9532
vn 0.2640 0.0137 -0.9644
vn 0.2347 -0.0280 -0.9717
vn 0.2735 0.1511 -0.9499
vn 0.2977 0.1041 -0.9490
vn 0.2146 0.1945 -0.9571
vn 0.2082 0.2341 -0.9497
vn 0.1555 0.1509 -0.9762
vn 0.1820 0.0027 -0.9833
vn 0.1426 -0.0695 -0.9873
vn 0.2019 -0.2481 -0.9475
vn 0.2045 -0.2461 -0.9474
vn 0.1648 0.4475 0.8790
vn 0.3440 0.4711 0.8122
vn 0.2043 0.5009 0.8411
vn 0.3255 0.2583 0.9096
vn 0.1923 0.3874 0.9016
vn 0.2997 0.0226 0.9538
vn 0.3239 0.0097 0.9460
vn 0.4497 0.1332 0.8832
vn 0.2640 -0.0047 0.9645
vn 0.5546 0.3904 0.7348
vn 0.2347 -0.0465 0.9710
vn 0.2733 0.1329 0.9527
vn 0.2977 0.0860 0.9508
vn 0.2146 0.1762 0.9607
vn 0.2082 0.2160 0.9539
vn 0.1556 0.1322 0.9789
vn 0.1820 -0.0160 0.9832
vn 0.1425 -0.0883 0.9859
vn 0.2019 -0.2661 0.9426
vn 0.2045 -0.2641 0.9426
vn 0.5052 0.5595 0.6571
vn 0.3068 0.4819 0.8208
vn -0.1557 0.2649 0.9516
vn 0.0005 0.2728 0.9621
vn 0.0005 -0.0100 1.0000
vn -0.1808 -0.0093 0.9835
vn 0.1595 0.2681 0.9501
vn 0.1808 -0.0093 0.9835
vn 0.0005 0.7223 0.6916
vn -0.3661 0.2410 0.8988
vn -0.3813 -0.0092 0.9244
vn -0.6240 -0.0216 0.7812
vn 0.3643 0.2409 0.8996
vn 0.3813 -0.0092 0.9244
vn 0.6240 -0.0216 0.7812
vn 0.0535 0.7232 0.6886
vn 0.5950 0.3149 0.7394
vn 0.8637 -0.0337 0.5029
vn 0.8167 0.3535 0.4560
vn 1.0000 -0.0005 -0.0005
vn 0.1206 0.8438 0.5230
vn 0.4440 0.8683 0.2210
vn 0.8924 0.4513 0.0038
vn -0.4402 0.8979 0.0082
vn -0.4555 0.8793 0.1391
vn -0.4440 0.8684 0.2208
vn -0.4117 0.7911 0.4524
vn -0.4538 0.8911 0.0085
vn -0.4554 0.8818 -0.1224
vn -0.7720 0.6356 0.0056
vn -0.4287 0.8119 0.3963
vn -0.2580 0.7174 0.6472
vn -0.7673 0.6224 0.1547
vn -0.0535 0.7231 0.6886
vn -0.1197 0.8445 0.5221
vn -0.3812 0.7048 0.5983
vn -0.7000 0.5585 0.4450
vn -0.9277 0.3403 0.1537
vn -0.5917 0.5024 0.6305
vn -0.2360 0.5464 0.8036
vn -0.8778 0.2289 0.4208
vn -0.9396 0.3422 0.0028
vn -0.6699 0.3862 0.6341
vn -0.9054 0.0960 0.4134
vn -0.3344 0.4285 0.8394
vn -0.3926 0.3615 0.8457
vn -0.2147 0.3737 0.9024
vn -0.2228 0.4786 0.8493
vn -0.1027 0.2919 0.9509
vn -0.1841 0.4658 0.8655
vn -0.2049 0.5137 0.8332
vn -0.1776 0.3282 0.9278
vn -0.1768 0.2641 0.9482
vn -0.1640 0.1133 0.9799
vn -0.1406 0.1243 0.9822
vn -0.1594 0.1207 0.9798
vn -0.1629 0.0869 0.9828
vn -0.1268 0.0808 0.9886
vn -0.1285 0.0838 0.9882
vn -0.0847 0.3187 0.9441
vn -0.0824 0.6377 0.7659
vn -0.0150 0.4228 0.9061
vn 0.0150 0.4228 0.9061
vn 0.0810 0.6385 0.7653
vn 0.0847 0.3187 0.9441
vn 0.2371 0.5458 0.8037
vn 0.1027 0.2919 0.9509
vn 0.3422 0.4224 0.8393
vn 0.2147 0.3737 0.9024
vn 0.5917 0.5024 0.6305
vn 0.3926 0.3615 0.8457
vn 0.2228 0.4786 0.8493
vn 0.6699 0.3862 0.6341
vn 0.1841 0.4658 0.8655
vn 0.2049 0.5137 0.8332
vn 0.1776 0.3282 0.9278
vn 0.1768 0.2641 0.9482
vn 0.1640 0.1133 0.9799
vn 0.1406 0.1243 0.9822
vn 0.1594 0.1207 0.9798
vn 0.1629 0.0870 0.9828
vn 0.1268 0.0808 0.9886
vn 0.1285 0.0838 0.9882
vn 0.8778 0.2289 0.4208
vn 0.9054 0.0960 0.4134
vn 0.8997 0.3320 0.2833
vn 0.7360 0.6770 -0.0009
vn 0.8775 0.4348 0.2023
vn 0.9840 0.1524 0.0922
vn 0.9767 0.1862 0.1071
vn 0.8632 0.4538 0.2214
vn 0.9942 0.0665 -0.0845
vn 0.9818 0.1900 0.0014
vn 0.9945 0.1045 0.0005
vn 0.9942 0.0649 0.0857
vn 0.9396 0.3422 0.0028
vn 0.9841 0.1531 -0.0904
vn 0.9767 0.1882 -0.1035
vn 0.9281 0.3425 -0.1460
vn 0.8775 0.4385 -0.1939
vn 0.8632 0.4579 -0.2127
vn 0.9003 0.3366 -0.2761
vn 0.7360 0.6769 0.0138
vn 0.9054 0.1039 -0.4115
vn 0.8774 0.2370 -0.4172
vn 0.6699 0.3982 -0.6267
vn 0.6989 0.5672 -0.4357
vn 0.5821 0.5196 -0.6254
vn 0.3344 0.4444 -0.8311
vn 0.3926 0.3776 -0.8386
vn 0.2147 0.3908 -0.8951
vn 0.2228 0.4947 -0.8400
vn 0.1841 0.4822 -0.8565
vn 0.2049 0.5294 -0.8232
vn 0.1027 0.3100 -0.9452
vn 0.1776 0.3458 -0.9214
vn 0.1768 0.2821 -0.9430
vn 0.1640 0.1319 -0.9776
vn 0.1406 0.1430 -0.9797
vn 0.1594 0.1394 -0.9773
vn 0.1629 0.1056 -0.9810
vn 0.1268 0.0996 -0.9869
vn 0.1284 0.1026 -0.9864
vn 0.2365 0.5614 -0.7931
vn 0.0847 0.3366 -0.9378
vn 0.0823 0.6521 -0.7537
vn 0.0150 0.4400 -0.8979
vn 0.3842 0.7148 -0.5843
vn -0.0805 0.6533 -0.7528
vn -0.0150 0.4400 -0.8979
vn -0.0847 0.3366 -0.9378
vn 0.7673 0.6252 -0.1427
vn -0.2371 0.5610 -0.7931
vn -0.1027 0.3100 -0.9452
vn -0.3843 0.7148 -0.5843
vn -0.3422 0.4383 -0.8311
vn -0.2147 0.3908 -0.8951
vn -0.5917 0.5144 -0.6208
vn -0.4291 0.8185 -0.3820
vn -0.4119 0.7995 -0.4372
vn -0.3926 0.3776 -0.8386
vn -0.2228 0.4947 -0.8400
vn -0.6699 0.3982 -0.6267
vn -0.1840 0.4822 -0.8565
vn -0.2049 0.5294 -0.8232
vn -0.1776 0.3458 -0.9214
vn -0.1768 0.2821 -0.9430
vn -0.1640 0.1319 -0.9776
vn -0.1406 0.1430 -0.9797
vn -0.1594 0.1394 -0.9773
vn -0.1629 0.1057 -0.9810
vn -0.1268 0.0996 -0.9869
vn -0.1284 0.1025 -0.9864
vn -0.8778 0.2369 -0.4163
vn -0.9054 0.1039 -0.4115
vn -0.7001 0.5669 -0.4342
vn -0.8997 0.3374 -0.2769
vn -0.7360 0.6769 0.0138
vn -0.8775 0.4385 -0.1939
vn -0.9840 0.1542 -0.0892
vn -0.9277 0.3432 -0.1472
vn -0.9767 0.1882 -0.1035
vn -0.8632 0.4579 -0.2127
vn -0.9942 0.0649 0.0857
vn -0.7673 0.6252 -0.1428
vn -0.9818 0.1900 0.0013
vn -0.9945 0.1045 0.0005
vn -0.9942 0.0665 -0.0845
vn -0.9840 0.1517 0.0930
vn -0.9767 0.1862 0.1071
vn -0.8775 0.4348 0.2023
vn -0.8632 0.4538 0.2214
vn -0.8997 0.3320 0.2833
vn -0.7360 0.6770 -0.0009
vn -0.6808 0.1451 0.7180
vn -0.5060 0.1023 0.8565
vn -0.4808 0.1780 0.8586
vn -0.7025 0.0645 0.7087
vn -0.6523 0.2401 0.7189
vn -0.4523 0.2331 0.8609
vn -0.1954 0.1355 0.9713
vn -0.2198 0.1114 0.9692
vn -0.6808 0.1587 -0.7151
vn -0.5060 0.1186 -0.8544
vn -0.7025 0.0779 -0.7074
vn -0.4802 0.1951 -0.8552
vn -0.6523 0.2538 -0.7142
vn -0.4523 0.2495 -0.8563
vn -0.1955 0.1540 -0.9685
vn -0.2198 0.1298 -0.9669
vn 0.5060 0.1023 0.8565
vn 0.6808 0.1451 0.7180
vn 0.4802 0.1788 0.8587
vn 0.7025 0.0645 0.7087
vn 0.6523 0.2401 0.7189
vn 0.4523 0.2331 0.8609
vn 0.1954 0.1355 0.9713
vn 0.2198 0.1114 0.9692
vn 0.5060 0.1186 -0.8544
vn 0.6808 0.1587 -0.7151
vn 0.7025 0.0779 -0.7074
vn 0.4808 0.1943 -0.8550
vn 0.6523 0.2538 -0.7142
vn 0.4523 0.2495 -0.8563
vn 0.1955 0.1540 -0.9685
vn 0.2198 0.1298 -0.9669
vn -0.5569 -0.1485 0.8172
vn -0.3992 -0.0567 0.9151
vn -0.5674 0.1785 0.8038
vn -0.4323 -0.0409 0.9008
vn -0.5917 0.1474 0.7926
vn -0.4058 0.1637 0.8992
vn -0.4588 0.5952 0.6597
vn -0.3665 0.5036 0.7823
vn -0.3606 -0.7528 0.5506
vn -0.4234 -0.7496 0.5087
vn -0.4116 -0.7569 0.5076
vn -0.3596 -0.7627 0.5375
vn -0.4670 -0.8527 0.2341
vn -0.4343 -0.8997 0.0441
vn -0.4731 -0.8810 -0.0088
vn -0.4936 -0.8697 -0.0087
vn -0.4343 -0.8987 -0.0613
vn -0.4670 -0.8481 -0.2503
vn -0.4116 -0.7471 -0.5220
vn -0.4234 -0.7398 -0.5229
vn -0.3606 -0.7422 -0.5649
vn -0.3596 -0.7523 -0.5520
vn 0.3606 -0.7528 0.5506
vn 0.4234 -0.7496 0.5087
vn 0.3596 -0.7627 0.5375
vn 0.4116 -0.7569 0.5076
vn 0.4670 -0.8527 0.2341
vn 0.4343 -0.8997 0.0441
vn 0.4731 -0.8810 -0.0088
vn 0.4936 -0.8697 -0.0087
vn 0.4343 -0.8987 -0.0613
vn 0.4670 -0.8481 -0.2503
vn 0.4116 -0.7471 -0.5220
vn 0.4234 -0.7398 -0.5229
vn 0.3606 -0.7422 -0.5649
vn 0.3596 -0.7523 -0.5520
vn -0.2572 0.4785 0.8396
vn -0.4253 0.3464 0.8361
vn -0.1748 0.5147 0.8393
vn -0.4146 0.3508 0.8397
vn 0.2572 0.4785 0.8396
vn 0.1748 0.5147 0.8393
vn 0.4253 0.3464 0.8361
vn 0.4146 0.3508 0.8397
vn -0.9150 -0.3528 0.1956
vn -0.2616 -0.5012 0.8248
vn -0.3743 -0.2492 0.8932
vn -0.1054 -0.1584 0.9817
vn -0.0459 -0.3727 0.9268
vn -0.4936 0.0689 0.8670
vn -0.2110 0.0503 0.9762
vn -0.4393 0.2316 0.8680
vn -0.2032 0.1491 0.9677
vn -0.9586 0.0684 0.2766
vn -0.8571 0.2502 0.4503
vn -0.9863 0.0532 -0.1562
vn -0.9629 0.0946 0.2527
vn -0.8362 -0.3131 -0.4502
vn -0.6364 -0.5898 -0.4970
vn -0.7088 -0.6923 0.1355
vn -0.5307 -0.7312 -0.4286
vn -0.5065 -0.8590 0.0742
vn -0.3271 -0.9184 0.2225
vn -0.1775 -0.7104 0.6811
vn 0.0083 -0.6119 0.7909
vn -0.4253 0.3622 -0.8294
vn -0.1748 0.5306 -0.8294
vn -0.4146 0.3667 -0.8329
vn -0.2572 0.4944 -0.8303
vn 0.1748 0.5306 -0.8294
vn 0.2572 0.4944 -0.8303
vn 0.4253 0.3622 -0.8294
vn 0.4146 0.3667 -0.8329
vn -0.9150 -0.3491 -0.2022
vn -0.2650 -0.4772 -0.8379
vn -0.7088 -0.6895 -0.1487
vn -0.6365 -0.5992 0.4857
vn -0.5307 -0.7392 0.4146
vn -0.8362 -0.3217 0.4442
vn -0.5062 -0.8577 -0.0906
vn -0.3267 -0.9142 -0.2399
vn -0.1776 -0.6972 -0.6945
vn 0.0082 -0.5968 -0.8023
vn -0.0459 -0.3551 -0.9337
vn -0.1054 -0.1397 -0.9846
vn -0.3742 -0.2335 -0.8975
vn -0.4943 0.0848 -0.8652
vn -0.2110 0.0689 -0.9751
vn -0.9586 0.0737 -0.2752
vn -0.4393 0.2480 -0.8634
vn -0.2031 0.1675 -0.9647
vn -0.9863 0.0502 0.1572
vn -0.8571 0.2587 -0.4455
vn -0.9629 0.0994 -0.2508
vn 0.2616 -0.5013 0.8248
vn 0.9154 -0.3525 0.1943
vn 0.3760 -0.2436 0.8940
vn 0.1054 -0.1584 0.9817
vn 0.0459 -0.3727 0.9268
vn 0.4943 0.0683 0.8666
vn 0.2110 0.0503 0.9762
vn 0.4393 0.2316 0.8680
vn 0.2032 0.1491 0.9677
vn 0.9589 0.0660 0.2760
vn 0.8571 0.2502 0.4503
vn 0.9863 0.0532 -0.1562
vn 0.9629 0.0946 0.2526
vn 0.8362 -0.3131 -0.4502
vn 0.6365 -0.5898 -0.4970
vn 0.7071 -0.6934 0.1385
vn 0.5307 -0.7312 -0.4287
vn 0.5062 -0.8592 0.0743
vn 0.3270 -0.9184 0.2225
vn 0.1764 -0.7114 0.6802
vn -0.0083 -0.6119 0.7909
vn 0.9150 -0.3491 -0.2022
vn 0.2616 -0.4854 -0.8342
vn 0.3743 -0.2322 -0.8978
vn 0.1054 -0.1397 -0.9846
vn 0.4936 0.0854 -0.8655
vn 0.2110 0.0689 -0.9751
vn 0.0459 -0.3550 -0.9337
vn 0.4393 0.2480 -0.8634
vn 0.2031 0.1675 -0.9647
vn 0.9586 0.0737 -0.2752
vn 0.8571 0.2587 -0.4455
vn 0.9863 0.0502 0.1572
vn 0.9629 0.0994 -0.2508
vn 0.8362 -0.3217 0.4442
vn 0.6365 -0.5992 0.4857
vn 0.7088 -0.6895 -0.1487
vn 0.5307 -0.7392 0.4146
vn 0.5065 -0.8575 -0.0906
vn 0.3267 -0.9142 -0.2399
vn 0.1775 -0.6973 -0.6945
vn -0.0082 -0.5968 -0.8023
vn -0.9730 -0.0189 -0.2298
vn -0.7681 -0.0688 0.6366
vn -0.7097 0.0199 0.7042
vn -0.4003 -0.0599 0.9144
vn -0.4406 -0.0102 0.8976
vn -0.3017 -0.2524 0.9194
vn -0.9426 -0.1122 -0.3144
vn -0.6823 -0.3825 0.6231
vn -0.6852 -0.1326 -0.7161
vn -0.6791 -0.0810 -0.7296
vn -0.6161 -0.1130 -0.7795
vn -0.4919 -0.3452 -0.7993
vn -0.4121 -0.5699 0.7109
vn -0.2459 -0.4110 0.8779
vn -0.3142 -0.5450 0.7774
vn -0.8369 -0.4490 -0.3131
vn -0.6217 -0.7653 -0.1668
vn -0.3600 -0.6022 -0.7125
vn -0.3175 -0.6671 -0.6740
vn -0.9730 -0.0233 0.2294
vn -0.7681 -0.0569 -0.6378
vn -0.9426 -0.1175 0.3126
vn -0.6853 -0.1463 0.7135
vn -0.6791 -0.0950 0.7279
vn -0.6161 -0.1278 0.7772
vn -0.4920 -0.3603 0.7925
vn -0.7097 0.0333 -0.7037
vn -0.4004 -0.0425 -0.9154
vn -0.4406 0.0069 -0.8977
vn -0.3017 -0.2349 -0.9240
vn -0.6854 -0.3662 -0.6294
vn -0.8430 -0.4404 0.3087
vn -0.4065 -0.5596 -0.7222
vn -0.2457 -0.3942 -0.8856
vn -0.3142 -0.5300 -0.7876
vn -0.6218 -0.7683 0.1522
vn -0.3600 -0.6157 0.7009
vn -0.3175 -0.6798 0.6611
vn 0.7681 -0.0689 0.6366
vn 0.9730 -0.0189 -0.2298
vn 0.7097 0.0200 0.7042
vn 0.4003 -0.0599 0.9144
vn 0.4406 -0.0102 0.8976
vn 0.3017 -0.2524 0.9194
vn 0.9426 -0.1115 -0.3148
vn 0.6853 -0.3781 0.6223
vn 0.6791 -0.0810 -0.7296
vn 0.6852 -0.1326 -0.7161
vn 0.6161 -0.1130 -0.7795
vn 0.4919 -0.3452 -0.7993
vn 0.4065 -0.5732 0.7115
vn 0.2458 -0.4110 0.8779
vn 0.3142 -0.5450 0.7774
vn 0.8389 -0.4446 -0.3138
vn 0.6217 -0.7653 -0.1668
vn 0.3600 -0.6022 -0.7125
vn 0.3175 -0.6670 -0.6740
vn 0.9730 -0.0233 0.2294
vn 0.7681 -0.0567 -0.6378
vn 0.7097 0.0333 -0.7037
vn 0.4004 -0.0425 -0.9154
vn 0.4406 0.0068 -0.8977
vn 0.3017 -0.2349 -0.9240
vn 0.9426 -0.1182 0.3122
vn 0.6823 -0.3705 -0.6302
vn 0.6790 -0.0950 0.7279
vn 0.6852 -0.1464 0.7135
vn 0.6161 -0.1278 0.7772
vn 0.4920 -0.3603 0.7925
vn 0.4121 -0.5562 -0.7217
vn 0.2457 -0.3942 -0.8856
vn 0.3142 -0.5300 -0.7876
vn 0.8369 -0.4549 0.3045
vn 0.6218 -0.7683 0.1522
vn 0.3600 -0.6157 0.7010
vn 0.3175 -0.6798 0.6611
vn -0.9263 -0.3635 0.0989
vn -0.7624 -0.5225 -0.3817
vn -0.7363 -0.6731 0.0693
vn -0.6862 -0.6275 -0.3680
vn -0.9404 -0.1133 -0.3207
vn -0.5273 -0.4127 0.7428
vn -0.9459 -0.0574 0.3193
vn -0.6374 -0.2668 0.7229
vn -0.4668 -0.2002 0.8614
vn -0.6718 -0.0993 0.7340
vn -0.4620 -0.1775 0.8689
vn -0.7624 -0.5297 0.3717
vn -0.7362 -0.6718 -0.0824
vn -0.6862 -0.6343 0.3560
vn -0.9257 -0.3628 -0.1070
vn -0.9404 -0.1193 0.3185
vn -0.5273 -0.3985 -0.7505
vn -0.9459 -0.0514 -0.3203
vn -0.6393 -0.2519 -0.7265
vn -0.4668 -0.1838 -0.8651
vn -0.6718 -0.0853 -0.7358
vn -0.4620 -0.1610 -0.8722
vn 0.7624 -0.5225 -0.3817
vn 0.9257 -0.3648 0.1000
vn 0.7362 -0.6732 0.0696
vn 0.6862 -0.6275 -0.3680
vn 0.9404 -0.1133 -0.3207
vn 0.5273 -0.4126 0.7428
vn 0.9459 -0.0575 0.3193
vn 0.6393 -0.2657 0.7216
vn 0.4668 -0.2002 0.8614
vn 0.6718 -0.0993 0.7340
vn 0.4620 -0.1775 0.8689
vn 0.6862 -0.6344 0.3560
vn 0.7362 -0.6718 -0.0824
vn 0.7624 -0.5297 0.3717
vn 0.9263 -0.3615 -0.1058
vn 0.9404 -0.1193 0.3185
vn 0.5273 -0.3985 -0.7505
vn 0.9459 -0.0514 -0.3203
vn 0.6374 -0.2530 -0.7278
vn 0.4668 -0.1838 -0.8651
vn 0.6718 -0.0853 -0.7358
vn 0.4620 -0.1610 -0.8722
vn -0.5950 0.3289 -0.7333
vn -0.8637 -0.0241 -0.5034
vn -0.8167 0.3621 -0.4492
vn -1.0000 -0.0005 -0.0005
vn -0.4438 0.8726 -0.2039
vn -0.8924 0.4513 0.0038
vn -0.8167 0.3535 0.4561
vn -0.8637 -0.0337 0.5029
vn -0.5942 0.3153 0.7399
vn -0.9561 0.0285 0.2918
vn -0.9957 -0.0396 0.0840
vn -0.4748 0.1095 0.8733
vn -0.9877 -0.1131 -0.1080
vn -0.8886 -0.1059 -0.4463
vn -0.6556 -0.2689 -0.7056
vn -0.9274 -0.3605 -0.0996
vn -0.4537 -0.3997 -0.7965
vn -0.6672 -0.6620 -0.3415
vn -0.4049 -0.9058 0.1251
vn -0.3966 -0.6824 0.6140
vn -0.0472 -0.5186 0.8537
vn -0.1115 -0.2385 0.9647
vn -0.5190 -0.3297 0.7886
vn -0.5523 0.0038 0.8336
vn -0.2392 -0.0301 0.9705
vn -0.2328 0.0615 0.9706
vn -0.9957 -0.0377 -0.0848
vn -0.9561 0.0340 -0.2912
vn -0.4748 0.1261 -0.8710
vn -0.8886 -0.1144 0.4443
vn -0.9877 -0.1151 0.1058
vn -0.6556 -0.2823 0.7004
vn -0.9279 -0.3616 0.0914
vn -0.4537 -0.4149 0.7887
vn -0.6901 -0.6432 0.3318
vn -0.4049 -0.9032 -0.1423
vn -0.4037 -0.6661 -0.6271
vn -0.0472 -0.5022 -0.8634
vn -0.1115 -0.2201 -0.9691
vn -0.5140 -0.3226 -0.7948
vn -0.5463 0.0127 -0.8375
vn -0.2392 -0.0117 -0.9709
vn -0.2328 0.0799 -0.9692
vn 0.4748 0.1095 0.8733
vn 0.5523 0.0038 0.8336
vn 0.9957 -0.0396 0.0840
vn 0.2392 -0.0301 0.9705
vn 0.2328 0.0615 0.9706
vn 0.1115 -0.2385 0.9647
vn 0.9561 0.0285 0.2918
vn 0.5183 -0.3311 0.7885
vn 0.8886 -0.1059 -0.4464
vn 0.9877 -0.1131 -0.1080
vn 0.6556 -0.2689 -0.7056
vn 0.9279 -0.3598 -0.0982
vn 0.4537 -0.3997 -0.7965
vn 0.4007 -0.6797 0.6144
vn 0.0472 -0.5186 0.8537
vn 0.6905 -0.6363 -0.3441
vn 0.4049 -0.9058 0.1251
vn 0.9957 -0.0380 -0.0848
vn 0.4748 0.1261 -0.8710
vn 0.9561 0.0340 -0.2912
vn 0.8886 -0.1144 0.4442
vn 0.9877 -0.1151 0.1058
vn 0.6556 -0.2823 0.7004
vn 0.9274 -0.3624 0.0927
vn 0.4537 -0.4149 0.7887
vn 0.6672 -0.6684 0.3288
vn 0.4049 -0.9032 -0.1423
vn 0.3966 -0.6706 -0.6268
vn 0.0472 -0.5022 -0.8634
vn 0.1115 -0.2201 -0.9691
vn 0.5190 -0.3146 -0.7948
vn 0.5515 0.0185 -0.8340
vn 0.2392 -0.0117 -0.9709
vn 0.2328 0.0799 -0.9692
vn -0.5606 -0.7222 0.4052
vn -0.5203 -0.7010 0.4878
vn -0.5243 -0.6973 0.4888
vn -0.5611 -0.7242 0.4009
vn -0.3229 -0.5583 0.7642
vn -0.4083 -0.5957 0.6917
vn -0.2187 -0.4422 0.8699
vn -0.1895 -0.4513 0.8720
vn -0.5606 -0.7143 -0.4188
vn -0.5203 -0.6915 -0.5011
vn -0.5611 -0.7164 -0.4146
vn -0.5243 -0.6879 -0.5020
vn -0.3229 -0.5438 -0.7746
vn -0.4083 -0.5824 -0.7029
vn -0.2187 -0.4256 -0.8781
vn -0.1895 -0.4346 -0.8805
vn 0.5203 -0.7010 0.4878
vn 0.5606 -0.7222 0.4052
vn 0.5243 -0.6973 0.4888
vn 0.5611 -0.7242 0.4009
vn 0.3229 -0.5583 0.7642
vn 0.4083 -0.5957 0.6917
vn 0.2187 -0.4422 0.8699
vn 0.1895 -0.4513 0.8720
vn 0.5203 -0.6915 -0.5011
vn 0.5606 -0.7143 -0.4188
vn 0.5611 -0.7164 -0.4146
vn 0.5243 -0.6879 -0.5020
vn 0.3229 -0.5437 -0.7747
vn 0.4083 -0.5824 -0.7029
vn 0.2187 -0.4256 -0.8781
vn 0.1895 -0.4346 -0.8805
vn -0.3784 0.0595 0.9237
vn -0.5472 0.1422 0.8248
vn -0.1722 -0.2006 0.9644
vn -0.0431 -0.1101 0.9930
vn -0.2760 -0.2561 0.9264
vn -0.1487 0.1245 0.9810
vn -0.4677 0.2404 0.8506
vn -0.1871 0.2783 0.9421
vn -0.7220 0.2071 0.6601
vn -0.7160 0.4673 0.5186
vn -0.6502 0.6552 0.3846
vn -0.6287 0.1721 0.7583
vn -0.3635 -0.2992 0.8822
vn -0.8808 -0.0818 0.4664
vn -0.7360 -0.5582 0.3831
vn -0.7505 0.5074 0.4235
vn -0.7009 -0.7114 -0.0510
vn -0.9141 -0.3242 0.2436
vn -0.9019 0.1000 0.4202
vn -0.6745 -0.7335 0.0836
vn -0.8665 -0.3439 0.3618
vn -0.7075 0.2575 0.6582
vn -0.7507 -0.6372 0.1743
vn -0.8836 -0.1528 0.4427
vn -0.6576 0.5121 0.5526
vn -0.8092 -0.5855 -0.0486
vn -0.9586 0.0404 0.2819
vn -0.8534 -0.5183 -0.0560
vn -0.6586 0.6221 0.4235
vn -0.7931 0.4884 0.3639
vn -0.6591 0.6306 0.4097
vn -0.7160 0.4771 -0.5096
vn -0.7220 0.2196 -0.6561
vn -0.3799 0.0760 -0.9219
vn -0.4677 0.2565 -0.8458
vn -0.1487 0.1432 -0.9785
vn -0.1871 0.2962 -0.9366
vn -0.0431 -0.0913 -0.9949
vn -0.1722 -0.1822 -0.9681
vn -0.5572 0.1549 -0.8158
vn -0.6502 0.6624 -0.3721
vn -0.2760 -0.2384 -0.9311
vn -0.6260 0.1790 -0.7590
vn -0.3635 -0.2824 -0.8878
vn -0.8828 -0.0767 -0.4635
vn -0.7360 -0.5507 -0.3936
vn -0.7505 0.5154 -0.4137
vn -0.7009 -0.7122 0.0375
vn -0.9150 -0.3111 -0.2571
vn -0.9019 0.1080 -0.4182
vn -0.6745 -0.7318 -0.0975
vn -0.8663 -0.3374 -0.3684
vn -0.7074 0.2700 -0.6532
vn -0.7508 -0.6337 -0.1864
vn -0.8833 -0.1437 -0.4462
vn -0.6576 0.5225 -0.5428
vn -0.8092 -0.5864 0.0375
vn -0.9589 0.0454 -0.2802
vn -0.8535 -0.5190 0.0462
vn -0.6586 0.6300 -0.4115
vn -0.7931 0.4952 -0.3546
vn -0.6591 0.6383 -0.3977
vn 0.3849 0.0529 0.9214
vn 0.1722 -0.2006 0.9644
vn 0.5542 0.1399 0.8206
vn 0.0431 -0.1101 0.9930
vn 0.2760 -0.2561 0.9264
vn 0.1487 0.1245 0.9810
vn 0.4677 0.2403 0.8506
vn 0.1871 0.2783 0.9421
vn 0.7220 0.2071 0.6602
vn 0.7160 0.4673 0.5186
vn 0.6502 0.6552 0.3846
vn 0.6260 0.1646 0.7623
vn 0.3635 -0.2992 0.8822
vn 0.8828 -0.0855 0.4619
vn 0.7360 -0.5582 0.3831
vn 0.7505 0.5074 0.4235
vn 0.7009 -0.7114 -0.0510
vn 0.9150 -0.3159 0.2511
vn 0.9019 0.1000 0.4202
vn 0.6745 -0.7335 0.0836
vn 0.8663 -0.3443 0.3620
vn 0.7074 0.2575 0.6582
vn 0.7507 -0.6372 0.1743
vn 0.8833 -0.1522 0.4433
vn 0.6576 0.5121 0.5526
vn 0.8092 -0.5855 -0.0486
vn 0.9589 0.0400 0.2810
vn 0.8535 -0.5180 -0.0561
vn 0.6586 0.6221 0.4235
vn 0.7931 0.4884 0.3639
vn 0.6591 0.6306 0.4097
vn 0.7160 0.4771 -0.5096
vn 0.3836 0.0722 -0.9207
vn 0.7220 0.2196 -0.6561
vn 0.4677 0.2565 -0.8458
vn 0.1487 0.1432 -0.9785
vn 0.1871 0.2962 -0.9366
vn 0.0431 -0.0912 -0.9949
vn 0.1722 -0.1822 -0.9681
vn 0.5542 0.1555 -0.8177
vn 0.6502 0.6624 -0.3721
vn 0.2760 -0.2384 -0.9311
vn 0.6287 0.1865 -0.7549
vn 0.3635 -0.2824 -0.8878
vn 0.8808 -0.0729 -0.4679
vn 0.7360 -0.5507 -0.3936
vn 0.7505 0.5154 -0.4137
vn 0.7009 -0.7122 0.0375
vn 0.9141 -0.3195 -0.2497
vn 0.9019 0.1080 -0.4182
vn 0.6745 -0.7318 -0.0975
vn 0.8665 -0.3370 -0.3683
vn 0.7074 0.2700 -0.6532
vn 0.7508 -0.6337 -0.1864
vn 0.8836 -0.1444 -0.4455
vn 0.6576 0.5225 -0.5428
vn 0.8092 -0.5864 0.0375
vn 0.9586 0.0458 -0.2811
vn 0.8535 -0.5190 0.0462
vn 0.6586 0.6300 -0.4115
vn 0.7931 0.4952 -0.3546
vn 0.6591 0.6383 -0.3977
vn -0.1593 -0.3890 0.9073
vn -0.1482 -0.5032 0.8514
vn -0.1449 -0.4449 0.8838
vn -0.1615 -0.3896 0.9067
vn -0.2206 -0.6351 0.7402
vn -0.2737 -0.7540 0.5971
vn -0.2327 -0.8153 0.5302
vn -0.1667 -0.8994 0.4040
vn -0.2869 -0.8537 0.4346
vn -0.1450 -0.4280 -0.8921
vn -0.1593 -0.3717 -0.9146
vn -0.1615 -0.3723 -0.9140
vn -0.1482 -0.4868 -0.8608
vn -0.2207 -0.6209 -0.7522
vn -0.2737 -0.7425 -0.6113
vn -0.2327 -0.8051 -0.5456
vn -0.1667 -0.8916 -0.4211
vn -0.2869 -0.8453 -0.4508
vn 0.1593 -0.3890 0.9073
vn 0.1449 -0.4449 0.8838
vn 0.1482 -0.5032 0.8514
vn 0.1615 -0.3896 0.9067
vn 0.2207 -0.6351 0.7402
vn 0.2737 -0.7540 0.5971
vn 0.2327 -0.8153 0.5302
vn 0.1667 -0.8994 0.4040
vn 0.2869 -0.8537 0.4346
vn 0.1593 -0.3717 -0.9146
vn 0.1450 -0.4280 -0.8921
vn 0.1615 -0.3723 -0.9140
vn 0.1482 -0.4868 -0.8608
vn 0.2207 -0.6209 -0.7522
vn 0.2738 -0.7425 -0.6113
vn 0.2327 -0.8051 -0.5456
vn 0.1667 -0.8916 -0.4211
vn 0.2869 -0.8453 -0.4508
vn 0.0238 -0.6206 0.7837
vn 0.0143 -0.5904 0.8070
vn 0.0212 -0.6189 0.7852
vn -0.0027 -0.5268 0.8500
vn -0.0080 -0.4994 0.8663
vn -0.0066 -0.5012 0.8653
vn -0.7131 -0.4305 -0.5533
vn -0.9827 -0.1849 -0.0020
vn -0.8866 -0.0259 -0.4618
vn -0.9411 0.3382 0.0027
vn -0.8519 -0.5237 -0.0054
vn -0.8866 -0.0347 0.4612
vn -0.7131 -0.4410 0.5450
vn 0.0238 -0.6056 -0.7954
vn 0.0143 -0.5749 -0.8181
vn -0.0027 -0.5105 -0.8599
vn 0.0212 -0.6039 -0.7968
vn -0.0079 -0.4826 -0.8758
vn -0.0066 -0.4846 -0.8747
vn -0.0143 -0.5904 0.8070
vn -0.0238 -0.6206 0.7837
vn -0.0212 -0.6189 0.7852
vn 0.0026 -0.5268 0.8500
vn 0.0080 -0.4994 0.8663
vn 0.0066 -0.5012 0.8653
vn 0.9827 -0.1849 -0.0019
vn 0.7131 -0.4305 -0.5533
vn 0.8866 -0.0259 -0.4618
vn 0.8519 -0.5237 -0.0054
vn 0.9411 0.3382 0.0027
vn 0.7131 -0.4410 0.5450
vn 0.8866 -0.0347 0.4612
vn -0.0143 -0.5749 -0.8181
vn -0.0238 -0.6056 -0.7954
vn 0.0026 -0.5105 -0.8599
vn -0.0212 -0.6039 -0.7968
vn 0.0079 -0.4826 -0.8758
vn 0.0066 -0.4846 -0.8747
vn -0.7036 -0.2935 -0.6471
vn -0.5104 -0.1981 -0.8368
vn -0.4335 -0.1271 -0.8921
vn -0.6656 -0.3592 -0.6541
vn -0.5240 -0.2189 -0.8231
vn -0.7771 -0.3364 -0.5319
vn -0.5832 -0.5352 -0.6111
vn -0.4170 -0.1894 -0.8889
vn -0.4042 -0.1588 -0.9008
vn -0.6516 -0.3675 -0.6636
vn -0.4623 -0.4379 -0.7710
vn -0.5520 -0.7114 -0.4350
vn -0.5183 -0.6857 -0.5110
vn -0.6374 -0.5205 -0.5681
vn -0.9396 -0.3421 0.0068
vn -0.7977 -0.5741 -0.1846
vn -0.5720 -0.7564 -0.3174
vn -0.9806 -0.1958 -0.0028
vn -0.8234 -0.5674 -0.0065
vn -0.6745 -0.5980 -0.4330
vn -0.7940 -0.6079 -0.0063
vn -0.6745 -0.6061 0.4215
vn -0.5720 -0.7623 0.3029
vn -0.9366 -0.1219 0.3284
vn -0.7975 -0.5782 0.1723
vn -0.5183 -0.6953 0.4979
vn -0.9944 -0.1056 -0.0018
vn -0.9858 -0.1678 -0.0019
vn -0.9366 -0.1156 -0.3309
vn -0.9396 -0.3419 -0.0133
vn -0.6334 -0.5346 0.5594
vn -0.6517 -0.3800 0.6565
vn -0.4682 -0.4478 0.7618
vn -0.5520 -0.7196 0.4214
vn -0.5832 -0.5467 0.6008
vn -0.4126 -0.2092 0.8866
vn -0.4042 -0.1759 0.8976
vn -0.4335 -0.1441 0.8895
vn -0.5245 -0.2341 0.8186
vn -0.6656 -0.3716 0.6472
vn -0.5104 -0.2141 0.8328
vn -0.7036 -0.3058 0.6415
vn -0.7707 -0.3625 0.5240
vn -0.7117 -0.3182 0.6263
vn -0.7624 -0.3877 0.5182
vn -0.4216 -0.3927 0.8173
vn -0.6390 -0.2044 0.7415
vn -0.6021 -0.0276 0.7979
vn -0.4386 0.3064 0.8449
vn -0.5065 -0.2844 0.8140
vn -0.2757 -0.4600 0.8440
vn -0.5170 0.0234 0.8556
vn -0.3346 -0.3294 0.8829
vn -0.3631 -0.2284 0.9033
vn -0.4563 0.5695 0.6837
vn -0.4948 0.2380 0.8358
vn -0.5507 0.2540 0.7951
vn -0.5781 0.4661 0.6697
vn -0.7113 0.3455 0.6121
vn -0.7491 0.1218 0.6511
vn -0.6378 0.2559 0.7265
vn -0.8502 -0.0248 0.5259
vn -0.6152 -0.1303 0.7775
vn -0.7161 -0.1767 0.6752
vn -0.7876 -0.2284 0.5723
vn -0.5229 -0.1450 0.8400
vn -0.6409 -0.0779 0.7636
vn 0.5151 -0.1924 -0.8352
vn 0.7036 -0.2935 -0.6471
vn 0.4335 -0.1271 -0.8921
vn 0.5218 -0.2200 -0.8242
vn 0.6656 -0.3593 -0.6541
vn 0.7707 -0.3525 -0.5308
vn 0.5832 -0.5352 -0.6111
vn 0.4143 -0.1912 -0.8898
vn 0.4042 -0.1588 -0.9008
vn 0.6516 -0.3675 -0.6636
vn 0.4718 -0.4312 -0.7691
vn 0.5520 -0.7114 -0.4350
vn 0.5183 -0.6857 -0.5110
vn 0.6340 -0.5234 -0.5693
vn 0.9396 -0.3421 0.0068
vn 0.7977 -0.5740 -0.1846
vn 0.5720 -0.7564 -0.3174
vn 0.9806 -0.1958 -0.0025
vn 0.8238 -0.5669 0.0025
vn 0.6745 -0.5980 -0.4330
vn 0.7940 -0.6079 -0.0063
vn 0.6745 -0.6061 0.4215
vn 0.5720 -0.7623 0.3029
vn 0.9366 -0.1219 0.3284
vn 0.7972 -0.5788 0.1714
vn 0.5183 -0.6953 0.4979
vn 0.9944 -0.1057 -0.0015
vn 0.9858 -0.1678 -0.0019
vn 0.9366 -0.1156 -0.3308
vn 0.9396 -0.3419 -0.0133
vn 0.6338 -0.5343 0.5593
vn 0.6517 -0.3800 0.6565
vn 0.4665 -0.4490 0.7621
vn 0.5520 -0.7196 0.4214
vn 0.5832 -0.5467 0.6008
vn 0.4165 -0.2067 0.8853
vn 0.4042 -0.1759 0.8976
vn 0.4335 -0.1441 0.8895
vn 0.5216 -0.2357 0.8200
vn 0.6656 -0.3716 0.6472
vn 0.5155 -0.2077 0.8314
vn 0.7036 -0.3058 0.6415
vn 0.7772 -0.3464 0.5254
vn 0.7155 -0.3179 0.6221
vn 0.6410 -0.2016 0.7406
vn 0.7628 -0.3870 0.5181
vn 0.4216 -0.3927 0.8174
vn 0.6021 -0.0276 0.7979
vn 0.4367 0.3068 0.8457
vn 0.5087 -0.2851 0.8124
vn 0.2758 -0.4600 0.8440
vn 0.5170 0.0234 0.8556
vn 0.3586 -0.3183 0.8776
vn 0.3631 -0.2284 0.9033
vn 0.4562 0.5696 0.6837
vn 0.4940 0.2366 0.8367
vn 0.5507 0.2540 0.7951
vn 0.5787 0.4654 0.6698
vn 0.7113 0.3455 0.6121
vn 0.7497 0.1259 0.6497
vn 0.6378 0.2559 0.7265
vn 0.8502 -0.0248 0.5259
vn 0.6152 -0.1303 0.7775
vn 0.7153 -0.1773 0.6760
vn 0.7876 -0.2284 0.5723
vn 0.5229 -0.1450 0.8400
vn 0.6399 -0.0783 0.7645
vn -0.6866 -0.0357 0.7261
vn -0.6048 0.0303 0.7958
vn -0.4958 0.1138 0.8609
vn -0.4939 0.1131 0.8621
vn -0.9537 -0.1350 0.2687
vn -0.9271 -0.1527 0.3423
vn -0.9708 -0.1705 -0.1685
vn -0.9862 -0.1176 -0.1163
vn -0.4958 0.1301 -0.8586
vn -0.6048 0.0455 -0.7951
vn -0.6866 -0.0219 -0.7267
vn -0.4940 0.1293 -0.8598
vn -0.9537 -0.1299 -0.2712
vn -0.9271 -0.1462 -0.3452
vn -0.9708 -0.1737 0.1652
vn -0.9862 -0.1198 0.1140
vn 0.6048 0.0303 0.7958
vn 0.6866 -0.0357 0.7261
vn 0.4958 0.1138 0.8609
vn 0.4939 0.1131 0.8621
vn 0.9537 -0.1350 0.2687
vn 0.9271 -0.1527 0.3423
vn 0.9708 -0.1705 -0.1685
vn 0.9862 -0.1176 -0.1163
vn 0.6866 -0.0219 -0.7267
vn 0.6048 0.0455 -0.7951
vn 0.4958 0.1301 -0.8586
vn 0.4940 0.1293 -0.8598
vn 0.9537 -0.1299 -0.2712
vn 0.9271 -0.1462 -0.3452
vn 0.9708 -0.1737 0.1652
vn 0.9862 -0.1198 0.1140
vn -0.8245 -0.5302 0.1978
vn -0.6990 -0.6380 0.3230
vn -0.6504 -0.6866 0.3248
vn -0.6396 -0.6694 0.3779
vn -0.7340 -0.6752 -0.0730
vn -0.6273 -0.7083 0.3237
vn -0.5781 -0.7210 0.3820
vn -0.6481 -0.6751 0.3524
vn -0.5942 -0.5880 0.5488
vn -0.5587 -0.5436 0.6264
vn -0.5653 -0.4806 0.6704
vn -0.5147 -0.3232 0.7941
vn -0.5576 -0.2669 0.7861
vn -0.4726 -0.3949 0.7879
vn -0.3328 -0.3282 0.8841
vn -0.4856 -0.4531 0.7476
vn -0.5208 -0.5639 0.6409
vn -0.5126 0.0891 0.8540
vn -0.5775 -0.0121 0.8163
vn -0.4444 0.2662 0.8553
vn -0.5339 0.1725 0.8278
vn -0.1637 -0.3995 0.9020
vn -0.2178 -0.1358 0.9665
vn -0.3285 -0.7877 0.5212
vn -0.3671 -0.9296 0.0342
vn -0.3217 -0.9468 0.0072
vn -0.0463 -0.1082 0.9930
vn -0.0453 -0.3105 0.9495
vn -0.1995 -0.1704 0.9650
vn -0.1367 -0.1314 0.9819
vn -0.4601 -0.4512 0.7647
vn -0.6140 -0.5794 0.5360
vn -0.6927 -0.6655 0.2779
vn -0.6946 -0.6644 0.2759
vn -0.4289 0.0300 0.9028
vn -0.4611 0.1934 0.8660
vn -0.8019 0.2381 0.5480
vn -0.8757 0.0723 0.4774
vn -0.6017 -0.1033 0.7920
vn -0.9848 0.1683 -0.0440
vn -0.9412 0.0212 0.3371
vn -0.8245 -0.5263 -0.2078
vn -0.6899 -0.6413 -0.3359
vn -0.6396 -0.6621 -0.3905
vn -0.5781 -0.7136 -0.3957
vn -0.6273 -0.7020 -0.3372
vn -0.6481 -0.6683 -0.3651
vn -0.6534 -0.6790 -0.3347
vn -0.5921 -0.5790 -0.5605
vn -0.5587 -0.5315 -0.6367
vn -0.7340 -0.6765 0.0602
vn -0.5653 -0.4677 -0.6795
vn -0.5147 -0.3081 -0.8001
vn -0.5612 -0.2558 -0.7872
vn -0.3327 -0.3113 -0.8902
vn -0.4726 -0.3799 -0.7952
vn -0.4795 -0.4387 -0.7601
vn -0.5208 -0.5516 -0.6515
vn -0.5289 0.1184 -0.8404
vn -0.5835 -0.0127 -0.8120
vn -0.5459 -0.2378 -0.8034
vn -0.4444 0.2824 -0.8501
vn -0.3285 -0.7776 -0.5361
vn -0.3671 -0.9287 -0.0519
vn -0.3217 -0.9465 -0.0252
vn -0.1636 -0.3823 -0.9094
vn -0.0463 -0.0893 -0.9949
vn -0.0453 -0.2924 -0.9552
vn -0.1995 -0.1520 -0.9680
vn -0.1367 -0.1126 -0.9842
vn -0.4601 -0.4365 -0.7731
vn -0.6140 -0.5691 -0.5469
vn -0.6926 -0.6601 -0.2906
vn -0.6945 -0.6591 -0.2885
vn -0.2178 -0.1173 -0.9689
vn -0.4121 0.0264 -0.9107
vn -0.4611 0.2098 -0.8622
vn -0.8019 0.2485 -0.5433
vn -0.8773 0.0753 -0.4739
vn -0.6017 -0.0882 -0.7938
vn -0.9848 0.1674 0.0472
vn -0.9412 0.0276 -0.3366
vn 0.6955 -0.6415 0.3236
vn 0.8245 -0.5302 0.1978
vn 0.6534 -0.6853 0.3217
vn 0.6396 -0.6694 0.3779
vn 0.7340 -0.6752 -0.0730
vn 0.6273 -0.7083 0.3237
vn 0.5781 -0.7210 0.3820
vn 0.6481 -0.6751 0.3524
vn 0.5921 -0.5895 0.5494
vn 0.5587 -0.5436 0.6264
vn 0.5653 -0.4806 0.6704
vn 0.5147 -0.3232 0.7941
vn 0.5612 -0.2707 0.7822
vn 0.3327 -0.3282 0.8841
vn 0.4726 -0.3949 0.7879
vn 0.4795 -0.4531 0.7516
vn 0.5208 -0.5639 0.6409
vn 0.5289 0.1024 0.8425
vn 0.5835 -0.0281 0.8117
vn 0.5459 -0.2530 0.7987
vn 0.4444 0.2662 0.8554
vn 0.1637 -0.3995 0.9020
vn 0.2178 -0.1358 0.9665
vn 0.3285 -0.7877 0.5212
vn 0.3671 -0.9296 0.0342
vn 0.3217 -0.9468 0.0072
vn 0.0463 -0.1082 0.9930
vn 0.0453 -0.3105 0.9495
vn 0.1995 -0.1704 0.9650
vn 0.1367 -0.1314 0.9819
vn 0.4601 -0.4512 0.7647
vn 0.6140 -0.5794 0.5360
vn 0.6927 -0.6655 0.2779
vn 0.6946 -0.6644 0.2759
vn 0.4121 0.0091 0.9111
vn 0.4611 0.1934 0.8660
vn 0.8019 0.2381 0.5480
vn 0.8773 0.0663 0.4753
vn 0.6017 -0.1033 0.7920
vn 0.9848 0.1683 -0.0440
vn 0.9412 0.0212 0.3371
vn 0.6955 -0.6353 -0.3358
vn 0.8245 -0.5263 -0.2078
vn 0.6396 -0.6621 -0.3905
vn 0.5781 -0.7136 -0.3957
vn 0.6273 -0.7020 -0.3372
vn 0.6481 -0.6683 -0.3651
vn 0.6504 -0.6803 -0.3378
vn 0.5942 -0.5774 -0.5599
vn 0.5587 -0.5315 -0.6367
vn 0.7340 -0.6765 0.0602
vn 0.5653 -0.4677 -0.6795
vn 0.5147 -0.3081 -0.8001
vn 0.5576 -0.2519 -0.7910
vn 0.4726 -0.3799 -0.7952
vn 0.3327 -0.3113 -0.8902
vn 0.4856 -0.4388 -0.7561
vn 0.5208 -0.5516 -0.6515
vn 0.5126 0.1053 -0.8521
vn 0.5775 0.0034 -0.8164
vn 0.4444 0.2824 -0.8501
vn 0.5339 0.1882 -0.8244
vn 0.1636 -0.3823 -0.9094
vn 0.2178 -0.1173 -0.9689
vn 0.3285 -0.7776 -0.5361
vn 0.3671 -0.9287 -0.0519
vn 0.3217 -0.9465 -0.0252
vn 0.0463 -0.0893 -0.9949
vn 0.0453 -0.2924 -0.9552
vn 0.1995 -0.1520 -0.9680
vn 0.1367 -0.1126 -0.9842
vn 0.4601 -0.4365 -0.7731
vn 0.6140 -0.5691 -0.5469
vn 0.6926 -0.6601 -0.2906
vn 0.6945 -0.6591 -0.2885
vn 0.4289 0.0471 -0.9021
vn 0.4611 0.2098 -0.8622
vn 0.8019 0.2485 -0.5433
vn 0.8757 0.0814 -0.4759
vn 0.6017 -0.0882 -0.7938
vn 0.9848 0.1674 0.0472
vn 0.9412 0.0276 -0.3366
vn -0.8519 0.5235 -0.0122
vn -0.8660 0.3959 0.3056
vn -0.7629 0.5107 0.3964
vn -0.6458 0.2392 0.7251
vn -0.9419 0.3358 0.0031
vn -0.6279 0.3610 0.6895
vn -0.4402 0.2195 0.8706
vn -0.7298 0.6809 0.0603
vn -0.6864 0.6280 0.3667
vn -0.8222 0.5674 -0.0462
vn -0.6013 0.4852 0.6348
vn -0.3918 0.3025 0.8689
vn -0.4761 0.3061 0.8244
vn -0.3585 0.4207 0.8334
vn -0.4339 0.5055 0.7458
vn -0.4813 0.7152 0.5068
vn -0.9032 0.4112 0.1234
vn -0.8131 0.5548 0.1764
vn -0.9300 0.2847 0.2326
vn -0.8502 0.4419 0.2862
vn -0.8886 0.4035 0.2182
vn -0.8991 0.4368 0.0297
vn -0.7670 0.6279 0.1322
vn -0.9664 0.1872 -0.1762
vn -0.9044 0.4166 -0.0921
vn -0.7818 0.6230 -0.0256
vn -0.9693 -0.0743 -0.2343
vn -0.8013 0.5982 0.0052
vn -0.8949 0.4462 -0.0020
vn -0.9989 -0.0476 -0.0010
vn -0.9044 0.4148 0.1003
vn -0.7818 0.6224 0.0375
vn -0.7670 0.6303 -0.1202
vn -0.9693 -0.0787 0.2328
vn -0.9235 -0.3836 -0.0053
vn -0.8957 -0.2741 -0.3502
vn -0.8797 -0.3979 -0.2603
vn -0.9146 -0.4043 -0.0043
vn -0.8797 -0.4028 0.2527
vn -0.8957 -0.2807 0.3449
vn -0.9664 0.1838 0.1797
vn -0.8979 0.4398 -0.0202
vn -0.8886 0.4076 -0.2105
vn -0.8131 0.5581 -0.1658
vn -0.8473 0.4550 -0.2739
vn -0.9300 0.2891 -0.2272
vn -0.9031 0.4138 -0.1147
vn -0.8222 0.5664 0.0570
vn -0.9419 0.3358 0.0033
vn -0.8519 0.5232 0.0224
vn -0.7298 0.6820 -0.0474
vn -0.8660 0.4016 -0.2980
vn -0.7629 0.5182 -0.3867
vn -0.6864 0.6348 -0.3547
vn -0.6458 0.2530 -0.7204
vn -0.6279 0.3741 -0.6825
vn -0.6013 0.4971 -0.6255
vn -0.4402 0.2360 -0.8663
vn -0.3918 0.3190 -0.8630
vn -0.4753 0.3232 -0.8183
vn -0.3585 0.4365 -0.8252
vn -0.4339 0.5196 -0.7360
vn -0.4810 0.7249 -0.4931
vn 0.8660 0.3959 0.3056
vn 0.8517 0.5239 -0.0139
vn 0.7627 0.5123 0.3948
vn 0.9419 0.3358 0.0031
vn 0.6458 0.2392 0.7251
vn 0.7298 0.6809 0.0603
vn 0.8222 0.5674 -0.0462
vn 0.6864 0.6280 0.3667
vn 0.9032 0.4112 0.1234
vn 0.9300 0.2847 0.2326
vn 0.8131 0.5548 0.1764
vn 0.6279 0.3610 0.6895
vn 0.6013 0.4852 0.6348
vn 0.4402 0.2195 0.8706
vn 0.3918 0.3025 0.8689
vn 0.4753 0.3076 0.8243
vn 0.3585 0.4207 0.8334
vn 0.4339 0.5055 0.7458
vn 0.4813 0.7152 0.5068
vn 0.8494 0.4443 0.2850
vn 0.8886 0.4035 0.2182
vn 0.8989 0.4372 0.0295
vn 0.7670 0.6279 0.1322
vn 0.9664 0.1872 -0.1762
vn 0.9044 0.4166 -0.0917
vn 0.7818 0.6230 -0.0256
vn 0.9693 -0.0743 -0.2343
vn 0.8013 0.5982 0.0052
vn 0.8951 0.4459 0.0038
vn 0.9989 -0.0476 -0.0009
vn 0.9044 0.4148 0.1002
vn 0.7818 0.6224 0.0375
vn 0.7670 0.6303 -0.1202
vn 0.9693 -0.0787 0.2328
vn 0.9235 -0.3835 -0.0041
vn 0.8957 -0.2741 -0.3502
vn 0.9664 0.1838 0.1797
vn 0.8797 -0.3979 -0.2603
vn 0.8957 -0.2807 0.3449
vn 0.9146 -0.4043 -0.0043
vn 0.8797 -0.4028 0.2527
vn 0.8974 0.4407 -0.0198
vn 0.8886 0.4076 -0.2105
vn 0.8131 0.5581 -0.1658
vn 0.8493 0.4498 -0.2764
vn 0.9300 0.2891 -0.2272
vn 0.9031 0.4136 -0.1151
vn 0.8222 0.5664 0.0570
vn 0.9419 0.3358 0.0033
vn 0.8523 0.5227 0.0201
vn 0.7298 0.6820 -0.0474
vn 0.8659 0.4017 -0.2980
vn 0.7624 0.5213 -0.3833
vn 0.6864 0.6348 -0.3547
vn 0.6458 0.2530 -0.7204
vn 0.6308 0.3752 -0.6792
vn 0.6013 0.4971 -0.6255
vn 0.4402 0.2360 -0.8663
vn 0.3918 0.3190 -0.8630
vn 0.4761 0.3217 -0.8184
vn 0.3585 0.4365 -0.8252
vn 0.4339 0.5196 -0.7360
vn 0.4810 0.7249 -0.4931
vn -0.1779 -0.5506 0.8156
vn -0.2859 -0.7148 0.6382
vn -0.2351 -0.6722 0.7021
vn -0.1675 -0.5502 0.8180
vn -0.3872 -0.8411 0.3777
vn -0.3942 -0.8389 0.3754
vn -0.4217 -0.8724 0.2472
vn -0.4220 -0.8730 0.2444
vn -0.2859 -0.7025 -0.6517
vn -0.1779 -0.5350 -0.8259
vn -0.2351 -0.6587 -0.7147
vn -0.1675 -0.5345 -0.8284
vn -0.3872 -0.8337 -0.3936
vn -0.3941 -0.8316 -0.3912
vn -0.4217 -0.8675 -0.2637
vn -0.4219 -0.8682 -0.2610
vn 0.1779 -0.5506 0.8156
vn 0.2859 -0.7148 0.6383
vn 0.1675 -0.5502 0.8180
vn 0.2351 -0.6722 0.7021
vn 0.3872 -0.8411 0.3777
vn 0.3942 -0.8389 0.3753
vn 0.4217 -0.8724 0.2472
vn 0.4220 -0.8731 0.2444
vn 0.1779 -0.5350 -0.8259
vn 0.2859 -0.7025 -0.6517
vn 0.2351 -0.6587 -0.7147
vn 0.1675 -0.5346 -0.8284
vn 0.3872 -0.8337 -0.3936
vn 0.3941 -0.8316 -0.3912
vn 0.4217 -0.8675 -0.2637
vn 0.4219 -0.8682 -0.2610
vn -0.8652 -0.0243 -0.5009
vn -0.6734 0.7162 0.1835
vn -0.8969 0.2346 -0.3748
vn -0.5989 0.7693 0.2225
vn -0.3135 0.8018 0.5088
vn -0.2932 0.8301 0.4742
vn -0.7446 -0.4045 -0.5310
vn -0.7474 -0.4054 -0.5263
vn -0.7249 -0.5520 -0.4121
vn -0.7280 -0.6425 -0.2392
vn -0.7091 -0.6972 -0.1054
vn -0.6519 -0.7525 0.0934
vn -0.6125 -0.7686 0.1847
vn -0.5902 -0.7741 0.2290
vn -0.6387 -0.7254 0.2566
vn -0.6342 -0.7388 0.2279
vn -0.6457 -0.7636 0.0022
vn -0.6714 -0.7410 -0.0094
vn -0.6646 -0.7469 0.0222
vn -0.5385 -0.6317 0.5577
vn -0.3498 -0.4519 0.8206
vn -0.2430 -0.3026 0.9216
vn -0.1024 -0.1602 0.9818
vn -0.6734 0.7195 -0.1699
vn -0.8652 -0.0339 0.5003
vn -0.8969 0.2274 0.3792
vn -0.5989 0.7734 -0.2078
vn -0.3134 0.8113 -0.4935
vn -0.2932 0.8390 -0.4583
vn -0.7446 -0.4146 0.5232
vn -0.7474 -0.4153 0.5185
vn -0.7249 -0.5597 0.4015
vn -0.7280 -0.6469 0.2269
vn -0.7091 -0.6991 0.0921
vn -0.6519 -0.7506 -0.1077
vn -0.6125 -0.7649 -0.1993
vn -0.5902 -0.7696 -0.2437
vn -0.6387 -0.7204 -0.2703
vn -0.6342 -0.7344 -0.2419
vn -0.6457 -0.7634 -0.0168
vn -0.6714 -0.7411 -0.0047
vn -0.6645 -0.7464 -0.0364
vn -0.5385 -0.6209 -0.5696
vn -0.3498 -0.4362 -0.8291
vn -0.2430 -0.2850 -0.9272
vn -0.1024 -0.1415 -0.9846
vn 0.8969 0.2346 -0.3748
vn 0.5989 0.7693 0.2225
vn 0.6734 0.7162 0.1835
vn 0.3135 0.8018 0.5088
vn 0.2932 0.8301 0.4742
vn 0.8652 -0.0243 -0.5009
vn 0.7446 -0.4045 -0.5310
vn 0.7474 -0.4054 -0.5263
vn 0.7249 -0.5520 -0.4121
vn 0.7280 -0.6425 -0.2392
vn 0.7091 -0.6972 -0.1054
vn 0.6519 -0.7525 0.0934
vn 0.6125 -0.7686 0.1847
vn 0.5902 -0.7741 0.2290
vn 0.6387 -0.7254 0.2566
vn 0.6342 -0.7388 0.2279
vn 0.6457 -0.7636 0.0022
vn 0.6714 -0.7410 -0.0094
vn 0.6646 -0.7469 0.0222
vn 0.5385 -0.6317 0.5577
vn 0.3498 -0.4519 0.8206
vn 0.2430 -0.3025 0.9217
vn 0.1024 -0.1602 0.9818
vn 0.6734 0.7195 -0.1699
vn 0.8969 0.2274 0.3792
vn 0.8652 -0.0339 0.5003
vn 0.5989 0.7734 -0.2078
vn 0.3135 0.8113 -0.4935
vn 0.2932 0.8390 -0.4583
vn 0.7446 -0.4146 0.5232
vn 0.7474 -0.4153 0.5185
vn 0.7249 -0.5597 0.4015
vn 0.7280 -0.6469 0.2269
vn 0.7091 -0.6991 0.0921
vn 0.6519 -0.7506 -0.1077
vn 0.6125 -0.7649 -0.1993
vn 0.5902 -0.7696 -0.2437
vn 0.6388 -0.7204 -0.2703
vn 0.6342 -0.7344 -0.2419
vn 0.6457 -0.7634 -0.0168
vn 0.6714 -0.7411 -0.0047
vn 0.6645 -0.7464 -0.0364
vn 0.5385 -0.6209 -0.5696
vn 0.3498 -0.4362 -0.8290
vn 0.2430 -0.2850 -0.9272
vn 0.1024 -0.1415 -0.9846
vn -0.8035 -0.5827 0.1220
vn -0.5637 -0.7508 0.3442
vn -0.6707 -0.4814 0.5643
vn -0.6153 -0.7737 -0.1508
vn -0.2375 -0.7535 0.6131
vn -0.9102 -0.2763 0.3084
vn -0.1681 -0.5317 0.8301
vn 0.0036 -0.4545 0.8907
vn -0.0080 -0.2069 0.9783
vn -0.2237 -0.2821 0.9329
vn -0.2061 -0.0263 0.9782
vn -0.0026 0.0108 0.9999
vn -0.7220 -0.1636 0.6723
vn -0.9276 0.1530 0.3407
vn -0.7351 0.2385 0.6346
vn -0.7945 0.5059 0.3358
vn -0.5784 0.4283 0.6942
vn -0.2439 0.1806 0.9528
vn -0.1303 0.2525 0.9588
vn -0.0683 0.1219 0.9902
vn 0.0034 0.1791 0.9838
vn -0.8035 -0.5803 -0.1331
vn -0.5661 -0.7433 -0.3565
vn -0.6153 -0.7764 0.1361
vn -0.2375 -0.7416 -0.6273
vn -0.6697 -0.4706 -0.5745
vn -0.9102 -0.2704 -0.3136
vn -0.1679 -0.5209 -0.8369
vn 0.0036 -0.4374 -0.8992
vn -0.0080 -0.1882 -0.9821
vn -0.2213 -0.2606 -0.9398
vn -0.2091 -0.0055 -0.9779
vn -0.0025 0.0299 -0.9996
vn -0.7221 -0.1532 -0.6747
vn -0.9276 0.1594 -0.3377
vn -0.7350 0.2512 -0.6298
vn -0.7945 0.5122 -0.3262
vn -0.5784 0.4414 -0.6860
vn -0.2430 0.1973 -0.9498
vn -0.1300 0.2700 -0.9540
vn -0.0684 0.1407 -0.9877
vn 0.0034 0.1977 -0.9803
vn 0.5622 -0.7515 0.3452
vn 0.8035 -0.5827 0.1220
vn 0.6698 -0.4814 0.5654
vn 0.6153 -0.7737 -0.1508
vn 0.2375 -0.7535 0.6131
vn 0.9102 -0.2763 0.3084
vn 0.1679 -0.5367 0.8269
vn -0.0037 -0.4545 0.8907
vn 0.0080 -0.2069 0.9783
vn 0.2213 -0.2784 0.9346
vn 0.2091 -0.0241 0.9776
vn 0.0026 0.0108 0.9999
vn 0.7220 -0.1661 0.6716
vn 0.9276 0.1530 0.3407
vn 0.7350 0.2392 0.6344
vn 0.7945 0.5059 0.3358
vn 0.5784 0.4283 0.6942
vn 0.2430 0.1792 0.9533
vn 0.1300 0.2518 0.9590
vn 0.0683 0.1219 0.9902
vn -0.0034 0.1791 0.9838
vn 0.8035 -0.5803 -0.1331
vn 0.5637 -0.7442 -0.3584
vn 0.6707 -0.4705 -0.5733
vn 0.6153 -0.7764 0.1361
vn 0.2375 -0.7416 -0.6273
vn 0.9102 -0.2704 -0.3136
vn 0.1681 -0.5159 -0.8400
vn -0.0036 -0.4374 -0.8992
vn 0.0080 -0.1882 -0.9821
vn 0.2237 -0.2643 -0.9381
vn 0.2061 -0.0077 -0.9785
vn 0.0025 0.0299 -0.9996
vn 0.7220 -0.1508 -0.6753
vn 0.9276 0.1594 -0.3377
vn 0.7351 0.2506 -0.6300
vn 0.7945 0.5122 -0.3262
vn 0.5784 0.4415 -0.6860
vn 0.2439 0.1987 -0.9492
vn 0.1303 0.2707 -0.9538
vn 0.0684 0.1407 -0.9877
vn -0.0034 0.1977 -0.9803
vn -0.4823 0.5343 0.6942
vn -0.3852 0.7701 0.5086
vn -0.2958 0.7755 0.5578
vn -0.5709 0.4166 0.7074
vn -0.8488 0.1631 0.5029
vn -0.8997 0.1857 0.3950
vn -0.9819 0.1188 0.1475
vn -0.9712 0.1849 0.1505
vn -0.5709 0.4300 -0.6994
vn -0.2958 0.7859 -0.5430
vn -0.4823 0.5474 -0.6839
vn -0.3851 0.7796 -0.4938
vn -0.8488 0.1726 -0.4997
vn -0.8997 0.1932 -0.3914
vn -0.9819 0.1215 -0.1452
vn -0.9712 0.1877 -0.1470
vn 0.4823 0.5343 0.6942
vn 0.2958 0.7755 0.5578
vn 0.3851 0.7701 0.5086
vn 0.5709 0.4167 0.7074
vn 0.8488 0.1631 0.5029
vn 0.8997 0.1857 0.3950
vn 0.9819 0.1188 0.1475
vn 0.9712 0.1849 0.1505
vn 0.4823 0.5474 -0.6839
vn 0.2958 0.7859 -0.5430
vn 0.5709 0.4300 -0.6994
vn 0.3852 0.7796 -0.4938
vn 0.8488 0.1726 -0.4997
vn 0.8997 0.1932 -0.3914
vn 0.9819 0.1215 -0.1452
vn 0.9712 0.1877 -0.1470
vn -0.9702 0.2226 0.0961
vn -0.8816 0.2220 0.4166
vn -0.9537 -0.0807 0.2896
vn -0.8740 0.4128 0.2564
vn -0.8542 -0.0921 0.5117
vn -0.9180 -0.2773 0.2835
vn -0.5919 0.1950 0.7821
vn -0.6558 0.3297 0.6791
vn -0.6446 0.2154 0.7336
vn -0.5419 0.2773 0.7934
vn -0.6523 0.2247 0.7239
vn -0.8301 -0.0312 0.5568
vn -0.6291 0.4424 0.6391
vn -0.8495 0.1053 0.5169
vn -0.9057 -0.0717 0.4177
vn -0.8559 0.0777 0.5112
vn -0.8885 0.0106 0.4588
vn -0.8383 0.1787 0.5151
vn -0.8884 -0.0181 0.4586
vn -0.8101 0.0769 0.5812
vn -0.7496 0.1542 0.6437
vn -0.8261 -0.0097 0.5634
vn -0.7982 -0.0455 0.6007
vn -0.7707 -0.0592 0.6344
vn -0.7692 -0.0684 0.6354
vn -0.7475 0.0127 0.6641
vn -0.7521 -0.0089 0.6590
vn -0.6371 -0.3948 0.6619
vn -0.4832 -0.5834 0.6528
vn -0.9702 0.2244 -0.0919
vn -0.8818 0.2304 -0.4116
vn -0.8740 0.4176 -0.2485
vn -0.9537 -0.0752 -0.2911
vn -0.8542 -0.0823 -0.5133
vn -0.9180 -0.2719 -0.2887
vn -0.5919 0.2099 -0.7782
vn -0.6579 0.3481 -0.6678
vn -0.6446 0.2294 -0.7293
vn -0.5419 0.2924 -0.7880
vn -0.6594 0.2313 -0.7153
vn -0.8301 -0.0206 -0.5573
vn -0.6291 0.4545 -0.6306
vn -0.8495 0.1165 -0.5146
vn -0.9057 -0.0637 -0.4190
vn -0.8559 0.0875 -0.5096
vn -0.8886 0.0188 -0.4582
vn -0.8383 0.1885 -0.5116
vn -0.8884 -0.0093 -0.4589
vn -0.8105 0.0881 -0.5791
vn -0.7496 0.1664 -0.6407
vn -0.8261 0.0010 -0.5635
vn -0.7982 -0.0340 -0.6014
vn -0.7707 -0.0471 -0.6355
vn -0.7692 -0.0563 -0.6366
vn -0.7475 0.0253 -0.6638
vn -0.7521 0.0037 -0.6591
vn -0.6370 -0.3826 -0.6692
vn -0.4832 -0.5709 -0.6638
vn 0.9702 0.2226 0.0961
vn 0.8818 0.2225 0.4159
vn 0.8740 0.4128 0.2564
vn 0.9537 -0.0807 0.2896
vn 0.8542 -0.0921 0.5117
vn 0.9180 -0.2773 0.2835
vn 0.5919 0.1950 0.7821
vn 0.6579 0.3354 0.6743
vn 0.6446 0.2154 0.7335
vn 0.5419 0.2773 0.7934
vn 0.6594 0.2176 0.7196
vn 0.8301 -0.0312 0.5568
vn 0.6291 0.4424 0.6391
vn 0.8495 0.1067 0.5168
vn 0.9057 -0.0717 0.4177
vn 0.8559 0.0777 0.5112
vn 0.8886 0.0101 0.4585
vn 0.8383 0.1787 0.5151
vn 0.8884 -0.0181 0.4586
vn 0.8105 0.0770 0.5806
vn 0.7496 0.1542 0.6437
vn 0.8261 -0.0097 0.5634
vn 0.7982 -0.0455 0.6007
vn 0.7707 -0.0592 0.6344
vn 0.7692 -0.0684 0.6354
vn 0.7475 0.0127 0.6641
vn 0.7521 -0.0089 0.6590
vn 0.6371 -0.3948 0.6619
vn 0.4832 -0.5834 0.6528
vn 0.8816 0.2299 -0.4122
vn 0.9702 0.2244 -0.0919
vn 0.8740 0.4176 -0.2485
vn 0.9537 -0.0752 -0.2911
vn 0.8542 -0.0823 -0.5133
vn 0.9180 -0.2719 -0.2887
vn 0.5919 0.2099 -0.7782
vn 0.6558 0.3426 -0.6727
vn 0.6445 0.2294 -0.7293
vn 0.5419 0.2924 -0.7880
vn 0.6523 0.2385 -0.7194
vn 0.8301 -0.0206 -0.5573
vn 0.6291 0.4545 -0.6306
vn 0.8495 0.1151 -0.5148
vn 0.9057 -0.0637 -0.4190
vn 0.8559 0.0875 -0.5096
vn 0.8885 0.0194 -0.4585
vn 0.8383 0.1885 -0.5116
vn 0.8884 -0.0093 -0.4589
vn 0.8101 0.0880 -0.5796
vn 0.7496 0.1664 -0.6407
vn 0.8261 0.0010 -0.5635
vn 0.7982 -0.0340 -0.6014
vn 0.7707 -0.0471 -0.6355
vn 0.7692 -0.0563 -0.6366
vn 0.7475 0.0253 -0.6638
vn 0.7521 0.0037 -0.6591
vn 0.6370 -0.3826 -0.6692
vn 0.4832 -0.5709 -0.6638
vn -0.4843 -0.2400 0.8413
vn -0.5049 0.0397 0.8623
vn -0.8576 0.1219 0.4998
vn -0.3682 0.4700 0.8022
vn -0.7365 -0.4893 0.4670
vn -0.5964 0.6930 0.4051
vn -0.9834 0.0673 -0.1683
vn -0.8222 -0.5582 -0.1115
vn -0.7159 0.6530 -0.2471
vn -0.7778 -0.4951 -0.3873
vn -0.9176 -0.0433 -0.3951
vn -0.8153 -0.4737 -0.3329
vn -0.7357 0.6748 0.0582
vn -0.8364 -0.4101 -0.3636
vn -0.9731 0.2259 -0.0453
vn -0.6668 0.7032 0.2467
vn -0.7562 -0.3582 -0.5475
vn -0.8838 0.2757 -0.3781
vn -0.6102 0.7490 -0.2581
vn -0.5709 -0.4170 -0.7073
vn -0.6435 0.1987 -0.7392
vn -0.4445 0.6565 -0.6094
vn -0.5494 -0.4450 -0.7072
vn -0.3739 0.5997 -0.7075
vn -0.5569 0.0998 -0.8245
vn -0.6325 -0.3047 -0.7122
vn -0.5931 0.1666 -0.7877
vn -0.4588 0.6077 -0.6482
vn -0.5569 -0.1329 -0.8199
vn -0.5672 0.1911 -0.8011
vn -0.3665 0.5184 -0.7726
vn -0.4057 0.1808 -0.8959
vn -0.3992 -0.0393 -0.9160
vn -0.4324 -0.0238 -0.9014
vn 0.5494 -0.4584 0.6986
vn 0.6435 0.1849 0.7428
vn 0.5569 0.0841 0.8263
vn 0.6325 -0.3182 0.7062
vn 0.5709 -0.4304 0.6992
vn 0.5925 0.1495 0.7916
vn 0.5569 -0.1485 0.8172
vn 0.3740 0.5861 0.7188
vn 0.4445 0.6448 0.6218
vn 0.4588 0.5952 0.6597
vn 0.6102 0.7440 0.2723
vn 0.5672 0.1758 0.8046
vn 0.3665 0.5036 0.7823
vn 0.4057 0.1636 0.8992
vn 0.3992 -0.0567 0.9151
vn 0.4323 -0.0409 0.9008
vn 0.8843 0.2690 0.3816
vn 0.6668 0.7078 -0.2333
vn 0.7562 -0.3686 0.5406
vn 0.9731 0.2251 0.0495
vn 0.7357 0.6758 -0.0454
vn 0.8364 -0.4170 0.3558
vn 0.9178 -0.0509 0.3938
vn 0.8153 -0.4799 0.3239
vn 0.7159 0.6482 0.2594
vn 0.7778 -0.5024 0.3778
vn 0.9834 0.0674 0.1683
vn 0.8222 -0.5602 0.1008
vn 0.5964 0.7005 -0.3919
vn 0.7365 -0.4803 -0.4762
vn 0.8635 0.1355 -0.4858
vn 0.3682 0.4852 -0.7931
vn 0.4843 -0.2240 -0.8458
vn 0.5049 0.0561 -0.8614
vn 0.4843 -0.2400 0.8413
vn 0.8598 0.1227 0.4956
vn 0.5049 0.0397 0.8623
vn 0.3682 0.4700 0.8022
vn 0.7365 -0.4893 0.4670
vn 0.5964 0.6930 0.4051
vn 0.9835 0.0691 -0.1675
vn 0.8222 -0.5582 -0.1115
vn 0.7159 0.6530 -0.2471
vn 0.7778 -0.4951 -0.3873
vn 0.9177 -0.0433 -0.3950
vn 0.8153 -0.4737 -0.3329
vn 0.7357 0.6748 0.0582
vn 0.8364 -0.4101 -0.3636
vn 0.9731 0.2261 -0.0453
vn 0.6668 0.7032 0.2467
vn 0.7562 -0.3582 -0.5475
vn 0.8842 0.2760 -0.3769
vn 0.6102 0.7490 -0.2581
vn 0.5709 -0.4170 -0.7073
vn 0.6435 0.1988 -0.7392
vn 0.4445 0.6565 -0.6094
vn 0.5494 -0.4450 -0.7072
vn 0.3739 0.5997 -0.7075
vn 0.5595 0.1000 -0.8228
vn 0.6325 -0.3046 -0.7122
vn 0.5928 0.1655 -0.7882
vn 0.4588 0.6077 -0.6482
vn 0.5569 -0.1329 -0.8199
vn 0.5672 0.1912 -0.8010
vn 0.3665 0.5184 -0.7726
vn 0.4057 0.1808 -0.8959
vn 0.3992 -0.0393 -0.9160
vn 0.4324 -0.0238 -0.9014
vn -0.3305 -0.9437 -0.0095
vn -0.3305 -0.9438 -0.0094
vn 0.3305 -0.9437 -0.0095
vn 0.3305 -0.9438 -0.0094
vn -0.5494 -0.4584 0.6986
vn -0.6435 0.1853 0.7427
vn -0.5709 -0.4304 0.6992
vn -0.5595 0.0844 0.8245
vn -0.6325 -0.3182 0.7062
vn -0.8822 0.2684 0.3869
vn -0.7562 -0.3686 0.5406
vn -0.3740 0.5861 0.7188
vn -0.4445 0.6448 0.6218
vn -0.6102 0.7440 0.2723
vn -0.6668 0.7078 -0.2333
vn -0.9731 0.2250 0.0496
vn -0.7357 0.6758 -0.0454
vn -0.8364 -0.4170 0.3558
vn -0.9176 -0.0508 0.3942
vn -0.8153 -0.4799 0.3239
vn -0.7159 0.6482 0.2594
vn -0.7778 -0.5024 0.3778
vn -0.9835 0.0652 0.1690
vn -0.8222 -0.5602 0.1008
vn -0.5964 0.7005 -0.3919
vn -0.7365 -0.4803 -0.4762
vn -0.8606 0.1326 -0.4917
vn -0.3682 0.4851 -0.7931
vn -0.4843 -0.2240 -0.8458
vn -0.5049 0.0561 -0.8614
vn -0.4877 0.4529 0.7463
vn -0.3277 0.8219 0.4660
vn -0.3552 0.7588 0.5459
vn -0.2780 0.7682 0.5767
vn -0.4725 0.6612 0.5827
vn -0.6481 0.1848 0.7388
vn -0.3319 0.7679 0.5479
vn -0.4677 0.1961 0.8619
vn -0.2853 0.7670 0.5746
vn -0.2312 0.6650 0.7102
vn -0.2615 0.7056 0.6586
vn -0.2481 0.7925 0.5571
vn -0.2889 0.8787 0.3801
vn -0.4121 0.8610 0.2979
vn -0.3183 0.8154 0.4835
vn -0.3028 0.9530 0.0085
vn -0.4547 0.8906 0.0080
vn -0.3792 0.9253 0.0084
vn -0.3185 0.8246 -0.4676
vn -0.2889 0.8858 -0.3633
vn -0.4121 0.8666 -0.2814
vn -0.2707 0.7098 -0.6503
vn -0.2480 0.8030 -0.5419
vn -0.2780 0.7790 -0.5620
vn -0.2312 0.6784 -0.6974
vn -0.2749 0.7783 -0.5645
vn -0.3319 0.7782 -0.5332
vn -0.3415 0.7648 -0.5464
vn -0.3277 0.8306 -0.4503
vn -0.4729 0.4617 -0.7505
vn -0.4725 0.6722 -0.5700
vn -0.4677 0.2124 -0.8580
vn -0.6481 0.1988 -0.7352
vn -0.6362 -0.0654 -0.7687
vn -0.5229 -0.1290 -0.8426
vn -0.7876 -0.2174 -0.5766
vn -0.7167 -0.1635 -0.6779
vn -0.6152 -0.1155 -0.7798
vn -0.8502 -0.0148 -0.5263
vn -0.7510 0.1431 -0.6446
vn -0.6378 0.2697 -0.7215
vn -0.7113 0.3571 -0.6054
vn -0.4563 0.5824 -0.6727
vn -0.5810 0.4745 -0.6613
vn -0.5507 0.2691 -0.7901
vn -0.4359 0.3228 -0.8401
vn -0.4984 0.2698 -0.8239
vn -0.3632 -0.2111 -0.9075
vn -0.6021 -0.0124 -0.7983
vn -0.3465 -0.3054 -0.8870
vn -0.2758 -0.4438 -0.8526
vn -0.6365 -0.1931 -0.7467
vn -0.5089 -0.2697 -0.8175
vn -0.4216 -0.3770 -0.8247
vn -0.5171 0.0397 -0.8550
vn -0.7611 -0.3802 -0.5256
vn -0.7117 -0.3062 -0.6322
vn 0.4877 0.4529 0.7463
vn 0.3276 0.8219 0.4660
vn 0.4725 0.6612 0.5827
vn 0.6481 0.1848 0.7388
vn 0.3550 0.7587 0.5461
vn 0.2780 0.7682 0.5767
vn 0.3319 0.7679 0.5479
vn 0.4677 0.1961 0.8619
vn 0.2555 0.7708 0.5836
vn 0.2312 0.6650 0.7102
vn 0.2647 0.7021 0.6611
vn 0.2480 0.7925 0.5571
vn 0.2889 0.8787 0.3801
vn 0.4121 0.8610 0.2979
vn 0.3185 0.8155 0.4832
vn 0.3028 0.9530 0.0085
vn 0.4547 0.8906 0.0080
vn 0.3792 0.9253 0.0083
vn 0.3181 0.8244 -0.4681
vn 0.2889 0.8858 -0.3633
vn 0.4122 0.8666 -0.2814
vn 0.2706 0.7098 -0.6503
vn 0.2481 0.8030 -0.5419
vn 0.2780 0.7790 -0.5620
vn 0.2312 0.6784 -0.6974
vn 0.2581 0.7811 -0.5685
vn 0.3319 0.7782 -0.5332
vn 0.3668 0.7774 -0.5110
vn 0.3277 0.8306 -0.4503
vn 0.4794 0.4631 -0.7455
vn 0.4725 0.6722 -0.5700
vn 0.4677 0.2124 -0.8580
vn 0.6481 0.1988 -0.7351
vn 0.6387 -0.0642 -0.7668
vn 0.5229 -0.1290 -0.8426
vn 0.7876 -0.2174 -0.5766
vn 0.7167 -0.1635 -0.6780
vn 0.6152 -0.1155 -0.7798
vn 0.8502 -0.0148 -0.5263
vn 0.7516 0.1445 -0.6436
vn 0.6378 0.2697 -0.7215
vn 0.7113 0.3571 -0.6054
vn 0.4563 0.5824 -0.6727
vn 0.5816 0.4735 -0.6615
vn 0.5507 0.2691 -0.7901
vn 0.4355 0.3228 -0.8403
vn 0.4977 0.2624 -0.8267
vn 0.3632 -0.2111 -0.9075
vn 0.6021 -0.0124 -0.7983
vn 0.3337 -0.3132 -0.8891
vn 0.2758 -0.4438 -0.8526
vn 0.6432 -0.1836 -0.7434
vn 0.5098 -0.2698 -0.8169
vn 0.4216 -0.3770 -0.8247
vn 0.5171 0.0397 -0.8550
vn 0.7636 -0.3757 -0.5251
vn 0.7160 -0.3059 -0.6276
vn -0.2257 -0.9370 0.2667
vn -0.1256 -0.8970 0.4239
vn -0.1300 -0.9142 0.3838
vn -0.0384 -0.8211 0.5695
vn -0.2264 -0.9255 0.3038
vn -0.0257 -0.8052 0.5924
vn -0.3290 -0.9229 0.1998
vn 0.0113 -0.5956 0.8032
vn -0.3273 -0.9155 0.2340
vn 0.0191 -0.5183 0.8550
vn -0.4784 -0.8747 0.0776
vn -0.0274 -0.1537 0.9877
vn -0.4690 -0.8759 0.1135
vn -0.0099 -0.1382 0.9904
vn -0.6412 -0.7647 -0.0633
vn -0.1121 0.2776 0.9541
vn -0.6351 -0.7723 -0.0137
vn -0.1101 0.2607 0.9591
vn -0.8459 -0.4791 -0.2343
vn -0.2076 0.5511 0.8082
vn -0.8709 -0.4396 -0.2198
vn -0.2445 0.4865 0.8388
vn -0.9144 -0.0969 -0.3930
vn -0.2826 0.6774 0.6792
vn -0.9074 -0.1561 -0.3903
vn -0.2692 0.7399 0.6164
vn -0.9051 0.1746 -0.3877
vn -0.3250 0.7908 0.5186
vn -0.9030 0.2148 -0.3720
vn -0.3437 0.7715 0.5354
vn -0.7099 0.6913 -0.1347
vn -0.2409 0.7316 0.6377
vn -0.7493 0.6254 -0.2178
vn -0.2310 0.7436 0.6275
vn -0.5537 0.8322 0.0310
vn -0.2143 0.7188 0.6613
vn -0.5617 0.8264 -0.0396
vn -0.1809 0.7424 0.6450
vn -0.4255 0.8798 0.2118
vn -0.3082 0.8568 0.4134
vn -0.4438 0.8886 0.1154
vn -0.2697 0.8497 0.4531
vn -0.2257 -0.9317 -0.2844
vn -0.1256 -0.8887 -0.4409
vn -0.2264 -0.9195 -0.3213
vn -0.1300 -0.9068 -0.4011
vn -0.3290 -0.9190 -0.2174
vn -0.0384 -0.8101 -0.5850
vn -0.3273 -0.9109 -0.2514
vn -0.0257 -0.7938 -0.6076
vn -0.4784 -0.8731 -0.0942
vn 0.0113 -0.5802 -0.8144
vn -0.4690 -0.8736 -0.1301
vn 0.0191 -0.5019 -0.8647
vn -0.6413 -0.7658 0.0487
vn -0.0274 -0.1349 -0.9905
vn -0.6351 -0.7725 -0.0010
vn -0.0099 -0.1193 -0.9928
vn -0.8459 -0.4835 0.2251
vn -0.1121 0.2957 -0.9487
vn -0.8709 -0.4437 0.2113
vn -0.1101 0.2788 -0.9540
vn -0.9144 -0.1044 0.3911
vn -0.2076 0.5664 -0.7975
vn -0.9074 -0.1635 0.3872
vn -0.2445 0.5024 -0.8294
vn -0.9051 0.1672 0.3910
vn -0.2826 0.6902 -0.6662
vn -0.9030 0.2077 0.3760
vn -0.2692 0.7516 -0.6022
vn -0.7099 0.6886 0.1478
vn -0.3250 0.8006 -0.5035
vn -0.7493 0.6211 0.2297
vn -0.3437 0.7815 -0.5206
vn -0.5537 0.8326 -0.0152
vn -0.2409 0.7436 -0.6237
vn -0.5616 0.8255 0.0553
vn -0.2310 0.7554 -0.6132
vn -0.4253 0.8838 -0.1949
vn -0.2143 0.7313 -0.6475
vn -0.4438 0.8907 -0.0984
vn -0.1809 0.7546 -0.6308
vn -0.2697 0.8581 -0.4368
vn -0.3082 0.8645 -0.3970
vn 0.1300 -0.9142 0.3838
vn 0.1256 -0.8970 0.4239
vn 0.2257 -0.9370 0.2667
vn 0.2264 -0.9255 0.3038
vn 0.0384 -0.8211 0.5695
vn 0.3290 -0.9229 0.1998
vn 0.0257 -0.8052 0.5924
vn 0.3273 -0.9155 0.2340
vn -0.0113 -0.5956 0.8032
vn 0.4784 -0.8747 0.0776
vn -0.0191 -0.5182 0.8550
vn 0.4690 -0.8759 0.1134
vn 0.0274 -0.1537 0.9877
vn 0.6412 -0.7647 -0.0633
vn 0.0099 -0.1382 0.9904
vn 0.6351 -0.7723 -0.0137
vn 0.1121 0.2775 0.9542
vn 0.8459 -0.4791 -0.2343
vn 0.1101 0.2607 0.9591
vn 0.8709 -0.4396 -0.2198
vn 0.2076 0.5511 0.8082
vn 0.9144 -0.0969 -0.3930
vn 0.2445 0.4865 0.8388
vn 0.9074 -0.1561 -0.3903
vn 0.2826 0.6774 0.6792
vn 0.9051 0.1746 -0.3877
vn 0.2692 0.7399 0.6164
vn 0.9030 0.2148 -0.3720
vn 0.3250 0.7908 0.5186
vn 0.7099 0.6913 -0.1347
vn 0.3437 0.7715 0.5354
vn 0.7493 0.6254 -0.2178
vn 0.2409 0.7316 0.6377
vn 0.5537 0.8322 0.0311
vn 0.2310 0.7436 0.6275
vn 0.5617 0.8264 -0.0396
vn 0.2143 0.7188 0.6613
vn 0.4253 0.8799 0.2117
vn 0.1809 0.7424 0.6450
vn 0.4438 0.8886 0.1154
vn 0.3082 0.8568 0.4134
vn 0.2697 0.8497 0.4531
vn 0.2257 -0.9317 -0.2844
vn 0.2264 -0.9195 -0.3213
vn 0.1256 -0.8887 -0.4409
vn 0.3290 -0.9190 -0.2174
vn 0.1300 -0.9068 -0.4011
vn 0.3273 -0.9109 -0.2514
vn 0.0384 -0.8101 -0.5850
vn 0.4784 -0.8731 -0.0942
vn 0.0257 -0.7938 -0.6076
vn 0.4690 -0.8736 -0.1301
vn -0.0113 -0.5802 -0.8144
vn 0.6413 -0.7658 0.0488
vn -0.0191 -0.5019 -0.8647
vn 0.6351 -0.7725 -0.0010
vn 0.0274 -0.1349 -0.9905
vn 0.8459 -0.4835 0.2251
vn 0.0099 -0.1194 -0.9928
vn 0.8709 -0.4437 0.2113
vn 0.1121 0.2957 -0.9487
vn 0.9144 -0.1044 0.3911
vn 0.1101 0.2788 -0.9540
vn 0.9074 -0.1635 0.3872
vn 0.2076 0.5664 -0.7975
vn 0.9051 0.1672 0.3910
vn 0.2445 0.5024 -0.8294
vn 0.9030 0.2077 0.3760
vn 0.2826 0.6902 -0.6662
vn 0.7099 0.6886 0.1478
vn 0.2692 0.7516 -0.6022
vn 0.7493 0.6211 0.2297
vn 0.3250 0.8006 -0.5035
vn 0.5537 0.8326 -0.0152
vn 0.3437 0.7815 -0.5206
vn 0.5616 0.8255 0.0553
vn 0.2409 0.7436 -0.6237
vn 0.4255 0.8837 -0.1950
vn 0.2310 0.7554 -0.6132
vn 0.4438 0.8907 -0.0984
vn 0.2143 0.7313 -0.6475
vn 0.2697 0.8581 -0.4368
vn 0.1809 0.7546 -0.6308
vn 0.3082 0.8645 -0.3970
vn -0.6751 0.6674 -0.3143
vn -0.7084 0.6291 -0.3200
vn -0.6083 0.7235 -0.3264
vn -0.6093 0.7242 -0.3229
vn -0.7874 0.6081 -0.1011
vn -0.7733 0.6338 -0.0163
vn -0.7005 0.5863 0.4069
vn -0.5635 0.5044 0.6542
vn -0.4284 0.3749 0.8221
vn -0.4296 0.3836 0.8175
vn -0.6093 0.7179 0.3366
vn -0.6083 0.7171 0.3401
vn -0.6751 0.6613 0.3269
vn -0.7084 0.6229 0.3319
vn -0.7874 0.6061 0.1127
vn -0.7733 0.6334 0.0284
vn -0.7005 0.5939 -0.3957
vn -0.5635 0.5168 -0.6445
vn -0.4283 0.3905 -0.8149
vn -0.4296 0.3991 -0.8101
vn 0.6751 0.6674 -0.3143
vn 0.6083 0.7235 -0.3264
vn 0.7084 0.6291 -0.3200
vn 0.6093 0.7242 -0.3229
vn 0.7874 0.6081 -0.1011
vn 0.7733 0.6338 -0.0163
vn 0.7005 0.5863 0.4069
vn 0.5635 0.5044 0.6542
vn 0.4284 0.3749 0.8221
vn 0.4296 0.3836 0.8175
vn 0.6094 0.7179 0.3366
vn 0.6751 0.6613 0.3269
vn 0.6083 0.7171 0.3401
vn 0.7084 0.6229 0.3319
vn 0.7874 0.6060 0.1127
vn 0.7733 0.6334 0.0284
vn 0.7005 0.5939 -0.3957
vn 0.5635 0.5168 -0.6445
vn 0.4284 0.3905 -0.8149
vn 0.4296 0.3991 -0.8101
vn -0.2636 -0.7574 0.5973
vn -0.2220 -0.6338 0.7410
vn -0.2538 -0.7273 0.6377
vn -0.2636 -0.7574 0.5974
vn -0.1926 -0.5457 0.8155
vn -0.1514 -0.4325 0.8888
vn -0.1235 -0.3481 0.9293
vn -0.2221 -0.6195 -0.7529
vn -0.2635 -0.7459 -0.6117
vn -0.2538 -0.7150 -0.6514
vn -0.1926 -0.5301 -0.8257
vn -0.1514 -0.4155 -0.8969
vn -0.1234 -0.3305 -0.9357
vn 0.2221 -0.6337 0.7410
vn 0.2636 -0.7574 0.5973
vn 0.2538 -0.7273 0.6377
vn 0.2636 -0.7574 0.5974
vn 0.1926 -0.5458 0.8155
vn 0.1514 -0.4325 0.8888
vn 0.1235 -0.3481 0.9293
vn 0.2538 -0.7150 -0.6514
vn 0.2636 -0.7459 -0.6117
vn 0.2635 -0.7459 -0.6117
vn 0.2221 -0.6195 -0.7529
vn 0.1926 -0.5301 -0.8258
vn 0.1514 -0.4155 -0.8969
vn 0.1234 -0.3305 -0.9357
vn -0.0583 -0.2592 0.9641
vn -0.0093 -0.4508 0.8926
vn 0.0091 -0.3479 0.9375
vn 0.0422 -0.5824 0.8118
vn 0.0369 -0.4444 0.8951
vn -0.1863 -0.4292 0.8838
vn -0.0805 -0.7400 0.6678
vn 0.0004 -0.8720 0.4895
vn 0.0004 -0.8495 0.5276
vn 0.0804 -0.7399 0.6678
vn 0.1863 -0.4292 0.8838
vn 0.0583 -0.2592 0.9641
vn -0.0091 -0.3479 0.9375
vn 0.0093 -0.4508 0.8926
vn -0.0422 -0.5824 0.8118
vn -0.0368 -0.4444 0.8951
vn 0.0091 -0.3300 -0.9439
vn -0.0093 -0.4338 -0.9010
vn -0.0583 -0.2408 -0.9688
vn 0.0423 -0.5668 -0.8228
vn 0.0368 -0.4272 -0.9034
vn -0.1863 -0.4123 -0.8918
vn -0.0804 -0.7271 -0.6818
vn 0.0005 -0.8625 -0.5060
vn 0.0004 -0.8393 -0.5437
vn 0.0805 -0.7271 -0.6818
vn 0.1863 -0.4123 -0.8918
vn 0.0583 -0.2408 -0.9688
vn -0.0091 -0.3300 -0.9439
vn 0.0093 -0.4338 -0.9010
vn -0.0422 -0.5668 -0.8228
vn -0.0369 -0.4273 -0.9034
vn -0.3378 -0.8434 0.4179
vn 0.1303 -0.9400 0.3154
vn -0.2622 -0.6565 0.7073
vn -0.0060 -0.8078 0.5894
vn 0.2679 -0.9569 0.1119
vn -0.1065 -0.6058 0.7884
vn 0.1356 -0.9867 -0.0901
vn -0.2026 -0.5242 0.8271
vn 0.2915 -0.9560 -0.0323
vn 0.1129 -0.8984 -0.4245
vn -0.0067 -0.8944 -0.4471
vn -0.3685 -0.4676 0.8035
vn -0.1484 -0.4678 0.8713
vn -0.4758 -0.5428 0.6921
vn -0.1525 -0.4586 0.8754
vn -0.1623 -0.4264 0.8899
vn -0.1621 -0.4267 0.8897
vn -0.5720 -0.6776 0.4623
vn -0.2335 -0.9660 -0.1109
vn -0.4489 -0.8927 -0.0406
vn -0.0750 -0.8618 -0.5017
vn 0.1248 -0.9372 -0.3258
vn -0.3380 -0.8352 -0.4339
vn -0.2676 -0.6334 -0.7261
vn -0.0060 -0.7964 -0.6047
vn 0.2676 -0.9547 -0.1298
vn -0.1065 -0.5907 -0.7999
vn 0.1417 -0.9873 0.0715
vn 0.2915 -0.9565 0.0141
vn 0.1129 -0.9063 0.4073
vn -0.2027 -0.5084 -0.8369
vn -0.0067 -0.9028 0.4300
vn -0.4758 -0.5296 -0.7023
vn -0.3685 -0.4522 -0.8122
vn -0.5720 -0.6687 -0.4751
vn -0.1484 -0.4511 -0.8800
vn -0.1525 -0.4419 -0.8840
vn -0.1623 -0.4094 -0.8978
vn -0.1621 -0.4097 -0.8977
vn -0.2347 -0.9677 0.0922
vn -0.4489 -0.8933 0.0236
vn -0.0750 -0.8712 0.4852
vn 0.2639 -0.6527 0.7102
vn 0.0060 -0.8078 0.5894
vn -0.1303 -0.9400 0.3154
vn -0.2676 -0.9570 0.1116
vn 0.1065 -0.6058 0.7885
vn -0.1417 -0.9858 -0.0903
vn -0.2915 -0.9560 -0.0323
vn -0.1129 -0.8984 -0.4245
vn 0.0067 -0.8944 -0.4471
vn 0.2027 -0.5242 0.8271
vn 0.2335 -0.9660 -0.1109
vn 0.0750 -0.8618 -0.5017
vn 0.4489 -0.8927 -0.0406
vn 0.5720 -0.6776 0.4623
vn 0.3375 -0.8435 0.4178
vn 0.4758 -0.5428 0.6921
vn 0.3685 -0.4676 0.8035
vn 0.1484 -0.4677 0.8713
vn 0.1525 -0.4586 0.8754
vn 0.1623 -0.4264 0.8899
vn 0.1621 -0.4267 0.8897
vn 0.0060 -0.7964 -0.6047
vn 0.2676 -0.6334 -0.7261
vn -0.1262 -0.9365 -0.3272
vn -0.2679 -0.9546 -0.1301
vn 0.1065 -0.5907 -0.7998
vn 0.2027 -0.5084 -0.8369
vn -0.1356 -0.9882 0.0713
vn -0.2915 -0.9565 0.0141
vn -0.1129 -0.9063 0.4073
vn 0.0067 -0.9028 0.4300
vn 0.3685 -0.4522 -0.8122
vn 0.1484 -0.4511 -0.8800
vn 0.1525 -0.4419 -0.8840
vn 0.1623 -0.4094 -0.8978
vn 0.1621 -0.4097 -0.8977
vn 0.4758 -0.5296 -0.7023
vn 0.3380 -0.8352 -0.4339
vn 0.5720 -0.6687 -0.4751
vn 0.2335 -0.9679 0.0925
vn 0.4489 -0.8933 0.0236
vn 0.0750 -0.8712 0.4852
vn -0.8122 0.5831 0.0188
vn -0.7737 0.3232 -0.5449
vn -0.7416 0.2431 -0.6252
vn -0.5805 0.1007 -0.8080
vn -0.5959 0.0333 -0.8024
vn -0.7335 0.6394 0.2306
vn -0.9590 -0.1093 -0.2613
vn -0.9905 0.1067 -0.0864
vn -0.9449 0.2942 0.1438
vn -0.7004 0.6875 0.1918
vn -0.4859 0.6466 0.5880
vn -0.8955 0.2495 0.3687
vn -0.7572 0.1009 0.6453
vn -0.7035 0.7037 -0.0996
vn -0.5003 0.5370 -0.6792
vn -0.6145 0.7745 -0.1501
vn -0.5181 0.6019 0.6077
vn -0.4132 0.6486 0.6392
vn -0.1905 0.3452 0.9190
vn -0.2425 0.2819 0.9283
vn -0.1454 0.2421 0.9593
vn -0.1780 0.1316 0.9752
vn -0.6474 -0.0240 0.7618
vn -0.6110 -0.1208 0.7823
vn -0.1853 -0.0704 0.9802
vn -0.9382 -0.1786 -0.2964
vn -0.5860 -0.0555 -0.8084
vn -0.9057 -0.2672 -0.3290
vn -0.4848 -0.2877 -0.8259
vn -0.6074 -0.1965 0.7697
vn -0.8601 -0.3901 -0.3287
vn -0.8179 -0.4907 -0.3005
vn -0.5969 -0.2913 0.7476
vn -0.2394 -0.2550 0.9368
vn -0.4164 -0.5766 -0.7030
vn -0.6462 -0.4129 0.6418
vn -0.3885 -0.4779 0.7878
vn -0.7957 -0.5862 -0.1525
vn -0.4239 -0.7313 -0.5343
vn -0.7148 -0.6207 0.3221
vn -0.5483 -0.7535 0.3628
vn -0.6882 -0.7171 -0.1097
vn -0.5357 -0.8140 -0.2247
vn 0.2728 -0.9119 0.3066
vn 0.2882 -0.9378 -0.1937
vn 0.2880 -0.9413 0.1758
vn 0.2161 -0.8409 0.4962
vn 0.2728 -0.9059 -0.3239
vn 0.1342 -0.8567 0.4981
vn 0.1322 -0.8509 0.5084
vn 0.1603 -0.8519 0.4985
vn 0.2161 -0.8313 -0.5121
vn 0.1342 -0.8470 -0.5143
vn 0.1322 -0.8411 -0.5245
vn 0.1603 -0.8423 -0.5146
vn -0.1342 -0.8567 0.4981
vn -0.1603 -0.8519 0.4985
vn -0.1322 -0.8509 0.5084
vn -0.2161 -0.8409 0.4962
vn -0.2728 -0.9119 0.3066
vn -0.2880 -0.9413 0.1758
vn -0.2882 -0.9378 -0.1937
vn -0.2728 -0.9059 -0.3238
vn -0.2161 -0.8313 -0.5121
vn -0.1342 -0.8470 -0.5143
vn -0.1322 -0.8411 -0.5245
vn -0.1603 -0.8423 -0.5146
vn -0.1853 -0.0518 -0.9813
vn -0.6110 -0.1059 -0.7845
vn -0.1779 0.1501 -0.9725
vn -0.9591 -0.1184 0.2571
vn -0.9379 -0.1836 0.2942
vn -0.5959 0.0180 0.8029
vn -0.5860 -0.0709 0.8072
vn -0.9051 -0.2726 0.3263
vn -0.4848 -0.3034 0.8203
vn -0.6089 -0.1810 -0.7723
vn -0.6007 -0.2753 -0.7506
vn -0.8601 -0.3963 0.3212
vn -0.2394 -0.2371 -0.9415
vn -0.8182 -0.4967 0.2896
vn -0.4164 -0.5899 0.6919
vn -0.6463 -0.4007 -0.6494
vn -0.3885 -0.4628 -0.7968
vn -0.7908 -0.5942 0.1466
vn -0.4239 -0.7414 0.5203
vn -0.6797 -0.7230 0.1237
vn -0.5357 -0.8181 0.2091
vn -0.7164 -0.6104 -0.3380
vn -0.5483 -0.7464 -0.3771
vn 0.1780 0.1316 0.9752
vn 0.1853 -0.0705 0.9802
vn 0.6110 -0.1208 0.7823
vn 0.9591 -0.1135 -0.2593
vn 0.9379 -0.1780 -0.2977
vn 0.5959 0.0333 -0.8024
vn 0.5860 -0.0555 -0.8084
vn 0.9051 -0.2663 -0.3314
vn 0.4848 -0.2877 -0.8259
vn 0.6089 -0.1957 0.7688
vn 0.6007 -0.2896 0.7452
vn 0.8601 -0.3901 -0.3287
vn 0.2394 -0.2550 0.9368
vn 0.8182 -0.4911 -0.2990
vn 0.4164 -0.5766 -0.7029
vn 0.6463 -0.4130 0.6417
vn 0.3885 -0.4779 0.7878
vn 0.7908 -0.5913 -0.1578
vn 0.4239 -0.7313 -0.5343
vn 0.6796 -0.7206 -0.1374
vn 0.5357 -0.8140 -0.2247
vn 0.7163 -0.6168 0.3263
vn 0.5483 -0.7535 0.3628
vn 0.1853 -0.0517 -0.9813
vn 0.1780 0.1501 -0.9725
vn 0.6172 -0.1049 -0.7798
vn 0.9591 -0.1168 0.2578
vn 0.9382 -0.1842 0.2930
vn 0.5959 0.0180 0.8029
vn 0.5860 -0.0708 0.8072
vn 0.9057 -0.2734 0.3238
vn 0.4848 -0.3033 0.8203
vn 0.6074 -0.1818 -0.7733
vn 0.8601 -0.3963 0.3212
vn 0.8179 -0.4963 0.2911
vn 0.5969 -0.2770 -0.7530
vn 0.2394 -0.2371 -0.9415
vn 0.4164 -0.5898 0.6919
vn 0.6462 -0.4006 -0.6495
vn 0.3885 -0.4628 -0.7968
vn 0.7957 -0.5890 0.1414
vn 0.4239 -0.7414 0.5203
vn 0.7148 -0.6145 -0.3339
vn 0.5483 -0.7464 -0.3771
vn 0.6882 -0.7191 0.0961
vn 0.5357 -0.8181 0.2091
vn 0.0824 -0.9965 -0.0150
vn -0.0815 -0.9966 -0.0147
vn 0.0006 -0.9999 -0.0100
vn -0.0000 -0.9999 0.0123
vn 0.0004 -0.9999 0.0125
vn -0.0000 -0.9995 -0.0323
vn 0.0005 -0.9995 -0.0326
vn 0.0827 -0.9966 -0.0050
vn -0.0817 -0.9966 -0.0051
vn 0.2104 -0.9776 -0.0084
vn 0.1831 -0.9823 -0.0396
vn 0.1956 -0.9805 -0.0179
vn 0.0006 -0.9989 -0.0464
vn 0.2106 -0.9775 -0.0076
vn 0.0006 -0.9989 -0.0476
vn 0.2104 -0.9776 -0.0102
vn -0.1956 -0.9805 -0.0179
vn 0.2105 -0.9775 -0.0111
vn -0.1831 -0.9823 -0.0396
vn 0.1956 -0.9807 -0.0008
vn -0.2103 -0.9776 -0.0084
vn 0.1831 -0.9829 0.0209
vn -0.2106 -0.9775 -0.0076
vn 0.0006 -0.9996 0.0274
vn -0.2104 -0.9776 -0.0102
vn 0.0006 -0.9996 0.0286
vn -0.2105 -0.9775 -0.0111
vn -0.1955 -0.9807 -0.0008
vn -0.1831 -0.9829 0.0209
vn -0.7737 0.3128 0.5509
vn -0.8129 0.5824 -0.0071
vn -0.7412 0.2317 0.6300
vn -0.5805 0.0853 0.8098
vn -0.7335 0.6437 -0.2184
vn -0.7004 0.6910 -0.1787
vn -0.4859 0.6577 -0.5756
vn -0.9449 0.2968 -0.1382
vn -0.9907 0.1037 0.0879
vn -0.8955 0.2565 -0.3638
vn -0.7027 0.7021 0.1152
vn -0.5004 0.5239 0.6893
vn -0.6145 0.7715 0.1648
vn -0.5181 0.6133 -0.5961
vn -0.4132 0.6607 -0.6267
vn -0.1905 0.3626 -0.9122
vn -0.7571 0.1144 -0.6432
vn -0.2432 0.2995 -0.9226
vn -0.1454 0.2604 -0.9545
vn -0.6494 -0.0114 -0.7604
vn 0.7737 0.3232 -0.5449
vn 0.8129 0.5821 0.0182
vn 0.7412 0.2436 -0.6255
vn 0.5805 0.1007 -0.8080
vn 0.7335 0.6394 0.2306
vn 0.7004 0.6875 0.1918
vn 0.4859 0.6466 0.5880
vn 0.9449 0.2942 0.1438
vn 0.9907 0.1054 -0.0859
vn 0.8955 0.2495 0.3687
vn 0.7027 0.7041 -0.1019
vn 0.5003 0.5370 -0.6792
vn 0.6145 0.7745 -0.1501
vn 0.5181 0.6019 0.6077
vn 0.4132 0.6486 0.6392
vn 0.1905 0.3452 0.9190
vn 0.7572 0.1022 0.6452
vn 0.2432 0.2819 0.9281
vn 0.1454 0.2421 0.9593
vn 0.6493 -0.0259 0.7601
vn 0.7737 0.3128 0.5509
vn 0.8125 0.5830 -0.0075
vn 0.7335 0.6437 -0.2184
vn 0.7004 0.6910 -0.1787
vn 0.4859 0.6577 -0.5756
vn 0.7416 0.2312 0.6297
vn 0.5805 0.0853 0.8098
vn 0.9446 0.2976 -0.1382
vn 0.9905 0.1051 0.0885
vn 0.8955 0.2565 -0.3638
vn 0.7572 0.1132 -0.6433
vn 0.7035 0.7017 0.1130
vn 0.5004 0.5239 0.6893
vn 0.6145 0.7715 0.1648
vn 0.5181 0.6133 -0.5961
vn 0.4132 0.6607 -0.6267
vn 0.1905 0.3626 -0.9123
vn 0.2425 0.2996 -0.9227
vn 0.1454 0.2604 -0.9545
vn 0.6474 -0.0095 -0.7621
vn -0.1836 -0.8753 0.4475
vn 0.0040 -0.9504 0.3110
vn -0.1555 -0.7709 0.6177
vn 0.0767 -0.9937 0.0823
vn 0.1720 -0.9579 0.2300
vn 0.1766 -0.9836 0.0352
vn -0.0478 -0.7768 0.6279
vn 0.0828 -0.7527 0.6532
vn 0.0018 -0.8056 0.5925
vn -0.0932 -0.8054 0.5854
vn -0.0792 -0.9030 0.4223
vn 0.1095 -0.8514 0.5130
vn 0.0882 -0.9053 0.4156
vn 0.1524 -0.9067 0.3932
vn 0.0013 -0.7935 -0.6086
vn 0.1095 -0.8415 -0.5291
vn 0.0828 -0.7401 -0.6674
vn 0.0882 -0.8972 -0.4327
vn 0.1524 -0.8991 -0.4104
vn -0.0792 -0.8948 -0.4394
vn -0.0932 -0.7941 -0.6006
vn -0.1555 -0.7590 -0.6323
vn -0.0469 -0.7684 -0.6382
vn 0.1720 -0.9533 -0.2482
vn 0.0040 -0.9443 -0.3290
vn -0.1836 -0.8666 -0.4641
vn 0.0767 -0.9919 -0.1012
vn 0.1766 -0.9828 -0.0539
vn 0.1555 -0.7709 0.6177
vn 0.0478 -0.7768 0.6279
vn -0.0040 -0.9504 0.3110
vn 0.1836 -0.8753 0.4475
vn -0.0767 -0.9937 0.0823
vn -0.1720 -0.9579 0.2300
vn -0.1766 -0.9836 0.0352
vn -0.0828 -0.7527 0.6532
vn -0.0006 -0.8041 0.5945
vn 0.0932 -0.8054 0.5854
vn 0.0792 -0.9030 0.4223
vn -0.1095 -0.8514 0.5130
vn -0.0882 -0.9053 0.4156
vn -0.1524 -0.9067 0.3932
vn 0.0469 -0.7709 -0.6352
vn -0.0828 -0.7401 -0.6674
vn -0.0006 -0.7926 -0.6097
vn -0.1720 -0.9533 -0.2482
vn -0.1095 -0.8415 -0.5291
vn -0.0882 -0.8972 -0.4327
vn -0.1524 -0.8991 -0.4104
vn 0.0792 -0.8948 -0.4394
vn 0.0932 -0.7941 -0.6006
vn 0.1555 -0.7590 -0.6323
vn -0.0017 -0.9452 -0.3266
vn 0.1836 -0.8666 -0.4641
vn -0.0767 -0.9919 -0.1012
vn -0.1766 -0.9828 -0.0539
vn -0.8252 0.1291 0.5499
vn -0.8078 -0.0490 0.5874
vn -0.8220 0.1224 0.5561
vn -0.7960 -0.1205 0.5932
vn -0.7141 -0.3302 0.6173
vn -0.6904 -0.3644 0.6249
vn -0.6376 -0.3933 0.6624
vn -0.6443 -0.3787 0.6644
vn -0.8220 0.1330 -0.5537
vn -0.8078 -0.0378 -0.5882
vn -0.8252 0.1395 -0.5473
vn -0.7960 -0.1092 -0.5954
vn -0.7141 -0.3184 -0.6234
vn -0.6904 -0.3525 -0.6317
vn -0.6376 -0.3806 -0.6698
vn -0.6443 -0.3659 -0.6715
vn 0.8078 -0.0490 0.5874
vn 0.8220 0.1224 0.5561
vn 0.7960 -0.1205 0.5932
vn 0.8252 0.1291 0.5499
vn 0.7141 -0.3302 0.6173
vn 0.6904 -0.3644 0.6249
vn 0.6376 -0.3933 0.6624
vn 0.6443 -0.3787 0.6644
vn 0.8078 -0.0378 -0.5882
vn 0.8220 0.1330 -0.5537
vn 0.8252 0.1395 -0.5473
vn 0.7960 -0.1092 -0.5954
vn 0.7141 -0.3184 -0.6234
vn 0.6905 -0.3524 -0.6317
vn 0.6376 -0.3806 -0.6698
vn 0.6443 -0.3660 -0.6715
vn 0.0003 -0.9901 0.1403
vn -0.0894 -0.9600 0.2654
vn -0.1783 -0.9238 0.3389
vn -0.3002 -0.7799 0.5492
vn 0.0894 -0.9600 0.2654
vn 0.1783 -0.9238 0.3389
vn 0.3002 -0.7799 0.5492
vn 0.0003 -0.9873 -0.1591
vn 0.0894 -0.9547 -0.2837
vn 0.1783 -0.9171 -0.3564
vn 0.3002 -0.7694 -0.5638
vn -0.0894 -0.9547 -0.2837
vn -0.1783 -0.9171 -0.3564
vn -0.3002 -0.7694 -0.5638
vn -0.2572 -0.9323 0.2544
vn 0.1181 -0.9827 0.1427
vn -0.1183 -0.9827 0.1425
vn -0.3558 -0.8925 0.2772
vn -0.3281 -0.9045 0.2724
vn 0.2572 -0.9323 0.2545
vn 0.3558 -0.8925 0.2772
vn 0.3283 -0.9044 0.2727
vn 0.2572 -0.9272 -0.2721
vn -0.2572 -0.9272 -0.2721
vn 0.1181 -0.9798 -0.1614
vn 0.3558 -0.8871 -0.2941
vn 0.3281 -0.8991 -0.2896
vn -0.1183 -0.9798 -0.1612
vn -0.3558 -0.8871 -0.2941
vn -0.3283 -0.8990 -0.2898
vn -0.7814 -0.3344 0.5269
vn -0.7698 -0.1533 0.6196
vn -0.7709 -0.1487 0.6193
vn -0.7758 -0.3974 0.4901
vn -0.6934 -0.6250 0.3586
vn -0.6703 -0.6587 0.3417
vn -0.6242 -0.6899 0.3668
vn -0.6157 -0.6963 0.3689
vn -0.7698 -0.1415 -0.6224
vn -0.7814 -0.3243 -0.5332
vn -0.7710 -0.1370 -0.6219
vn -0.7758 -0.3880 -0.4976
vn -0.6934 -0.6180 -0.3704
vn -0.6703 -0.6521 -0.3542
vn -0.6241 -0.6828 -0.3798
vn -0.6157 -0.6892 -0.3821
vn 0.7814 -0.3344 0.5269
vn 0.7710 -0.1488 0.6192
vn 0.7698 -0.1533 0.6196
vn 0.7758 -0.3974 0.4900
vn 0.6934 -0.6250 0.3586
vn 0.6703 -0.6587 0.3417
vn 0.6241 -0.6899 0.3667
vn 0.6157 -0.6963 0.3689
vn 0.7698 -0.1415 -0.6224
vn 0.7813 -0.3243 -0.5332
vn 0.7758 -0.3880 -0.4976
vn 0.7709 -0.1369 -0.6220
vn 0.6934 -0.6180 -0.3704
vn 0.6703 -0.6521 -0.3542
vn 0.6241 -0.6828 -0.3798
vn 0.6157 -0.6892 -0.3821
vn -0.7599 0.6388 0.1206
vn -0.6995 0.6660 0.2591
vn -0.6531 0.6710 0.3509
vn -0.3927 0.6219 0.6775
vn -0.4678 0.6557 0.5926
vn -0.1618 0.5086 0.8457
vn -0.7599 0.6409 -0.1088
vn -0.6531 0.6776 -0.3381
vn -0.6995 0.6708 -0.2463
vn -0.3927 0.6347 -0.6655
vn -0.4678 0.6669 -0.5800
vn -0.1618 0.5246 -0.8358
vn 0.7599 0.6388 0.1206
vn 0.6531 0.6710 0.3509
vn 0.6995 0.6660 0.2591
vn 0.3927 0.6219 0.6776
vn 0.4678 0.6557 0.5926
vn 0.1618 0.5086 0.8457
vn 0.7599 0.6409 -0.1088
vn 0.6996 0.6708 -0.2462
vn 0.6531 0.6776 -0.3381
vn 0.3927 0.6346 -0.6656
vn 0.4678 0.6669 -0.5800
vn 0.1618 0.5246 -0.8359
vn -0.0638 -0.9940 0.0893
vn -0.0242 -0.9714 0.2362
vn 0.1226 -0.9894 0.0777
vn -0.0296 -0.9583 0.2844
vn 0.2516 -0.9645 0.0798
vn -0.0909 -0.9335 0.3468
vn -0.0925 -0.9275 0.3621
vn 0.0530 -0.9897 0.1333
vn 0.0334 -0.9759 0.2158
vn -0.0707 -0.8670 0.4933
vn 0.0669 -0.9973 0.0317
vn 0.0019 -0.9974 0.0722
vn 0.0669 -0.9965 -0.0506
vn 0.1139 -0.9934 -0.0098
vn 0.0530 -0.9870 -0.1520
vn 0.0334 -0.9716 -0.2344
vn 0.0019 -0.9958 -0.0912
vn -0.0242 -0.9667 -0.2546
vn -0.0707 -0.8574 -0.5097
vn -0.0909 -0.9268 -0.3645
vn -0.0296 -0.9527 -0.3026
vn -0.0925 -0.9205 -0.3797
vn 0.1226 -0.9878 -0.0965
vn -0.0642 -0.9921 -0.1079
vn 0.2516 -0.9628 -0.0982
vn 0.0638 -0.9940 0.0893
vn -0.1226 -0.9894 0.0777
vn 0.0242 -0.9714 0.2362
vn 0.0296 -0.9583 0.2844
vn -0.2516 -0.9645 0.0798
vn 0.0909 -0.9335 0.3468
vn 0.0925 -0.9275 0.3621
vn -0.0530 -0.9897 0.1333
vn -0.0334 -0.9759 0.2158
vn 0.0707 -0.8670 0.4933
vn -0.0669 -0.9973 0.0317
vn -0.0019 -0.9974 0.0722
vn -0.0669 -0.9965 -0.0506
vn -0.1139 -0.9934 -0.0098
vn -0.0530 -0.9870 -0.1520
vn -0.0334 -0.9716 -0.2344
vn -0.0019 -0.9958 -0.0912
vn 0.0242 -0.9667 -0.2546
vn 0.0707 -0.8574 -0.5097
vn 0.0909 -0.9268 -0.3645
vn 0.0296 -0.9527 -0.3026
vn 0.0926 -0.9205 -0.3797
vn -0.1226 -0.9878 -0.0965
vn -0.2516 -0.9628 -0.0982
vn 0.0642 -0.9921 -0.1079
vn -0.3743 -0.6532 0.6582
vn -0.1230 -0.7981 0.5899
vn -0.3790 -0.6522 0.6565
vn -0.2735 -0.7033 0.6562
vn 0.1230 -0.7980 0.5899
vn 0.2735 -0.7033 0.6561
vn 0.3743 -0.6532 0.6582
vn 0.3790 -0.6521 0.6566
vn -0.3743 -0.6405 -0.6705
vn -0.1230 -0.7868 -0.6049
vn -0.2734 -0.6907 -0.6694
vn -0.3790 -0.6395 -0.6688
vn 0.1230 -0.7867 -0.6050
vn 0.2734 -0.6908 -0.6694
vn 0.3743 -0.6405 -0.6705
vn 0.3790 -0.6395 -0.6688
vn -0.1092 -0.0359 -0.9934
vn -0.2573 -0.1535 -0.9541
vn -0.0571 0.1111 -0.9922
vn -0.2743 -0.1482 -0.9501
vn 0.0311 0.2075 -0.9777
vn -0.2677 -0.1983 -0.9429
vn 0.0492 0.6956 -0.7167
vn -0.2760 -0.2272 -0.9339
vn 0.0342 0.6959 -0.7173
vn -0.2280 -0.2524 -0.9404
vn 0.0164 0.9407 -0.3389
vn -0.2178 -0.3161 -0.9234
vn 0.0413 0.9885 -0.1453
vn 0.0458 0.9979 -0.0468
vn 0.0195 0.9993 -0.0327
vn -0.1990 -0.4651 -0.8626
vn -0.2185 -0.6496 -0.7282
vn -0.1747 -0.7717 -0.6115
vn -0.1964 -0.8384 -0.5085
vn -0.1250 -0.8823 -0.4539
vn -0.2317 -0.9207 -0.3139
vn -0.0517 -0.9529 -0.2988
vn -0.0475 -0.9862 -0.1586
vn -0.0456 -0.8836 0.4661
vn -0.0447 -0.9214 0.3861
vn -0.0295 -0.3889 0.9208
vn 0.0140 -0.4016 0.9157
vn -0.0360 -0.3365 0.9410
vn -0.1149 -0.2286 0.9667
vn -0.0348 -0.3474 0.9371
vn -0.1092 -0.0548 0.9925
vn -0.2573 -0.1716 0.9510
vn -0.2743 -0.1663 0.9472
vn -0.2677 -0.2162 0.9389
vn -0.0571 0.0921 0.9941
vn -0.2760 -0.2450 0.9294
vn 0.0311 0.1889 0.9815
vn -0.2280 -0.2703 0.9354
vn 0.0492 0.6819 0.7298
vn -0.2178 -0.3337 0.9172
vn 0.0342 0.6821 0.7305
vn -0.1989 -0.4814 0.8536
vn 0.0164 0.9341 0.3567
vn -0.2185 -0.6634 0.7157
vn 0.0413 0.9856 0.1640
vn 0.0458 0.9968 0.0658
vn 0.0195 0.9985 0.0518
vn -0.1747 -0.7832 0.5967
vn -0.1964 -0.8479 0.4924
vn -0.1251 -0.8907 0.4370
vn -0.2317 -0.9265 0.2964
vn -0.0517 -0.9584 0.2805
vn -0.0474 -0.9890 0.1398
vn -0.0456 -0.8745 -0.4828
vn -0.0447 -0.9139 -0.4036
vn -0.0295 -0.3713 -0.9280
vn 0.0140 -0.3841 -0.9232
vn -0.0360 -0.3185 -0.9472
vn -0.0348 -0.3295 -0.9435
vn -0.1149 -0.2101 -0.9709
vn 0.2573 -0.1535 -0.9541
vn 0.1092 -0.0359 -0.9934
vn 0.0571 0.1111 -0.9922
vn -0.0311 0.2075 -0.9777
vn 0.2743 -0.1482 -0.9502
vn -0.0492 0.6956 -0.7167
vn 0.2677 -0.1983 -0.9429
vn -0.0342 0.6959 -0.7173
vn 0.2760 -0.2272 -0.9339
vn -0.0164 0.9407 -0.3389
vn 0.2280 -0.2524 -0.9404
vn -0.0413 0.9885 -0.1452
vn -0.0458 0.9979 -0.0468
vn -0.0195 0.9993 -0.0327
vn 0.2177 -0.3162 -0.9234
vn 0.1989 -0.4651 -0.8626
vn 0.2185 -0.6496 -0.7282
vn 0.1747 -0.7717 -0.6115
vn 0.1964 -0.8384 -0.5085
vn 0.1250 -0.8823 -0.4539
vn 0.2317 -0.9207 -0.3139
vn 0.0517 -0.9529 -0.2988
vn 0.0474 -0.9862 -0.1586
vn 0.0456 -0.8836 0.4661
vn 0.0447 -0.9214 0.3861
vn 0.0295 -0.3889 0.9208
vn -0.0140 -0.4016 0.9157
vn 0.0360 -0.3365 0.9410
vn 0.0348 -0.3474 0.9371
vn 0.1149 -0.2286 0.9667
vn 0.2573 -0.1716 0.9510
vn 0.1092 -0.0548 0.9925
vn 0.2743 -0.1663 0.9472
vn 0.2677 -0.2162 0.9389
vn 0.0571 0.0921 0.9941
vn 0.2760 -0.2450 0.9294
vn -0.0311 0.1889 0.9815
vn 0.2280 -0.2703 0.9354
vn -0.0492 0.6819 0.7298
vn 0.2178 -0.3336 0.9172
vn -0.0342 0.6821 0.7305
vn 0.1990 -0.4814 0.8536
vn -0.0164 0.9341 0.3567
vn 0.2185 -0.6634 0.7157
vn -0.0413 0.9856 0.1640
vn -0.0458 0.9968 0.0658
vn -0.0195 0.9985 0.0518
vn 0.1747 -0.7832 0.5967
vn 0.1964 -0.8479 0.4925
vn 0.1250 -0.8907 0.4370
vn 0.2317 -0.9265 0.2964
vn 0.0517 -0.9584 0.2805
vn 0.0475 -0.9890 0.1398
vn 0.0456 -0.8745 -0.4828
vn 0.0447 -0.9139 -0.4036
vn 0.0295 -0.3713 -0.9280
vn -0.0140 -0.3841 -0.9232
vn 0.0360 -0.3185 -0.9472
vn 0.0348 -0.3295 -0.9435
vn 0.1149 -0.2101 -0.9709
vn 0.0757 0.6254 0.7766
vn 0.0424 0.3763 0.9255
vn 0.0455 0.3791 0.9242
vn 0.0856 0.6624 0.7442
vn 0.1499 0.9864 0.0678
vn 0.1334 0.9788 -0.1553
vn 0.0915 0.8308 -0.5490
vn 0.1220 0.5782 -0.8067
vn 0.0217 0.3689 -0.9292
vn 0.0732 0.3427 -0.9366
vn 0.0424 0.3938 -0.9182
vn 0.0757 0.6401 -0.7645
vn 0.0455 0.3966 -0.9169
vn 0.0856 0.6765 -0.7315
vn 0.1500 0.9875 -0.0490
vn 0.1334 0.9757 0.1739
vn 0.0916 0.8202 0.5647
vn 0.1220 0.5628 0.8175
vn 0.0217 0.3511 0.9361
vn 0.0732 0.3249 0.9429
vn -0.0757 0.6254 0.7766
vn -0.0424 0.3763 0.9255
vn -0.0856 0.6624 0.7442
vn -0.0455 0.3791 0.9242
vn -0.1500 0.9864 0.0678
vn -0.1334 0.9788 -0.1553
vn -0.0916 0.8308 -0.5490
vn -0.1220 0.5782 -0.8067
vn -0.0217 0.3689 -0.9292
vn -0.0732 0.3427 -0.9366
vn -0.0757 0.6401 -0.7645
vn -0.0424 0.3938 -0.9182
vn -0.0455 0.3966 -0.9169
vn -0.0856 0.6765 -0.7315
vn -0.1500 0.9875 -0.0490
vn -0.1334 0.9757 0.1739
vn -0.0915 0.8202 0.5647
vn -0.1220 0.5628 0.8175
vn -0.0217 0.3511 0.9361
vn -0.0732 0.3249 0.9429
vn 0.0785 0.0100 -0.9969
vn 0.0899 0.0991 -0.9910
vn 0.0788 -0.0145 -0.9968
vn 0.0931 0.1711 -0.9808
vn 0.0967 0.2326 -0.9678
vn 0.0718 -0.1094 -0.9914
vn 0.0791 -0.1098 -0.9908
vn 0.1049 -0.0983 -0.9896
vn 0.0971 -0.0551 -0.9937
vn 0.0809 -0.0590 -0.9950
vn 0.0547 -0.0186 -0.9983
vn 0.0785 -0.0089 0.9969
vn 0.0899 0.0802 0.9927
vn 0.0931 0.1524 0.9839
vn 0.0969 0.2145 0.9719
vn 0.0788 -0.0335 0.9963
vn 0.0718 -0.1283 0.9891
vn 0.0789 -0.1287 0.9885
vn 0.1049 -0.1171 0.9876
vn 0.0971 -0.0740 0.9925
vn 0.0809 -0.0779 0.9937
vn 0.0547 -0.0376 0.9978
vn -0.0785 0.0100 -0.9969
vn -0.0899 0.0991 -0.9910
vn -0.0931 0.1711 -0.9808
vn -0.0967 0.2326 -0.9678
vn -0.0788 -0.0145 -0.9968
vn -0.0718 -0.1094 -0.9914
vn -0.0789 -0.1099 -0.9908
vn -0.1049 -0.0983 -0.9896
vn -0.0971 -0.0551 -0.9937
vn -0.0809 -0.0590 -0.9950
vn -0.0547 -0.0186 -0.9983
vn -0.0899 0.0802 0.9927
vn -0.0785 -0.0089 0.9969
vn -0.0931 0.1524 0.9839
vn -0.0969 0.2145 0.9719
vn -0.0788 -0.0335 0.9963
vn -0.0718 -0.1283 0.9891
vn -0.0791 -0.1286 0.9885
vn -0.1049 -0.1171 0.9876
vn -0.0971 -0.0740 0.9925
vn -0.0809 -0.0779 0.9937
vn -0.0547 -0.0376 0.9978
vn 0.3585 0.0830 -0.9298
vn 0.3340 0.0857 -0.9387
vn 0.3739 0.0708 -0.9247
vn 0.3090 0.0466 -0.9499
vn 0.2614 0.0067 -0.9652
vn 0.4270 0.0563 -0.9025
vn 0.4304 0.0498 -0.9013
vn 0.4479 0.0425 -0.8931
vn 0.4487 0.0526 -0.8921
vn 0.4480 0.0444 -0.8930
vn 0.3585 0.0654 0.9312
vn 0.3340 0.0678 0.9401
vn 0.3090 0.0286 0.9506
vn 0.2612 -0.0119 0.9652
vn 0.3739 0.0532 0.9259
vn 0.4270 0.0392 0.9034
vn 0.4304 0.0326 0.9021
vn 0.4479 0.0255 0.8937
vn 0.4487 0.0356 0.8930
vn 0.4479 0.0273 0.8936
vn -0.3340 0.0857 -0.9387
vn -0.3585 0.0830 -0.9298
vn -0.3739 0.0708 -0.9247
vn -0.3090 0.0466 -0.9499
vn -0.2614 0.0067 -0.9652
vn -0.4270 0.0563 -0.9025
vn -0.4304 0.0498 -0.9013
vn -0.4479 0.0425 -0.8931
vn -0.4487 0.0526 -0.8921
vn -0.4480 0.0443 -0.8930
vn -0.3340 0.0678 0.9401
vn -0.3585 0.0653 0.9312
vn -0.3090 0.0286 0.9506
vn -0.2612 -0.0119 0.9652
vn -0.3739 0.0532 0.9259
vn -0.4270 0.0392 0.9034
vn -0.4304 0.0326 0.9021
vn -0.4479 0.0254 0.8937
vn -0.4487 0.0356 0.8930
vn -0.4479 0.0273 0.8937
vn 0.1218 0.2931 -0.9483
vn 0.1143 0.3510 -0.9294
vn 0.1744 0.2405 -0.9548
vn 0.0386 0.3239 -0.9453
vn -0.0100 0.3018 -0.9533
vn 0.2131 0.1515 -0.9652
vn 0.2214 0.1111 -0.9688
vn 0.2461 0.0037 -0.9692
vn 0.2445 0.0031 -0.9696
vn 0.2521 -0.0312 -0.9672
vn 0.2557 -0.0410 -0.9659
vn 0.1219 0.2750 0.9537
vn 0.1143 0.3333 0.9359
vn 0.0387 0.3059 0.9513
vn -0.0100 0.2835 0.9589
vn 0.1745 0.2223 0.9592
vn 0.2131 0.1331 0.9679
vn 0.2214 0.0927 0.9708
vn 0.2461 -0.0147 0.9691
vn 0.2445 -0.0153 0.9695
vn 0.2521 -0.0496 0.9664
vn 0.2557 -0.0594 0.9649
vn -0.1143 0.3510 -0.9294
vn -0.1218 0.2931 -0.9483
vn -0.1744 0.2405 -0.9548
vn -0.0386 0.3239 -0.9453
vn 0.0100 0.3018 -0.9533
vn -0.2131 0.1514 -0.9652
vn -0.2214 0.1111 -0.9688
vn -0.2460 0.0037 -0.9693
vn -0.2445 0.0031 -0.9696
vn -0.2521 -0.0312 -0.9672
vn -0.2557 -0.0410 -0.9659
vn -0.1143 0.3333 0.9359
vn -0.1218 0.2750 0.9537
vn -0.0387 0.3059 0.9513
vn 0.0100 0.2835 0.9589
vn -0.1745 0.2223 0.9592
vn -0.2131 0.1331 0.9679
vn -0.2214 0.0927 0.9708
vn -0.2460 -0.0147 0.9692
vn -0.2445 -0.0153 0.9695
vn -0.2521 -0.0496 0.9664
vn -0.2557 -0.0594 0.9649
vn 0.8771 0.4796 -0.0250
vn 0.9290 0.3573 -0.0967
vn 0.9361 0.3197 -0.1466
vn 0.9539 0.0448 -0.2968
vn 0.9549 0.0395 -0.2944
vn 0.9655 -0.0430 -0.2570
vn 0.9689 -0.0350 -0.2451
vn 0.9540 0.0876 -0.2868
vn 0.9419 0.1291 -0.3099
vn 0.8968 0.2621 -0.3564
vn 0.8969 0.2577 -0.3595
vn 0.8772 0.4790 0.0341
vn 0.9361 0.3169 0.1527
vn 0.9290 0.3554 0.1035
vn 0.9539 0.0391 0.2976
vn 0.9549 0.0338 0.2951
vn 0.9655 -0.0479 0.2561
vn 0.9689 -0.0396 0.2444
vn 0.9540 0.0821 0.2884
vn 0.9420 0.1232 0.3123
vn 0.8968 0.2551 0.3614
vn 0.8969 0.2507 0.3644
vn -0.8771 0.4796 -0.0250
vn -0.9361 0.3197 -0.1466
vn -0.9290 0.3573 -0.0967
vn -0.9539 0.0448 -0.2968
vn -0.9549 0.0395 -0.2944
vn -0.9655 -0.0430 -0.2570
vn -0.9689 -0.0350 -0.2451
vn -0.9540 0.0876 -0.2868
vn -0.9419 0.1291 -0.3099
vn -0.8968 0.2622 -0.3564
vn -0.8969 0.2576 -0.3595
vn -0.8772 0.4790 0.0341
vn -0.9290 0.3554 0.1035
vn -0.9361 0.3169 0.1527
vn -0.9539 0.0391 0.2976
vn -0.9549 0.0338 0.2951
vn -0.9655 -0.0479 0.2561
vn -0.9689 -0.0396 0.2444
vn -0.9540 0.0821 0.2884
vn -0.9420 0.1232 0.3123
vn -0.8968 0.2551 0.3614
vn -0.8969 0.2507 0.3644
vn 0.9505 0.2761 0.1424
vn 0.9948 0.0331 0.0960
vn 0.9945 0.0227 0.1021
vn 0.9953 -0.0695 0.0675
vn 0.9971 -0.0570 0.0497
vn 0.9369 0.3125 0.1566
vn 0.8166 0.5015 0.2856
vn 0.7934 0.5211 0.3146
vn 0.7096 0.5303 0.4640
vn 0.6994 0.5173 0.4931
vn 0.6841 0.4977 0.5333
vn 0.9369 0.3154 -0.1506
vn 0.9505 0.2788 -0.1371
vn 0.9948 0.0350 -0.0953
vn 0.9945 0.0247 -0.1017
vn 0.9953 -0.0682 -0.0688
vn 0.9971 -0.0560 -0.0508
vn 0.8166 0.5069 -0.2760
vn 0.7934 0.5270 -0.3047
vn 0.7096 0.5390 -0.4538
vn 0.6994 0.5266 -0.4832
vn 0.6841 0.5077 -0.5237
vn -0.9505 0.2761 0.1424
vn -0.9945 0.0227 0.1021
vn -0.9948 0.0331 0.0960
vn -0.9953 -0.0695 0.0675
vn -0.9971 -0.0570 0.0497
vn -0.9369 0.3125 0.1566
vn -0.8166 0.5015 0.2856
vn -0.7934 0.5211 0.3146
vn -0.7096 0.5303 0.4640
vn -0.6994 0.5173 0.4931
vn -0.6841 0.4977 0.5333
vn -0.9369 0.3154 -0.1506
vn -0.9948 0.0350 -0.0953
vn -0.9505 0.2788 -0.1371
vn -0.9945 0.0247 -0.1017
vn -0.9953 -0.0682 -0.0688
vn -0.9971 -0.0561 -0.0508
vn -0.8166 0.5069 -0.2760
vn -0.7934 0.5270 -0.3047
vn -0.7096 0.5390 -0.4538
vn -0.6994 0.5266 -0.4832
vn -0.6841 0.5077 -0.5237
vn 0.6973 -0.2656 -0.6658
vn 0.6974 -0.2775 0.6608
vn 0.6974 -0.2775 0.6607
vn -0.6973 -0.2654 -0.6658
vn -0.6973 -0.2780 0.6606
vn -0.6974 -0.2780 0.6606
vn 0.7678 0.2257 0.5996
vn 0.7977 0.1396 0.5866
vn 0.8023 0.1372 0.5809
vn 0.8204 0.1310 0.5565
vn 0.8256 0.1264 0.5499
vn 0.7570 0.2709 0.5946
vn 0.7288 0.3593 0.5829
vn 0.7293 0.3548 0.5851
vn 0.7295 0.3482 0.5887
vn 0.7678 0.2371 -0.5952
vn 0.7978 0.1507 -0.5838
vn 0.7570 0.2822 -0.5893
vn 0.8024 0.1482 -0.5781
vn 0.8204 0.1416 -0.5539
vn 0.8256 0.1369 -0.5474
vn 0.7288 0.3703 -0.5759
vn 0.7293 0.3658 -0.5782
vn 0.7295 0.3593 -0.5820
vn -0.7678 0.2257 0.5996
vn -0.8023 0.1372 0.5809
vn -0.7978 0.1396 0.5866
vn -0.8204 0.1310 0.5565
vn -0.8256 0.1264 0.5499
vn -0.7570 0.2709 0.5946
vn -0.7288 0.3593 0.5829
vn -0.7293 0.3548 0.5850
vn -0.7295 0.3482 0.5887
vn -0.8023 0.1483 -0.5782
vn -0.7678 0.2371 -0.5952
vn -0.7978 0.1507 -0.5838
vn -0.8204 0.1416 -0.5539
vn -0.8256 0.1369 -0.5474
vn -0.7571 0.2822 -0.5893
vn -0.7288 0.3703 -0.5759
vn -0.7293 0.3658 -0.5782
vn -0.7295 0.3593 -0.5820
vn 0.8880 0.1611 -0.4308
vn 0.3908 0.0509 -0.9191
vn 0.3743 0.0420 -0.9264
vn 0.9112 0.1053 -0.3983
vn 0.3651 0.1131 -0.9241
vn 0.9616 0.0966 0.2570
vn 0.9728 0.1795 0.1464
vn 0.9501 -0.0056 0.3118
vn 0.3654 0.1373 -0.9207
vn 0.9436 0.0009 0.3312
vn 0.3691 0.2241 -0.9020
vn 0.3533 0.2305 -0.9067
vn 0.3111 0.2443 -0.9185
vn 0.8649 0.0325 0.5009
vn 0.8337 0.0265 0.5516
vn 0.7928 0.0101 0.6094
vn 0.3908 0.0334 0.9199
vn 0.8880 0.1529 0.4338
vn 0.3743 0.0244 0.9270
vn 0.9112 0.0977 0.4002
vn 0.3651 0.0955 0.9261
vn 0.9616 0.1015 -0.2551
vn 0.9728 0.1823 -0.1430
vn 0.9501 0.0003 -0.3119
vn 0.3654 0.1198 0.9231
vn 0.9436 0.0072 -0.3311
vn 0.3691 0.2069 0.9061
vn 0.3533 0.2132 0.9109
vn 0.3109 0.2271 0.9229
vn 0.8649 0.0420 -0.5001
vn 0.8337 0.0370 -0.5510
vn 0.7930 0.0216 -0.6089
vn -0.3908 0.0509 -0.9191
vn -0.8880 0.1611 -0.4308
vn -0.3743 0.0420 -0.9264
vn -0.9112 0.1053 -0.3983
vn -0.3651 0.1131 -0.9241
vn -0.9616 0.0966 0.2570
vn -0.9728 0.1795 0.1464
vn -0.9501 -0.0056 0.3119
vn -0.3654 0.1373 -0.9207
vn -0.9436 0.0009 0.3312
vn -0.3691 0.2241 -0.9020
vn -0.3533 0.2305 -0.9067
vn -0.3111 0.2443 -0.9185
vn -0.8649 0.0325 0.5009
vn -0.8337 0.0265 0.5516
vn -0.7928 0.0101 0.6094
vn -0.3908 0.0334 0.9199
vn -0.8880 0.1529 0.4337
vn -0.9112 0.0977 0.4002
vn -0.3743 0.0244 0.9270
vn -0.3651 0.0955 0.9261
vn -0.9616 0.1015 -0.2551
vn -0.9728 0.1823 -0.1430
vn -0.9501 0.0003 -0.3119
vn -0.3654 0.1198 0.9231
vn -0.9436 0.0072 -0.3311
vn -0.3691 0.2069 0.9061
vn -0.3533 0.2132 0.9109
vn -0.3109 0.2271 0.9229
vn -0.8649 0.0420 -0.5001
vn -0.8337 0.0370 -0.5510
vn -0.7930 0.0216 -0.6089
usemtl Skull_Bone
f 1729/3499/1869 1730/3499/1870 1731/3499/1871
f 1730/3499/1870 1729/3499/1869 1732/3499/1872
f 1729/3499/1869 1731/3499/1871 1733/3499/1873
f 1734/3499/1874 1730/3499/1870 1735/3499/1872
f 1730/3499/1870 1734/3499/1874 1736/3499/1869
f 1737/3499/1871 1730/3499/1870 1736/3499/1869
f 1730/3499/1870 1737/3499/1871 1731/3499/1871
f 1737/3499/1871 1736/3499/1869 1738/3499/1875
f 1737/3499/1871 1738/3499/1875 1739/3499/1873
f 1740/3499/1874 1737/3499/1871 1741/3499/1875
f 1740/3499/1874 1742/3499/1870 1737/3499/1871
f 1742/3499/1870 1731/3499/1871 1737/3499/1871
f 1742/3499/1870 1740/3499/1874 1743/3499/1874
f 1744/3499/1869 1731/3499/1871 1742/3499/1870
f 1731/3499/1871 1744/3499/1869 1745/3499/1875
f 1744/3499/1869 1742/3499/1870 1746/3499/1874
f 1746/3499/1874 1742/3499/1870 1747/3499/1876
f 1744/3499/1869 1746/3499/1874 1748/3499/1877
f 1749/3499/1878 1750/3499/1879 1751/3499/1880
f 1749/3499/1878 1751/3499/1880 1752/3499/1881
f 1750/3499/1879 1753/3499/1882 1751/3499/1880
f 1754/3499/1883 1751/3499/1880 1753/3499/1882
f 1753/3499/1882 1755/3499/1884 1754/3499/1883
f 1756/3499/1885 1754/3499/1883 1755/3499/1884
f 1757/3499/1886 1758/3499/1887 1759/3499/1888
f 1758/3499/1887 1757/3499/1886 1760/3499/1889
f 1761/3499/1890 1760/3499/1889 1757/3499/1886
f 1760/3499/1889 1761/3499/1890 1762/3499/1891
f 1761/3499/1890 1763/3499/1892 1762/3499/1891
f 1761/3499/1890 1764/3499/1893 1763/3499/1892
f 1765/3499/1894 1766/3499/1895 1767/3499/1896
f 1768/3499/1897 1767/3499/1896 1766/3499/1895
f 1765/3499/1894 1767/3499/1896 1769/3499/1898
f 1770/3499/1899 1767/3499/1896 1768/3499/1897
f 1768/3499/1897 1771/3499/1900 1770/3499/1899
f 1772/3499/1901 1770/3499/1899 1771/3499/1900
f 1772/3499/1901 1773/3499/1902 1770/3499/1899
f 1773/3499/1902 1767/3499/1896 1770/3499/1899
f 1773/3499/1902 1772/3499/1901 1774/3499/1903
f 1775/3499/1904 1769/3499/1898 1767/3499/1896
f 1767/3499/1896 1773/3499/1902 1775/3499/1904
f 1769/3499/1898 1775/3499/1904 1776/3499/1905
f 1773/3499/1902 1774/3499/1903 1777/3499/1906
f 1776/3499/1905 1775/3499/1904 1778/3499/1907
f 1773/3499/1902 1777/3499/1906 1779/3499/1908
f 1775/3499/1904 1773/3499/1902 1779/3499/1908
f 1779/3499/1908 1777/3499/1906 1780/3499/1909
f 1779/3499/1908 1780/3499/1909 1781/3499/1910
f 1781/3499/1910 1782/3499/1911 1779/3499/1908
f 1775/3499/1904 1779/3499/1908 1783/3499/1912
f 1778/3499/1907 1775/3499/1904 1783/3499/1912
f 1783/3499/1912 1779/3499/1908 1782/3499/1911
f 1778/3499/1907 1783/3499/1912 1784/3499/1913
f 1784/3499/1913 1783/3499/1912 1782/3499/1911
f 1785/3499/1914 1786/3499/1915 1787/3499/1916
f 1787/3499/1916 1786/3499/1915 1788/3499/1917
f 1786/3499/1915 1789/3499/1918 1788/3499/1917
f 1785/3499/1914 1790/3499/1919 1786/3499/1915
f 1790/3499/1919 1785/3499/1914 1791/3499/1920
f 1786/3499/1915 1792/3499/1921 1789/3499/1918
f 1793/3499/1922 1789/3499/1918 1792/3499/1921
f 1792/3499/1921 1794/3499/1923 1793/3499/1922
f 1786/3499/1915 1795/3499/1924 1792/3499/1921
f 1795/3499/1924 1794/3499/1923 1792/3499/1921
f 1795/3499/1924 1786/3499/1915 1790/3499/1919
f 1794/3499/1923 1795/3499/1924 1796/3499/1925
f 1790/3499/1919 1791/3499/1920 1797/3499/1926
f 1798/3499/1927 1796/3499/1925 1795/3499/1924
f 1799/3499/1928 1798/3499/1927 1795/3499/1924
f 1795/3499/1924 1790/3499/1919 1799/3499/1928
f 1800/3499/1929 1798/3499/1927 1799/3499/1928
f 1801/3499/1930 1800/3499/1929 1799/3499/1928
f 1802/3499/1931 1799/3499/1928 1790/3499/1919
f 1802/3499/1931 1801/3499/1930 1799/3499/1928
f 1790/3499/1919 1797/3499/1926 1802/3499/1931
f 1801/3499/1930 1802/3499/1931 1803/3499/1932
f 1804/3499/1933 1802/3499/1931 1797/3499/1926
f 1803/3499/1932 1802/3499/1931 1804/3499/1933
f 1805/3499/1934 1806/3499/1935 1807/3499/1936
f 1808/3499/1937 1806/3499/1935 1809/3499/1938
f 1810/3499/1939 1811/3499/1940 1805/3499/1934
f 1810/3499/1939 1812/3499/1941 1813/3499/1942
f 1811/3499/1940 1810/3499/1939 1813/3499/1942
f 1806/3499/1935 1814/3499/1943 1809/3499/1938
f 1815/3499/1944 1809/3499/1938 1814/3499/1943
f 1805/3499/1934 1816/3499/1945 1806/3499/1935
f 1811/3499/1940 1816/3499/1945 1805/3499/1934
f 1816/3499/1945 1814/3499/1943 1806/3499/1935
f 1814/3499/1943 1817/3499/1946 1815/3499/1944
f 1816/3499/1945 1811/3499/1940 1818/3499/1947
f 1817/3499/1946 1814/3499/1943 1819/3499/1948
f 1819/3499/1948 1820/3499/1949 1817/3499/1946
f 1816/3499/1945 1821/3499/1950 1814/3499/1943
f 1818/3499/1947 1821/3499/1950 1816/3499/1945
f 1814/3499/1943 1822/3499/1951 1819/3499/1948
f 1822/3499/1951 1814/3499/1943 1821/3499/1950
f 1820/3499/1949 1819/3499/1948 1823/3499/1952
f 1824/3499/1953 1819/3499/1948 1822/3499/1951
f 1819/3499/1948 1824/3499/1953 1823/3499/1952
f 1825/3499/1954 1820/3499/1949 1823/3499/1952
f 1824/3499/1953 1825/3499/1954 1823/3499/1952
f 1820/3499/1949 1825/3499/1954 1826/3499/1955
f 1822/3499/1951 1827/3499/1956 1824/3499/1953
f 1821/3499/1950 1827/3499/1956 1822/3499/1951
f 1825/3499/1954 1824/3499/1953 1828/3499/1957
f 1829/3499/1958 1826/3499/1955 1825/3499/1954
f 1828/3499/1957 1829/3499/1958 1825/3499/1954
f 1826/3499/1955 1829/3499/1958 1830/3499/1959
f 1824/3499/1953 1831/3499/1960 1828/3499/1957
f 1831/3499/1960 1824/3499/1953 1827/3499/1956
f 1832/3499/1961 1830/3499/1959 1829/3499/1958
f 1829/3499/1958 1828/3499/1957 1833/3499/1962
f 1831/3499/1960 1833/3499/1962 1828/3499/1957
f 1834/3499/1963 1835/3499/1964 1836/3499/1965
f 1834/3499/1963 1836/3499/1965 1837/3499/1966
f 1835/3499/1964 1838/3499/1967 1836/3499/1965
f 1812/3499/1941 1837/3499/1966 1836/3499/1965
f 1839/3499/1968 1836/3499/1965 1838/3499/1967
f 1836/3499/1965 1839/3499/1968 1812/3499/1941
f 1838/3499/1967 1840/3499/1969 1839/3499/1968
f 1841/3499/1970 1812/3499/1941 1839/3499/1968
f 1839/3499/1968 1840/3499/1969 1841/3499/1970
f 1842/3499/1971 1843/3499/1972 1844/3499/1973
f 1844/3499/1973 1843/3499/1972 1845/3499/1974
f 1843/3499/1972 1846/3499/1975 1845/3499/1974
f 1844/3499/1973 1847/3499/1976 1842/3499/1971
f 1842/3499/1971 1848/3499/1977 1843/3499/1972
f 1843/3499/1972 1849/3499/1978 1846/3499/1975
f 1848/3499/1977 1849/3499/1978 1843/3499/1972
f 1849/3499/1978 1850/3499/1979 1846/3499/1975
f 1848/3499/1977 1842/3499/1971 1851/3499/1980
f 1849/3499/1978 1848/3499/1977 1852/3499/1981
f 1853/3499/1982 1842/3499/1971 1847/3499/1976
f 1853/3499/1982 1851/3499/1980 1842/3499/1971
f 1854/3499/1983 1853/3499/1982 1847/3499/1976
f 1851/3499/1980 1853/3499/1982 1855/3499/1984
f 1856/3499/1985 1849/3499/1978 1852/3499/1981
f 1850/3499/1979 1849/3499/1978 1856/3499/1985
f 1852/3499/1981 1857/3499/1986 1856/3499/1985
f 1858/3499/1987 1855/3499/1984 1853/3499/1982
f 1853/3499/1982 1854/3499/1983 1858/3499/1987
f 1859/3499/1988 1855/3499/1984 1858/3499/1987
f 1860/3499/1989 1850/3499/1979 1856/3499/1985
f 1857/3499/1986 1860/3499/1989 1856/3499/1985
f 1850/3499/1979 1860/3499/1989 1861/3499/1990
f 1860/3499/1989 1857/3499/1986 1862/3499/1991
f 1863/3499/1992 1861/3499/1990 1860/3499/1989
f 1862/3499/1991 1863/3499/1992 1860/3499/1989
f 1861/3499/1990 1863/3499/1992 1864/3499/1993
f 1863/3499/1992 1862/3499/1991 1865/3499/1994
f 1863/3499/1992 1866/3499/1995 1864/3499/1993
f 1867/3499/1996 1863/3499/1992 1865/3499/1994
f 1863/3499/1992 1867/3499/1996 1866/3499/1995
f 1867/3499/1996 1865/3499/1994 1868/3499/1997
f 1869/3499/1998 1866/3499/1995 1867/3499/1996
f 1867/3499/1996 1868/3499/1997 1870/3499/1999
f 1867/3499/1996 1870/3499/1999 1869/3499/1998
f 1871/3499/2000 1869/3499/1998 1870/3499/1999
f 1871/3499/2000 1870/3499/1999 1872/3499/2001
f 1873/3499/2002 1871/3499/2000 1872/3499/2001
f 1871/3499/2000 1873/3499/2002 1874/3499/2003
f 1875/3499/2004 1874/3499/2003 1873/3499/2002
f 1875/3499/2004 1873/3499/2002 1876/3499/2005
f 1876/3499/2005 1877/3499/2006 1875/3499/2004
f 1877/3499/2006 1876/3499/2005 1878/3499/2007
f 1879/3499/2008 1877/3499/2006 1878/3499/2007
f 1878/3499/2007 1880/3499/2009 1879/3499/2008
f 1880/3499/2009 1878/3499/2007 1881/3499/2010
f 1882/3499/2011 1883/3499/2012 1884/3499/2013
f 1884/3499/2013 1885/3499/2014 1882/3499/2011
f 1883/3499/2012 1882/3499/2011 1886/3499/2015
f 1887/3499/2016 1883/3499/2012 1886/3499/2015
f 1883/3499/2012 1887/3499/2016 1888/3499/2017
f 1889/3499/2018 1886/3499/2015 1882/3499/2011
f 1887/3499/2016 1890/3499/2019 1888/3499/2017
f 1890/3499/2019 1887/3499/2016 1891/3499/2020
f 1890/3499/2019 1891/3499/2020 1892/3499/2021
f 1890/3499/2019 1892/3499/2021 1893/3499/2022
f 1893/3499/2022 1892/3499/2021 1894/3499/2023
f 1893/3499/2022 1894/3499/2023 1895/3499/2024
f 1896/3499/2025 1895/3499/2024 1894/3499/2023
f 1897/3499/2026 1895/3499/2024 1896/3499/2025
f 1895/3499/2024 1897/3499/2026 1898/3499/2027
f 1899/3499/2028 1889/3499/2018 1882/3499/2011
f 1889/3499/2018 1899/3499/2028 1900/3499/2029
f 1899/3499/2028 1882/3499/2011 1885/3499/2014
f 1899/3499/2028 1901/3499/2030 1900/3499/2029
f 1885/3499/2014 1902/3499/2031 1899/3499/2028
f 1901/3499/2030 1899/3499/2028 1903/3499/2032
f 1903/3499/2032 1899/3499/2028 1902/3499/2031
f 1901/3499/2030 1903/3499/2032 1904/3499/2033
f 1905/3499/2034 1903/3499/2032 1902/3499/2031
f 1903/3499/2032 1905/3499/2034 1906/3499/2035
f 1903/3499/2032 1906/3499/2035 1904/3499/2033
f 1906/3499/2035 1905/3499/2034 1907/3499/2036
f 1908/3499/2037 1904/3499/2033 1906/3499/2035
f 1908/3499/2037 1906/3499/2035 1907/3499/2036
f 1904/3499/2033 1908/3499/2037 1909/3499/2038
f 1910/3499/2039 1908/3499/2037 1907/3499/2036
f 1908/3499/2037 1911/3499/2040 1909/3499/2038
f 1908/3499/2037 1910/3499/2039 1911/3499/2040
f 1909/3499/2038 1911/3499/2040 1912/3499/2041
f 1913/3499/2042 1911/3499/2040 1910/3499/2039
f 1911/3499/2040 1914/3499/2043 1912/3499/2041
f 1911/3499/2040 1915/3499/2044 1914/3499/2043
f 1911/3499/2040 1913/3499/2042 1915/3499/2044
f 1916/3499/2045 1914/3499/2043 1915/3499/2044
f 1913/3499/2042 1917/3499/2046 1915/3499/2044
f 1915/3499/2044 1917/3499/2046 1916/3499/2045
f 1918/3499/2047 1919/3499/2048 1920/3499/2049
f 1919/3499/2048 1918/3499/2047 1921/3499/2050
f 1919/3499/2048 1921/3499/2050 1922/3499/2051
f 1922/3499/2051 1923/3499/2052 1919/3499/2048
f 1923/3499/2052 1922/3499/2051 1924/3499/2053
f 1925/3499/2054 1926/3499/2055 1927/3499/2056
f 1926/3499/2055 1925/3499/2054 1928/3499/2057
f 1928/3499/2057 1925/3499/2054 1929/3499/2058
f 1930/3499/2059 1929/3499/2058 1925/3499/2054
f 1929/3499/2058 1930/3499/2059 1931/3499/2060
f 1932/3499/2061 1933/3499/2062 1934/3499/2063
f 1935/3499/2064 1933/3499/2062 1932/3499/2061
f 1933/3499/2062 1935/3499/2064 1936/3499/2065
f 1937/3499/2066 1934/3499/2063 1933/3499/2062
f 1934/3499/2063 1937/3499/2066 1938/3499/2067
f 1939/3499/2068 1940/3499/2069 1941/3499/2070
f 1940/3499/2069 1939/3499/2068 1942/3499/2071
f 1942/3499/2071 1939/3499/2068 1943/3499/2072
f 1941/3499/2070 1944/3499/2073 1939/3499/2068
f 1944/3499/2073 1941/3499/2070 1945/3499/2074
f 1946/3499/2075 1947/3499/2076 1948/3499/2077
f 1949/3499/2078 1948/3499/2077 1947/3499/2076
f 1949/3499/2078 1950/3499/2079 1948/3499/2077
f 1950/3499/2079 1949/3499/2078 1951/3499/2079
f 1952/3499/2080 1950/3499/2079 1951/3499/2079
f 1952/3499/2080 1953/3499/2081 1950/3499/2079
f 1947/3499/2076 1946/3499/2075 1954/3499/2082
f 1955/3499/2083 1954/3499/2082 1946/3499/2075
f 1947/3499/2076 1954/3499/2082 1956/3499/2084
f 1955/3499/2083 1946/3499/2075 1957/3499/2085
f 1958/3499/2086 1947/3499/2076 1956/3499/2084
f 1957/3499/2085 1959/3499/2087 1955/3499/2083
f 1960/3499/2088 1947/3499/2076 1958/3499/2086
f 1959/3499/2087 1957/3499/2085 1961/3499/2089
f 1962/3499/2090 1960/3499/2088 1958/3499/2086
f 1963/3499/2091 1959/3499/2087 1961/3499/2089
f 1960/3499/2088 1962/3499/2090 1964/3499/2092
f 1963/3499/2091 1961/3499/2089 1965/3499/2093
f 1962/3499/2090 1966/3499/2094 1964/3499/2092
f 1967/3499/2095 1963/3499/2091 1965/3499/2093
f 1968/3499/2096 1964/3499/2092 1966/3499/2094
f 1967/3499/2095 1965/3499/2093 1969/3499/2097
f 1969/3499/2097 1965/3499/2093 1970/3499/2098
f 1971/3499/2099 1969/3499/2097 1970/3499/2098
f 1966/3499/2094 1972/3499/2100 1968/3499/2096
f 1973/3499/2101 1968/3499/2096 1972/3499/2100
f 1968/3499/2096 1973/3499/2101 1974/3499/2102
f 1975/3499/2103 1974/3499/2102 1973/3499/2101
f 1976/3499/2104 1977/3499/2105 1978/3499/2106
f 1976/3499/2104 1978/3499/2106 1979/3499/2107
f 1979/3499/2107 1978/3499/2106 1980/3499/2108
f 1981/3499/2109 1980/3499/2108 1978/3499/2106
f 1981/3499/2109 1982/3499/2110 1980/3499/2108
f 1982/3499/2110 1981/3499/2109 1983/3499/2110
f 1977/3499/2105 1976/3499/2104 1984/3499/2111
f 1984/3499/2111 1976/3499/2104 1985/3499/2112
f 1986/3499/2113 1977/3499/2105 1984/3499/2111
f 1976/3499/2104 1987/3499/2114 1985/3499/2112
f 1977/3499/2105 1986/3499/2113 1988/3499/2115
f 1976/3499/2104 1989/3499/2116 1987/3499/2114
f 1986/3499/2113 1990/3499/2117 1988/3499/2115
f 1989/3499/2116 1991/3499/2118 1987/3499/2114
f 1992/3499/2119 1988/3499/2115 1990/3499/2117
f 1991/3499/2118 1989/3499/2116 1993/3499/2120
f 1994/3499/2121 1992/3499/2119 1990/3499/2117
f 1993/3499/2120 1995/3499/2122 1991/3499/2118
f 1992/3499/2119 1994/3499/2121 1996/3499/2123
f 1993/3499/2120 1997/3499/2124 1995/3499/2122
f 1998/3499/2125 1996/3499/2123 1994/3499/2121
f 1997/3499/2124 1999/3499/2126 1995/3499/2122
f 1996/3499/2123 1998/3499/2125 2000/3499/2127
f 2000/3499/2127 2001/3499/2128 1996/3499/2123
f 2000/3499/2127 2002/3499/2129 2001/3499/2128
f 1999/3499/2126 1997/3499/2124 2003/3499/2130
f 2003/3499/2130 1997/3499/2124 2004/3499/2131
f 2003/3499/2130 2004/3499/2131 2005/3499/2132
f 1917/3499/2046 1913/3499/2042 2006/3499/2133
f 1917/3499/2046 2007/3499/2134 1916/3499/2045
f 1917/3499/2046 2006/3499/2133 2008/3499/2135
f 2007/3499/2134 1917/3499/2046 2008/3499/2135
f 2008/3499/2135 2006/3499/2133 2009/3499/2136
f 2008/3499/2135 2010/3499/2137 2007/3499/2134
f 2009/3499/2136 2010/3499/2137 2008/3499/2135
f 2011/3499/2138 2007/3499/2134 2010/3499/2137
f 2010/3499/2137 2009/3499/2136 2012/3499/2139
f 2013/3499/2140 2011/3499/2138 2010/3499/2137
f 2013/3499/2140 2010/3499/2137 2012/3499/2139
f 2011/3499/2138 2013/3499/2140 2014/3499/2141
f 2012/3499/2139 2015/3499/2142 2013/3499/2140
f 2016/3499/2143 2014/3499/2141 2013/3499/2140
f 2015/3499/2142 2017/3499/2144 2013/3499/2140
f 2016/3499/2143 2013/3499/2140 2017/3499/2144
f 2015/3499/2142 2018/3499/2145 2017/3499/2144
f 2017/3499/2144 2019/3499/2146 2016/3499/2143
f 2017/3499/2144 2018/3499/2145 2020/3499/2147
f 2017/3499/2144 2020/3499/2147 2019/3499/2146
f 2021/3499/2148 2019/3499/2146 2020/3499/2147
f 2021/3499/2148 2020/3499/2147 2022/3499/2149
f 2023/3499/2150 2021/3499/2148 2022/3499/2149
f 2021/3499/2148 2023/3499/2150 2024/3499/2151
f 2024/3499/2151 2023/3499/2150 2025/3499/2152
f 2026/3499/2153 2025/3499/2152 2023/3499/2150
f 2025/3499/2152 2026/3499/2153 2027/3499/2154
f 2028/3499/2155 2027/3499/2154 2026/3499/2153
f 2029/3499/2156 2027/3499/2154 2028/3499/2155
f 2028/3499/2155 2030/3499/2157 2029/3499/2156
f 2030/3499/2157 2028/3499/2155 2031/3499/2158
f 2032/3499/2159 2033/3499/2160 2034/3499/2161
f 2035/3499/2162 2034/3499/2161 2033/3499/2160
f 2034/3499/2161 2035/3499/2162 2036/3499/2163
f 2035/3499/2162 2037/3499/2164 2036/3499/2163
f 2035/3499/2162 2038/3499/2165 2037/3499/2164
f 2039/3499/2166 2038/3499/2165 2035/3499/2162
f 2035/3499/2162 2033/3499/2160 2039/3499/2166
f 2038/3499/2165 2040/3499/2167 2037/3499/2164
f 2041/3499/2168 2039/3499/2166 2033/3499/2160
f 2042/3499/2169 2037/3499/2164 2040/3499/2167
f 2040/3499/2167 2043/3499/2170 2042/3499/2169
f 2043/3499/2170 2040/3499/2167 2044/3499/2171
f 2045/3499/2172 2043/3499/2170 2044/3499/2171
f 2045/3499/2172 2046/3499/2173 2043/3499/2170
f 2047/3499/2174 2046/3499/2173 2045/3499/2172
f 2047/3499/2174 2048/3499/2175 2046/3499/2173
f 2049/3499/2176 2048/3499/2175 2047/3499/2174
f 2050/3499/2177 2048/3499/2175 2049/3499/2176
f 2048/3499/2175 2050/3499/2177 2051/3499/2178
f 2033/3499/2160 2052/3499/2179 2041/3499/2168
f 2052/3499/2179 2033/3499/2160 2053/3499/2180
f 2033/3499/2160 2032/3499/2159 2053/3499/2180
f 1854/3499/1983 2052/3499/2179 2053/3499/2180
f 1859/3499/1988 2053/3499/2180 2032/3499/2159
f 1854/3499/1983 2053/3499/2180 1858/3499/1987
f 2053/3499/2180 1859/3499/1988 1858/3499/1987
f 2054/3499/2181 2055/3499/2182 2056/3499/2183
f 2054/3499/2181 2056/3499/2183 2057/3499/2184
f 2058/3499/2185 2056/3499/2183 2055/3499/2182
f 2056/3499/2183 2058/3499/2185 2059/3499/2186
f 2054/3499/2181 2060/3499/2187 2055/3499/2182
f 2060/3499/2187 2058/3499/2185 2055/3499/2182
f 2061/3499/2188 2054/3499/2181 2057/3499/2184
f 2061/3499/2188 2057/3499/2184 2062/3499/2189
f 2063/3499/2190 2061/3499/2188 2062/3499/2189
f 2064/3499/2191 2059/3499/2186 2058/3499/2185
f 2059/3499/2186 2064/3499/2191 2065/3499/2192
f 2064/3499/2191 2066/3499/2193 2065/3499/2192
f 2064/3499/2191 2058/3499/2185 2067/3499/2194
f 2060/3499/2187 2067/3499/2194 2058/3499/2185
f 2066/3499/2193 2064/3499/2191 2068/3499/2195
f 2068/3499/2195 2069/3499/2196 2066/3499/2193
f 2069/3499/2196 2068/3499/2195 2070/3499/2197
f 2070/3499/2197 2071/3499/2198 2069/3499/2196
f 2072/3499/2199 2067/3499/2194 2060/3499/2187
f 2068/3499/2195 2073/3499/2200 2070/3499/2197
f 2067/3499/2194 1834/3499/1963 2064/3499/2191
f 2072/3499/2199 1834/3499/1963 2067/3499/2194
f 2064/3499/2191 1837/3499/1966 2068/3499/2195
f 1837/3499/1966 2064/3499/2191 1834/3499/1963
f 2073/3499/2200 2068/3499/2195 1837/3499/1966
f 2071/3499/2198 2070/3499/2197 2074/3499/2201
f 2073/3499/2200 2074/3499/2201 2070/3499/2197
f 2074/3499/2201 1807/3499/1936 2071/3499/2198
f 2071/3499/2198 1807/3499/1936 1808/3499/1937
f 2074/3499/2201 2073/3499/2200 1810/3499/1939
f 1837/3499/1966 1812/3499/1941 2073/3499/2200
f 1812/3499/1941 1810/3499/1939 2073/3499/2200
f 1807/3499/1936 1806/3499/1935 1808/3499/1937
f 2074/3499/2201 1805/3499/1934 1807/3499/1936
f 1805/3499/1934 2074/3499/2201 1810/3499/1939
f 2075/3499/2202 2076/3499/2203 2077/3499/2204
f 2076/3499/2203 2078/3499/2205 2077/3499/2204
f 2076/3499/2203 2075/3499/2202 2079/3499/2206
f 2075/3499/2202 2080/3499/2207 2079/3499/2206
f 2081/3499/2208 2076/3499/2203 2079/3499/2206
f 2080/3499/2207 2081/3499/2208 2079/3499/2206
f 2078/3499/2205 2076/3499/2203 2082/3499/2209
f 2061/3499/2188 2078/3499/2205 2083/3499/2210
f 2083/3499/2210 2078/3499/2205 2082/3499/2209
f 2084/3499/2211 2082/3499/2209 2076/3499/2203
f 2076/3499/2203 2081/3499/2208 2084/3499/2211
f 2085/3499/2212 2061/3499/2188 2083/3499/2210
f 2061/3499/2188 2085/3499/2212 2054/3499/2181
f 2060/3499/2187 2054/3499/2181 2085/3499/2212
f 2086/3499/2213 2060/3499/2187 2085/3499/2212
f 2085/3499/2212 2083/3499/2210 2086/3499/2213
f 2086/3499/2213 2072/3499/2199 2060/3499/2187
f 2087/3499/2214 2083/3499/2210 2082/3499/2209
f 2083/3499/2210 2087/3499/2214 2086/3499/2213
f 2087/3499/2214 2082/3499/2209 2088/3499/2215
f 2082/3499/2209 2084/3499/2211 2088/3499/2215
f 2088/3499/2215 2084/3499/2211 2089/3499/2216
f 2084/3499/2211 2081/3499/2208 2089/3499/2216
f 2088/3499/2215 2090/3499/2217 2087/3499/2214
f 2091/3499/2218 2086/3499/2213 2087/3499/2214
f 2090/3499/2217 2091/3499/2218 2087/3499/2214
f 2090/3499/2217 2088/3499/2215 2092/3499/2219
f 2089/3499/2216 2092/3499/2219 2088/3499/2215
f 2089/3499/2216 2081/3499/2208 2093/3499/2220
f 2092/3499/2219 2094/3499/2221 2090/3499/2217
f 2094/3499/2221 2092/3499/2219 2095/3499/2222
f 2094/3499/2221 2096/3499/2223 2090/3499/2217
f 2091/3499/2218 2090/3499/2217 2096/3499/2223
f 2097/3499/2224 2096/3499/2223 2094/3499/2221
f 2097/3499/2224 2098/3499/2225 2096/3499/2223
f 2099/3499/2226 2098/3499/2225 2097/3499/2224
f 2098/3499/2225 2100/3499/2227 2096/3499/2223
f 2100/3499/2227 2091/3499/2218 2096/3499/2223
f 2098/3499/2225 2099/3499/2226 2101/3499/2228
f 2102/3499/2229 2101/3499/2228 2099/3499/2226
f 2103/3499/2230 2101/3499/2228 2102/3499/2229
f 2101/3499/2228 2103/3499/2230 2104/3499/2231
f 2103/3499/2230 2105/3499/2232 2104/3499/2231
f 2105/3499/2232 2103/3499/2230 2106/3499/2233
f 2107/3499/2234 2105/3499/2232 2106/3499/2233
f 2105/3499/2232 2107/3499/2234 2108/3499/2235
f 2107/3499/2234 2109/3499/2236 2108/3499/2235
f 2109/3499/2236 2107/3499/2234 2110/3499/2237
f 2091/3499/2218 2100/3499/2227 2111/3499/2238
f 2111/3499/2238 2112/3499/2239 2091/3499/2218
f 2112/3499/2239 2111/3499/2238 2113/3499/2240
f 2086/3499/2213 2091/3499/2218 2112/3499/2239
f 2114/3499/2241 2112/3499/2239 2113/3499/2240
f 2115/3499/2242 2086/3499/2213 2112/3499/2239
f 2115/3499/2242 2112/3499/2239 2114/3499/2241
f 2072/3499/2199 2086/3499/2213 2115/3499/2242
f 2116/3499/2243 2115/3499/2242 2114/3499/2241
f 2115/3499/2242 2116/3499/2243 2117/3499/2244
f 2117/3499/2244 2072/3499/2199 2115/3499/2242
f 2118/3499/2245 2117/3499/2244 2116/3499/2243
f 2072/3499/2199 2117/3499/2244 1835/3499/1964
f 1835/3499/1964 1834/3499/1963 2072/3499/2199
f 2117/3499/2244 2118/3499/2245 2119/3499/2246
f 2120/3499/2247 2119/3499/2246 2118/3499/2245
f 2121/3499/2248 1835/3499/1964 2117/3499/2244
f 2117/3499/2244 2119/3499/2246 2121/3499/2248
f 2122/3499/2249 2119/3499/2246 2120/3499/2247
f 2120/3499/2247 2123/3499/2250 2122/3499/2249
f 2119/3499/2246 2122/3499/2249 2124/3499/2251
f 2119/3499/2246 2124/3499/2251 2121/3499/2248
f 2125/3499/2252 2123/3499/2250 2120/3499/2247
f 2123/3499/2250 2125/3499/2252 2126/3499/2253
f 2125/3499/2252 2127/3499/2254 2126/3499/2253
f 2127/3499/2254 2125/3499/2252 2128/3499/2255
f 2129/3499/2256 2127/3499/2254 2128/3499/2255
f 2127/3499/2254 2129/3499/2256 2130/3499/2257
f 2129/3499/2256 2131/3499/2258 2130/3499/2257
f 2131/3499/2258 2129/3499/2256 2132/3499/2259
f 2133/3499/2260 2131/3499/2258 2132/3499/2259
f 2131/3499/2258 2133/3499/2260 2134/3499/2261
f 2124/3499/2251 2135/3499/2262 2121/3499/2248
f 2135/3499/2262 2124/3499/2251 2136/3499/2263
f 2121/3499/2248 2135/3499/2262 1838/3499/1967
f 2121/3499/2248 1838/3499/1967 1835/3499/1964
f 2136/3499/2263 2137/3499/2264 2135/3499/2262
f 2138/3499/2265 2137/3499/2264 2136/3499/2263
f 2137/3499/2264 2138/3499/2265 2139/3499/2266
f 2140/3499/2267 2135/3499/2262 2137/3499/2264
f 2137/3499/2264 2139/3499/2266 2140/3499/2267
f 1840/3499/1969 1838/3499/1967 2135/3499/2262
f 2135/3499/2262 2140/3499/2267 1840/3499/1969
f 2139/3499/2266 2141/3499/2268 2140/3499/2267
f 2141/3499/2268 2139/3499/2266 2142/3499/2269
f 2140/3499/2267 2141/3499/2268 2143/3499/2270
f 2143/3499/2270 2144/3499/2271 2140/3499/2267
f 2144/3499/2271 1840/3499/1969 2140/3499/2267
f 2144/3499/2271 2143/3499/2270 2145/3499/2272
f 2146/3499/2273 2144/3499/2271 2145/3499/2272
f 1840/3499/1969 2144/3499/2271 2147/3499/2274
f 2144/3499/2271 2146/3499/2273 2148/3499/2275
f 2146/3499/2273 2149/3499/2276 2148/3499/2275
f 2144/3499/2271 2150/3499/2277 2147/3499/2274
f 2150/3499/2277 2144/3499/2271 2148/3499/2275
f 2151/3499/2278 2148/3499/2275 2149/3499/2276
f 2151/3499/2278 2149/3499/2276 2152/3499/2279
f 2148/3499/2275 2151/3499/2278 2153/3499/2280
f 2153/3499/2280 2151/3499/2278 2154/3499/2281
f 2154/3499/2281 2155/3499/2282 2153/3499/2280
f 2156/3499/2283 2148/3499/2275 2153/3499/2280
f 2156/3499/2283 2153/3499/2280 2155/3499/2282
f 2148/3499/2275 2156/3499/2283 2150/3499/2277
f 2157/3499/2284 2156/3499/2283 2155/3499/2282
f 1841/3499/1970 2147/3499/2274 2150/3499/2277
f 1840/3499/1969 2147/3499/2274 1841/3499/1970
f 2158/3499/2285 2150/3499/2277 2156/3499/2283
f 2159/3499/2286 2156/3499/2283 2157/3499/2284
f 2156/3499/2283 2159/3499/2286 2158/3499/2285
f 2159/3499/2286 2157/3499/2284 2160/3499/2287
f 2161/3499/2288 2160/3499/2287 2157/3499/2284
f 2162/3499/2289 2160/3499/2287 2161/3499/2288
f 2163/3499/2290 2162/3499/2289 2161/3499/2288
f 2162/3499/2289 2163/3499/2290 2164/3499/2291
f 2165/3499/2292 2164/3499/2291 2163/3499/2290
f 2160/3499/2287 2162/3499/2289 2166/3499/2293
f 2167/3499/2294 2164/3499/2291 2165/3499/2292
f 2164/3499/2291 2167/3499/2294 2168/3499/2295
f 2167/3499/2294 2169/3499/2296 2168/3499/2295
f 2167/3499/2294 2170/3499/2297 2169/3499/2296
f 2169/3499/2296 2170/3499/2297 2171/3499/2298
f 2171/3499/2298 2172/3499/2299 2169/3499/2296
f 2172/3499/2299 2171/3499/2298 2173/3499/2300
f 2174/3499/2301 2173/3499/2300 2171/3499/2298
f 2166/3499/2293 2175/3499/2302 2160/3499/2287
f 2160/3499/2287 2175/3499/2302 2159/3499/2286
f 2175/3499/2302 2166/3499/2293 2176/3499/2303
f 2176/3499/2303 2177/3499/2304 2175/3499/2302
f 2177/3499/2304 2176/3499/2303 2178/3499/2305
f 2179/3499/2306 2159/3499/2286 2175/3499/2302
f 2180/3499/2307 2177/3499/2304 2178/3499/2305
f 2179/3499/2306 2158/3499/2285 2159/3499/2286
f 2180/3499/2307 2178/3499/2305 2181/3499/2308
f 1827/3499/1956 2175/3499/2302 2177/3499/2304
f 2175/3499/2302 1827/3499/1956 2179/3499/2306
f 2180/3499/2307 1827/3499/1956 2177/3499/2304
f 1821/3499/1950 2179/3499/2306 1827/3499/1956
f 2182/3499/2309 2180/3499/2307 2181/3499/2308
f 2179/3499/2306 1821/3499/1950 1818/3499/1947
f 2158/3499/2285 2179/3499/2306 1818/3499/1947
f 1827/3499/1956 2180/3499/2307 1831/3499/1960
f 1818/3499/1947 2183/3499/2310 2158/3499/2285
f 2150/3499/2277 2158/3499/2285 2183/3499/2310
f 2183/3499/2310 1818/3499/1947 1811/3499/1940
f 1841/3499/1970 2150/3499/2277 2183/3499/2310
f 1811/3499/1940 1841/3499/1970 2183/3499/2310
f 1841/3499/1970 1811/3499/1940 1813/3499/1942
f 1812/3499/1941 1841/3499/1970 1813/3499/1942
f 2180/3499/2307 2182/3499/2309 2184/3499/2311
f 2184/3499/2311 1831/3499/1960 2180/3499/2307
f 2185/3499/2312 2184/3499/2311 2182/3499/2309
f 1831/3499/1960 2184/3499/2311 2186/3499/2313
f 2186/3499/2313 1833/3499/1962 1831/3499/1960
f 2184/3499/2311 2185/3499/2312 2187/3499/2314
f 2187/3499/2314 2185/3499/2312 2188/3499/2315
f 2189/3499/2316 2186/3499/2313 2184/3499/2311
f 2189/3499/2316 2184/3499/2311 2187/3499/2314
f 1833/3499/1962 2186/3499/2313 2190/3499/2317
f 2190/3499/2317 2191/3499/2318 1833/3499/1962
f 2080/3499/2207 2191/3499/2318 2190/3499/2317
f 2188/3499/2315 2192/3499/2319 2187/3499/2314
f 2192/3499/2319 2188/3499/2315 2193/3499/2320
f 2194/3499/2321 2187/3499/2314 2192/3499/2319
f 2194/3499/2321 2189/3499/2316 2187/3499/2314
f 2195/3499/2322 2193/3499/2320 2188/3499/2315
f 2193/3499/2320 2195/3499/2322 2196/3499/2323
f 2195/3499/2322 2197/3499/2324 2196/3499/2323
f 2197/3499/2324 2195/3499/2322 2198/3499/2325
f 2199/3499/2326 2197/3499/2324 2198/3499/2325
f 2197/3499/2324 2199/3499/2326 2200/3499/2327
f 2199/3499/2326 2201/3499/2328 2200/3499/2327
f 2201/3499/2328 2199/3499/2326 2202/3499/2329
f 2201/3499/2328 2202/3499/2329 2203/3499/2330
f 2201/3499/2328 2203/3499/2330 2204/3499/2331
f 2189/3499/2316 2194/3499/2321 2205/3499/2332
f 2205/3499/2332 2194/3499/2321 2206/3499/2333
f 2207/3499/2334 2189/3499/2316 2205/3499/2332
f 2186/3499/2313 2189/3499/2316 2207/3499/2334
f 2190/3499/2317 2186/3499/2313 2207/3499/2334
f 2205/3499/2332 2206/3499/2333 2208/3499/2335
f 2209/3499/2336 2208/3499/2335 2206/3499/2333
f 2208/3499/2335 2209/3499/2336 2210/3499/2337
f 2211/3499/2338 2205/3499/2332 2208/3499/2335
f 2210/3499/2337 2211/3499/2338 2208/3499/2335
f 2207/3499/2334 2205/3499/2332 2212/3499/2339
f 2205/3499/2332 2211/3499/2338 2212/3499/2339
f 2211/3499/2338 2210/3499/2337 2213/3499/2340
f 2213/3499/2340 2210/3499/2337 2214/3499/2341
f 2211/3499/2338 2213/3499/2340 2215/3499/2342
f 2216/3499/2343 2190/3499/2317 2207/3499/2334
f 2216/3499/2343 2207/3499/2334 2212/3499/2339
f 2190/3499/2317 2216/3499/2343 2080/3499/2207
f 2081/3499/2208 2080/3499/2207 2216/3499/2343
f 2212/3499/2339 2081/3499/2208 2216/3499/2343
f 2081/3499/2208 2212/3499/2339 2093/3499/2220
f 2215/3499/2342 2217/3499/2344 2211/3499/2338
f 2217/3499/2344 2212/3499/2339 2211/3499/2338
f 2212/3499/2339 2217/3499/2344 2093/3499/2220
f 2217/3499/2344 2215/3499/2342 2218/3499/2345
f 2217/3499/2344 2089/3499/2216 2093/3499/2220
f 2219/3499/2346 2217/3499/2344 2218/3499/2345
f 2089/3499/2216 2217/3499/2344 2220/3499/2347
f 2217/3499/2344 2219/3499/2346 2220/3499/2347
f 2220/3499/2347 2092/3499/2219 2089/3499/2216
f 2220/3499/2347 2219/3499/2346 2221/3499/2348
f 2222/3499/2349 2220/3499/2347 2221/3499/2348
f 2222/3499/2349 2221/3499/2348 2223/3499/2350
f 2092/3499/2219 2220/3499/2347 2224/3499/2351
f 2224/3499/2351 2220/3499/2347 2222/3499/2349
f 2095/3499/2222 2092/3499/2219 2224/3499/2351
f 2222/3499/2349 2225/3499/2352 2224/3499/2351
f 2095/3499/2222 2224/3499/2351 2225/3499/2352
f 2226/3499/2353 2227/3499/2354 2228/3499/2355
f 2227/3499/2354 2226/3499/2353 2229/3499/2356
f 2228/3499/2355 2230/3499/2357 2226/3499/2353
f 2230/3499/2357 2228/3499/2355 2231/3499/2358
f 2231/3499/2358 2228/3499/2355 2232/3499/2359
f 2227/3499/2354 2232/3499/2359 2228/3499/2355
f 2232/3499/2359 2227/3499/2354 2233/3499/2360
f 2234/3499/2361 2235/3499/2362 2236/3499/2363
f 2235/3499/2362 2234/3499/2361 2237/3499/2364
f 2238/3499/2365 2237/3499/2364 2234/3499/2361
f 2237/3499/2364 2238/3499/2365 2239/3499/2366
f 2239/3499/2366 2240/3499/2367 2237/3499/2364
f 2240/3499/2367 2235/3499/2362 2237/3499/2364
f 2235/3499/2362 2240/3499/2367 2241/3499/2368
f 2242/3499/2369 2243/3499/2370 2244/3499/2371
f 2243/3499/2370 2242/3499/2369 2245/3499/2372
f 2246/3499/2373 2244/3499/2371 2243/3499/2370
f 2244/3499/2371 2246/3499/2373 2247/3499/2374
f 2247/3499/2374 2248/3499/2375 2244/3499/2371
f 2248/3499/2375 2242/3499/2369 2244/3499/2371
f 2242/3499/2369 2248/3499/2375 2249/3499/2376
f 2250/3499/2377 2251/3499/2378 2252/3499/2379
f 2251/3499/2378 2250/3499/2377 2253/3499/2380
f 2253/3499/2380 2254/3499/2381 2251/3499/2378
f 2254/3499/2381 2253/3499/2380 2255/3499/2382
f 2255/3499/2382 2253/3499/2380 2256/3499/2383
f 2250/3499/2377 2256/3499/2383 2253/3499/2380
f 2256/3499/2383 2250/3499/2377 2257/3499/2384
f 2258/3499/2385 2259/3499/2386 2260/3499/2387
f 2259/3499/2386 2258/3499/2385 2261/3499/2388
f 2258/3499/2385 2260/3499/2387 2262/3499/2389
f 2260/3499/2387 2259/3499/2386 2263/3499/2390
f 2260/3499/2387 2264/3499/2391 2262/3499/2389
f 2265/3499/2392 2260/3499/2387 2263/3499/2390
f 2260/3499/2387 2265/3499/2392 2264/3499/2391
f 2266/3499/2393 2267/3499/2394 2268/3499/2395
f 2267/3499/2394 2266/3499/2393 2269/3499/2396
f 2270/3499/2397 2268/3499/2395 2267/3499/2394
f 2268/3499/2395 2270/3499/2397 2271/3499/2398
f 2272/3499/2399 2271/3499/2398 2270/3499/2397
f 2271/3499/2398 2272/3499/2399 2273/3499/2400
f 2272/3499/2399 2274/3499/2401 2273/3499/2400
f 2274/3499/2401 2272/3499/2399 2275/3499/2402
f 2275/3499/2402 2276/3499/2403 2274/3499/2401
f 2276/3499/2403 2275/3499/2402 2277/3499/2404
f 2277/3499/2404 2278/3499/2405 2276/3499/2403
f 2278/3499/2405 2277/3499/2404 2279/3499/2406
f 2280/3499/2407 2281/3499/2408 2282/3499/2409
f 2281/3499/2408 2280/3499/2407 2283/3499/2410
f 2283/3499/2410 2284/3499/2411 2281/3499/2408
f 2284/3499/2411 2283/3499/2410 2285/3499/2412
f 2285/3499/2412 2286/3499/2413 2284/3499/2411
f 2286/3499/2413 2285/3499/2412 2287/3499/2414
f 2288/3499/2415 2286/3499/2413 2287/3499/2414
f 2286/3499/2413 2288/3499/2415 2289/3499/2416
f 2290/3499/2417 2289/3499/2416 2288/3499/2415
f 2289/3499/2416 2290/3499/2417 2291/3499/2418
f 2292/3499/2419 2291/3499/2418 2290/3499/2417
f 2291/3499/2418 2292/3499/2419 2293/3499/2420
f 2294/3499/2421 2295/3499/2422 2296/3499/2423
f 2296/3499/2423 2295/3499/2422 2297/3499/2424
f 2296/3499/2423 2298/3499/2425 2294/3499/2421
f 2296/3499/2423 2299/3499/2426 2298/3499/2425
f 2298/3499/2425 2299/3499/2426 2300/3499/2427
f 2299/3499/2426 2301/3499/2428 2300/3499/2427
f 2302/3499/2429 2303/3499/2430 2304/3499/2431
f 2304/3499/2431 2303/3499/2430 2305/3499/2432
f 2306/3499/2433 2305/3499/2432 2303/3499/2430
f 2305/3499/2432 2307/3499/2434 2304/3499/2431
f 2307/3499/2434 2305/3499/2432 2308/3499/2435
f 2308/3499/2435 2309/3499/2436 2307/3499/2434
f 2309/3499/2436 2308/3499/2435 2310/3499/2437
f 2311/3499/2438 2304/3499/2431 2307/3499/2434
f 2307/3499/2434 2309/3499/2436 2311/3499/2438
f 2304/3499/2431 2311/3499/2438 2302/3499/2429
f 2312/3499/2439 2311/3499/2438 2309/3499/2436
f 2311/3499/2438 2312/3499/2439 2313/3499/2440
f 2314/3499/2441 2313/3499/2440 2312/3499/2439
f 2313/3499/2440 2315/3499/2442 2311/3499/2438
f 2302/3499/2429 2311/3499/2438 2315/3499/2442
f 2315/3499/2442 2316/3499/2443 2302/3499/2429
f 2317/3499/2444 2302/3499/2429 2316/3499/2443
f 2303/3499/2430 2302/3499/2429 2317/3499/2444
f 2316/3499/2443 2318/3499/2445 2317/3499/2444
f 2319/3499/2446 2317/3499/2444 2318/3499/2445
f 2303/3499/2430 2317/3499/2444 2319/3499/2446
f 2319/3499/2446 2318/3499/2445 2320/3499/2447
f 2321/3499/2448 2303/3499/2430 2319/3499/2446
f 2321/3499/2448 2319/3499/2446 2320/3499/2447
f 2303/3499/2430 2321/3499/2448 2306/3499/2433
f 2322/3499/2449 2321/3499/2448 2320/3499/2447
f 2322/3499/2449 2306/3499/2433 2321/3499/2448
f 2323/3499/2450 2324/3499/2451 2325/3499/2452
f 2324/3499/2451 2323/3499/2450 2326/3499/2453
f 2326/3499/2453 2327/3499/2454 2324/3499/2451
f 2326/3499/2453 2328/3499/2455 2327/3499/2454
f 2329/3499/2456 2327/3499/2454 2328/3499/2455
f 2329/3499/2456 2330/3499/2457 2327/3499/2454
f 2331/3499/2458 2332/3499/2459 2333/3499/2460
f 2331/3499/2458 2333/3499/2460 2334/3499/2461
f 2335/3499/2462 2334/3499/2461 2333/3499/2460
f 2334/3499/2461 2336/3499/2463 2331/3499/2458
f 2333/3499/2460 2337/3499/2464 2335/3499/2462
f 2337/3499/2464 2333/3499/2460 2332/3499/2459
f 2337/3499/2464 2338/3499/2465 2335/3499/2462
f 2339/3499/2466 2338/3499/2465 2337/3499/2464
f 2332/3499/2459 2339/3499/2466 2337/3499/2464
f 2340/3499/2467 2338/3499/2465 2339/3499/2466
f 2341/3499/2468 2340/3499/2467 2339/3499/2466
f 2339/3499/2466 2332/3499/2459 2341/3499/2468
f 2342/3499/2469 2341/3499/2468 2332/3499/2459
f 2332/3499/2459 2343/3499/2470 2342/3499/2469
f 2332/3499/2459 2331/3499/2458 2343/3499/2470
f 2344/3499/2471 2342/3499/2469 2343/3499/2470
f 2342/3499/2469 2344/3499/2471 2345/3499/2472
f 2346/3499/2473 2343/3499/2470 2331/3499/2458
f 2343/3499/2470 2346/3499/2473 2344/3499/2471
f 2336/3499/2463 2346/3499/2473 2331/3499/2458
f 2347/3499/2474 2345/3499/2472 2344/3499/2471
f 2346/3499/2473 2347/3499/2474 2344/3499/2471
f 2345/3499/2472 2347/3499/2474 2348/3499/2475
f 2336/3499/2463 2349/3499/2476 2346/3499/2473
f 2346/3499/2473 2350/3499/2477 2347/3499/2474
f 2349/3499/2476 2350/3499/2477 2346/3499/2473
f 2349/3499/2476 2351/3499/2478 2350/3499/2477
f 2352/3499/2479 2353/3499/2480 2354/3499/2481
f 2355/3499/2482 2352/3499/2479 2354/3499/2481
f 2352/3499/2479 2355/3499/2482 2356/3499/2483
f 2357/3499/2484 2355/3499/2482 2354/3499/2481
f 2355/3499/2482 2357/3499/2484 2358/3499/2485
f 2359/3499/2486 2358/3499/2485 2357/3499/2484
f 2358/3499/2485 2359/3499/2486 2360/3499/2487
f 2354/3499/2481 2361/3499/2488 2357/3499/2484
f 2359/3499/2486 2357/3499/2484 2361/3499/2488
f 2361/3499/2488 2354/3499/2481 2353/3499/2480
f 2359/3499/2486 2361/3499/2488 2362/3499/2489
f 2362/3499/2489 2361/3499/2488 2363/3499/2490
f 2362/3499/2489 2363/3499/2490 2364/3499/2491
f 2361/3499/2488 2365/3499/2492 2363/3499/2490
f 2361/3499/2488 2353/3499/2480 2365/3499/2492
f 2353/3499/2480 2366/3499/2493 2365/3499/2492
f 2366/3499/2493 2353/3499/2480 2367/3499/2494
f 2353/3499/2480 2352/3499/2479 2367/3499/2494
f 2367/3499/2494 2368/3499/2495 2366/3499/2493
f 2368/3499/2495 2367/3499/2494 2369/3499/2496
f 2352/3499/2479 2369/3499/2496 2367/3499/2494
f 2369/3499/2496 2370/3499/2497 2368/3499/2495
f 2369/3499/2496 2352/3499/2479 2371/3499/2498
f 2371/3499/2498 2370/3499/2497 2369/3499/2496
f 2356/3499/2483 2371/3499/2498 2352/3499/2479
f 2372/3499/2499 2370/3499/2497 2371/3499/2498
f 2371/3499/2498 2356/3499/2483 2372/3499/2499
f 2373/3499/2500 2374/3499/2501 2375/3499/2502
f 2374/3499/2501 2376/3499/2503 2375/3499/2502
f 2376/3499/2503 2377/3499/2504 2375/3499/2502
f 2377/3499/2504 2376/3499/2503 2378/3499/2505
f 2376/3499/2503 2374/3499/2501 2379/3499/2506
f 2378/3499/2505 2380/3499/2507 2377/3499/2504
f 2380/3499/2507 2378/3499/2505 2381/3499/2508
f 2382/3499/2509 2375/3499/2502 2377/3499/2504
f 2380/3499/2507 2382/3499/2509 2377/3499/2504
f 2375/3499/2502 2382/3499/2509 2373/3499/2500
f 2382/3499/2509 2380/3499/2507 2383/3499/2510
f 2383/3499/2510 2384/3499/2511 2382/3499/2509
f 2384/3499/2511 2383/3499/2510 2385/3499/2512
f 2386/3499/2513 2382/3499/2509 2384/3499/2511
f 2382/3499/2509 2386/3499/2513 2373/3499/2500
f 2387/3499/2514 2373/3499/2500 2386/3499/2513
f 2373/3499/2500 2387/3499/2514 2388/3499/2515
f 2374/3499/2501 2373/3499/2500 2388/3499/2515
f 2389/3499/2516 2388/3499/2515 2387/3499/2514
f 2388/3499/2515 2389/3499/2516 2390/3499/2517
f 2388/3499/2515 2390/3499/2517 2374/3499/2501
f 2390/3499/2517 2389/3499/2516 2391/3499/2518
f 2374/3499/2501 2390/3499/2517 2392/3499/2519
f 2392/3499/2519 2390/3499/2517 2391/3499/2518
f 2374/3499/2501 2392/3499/2519 2379/3499/2506
f 2393/3499/2520 2392/3499/2519 2391/3499/2518
f 2379/3499/2506 2392/3499/2519 2393/3499/2520
f 2394/3499/2521 2395/3499/2522 2396/3499/2523
f 2396/3499/2523 2397/3499/2524 2398/3499/2525
f 2397/3499/2524 2396/3499/2523 2395/3499/2522
f 2395/3499/2522 2399/3499/2526 2397/3499/2524
f 2395/3499/2522 2394/3499/2521 2400/3499/2527
f 2399/3499/2526 2395/3499/2522 2401/3499/2528
f 2400/3499/2527 2401/3499/2528 2395/3499/2522
f 2394/3499/2521 2402/3499/2529 2403/3499/2530
f 2403/3499/2530 2400/3499/2527 2394/3499/2521
f 2400/3499/2527 2403/3499/2530 2404/3499/2531
f 2404/3499/2531 2405/3499/2532 2400/3499/2527
f 2401/3499/2528 2406/3499/2533 2399/3499/2526
f 2407/3499/2534 2399/3499/2526 2406/3499/2533
f 2407/3499/2534 2406/3499/2533 2408/3499/2535
f 2401/3499/2528 2400/3499/2527 2409/3499/2536
f 2409/3499/2536 2400/3499/2527 2405/3499/2532
f 2409/3499/2536 2406/3499/2533 2401/3499/2528
f 2406/3499/2533 2410/3499/2537 2408/3499/2535
f 2406/3499/2533 2409/3499/2536 2410/3499/2537
f 2405/3499/2532 2410/3499/2537 2409/3499/2536
f 2410/3499/2537 2405/3499/2532 2411/3499/2538
f 2410/3499/2537 2411/3499/2538 2412/3499/2539
f 2413/3499/2540 2414/3499/2541 2415/3499/2542
f 2416/3499/2543 2413/3499/2540 2417/3499/2544
f 2415/3499/2542 2417/3499/2544 2413/3499/2540
f 2417/3499/2544 2415/3499/2542 2418/3499/2545
f 2419/3499/2546 2418/3499/2545 2415/3499/2542
f 2414/3499/2541 2413/3499/2540 2420/3499/2547
f 2420/3499/2547 2421/3499/2548 2414/3499/2541
f 2421/3499/2548 2420/3499/2547 2422/3499/2549
f 2423/3499/2550 2414/3499/2541 2421/3499/2548
f 2424/3499/2551 2415/3499/2542 2414/3499/2541
f 2414/3499/2541 2423/3499/2550 2424/3499/2551
f 2419/3499/2546 2415/3499/2542 2425/3499/2552
f 2415/3499/2542 2424/3499/2551 2425/3499/2552
f 2426/3499/2553 2424/3499/2551 2423/3499/2550
f 2426/3499/2553 2425/3499/2552 2424/3499/2551
f 2423/3499/2550 2427/3499/2554 2426/3499/2553
f 2427/3499/2554 2428/3499/2555 2426/3499/2553
f 2426/3499/2553 2428/3499/2555 2429/3499/2556
f 2425/3499/2552 2426/3499/2553 2429/3499/2556
f 2429/3499/2556 2419/3499/2546 2425/3499/2552
f 2419/3499/2546 2429/3499/2556 2430/3499/2557
f 2429/3499/2556 2431/3499/2558 2430/3499/2557
f 2432/3499/2559 2433/3499/2560 2434/3499/2561
f 2435/3499/2562 2434/3499/2561 2436/3499/2563
f 2434/3499/2561 2435/3499/2562 2432/3499/2559
f 2437/3499/2564 2432/3499/2559 2435/3499/2562
f 2433/3499/2560 2432/3499/2559 2438/3499/2565
f 2432/3499/2559 2437/3499/2564 2439/3499/2566
f 2439/3499/2566 2438/3499/2565 2432/3499/2559
f 2433/3499/2560 2440/3499/2567 2441/3499/2568
f 2438/3499/2565 2440/3499/2567 2433/3499/2560
f 2440/3499/2567 2438/3499/2565 2442/3499/2569
f 2438/3499/2565 2443/3499/2570 2442/3499/2569
f 2437/3499/2564 2444/3499/2571 2439/3499/2566
f 2444/3499/2571 2437/3499/2564 2445/3499/2572
f 2445/3499/2572 2446/3499/2573 2444/3499/2571
f 2438/3499/2565 2439/3499/2566 2447/3499/2574
f 2438/3499/2565 2447/3499/2574 2443/3499/2570
f 2444/3499/2571 2447/3499/2574 2439/3499/2566
f 2444/3499/2571 2446/3499/2573 2448/3499/2575
f 2447/3499/2574 2444/3499/2571 2448/3499/2575
f 2448/3499/2575 2443/3499/2570 2447/3499/2574
f 2443/3499/2570 2448/3499/2575 2449/3499/2576
f 2448/3499/2575 2450/3499/2577 2449/3499/2576
f 2451/3499/2578 2452/3499/2579 2453/3499/2580
f 2453/3499/2580 2454/3499/2581 2455/3499/2582
f 2454/3499/2581 2453/3499/2580 2452/3499/2579
f 2452/3499/2579 2456/3499/2583 2454/3499/2581
f 2452/3499/2579 2451/3499/2578 2457/3499/2584
f 2456/3499/2583 2452/3499/2579 2458/3499/2585
f 2457/3499/2584 2458/3499/2585 2452/3499/2579
f 2459/3499/2586 2451/3499/2578 2460/3499/2587
f 2459/3499/2586 2457/3499/2584 2451/3499/2578
f 2457/3499/2584 2459/3499/2586 2461/3499/2588
f 2462/3499/2589 2457/3499/2584 2461/3499/2588
f 2463/3499/2590 2456/3499/2583 2458/3499/2585
f 2456/3499/2583 2463/3499/2590 2464/3499/2591
f 2464/3499/2591 2463/3499/2590 2465/3499/2592
f 2458/3499/2585 2457/3499/2584 2466/3499/2593
f 2457/3499/2584 2462/3499/2589 2466/3499/2593
f 2466/3499/2593 2463/3499/2590 2458/3499/2585
f 2463/3499/2590 2467/3499/2594 2465/3499/2592
f 2463/3499/2590 2466/3499/2593 2467/3499/2594
f 2462/3499/2589 2467/3499/2594 2466/3499/2593
f 2467/3499/2594 2462/3499/2589 2468/3499/2595
f 2467/3499/2594 2468/3499/2595 2469/3499/2596
f 2470/3499/2597 2471/3499/2598 2472/3499/2599
f 2472/3499/2599 2471/3499/2598 2473/3499/2600
f 2470/3499/2597 2474/3499/2601 2471/3499/2598
f 2475/3499/2602 2470/3499/2597 2472/3499/2599
f 2476/3499/2603 2474/3499/2601 2470/3499/2597
f 2477/3499/2604 2470/3499/2597 2475/3499/2602
f 2477/3499/2604 2476/3499/2603 2470/3499/2597
f 2478/3499/2605 2477/3499/2604 2475/3499/2602
f 2479/3499/2606 2476/3499/2603 2477/3499/2604
f 2480/3499/2607 2477/3499/2604 2478/3499/2605
f 2477/3499/2604 2480/3499/2607 2479/3499/2606
f 2481/3499/2608 2482/3499/2609 2483/3499/2610
f 2482/3499/2609 2481/3499/2608 2484/3499/2611
f 2485/3499/2612 2484/3499/2611 2481/3499/2608
f 2484/3499/2611 2486/3499/2613 2482/3499/2609
f 2484/3499/2611 2485/3499/2612 2487/3499/2614
f 2486/3499/2613 2484/3499/2611 2488/3499/2615
f 2487/3499/2614 2488/3499/2615 2484/3499/2611
f 2488/3499/2615 2489/3499/2616 2486/3499/2613
f 2488/3499/2615 2487/3499/2614 2490/3499/2617
f 2489/3499/2616 2488/3499/2615 2491/3499/2618
f 2488/3499/2615 2490/3499/2617 2491/3499/2618
f 2492/3499/2619 2493/3499/2620 2494/3499/2621
f 2494/3499/2621 2495/3499/2622 2492/3499/2619
f 2493/3499/2620 2492/3499/2619 2496/3499/2623
f 2497/3499/2624 2494/3499/2621 2493/3499/2620
f 2498/3499/2625 2493/3499/2620 2496/3499/2623
f 2493/3499/2620 2499/3499/2626 2497/3499/2624
f 2499/3499/2626 2493/3499/2620 2498/3499/2625
f 2500/3499/2627 2497/3499/2624 2499/3499/2626
f 2501/3499/2628 2499/3499/2626 2498/3499/2625
f 2502/3499/2629 2500/3499/2627 2499/3499/2626
f 2499/3499/2626 2501/3499/2628 2502/3499/2629
f 2503/3499/2630 2504/3499/2631 2505/3499/2632
f 2504/3499/2631 2506/3499/2633 2505/3499/2632
f 2507/3499/2634 2505/3499/2632 2506/3499/2633
f 2504/3499/2631 2508/3499/2635 2506/3499/2633
f 2506/3499/2633 2509/3499/2636 2507/3499/2634
f 2508/3499/2635 2510/3499/2637 2506/3499/2633
f 2509/3499/2636 2506/3499/2633 2510/3499/2637
f 2510/3499/2637 2508/3499/2635 2511/3499/2638
f 2509/3499/2636 2510/3499/2637 2512/3499/2639
f 2511/3499/2638 2513/3499/2640 2510/3499/2637
f 2510/3499/2637 2513/3499/2640 2512/3499/2639
f 1832/3499/1961 1829/3499/1958 2514/3499/2641
f 2515/3499/2642 1832/3499/1961 2514/3499/2641
f 2191/3499/2318 1829/3499/1958 1833/3499/1962
f 1829/3499/1958 2191/3499/2318 2514/3499/2641
f 2514/3499/2641 2516/3499/2643 2515/3499/2642
f 2517/3499/2644 2515/3499/2642 2516/3499/2643
f 2518/3499/2645 2514/3499/2641 2191/3499/2318
f 2516/3499/2643 2514/3499/2641 2518/3499/2645
f 2516/3499/2643 2519/3499/2646 2517/3499/2644
f 2518/3499/2645 2519/3499/2646 2516/3499/2643
f 2520/3499/2647 2517/3499/2644 2519/3499/2646
f 2517/3499/2644 2520/3499/2647 2521/3499/2648
f 2519/3499/2646 2518/3499/2645 2075/3499/2202
f 2191/3499/2318 2080/3499/2207 2518/3499/2645
f 2080/3499/2207 2075/3499/2202 2518/3499/2645
f 2522/3499/2649 2521/3499/2648 2520/3499/2647
f 2521/3499/2648 2522/3499/2649 2063/3499/2190
f 2520/3499/2647 2519/3499/2646 2077/3499/2204
f 2077/3499/2204 2519/3499/2646 2075/3499/2202
f 2077/3499/2204 2522/3499/2649 2520/3499/2647
f 2061/3499/2188 2063/3499/2190 2522/3499/2649
f 2522/3499/2649 2077/3499/2204 2078/3499/2205
f 2078/3499/2205 2061/3499/2188 2522/3499/2649
f 2523/3499/2650 2524/3499/2651 2525/3499/2652
f 2526/3499/2653 2527/3499/2654 2523/3499/2650
f 2524/3499/2651 2523/3499/2650 2527/3499/2654
f 2527/3499/2654 2528/3499/2655 2524/3499/2651
f 2529/3499/2656 2524/3499/2651 2528/3499/2655
f 2528/3499/2655 2530/3499/2657 2529/3499/2656
f 2531/3499/2658 2529/3499/2656 2530/3499/2657
f 2531/3499/2658 2530/3499/2657 2532/3499/2659
f 2533/3499/2660 2531/3499/2658 2532/3499/2659
f 2533/3499/2660 2529/3499/2656 2531/3499/2658
f 2534/3499/2661 2533/3499/2660 2532/3499/2659
f 2534/3499/2661 2535/3499/2662 2533/3499/2660
f 2529/3499/2656 2533/3499/2660 2536/3499/2663
f 2536/3499/2663 2524/3499/2651 2529/3499/2656
f 2535/3499/2662 2536/3499/2663 2533/3499/2660
f 2524/3499/2651 2536/3499/2663 2537/3499/2664
f 2535/3499/2662 2537/3499/2664 2536/3499/2663
f 2537/3499/2664 2525/3499/2652 2524/3499/2651
f 2537/3499/2664 2535/3499/2662 2538/3499/2665
f 2538/3499/2665 2525/3499/2652 2537/3499/2664
f 2525/3499/2652 2538/3499/2665 2539/3499/2666
f 2540/3499/2667 2541/3499/2668 2542/3499/2669
f 2541/3499/2668 2543/3499/2670 2544/3499/2671
f 2543/3499/2670 2541/3499/2668 2540/3499/2667
f 2545/3499/2672 2543/3499/2670 2540/3499/2667
f 2545/3499/2672 2540/3499/2667 2546/3499/2673
f 2547/3499/2674 2545/3499/2672 2546/3499/2673
f 2546/3499/2673 2548/3499/2675 2547/3499/2674
f 2548/3499/2675 2549/3499/2676 2547/3499/2674
f 2550/3499/2677 2549/3499/2676 2548/3499/2675
f 2546/3499/2673 2550/3499/2677 2548/3499/2675
f 2551/3499/2678 2549/3499/2676 2550/3499/2677
f 2552/3499/2679 2551/3499/2678 2550/3499/2677
f 2550/3499/2677 2546/3499/2673 2553/3499/2680
f 2550/3499/2677 2553/3499/2680 2552/3499/2679
f 2540/3499/2667 2553/3499/2680 2546/3499/2673
f 2554/3499/2681 2552/3499/2679 2553/3499/2680
f 2553/3499/2680 2540/3499/2667 2554/3499/2681
f 2540/3499/2667 2542/3499/2669 2554/3499/2681
f 2552/3499/2679 2554/3499/2681 2555/3499/2682
f 2542/3499/2669 2555/3499/2682 2554/3499/2681
f 2555/3499/2682 2542/3499/2669 2556/3499/2683
f 2557/3499/2684 2558/3499/2685 2559/3499/2686
f 2557/3499/2684 2560/3499/2687 2558/3499/2685
f 2560/3499/2687 2557/3499/2684 2561/3499/2688
f 2562/3499/2689 2558/3499/2685 2560/3499/2687
f 2557/3499/2684 2559/3499/2686 2563/3499/2690
f 2558/3499/2685 2562/3499/2689 2564/3499/2691
f 2564/3499/2691 2559/3499/2686 2558/3499/2685
f 2563/3499/2690 2559/3499/2686 2565/3499/2692
f 2563/3499/2690 2565/3499/2692 2566/3499/2693
f 2559/3499/2686 2567/3499/2694 2565/3499/2692
f 2567/3499/2694 2559/3499/2686 2568/3499/2695
f 2559/3499/2686 2564/3499/2691 2568/3499/2695
f 2568/3499/2695 2569/3499/2696 2567/3499/2694
f 2562/3499/2689 2570/3499/2697 2564/3499/2691
f 2570/3499/2697 2568/3499/2695 2564/3499/2691
f 2570/3499/2697 2562/3499/2689 2571/3499/2698
f 2569/3499/2696 2568/3499/2695 2572/3499/2699
f 2568/3499/2695 2570/3499/2697 2572/3499/2699
f 2572/3499/2699 2573/3499/2700 2569/3499/2696
f 2571/3499/2698 2573/3499/2700 2570/3499/2697
f 2570/3499/2697 2573/3499/2700 2572/3499/2699
f 2574/3499/2701 2575/3499/2702 2576/3499/2703
f 2577/3499/2704 2576/3499/2703 2578/3499/2705
f 2576/3499/2703 2577/3499/2704 2574/3499/2701
f 2579/3499/2706 2574/3499/2701 2577/3499/2704
f 2574/3499/2701 2579/3499/2706 2580/3499/2707
f 2581/3499/2708 2580/3499/2707 2579/3499/2706
f 2580/3499/2707 2581/3499/2708 2582/3499/2709
f 2582/3499/2709 2581/3499/2708 2583/3499/2710
f 2584/3499/2711 2582/3499/2709 2583/3499/2710
f 2584/3499/2711 2580/3499/2707 2582/3499/2709
f 2585/3499/2712 2584/3499/2711 2583/3499/2710
f 2586/3499/2713 2584/3499/2711 2585/3499/2712
f 2580/3499/2707 2584/3499/2711 2587/3499/2714
f 2584/3499/2711 2586/3499/2713 2587/3499/2714
f 2587/3499/2714 2574/3499/2701 2580/3499/2707
f 2586/3499/2713 2588/3499/2715 2587/3499/2714
f 2574/3499/2701 2587/3499/2714 2588/3499/2715
f 2575/3499/2702 2574/3499/2701 2588/3499/2715
f 2588/3499/2715 2586/3499/2713 2589/3499/2716
f 2589/3499/2716 2575/3499/2702 2588/3499/2715
f 2575/3499/2702 2589/3499/2716 2590/3499/2717
f 2591/3499/2718 2592/3499/2719 2593/3499/2720
f 2592/3499/2719 2591/3499/2718 2594/3499/2721
f 2595/3499/2722 2593/3499/2720 2592/3499/2719
f 2593/3499/2720 2595/3499/2722 2596/3499/2723
f 2597/3499/2724 2596/3499/2723 2595/3499/2722
f 2595/3499/2722 2598/3499/2725 2597/3499/2724
f 2599/3499/2726 2600/3499/2727 2601/3499/2728
f 2600/3499/2727 2599/3499/2726 2602/3499/2729
f 2602/3499/2729 2603/3499/2730 2600/3499/2727
f 2603/3499/2730 2602/3499/2729 2604/3499/2731
f 2604/3499/2731 2605/3499/2732 2603/3499/2730
f 2605/3499/2732 2606/3499/2733 2603/3499/2730
f 2607/3499/2734 2608/3499/2735 2609/3499/2736
f 2608/3499/2735 2607/3499/2734 2610/3499/2737
f 2609/3499/2736 2611/3499/2738 2607/3499/2734
f 2611/3499/2738 2609/3499/2736 2612/3499/2739
f 2613/3499/2740 2611/3499/2738 2612/3499/2739
f 2611/3499/2738 2613/3499/2740 2614/3499/2741
f 2615/3499/2742 2616/3499/2743 2617/3499/2744
f 2616/3499/2743 2615/3499/2742 2618/3499/2745
f 2619/3499/2746 2618/3499/2745 2615/3499/2742
f 2618/3499/2745 2619/3499/2746 2620/3499/2747
f 2620/3499/2747 2619/3499/2746 2621/3499/2748
f 2621/3499/2748 2619/3499/2746 2622/3499/2749
f 2623/3499/2750 2624/3499/2751 2625/3499/2752
f 2626/3499/2753 2623/3499/2750 2625/3499/2752
f 2624/3499/2751 2627/3499/2754 2625/3499/2752
f 2623/3499/2750 2626/3499/2753 2628/3499/2755
f 2628/3499/2755 2629/3499/2756 2623/3499/2750
f 2629/3499/2756 2628/3499/2755 2630/3499/2757
f 2631/3499/2758 2623/3499/2750 2629/3499/2756
f 2623/3499/2750 2631/3499/2758 2632/3499/2759
f 2624/3499/2751 2623/3499/2750 2632/3499/2759
f 2633/3499/2760 2624/3499/2751 2632/3499/2759
f 2634/3499/2761 2627/3499/2754 2624/3499/2751
f 2633/3499/2760 2634/3499/2761 2624/3499/2751
f 2627/3499/2754 2634/3499/2761 2635/3499/2762
f 2633/3499/2760 2636/3499/2763 2634/3499/2761
f 2636/3499/2763 2635/3499/2762 2634/3499/2761
f 2635/3499/2762 2636/3499/2763 2637/3499/2764
f 2636/3499/2763 2633/3499/2760 2638/3499/2765
f 2636/3499/2763 2639/3499/2766 2637/3499/2764
f 2638/3499/2765 2640/3499/2767 2636/3499/2763
f 2639/3499/2766 2636/3499/2763 2640/3499/2767
f 2640/3499/2767 2638/3499/2765 2641/3499/2768
f 2640/3499/2767 2642/3499/2769 2639/3499/2766
f 2641/3499/2768 2643/3499/2770 2640/3499/2767
f 2642/3499/2769 2640/3499/2767 2643/3499/2770
f 2643/3499/2770 2641/3499/2768 2644/3499/2771
f 2642/3499/2769 2643/3499/2770 2645/3499/2772
f 2644/3499/2771 2646/3499/2773 2643/3499/2770
f 2645/3499/2772 2643/3499/2770 2646/3499/2773
f 2646/3499/2773 2644/3499/2771 2647/3499/2774
f 2645/3499/2772 2646/3499/2773 2648/3499/2775
f 2647/3499/2774 2649/3499/2776 2646/3499/2773
f 2648/3499/2775 2646/3499/2773 2649/3499/2776
f 2648/3499/2775 2649/3499/2776 2650/3499/2777
f 2649/3499/2776 2647/3499/2774 2651/3499/2778
f 2652/3499/2779 2650/3499/2777 2649/3499/2776
f 2651/3499/2778 2652/3499/2779 2649/3499/2776
f 2652/3499/2779 2651/3499/2778 2653/3499/2780
f 2654/3499/2781 2655/3499/2782 2656/3499/2783
f 2656/3499/2783 2655/3499/2782 2657/3499/2784
f 2658/3499/2785 2657/3499/2784 2659/3499/2786
f 2657/3499/2784 2658/3499/2785 2656/3499/2783
f 2660/3499/2787 2656/3499/2783 2658/3499/2785
f 2656/3499/2783 2660/3499/2787 2661/3499/2788
f 2656/3499/2783 2662/3499/2789 2654/3499/2781
f 2662/3499/2789 2656/3499/2783 2661/3499/2788
f 2662/3499/2789 2663/3499/2790 2654/3499/2781
f 2661/3499/2788 2664/3499/2791 2662/3499/2789
f 2664/3499/2791 2665/3499/2792 2662/3499/2789
f 2663/3499/2790 2662/3499/2789 2665/3499/2792
f 2665/3499/2792 2664/3499/2791 2666/3499/2793
f 2667/3499/2794 2663/3499/2790 2665/3499/2792
f 2666/3499/2793 2667/3499/2794 2665/3499/2792
f 2667/3499/2794 2666/3499/2793 2668/3499/2795
f 2663/3499/2790 2667/3499/2794 2669/3499/2796
f 2670/3499/2797 2667/3499/2794 2668/3499/2795
f 2671/3499/2798 2669/3499/2796 2667/3499/2794
f 2667/3499/2794 2670/3499/2797 2671/3499/2798
f 2669/3499/2796 2671/3499/2798 2672/3499/2799
f 2673/3499/2800 2671/3499/2798 2670/3499/2797
f 2674/3499/2801 2672/3499/2799 2671/3499/2798
f 2674/3499/2801 2671/3499/2798 2673/3499/2800
f 2672/3499/2799 2674/3499/2801 2675/3499/2802
f 2676/3499/2803 2674/3499/2801 2673/3499/2800
f 2677/3499/2804 2675/3499/2802 2674/3499/2801
f 2674/3499/2801 2676/3499/2803 2677/3499/2804
f 2675/3499/2802 2677/3499/2804 2678/3499/2805
f 2679/3499/2806 2677/3499/2804 2676/3499/2803
f 2680/3499/2807 2678/3499/2805 2677/3499/2804
f 2680/3499/2807 2677/3499/2804 2679/3499/2806
f 2681/3499/2808 2680/3499/2807 2679/3499/2806
f 2678/3499/2805 2680/3499/2807 2682/3499/2809
f 2680/3499/2807 2681/3499/2808 2683/3499/2810
f 2683/3499/2810 2682/3499/2809 2680/3499/2807
f 2682/3499/2809 2683/3499/2810 2684/3499/2811
f 2685/3499/2812 2686/3499/2813 2687/3499/2814
f 2685/3499/2812 2688/3499/2815 2686/3499/2813
f 2687/3499/2814 2686/3499/2813 2689/3499/2816
f 2688/3499/2815 2685/3499/2812 2690/3499/2817
f 2691/3499/2818 2690/3499/2817 2685/3499/2812
f 2690/3499/2817 2691/3499/2818 2692/3499/2819
f 2693/3499/2820 2691/3499/2818 2685/3499/2812
f 2685/3499/2812 2694/3499/2821 2693/3499/2820
f 2694/3499/2821 2685/3499/2812 2687/3499/2814
f 2694/3499/2821 2687/3499/2814 2695/3499/2822
f 2689/3499/2816 2696/3499/2823 2687/3499/2814
f 2696/3499/2823 2695/3499/2822 2687/3499/2814
f 2696/3499/2823 2689/3499/2816 2697/3499/2824
f 2698/3499/2825 2695/3499/2822 2696/3499/2823
f 2697/3499/2824 2698/3499/2825 2696/3499/2823
f 2698/3499/2825 2697/3499/2824 2699/3499/2826
f 2695/3499/2822 2698/3499/2825 2700/3499/2827
f 2701/3499/2828 2698/3499/2825 2699/3499/2826
f 2702/3499/2829 2700/3499/2827 2698/3499/2825
f 2698/3499/2825 2701/3499/2828 2702/3499/2829
f 2700/3499/2827 2702/3499/2829 2703/3499/2830
f 2702/3499/2829 2701/3499/2828 2704/3499/2831
f 2705/3499/2832 2703/3499/2830 2702/3499/2829
f 2704/3499/2831 2705/3499/2832 2702/3499/2829
f 2703/3499/2830 2705/3499/2832 2706/3499/2833
f 2704/3499/2831 2707/3499/2834 2705/3499/2832
f 2708/3499/2835 2706/3499/2833 2705/3499/2832
f 2707/3499/2834 2708/3499/2835 2705/3499/2832
f 2706/3499/2833 2708/3499/2835 2709/3499/2836
f 2707/3499/2834 2710/3499/2837 2708/3499/2835
f 2711/3499/2838 2709/3499/2836 2708/3499/2835
f 2710/3499/2837 2711/3499/2838 2708/3499/2835
f 2712/3499/2839 2711/3499/2838 2710/3499/2837
f 2709/3499/2836 2711/3499/2838 2713/3499/2840
f 2711/3499/2838 2712/3499/2839 2714/3499/2841
f 2714/3499/2841 2713/3499/2840 2711/3499/2838
f 2713/3499/2840 2714/3499/2841 2715/3499/2842
f 2716/3499/2843 2717/3499/2844 2718/3499/2845
f 2717/3499/2844 2719/3499/2846 2718/3499/2845
f 2719/3499/2846 2720/3499/2847 2721/3499/2848
f 2720/3499/2847 2719/3499/2846 2717/3499/2844
f 2717/3499/2844 2722/3499/2849 2720/3499/2847
f 2722/3499/2849 2717/3499/2844 2723/3499/2850
f 2717/3499/2844 2716/3499/2843 2724/3499/2851
f 2724/3499/2851 2723/3499/2850 2717/3499/2844
f 2725/3499/2852 2724/3499/2851 2716/3499/2843
f 2726/3499/2853 2723/3499/2850 2724/3499/2851
f 2727/3499/2854 2726/3499/2853 2724/3499/2851
f 2724/3499/2851 2725/3499/2852 2727/3499/2854
f 2726/3499/2853 2727/3499/2854 2728/3499/2855
f 2725/3499/2852 2729/3499/2856 2727/3499/2854
f 2729/3499/2856 2728/3499/2855 2727/3499/2854
f 2728/3499/2855 2729/3499/2856 2730/3499/2857
f 2729/3499/2856 2725/3499/2852 2731/3499/2858
f 2729/3499/2856 2732/3499/2859 2730/3499/2857
f 2731/3499/2858 2733/3499/2860 2729/3499/2856
f 2732/3499/2859 2729/3499/2856 2733/3499/2860
f 2733/3499/2860 2731/3499/2858 2734/3499/2861
f 2735/3499/2862 2732/3499/2859 2733/3499/2860
f 2734/3499/2861 2736/3499/2863 2733/3499/2860
f 2736/3499/2863 2735/3499/2862 2733/3499/2860
f 2736/3499/2863 2734/3499/2861 2737/3499/2864
f 2738/3499/2865 2735/3499/2862 2736/3499/2863
f 2739/3499/2866 2736/3499/2863 2737/3499/2864
f 2736/3499/2863 2739/3499/2866 2738/3499/2865
f 2737/3499/2864 2740/3499/2867 2739/3499/2866
f 2741/3499/2868 2738/3499/2865 2739/3499/2866
f 2742/3499/2869 2739/3499/2866 2740/3499/2867
f 2739/3499/2866 2742/3499/2869 2741/3499/2868
f 2743/3499/2870 2741/3499/2868 2742/3499/2869
f 2740/3499/2867 2744/3499/2871 2742/3499/2869
f 2742/3499/2869 2745/3499/2872 2743/3499/2870
f 2745/3499/2872 2742/3499/2869 2744/3499/2871
f 2744/3499/2871 2746/3499/2873 2745/3499/2872
f 2747/3499/2874 2748/3499/2875 2749/3499/2876
f 2749/3499/2876 2750/3499/2877 2747/3499/2874
f 2748/3499/2875 2751/3499/2878 2749/3499/2876
f 2752/3499/2879 2751/3499/2878 2748/3499/2875
f 2751/3499/2878 2752/3499/2879 2753/3499/2880
f 2754/3499/2881 2753/3499/2880 2752/3499/2879
f 2753/3499/2880 2754/3499/2881 2755/3499/2882
f 2756/3499/2883 2757/3499/2884 2758/3499/2885
f 2757/3499/2884 2756/3499/2883 2759/3499/2886
f 2760/3499/2887 2759/3499/2886 2756/3499/2883
f 2759/3499/2886 2760/3499/2887 2761/3499/2888
f 2761/3499/2888 2760/3499/2887 2762/3499/2889
f 2762/3499/2889 2763/3499/2890 2761/3499/2888
f 2763/3499/2890 2762/3499/2889 2764/3499/2891
f 2765/3499/2892 2766/3499/2893 2767/3499/2894
f 2766/3499/2893 2765/3499/2892 2768/3499/2895
f 2767/3499/2894 2766/3499/2893 2769/3499/2896
f 2770/3499/2897 2767/3499/2894 2769/3499/2896
f 2769/3499/2896 2771/3499/2898 2770/3499/2897
f 2771/3499/2898 2772/3499/2899 2770/3499/2897
f 2772/3499/2899 2771/3499/2898 2773/3499/2900
f 2774/3499/2901 2775/3499/2902 2776/3499/2903
f 2775/3499/2902 2774/3499/2901 2777/3499/2904
f 2778/3499/2905 2775/3499/2902 2777/3499/2904
f 2777/3499/2904 2779/3499/2906 2778/3499/2905
f 2779/3499/2906 2780/3499/2907 2778/3499/2905
f 2781/3499/2908 2780/3499/2907 2779/3499/2906
f 2780/3499/2907 2781/3499/2908 2782/3499/2909
f 2783/3499/2910 2784/3499/2911 2785/3499/2912
f 2784/3499/2911 2783/3499/2910 2786/3499/2913
f 2784/3499/2911 2786/3499/2913 2787/3499/2914
f 2786/3499/2913 2788/3499/2915 2787/3499/2914
f 2789/3499/2916 2790/3499/2917 2791/3499/2918
f 2791/3499/2918 2790/3499/2917 2792/3499/2919
f 2790/3499/2917 2789/3499/2916 2793/3499/2920
f 2794/3499/2921 2792/3499/2919 2790/3499/2917
f 2795/3499/2922 2790/3499/2917 2793/3499/2920
f 2790/3499/2917 2795/3499/2922 2794/3499/2921
f 2796/3499/2923 2797/3499/2924 2798/3499/2925
f 2797/3499/2924 2796/3499/2923 2799/3499/2926
f 2800/3499/2927 2798/3499/2925 2797/3499/2924
f 2801/3499/2928 2798/3499/2925 2800/3499/2927
f 2802/3499/2929 2803/3499/2930 2804/3499/2931
f 2803/3499/2930 2802/3499/2929 2805/3499/2932
f 2802/3499/2929 2806/3499/2933 2805/3499/2932
f 2805/3499/2932 2806/3499/2933 2807/3499/2934
f 2808/3499/2935 2809/3499/2936 2810/3499/2937
f 2809/3499/2936 2808/3499/2935 2811/3499/2938
f 2810/3499/2937 2812/3499/2939 2808/3499/2935
f 2808/3499/2935 2813/3499/2940 2811/3499/2938
f 2814/3499/2941 2808/3499/2935 2812/3499/2939
f 2813/3499/2940 2808/3499/2935 2814/3499/2941
f 2815/3499/2942 2816/3499/2943 2817/3499/2944
f 2816/3499/2943 2815/3499/2942 2818/3499/2945
f 2819/3499/2946 2815/3499/2942 2817/3499/2944
f 2820/3499/2947 2819/3499/2946 2817/3499/2944
f 2821/3499/2948 2822/3499/2949 2823/3499/2950
f 2824/3499/2951 2825/3499/2952 2826/3499/2953
f 2822/3499/2949 2826/3499/2953 2825/3499/2952
f 2825/3499/2952 2824/3499/2951 2827/3499/2954
f 2823/3499/2950 2822/3499/2949 2828/3499/2955
f 2825/3499/2952 2828/3499/2955 2822/3499/2949
f 2828/3499/2955 2829/3499/2956 2823/3499/2950
f 2830/3499/2957 2829/3499/2956 2828/3499/2955
f 2831/3499/2958 2825/3499/2952 2827/3499/2954
f 2828/3499/2955 2825/3499/2952 2831/3499/2958
f 2832/3499/2959 2831/3499/2958 2827/3499/2954
f 2831/3499/2958 2832/3499/2959 2833/3499/2960
f 2828/3499/2955 2831/3499/2958 2834/3499/2961
f 2834/3499/2961 2830/3499/2957 2828/3499/2955
f 2834/3499/2961 2831/3499/2958 2833/3499/2960
f 2834/3499/2961 2835/3499/2962 2830/3499/2957
f 2836/3499/2963 2834/3499/2961 2833/3499/2960
f 2835/3499/2962 2834/3499/2961 2836/3499/2963
f 2837/3499/2964 2836/3499/2963 2833/3499/2960
f 2838/3499/2965 2835/3499/2962 2836/3499/2963
f 2839/3499/2966 2836/3499/2963 2837/3499/2964
f 2836/3499/2963 2839/3499/2966 2838/3499/2965
f 2837/3499/2964 2840/3499/2967 2839/3499/2966
f 2840/3499/2967 2841/3499/2968 2839/3499/2966
f 2842/3499/2969 2839/3499/2966 2841/3499/2968
f 2839/3499/2966 2842/3499/2969 2843/3499/2970
f 2838/3499/2965 2844/3499/2971 2835/3499/2962
f 2845/3499/2972 2839/3499/2966 2843/3499/2970
f 2838/3499/2965 2839/3499/2966 2845/3499/2972
f 2846/3499/2973 2845/3499/2972 2843/3499/2970
f 2844/3499/2971 2838/3499/2965 2847/3499/2974
f 2844/3499/2971 2847/3499/2974 2848/3499/2975
f 2849/3499/2976 2848/3499/2975 2847/3499/2974
f 2838/3499/2965 2849/3499/2976 2847/3499/2974
f 2849/3499/2976 2838/3499/2965 2850/3499/2977
f 2850/3499/2977 2838/3499/2965 2845/3499/2972
f 2851/3499/2978 2850/3499/2977 2845/3499/2972
f 2846/3499/2973 2851/3499/2978 2845/3499/2972
f 2850/3499/2977 2851/3499/2978 2852/3499/2979
f 2853/3499/2980 2851/3499/2978 2846/3499/2973
f 2846/3499/2973 2854/3499/2981 2853/3499/2980
f 2853/3499/2980 2854/3499/2981 2855/3499/2982
f 2852/3499/2979 2851/3499/2978 2856/3499/2983
f 2851/3499/2978 2853/3499/2980 2856/3499/2983
f 2856/3499/2983 2857/3499/2984 2852/3499/2979
f 2858/3499/2985 2857/3499/2984 2856/3499/2983
f 2853/3499/2980 2855/3499/2982 2859/3499/2986
f 2859/3499/2986 2856/3499/2983 2853/3499/2980
f 2860/3499/2987 2859/3499/2986 2855/3499/2982
f 2861/3499/2988 2858/3499/2985 2856/3499/2983
f 2856/3499/2983 2859/3499/2986 2861/3499/2988
f 2862/3499/2989 2858/3499/2985 2861/3499/2988
f 2859/3499/2986 2860/3499/2987 2863/3499/2990
f 2863/3499/2990 2861/3499/2988 2859/3499/2986
f 2862/3499/2989 2861/3499/2988 2864/3499/2991
f 2861/3499/2988 2863/3499/2990 2864/3499/2991
f 2863/3499/2990 2860/3499/2987 2865/3499/2992
f 2865/3499/2992 2864/3499/2991 2863/3499/2990
f 2860/3499/2987 2866/3499/2993 2865/3499/2992
f 2867/3499/2994 2862/3499/2989 2864/3499/2991
f 2864/3499/2991 2865/3499/2992 2867/3499/2994
f 2862/3499/2989 2867/3499/2994 2868/3499/2995
f 2869/3499/2996 2868/3499/2995 2867/3499/2994
f 2865/3499/2992 2870/3499/2997 2867/3499/2994
f 2866/3499/2993 2870/3499/2997 2865/3499/2992
f 2870/3499/2997 2869/3499/2996 2867/3499/2994
f 2871/3499/2998 2870/3499/2997 2866/3499/2993
f 2871/3499/2998 2866/3499/2993 2872/3499/2999
f 2870/3499/2997 2871/3499/2998 2873/3499/3000
f 2873/3499/3000 2869/3499/2996 2870/3499/2997
f 2874/3499/3001 2873/3499/3000 2871/3499/2998
f 2869/3499/2996 2875/3499/3002 2868/3499/2995
f 2874/3499/3001 2876/3499/3003 2873/3499/3000
f 2869/3499/2996 2873/3499/3000 2876/3499/3003
f 2876/3499/3003 2874/3499/3001 2877/3499/3004
f 2878/3499/3005 2869/3499/2996 2876/3499/3003
f 2877/3499/3004 2878/3499/3005 2876/3499/3003
f 2875/3499/3002 2869/3499/2996 2878/3499/3005
f 2878/3499/3005 2877/3499/3004 2879/3499/3006
f 2880/3499/3007 2875/3499/3002 2878/3499/3005
f 2879/3499/3006 2880/3499/3007 2878/3499/3005
f 2875/3499/3002 2880/3499/3007 2881/3499/3008
f 2880/3499/3007 2879/3499/3006 2882/3499/3009
f 2880/3499/3007 2883/3499/3010 2881/3499/3008
f 2882/3499/3009 2884/3499/3011 2880/3499/3007
f 2883/3499/3010 2880/3499/3007 2884/3499/3011
f 2884/3499/3011 2882/3499/3009 2885/3499/3012
f 2884/3499/3011 2886/3499/3013 2883/3499/3010
f 2885/3499/3012 2887/3499/3014 2884/3499/3011
f 2886/3499/3013 2884/3499/3011 2887/3499/3014
f 2888/3499/3015 2889/3499/3016 2890/3499/3017
f 2891/3499/3018 2892/3499/3019 2893/3499/3020
f 2893/3499/3020 2888/3499/3015 2891/3499/3018
f 2892/3499/3019 2891/3499/3018 2894/3499/3021
f 2890/3499/3017 2895/3499/3022 2888/3499/3015
f 2895/3499/3022 2891/3499/3018 2888/3499/3015
f 2896/3499/3023 2895/3499/3022 2890/3499/3017
f 2897/3499/3024 2895/3499/3022 2896/3499/3023
f 2898/3499/3025 2894/3499/3021 2891/3499/3018
f 2891/3499/3018 2895/3499/3022 2898/3499/3025
f 2898/3499/3025 2899/3499/3026 2894/3499/3021
f 2898/3499/3025 2900/3499/3027 2899/3499/3026
f 2898/3499/3025 2895/3499/3022 2901/3499/3028
f 2901/3499/3028 2895/3499/3022 2897/3499/3024
f 2901/3499/3028 2900/3499/3027 2898/3499/3025
f 2902/3499/3029 2901/3499/3028 2897/3499/3024
f 2903/3499/3030 2900/3499/3027 2901/3499/3028
f 2901/3499/3028 2902/3499/3029 2903/3499/3030
f 2904/3499/3031 2900/3499/3027 2903/3499/3030
f 2905/3499/3032 2903/3499/3030 2902/3499/3029
f 2903/3499/3030 2906/3499/3033 2904/3499/3031
f 2906/3499/3033 2903/3499/3030 2905/3499/3032
f 2904/3499/3031 2906/3499/3033 2907/3499/3034
f 2907/3499/3034 2906/3499/3033 2908/3499/3035
f 2909/3499/3036 2908/3499/3035 2906/3499/3033
f 2906/3499/3033 2910/3499/3037 2909/3499/3036
f 2911/3499/3038 2905/3499/3032 2902/3499/3029
f 2910/3499/3037 2906/3499/3033 2912/3499/3039
f 2905/3499/3032 2912/3499/3039 2906/3499/3033
f 2913/3499/3040 2910/3499/3037 2912/3499/3039
f 2905/3499/3032 2911/3499/3038 2914/3499/3041
f 2911/3499/3038 2915/3499/3042 2914/3499/3041
f 2916/3499/3043 2914/3499/3041 2915/3499/3042
f 2916/3499/3043 2905/3499/3032 2914/3499/3041
f 2905/3499/3032 2916/3499/3043 2917/3499/3044
f 2917/3499/3044 2912/3499/3039 2905/3499/3032
f 2917/3499/3044 2918/3499/3045 2912/3499/3039
f 2913/3499/3040 2912/3499/3039 2918/3499/3045
f 2918/3499/3045 2917/3499/3044 2919/3499/3046
f 2920/3499/3047 2913/3499/3040 2918/3499/3045
f 2913/3499/3040 2920/3499/3047 2921/3499/3048
f 2920/3499/3047 2922/3499/3049 2921/3499/3048
f 2919/3499/3046 2923/3499/3050 2918/3499/3045
f 2923/3499/3050 2920/3499/3047 2918/3499/3045
f 2924/3499/3051 2923/3499/3050 2919/3499/3046
f 2923/3499/3050 2924/3499/3051 2925/3499/3052
f 2920/3499/3047 2926/3499/3053 2922/3499/3049
f 2923/3499/3050 2926/3499/3053 2920/3499/3047
f 2926/3499/3053 2927/3499/3054 2922/3499/3049
f 2923/3499/3050 2925/3499/3052 2928/3499/3055
f 2926/3499/3053 2923/3499/3050 2928/3499/3055
f 2929/3499/3056 2928/3499/3055 2925/3499/3052
f 2927/3499/3054 2926/3499/3053 2930/3499/3057
f 2928/3499/3055 2930/3499/3057 2926/3499/3053
f 2931/3499/3058 2928/3499/3055 2929/3499/3056
f 2930/3499/3057 2928/3499/3055 2931/3499/3058
f 2929/3499/3056 2932/3499/3059 2931/3499/3058
f 2930/3499/3057 2933/3499/3060 2927/3499/3054
f 2931/3499/3058 2933/3499/3060 2930/3499/3057
f 2933/3499/3060 2931/3499/3058 2932/3499/3059
f 2927/3499/3054 2933/3499/3060 2934/3499/3061
f 2932/3499/3059 2929/3499/3056 2935/3499/3062
f 2936/3499/3063 2932/3499/3059 2935/3499/3062
f 2933/3499/3060 2932/3499/3059 2937/3499/3064
f 2937/3499/3064 2934/3499/3061 2933/3499/3060
f 2936/3499/3063 2937/3499/3064 2932/3499/3059
f 2937/3499/3064 2938/3499/3065 2934/3499/3061
f 2938/3499/3065 2939/3499/3066 2934/3499/3061
f 2938/3499/3065 2937/3499/3064 2940/3499/3067
f 2936/3499/3063 2940/3499/3067 2937/3499/3064
f 2941/3499/3068 2938/3499/3065 2940/3499/3067
f 2936/3499/3063 2935/3499/3062 2942/3499/3069
f 2943/3499/3070 2941/3499/3068 2940/3499/3067
f 2940/3499/3067 2936/3499/3063 2943/3499/3070
f 2941/3499/3068 2943/3499/3070 2944/3499/3071
f 2945/3499/3072 2943/3499/3070 2936/3499/3063
f 2945/3499/3072 2944/3499/3071 2943/3499/3070
f 2942/3499/3069 2945/3499/3072 2936/3499/3063
f 2944/3499/3071 2945/3499/3072 2946/3499/3073
f 2942/3499/3069 2947/3499/3074 2945/3499/3072
f 2947/3499/3074 2946/3499/3073 2945/3499/3072
f 2947/3499/3074 2942/3499/3069 2948/3499/3075
f 2946/3499/3073 2947/3499/3074 2949/3499/3076
f 2950/3499/3077 2947/3499/3074 2948/3499/3075
f 2951/3499/3078 2949/3499/3076 2947/3499/3074
f 2947/3499/3074 2950/3499/3077 2951/3499/3078
f 2949/3499/3076 2951/3499/3078 2952/3499/3079
f 2953/3499/3080 2951/3499/3078 2950/3499/3077
f 2954/3499/3081 2952/3499/3079 2951/3499/3078
f 2951/3499/3078 2953/3499/3080 2954/3499/3081
f 2955/3499/3082 2956/3499/3083 2957/3499/3084
f 2956/3499/3083 2958/3499/3085 2957/3499/3084
f 2955/3499/3082 2959/3499/3086 2956/3499/3083
f 2959/3499/3086 2955/3499/3082 2960/3499/3087
f 2959/3499/3086 2960/3499/3087 2961/3499/3088
f 2961/3499/3088 2962/3499/3089 2959/3499/3086
f 2963/3499/3090 2964/3499/3091 2965/3499/3092
f 2966/3499/3093 2964/3499/3091 2963/3499/3090
f 2967/3499/3094 2965/3499/3092 2964/3499/3091
f 2965/3499/3092 2967/3499/3094 2968/3499/3095
f 2969/3499/3096 2968/3499/3095 2967/3499/3094
f 2970/3499/3097 2969/3499/3096 2967/3499/3094
f 2971/3499/3098 2972/3499/3099 2973/3499/3100
f 2973/3499/3100 2974/3499/3101 2971/3499/3098
f 2975/3499/3102 2972/3499/3099 2971/3499/3098
f 2972/3499/3099 2975/3499/3102 2976/3499/3103
f 2976/3499/3103 2975/3499/3102 2977/3499/3104
f 2977/3499/3104 2975/3499/3102 2978/3499/3105
f 2979/3499/3106 2980/3499/3107 2981/3499/3108
f 2980/3499/3107 2982/3499/3109 2981/3499/3108
f 2979/3499/3106 2983/3499/3110 2980/3499/3107
f 2983/3499/3110 2979/3499/3106 2984/3499/3111
f 2985/3499/3112 2983/3499/3110 2984/3499/3111
f 2986/3499/3113 2983/3499/3110 2985/3499/3112
f 2987/3499/3114 2988/3499/3115 2989/3499/3116
f 2988/3499/3115 2987/3499/3114 2990/3499/3117
f 2987/3499/3114 2989/3499/3116 2991/3499/3118
f 2988/3499/3115 2990/3499/3117 2992/3499/3119
f 2992/3499/3119 2990/3499/3117 2993/3499/3120
f 2994/3499/3121 2988/3499/3115 2992/3499/3119
f 2988/3499/3115 2994/3499/3121 2995/3499/3122
f 2995/3499/3122 2989/3499/3116 2988/3499/3115
f 2996/3499/3123 2995/3499/3122 2994/3499/3121
f 2995/3499/3122 2996/3499/3123 2997/3499/3124
f 2998/3499/3125 2997/3499/3124 2996/3499/3123
f 2997/3499/3124 2998/3499/3125 2999/3499/3126
f 2998/3499/3125 3000/3499/3127 2999/3499/3126
f 3001/3499/3128 2995/3499/3122 2997/3499/3124
f 2989/3499/3116 2995/3499/3122 3001/3499/3128
f 2999/3499/3126 3000/3499/3127 3002/3499/3129
f 3003/3499/3130 3002/3499/3129 3000/3499/3127
f 2999/3499/3126 3002/3499/3129 3004/3499/3131
f 3005/3499/3132 3006/3499/3133 3004/3499/3134
f 3007/3499/3135 2989/3499/3116 3001/3499/3128
f 3001/3499/3128 3008/3499/3136 3007/3499/3135
f 2989/3499/3116 3007/3499/3135 3009/3499/3137
f 3009/3499/3137 2991/3499/3118 2989/3499/3116
f 3009/3499/3137 3010/3499/3138 2991/3499/3118
f 3010/3499/3138 3009/3499/3137 3011/3499/3139
f 3012/3499/3140 3009/3499/3137 3007/3499/3135
f 3012/3499/3140 3013/3499/3141 3009/3499/3137
f 3014/3499/3142 3012/3499/3140 3007/3499/3135
f 3012/3499/3140 3014/3499/3142 3015/3499/3143
f 3015/3499/3143 3014/3499/3142 3016/3499/3144
f 3014/3499/3142 3017/3499/3145 3016/3499/3144
f 3016/3499/3144 3017/3499/3145 3018/3499/3146
f 3017/3499/3145 3019/3499/3147 3018/3499/3146
f 3008/3499/3136 3001/3499/3128 3020/3499/3148
f 3001/3499/3128 3021/3499/3149 3020/3499/3148
f 3022/3499/3150 3020/3499/3148 3021/3499/3149
f 3023/3499/3151 3008/3499/3136 3020/3499/3148
f 3020/3499/3148 3022/3499/3150 3023/3499/3151
f 3008/3499/3136 3023/3499/3151 3024/3499/3152
f 3023/3499/3151 3022/3499/3150 3025/3499/3153
f 3024/3499/3152 3023/3499/3151 3026/3499/3154
f 3026/3499/3154 3023/3499/3151 3025/3499/3153
f 3027/3499/3155 3028/3499/3156 3029/3499/3157
f 3030/3499/3158 3029/3499/3157 3031/3499/3159
f 3031/3499/3159 3029/3499/3157 3028/3499/3156
f 3031/3499/3159 3028/3499/3156 3032/3499/3160
f 3028/3499/3156 3027/3499/3155 3033/3499/3161
f 3032/3499/3160 3028/3499/3156 3034/3499/3162
f 3033/3499/3161 3034/3499/3162 3028/3499/3156
f 3034/3499/3162 3035/3499/3163 3032/3499/3160
f 3033/3499/3161 3027/3499/3155 3036/3499/3164
f 3035/3499/3163 3034/3499/3162 3037/3499/3165
f 3037/3499/3165 3038/3499/3166 3035/3499/3163
f 3038/3499/3166 3037/3499/3165 3039/3499/3167
f 3040/3499/3168 3037/3499/3165 3034/3499/3162
f 3034/3499/3162 3033/3499/3161 3040/3499/3168
f 3039/3499/3167 3041/3499/3169 3038/3499/3166
f 3041/3499/3169 3039/3499/3167 3042/3499/3170
f 3043/3499/3171 3041/3499/3169 3042/3499/3170
f 3044/3499/3172 3045/3499/3173 3039/3499/3174
f 3045/3499/3173 3044/3499/3172 3046/3499/3175
f 3036/3499/3164 3047/3499/3176 3033/3499/3161
f 3048/3499/3177 3047/3499/3176 3036/3499/3164
f 3047/3499/3176 3048/3499/3177 3049/3499/3178
f 3050/3499/3179 3033/3499/3161 3047/3499/3176
f 3033/3499/3161 3050/3499/3179 3040/3499/3168
f 3051/3499/3180 3050/3499/3179 3047/3499/3176
f 3047/3499/3176 3052/3499/3181 3051/3499/3180
f 3051/3499/3180 3053/3499/3182 3050/3499/3179
f 3053/3499/3182 3051/3499/3180 3054/3499/3183
f 3055/3499/3184 3053/3499/3182 3054/3499/3183
f 3055/3499/3184 3056/3499/3185 3053/3499/3182
f 3057/3499/3186 3056/3499/3185 3055/3499/3184
f 3057/3499/3186 3058/3499/3187 3056/3499/3185
f 3059/3499/3188 3040/3499/3168 3050/3499/3179
f 3060/3499/3189 3040/3499/3168 3059/3499/3188
f 3040/3499/3168 3060/3499/3189 3061/3499/3190
f 3060/3499/3189 3062/3499/3191 3061/3499/3190
f 3059/3499/3188 3063/3499/3192 3060/3499/3189
f 3062/3499/3191 3060/3499/3189 3063/3499/3192
f 3063/3499/3192 3059/3499/3188 3064/3499/3193
f 3063/3499/3192 3065/3499/3194 3062/3499/3191
f 3066/3499/3195 3063/3499/3192 3064/3499/3193
f 3065/3499/3194 3063/3499/3192 3066/3499/3195
f 3067/3499/3196 3068/3499/3197 3069/3499/3198
f 3068/3499/3197 3067/3499/3196 3070/3499/3199
f 3071/3499/3200 3069/3499/3198 3068/3499/3197
f 3067/3499/3196 3072/3499/3201 3070/3499/3199
f 3072/3499/3201 3073/3499/3202 3070/3499/3199
f 3074/3499/3203 3072/3499/3201 3067/3499/3196
f 3075/3499/3204 3074/3499/3203 3067/3499/3196
f 3069/3499/3198 3075/3499/3204 3067/3499/3196
f 3076/3499/3205 3074/3499/3203 3075/3499/3204
f 3075/3499/3204 3077/3499/3206 3076/3499/3205
f 3077/3499/3206 3078/3499/3207 3076/3499/3205
f 3078/3499/3207 3077/3499/3206 3079/3499/3208
f 3080/3499/3209 3077/3499/3206 3075/3499/3204
f 3075/3499/3204 3069/3499/3198 3080/3499/3209
f 3078/3499/3207 3079/3499/3208 3081/3499/3210
f 3079/3499/3208 3082/3499/3211 3081/3499/3210
f 3083/3499/3212 3081/3499/3210 3082/3499/3211
f 3084/3499/3213 3085/3499/3214 3079/3499/3215
f 3085/3499/3214 3084/3499/3213 3086/3499/3216
f 3069/3499/3198 3087/3499/3217 3080/3499/3209
f 3088/3499/3218 3080/3499/3209 3087/3499/3217
f 3087/3499/3217 3069/3499/3198 3089/3499/3219
f 3071/3499/3200 3089/3499/3219 3069/3499/3198
f 3090/3499/3220 3089/3499/3219 3071/3499/3200
f 3089/3499/3219 3090/3499/3220 3091/3499/3221
f 3089/3499/3219 3092/3499/3222 3087/3499/3217
f 3093/3499/3223 3092/3499/3222 3089/3499/3219
f 3092/3499/3222 3094/3499/3224 3087/3499/3217
f 3094/3499/3224 3092/3499/3222 3095/3499/3225
f 3096/3499/3226 3094/3499/3224 3095/3499/3225
f 3094/3499/3224 3096/3499/3226 3097/3499/3227
f 3096/3499/3226 3098/3499/3228 3097/3499/3227
f 3097/3499/3227 3098/3499/3228 3099/3499/3229
f 3088/3499/3218 3100/3499/3230 3080/3499/3209
f 3080/3499/3209 3100/3499/3230 3101/3499/3231
f 3100/3499/3230 3102/3499/3232 3101/3499/3231
f 3088/3499/3218 3103/3499/3233 3100/3499/3230
f 3102/3499/3232 3100/3499/3230 3103/3499/3233
f 3103/3499/3233 3088/3499/3218 3104/3499/3234
f 3103/3499/3233 3105/3499/3235 3102/3499/3232
f 3103/3499/3233 3104/3499/3234 3106/3499/3236
f 3103/3499/3233 3106/3499/3236 3105/3499/3235
f 3107/3499/3237 3108/3499/3238 3109/3499/3239
f 3109/3499/3239 3110/3499/3240 3111/3499/3241
f 3111/3499/3241 3107/3499/3237 3109/3499/3239
f 3107/3499/3237 3111/3499/3241 3112/3499/3242
f 3108/3499/3238 3107/3499/3237 3113/3499/3243
f 3112/3499/3242 3114/3499/3244 3107/3499/3237
f 3114/3499/3244 3113/3499/3243 3107/3499/3237
f 3115/3499/3245 3114/3499/3244 3112/3499/3242
f 3108/3499/3238 3113/3499/3243 3116/3499/3246
f 3114/3499/3244 3115/3499/3245 3117/3499/3247
f 3118/3499/3248 3117/3499/3247 3115/3499/3245
f 3117/3499/3247 3118/3499/3248 3119/3499/3249
f 3119/3499/3249 3118/3499/3248 3120/3499/3250
f 3121/3499/3251 3114/3499/3244 3117/3499/3247
f 3113/3499/3243 3114/3499/3244 3121/3499/3251
f 3120/3499/3250 3122/3499/3252 3119/3499/3249
f 3123/3499/3253 3122/3499/3252 3120/3499/3250
f 3119/3499/3249 3122/3499/3252 3124/3499/3254
f 3125/3499/3255 3126/3499/3256 3124/3499/3257
f 3127/3499/3258 3113/3499/3243 3121/3499/3251
f 3128/3499/3259 3127/3499/3258 3121/3499/3251
f 3113/3499/3243 3127/3499/3258 3129/3499/3260
f 3116/3499/3246 3113/3499/3243 3129/3499/3260
f 3129/3499/3260 3130/3499/3261 3116/3499/3246
f 3130/3499/3261 3129/3499/3260 3131/3499/3262
f 3127/3499/3258 3132/3499/3263 3129/3499/3260
f 3129/3499/3260 3132/3499/3263 3133/3499/3264
f 3134/3499/3265 3132/3499/3263 3127/3499/3258
f 3132/3499/3263 3134/3499/3265 3135/3499/3266
f 3134/3499/3265 3136/3499/3267 3135/3499/3266
f 3136/3499/3267 3134/3499/3265 3137/3499/3268
f 3137/3499/3268 3138/3499/3269 3136/3499/3267
f 3138/3499/3269 3137/3499/3268 3139/3499/3270
f 3140/3499/3271 3128/3499/3259 3121/3499/3251
f 3121/3499/3251 3141/3499/3272 3140/3499/3271
f 3142/3499/3273 3140/3499/3271 3141/3499/3272
f 3143/3499/3274 3128/3499/3259 3140/3499/3271
f 3140/3499/3271 3142/3499/3273 3143/3499/3274
f 3128/3499/3259 3143/3499/3274 3144/3499/3275
f 3143/3499/3274 3142/3499/3273 3145/3499/3276
f 3146/3499/3277 3144/3499/3275 3143/3499/3274
f 3146/3499/3277 3143/3499/3274 3145/3499/3276
f 3147/3499/3278 3148/3499/3279 3149/3499/3280
f 3150/3499/3281 3149/3499/3280 3148/3499/3279
f 3148/3499/3279 3147/3499/3278 3151/3499/3282
f 3149/3499/3280 3150/3499/3281 3152/3499/3283
f 3153/3499/3284 3152/3499/3283 3150/3499/3281
f 3149/3499/3280 3154/3499/3285 3147/3499/3278
f 3154/3499/3285 3149/3499/3280 3155/3499/3286
f 3152/3499/3283 3155/3499/3286 3149/3499/3280
f 3156/3499/3287 3147/3499/3278 3154/3499/3285
f 3155/3499/3286 3152/3499/3283 3157/3499/3288
f 3152/3499/3283 3158/3499/3289 3157/3499/3288
f 3152/3499/3283 3153/3499/3284 3159/3499/3290
f 3158/3499/3289 3152/3499/3283 3159/3499/3290
f 3160/3499/3291 3159/3499/3290 3153/3499/3284
f 3159/3499/3290 3161/3499/3292 3158/3499/3289
f 3159/3499/3290 3160/3499/3291 3161/3499/3292
f 3160/3499/3291 3162/3499/3293 3161/3499/3292
f 3147/3499/3278 3156/3499/3287 3163/3499/3294
f 3163/3499/3294 3151/3499/3282 3147/3499/3278
f 3164/3499/3295 3163/3499/3294 3156/3499/3287
f 3151/3499/3282 3163/3499/3294 3165/3499/3296
f 3166/3499/3297 3165/3499/3296 3163/3499/3294
f 3163/3499/3294 3164/3499/3295 3166/3499/3297
f 3165/3499/3296 3166/3499/3297 3167/3499/3298
f 3164/3499/3295 3168/3499/3299 3166/3499/3297
f 3166/3499/3297 3168/3499/3299 3167/3499/3298
f 3168/3499/3299 3164/3499/3295 3169/3499/3300
f 3167/3499/3298 3168/3499/3299 3170/3499/3301
f 3169/3499/3300 3171/3499/3302 3168/3499/3299
f 3168/3499/3299 3171/3499/3302 3170/3499/3301
f 3171/3499/3302 3169/3499/3300 3172/3499/3303
f 3170/3499/3301 3171/3499/3302 3173/3499/3304
f 3171/3499/3302 3172/3499/3303 3174/3499/3305
f 3171/3499/3302 3174/3499/3305 3175/3499/3306
f 3173/3499/3304 3171/3499/3302 3176/3499/3307
f 3171/3499/3302 3175/3499/3306 3176/3499/3307
f 3175/3499/3306 3174/3499/3305 3177/3499/3308
f 3176/3499/3307 3175/3499/3306 3177/3499/3308
f 3174/3499/3305 3178/3499/3309 3177/3499/3308
f 3179/3499/3310 3177/3499/3308 3178/3499/3309
f 3177/3499/3308 3180/3499/3311 3176/3499/3307
f 3181/3499/3312 3173/3499/3304 3176/3499/3307
f 3176/3499/3307 3180/3499/3311 3181/3499/3312
f 3173/3499/3304 3181/3499/3312 3182/3499/3313
f 3181/3499/3312 3183/3499/3314 3182/3499/3313
f 3183/3499/3314 3181/3499/3312 3184/3499/3315
f 3181/3499/3312 3185/3499/3316 3184/3499/3315
f 3185/3499/3316 3181/3499/3312 3186/3499/3317
f 3181/3499/3312 3180/3499/3311 3186/3499/3317
f 3180/3499/3311 3177/3499/3308 3187/3499/3318
f 3187/3499/3318 3177/3499/3308 3188/3499/3319
f 3177/3499/3308 3179/3499/3310 3188/3499/3319
f 3188/3499/3319 3189/3499/3320 3187/3499/3318
f 3190/3499/3321 3188/3499/3319 3179/3499/3310
f 3189/3499/3320 3188/3499/3319 3191/3499/3322
f 3188/3499/3319 3190/3499/3321 3191/3499/3322
f 3191/3499/3322 3192/3499/3323 3189/3499/3320
f 3190/3499/3321 3193/3499/3324 3191/3499/3322
f 3192/3499/3323 3191/3499/3322 3193/3499/3324
f 3193/3499/3324 3190/3499/3321 3194/3499/3325
f 3193/3499/3324 3195/3499/3326 3192/3499/3323
f 3194/3499/3325 3196/3499/3327 3193/3499/3324
f 3195/3499/3326 3193/3499/3324 3196/3499/3327
f 3196/3499/3327 3194/3499/3325 3197/3499/3328
f 3196/3499/3327 3198/3499/3329 3195/3499/3326
f 3197/3499/3328 3199/3499/3330 3196/3499/3327
f 3198/3499/3329 3196/3499/3327 3199/3499/3330
f 3199/3499/3330 3197/3499/3328 3200/3499/3331
f 3199/3499/3330 3201/3499/3332 3198/3499/3329
f 3200/3499/3331 3202/3499/3333 3199/3499/3330
f 3201/3499/3332 3199/3499/3330 3202/3499/3333
f 3202/3499/3333 3200/3499/3331 3203/3499/3334
f 3202/3499/3333 3204/3499/3335 3201/3499/3332
f 3202/3499/3333 3203/3499/3334 3205/3499/3336
f 3204/3499/3335 3202/3499/3333 3206/3499/3337
f 3202/3499/3333 3205/3499/3336 3206/3499/3337
f 3206/3499/3337 3207/3499/3338 3204/3499/3335
f 3206/3499/3337 3205/3499/3336 3208/3499/3339
f 3207/3499/3338 3206/3499/3337 3208/3499/3339
f 3207/3499/3338 3208/3499/3339 3209/3499/3340
f 3210/3499/3341 3211/3499/3342 3212/3499/3343
f 3211/3499/3342 3210/3499/3341 3213/3499/3344
f 3212/3499/3343 3214/3499/3345 3210/3499/3341
f 3215/3499/3346 3212/3499/3343 3211/3499/3342
f 3211/3499/3342 3216/3499/3347 3215/3499/3346
f 3212/3499/3343 3215/3499/3346 3217/3499/3348
f 3213/3499/3344 3218/3499/3349 3211/3499/3342
f 3216/3499/3347 3211/3499/3342 3218/3499/3349
f 3218/3499/3349 3213/3499/3344 3219/3499/3350
f 3218/3499/3349 3220/3499/3351 3216/3499/3347
f 3217/3499/3348 3221/3499/3352 3212/3499/3343
f 3214/3499/3345 3212/3499/3343 3221/3499/3352
f 3221/3499/3352 3217/3499/3348 3222/3499/3353
f 3221/3499/3352 3223/3499/3354 3214/3499/3345
f 3221/3499/3352 3222/3499/3353 3224/3499/3355
f 3223/3499/3354 3221/3499/3352 3225/3499/3356
f 3221/3499/3352 3224/3499/3355 3225/3499/3356
f 3225/3499/3356 3226/3499/3357 3223/3499/3354
f 3225/3499/3356 3224/3499/3355 3227/3499/3358
f 3226/3499/3357 3225/3499/3356 3227/3499/3358
f 3226/3499/3357 3227/3499/3358 3228/3499/3359
f 3219/3499/3350 3229/3499/3360 3218/3499/3349
f 3220/3499/3351 3218/3499/3349 3229/3499/3360
f 3229/3499/3360 3219/3499/3350 3230/3499/3361
f 3231/3499/3362 3220/3499/3351 3229/3499/3360
f 3230/3499/3361 3231/3499/3362 3229/3499/3360
f 3220/3499/3351 3231/3499/3362 3232/3499/3363
f 3230/3499/3361 3233/3499/3364 3231/3499/3362
f 3234/3499/3365 3232/3499/3363 3231/3499/3362
f 3233/3499/3364 3234/3499/3365 3231/3499/3362
f 3232/3499/3363 3234/3499/3365 3235/3499/3366
f 3233/3499/3364 3236/3499/3367 3234/3499/3365
f 3234/3499/3365 3237/3499/3368 3235/3499/3366
f 3237/3499/3368 3234/3499/3365 3238/3499/3369
f 3236/3499/3367 3239/3499/3370 3234/3499/3365
f 3234/3499/3365 3239/3499/3370 3238/3499/3369
f 3238/3499/3369 3240/3499/3371 3237/3499/3368
f 3239/3499/3370 3240/3499/3371 3238/3499/3369
f 3237/3499/3368 3240/3499/3371 3241/3499/3372
f 3240/3499/3371 3242/3499/3373 3241/3499/3372
f 3240/3499/3371 3239/3499/3370 3243/3499/3374
f 3244/3499/3375 3239/3499/3370 3236/3499/3367
f 3243/3499/3374 3239/3499/3370 3244/3499/3375
f 3245/3499/3376 3244/3499/3375 3236/3499/3367
f 3240/3499/3371 3243/3499/3374 3246/3499/3377
f 3247/3499/3378 3244/3499/3375 3245/3499/3376
f 3243/3499/3374 3244/3499/3375 3248/3499/3379
f 3244/3499/3375 3247/3499/3378 3249/3499/3380
f 3244/3499/3375 3250/3499/3381 3248/3499/3379
f 3250/3499/3381 3244/3499/3375 3249/3499/3380
f 3240/3499/3371 3246/3499/3377 3251/3499/3382
f 3242/3499/3373 3240/3499/3371 3251/3499/3382
f 3251/3499/3382 3246/3499/3377 3252/3499/3383
f 3251/3499/3382 3253/3499/3384 3242/3499/3373
f 3251/3499/3382 3252/3499/3383 3254/3499/3385
f 3253/3499/3384 3251/3499/3382 3254/3499/3385
f 3255/3499/3386 3254/3499/3385 3252/3499/3383
f 3256/3499/3387 3253/3499/3384 3254/3499/3385
f 3254/3499/3385 3255/3499/3386 3256/3499/3387
f 3253/3499/3384 3256/3499/3387 3257/3499/3388
f 3258/3499/3389 3256/3499/3387 3255/3499/3386
f 3259/3499/3390 3257/3499/3388 3256/3499/3387
f 3256/3499/3387 3258/3499/3389 3259/3499/3390
f 3257/3499/3388 3259/3499/3390 3260/3499/3391
f 3261/3499/3392 3259/3499/3390 3258/3499/3389
f 3262/3499/3393 3260/3499/3391 3259/3499/3390
f 3259/3499/3390 3261/3499/3392 3262/3499/3393
f 3260/3499/3391 3262/3499/3393 3263/3499/3394
f 3264/3499/3395 3262/3499/3393 3261/3499/3392
f 3265/3499/3396 3263/3499/3394 3262/3499/3393
f 3262/3499/3393 3264/3499/3395 3265/3499/3396
f 3263/3499/3394 3265/3499/3396 3266/3499/3397
f 3267/3499/3398 3265/3499/3396 3264/3499/3395
f 3266/3499/3397 3265/3499/3396 3268/3499/3399
f 3265/3499/3396 3267/3499/3398 3269/3499/3400
f 3269/3499/3400 3268/3499/3399 3265/3499/3396
f 3270/3499/3401 3269/3499/3400 3267/3499/3398
f 3269/3499/3400 3271/3499/3402 3268/3499/3399
f 3269/3499/3400 3270/3499/3401 3271/3499/3402
f 3270/3499/3401 3272/3499/3403 3271/3499/3402
f 3273/3499/3404 3274/3499/3405 3275/3499/3406
f 3274/3499/3405 3273/3499/3404 3276/3499/3407
f 3277/3499/3408 3275/3499/3406 3274/3499/3405
f 3277/3499/3408 3274/3499/3405 3278/3499/3409
f 3279/3499/3410 3277/3499/3408 3278/3499/3409
f 3277/3499/3408 3279/3499/3410 3280/3499/3411
f 3281/3499/3412 3282/3499/3413 3283/3499/3414
f 3282/3499/3413 3281/3499/3412 3284/3499/3415
f 3283/3499/3414 3285/3499/3416 3281/3499/3412
f 3286/3499/3417 3281/3499/3412 3285/3499/3416
f 3285/3499/3416 3287/3499/3418 3286/3499/3417
f 3287/3499/3418 3285/3499/3416 3288/3499/3419
f 3289/3499/3420 3290/3499/3421 3291/3499/3422
f 3290/3499/3421 3289/3499/3420 3292/3499/3423
f 3293/3499/3424 3290/3499/3421 3292/3499/3423
f 3290/3499/3421 3293/3499/3424 3294/3499/3425
f 3293/3499/3424 3295/3499/3426 3294/3499/3425
f 3295/3499/3426 3293/3499/3424 3296/3499/3427
f 3297/3499/3428 3298/3499/3429 3299/3499/3430
f 3298/3499/3429 3297/3499/3428 3300/3499/3431
f 3298/3499/3429 3301/3499/3432 3299/3499/3430
f 3301/3499/3432 3298/3499/3429 3302/3499/3433
f 3303/3499/3434 3301/3499/3432 3302/3499/3433
f 3301/3499/3432 3303/3499/3434 3304/3499/3435
f 3305/3499/3436 3306/3499/3437 3307/3499/3438
f 3308/3499/3439 3307/3499/3438 3306/3499/3437
f 3309/3499/3440 3308/3499/3439 3306/3499/3437
f 3308/3499/3439 3309/3499/3440 3310/3499/3441
f 3311/3499/3442 3305/3499/3436 3307/3499/3438
f 3305/3499/3436 3311/3499/3442 3312/3499/3443
f 3311/3499/3442 3313/3499/3444 3312/3499/3443
f 3313/3499/3444 3311/3499/3442 3314/3499/3445
f 3315/3499/3446 3313/3499/3444 3314/3499/3445
f 3315/3499/3446 3314/3499/3445 3316/3499/3447
f 3317/3499/3448 3315/3499/3446 3316/3499/3447
f 3316/3499/3447 3318/3499/3449 3317/3499/3448
f 3317/3499/3448 3318/3499/3449 3319/3499/3450
f 3318/3499/3449 3320/3499/3451 3319/3499/3450
f 3319/3499/3450 3320/3499/3451 3321/3499/3452
f 3320/3499/3451 3322/3499/3453 3321/3499/3452
f 3321/3499/3452 3322/3499/3453 3323/3499/3454
f 3321/3499/3452 3323/3499/3454 3324/3499/3455
f 3323/3499/3454 3325/3499/3456 3324/3499/3455
f 3325/3499/3456 3326/3499/3457 3324/3499/3455
f 3326/3499/3457 3325/3499/3456 3327/3499/3458
f 3328/3499/3459 3329/3499/3460 3330/3499/3461
f 3328/3499/3459 3330/3499/3461 3331/3499/3462
f 3331/3499/3462 3332/3499/3463 3328/3499/3459
f 3332/3499/3463 3331/3499/3462 3333/3499/3464
f 3329/3499/3460 3334/3499/3465 3330/3499/3461
f 3334/3499/3465 3329/3499/3460 3335/3499/3466
f 3336/3499/3467 3334/3499/3465 3335/3499/3466
f 3337/3499/3468 3334/3499/3465 3336/3499/3467
f 3336/3499/3467 3338/3499/3469 3337/3499/3468
f 3339/3499/3470 3337/3499/3468 3338/3499/3469
f 3339/3499/3470 3338/3499/3469 3340/3499/3471
f 3341/3499/3472 3339/3499/3470 3340/3499/3471
f 3341/3499/3472 3340/3499/3471 3342/3499/3473
f 3343/3499/3474 3341/3499/3472 3342/3499/3473
f 3344/3499/3475 3343/3499/3474 3342/3499/3473
f 3344/3499/3475 3345/3499/3476 3343/3499/3474
f 3344/3499/3475 3346/3499/3477 3345/3499/3476
f 3346/3499/3477 3344/3499/3475 3347/3499/3478
f 3346/3499/3477 3347/3499/3478 3348/3499/3479
f 3349/3499/3480 3348/3499/3479 3347/3499/3478
f 3349/3499/3480 3350/3499/3481 3348/3499/3479
f 3351/3499/3482 3352/3499/3483 3353/3499/3484
f 3352/3499/3483 3354/3499/3485 3353/3499/3484
f 3354/3499/3485 3352/3499/3483 3355/3499/3486
f 3351/3499/3482 3353/3499/3484 3356/3499/3487
f 3356/3499/3487 3357/3499/3488 3351/3499/3482
f 3357/3499/3488 3356/3499/3487 3358/3499/3489
f 3357/3499/3488 3358/3499/3489 3359/3499/3490
f 3360/3499/3491 3357/3499/3488 3359/3499/3490
f 3360/3499/3491 3359/3499/3490 3361/3499/3492
f 3361/3499/3492 3362/3499/3493 3360/3499/3491
f 3363/3499/3494 3362/3499/3493 3361/3499/3492
f 3363/3499/3494 3364/3499/3495 3362/3499/3493
f 3365/3499/3496 3364/3499/3495 3363/3499/3494
f 3364/3499/3495 3365/3499/3496 3366/3499/3497
f 3367/3499/3498 3366/3499/3497 3365/3499/3496
f 3367/3499/3498 3368/3499/3499 3366/3499/3497
f 3368/3499/3499 3367/3499/3498 3369/3499/3500
f 3370/3499/3501 3369/3499/3500 3367/3499/3498
f 3369/3499/3500 3370/3499/3501 3371/3499/3502
f 3370/3499/3501 3372/3499/3503 3371/3499/3502
f 3372/3499/3503 3373/3499/3504 3371/3499/3502
f 3374/3499/3505 3375/3499/3506 3376/3499/3507
f 3375/3499/3506 3374/3499/3505 3377/3499/3508
f 3378/3499/3509 3377/3499/3508 3374/3499/3505
f 3377/3499/3508 3378/3499/3509 3379/3499/3510
f 3380/3499/3511 3376/3499/3507 3375/3499/3506
f 3376/3499/3507 3380/3499/3511 3381/3499/3512
f 3382/3499/3513 3381/3499/3512 3380/3499/3511
f 3380/3499/3511 3383/3499/3514 3382/3499/3513
f 3382/3499/3513 3383/3499/3514 3384/3499/3515
f 3383/3499/3514 3385/3499/3516 3384/3499/3515
f 3385/3499/3516 3386/3499/3517 3384/3499/3515
f 3387/3499/3518 3386/3499/3517 3385/3499/3516
f 3387/3499/3518 3388/3499/3519 3386/3499/3517
f 3388/3499/3519 3387/3499/3518 3389/3499/3520
f 3389/3499/3520 3390/3499/3521 3388/3499/3519
f 3391/3499/3522 3390/3499/3521 3389/3499/3520
f 3392/3499/3523 3390/3499/3521 3391/3499/3522
f 3392/3499/3523 3393/3499/3524 3390/3499/3521
f 3393/3499/3524 3392/3499/3523 3394/3499/3525
f 3394/3499/3525 3395/3499/3526 3393/3499/3524
f 3395/3499/3526 3394/3499/3525 3396/3499/3527
f 3397/3499/3528 3398/3499/3529 3399/3499/3530
f 3398/3499/3529 3397/3499/3528 3400/3499/3531
f 3398/3499/3529 3400/3499/3531 3401/3499/3532
f 3399/3499/3530 3402/3499/3533 3397/3499/3528
f 3403/3499/3534 3398/3499/3529 3401/3499/3532
f 3404/3499/3535 3403/3499/3534 3401/3499/3532
f 3404/3499/3535 3405/3499/3536 3403/3499/3534
f 3403/3499/3534 3406/3499/3537 3398/3499/3529
f 3405/3499/3536 3406/3499/3537 3403/3499/3534
f 3399/3499/3530 3398/3499/3529 3406/3499/3537
f 3405/3499/3536 3407/3499/3538 3406/3499/3537
f 3406/3499/3537 3407/3499/3538 3399/3499/3530
f 3407/3499/3538 3405/3499/3536 3408/3499/3539
f 3402/3499/3533 3399/3499/3530 3409/3499/3540
f 3399/3499/3530 3407/3499/3538 3409/3499/3540
f 3409/3499/3540 3410/3499/3541 3402/3499/3533
f 3410/3499/3541 3409/3499/3540 3411/3499/3542
f 3407/3499/3538 3411/3499/3542 3409/3499/3540
f 3411/3499/3542 3412/3499/3543 3410/3499/3541
f 3412/3499/3543 3411/3499/3542 3413/3499/3544
f 3411/3499/3542 3407/3499/3538 3414/3499/3545
f 3414/3499/3545 3413/3499/3544 3411/3499/3542
f 3408/3499/3539 3414/3499/3545 3407/3499/3538
f 3413/3499/3544 3414/3499/3545 3415/3499/3546
f 3414/3499/3545 3408/3499/3539 3416/3499/3547
f 3416/3499/3547 3415/3499/3546 3414/3499/3545
f 3415/3499/3546 3416/3499/3547 3417/3499/3548
f 3418/3499/3549 3419/3499/3550 3420/3499/3551
f 3419/3499/3550 3421/3499/3552 3420/3499/3551
f 3419/3499/3550 3418/3499/3549 3422/3499/3553
f 3423/3499/3554 3422/3499/3553 3418/3499/3549
f 3424/3499/3555 3421/3499/3552 3419/3499/3550
f 3425/3499/3556 3421/3499/3552 3424/3499/3555
f 3426/3499/3557 3425/3499/3556 3424/3499/3555
f 3427/3499/3558 3424/3499/3555 3419/3499/3550
f 3424/3499/3555 3427/3499/3558 3426/3499/3557
f 3419/3499/3550 3422/3499/3553 3427/3499/3558
f 3428/3499/3559 3426/3499/3557 3427/3499/3558
f 3422/3499/3553 3428/3499/3559 3427/3499/3558
f 3426/3499/3557 3428/3499/3559 3429/3499/3560
f 3422/3499/3553 3423/3499/3554 3430/3499/3561
f 3428/3499/3559 3422/3499/3553 3430/3499/3561
f 3431/3499/3562 3430/3499/3561 3423/3499/3554
f 3430/3499/3561 3431/3499/3562 3432/3499/3563
f 3432/3499/3563 3428/3499/3559 3430/3499/3561
f 3433/3499/3564 3432/3499/3563 3431/3499/3562
f 3432/3499/3563 3433/3499/3564 3434/3499/3565
f 3428/3499/3559 3432/3499/3563 3435/3499/3566
f 3434/3499/3565 3435/3499/3566 3432/3499/3563
f 3435/3499/3566 3429/3499/3560 3428/3499/3559
f 3435/3499/3566 3434/3499/3565 3436/3499/3567
f 3429/3499/3560 3435/3499/3566 3437/3499/3568
f 3436/3499/3567 3437/3499/3568 3435/3499/3566
f 3437/3499/3568 3436/3499/3567 3438/3499/3569
f 3439/3499/3570 3440/3499/3571 3441/3499/3572
f 3440/3499/3571 3439/3499/3570 3442/3499/3573
f 3439/3499/3570 3443/3499/3574 3442/3499/3573
f 3444/3499/3575 3441/3499/3572 3440/3499/3571
f 3445/3499/3576 3443/3499/3574 3439/3499/3570
f 3446/3499/3577 3443/3499/3574 3445/3499/3576
f 3445/3499/3576 3447/3499/3578 3446/3499/3577
f 3439/3499/3570 3448/3499/3579 3445/3499/3576
f 3447/3499/3578 3445/3499/3576 3448/3499/3579
f 3448/3499/3579 3439/3499/3570 3441/3499/3572
f 3449/3499/3580 3447/3499/3578 3448/3499/3579
f 3449/3499/3580 3448/3499/3579 3441/3499/3572
f 3447/3499/3578 3449/3499/3580 3450/3499/3581
f 3441/3499/3572 3444/3499/3575 3451/3499/3582
f 3441/3499/3572 3451/3499/3582 3449/3499/3580
f 3452/3499/3583 3451/3499/3582 3444/3499/3575
f 3451/3499/3582 3452/3499/3583 3453/3499/3584
f 3453/3499/3584 3449/3499/3580 3451/3499/3582
f 3454/3499/3585 3453/3499/3584 3452/3499/3583
f 3453/3499/3584 3454/3499/3585 3455/3499/3586
f 3449/3499/3580 3453/3499/3584 3456/3499/3587
f 3455/3499/3586 3456/3499/3587 3453/3499/3584
f 3456/3499/3587 3450/3499/3581 3449/3499/3580
f 3456/3499/3587 3455/3499/3586 3457/3499/3588
f 3450/3499/3581 3456/3499/3587 3458/3499/3589
f 3457/3499/3588 3458/3499/3589 3456/3499/3587
f 3458/3499/3589 3457/3499/3588 3459/3499/3590
f 3460/3499/3591 3461/3499/3592 3462/3499/3593
f 3461/3499/3592 3460/3499/3591 3463/3499/3594
f 3461/3499/3592 3463/3499/3594 3464/3499/3595
f 3462/3499/3593 3465/3499/3596 3460/3499/3591
f 3466/3499/3597 3461/3499/3592 3464/3499/3595
f 3467/3499/3598 3466/3499/3597 3464/3499/3595
f 3468/3499/3599 3466/3499/3597 3467/3499/3598
f 3469/3499/3600 3461/3499/3592 3466/3499/3597
f 3466/3499/3597 3468/3499/3599 3469/3499/3600
f 3462/3499/3593 3461/3499/3592 3469/3499/3600
f 3468/3499/3599 3470/3499/3601 3469/3499/3600
f 3470/3499/3601 3462/3499/3593 3469/3499/3600
f 3470/3499/3601 3468/3499/3599 3471/3499/3602
f 3465/3499/3596 3462/3499/3593 3472/3499/3603
f 3472/3499/3603 3462/3499/3593 3470/3499/3601
f 3472/3499/3603 3473/3499/3604 3465/3499/3596
f 3473/3499/3604 3472/3499/3603 3474/3499/3605
f 3470/3499/3601 3474/3499/3605 3472/3499/3603
f 3474/3499/3605 3475/3499/3606 3473/3499/3604
f 3475/3499/3606 3474/3499/3605 3476/3499/3607
f 3474/3499/3605 3470/3499/3601 3477/3499/3608
f 3477/3499/3608 3476/3499/3607 3474/3499/3605
f 3471/3499/3602 3477/3499/3608 3470/3499/3601
f 3476/3499/3607 3477/3499/3608 3478/3499/3609
f 3477/3499/3608 3471/3499/3602 3479/3499/3610
f 3479/3499/3610 3478/3499/3609 3477/3499/3608
f 3478/3499/3609 3479/3499/3610 3480/3499/3611
f 3481/3499/3612 3482/3499/3613 3483/3499/3614
f 3483/3499/3614 3484/3499/3615 3481/3499/3612
f 3485/3499/3616 3481/3499/3612 3484/3499/3615
f 3481/3499/3612 3485/3499/3616 3486/3499/3617
f 3487/3499/3618 3486/3499/3617 3485/3499/3616
f 3486/3499/3617 3487/3499/3618 3488/3499/3619
f 3489/3499/3620 3490/3499/3621 3491/3499/3622
f 3490/3499/3621 3492/3499/3623 3491/3499/3622
f 3491/3499/3622 3493/3499/3624 3489/3499/3620
f 3493/3499/3624 3491/3499/3622 3494/3499/3625
f 3494/3499/3625 3495/3499/3626 3493/3499/3624
f 3495/3499/3626 3494/3499/3625 3496/3499/3627
f 3497/3499/3628 3498/3499/3629 3499/3499/3630
f 3500/3499/3631 3498/3499/3629 3497/3499/3628
f 3497/3499/3628 3501/3499/3632 3500/3499/3631
f 3501/3499/3632 3497/3499/3628 3502/3499/3633
f 3502/3499/3633 3503/3499/3634 3501/3499/3632
f 3503/3499/3634 3502/3499/3633 3504/3499/3635
f 3505/3499/3636 3506/3499/3637 3507/3499/3638
f 3508/3499/3639 3506/3499/3637 3505/3499/3636
f 3509/3499/3640 3505/3499/3636 3507/3499/3638
f 3505/3499/3636 3509/3499/3640 3510/3499/3641
f 3511/3499/3642 3510/3499/3641 3509/3499/3640
f 3510/3499/3641 3511/3499/3642 3512/3499/3643
f 3513/3499/3644 3514/3499/3645 3515/3499/3646
f 3514/3499/3645 3513/3499/3644 3516/3499/3647
f 3517/3499/3648 3515/3499/3646 3514/3499/3645
f 3518/3499/3649 3515/3499/3646 3517/3499/3648
f 3514/3499/3645 3519/3499/3650 3517/3499/3648
f 3520/3499/3651 3514/3499/3645 3516/3499/3647
f 3519/3499/3650 3514/3499/3645 3520/3499/3651
f 3516/3499/3647 3521/3499/3652 3520/3499/3651
f 3520/3499/3651 3522/3499/3653 3519/3499/3650
f 3523/3499/3654 3520/3499/3651 3521/3499/3652
f 3522/3499/3653 3520/3499/3651 3523/3499/3654
f 3521/3499/3652 3524/3499/3655 3523/3499/3654
f 3523/3499/3654 3525/3499/3656 3522/3499/3653
f 3524/3499/3655 3526/3499/3657 3523/3499/3654
f 3526/3499/3657 3525/3499/3656 3523/3499/3654
f 3526/3499/3657 3524/3499/3655 3527/3499/3658
f 3525/3499/3656 3526/3499/3657 3528/3499/3659
f 3529/3499/3660 3526/3499/3657 3527/3499/3658
f 3529/3499/3660 3528/3499/3659 3526/3499/3657
f 3527/3499/3658 3530/3499/3661 3529/3499/3660
f 3528/3499/3659 3529/3499/3660 3531/3499/3662
f 3530/3499/3661 3532/3499/3663 3529/3499/3660
f 3531/3499/3662 3529/3499/3660 3532/3499/3663
f 3532/3499/3663 3530/3499/3661 3533/3499/3664
f 3532/3499/3663 3534/3499/3665 3531/3499/3662
f 3532/3499/3663 3535/3499/3666 3534/3499/3665
f 3536/3499/3667 3534/3499/3665 3535/3499/3666
f 3537/3499/3668 3536/3499/3667 3535/3499/3666
f 3535/3499/3666 3532/3499/3663 3538/3499/3669
f 3533/3499/3664 3538/3499/3669 3532/3499/3663
f 3538/3499/3669 3533/3499/3664 3539/3499/3670
f 3540/3499/3671 3539/3499/3670 3533/3499/3664
f 3539/3499/3670 3540/3499/3671 3541/3499/3672
f 3542/3499/3673 3543/3499/3674 3544/3499/3675
f 3543/3499/3674 3542/3499/3673 3545/3499/3676
f 3543/3499/3674 3545/3499/3676 3546/3499/3677
f 3546/3499/3677 3545/3499/3676 3547/3499/3678
f 3548/3499/3679 3543/3499/3674 3546/3499/3677
f 3544/3499/3675 3543/3499/3674 3549/3499/3680
f 3543/3499/3674 3548/3499/3679 3549/3499/3680
f 3550/3499/3681 3544/3499/3675 3549/3499/3680
f 3551/3499/3682 3549/3499/3680 3548/3499/3679
f 3550/3499/3681 3549/3499/3680 3552/3499/3683
f 3549/3499/3680 3551/3499/3682 3552/3499/3683
f 3553/3499/3684 3550/3499/3681 3552/3499/3683
f 3551/3499/3682 3554/3499/3685 3552/3499/3683
f 3555/3499/3686 3553/3499/3684 3552/3499/3683
f 3554/3499/3685 3555/3499/3686 3552/3499/3683
f 3553/3499/3684 3555/3499/3686 3556/3499/3687
f 3555/3499/3686 3554/3499/3685 3557/3499/3688
f 3558/3499/3689 3556/3499/3687 3555/3499/3686
f 3557/3499/3688 3558/3499/3689 3555/3499/3686
f 3559/3499/3690 3556/3499/3687 3558/3499/3689
f 3558/3499/3689 3557/3499/3688 3560/3499/3691
f 3561/3499/3692 3559/3499/3690 3558/3499/3689
f 3561/3499/3692 3558/3499/3689 3560/3499/3691
f 3559/3499/3690 3561/3499/3692 3562/3499/3693
f 3563/3499/3694 3561/3499/3692 3560/3499/3691
f 3564/3499/3695 3561/3499/3692 3563/3499/3694
f 3564/3499/3695 3563/3499/3694 3565/3499/3696
f 3566/3499/3697 3564/3499/3695 3565/3499/3696
f 3561/3499/3692 3564/3499/3695 3567/3499/3698
f 3567/3499/3698 3562/3499/3693 3561/3499/3692
f 3562/3499/3693 3567/3499/3698 3568/3499/3699
f 3569/3499/3700 3562/3499/3693 3568/3499/3699
f 3568/3499/3699 3570/3499/3701 3569/3499/3700
f 3571/3499/3702 3572/3499/3703 3573/3499/3704
f 3572/3499/3703 3571/3499/3702 3574/3499/3705
f 3575/3499/3706 3572/3499/3703 3574/3499/3705
f 3576/3499/3707 3575/3499/3706 3574/3499/3705
f 3577/3499/3708 3572/3499/3703 3575/3499/3706
f 3572/3499/3703 3578/3499/3709 3573/3499/3704
f 3572/3499/3703 3577/3499/3708 3578/3499/3709
f 3579/3499/3710 3573/3499/3704 3578/3499/3709
f 3580/3499/3711 3578/3499/3709 3577/3499/3708
f 3578/3499/3709 3581/3499/3712 3579/3499/3710
f 3578/3499/3709 3580/3499/3711 3581/3499/3712
f 3582/3499/3713 3579/3499/3710 3581/3499/3712
f 3581/3499/3712 3580/3499/3711 3583/3499/3714
f 3584/3499/3715 3582/3499/3713 3581/3499/3712
f 3583/3499/3714 3584/3499/3715 3581/3499/3712
f 3582/3499/3713 3584/3499/3715 3585/3499/3716
f 3584/3499/3715 3583/3499/3714 3586/3499/3717
f 3584/3499/3715 3587/3499/3718 3585/3499/3716
f 3586/3499/3717 3587/3499/3718 3584/3499/3715
f 3588/3499/3719 3585/3499/3716 3587/3499/3718
f 3587/3499/3718 3586/3499/3717 3589/3499/3720
f 3590/3499/3721 3588/3499/3719 3587/3499/3718
f 3589/3499/3720 3590/3499/3721 3587/3499/3718
f 3588/3499/3719 3590/3499/3721 3591/3499/3722
f 3590/3499/3721 3589/3499/3720 3592/3499/3723
f 3593/3499/3724 3590/3499/3721 3592/3499/3723
f 3594/3499/3725 3593/3499/3724 3592/3499/3723
f 3595/3499/3726 3593/3499/3724 3594/3499/3725
f 3590/3499/3721 3593/3499/3724 3596/3499/3727
f 3596/3499/3727 3591/3499/3722 3590/3499/3721
f 3591/3499/3722 3596/3499/3727 3597/3499/3728
f 3598/3499/3729 3591/3499/3722 3597/3499/3728
f 3597/3499/3728 3599/3499/3730 3598/3499/3729
f 3600/3499/3731 3601/3499/3732 3602/3499/3733
f 3601/3499/3732 3600/3499/3731 3603/3499/3734
f 3603/3499/3734 3600/3499/3731 3604/3499/3735
f 3604/3499/3735 3605/3499/3736 3603/3499/3734
f 3600/3499/3731 3606/3499/3737 3604/3499/3735
f 3602/3499/3733 3607/3499/3738 3600/3499/3731
f 3606/3499/3737 3600/3499/3731 3607/3499/3738
f 3607/3499/3738 3602/3499/3733 3608/3499/3739
f 3607/3499/3738 3609/3499/3740 3606/3499/3737
f 3610/3499/3741 3607/3499/3738 3608/3499/3739
f 3609/3499/3740 3607/3499/3738 3610/3499/3741
f 3610/3499/3741 3608/3499/3739 3611/3499/3742
f 3609/3499/3740 3610/3499/3741 3612/3499/3743
f 3611/3499/3742 3613/3499/3744 3610/3499/3741
f 3613/3499/3744 3612/3499/3743 3610/3499/3741
f 3613/3499/3744 3611/3499/3742 3614/3499/3745
f 3612/3499/3743 3613/3499/3744 3615/3499/3746
f 3614/3499/3745 3616/3499/3747 3613/3499/3744
f 3616/3499/3747 3615/3499/3746 3613/3499/3744
f 3616/3499/3747 3614/3499/3745 3617/3499/3748
f 3615/3499/3746 3616/3499/3747 3618/3499/3749
f 3617/3499/3748 3619/3499/3750 3616/3499/3747
f 3619/3499/3750 3618/3499/3749 3616/3499/3747
f 3619/3499/3750 3617/3499/3748 3620/3499/3751
f 3618/3499/3749 3619/3499/3750 3621/3499/3752
f 3619/3499/3750 3622/3499/3753 3621/3499/3752
f 3621/3499/3752 3622/3499/3753 3623/3499/3754
f 3622/3499/3753 3624/3499/3755 3623/3499/3754
f 3622/3499/3753 3619/3499/3750 3625/3499/3756
f 3620/3499/3751 3625/3499/3756 3619/3499/3750
f 3625/3499/3756 3620/3499/3751 3626/3499/3757
f 3627/3499/3758 3626/3499/3757 3620/3499/3751
f 3626/3499/3757 3627/3499/3758 3628/3499/3759
f 3629/3499/3760 3630/3499/3761 3631/3499/3762
f 3632/3499/3763 3631/3499/3762 3630/3499/3761
f 3631/3499/3762 3633/3499/3764 3629/3499/3760
f 3634/3499/3765 3631/3499/3762 3632/3499/3763
f 3635/3499/3766 3633/3499/3764 3631/3499/3762
f 3634/3499/3765 3635/3499/3766 3631/3499/3762
f 3633/3499/3764 3635/3499/3766 3636/3499/3767
f 3635/3499/3766 3634/3499/3765 3637/3499/3768
f 3636/3499/3767 3635/3499/3766 3638/3499/3769
f 3637/3499/3768 3639/3499/3770 3635/3499/3766
f 3639/3499/3770 3638/3499/3769 3635/3499/3766
f 3638/3499/3769 3639/3499/3770 3640/3499/3771
f 3639/3499/3770 3637/3499/3768 3641/3499/3772
f 3642/3499/3773 3640/3499/3771 3639/3499/3770
f 3641/3499/3772 3643/3499/3774 3639/3499/3770
f 3639/3499/3770 3643/3499/3774 3642/3499/3773
f 3643/3499/3774 3641/3499/3772 3644/3499/3775
f 3643/3499/3774 3645/3499/3776 3642/3499/3773
f 3643/3499/3774 3644/3499/3775 3646/3499/3777
f 3645/3499/3776 3643/3499/3774 3646/3499/3777
f 3646/3499/3777 3644/3499/3775 3647/3499/3778
f 3646/3499/3777 3648/3499/3779 3645/3499/3776
f 3647/3499/3778 3649/3499/3780 3646/3499/3777
f 3648/3499/3779 3646/3499/3777 3649/3499/3780
f 3649/3499/3780 3647/3499/3778 3650/3499/3781
f 3649/3499/3780 3651/3499/3782 3648/3499/3779
f 3650/3499/3781 3652/3499/3783 3649/3499/3780
f 3651/3499/3782 3649/3499/3780 3653/3499/3784
f 3649/3499/3780 3652/3499/3783 3653/3499/3784
f 3653/3499/3784 3654/3499/3785 3651/3499/3782
f 3652/3499/3783 3655/3499/3786 3653/3499/3784
f 3654/3499/3785 3653/3499/3784 3655/3499/3786
f 3655/3499/3786 3652/3499/3783 3656/3499/3787
f 3655/3499/3786 3657/3499/3788 3654/3499/3785
f 3658/3499/3789 3655/3499/3786 3656/3499/3787
f 3658/3499/3789 3657/3499/3788 3655/3499/3786
f 3656/3499/3787 3659/3499/3790 3658/3499/3789
f 3659/3499/3790 3660/3499/3791 3658/3499/3789
f 3661/3499/3792 3658/3499/3789 3660/3499/3791
f 3658/3499/3789 3661/3499/3792 3657/3499/3788
f 3657/3499/3788 3661/3499/3792 3662/3499/3793
f 3663/3499/3794 3664/3499/3795 3665/3499/3796
f 3666/3499/3797 3663/3499/3794 3665/3499/3796
f 3664/3499/3795 3663/3499/3794 3667/3499/3798
f 3666/3499/3797 3665/3499/3796 3668/3499/3799
f 3668/3499/3799 3669/3499/3800 3666/3499/3797
f 3670/3499/3801 3668/3499/3799 3665/3499/3796
f 3665/3499/3796 3664/3499/3795 3670/3499/3801
f 3664/3499/3795 3671/3499/3802 3670/3499/3801
f 3668/3499/3799 3670/3499/3801 3672/3499/3803
f 3664/3499/3795 3673/3499/3804 3671/3499/3802
f 3672/3499/3803 3674/3499/3805 3668/3499/3799
f 3669/3499/3800 3668/3499/3799 3674/3499/3805
f 3674/3499/3805 3672/3499/3803 3675/3499/3806
f 3675/3499/3806 3676/3499/3807 3674/3499/3805
f 3677/3499/3808 3674/3499/3805 3676/3499/3807
f 3677/3499/3808 3669/3499/3800 3674/3499/3805
f 3669/3499/3800 3677/3499/3808 3678/3499/3809
f 3673/3499/3804 3664/3499/3795 3679/3499/3810
f 3667/3499/3798 3679/3499/3810 3664/3499/3795
f 3680/3499/3811 3673/3499/3804 3679/3499/3810
f 3679/3499/3810 3667/3499/3798 3681/3499/3812
f 3679/3499/3810 3682/3499/3813 3680/3499/3811
f 3679/3499/3810 3681/3499/3812 3682/3499/3813
f 3682/3499/3813 3683/3499/3814 3680/3499/3811
f 3682/3499/3813 3681/3499/3812 3684/3499/3815
f 3683/3499/3814 3682/3499/3813 3685/3499/3816
f 3684/3499/3815 3685/3499/3816 3682/3499/3813
f 3685/3499/3816 3684/3499/3815 3686/3499/3817
f 3685/3499/3816 3687/3499/3818 3683/3499/3814
f 3688/3499/3819 3685/3499/3816 3686/3499/3817
f 3687/3499/3818 3685/3499/3816 3689/3499/3820
f 3688/3499/3819 3689/3499/3820 3685/3499/3816
f 3689/3499/3820 3688/3499/3819 3690/3499/3821
f 3689/3499/3820 3691/3499/3822 3687/3499/3818
f 3692/3499/3823 3689/3499/3820 3690/3499/3821
f 3691/3499/3822 3689/3499/3820 3693/3499/3824
f 3689/3499/3820 3692/3499/3823 3693/3499/3824
f 3691/3499/3822 3693/3499/3824 3694/3499/3825
f 3695/3499/3826 3693/3499/3824 3692/3499/3823
f 3696/3499/3827 3694/3499/3825 3693/3499/3824
f 3693/3499/3824 3695/3499/3826 3696/3499/3827
f 3697/3499/3828 3698/3499/3829 3699/3499/3830
f 3698/3499/3829 3700/3499/3831 3699/3499/3830
f 3698/3499/3829 3697/3499/3828 3701/3499/3832
f 3700/3499/3831 3698/3499/3829 3702/3499/3833
f 3701/3499/3832 3703/3499/3834 3698/3499/3829
f 3703/3499/3834 3702/3499/3833 3698/3499/3829
f 3703/3499/3834 3701/3499/3832 3704/3499/3835
f 3702/3499/3833 3703/3499/3834 3705/3499/3836
f 3706/3499/3837 3703/3499/3834 3704/3499/3835
f 3707/3499/3838 3705/3499/3836 3703/3499/3834
f 3703/3499/3834 3706/3499/3837 3707/3499/3838
f 3707/3499/3838 3706/3499/3837 3708/3499/3839
f 3705/3499/3836 3707/3499/3838 3709/3499/3840
f 3710/3499/3841 3707/3499/3838 3708/3499/3839
f 3711/3499/3842 3709/3499/3840 3707/3499/3838
f 3707/3499/3838 3710/3499/3841 3711/3499/3842
f 3709/3499/3840 3711/3499/3842 3712/3499/3843
f 3713/3499/3844 3711/3499/3842 3710/3499/3841
f 3711/3499/3842 3714/3499/3845 3712/3499/3843
f 3711/3499/3842 3713/3499/3844 3714/3499/3845
f 3714/3499/3845 3715/3499/3846 3712/3499/3843
f 3714/3499/3845 3713/3499/3844 3716/3499/3847
f 3717/3499/3848 3715/3499/3846 3714/3499/3845
f 3716/3499/3847 3717/3499/3848 3714/3499/3845
f 3715/3499/3846 3717/3499/3848 3718/3499/3849
f 3719/3499/3850 3717/3499/3848 3716/3499/3847
f 3720/3499/3851 3718/3499/3849 3717/3499/3848
f 3717/3499/3848 3719/3499/3850 3721/3499/3852
f 3717/3499/3848 3721/3499/3852 3720/3499/3851
f 3722/3499/3853 3721/3499/3852 3719/3499/3850
f 3723/3499/3854 3720/3499/3851 3721/3499/3852
f 3721/3499/3852 3722/3499/3853 3723/3499/3854
f 3720/3499/3851 3723/3499/3854 3724/3499/3855
f 3723/3499/3854 3722/3499/3853 3725/3499/3856
f 3726/3499/3857 3724/3499/3855 3723/3499/3854
f 3723/3499/3854 3725/3499/3856 3726/3499/3857
f 3724/3499/3855 3726/3499/3857 3727/3499/3858
f 3727/3499/3858 3726/3499/3857 3728/3499/3859
f 3726/3499/3857 3729/3499/3860 3728/3499/3859
f 3729/3499/3860 3726/3499/3857 3725/3499/3856
f 3729/3499/3860 3725/3499/3856 3730/3499/3861
f 3731/3499/3862 3732/3499/3862 3733/3499/3863
f 3733/3499/3863 3734/3499/3863 3731/3499/3862
f 3735/3499/3864 3736/3499/3864 3737/3499/3865
f 3737/3499/3865 3736/3499/3864 3738/3499/3865
f 3739/3499/3866 3740/3499/3867 3741/3499/3868
f 3740/3499/3867 3739/3499/3866 3742/3499/3869
f 3743/3499/3870 3742/3499/3869 3739/3499/3866
f 3741/3499/3868 3740/3499/3867 3744/3499/3871
f 3744/3499/3871 3745/3499/3872 3741/3499/3868
f 3746/3499/3873 3740/3499/3867 3742/3499/3869
f 3740/3499/3867 3746/3499/3873 3747/3499/3874
f 3748/3499/3875 3740/3499/3867 3747/3499/3874
f 3740/3499/3867 3748/3499/3875 3744/3499/3871
f 3748/3499/3875 3749/3499/3876 3744/3499/3871
f 3742/3499/3869 3743/3499/3870 2262/3499/2389
f 2262/3499/2389 3746/3499/3873 3742/3499/3869
f 2258/3499/2385 2262/3499/2389 3743/3499/3870
f 3746/3499/3873 2262/3499/2389 2264/3499/2391
f 3744/3499/3871 3749/3499/3876 3750/3499/3877
f 3745/3499/3872 3744/3499/3871 3750/3499/3877
f 3751/3499/3878 3750/3499/3877 3749/3499/3876
f 3750/3499/3877 3752/3499/3879 3745/3499/3872
f 3750/3499/3877 3751/3499/3878 3753/3499/3880
f 3753/3499/3880 3752/3499/3879 3750/3499/3877
f 3752/3499/3879 3753/3499/3880 3754/3499/3881
f 3755/3499/3882 3753/3499/3880 3751/3499/3878
f 3754/3499/3881 3753/3499/3880 3756/3499/3883
f 3753/3499/3880 3755/3499/3882 3757/3499/3884
f 3756/3499/3883 3753/3499/3880 3757/3499/3884
f 3757/3499/3884 3758/3499/3885 3756/3499/3883
f 3759/3499/3886 3757/3499/3884 3755/3499/3882
f 3757/3499/3884 3760/3499/3887 3758/3499/3885
f 3757/3499/3884 3759/3499/3886 3761/3499/3888
f 3760/3499/3887 3757/3499/3884 3761/3499/3888
f 3762/3499/3889 3761/3499/3888 3759/3499/3886
f 3761/3499/3888 3763/3499/3890 3760/3499/3887
f 3761/3499/3888 3762/3499/3889 3764/3499/3891
f 3763/3499/3890 3761/3499/3888 3764/3499/3891
f 3765/3499/3892 3766/3499/3893 3767/3499/3894
f 3766/3499/3893 3768/3499/3895 3767/3499/3894
f 3766/3499/3893 3765/3499/3892 3769/3499/3896
f 3765/3499/3892 3770/3499/3897 3769/3499/3896
f 3767/3499/3894 3771/3499/3898 3765/3499/3892
f 3770/3499/3897 3765/3499/3892 2887/3499/3014
f 3765/3499/3892 3771/3499/3898 3772/3499/3899
f 3772/3499/3899 2887/3499/3014 3765/3499/3892
f 2887/3499/3014 2885/3499/3012 3770/3499/3897
f 2887/3499/3014 3772/3499/3899 2886/3499/3013
f 3771/3499/3898 3767/3499/3894 3773/3499/3900
f 3767/3499/3894 3768/3499/3895 3773/3499/3900
f 3771/3499/3898 3773/3499/3900 3774/3499/3901
f 3768/3499/3895 3775/3499/3902 3773/3499/3900
f 3775/3499/3902 3774/3499/3901 3773/3499/3900
f 3774/3499/3901 3775/3499/3902 3776/3499/3903
f 3775/3499/3902 3768/3499/3895 3777/3499/3904
f 3775/3499/3902 3778/3499/3905 3776/3499/3903
f 3777/3499/3904 3779/3499/3906 3775/3499/3902
f 3778/3499/3905 3775/3499/3902 3779/3499/3906
f 3780/3499/3907 3779/3499/3906 3777/3499/3904
f 3779/3499/3906 3781/3499/3908 3778/3499/3905
f 3779/3499/3906 3780/3499/3907 3782/3499/3909
f 3781/3499/3908 3779/3499/3906 3782/3499/3909
f 3780/3499/3907 3783/3499/3910 3782/3499/3909
f 3783/3499/3910 3781/3499/3908 3782/3499/3909
f 3783/3499/3910 3780/3499/3907 3784/3499/3911
f 3781/3499/3908 3783/3499/3910 3785/3499/3912
f 3784/3499/3911 3786/3499/3913 3783/3499/3910
f 3786/3499/3913 3785/3499/3912 3783/3499/3910
f 3785/3499/3912 3786/3499/3913 3787/3499/3914
f 3788/3499/3915 3786/3499/3913 3784/3499/3911
f 3787/3499/3914 3786/3499/3913 3789/3499/3916
f 3789/3499/3916 3786/3499/3913 3790/3499/3917
f 3786/3499/3913 3788/3499/3915 3790/3499/3917
f 3790/3499/3917 3791/3499/3918 3789/3499/3916
f 3790/3499/3917 3788/3499/3915 3792/3499/3919
f 3791/3499/3918 3790/3499/3917 3792/3499/3919
f 3792/3499/3919 3788/3499/3915 3793/3499/3920
f 3791/3499/3918 3792/3499/3919 3794/3499/3921
f 3793/3499/3920 3794/3499/3921 3792/3499/3919
f 3794/3499/3921 3793/3499/3920 3795/3499/3922
f 3791/3499/3918 3794/3499/3921 3796/3499/3923
f 3797/3499/3924 3794/3499/3921 3795/3499/3922
f 3798/3499/3925 3796/3499/3923 3794/3499/3921
f 3794/3499/3921 3797/3499/3924 3798/3499/3925
f 3796/3499/3923 3798/3499/3925 3799/3499/3926
f 3800/3499/3927 3798/3499/3925 3797/3499/3924
f 3801/3499/3928 3799/3499/3926 3798/3499/3925
f 3798/3499/3925 3800/3499/3927 3801/3499/3928
f 3799/3499/3926 3801/3499/3928 3802/3499/3929
f 3803/3499/3930 3801/3499/3928 3800/3499/3927
f 3804/3499/3931 3802/3499/3929 3801/3499/3928
f 3801/3499/3928 3803/3499/3930 3804/3499/3931
f 3802/3499/3929 3804/3499/3931 3805/3499/3932
f 3806/3499/3933 3804/3499/3931 3803/3499/3930
f 3804/3499/3931 3807/3499/3934 3805/3499/3932
f 3804/3499/3931 3806/3499/3933 3808/3499/3935
f 3807/3499/3934 3804/3499/3931 3808/3499/3935
f 3809/3499/3936 3808/3499/3935 3806/3499/3933
f 3808/3499/3935 3810/3499/3937 3807/3499/3934
f 3808/3499/3935 3809/3499/3936 3811/3499/3938
f 3810/3499/3937 3808/3499/3935 3811/3499/3938
f 3812/3499/3939 3811/3499/3938 3809/3499/3936
f 3810/3499/3937 3813/3499/3940 3807/3499/3934
f 3811/3499/3938 3812/3499/3939 3814/3499/3941
f 3814/3499/3941 3810/3499/3937 3811/3499/3938
f 3812/3499/3939 3815/3499/3942 3814/3499/3941
f 3813/3499/3940 3810/3499/3937 3816/3499/3943
f 3816/3499/3943 2821/3499/2948 3813/3499/3940
f 3810/3499/3937 3814/3499/3941 3817/3499/3944
f 3810/3499/3937 3817/3499/3944 3816/3499/3943
f 3815/3499/3942 3817/3499/3944 3814/3499/3941
f 3817/3499/3944 3815/3499/3942 3818/3499/3945
f 3815/3499/3942 3819/3499/3946 3818/3499/3945
f 3818/3499/3945 3820/3499/3947 3817/3499/3944
f 3820/3499/3947 3816/3499/3943 3817/3499/3944
f 3820/3499/3947 3818/3499/3945 2824/3499/2951
f 2821/3499/2948 3816/3499/3943 3821/3499/3948
f 3820/3499/3947 3821/3499/3948 3816/3499/3943
f 2822/3499/2949 2821/3499/2948 3821/3499/3948
f 3821/3499/3948 3820/3499/3947 2826/3499/2953
f 2826/3499/2953 3820/3499/3947 2824/3499/2951
f 2826/3499/2953 2822/3499/2949 3821/3499/3948
f 3822/3499/3949 3823/3499/3950 3824/3499/3951
f 3825/3499/3952 3822/3499/3949 3824/3499/3951
f 3823/3499/3950 3822/3499/3949 3826/3499/3953
f 3823/3499/3950 3826/3499/3953 3827/3499/3954
f 3822/3499/3949 3825/3499/3952 2954/3499/3081
f 2952/3499/3079 2954/3499/3081 3825/3499/3952
f 3828/3499/3955 3826/3499/3953 3822/3499/3949
f 2954/3499/3081 3829/3499/3956 3822/3499/3949
f 3822/3499/3949 3829/3499/3956 3828/3499/3955
f 3829/3499/3956 2954/3499/3081 2953/3499/3080
f 3826/3499/3953 3828/3499/3955 3830/3499/3957
f 3826/3499/3953 3830/3499/3957 3827/3499/3954
f 3831/3499/3958 3830/3499/3957 3828/3499/3955
f 3832/3499/3959 3827/3499/3954 3830/3499/3957
f 3830/3499/3957 3831/3499/3958 3832/3499/3959
f 3831/3499/3958 3833/3499/3960 3832/3499/3959
f 3827/3499/3954 3832/3499/3959 3834/3499/3961
f 3835/3499/3962 3832/3499/3959 3833/3499/3960
f 3834/3499/3961 3832/3499/3959 3836/3499/3963
f 3832/3499/3959 3835/3499/3962 3836/3499/3963
f 3836/3499/3963 3837/3499/3964 3834/3499/3961
f 3838/3499/3965 3836/3499/3963 3835/3499/3962
f 3837/3499/3964 3836/3499/3963 3839/3499/3966
f 3836/3499/3963 3838/3499/3965 3839/3499/3966
f 3840/3499/3967 3837/3499/3964 3839/3499/3966
f 3838/3499/3965 3840/3499/3967 3839/3499/3966
f 3837/3499/3964 3840/3499/3967 3841/3499/3968
f 3840/3499/3967 3838/3499/3965 3842/3499/3969
f 3841/3499/3968 3840/3499/3967 3843/3499/3970
f 3842/3499/3969 3843/3499/3970 3840/3499/3967
f 3843/3499/3970 3842/3499/3969 3844/3499/3971
f 3843/3499/3970 3845/3499/3972 3841/3499/3968
f 3843/3499/3970 3844/3499/3971 3846/3499/3973
f 3846/3499/3973 3847/3499/3974 3843/3499/3970
f 3845/3499/3972 3843/3499/3970 3847/3499/3974
f 3847/3499/3974 3846/3499/3973 3848/3499/3975
f 3845/3499/3972 3847/3499/3974 3849/3499/3976
f 3848/3499/3975 3849/3499/3976 3847/3499/3974
f 3845/3499/3972 3849/3499/3976 3850/3499/3977
f 3848/3499/3975 3851/3499/3978 3849/3499/3976
f 3851/3499/3978 3850/3499/3977 3849/3499/3976
f 3850/3499/3977 3851/3499/3978 3852/3499/3979
f 3853/3499/3980 3851/3499/3978 3848/3499/3975
f 3851/3499/3978 3854/3499/3981 3852/3499/3979
f 3853/3499/3980 3855/3499/3982 3851/3499/3978
f 3854/3499/3981 3851/3499/3978 3855/3499/3982
f 3855/3499/3982 3853/3499/3980 3856/3499/3983
f 3855/3499/3982 3857/3499/3984 3854/3499/3981
f 3856/3499/3983 3858/3499/3985 3855/3499/3982
f 3857/3499/3984 3855/3499/3982 3858/3499/3985
f 3858/3499/3985 3856/3499/3983 3859/3499/3986
f 3858/3499/3985 3860/3499/3987 3857/3499/3984
f 3859/3499/3986 3861/3499/3988 3858/3499/3985
f 3860/3499/3987 3858/3499/3985 3861/3499/3988
f 3861/3499/3988 3859/3499/3986 3862/3499/3989
f 3861/3499/3988 3863/3499/3990 3860/3499/3987
f 3864/3499/3991 3861/3499/3988 3862/3499/3989
f 3863/3499/3990 3861/3499/3988 3865/3499/3992
f 3861/3499/3988 3864/3499/3991 3865/3499/3992
f 3865/3499/3992 3866/3499/3993 3863/3499/3990
f 3865/3499/3992 3864/3499/3991 3867/3499/3994
f 3866/3499/3993 3865/3499/3992 3868/3499/3995
f 3867/3499/3994 3868/3499/3995 3865/3499/3992
f 3868/3499/3995 3869/3499/3996 3866/3499/3993
f 3867/3499/3994 3864/3499/3991 3870/3499/3997
f 3869/3499/3996 3868/3499/3995 3871/3499/3998
f 3867/3499/3994 3871/3499/3998 3868/3499/3995
f 3869/3499/3996 3871/3499/3998 3872/3499/3999
f 3870/3499/3997 3873/3499/4000 3867/3499/3994
f 3871/3499/3998 3867/3499/3994 3874/3499/4001
f 3874/3499/4001 3872/3499/3999 3871/3499/3998
f 3874/3499/4001 3867/3499/3994 3873/3499/4000
f 2889/3499/3016 3873/3499/4000 3870/3499/3997
f 3872/3499/3999 3874/3499/4001 3875/3499/4002
f 3872/3499/3999 3875/3499/4002 3876/3499/4003
f 3875/3499/4002 3874/3499/4001 3877/3499/4004
f 3877/3499/4004 3874/3499/4001 3873/3499/4000
f 3875/3499/4002 3877/3499/4004 2892/3499/3019
f 3873/3499/4000 2889/3499/3016 3878/3499/4005
f 3878/3499/4005 3877/3499/4004 3873/3499/4000
f 2889/3499/3016 2888/3499/3015 3878/3499/4005
f 3877/3499/4004 3878/3499/4005 2893/3499/3020
f 2893/3499/3020 2892/3499/3019 3877/3499/4004
f 2888/3499/3015 2893/3499/3020 3878/3499/4005
f 3879/3499/4006 3880/3499/4007 3881/3499/4008
f 3881/3499/4008 3880/3499/4007 3882/3499/4009
f 3880/3499/4007 3879/3499/4006 3883/3499/4010
f 3884/3499/4011 3881/3499/4008 3882/3499/4009
f 3885/3499/4012 3883/3499/4010 3879/3499/4006
f 3886/3499/4013 3884/3499/4011 3882/3499/4009
f 3883/3499/4010 3885/3499/4012 3887/3499/4014
f 3886/3499/4013 3888/3499/4015 3884/3499/4011
f 3889/3499/4016 3887/3499/4014 3885/3499/4012
f 3890/3499/4017 3888/3499/4015 3886/3499/4013
f 3887/3499/4014 3889/3499/4016 3891/3499/4018
f 3888/3499/4015 3890/3499/4017 3892/3499/4019
f 3893/3499/4020 3891/3499/4018 3889/3499/4016
f 3890/3499/4017 3894/3499/4021 3892/3499/4019
f 3891/3499/4018 3893/3499/4020 3895/3499/4022
f 3894/3499/4021 3890/3499/4017 3896/3499/4023
f 3895/3499/4022 3893/3499/4020 3897/3499/4024
f 3896/3499/4023 3898/3499/4025 3894/3499/4021
f 3895/3499/4022 3897/3499/4024 3899/3499/4026
f 3898/3499/4025 3896/3499/4023 3900/3499/4027
f 3897/3499/4024 3901/3499/4028 3899/3499/4026
f 3902/3499/4029 3898/3499/4025 3900/3499/4027
f 3901/3499/4028 3897/3499/4024 3903/3499/4030
f 3898/3499/4025 3902/3499/4029 3904/3499/4031
f 3901/3499/4028 3903/3499/4030 3905/3499/4032
f 3906/3499/4033 3904/3499/4031 3902/3499/4029
f 3907/3499/4034 3901/3499/4028 3905/3499/4032
f 3904/3499/4031 3906/3499/4033 3908/3499/4035
f 3905/3499/4032 3909/3499/4036 3907/3499/4034
f 3906/3499/4033 3910/3499/4037 3908/3499/4035
f 3909/3499/4036 3905/3499/4032 3911/3499/4038
f 3910/3499/4037 3906/3499/4033 3912/3499/4039
f 3911/3499/4038 3913/3499/4040 3909/3499/4036
f 3912/3499/4039 3914/3499/4041 3910/3499/4037
f 3913/3499/4040 3911/3499/4038 3915/3499/4042
f 3914/3499/4041 3912/3499/4039 3916/3499/4043
f 3915/3499/4042 3917/3499/4044 3913/3499/4040
f 3916/3499/4043 3918/3499/4045 3914/3499/4041
f 3917/3499/4044 3915/3499/4042 3919/3499/4046
f 3918/3499/4045 3916/3499/4043 3920/3499/4047
f 3919/3499/4046 3920/3499/4047 3917/3499/4044
f 3920/3499/4047 3919/3499/4046 3918/3499/4045
f 3921/3499/4048 3922/3499/4049 3923/3499/4050
f 3922/3499/4049 3921/3499/4048 3924/3499/4051
f 3923/3499/4050 3925/3499/4052 3921/3499/4048
f 3926/3499/4053 3922/3499/4049 3924/3499/4051
f 3925/3499/4052 3923/3499/4050 3927/3499/4054
f 3926/3499/4053 3924/3499/4051 3928/3499/4055
f 3927/3499/4054 3929/3499/4056 3925/3499/4052
f 3928/3499/4055 3930/3499/4057 3926/3499/4053
f 3929/3499/4056 3927/3499/4054 3931/3499/4058
f 3930/3499/4057 3928/3499/4055 3932/3499/4059
f 3931/3499/4058 3933/3499/4060 3929/3499/4056
f 3932/3499/4059 3934/3499/4061 3930/3499/4057
f 3935/3499/4062 3933/3499/4060 3931/3499/4058
f 3934/3499/4061 3932/3499/4059 3936/3499/4063
f 3935/3499/4062 3937/3499/4064 3933/3499/4060
f 3938/3499/4065 3934/3499/4061 3936/3499/4063
f 3937/3499/4064 3935/3499/4062 3939/3499/4066
f 3934/3499/4061 3938/3499/4065 3940/3499/4067
f 3941/3499/4068 3937/3499/4064 3939/3499/4066
f 3942/3499/4069 3940/3499/4067 3938/3499/4065
f 3937/3499/4064 3941/3499/4068 3943/3499/4070
f 3940/3499/4067 3942/3499/4069 3944/3499/4071
f 3941/3499/4068 3945/3499/4072 3943/3499/4070
f 3942/3499/4069 3946/3499/4073 3944/3499/4071
f 3945/3499/4072 3941/3499/4068 3947/3499/4074
f 3946/3499/4073 3942/3499/4069 3948/3499/4075
f 3949/3499/4076 3945/3499/4072 3947/3499/4074
f 3948/3499/4075 3950/3499/4077 3946/3499/4073
f 3945/3499/4072 3949/3499/4076 3951/3499/4078
f 3950/3499/4077 3948/3499/4075 3952/3499/4079
f 3953/3499/4080 3951/3499/4078 3949/3499/4076
f 3954/3499/4081 3950/3499/4077 3952/3499/4079
f 3951/3499/4078 3953/3499/4080 3955/3499/4082
f 3950/3499/4077 3954/3499/4081 3956/3499/4083
f 3957/3499/4084 3955/3499/4082 3953/3499/4080
f 3958/3499/4085 3956/3499/4083 3954/3499/4081
f 3955/3499/4082 3957/3499/4084 3959/3499/4086
f 3956/3499/4083 3958/3499/4085 3960/3499/4087
f 3961/3499/4088 3959/3499/4086 3957/3499/4084
f 3962/3499/4089 3960/3499/4087 3958/3499/4085
f 3959/3499/4086 3961/3499/4088 3962/3499/4089
f 3960/3499/4087 3962/3499/4089 3961/3499/4088
f 3963/3499/4090 3964/3499/4091 3965/3499/4092
f 3964/3499/4091 3966/3499/4093 3965/3499/4092
f 3964/3499/4091 3963/3499/4090 3967/3499/4094
f 3965/3499/4092 3966/3499/4093 3968/3499/4095
f 3969/3499/4096 3967/3499/4094 3963/3499/4090
f 3966/3499/4093 3970/3499/4097 3968/3499/4095
f 3967/3499/4094 3969/3499/4096 3971/3499/4098
f 3968/3499/4095 3970/3499/4097 3972/3499/4099
f 3973/3499/4100 3971/3499/4098 3969/3499/4096
f 3970/3499/4097 3974/3499/4101 3972/3499/4099
f 3973/3499/4100 3975/3499/4102 3971/3499/4098
f 3972/3499/4099 3974/3499/4101 3976/3499/4103
f 3975/3499/4102 3973/3499/4100 3977/3499/4104
f 3978/3499/4105 3976/3499/4103 3974/3499/4101
f 3979/3499/4106 3975/3499/4102 3977/3499/4104
f 3976/3499/4103 3978/3499/4105 3980/3499/4107
f 3975/3499/4102 3979/3499/4106 3981/3499/4108
f 3982/3499/4109 3980/3499/4107 3978/3499/4105
f 3983/3499/4110 3981/3499/4108 3979/3499/4106
f 3984/3499/4111 3980/3499/4107 3982/3499/4109
f 3981/3499/4108 3983/3499/4110 3985/3499/4112
f 3980/3499/4107 3984/3499/4111 3986/3499/4113
f 3983/3499/4110 3987/3499/4114 3985/3499/4112
f 3984/3499/4111 3988/3499/4115 3986/3499/4113
f 3989/3499/4116 3987/3499/4114 3983/3499/4110
f 3990/3499/4117 3988/3499/4115 3984/3499/4111
f 3991/3499/4118 3987/3499/4114 3989/3499/4116
f 3992/3499/4119 3988/3499/4115 3990/3499/4117
f 3993/3499/4120 3991/3499/4118 3989/3499/4116
f 3988/3499/4115 3992/3499/4119 3994/3499/4121
f 3995/3499/4122 3991/3499/4118 3993/3499/4120
f 3996/3499/4123 3994/3499/4121 3992/3499/4119
f 3991/3499/4118 3995/3499/4122 3997/3499/4124
f 3994/3499/4121 3996/3499/4123 3998/3499/4125
f 3999/3499/4126 3997/3499/4124 3995/3499/4122
f 4000/3499/4127 3998/3499/4125 3996/3499/4123
f 3997/3499/4124 3999/3499/4126 4001/3499/4128
f 3998/3499/4125 4000/3499/4127 4002/3499/4129
f 4003/3499/4130 4001/3499/4128 3999/3499/4126
f 4004/3499/4131 4002/3499/4129 4000/3499/4127
f 4001/3499/4128 4003/3499/4130 4004/3499/4131
f 4002/3499/4129 4004/3499/4131 4003/3499/4130
f 4005/3499/4132 4006/3499/4133 4007/3499/4134
f 4006/3499/4133 4005/3499/4132 4008/3499/4135
f 4007/3499/4134 4009/3499/4136 4005/3499/4132
f 4008/3499/4135 4010/3499/4137 4006/3499/4133
f 4011/3499/4138 4009/3499/4136 4007/3499/4134
f 4010/3499/4137 4008/3499/4135 4012/3499/4139
f 4009/3499/4136 4011/3499/4138 4013/3499/4140
f 4012/3499/4139 4014/3499/4141 4010/3499/4137
f 4013/3499/4140 4011/3499/4138 4015/3499/4142
f 4014/3499/4141 4012/3499/4139 4016/3499/4143
f 4013/3499/4140 4015/3499/4142 4017/3499/4144
f 4016/3499/4143 4018/3499/4145 4014/3499/4141
f 4019/3499/4146 4017/3499/4144 4015/3499/4142
f 4020/3499/4147 4018/3499/4145 4016/3499/4143
f 4017/3499/4144 4019/3499/4146 4021/3499/4148
f 4020/3499/4147 4022/3499/4149 4018/3499/4145
f 4019/3499/4146 4023/3499/4150 4021/3499/4148
f 4020/3499/4147 4024/3499/4151 4022/3499/4149
f 4023/3499/4150 4019/3499/4146 4025/3499/4152
f 4024/3499/4151 4020/3499/4147 4026/3499/4153
f 4025/3499/4152 4027/3499/4154 4023/3499/4150
f 4028/3499/4155 4024/3499/4151 4026/3499/4153
f 4027/3499/4154 4025/3499/4152 4029/3499/4156
f 4024/3499/4151 4028/3499/4155 4030/3499/4157
f 4027/3499/4154 4029/3499/4156 4031/3499/4158
f 4028/3499/4155 4032/3499/4159 4030/3499/4157
f 4031/3499/4158 4033/3499/4160 4027/3499/4154
f 4032/3499/4159 4028/3499/4155 4034/3499/4161
f 4033/3499/4160 4031/3499/4158 4035/3499/4162
f 4034/3499/4161 4036/3499/4163 4032/3499/4159
f 4035/3499/4162 4037/3499/4164 4033/3499/4160
f 4036/3499/4163 4034/3499/4161 4038/3499/4165
f 4035/3499/4162 4039/3499/4166 4037/3499/4164
f 4038/3499/4165 4040/3499/4167 4036/3499/4163
f 4039/3499/4166 4035/3499/4162 4041/3499/4168
f 4040/3499/4167 4038/3499/4165 4042/3499/4169
f 4041/3499/4168 4043/3499/4170 4039/3499/4166
f 4042/3499/4169 4044/3499/4171 4040/3499/4167
f 4043/3499/4170 4041/3499/4168 4045/3499/4172
f 4044/3499/4171 4042/3499/4169 4046/3499/4173
f 4045/3499/4172 4046/3499/4173 4043/3499/4170
f 4046/3499/4173 4045/3499/4172 4044/3499/4171
f 4047/3499/4174 4048/3499/4175 4049/3499/4176
f 4047/3499/4174 4049/3499/4176 4050/3499/4177
f 4047/3499/4174 4051/3499/4178 4048/3499/4175
f 4051/3499/4178 4047/3499/4174 4052/3499/4179
f 4052/3499/4179 4053/3499/4180 4051/3499/4178
f 4053/3499/4180 4052/3499/4179 4054/3499/4181
f 4053/3499/4180 4054/3499/4181 4055/3499/4182
f 4054/3499/4181 4056/3499/4183 4055/3499/4182
f 4057/3499/4184 4058/3499/4185 4059/3499/4186
f 4058/3499/4185 4060/3499/4187 4059/3499/4186
f 4061/3499/4188 4059/3499/4186 4060/3499/4187
f 4059/3499/4186 4061/3499/4188 4062/3499/4189
f 4063/3499/4190 4062/3499/4189 4061/3499/4188
f 4062/3499/4189 4063/3499/4190 4064/3499/4191
f 4063/3499/4190 4065/3499/4192 4064/3499/4191
f 4065/3499/4192 4066/3499/4193 4064/3499/4191
f 4067/3499/4194 4068/3499/4195 4069/3499/4196
f 4068/3499/4195 4067/3499/4194 4070/3499/4197
f 4071/3499/4198 4067/3499/4194 4069/3499/4196
f 4067/3499/4194 4071/3499/4198 4072/3499/4199
f 4073/3499/4200 4072/3499/4199 4071/3499/4198
f 4072/3499/4199 4073/3499/4200 4074/3499/4201
f 4073/3499/4200 4075/3499/4202 4074/3499/4201
f 4076/3499/4203 4074/3499/4201 4075/3499/4202
f 4077/3499/4204 4078/3499/4205 4079/3499/4206
f 4080/3499/4207 4079/3499/4206 4078/3499/4205
f 4078/3499/4205 4081/3499/4208 4080/3499/4207
f 4081/3499/4208 4078/3499/4205 4082/3499/4209
f 4082/3499/4209 4083/3499/4210 4081/3499/4208
f 4083/3499/4210 4082/3499/4209 4084/3499/4211
f 4085/3499/4212 4083/3499/4210 4084/3499/4211
f 4084/3499/4211 4086/3499/4213 4085/3499/4212
f 4087/3499/4214 4088/3499/4215 4089/3499/4216
f 4089/3499/4216 4090/3499/4217 4087/3499/4214
f 4091/3499/4218 4089/3499/4216 4088/3499/4215
f 4088/3499/4215 4092/3499/4219 4091/3499/4218
f 4091/3499/4218 4092/3499/4219 4093/3499/4220
f 4094/3499/4221 4095/3499/4222 4096/3499/4223
f 4097/3499/4222 4096/3499/4223 4095/3499/4222
f 4096/3499/4223 4098/3499/4224 4094/3499/4221
f 4098/3499/4224 4099/3499/4225 4094/3499/4221
f 4098/3499/4224 4100/3499/4226 4099/3499/4225
f 4101/3499/4227 4102/3499/4228 4103/3499/4229
f 4103/3499/4229 4102/3499/4228 4104/3499/4230
f 4103/3499/4229 4105/3499/4231 4101/3499/4227
f 4106/3499/4232 4101/3499/4227 4105/3499/4231
f 4105/3499/4231 4107/3499/4233 4106/3499/4232
f 4108/3499/4234 4109/3499/4235 4110/3499/4236
f 4108/3499/4234 4110/3499/4236 4111/3499/4237
f 4111/3499/4237 4112/3499/4238 4108/3499/4234
f 4111/3499/4237 4113/3499/4239 4112/3499/4238
f 4112/3499/4238 4113/3499/4239 4114/3499/4240
f 4115/3499/4241 4116/3499/4242 4117/3499/4243
f 4118/3499/4244 4117/3499/4243 4116/3499/4242
f 4117/3499/4243 4118/3499/4244 4119/3499/4245
f 4117/3499/4243 4120/3499/4246 4115/3499/4241
f 4121/3499/4247 4115/3499/4241 4120/3499/4246
f 4120/3499/4246 4122/3499/4248 4121/3499/4247
f 4123/3499/4249 4121/3499/4247 4122/3499/4248
f 4122/3499/4248 4124/3499/4250 4123/3499/4249
f 4124/3499/4250 4122/3499/4248 4125/3499/4251
f 4124/3499/4250 4125/3499/4251 4126/3499/4252
f 4127/3499/4253 4126/3499/4252 4125/3499/4251
f 4126/3499/4252 4127/3499/4253 4128/3499/4254
f 4127/3499/4253 4129/3499/4255 4128/3499/4254
f 4129/3499/4255 4127/3499/4253 4130/3499/4256
f 4131/3499/4257 4132/3499/4258 4133/3499/4259
f 4131/3499/4257 4134/3499/4260 4132/3499/4258
f 4134/3499/4260 4131/3499/4257 4135/3499/4261
f 4131/3499/4257 4133/3499/4259 4136/3499/4262
f 4137/3499/4263 4136/3499/4262 4133/3499/4259
f 4137/3499/4263 4138/3499/4264 4136/3499/4262
f 4138/3499/4264 4137/3499/4263 4139/3499/4265
f 4140/3499/4266 4138/3499/4264 4139/3499/4265
f 4141/3499/4267 4138/3499/4264 4140/3499/4266
f 4140/3499/4266 4142/3499/4268 4141/3499/4267
f 4143/3499/4269 4141/3499/4267 4142/3499/4268
f 4143/3499/4269 4142/3499/4268 4144/3499/4270
f 4145/3499/4271 4143/3499/4269 4144/3499/4270
f 4143/3499/4269 4145/3499/4271 4146/3499/4272
f 4147/3499/4273 4148/3499/4274 4149/3499/4275
f 4150/3499/4276 4149/3499/4275 4148/3499/4274
f 4151/3499/4277 4150/3499/4276 4148/3499/4274
f 4149/3499/4275 4150/3499/4276 4152/3499/4278
f 4153/3499/4279 4151/3499/4277 4148/3499/4274
f 4154/3499/4280 4149/3499/4275 4152/3499/4278
f 4147/3499/4273 4153/3499/4279 4148/3499/4274
f 4151/3499/4277 4153/3499/4279 4155/3499/4281
f 4155/3499/4281 4153/3499/4279 4156/3499/4282
f 4153/3499/4279 4157/3499/4283 4156/3499/4282
f 4149/3499/4275 4154/3499/4280 4158/3499/4284
f 4158/3499/4284 4154/3499/4280 4159/3499/4285
f 4149/3499/4275 4158/3499/4284 4160/3499/4286
f 4147/3499/4273 4149/3499/4275 4160/3499/4286
f 4159/3499/4285 4154/3499/4280 4161/3499/4287
f 4161/3499/4287 4162/3499/4288 4159/3499/4285
f 4162/3499/4288 4161/3499/4287 4163/3499/4289
f 4160/3499/4286 4164/3499/4290 4147/3499/4273
f 4153/3499/4279 4147/3499/4273 4165/3499/4291
f 4164/3499/4290 4165/3499/4291 4147/3499/4273
f 4153/3499/4279 4165/3499/4291 4157/3499/4283
f 4164/3499/4290 4166/3499/4292 4165/3499/4291
f 4157/3499/4283 4165/3499/4291 4167/3499/4293
f 4165/3499/4291 4166/3499/4292 4167/3499/4293
f 4168/3499/4294 4169/3499/4295 4170/3499/4296
f 4168/3499/4294 4170/3499/4296 4171/3499/4297
f 4172/3499/4298 4168/3499/4294 4171/3499/4297
f 4171/3499/4297 4170/3499/4296 4173/3499/4299
f 4172/3499/4298 4174/3499/4300 4168/3499/4294
f 4174/3499/4300 4169/3499/4295 4168/3499/4294
f 4174/3499/4300 4172/3499/4298 4175/3499/4301
f 4175/3499/4301 4176/3499/4302 4174/3499/4300
f 4173/3499/4299 4170/3499/4296 4177/3499/4303
f 4178/3499/4304 4174/3499/4300 4176/3499/4302
f 4170/3499/4296 4169/3499/4295 4179/3499/4305
f 4170/3499/4296 4179/3499/4305 4180/3499/4306
f 4177/3499/4303 4170/3499/4296 4180/3499/4306
f 4169/3499/4295 4181/3499/4307 4179/3499/4305
f 4182/3499/4308 4177/3499/4303 4180/3499/4306
f 4183/3499/4309 4177/3499/4303 4182/3499/4308
f 4184/3499/4310 4183/3499/4309 4182/3499/4308
f 4185/3499/4311 4183/3499/4309 4184/3499/4310
f 4169/3499/4295 4186/3499/4312 4181/3499/4307
f 4174/3499/4300 4186/3499/4312 4169/3499/4295
f 4178/3499/4304 4186/3499/4312 4174/3499/4300
f 4186/3499/4312 4187/3499/4313 4181/3499/4307
f 4186/3499/4312 4178/3499/4304 4188/3499/4314
f 4186/3499/4312 4188/3499/4314 4187/3499/4313
f 4189/3499/4315 4190/3499/4316 4191/3499/4317
f 4192/3499/4318 4191/3499/4317 4190/3499/4316
f 4189/3499/4315 4193/3499/4319 4190/3499/4316
f 4192/3499/4318 4194/3499/4320 4191/3499/4317
f 4194/3499/4320 4192/3499/4318 4195/3499/4321
f 4195/3499/4321 4196/3499/4322 4194/3499/4320
f 4197/3499/4323 4194/3499/4320 4196/3499/4322
f 4189/3499/4315 4198/3499/4324 4193/3499/4319
f 4199/3499/4325 4194/3499/4320 4197/3499/4323
f 4199/3499/4325 4197/3499/4323 4200/3499/4326
f 4199/3499/4325 4200/3499/4326 4201/3499/4327
f 4202/3499/4328 4199/3499/4325 4201/3499/4327
f 4203/3499/4329 4194/3499/4320 4199/3499/4325
f 4199/3499/4325 4202/3499/4328 4203/3499/4329
f 4203/3499/4329 4191/3499/4317 4194/3499/4320
f 4189/3499/4315 4191/3499/4317 4203/3499/4329
f 4204/3499/4330 4203/3499/4329 4202/3499/4328
f 4203/3499/4329 4204/3499/4330 4189/3499/4315
f 4205/3499/4331 4189/3499/4315 4204/3499/4330
f 4189/3499/4315 4205/3499/4331 4198/3499/4324
f 4198/3499/4324 4205/3499/4331 4206/3499/4332
f 4198/3499/4324 4206/3499/4332 4207/3499/4333
f 4206/3499/4332 4208/3499/4334 4207/3499/4333
f 4208/3499/4334 4209/3499/4335 4207/3499/4333
f 4210/3499/4336 4211/3499/4337 4212/3499/4338
f 4213/3499/4339 4210/3499/4336 4212/3499/4338
f 4214/3499/4340 4211/3499/4337 4210/3499/4336
f 4214/3499/4340 4215/3499/4341 4211/3499/4337
f 4216/3499/4342 4213/3499/4339 4212/3499/4338
f 4213/3499/4339 4216/3499/4342 4217/3499/4343
f 4217/3499/4343 4216/3499/4342 4218/3499/4344
f 4219/3499/4345 4218/3499/4344 4216/3499/4342
f 4215/3499/4341 4220/3499/4346 4211/3499/4337
f 4221/3499/4347 4220/3499/4346 4215/3499/4341
f 4221/3499/4347 4215/3499/4341 4222/3499/4348
f 4223/3499/4349 4221/3499/4347 4222/3499/4348
f 4222/3499/4348 4224/3499/4350 4223/3499/4349
f 4211/3499/4337 4220/3499/4346 4225/3499/4351
f 4211/3499/4337 4225/3499/4351 4226/3499/4352
f 4226/3499/4352 4212/3499/4338 4211/3499/4337
f 4212/3499/4338 4226/3499/4352 4216/3499/4342
f 4226/3499/4352 4225/3499/4351 4227/3499/4353
f 4228/3499/4354 4216/3499/4342 4226/3499/4352
f 4226/3499/4352 4227/3499/4353 4228/3499/4354
f 4228/3499/4354 4219/3499/4345 4216/3499/4342
f 4228/3499/4354 4227/3499/4353 4229/3499/4355
f 4219/3499/4345 4228/3499/4354 4230/3499/4356
f 4228/3499/4354 4229/3499/4355 4230/3499/4356
f 4231/3499/4357 4232/3499/4358 4233/3499/4359
f 4234/3499/4360 4233/3499/4359 4232/3499/4358
f 4233/3499/4359 4234/3499/4360 4235/3499/4361
f 4232/3499/4358 4231/3499/4357 4236/3499/4362
f 4237/3499/4363 4233/3499/4359 4235/3499/4361
f 4238/3499/4364 4231/3499/4357 4233/3499/4359
f 4233/3499/4359 4237/3499/4363 4238/3499/4364
f 4231/3499/4357 4238/3499/4364 4239/3499/4365
f 4240/3499/4366 4236/3499/4362 4231/3499/4357
f 4239/3499/4365 4240/3499/4366 4231/3499/4357
f 4236/3499/4362 4240/3499/4366 4241/3499/4367
f 4238/3499/4364 4242/3499/4368 4239/3499/4365
f 4242/3499/4368 4240/3499/4366 4239/3499/4365
f 4242/3499/4368 4238/3499/4364 4243/3499/4369
f 4237/3499/4363 4243/3499/4369 4238/3499/4364
f 4242/3499/4368 4244/3499/4370 4240/3499/4366
f 4244/3499/4370 4245/3499/4371 4240/3499/4366
f 4245/3499/4371 4244/3499/4370 4246/3499/4372
f 4244/3499/4370 4242/3499/4368 4247/3499/4373
f 4247/3499/4373 4246/3499/4372 4244/3499/4370
f 4243/3499/4369 4247/3499/4373 4242/3499/4368
f 4246/3499/4372 4247/3499/4373 4248/3499/4374
f 4248/3499/4374 4247/3499/4373 4249/3499/4375
f 4250/3499/4376 4249/3499/4375 4247/3499/4373
f 4247/3499/4373 4243/3499/4369 4250/3499/4376
f 4251/3499/4377 4249/3499/4375 4250/3499/4376
f 4250/3499/4376 4252/3499/4378 4251/3499/4377
f 4253/3499/4379 4250/3499/4376 4243/3499/4369
f 4252/3499/4378 4250/3499/4376 4253/3499/4379
f 4237/3499/4363 4253/3499/4379 4243/3499/4369
f 4254/3499/4380 4252/3499/4378 4253/3499/4379
f 4253/3499/4379 4237/3499/4363 4254/3499/4380
f 4252/3499/4378 4254/3499/4380 4255/3499/4381
f 4254/3499/4380 4237/3499/4363 4256/3499/4382
f 4235/3499/4361 4256/3499/4382 4237/3499/4363
f 4256/3499/4382 4235/3499/4361 4257/3499/4383
f 4256/3499/4382 4257/3499/4383 4258/3499/4384
f 4258/3499/4384 4254/3499/4380 4256/3499/4382
f 4259/3499/4385 4258/3499/4384 4257/3499/4383
f 4254/3499/4380 4260/3499/4386 4255/3499/4381
f 4258/3499/4384 4260/3499/4386 4254/3499/4380
f 4258/3499/4384 4259/3499/4385 4261/3499/4387
f 4260/3499/4386 4258/3499/4384 4261/3499/4387
f 4259/3499/4385 4262/3499/4388 4261/3499/4387
f 4263/3499/4389 4255/3499/4381 4260/3499/4386
f 4260/3499/4386 4261/3499/4387 4263/3499/4389
f 4262/3499/4388 4263/3499/4389 4261/3499/4387
f 4255/3499/4381 4263/3499/4389 4264/3499/4390
f 4262/3499/4388 4259/3499/4385 4265/3499/4391
f 4266/3499/4392 4264/3499/4390 4263/3499/4389
f 4263/3499/4389 4262/3499/4388 4266/3499/4392
f 4264/3499/4390 4266/3499/4392 4267/3499/4393
f 4265/3499/4391 4268/3499/4394 4262/3499/4388
f 4268/3499/4394 4266/3499/4392 4262/3499/4388
f 4265/3499/4391 4269/3499/4395 4268/3499/4394
f 4270/3499/4396 4267/3499/4393 4266/3499/4392
f 4266/3499/4392 4268/3499/4394 4270/3499/4396
f 4267/3499/4393 4270/3499/4396 4271/3499/4397
f 4268/3499/4394 4269/3499/4395 4272/3499/4398
f 4270/3499/4396 4268/3499/4394 4272/3499/4398
f 4273/3499/4399 4272/3499/4398 4269/3499/4395
f 4273/3499/4399 4271/3499/4397 4270/3499/4396
f 4272/3499/4398 4273/3499/4399 4270/3499/4396
f 4274/3499/4400 4275/3499/4401 4276/3499/4402
f 4274/3499/4400 4276/3499/4402 4277/3499/4403
f 4275/3499/4401 4274/3499/4400 4278/3499/4404
f 4279/3499/4405 4274/3499/4400 4277/3499/4403
f 4280/3499/4406 4279/3499/4405 4277/3499/4403
f 4281/3499/4407 4279/3499/4405 4280/3499/4406
f 4282/3499/4408 4275/3499/4401 4278/3499/4404
f 4278/3499/4404 4283/3499/4409 4282/3499/4408
f 4284/3499/4410 4282/3499/4408 4283/3499/4409
f 4284/3499/4410 4283/3499/4409 4285/3499/4411
f 4286/3499/4412 4287/3499/4413 4288/3499/4414
f 4288/3499/4414 4289/3499/4415 4286/3499/4412
f 4286/3499/4412 4289/3499/4415 4290/3499/4416
f 4290/3499/4416 4289/3499/4415 4291/3499/4417
f 4292/3499/4418 4290/3499/4416 4291/3499/4417
f 4290/3499/4416 4292/3499/4418 4293/3499/4419
f 4292/3499/4418 4294/3499/4420 4293/3499/4419
f 4293/3499/4419 4294/3499/4420 4295/3499/4421
f 4294/3499/4420 4296/3499/4422 4295/3499/4421
f 4297/3499/4423 4295/3499/4421 4296/3499/4422
f 4298/3499/4424 4299/3499/4425 4300/3499/4426
f 4301/3499/4427 4299/3499/4425 4302/3499/4428
f 4302/3499/4428 4303/3499/4429 4301/3499/4427
f 4303/3499/4429 4302/3499/4428 4304/3499/4430
f 4305/3499/4431 4304/3499/4430 4302/3499/4428
f 4302/3499/4428 4299/3499/4425 4305/3499/4431
f 4305/3499/4431 4306/3499/4432 4304/3499/4430
f 4299/3499/4425 4298/3499/4424 4307/3499/4433
f 4307/3499/4433 4305/3499/4431 4299/3499/4425
f 4298/3499/4424 4308/3499/4434 4307/3499/4433
f 4305/3499/4431 4307/3499/4433 4309/3499/4435
f 4306/3499/4432 4305/3499/4431 4309/3499/4435
f 4308/3499/4434 4309/3499/4435 4307/3499/4433
f 4308/3499/4434 4298/3499/4424 4310/3499/4436
f 4311/3499/4437 4306/3499/4432 4309/3499/4435
f 4308/3499/4434 4311/3499/4437 4309/3499/4435
f 4312/3499/4438 4306/3499/4432 4311/3499/4437
f 4310/3499/4436 4313/3499/4439 4308/3499/4434
f 4313/3499/4439 4311/3499/4437 4308/3499/4434
f 4313/3499/4439 4310/3499/4436 4314/3499/4440
f 4311/3499/4437 4315/3499/4441 4312/3499/4438
f 4311/3499/4437 4313/3499/4439 4315/3499/4441
f 4316/3499/4442 4312/3499/4438 4315/3499/4441
f 4316/3499/4442 4315/3499/4441 4317/3499/4443
f 4317/3499/4443 4318/3499/4444 4316/3499/4442
f 4319/3499/4445 4315/3499/4441 4313/3499/4439
f 4315/3499/4441 4319/3499/4445 4317/3499/4443
f 4314/3499/4440 4319/3499/4445 4313/3499/4439
f 4319/3499/4445 4318/3499/4444 4317/3499/4443
f 4319/3499/4445 4314/3499/4440 4320/3499/4446
f 4319/3499/4445 4320/3499/4446 4318/3499/4444
f 4321/3499/4447 4322/3499/4448 4323/3499/4449
f 4324/3499/4450 4323/3499/4449 4325/3499/4451
f 4325/3499/4451 4326/3499/4452 4324/3499/4450
f 4326/3499/4452 4325/3499/4451 4327/3499/4453
f 4328/3499/4454 4327/3499/4453 4325/3499/4451
f 4325/3499/4451 4323/3499/4449 4328/3499/4454
f 4328/3499/4454 4329/3499/4455 4327/3499/4453
f 4323/3499/4449 4322/3499/4448 4330/3499/4456
f 4330/3499/4456 4328/3499/4454 4323/3499/4449
f 4322/3499/4448 4331/3499/4457 4330/3499/4456
f 4328/3499/4454 4330/3499/4456 4332/3499/4458
f 4329/3499/4455 4328/3499/4454 4332/3499/4458
f 4331/3499/4457 4332/3499/4458 4330/3499/4456
f 4331/3499/4457 4322/3499/4448 4333/3499/4459
f 4329/3499/4455 4332/3499/4458 4334/3499/4460
f 4331/3499/4457 4334/3499/4460 4332/3499/4458
f 4335/3499/4461 4329/3499/4455 4334/3499/4460
f 4333/3499/4459 4336/3499/4462 4331/3499/4457
f 4336/3499/4462 4334/3499/4460 4331/3499/4457
f 4336/3499/4462 4333/3499/4459 4337/3499/4463
f 4338/3499/4464 4335/3499/4461 4334/3499/4460
f 4334/3499/4460 4336/3499/4462 4338/3499/4464
f 4335/3499/4461 4338/3499/4464 4339/3499/4465
f 4340/3499/4466 4339/3499/4465 4338/3499/4464
f 4339/3499/4465 4340/3499/4466 4341/3499/4467
f 4342/3499/4468 4338/3499/4464 4336/3499/4462
f 4337/3499/4463 4342/3499/4468 4336/3499/4462
f 4338/3499/4464 4342/3499/4468 4340/3499/4466
f 4340/3499/4466 4342/3499/4468 4341/3499/4467
f 4342/3499/4468 4337/3499/4463 4343/3499/4469
f 4341/3499/4467 4342/3499/4468 4343/3499/4469
f 4344/3499/4470 4345/3499/4471 4346/3499/4472
f 4346/3499/4472 4347/3499/4473 4348/3499/4474
f 4349/3499/4475 4348/3499/4474 4347/3499/4473
f 4348/3499/4474 4349/3499/4475 4350/3499/4476
f 4350/3499/4476 4351/3499/4477 4348/3499/4474
f 4351/3499/4477 4346/3499/4472 4348/3499/4474
f 4352/3499/4478 4351/3499/4477 4350/3499/4476
f 4344/3499/4470 4346/3499/4472 4353/3499/4479
f 4351/3499/4477 4353/3499/4479 4346/3499/4472
f 4351/3499/4477 4352/3499/4478 4354/3499/4480
f 4353/3499/4479 4351/3499/4477 4354/3499/4480
f 4352/3499/4478 4355/3499/4481 4354/3499/4480
f 4356/3499/4482 4344/3499/4470 4353/3499/4479
f 4353/3499/4479 4354/3499/4480 4356/3499/4482
f 4355/3499/4481 4356/3499/4482 4354/3499/4480
f 4344/3499/4470 4356/3499/4482 4357/3499/4483
f 4352/3499/4478 4358/3499/4484 4355/3499/4481
f 4359/3499/4485 4357/3499/4483 4356/3499/4482
f 4356/3499/4482 4355/3499/4481 4359/3499/4485
f 4357/3499/4483 4359/3499/4485 4360/3499/4486
f 4355/3499/4481 4358/3499/4484 4361/3499/4487
f 4361/3499/4487 4359/3499/4485 4355/3499/4481
f 4358/3499/4484 4362/3499/4488 4361/3499/4487
f 4363/3499/4489 4360/3499/4486 4359/3499/4485
f 4359/3499/4485 4361/3499/4487 4363/3499/4489
f 4360/3499/4486 4363/3499/4489 4364/3499/4490
f 4362/3499/4488 4365/3499/4491 4361/3499/4487
f 4363/3499/4489 4361/3499/4487 4365/3499/4491
f 4365/3499/4491 4362/3499/4488 4366/3499/4492
f 4364/3499/4490 4363/3499/4489 4366/3499/4492
f 4366/3499/4492 4363/3499/4489 4365/3499/4491
f 4367/3499/4493 4368/3499/4494 4369/3499/4495
f 4368/3499/4494 4367/3499/4493 4370/3499/4496
f 4368/3499/4494 4370/3499/4496 4371/3499/4497
f 4370/3499/4496 4372/3499/4498 4371/3499/4497
f 4373/3499/4499 4372/3499/4498 4370/3499/4496
f 4372/3499/4498 4373/3499/4499 4374/3499/4500
f 4374/3499/4500 4375/3499/4501 4372/3499/4498
f 4375/3499/4501 4374/3499/4500 4376/3499/4495
f 4377/3499/4502 4378/3499/4503 4379/3499/4504
f 4380/3499/4505 4379/3499/4504 4378/3499/4503
f 4377/3499/4502 4379/3499/4504 4381/3499/4506
f 4379/3499/4504 4380/3499/4505 4382/3499/4507
f 4381/3499/4506 4383/3499/4508 4377/3499/4502
f 4384/3499/4509 4382/3499/4507 4380/3499/4505
f 4381/3499/4506 4385/3499/4510 4383/3499/4508
f 4384/3499/4509 4380/3499/4505 4386/3499/4511
f 4387/3499/4512 4383/3499/4508 4385/3499/4510
f 4388/3499/4513 4384/3499/4509 4386/3499/4511
f 4383/3499/4508 4387/3499/4512 4389/3499/4514
f 4384/3499/4509 4388/3499/4513 4390/3499/4515
f 4391/3499/4516 4389/3499/4514 4387/3499/4512
f 4392/3499/4517 4390/3499/4515 4388/3499/4513
f 4387/3499/4512 4393/3499/4518 4391/3499/4516
f 4390/3499/4515 4392/3499/4517 4394/3499/4519
f 4395/3499/4520 4391/3499/4516 4393/3499/4518
f 4395/3499/4520 4394/3499/4519 4392/3499/4517
f 4391/3499/4516 4395/3499/4520 4396/3499/4521
f 4395/3499/4520 4392/3499/4517 4396/3499/4521
f 4397/3499/4522 4398/3499/4523 4399/3499/4524
f 4399/3499/4524 4400/3499/4525 4397/3499/4522
f 4400/3499/4525 4399/3499/4524 4303/3499/4429
f 4398/3499/4523 4397/3499/4522 4401/3499/4526
f 4401/3499/4526 4402/3499/4527 4398/3499/4523
f 4402/3499/4527 4401/3499/4526 4403/3499/4528
f 4402/3499/4527 4404/3499/4529 4398/3499/4523
f 4398/3499/4523 4405/3499/4530 4399/3499/4524
f 4405/3499/4530 4398/3499/4523 4404/3499/4529
f 4399/3499/4524 4301/3499/4427 4303/3499/4429
f 4301/3499/4427 4399/3499/4524 4405/3499/4530
f 4402/3499/4527 4406/3499/4531 4404/3499/4529
f 4406/3499/4531 4405/3499/4530 4404/3499/4529
f 4407/3499/4532 4406/3499/4531 4402/3499/4527
f 4408/3499/4533 4407/3499/4532 4402/3499/4527
f 4407/3499/4532 4408/3499/4533 4409/3499/4534
f 4409/3499/4534 4410/3499/4535 4407/3499/4532
f 4410/3499/4535 4406/3499/4531 4407/3499/4532
f 4410/3499/4535 4409/3499/4534 4411/3499/4536
f 4410/3499/4535 4411/3499/4536 4412/3499/4537
f 4405/3499/4530 4406/3499/4531 4413/3499/4538
f 4410/3499/4535 4413/3499/4538 4406/3499/4531
f 4405/3499/4530 4413/3499/4538 4301/3499/4427
f 4412/3499/4537 4414/3499/4539 4410/3499/4535
f 4413/3499/4538 4410/3499/4535 4414/3499/4539
f 4412/3499/4537 4415/3499/4540 4414/3499/4539
f 4415/3499/4540 4300/3499/4426 4414/3499/4539
f 4414/3499/4539 4416/3499/4541 4413/3499/4538
f 4416/3499/4541 4301/3499/4427 4413/3499/4538
f 4416/3499/4541 4414/3499/4539 4300/3499/4426
f 4300/3499/4426 4299/3499/4425 4416/3499/4541
f 4299/3499/4425 4301/3499/4427 4416/3499/4541
f 4417/3499/4542 4418/3499/4543 4419/3499/4544
f 4419/3499/4544 4420/3499/4545 4417/3499/4542
f 4420/3499/4545 4419/3499/4544 4326/3499/4452
f 4418/3499/4543 4417/3499/4542 4421/3499/4546
f 4421/3499/4546 4422/3499/4547 4418/3499/4543
f 4422/3499/4547 4421/3499/4546 4423/3499/4548
f 4424/3499/4549 4418/3499/4543 4422/3499/4547
f 4419/3499/4544 4418/3499/4543 4425/3499/4550
f 4425/3499/4550 4418/3499/4543 4424/3499/4549
f 4326/3499/4452 4419/3499/4544 4324/3499/4450
f 4324/3499/4450 4419/3499/4544 4425/3499/4550
f 4424/3499/4549 4422/3499/4547 4426/3499/4551
f 4426/3499/4551 4425/3499/4550 4424/3499/4549
f 4427/3499/4552 4426/3499/4551 4422/3499/4547
f 4428/3499/4553 4427/3499/4552 4422/3499/4547
f 4427/3499/4552 4428/3499/4553 4429/3499/4554
f 4429/3499/4554 4430/3499/4555 4427/3499/4552
f 4426/3499/4551 4427/3499/4552 4430/3499/4555
f 4430/3499/4555 4429/3499/4554 4431/3499/4556
f 4432/3499/4557 4430/3499/4555 4431/3499/4556
f 4425/3499/4550 4426/3499/4551 4433/3499/4558
f 4426/3499/4551 4430/3499/4555 4433/3499/4558
f 4425/3499/4550 4433/3499/4558 4324/3499/4450
f 4430/3499/4555 4432/3499/4557 4434/3499/4559
f 4434/3499/4559 4433/3499/4558 4430/3499/4555
f 4435/3499/4560 4434/3499/4559 4432/3499/4557
f 4321/3499/4447 4434/3499/4559 4435/3499/4560
f 4434/3499/4559 4436/3499/4561 4433/3499/4558
f 4321/3499/4447 4436/3499/4561 4434/3499/4559
f 4436/3499/4561 4324/3499/4450 4433/3499/4558
f 4436/3499/4561 4321/3499/4447 4323/3499/4449
f 4323/3499/4449 4324/3499/4450 4436/3499/4561
f 4437/3499/4562 4438/3499/4563 4439/3499/4564
f 4439/3499/4564 4440/3499/4565 4441/3499/4566
f 4440/3499/4565 4439/3499/4564 4438/3499/4563
f 4438/3499/4563 4437/3499/4562 4442/3499/4567
f 4443/3499/4568 4442/3499/4567 4437/3499/4562
f 4442/3499/4567 4443/3499/4568 4349/3499/4475
f 4438/3499/4563 4444/3499/4569 4440/3499/4565
f 4445/3499/4570 4438/3499/4563 4442/3499/4567
f 4444/3499/4569 4438/3499/4563 4445/3499/4570
f 4347/3499/4473 4442/3499/4567 4349/3499/4475
f 4442/3499/4567 4347/3499/4473 4445/3499/4570
f 4445/3499/4570 4446/3499/4571 4444/3499/4569
f 4446/3499/4571 4440/3499/4565 4444/3499/4569
f 4446/3499/4571 4445/3499/4570 4447/3499/4572
f 4347/3499/4473 4447/3499/4572 4445/3499/4570
f 4446/3499/4571 4448/3499/4573 4440/3499/4565
f 4449/3499/4574 4440/3499/4565 4448/3499/4573
f 4448/3499/4573 4450/3499/4575 4449/3499/4574
f 4446/3499/4571 4451/3499/4576 4448/3499/4573
f 4451/3499/4576 4450/3499/4575 4448/3499/4573
f 4447/3499/4572 4451/3499/4576 4446/3499/4571
f 4450/3499/4575 4451/3499/4576 4452/3499/4577
f 4452/3499/4577 4451/3499/4576 4453/3499/4578
f 4453/3499/4578 4451/3499/4576 4454/3499/4579
f 4451/3499/4576 4447/3499/4572 4454/3499/4579
f 4453/3499/4578 4454/3499/4579 4455/3499/4580
f 4455/3499/4580 4454/3499/4579 4345/3499/4471
f 4454/3499/4579 4447/3499/4572 4456/3499/4581
f 4454/3499/4579 4456/3499/4581 4345/3499/4471
f 4347/3499/4473 4456/3499/4581 4447/3499/4572
f 4345/3499/4471 4456/3499/4581 4346/3499/4472
f 4456/3499/4581 4347/3499/4473 4346/3499/4472
f 4457/3499/4582 4458/3499/4583 4459/3499/4584
f 4458/3499/4583 4457/3499/4582 4460/3499/4585
f 4461/3499/4586 4458/3499/4583 4460/3499/4585
f 4460/3499/4585 4462/3499/4587 4461/3499/4586
f 4461/3499/4586 4463/3499/4588 4458/3499/4583
f 4463/3499/4588 4459/3499/4584 4458/3499/4583
f 4463/3499/4588 4461/3499/4586 4464/3499/4589
f 4463/3499/4588 4465/3499/4590 4459/3499/4584
f 4464/3499/4589 4465/3499/4590 4463/3499/4588
f 4459/3499/4584 4465/3499/4590 4466/3499/4591
f 4467/3499/4592 4466/3499/4591 4465/3499/4590
f 4465/3499/4590 4464/3499/4589 4468/3499/4593
f 4465/3499/4590 4469/3499/4594 4467/3499/4592
f 4468/3499/4593 4469/3499/4594 4465/3499/4590
f 4469/3499/4594 4468/3499/4593 4470/3499/4595
f 4471/3499/4596 4472/3499/4597 4473/3499/4598
f 4474/3499/4599 4475/3499/4600 4472/3499/4597
f 4471/3499/4596 4474/3499/4599 4472/3499/4597
f 4476/3499/4601 4474/3499/4599 4471/3499/4596
f 4477/3499/4602 4476/3499/4601 4471/3499/4596
f 4471/3499/4596 4478/3499/4603 4477/3499/4602
f 4471/3499/4596 4473/3499/4598 4479/3499/4604
f 4478/3499/4603 4471/3499/4596 4479/3499/4604
f 4480/3499/4605 4479/3499/4604 4473/3499/4598
f 4481/3499/4606 4478/3499/4603 4479/3499/4604
f 4480/3499/4605 4481/3499/4606 4479/3499/4604
f 4481/3499/4606 4482/3499/4607 4478/3499/4603
f 4481/3499/4606 4483/3499/4608 4482/3499/4607
f 4480/3499/4605 4483/3499/4608 4481/3499/4606
f 4483/3499/4608 4480/3499/4605 4484/3499/4609
f 4485/3499/4610 4486/3499/4611 4487/3499/4612
f 4485/3499/4610 4487/3499/4612 4488/3499/4613
f 4487/3499/4612 4489/3499/4614 4488/3499/4613
f 4490/3499/4615 4489/3499/4614 4487/3499/4612
f 4486/3499/4611 4490/3499/4615 4487/3499/4612
f 4489/3499/4614 4490/3499/4615 4491/3499/4616
f 4490/3499/4615 4486/3499/4611 4492/3499/4617
f 4486/3499/4611 4485/3499/4610 4493/3499/4618
f 4493/3499/4618 4492/3499/4617 4486/3499/4611
f 4485/3499/4610 4494/3499/4619 4493/3499/4618
f 4495/3499/4620 4493/3499/4618 4494/3499/4619
f 4492/3499/4617 4493/3499/4618 4496/3499/4621
f 4497/3499/4622 4493/3499/4618 4495/3499/4620
f 4497/3499/4622 4496/3499/4621 4493/3499/4618
f 4496/3499/4621 4497/3499/4622 4498/3499/4623
f 4499/3499/4624 4500/3499/4625 4501/3499/4626
f 4499/3499/4624 4502/3499/4627 4500/3499/4625
f 4503/3499/4628 4501/3499/4626 4500/3499/4625
f 4504/3499/4629 4503/3499/4628 4505/3499/4630
f 4503/3499/4628 4504/3499/4629 4501/3499/4626
f 4501/3499/4626 4504/3499/4629 4506/3499/4631
f 4501/3499/4626 4506/3499/4631 4507/3499/4632
f 4501/3499/4626 4507/3499/4632 4508/3499/4633
f 4501/3499/4626 4508/3499/4633 4499/3499/4624
f 4508/3499/4633 4509/3499/4634 4499/3499/4624
f 4502/3499/4627 4499/3499/4624 4509/3499/4634
f 4509/3499/4634 4508/3499/4633 4510/3499/4635
f 4509/3499/4634 4510/3499/4635 4511/3499/4636
f 4511/3499/4636 4502/3499/4627 4509/3499/4634
f 4502/3499/4627 4511/3499/4636 4512/3499/4637
f 4513/3499/4638 4514/3499/4639 4515/3499/4640
f 4516/3499/4641 4515/3499/4640 4514/3499/4639
f 4514/3499/4639 4517/3499/4642 4516/3499/4641
f 4518/3499/4643 4516/3499/4641 4517/3499/4642
f 4517/3499/4642 4519/3499/4644 4518/3499/4643
f 4518/3499/4643 4519/3499/4644 4520/3499/4645
f 4521/3499/4646 4522/3499/4647 4523/3499/4648
f 4522/3499/4647 4521/3499/4646 4524/3499/4649
f 4525/3499/4650 4522/3499/4647 4524/3499/4649
f 4525/3499/4650 4524/3499/4649 4526/3499/4651
f 4527/3499/4652 4525/3499/4650 4526/3499/4651
f 4527/3499/4652 4526/3499/4651 4528/3499/4653
f 4529/3499/4654 4530/3499/4655 4531/3499/4656
f 4530/3499/4655 4529/3499/4654 4532/3499/4657
f 4531/3499/4656 4533/3499/4658 4529/3499/4654
f 4531/3499/4656 4534/3499/4659 4533/3499/4658
f 4534/3499/4659 4535/3499/4660 4533/3499/4658
f 4534/3499/4659 4536/3499/4661 4535/3499/4660
f 4537/3499/4662 4538/3499/4663 4539/3499/4664
f 4538/3499/4663 4537/3499/4662 4540/3499/4665
f 4541/3499/4666 4540/3499/4665 4537/3499/4662
f 4540/3499/4665 4541/3499/4666 4542/3499/4667
f 4543/3499/4668 4542/3499/4667 4541/3499/4666
f 4542/3499/4667 4543/3499/4668 4544/3499/4669
f 4545/3499/4670 4546/3499/4671 4547/3499/4672
f 4546/3499/4671 4548/3499/4673 4547/3499/4672
f 4545/3499/4670 4549/3499/4674 4546/3499/4671
f 4549/3499/4674 4545/3499/4670 4550/3499/4675
f 4549/3499/4674 4550/3499/4675 4551/3499/4676
f 4552/3499/4677 4553/3499/4678 4554/3499/4679
f 4553/3499/4678 4555/3499/4680 4554/3499/4679
f 4553/3499/4678 4552/3499/4677 4556/3499/4681
f 4556/3499/4681 4552/3499/4677 4557/3499/4682
f 4556/3499/4681 4557/3499/4682 4558/3499/4683
f 4559/3499/4684 4560/3499/4685 4561/3499/4686
f 4561/3499/4686 4562/3499/4687 4559/3499/4684
f 4562/3499/4687 4563/3499/4688 4559/3499/4684
f 4560/3499/4685 4559/3499/4684 4564/3499/4689
f 4564/3499/4689 4565/3499/4690 4560/3499/4685
f 4565/3499/4690 4564/3499/4689 4566/3499/4691
f 4567/3499/4692 4568/3499/4693 4569/3499/4694
f 4570/3499/4695 4567/3499/4692 4569/3499/4694
f 4571/3499/4696 4567/3499/4692 4570/3499/4695
f 4569/3499/4694 4568/3499/4693 4572/3499/4697
f 4573/3499/4698 4572/3499/4697 4568/3499/4693
f 4568/3499/4693 4574/3499/4699 4573/3499/4698
f 4575/3499/4700 4576/3499/4701 4577/3499/4702
f 4578/3499/4703 4576/3499/4701 4575/3499/4700
f 4578/3499/4703 4575/3499/4700 4579/3499/4704
f 4580/3499/4705 4578/3499/4703 4579/3499/4704
f 4579/3499/4704 4581/3499/4706 4580/3499/4705
f 4581/3499/4706 4579/3499/4704 4582/3499/4707
f 4583/3499/4708 4584/3499/4709 4585/3499/4710
f 4584/3499/4709 4583/3499/4708 4586/3499/4711
f 4587/3499/4712 4584/3499/4709 4586/3499/4711
f 4586/3499/4711 4588/3499/4713 4587/3499/4712
f 4589/3499/4714 4587/3499/4712 4588/3499/4713
f 4587/3499/4712 4589/3499/4714 4590/3499/4715
f 4591/3499/4716 4592/3499/4717 4593/3499/4718
f 4591/3499/4716 4593/3499/4718 4594/3499/4719
f 4594/3499/4719 4595/3499/4720 4591/3499/4716
f 4595/3499/4720 4594/3499/4719 4596/3499/4721
f 4597/3499/4722 4595/3499/4720 4596/3499/4721
f 4595/3499/4720 4597/3499/4722 4598/3499/4723
f 4599/3499/4724 4600/3499/4725 4601/3499/4726
f 4600/3499/4725 4599/3499/4724 4602/3499/4727
f 4600/3499/4725 4603/3499/4728 4601/3499/4726
f 4601/3499/4726 4603/3499/4728 4604/3499/4729
f 4603/3499/4728 4605/3499/4730 4604/3499/4729
f 4605/3499/4730 4603/3499/4728 4606/3499/4731
f 4607/3499/4732 4608/3499/4733 4609/3499/4734
f 4608/3499/4733 4610/3499/4735 4609/3499/4734
f 4610/3499/4735 4608/3499/4733 4611/3499/4736
f 4611/3499/4736 4612/3499/4737 4610/3499/4735
f 4613/3499/4738 4614/3499/4739 4615/3499/4740
f 4616/3499/4741 4615/3499/4740 4614/3499/4739
f 4615/3499/4740 4616/3499/4741 4617/3499/4742
f 4617/3499/4742 4616/3499/4741 4618/3499/4743
f 4619/3499/4744 4620/3499/4745 4621/3499/4746
f 4622/3499/4747 4621/3499/4746 4620/3499/4745
f 4621/3499/4746 4622/3499/4747 4623/3499/4748
f 4623/3499/4748 4622/3499/4747 4624/3499/4749
f 4625/3499/4750 4626/3499/4751 4627/3499/4752
f 4626/3499/4751 4628/3499/4753 4627/3499/4752
f 4628/3499/4753 4626/3499/4751 4629/3499/4754
f 4629/3499/4754 4630/3499/4755 4628/3499/4753
f 4631/3499/4756 4632/3499/4757 4633/3499/4758
f 4634/3499/4759 4635/3499/4760 4633/3499/4758
f 4632/3499/4757 4634/3499/4759 4633/3499/4758
f 4636/3499/4761 4634/3499/4759 4632/3499/4757
f 4634/3499/4759 4636/3499/4761 4637/3499/4762
f 4636/3499/4761 4632/3499/4757 4638/3499/4763
f 4632/3499/4757 4639/3499/4764 4638/3499/4763
f 4632/3499/4757 4640/3499/4765 4639/3499/4764
f 4641/3499/4766 4638/3499/4763 4639/3499/4764
f 4642/3499/4767 4641/3499/4766 4639/3499/4764
f 4641/3499/4766 4643/3499/4768 4638/3499/4763
f 4643/3499/4768 4641/3499/4766 4644/3499/4769
f 4638/3499/4763 4643/3499/4768 4645/3499/4770
f 4646/3499/4771 4645/3499/4770 4643/3499/4768
f 4647/3499/4772 4646/3499/4771 4643/3499/4768
f 4645/3499/4770 4646/3499/4771 4648/3499/4773
f 4648/3499/4773 4646/3499/4771 4649/3499/4774
f 4650/3499/4775 4645/3499/4770 4648/3499/4773
f 4648/3499/4773 4651/3499/4776 4650/3499/4775
f 4652/3499/4777 4650/3499/4775 4651/3499/4776
f 4651/3499/4776 4648/3499/4773 4653/3499/4778
f 4654/3499/4779 4653/3499/4778 4648/3499/4773
f 4651/3499/4776 4653/3499/4778 4655/3499/4780
f 4656/3499/4781 4657/3499/4782 4658/3499/4783
f 4659/3499/4784 4657/3499/4782 4660/3499/4785
f 4659/3499/4784 4658/3499/4783 4657/3499/4782
f 4659/3499/4784 4661/3499/4786 4658/3499/4783
f 4661/3499/4786 4659/3499/4784 4662/3499/4787
f 4661/3499/4786 4663/3499/4788 4658/3499/4783
f 4663/3499/4788 4664/3499/4789 4658/3499/4783
f 4658/3499/4783 4664/3499/4789 4665/3499/4790
f 4664/3499/4789 4663/3499/4788 4666/3499/4791
f 4667/3499/4792 4664/3499/4789 4666/3499/4791
f 4668/3499/4793 4666/3499/4791 4663/3499/4788
f 4666/3499/4791 4668/3499/4793 4669/3499/4794
f 4663/3499/4788 4670/3499/4795 4668/3499/4793
f 4670/3499/4795 4671/3499/4796 4668/3499/4793
f 4672/3499/4797 4668/3499/4793 4671/3499/4796
f 4671/3499/4796 4670/3499/4795 4673/3499/4798
f 4673/3499/4798 4674/3499/4799 4671/3499/4796
f 4675/3499/4800 4673/3499/4798 4670/3499/4795
f 4675/3499/4800 4676/3499/4801 4673/3499/4798
f 4676/3499/4801 4675/3499/4800 4677/3499/4802
f 4673/3499/4798 4676/3499/4801 4678/3499/4803
f 4678/3499/4803 4676/3499/4801 4679/3499/4804
f 4680/3499/4805 4673/3499/4798 4678/3499/4803
f 4681/3499/4806 4682/3499/4807 4683/3499/4808
f 4682/3499/4807 4681/3499/4806 4684/3499/4809
f 4685/3499/4810 4682/3499/4807 4684/3499/4809
f 4685/3499/4810 4684/3499/4809 4686/3499/4811
f 4687/3499/4812 4685/3499/4810 4686/3499/4811
f 4685/3499/4810 4687/3499/4812 4688/3499/4813
f 4689/3499/4814 4690/3499/4815 4691/3499/4816
f 4690/3499/4815 4689/3499/4814 4692/3499/4817
f 4693/3499/4818 4691/3499/4816 4690/3499/4815
f 4694/3499/4819 4691/3499/4816 4693/3499/4818
f 4693/3499/4818 4695/3499/4820 4694/3499/4819
f 4695/3499/4820 4693/3499/4818 4696/3499/4821
f 4697/3499/4822 4698/3499/4823 4699/3499/4824
f 4698/3499/4823 4697/3499/4822 4700/3499/4825
f 4701/3499/4826 4697/3499/4822 4699/3499/4824
f 4700/3499/4825 4702/3499/4827 4698/3499/4823
f 4699/3499/4824 4703/3499/4828 4701/3499/4826
f 4702/3499/4827 4700/3499/4825 4704/3499/4829
f 4703/3499/4828 4699/3499/4824 4705/3499/4830
f 4704/3499/4829 4706/3499/4831 4702/3499/4827
f 4707/3499/4832 4703/3499/4828 4705/3499/4830
f 4706/3499/4831 4704/3499/4829 4708/3499/4833
f 4703/3499/4828 4707/3499/4832 4709/3499/4834
f 4710/3499/4835 4709/3499/4834 4707/3499/4832
f 4709/3499/4834 4710/3499/4835 4711/3499/4836
f 4708/3499/4833 4712/3499/4837 4706/3499/4831
f 4713/3499/4838 4712/3499/4837 4708/3499/4833
f 4712/3499/4837 4713/3499/4838 4714/3499/4839
f 4713/3499/4838 4715/3499/4840 4714/3499/4839
f 4714/3499/4839 4715/3499/4840 4716/3499/4841
f 4717/3499/4842 4716/3499/4841 4715/3499/4840
f 4716/3499/4841 4717/3499/4842 4718/3499/4843
f 4719/3499/4844 4718/3499/4843 4717/3499/4842
f 4720/3499/4845 4718/3499/4843 4719/3499/4844
f 4718/3499/4843 4720/3499/4845 4721/3499/4846
f 4720/3499/4845 4722/3499/4847 4721/3499/4846
f 4722/3499/4847 4720/3499/4845 4723/3499/4848
f 4724/3499/4849 4722/3499/4847 4723/3499/4848
f 4724/3499/4849 4725/3499/4850 4722/3499/4847
f 4723/3499/4848 4726/3499/4851 4724/3499/4849
f 4727/3499/4852 4728/3499/4853 4729/3499/4854
f 4730/3499/4855 4729/3499/4854 4728/3499/4853
f 4728/3499/4853 4727/3499/4852 4731/3499/4856
f 4729/3499/4854 4730/3499/4855 4732/3499/4857
f 4733/3499/4858 4731/3499/4856 4727/3499/4852
f 4730/3499/4855 4734/3499/4859 4732/3499/4857
f 4735/3499/4860 4731/3499/4856 4733/3499/4858
f 4732/3499/4857 4734/3499/4859 4736/3499/4861
f 4735/3499/4860 4737/3499/4862 4731/3499/4856
f 4734/3499/4859 4738/3499/4863 4736/3499/4861
f 4735/3499/4860 4739/3499/4864 4737/3499/4862
f 4736/3499/4861 4738/3499/4863 4740/3499/4865
f 4739/3499/4864 4735/3499/4860 4741/3499/4866
f 4741/3499/4866 4742/3499/4867 4739/3499/4864
f 4742/3499/4867 4741/3499/4866 4743/3499/4868
f 4740/3499/4865 4738/3499/4863 4744/3499/4869
f 4744/3499/4869 4745/3499/4870 4740/3499/4865
f 4746/3499/4871 4745/3499/4870 4744/3499/4869
f 4746/3499/4871 4747/3499/4872 4745/3499/4870
f 4747/3499/4872 4746/3499/4871 4748/3499/4873
f 4748/3499/4873 4749/3499/4874 4747/3499/4872
f 4748/3499/4873 4750/3499/4875 4749/3499/4874
f 4750/3499/4875 4748/3499/4873 4751/3499/4876
f 4752/3499/4877 4750/3499/4875 4751/3499/4876
f 4750/3499/4875 4752/3499/4877 4753/3499/4878
f 4754/3499/4879 4753/3499/4878 4752/3499/4877
f 4753/3499/4878 4754/3499/4879 4755/3499/4880
f 4754/3499/4879 4752/3499/4877 4756/3499/4881
f 4757/3499/4882 4758/3499/4883 4759/3499/4884
f 4760/3499/4885 4759/3499/4884 4758/3499/4883
f 4758/3499/4883 4757/3499/4882 4761/3499/4886
f 4759/3499/4884 4760/3499/4885 4762/3499/4887
f 4763/3499/4888 4761/3499/4886 4757/3499/4882
f 4762/3499/4887 4764/3499/4889 4759/3499/4884
f 4761/3499/4886 4763/3499/4888 4765/3499/4890
f 4762/3499/4887 4766/3499/4891 4764/3499/4889
f 4767/3499/4892 4765/3499/4890 4763/3499/4888
f 4766/3499/4891 4762/3499/4887 4768/3499/4893
f 4768/3499/4893 4769/3499/4894 4766/3499/4891
f 4769/3499/4894 4768/3499/4893 4770/3499/4895
f 4767/3499/4892 4771/3499/4896 4765/3499/4890
f 4771/3499/4896 4767/3499/4892 4772/3499/4897
f 4772/3499/4897 4773/3499/4898 4771/3499/4896
f 4774/3499/4899 4773/3499/4898 4772/3499/4897
f 4773/3499/4898 4774/3499/4899 4775/3499/4900
f 4776/3499/4901 4775/3499/4900 4774/3499/4899
f 4775/3499/4900 4776/3499/4901 4777/3499/4902
f 4777/3499/4902 4776/3499/4901 4778/3499/4903
f 4777/3499/4902 4778/3499/4903 4779/3499/4904
f 4778/3499/4903 4780/3499/4905 4779/3499/4904
f 4780/3499/4905 4778/3499/4903 4781/3499/4906
f 4780/3499/4905 4781/3499/4906 4782/3499/4907
f 4782/3499/4907 4783/3499/4908 4780/3499/4905
f 4784/3499/4909 4783/3499/4908 4782/3499/4907
f 4783/3499/4908 4784/3499/4909 4785/3499/4910
f 4784/3499/4909 4782/3499/4907 4786/3499/4911
f 4787/3499/4912 4788/3499/4913 4789/3499/4914
f 4789/3499/4914 4790/3499/4915 4787/3499/4912
f 4788/3499/4913 4787/3499/4912 4791/3499/4916
f 4790/3499/4915 4789/3499/4914 4792/3499/4917
f 4793/3499/4918 4788/3499/4913 4791/3499/4916
f 4790/3499/4915 4792/3499/4917 4794/3499/4919
f 4793/3499/4918 4791/3499/4916 4795/3499/4920
f 4792/3499/4917 4796/3499/4921 4794/3499/4919
f 4797/3499/4922 4795/3499/4920 4791/3499/4916
f 4794/3499/4919 4796/3499/4921 4798/3499/4923
f 4799/3499/4924 4795/3499/4920 4797/3499/4922
f 4796/3499/4921 4800/3499/4925 4798/3499/4923
f 4795/3499/4920 4799/3499/4924 4801/3499/4926
f 4802/3499/4927 4801/3499/4926 4799/3499/4924
f 4801/3499/4926 4802/3499/4927 4803/3499/4928
f 4800/3499/4925 4804/3499/4929 4798/3499/4923
f 4805/3499/4930 4804/3499/4929 4800/3499/4925
f 4805/3499/4930 4806/3499/4931 4804/3499/4929
f 4807/3499/4932 4806/3499/4931 4805/3499/4930
f 4807/3499/4932 4808/3499/4933 4806/3499/4931
f 4809/3499/4934 4808/3499/4933 4807/3499/4932
f 4810/3499/4935 4808/3499/4933 4809/3499/4934
f 4808/3499/4933 4810/3499/4935 4811/3499/4936
f 4811/3499/4936 4810/3499/4935 4812/3499/4937
f 4810/3499/4935 4813/3499/4938 4812/3499/4937
f 4812/3499/4937 4813/3499/4938 4814/3499/4939
f 4815/3499/4940 4814/3499/4939 4813/3499/4938
f 4814/3499/4939 4816/3499/4941 4812/3499/4937
f 4817/3499/4942 4818/3499/4943 4819/3499/4944
f 4818/3499/4943 4817/3499/4942 4820/3499/4945
f 4821/3499/4946 4820/3499/4945 4817/3499/4942
f 4820/3499/4945 4821/3499/4946 4822/3499/4947
f 4823/3499/4948 4822/3499/4947 4821/3499/4946
f 4822/3499/4947 4823/3499/4948 4824/3499/4949
f 4825/3499/4950 4824/3499/4949 4823/3499/4948
f 4824/3499/4949 4825/3499/4950 4826/3499/4951
f 4827/3499/4952 4828/3499/4953 4829/3499/4954
f 4828/3499/4953 4827/3499/4952 4830/3499/4955
f 4830/3499/4955 4831/3499/4956 4828/3499/4953
f 4831/3499/4956 4830/3499/4955 4832/3499/4957
f 4832/3499/4957 4833/3499/4958 4831/3499/4956
f 4833/3499/4958 4832/3499/4957 4834/3499/4959
f 4834/3499/4959 4835/3499/4960 4833/3499/4958
f 4835/3499/4960 4834/3499/4959 4836/3499/4961
f 4837/3499/4962 4838/3499/4963 4839/3499/4964
f 4838/3499/4963 4837/3499/4962 4840/3499/4965
f 4839/3499/4964 4841/3499/4966 4837/3499/4962
f 4841/3499/4966 4839/3499/4964 4842/3499/4967
f 4842/3499/4967 4843/3499/4968 4841/3499/4966
f 4843/3499/4968 4842/3499/4967 4844/3499/4969
f 4844/3499/4969 4845/3499/4970 4843/3499/4968
f 4845/3499/4970 4844/3499/4969 4846/3499/4971
f 4847/3499/4972 4848/3499/4973 4849/3499/4974
f 4848/3499/4973 4847/3499/4972 4850/3499/4975
f 4851/3499/4976 4850/3499/4975 4847/3499/4972
f 4850/3499/4975 4851/3499/4976 4852/3499/4977
f 4853/3499/4978 4852/3499/4977 4851/3499/4976
f 4852/3499/4977 4853/3499/4978 4854/3499/4979
f 4855/3499/4980 4854/3499/4979 4853/3499/4978
f 4854/3499/4979 4855/3499/4980 4856/3499/4981
f 4857/3499/4982 4858/3499/4983 4859/3499/4984
f 4858/3499/4983 4857/3499/4982 4860/3499/4985
f 4861/3499/4986 4858/3499/4983 4860/3499/4985
f 4859/3499/4984 4862/3499/4987 4857/3499/4982
f 4862/3499/4987 4859/3499/4984 4863/3499/4988
f 4864/3499/4989 4862/3499/4987 4863/3499/4988
f 4864/3499/4989 4865/3499/4990 4862/3499/4987
f 4865/3499/4990 4864/3499/4989 4866/3499/4991
f 4866/3499/4991 4867/3499/4992 4865/3499/4990
f 4868/3499/4993 4869/3499/4994 4870/3499/4995
f 4871/3499/4996 4870/3499/4995 4869/3499/4994
f 4869/3499/4994 4868/3499/4993 4872/3499/4997
f 4873/3499/4998 4872/3499/4997 4868/3499/4993
f 4872/3499/4997 4873/3499/4998 4874/3499/4999
f 4874/3499/4999 4873/3499/4998 4875/3499/5000
f 4876/3499/5001 4875/3499/5000 4873/3499/4998
f 4875/3499/5000 4876/3499/5001 4877/3499/5002
f 4876/3499/5001 4878/3499/5003 4877/3499/5002
f 4879/3499/5004 4880/3499/5005 4881/3499/5006
f 4882/3499/5007 4881/3499/5006 4880/3499/5005
f 4880/3499/5005 4879/3499/5004 4883/3499/5008
f 4884/3499/5009 4883/3499/5008 4879/3499/5004
f 4883/3499/5008 4884/3499/5009 4885/3499/5010
f 4884/3499/5009 4886/3499/5011 4885/3499/5010
f 4886/3499/5011 4884/3499/5009 4887/3499/5012
f 4887/3499/5012 4888/3499/5013 4886/3499/5011
f 4888/3499/5013 4887/3499/5012 4889/3499/5014
f 4890/3499/5015 4891/3499/5016 4892/3499/5017
f 4893/3499/5018 4890/3499/5015 4892/3499/5017
f 4891/3499/5016 4890/3499/5015 4894/3499/5019
f 4894/3499/5019 4895/3499/5020 4891/3499/5016
f 4895/3499/5020 4894/3499/5019 4896/3499/5021
f 4895/3499/5020 4896/3499/5021 4897/3499/5022
f 4895/3499/5020 4897/3499/5022 4898/3499/5023
f 4897/3499/5022 4899/3499/5024 4898/3499/5023
f 4898/3499/5023 4899/3499/5024 4900/3499/5025
f 4901/3499/5026 4902/3499/5027 4903/3499/5028
f 4902/3499/5027 4901/3499/5026 4904/3499/5029
f 4905/3499/5030 4902/3499/5027 4904/3499/5029
f 4903/3499/5028 4906/3499/5031 4901/3499/5026
f 4906/3499/5031 4903/3499/5028 4907/3499/5032
f 4908/3499/5033 4906/3499/5031 4907/3499/5032
f 4908/3499/5033 4909/3499/5034 4906/3499/5031
f 4909/3499/5034 4908/3499/5033 4910/3499/5035
f 4911/3499/5036 4912/3499/5037 4913/3499/5038
f 4914/3499/5039 4913/3499/5038 4912/3499/5037
f 4912/3499/5037 4911/3499/5036 4915/3499/5040
f 4916/3499/5041 4915/3499/5040 4911/3499/5036
f 4915/3499/5040 4916/3499/5041 4917/3499/5042
f 4918/3499/5043 4917/3499/5042 4916/3499/5041
f 4919/3499/5044 4918/3499/5043 4916/3499/5041
f 4918/3499/5043 4919/3499/5044 4920/3499/5045
f 4921/3499/5046 4922/3499/5047 4923/3499/5048
f 4922/3499/5047 4921/3499/5046 4924/3499/5049
f 4925/3499/5050 4924/3499/5049 4921/3499/5046
f 4926/3499/5051 4923/3499/5048 4922/3499/5047
f 4923/3499/5048 4926/3499/5051 4927/3499/5052
f 4926/3499/5051 4928/3499/5053 4927/3499/5052
f 4929/3499/5054 4928/3499/5053 4926/3499/5051
f 4928/3499/5053 4929/3499/5054 4930/3499/5055
f 4931/3499/5056 4932/3499/5057 4933/3499/5058
f 4934/3499/5059 4931/3499/5056 4933/3499/5058
f 4932/3499/5057 4931/3499/5056 4935/3499/5060
f 4935/3499/5060 4936/3499/5061 4932/3499/5057
f 4936/3499/5061 4935/3499/5060 4937/3499/5062
f 4937/3499/5062 4938/3499/5063 4936/3499/5061
f 4936/3499/5061 4938/3499/5063 4939/3499/5064
f 4940/3499/5065 4939/3499/5064 4938/3499/5063
f 4941/3499/5066 4942/3499/5067 4943/3499/5068
f 4942/3499/5067 4941/3499/5066 4944/3499/5069
f 4945/3499/5070 4942/3499/5067 4944/3499/5069
f 4943/3499/5068 4946/3499/5071 4941/3499/5066
f 4946/3499/5071 4943/3499/5068 4947/3499/5072
f 4947/3499/5072 4948/3499/5073 4946/3499/5071
f 4948/3499/5073 4947/3499/5072 4949/3499/5074
f 4950/3499/5075 4948/3499/5073 4949/3499/5074
f 4951/3499/5076 4948/3499/5073 4950/3499/5075
f 4952/3499/5077 4953/3499/5078 4954/3499/5079
f 4955/3499/5080 4954/3499/5079 4953/3499/5078
f 4953/3499/5078 4952/3499/5077 4956/3499/5081
f 4957/3499/5082 4956/3499/5081 4952/3499/5077
f 4956/3499/5081 4957/3499/5082 4958/3499/5083
f 4959/3499/5084 4958/3499/5083 4957/3499/5082
f 4958/3499/5083 4959/3499/5084 4960/3499/5085
f 4959/3499/5084 4961/3499/5086 4960/3499/5085
f 4961/3499/5086 4959/3499/5084 4962/3499/5087
f 4963/3499/5088 4964/3499/5089 4965/3499/5090
f 4964/3499/5089 4963/3499/5088 4966/3499/5091
f 4967/3499/5092 4966/3499/5091 4963/3499/5088
f 4968/3499/5093 4965/3499/5090 4964/3499/5089
f 4965/3499/5090 4968/3499/5093 4969/3499/5094
f 4970/3499/5095 4969/3499/5094 4968/3499/5093
f 4969/3499/5094 4970/3499/5095 4971/3499/5096
f 4972/3499/5097 4971/3499/5096 4970/3499/5095
f 4973/3499/5098 4972/3499/5097 4970/3499/5095
f 4974/3499/5099 4975/3499/5100 4976/3499/5101
f 4977/3499/5102 4974/3499/5099 4976/3499/5101
f 4975/3499/5100 4974/3499/5099 4978/3499/5103
f 4978/3499/5103 4979/3499/5104 4975/3499/5100
f 4979/3499/5104 4978/3499/5103 4980/3499/5105
f 4980/3499/5105 4981/3499/5106 4979/3499/5104
f 4981/3499/5106 4980/3499/5105 4982/3499/5107
f 4981/3499/5106 4982/3499/5107 4983/3499/5108
f 4981/3499/5106 4983/3499/5108 4984/3499/5109
f 4985/3499/5110 4986/3499/5111 4987/3499/5112
f 4986/3499/5111 4988/3499/5113 4987/3499/5112
f 4989/3499/5114 4987/3499/5112 4988/3499/5113
f 4990/3499/5115 4989/3499/5114 4988/3499/5113
f 4989/3499/5114 4990/3499/5115 4991/3499/5116
f 4991/3499/5116 4990/3499/5115 4992/3499/5117
f 4993/3499/5118 4991/3499/5116 4992/3499/5117
f 4993/3499/5118 4992/3499/5117 4994/3499/5119
f 4995/3499/5120 4993/3499/5118 4994/3499/5119
f 4996/3499/5121 4997/3499/5122 4998/3499/5123
f 4999/3499/5124 4998/3499/5123 4997/3499/5122
f 4999/3499/5124 4997/3499/5122 5000/3499/5125
f 5000/3499/5125 5001/3499/5126 4999/3499/5124
f 5001/3499/5126 5000/3499/5125 5002/3499/5127
f 5003/3499/5128 5001/3499/5126 5002/3499/5127
f 5002/3499/5127 5004/3499/5129 5003/3499/5128
f 5005/3499/5130 5003/3499/5128 5004/3499/5129
f 5004/3499/5129 5006/3499/5131 5005/3499/5130
f 5007/3499/5132 5008/3499/5133 5009/3499/5134
f 5008/3499/5133 5010/3499/5135 5009/3499/5134
f 5008/3499/5133 5011/3499/5136 5010/3499/5135
f 5011/3499/5136 5012/3499/5137 5010/3499/5135
f 5011/3499/5136 5013/3499/5138 5012/3499/5137
f 5013/3499/5138 5014/3499/5139 5012/3499/5137
f 5014/3499/5139 5013/3499/5138 5015/3499/5140
f 5015/3499/5140 5016/3499/5141 5014/3499/5139
f 5016/3499/5141 5015/3499/5140 5017/3499/5142
f 5018/3499/5143 5019/3499/5144 5020/3499/5145
f 5021/3499/5146 5020/3499/5145 5019/3499/5144
f 5020/3499/5145 5021/3499/5146 5022/3499/5147
f 5021/3499/5146 5023/3499/5148 5022/3499/5147
f 5023/3499/5148 5024/3499/5149 5022/3499/5147
f 5025/3499/5150 5024/3499/5149 5023/3499/5148
f 5024/3499/5149 5025/3499/5150 5026/3499/5151
f 5027/3499/5152 5026/3499/5151 5025/3499/5150
f 5026/3499/5151 5027/3499/5152 5028/3499/5153
f 5029/3499/5154 5030/3499/5155 5031/3499/5156
f 5030/3499/5155 5032/3499/5157 5031/3499/5156
f 5032/3499/5157 5030/3499/5155 5033/3499/5158
f 5030/3499/5155 5029/3499/5154 5034/3499/5159
f 5035/3499/5160 5034/3499/5159 5029/3499/5154
f 5034/3499/5159 5035/3499/5160 5036/3499/5161
f 5035/3499/5160 5037/3499/5162 5036/3499/5161
f 5038/3499/5163 5036/3499/5161 5037/3499/5162
f 5039/3499/5164 5038/3499/5163 5037/3499/5162
f 5040/3499/5165 5041/3499/5166 5042/3499/5167
f 5042/3499/5167 5041/3499/5166 5043/3499/5168
f 5044/3499/5169 5042/3499/5167 5043/3499/5168
f 5042/3499/5167 5044/3499/5169 5045/3499/5170
f 5040/3499/5165 5046/3499/5171 5041/3499/5166
f 5040/3499/5165 5047/3499/5172 5046/3499/5171
f 5047/3499/5172 5048/3499/5173 5046/3499/5171
f 5047/3499/5172 5049/3499/5174 5048/3499/5173
f 5050/3499/5175 5048/3499/5173 5049/3499/5174
f 5051/3499/5176 5052/3499/5177 5053/3499/5178
f 5054/3499/5179 5053/3499/5178 5052/3499/5177
f 5053/3499/5178 5054/3499/5179 5055/3499/5180
f 5051/3499/5176 5053/3499/5178 5056/3499/5181
f 5057/3499/5182 5051/3499/5176 5056/3499/5181
f 5057/3499/5182 5056/3499/5181 5058/3499/5183
f 5059/3499/5184 5057/3499/5182 5058/3499/5183
f 5058/3499/5183 5060/3499/5185 5059/3499/5184
f 5061/3499/5186 5059/3499/5184 5060/3499/5185
f 5062/3499/5187 5063/3499/5188 5064/3499/5189
f 5063/3499/5188 5065/3499/5190 5064/3499/5189
f 5063/3499/5188 5066/3499/5191 5065/3499/5190
f 5066/3499/5191 5063/3499/5188 5067/3499/5192
f 5064/3499/5189 5068/3499/5193 5062/3499/5187
f 5069/3499/5194 5062/3499/5187 5068/3499/5193
f 5068/3499/5193 5070/3499/5195 5069/3499/5194
f 5069/3499/5194 5070/3499/5195 5071/3499/5196
f 5072/3499/5197 5071/3499/5196 5070/3499/5195
f 5073/3499/5198 5074/3499/5198 5075/3499/5198
f 5076/3499/5199 5077/3499/5200 5078/3499/5200
f 5079/3499/5201 5080/3499/5201 5081/3499/5201
f 5082/3499/5202 5083/3499/5202 5084/3499/5203
f 5085/3499/5204 5086/3499/5205 5087/3499/5206
f 5086/3499/5205 5088/3499/5207 5087/3499/5206
f 5089/3499/5208 5087/3499/5206 5088/3499/5207
f 5086/3499/5205 5085/3499/5204 5090/3499/5209
f 5085/3499/5204 5091/3499/5210 5090/3499/5209
f 5092/3499/5211 5090/3499/5209 5091/3499/5210
f 5093/3499/5212 5092/3499/5211 5091/3499/5210
f 5094/3499/5213 5095/3499/5214 5096/3499/5215
f 5095/3499/5214 5094/3499/5213 5097/3499/5216
f 5098/3499/5217 5095/3499/5214 5097/3499/5216
f 5098/3499/5217 5097/3499/5216 5099/3499/5218
f 5096/3499/5215 5100/3499/5219 5094/3499/5213
f 5096/3499/5215 5101/3499/5220 5100/3499/5219
f 5102/3499/5221 5100/3499/5219 5101/3499/5220
f 5103/3499/5222 5104/3499/5223 5105/3499/5224
f 5104/3499/5223 5106/3499/5225 5105/3499/5224
f 5106/3499/5225 5104/3499/5223 5107/3499/5226
f 5103/3499/5222 5105/3499/5224 5108/3499/5227
f 5109/3499/5228 5103/3499/5222 5108/3499/5227
f 5109/3499/5228 5108/3499/5227 5110/3499/5229
f 5111/3499/5230 5109/3499/5228 5110/3499/5229
f 5112/3499/5231 5113/3499/5232 5114/3499/5233
f 5115/3499/5234 5112/3499/5231 5114/3499/5233
f 5112/3499/5231 5115/3499/5234 5116/3499/5235
f 5117/3499/5236 5114/3499/5233 5113/3499/5232
f 5118/3499/5237 5117/3499/5236 5113/3499/5232
f 5117/3499/5236 5118/3499/5237 5119/3499/5238
f 5120/3499/5239 5119/3499/5238 5118/3499/5237
f 5121/3499/5240 5122/3499/5241 5123/3499/5242
f 5122/3499/5241 5121/3499/5240 5124/3499/5243
f 5124/3499/5243 5125/3499/5244 5122/3499/5241
f 5124/3499/5243 5121/3499/5240 5126/3499/5245
f 5127/3499/5246 5126/3499/5245 5121/3499/5240
f 5128/3499/5247 5124/3499/5243 5126/3499/5245
f 5125/3499/5244 5124/3499/5243 5129/3499/5248
f 5124/3499/5243 5128/3499/5247 5130/3499/5249
f 5129/3499/5248 5131/3499/5250 5125/3499/5244
f 5131/3499/5250 5129/3499/5248 5132/3499/5251
f 5133/3499/5252 5131/3499/5250 5132/3499/5251
f 5128/3499/5247 5134/3499/5253 5130/3499/5249
f 5135/3499/5254 5130/3499/5249 5134/3499/5253
f 5136/3499/5255 5135/3499/5254 5134/3499/5253
f 5137/3499/5256 5138/3499/5257 5139/3499/5258
f 5138/3499/5257 5137/3499/5256 5140/3499/5259
f 5141/3499/5260 5140/3499/5259 5137/3499/5256
f 5138/3499/5257 5140/3499/5259 5142/3499/5261
f 5142/3499/5261 5143/3499/5262 5138/3499/5257
f 5140/3499/5259 5144/3499/5263 5142/3499/5261
f 5140/3499/5259 5141/3499/5260 5145/3499/5264
f 5140/3499/5259 5146/3499/5265 5144/3499/5263
f 5147/3499/5266 5145/3499/5264 5141/3499/5260
f 5145/3499/5264 5147/3499/5266 5148/3499/5267
f 5149/3499/5268 5148/3499/5267 5147/3499/5266
f 5146/3499/5265 5150/3499/5269 5144/3499/5263
f 5146/3499/5265 5151/3499/5270 5150/3499/5269
f 5152/3499/5271 5150/3499/5269 5151/3499/5270
f 5153/3499/5272 5154/3499/5273 5155/3499/5274
f 5154/3499/5273 5153/3499/5272 5156/3499/5275
f 5157/3499/5276 5156/3499/5275 5153/3499/5272
f 5158/3499/5277 5154/3499/5273 5156/3499/5275
f 5154/3499/5273 5158/3499/5277 5159/3499/5278
f 5160/3499/5279 5158/3499/5277 5156/3499/5275
f 5156/3499/5275 5157/3499/5276 5161/3499/5280
f 5160/3499/5279 5156/3499/5275 5162/3499/5281
f 5163/3499/5282 5161/3499/5280 5157/3499/5276
f 5161/3499/5280 5163/3499/5282 5164/3499/5283
f 5165/3499/5284 5164/3499/5283 5163/3499/5282
f 5166/3499/5285 5160/3499/5279 5162/3499/5281
f 5166/3499/5285 5162/3499/5281 5167/3499/5286
f 5168/3499/5287 5166/3499/5285 5167/3499/5286
f 5169/3499/5288 5170/3499/5289 5171/3499/5290
f 5170/3499/5289 5169/3499/5288 5172/3499/5291
f 5171/3499/5290 5173/3499/5292 5169/3499/5288
f 5170/3499/5289 5174/3499/5293 5171/3499/5290
f 5174/3499/5293 5170/3499/5289 5175/3499/5294
f 5174/3499/5293 5176/3499/5295 5171/3499/5290
f 5173/3499/5292 5171/3499/5290 5177/3499/5296
f 5178/3499/5297 5171/3499/5290 5176/3499/5295
f 5177/3499/5296 5179/3499/5298 5173/3499/5292
f 5179/3499/5298 5177/3499/5296 5180/3499/5299
f 5181/3499/5300 5179/3499/5298 5180/3499/5299
f 5182/3499/5301 5178/3499/5297 5176/3499/5295
f 5178/3499/5297 5182/3499/5301 5183/3499/5302
f 5184/3499/5303 5183/3499/5302 5182/3499/5301
