# Blender 5.2.2 LTS
# www.blender.org
mtllib tinypfsleeve.mtl
o pfsleeve
v 1.1011918 0.4018904 0.4095542
v 1.0696812 0.4226100 0.4274433
v 1.0897519 0.3998956 0.4274611
v 1.1283117 0.3817650 0.4102175
v 1.1116592 0.3777263 0.4272748
v 1.1371677 0.3835434 0.3942813
v 1.1121882 0.4040938 0.3940374
v 1.1407484 0.3842258 0.3780277
v 1.1171286 0.4052495 0.3779987
v 1.1474765 0.3857627 0.3620061
v 1.1239726 0.4071017 0.3624191
v 1.1580885 0.3609590 0.3940369
v 1.1604471 0.3613790 0.3777096
v 1.1464580 0.3583913 0.4096577
v 1.1337323 0.3555041 0.4270844
v 1.1781420 0.3379690 0.3936551
v 1.1698625 0.3365338 0.4094802
v 1.1551533 0.3331568 0.4267523
v 1.1950165 0.3144518 0.3932470
v 1.1929657 0.3143495 0.4094306
v 1.1780187 0.3109618 0.4268050
v 1.1994499 0.2897539 0.4092920
v 1.1854850 0.2874203 0.4263000
v 1.1794188 0.3381836 0.3773705
v 1.1614074 0.3615953 0.3614690
v 1.1701184 0.2697565 0.4263515
v 1.1923257 0.3138826 0.3771411
v 1.2004456 0.2896937 0.3930923
v 1.1818316 0.3386975 0.3611789
v 1.2001964 0.2895944 0.3768810
v 1.1779980 0.2647380 0.3930669
v 1.1873464 0.3131243 0.3609220
v 1.1997619 0.2894328 0.3607170
v 1.1774406 0.3379034 0.3448719
v 1.1685146 0.3630367 0.3452174
v 1.1504176 0.3861982 0.3457904
v 1.1277965 0.4079856 0.3465122
v 1.1003126 0.4284423 0.3470535
v 1.0973653 0.4273796 0.3308642
v 1.0758973 0.4501380 0.3307406
v 1.1003866 0.4285051 0.3141810
v 1.1254824 0.4071757 0.3302217
v 1.1526313 0.3865519 0.3293908
v 1.1230358 0.4065997 0.3136401
v 1.0926925 0.4267663 0.2975183
v 1.0693696 0.4489752 0.2975699
v 1.0918849 0.4272653 0.2806773
v 1.1201476 0.4061950 0.2969432
v 1.1180482 0.4061148 0.2802629
v 1.1477905 0.3855527 0.2962853
v 1.1460037 0.3849074 0.3129735
v 1.1683266 0.3628492 0.3288343
v 1.1695598 0.3630899 0.3124656
v 1.1685283 0.3628209 0.2961144
v 1.1828199 0.3388443 0.3285402
v 1.1850941 0.3390970 0.3122270
v 1.1353722 0.3827033 0.2639580
v 1.0914839 0.3997621 0.2471621
v 1.1117105 0.4047895 0.2640843
v 1.0633146 0.4205236 0.2479693
v 1.1421698 0.3843101 0.2800948
v 1.1654873 0.3621469 0.2797431
v 1.1794446 0.3379413 0.2960309
v 1.0839566 0.4255569 0.2645982
v 1.0412150 0.4426530 0.2478760
v 1.0586090 0.4469699 0.2647958
v 1.0242754 0.4661566 0.2467861
v 1.0392899 0.4700219 0.2643011
v 0.9928294 0.4833238 0.2472714
v 1.0053783 0.4877150 0.2641827
v 1.0055980 0.4874389 0.2803600
v 1.0678157 0.4491555 0.2807822
v 1.0394133 0.4697980 0.2805864
v 1.0064029 0.4873787 0.2966296
v 1.0396327 0.4692856 0.2970435
v 1.0058235 0.4864344 0.3130711
v 1.0418536 0.4695118 0.3136255
v 1.0077640 0.4870172 0.3292551
v 1.0466405 0.4710505 0.3299596
v 1.0073075 0.4862993 0.3454202
v 1.0770365 0.4506647 0.3141383
v 1.0481085 0.4716415 0.3461783
v 1.0073073 0.4865241 0.3614934
v 1.0460318 0.4708522 0.3620675
v 1.0825457 0.4522821 0.3467982
v 1.0072752 0.4871157 0.3776316
v 1.0466813 0.4714175 0.3779283
v 1.0829646 0.4523337 0.3626122
v 1.1086557 0.4305875 0.3626986
v 1.0808865 0.4514448 0.3783195
v 1.0457925 0.4716071 0.3940401
v 1.0075499 0.4884040 0.3936751
v 1.0418882 0.4714449 0.4099543
v 1.0077176 0.4897233 0.4095605
v 0.9959055 0.4867906 0.4260459
v 1.0276761 0.4691621 0.4270775
v 1.0723552 0.4491574 0.3940392
v 1.0661270 0.4484221 0.4100736
v 1.0470917 0.4452442 0.4270142
v 1.1034700 0.4287718 0.3783712
v 1.0923777 0.4261291 0.3938626
v 1.0798824 0.4238431 0.4093819
v 1.1986047 0.3147202 0.3122796
v 1.2005578 0.3150342 0.2960136
v 1.1934002 0.3139404 0.3284065
v 1.2028422 0.2898502 0.3121683
v 1.2039546 0.2897707 0.2960248
v 1.1882713 0.3132369 0.3446846
v 1.1760562 0.2652196 0.3120013
v 1.2009509 0.2895771 0.3283387
v 1.1755603 0.2653771 0.2958898
v 1.1994883 0.2893810 0.3445357
v 1.1775148 0.2645277 0.3282343
v 1.1791107 0.2639716 0.3606933
v 1.1789890 0.2639795 0.3444870
v 1.1782281 0.2644418 0.3768564
v 1.1781200 0.2647590 0.4094175
v 1.1704617 0.2689822 0.2466372
v 1.1775336 0.2642690 0.2636134
v 1.2010509 0.2890886 0.2635059
v 1.1861675 0.2865788 0.2467572
v 1.1764873 0.2648507 0.2797977
v 1.1803977 0.3103833 0.2461648
v 1.1958548 0.3139691 0.2635676
v 1.1608014 0.3333132 0.2463274
v 1.2032973 0.2895175 0.2797573
v 1.1782113 0.3373935 0.2636839
v 1.1397328 0.3559917 0.2466696
v 1.1983918 0.3145073 0.2797841
v 1.1579401 0.3604033 0.2638313
v 1.1169301 0.3782857 0.2468419
v 1.1777098 0.3374189 0.2798977
v 1.0522437 0.3895630 0.2348550
v 1.0633070 0.4205558 0.2479905
v 1.0286437 0.4116166 0.2345653
v 1.0061307 0.4335648 0.2342446
v 1.0411838 0.4426621 0.2478419
v 1.1704760 0.2690254 0.2466543
v 1.1598177 0.2800838 0.2375708
v 1.1861881 0.2865742 0.2467640
v 1.1419972 0.3010913 0.2335280
v 1.1589608 0.2807911 0.4354021
v 1.1854796 0.2874189 0.4263073
v 1.1409384 0.3015817 0.4398827
v 1.1779865 0.3109723 0.4268233
v 0.9871110 0.4567577 0.2335376
v 1.0242526 0.4661553 0.2468033
v 0.8582369 0.4802752 0.4095879
v 0.8983843 0.4880921 0.3933841
v 0.8570220 0.4807199 0.3933806
v 0.8178777 0.4698149 0.3773947
v 0.8158647 0.4730363 0.3935268
v 0.8588086 0.4773524 0.3774292
v 0.8181638 0.4687266 0.3611833
v 0.8175128 0.4717492 0.4097784
v 0.7781206 0.4620464 0.4097335
v 0.8600290 0.4751278 0.3612717
v 0.8579988 0.4774045 0.3449726
v 0.8991938 0.4846731 0.3450848
v 0.8989449 0.4860537 0.3773144
v 0.8988774 0.4855285 0.3611558
v 0.9549536 0.4914810 0.3451666
v 0.9554144 0.4923289 0.3612745
v 1.0073186 0.4863255 0.3454177
v 1.0073170 0.4865662 0.3615084
v 0.9551393 0.4926844 0.3774138
v 1.0072269 0.4871322 0.3775918
v 0.9547064 0.4933112 0.3934720
v 1.0075291 0.4884127 0.3936770
v 0.8987880 0.4891276 0.4093784
v 0.9555546 0.4959188 0.4092720
v 1.0077027 0.4897041 0.4095566
v 0.9958986 0.4868272 0.4260594
v 0.9588238 0.4911791 0.4259487
v 0.9689574 0.4804005 0.4349660
v 0.9043268 0.4842500 0.4267257
v 0.9186344 0.4688527 0.4396421
v 0.8641173 0.4743536 0.4269579
v 0.8237737 0.4648139 0.4270187
v 0.7845673 0.4548083 0.4269639
v 0.7448646 0.4452954 0.4271672
v 0.7387369 0.4522044 0.4097439
v 0.7055382 0.4355834 0.4271461
v 0.7982791 0.4353972 0.2328116
v 0.8375964 0.4453240 0.2327687
v 0.8773438 0.4551975 0.2328683
v 0.8642448 0.4705239 0.2463161
v 0.9171517 0.4653849 0.2330136
v 0.8250190 0.4605763 0.2463654
v 0.7856090 0.4510725 0.2463970
v 0.8598323 0.4752011 0.2641848
v 0.7461755 0.4419316 0.2463253
v 0.8206622 0.4656206 0.2641124
v 0.7814775 0.4555640 0.2641356
v 0.7070723 0.4322150 0.2467415
v 0.6679014 0.4225012 0.2469758
v 0.7409985 0.4479147 0.2640346
v 0.7015476 0.4386214 0.2641920
v 0.6609714 0.4303864 0.2640881
v 0.7808203 0.4560751 0.2803464
v 0.7391197 0.4500923 0.2800951
v 0.6990987 0.4409631 0.2802530
v 0.6591886 0.4321412 0.2803268
v 0.8216171 0.4642620 0.2803394
v 0.8213175 0.4642373 0.2965819
v 0.8599146 0.4749521 0.2803005
v 0.8974980 0.4864591 0.2803082
v 0.7793833 0.4581881 0.2964779
v 0.7382326 0.4511184 0.2963728
v 0.6966997 0.4443576 0.2963145
v 0.7789961 0.4581185 0.3126886
v 0.6565915 0.4352410 0.2963228
v 0.6179361 0.4249617 0.2801232
v 0.6161020 0.4269376 0.2963318
v 0.7375850 0.4513951 0.3125782
v 0.6965333 0.4441002 0.3125934
v 0.6557114 0.4362415 0.3125840
v 0.6151043 0.4281771 0.3125229
v 0.6576133 0.4332649 0.3287164
v 0.6164355 0.4258049 0.3287254
v 0.5747598 0.4196289 0.3287473
v 0.6979788 0.4416896 0.3287323
v 0.7379401 0.4508371 0.3288128
v 0.6971533 0.4428020 0.3449742
v 0.5752775 0.4186606 0.3449375
v 0.6167886 0.4252984 0.3450118
v 0.6574688 0.4333256 0.3449796
v 0.7797245 0.4570950 0.3288297
v 0.7385575 0.4498014 0.3450239
v 0.7376463 0.4515965 0.3612040
v 0.6975772 0.4425812 0.3611861
v 0.6560296 0.4358398 0.3611346
v 0.6152030 0.4282475 0.3611544
v 0.6571253 0.4350266 0.3774099
v 0.6164087 0.4271881 0.3774416
v 0.6978609 0.4428746 0.3774009
v 0.6191967 0.4242551 0.3935058
v 0.5739676 0.4208652 0.3611342
v 0.5759413 0.4186047 0.3774351
v 0.5811461 0.4134679 0.3932781
v 0.6577715 0.4348318 0.3936445
v 0.5824159 0.4120428 0.4095097
v 0.6211901 0.4223361 0.4096504
v 0.6600693 0.4327235 0.4098478
v 0.6978370 0.4437337 0.3936050
v 0.7374324 0.4533120 0.3935702
v 0.6990688 0.4427793 0.4098953
v 0.7375320 0.4522146 0.3774203
v 0.7761799 0.4638621 0.3935580
v 0.7777749 0.4607171 0.3774095
v 0.7792961 0.4580525 0.3613142
v 0.7797050 0.4572133 0.3450944
v 0.8186688 0.4675460 0.3450169
v 0.8204093 0.4650097 0.3289472
v 0.8197851 0.4663578 0.3127202
v 0.8580101 0.4774189 0.3126389
v 0.8594011 0.4754275 0.3288524
v 0.8611577 0.4736727 0.2965013
v 0.8981634 0.4860651 0.3127070
v 0.8979566 0.4859285 0.2964576
v 0.8996590 0.4838548 0.3288642
v 0.9541777 0.4937430 0.2965821
v 0.9538457 0.4925351 0.3128059
v 0.9546102 0.4917498 0.3290166
v 1.0057932 0.4863966 0.3130381
v 1.0064444 0.4874005 0.2966562
v 1.0077368 0.4870332 0.3293036
v 1.0056300 0.4874378 0.2804074
v 0.9537398 0.4940160 0.2803582
v 1.0054072 0.4877223 0.2641577
v 0.9534020 0.4940132 0.2641356
v 0.9928502 0.4833324 0.2472726
v 0.8974973 0.4864701 0.2641235
v 0.9030218 0.4809635 0.2464124
v 0.9564091 0.4877795 0.2471852
v 0.9668787 0.4767934 0.2380259
v -1.2450140 0.0251830 0.4386205
v -1.1947863 0.0293136 0.4386382
v -1.2954576 0.0214937 0.4379697
v -1.2463724 0.0423809 0.4254790
v -1.1438182 0.0325281 0.4374132
v -1.1951814 0.0454934 0.4246189
v -1.2471998 0.0481761 0.4085859
v -1.2970577 0.0387610 0.4247769
v -1.3451666 0.0170364 0.4377477
v -1.3463527 0.0344433 0.4243853
v -1.3942644 0.0293713 0.4246545
v -1.2967801 0.0444896 0.4087537
v -1.3946534 0.0372223 0.4075321
v -1.4440340 0.0249820 0.4244866
v -1.3454808 0.0402614 0.4079514
v 0.2185230 0.2878549 0.2333845
v 0.1788524 0.2777468 0.2334931
v 0.1391675 0.2682042 0.2326971
v 0.1256332 0.2832831 0.2460076
v 0.0997495 0.2584382 0.2321575
v 0.0861653 0.2735609 0.2456339
v 0.1204602 0.2891111 0.2635573
v 0.0603021 0.2487698 0.2317472
v 0.0212575 0.2387921 0.2316613
v 0.0822778 0.2780680 0.2635676
v 0.0469451 0.2636869 0.2453423
v 0.1150234 0.2947455 0.2789402
v 0.0075248 0.2541526 0.2449871
v -0.0318425 0.2444509 0.2446677
v 0.0430430 0.2680483 0.2633560
v 0.0034877 0.2583677 0.2630386
v -0.2521258 0.1672421 0.4357611
v -0.4057125 0.1339317 0.4352181
v -0.4444242 0.1262091 0.4358442
v -0.3433066 0.1685371 0.2444312
v -0.3053330 0.1767873 0.2445965
v -0.3114248 0.1843268 0.2617748
v -0.2669509 0.1848257 0.2447904
v -0.6967374 0.1067026 0.2608391
v -0.6542436 0.1144418 0.2766415
v -0.6547647 0.1137478 0.2602893
v -0.6955812 0.1003449 0.2431224
v -0.6961544 0.1090417 0.2769855
v -0.6532193 0.1109774 0.2930947
v -0.7379392 0.0941351 0.2436406
v -0.7388025 0.1011993 0.2610312
v -0.7795905 0.0886385 0.2437502
v -0.6534515 0.1084309 0.4239060
v -0.5646920 0.1044716 0.4360833
v -0.4833216 0.1184471 0.4367093
v -0.8209445 0.0833549 0.2434085
v -0.8616431 0.0776184 0.2433518
v -0.9032008 0.0722467 0.2426143
v -0.9525803 0.0670844 0.2422279
v -1.0021654 0.0623969 0.2417624
v -1.0524773 0.0575335 0.2419856
v -1.0507317 0.0668753 0.2587527
v -1.1025471 0.0529208 0.2430074
v -1.1529294 0.0488622 0.2433330
v 0.6667942 0.4252690 0.4268981
v 0.6277663 0.4151495 0.4268440
v 0.1807693 0.2762289 0.4367094
v 0.2205352 0.2866398 0.4372264
v 0.2075033 0.2998003 0.4226252
v 0.2467978 0.3100074 0.4230243
v 0.2433834 0.3127644 0.4048484
v 0.2599291 0.2972237 0.4378559
v 0.2829349 0.3226942 0.4051519
v 0.2747662 0.3292551 0.3899290
v 0.2855225 0.3204814 0.4233598
v 0.2989470 0.3077088 0.4383219
v 0.3140129 0.3388936 0.3901976
v 0.3051062 0.3476831 0.3756020
v 0.3216121 0.3330178 0.4055149
v 0.3236899 0.3310019 0.4238045
v 0.3373179 0.3182352 0.4387486
v 0.3588653 0.3443488 0.4060940
v 0.3531732 0.3485678 0.3904322
v 0.3612572 0.3417540 0.4242539
v -1.2560134 0.0421933 0.2424613
v -1.4009059 0.0275805 0.2435246
v -1.7856013 -0.0248075 0.2232138
v -1.7887948 -0.0023586 0.2395960
v -1.6482696 0.0011308 0.2455705
v -1.5986560 0.0060508 0.2450390
v -1.5492058 0.0105129 0.2447117
v -1.5000402 0.0182529 0.2430705
v -1.4503724 0.0226757 0.2433883
v -1.4984048 0.0247320 0.2616543
v -1.4491606 0.0307794 0.2613838
v -1.5479739 0.0200947 0.2617003
v -1.5972002 0.0165597 0.2616896
v -1.5465076 0.0230551 0.2776673
v -1.5959972 0.0195915 0.2776933
v -1.6468460 0.0139482 0.2613987
v -1.6451116 0.0198892 0.2771077
v -1.4970373 0.0284833 0.2776580
v -1.6952180 0.0007061 0.2450328
v -1.6938312 0.0143674 0.2636119
v -1.7490432 0.0018778 0.2396321
v -1.7495541 0.0120634 0.2602466
v -1.7887901 0.0066992 0.2604431
v -1.7870170 0.0073263 0.2779197
v -1.7477951 0.0127918 0.2777191
v -1.7860386 0.0070410 0.2939745
v -1.6925359 0.0177371 0.2801185
v -1.7464470 0.0111969 0.2938033
v -1.7849001 0.0061542 0.3101369
v -1.8066303 -0.0082146 0.3099798
v -1.6441839 0.0201035 0.2935570
v -1.6913851 0.0134679 0.2954495
v -1.7449875 0.0069737 0.3097607
v -1.7840545 0.0053585 0.3261406
v -1.8083256 -0.0082105 0.3261011
v -1.8078220 -0.0076299 0.3421493
v -1.7444162 0.0038808 0.3258312
v -1.7825575 0.0056685 0.3419991
v -1.8057375 -0.0067942 0.3581546
v -1.6902861 0.0124447 0.3109045
v -1.7433362 0.0043590 0.3420179
v -1.7813812 0.0072587 0.3578077
v -1.6431611 0.0189528 0.3097209
v -1.6901799 0.0151465 0.3263725
v -0.4553008 0.1422500 0.4226915
v -0.2900835 0.1586660 0.4354721
v -0.3282286 0.1502764 0.4349188
v -0.3017237 0.1735303 0.4214898
v -0.4177341 0.1512917 0.4227485
v -0.3399605 0.1663718 0.4220530
v -0.3794868 0.1594320 0.4226145
v -0.3456091 0.1742027 0.4051525
v -0.3842779 0.1659118 0.4051194
v -0.4215540 0.1569798 0.4050990
v -0.4590261 0.1483515 0.4052576
v -0.2637057 0.1811852 0.4212598
v -0.3054592 0.1774937 0.4036049
v -0.2662685 0.1850777 0.4033334
v -0.3112353 0.1851757 0.3888869
v -0.2724254 0.1923162 0.3878797
v -0.3509188 0.1807611 0.3898909
v -0.3902221 0.1735230 0.3903328
v -0.3532388 0.1827834 0.3738214
v -0.4276890 0.1644781 0.3901790
v -0.3928730 0.1760489 0.3739879
v -0.4632164 0.1536853 0.3896899
v -0.3188112 0.1943949 0.3740419
v -0.2818703 0.2032409 0.3740273
v -0.4307727 0.1682056 0.3740728
v -0.3899519 0.1727278 0.3580119
v -0.4301526 0.1675282 0.3577419
v -0.4605209 0.1514942 0.2766736
v -0.4999072 0.1459624 0.2927578
v -0.4601927 0.1504700 0.2930338
v -0.4982521 0.1442979 0.2763454
v -0.5346105 0.1336859 0.2927266
v -0.5740697 0.1265759 0.2927767
v -0.5374282 0.1350761 0.3092419
v -0.5377263 0.1380424 0.2762318
v -0.4608958 0.1523129 0.2604224
v -0.4981615 0.1441860 0.2599260
v -0.4249929 0.1611665 0.2605161
v -0.4251210 0.1615122 0.2769299
v -0.4220157 0.1586718 0.2930965
v -0.4232806 0.1590998 0.3096073
v -0.3918124 0.1732641 0.2768900
v -0.3902147 0.1717072 0.3095156
v -0.3892230 0.1718888 0.3256929
v -0.3890262 0.1708098 0.2932818
v -0.3600148 0.1863918 0.3255617
v -0.3587819 0.1862875 0.3417410
v -0.3598380 0.1857886 0.3093434
v -0.3541284 0.1818590 0.2770398
v -0.3247668 0.1980760 0.3255578
v -0.3569548 0.1839337 0.2932912
v -0.3225199 0.1958463 0.3093918
v -0.3204533 0.1940208 0.2932028
v -0.3880246 0.1696309 0.2608815
v -0.3159331 0.1893253 0.2773802
v -0.3501932 0.1770893 0.2613876
v -0.3813436 0.1604333 0.2442214
v -0.4184456 0.1525241 0.2434989
v -0.4561294 0.1442397 0.2430388
v -0.4934324 0.1358032 0.2427050
v -0.5322229 0.1285118 0.2425151
v -0.5366206 0.1369218 0.2596293
v -0.5726499 0.1254605 0.2762235
v -0.5721228 0.1217811 0.2419862
v -0.5748312 0.1286354 0.2598177
v -0.6122477 0.1174331 0.2764271
v -0.6125749 0.1142629 0.2424034
v -0.6145608 0.1205717 0.2601684
v -0.6136598 0.1193826 0.2929482
v -0.6129835 0.1175009 0.3094629
v -0.6532256 0.1069349 0.2426448
v 0.3359738 0.3188805 0.2330959
v 0.2969556 0.3087813 0.2327577
v 0.2578827 0.2984432 0.2329185
v 0.3743154 0.3284061 0.2339185
v 0.3239395 0.3342464 0.2464895
v 0.3621353 0.3441609 0.2469489
v 0.2854480 0.3236319 0.2464535
v 0.3561373 0.3502956 0.2644050
v 0.3206260 0.3379313 0.2645826
v 0.2824043 0.3274083 0.2644380
v 0.2459585 0.3134249 0.2463996
v 0.2416838 0.3182554 0.2641655
v 0.3494107 0.3556930 0.2799490
v 0.3175798 0.3408876 0.2806272
v 0.2784253 0.3304204 0.2805057
v 0.2056628 0.3035644 0.2462565
v 0.2359459 0.3240928 0.2796713
v 0.1999221 0.3101662 0.2636257
v 0.1652380 0.2936078 0.2461143
v 0.1944828 0.3153953 0.2791792
v 0.1587412 0.3008922 0.2632875
v 0.1538335 0.3056735 0.2789505
v 0.2304979 0.3277889 0.2957767
v 0.1890573 0.3196805 0.2952077
v 0.2722653 0.3348402 0.2964719
v 0.1487287 0.3101816 0.2948466
v 0.2251790 0.3315098 0.3117735
v 0.3115226 0.3451763 0.2966850
v 0.2676962 0.3377161 0.3126855
v 0.3053975 0.3495274 0.3126164
v 0.3430255 0.3602681 0.2958787
v 0.3372397 0.3645676 0.3118331
v 0.2978211 0.3553539 0.3280807
v 0.3339179 0.3679333 0.3278949
v 0.2588355 0.3454208 0.3277454
v 0.3345746 0.3673936 0.3442683
v 0.3723763 0.3786053 0.3280721
v 0.3751494 0.3757255 0.3118485
v 0.2950107 0.3578172 0.3442395
v 0.3812740 0.3712726 0.2959726
v 0.4124790 0.3876177 0.3282882
v 0.3875788 0.3661228 0.2801868
v 0.4177842 0.3812425 0.3128762
v 0.4229665 0.3757158 0.2973567
v 0.3953446 0.3578382 0.2653844
v 0.4293811 0.3696818 0.2817921
v 0.4003276 0.3529573 0.2476052
v 0.4345869 0.3655268 0.2660073
v 0.4122317 0.3381431 0.2339351
v 0.4377988 0.3622509 0.2479613
v 0.4497542 0.3481139 0.2337025
v 0.4880982 0.3577875 0.2337328
v 0.5659368 0.3764460 0.2346689
v 0.5274343 0.3672671 0.2339423
v 0.4755476 0.3717752 0.2481216
v 0.5519614 0.3919076 0.2478464
v 0.5135335 0.3819913 0.2478898
v 0.4734717 0.3745443 0.2662642
v 0.5117539 0.3848753 0.2661640
v 0.5470965 0.3978466 0.2653787
v 0.4689519 0.3789745 0.2819661
v 0.5030052 0.3929181 0.2809283
v 0.5418707 0.4032465 0.2807728
v 0.2356592 0.3192188 0.3895843
v 0.2034837 0.3031721 0.4045444
v 0.1681818 0.2895034 0.4222017
v 0.1635027 0.2935896 0.4043391
v 0.1283370 0.2797700 0.4220435
v 0.1240531 0.2838631 0.4042059
v 0.1406597 0.2660311 0.4364065
v 0.0886764 0.2702593 0.4221871
v 0.1009982 0.2559419 0.4362553
v 0.0845201 0.2743058 0.4042275
v 0.1180953 0.2889343 0.3885777
v 0.0616296 0.2459047 0.4360701
v 0.0771032 0.2813071 0.3892280
v 0.1079577 0.2992131 0.3745581
v 0.0492612 0.2603638 0.4221973
v 0.0447351 0.2648705 0.4044285
v 0.0679767 0.2900961 0.3746255
v 0.1019030 0.3051793 0.3589417
v 0.0372283 0.2721040 0.3894035
v 0.0634665 0.2944754 0.3586037
v 0.0290732 0.2799597 0.3744505
v 0.1014097 0.3061513 0.3427098
v -0.0033444 0.2637422 0.3899590
v 0.0051726 0.2552000 0.4045152
v 0.0096231 0.2508737 0.4224225
v 0.0222193 0.2360250 0.4360648
v -0.0298813 0.2415664 0.4227373
v -0.0171783 0.2260633 0.4358741
v -0.0359920 0.2483309 0.4054103
v -0.0699389 0.2323061 0.4229597
v -0.0416669 0.2528627 0.3898126
v -0.0754345 0.2382719 0.4053525
v -0.0090290 0.2690067 0.3742612
v -0.0757811 0.2389990 0.3891903
v -0.1092566 0.2222008 0.4228576
v -0.1135249 0.2274040 0.4049510
v -0.0456531 0.2568727 0.3739300
v -0.1145225 0.2283052 0.3889449
v -0.0786820 0.2423165 0.3733433
v -0.0430600 0.2561917 0.3577111
v -1.4429519 0.0068005 0.4372278
v 0.3915035 0.3591035 0.3908762
v 0.3465015 0.3546164 0.3748870
v 0.3867762 0.3635364 0.3749287
v 0.3385029 0.3629464 0.3601345
v 0.2983511 0.3545027 0.3603477
v 0.3788182 0.3715788 0.3600672
v 0.3742714 0.3765356 0.3444022
v 0.4131180 0.3869292 0.3447642
v 0.4520126 0.3968570 0.3284155
v 0.4175115 0.3815997 0.3604718
v 0.4543248 0.3937192 0.3445800
v 0.4929784 0.4042981 0.3285397
v 0.4249476 0.3742803 0.3755230
v 0.4562627 0.3915845 0.3607241
v 0.4952005 0.4010297 0.3447125
v 0.5338367 0.4118695 0.3287174
v 0.5347477 0.4104442 0.3449277
v 0.4952443 0.4013673 0.3609613
v 0.5365036 0.4088722 0.3610424
v 0.4633964 0.3846453 0.3760334
v 0.4988526 0.3974244 0.3769350
v 0.5393726 0.4064981 0.3770940
v 0.4298925 0.3695344 0.3913935
v 0.4679548 0.3802323 0.3918708
v 0.5062772 0.3907985 0.3923640
v 0.5435497 0.4023007 0.3929223
v 0.3941761 0.3568303 0.4068201
v 0.4302454 0.3687008 0.4074950
v 0.3982598 0.3526985 0.4247230
v 0.3753035 0.3286383 0.4389922
v 0.4352794 0.3634787 0.4252025
v 0.4672489 0.3801328 0.4082031
v 0.4128661 0.3389580 0.4389743
v 0.4727197 0.3740737 0.4256195
v 0.5049466 0.3913978 0.4087606
v 0.5436003 0.4015985 0.4091736
v 0.5111787 0.3847332 0.4261845
v 0.5496445 0.3952312 0.4267763
v 0.5886223 0.4052750 0.4268362
v 0.4502562 0.3490982 0.4389952
v 0.0736704 0.2869672 0.2780504
v 0.0339211 0.2777992 0.2775213
v 0.1079155 0.3018891 0.2941729
v 0.0684110 0.2922211 0.2937463
v -0.0044015 0.2668840 0.2776007
v 0.1441113 0.3142208 0.3106747
v 0.0296347 0.2818382 0.2935802
v 0.1043644 0.3048091 0.3102521
v -0.0360967 0.2492672 0.2626139
v 0.1844731 0.3229545 0.3112461
v -0.0707985 0.2348201 0.2443911
v 0.2208324 0.3344011 0.3277609
v 0.1813717 0.3248651 0.3273128
v 0.1417803 0.3154696 0.3269109
v 0.2168855 0.3378998 0.3436950
v 0.2565206 0.3472109 0.3441016
v 0.1772173 0.3284873 0.3433844
v 0.2186489 0.3358332 0.3600585
v 0.2581169 0.3456180 0.3602509
v 0.1799876 0.3254204 0.3596729
v 0.1397599 0.3169056 0.3430677
v 0.1411363 0.3151361 0.3593018
v 0.1477476 0.3084030 0.3745594
v 0.1875332 0.3179619 0.3747052
v 0.2261740 0.3284879 0.3752014
v 0.1578115 0.2986145 0.3887743
v 0.2652145 0.3384790 0.3756024
v 0.1963677 0.3091851 0.3892190
v -0.4678171 0.1587525 0.3739776
v -0.4993965 0.1436725 0.3893889
v -0.4959669 0.1387804 0.4050960
v -0.5065958 0.1519662 0.3740878
v -0.4930092 0.1342081 0.4230769
v -0.5383155 0.1378935 0.3903422
v -0.5361824 0.1346657 0.4060509
v -0.5242447 0.1118288 0.4368284
v -0.5324941 0.1282148 0.4235315
v -0.5725654 0.1223828 0.4238952
v -0.6135826 0.1154006 0.4237384
v -0.5761608 0.1310376 0.4068726
v -0.5774897 0.1333917 0.3905711
v -0.6170288 0.1248251 0.4070260
v -0.6565988 0.1182908 0.4070472
v -0.6182785 0.1272425 0.3906995
v -0.6186785 0.1293769 0.3741814
v -0.5768340 0.1303479 0.3743506
v -0.5387809 0.1384987 0.3740958
v -0.5757778 0.1278023 0.3583268
v -0.5369042 0.1369668 0.3580136
v -0.5076664 0.1525595 0.3578425
v -0.4694097 0.1612878 0.3577152
v -0.5064862 0.1506880 0.3416351
v -0.5360697 0.1355473 0.3419753
v -0.5743920 0.1259211 0.3421605
v -0.4678236 0.1592776 0.3413803
v -0.5407149 0.1376709 0.3255719
v -0.5039003 0.1479568 0.3254611
v -0.4270196 0.1626109 0.3419717
v -0.4640524 0.1528972 0.3257956
v -0.5015379 0.1462379 0.3091654
v -0.4612890 0.1501945 0.3095045
v -0.4247963 0.1604011 0.3258381
v -0.3892637 0.1723192 0.3418431
v 0.4627472 0.3850537 0.2974141
v 0.4980902 0.3982219 0.2964919
v 0.5386376 0.4068562 0.2967137
v 0.4543303 0.3938059 0.3120863
v 0.4944427 0.4027633 0.3123426
v 0.5350572 0.4104785 0.3126052
v 0.5749895 0.4193720 0.3125430
v 0.5754120 0.4190416 0.2962688
v 0.5786992 0.4148358 0.2803076
v 0.5854902 0.4079246 0.2652610
v 0.5899949 0.4024071 0.2475509
v 0.6215574 0.4206486 0.2642275
v 0.6288941 0.4123778 0.2473527
v -0.6971375 0.1144132 0.3909680
v -0.6970830 0.1123248 0.4072248
v -0.6575504 0.1221316 0.3907442
v -0.6564542 0.1201476 0.3744331
v -0.6964442 0.1133379 0.3745937
v -0.7378263 0.1094332 0.3747681
v -0.6566149 0.1206334 0.3582593
v -0.6970627 0.1145255 0.3583783
v -0.6172222 0.1275748 0.3578414
v -0.7375644 0.1083946 0.3584786
v -0.6957313 0.1106575 0.3422674
v -0.6553149 0.1175908 0.3420580
v -0.6157578 0.1238848 0.3417869
v -0.7363784 0.1043555 0.3424725
v -0.7779598 0.0985639 0.3424455
v -0.7365449 0.1032251 0.3262254
v -0.7779106 0.0999930 0.3586707
v -0.8198074 0.0978015 0.3584569
v -0.7793583 0.1041704 0.3747563
v -0.7378274 0.1093606 0.3910340
v -0.7376618 0.1067622 0.4073162
v -0.7790206 0.1011158 0.4071182
v -0.7765635 0.0906440 0.4235928
v -0.7353885 0.0970578 0.4241528
v -0.6941728 0.1028516 0.4241514
v -1.2963693 0.0444640 0.3923197
v -1.3452282 0.0420205 0.3917523
v -1.3939881 0.0408401 0.3913907
v -1.4435414 0.0327563 0.4071234
v -1.2958716 0.0479258 0.3753517
v -1.3448664 0.0426181 0.3751022
v -1.3941725 0.0406091 0.3750407
v -1.4414205 0.0363052 0.3906844
v -1.3449669 0.0438445 0.3586703
v -1.4427927 0.0346360 0.3747878
v -1.2470052 0.0492610 0.3921310
v -1.2949225 0.0484175 0.3582573
v -1.3944554 0.0396406 0.3588299
v -1.1955659 0.0504836 0.4070168
v -1.3446973 0.0421641 0.3431535
v -1.2470983 0.0546166 0.3752319
v -1.1950172 0.0549223 0.3908347
v -1.1443260 0.0490078 0.4238213
v -1.1437226 0.0570904 0.4061923
v -1.1440477 0.0633065 0.3901556
v -1.1951642 0.0576788 0.3740650
v -1.2471890 0.0566177 0.3584894
v -1.1444728 0.0651382 0.3735979
v -1.2471246 0.0580334 0.3417477
v -1.1966424 0.0600255 0.3578888
v -1.0935690 0.0702844 0.3900208
v -1.0932324 0.0633868 0.4061096
v -1.0938111 0.0527811 0.4227752
v -1.0928853 0.0363668 0.4362986
v -1.0443714 0.0578006 0.4224555
v -1.0430441 0.0399587 0.4348839
v -0.9950992 0.0631920 0.4224855
v -0.6533815 0.1116875 0.3096027
v -0.6955779 0.1083826 0.2934001
v -0.6947693 0.1062536 0.3098325
v -0.7371253 0.1039467 0.3099111
v -0.6946630 0.1066304 0.3262442
v -0.6533795 0.1116644 0.3262891
v -0.6134250 0.1170961 0.3259883
v -0.5735440 0.1240067 0.3258468
v -0.5730279 0.1242713 0.3093490
v -0.9485622 0.0815242 0.4070259
v -0.9018328 0.0918705 0.3909104
v -0.9490173 0.0865694 0.3905746
v -0.9959967 0.0753477 0.4064260
v -0.9965085 0.0822284 0.3902454
v -1.0440317 0.0695161 0.4061717
v -0.9470432 0.0690456 0.4228595
v -0.9009591 0.0864150 0.4071218
v -0.8990374 0.0741077 0.4229618
v -0.8584398 0.0790824 0.4230420
v -0.8605303 0.0905124 0.4069624
v -0.8175105 0.0846427 0.4232479
v -0.8197730 0.0957440 0.4070540
v -0.8614574 0.0963199 0.3910378
v -0.8206991 0.1008955 0.3910565
v -0.7797124 0.1058397 0.3911464
v -0.8199986 0.0973261 0.3747967
v -0.8611327 0.0933270 0.3746185
v -0.9018960 0.0902351 0.3744452
v -0.8611393 0.0943247 0.3583111
v -0.9490428 0.0833217 0.3740511
v -0.9021341 0.0891915 0.3582836
v -0.8195624 0.0967702 0.3421630
v -0.8606917 0.0925082 0.3419891
v -0.9021370 0.0896379 0.3418301
v -0.9494017 0.0820541 0.3578365
v -0.9968091 0.0808830 0.3735131
v -0.9500202 0.0806860 0.3414842
v -1.0444113 0.0761742 0.3898854
v -1.0451171 0.0781198 0.3731022
v -0.9978729 0.0775504 0.3572405
v -1.0944103 0.0727438 0.3732552
v -1.0461985 0.0765237 0.3566989
v -0.9990405 0.0759602 0.3410339
v -1.1462465 0.0681235 0.3574171
v -1.0958099 0.0730839 0.3567167
v -1.1981219 0.0635598 0.3419793
v -1.1474330 0.0664702 0.3412273
v -1.0478407 0.0749316 0.3406158
v -1.1990309 0.0620882 0.3258919
v -1.0973066 0.0716402 0.3406896
v -1.6426553 0.0188822 0.3259493
v -1.5945494 0.0228562 0.2936590
v -1.5936883 0.0230936 0.3098695
v -1.5454954 0.0251653 0.2937734
v -1.6881457 0.0115307 0.3416670
v -1.5930794 0.0244429 0.3260440
v -1.5443239 0.0254830 0.3099926
v -1.6420667 0.0210284 0.3421246
v -1.6868559 0.0105562 0.3570859
v -1.7420391 0.0067355 0.3581663
v -1.6405760 0.0198641 0.3583403
v -1.5925235 0.0237113 0.3422718
v -1.5435040 0.0260607 0.3260344
v -1.7811878 0.0094557 0.3737082
v -1.7803748 0.0105023 0.3897755
v -1.7406393 0.0134791 0.3737635
v -1.7806114 0.0108793 0.4071545
v -1.7397311 0.0153658 0.3899823
v -1.7799367 0.0032922 0.4283303
v -1.7402126 0.0150972 0.4074162
v -1.6863519 0.0159008 0.3873954
v -1.6862017 0.0145145 0.3722953
v -1.6397866 0.0202537 0.3742893
v -1.6865062 0.0141385 0.4041099
v -1.6426436 0.0173423 0.3897812
v -1.6856973 0.0055202 0.4240408
v -1.5915800 0.0261005 0.3584045
v -1.5918009 0.0222609 0.3902806
v -1.6419434 0.0119177 0.4058207
v -1.5435345 0.0266228 0.3423304
v -1.5909214 0.0271255 0.3745337
v -1.4942328 0.0284909 0.3262597
v -1.5428998 0.0265959 0.3585184
v -1.4935578 0.0291867 0.3424498
v -1.5418381 0.0290588 0.3746099
v -1.4935862 0.0300982 0.3586331
v -1.5375356 0.0281675 0.3908435
v -1.4916701 0.0312339 0.3744620
v -1.4441752 0.0352321 0.3425084
v -1.4445448 0.0338537 0.3263673
v -1.4439803 0.0353928 0.3587175
v -1.4879683 0.0307822 0.3901486
v -1.3947342 0.0381514 0.3426032
v -1.4898619 0.0273565 0.4067010
v -1.3948124 0.0356620 0.3263845
v -1.3451549 0.0422361 0.3260815
v -1.4937685 0.0202927 0.4243758
v -1.5362721 0.0200034 0.4073875
v -1.5889111 0.0135412 0.4063680
v -1.5416217 0.0143782 0.4244135
v -1.4925697 0.0024526 0.4374316
v -1.5908601 0.0094970 0.4240986
v -1.6399166 0.0053560 0.4238536
v -1.5419117 -0.0022088 0.4376736
v -1.5906186 -0.0073195 0.4375051
v -1.6393171 -0.0124000 0.4371287
v -1.6853330 -0.0159511 0.4396147
v -1.7403404 0.0071111 0.4284918
v -1.7392296 -0.0149885 0.4450909
v -1.7793931 -0.0189184 0.4449372
v -1.2010485 0.0554284 0.2772408
v -1.2451141 0.0516034 0.2923631
v -1.1975234 0.0598715 0.2934208
v -1.2465811 0.0577241 0.3096903
v -1.1518449 0.0578938 0.2605079
v -1.2066134 0.0530628 0.2605804
v -1.2444092 0.0513400 0.2772784
v -1.2935447 0.0486879 0.2931519
v -1.2073656 0.0475390 0.2429252
v -1.2514755 0.0494578 0.2606732
v -1.2941688 0.0454398 0.2765146
v -1.3005805 0.0457573 0.2604995
v -1.2987905 0.0380664 0.2429414
v -1.3517867 0.0348665 0.2418985
v -1.3491543 0.0408721 0.2609233
v -1.3463948 0.0408820 0.2770752
v -1.3997791 0.0350594 0.2613855
v -1.3982357 0.0367166 0.2775805
v -1.3464399 0.0410398 0.2936895
v -1.4476936 0.0330566 0.2776199
v -1.4958111 0.0293608 0.2939562
v -1.4466132 0.0325723 0.2941476
v -1.4952190 0.0280971 0.3090842
v -1.4443387 0.0318144 0.3090127
v -1.3969266 0.0348159 0.2941029
v -1.3951109 0.0359628 0.3089894
v -1.3477510 0.0444372 0.3104179
v -1.2971306 0.0504031 0.3109591
v -1.2959773 0.0524385 0.3254186
v -1.2475258 0.0578384 0.3258441
v -1.2938141 0.0492655 0.3412025
v 0.0254614 0.2834103 0.3583715
v -0.0076118 0.2691319 0.3580534
v 0.0264039 0.2831498 0.3421022
v -0.0091592 0.2705309 0.3419395
v -0.0817970 0.2456740 0.3574882
v 0.0653523 0.2935079 0.3423837
v -0.0458934 0.2588699 0.3416382
v -0.1167577 0.2305818 0.3726907
v -0.0841576 0.2481758 0.3415362
v -0.1235967 0.2392181 0.3577331
v -0.1588175 0.2241002 0.3730868
v -0.1550735 0.2198105 0.3889047
v -0.1527524 0.2175450 0.4048127
v -0.1484006 0.2124179 0.4225931
v -0.1874708 0.2021653 0.4222756
v -0.1932432 0.2092013 0.4049895
v -0.1976114 0.2149862 0.3895759
v -0.2138155 0.1771865 0.4357978
v -0.2260455 0.1915708 0.4216630
v -0.2277504 0.1953948 0.4035700
v -0.2373243 0.2052697 0.3893893
v -0.2009987 0.2196023 0.3739349
v -0.2424782 0.2123474 0.3741329
v -0.1642966 0.2314192 0.3578550
v -0.2051362 0.2237510 0.3578913
v -0.2456958 0.2156940 0.3580481
v -0.2868919 0.2085719 0.3583615
v -0.2469871 0.2162919 0.3417513
v -0.3234123 0.1976914 0.3580673
v -0.2878174 0.2086293 0.3418900
v -0.3532531 0.1831615 0.3577785
v -0.3249439 0.1986552 0.3418443
v -0.2869335 0.2070010 0.3255869
v -0.2046962 0.2224114 0.3416653
v -0.2852521 0.2047559 0.3093864
v -0.2465005 0.2154016 0.3255637
v -0.2063183 0.2244906 0.3255278
v -0.1659503 0.2331355 0.3416104
v -0.2835440 0.2038650 0.2930918
v -0.2444644 0.2131952 0.3093859
v -0.2774914 0.1969517 0.2776451
v -0.2423918 0.2111156 0.2932380
v -0.2053729 0.2232955 0.3092234
v -0.2738307 0.1929849 0.2617669
v -0.2395529 0.2086288 0.2770610
v -0.2350331 0.2033671 0.2613682
v -0.2279379 0.1946906 0.2446221
v -0.2004746 0.2178967 0.2935408
v -0.1657229 0.2325251 0.3092231
v -0.1983937 0.2161339 0.2773374
v -0.1633237 0.2299363 0.2931417
v -0.1644295 0.2308072 0.3254899
v -0.1242477 0.2397411 0.3093625
v -0.1955805 0.2131657 0.2612982
v -0.1574766 0.2242299 0.2774919
v -0.1241007 0.2398308 0.2931164
v -0.1562972 0.2228206 0.2612891
v -0.1888274 0.2049399 0.2442933
v -0.1196335 0.2355245 0.2773167
v -0.1496364 0.2151192 0.2441632
v -0.1169208 0.2327262 0.2613612
v -0.0859964 0.2508520 0.2930779
v -0.0823704 0.2471932 0.2771522
v -0.1104892 0.2251314 0.2441672
v -0.0768508 0.2416442 0.2617668
v -0.0439508 0.2579738 0.2771035
v -0.0477673 0.2616050 0.2932026
v -0.0094951 0.2720331 0.2933075
v -0.0854569 0.2499275 0.3093674
v -0.0447730 0.2586377 0.3093838
v -0.0101479 0.2723767 0.3096235
v 0.0301998 0.2809913 0.3097858
v -0.1229708 0.2378409 0.3254088
v -0.0827334 0.2469754 0.3253286
v -0.0450655 0.2584560 0.3255048
v -0.0069519 0.2690797 0.3257005
v -0.1259263 0.2420399 0.3414839
v 0.0310000 0.2800571 0.3259609
v 0.0680827 0.2921848 0.3100771
v 0.0675895 0.2922449 0.3262335
v 0.1018842 0.3061483 0.3264257
v -1.1486532 0.0680741 0.3253406
v -1.0490465 0.0715675 0.3247782
v -0.9995292 0.0758422 0.3248067
v -0.9505761 0.0834944 0.3250750
v -1.0001507 0.0792782 0.3083792
v -1.0986061 0.0714472 0.3247999
v -1.0496415 0.0714124 0.3085383
v -1.0999100 0.0682490 0.3089458
v -0.9499317 0.0829831 0.3083982
v -0.9012349 0.0881518 0.3251893
v -0.9005957 0.0833099 0.3087696
v -0.9495282 0.0789041 0.2916772
v -0.9000188 0.0816574 0.2921680
v -0.8600581 0.0899931 0.3255384
v -0.8590375 0.0863676 0.3090703
v -0.8591592 0.0869052 0.2925483
v -0.8190882 0.0940655 0.3258207
v -0.8185173 0.0922393 0.3093915
v -0.8179939 0.0896633 0.2930590
v -0.7781195 0.0988310 0.3260969
v -0.8183701 0.0885108 0.2767966
v -0.7778517 0.0971975 0.3097510
v -0.7783970 0.0974515 0.2933273
v -0.7784958 0.0956060 0.2772496
v -0.7375074 0.1036414 0.2935046
v -0.7386530 0.1041870 0.2771496
v -0.7801275 0.0959566 0.2611189
v -0.8204308 0.0903310 0.2607497
v -0.8596812 0.0857868 0.2763039
v -0.8609143 0.0852387 0.2604121
v -0.9003138 0.0816298 0.2756405
v -0.9019534 0.0806402 0.2596372
v -0.9495450 0.0801722 0.2749178
v -0.9511244 0.0766437 0.2585960
v -0.9994879 0.0774833 0.2913285
v -0.9994899 0.0738879 0.2746411
v -1.0009587 0.0726203 0.2581091
v -1.0496993 0.0721664 0.2917899
v -1.0495608 0.0695329 0.2749971
v -1.1010308 0.0618630 0.2597620
v -1.1002059 0.0650768 0.2758685
v -1.1001039 0.0693241 0.2923147
v -1.1508974 0.0623509 0.2765301
v -1.1501319 0.0655830 0.2930225
v -1.1496721 0.0671872 0.3092782
v -1.1973060 0.0631573 0.3094669
v 1.1701013 0.2697448 0.4263568
v 1.1268747 0.2520645 0.4271685
v -1.7733762 -0.0750138 0.4509071
v -1.7697174 -0.1005520 0.4512348
v -1.7337074 -0.0711461 0.4521621
v -1.6832224 -0.0433980 0.4458069
v -1.6801558 -0.0693897 0.4470313
v -1.6333595 -0.0613073 0.4463622
v -1.7304813 -0.0968311 0.4523295
v -1.7666887 -0.1264753 0.4515790
v -1.7278383 -0.1224997 0.4537521
v -1.6296703 -0.0871515 0.4484575
v -1.6755776 -0.0933465 0.4516260
v -1.5849921 -0.0567875 0.4451325
v -1.7647291 -0.1520207 0.4518553
v -1.7255414 -0.1483482 0.4536169
v -1.7634959 -0.1777654 0.4522209
v -1.7238754 -0.1742147 0.4535490
v -1.7628029 -0.2037810 0.4526310
v -1.7227457 -0.2000431 0.4528362
v -1.7616382 -0.2314383 0.4528642
v -1.7213169 -0.2276084 0.4523225
v -1.7594357 -0.2610084 0.4474646
v -1.7188687 -0.2568494 0.4471509
v -1.6694048 -0.2179939 0.4458866
v -1.6674593 -0.2457503 0.4409021
v -1.6687102 -0.1918711 0.4491558
v -1.7577930 -0.2841070 0.4316624
v -1.6694023 -0.1674483 0.4514611
v -1.7175966 -0.2807345 0.4317789
v -1.6653602 -0.2688196 0.4268720
v 0.9959262 0.4867954 0.4260348
v 0.9689212 0.4804215 0.4349851
v 0.9043182 0.4842388 0.4267272
v 0.9186042 0.4688468 0.4395971
v 0.9375317 0.4469074 0.4441799
v 0.8641380 0.4743998 0.4269436
v 0.8780919 0.4587281 0.4397489
v 0.8237554 0.4648319 0.4270406
v 0.8976012 0.4370090 0.4444686
v 0.9572187 0.4236392 0.4438791
v 0.9168521 0.4135007 0.4425140
v 0.8387509 0.4483142 0.4393121
v 0.7845525 0.4548122 0.4269628
v 0.7991167 0.4384025 0.4392256
v 0.8583386 0.4265951 0.4429339
v 0.7448892 0.4453317 0.4271162
v 0.7597838 0.4288507 0.4393761
v 0.8180575 0.4171311 0.4441784
v 0.7055416 0.4355578 0.4271578
v -1.4218197 -0.2409079 0.4255233
v -1.1359923 -0.1454871 0.4472773
v -1.1802154 -0.1756893 0.4440596
v -1.1309678 -0.1710335 0.4440718
v -1.1283958 -0.1947635 0.4381794
v -1.0769202 -0.1637349 0.4399566
v -1.0737558 -0.1886728 0.4375144
v -1.0221985 -0.1583581 0.4402720
v -1.0263223 -0.1353190 0.4485012
v -1.0189155 -0.1835366 0.4382736
v -1.0811652 -0.1403134 0.4477514
v -0.9720388 -0.1307443 0.4499932
v -1.0853408 -0.1142341 0.4499406
v -1.0300169 -0.1091919 0.4506240
v -0.9756506 -0.1041487 0.4514364
v -0.9673177 -0.1535304 0.4414206
v -0.9219181 -0.0989392 0.4526621
v -0.9178785 -0.1257520 0.4513958
v -0.9782849 -0.0791075 0.4452427
v -0.9635639 -0.1784783 0.4385859
v -0.9130645 -0.1486718 0.4423480
v -0.8682601 -0.0939856 0.4538389
v -0.8633147 -0.1207627 0.4522992
v -0.9088286 -0.1733070 0.4385035
v -0.8590535 -0.1434604 0.4424192
v -0.9599788 -0.1964992 0.4254092
v -0.8112082 -0.1376475 0.4438856
v -0.8546993 -0.1680310 0.4382144
v -0.9053793 -0.1909092 0.4253212
v -0.8067435 -0.1614692 0.4384577
v -0.8509250 -0.1859063 0.4252149
v -1.0158667 -0.2021208 0.4254714
v -1.0711716 -0.2077281 0.4254684
v 0.8465675 0.1830208 0.4260092
v 0.8072149 0.1725939 0.4259938
v 0.8860086 0.1930554 0.4261640
v 0.9260687 0.2025149 0.4264919
v 0.8706924 0.2086818 0.4390464
v 0.9101894 0.2186216 0.4389132
v 0.8309562 0.1987343 0.4389048
v 0.8893203 0.2399310 0.4434398
v 0.8495940 0.2300095 0.4434389
v 0.9292704 0.2496747 0.4438419
v 0.9501413 0.2283489 0.4392403
v 0.9662044 0.2123168 0.4268338
v 1.0060657 0.2223883 0.4268605
v 1.0465111 0.2326448 0.4269410
v 1.0866482 0.2423520 0.4270835
v 0.9903660 0.2380933 0.4396786
v 1.0305092 0.2482015 0.4397562
v 1.0712260 0.2580189 0.4399621
v 1.1113604 0.2678382 0.4400110
v 0.9694218 0.2594153 0.4443457
v 1.0094540 0.2693016 0.4444618
v 1.1589622 0.2807721 0.4354284
v 1.0900196 0.2889467 0.4445284
v 1.1409822 0.3015736 0.4399071
v 1.1780107 0.3110107 0.4268114
v 1.1551404 0.3331588 0.4267280
v 1.1185853 0.3239587 0.4397300
v 1.1336930 0.3554593 0.4270613
v 1.0502747 0.2792745 0.4446048
v 1.0679420 0.3114924 0.4448200
v 1.0268179 0.3016476 0.4452193
v 1.0964619 0.3463999 0.4401128
v 1.1116972 0.3777547 0.4272409
v 1.0443852 0.3338218 0.4446245
v 1.0740986 0.3685997 0.4399710
v 1.0897248 0.3998835 0.4274405
v 0.9867844 0.2917479 0.4458588
v 1.0043574 0.3238633 0.4428925
v 1.0216387 0.3558675 0.4434101
v 1.0521465 0.3910700 0.4405113
v 1.0696423 0.4225986 0.4274331
v 0.9467554 0.2817690 0.4449796
v 1.0300437 0.4135540 0.4404534
v 1.0470691 0.4452650 0.4270336
v 0.9643423 0.3141536 0.4434368
v 0.9069462 0.2721425 0.4434666
v 0.9242799 0.3043691 0.4441538
v 0.9820344 0.3462269 0.4413260
v 0.9418699 0.3366055 0.4415953
v 0.8669617 0.2623300 0.4433128
v 0.8844420 0.2945005 0.4442371
v 0.9018160 0.3268338 0.4423453
v 0.9600243 0.3687024 0.4425947
v 0.9198695 0.3593182 0.4422535
v 0.9998056 0.3782245 0.4433611
v 0.9778481 0.4006434 0.4428753
v 0.9388754 0.3912227 0.4444914
v 1.0087810 0.4364626 0.4392754
v 0.8995568 0.3816405 0.4473200
v 0.9893095 0.4600485 0.4396144
v 1.0277191 0.4691473 0.4270486
v 0.8804450 0.3494386 0.4444902
v 0.8622570 0.3171594 0.4428218
v 0.8594999 0.3720022 0.4462510
v 0.8447377 0.2847819 0.4423416
v 0.8411883 0.3396821 0.4457550
v 0.8229575 0.3073815 0.4438541
v 0.8273648 0.2523415 0.4436156
v 0.8050730 0.2749132 0.4426502
v 0.8102027 0.2198694 0.4437834
v 0.7880460 0.2423212 0.4449514
v 0.7912280 0.1886243 0.4386024
v 0.7704826 0.2098840 0.4430366
v 0.7517457 0.1784121 0.4383637
v 0.7486727 0.2322382 0.4450203
v 0.7659737 0.2649690 0.4445733
v 0.7445234 0.2876930 0.4451217
v 0.7310259 0.1997937 0.4423118
v 0.7266380 0.2549695 0.4448376
v 0.7678507 0.1621426 0.4259713
v 0.6916858 0.1897771 0.4413842
v 0.7121630 0.1682096 0.4379135
v 0.7284853 0.1515983 0.4259120
v 0.6889065 0.1411736 0.4256932
v 0.6725690 0.1579957 0.4373955
v 0.6491942 0.1308431 0.4254621
v 0.6331683 0.1478520 0.4370913
v 0.6523551 0.1797736 0.4405346
v 0.6129746 0.1695845 0.4403618
v 0.5937653 0.1375545 0.4372410
v 0.5738914 0.1592076 0.4409667
v 0.6093285 0.1206961 0.4253856
v 0.5350172 0.1486935 0.4422071
v 0.5545936 0.1272083 0.4376755
v 0.5692052 0.1107791 0.4253315
v 0.5288515 0.1011513 0.4251878
v 0.5149849 0.1169834 0.4380860
v -0.0258090 -0.0449978 0.4260122
v -0.0804631 -0.0378815 0.4381402
v -0.0658885 -0.0552032 0.4262906
v -0.1123063 -0.0648235 0.4264566
v 0.0140437 -0.0346601 0.4258711
v -0.1584807 -0.0741585 0.4266409
v -0.1256347 -0.0474295 0.4384963
v -0.0406553 -0.0277880 0.4378101
v -0.0997152 -0.0153443 0.4400770
v -0.1707303 -0.0571830 0.4390926
v -0.2050726 -0.0830316 0.4265899
v -0.1438840 -0.0247687 0.4404699
v -0.0600938 -0.0053879 0.4401657
v -0.2163186 -0.0666410 0.4396851
v -0.1183528 0.0070768 0.4354577
v -0.1883207 -0.0340401 0.4415860
v -0.1628804 -0.0022506 0.4359476
v -0.2518521 -0.0917766 0.4265446
v -0.2329281 -0.0435935 0.4429356
v -0.2620577 -0.0758642 0.4400374
v -0.3081639 -0.0850161 0.4398561
v -0.8210846 -0.0878350 0.4550542
v -0.8157261 -0.1144020 0.4523521
v -0.7632909 -0.1316408 0.4450521
v -0.7580284 -0.1552889 0.4395302
v -0.7681912 -0.1078272 0.4522251
v -0.7734837 -0.0816837 0.4553900
v -0.8260864 -0.0618128 0.4515276
v -0.7091521 -0.1486497 0.4394117
v -0.7150481 -0.1257242 0.4461570
v -0.6596628 -0.1419828 0.4393077
v -0.7200220 -0.1008066 0.4502338
v -0.6663459 -0.1194256 0.4466095
v -0.6100022 -0.1351712 0.4392875
v -1.2243576 -0.2222576 0.4255201
v -1.2738506 -0.2276572 0.4258858
v -1.3229597 -0.2321890 0.4258676
v -1.2759780 -0.2086367 0.4380271
v -1.1770096 -0.1997599 0.4385997
v -1.2261517 -0.2042670 0.4382927
v -1.2288420 -0.1797271 0.4425687
v -1.1838141 -0.1496073 0.4427842
v -1.2780226 -0.1838330 0.4411910
v -1.1399900 -0.1196076 0.4476237
v -1.2313970 -0.1538152 0.4394571
v -1.1876402 -0.1239516 0.4433535
v -1.1417433 -0.0939729 0.4439052
v -1.2804787 -0.1581475 0.4383499
v -1.2372467 -0.1281075 0.4410678
v -1.3273095 -0.1884363 0.4411833
v -1.2866276 -0.1328655 0.4411453
v -1.3250324 -0.2132487 0.4379961
v -1.3306187 -0.1627575 0.4403148
v -1.3763323 -0.1930331 0.4413868
v -1.3724407 -0.2365495 0.4256874
v -1.3741708 -0.2177821 0.4379135
v -1.4254523 -0.1979331 0.4421986
v -1.4234335 -0.2227069 0.4381714
v -1.4282581 -0.1720806 0.4387888
v -1.3797774 -0.1673762 0.4388123
v -1.3363405 -0.1374359 0.4410745
v -1.3843699 -0.1417912 0.4385617
v -1.2925525 -0.1076914 0.4439500
v -1.3412063 -0.1120569 0.4407834
v -1.2424633 -0.1030309 0.4444741
v -1.1919416 -0.0980874 0.4435193
v -1.2447266 -0.0773601 0.4461057
v -1.2945720 -0.0818790 0.4441243
v -1.3428469 -0.0863249 0.4406956
v -1.1934371 -0.0727319 0.4470548
v -1.1424132 -0.0679599 0.4452692
v -1.2927284 -0.0559071 0.4428760
v -1.2433433 -0.0513276 0.4448948
v -1.1928961 -0.0466152 0.4460854
v -1.0875719 -0.0889783 0.4453507
v -1.3408854 -0.0602468 0.4389484
v -1.0324871 -0.0841557 0.4456741
v -1.0886546 -0.0629738 0.4441281
v -1.1420122 -0.0423104 0.4478964
v -1.0347086 -0.0580489 0.4441644
v -1.0891383 -0.0376023 0.4484437
v -1.1922293 -0.0207974 0.4455754
v -1.1422834 -0.0162716 0.4483127
v -1.0365760 -0.0328729 0.4487496
v -1.0903180 -0.0114919 0.4487372
v -1.2416862 -0.0253488 0.4419871
v -1.1934977 0.0051908 0.4446845
v -1.2909781 -0.0296860 0.4406232
v -1.2431825 0.0007749 0.4436763
v -1.2921483 -0.0035823 0.4432477
v -1.3404808 -0.0340882 0.4400658
v -1.3415090 -0.0081869 0.4428409
v -1.2450310 0.0251961 0.4385915
v -1.1948308 0.0293302 0.4386241
v -1.2954893 0.0215065 0.4379464
v -1.1438390 0.0325023 0.4373880
v -1.3451461 0.0170318 0.4377133
v -1.3935154 0.0114241 0.4374349
v -1.3909706 -0.0127985 0.4422974
v -1.3942216 0.0293998 0.4246805
v -1.4440225 0.0249575 0.4245247
v 0.5709137 0.2148501 0.4419062
v 0.6312011 0.2023586 0.4396872
v 0.6098437 0.2251040 0.4408275
v 0.5918378 0.1922154 0.4392488
v 0.5521105 0.2372703 0.4465721
v 0.5899512 0.2476446 0.4443293
v 0.5329513 0.2043030 0.4446086
v 0.5526317 0.1818676 0.4405904
v 0.5136226 0.2269518 0.4481403
v 0.4951341 0.1938181 0.4474346
v 0.5141509 0.1713672 0.4432523
v 0.4746409 0.2166799 0.4487441
v 0.4559674 0.1834585 0.4487130
v 0.4356316 0.2062942 0.4479567
v 0.4764276 0.1606479 0.4467458
v 0.4961898 0.1381196 0.4435155
v 0.4369413 0.1501314 0.4475076
v 0.4166410 0.1730554 0.4489116
v 0.3964986 0.1959428 0.4476823
v 0.4570159 0.1276006 0.4445751
v 0.4755064 0.1065711 0.4386362
v 0.3974533 0.1398230 0.4476296
v 0.3772109 0.1627009 0.4491108
v 0.3570869 0.1854513 0.4471698
v 0.4174601 0.1171489 0.4449511
v 0.4358498 0.0962783 0.4386715
v 0.3960800 0.0859611 0.4385783
v 0.3777932 0.1068272 0.4450549
v 0.3562987 0.0756861 0.4384196
v 0.3379499 0.0964675 0.4449615
v 0.2904347 0.0402042 0.4245050
v 0.2514021 0.0292531 0.4247809
v 0.2121703 0.0184542 0.4248971
v 0.3165667 0.0653923 0.4383573
v 0.1974069 0.0345248 0.4375135
v 0.1579710 0.0240358 0.4376168
v 0.1387988 0.0455447 0.4421528
v 0.2370154 0.0449623 0.4376114
v 0.1784975 0.0558839 0.4424021
v 0.2768057 0.0551282 0.4381582
v 0.2182418 0.0661232 0.4430174
v 0.1189179 0.0680758 0.4448106
v 0.0792164 0.0580131 0.4429928
v 0.1587084 0.0782350 0.4459123
v 0.2581703 0.0762113 0.4437692
v 0.1986271 0.0884824 0.4466625
v 0.2982060 0.0862908 0.4445446
v 0.2385197 0.0986308 0.4473918
v 0.2784406 0.1088672 0.4474631
v 0.3181159 0.1190706 0.4476089
v 0.2185210 0.1214943 0.4493345
v 0.2583128 0.1317410 0.4497021
v 0.3577895 0.1294227 0.4476050
v 0.2981473 0.1419911 0.4493987
v 0.3377286 0.1523405 0.4490108
v 0.2384681 0.1546421 0.4490315
v 0.1986268 0.1444411 0.4492071
v 0.2781240 0.1647739 0.4480174
v 0.1588125 0.1343046 0.4481747
v 0.3176367 0.1750807 0.4475565
v 0.2580602 0.1876633 0.4468420
v 0.2978291 0.1978557 0.4451838
v 0.2390325 0.2106639 0.4475418
v 0.1787378 0.1113696 0.4479181
v 0.1191554 0.1241465 0.4474158
v 0.1389312 0.1012623 0.4468437
v 0.0792354 0.1139372 0.4470795
v 0.0993413 0.0911869 0.4450858
v 0.0396093 0.1038116 0.4451032
v 0.0196821 0.1265463 0.4470219
v -0.0199134 0.1164003 0.4450890
v -0.0001289 0.0936411 0.4434561
v 0.0598050 0.0811167 0.4431146
v 0.0198606 0.0707642 0.4427386
v -0.5599038 -0.1285099 0.4395105
v -0.5080630 -0.1196661 0.4398439
v -0.5679974 -0.1060435 0.4465829
v -0.4566416 -0.1109301 0.4400326
v -0.5176124 -0.0970779 0.4462367
v -0.6174157 -0.1125975 0.4463227
v -0.4056602 -0.1022946 0.4400872
v -0.6716282 -0.0943918 0.4498049
v -0.6232692 -0.0881401 0.4507982
v -0.3543135 -0.0939729 0.4403106
v -0.3676078 -0.0716507 0.4456481
v -0.4175070 -0.0802632 0.4467196
v -0.3227777 -0.0623113 0.4456098
v -0.2774938 -0.0531160 0.4444512
v -0.3824741 -0.0476550 0.4464596
v -0.3381436 -0.0383230 0.4448140
v -0.4674122 -0.0886843 0.4464426
v -0.4305581 -0.0560128 0.4486219
v -0.4792771 -0.0646870 0.4503134
v -0.3975786 -0.0239581 0.4445888
v -0.5276697 -0.0733142 0.4510521
v -0.5757835 -0.0817789 0.4512690
v -0.4453013 -0.0322259 0.4454648
v -0.5838409 -0.0569480 0.4516059
v -0.6296463 -0.0631391 0.4527928
v -0.6767955 -0.0697967 0.4551058
v -0.5377596 -0.0483832 0.4518130
v -0.4920610 -0.0401154 0.4491529
v -0.7246261 -0.0757450 0.4552690
v -0.4587206 -0.0079120 0.4455128
v -0.5932528 -0.0319390 0.4521595
v -0.5498534 -0.0241434 0.4485087
v -0.5050381 -0.0162256 0.4466799
v -0.6053035 -0.0072866 0.4491799
v -0.6381504 -0.0383394 0.4544109
v -0.5612403 0.0006848 0.4482217
v -0.6492025 -0.0132269 0.4518251
v -0.6847080 -0.0442204 0.4556014
v -0.6167498 0.0166080 0.4440265
v -0.6946980 -0.0190793 0.4527561
v -0.7317603 -0.0497917 0.4556846
v -0.6607050 0.0106885 0.4463080
v -0.7404433 -0.0247946 0.4517666
v -0.7800063 -0.0555063 0.4547483
v -0.8313431 -0.0363867 0.4486141
v -0.7858532 -0.0306072 0.4491571
v -0.8367701 -0.0117385 0.4449870
v -0.7045731 0.0053575 0.4483565
v -0.7492455 0.0000253 0.4490919
v -0.7931518 -0.0057496 0.4473880
v -0.8430327 0.0127253 0.4432083
v -0.8865492 0.0067831 0.4430813
v -0.8912777 0.0309868 0.4389325
v -0.8493183 0.0374259 0.4409226
v -0.8001510 0.0188549 0.4453934
v -0.8959217 0.0543373 0.4339755
v -0.7565423 0.0244600 0.4452609
v -0.8066762 0.0432608 0.4413362
v -0.7642573 0.0485689 0.4405246
v -0.7133132 0.0292633 0.4427055
v -0.7213121 0.0538908 0.4390848
v 0.1330804 -0.0028908 0.4253892
v 0.1727117 0.0077211 0.4252148
v 0.1183524 0.0135718 0.4376491
v 0.0786115 0.0031175 0.4376988
v 0.0594337 0.0248305 0.4418940
v 0.0992080 0.0351458 0.4420467
v 0.0395520 0.0478232 0.4421050
v -0.0001863 0.0375285 0.4408736
v -0.0201533 0.0603333 0.4423751
v -0.0585642 0.0506610 0.4380709
v -0.0790356 0.0731422 0.4412099
v -0.1173475 0.0634724 0.4375349
v -0.0398353 0.0832603 0.4434730
v -0.1325382 0.0874992 0.4366308
v -0.1727200 0.0772985 0.4355120
v -0.0973748 0.0965155 0.4417999
v -0.1917621 0.1003589 0.4357682
v -0.0596180 0.1060636 0.4453231
v -0.1517444 0.1106259 0.4369521
v -0.1173466 0.1192587 0.4428405
v -0.2340171 0.0907759 0.4400116
v -0.2171120 0.0676332 0.4362119
v -0.1749402 0.1324678 0.4379141
v -0.1375547 0.1421936 0.4430688
v -0.0792357 0.1291652 0.4456098
v -0.2145754 0.1224841 0.4370523
v -0.2765010 0.0816953 0.4407052
v -0.2603107 0.0584172 0.4371808
v -0.2539327 0.1137549 0.4406216
v -0.2340478 0.1451237 0.4407676
v -0.1956657 0.1552370 0.4410641
v -0.2937569 0.1052612 0.4419667
v -0.2731220 0.1369025 0.4411173
v -0.2521495 0.1672451 0.4357292
v -0.1562509 0.1651871 0.4408559
v -0.3167392 0.0730016 0.4435669
v -0.3023990 0.0499048 0.4374568
v -0.2862596 0.0263690 0.4347784
v -0.3438242 0.0413063 0.4395817
v -0.3579356 0.0646432 0.4450067
v -0.3991052 0.0564364 0.4460973
v -0.3342031 0.0967038 0.4425046
v -0.3743110 0.0887344 0.4442669
v -0.4146910 0.0806851 0.4457470
v -0.4551717 0.0723012 0.4462049
v -0.3506467 0.1191488 0.4376476
v -0.3904832 0.1108550 0.4382080
v -0.4300104 0.1037224 0.4410381
v -0.4698208 0.0963569 0.4429879
v -0.4056924 0.1339620 0.4351957
v -0.4444249 0.1261941 0.4358959
v -0.6700739 0.0349780 0.4416636
v -0.6790272 0.0599091 0.4394894
v -0.7293243 0.0776645 0.4354190
v -0.6266439 0.0414246 0.4417118
v -0.5731245 0.0249689 0.4450798
v -0.6365652 0.0661634 0.4393330
v -0.5167929 0.0083362 0.4460026
v -0.5841023 0.0495601 0.4425646
v -0.5288774 0.0326407 0.4441011
v -0.4713669 0.0163544 0.4470663
v -0.5413840 0.0572480 0.4435965
v -0.5955227 0.0741455 0.4407315
v -0.4849714 0.0406113 0.4448624
v -0.5533574 0.0813881 0.4407529
v -0.6462883 0.0896204 0.4353908
v -0.6058106 0.0973771 0.4358799
v -0.6876901 0.0838020 0.4356341
v -0.4983619 0.0648059 0.4438462
v -0.6534904 0.1084185 0.4238579
v -0.5647017 0.1044223 0.4361084
v -0.5119876 0.0890161 0.4424534
v -0.4833149 0.1184916 0.4366676
v -0.4406141 0.0484630 0.4443869
v -0.4268244 0.0241944 0.4433176
v -0.3858818 0.0329020 0.4404279
v -0.4112047 0.0004379 0.4453940
v -0.3707520 0.0087491 0.4398161
v -0.3547720 -0.0149927 0.4416414
v -0.3118083 -0.0062919 0.4387740
v -0.3289197 0.0175479 0.4364566
v -0.2948438 -0.0292666 0.4423764
v -0.2509723 -0.0206309 0.4388774
v -0.2684939 0.0027692 0.4372575
v -0.2437844 0.0349967 0.4347485
v -0.2073753 -0.0116875 0.4367751
v -0.2255437 0.0114981 0.4345307
v -0.2006927 0.0438834 0.4367459
v -0.1816605 0.0208265 0.4346227
v -0.1376538 0.0302798 0.4346083
v -0.1572558 0.0532574 0.4362913
v -0.0783631 0.0173419 0.4360259
v -0.0975887 0.0405104 0.4352934
v -0.0389747 0.0275853 0.4376253
v -0.0202665 0.0045388 0.4407810
v -0.0009638 -0.0176272 0.4377388
v 0.0196510 0.0145791 0.4414734
v 0.0389321 -0.0073020 0.4376997
v 0.0537304 -0.0240498 0.4256245
v 0.0933730 -0.0134272 0.4254757
v 0.7205166 0.4191882 0.4394570
v 0.6667700 0.4252369 0.4269027
v 0.7787939 0.4073880 0.4438675
v 0.8383815 0.3949125 0.4479559
v 0.6277368 0.4151536 0.4268153
v 0.6812666 0.4095868 0.4396432
v 0.8783516 0.4045844 0.4469382
v 0.7992641 0.3850843 0.4466018
v 0.8202644 0.3623091 0.4458335
v 0.7396532 0.3978770 0.4441225
v 0.7601420 0.3753135 0.4456012
v 0.8017956 0.3299485 0.4455044
v 0.7808213 0.3525862 0.4466071
v 0.7213070 0.3656146 0.4441002
v 0.7004810 0.3885360 0.4453064
v 0.7415652 0.3428627 0.4454358
v 0.6421450 0.3998642 0.4398077
v 0.6616877 0.3787633 0.4454730
v 0.6824783 0.3558949 0.4432482
v 0.7625433 0.3201895 0.4453876
v 0.7033143 0.3332393 0.4425963
v 0.7837287 0.2974783 0.4445779
v 0.7234880 0.3103599 0.4442372
v 0.6437458 0.3459427 0.4441622
v 0.6641161 0.3232708 0.4427362
v 0.6851182 0.3005414 0.4422394
v 0.6053926 0.3360704 0.4463505
v 0.7057029 0.2777243 0.4435245
v 0.6263307 0.3133159 0.4458753
v 0.6459933 0.2905595 0.4429714
v 0.6670394 0.2678388 0.4421835
v 0.6875293 0.2449054 0.4439621
v 0.6084057 0.2804363 0.4459072
v 0.7093680 0.2222622 0.4435997
v 0.6280336 0.2578030 0.4424019
v 0.6490433 0.2350544 0.4414158
v 0.6704340 0.2123761 0.4413443
v 0.5878872 0.3032316 0.4475025
v 0.3378625 0.2081339 0.4443005
v 0.2790293 0.2208233 0.4454183
v 0.2195805 0.2336872 0.4475412
v 0.3776094 0.2185127 0.4442110
v 0.3189550 0.2311336 0.4434928
v 0.2601431 0.2439008 0.4469023
v 0.1994224 0.2561711 0.4444221
v 0.4167673 0.2288838 0.4448082
v 0.3586482 0.2414438 0.4425030
v 0.3003733 0.2540333 0.4458333
v 0.2397483 0.2665947 0.4449012
v 0.1807490 0.2762107 0.4367390
v 0.4551336 0.2394085 0.4465819
v 0.3980034 0.2517903 0.4421574
v 0.2205450 0.2866335 0.4372462
v 0.3398618 0.2642298 0.4447076
v 0.2796879 0.2769665 0.4452383
v 0.2599091 0.2971874 0.4378344
v 0.3193537 0.2872582 0.4453122
v 0.3787629 0.2745608 0.4434466
v 0.2989855 0.3077088 0.4383580
v 0.3581649 0.2974350 0.4452303
v 0.3373632 0.3182126 0.4387608
v -0.4553078 0.1422150 0.4227002
v -0.3672973 0.1419783 0.4348563
v -0.3122547 0.1285143 0.4406506
v -0.2900842 0.1586963 0.4354964
v -0.3282561 0.1503257 0.4349674
v -0.4177252 0.1512848 0.4227791
v -0.3399503 0.1663608 0.4220506
v -0.3794400 0.1594466 0.4226090
v 0.1406836 0.2659991 0.4364250
v 0.1009622 0.2559347 0.4362299
v 0.0616787 0.2458910 0.4360703
v 0.0222536 0.2360384 0.4360590
v -0.0171785 0.2260536 0.4358972
v -0.0699478 0.2322982 0.4229592
v -0.0566349 0.2162989 0.4358975
v -0.1092172 0.2222018 0.4228231
v -1.5751457 -0.1603785 0.4458676
v -1.6234684 -0.1648436 0.4475199
v -1.5752099 -0.1860984 0.4418786
v -1.6244191 -0.1388849 0.4495451
v -1.6238744 -0.1906238 0.4440527
v -1.6225968 -0.2164120 0.4423186
v -1.5731991 -0.2120045 0.4422685
v -1.6208957 -0.2407852 0.4381131
v -1.6192642 -0.2603231 0.4266591
v -1.5711741 -0.2365070 0.4383359
v -1.5695455 -0.2555971 0.4264541
v -1.5201778 -0.2509289 0.4261215
v -1.4709360 -0.2461085 0.4258428
v -1.5218323 -0.2320121 0.4381766
v -1.4725553 -0.2273870 0.4381248
v -1.5239644 -0.2073786 0.4420263
v -1.4746370 -0.2025998 0.4417734
v -1.5259441 -0.1815264 0.4406441
v -1.4768527 -0.1769127 0.4388934
v -1.5277527 -0.1557440 0.4412668
v -1.5778772 -0.1345064 0.4448844
v -1.4791186 -0.1511057 0.4395570
v -1.4315056 -0.1463417 0.4378480
v -1.5285046 -0.1299547 0.4435741
v -1.4816860 -0.1251487 0.4386456
v -1.3887917 -0.1162989 0.4392783
v -1.4345521 -0.1206039 0.4379248
v -1.5312869 -0.1040859 0.4430811
v -1.4822540 -0.0994293 0.4417643
v -1.4362807 -0.0947826 0.4377702
v -1.3893200 -0.0905043 0.4374435
v -1.4845205 -0.0736075 0.4429001
v -1.3892028 -0.0644923 0.4381874
v -1.4363354 -0.0690975 0.4399920
v -1.5340567 -0.0783037 0.4420417
v -1.4873155 -0.0479110 0.4396168
v -1.4380911 -0.0432786 0.4416323
v -1.3893022 -0.0388235 0.4417432
v -1.4405585 -0.0176246 0.4414798
v -1.4429730 0.0068006 0.4372262
v -1.4900057 -0.0222314 0.4413067
v -1.5368082 -0.0524800 0.4413198
v -1.5391921 -0.0264831 0.4427411
v -1.5834212 -0.0828869 0.4428923
v -1.5806281 -0.1087432 0.4438162
v -1.6262963 -0.1128587 0.4498432
v -1.6728478 -0.1179419 0.4525718
v -1.6708034 -0.1425698 0.4525382
v 0.3753255 0.3286613 0.4389823
v 0.4128602 0.3389098 0.4389503
v 0.4727381 0.3741020 0.4256288
v 0.5111474 0.3847313 0.4262154
v 0.5496248 0.3952360 0.4267602
v 0.5886186 0.4052314 0.4268369
v 0.6032299 0.3899167 0.4399319
v 0.5644186 0.3796761 0.4396880
v 0.6229609 0.3688367 0.4453516
v 0.5843429 0.3586713 0.4450259
v 0.5260901 0.3691156 0.4388925
v 0.5458551 0.3484150 0.4446876
v 0.4878814 0.3591543 0.4388791
v 0.4502542 0.3491161 0.4389501
v 0.5079866 0.3383299 0.4447256
v 0.5669033 0.3259401 0.4466352
v 0.5293255 0.3156163 0.4449739
v 0.4708796 0.3281508 0.4446489
v 0.5493948 0.2930457 0.4475341
v 0.4921972 0.3054232 0.4437697
v 0.4338020 0.3180060 0.4448082
v 0.5702739 0.2702988 0.4475901
v 0.5121400 0.2828220 0.4461027
v 0.5317900 0.2601623 0.4484399
v 0.4547616 0.2951908 0.4428155
v 0.4746629 0.2724676 0.4443398
v 0.4934093 0.2498542 0.4480113
v 0.4366813 0.2621271 0.4429520
v 0.4170030 0.2848785 0.4427586
v 0.3961469 0.3076791 0.4450943
v -0.5242243 0.1118061 0.4368208
v -0.5324975 0.1282188 0.4235437
v -0.5725878 0.1223382 0.4239121
v -0.6135593 0.1153878 0.4237720
v -0.7765443 0.0906536 0.4235650
v -0.7353633 0.0970963 0.4241583
v -0.6941746 0.1028900 0.4241832
v -1.0937615 0.0527919 0.4228295
v -1.0928901 0.0363668 0.4362953
v -1.0443645 0.0577645 0.4224448
v -1.0430102 0.0399564 0.4349007
v -1.0918484 0.0139207 0.4445100
v -1.1431332 0.0094387 0.4448158
v -1.0412240 0.0179668 0.4431627
v -0.9936616 0.0442336 0.4339572
v -1.0390337 -0.0069066 0.4484957
v -0.9910302 0.0219595 0.4415116
v -0.9950895 0.0632147 0.4224472
v -0.9880845 -0.0022404 0.4477759
v -0.9443551 0.0494875 0.4340026
v -0.9412611 0.0259045 0.4395630
v -0.9847547 -0.0278929 0.4491737
v -0.9373348 0.0021575 0.4454343
v -0.9815715 -0.0529047 0.4441194
v -0.9328146 -0.0227124 0.4478853
v -0.9287038 -0.0479194 0.4448469
v -0.8815085 -0.0175168 0.4457849
v -0.9247237 -0.0737459 0.4467209
v -0.8760806 -0.0427182 0.4458871
v -0.8713546 -0.0683646 0.4483898
v -0.9470099 0.0690485 0.4228831
v -0.8989962 0.0740809 0.4229122
v -0.8547544 0.0606930 0.4350042
v -0.8129270 0.0660965 0.4349865
v -0.8584245 0.0790640 0.4230624
v -0.7712406 0.0719826 0.4352139
v -0.8175052 0.0846581 0.4232647
v -1.6857261 0.0054922 0.4240730
v -1.4937879 0.0203091 0.4243327
v -1.4925365 0.0024655 0.4374031
v -1.5419158 -0.0022232 0.4376363
v -1.5905934 -0.0073002 0.4374547
v -1.6393272 -0.0123885 0.4371132
v -1.5883425 -0.0311223 0.4432169
v -1.6853300 -0.0159774 0.4396200
v -1.6372358 -0.0362359 0.4427403
v -1.7403637 0.0071294 0.4284925
v -1.7392289 -0.0150130 0.4450998
v -1.7364260 -0.0437952 0.4513809
v -1.7794151 -0.0189181 0.4449480
v -1.7766868 -0.0477259 0.4511260
v -0.1483910 0.2123836 0.4226227
v -0.1874824 0.2021797 0.4222765
v -0.0960399 0.2065358 0.4359549
v -0.1352834 0.1967500 0.4358889
v -0.0379543 0.1946565 0.4407379
v -0.0777008 0.1849750 0.4411938
v 0.0009277 0.2050137 0.4419902
v 0.0403074 0.2151193 0.4425325
v 0.0201013 0.1825764 0.4458138
v -0.0191085 0.1724451 0.4449788
v 0.0799128 0.2251866 0.4427504
v 0.0597775 0.1927970 0.4463971
v 0.0995591 0.2027984 0.4462418
v 0.1195290 0.2352886 0.4428975
v 0.1392895 0.2129175 0.4463047
v 0.1191666 0.1801148 0.4489793
v 0.1591386 0.2457224 0.4437358
v 0.1791836 0.2233385 0.4472513
v 0.1590544 0.1903344 0.4492610
v 0.1989286 0.2004884 0.4490068
v 0.2186298 0.1775782 0.4488413
v 0.1789196 0.1673757 0.4500003
v 0.1389762 0.1571711 0.4501169
v 0.0792405 0.1699438 0.4489819
v 0.0393757 0.1597564 0.4488269
v 0.0991457 0.1469969 0.4494428
v 0.0594828 0.1368128 0.4482789
v -0.0004402 0.1495098 0.4483178
v -0.0587536 0.1623665 0.4444673
v -0.0398072 0.1393162 0.4469014
v -0.1167994 0.1749354 0.4405626
v -0.0974130 0.1521289 0.4421408
v -0.1741912 0.1864806 0.4352322
v -0.2138157 0.1771499 0.4358147
v -1.7751017 -0.2608703 0.2801996
v -1.7843608 -0.2860782 0.2646432
v -1.7810742 -0.2856674 0.2807438
v -1.7758564 -0.1847583 0.2782687
v -1.7972593 -0.1604909 0.2930790
v -1.7832960 -0.1594617 0.2773164
v -1.7780279 -0.2608799 0.2962579
v -1.7803844 -0.2855565 0.2968465
v -1.7751323 -0.2362791 0.2956974
v -1.7701547 -0.2361090 0.2797100
v -1.7814204 -0.2108816 0.2947654
v -1.7688034 -0.2100036 0.2790983
v -1.7903090 -0.1859331 0.2938624
v -1.7989353 -0.1344302 0.2925412
v -1.7812017 -0.2364289 0.3116973
v -1.7831537 -0.2610295 0.3123254
v -1.7803201 -0.2852437 0.3128995
v -1.7857025 -0.2108598 0.3108820
v -1.7820954 -0.2360690 0.3277970
v -1.7797751 -0.2603540 0.3283664
v -1.7800494 -0.2849236 0.3290053
v -1.7922480 -0.2111813 0.3270942
v -1.7780734 -0.2350758 0.3439847
v -1.7781209 -0.2597011 0.3444685
v -1.7791995 -0.2843484 0.3450481
v -1.7860982 -0.2100252 0.3431831
v -1.7779281 -0.2345294 0.3601760
v -1.7762827 -0.2590479 0.3605891
v -1.7776483 -0.2836601 0.3611662
v -1.7904157 -0.2099666 0.3593308
v -1.7869475 -0.2350096 0.3762263
v -1.7757629 -0.2583972 0.3766825
v -1.7766394 -0.2829625 0.3773018
v -1.7745913 -0.2577381 0.3927503
v -1.7757509 -0.2823471 0.3933550
v -1.7894975 -0.2092459 0.3755598
v -1.7851867 -0.2342295 0.3923384
v -1.7736412 -0.2570388 0.4088870
v -1.7765150 -0.2818673 0.4094194
v -1.7779862 -0.2747772 0.4267891
v -1.7782193 -0.2568877 0.4264296
v -1.7796425 -0.2565215 0.4392819
v -1.7780177 -0.2322786 0.4260265
v -1.7818977 -0.2318779 0.4435880
v -1.7812427 -0.2331458 0.4083971
v -1.7803987 -0.2077121 0.3917556
v -1.7755040 -0.2060782 0.4254201
v -1.7814414 -0.2056867 0.4430927
v -1.7856117 -0.2074783 0.4079923
v -1.7740805 -0.1799511 0.4247744
v -1.7798240 -0.1795771 0.4424777
v -1.7796605 -0.1538572 0.4418176
v -1.7902137 -0.1827951 0.3911157
v -1.7873875 -0.1815762 0.4075490
v -1.7729208 -0.1539067 0.4242069
v -1.7773743 -0.1282950 0.4239651
v -1.7816828 -0.1282967 0.4416075
v -1.7779838 -0.1549510 0.4065856
v -1.7954369 -0.1574655 0.3906046
v -1.7847163 -0.1829978 0.3743546
v -1.7825029 -0.1292430 0.4062982
v -1.7928827 -0.1312163 0.3900718
v -1.7937601 -0.1845778 0.3580026
v -1.7963245 -0.1584918 0.3734839
v -1.7998738 -0.1327504 0.3733976
v -1.7961164 -0.1853118 0.3420270
v -1.7901821 -0.1585716 0.3569303
v -1.7921326 -0.1326810 0.3568021
v -1.7931576 -0.1852983 0.3261461
v -1.7937602 -0.1592883 0.3408878
v -1.7982775 -0.1337626 0.3407488
v -1.7947485 -0.1858974 0.3100678
v -1.8037045 -0.1605996 0.3254498
v -1.8029718 -0.1607453 0.3094383
v -1.8072199 -0.1349535 0.3252506
v -1.8056999 -0.1349843 0.3089259
v -1.8099375 -0.1095030 0.3086985
v -1.8113779 -0.1094653 0.3252895
v -1.8010256 -0.1079187 0.3412229
v -1.7999739 -0.1085384 0.2923584
v -1.7818486 -0.1070159 0.2770038
v -1.7810456 -0.0811504 0.2773459
v -1.7949137 -0.0825362 0.2931446
v -1.7836300 -0.0555462 0.2776670
v -1.8102974 -0.0838471 0.3089889
v -1.7952548 -0.0567719 0.2936945
v -1.7890432 -0.0314076 0.2777422
v -1.8152978 -0.0840663 0.3254747
v -1.8112161 -0.0579858 0.3092438
v -1.7952213 -0.0321359 0.2939850
v -1.8018440 -0.0081576 0.2778763
v -1.8031421 -0.0081521 0.2939365
v -1.8049820 -0.0330155 0.3099417
v -1.8066526 -0.0082114 0.3099643
v -1.8197778 -0.0584354 0.3254922
v -1.8131108 -0.0333308 0.3259298
v -1.8083511 -0.0082035 0.3260684
v -1.8155446 -0.0836502 0.3418385
v -1.8151235 -0.0574608 0.3419199
v -1.8137651 -0.0328625 0.3421169
v -1.8077905 -0.0076464 0.3421472
v -1.8028994 -0.1075081 0.3574434
v -1.8079329 -0.0821413 0.3579813
v -1.8004533 -0.1065242 0.3737977
v -1.7973865 -0.0554891 0.3573079
v -1.8034550 -0.0808084 0.3740337
v -1.7996334 -0.1056968 0.3902418
v -1.8011947 -0.0797030 0.3902003
v -1.7985992 -0.1052360 0.4065337
v -1.8056859 -0.0316522 0.3581339
v -1.8057893 -0.0067998 0.3581683
v -1.7896820 -0.0541678 0.3734700
v -1.7899847 -0.0295949 0.3735462
v -1.7995316 -0.0057862 0.3741355
v -1.7900434 -0.0531561 0.3897982
v -1.7844221 -0.0282574 0.3896567
v -1.7968015 -0.0047998 0.3899819
v -1.7840025 -0.0523161 0.4059747
v -1.7864432 -0.0276076 0.4059565
v -1.7980641 -0.0042227 0.4058825
v -1.7976867 -0.0101541 0.4234806
v -1.7886391 -0.0270326 0.4235309
v -1.7965239 -0.0275765 0.4364039
v -1.7837051 -0.0512897 0.4237214
v -1.7939689 -0.0514344 0.4411972
v -1.7912103 -0.0771627 0.4414812
v -1.7947493 -0.0780415 0.4239465
v -1.7871490 -0.1026478 0.4415439
v -1.8006879 -0.0790399 0.4063860
v -1.7853883 -0.1030875 0.4239338
v -1.8030407 -0.0332160 0.2442806
v -1.8070784 -0.0153844 0.2441764
v -1.8050309 -0.0332537 0.2311682
v -1.7926830 -0.0318563 0.2615654
v -1.8041785 -0.0085402 0.2617534
v -1.7945608 -0.0569046 0.2442443
v -1.8011241 -0.0576234 0.2266011
v -1.7837141 -0.0555064 0.2614948
v -1.7823364 -0.0815808 0.2439274
v -1.7966596 -0.0832519 0.2268427
v -1.7757115 -0.0806099 0.2611444
v -1.7761084 -0.1070917 0.2437879
v -1.7922469 -0.1087920 0.2269995
v -1.7874038 -0.1341750 0.2271980
v -1.7724161 -0.1063580 0.2611855
v -1.7684431 -0.1323625 0.2439032
v -1.7843320 -0.1596856 0.2273810
v -1.7693975 -0.1321863 0.2614780
v -1.7657975 -0.1582568 0.2442931
v -1.7851324 -0.1855587 0.2277833
v -1.7853492 -0.1333414 0.2767416
v -1.7682203 -0.1582119 0.2620051
v -1.7700884 -0.1845883 0.2446972
v -1.7884629 -0.2116384 0.2281502
v -1.7794690 -0.2109534 0.2455141
v -1.7913200 -0.2377472 0.2288797
v -1.7656167 -0.1840914 0.2623766
v -1.7875448 -0.2373277 0.2462861
v -1.7908800 -0.2622397 0.2339015
v -1.7699526 -0.2103674 0.2627632
v -1.7884088 -0.2619325 0.2468215
v -1.7882616 -0.2798721 0.2469682
v -1.7803368 -0.2367010 0.2636438
v -1.7825327 -0.2613947 0.2641850
v -1.7939608 -0.0514629 0.4411988
v -1.7912053 -0.0771278 0.4415260
v -1.7733584 -0.0750241 0.4508876
v -1.7697543 -0.1005853 0.4512458
v -1.7871593 -0.1026801 0.4415149
v -1.7666603 -0.1264159 0.4516082
v -1.7817033 -0.1283184 0.4415717
v -1.7647711 -0.1520494 0.4518290
v -1.7796327 -0.1538561 0.4417967
v -1.7634883 -0.1777562 0.4522084
v -1.7798273 -0.1795954 0.4425189
v -1.7814481 -0.2057305 0.4431145
v -1.7628239 -0.2037489 0.4526219
v -1.7819066 -0.2318322 0.4436138
v -1.7616340 -0.2313957 0.4528615
v -1.7796536 -0.2565008 0.4392893
v -1.7594191 -0.2609786 0.4474691
v -1.7779749 -0.2747260 0.4267608
v -1.7578225 -0.2840622 0.4316419
v -1.7576722 -0.2935068 0.4109665
v -1.7765169 -0.2818488 0.4093753
v -1.7575565 -0.2943244 0.3936584
v -1.7757895 -0.2823201 0.3933753
v -1.7575540 -0.2946771 0.3775507
v -1.7766285 -0.2829590 0.3773134
v -1.7776758 -0.2836788 0.3611754
v -1.7582288 -0.2952057 0.3613240
v -1.7791954 -0.2843422 0.3450382
v -1.7586716 -0.2957439 0.3453258
v -1.7596324 -0.2962069 0.3292686
v -1.7800505 -0.2848914 0.3289732
v -1.7609942 -0.2967884 0.3132101
v -1.7803135 -0.2852763 0.3129081
v -1.7622244 -0.2975923 0.2970117
v -1.7803819 -0.2855586 0.2968371
v -1.7637478 -0.2981640 0.2808114
v -1.7811264 -0.2856722 0.2807496
v -1.7843965 -0.2860322 0.2646140
v -1.7661188 -0.2979397 0.2633969
v -1.7882447 -0.2798521 0.2469771
v -1.7685571 -0.2895711 0.2423894
v -1.7705974 -0.2671112 0.2259375
v -1.7685880 -0.2895755 0.2424044
v -1.7882460 -0.2798534 0.2470039
v -1.7909034 -0.2622258 0.2338929
v -1.7725934 -0.2381891 0.2194131
v -1.7912861 -0.2377649 0.2288697
v -1.7729386 -0.2106410 0.2179944
v -1.7760336 -0.1330892 0.2164160
v -1.7738912 -0.1588393 0.2166617
v -1.7735461 -0.1847449 0.2170891
v -1.7873791 -0.1342077 0.2272179
v -1.7843900 -0.1596593 0.2273848
v -1.7921991 -0.1088038 0.2270291
v -1.7850916 -0.1855323 0.2277941
v -1.7784060 -0.1072647 0.2164259
v -1.7966659 -0.0832580 0.2268377
v -1.7884557 -0.2116088 0.2281655
v -1.7802192 -0.0813683 0.2165686
v -1.8011449 -0.0576605 0.2266317
v -1.7820292 -0.0538813 0.2170892
v -1.8050618 -0.0332410 0.2312091
v -1.7855927 -0.0248507 0.2231917
v -1.8071017 -0.0153959 0.2441943
v -1.7887479 -0.0023614 0.2395662
v -1.7887982 0.0066938 0.2604633
v -1.8042172 -0.0085218 0.2617651
v -1.7870628 0.0073359 0.2779143
v -1.8018023 -0.0081774 0.2778738
v -1.7859929 0.0070371 0.2939696
v -1.8031251 -0.0081139 0.2939731
v -1.7849144 0.0061235 0.3101495
v -1.8066559 -0.0082350 0.3099666
v -1.7840465 0.0053537 0.3261464
v -1.7825895 0.0056822 0.3420423
v -1.8057924 -0.0068156 0.3581803
v -1.7814039 0.0072458 0.3578311
v -1.7995096 -0.0057530 0.3741408
v -1.7811873 0.0094611 0.3737280
v -1.7968208 -0.0048045 0.3899429
v -1.7803743 0.0104819 0.3897554
v -1.7980419 -0.0042283 0.4058779
v -1.7806272 0.0109004 0.4071429
v -1.7976851 -0.0101235 0.4234542
v -1.7799448 0.0032791 0.4283383
v -1.7965320 -0.0275733 0.4363893
v -1.7794015 -0.0189553 0.4449216
v -1.7766585 -0.0476889 0.4511201
v 1.1701136 0.2697844 0.4263770
v 1.1780108 0.2647399 0.3930602
v 1.1760654 0.2652084 0.3120308
v 1.1755306 0.2653408 0.2959165
v 1.1775237 0.2645282 0.3281841
v 1.1265738 0.2497803 0.3121233
v 1.1790828 0.2639359 0.3606999
v 1.1308152 0.2472525 0.3282046
v 1.1789629 0.2640010 0.3444759
v 1.1329903 0.2459085 0.3444164
v 1.1332817 0.2458880 0.3606535
v 1.1782164 0.2644332 0.3768282
v 1.1330417 0.2461334 0.3768445
v 1.0940002 0.2351808 0.3769027
v 1.1330278 0.2463708 0.3931378
v 1.1780908 0.2647466 0.4094404
v 1.1328114 0.2464090 0.4094318
v 1.0934506 0.2359897 0.3931643
v 1.1268981 0.2521223 0.4271295
v 1.0934869 0.2356054 0.3606840
v 1.0926110 0.2366142 0.4094325
v 0.3755077 0.0553086 0.2624954
v 0.4109307 0.0706964 0.2447408
v 0.4151292 0.0656227 0.2625960
v 0.4504387 0.0810103 0.2448912
v 0.4142795 0.0662344 0.2788486
v 0.3743629 0.0562679 0.2787418
v 0.4547007 0.0759938 0.2626988
v 0.4897215 0.0912903 0.2450726
v 0.4541609 0.0761636 0.2789560
v 0.4943190 0.0861093 0.2627717
v 0.5295278 0.1013255 0.2450893
v 0.3766792 0.0535338 0.2948680
v 0.3363337 0.0438845 0.2947656
v 0.4168186 0.0633797 0.2949937
v 0.5341298 0.0961057 0.2628559
v 0.5693105 0.1114620 0.2451544
v 0.4940882 0.0861647 0.2790182
v 0.4568415 0.0732603 0.2950427
v 0.5739509 0.1061278 0.2628944
v 0.6089124 0.1216703 0.2453099
v 0.5339118 0.0961121 0.2790764
v 0.4965509 0.0835228 0.2951300
v 0.6138400 0.1160766 0.2629273
v 0.6485802 0.1318995 0.2453709
v 0.5738436 0.1061051 0.2791471
v 0.5362606 0.0937000 0.2952594
v 0.6537525 0.1260720 0.2630155
v 0.6887182 0.1417819 0.2454177
v 0.6138396 0.1158650 0.2791535
v 0.5759644 0.1038092 0.2952884
v 0.6936966 0.1360423 0.2630951
v 0.7286526 0.1515713 0.2455225
v 0.6540160 0.1255792 0.2791662
v 0.6154480 0.1142256 0.2953504
v 0.7340252 0.1455071 0.2631329
v 0.7682488 0.1617601 0.2457875
v 0.6940626 0.1354372 0.2792481
v 0.6544263 0.1250844 0.2954510
v 0.7739510 0.1554290 0.2632012
v 0.8079960 0.1718606 0.2459651
v 0.7336195 0.1458571 0.2793406
v 0.8137035 0.1654431 0.2633534
v 0.8479429 0.1814215 0.2458894
v 0.7745613 0.1545614 0.2794818
v 0.8538226 0.1749446 0.2634208
v 0.8880707 0.1908312 0.2458825
v 0.8144457 0.1646979 0.2796165
v 0.8943549 0.1840725 0.2634031
v 0.9279307 0.2007899 0.2460812
v 0.8531437 0.1757544 0.2797138
v 0.9347931 0.1934391 0.2634286
v 0.9677602 0.2107392 0.2461763
v 0.8928611 0.1857426 0.2796937
v 0.9341680 0.1940991 0.2797347
v 0.9747446 0.2034679 0.2634019
v 1.0076317 0.2208009 0.2460236
v 0.9746309 0.2034619 0.2797266
v 1.0144205 0.2138107 0.2633876
v 1.0467778 0.2316859 0.2462303
v 1.0133008 0.2147114 0.2797401
v 1.0534610 0.2247354 0.2634982
v 1.0869209 0.2415208 0.2460611
v 1.0933531 0.2350613 0.2634916
v 1.1272255 0.2511578 0.2457507
v 1.0550480 0.2228930 0.2797207
v 1.1320470 0.2459825 0.2636684
v 1.1704493 0.2690186 0.2466547
v 1.0935724 0.2345484 0.2798041
v 1.1775598 0.2642735 0.2636250
v 1.1764828 0.2648739 0.2797793
v 1.1268805 0.2489776 0.2797477
v -1.7578014 -0.2841057 0.4316573
v -1.7175835 -0.2807744 0.4318013
v -1.7576631 -0.2935138 0.4109668
v -1.7171225 -0.2905576 0.4110561
v -1.6653528 -0.2688546 0.4268468
v -1.7575801 -0.2943096 0.3936627
v -1.7170809 -0.2917646 0.3936565
v -1.6647689 -0.2788267 0.4072192
v -1.7575558 -0.2947144 0.3775307
v -1.7173512 -0.2918627 0.3774941
v -1.6651154 -0.2793319 0.3907373
v -1.7582158 -0.2952279 0.3613497
v -1.7179118 -0.2917869 0.3613245
v -1.6643464 -0.2810199 0.3753129
v -1.6188540 -0.2704325 0.3933251
v -1.7185955 -0.2921159 0.3452660
v -1.6196197 -0.2697347 0.3771273
v -1.6656438 -0.2800429 0.3598638
v -1.6202801 -0.2696187 0.3608824
v -1.7586648 -0.2957827 0.3453316
v -1.6674062 -0.2788005 0.3445444
v -1.7198022 -0.2928366 0.3291614
v -1.7596278 -0.2961659 0.3292744
v -1.6202365 -0.2708231 0.3446911
v -1.7609948 -0.2968121 0.3131992
v -1.7212689 -0.2941497 0.3130297
v -1.6677664 -0.2804606 0.3291105
v -1.6678660 -0.2831959 0.3139061
v -1.7622086 -0.2976409 0.2970083
v -1.7222947 -0.2954933 0.2968824
v -1.6676922 -0.2874407 0.2987048
v -1.6204270 -0.2730481 0.3285886
v -1.6198215 -0.2795419 0.3129081
v -1.6702545 -0.2873014 0.2832137
v -1.5710686 -0.2720784 0.3125303
v -1.5704117 -0.2716055 0.3287850
v -1.6211275 -0.2797130 0.2964829
v -1.5749811 -0.2677974 0.2966951
v -1.6269437 -0.2748584 0.2807606
v -1.7239141 -0.2964489 0.2806557
v -1.6749928 -0.2843751 0.2669466
v -1.7637591 -0.2981413 0.2808073
v -1.5789773 -0.2648807 0.2806918
v -1.7661047 -0.2979074 0.2633777
v -1.7685886 -0.2895915 0.2424156
v -1.7295922 -0.2860393 0.2424858
v -1.7265066 -0.2955246 0.2631874
v -1.6800918 -0.2743136 0.2477855
v -1.6307339 -0.2734808 0.2647617
v -1.6343878 -0.2665608 0.2473312
v -1.5848409 -0.2620312 0.2467767
v -1.5812090 -0.2678137 0.2645195
v -1.5340211 -0.2571832 0.2463496
v -1.5308038 -0.2626888 0.2641751
v -1.4824585 -0.2525075 0.2458860
v -1.5284238 -0.2596911 0.2803323
v -1.4798221 -0.2579622 0.2636483
v -1.4310444 -0.2480021 0.2453563
v -1.5259278 -0.2597301 0.2962343
v -1.4778032 -0.2544621 0.2796632
v -1.4289138 -0.2536818 0.2631821
v -1.3807211 -0.2431171 0.2452764
v -1.3789527 -0.2489457 0.2630151
v -1.3304834 -0.2383566 0.2452530
v -1.4275767 -0.2518260 0.2793130
v -1.4761665 -0.2526499 0.2956467
v -1.5233893 -0.2624697 0.3121758
v -1.3288243 -0.2442184 0.2628924
v -1.2801080 -0.2337216 0.2451518
v -1.3774750 -0.2475279 0.2792071
v -1.4261898 -0.2493917 0.2953210
v -1.4746516 -0.2540931 0.3117330
v -1.2786511 -0.2398465 0.2627665
v -1.2309637 -0.2290510 0.2450168
v -1.3274134 -0.2433740 0.2790738
v -1.3761028 -0.2452614 0.2950731
v -1.4243755 -0.2493975 0.3111748
v -1.2293589 -0.2356913 0.2626498
v -1.1807171 -0.2242469 0.2449741
v -1.1790378 -0.2306374 0.2625958
v -1.2774744 -0.2383436 0.2790019
v -1.2281398 -0.2335262 0.2789034
v -1.1778211 -0.2297285 0.2788032
v -1.3262324 -0.2396446 0.2950195
v -1.2763456 -0.2361156 0.2950116
v -1.2271249 -0.2336031 0.2949717
v -1.1771593 -0.2302545 0.2949151
v -1.1276158 -0.2255379 0.2786282
v -1.3740781 -0.2443178 0.3107103
v -1.3243979 -0.2396651 0.3106476
v -1.4227059 -0.2482345 0.3269351
v -1.3721463 -0.2468181 0.3263425
v -1.2751704 -0.2383801 0.3108718
v -1.3223926 -0.2430017 0.3263078
v -1.3714027 -0.2457401 0.3422986
v -1.4729976 -0.2555256 0.3277660
v -1.2261904 -0.2349736 0.3111455
v -1.4220169 -0.2469500 0.3429297
v -1.5215443 -0.2637524 0.3282919
v -1.4727790 -0.2525002 0.3437503
v -1.5207079 -0.2628488 0.3445814
v -1.5707644 -0.2677656 0.3447048
v -1.5707445 -0.2644692 0.3607393
v -1.5217470 -0.2579227 0.3603955
v -1.4724316 -0.2509954 0.3600854
v -1.4219576 -0.2471698 0.3595100
v -1.5701541 -0.2644705 0.3768938
v -1.5212667 -0.2570275 0.3766241
v -1.4716728 -0.2535374 0.3762283
v -1.4220336 -0.2509031 0.3758885
v -1.5692914 -0.2658820 0.3930567
v -1.5200749 -0.2607398 0.3926907
v -1.4709566 -0.2561435 0.3924053
v -1.4214979 -0.2516756 0.3922857
v -1.3723937 -0.2453544 0.3920802
v -1.4214554 -0.2487894 0.4082869
v -1.3719736 -0.2440673 0.4082497
v -1.4218555 -0.2409430 0.4255339
v -1.3721614 -0.2464774 0.3756567
v -1.3233366 -0.2381227 0.3919892
v -1.4705989 -0.2540787 0.4085606
v -1.3718091 -0.2436390 0.3589047
v -1.3229058 -0.2407883 0.3756409
v -1.2744582 -0.2338601 0.3757087
v -1.3226187 -0.2387259 0.3588258
v -1.2738590 -0.2338655 0.3592036
v -1.2255786 -0.2270863 0.3595548
v -1.3219134 -0.2405112 0.3422408
v -1.2737579 -0.2339455 0.3426857
v -1.2253422 -0.2299961 0.3432531
v -1.1766306 -0.2225076 0.3431821
v -1.2739360 -0.2372147 0.3267336
v -1.1764313 -0.2269753 0.3271918
v -1.2258076 -0.2316830 0.3271353
v -1.1764983 -0.2304309 0.3111565
v -1.1275641 -0.2190000 0.3268208
v -1.1270921 -0.2180956 0.3431819
v -1.0715914 -0.2131727 0.3268529
v -1.1267847 -0.2244513 0.3110469
v -1.1270403 -0.2264059 0.2948533
v -1.0713525 -0.2161294 0.3106308
v -1.0710533 -0.2193194 0.2946548
v -1.0710318 -0.2217006 0.2784742
v -1.0150377 -0.2127955 0.2945672
v -1.0156218 -0.2085674 0.3105236
v -1.0155704 -0.2078748 0.3267776
v -1.0151680 -0.2121750 0.3428506
v -0.9599379 -0.2028162 0.3105264
v -0.9596080 -0.2029997 0.3268430
v -0.9591207 -0.2068631 0.3427424
v -0.9034729 -0.1999468 0.3267283
v -0.9036510 -0.1988761 0.3106292
v -0.9595247 -0.2068548 0.2945118
v -0.9593216 -0.2090619 0.2783459
v -0.9033583 -0.1997058 0.2944178
v -0.8470492 -0.1932867 0.2944363
v -0.9030207 -0.2027156 0.2783822
v -1.1283705 -0.1947233 0.4381756
v -0.9088027 -0.1733281 0.4385408
v -0.9600041 -0.1965054 0.4253987
v -0.8547083 -0.1680376 0.4381822
v -0.9054020 -0.1909014 0.4253232
v -0.8067153 -0.1614733 0.4385068
v -0.8509417 -0.1859251 0.4251888
v -1.0158959 -0.2021465 0.4254851
v -0.9595221 -0.2004091 0.4072633
v -0.9047146 -0.1959953 0.4073382
v -1.0712203 -0.2077296 0.4254828
v -1.0155216 -0.2060265 0.4071747
v -1.0704102 -0.2152731 0.4079518
v -1.1265519 -0.2125142 0.4252991
v -1.1751226 -0.2169329 0.4253509
v -1.1263102 -0.2196902 0.4078537
v -1.0705711 -0.2165774 0.3916823
v -1.0151303 -0.2095635 0.3914642
v -1.7706142 -0.2671297 0.2259083
v -1.7685886 -0.2895423 0.2423788
v -1.7295999 -0.2860393 0.2424898
v 0.8565917 0.1736465 0.3601622
v 0.8937414 0.1865273 0.3441071
v 0.8957878 0.1845458 0.3602460
v 0.8571475 0.1728257 0.3763671
v 0.9290363 0.2005416 0.3280891
v 0.8897150 0.1898141 0.3280956
v 0.9292905 0.2000747 0.3118372
v 0.9688281 0.2111143 0.3281041
v 0.8544865 0.1755034 0.3440585
v 0.8180175 0.1621778 0.3601402
v 0.8162690 0.1636526 0.3762506
v 0.8508783 0.1786020 0.3280609
v 0.8167590 0.1634454 0.3438708
v 0.7773610 0.1527067 0.3600870
v 0.8131697 0.1665144 0.3279133
v 0.8548823 0.1748205 0.3925630
v 0.8954422 0.1841870 0.3927429
v 0.8883734 0.1909353 0.3118319
v 0.8483771 0.1809350 0.3118954
v 0.8925856 0.1867530 0.4087506
v 0.7780178 0.1521748 0.3438467
v 0.9331152 0.1958933 0.4091323
v 0.8107565 0.1686143 0.3118335
v 0.7746210 0.1551394 0.3278167
v 0.7377886 0.1422561 0.3438626
v 0.8108307 0.1683704 0.2956200
v 0.7720768 0.1572969 0.3117972
v 0.7374283 0.1426138 0.3276611
v 0.7338200 0.1456630 0.3116829
v 0.7372398 0.1426482 0.3599988
v 0.7755877 0.1543199 0.3761739
v 0.6993082 0.1307894 0.3600391
v 0.8134985 0.1663173 0.3922987
v 0.7366737 0.1431767 0.3762016
v 0.7740448 0.1558212 0.3922788
v 0.8522159 0.1771276 0.4085471
v 0.7739468 0.1559362 0.4084898
v 0.7355579 0.1441801 0.3923373
v 0.6989468 0.1310485 0.3762636
v 0.8132558 0.1665306 0.4085159
v 0.8465639 0.1830035 0.4260552
v 0.8071690 0.1726241 0.4260432
v 0.8859576 0.1930526 0.4261476
v 0.9260711 0.2025343 0.4265276
v 0.9661733 0.2123241 0.4267775
v 0.9727683 0.2061132 0.4092509
v 0.9722957 0.2068953 0.3930019
v 1.0133060 0.2160215 0.3931080
v 1.0061057 0.2224000 0.4268528
v 1.0123401 0.2165743 0.4092996
v 1.0523672 0.2269193 0.4093296
v 1.0544606 0.2248436 0.3932180
v 1.0464610 0.2326356 0.4269530
v 1.0866173 0.2423561 0.4270897
v 0.7678398 0.1621417 0.4259715
v 0.7354178 0.1446039 0.4086152
v 0.7284689 0.1515876 0.4258747
v 0.6984231 0.1316141 0.3924417
v 0.6968303 0.1332164 0.4087305
v 0.6604016 0.1196325 0.3762509
v 0.6602848 0.1197538 0.3925778
v 0.6574492 0.1223461 0.4087054
v 0.6201587 0.1096327 0.3924283
v 0.6888845 0.1411264 0.4256883
v 0.6169868 0.1125324 0.4084458
v 0.6491986 0.1308979 0.4254598
v 0.6093173 0.1206941 0.4253732
v 0.5691468 0.1108267 0.4252947
v 0.5758675 0.1035523 0.4080640
v 0.5785985 0.1012957 0.3920869
v 0.6210280 0.1089516 0.3761070
v 0.5796569 0.1003701 0.3758428
v 0.6596109 0.1203402 0.3600169
v 0.5375810 0.0921498 0.3917885
v 0.5346153 0.0949022 0.4077267
v 0.6208147 0.1092890 0.3599176
v 0.6611466 0.1189885 0.3438398
v 0.6220079 0.1081063 0.3436717
v 0.6986284 0.1313423 0.3438176
v 0.6990883 0.1309457 0.3276276
v 0.6605686 0.1195791 0.3275471
v 0.6961213 0.1336188 0.3115779
v 0.7326230 0.1467527 0.2955265
v 0.6213245 0.1088288 0.3274658
v 0.6572839 0.1224232 0.3114843
v 0.6939114 0.1356222 0.2954516
v 0.6183744 0.1114453 0.3114165
v 0.7715544 0.1576780 0.2955771
v 0.8493664 0.1796407 0.2956218
v 0.8899223 0.1893067 0.2956294
v 0.9319187 0.1965016 0.2958472
v 0.9706537 0.2083259 0.3119896
v 1.0112630 0.2172062 0.3282949
v 0.9735967 0.2041019 0.2960522
v 1.0127870 0.2148584 0.3121898
v 1.0535025 0.2243824 0.3283608
v 1.0140104 0.2135255 0.2959355
v 1.0541639 0.2236537 0.3121990
v 1.0920159 0.2362561 0.3282974
v 1.0543393 0.2233972 0.2959701
v 1.0907535 0.2367142 0.3120858
v 1.0904463 0.2366503 0.2958821
v 1.1245703 0.2507131 0.2958785
v -0.9093251 -0.1788365 0.2312211
v -0.9653068 -0.1846761 0.2312803
v -0.9614596 -0.2016758 0.2445653
v -0.9051476 -0.1956885 0.2446085
v -0.8526097 -0.1730427 0.2312627
v -0.8483756 -0.1897185 0.2445894
v -0.8028739 -0.1661802 0.2311462
v -0.7981715 -0.1825922 0.2447003
v -0.7534321 -0.1592584 0.2311952
v -0.7481351 -0.1753673 0.2449033
v -0.7039816 -0.1520729 0.2313510
v -1.1281392 -0.2259534 0.2625249
v -1.1298847 -0.2194861 0.2448471
v -1.0730737 -0.2134011 0.2447946
v -1.0718744 -0.2198186 0.2623309
v -1.0169282 -0.2074578 0.2446553
v -1.0154788 -0.2141524 0.2621297
v -0.9614579 -0.2016477 0.2445933
v -0.9599819 -0.2077896 0.2622274
v -0.9051493 -0.1956897 0.2445876
v -1.0149947 -0.2150683 0.2783849
v -0.9035218 -0.2017400 0.2621873
v -0.8483566 -0.1897523 0.2445728
v -0.8467548 -0.1957451 0.2622907
v -0.7981572 -0.1826251 0.2447038
v -0.7966537 -0.1882051 0.2624254
v -0.7481361 -0.1753952 0.2448948
v -0.8467589 -0.1956760 0.2784198
v -0.7465004 -0.1809324 0.2625951
v -0.6982221 -0.1679043 0.2452223
v -0.7960737 -0.1896338 0.2785162
v -0.6965212 -0.1734860 0.2628396
v -0.6491933 -0.1607642 0.2455334
v -0.7460722 -0.1820945 0.2787389
v -0.6475546 -0.1646215 0.2633760
v -0.5987588 -0.1546373 0.2453736
v -0.6955387 -0.1765188 0.2788679
v -0.7961163 -0.1894363 0.2946335
v -0.7457328 -0.1830198 0.2948087
v -0.5974164 -0.1572990 0.2635389
v -0.5485181 -0.1480259 0.2454032
v -0.6455928 -0.1702077 0.2789537
v -0.6951946 -0.1770433 0.2950559
v -0.5466603 -0.1527918 0.2632169
v -0.4963210 -0.1388582 0.2454654
v -0.5951620 -0.1634238 0.2791311
v -0.4945567 -0.1430974 0.2633603
v -0.4451266 -0.1292856 0.2455183
v -0.5453110 -0.1553925 0.2792551
v -0.6452149 -0.1714922 0.2952284
v -0.5945956 -0.1650915 0.2953095
v -0.4430216 -0.1333824 0.2634749
v -0.3934066 -0.1204017 0.2455153
v -0.4938679 -0.1447693 0.2793803
v -0.5442745 -0.1577623 0.2954230
v -0.3909387 -0.1245836 0.2634247
v -0.3417708 -0.1115280 0.2454621
v -0.4417905 -0.1360277 0.2794362
v -0.4917854 -0.1488397 0.2954999
v 0.5009624 0.0791051 0.3109504
v 0.5399006 0.0900609 0.3111343
v 0.4639477 0.0658940 0.3268719
v 0.5032819 0.0766880 0.3270030
v 0.4248307 0.0548215 0.3429066
v 0.4645263 0.0653160 0.3430486
v 0.5794528 0.1004738 0.3112830
v 0.5432209 0.0869620 0.3271681
v 0.5826873 0.0974813 0.3272800
v 0.5041686 0.0757113 0.3432629
v 0.5435381 0.0865252 0.3434082
v 0.5829904 0.0971072 0.3435529
v 0.5813408 0.0987139 0.3596745
v 0.5416582 0.0882670 0.3594971
v 0.5020943 0.0778940 0.3593376
v 0.5381912 0.0920381 0.3755099
v 0.4623010 0.0674597 0.3591680
v 0.4976451 0.0824515 0.3751382
v 0.4970069 0.0826354 0.3915251
v 0.4224402 0.0572383 0.3589893
v 0.3854949 0.0438704 0.3427015
v 0.4579008 0.0719033 0.3750024
v 0.4567891 0.0728896 0.3912573
v 0.4927147 0.0872015 0.4070739
v 0.5288353 0.1011079 0.4251561
v 0.4178803 0.0616587 0.3747604
v 0.3828546 0.0465500 0.3588074
v 0.3460609 0.0331410 0.3426584
v 0.3441852 0.0352154 0.3588705
v 0.3056319 0.0233590 0.3427928
v 0.3780218 0.0513735 0.3745199
v 0.4164248 0.0631537 0.3909681
v 0.3386465 0.0406050 0.3745248
v 0.3044943 0.0245693 0.3590405
v 0.2646397 0.0143341 0.3428912
v 0.3764428 0.0530591 0.3907533
v 0.2999803 0.0291095 0.3748638
v 0.2626098 0.0164352 0.3590302
v 0.2238149 0.0050576 0.3430419
v 0.3374371 0.0420992 0.3908198
v 0.2621585 0.0170782 0.3752653
v 0.2214582 0.0079427 0.3591395
v 0.1836125 -0.0045844 0.3431972
v 0.2989301 0.0306992 0.3911009
v 0.2217436 0.0072675 0.3753883
v 0.1813360 -0.0021828 0.3593094
v 0.1430488 -0.0141142 0.3432882
v 0.2601188 0.0193499 0.3914602
v 0.1799900 -0.0006342 0.3754677
v 0.1429259 -0.0138198 0.3595569
v 0.1011009 -0.0215813 0.3435011
v 0.2212186 0.0082269 0.3917016
v 0.1398111 -0.0109296 0.3756197
v 0.1023260 -0.0234151 0.3596895
v 0.1799355 -0.0005865 0.3916910
v 0.1024657 -0.0234815 0.3758852
v 0.0617445 -0.0328117 0.3598410
v -0.0258294 -0.0450395 0.4260516
v -0.0658995 -0.0551994 0.4263027
v -0.1122673 -0.0648272 0.4264323
v -0.0197389 -0.0519921 0.4085916
v 0.0140605 -0.0346312 0.4258567
v -0.1542645 -0.0796114 0.4087185
v -0.1585357 -0.0741398 0.4266103
v -0.2012967 -0.0878879 0.4086999
v -0.2050740 -0.0830746 0.4266085
v -0.2486353 -0.0960883 0.4086233
v -0.2479271 -0.0963341 0.3925060
v -0.2162895 -0.0666022 0.4396956
v -0.2518141 -0.0917605 0.4265461
v -0.2954280 -0.1046386 0.4085825
v -0.2620359 -0.0758428 0.4400165
v -0.2981143 -0.1004028 0.4264806
v -0.2960274 -0.1025699 0.3923901
v -0.2940420 -0.1060772 0.3763074
v -0.3421507 -0.1126194 0.3760007
v -0.3426280 -0.1129788 0.4083683
v -0.3434559 -0.1106844 0.3922426
v -0.3942058 -0.1216587 0.3759158
v -0.3914460 -0.1263841 0.3601662
v -0.4440171 -0.1345032 0.3599920
v -0.4461184 -0.1311908 0.3759657
v -0.4964148 -0.1432879 0.3597759
v -0.3950045 -0.1207254 0.3921654
v -0.3946998 -0.1219660 0.4083406
v -0.3449276 -0.1094642 0.4263163
v -0.3081796 -0.0849933 0.4398748
v -0.4463297 -0.1314343 0.3921642
v -0.4986473 -0.1410944 0.3919278
v -0.3972927 -0.1175401 0.4261872
v -0.4986407 -0.1398530 0.3757372
v -0.4467658 -0.1311284 0.4082669
v -0.4993989 -0.1402457 0.4080737
v -0.5515748 -0.1503536 0.3917256
v -0.5492194 -0.1519245 0.3596200
v -0.5462577 -0.1560401 0.3438537
v -0.5513677 -0.1495532 0.3755403
v -0.5968571 -0.1633488 0.3435951
v -0.5958765 -0.1633871 0.3275768
v -0.6466775 -0.1684601 0.3273694
v -0.6031125 -0.1566583 0.3913675
v -0.6021090 -0.1566103 0.3751942
v -0.6030851 -0.1570593 0.4075906
v -0.5989857 -0.1612386 0.3595363
v -0.6489683 -0.1699056 0.3594126
v -0.6470360 -0.1712842 0.3433837
v -0.6969378 -0.1778324 0.3430330
v -0.3383534 -0.1169677 0.2632267
v -0.2957404 -0.1017555 0.2454697
v -0.3896986 -0.1271586 0.2794315
v -0.4403728 -0.1393415 0.2955049
v -0.2922651 -0.1070625 0.2632277
v -0.2499927 -0.0918336 0.2454925
v -0.3377801 -0.1177187 0.2793789
v -0.3887991 -0.1291439 0.2955483
v -0.2461029 -0.0973261 0.2631724
v -0.2043947 -0.0817397 0.2455739
v -0.2920706 -0.1071265 0.2794096
v -0.3368687 -0.1195099 0.2955611
v -0.1998218 -0.0876204 0.2631264
v -0.1585133 -0.0719143 0.2455332
v -0.2459176 -0.0972801 0.2794011
v -0.2908705 -0.1091947 0.2955956
v -0.1537351 -0.0778362 0.2630923
v -0.1124446 -0.0621167 0.2454606
v -0.1984464 -0.0893816 0.2792324
v -0.2444079 -0.0995944 0.2955610
v -0.2906006 -0.1098543 0.3117707
v -0.1073956 -0.0680666 0.2629768
v -0.0661687 -0.0523848 0.2453414
v -0.1524670 -0.0794422 0.2791888
v -0.1980825 -0.0898623 0.2954871
v -0.0609797 -0.0582836 0.2628736
v -0.0261936 -0.0421872 0.2452257
v -0.1062296 -0.0694430 0.2791877
v -0.0207952 -0.0484149 0.2627756
v 0.0141690 -0.0322710 0.2450702
v -0.0604765 -0.0588368 0.2790763
v 0.0193163 -0.0380988 0.2627105
v 0.0542360 -0.0220614 0.2449823
v -0.0203556 -0.0487534 0.2789976
v 0.0592077 -0.0278502 0.2626690
v 0.0941239 -0.0118214 0.2448742
v 0.0198779 -0.0388607 0.2788908
v 0.0990089 -0.0177605 0.2625422
v 0.1338550 -0.0015555 0.2448379
v 0.0592262 -0.0282709 0.2788106
v 0.0988350 -0.0178314 0.2787511
v 0.1387889 -0.0075801 0.2624503
v 0.1735551 0.0087426 0.2447139
v 0.1386395 -0.0077966 0.2786821
v 0.1784964 0.0028053 0.2623402
v 0.2131961 0.0189411 0.2445402
v 0.1782331 0.0025484 0.2785965
v 0.2179348 0.0132878 0.2622980
v 0.2528981 0.0291789 0.2444203
v 0.2171112 0.0135413 0.2785298
v 0.2574266 0.0236987 0.2622007
v 0.2923917 0.0395127 0.2443794
v 0.2560650 0.0246046 0.2785322
v 0.2171683 0.0130892 0.2948114
v 0.1770626 0.0032497 0.2948524
v 0.2969448 0.0339963 0.2622056
v 0.3316667 0.0500898 0.2446006
v 0.2949691 0.0355881 0.2785386
v 0.2566737 0.0235286 0.2948250
v 0.3360500 0.0448649 0.2623856
v 0.3713384 0.0603752 0.2446156
v 0.3344582 0.0461517 0.2786098
v 0.2959972 0.0342254 0.2948394
v 1.0920343 0.2368774 0.3444690
v 1.0537704 0.2252034 0.3768664
v 1.0525640 0.2266343 0.3606843
v 1.0113305 0.2187668 0.3769244
v 1.0519250 0.2269927 0.3445173
v 1.0104620 0.2196117 0.3607333
v 1.0099446 0.2196978 0.3444992
v 0.9707051 0.2089417 0.3768468
v 0.9699000 0.2098560 0.3606338
v 0.9682341 0.2116069 0.3444679
v 0.9332478 0.1964472 0.3766105
v 0.9334960 0.1958971 0.3928023
v 0.9333052 0.1968408 0.3604238
v 0.8953855 0.1845400 0.3764290
v 0.9305940 0.1990925 0.3442753
v -0.7579866 -0.1553313 0.4395790
v -0.7091057 -0.1486927 0.4393850
v -0.7544340 -0.1711693 0.4247301
v -0.7052259 -0.1641806 0.4247588
v -0.7049221 -0.1669893 0.4065306
v -0.6596303 -0.1419751 0.4392693
v -0.6100103 -0.1351630 0.4392759
v -0.6550190 -0.1576379 0.4250513
v -0.6543910 -0.1624208 0.4070195
v -0.6541432 -0.1618277 0.3908901
v -0.7044373 -0.1673001 0.3903776
v -0.7012662 -0.1730188 0.3746126
v -0.7489557 -0.1815376 0.3741972
v -0.6517923 -0.1655466 0.3750361
v -0.7463319 -0.1849056 0.3583076
v -0.7951522 -0.1914467 0.3578402
v -0.6979301 -0.1779605 0.3590343
v -0.7464595 -0.1826672 0.3425572
v -0.7954820 -0.1894928 0.3421845
v -0.8457643 -0.1952968 0.3422396
v -0.6968425 -0.1739448 0.3272905
v -0.7469876 -0.1801158 0.3270359
v -0.7966376 -0.1872695 0.3267500
v -0.7461254 -0.1818583 0.3109623
v -0.8466081 -0.1950174 0.3265715
v -0.9026038 -0.2005757 0.3426345
v -0.7965179 -0.1881377 0.3108201
v -0.8471986 -0.1929858 0.3106893
v -0.6962356 -0.1740032 0.3110913
v -0.6461125 -0.1682599 0.3112480
v -0.5955656 -0.1624536 0.3114132
v -0.5449994 -0.1561728 0.3115732
v -0.4925729 -0.1479222 0.3116710
v -0.5450474 -0.1569607 0.3277393
v -0.4408128 -0.1388925 0.3117939
v -0.4923918 -0.1489573 0.3278727
v -0.3884584 -0.1299680 0.3117091
v -0.4937392 -0.1471710 0.3440120
v -0.4407319 -0.1400418 0.3279053
v -0.3371973 -0.1192256 0.3117370
v -0.3884566 -0.1304940 0.3279124
v -0.3379662 -0.1188601 0.3279515
v -0.2922696 -0.1080894 0.3279284
v -0.3372318 -0.1200797 0.3441103
v -0.2458841 -0.0983040 0.3279085
v -0.3893448 -0.1297320 0.3441218
v -0.4415458 -0.1387307 0.3441313
v -0.2912679 -0.1095295 0.3440565
v -0.3388379 -0.1181112 0.3602888
v -0.2919943 -0.1089284 0.3602936
v -0.2466539 -0.0979125 0.3763846
v -0.2468640 -0.0974724 0.3601746
v -0.2463435 -0.0980678 0.3440378
v -0.2012076 -0.0863790 0.3440589
v -0.2005335 -0.0876228 0.3602299
v -0.2003507 -0.0873548 0.3278618
v -0.1552864 -0.0765939 0.3440353
v -0.2441456 -0.1001295 0.3117545
v -0.1988953 -0.0889683 0.3117230
v -0.1560673 -0.0756245 0.3277811
v -0.1536260 -0.0782243 0.3116523
v -0.1093873 -0.0660730 0.3277375
v -0.1522712 -0.0796402 0.2954539
v -0.1093674 -0.0660170 0.3114647
v -0.1072421 -0.0683595 0.2953856
v -0.0631968 -0.0560308 0.3114808
v -0.0624698 -0.0568945 0.2952430
v -0.0220869 -0.0472877 0.3114594
v -0.0223001 -0.0468201 0.2951691
v 0.0178134 -0.0369012 0.2951554
v -0.0618255 -0.0579650 0.3276567
v 0.0190685 -0.0388406 0.3113594
v 0.0579364 -0.0273269 0.2950652
v -0.0204913 -0.0495286 0.3275831
v 0.0600067 -0.0300091 0.3112379
v 0.0978509 -0.0172919 0.2949982
v 0.0206058 -0.0410127 0.3275444
v 0.0996061 -0.0196162 0.3111014
v 0.1374701 -0.0070499 0.2949476
v 0.1381619 -0.0082786 0.3111666
v 0.0600253 -0.0303596 0.3274338
v 0.1010528 -0.0217077 0.3272714
v 0.1784060 0.0016066 0.3111195
v 0.1417881 -0.0124526 0.3271094
v 0.2193545 0.0104177 0.3109200
v 0.1821219 -0.0029545 0.3269352
v 0.2592231 0.0204874 0.3108900
v 0.2232796 0.0058565 0.3267547
v 0.2995681 0.0303392 0.3107904
v 0.2639240 0.0151903 0.3266512
v 0.3406021 0.0392650 0.3105514
v 0.3038630 0.0254806 0.3265410
v 0.3816118 0.0481931 0.3104326
v 0.3446458 0.0347059 0.3263997
v 0.4221646 0.0576929 0.3105560
v 0.3850477 0.0444390 0.3264475
v 0.4618181 0.0682262 0.3107158
v 0.4247343 0.0550094 0.3266344
v 0.0600484 -0.0304416 0.3436938
v 0.0205468 -0.0414218 0.3599420
v 0.0192667 -0.0396012 0.3437940
v -0.0203250 -0.0500837 0.3437585
v -0.0202988 -0.0505324 0.3599705
v -0.0601813 -0.0604272 0.3437283
v 0.0622258 -0.0335090 0.3760148
v -0.0193606 -0.0519018 0.3762237
v -0.1073677 -0.0693166 0.3437584
v -0.1530297 -0.0804492 0.3600444
v -0.1062739 -0.0710443 0.3599421
v -0.0607513 -0.0600703 0.3599870
v -0.1063844 -0.0710807 0.3762447
v -0.0603945 -0.0608467 0.3762075
v -0.1993008 -0.0901331 0.3763836
v -0.1526481 -0.0810204 0.3763097
v -0.0195267 -0.0519216 0.3923676
v -0.0601301 -0.0614231 0.3924296
v -0.1075250 -0.0696362 0.3924195
v -0.1545320 -0.0783711 0.3924717
v -0.2006267 -0.0883342 0.3925517
v -0.1074048 -0.0707467 0.4087112
v -0.0604294 -0.0615141 0.4085941
v -1.1264466 -0.2215639 0.3916862
v -1.0711430 -0.2141382 0.3754359
v -0.9599376 -0.2004048 0.3911110
v -1.0145771 -0.2131406 0.3753399
v -0.9040993 -0.1976032 0.3910655
v -0.9592090 -0.2042459 0.3750900
v -0.8497242 -0.1928918 0.4074336
v -0.9026919 -0.2007365 0.3747404
v -0.8026439 -0.1786183 0.4251494
v -0.8480706 -0.1954203 0.3908298
v -0.8014887 -0.1846420 0.4071124
v -0.8005475 -0.1851980 0.3903578
v -0.8461428 -0.1974497 0.3742001
v -0.7552568 -0.1721689 0.4062897
v -0.7970048 -0.1895080 0.3739085
v -0.7535985 -0.1745782 0.3899756
v -0.8451825 -0.1973082 0.3579067
v -0.9020300 -0.2025900 0.3585367
v -0.9589252 -0.2084699 0.3590712
v -1.0150652 -0.2098751 0.3590584
v -1.0709098 -0.2142219 0.3592206
v -1.0711092 -0.2173456 0.3430071
v -1.1268309 -0.2215478 0.3593086
v -1.1264433 -0.2229898 0.3754532
v -1.1762274 -0.2225025 0.3595339
v -1.1758005 -0.2275217 0.3755020
v -1.1752981 -0.2271257 0.3918653
v -1.1751267 -0.2238563 0.4079096
v -1.2250601 -0.2284882 0.3758173
v -1.2246970 -0.2317981 0.3920094
v -1.2240140 -0.2299922 0.4082550
v -1.2243245 -0.2222630 0.4255471
v -1.2736977 -0.2345522 0.4081994
v -1.2741693 -0.2338509 0.3919686
v -1.3226101 -0.2394428 0.4082995
v -1.2738479 -0.2276743 0.4258868
v -1.3229991 -0.2321759 0.4258592
v -1.1770328 -0.1997766 0.4385828
v -1.3724632 -0.2365414 0.4256634
v 0.4755596 0.1065526 0.4386144
v 0.4884445 0.0915407 0.4249218
v 0.4358758 0.0962708 0.4386725
v 0.4521047 0.0776930 0.4068095
v 0.4484485 0.0816949 0.4247285
v 0.4121099 0.0676107 0.4066048
v 0.4086282 0.0716292 0.4245431
v 0.3717661 0.0578580 0.4063195
v 0.3320198 0.0475321 0.4062707
v 0.3688369 0.0614881 0.4242686
v 0.3960587 0.0860063 0.4385703
v 0.2935482 0.0359124 0.4065968
v 0.3294539 0.0510032 0.4243002
v 0.3562459 0.0756976 0.4384436
v 0.2576626 0.0225035 0.4074043
v 0.2182036 0.0115458 0.4076217
v 0.2904380 0.0401528 0.4245058
v 0.2514174 0.0293035 0.4247533
v 0.2121847 0.0184707 0.4249026
v 0.3165776 0.0654226 0.4383595
v 0.2369922 0.0449799 0.4375679
v 0.2767655 0.0551586 0.4381804
v -0.1709102 -0.0561376 0.2323795
v -0.1252121 -0.0463990 0.2323239
v -0.1584897 -0.0719337 0.2455452
v -0.1124182 -0.0620860 0.2454347
v -0.0795760 -0.0366875 0.2322284
v 0.4367538 0.0962798 0.2315727
v 0.4896927 0.0913369 0.2450412
v 0.4762494 0.1065619 0.2316310
v 0.5295299 0.1012902 0.2450951
v -0.6548685 -0.1459234 0.2309571
v -0.6052176 -0.1393421 0.2310179
v -0.6491890 -0.1607814 0.2455061
v -0.6982450 -0.1678844 0.2452407
v -0.5987787 -0.1546388 0.2454042
v -0.5551504 -0.1325685 0.2314192
v -0.5485122 -0.1480466 0.2453940
v -0.5043122 -0.1232304 0.2314051
v -0.4963481 -0.1388428 0.2454299
v -0.4533609 -0.1140288 0.2314779
v -0.4451288 -0.1292716 0.2455243
v -0.4023502 -0.1051779 0.2315271
v -0.3934167 -0.1204345 0.2454972
v -0.3515916 -0.0959854 0.2318465
v -0.3417402 -0.1115171 0.2454966
v -0.3064575 -0.0860007 0.2320524
v -0.2957817 -0.1018042 0.2454395
v -0.2613131 -0.0759852 0.2321917
v -0.2500401 -0.0918362 0.2454579
v -0.2160946 -0.0660042 0.2323502
v -0.2043585 -0.0817466 0.2456111
v -0.5523630 -0.1497749 0.4078461
v -0.5540735 -0.1444031 0.4256522
v -0.5013529 -0.1354898 0.4260097
v -0.4489552 -0.1267009 0.4262197
v -0.6046162 -0.1512792 0.4254624
v -0.5599009 -0.1285162 0.4395487
v -0.5080624 -0.1197049 0.4398463
v -0.4566384 -0.1109499 0.4400208
v -0.4056619 -0.1022943 0.4400763
v -0.3543002 -0.0939722 0.4403048
v 0.1019044 -0.0228621 0.3921165
v 0.0621459 -0.0334337 0.3922689
v 0.0998760 -0.0207400 0.4082377
v 0.1394159 -0.0099678 0.4080610
v 0.1330355 -0.0029172 0.4253665
v 0.1401235 -0.0110883 0.3918791
v 0.1787883 0.0008094 0.4078293
v 0.1727271 0.0076947 0.4251662
v 0.0537191 -0.0239988 0.4256468
v 0.0204632 -0.0419775 0.4085930
v 0.0934099 -0.0133961 0.4254704
v 0.0603268 -0.0314842 0.4084521
v 0.0214659 -0.0429609 0.3923614
v 0.0207652 -0.0418137 0.3761867
v -1.0762852 -0.1960932 0.2317163
v -1.0203668 -0.1904195 0.2314042
v -1.0730675 -0.2134164 0.2447805
v -1.0169035 -0.2074507 0.2446031
v -1.1298494 -0.2194815 0.2448531
v -1.1325466 -0.2019022 0.2320968
v -1.1807175 -0.2242654 0.2450128
v -1.1836146 -0.2066823 0.2319988
v -1.2309358 -0.2290607 0.2449730
v -1.2339726 -0.2113799 0.2321600
v -1.2801263 -0.2336801 0.2451559
v -1.2832478 -0.2160955 0.2321234
v -1.3304547 -0.2383631 0.2452206
v -1.3335865 -0.2207218 0.2321145
v -1.3807195 -0.2431638 0.2452529
v -1.3838297 -0.2254068 0.2321858
v -1.4310367 -0.2479942 0.2453589
v -1.6192661 -0.2603538 0.4266314
v -1.5695491 -0.2555882 0.4264172
v -1.6185712 -0.2696316 0.4095886
v -1.5689248 -0.2644407 0.4092756
v -1.5202186 -0.2509648 0.4261403
v -1.5197154 -0.2593489 0.4089111
v -1.4709430 -0.2461060 0.4258268
v 1.1397363 0.3559696 0.2466661
v 1.1192434 0.3232462 0.2347691
v 1.0964376 0.3451971 0.2358059
v 1.0678721 0.3102646 0.2317654
v 1.1169428 0.3782475 0.2468446
v 1.0291685 0.3009218 0.2280530
v 1.0442783 0.3319949 0.2348623
v 1.0741024 0.3672074 0.2359231
v 1.0914928 0.3997616 0.2471614
v 1.0053364 0.3223168 0.2320667
v 0.9903776 0.2910309 0.2260995
v 1.0217141 0.3544685 0.2349308
v 1.0522571 0.3895524 0.2348431
v 1.0633153 0.4205742 0.2480099
v 0.9660857 0.3126739 0.2295449
v 0.9508067 0.2807195 0.2247437
v 0.9818790 0.3444853 0.2337596
v 1.0001451 0.3764434 0.2312043
v 1.0286360 0.4116083 0.2345305
v 1.0061046 0.4335913 0.2342809
v 0.9795501 0.3984244 0.2270691
v 0.9593913 0.3667756 0.2317016
v 0.9426496 0.3344773 0.2314296
v 0.9386442 0.3882194 0.2262336
v 0.9288902 0.3037407 0.2240868
v 0.9108447 0.2711942 0.2256325
v 0.8899120 0.2934555 0.2217904
v 0.9041081 0.3248115 0.2280712
v 0.9196338 0.3566201 0.2306318
v 0.8799706 0.3466997 0.2292762
v 0.8979686 0.3787485 0.2278180
v 0.8586462 0.3688891 0.2258311
v 0.8765149 0.4011671 0.2253340
v 0.9167661 0.4110587 0.2250905
v 0.9569510 0.4209905 0.2270156
v 0.8955799 0.4339231 0.2268881
v 0.9359588 0.4439114 0.2278330
v 0.7985280 0.3820976 0.2235887
v 0.7826416 0.3500064 0.2220139
v 0.7607281 0.3721093 0.2251745
v 0.7412459 0.3937464 0.2306632
v 0.8211901 0.3596148 0.2225954
v 0.8059678 0.3280439 0.2204308
v 0.7785214 0.4038598 0.2288595
v 0.7211624 0.4155421 0.2341805
v 0.8372152 0.3914773 0.2245783
v 0.8436256 0.3375363 0.2237922
v 0.7597028 0.4253944 0.2335688
v 0.8162950 0.4141427 0.2269195
v 0.8286266 0.3059448 0.2199284
v 0.7891022 0.2957707 0.2192448
v 0.8110100 0.2731916 0.2200381
v 0.7710841 0.2632883 0.2205910
v 0.8663496 0.3155838 0.2239109
v 0.8506905 0.2832828 0.2206617
v 0.7923913 0.2410266 0.2240714
v 0.7525678 0.2314422 0.2262144
v 0.8127385 0.2195557 0.2296991
v 0.8507847 0.2305270 0.2328837
v 0.8720921 0.2085255 0.2345341
v 0.8321368 0.2510744 0.2244316
v 0.8710563 0.2614742 0.2259327
v 0.8906737 0.2407287 0.2335880
v 0.9112806 0.2186789 0.2351222
v 0.9279103 0.2007891 0.2461282
v 0.9308827 0.2505477 0.2332081
v 0.9511640 0.2283690 0.2348912
v 0.9677540 0.2107664 0.2461560
v 0.9912680 0.2379591 0.2342765
v 1.0076469 0.2208446 0.2459877
v 1.0468011 0.2317028 0.2462403
v 0.9711980 0.2599463 0.2318251
v 1.0112695 0.2683420 0.2282356
v 1.0314706 0.2475796 0.2337149
v 1.0717207 0.2572456 0.2332877
v 1.0868894 0.2415284 0.2460691
v 1.0515556 0.2783292 0.2280758
v 1.0911969 0.2884502 0.2287720
v 1.1120298 0.2668881 0.2329188
v 1.1272533 0.2511714 0.2457408
v 1.1704801 0.2690002 0.2466223
v 1.1598275 0.2800709 0.2375847
v 1.1861854 0.2866014 0.2467430
v 1.1420108 0.3010979 0.2335177
v 1.1803691 0.3103933 0.2461483
v 1.1607603 0.3332827 0.2462881
v -1.7706472 -0.2671420 0.2259330
v -1.7295912 -0.2860377 0.2425034
v -1.7317968 -0.2630889 0.2266376
v -1.6800815 -0.2742705 0.2478259
v -1.6838559 -0.2517024 0.2337319
v -1.7725518 -0.2381623 0.2194236
v -1.7729538 -0.2106766 0.2179652
v -1.7324545 -0.2344244 0.2198163
v -1.6868703 -0.2240561 0.2285325
v -1.7332828 -0.2072058 0.2169233
v -0.8582650 -0.1497760 0.2253249
v -0.9092876 -0.1788366 0.2312067
v -0.9143540 -0.1553693 0.2255288
v -0.9652806 -0.1846895 0.2313059
v -0.8645205 -0.1243480 0.2241984
v -0.8526347 -0.1730361 0.2312706
v -0.8028715 -0.1661977 0.2311592
v -0.8093478 -0.1428003 0.2252707
v -0.8162686 -0.1175623 0.2245677
v -0.7606756 -0.1360697 0.2251153
v -0.7534431 -0.1592231 0.2311598
v -0.7040112 -0.1520683 0.2313821
v 0.8554239 0.4242523 0.2262197
v 0.7982668 0.4353984 0.2328476
v 0.8376200 0.4453626 0.2327525
v 0.8773521 0.4551725 0.2328565
v 0.8642599 0.4705642 0.2463550
v 0.9171004 0.4653840 0.2329979
v 0.7461872 0.4418803 0.2463542
v 0.7070841 0.4322105 0.2467221
v 0.6679405 0.4225096 0.2469704
v 0.9928080 0.4833045 0.2472372
v 0.9030427 0.4809615 0.2464036
v 0.9668628 0.4767751 0.2379880
v 0.9871196 0.4567023 0.2335538
v 1.0242414 0.4661818 0.2467841
v -0.2862269 0.0250716 0.2231654
v -0.2621852 0.0571025 0.2278518
v -0.2430346 0.0344862 0.2248797
v -0.1805106 0.0211095 0.2236799
v -0.2055555 -0.0115838 0.2243683
v -0.2236745 0.0115651 0.2226327
v -0.1614973 -0.0020339 0.2242927
v -0.1875592 -0.0345656 0.2268292
v -0.1996566 0.0438476 0.2264664
v -0.2187027 0.0666159 0.2287714
v -0.1428054 -0.0249026 0.2266663
v -0.1709137 -0.0561313 0.2323998
v -0.1370087 0.0304367 0.2253982
v -0.1252611 -0.0464055 0.2323212
v -0.1124191 -0.0621039 0.2454455
v -0.1171963 0.0075819 0.2246471
v -0.0976333 -0.0153332 0.2267616
v -0.0795507 -0.0367340 0.2322688
v -0.0661607 -0.0523790 0.2453447
v -0.0261489 -0.0421597 0.2452565
v -0.0394804 -0.0265440 0.2322065
v 0.0141723 -0.0322890 0.2450816
v -0.0577277 -0.0051521 0.2266773
v 0.0005602 -0.0163812 0.2321287
v 0.0542750 -0.0220336 0.2450078
v -0.0773026 0.0177602 0.2249722
v -0.0178170 0.0050973 0.2269527
v 0.0407480 -0.0063173 0.2319981
v 0.0941372 -0.0118031 0.2448851
v 0.0804577 0.0039218 0.2319434
v 0.1338205 -0.0015680 0.2447953
v 0.0219957 0.0153004 0.2269618
v -0.0376977 0.0279888 0.2260010
v -0.0972254 0.0407252 0.2253457
v 0.1201105 0.0142210 0.2318574
v 0.1735350 0.0087466 0.2446757
v 0.0618930 0.0254894 0.2269035
v 0.0021170 0.0382449 0.2264517
v -0.0578118 0.0508742 0.2274321
v 0.1597077 0.0245020 0.2317029
v 0.2132079 0.0189528 0.2445229
v 0.1013409 0.0357931 0.2268062
v 0.0414796 0.0484990 0.2265458
v -0.0180256 0.0611941 0.2268022
v 0.1993068 0.0347532 0.2315333
v 0.2528951 0.0291977 0.2443982
v 0.1408305 0.0460801 0.2267568
v 0.0813412 0.0587547 0.2264563
v 0.0214964 0.0714038 0.2269038
v 0.2388932 0.0450240 0.2314199
v 0.2923836 0.0395170 0.2443625
v 0.1803408 0.0563776 0.2267529
v 0.1207314 0.0689654 0.2261521
v 0.0613608 0.0816975 0.2269170
v 0.2783780 0.0554151 0.2314449
v 0.3316331 0.0501008 0.2445886
v 0.2197439 0.0667324 0.2268312
v 0.1601485 0.0792675 0.2263986
v 0.1006516 0.0919752 0.2260945
v 0.3178628 0.0656529 0.2314897
v 0.3713634 0.0603686 0.2446292
v 0.2590978 0.0770382 0.2267872
v 0.1994252 0.0896010 0.2267554
v 0.1399523 0.1021938 0.2255209
v 0.3575401 0.0758149 0.2314178
v 0.4109267 0.0706942 0.2447397
v 0.2985836 0.0872768 0.2267122
v 0.2387141 0.0999297 0.2271486
v 0.1792712 0.1124147 0.2245769
v 0.3972287 0.0860610 0.2314632
v 0.4503951 0.0810349 0.2448987
v 0.3381669 0.0974161 0.2266198
v 0.2783040 0.1101351 0.2272426
v 0.2186515 0.1227269 0.2248568
v 0.4367233 0.0962862 0.2315685
v 0.4897180 0.0912960 0.2450376
v 0.3775931 0.1075633 0.2266062
v 0.3175908 0.1202218 0.2274666
v 0.2578321 0.1328329 0.2253611
v 0.4762627 0.1065462 0.2316811
v 0.5295070 0.1013030 0.2450798
v 0.4171719 0.1176985 0.2264858
v 0.3571009 0.1304205 0.2272123
v 0.2971997 0.1431180 0.2258772
v 0.5156461 0.1169765 0.2319797
v 0.5693423 0.1114584 0.2451613
v 0.4566737 0.1279274 0.2265020
v 0.3964812 0.1405478 0.2271382
v 0.3366299 0.1532154 0.2255921
v 0.5553163 0.1271614 0.2321130
v 0.6089039 0.1216942 0.2453179
v 0.4960601 0.1382731 0.2272874
v 0.4361206 0.1507002 0.2259315
v 0.3761238 0.1632570 0.2246745
v 0.5949304 0.1373990 0.2322752
v 0.6485981 0.1319475 0.2453432
v 0.5356681 0.1485912 0.2274139
v 0.4754161 0.1610635 0.2273833
v 0.4155144 0.1733661 0.2245543
v 0.6347079 0.1476682 0.2324486
v 0.6887337 0.1417409 0.2454637
v 0.5752381 0.1587343 0.2273337
v 0.5149539 0.1713423 0.2270062
v 0.4550169 0.1836430 0.2247207
v -0.4580538 0.0697282 0.2242070
v -0.5113951 0.0867402 0.2278498
v -0.4704031 0.0935922 0.2291836
v -0.4826637 0.1170112 0.2318150
v -0.4312844 0.1014516 0.2310435
v -0.4183312 0.0782421 0.2250578
v -0.4044168 0.0540622 0.2217610
v -0.4452548 0.0453616 0.2208343
v -0.3782224 0.0864856 0.2273806
v -0.3918262 0.1098838 0.2318679
v -0.3636453 0.0624610 0.2249615
v -0.3890444 0.0301522 0.2202645
v -0.3480174 0.0385777 0.2240150
v -0.3374732 0.0951310 0.2296208
v -0.3520834 0.1187274 0.2320186
v -0.3222373 0.0711112 0.2286369
v -0.3052878 0.0476386 0.2266647
v -0.3718314 0.0065805 0.2193619
v -0.3294287 0.0157360 0.2211008
v -0.4308271 0.0214077 0.2199463
v -0.4746698 0.0135440 0.2226054
v -0.4595629 -0.0105326 0.2233181
v -0.5047079 -0.0186369 0.2275676
v -0.4142319 -0.0024893 0.2208270
v -0.4916730 -0.0430762 0.2277794
v -0.5508100 -0.0268901 0.2292707
v -0.4438138 -0.0341770 0.2262378
v -0.3971041 -0.0259332 0.2234582
v -0.4300410 -0.0585285 0.2255332
v -0.5388681 -0.0515445 0.2288296
v -0.5975872 -0.0352142 0.2291091
v -0.5870284 -0.0599747 0.2288490
v -0.4791422 -0.0672903 0.2246206
v -0.5277008 -0.0758579 0.2250120
v -0.5761931 -0.0846151 0.2280914
v -0.6248650 -0.0911273 0.2262839
v -0.4655500 -0.0915285 0.2254605
v -0.5155555 -0.1004066 0.2256753
v -0.6145546 -0.1158760 0.2256363
v -0.6635126 -0.1228418 0.2246425
v -0.5655080 -0.1092088 0.2261020
v -0.6548677 -0.1459090 0.2309627
v -0.6051826 -0.1393403 0.2310467
v -0.5551355 -0.1325914 0.2313946
v -0.5042684 -0.1232563 0.2314303
v -0.4533519 -0.1140542 0.2314640
v -0.4157667 -0.0826421 0.2257292
v -0.4023491 -0.1051665 0.2314995
v -0.3815711 -0.0497142 0.2256831
v -0.3660386 -0.0736453 0.2261760
v -0.3515975 -0.0959425 0.2318832
v -0.3064502 -0.0860102 0.2320363
v -0.3216874 -0.0638027 0.2266541
v -0.2613313 -0.0760250 0.2321992
v -0.3376319 -0.0401218 0.2250760
v -0.2769822 -0.0540422 0.2267673
v -0.2160998 -0.0659843 0.2323490
v -0.2322371 -0.0443284 0.2266524
v -0.2933904 -0.0308439 0.2235482
v -0.3541922 -0.0169205 0.2209832
v -0.3106392 -0.0075207 0.2206165
v -0.2493254 -0.0212490 0.2236707
v -0.2669126 0.0020838 0.2213738
v 0.2162430 0.2345953 0.2225656
v 0.2759669 0.2215905 0.2212320
v 0.2364496 0.2114956 0.2211453
v 0.1769538 0.2244620 0.2233759
v 0.2558168 0.2443748 0.2237256
v 0.2943682 0.2535556 0.2277757
v 0.1572957 0.2473167 0.2260530
v 0.2361420 0.2668204 0.2273354
v 0.2755409 0.2769900 0.2271589
v 0.2185257 0.2878639 0.2334086
v 0.1969587 0.2565812 0.2276138
v 0.1788509 0.2777015 0.2334726
v 0.1391677 0.2681824 0.2327156
v 0.1256177 0.2832802 0.2460280
v 0.0997650 0.2584474 0.2321536
v 0.1179529 0.2373439 0.2260672
v 0.1379599 0.2144311 0.2242820
v 0.0602861 0.2488012 0.2317824
v 0.0786577 0.2273190 0.2260220
v 0.0990698 0.2042684 0.2264279
v 0.0212736 0.2387543 0.2316818
v 0.0399752 0.2171168 0.2267070
v 0.0601292 0.1942020 0.2267864
v 0.0007413 0.2068130 0.2271671
v 0.0209687 0.1838845 0.2274067
v -0.0180247 0.2286448 0.2316261
v -0.0318557 0.2444806 0.2446982
v -0.2730415 0.1361910 0.2311812
v -0.2147462 0.1222268 0.2307111
v -0.2551402 0.1130499 0.2306737
v -0.2372316 0.0896742 0.2308870
v -0.3126843 0.1274209 0.2313574
v -0.2963654 0.1039809 0.2304733
v -0.3678993 0.1419867 0.2332151
v -0.3296578 0.1500706 0.2335904
v -0.3433131 0.1685519 0.2444334
v -0.2797989 0.0803330 0.2302201
v -0.2910937 0.1588426 0.2331508
v -0.3052924 0.1767884 0.2446038
v -0.1953165 0.0989770 0.2305004
v -0.2669626 0.1848255 0.2447655
v -0.2522344 0.1672677 0.2332198
v -0.2340352 0.1451665 0.2301568
v -0.1762600 0.0761174 0.2278962
v -0.1560842 0.1093741 0.2289825
v -0.1567880 0.0531772 0.2267404
v -0.1170711 0.0635702 0.2264049
v -0.1369553 0.0865041 0.2264677
v -0.0776079 0.0737714 0.2275105
v -0.0973611 0.0967157 0.2262728
v -0.0380834 0.0840523 0.2282165
v 0.0014925 0.0943608 0.2270688
v -0.0580776 0.1069852 0.2268166
v -0.1169929 0.1197432 0.2273472
v -0.1752367 0.1324346 0.2303989
v 0.0409029 0.1046050 0.2269612
v -0.0186172 0.1172281 0.2266316
v -0.1949742 0.1554294 0.2293115
v -0.1361760 0.1427015 0.2296873
v -0.2137075 0.1775601 0.2327894
v -0.0774766 0.1300163 0.2269143
v -0.1557645 0.1656898 0.2289308
v -0.0969647 0.1529466 0.2292152
v -0.0382110 0.1402026 0.2276532
v -0.1168074 0.1759065 0.2286092
v 0.0206842 0.1274673 0.2253955
v -0.0576768 0.1631592 0.2292371
v 0.0008659 0.1504636 0.2262649
v 0.0805539 0.1148862 0.2258229
v 0.0605908 0.1378699 0.2249469
v 0.1197703 0.1251458 0.2248428
v 0.1591128 0.1354329 0.2254860
v 0.0997835 0.1481343 0.2249144
v 0.0406693 0.1609126 0.2253773
v -0.0186294 0.1734308 0.2281127
v 0.1983190 0.1456168 0.2246046
v 0.1389292 0.1583418 0.2243637
v 0.0799576 0.1711161 0.2262741
v 0.2376432 0.1556345 0.2236545
v 0.1782099 0.1684903 0.2250192
v 0.1190565 0.1813205 0.2260572
v 0.2770316 0.1656939 0.2231171
v 0.3163353 0.1757325 0.2223675
v 0.2177202 0.1786713 0.2246019
v 0.2567529 0.1886704 0.2225503
v 0.2960578 0.1985892 0.2207606
v 0.1585366 0.1915480 0.2262294
v 0.1979616 0.2016136 0.2249093
v -0.6955618 0.1003748 0.2431237
v -0.7379193 0.0941763 0.2436524
v -0.6899918 0.0822877 0.2308184
v -0.6468959 0.0881983 0.2309750
v -0.7329796 0.0758981 0.2312859
v -0.6819207 0.0577488 0.2281441
v -0.7795514 0.0886432 0.2437550
v -0.7252977 0.0515741 0.2281400
v -0.6381693 0.0639884 0.2287702
v -0.7749378 0.0699170 0.2318545
v -0.6731292 0.0328372 0.2318419
v -0.5957892 0.0716071 0.2281472
v -0.6051520 0.0956978 0.2306511
v -0.5534202 0.0791748 0.2280667
v -0.5641686 0.1029255 0.2306430
v -0.5419799 0.0546321 0.2279428
v -0.5851124 0.0468789 0.2283222
v -0.6285609 0.0391747 0.2302377
v -0.4999423 0.0622942 0.2248991
v -0.5302258 0.0300085 0.2274894
v -0.4875066 0.0377242 0.2242143
v -0.5736903 0.0222465 0.2294419
v -0.5178484 0.0055498 0.2267122
v -0.6183940 0.0143174 0.2298791
v -0.5621232 -0.0022363 0.2298154
v -0.6636047 0.0079583 0.2309223
v -0.6079997 -0.0104714 0.2298476
v -0.6540056 -0.0168586 0.2299884
v -0.6444798 -0.0417375 0.2301280
v -0.6998683 -0.0232654 0.2278387
v -0.6912079 -0.0483530 0.2301106
v -0.6346695 -0.0665040 0.2286113
v -0.6821442 -0.0732245 0.2280098
v -0.7284304 -0.0794927 0.2264304
v -0.6727280 -0.0977781 0.2249384
v -0.7365502 -0.0545435 0.2280463
v -0.7200057 -0.1043545 0.2232886
v -0.7831339 -0.0609455 0.2270103
v -0.7758153 -0.0860756 0.2260667
v -0.7116718 -0.1295457 0.2248875
v -0.7684581 -0.1111445 0.2248061
v -0.8228850 -0.0922777 0.2233989
v -0.8298880 -0.0673429 0.2259128
v -0.8703647 -0.0990530 0.2264835
v -0.8761828 -0.0736922 0.2254292
v -0.8361014 -0.0421840 0.2281925
v -0.8816184 -0.0482499 0.2259022
v -0.7904217 -0.0359708 0.2288563
v -0.7446190 -0.0295707 0.2298263
v -0.8421378 -0.0169050 0.2287588
v -0.8872522 -0.0229535 0.2281058
v -0.7975675 -0.0108786 0.2315887
v -0.7524520 -0.0044816 0.2307110
v -0.7084726 0.0016856 0.2312073
v -0.7171197 0.0266484 0.2297067
v -0.7601093 0.0206636 0.2292406
v -0.7680024 0.0457777 0.2283968
v -0.8043114 0.0145247 0.2292564
v -0.8109584 0.0395129 0.2296672
v -0.8171410 0.0641141 0.2319070
v -0.8209342 0.0833861 0.2434318
v -0.8482910 0.0084859 0.2294016
v -0.8542143 0.0336344 0.2297419
v -0.8589784 0.0583490 0.2318417
v -0.8616378 0.0776306 0.2433382
v -0.8925059 0.0025904 0.2285031
v -0.8973319 0.0280908 0.2292340
v -0.9011960 0.0526163 0.2317841
v -0.9031709 0.0722537 0.2425722
v -0.9515195 0.0473556 0.2317758
v -0.9442803 -0.0026546 0.2266166
v -0.9526190 0.0670837 0.2422494
v -0.9481539 0.0227077 0.2293769
v -1.0021393 0.0623974 0.2417390
v -1.0015817 0.0421727 0.2318417
v -0.9992351 0.0174013 0.2299213
v -1.0524568 0.0575295 0.2419806
v -1.0513788 0.0374096 0.2318356
v -1.1025528 0.0529612 0.2430118
v -1.0493643 0.0125261 0.2299814
v -0.9959103 -0.0078287 0.2271339
v -1.1019584 0.0323664 0.2324600
v -1.0467861 -0.0128236 0.2272731
v -1.1529753 0.0488523 0.2433720
v -1.1002700 0.0071385 0.2318669
v -1.1527845 0.0269066 0.2335289
v -1.0971395 -0.0183724 0.2316860
v -1.0427013 -0.0387922 0.2282449
v -1.1512752 0.0018602 0.2330394
v -1.2023419 0.0223227 0.2340093
v -1.1488243 -0.0238680 0.2323669
v -0.9920774 -0.0334165 0.2247709
v -1.0949718 -0.0442126 0.2286266
v -0.9393672 -0.0280568 0.2248609
v -0.9877488 -0.0590663 0.2250096
v -0.9347211 -0.0535095 0.2243350
v -1.0394065 -0.0645166 0.2272343
v -0.9839762 -0.0846990 0.2236619
v -0.9298972 -0.0789873 0.2232443
v -1.0359061 -0.0901137 0.2265731
v -0.9249427 -0.1044924 0.2251470
v -0.9791370 -0.1101619 0.2245461
v -1.0324226 -0.1157831 0.2262194
v -1.0918306 -0.0698893 0.2291523
v -1.0888560 -0.0955925 0.2288008
v -1.1471003 -0.0494046 0.2285970
v -1.1448490 -0.0752924 0.2300354
v -1.0863422 -0.1211949 0.2270756
v -1.0285561 -0.1413223 0.2241797
v -1.1426672 -0.1010428 0.2294559
v -1.1404671 -0.1266685 0.2272741
v -1.1951317 -0.0797172 0.2283965
v -1.1933820 -0.1054739 0.2282267
v -1.1911230 -0.1311658 0.2270817
v -1.0833282 -0.1468099 0.2245940
v -1.1887775 -0.1568812 0.2262358
v -1.1381957 -0.1523201 0.2251439
v -1.0798343 -0.1723278 0.2262811
v -1.1863047 -0.1825573 0.2272474
v -1.1352392 -0.1779761 0.2268102
v -1.0762556 -0.1960845 0.2317255
v -1.0244340 -0.1668930 0.2255293
v -0.9747110 -0.1357327 0.2239948
v -0.9197263 -0.1299533 0.2239303
v -0.9699565 -0.1612243 0.2253334
v -1.0203555 -0.1904629 0.2313946
v -1.1298357 -0.2194785 0.2448527
v -1.1325788 -0.2018793 0.2320721
v -1.1807077 -0.2242705 0.2450063
v -1.1836103 -0.2066724 0.2319971
v -1.2309659 -0.2290882 0.2449878
v -1.2339762 -0.2114179 0.2321388
v -1.2801076 -0.2336989 0.2451091
v -1.2832531 -0.2160728 0.2321137
v -1.2369027 -0.1873536 0.2270185
v -1.3335729 -0.2207480 0.2321350
v -1.2858390 -0.1918046 0.2274043
v -1.2393474 -0.1614835 0.2268206
v -1.2882004 -0.1659568 0.2275796
v -1.3363153 -0.1963704 0.2277210
v -1.3838459 -0.2254278 0.2322111
v -1.4310747 -0.2480156 0.2453285
v -1.2414630 -0.1357898 0.2275072
v -1.2904381 -0.1402211 0.2278538
v -1.3384649 -0.1704832 0.2287446
v -1.3869047 -0.2007696 0.2281475
v -1.4346200 -0.2298610 0.2326208
v -1.4824240 -0.2525233 0.2458670
v -1.4862843 -0.2343129 0.2332297
v -1.5340198 -0.2572331 0.2463457
v -1.4381136 -0.2050345 0.2289711
v -1.3893422 -0.1749957 0.2300922
v -1.3408247 -0.1447810 0.2290386
v -1.5382133 -0.2388863 0.2337796
v -1.5848673 -0.2620091 0.2467948
v -1.4899980 -0.2094751 0.2298069
v -1.2925990 -0.1144902 0.2273821
v -1.5890768 -0.2432467 0.2344948
v -1.6344049 -0.2665645 0.2473317
v -1.5416508 -0.2138728 0.2306256
v -1.6382102 -0.2472086 0.2354572
v -1.5922642 -0.2182285 0.2316265
v -1.6416496 -0.2224477 0.2327191
v -1.5438147 -0.1882612 0.2335766
v -1.4923260 -0.1837540 0.2324138
v -1.4406464 -0.1793584 0.2316028
v -1.3915288 -0.1492341 0.2316339
v -1.4428058 -0.1536040 0.2332120
v -1.4942666 -0.1580953 0.2345888
v -1.4438286 -0.1276667 0.2335405
v -1.3428765 -0.1189035 0.2285407
v -1.4954635 -0.1319839 0.2346027
v -1.3931635 -0.1233181 0.2309523
v -1.4439981 -0.1017431 0.2332273
v -1.4954014 -0.1062846 0.2324974
v -1.3945996 -0.0975560 0.2290016
v -1.3443267 -0.0931205 0.2272676
v -1.2943766 -0.0886843 0.2274976
v -1.4445431 -0.0758677 0.2325726
v -1.3950672 -0.0715699 0.2294655
v -1.3454790 -0.0671711 0.2278940
v -1.2434236 -0.1100259 0.2274283
v -1.2452559 -0.0843187 0.2287456
v -1.2957247 -0.0628162 0.2276628
v -1.2467538 -0.0584787 0.2289792
v -1.1970645 -0.0539601 0.2292594
v -1.2480182 -0.0325372 0.2311787
v -1.1990251 -0.0282329 0.2302236
v -1.2015190 -0.0031316 0.2348974
v -1.2502726 -0.0073479 0.2341097
v -1.2974584 -0.0372196 0.2307603
v -1.2986432 -0.0112362 0.2318928
v -1.2552043 0.0174907 0.2340537
v -1.2560472 0.0421605 0.2424356
v -1.2963636 0.0159823 0.2310314
v -1.3471592 -0.0415411 0.2298979
v -1.3482920 -0.0155138 0.2304342
v -1.3482060 0.0129001 0.2299352
v -1.3963306 -0.0457429 0.2312207
v -1.3981011 -0.0198126 0.2300938
v -1.3997851 0.0063908 0.2310522
v -1.4475927 -0.0242322 0.2285071
v -1.4460377 -0.0501198 0.2316540
v -1.4492424 0.0025320 0.2297089
v -1.4970765 -0.0286620 0.2273907
v -1.4009150 0.0275472 0.2434816
v -1.4949407 -0.0547292 0.2281859
v -1.4950573 -0.0803467 0.2314416
v -1.5443498 -0.0592006 0.2265534
v -1.5427830 -0.0850513 0.2260697
v -1.5423857 -0.1112441 0.2264751
v -1.5467608 -0.0335056 0.2288559
v -1.5453999 -0.1365238 0.2312126
v -1.5918943 -0.0898766 0.2239005
v -1.5453822 -0.1622753 0.2344418
v -1.5899465 -0.1157682 0.2221175
v -1.5909770 -0.1417913 0.2247487
v -1.5945815 -0.1664200 0.2311323
v -1.5942451 -0.1924501 0.2345301
v -1.6428675 -0.1968454 0.2307655
v -1.6401906 -0.1713031 0.2256532
v -1.6371401 -0.1462617 0.2197662
v -1.6379347 -0.1201559 0.2192065
v -1.6819410 -0.1744197 0.2189124
v -1.6830824 -0.1985120 0.2230268
v -1.6415042 -0.0954327 0.2251935
v -1.6817981 -0.1496897 0.2158619
v -1.6834455 -0.1252287 0.2173977
v -1.6864146 -0.1013882 0.2215855
v -1.7371258 -0.1295806 0.2137642
v -1.7352869 -0.1554748 0.2135271
v -1.7344745 -0.1814734 0.2145608
v -1.7759986 -0.1331135 0.2164553
v -1.7738626 -0.1588691 0.2166744
v -1.7734934 -0.1847456 0.2171213
v -1.7784117 -0.1072855 0.2164125
v -1.7383159 -0.1035056 0.2150032
v -1.7802547 -0.0813811 0.2165700
v -1.6900339 -0.0772495 0.2249475
v -1.7820674 -0.0539122 0.2171084
v -1.7393618 -0.0776388 0.2166330
v -1.6435468 -0.0696736 0.2284388
v -1.6931135 -0.0513221 0.2272797
v -1.7413515 -0.0501164 0.2181023
v -1.7856433 -0.0248085 0.2232154
v -1.7451936 -0.0213940 0.2242342
v -1.6944558 -0.0233492 0.2318951
v -1.6465655 -0.0441650 0.2313984
v -1.5939549 -0.0642243 0.2271420
v -1.5959945 -0.0389297 0.2308480
v -1.6478462 -0.0193821 0.2349066
v -1.5981093 -0.0141870 0.2340821
v -1.5485457 -0.0087221 0.2326468
v -1.6482731 0.0011411 0.2456127
v -1.5986964 0.0060948 0.2450401
v -1.4987919 -0.0028428 0.2309519
v -1.5491722 0.0104685 0.2446996
v -1.5000270 0.0182570 0.2430652
v -1.4503324 0.0226781 0.2433637
v -1.6952159 0.0007410 0.2450710
v -1.7490368 0.0018644 0.2396504
v -0.3813329 0.1604207 0.2441901
v -0.4184287 0.1525399 0.2434882
v -0.4560831 0.1442322 0.2430085
v -0.4063735 0.1334964 0.2329180
v -0.4934786 0.1358167 0.2426988
v -0.4443053 0.1252697 0.2323031
v -0.5321929 0.1284831 0.2425112
v -0.5721266 0.1217734 0.2419707
v -0.5229838 0.1101930 0.2310961
v -0.6125923 0.1143006 0.2424404
v -0.6532108 0.1069280 0.2426230
v 0.6747139 0.1574866 0.2324039
v 0.7286486 0.1515882 0.2455377
v 0.6152825 0.1687676 0.2272123
v 0.5547287 0.1812330 0.2261791
v 0.4945482 0.1934703 0.2224660
v 0.7144431 0.1675844 0.2326853
v 0.7682582 0.1617591 0.2457714
v 0.6549722 0.1787936 0.2275087
v 0.5944007 0.1912908 0.2259877
v 0.5342743 0.2036617 0.2228135
v 0.6339066 0.2013751 0.2266410
v 0.7542144 0.1776468 0.2329116
v 0.6947036 0.1888196 0.2278534
v 0.8079978 0.1718252 0.2459198
v 0.5732516 0.2139946 0.2254245
v 0.7937535 0.1878186 0.2331296
v 0.8479016 0.1814143 0.2458956
v 0.7343122 0.1988875 0.2278667
v 0.6734115 0.2113808 0.2265356
v 0.8330400 0.1982045 0.2337716
v 0.8880785 0.1908334 0.2458911
v 0.7738850 0.2090292 0.2281724
v 0.7131467 0.2213903 0.2263829
v 0.6524963 0.2336439 0.2227890
v 0.6919161 0.2437657 0.2236365
v 0.6128689 0.2238213 0.2240023
v 0.6312854 0.2564166 0.2235151
v 0.5920106 0.2464336 0.2221577
v 0.5526831 0.2364335 0.2223240
v 0.5134458 0.2263602 0.2219142
v 0.6708329 0.2664607 0.2242507
v 0.4739348 0.2163106 0.2222184
v 0.4923862 0.2489397 0.2241595
v 0.4533171 0.2388101 0.2245170
v 0.4345606 0.2061125 0.2219695
v 0.4137813 0.2288987 0.2234662
v 0.5314939 0.2591592 0.2232560
v 0.3951588 0.1959840 0.2220848
v 0.3745614 0.2188261 0.2225662
v 0.5706532 0.2688493 0.2254147
v 0.3558560 0.1857529 0.2217346
v 0.6101373 0.2789290 0.2252352
v 0.3354681 0.2087389 0.2210372
v 0.3154863 0.2317039 0.2224427
v 0.3538317 0.2410163 0.2263221
v 0.3932781 0.2509576 0.2278205
v 0.3335857 0.2635538 0.2293032
v 0.4323490 0.2612316 0.2267925
v 0.3730996 0.2736836 0.2302850
v 0.4713352 0.2713744 0.2260748
v 0.4118656 0.2838186 0.2290828
v 0.5103722 0.2813830 0.2262580
v 0.4504573 0.2940226 0.2273272
v 0.5496906 0.2914621 0.2262978
v 0.4898061 0.3038881 0.2294051
v 0.4304780 0.3168678 0.2282599
v 0.3925087 0.3068119 0.2289268
v 0.3539474 0.2967980 0.2285201
v 0.3148851 0.2869351 0.2276504
v 0.3359834 0.3188760 0.2331257
v 0.2969411 0.3087684 0.2327738
v 0.2578637 0.2984595 0.2329193
v 0.3742944 0.3284080 0.2339663
v 0.3621025 0.3441881 0.2469242
v 0.2459630 0.3134390 0.2463857
v 0.2056177 0.3035616 0.2462527
v 0.1652024 0.2935854 0.2461478
v 0.4122207 0.3381464 0.2339354
v 0.4686989 0.3267430 0.2279895
v 0.4497326 0.3481338 0.2337253
v 0.5283159 0.3139052 0.2272249
v 0.5071927 0.3367362 0.2277089
v 0.5881800 0.3014054 0.2242048
v 0.5662735 0.3239309 0.2245497
v 0.6269842 0.3112594 0.2218192
v 0.6491720 0.2889534 0.2231661
v 0.6054167 0.3340107 0.2234366
v 0.6881032 0.2986217 0.2206014
v 0.6662264 0.3211889 0.2199985
v 0.6449380 0.3435955 0.2240125
v 0.5852042 0.3555770 0.2289742
v 0.6250470 0.3643033 0.2313755
v 0.5462681 0.3464589 0.2278208
v 0.6050772 0.3861144 0.2349195
v 0.4881015 0.3577565 0.2337368
v 0.5659450 0.3764446 0.2346708
v 0.5274763 0.3672685 0.2339562
v 0.5519248 0.3919086 0.2478749
v -0.0707695 0.2348180 0.2443889
v 0.5899842 0.4023897 0.2475061
v 0.6442212 0.3955187 0.2354592
v 0.6289441 0.4124027 0.2473840
v 0.6644833 0.3740778 0.2315857
v 0.6829722 0.4054695 0.2350718
v 0.6845606 0.3523871 0.2265056
v 0.7032588 0.3838335 0.2317017
v 0.7227761 0.3625634 0.2252108
v 0.7057314 0.3309608 0.2202408
v 0.7445781 0.3404879 0.2211436
v 0.7277089 0.3083782 0.2189233
v 0.7105487 0.2765092 0.2232308
v 0.7670199 0.3182199 0.2194949
v 0.7315232 0.2536928 0.2227080
v 0.7496081 0.2859392 0.2201192
v -1.2073628 0.0475812 0.2429138
v -1.2988051 0.0380897 0.2429210
v -1.3518278 0.0348540 0.2419028
v -0.2279452 0.1946894 0.2446218
v -0.1888302 0.2049488 0.2442971
v -0.1744889 0.1877340 0.2325648
v -0.1353721 0.1979185 0.2323288
v -0.1496433 0.2151209 0.2441999
v -0.1105336 0.2251161 0.2441804
v -0.0963129 0.2081545 0.2322227
v -0.0774788 0.1861512 0.2284622
v -0.0388083 0.1963505 0.2276843
v -0.0572747 0.2182866 0.2319326
vn 0.5937 0.6380 0.4904
vn 0.4142 0.3722 0.8306
vn 0.4085 0.4014 0.8198
vn 0.5886 0.6051 0.5362
vn 0.3964 0.3931 0.8297
vn 0.6539 0.6758 0.3401
vn 0.6312 0.6523 0.4195
vn 0.6968 0.6772 0.2364
vn 0.6986 0.6329 0.3338
vn 0.7255 0.6363 0.2622
vn 0.7208 0.6633 0.2011
vn 0.7084 0.6213 0.3349
vn 0.7621 0.6306 0.1465
vn 0.6160 0.5672 0.5466
vn 0.4007 0.3770 0.8351
vn 0.7504 0.6209 0.2266
vn 0.6282 0.6066 0.4873
vn 0.3963 0.3932 0.8297
vn 0.8979 0.4346 0.0695
vn 0.7674 0.4560 0.4507
vn 0.4436 0.2759 0.8527
vn 0.8919 -0.2632 0.3677
vn 0.5306 -0.1496 0.8343
vn 0.8303 0.5569 0.0221
vn 0.8027 0.5711 0.1718
vn 0.3899 -0.6008 0.6979
vn 0.9168 0.3882 -0.0934
vn 0.9554 -0.2952 -0.0000
vn 0.8790 0.4767 -0.0000
vn 0.9673 -0.2495 -0.0464
vn 0.5457 -0.8378 0.0149
vn 0.9247 0.3740 -0.0705
vn 0.9794 -0.2007 -0.0235
vn 0.9008 0.4185 0.1160
vn 0.8403 0.5256 0.1328
vn 0.7381 0.6633 0.1233
vn 0.6567 0.7539 -0.0191
vn 0.6848 0.7018 -0.1961
vn 0.6731 0.7355 -0.0775
vn 0.6240 0.7734 -0.1120
vn 0.6674 0.7355 -0.1164
vn 0.6251 0.7749 -0.0934
vn 0.7148 0.6946 -0.0809
vn 0.6345 0.7646 -0.1126
vn 0.6440 0.7458 -0.1707
vn 0.6016 0.7817 -0.1643
vn 0.6323 0.7471 -0.2052
vn 0.6225 0.7717 -0.1303
vn 0.6193 0.7532 -0.2219
vn 0.6688 0.7370 -0.0972
vn 0.6796 0.7270 -0.0977
vn 0.8297 0.5564 0.0442
vn 0.7951 0.6030 -0.0646
vn 0.7980 0.5885 -0.1294
vn 0.8745 0.4402 0.2035
vn 0.8554 0.5180 -0.0000
vn 0.5695 0.6173 -0.5428
vn 0.3255 0.3962 -0.8585
vn 0.5328 0.6523 -0.5391
vn 0.3493 0.4119 -0.8416
vn 0.6552 0.7070 -0.2661
vn 0.7641 0.5953 -0.2487
vn 0.8309 0.5404 -0.1326
vn 0.5244 0.6480 -0.5523
vn 0.3981 0.3444 -0.8502
vn 0.5940 0.6107 -0.5236
vn 0.3706 0.4483 -0.8135
vn 0.5520 0.7442 -0.3761
vn 0.2123 0.7260 -0.6541
vn 0.2711 0.9388 -0.2125
vn 0.2740 0.9617 -0.0000
vn 0.6367 0.7523 -0.1691
vn 0.5401 0.8400 -0.0519
vn 0.2667 0.9634 0.0267
vn 0.4977 0.8659 -0.0499
vn 0.2488 0.9685 -0.0132
vn 0.4701 0.8753 -0.1133
vn 0.2244 0.9742 -0.0258
vn 0.4459 0.8882 -0.1107
vn 0.2178 0.9760 -0.0000
vn 0.6033 0.7840 -0.1463
vn 0.4249 0.9047 -0.0311
vn 0.2244 0.9744 -0.0129
vn 0.4160 0.9092 0.0154
vn 0.6121 0.7734 -0.1651
vn 0.2281 0.9729 -0.0387
vn 0.4484 0.8932 0.0318
vn 0.5783 0.8157 0.0178
vn 0.7432 0.6678 0.0414
vn 0.5931 0.7705 0.2337
vn 0.5056 0.8569 0.1002
vn 0.2416 0.9690 -0.0523
vn 0.5306 0.7699 0.3544
vn 0.2601 0.9545 0.1457
vn 0.2079 0.7452 0.6336
vn 0.3546 0.4782 0.8035
vn 0.6497 0.6713 0.3567
vn 0.6540 0.5685 0.4990
vn 0.3918 0.3488 0.8514
vn 0.7120 0.5938 0.3748
vn 0.6746 0.5526 0.4894
vn 0.6589 0.5441 0.5194
vn 0.9289 0.3582 0.0943
vn 0.9047 0.4204 -0.0699
vn 0.9079 0.3501 0.2304
vn 0.9157 -0.3965 0.0663
vn 0.9061 -0.4224 0.0217
vn 0.9207 0.3724 0.1170
vn 0.4703 -0.8798 -0.0692
vn 0.9469 -0.3084 0.0908
vn 0.4505 -0.8927 0.0136
vn 0.9785 -0.2006 0.0471
vn 0.5058 -0.8584 -0.0861
vn 0.5458 -0.8378 0.0150
vn 0.5378 -0.8426 -0.0297
vn 0.5455 -0.8375 0.0299
vn 0.5272 -0.8172 0.2330
vn 0.8684 -0.3183 -0.3802
vn 0.5051 -0.8485 -0.1579
vn 0.3918 -0.6111 -0.6878
vn 0.5302 -0.1695 -0.8308
vn 0.4734 -0.8770 0.0828
vn 0.4273 0.2282 -0.8748
vn 0.7993 0.4079 -0.4412
vn 0.3532 0.3393 -0.8719
vn 0.9168 -0.3970 -0.0442
vn 0.6899 0.5607 -0.4578
vn 0.3273 0.3333 -0.8842
vn 0.8874 0.4466 -0.1146
vn 0.6278 0.5781 -0.5212
vn 0.3257 0.3408 -0.8819
vn 0.8080 0.5748 -0.1297
vn 0.1478 0.1081 -0.9831
vn 0.1807 0.1624 -0.9700
vn 0.1888 0.1577 -0.9693
vn 0.3981 0.3443 -0.8503
vn 0.3917 -0.6111 -0.6879
vn 0.2399 -0.2049 -0.9489
vn 0.5301 -0.1694 -0.8308
vn 0.1600 0.0847 -0.9835
vn 0.2421 -0.2068 0.9480
vn 0.3898 -0.6007 0.6980
vn 0.5305 -0.1495 0.8344
vn 0.1802 0.0686 0.9812
vn 0.1500 0.2348 -0.9604
vn 0.3705 0.4482 -0.8135
vn -0.2025 0.9562 0.2113
vn -0.1500 0.9838 -0.0983
vn -0.1897 0.9778 -0.0886
vn -0.1999 0.9655 -0.1669
vn -0.2084 0.9758 -0.0670
vn -0.1927 0.9706 -0.1442
vn -0.2163 0.9740 -0.0674
vn -0.2145 0.9401 0.2649
vn -0.2330 0.9317 0.2787
vn -0.2018 0.9792 -0.0224
vn -0.2131 0.9760 -0.0451
vn -0.1651 0.9857 -0.0332
vn -0.1609 0.9820 -0.0990
vn -0.1721 0.9845 -0.0331
vn -0.0161 0.9996 -0.0221
vn -0.0090 0.9994 -0.0332
vn -0.0090 0.9984 -0.0552
vn -0.0048 0.9950 -0.0997
vn 0.2415 0.9690 -0.0523
vn -0.1603 0.9783 0.1316
vn -0.0090 0.9970 0.0771
vn 0.2601 0.9545 0.1456
vn -0.0069 0.8346 0.5509
vn 0.0551 0.4694 0.8812
vn -0.1360 0.7821 0.6081
vn -0.0487 0.3843 0.9219
vn -0.1745 0.7387 0.6510
vn -0.1747 0.7172 0.6746
vn -0.1738 0.7090 0.6834
vn -0.1707 0.7096 0.6837
vn -0.2303 0.9354 0.2685
vn -0.1769 0.7085 0.6832
vn -0.1009 0.4066 -0.9080
vn -0.1992 0.7624 -0.6157
vn -0.0944 0.3990 -0.9121
vn -0.0507 0.4056 -0.9126
vn -0.1098 0.3815 -0.9178
vn -0.1935 0.7714 -0.6062
vn -0.1827 0.7684 -0.6133
vn -0.2624 0.9532 -0.1498
vn -0.1819 0.7425 -0.6447
vn -0.2380 0.9617 -0.1357
vn -0.2030 0.9629 -0.1777
vn -0.1812 0.7127 -0.6776
vn -0.2010 0.9490 -0.2428
vn -0.1769 0.6865 -0.7053
vn -0.2141 0.9336 -0.2874
vn -0.2086 0.9207 -0.3298
vn -0.1753 0.9823 -0.0661
vn -0.1818 0.9744 -0.1324
vn -0.2064 0.9622 -0.1776
vn -0.1991 0.9617 -0.1885
vn -0.2238 0.9746 0.0113
vn -0.2091 0.9747 -0.0787
vn -0.2723 0.9611 0.0465
vn -0.2132 0.9767 0.0225
vn -0.1649 0.9841 -0.0662
vn -0.1684 0.9835 -0.0662
vn -0.1938 0.9759 -0.1004
vn -0.1722 0.9850 0.0111
vn -0.2003 0.9721 -0.1223
vn -0.2195 0.9413 -0.2565
vn -0.2000 0.9707 -0.1332
vn -0.1721 0.9845 0.0331
vn -0.1900 0.9795 0.0666
vn -0.1978 0.9779 0.0671
vn -0.1904 0.9811 0.0333
vn -0.1975 0.9762 0.0893
vn -0.1752 0.9815 0.0771
vn -0.1833 0.9825 0.0334
vn -0.2015 0.9779 0.0559
vn -0.1756 0.9835 0.0441
vn -0.2016 0.9784 -0.0447
vn -0.1904 0.9816 -0.0111
vn -0.1717 0.9821 -0.0771
vn -0.1979 0.9779 -0.0671
vn -0.1834 0.9828 0.0223
vn -0.1791 0.9833 -0.0331
vn -0.1900 0.9795 -0.0666
vn -0.1982 0.9796 -0.0336
vn -0.1868 0.9814 -0.0445
vn -0.1832 0.9821 -0.0445
vn -0.1981 0.9792 0.0448
vn -0.2076 0.9674 0.1451
vn -0.2088 0.9777 -0.0224
vn -0.2449 0.9545 0.1700
vn -0.2284 0.9733 0.0227
vn -0.2509 0.9383 0.2381
vn -0.2640 0.9396 0.2178
vn -0.2310 0.9687 0.0903
vn -0.2534 0.9284 0.2717
vn -0.2475 0.9203 0.3030
vn -0.2405 0.9220 0.3033
vn -0.2248 0.9738 0.0340
vn -0.2367 0.9716 -0.0000
vn -0.2296 0.9325 0.2788
vn -0.2162 0.9732 -0.0786
vn -0.2353 0.9713 -0.0339
vn -0.2190 0.9647 -0.1460
vn -0.2087 0.9728 -0.1010
vn -0.2015 0.9779 -0.0559
vn -0.2314 0.9705 -0.0679
vn -0.2355 0.9718 -0.0113
vn -0.2203 0.9752 -0.0225
vn -0.2484 0.9684 -0.0230
vn -0.2284 0.9736 -0.0000
vn -0.2671 0.9619 -0.0577
vn -0.1798 0.9831 0.0334
vn -0.2053 0.9787 -0.0000
vn -0.1651 0.9857 0.0332
vn -0.0091 0.9994 0.0331
vn -0.0126 0.9984 0.0552
vn -0.0197 0.9993 0.0332
vn 0.2487 0.9685 -0.0131
vn 0.2243 0.9742 -0.0258
vn -0.0126 0.9999 0.0111
vn 0.2710 0.9388 -0.2125
vn -0.0118 0.9862 -0.1649
vn 0.2123 0.7261 -0.6540
vn -0.2035 0.9647 -0.1675
vn -0.1497 0.7823 -0.6047
vn -0.0062 0.8228 -0.5682
vn 0.0638 0.4823 -0.8737
vn -0.0261 0.4379 0.8986
vn -0.0539 0.8012 0.5960
vn -0.0372 0.4069 0.9127
vn -0.0421 0.4013 0.9150
vn -0.0480 0.8111 0.5829
vn -0.0204 0.4687 0.8831
vn -0.0681 0.9762 0.2061
vn -0.0692 0.7925 0.6059
vn -0.0445 0.3980 0.9163
vn -0.0751 0.7872 0.6122
vn -0.0728 0.7625 0.6428
vn -0.0788 0.9778 0.1942
vn -0.0768 0.9543 0.2889
vn -0.0728 0.7626 0.6428
vn -0.0711 0.9689 0.2370
vn -0.1939 0.7503 -0.6320
vn -0.0913 0.3942 -0.9145
vn -0.0876 0.4133 -0.9064
vn -0.0954 0.4073 -0.9083
vn -0.1942 0.7790 -0.5961
vn -0.2376 0.8814 -0.4082
vn -0.0968 0.3936 -0.9142
vn -0.2156 0.8707 -0.4420
vn -0.1917 0.7872 -0.5862
vn -0.0970 0.3717 -0.9233
vn -0.2133 0.8756 -0.4335
vn -0.1878 0.7803 -0.5966
vn -0.1772 0.7594 -0.6261
vn -0.2143 0.8605 -0.4622
vn -0.2079 0.8679 -0.4511
vn -0.1348 0.6651 -0.7345
vn -0.1828 0.8996 -0.3966
vn -0.1428 0.6772 -0.7218
vn -0.1400 0.9584 -0.2487
vn -0.1223 0.9915 0.0436
vn -0.1486 0.9715 -0.1849
vn -0.1157 0.7470 -0.6547
vn -0.1189 0.9927 -0.0218
vn -0.1259 0.9899 0.0658
vn -0.1094 0.7478 -0.6549
vn -0.1366 0.9589 -0.2487
vn -0.0986 0.7362 -0.6695
vn -0.0995 0.9388 -0.3297
vn -0.0632 0.6593 -0.7492
vn -0.0730 0.6668 -0.7417
vn -0.0708 0.6754 -0.7340
vn -0.1844 0.7122 0.6774
vn -0.1853 0.7204 0.6684
vn -0.1310 0.4579 0.8793
vn -0.2158 0.8193 0.5312
vn -0.1283 0.4632 0.8769
vn -0.2221 0.8346 0.5042
vn -0.2346 0.9131 0.3336
vn -0.1309 0.4578 0.8793
vn -0.2423 0.9147 0.3233
vn -0.2068 0.8114 0.5467
vn -0.2299 0.8376 0.4956
vn -0.1297 0.4493 0.8839
vn -0.2073 0.8417 0.4985
vn -0.1773 0.8355 0.5201
vn -0.2565 0.9206 0.2946
vn -0.2408 0.8331 0.4980
vn -0.1257 0.4411 0.8886
vn -0.2827 0.9215 0.2661
vn -0.2343 0.8877 0.3963
vn -0.2466 0.8176 0.5202
vn -0.0920 0.7029 -0.7053
vn -0.1077 0.9513 -0.2889
vn -0.0987 0.7362 -0.6695
vn -0.0709 0.7422 -0.6664
vn -0.0911 0.9593 -0.2671
vn -0.0893 0.7372 -0.6697
vn -0.0927 0.9395 -0.3298
vn -0.0564 0.9152 -0.3989
vn -0.0670 0.6674 -0.7417
vn -0.0794 0.9852 -0.1522
vn -0.0439 0.9837 -0.1745
vn -0.0339 0.8880 -0.4586
vn -0.0311 0.6364 -0.7708
vn -0.0406 0.9890 -0.1425
vn -0.0938 0.9884 -0.1192
vn 0.0415 0.6766 -0.7352
vn -0.0195 0.9283 -0.3713
vn -0.0002 0.7245 -0.6893
vn -0.1896 0.3599 -0.9135
vn -0.2715 0.7234 -0.6347
vn -0.0664 0.9551 -0.2889
vn -0.3490 0.9164 -0.1958
vn -0.3630 0.9315 0.0249
vn -0.0979 0.9950 0.0218
vn -0.3249 0.9430 0.0725
vn -0.0629 0.9980 -0.0000
vn -0.0829 0.9849 0.1522
vn -0.2596 0.9623 0.0808
vn -0.0769 0.9965 0.0328
vn -0.0935 0.9855 0.1416
vn -0.0692 0.9903 0.1201
vn -0.2167 0.9757 0.0338
vn -0.8207 0.5485 -0.1599
vn -0.7511 0.6578 -0.0556
vn -0.7363 0.6745 0.0548
vn -0.0698 0.9961 0.0545
vn -0.2051 0.9777 -0.0447
vn -0.7858 0.5813 0.2110
vn -0.1188 0.9920 0.0436
vn -0.0523 0.9984 -0.0218
vn -0.2386 0.9645 -0.1135
vn -0.1015 0.9948 -0.0000
vn -0.1402 0.9899 0.0220
vn -0.0525 0.3386 0.9395
vn -0.1674 0.7639 0.6232
vn -0.0549 0.3918 0.9184
vn -0.0624 0.4127 0.9087
vn -0.0900 0.4079 0.9086
vn -0.1456 0.8027 0.5784
vn -0.0889 0.3726 0.9237
vn -0.1297 0.7579 0.6394
vn -0.1331 0.8969 0.4218
vn -0.1470 0.7364 0.6603
vn -0.1865 0.8754 0.4460
vn -0.1647 0.7435 0.6481
vn -0.2135 0.8813 0.4217
vn -0.2285 0.9034 0.3629
vn -0.1931 0.8164 0.5442
vn -0.0979 0.4018 0.9105
vn -0.1310 0.9116 0.3898
vn -0.2155 0.8945 0.3916
vn -0.1418 0.8564 0.4965
vn -0.2006 0.7954 0.5720
vn -0.1527 0.9148 0.3739
vn -0.1927 0.9178 0.3472
vn -0.2383 0.9581 0.1591
vn -0.2285 0.8984 0.3751
vn -0.1938 0.9805 0.0333
vn -0.2387 0.8854 0.3989
vn -0.2099 0.8569 0.4708
vn -0.2120 0.9708 0.1120
vn -0.2242 0.9713 -0.0792
vn -0.1675 0.9785 -0.1207
vn -0.2096 0.9772 0.0338
vn -0.2018 0.9794 -0.0112
vn -0.1757 0.9842 0.0221
vn -0.1905 0.9816 0.0111
vn -0.2603 0.9649 0.0347
vn -0.2132 0.9764 0.0338
vn -0.2889 0.9538 -0.0824
vn -0.2351 0.9703 0.0566
vn -0.2157 0.9454 -0.2442
vn -0.1859 0.9498 -0.2516
vn -0.2291 0.9255 -0.3015
vn -0.2757 0.9595 0.0581
vn -0.2841 0.9562 0.0701
vn -0.2754 0.9588 -0.0696
vn -0.2772 0.9590 -0.0585
vn -0.3779 0.9237 -0.0630
vn -0.3652 0.9302 -0.0376
vn -0.3442 0.9388 0.0123
vn -0.3689 0.9291 -0.0250
vn -0.3676 0.9259 0.0874
vn -0.3426 0.9344 -0.0978
vn -0.2238 0.9488 -0.2229
vn -0.2717 0.9590 -0.0813
vn -0.2927 0.9474 -0.1297
vn -0.2549 0.9587 -0.1263
vn -0.2347 0.9433 -0.2350
vn -0.2054 0.9018 -0.3801
vn -0.2010 0.9232 -0.3276
vn -0.1786 0.8964 -0.4057
vn -0.1339 0.6566 -0.7423
vn -0.1369 0.6561 -0.7421
vn -0.1409 0.6642 -0.7342
vn -0.1297 0.6743 -0.7270
vn -0.1224 0.6957 -0.7078
vn -0.1980 0.9522 -0.2324
vn -0.2279 0.9713 0.0679
vn -0.1311 0.7126 -0.6893
vn -0.2110 0.9667 -0.1450
vn -0.1615 0.9853 0.0552
vn -0.1359 0.7250 -0.6752
vn -0.1712 0.9791 -0.1098
vn -0.1687 0.9851 0.0332
vn -0.1651 0.9853 0.0442
vn -0.1274 0.7343 -0.6667
vn -0.0965 0.3884 -0.9164
vn -0.2076 0.7737 -0.5986
vn -0.0872 0.3811 -0.9204
vn -0.1859 0.7678 -0.6131
vn -0.2031 0.7873 -0.5821
vn -0.1022 0.3929 -0.9139
vn -0.2477 0.8914 -0.3796
vn -0.2868 0.9165 -0.2788
vn -0.2258 0.9370 -0.2666
vn -0.1867 0.7755 -0.6032
vn -0.1019 0.3877 -0.9161
vn -0.1941 0.9246 -0.3279
vn -0.2940 0.8680 -0.4003
vn -0.3111 0.8953 -0.3187
vn -0.2022 0.9336 -0.2957
vn -0.1788 0.7430 -0.6449
vn -0.1689 0.9309 -0.3239
vn -0.1986 0.9032 -0.3804
vn -0.1830 0.7291 -0.6595
vn -0.1968 0.9205 -0.3375
vn -0.2309 0.8885 -0.3965
vn -0.2241 0.9005 -0.3726
vn -0.1676 0.9475 -0.2723
vn -0.1995 0.9373 -0.2858
vn -0.1988 0.9343 -0.2958
vn -0.2094 0.9240 -0.3199
vn -0.1855 0.9437 -0.2740
vn -0.3260 0.8806 -0.3438
vn -0.2105 0.9084 -0.3611
vn -0.3136 0.8679 -0.3853
vn -0.3250 0.8715 -0.3672
vn -0.3221 0.8870 -0.3310
vn -0.2809 0.9157 -0.2874
vn -0.2922 0.9458 -0.1413
vn -0.2310 0.9183 -0.3214
vn -0.2383 0.9581 0.1590
vn -0.2310 0.9687 -0.0904
vn -0.1982 0.9313 -0.3057
vn -0.2481 0.9670 0.0574
vn -0.1710 0.9192 -0.3548
vn -0.2189 0.9693 -0.1120
vn -0.1572 0.8973 -0.4124
vn -0.1919 0.9096 -0.3686
vn -0.1579 0.9012 -0.4036
vn -0.1735 0.9102 -0.3760
vn -0.1521 0.9111 -0.3830
vn -0.1784 0.7922 -0.5836
vn -0.0903 0.3859 -0.9181
vn -0.1913 0.9326 -0.3060
vn -0.1030 0.3960 -0.9124
vn -0.1964 0.8158 -0.5440
vn -0.1083 0.4175 -0.9022
vn -0.2086 0.8230 -0.5283
vn -0.1059 0.4230 -0.8999
vn -0.0938 0.4159 -0.9046
vn -0.2061 0.7581 -0.6187
vn -0.0798 0.3923 -0.9164
vn -0.2154 0.7948 -0.5674
vn -0.2483 0.9234 -0.2927
vn -0.2775 0.8931 -0.3541
vn -0.2626 0.8809 -0.3938
vn -0.2602 0.8730 -0.4126
vn -0.2796 0.8587 -0.4295
vn -0.2580 0.8834 -0.3912
vn -0.2102 0.8106 0.5466
vn -0.2311 0.9139 0.3338
vn -0.2101 0.8107 0.5465
vn -0.2301 0.9150 0.3313
vn -0.1991 0.8080 0.5545
vn -0.2156 0.9147 0.3417
vn -0.1213 0.4504 0.8846
vn -0.1979 0.8033 0.5617
vn -0.1136 0.4391 0.8912
vn -0.2097 0.9048 0.3706
vn -0.1834 0.8275 0.5306
vn -0.1095 0.4259 0.8981
vn -0.1833 0.8275 0.5306
vn -0.1937 0.8234 0.5334
vn -0.1929 0.7919 0.5794
vn -0.2069 0.8882 0.4102
vn -0.1953 0.8347 0.5149
vn -0.2660 0.9523 0.1498
vn -0.2511 0.8905 0.3794
vn -0.2899 0.9570 -0.0118
vn -0.2143 0.8605 0.4622
vn -0.1927 0.8924 0.4080
vn -0.1777 0.7848 0.5937
vn -0.1047 0.4146 0.9040
vn -0.1698 0.7557 0.6326
vn -0.1019 0.3877 0.9161
vn -0.2216 0.9049 0.3633
vn -0.1863 0.7467 0.6385
vn -0.2867 0.8982 0.3333
vn -0.2624 0.9285 0.2629
vn -0.2922 0.9275 0.2331
vn -0.3074 0.9325 0.1894
vn -0.1939 0.7504 0.6319
vn -0.2440 0.9456 0.2151
vn -0.3322 0.9278 0.1698
vn -0.2337 0.9594 0.1579
vn -0.2956 0.9201 0.2568
vn -0.3098 0.9460 0.0953
vn -0.2643 0.9218 0.2838
vn -0.1806 0.8553 0.4856
vn -0.2221 0.8633 0.4533
vn -0.1885 0.8891 0.4170
vn -0.1987 0.9082 0.3684
vn -0.2112 0.8672 0.4509
vn -0.2352 0.9457 0.2244
vn -0.2208 0.9519 0.2125
vn -0.2096 0.9772 -0.0338
vn -0.2244 0.8774 0.4240
vn -0.1921 0.9673 0.1658
vn -0.1903 0.9812 0.0333
vn -0.2398 0.8708 0.4291
vn -0.2283 0.9224 0.3116
vn -0.1968 0.9728 0.1223
vn -0.1982 0.9799 0.0224
vn -0.2128 0.9748 0.0675
vn -0.2219 0.9562 0.1909
vn -0.2386 0.9645 0.1135
vn -0.2568 0.8739 0.4128
vn -0.2486 0.9002 0.3576
vn -0.2564 0.9206 0.2946
vn -0.2731 0.9392 0.2083
vn -0.2772 0.9404 0.1971
vn -0.2737 0.9414 0.1972
vn -0.2716 0.9400 0.2066
vn -0.2851 0.9353 0.2095
vn -0.2420 0.7862 0.5686
vn -0.1206 0.4246 0.8973
vn -0.2256 0.7614 0.6078
vn -0.2772 0.9404 0.1970
vn -0.1155 0.4082 0.9056
vn -0.2146 0.7369 0.6410
vn -0.2681 0.9409 0.2068
vn -0.2598 0.9381 0.2289
vn -0.2076 0.7196 0.6626
vn -0.1995 0.7194 0.6653
vn -0.1897 0.7246 0.6626
vn -0.1113 0.3950 0.9119
vn -0.1982 0.8565 -0.4765
vn -0.2162 0.8492 -0.4819
vn -0.2205 0.9250 -0.3095
vn -0.2433 0.9433 -0.2259
vn -0.2132 0.8562 -0.4706
vn -0.2139 0.9583 -0.1896
vn -0.2454 0.9563 -0.1589
vn -0.2629 0.9548 -0.1386
vn -0.1950 0.8823 -0.4284
vn -0.2090 0.9525 -0.2217
vn -0.1693 0.7264 -0.6661
vn -0.2189 0.9386 -0.2668
vn -0.2283 0.9525 -0.2015
vn -0.2383 0.9632 -0.1246
vn -0.2400 0.9702 -0.0342
vn -0.2437 0.9698 -0.0114
vn -0.2519 0.9671 -0.0345
vn -0.2337 0.9096 0.3434
vn -0.2233 0.9166 0.3317
vn -0.2406 0.9032 0.3554
vn -0.2605 0.9655 -0.0000
vn -0.2432 0.9180 0.3133
vn -0.2012 0.8027 0.5615
vn -0.2122 0.7955 0.5676
vn -0.2086 0.8230 0.5283
vn -0.2157 0.9454 0.2442
vn -0.2002 0.9153 0.3495
vn -0.1729 0.9335 0.3140
vn -0.2633 0.9372 0.2287
vn -0.1336 0.7873 0.6019
vn -0.1523 0.9728 0.1743
vn -0.1073 0.9483 0.2986
vn -0.0743 0.3929 0.9166
vn -0.1022 0.7691 0.6309
vn -0.0711 0.3634 0.9289
vn -0.1103 0.7268 0.6780
vn -0.1238 0.9393 0.3200
vn -0.1193 0.6961 0.7079
vn -0.1222 0.9904 0.0653
vn -0.1467 0.9241 0.3529
vn -0.1055 0.6847 0.7211
vn -0.1428 0.9211 0.3623
vn -0.1397 0.9863 0.0876
vn -0.1222 0.9910 -0.0544
vn -0.1186 0.9880 -0.0985
vn -0.2604 0.9652 0.0231
vn -0.1214 0.9825 -0.1415
vn -0.3294 0.9378 -0.1093
vn -0.3165 0.9479 -0.0361
vn -0.1832 0.9815 -0.0555
vn -0.2922 0.9459 -0.1413
vn -0.3382 0.9398 -0.0487
vn -0.1679 0.9769 -0.1325
vn -0.1542 0.9589 -0.2383
vn -0.3197 0.9456 -0.0601
vn -0.2221 0.9623 -0.1569
vn -0.1736 0.9647 -0.1981
vn -0.1515 0.9642 -0.2177
vn -0.1973 0.9752 -0.1003
vn -0.1577 0.9845 -0.0772
vn -0.2341 0.9611 -0.1469
vn -0.3057 0.9515 -0.0356
vn -0.2574 0.8526 -0.4548
vn -0.2425 0.9348 -0.2596
vn -0.2407 0.8983 -0.3677
vn -0.2082 0.9443 -0.2548
vn -0.2075 0.9674 -0.1451
vn -0.2449 0.9545 -0.1700
vn -0.2621 0.9032 -0.3398
vn -0.1964 0.7200 -0.6656
vn -0.2387 0.8908 -0.3867
vn -0.1877 0.6860 -0.7030
vn -0.1470 0.9876 0.0548
vn -0.1333 0.9305 0.3413
vn -0.1684 0.9835 0.0662
vn -0.1799 0.9834 -0.0223
vn -0.1437 0.9894 -0.0220
vn -0.1256 0.9899 -0.0653
vn -0.1465 0.9843 -0.0984
vn -0.1005 0.9848 -0.1415
vn -0.1496 0.9784 -0.1424
vn -0.1404 0.9610 -0.2384
vn -0.1495 0.9481 -0.2806
vn -0.1086 0.9597 -0.2591
vn -0.1390 0.9784 -0.1532
vn -0.1045 0.9907 -0.0870
vn -0.1083 0.9926 -0.0545
vn -0.1216 0.9839 -0.1308
vn -0.0838 0.9943 -0.0653
vn -0.1288 0.9844 -0.1200
vn -0.1116 0.9908 0.0762
vn -0.1222 0.9249 0.3601
vn -0.1200 0.9040 0.4104
vn -0.1017 0.6768 0.7291
vn -0.0928 0.6814 0.7260
vn -0.0869 0.9903 0.1085
vn -0.0554 0.9946 0.0876
vn -0.0696 0.9938 0.0870
vn -0.1005 0.9491 0.2987
vn -0.1113 0.9865 0.1201
vn -0.0698 0.9966 0.0436
vn -0.0769 0.9970 -0.0109
vn -0.1046 0.9916 0.0762
vn -0.0909 0.9956 -0.0218
vn -0.0979 0.9950 -0.0218
vn -0.0861 0.9811 0.1733
vn -0.1366 0.9901 0.0329
vn -0.0804 0.9962 -0.0327
vn -0.0839 0.9566 0.2791
vn -0.1154 0.9931 -0.0218
vn -0.1000 0.9798 0.1733
vn -0.1096 0.9701 0.2164
vn -0.0557 0.7861 0.6155
vn -0.1044 0.9197 0.3785
vn -0.1369 0.9614 0.2385
vn -0.1104 0.9787 0.1733
vn -0.1186 0.9880 0.0985
vn -0.1388 0.9802 0.1414
vn -0.1294 0.9894 0.0658
vn -0.1007 0.9863 0.1309
vn -0.1224 0.9581 0.2590
vn -0.1009 0.8843 0.4560
vn -0.0616 0.7431 0.6664
vn -0.0210 0.4771 0.8786
vn -0.0668 0.6972 0.7138
vn -0.0225 0.4600 0.8876
vn -0.1332 0.9908 0.0220
vn -0.0977 0.9931 0.0653
vn -0.0944 0.9953 0.0218
vn -0.1119 0.9937 0.0109
vn -0.1113 0.9865 -0.1201
vn -0.1382 0.9730 -0.1850
vn -0.1387 0.9767 -0.1638
vn -0.2277 0.9705 -0.0791
vn -0.2249 0.9741 0.0227
vn -0.0994 0.8699 0.4832
vn -0.1079 0.9893 0.0977
vn -0.1044 0.9897 0.0977
vn -0.1055 0.8630 0.4941
vn -0.0755 0.6618 0.7458
vn -0.0967 0.9819 0.1628
vn -0.1027 0.8695 0.4832
vn -0.0736 0.6412 0.7638
vn -0.0933 0.8749 0.4753
vn -0.0769 0.6448 0.7605
vn -0.1037 0.8781 0.4672
vn -0.0875 0.6606 0.7456
vn -0.1147 0.8869 0.4476
vn -0.0949 0.6728 0.7337
vn -0.1046 0.9907 0.0870
vn -0.1221 0.9896 0.0761
vn -0.1186 0.9900 0.0762
vn -0.1114 0.9877 -0.1093
vn -0.0977 0.9923 -0.0761
vn -0.1150 0.9896 -0.0870
vn -0.0944 0.9953 -0.0218
vn -0.1043 0.9873 -0.1201
vn -0.1258 0.9915 -0.0327
vn -0.0801 0.9920 -0.0978
vn -0.0870 0.9914 -0.0978
vn -0.1154 0.9928 -0.0327
vn -0.1186 0.9900 -0.0761
vn -0.0661 0.9930 -0.0977
vn -0.1297 0.9916 -0.0000
vn -0.1091 0.9654 0.2369
vn -0.0839 0.9964 -0.0109
vn -0.0552 0.9912 -0.1201
vn -0.1150 0.9896 0.0869
vn -0.0554 0.9946 -0.0876
vn -0.0733 0.9958 -0.0545
vn -0.1187 0.9908 0.0653
vn -0.0944 0.9946 0.0436
vn -0.0944 0.9955 0.0109
vn -0.0448 0.9941 -0.0984
vn -0.0980 0.9952 -0.0000
vn -0.1084 0.9939 -0.0219
vn -0.0484 0.9967 -0.0658
vn -0.0629 0.9978 -0.0218
vn -0.0663 0.9963 -0.0545
vn -0.1505 0.9871 0.0548
vn -0.0664 0.9973 -0.0327
vn -0.0524 0.9984 -0.0218
vn -0.1294 0.9914 0.0218
vn -0.1291 0.9867 -0.0985
vn -0.0438 0.9797 -0.1955
vn -0.1436 0.9891 -0.0329
vn -0.0629 0.9975 -0.0327
vn -0.0485 0.9983 -0.0329
vn -0.3059 0.9460 -0.1071
vn -0.0542 0.9792 -0.1956
vn -0.3383 0.9403 -0.0366
vn -0.0559 0.9979 -0.0327
vn -0.3273 0.9318 0.1569
vn -0.0402 0.9777 0.2059
vn -0.2770 0.7500 0.6006
vn -0.0273 0.9987 0.0439
vn -0.0795 0.9867 -0.1416
vn -0.1224 0.9919 0.0327
vn 0.0187 0.9699 0.2430
vn -0.0643 0.9718 0.2267
vn 0.0402 0.7839 0.6196
vn -0.0698 0.9954 -0.0653
vn -0.0893 0.9398 0.3298
vn -0.0238 0.9431 0.3316
vn -0.0485 0.9983 -0.0330
vn -0.0873 0.9940 0.0653
vn -0.0768 0.9961 -0.0436
vn -0.0449 0.9960 -0.0767
vn -0.0839 0.9955 -0.0436
vn -0.0524 0.9986 0.0109
vn -0.0804 0.9958 -0.0436
vn -0.0808 0.9603 0.2671
vn -0.0699 0.9973 -0.0218
vn -0.0873 0.9940 -0.0653
vn -0.0767 0.9941 -0.0762
vn -0.0902 0.9873 0.1309
vn -0.0766 0.9933 -0.0870
vn -0.1107 0.9479 0.2986
vn -0.0909 0.9949 -0.0436
vn -0.1471 0.9886 0.0329
vn -0.0878 0.7859 0.6121
vn -0.1127 0.9340 0.3391
vn -0.0848 0.9290 0.3603
vn -0.0934 0.8095 0.5796
vn -0.0320 0.3806 0.9242
vn -0.0367 0.3720 0.9275
vn -0.0773 0.8112 0.5797
vn -0.0270 0.7881 0.6150
vn -0.0367 0.4018 0.9150
vn -0.0434 0.4146 0.9090
vn -0.0134 0.4172 0.9087
vn -0.0066 0.7787 0.6274
vn 0.0590 0.4026 0.9135
vn 0.0212 0.4044 0.9143
vn -0.2214 0.3776 0.8991
vn -0.1143 0.9817 -0.1521
vn -0.1137 0.9764 -0.1838
vn -0.1240 0.9728 -0.1956
vn -0.1180 0.9829 -0.1415
vn -0.0759 0.9443 -0.3202
vn -0.0847 0.9653 -0.2471
vn -0.0516 0.6641 -0.7459
vn -0.1011 0.9911 -0.0870
vn -0.1108 0.9821 -0.1521
vn -0.0493 0.6726 -0.7383
vn -0.0890 0.9748 -0.2046
vn -0.0486 0.6643 -0.7458
vn -0.0979 0.9942 -0.0436
vn -0.0859 0.9792 -0.1838
vn -0.0400 0.7077 -0.7054
vn -0.1000 0.9798 -0.1734
vn -0.0790 0.7287 -0.6803
vn -0.1014 0.9948 -0.0109
vn -0.0990 0.9689 -0.2268
vn -0.0839 0.9965 -0.0000
vn -0.1222 0.9886 -0.0876
vn -0.0803 0.9953 -0.0545
vn -0.0769 0.9970 -0.0000
vn -0.0664 0.9973 0.0327
vn -0.0699 0.9976 -0.0000
vn -0.0699 0.9975 -0.0109
vn -0.0909 0.9959 -0.0000
vn -0.1084 0.9936 -0.0327
vn -0.1471 0.9882 -0.0439
vn -0.1324 0.9852 -0.1092
vn -0.1506 0.9876 0.0439
vn -0.1189 0.9929 -0.0000
vn -0.1539 0.9859 0.0657
vn -0.3063 0.9472 0.0953
vn -0.3377 0.9384 0.0730
vn -0.3023 0.9472 -0.1072
vn -0.3202 0.9470 -0.0241
vn -0.3013 0.9499 -0.0829
vn -0.2896 0.9560 0.0472
vn -0.1757 0.9297 0.3237
vn -0.1362 0.9266 0.3506
vn -0.1615 0.9602 0.2279
vn -0.2035 0.9395 0.2755
vn -0.1907 0.7509 0.6322
vn -0.2085 0.7496 0.6282
vn -0.2319 0.8924 0.3871
vn -0.1769 0.9096 0.3759
vn -0.1033 0.4012 0.9102
vn -0.2252 0.7824 0.5806
vn -0.2749 0.8555 0.4389
vn -0.2385 0.8146 0.5287
vn -0.1474 0.9318 0.3316
vn -0.2012 0.8988 0.3895
vn -0.1774 0.9428 0.2821
vn -0.1775 0.9702 0.1647
vn -0.1781 0.9735 0.1432
vn -0.2223 0.9582 0.1801
vn -0.1799 0.9836 -0.0111
vn -0.3170 0.9314 0.1791
vn -0.2203 0.9752 -0.0226
vn -0.3279 0.9398 0.0965
vn -0.3075 0.9509 0.0359
vn -0.2155 0.9701 -0.1120
vn -0.1939 0.9810 0.0111
vn -0.2149 0.9674 -0.1340
vn -0.2012 0.9764 -0.0782
vn -0.2017 0.9792 -0.0224
vn -0.2053 0.9786 -0.0112
vn -0.2034 0.9648 -0.1669
vn -0.2224 0.9132 -0.3414
vn -0.1943 0.9559 -0.2203
vn -0.2182 0.9613 -0.1679
vn -0.2178 0.8845 -0.4125
vn -0.1614 0.6670 -0.7274
vn -0.2148 0.9365 -0.2773
vn -0.2254 0.8814 -0.4150
vn -0.1769 0.6606 -0.7297
vn -0.2050 0.9772 -0.0559
vn -0.2055 0.9532 -0.2218
vn -0.2379 0.9365 -0.2578
vn -0.1869 0.9821 -0.0223
vn -0.2200 0.9739 0.0562
vn -0.2139 0.9077 -0.3610
vn -0.2427 0.9408 -0.2365
vn -0.2526 0.9503 -0.1822
vn -0.1748 0.6696 -0.7218
vn -0.2573 0.9236 -0.2842
vn -0.1759 0.6781 -0.7136
vn -0.2337 0.9096 -0.3434
vn -0.2640 0.9589 -0.1044
vn -0.2416 0.9068 -0.3456
vn -0.1717 0.6959 -0.6973
vn -0.2078 0.8921 -0.4011
vn -0.2135 0.8813 -0.4217
vn -0.2629 0.9604 -0.0921
vn -0.2545 0.9572 -0.1376
vn -0.2469 0.9623 0.1143
vn -0.2793 0.9531 0.1164
vn -0.2711 0.9569 0.1042
vn -0.2600 0.9639 0.0578
vn -0.1938 0.9805 -0.0333
vn -0.2366 0.9715 0.0115
vn -0.2847 0.9583 0.0234
vn -0.2883 0.9575 -0.0000
vn -0.1834 0.9828 -0.0223
vn -0.2844 0.9575 -0.0468
vn -0.3021 0.9526 -0.0356
vn -0.3194 0.9449 -0.0720
vn -0.2925 0.9527 -0.0823
vn -0.0804 0.9967 -0.0109
vn -0.0593 0.9968 -0.0545
vn -0.1048 0.9935 0.0436
vn -0.1084 0.9940 0.0109
vn -0.1049 0.9945 -0.0000
vn -0.0484 0.9959 -0.0767
vn -0.0874 0.9961 0.0109
vn -0.0449 0.9980 -0.0439
vn -0.0623 0.9921 -0.1093
vn -0.0762 0.9885 -0.1309
vn -0.0584 0.9866 -0.1521
vn -0.0483 0.9940 -0.0984
vn -0.0826 0.9814 -0.1733
vn -0.0937 0.9870 -0.1309
vn -0.0943 0.9941 -0.0545
vn -0.1042 0.9859 -0.1309
vn -0.1256 0.9872 -0.0984
vn -0.1258 0.9891 -0.0767
vn -0.1118 0.9922 -0.0545
vn -0.1259 0.9920 -0.0000
vn -0.1400 0.9886 -0.0548
vn -0.1686 0.9847 -0.0442
vn -0.1332 0.9909 0.0219
vn -0.1470 0.9876 -0.0548
vn -0.1448 0.9700 -0.1954
vn -0.1245 0.9788 -0.1627
vn -0.0949 0.7318 -0.6749
vn -0.1099 0.9723 -0.2061
vn -0.0911 0.7242 -0.6836
vn -0.0839 0.9566 -0.2791
vn -0.0698 0.6969 -0.7137
vn -0.0697 0.9947 -0.0762
vn -0.0588 0.6765 -0.7341
vn -0.0868 0.9891 -0.1192
vn -0.0938 0.9883 -0.1201
vn -0.0906 0.9921 -0.0870
vn -0.0932 0.9822 -0.1628
vn -0.0822 0.9371 -0.3392
vn -0.0752 0.9760 -0.2046
vn -0.0624 0.9932 -0.0985
vn -0.0923 0.9719 -0.2165
vn -0.0864 0.9846 -0.1522
vn -0.0732 0.9944 -0.0762
vn -0.1079 0.9893 -0.0977
vn -0.2079 -0.0123 0.9781
vn 0.0244 0.0424 0.9988
vn -0.1953 -0.0178 0.9806
vn 0.0637 0.1419 0.9878
vn 0.0456 0.0971 0.9942
vn 0.0285 0.0834 0.9961
vn -0.0016 0.0454 0.9990
vn -0.0147 0.0215 0.9997
vn -0.2253 -0.0137 0.9742
vn 0.0669 0.0643 0.9957
vn 0.0362 0.0841 0.9958
vn 0.0412 0.0267 0.9988
vn -0.0096 -0.0066 0.9999
vn -0.2259 -0.0069 0.9741
vn -0.2069 0.0079 0.9783
vn 0.0096 -0.0219 0.9997
vn 0.0393 -0.0366 0.9986
vn -0.1825 0.0027 0.9832
vn 0.0722 -0.1044 0.9919
vn -0.1491 -0.0956 0.9842
vn 0.1065 -0.3492 0.9310
vn -0.1286 -0.3684 0.9207
vn 0.1069 -0.1213 0.9868
vn 0.1363 -0.3264 0.9354
vn 0.0921 -0.0859 0.9920
vn 0.0677 -0.0578 0.9960
vn 0.1390 -0.7245 0.6751
vn -0.1323 -0.7470 0.6515
vn 0.1812 -0.7127 0.6777
vn -0.0487 0.3842 0.9220
vn 0.0167 0.0996 0.9949
vn 0.0551 0.4693 0.8813
vn -0.1745 0.7387 0.6511
vn -0.1360 0.7821 0.6082
vn -0.0915 0.3453 0.9340
vn -0.1747 0.7171 0.6747
vn -0.0200 0.0784 0.9967
vn 0.0315 0.0201 0.9993
vn 0.0223 0.0365 0.9991
vn -0.0873 0.3322 0.9391
vn -0.1738 0.7089 0.6835
vn -0.0797 0.3385 0.9376
vn -0.0196 0.1303 0.9913
vn -0.0827 0.3435 0.9355
vn -0.1706 0.7094 0.6838
vn -0.0320 0.1529 0.9877
vn -0.1769 0.7084 0.6833
vn -0.0232 -0.0823 0.9963
vn -0.0192 -0.0998 0.9948
vn 0.0274 -0.1590 0.9869
vn 0.0540 -0.3836 0.9219
vn 0.0360 -0.1946 0.9802
vn 0.0410 -0.3317 0.9425
vn 0.0061 -0.2085 0.9780
vn 0.0030 -0.2032 0.9791
vn 0.0239 -0.3200 0.9471
vn 0.0126 -0.1659 0.9861
vn -0.0048 -0.2039 0.9790
vn -0.0250 0.0494 0.9985
vn -0.0184 0.0614 0.9979
vn -0.0276 0.0777 0.9966
vn 0.0057 -0.2343 0.9722
vn -0.0306 0.0831 0.9961
vn 0.0009 -0.2090 0.9779
vn -0.0252 0.1355 0.9905
vn 0.0258 -0.3411 0.9397
vn 0.0156 -0.2574 0.9662
vn -0.0332 0.0544 0.9980
vn 0.0098 -0.2210 0.9752
vn 0.0328 -0.3590 0.9328
vn 0.0194 -0.2701 0.9626
vn 0.0773 -0.8111 0.5797
vn 0.0199 -0.2755 0.9611
vn 0.0406 -0.3849 0.9221
vn 0.0426 -0.4063 0.9127
vn 0.0941 -0.7852 0.6120
vn 0.0730 -0.7995 0.5962
vn 0.0851 -0.7910 0.6059
vn 0.0790 -0.7619 0.6428
vn 0.1842 -0.7338 0.6539
vn 0.1736 -0.7306 0.6603
vn 0.0865 -0.3511 0.9323
vn 0.1724 -0.7259 0.6659
vn 0.0807 -0.3464 0.9346
vn 0.0864 -0.3511 0.9323
vn 0.1896 -0.7246 0.6626
vn 0.0179 -0.0843 0.9963
vn 0.0281 -0.0833 0.9961
vn 0.0088 -0.0965 0.9953
vn 0.0784 -0.3520 0.9327
vn 0.1758 -0.7220 0.6692
vn 0.0841 -0.3567 0.9304
vn 0.1819 -0.7424 0.6448
vn 0.0848 -0.3595 0.9293
vn 0.1788 -0.7430 0.6450
vn 0.2340 -0.7177 0.6558
vn 0.1230 -0.3170 0.9404
vn 0.3898 -0.6008 0.6979
vn 0.0124 -0.1075 0.9941
vn 0.0227 -0.1074 0.9940
vn 0.2420 -0.2068 0.9480
vn 0.0616 -0.0522 0.9967
vn 0.3963 0.3931 0.8297
vn 0.4436 0.2758 0.8527
vn 0.1607 0.1559 0.9746
vn 0.4006 0.3769 0.8351
vn 0.0266 -0.0949 0.9951
vn 0.0345 0.0433 0.9985
vn -0.0021 0.0226 0.9997
vn 0.1511 0.1540 0.9764
vn 0.0130 0.0525 0.9985
vn 0.1450 0.1462 0.9786
vn 0.4085 0.4013 0.8198
vn -0.0015 0.0170 0.9999
vn -0.0225 0.0496 0.9985
vn 0.0080 0.0235 0.9997
vn 0.1397 0.1323 0.9813
vn 0.4141 0.3721 0.8307
vn -0.0121 -0.0068 0.9999
vn 0.1345 0.1431 0.9805
vn -0.0068 0.0739 0.9972
vn -0.0167 -0.0129 0.9998
vn -0.0092 0.0447 0.9990
vn -0.0177 -0.0016 0.9998
vn 0.0106 0.0238 0.9997
vn -0.0081 0.0050 1.0000
vn -0.0132 0.0045 0.9999
vn 0.0192 0.0132 0.9997
vn 0.0122 -0.0502 0.9987
vn 0.0367 -0.0655 0.9972
vn 0.0197 0.0075 0.9998
vn 0.0259 0.0253 0.9993
vn 0.0331 0.0030 0.9994
vn 0.1492 0.1340 0.9797
vn 0.0413 -0.0307 0.9987
vn 0.1301 0.2141 0.9681
vn 0.3546 0.4781 0.8036
vn 0.2079 0.7451 0.6337
vn 0.0362 -0.0598 0.9976
vn 0.0127 -0.0274 0.9995
vn 0.0152 -0.0556 0.9983
vn -0.0015 -0.0115 0.9999
vn 0.0250 -0.0494 0.9985
vn 0.0168 -0.0441 0.9989
vn 0.0131 0.0240 0.9996
vn 0.0222 0.0077 0.9997
vn 0.0278 -0.1069 0.9939
vn 0.0152 0.0014 0.9999
vn 0.0166 -0.1250 0.9920
vn 0.0760 -0.3308 0.9406
vn -0.0065 -0.0405 0.9992
vn 0.0116 0.0125 0.9999
vn 0.0053 -0.1147 0.9934
vn -0.0182 0.0041 0.9998
vn 0.1878 -0.7081 0.6807
vn -0.0049 -0.0864 0.9963
vn 0.0693 -0.3181 0.9455
vn 0.1845 -0.6864 0.7034
vn 0.0706 -0.3047 0.9498
vn 0.1748 -0.6696 0.7219
vn 0.0781 -0.2985 0.9512
vn 0.1705 -0.6654 0.7268
vn 0.0001 -0.0570 0.9984
vn 0.0168 -0.0440 0.9989
vn 0.0898 -0.3051 0.9481
vn 0.0403 -0.0480 0.9980
vn 0.1697 -0.6791 0.7142
vn 0.0615 -0.0758 0.9952
vn 0.0988 -0.3337 0.9375
vn 0.1695 -0.7047 0.6890
vn 0.1048 -0.3654 0.9249
vn 0.1721 -0.7472 0.6419
vn 0.1781 -0.6912 0.7004
vn 0.0710 -0.2804 0.9572
vn 0.1642 -0.7139 0.6807
vn 0.1534 -0.7322 0.6636
vn 0.0714 -0.2859 0.9556
vn 0.1496 -0.7569 0.6362
vn 0.0737 -0.2802 0.9571
vn 0.1814 -0.6870 0.7036
vn -0.0066 0.0450 0.9990
vn 0.0759 -0.3042 0.9496
vn 0.1497 -0.7822 0.6048
vn 0.0024 0.0572 0.9984
vn 0.0797 -0.3384 0.9376
vn -0.0245 0.1007 0.9946
vn 0.0131 0.0529 0.9985
vn -0.0135 0.1196 0.9927
vn 0.1479 -0.7974 0.5850
vn 0.0279 0.0313 0.9991
vn 0.0808 -0.3734 0.9241
vn -0.0263 0.0090 0.9996
vn 0.0170 -0.2148 0.9765
vn 0.0255 -0.2510 0.9676
vn 0.0513 -0.4405 0.8963
vn 0.0308 -0.1951 0.9803
vn -0.0009 -0.0457 0.9990
vn -0.0623 0.1159 0.9913
vn 0.0593 -0.4651 0.8833
vn 0.0283 -0.2249 0.9740
vn 0.0625 -0.4696 0.8806
vn 0.0317 -0.1767 0.9838
vn 0.0279 -0.2194 0.9752
vn 0.0820 -0.7587 0.6463
vn 0.0282 -0.3382 0.9407
vn 0.0745 -0.7467 0.6610
vn 0.0682 -0.7473 0.6610
vn 0.0364 -0.3986 0.9164
vn 0.0255 -0.3678 0.9296
vn -0.0244 -0.0424 0.9988
vn -0.0610 -0.0113 0.9981
vn -0.0030 -0.0231 0.9997
vn -0.0524 0.0357 0.9980
vn -0.0372 0.0138 0.9992
vn -0.0497 -0.0219 0.9985
vn -0.0208 0.0323 0.9993
vn -0.0005 0.0057 1.0000
vn -0.0130 -0.0814 0.9966
vn 0.0051 -0.0281 0.9996
vn 0.0022 -0.0800 0.9968
vn 0.0304 -0.3327 0.9426
vn -0.0036 0.0111 0.9999
vn 0.0046 -0.0224 0.9997
vn 0.0338 -0.3403 0.9397
vn 0.0041 -0.0167 0.9999
vn 0.0369 -0.3454 0.9377
vn -0.0037 0.0685 0.9976
vn -0.0193 0.0438 0.9989
vn -0.0223 -0.0365 0.9991
vn -0.0273 -0.0082 0.9996
vn -0.0284 -0.0542 0.9981
vn -0.0478 -0.0101 0.9988
vn -0.0029 -0.0805 0.9968
vn -0.0080 -0.0520 0.9986
vn -0.0192 -0.0132 0.9997
vn -0.0534 0.0183 0.9984
vn -0.0621 0.0290 0.9976
vn 0.0016 -0.0454 0.9990
vn 0.0083 -0.0624 0.9980
vn -0.0544 0.0586 0.9968
vn -0.0418 0.0650 0.9970
vn -0.0301 0.0202 0.9993
vn -0.0215 0.0953 0.9952
vn -0.0387 0.0022 0.9992
vn -0.0140 0.1252 0.9920
vn 0.0057 -0.0626 0.9980
vn -0.0085 -0.0464 0.9989
vn 0.0057 -0.0621 0.9981
vn 0.0047 -0.0798 0.9968
vn -0.0443 0.0361 0.9984
vn -0.0255 0.0551 0.9982
vn 0.0078 -0.0852 0.9963
vn -0.0047 0.0798 0.9968
vn -0.0377 0.0195 0.9991
vn -0.0310 0.1417 0.9894
vn -0.0242 -0.0136 0.9996
vn -0.0153 0.0556 0.9983
vn -0.0024 -0.0572 0.9984
vn -0.0102 0.0560 0.9984
vn -0.0372 0.4068 0.9128
vn -0.0261 0.4378 0.8987
vn -0.0421 0.4012 0.9150
vn -0.0204 0.4686 0.8832
vn -0.0445 0.3979 0.9164
vn -0.0455 0.3793 0.9241
vn -0.0118 0.0735 0.9972
vn -0.0728 0.7625 0.6429
vn 0.0655 -0.0927 0.9935
vn -0.0086 -0.0179 0.9998
vn 0.0296 -0.0718 0.9970
vn 0.0243 -0.0149 0.9996
vn 0.0584 -0.0754 0.9954
vn 0.0594 -0.0818 0.9949
vn 0.0785 -0.0864 0.9932
vn 0.0565 -0.0238 0.9981
vn 0.0367 -0.0368 0.9986
vn 0.0590 -0.0524 0.9969
vn 0.0739 -0.0398 0.9965
vn -0.0010 0.0113 0.9999
vn 0.0248 -0.0205 0.9995
vn -0.0230 0.0553 0.9982
vn 0.0544 -0.0586 0.9968
vn 0.0633 -0.1226 0.9904
vn 0.0025 0.0002 1.0000
vn -0.0250 0.0779 0.9966
vn 0.0529 -0.1521 0.9869
vn 0.1085 -0.3953 0.9121
vn 0.0220 -0.0725 0.9971
vn -0.0205 0.0840 0.9963
vn 0.0461 -0.1641 0.9854
vn 0.1083 -0.4174 0.9022
vn 0.0440 -0.1699 0.9845
vn 0.1058 -0.4229 0.9000
vn 0.0389 -0.1705 0.9846
vn 0.1069 -0.4313 0.8959
vn 0.2085 -0.7278 0.6533
vn 0.0925 -0.3533 0.9309
vn 0.1954 -0.7117 0.6747
vn 0.0911 -0.3399 0.9360
vn 0.0252 -0.1355 0.9905
vn 0.0916 -0.3722 0.9236
vn 0.2217 -0.7651 0.6046
vn 0.0300 -0.1588 0.9869
vn 0.0291 -0.1770 0.9838
vn 0.0971 -0.3987 0.9119
vn -0.0116 -0.0699 0.9975
vn -0.0135 -0.0468 0.9988
vn 0.0007 -0.0916 0.9958
vn 0.0322 -0.1823 0.9827
vn 0.1056 -0.4178 0.9024
vn 0.0043 -0.1026 0.9947
vn 0.0368 -0.1762 0.9837
vn 0.0190 -0.0955 0.9952
vn 0.0200 -0.0784 0.9967
vn 0.0195 -0.0727 0.9972
vn 0.0106 -0.0047 0.9999
vn 0.0020 0.0059 1.0000
vn 0.0101 0.0294 0.9995
vn -0.0035 -0.0174 0.9998
vn 0.0075 0.0581 0.9983
vn -0.0073 0.0796 0.9968
vn 0.0294 0.0429 0.9986
vn 0.0152 0.0588 0.9982
vn -0.0045 -0.0635 0.9980
vn -0.0222 -0.0651 0.9976
vn -0.0176 -0.0875 0.9960
vn -0.0187 -0.0762 0.9969
vn -0.0065 -0.0694 0.9976
vn -0.0019 -0.0633 0.9980
vn -0.0202 -0.0592 0.9980
vn -0.0034 -0.0459 0.9989
vn 0.0343 -0.2316 0.9722
vn 0.0667 -0.4559 0.8875
vn 0.0710 -0.4420 0.8942
vn 0.0408 -0.2181 0.9751
vn 0.0737 -0.4417 0.8941
vn 0.0258 -0.2251 0.9740
vn 0.0243 -0.1536 0.9878
vn 0.0196 -0.1304 0.9913
vn 0.0776 -0.4227 0.9029
vn 0.0364 -0.1175 0.9924
vn 0.0835 -0.4002 0.9126
vn 0.0402 -0.1577 0.9867
vn 0.0352 -0.0770 0.9964
vn 0.0382 -0.0252 0.9990
vn 0.0233 0.0538 0.9983
vn 0.0223 0.0943 0.9953
vn 0.0337 -0.0314 0.9989
vn 0.0341 0.0782 0.9964
vn 0.0255 -0.0836 0.9962
vn 0.0174 -0.1070 0.9941
vn 0.0243 0.0710 0.9972
vn 0.0212 -0.0095 0.9997
vn 0.0311 -0.0603 0.9977
vn 0.0266 -0.0948 0.9951
vn 0.0213 0.0479 0.9986
vn 0.0336 0.0839 0.9959
vn 0.0184 -0.0899 0.9958
vn 0.0237 0.0193 0.9995
vn 0.0355 0.0606 0.9975
vn 0.0316 0.0780 0.9965
vn 0.0284 0.0543 0.9981
vn 0.0176 0.1461 0.9891
vn 0.0320 0.0431 0.9986
vn 0.0140 0.0985 0.9950
vn 0.0187 0.1644 0.9862
vn 0.0085 0.0464 0.9989
vn -0.0090 0.1550 0.9879
vn -0.0080 0.1438 0.9896
vn -0.0215 0.0669 0.9975
vn 0.0104 0.1988 0.9800
vn -0.0400 0.1284 0.9909
vn -0.0426 0.0998 0.9941
vn -0.0532 0.0996 0.9936
vn -0.0552 0.1223 0.9910
vn -0.0352 0.0770 0.9964
vn 0.0012 0.1853 0.9827
vn -0.0247 0.1299 0.9912
vn -0.0487 0.0821 0.9954
vn -0.0370 0.0946 0.9948
vn -0.0018 0.1320 0.9913
vn -0.0301 0.1881 0.9817
vn -0.0496 0.1750 0.9833
vn -0.0364 0.1175 0.9924
vn -0.0537 0.3517 0.9346
vn -0.0018 0.1613 0.9869
vn -0.0308 0.1951 0.9803
vn -0.0045 0.1919 0.9814
vn 0.0099 0.1749 0.9845
vn -0.0064 0.1553 0.9879
vn 0.1944 -0.7034 0.6837
vn 0.0873 -0.3322 0.9391
vn 0.1899 -0.6991 0.6893
vn 0.0836 -0.3246 0.9422
vn 0.0129 -0.0848 0.9963
vn 0.0176 -0.1079 0.9940
vn -0.0101 -0.0294 0.9995
vn -0.0381 -0.0322 0.9988
vn -0.0285 -0.0834 0.9961
vn -0.0526 -0.1101 0.9925
vn -0.0630 -0.1109 0.9918
vn -0.0449 -0.0734 0.9963
vn -0.0181 -0.0819 0.9965
vn -0.0680 -0.0528 0.9963
vn 0.0031 -0.0054 1.0000
vn -0.0840 -0.0968 0.9918
vn 0.0278 -0.0259 0.9993
vn -0.0242 -0.0710 0.9972
vn -0.0678 -0.0881 0.9938
vn -0.0825 -0.0783 0.9935
vn 0.0575 -0.0352 0.9977
vn 0.0296 -0.0433 0.9986
vn -0.0371 -0.1014 0.9942
vn -0.0502 -0.0162 0.9986
vn -0.0407 -0.0037 0.9992
vn 0.0452 -0.0710 0.9965
vn 0.0329 -0.1064 0.9938
vn 0.0438 -0.0017 0.9990
vn -0.0021 0.0511 0.9987
vn -0.0327 0.0487 0.9983
vn 0.0050 0.0290 0.9996
vn -0.0088 0.0965 0.9953
vn -0.0978 0.4017 0.9105
vn -0.0354 0.1062 0.9937
vn 0.0554 -0.0700 0.9960
vn 0.0591 -0.1344 0.9892
vn 0.0280 0.0026 0.9996
vn 0.0664 -0.1280 0.9895
vn 0.0477 -0.0707 0.9964
vn 0.0301 -0.0775 0.9965
vn -0.0017 0.1028 0.9947
vn 0.0105 0.1398 0.9901
vn 0.0064 0.0979 0.9952
vn -0.0188 0.0382 0.9991
vn -0.0387 0.1410 0.9893
vn -0.0045 0.1904 0.9817
vn 0.0017 0.2092 0.9779
vn -0.0265 0.1772 0.9838
vn -0.0549 0.3917 0.9184
vn -0.0023 0.1376 0.9905
vn -0.0165 0.1250 0.9920
vn -0.0458 0.3259 0.9443
vn -0.0144 0.1016 0.9947
vn -0.0313 0.1179 0.9925
vn 0.0055 0.0518 0.9986
vn -0.0296 0.0718 0.9970
vn -0.0108 0.0621 0.9980
vn 0.0121 0.0353 0.9993
vn -0.0394 0.1231 0.9916
vn -0.0076 0.0278 0.9996
vn -0.0403 0.1295 0.9908
vn -0.0565 0.3248 0.9441
vn -0.0694 0.3449 0.9361
vn -0.0450 0.3181 0.9470
vn -0.0286 0.0319 0.9991
vn -0.1055 0.6847 0.7212
vn -0.0464 0.1402 0.9890
vn 0.0132 -0.0330 0.9994
vn 0.0508 0.0104 0.9987
vn 0.0605 -0.0695 0.9957
vn 0.0553 0.0455 0.9974
vn 0.0706 0.0592 0.9957
vn 0.0464 0.1210 0.9916
vn 0.0295 0.1301 0.9911
vn 0.0463 0.0272 0.9986
vn 0.0270 0.1299 0.9912
vn 0.0228 0.1465 0.9889
vn 0.0238 0.1059 0.9941
vn 0.0081 -0.0335 0.9994
vn 0.0028 0.1380 0.9904
vn 0.0031 -0.0339 0.9994
vn -0.0000 -0.0000 1.0000
vn -0.0025 -0.0287 0.9996
vn -0.0413 0.0593 0.9974
vn -0.0273 -0.0656 0.9975
vn -0.0569 0.0006 0.9984
vn -0.0181 -0.0245 0.9995
vn 0.0755 -0.2988 0.9513
vn -0.0044 -0.0635 0.9980
vn 0.0796 -0.3117 0.9469
vn 0.1845 -0.6865 0.7034
vn 0.1855 -0.6949 0.6948
vn -0.0811 0.3518 0.9326
vn -0.1844 0.7121 0.6775
vn -0.0142 0.0443 0.9989
vn -0.1853 0.7203 0.6685
vn 0.0212 0.0765 0.9968
vn -0.0203 0.0266 0.9994
vn -0.0257 0.1128 0.9933
vn -0.0172 0.0212 0.9996
vn 0.0112 -0.0389 0.9992
vn -0.0187 -0.0188 0.9996
vn -0.0210 0.0897 0.9957
vn -0.0346 -0.0147 0.9993
vn -0.0954 0.3801 0.9200
vn -0.0169 0.0730 0.9972
vn 0.0011 -0.0398 0.9992
vn -0.0106 -0.0238 0.9997
vn 0.0177 -0.0269 0.9995
vn -0.0306 -0.0028 0.9995
vn 0.0316 -0.0086 0.9995
vn 0.0288 -0.0088 0.9995
vn -0.0071 -0.0064 1.0000
vn 0.0202 0.0304 0.9993
vn 0.0523 -0.0068 0.9986
vn 0.0433 -0.0247 0.9988
vn -0.0045 -0.0061 1.0000
vn -0.0346 -0.0146 0.9993
vn 0.0559 -0.0469 0.9973
vn -0.0258 -0.0540 0.9982
vn 0.0332 -0.0544 0.9980
vn -0.0141 -0.0412 0.9991
vn -0.0294 -0.0429 0.9986
vn -0.0042 0.0742 0.9972
vn 0.0382 0.0035 0.9993
vn -0.0057 0.0621 0.9981
vn -0.0261 0.0892 0.9957
vn 0.0285 -0.0031 0.9996
vn 0.0156 0.0242 0.9996
vn -0.0566 0.1926 0.9796
vn -0.0441 0.0882 0.9951
vn 0.0121 0.0068 0.9999
vn 0.0238 -0.0092 0.9997
vn -0.0471 0.1753 0.9834
vn -0.1283 0.4631 0.8770
vn -0.0482 0.0764 0.9959
vn -0.0122 0.0217 0.9997
vn -0.1309 0.4578 0.8794
vn 0.0286 -0.0319 0.9991
vn -0.0366 0.1468 0.9885
vn -0.0262 0.1184 0.9926
vn 0.0213 -0.0379 0.9991
vn -0.1297 0.4492 0.8840
vn -0.0190 0.0956 0.9952
vn -0.0733 0.3311 0.9407
vn -0.0441 0.1167 0.9922
vn -0.0900 0.4078 0.9086
vn -0.1647 0.7435 0.6482
vn -0.1674 0.7639 0.6233
vn -0.1297 0.7578 0.6394
vn -0.1470 0.7364 0.6604
vn -0.1863 0.7467 0.6386
vn -0.0943 0.3719 0.9235
vn -0.1939 0.7503 0.6320
vn 0.0630 -0.0641 0.9960
vn 0.0754 -0.0809 0.9939
vn 0.0382 -0.0539 0.9978
vn 0.0802 -0.0162 0.9967
vn 0.0681 -0.0925 0.9934
vn 0.0521 -0.1169 0.9918
vn 0.0174 -0.0787 0.9967
vn 0.0604 -0.3377 0.9393
vn 0.1003 -0.6936 0.7133
vn 0.0335 -0.3377 0.9407
vn 0.0713 -0.7132 0.6973
vn 0.0756 -0.7257 0.6838
vn 0.0364 -0.3401 0.9397
vn 0.0769 -0.7385 0.6699
vn 0.0342 -0.3456 0.9378
vn 0.0142 -0.0443 0.9989
vn 0.0071 -0.0222 0.9997
vn 0.0135 0.0468 0.9988
vn 0.0605 -0.0407 0.9973
vn 0.0646 0.0059 0.9979
vn 0.0362 -0.0024 0.9993
vn 0.0554 -0.0123 0.9984
vn 0.0539 -0.0240 0.9983
vn -0.0316 0.0086 0.9995
vn 0.0248 0.0080 0.9997
vn 0.0529 -0.0414 0.9977
vn 0.0362 -0.0312 0.9989
vn -0.0213 0.0094 0.9997
vn 0.0217 0.0134 0.9997
vn 0.0077 -0.0563 0.9984
vn 0.0352 -0.0484 0.9982
vn 0.0071 0.0063 1.0000
vn 0.0026 -0.0283 0.9996
vn 0.0139 -0.0676 0.9976
vn 0.0019 0.0633 0.9980
vn 0.0151 0.0873 0.9961
vn 0.0630 0.0173 0.9979
vn 0.0640 0.0408 0.9971
vn 0.0869 0.0316 0.9957
vn 0.0386 0.0265 0.9989
vn 0.0479 -0.0186 0.9987
vn -0.1897 0.7245 0.6626
vn -0.1005 0.3742 0.9219
vn -0.1995 0.7194 0.6654
vn -0.2076 0.7195 0.6627
vn -0.1080 0.3627 0.9256
vn -0.0159 0.0901 0.9958
vn -0.1084 0.3680 0.9235
vn -0.0423 0.1236 0.9914
vn -0.1043 0.3822 0.9182
vn -0.0380 0.1059 0.9936
vn -0.0137 0.0386 0.9992
vn -0.0306 0.0259 0.9992
vn -0.0281 0.0834 0.9961
vn -0.1154 0.4081 0.9056
vn -0.0183 0.0325 0.9993
vn -0.0258 0.0034 0.9997
vn -0.0220 0.0725 0.9971
vn -0.1205 0.4245 0.8974
vn -0.0408 0.0536 0.9977
vn 0.0015 0.0116 0.9999
vn -0.0111 -0.0181 0.9998
vn -0.0472 0.0650 0.9968
vn -0.0276 0.0491 0.9984
vn -0.0352 0.0484 0.9982
vn -0.0174 0.0786 0.9968
vn -0.0743 0.3928 0.9166
vn -0.1103 0.7267 0.6780
vn -0.1193 0.6961 0.7080
vn -0.1017 0.6767 0.7292
vn -0.1016 0.6767 0.7292
vn -0.0927 0.6814 0.7260
vn -0.0225 0.4599 0.8877
vn -0.0667 0.6972 0.7138
vn -0.0073 0.2526 0.9675
vn -0.0189 0.2074 0.9781
vn -0.0010 0.2717 0.9624
vn -0.0297 0.4158 0.9090
vn 0.0003 0.1095 0.9940
vn 0.0042 0.2721 0.9623
vn -0.0755 0.6618 0.7459
vn 0.0125 0.1456 0.9893
vn -0.0335 0.3671 0.9296
vn 0.0021 0.2349 0.9720
vn 0.0154 -0.0560 0.9983
vn 0.0219 0.1590 0.9870
vn 0.0026 -0.0567 0.9984
vn 0.0233 -0.0036 0.9997
vn -0.0060 -0.0177 0.9998
vn 0.0029 0.0516 0.9987
vn -0.0392 0.1466 0.9884
vn -0.0321 0.0430 0.9986
vn -0.0570 0.1403 0.9885
vn -0.0736 0.6411 0.7639
vn -0.0769 0.6447 0.7605
vn -0.0640 0.3723 0.9259
vn -0.0536 0.3785 0.9240
vn -0.0875 0.6605 0.7457
vn -0.0488 0.3575 0.9326
vn -0.0320 0.3805 0.9242
vn -0.0367 0.4017 0.9150
vn -0.0434 0.4145 0.9090
vn -0.0028 0.1443 0.9895
vn -0.0134 0.4171 0.9087
vn 0.0590 0.4025 0.9135
vn 0.0402 0.7838 0.6197
vn 0.0053 0.1688 0.9856
vn 0.0377 0.1251 0.9914
vn 0.0212 0.4043 0.9144
vn -0.1908 0.0866 0.9778
vn -0.1907 0.7509 0.6323
vn -0.0940 0.3667 0.9256
vn -0.0994 0.3661 0.9253
vn -0.2085 0.7495 0.6283
vn -0.0512 0.1636 0.9852
vn -0.0599 0.1698 0.9837
vn -0.0535 0.1873 0.9808
vn -0.1047 0.4145 0.9040
vn -0.0461 0.1109 0.9928
vn -0.0510 0.1876 0.9809
vn -0.0334 0.1121 0.9931
vn -0.0308 0.1123 0.9932
vn -0.0582 0.1812 0.9817
vn -0.0349 0.1005 0.9943
vn -0.0643 0.1878 0.9801
vn -0.1213 0.4503 0.8846
vn 0.0065 0.0405 0.9992
vn 0.0232 0.0249 0.9994
vn 0.0051 0.0005 1.0000
vn -0.0055 -0.0233 0.9997
vn -0.0198 0.0495 0.9986
vn -0.0258 0.0318 0.9992
vn -0.0070 -0.0349 0.9994
vn -0.0105 -0.0522 0.9986
vn -0.0296 0.0145 0.9995
vn -0.0492 0.0878 0.9949
vn -0.0341 0.0084 0.9994
vn -0.0428 0.1292 0.9907
vn -0.0393 0.0652 0.9971
vn -0.0981 0.3798 0.9199
vn -0.1033 0.4011 0.9102
vn -0.9784 0.1506 0.1419
vn -0.8273 -0.5547 0.0882
vn -0.8735 -0.4736 0.1132
vn -0.7994 -0.1910 -0.5697
vn -0.8325 -0.1678 -0.5280
vn -0.7360 -0.1359 -0.6632
vn -0.9767 0.0998 -0.1897
vn -0.8476 -0.5302 -0.0223
vn -0.9382 -0.0189 -0.3456
vn -0.9945 0.1017 0.0241
vn -0.8699 -0.2230 -0.4400
vn -0.9499 -0.0698 -0.3048
vn -0.8278 -0.2758 -0.4886
vn -0.8182 -0.0450 -0.5732
vn -0.9757 -0.1065 -0.1918
vn -0.9973 0.0142 -0.0726
vn -0.8068 -0.5904 0.0216
vn -0.9375 -0.2562 -0.2356
vn -0.9794 -0.1772 0.0969
vn -0.9925 -0.0205 0.1209
vn -0.7939 -0.6019 0.0859
vn -0.9647 -0.2623 0.0240
vn -0.9736 -0.1938 0.1206
vn -0.9953 -0.0031 0.0969
vn -0.8118 -0.5774 0.0869
vn -0.9525 -0.2957 0.0720
vn -0.9593 -0.2433 -0.1433
vn -0.9984 -0.0558 -0.0000
vn -0.8196 -0.5662 0.0875
vn -0.9731 -0.2290 -0.0241
vn -0.9734 -0.2291 -0.0000
vn -0.9870 -0.1607 -0.0000
vn -0.8287 -0.5557 0.0663
vn -0.9814 -0.1776 0.0728
vn -0.8393 -0.5418 0.0443
vn -0.9899 -0.0729 0.1213
vn -0.9705 -0.1930 0.1442
vn -0.9959 -0.0909 0.0001
vn -0.8100 -0.5763 0.1083
vn -0.7477 -0.5399 0.3866
vn -0.9919 -0.0380 -0.1210
vn -0.6941 -0.3175 0.6461
vn -0.9990 -0.0382 -0.0244
vn -0.7333 -0.0805 0.6751
vn -0.9847 -0.1251 0.1212
vn -0.9926 -0.0730 0.0972
vn -0.9952 0.0143 0.0967
vn -0.8089 0.0288 0.5872
vn -0.9700 -0.0543 0.2371
vn -0.9906 0.0657 0.1198
vn -0.8493 0.0294 0.5271
vn -0.8774 -0.0329 0.4786
vn -0.9792 -0.1419 0.1447
vn -0.9149 0.0299 0.4026
vn -0.9986 -0.0207 0.0486
vn -0.9648 -0.2447 0.0961
vn -0.8393 -0.1227 0.5296
vn -0.8696 0.0294 0.4928
vn -0.9279 -0.0682 0.3664
vn -0.9873 -0.1254 0.0972
vn -0.8543 -0.2508 0.4552
vn -0.9107 -0.1488 0.3853
vn -0.9900 -0.0729 0.1212
vn -0.9858 -0.1605 -0.0487
vn -0.9917 -0.1259 -0.0243
vn -0.9847 -0.1250 0.1211
vn -0.9973 -0.0557 0.0487
vn -0.9837 -0.1780 -0.0243
vn -0.9723 -0.2288 0.0483
vn -0.9429 -0.0691 0.3258
vn -0.9417 -0.2925 -0.1662
vn -0.9628 -0.1916 0.1908
vn -0.9635 -0.2092 -0.1673
vn -0.9553 -0.1388 0.2611
vn -0.9581 -0.1216 -0.2593
vn -0.9291 -0.0517 -0.3663
vn -0.9701 -0.1755 0.1679
vn -0.9158 -0.2674 0.2997
vn -0.7682 0.0420 -0.6388
vn -0.7707 0.0275 -0.6366
vn -0.8589 -0.0320 -0.5111
vn -0.7401 0.0405 -0.6713
vn -0.9332 -0.1527 -0.3253
vn -0.8596 -0.0168 -0.5108
vn -0.7794 -0.0003 -0.6265
vn -0.9378 -0.3262 -0.1187
vn -0.9867 -0.1607 -0.0244
vn -0.8300 0.0582 -0.5547
vn -0.8866 -0.1292 -0.4441
vn -0.9642 0.2652 -0.0001
vn -0.9068 0.3927 -0.1531
vn -0.8872 0.0611 -0.4574
vn -0.8208 0.5483 -0.1602
vn -0.9839 0.0652 -0.1665
vn -0.9723 0.1662 -0.1643
vn -0.7513 0.6577 -0.0557
vn -0.9333 -0.1525 0.3251
vn -0.9052 0.0305 0.4238
vn -0.9504 0.0807 0.3003
vn -0.7363 0.6745 0.0549
vn -0.9648 -0.2447 0.0960
vn -0.9309 0.0304 0.3641
vn -0.9850 -0.1427 0.0971
vn -0.8296 0.0728 0.5536
vn -0.9723 0.1663 0.1643
vn -0.9659 -0.1748 0.1910
vn -0.9753 0.2000 0.0939
vn -0.8982 -0.2789 0.3397
vn -0.8333 -0.0912 0.5452
vn -0.7858 0.5814 0.2110
vn -0.9356 0.1939 0.2950
vn -0.8905 -0.1623 0.4251
vn -0.8796 0.4139 0.2345
vn -0.9536 0.2785 0.1147
vn -0.9499 0.3092 0.0456
vn -0.9678 0.2336 0.0935
vn -0.9647 -0.2624 -0.0241
vn -0.9341 0.3541 0.0449
vn -0.8962 0.3248 0.3023
vn -0.8944 -0.3130 -0.3194
vn -0.8699 0.1523 0.4691
vn -0.9824 0.0833 -0.1673
vn -0.8207 0.0284 0.5707
vn -0.7750 -0.0707 0.6280
vn -0.9884 0.0485 0.1437
vn -0.7739 -0.1567 0.6136
vn -0.9563 0.1799 0.2304
vn -0.9285 -0.2883 0.2341
vn -0.8970 -0.2802 0.3420
vn -0.8766 0.3794 -0.2960
vn -0.7617 0.1517 -0.6300
vn -0.8842 -0.3431 0.3169
vn -0.9380 0.3399 0.0677
vn -0.8504 -0.2977 0.4338
vn -0.8047 -0.0882 -0.5871
vn -0.9184 -0.3023 0.2551
vn -0.8387 -0.2318 0.4927
vn -0.9131 -0.1824 -0.3646
vn -0.9761 -0.2120 0.0484
vn -0.8500 -0.1863 0.4928
vn -0.9737 -0.1761 -0.1443
vn -0.9897 -0.1435 0.0001
vn -0.9709 -0.1060 -0.2148
vn -0.8779 -0.1280 0.4615
vn -0.9998 -0.0208 0.0001
vn -0.9104 -0.0832 -0.4052
vn -0.8965 -0.0015 0.4431
vn -0.9845 0.1007 -0.1433
vn -0.7284 -0.0262 -0.6847
vn -0.9020 -0.0824 -0.4237
vn -0.8785 0.1539 0.4522
vn -0.9098 0.1102 -0.4001
vn -0.8804 0.2448 0.4062
vn -0.7869 -0.0431 -0.6156
vn -0.9894 0.0141 -0.1442
vn -0.9342 0.1617 0.3181
vn -0.7230 -0.3163 -0.6142
vn -0.9535 0.1955 0.2294
vn -0.9652 0.0315 0.2596
vn -0.7722 -0.5533 -0.3125
vn -0.9004 0.1867 0.3930
vn -0.9279 0.0949 0.3606
vn -0.8206 0.0284 0.5708
vn -0.7749 -0.0709 0.6281
vn -0.2080 -0.0123 0.9781
vn -0.7738 -0.1567 0.6137
vn -0.8392 -0.1226 0.5298
vn -0.8773 -0.0327 0.4788
vn -0.8491 0.0294 0.5273
vn -0.8088 0.0288 0.5874
vn -0.7332 -0.0806 0.6752
vn -0.1492 -0.0956 0.9842
vn -0.6940 -0.3175 0.6462
vn -0.1287 -0.3684 0.9207
vn -0.7475 -0.5401 0.3866
vn -0.1323 -0.7471 0.6514
vn -0.1567 -0.9610 0.2278
vn -0.8100 -0.5763 0.1084
vn -0.1745 -0.9840 0.0371
vn -0.8393 -0.5419 0.0442
vn -0.1684 -0.9854 0.0246
vn -0.8285 -0.5560 0.0663
vn -0.1587 -0.9866 0.0366
vn -0.8118 -0.5775 0.0868
vn -0.1491 -0.9882 0.0364
vn -0.1527 -0.9871 0.0484
vn -0.7938 -0.6020 0.0860
vn -0.1682 -0.9839 0.0613
vn -0.8067 -0.5906 0.0217
vn -0.1843 -0.9816 0.0498
vn -0.1945 -0.9806 0.0251
vn -0.8733 -0.4737 0.1132
vn -0.8272 -0.5549 0.0882
vn -0.1679 -0.9687 -0.1827
vn -0.7720 -0.5535 -0.3124
vn -0.1329 -0.7745 -0.6184
vn -0.1273 -0.4063 -0.9048
vn -0.7720 -0.5534 -0.3125
vn -0.7229 -0.3164 -0.6143
vn -0.1594 -0.1433 -0.9768
vn -0.7868 -0.0431 -0.6157
vn -0.2096 -0.0461 -0.9767
vn -0.2787 -0.0254 -0.9600
vn -0.9897 -0.1434 -0.0001
vn -0.2674 -0.0244 -0.9633
vn -0.9998 -0.0207 -0.0001
vn -0.2557 -0.0305 -0.9663
vn -0.9737 -0.1761 -0.1446
vn -0.9845 0.1006 -0.1436
vn -0.2338 -0.0076 -0.9723
vn -0.9130 -0.1825 -0.3648
vn -0.9097 0.1103 -0.4003
vn -0.1925 0.0020 -0.9813
vn -0.8046 -0.0882 -0.5872
vn -0.1659 0.0918 -0.9819
vn -0.7616 0.1517 -0.6301
vn -0.8765 0.3796 -0.2961
vn -0.2715 0.7235 -0.6347
vn -0.3490 0.9165 -0.1957
vn -0.9380 0.3401 0.0677
vn -0.3630 0.9314 0.0249
vn -0.9641 0.2654 -0.0000
vn -0.3250 0.9429 0.0725
vn -0.9068 0.3928 -0.1531
vn -0.2596 0.9623 0.0807
vn -0.8207 0.5485 -0.1600
vn -0.7859 0.5813 0.2110
vn -0.2387 0.9645 -0.1134
vn -0.8796 0.4139 0.2344
vn -0.3059 0.9460 -0.1070
vn -0.9499 0.3094 0.0455
vn -0.3384 0.9403 -0.0366
vn -0.9341 0.3542 0.0449
vn -0.2771 0.7500 0.6006
vn -0.8698 0.1523 0.4693
vn -0.2214 0.3775 0.8992
vn 0.4504 -0.8927 0.0136
vn 0.4702 -0.8798 -0.0692
vn 0.3188 -0.9430 -0.0959
vn 0.5057 -0.8584 -0.0861
vn 0.3059 -0.9460 -0.1071
vn 0.2984 -0.9533 -0.0475
vn 0.5377 -0.8426 -0.0297
vn 0.5456 -0.8379 0.0150
vn 0.3059 -0.9520 -0.0118
vn 0.5455 -0.8376 0.0299
vn 0.3147 -0.9489 0.0239
vn 0.5456 -0.8379 0.0149
vn 0.2520 -0.9677 -0.0115
vn 0.3112 -0.9501 0.0239
vn 0.5272 -0.8171 0.2331
vn 0.2980 -0.9335 0.1995
vn 0.2553 -0.9658 0.0459
vn 0.2341 -0.7178 0.6558
vn 0.2364 -0.9706 -0.0456
vn 0.2352 -0.9457 0.2244
vn 0.2501 -0.9601 -0.1255
vn 0.1992 -0.7624 -0.6156
vn 0.2462 -0.9595 -0.1367
vn 0.1992 -0.7625 -0.6156
vn 0.2429 -0.9668 -0.0796
vn 0.2433 -0.9683 -0.0569
vn 0.2458 -0.9580 -0.1478
vn 0.2439 -0.9655 -0.0917
vn 0.2418 -0.9572 -0.1590
vn 0.1947 -0.7582 -0.6222
vn 0.2261 -0.9333 -0.2790
vn 0.2236 -0.9432 -0.2458
vn 0.2291 -0.9255 -0.3015
vn 0.2414 -0.9554 -0.1701
vn 0.1939 -0.7504 -0.6319
vn 0.2439 -0.9655 -0.0916
vn 0.2376 -0.9299 -0.2807
vn 0.1927 -0.7455 -0.6380
vn 0.2426 -0.9659 -0.0909
vn 0.2460 -0.9339 -0.2595
vn 0.2369 -0.9524 -0.1921
vn 0.1895 -0.7461 -0.6383
vn 0.2433 -0.9433 -0.2259
vn 0.2364 -0.9502 -0.2029
vn 0.1863 -0.7467 -0.6385
vn 0.2431 -0.9676 -0.0683
vn 0.2446 -0.9478 -0.2045
vn 0.2329 -0.9511 -0.2030
vn 0.1886 -0.7381 -0.6478
vn 0.2436 -0.9693 -0.0342
vn 0.2536 -0.9540 -0.1600
vn 0.1878 -0.7300 -0.6571
vn 0.2485 -0.9686 -0.0000
vn 0.2588 -0.9591 -0.1149
vn 0.2352 -0.9457 -0.2244
vn 0.1834 -0.7258 -0.6631
vn 0.2435 -0.9688 0.0456
vn 0.2364 -0.9450 -0.2261
vn 0.1738 -0.7090 -0.6835
vn 0.2394 -0.9676 0.0797
vn 0.2289 -0.9546 -0.1908
vn 0.1707 -0.6876 -0.7058
vn 0.2552 -0.9600 0.1150
vn 0.2223 -0.9582 -0.1801
vn 0.1687 -0.6706 -0.7223
vn 0.2454 -0.9563 0.1589
vn 0.2249 -0.9533 -0.2017
vn 0.1654 -0.6749 -0.7191
vn 0.2147 -0.9621 0.1680
vn 0.2049 -0.9723 0.1121
vn 0.2399 -0.9441 -0.2260
vn 0.1769 -0.6865 -0.7053
vn 0.2399 -0.9697 0.0456
vn 0.2474 -0.9392 -0.2382
vn 0.1800 -0.7079 -0.6830
vn 0.2402 -0.9707 -0.0114
vn 0.1768 -0.7302 -0.6600
vn 0.2681 -0.9409 -0.2068
vn 0.2340 -0.7177 -0.6558
vn 0.2556 -0.9667 -0.0115
vn 0.3198 -0.9398 -0.1205
vn 0.3917 -0.6112 -0.6878
vn 0.3249 -0.9429 0.0726
vn 0.5051 -0.8485 -0.1580
vn 0.4733 -0.8770 0.0829
vn 0.3320 -0.9338 0.1331
vn -0.1323 -0.7471 0.6515
vn 0.1503 -0.9537 0.2606
vn 0.1812 -0.7127 0.6776
vn 0.1436 -0.9887 0.0439
vn 0.2084 -0.9501 0.2322
vn 0.1437 -0.9896 0.0110
vn -0.1685 -0.9854 0.0246
vn 0.2131 -0.9760 0.0450
vn 0.1507 -0.9885 -0.0110
vn -0.1587 -0.9867 0.0366
vn 0.2203 -0.9754 -0.0000
vn 0.1507 -0.9885 0.0110
vn 0.1617 -0.9866 0.0221
vn 0.1617 -0.9866 -0.0221
vn 0.2167 -0.9757 -0.0338
vn 0.1542 -0.9878 0.0219
vn -0.1490 -0.9882 0.0364
vn 0.2087 -0.9774 0.0335
vn 0.1539 -0.9859 0.0657
vn 0.1185 -0.9869 0.1093
vn 0.1291 -0.9867 0.0984
vn -0.1682 -0.9838 0.0613
vn 0.1816 -0.9729 0.1432
vn 0.1558 -0.9723 0.1743
vn 0.1082 -0.9920 0.0653
vn 0.1651 -0.9857 0.0332
vn 0.1028 -0.9734 0.2046
vn 0.1322 -0.9839 0.1201
vn 0.1965 -0.9714 -0.1333
vn 0.1615 -0.9853 -0.0552
vn 0.1111 -0.9852 0.1308
vn 0.1896 -0.9728 -0.1333
vn 0.1805 -0.9634 -0.1982
vn 0.2068 -0.9640 -0.1668
vn 0.1153 -0.9924 -0.0436
vn 0.2127 -0.9275 -0.3075
vn 0.1540 -0.9866 -0.0548
vn 0.1493 -0.7279 -0.6692
vn -0.1679 -0.9687 -0.1828
vn -0.1329 -0.7746 -0.6184
vn 0.1392 -0.9496 -0.2808
vn 0.1844 -0.7122 -0.6774
vn 0.1676 -0.9509 -0.2602
vn 0.0942 -0.7238 -0.6835
vn 0.0663 -0.7602 -0.6463
vn 0.1146 -0.9848 -0.1308
vn 0.0645 -0.7758 -0.6277
vn 0.0977 -0.9923 -0.0762
vn 0.0617 -0.7808 -0.6217
vn 0.1152 -0.9912 0.0653
vn 0.0837 -0.9936 -0.0762
vn 0.0649 -0.7806 -0.6217
vn 0.1462 -0.9820 -0.1199
vn 0.0867 -0.9876 0.1309
vn 0.0836 -0.9917 -0.0977
vn 0.0719 -0.7875 -0.6121
vn 0.0903 -0.9886 -0.1201
vn 0.0762 -0.9885 0.1308
vn 0.1049 -0.9944 -0.0109
vn 0.1673 -0.9771 -0.1315
vn 0.0902 -0.9873 -0.1309
vn 0.0712 -0.7800 -0.6217
vn 0.0903 -0.9888 0.1192
vn 0.0768 -0.9956 0.0545
vn 0.1293 -0.9886 -0.0767
vn 0.0941 -0.9918 0.0870
vn 0.0874 -0.9959 -0.0218
vn 0.0744 -0.7797 -0.6217
vn 0.0899 -0.9843 -0.1522
vn 0.0870 -0.9914 0.0977
vn 0.0803 -0.9953 0.0545
vn 0.0804 -0.9967 0.0109
vn 0.0837 -0.9936 0.0762
vn 0.0664 -0.9977 0.0109
vn 0.0699 -0.9970 -0.0327
vn 0.0804 -0.9965 -0.0218
vn 0.0874 -0.9962 -0.0000
vn 0.0838 -0.9950 -0.0545
vn 0.0766 -0.9933 -0.0870
vn 0.0839 -0.9959 0.0327
vn 0.0664 -0.9976 -0.0218
vn 0.0944 -0.9955 -0.0000
vn 0.0661 -0.9940 0.0870
vn 0.1506 -0.9880 0.0329
vn 0.0804 -0.9958 0.0436
vn 0.0732 -0.9944 0.0762
vn 0.1651 -0.9857 0.0331
vn 0.1461 -0.9820 0.1199
vn 0.1523 -0.9729 0.1742
vn 0.0929 -0.9786 0.1838
vn 0.1114 -0.9890 0.0977
vn 0.1324 -0.9852 0.1093
vn 0.1085 -0.9941 -0.0000
vn 0.0697 -0.9947 -0.0762
vn 0.1188 -0.9914 -0.0545
vn 0.1114 -0.9890 -0.0977
vn 0.0795 -0.9867 -0.1415
vn 0.0798 -0.9896 -0.1201
vn 0.1084 -0.9939 -0.0218
vn 0.1014 -0.9939 -0.0436
vn 0.0874 -0.9961 -0.0109
vn 0.0979 -0.9942 0.0436
vn 0.1187 -0.9908 0.0653
vn 0.0977 -0.9553 0.2791
vn 0.1022 -0.9661 0.2370
vn 0.1048 -0.9930 -0.0544
vn 0.1154 -0.9928 0.0327
vn 0.0839 -0.9955 -0.0436
vn 0.1189 -0.9929 -0.0000
vn 0.1084 -0.9936 -0.0327
vn 0.1119 -0.9937 -0.0109
vn 0.1189 -0.9928 0.0109
vn 0.1015 -0.9948 -0.0109
vn 0.1078 -0.9869 0.1201
vn 0.1113 -0.9865 0.1201
vn 0.1112 -0.9852 0.1309
vn 0.1046 -0.9907 0.0870
vn 0.0975 -0.9904 0.0977
vn 0.1168 -0.9715 0.2061
vn 0.1000 -0.9798 0.1733
vn 0.1008 -0.9876 0.1201
vn 0.1108 -0.9821 0.1522
vn 0.0769 -0.9970 -0.0109
vn 0.0979 -0.9952 -0.0000
vn 0.1243 -0.9748 0.1851
vn 0.1048 -0.9930 0.0545
vn 0.1180 -0.9829 0.1415
vn 0.1014 -0.9948 0.0109
vn 0.1100 -0.9748 0.1942
vn 0.1073 -0.9825 0.1522
vn 0.0975 -0.9904 -0.0978
vn 0.0801 -0.9930 -0.0870
vn 0.0905 -0.9911 0.0978
vn 0.0799 -0.9909 -0.1085
vn 0.0833 -0.9892 -0.1203
vn 0.0802 -0.9939 -0.0762
vn 0.0909 -0.9958 0.0109
vn 0.1070 -0.9791 0.1732
vn 0.1118 -0.9928 0.0435
vn 0.1011 -0.9911 0.0870
vn 0.1153 -0.9918 0.0545
vn 0.0730 -0.7996 0.5961
vn 0.0406 -0.3850 0.9220
vn 0.0328 -0.3591 0.9327
vn 0.0773 -0.8112 0.5796
vn 0.0969 -0.9836 0.1522
vn 0.0686 -0.9806 0.1838
vn 0.0941 -0.7853 0.6120
vn 0.1275 -0.9724 0.1956
vn 0.0851 -0.7910 0.6058
vn 0.1091 -0.9654 0.2369
vn 0.0790 -0.7620 0.6428
vn 0.0540 -0.3837 0.9219
vn 0.0701 -0.7676 0.6371
vn 0.0800 -0.7715 0.6312
vn 0.0845 -0.9627 0.2572
vn 0.1251 -0.9835 0.1308
vn -0.1329 -0.7746 -0.6183
vn 0.2719 -0.9598 -0.0697
vn 0.2814 -0.9414 -0.1857
vn 0.2925 -0.9527 -0.0823
vn 0.2481 -0.9670 0.0574
vn 0.2603 -0.9649 -0.0347
vn 0.2624 -0.9532 -0.1499
vn 0.2079 -0.9689 0.1341
vn 0.2045 -0.9748 0.0892
vn 0.2808 -0.9394 -0.1968
vn 0.2556 -0.9668 -0.0000
vn 0.2305 -0.9665 0.1126
vn 0.2807 -0.9394 -0.1969
vn 0.2795 -0.9481 -0.1519
vn 0.2433 -0.9683 0.0570
vn 0.2886 -0.9343 -0.2093
vn 0.2309 -0.9634 0.1359
vn 0.2596 -0.9623 0.0808
vn 0.2318 -0.9722 0.0340
vn 0.2759 -0.9605 -0.0349
vn 0.2261 -0.9333 0.2790
vn 0.2629 -0.9604 -0.0921
vn 0.2392 -0.9417 0.2367
vn 0.2892 -0.9547 -0.0706
vn 0.2814 -0.9415 -0.1857
vn 0.2725 -0.9619 -0.0233
vn 0.2709 -0.9507 0.1509
vn 0.2832 -0.9533 -0.1049
vn 0.2871 -0.9476 -0.1402
vn 0.2917 -0.9442 -0.1528
vn 0.2724 -0.9616 0.0349
vn 0.2504 -0.9614 0.1142
vn 0.2847 -0.9585 0.0117
vn 0.2351 -0.9653 0.1135
vn 0.2892 -0.9547 0.0706
vn 0.2669 -0.9612 0.0692
vn 0.2303 -0.9354 0.2685
vn 0.2605 -0.9405 0.2180
vn 0.2930 -0.9543 0.0589
vn 0.2934 -0.9557 0.0236
vn 0.2433 -0.9433 0.2259
vn 0.1843 -0.7339 0.6538
vn 0.1897 -0.7246 0.6625
vn 0.1736 -0.7307 0.6602
vn 0.1724 -0.7259 0.6658
vn 0.1759 -0.7221 0.6691
vn 0.2410 -0.9487 0.2044
vn 0.2515 -0.9654 -0.0688
vn 0.2166 -0.9752 -0.0451
vn 0.1842 -0.7339 0.6538
vn 0.2357 -0.9425 0.2368
vn 0.2319 -0.9725 0.0227
vn 0.1820 -0.7425 0.6447
vn 0.1788 -0.7430 0.6449
vn 0.1878 -0.7081 0.6806
vn 0.2708 -0.9256 0.2646
vn 0.1846 -0.6865 0.7033
vn 0.2977 -0.9510 0.0829
vn 0.2628 -0.9113 0.3171
vn 0.2690 -0.9631 -0.0002
vn 0.2640 -0.9589 0.1043
vn 0.2372 -0.9040 0.3556
vn 0.2232 -0.9669 0.1239
vn 0.1748 -0.6696 0.7218
vn 0.2113 -0.9120 0.3516
vn 0.1706 -0.6654 0.7267
vn 0.1697 -0.6791 0.7141
vn 0.2017 -0.9265 0.3178
vn 0.1695 -0.7047 0.6889
vn 0.2038 -0.9714 0.1222
vn 0.2366 -0.9713 0.0228
vn 0.2159 -0.9723 0.0898
vn 0.2725 -0.9619 0.0233
vn 0.2114 -0.9682 0.1340
vn 0.1988 -0.9343 0.2958
vn 0.2565 -0.9648 0.0578
vn 0.2811 -0.9594 0.0234
vn 0.2689 -0.9629 0.0233
vn 0.2847 -0.9586 -0.0000
vn 0.2879 -0.9505 -0.1172
vn 0.2757 -0.9541 -0.1165
vn 0.2778 -0.9425 -0.1859
vn 0.2676 -0.9635 -0.0000
vn 0.2703 -0.9544 -0.1270
vn 0.2646 -0.9419 -0.2069
vn 0.2683 -0.9608 -0.0697
vn 0.2640 -0.9396 -0.2178
vn 0.2596 -0.9623 0.0807
vn 0.2574 -0.9487 0.1835
vn 0.2104 -0.9590 0.1897
vn 0.1879 -0.9642 0.1872
vn 0.1844 -0.9648 0.1873
vn 0.1673 -0.9771 0.1315
vn 0.2041 -0.9681 0.1451
vn 0.1853 -0.9737 0.1323
vn 0.2308 -0.9677 0.1015
vn 0.2200 -0.9739 0.0562
vn 0.2637 -0.9635 0.0462
vn 0.2812 -0.9596 -0.0117
vn 0.3290 -0.9431 -0.0484
vn 0.3494 -0.9349 0.0618
vn 0.3292 -0.9436 0.0363
vn 0.0438 -0.4196 -0.9066
vn 0.0851 -0.7910 -0.6059
vn 0.0819 -0.7913 -0.6059
vn 0.0501 -0.4274 -0.9027
vn 0.0985 -0.7969 -0.5960
vn 0.0610 -0.4263 -0.9025
vn 0.1151 -0.7998 -0.5892
vn 0.0619 -0.4346 -0.8985
vn 0.1189 -0.8040 -0.5826
vn 0.0604 -0.4481 -0.8919
vn 0.0929 -0.9786 -0.1838
vn 0.0776 -0.7794 -0.6217
vn 0.0807 -0.7791 -0.6217
vn 0.0992 -0.9712 -0.2165
vn 0.0814 -0.7866 -0.6121
vn 0.1061 -0.9705 -0.2165
vn 0.1064 -0.9727 -0.2061
vn 0.1119 -0.9932 0.0327
vn 0.1065 -0.9752 -0.1942
vn 0.0985 -0.7970 -0.5959
vn 0.1208 -0.9753 -0.1852
vn 0.1151 -0.7998 -0.5891
vn 0.1379 -0.9710 -0.1955
vn 0.1190 -0.8041 -0.5825
vn 0.1153 -0.9924 0.0436
vn 0.1376 -0.9689 -0.2059
vn 0.1235 -0.8155 -0.5655
vn 0.1294 -0.9914 -0.0218
vn 0.1435 -0.9579 -0.2486
vn 0.1196 -0.8392 -0.5305
vn 0.1328 -0.9882 -0.0767
vn 0.1426 -0.9491 -0.2807
vn 0.1071 -0.8474 -0.5201
vn 0.1286 -0.9830 -0.1308
vn 0.1118 -0.9928 0.0436
vn 0.1293 -0.9911 0.0327
vn 0.1224 -0.9581 -0.2589
vn 0.1254 -0.8338 -0.5376
vn 0.1307 -0.9698 -0.2060
vn 0.1188 -0.9914 0.0545
vn 0.1477 -0.9624 -0.2281
vn 0.1509 -0.8210 -0.5506
vn 0.1338 -0.9671 -0.2164
vn 0.1805 -0.9634 -0.1979
vn 0.1477 -0.8215 -0.5507
vn 0.1595 -0.9695 -0.1862
vn 0.1332 -0.9908 0.0219
vn 0.1695 -0.9657 -0.1966
vn 0.1371 -0.8183 -0.5581
vn 0.1809 -0.9655 -0.1873
vn 0.1576 -0.9870 -0.0330
vn 0.1588 -0.9653 -0.2072
vn 0.1520 -0.8017 -0.5780
vn 0.1702 -0.9697 -0.1755
vn 0.1752 -0.9815 -0.0771
vn 0.2542 -0.9312 -0.2612
vn 0.2502 -0.9357 -0.2488
vn 0.2584 -0.9578 -0.1263
vn 0.2597 -0.9623 0.0807
vn 0.2552 -0.9652 0.0572
vn 0.2544 -0.9374 -0.2379
vn 0.2549 -0.9587 -0.1264
vn 0.2633 -0.9563 -0.1272
vn 0.2430 -0.9619 0.1255
vn 0.2404 -0.9515 0.1919
vn 0.2427 -0.9408 0.2366
vn 0.2228 -0.9655 0.1350
vn 0.2432 -0.9374 0.2491
vn 0.2374 -0.9544 0.1811
vn 0.2227 -0.9601 0.1691
vn 0.2460 -0.9339 0.2595
vn 0.2599 -0.9632 0.0693
vn 0.2329 -0.9511 0.2030
vn 0.2065 -0.9320 0.2978
vn 0.2399 -0.9441 0.2260
vn 0.2569 -0.9275 0.2715
vn 0.2484 -0.9684 0.0230
vn 0.2576 -0.9303 0.2611
vn 0.2284 -0.9736 -0.0000
vn 0.2509 -0.9383 0.2381
vn 0.2667 -0.9303 0.2520
vn 0.2364 -0.9502 0.2029
vn 0.2167 -0.9757 0.0338
vn 0.2474 -0.9392 0.2383
vn 0.2681 -0.9409 0.2068
vn 0.2197 -0.9677 0.1239
vn 0.2246 -0.9728 0.0567
vn 0.2667 -0.9302 0.2521
vn 0.2202 -0.9701 0.1017
vn 0.2366 -0.9713 0.0229
vn 0.2879 -0.9260 0.2443
vn 0.2201 -0.9744 0.0450
vn 0.2430 -0.9619 0.1256
vn 0.2202 -0.9749 -0.0338
vn 0.2772 -0.9404 0.1971
vn 0.2316 -0.9712 0.0566
vn 0.2512 -0.9646 0.0802
vn 0.2049 -0.9765 -0.0670
vn 0.2380 -0.9617 0.1358
vn 0.2719 -0.9598 0.0697
vn 0.2318 -0.9722 -0.0340
vn 0.2361 -0.9693 0.0683
vn 0.2639 -0.9639 0.0347
vn 0.2159 -0.9723 -0.0898
vn 0.2277 -0.9449 0.2352
vn 0.1814 -0.6871 0.7036
vn 0.1781 -0.6913 0.7003
vn 0.1858 -0.9719 0.1443
vn 0.1534 -0.7323 0.6635
vn 0.1778 -0.9719 0.1540
vn 0.1497 -0.7823 0.6047
vn 0.1679 -0.9769 0.1325
vn 0.1579 -0.9852 0.0662
vn 0.1479 -0.7975 0.5849
vn 0.1717 -0.9821 0.0772
vn 0.0797 -0.3385 0.9376
vn 0.0808 -0.3735 0.9241
vn 0.1526 -0.8089 0.5678
vn 0.1575 -0.9865 0.0439
vn 0.1632 -0.9708 0.1756
vn 0.1615 -0.9602 0.2279
vn 0.1720 -0.9836 0.0552
vn 0.1722 -0.9850 0.0110
vn 0.1733 -0.9671 0.1860
vn 0.1607 -0.9520 0.2604
vn 0.1577 -0.9552 0.2503
vn 0.1716 -0.9776 0.1216
vn 0.1616 -0.9572 0.2400
vn 0.1869 -0.9824 -0.0000
vn 0.1757 -0.9804 0.0889
vn 0.1444 -0.8220 0.5508
vn 0.1834 -0.9830 -0.0000
vn 0.1757 -0.9844 -0.0000
vn 0.1371 -0.8183 0.5582
vn 0.1717 -0.9821 0.0771
vn 0.1748 -0.9756 0.1325
vn 0.1705 -0.9715 0.1648
vn 0.1542 -0.9880 -0.0000
vn 0.1580 -0.9608 0.2280
vn 0.1529 -0.9763 0.1531
vn 0.1576 -0.9836 0.0881
vn 0.1468 -0.9862 0.0764
vn 0.1224 -0.9919 -0.0327
vn 0.1151 -0.9904 -0.0761
vn 0.1259 -0.9918 0.0218
vn 0.1491 -0.9752 0.1638
vn 0.1619 -0.9625 0.2176
vn 0.1556 -0.9680 0.1968
vn 0.1401 -0.9896 -0.0329
vn 0.1219 -0.9865 -0.1093
vn 0.1692 -0.7764 -0.6071
vn 0.1711 -0.9748 -0.1433
vn 0.1790 -0.9788 -0.0996
vn 0.2064 -0.9622 -0.1776
vn 0.1684 -0.7688 -0.6169
vn 0.1938 -0.9759 -0.1003
vn 0.1829 -0.9801 -0.0777
vn 0.1991 -0.9617 -0.1885
vn 0.1642 -0.7645 -0.6234
vn 0.2126 -0.9740 -0.0787
vn 0.2014 -0.9772 -0.0670
vn 0.1985 -0.9546 -0.2220
vn 0.1600 -0.7602 -0.6296
vn 0.1942 -0.9778 -0.0782
vn 0.2091 -0.9747 -0.0787
vn 0.2010 -0.9490 -0.2428
vn 0.1977 -0.9771 -0.0782
vn 0.2086 -0.9770 0.0447
vn 0.2050 -0.9508 -0.2323
vn 0.1730 -0.7551 -0.6324
vn 0.2165 -0.9747 -0.0563
vn 0.2133 -0.9769 -0.0112
vn 0.2208 -0.9519 -0.2125
vn 0.1851 -0.7419 -0.6445
vn 0.2203 -0.9754 -0.0113
vn 0.2358 -0.9480 -0.2137
vn 0.2353 -0.9713 0.0340
vn 0.2405 -0.9465 -0.2152
vn 0.2445 -0.9479 -0.2043
vn 0.1895 -0.7461 -0.6382
vn 0.2451 -0.9500 -0.1934
vn 0.1899 -0.7430 -0.6418
vn 0.2484 -0.9681 0.0345
vn 0.2485 -0.9684 0.0230
vn 0.2486 -0.9491 -0.1932
vn 0.2555 -0.9665 0.0230
vn 0.2531 -0.9522 -0.1711
vn 0.1939 -0.7504 -0.6320
vn 0.2605 -0.9654 0.0116
vn 0.2545 -0.9572 -0.1376
vn 0.2008 -0.7460 -0.6350
vn 0.2640 -0.9645 -0.0000
vn 0.2472 -0.9635 -0.1028
vn 0.2435 -0.9688 -0.0456
vn 0.2016 -0.7540 -0.6252
vn 0.2605 -0.9655 -0.0000
vn 0.2541 -0.9557 -0.1488
vn 0.2552 -0.9600 -0.1150
vn 0.2484 -0.9684 -0.0230
vn 0.2404 -0.9515 -0.1920
vn 0.2437 -0.9698 -0.0114
vn 0.1937 -0.9795 -0.0555
vn 0.1973 -0.9752 -0.1003
vn 0.2051 -0.9777 0.0447
vn 0.1798 -0.9827 0.0444
vn 0.2678 -0.9590 -0.0928
vn 0.2717 -0.9590 -0.0812
vn 0.3055 -0.9510 -0.0474
vn 0.2761 -0.9611 -0.0116
vn 0.3152 -0.9442 -0.0959
vn 0.2848 -0.9586 -0.0000
vn 0.3010 -0.9430 -0.1422
vn 0.1313 -0.8534 0.5045
vn 0.0593 -0.4652 0.8832
vn 0.0513 -0.4406 0.8962
vn 0.1055 -0.8630 0.4941
vn 0.0625 -0.4697 0.8806
vn 0.0994 -0.8369 0.5382
vn 0.1043 -0.9873 0.1201
vn 0.1151 -0.9885 0.0985
vn 0.1238 -0.9707 0.2060
vn 0.1411 -0.9361 0.3220
vn 0.1553 -0.9373 0.3122
vn 0.1431 -0.9553 0.2587
vn 0.1399 -0.9880 0.0658
vn 0.1332 -0.9911 -0.0000
vn 0.1427 -0.9795 0.1425
vn 0.1249 -0.9820 -0.1415
vn 0.1321 -0.9826 -0.1308
vn 0.1079 -0.9893 -0.0977
vn 0.1187 -0.9891 -0.0876
vn 0.1295 -0.9901 -0.0549
vn 0.1331 -0.9901 -0.0439
vn 0.1327 -0.9873 0.0876
vn 0.1117 -0.9916 -0.0653
vn 0.0904 -0.9900 -0.1085
vn 0.1014 -0.9948 -0.0109
vn 0.1221 -0.9876 0.0989
vn 0.1115 -0.9899 0.0870
vn 0.1222 -0.9910 0.0545
vn 0.1436 -0.9891 0.0330
vn 0.1652 -0.9863 -0.0000
vn 0.1757 -0.9842 -0.0221
vn 0.1904 -0.9814 -0.0223
vn 0.1594 -0.9695 0.1862
vn 0.2088 -0.9779 0.0112
vn 0.1904 -0.9817 -0.0000
vn 0.2133 -0.9769 -0.0113
vn 0.2168 -0.9760 0.0225
vn 0.2016 -0.9784 0.0447
vn 0.2279 -0.9713 0.0679
vn 0.1751 -0.9770 0.1216
vn 0.1728 -0.9603 0.2191
vn 0.2047 -0.9711 0.1232
vn 0.1754 -0.9823 0.0661
vn 0.2168 -0.9762 -0.0000
vn 0.2355 -0.9718 0.0113
vn 0.2202 -0.9749 -0.0337
vn 0.1895 -0.9768 -0.0996
vn 0.2394 -0.9677 0.0792
vn 0.1898 -0.9742 -0.1224
vn 0.2165 -0.9747 0.0562
vn 0.2310 -0.9687 0.0903
vn 0.2203 -0.9752 0.0226
vn 0.2386 -0.9645 0.1134
vn 0.1934 -0.9781 -0.0776
vn 0.2354 -0.9665 0.1023
vn 0.2132 -0.9767 -0.0225
vn 0.2319 -0.9673 0.1023
vn 0.2124 -0.9730 -0.0898
vn 0.2316 -0.9711 0.0569
vn 0.2320 -0.9727 -0.0000
vn 0.1968 -0.9728 -0.1223
vn 0.2197 -0.9677 -0.1239
vn 0.2399 -0.9697 -0.0456
vn 0.2124 -0.9730 -0.0899
vn 0.2313 -0.9649 -0.1247
vn 0.2518 -0.9667 -0.0459
vn 0.2282 -0.9726 -0.0453
vn 0.2520 -0.9675 -0.0230
vn 0.2283 -0.9730 -0.0340
vn 0.2205 -0.9712 -0.0905
vn 0.2203 -0.9496 -0.2231
vn 0.2258 -0.9574 -0.1800
vn 0.2230 -0.9405 -0.2563
vn 0.2174 -0.9527 -0.2125
vn 0.2333 -0.9278 -0.2911
vn 0.2179 -0.9549 -0.2018
vn 0.2205 -0.9250 -0.3096
vn 0.2283 -0.9473 -0.2246
vn 0.2085 -0.9250 -0.3175
vn 0.2242 -0.9457 -0.2353
vn 0.2197 -0.9218 -0.3195
vn 0.2243 -0.9511 -0.2124
vn 0.2360 -0.9239 -0.3012
vn 0.2499 -0.9293 -0.2719
vn 0.2200 -0.9739 -0.0562
vn 0.2197 -0.9724 -0.0786
vn 0.2319 -0.9722 -0.0340
vn 0.2316 -0.9712 -0.0566
vn 0.2238 -0.9744 -0.0225
vn 0.2247 -0.9734 -0.0453
vn 0.1815 -0.9729 -0.1432
vn 0.1786 -0.9764 -0.1215
vn 0.2248 -0.9738 -0.0340
vn 0.2052 -0.9781 0.0335
vn 0.2168 -0.9760 -0.0225
vn 0.1799 -0.9834 0.0223
vn 0.1938 -0.9800 0.0444
vn 0.2249 -0.9743 -0.0113
vn 0.2053 -0.9787 -0.0001
vn 0.1904 -0.9815 0.0222
vn 0.1937 -0.9795 0.0555
vn 0.1795 -0.9815 0.0666
vn 0.1855 -0.9703 0.1551
vn 0.2069 -0.9598 0.1897
vn 0.1642 -0.7140 0.6806
vn 0.1012 -0.9927 0.0653
vn 0.0979 -0.9947 -0.0327
vn 0.1038 -0.9829 0.1522
vn 0.0943 -0.9941 0.0545
vn 0.0550 -0.9884 0.1415
vn 0.0967 -0.9819 0.1628
vn 0.1128 -0.9674 0.2267
vn 0.0654 -0.9862 0.1522
vn 0.1317 -0.8024 0.5821
vn 0.0426 -0.4064 0.9127
vn 0.1178 -0.9813 0.1522
vn 0.1956 -0.9624 0.1885
vn 0.1986 -0.9596 0.1991
vn 0.1622 -0.9648 0.2072
vn 0.1715 -0.9529 0.2500
vn 0.1049 -0.9939 -0.0327
vn 0.0909 -0.9959 -0.0000
vn 0.0699 -0.9970 0.0327
vn 0.0768 -0.9956 -0.0545
vn 0.1048 -0.9930 -0.0545
vn 0.0695 -0.9917 -0.1085
vn 0.0658 -0.9918 -0.1093
vn 0.0908 -0.9937 0.0654
vn 0.1014 -0.9578 0.2691
vn 0.0765 -0.9912 -0.1085
vn 0.0769 -0.9970 -0.0000
vn 0.0950 -0.9643 0.2471
vn 0.0820 -0.7587 0.6462
vn 0.0859 -0.9792 0.1838
vn 0.0963 -0.9782 0.1838
vn 0.0745 -0.7467 0.6609
vn 0.0682 -0.7473 0.6609
vn 0.0364 -0.3987 0.9163
vn 0.1842 -0.7836 0.5933
vn 0.2247 -0.9273 0.2993
vn 0.1973 -0.7960 0.5722
vn 0.1083 -0.4175 0.9022
vn 0.2288 -0.9296 0.2891
vn 0.2012 -0.8027 0.5614
vn 0.2368 -0.9270 0.2910
vn 0.2603 -0.9154 0.3071
vn 0.2056 -0.8067 0.5540
vn 0.1059 -0.4230 0.8999
vn 0.2832 -0.8992 0.3336
vn 0.2167 -0.7995 0.5602
vn 0.1070 -0.4313 0.8958
vn 0.2749 -0.9025 0.3315
vn 0.2469 -0.9127 0.3255
vn 0.2217 -0.7651 0.6045
vn 0.2086 -0.7279 0.6532
vn 0.1954 -0.7118 0.6747
vn 0.1056 -0.4179 0.9024
vn 0.0916 -0.3723 0.9236
vn 0.0825 -0.3920 -0.9163
vn 0.1600 -0.7602 -0.6297
vn 0.0852 -0.3917 -0.9161
vn 0.0903 -0.3860 -0.9181
vn 0.0978 -0.3746 -0.9220
vn 0.1002 -0.3690 -0.9240
vn 0.1992 -0.7624 -0.6157
vn 0.0646 -0.4343 -0.8985
vn 0.1196 -0.8391 -0.5306
vn 0.0608 -0.4516 -0.8902
vn 0.1235 -0.8154 -0.5655
vn 0.1071 -0.8473 -0.5202
vn 0.0701 -0.4337 -0.8983
vn 0.1254 -0.8338 -0.5377
vn 0.0752 -0.4281 -0.9006
vn 0.1509 -0.8210 -0.5507
vn 0.0779 -0.4278 -0.9005
vn 0.1476 -0.8215 -0.5508
vn 0.1372 -0.8183 -0.5582
vn 0.0876 -0.4133 -0.9064
vn 0.1520 -0.8017 -0.5781
vn 0.0913 -0.3942 -0.9145
vn 0.1692 -0.7763 -0.6072
vn 0.0879 -0.3914 -0.9160
vn 0.1684 -0.7687 -0.6171
vn 0.0886 -0.3945 -0.9146
vn 0.1526 -0.9746 0.1637
vn 0.1228 -0.8108 0.5723
vn 0.1365 -0.8113 0.5685
vn 0.1404 -0.8178 0.5580
vn 0.1035 -0.8132 0.5728
vn 0.0737 -0.4418 0.8941
vn 0.0776 -0.4228 0.9029
vn 0.2717 -0.9590 0.0812
vn 0.2398 -0.9691 0.0570
vn 0.2521 -0.9183 0.3051
vn 0.2573 -0.9236 0.2842
vn 0.1900 -0.6992 0.6892
vn 0.2721 -0.9605 0.0581
vn 0.2448 -0.9243 0.2929
vn 0.2338 -0.9345 0.2683
vn 0.2440 -0.9212 0.3031
vn 0.1856 -0.6949 0.6947
vn 0.2284 -0.9735 0.0114
vn 0.2166 -0.9752 -0.0450
vn 0.0379 -0.4151 -0.9090
vn 0.0807 -0.7790 -0.6218
vn 0.0372 -0.4069 -0.9127
vn 0.0814 -0.7865 -0.6122
vn 0.0776 -0.7793 -0.6218
vn 0.0364 -0.3987 -0.9163
vn 0.0744 -0.7797 -0.6218
vn 0.0355 -0.3885 -0.9208
vn 0.0712 -0.7799 -0.6218
vn 0.0712 -0.7800 -0.6218
vn 0.0325 -0.3858 -0.9220
vn 0.0719 -0.7874 -0.6122
vn 0.0320 -0.3806 -0.9242
vn 0.0282 -0.3676 -0.9296
vn 0.0649 -0.7805 -0.6218
vn 0.1357 -0.9501 0.2808
vn 0.1003 -0.6937 0.7132
vn 0.0713 -0.7133 0.6973
vn 0.0756 -0.7258 0.6838
vn 0.0769 -0.7386 0.6698
vn 0.1112 0.1705 -0.9791
vn 0.0950 0.1348 -0.9863
vn 0.0290 0.1357 -0.9903
vn 0.0258 0.1118 -0.9934
vn 0.0218 0.1000 -0.9947
vn 0.1140 0.0894 -0.9895
vn 0.3255 0.3961 -0.8586
vn 0.0284 0.1414 -0.9896
vn 0.0285 0.0256 -0.9993
vn 0.0347 -0.0141 -0.9993
vn 0.1478 0.1080 -0.9831
vn 0.3493 0.4118 -0.8417
vn 0.0407 0.1561 -0.9869
vn 0.0385 -0.1116 -0.9930
vn 0.0366 0.0206 -0.9991
vn 0.0620 -0.0816 -0.9947
vn 0.1807 0.1623 -0.9701
vn 0.0744 -0.0165 -0.9971
vn 0.0487 0.0916 -0.9946
vn 0.0271 -0.1005 -0.9946
vn 0.0471 0.1087 -0.9930
vn 0.0471 -0.2008 -0.9785
vn 0.0427 0.0097 -0.9990
vn 0.0606 0.1405 -0.9882
vn 0.0454 -0.0475 -0.9978
vn 0.0785 0.0306 -0.9964
vn 0.0337 -0.0885 -0.9955
vn 0.0667 -0.0172 -0.9976
vn 0.0056 -0.0052 -1.0000
vn 0.0091 0.0122 -0.9999
vn 0.0669 0.0706 -0.9953
vn -0.0213 0.1482 -0.9887
vn 0.0296 0.1596 -0.9867
vn -0.0296 0.1002 -0.9945
vn -0.0022 0.0800 -0.9968
vn -0.0524 0.1465 -0.9878
vn -0.0688 0.1518 -0.9860
vn 0.0421 0.0440 -0.9981
vn 0.0329 0.0603 -0.9976
vn -0.0709 0.1459 -0.9868
vn -0.0985 0.3066 -0.9467
vn 0.0085 0.0464 -0.9989
vn 0.0810 0.0665 -0.9945
vn -0.1081 0.3407 -0.9339
vn 0.0371 0.0436 -0.9984
vn 0.0061 -0.0108 -0.9999
vn 0.0286 -0.0890 -0.9956
vn -0.0115 -0.0983 -0.9951
vn 0.0629 0.1176 -0.9911
vn 0.0464 -0.0588 -0.9972
vn 0.0389 -0.1704 -0.9846
vn 0.0140 -0.1252 -0.9920
vn 0.0678 -0.1450 -0.9871
vn 0.0740 -0.1513 -0.9857
vn 0.0872 -0.2545 -0.9631
vn 0.0762 -0.1995 -0.9769
vn 0.0697 -0.2170 -0.9737
vn 0.0491 -0.1694 -0.9843
vn 0.0652 -0.2491 -0.9663
vn 0.1687 -0.6706 -0.7224
vn 0.0275 -0.1883 -0.9817
vn 0.0534 -0.2668 -0.9623
vn 0.1654 -0.6749 -0.7192
vn 0.0525 -0.3120 -0.9486
vn 0.1768 -0.6865 -0.7053
vn 0.0122 -0.1897 -0.9818
vn 0.0192 -0.1541 -0.9879
vn 0.0707 -0.3581 -0.9310
vn 0.0852 -0.3648 -0.9272
vn 0.1767 -0.7301 -0.6601
vn 0.0377 -0.0767 -0.9963
vn 0.0574 -0.0063 -0.9983
vn 0.1230 -0.3170 -0.9404
vn 0.2340 -0.7177 -0.6559
vn 0.3917 -0.6111 -0.6878
vn 0.2399 -0.2050 -0.9489
vn 0.1600 0.0846 -0.9835
vn 0.4272 0.2282 -0.8749
vn 0.5301 -0.1696 -0.8308
vn 0.3531 0.3393 -0.8719
vn 0.1269 -0.3772 -0.9174
vn 0.1493 -0.7279 -0.6693
vn -0.1273 -0.4063 -0.9049
vn 0.1843 -0.7121 -0.6774
vn 0.1487 -0.3332 -0.9311
vn -0.1594 -0.1432 -0.9768
vn 0.1004 -0.1641 -0.9813
vn 0.1504 -0.1599 -0.9756
vn 0.0619 -0.1103 -0.9920
vn 0.0181 -0.1418 -0.9897
vn 0.0438 -0.4196 -0.9067
vn 0.0156 -0.1431 -0.9896
vn -0.0025 -0.0002 -1.0000
vn 0.0500 -0.4273 -0.9027
vn 0.0610 -0.4262 -0.9026
vn 0.0196 -0.1304 -0.9913
vn 0.0030 -0.0054 -1.0000
vn 0.0150 -0.1364 -0.9905
vn 0.0618 -0.4345 -0.8985
vn 0.0604 -0.4481 -0.8920
vn -0.0341 0.1470 -0.9885
vn -0.0507 0.4055 -0.9127
vn -0.1819 0.7424 -0.6448
vn -0.1812 0.7126 -0.6777
vn -0.1768 0.6865 -0.7053
vn -0.1497 0.7822 -0.6047
vn 0.0639 0.4822 -0.8737
vn 0.0125 0.1163 -0.9931
vn 0.0023 0.1154 -0.9933
vn 0.0074 0.1158 -0.9932
vn 0.0110 0.0466 -0.9989
vn 0.0271 -0.0721 -0.9970
vn 0.0176 0.0301 -0.9994
vn 0.0193 -0.0438 -0.9989
vn 0.0346 -0.1526 -0.9877
vn -0.0012 0.0972 -0.9953
vn -0.0129 0.0848 -0.9963
vn 0.0315 -0.1473 -0.9886
vn 0.0852 -0.3917 -0.9162
vn 0.0009 0.0457 -0.9990
vn 0.0152 -0.0271 -0.9995
vn 0.0361 -0.1412 -0.9893
vn 0.0903 -0.3859 -0.9181
vn 0.1729 -0.7551 -0.6324
vn 0.1851 -0.7418 -0.6445
vn 0.0954 -0.3801 -0.9200
vn 0.1863 -0.7466 -0.6386
vn 0.0374 -0.1287 -0.9910
vn 0.0916 -0.3723 -0.9236
vn 0.0157 -0.0043 -0.9999
vn 0.0334 -0.1121 -0.9931
vn 0.0913 -0.3670 -0.9257
vn 0.1895 -0.7461 -0.6384
vn 0.0939 -0.3667 -0.9256
vn 0.1899 -0.7429 -0.6419
vn 0.0278 -0.1069 -0.9939
vn 0.0121 0.0068 -0.9999
vn 0.0090 0.0407 -0.9991
vn 0.0940 -0.3667 -0.9256
vn 0.1927 -0.7455 -0.6381
vn 0.0246 -0.1008 -0.9946
vn -0.0000 -0.0000 -1.0000
vn 0.0912 -0.3670 -0.9257
vn 0.0245 -0.1007 -0.9946
vn -0.0096 0.0219 -0.9997
vn 0.0902 -0.3589 -0.9290
vn 0.1939 -0.7503 -0.6320
vn -0.0045 -0.0061 -1.0000
vn -0.0061 0.0109 -0.9999
vn 0.0929 -0.3586 -0.9289
vn 0.2007 -0.7459 -0.6350
vn 0.0266 -0.0948 -0.9951
vn -0.0010 -0.0172 -0.9999
vn -0.0101 -0.0009 -0.9999
vn 0.0952 -0.3530 -0.9308
vn 0.2016 -0.7539 -0.6253
vn 0.0255 -0.0836 -0.9962
vn 0.0046 -0.0224 -0.9997
vn -0.0111 -0.0181 -0.9998
vn 0.0225 -0.0782 -0.9967
vn 0.0107 -0.0332 -0.9994
vn -0.0025 -0.0287 -0.9996
vn 0.0940 -0.3666 -0.9256
vn 0.0200 -0.0784 -0.9967
vn 0.0127 -0.0274 -0.9995
vn 0.0056 -0.0337 -0.9994
vn 0.0967 -0.3664 -0.9254
vn 0.1991 -0.7624 -0.6157
vn 0.0199 -0.0784 -0.9967
vn 0.0097 -0.0218 -0.9997
vn 0.0117 -0.0445 -0.9989
vn 0.0978 -0.3745 -0.9220
vn 0.0041 -0.0167 -0.9999
vn 0.0184 -0.0614 -0.9979
vn 0.0184 -0.0899 -0.9958
vn -0.0005 -0.0229 -0.9997
vn 0.0174 -0.0786 -0.9968
vn 0.0990 -0.3608 -0.9274
vn 0.1947 -0.7582 -0.6223
vn 0.0311 -0.0888 -0.9956
vn -0.0014 -0.0400 -0.9992
vn 0.0113 -0.0963 -0.9953
vn 0.0956 -0.3583 -0.9287
vn 0.1926 -0.7455 -0.6381
vn 0.0332 -0.0829 -0.9960
vn 0.0132 -0.0330 -0.9994
vn 0.0139 -0.0960 -0.9953
vn 0.0963 -0.3611 -0.9275
vn 0.0215 -0.0953 -0.9952
vn 0.0173 -0.0497 -0.9986
vn 0.0230 -0.0838 -0.9962
vn 0.1863 -0.7467 -0.6386
vn 0.0257 -0.1128 -0.9933
vn 0.0078 -0.0852 -0.9963
vn -0.0227 0.1357 -0.9905
vn -0.0201 0.1076 -0.9940
vn -0.0034 0.1499 -0.9887
vn -0.0361 0.2795 -0.9595
vn -0.0003 0.1445 -0.9895
vn 0.0043 0.1800 -0.9837
vn 0.0238 0.1059 -0.9941
vn -0.0337 0.0600 -0.9976
vn 0.0197 0.1519 -0.9882
vn -0.0002 0.1151 -0.9934
vn 0.0522 0.1092 -0.9927
vn 0.0228 0.0595 -0.9980
vn 0.0440 0.1142 -0.9925
vn 0.0151 0.0873 -0.9961
vn -0.0098 0.0793 -0.9968
vn 0.0336 0.0839 -0.9959
vn 0.0222 0.1228 -0.9922
vn 0.0232 0.0823 -0.9963
vn -0.0306 -0.0028 -0.9995
vn -0.0702 -0.0297 -0.9971
vn -0.0513 -0.0919 -0.9944
vn -0.0496 -0.0508 -0.9975
vn -0.0288 -0.0771 -0.9966
vn -0.0331 0.0257 -0.9991
vn -0.0202 -0.0018 -0.9998
vn -0.0284 -0.0543 -0.9981
vn -0.0213 -0.1057 -0.9942
vn -0.0051 -0.0005 -1.0000
vn -0.0276 0.0491 -0.9984
vn -0.0071 0.0222 -0.9997
vn -0.0117 0.0445 -0.9989
vn -0.0112 0.0389 -0.9992
vn -0.0296 0.0432 -0.9986
vn -0.0147 0.0499 -0.9986
vn 0.0121 0.0642 -0.9979
vn 0.0242 -0.1243 -0.9919
vn 0.0084 -0.1201 -0.9927
vn 0.0281 -0.0834 -0.9961
vn 0.0262 -0.1184 -0.9926
vn 0.0134 -0.0904 -0.9958
vn 0.0608 -0.4515 -0.8902
vn 0.0646 -0.4342 -0.8985
vn 0.0288 -0.1182 -0.9926
vn -0.0024 -0.0572 -0.9984
vn 0.0876 -0.4132 -0.9064
vn 0.0913 -0.3941 -0.9145
vn 0.0277 -0.1352 -0.9904
vn 0.0043 -0.1026 -0.9947
vn 0.0325 -0.1585 -0.9868
vn 0.0886 -0.3944 -0.9146
vn 0.0379 -0.1593 -0.9865
vn 0.0181 -0.1135 -0.9934
vn -0.0013 -0.0974 -0.9952
vn 0.0227 0.0021 -0.9997
vn -0.0286 0.0890 -0.9956
vn 0.0014 0.0690 -0.9976
vn -0.0290 -0.0199 -0.9994
vn -0.0273 0.0203 -0.9994
vn 0.0033 0.1325 -0.9912
vn 0.0227 0.1172 -0.9929
vn -0.0373 0.1818 -0.9826
vn -0.0312 0.1712 -0.9848
vn -0.0135 0.1196 -0.9927
vn -0.0390 0.1999 -0.9790
vn -0.0913 0.3941 -0.9145
vn -0.0954 0.4072 -0.9083
vn -0.0408 0.1351 -0.9900
vn -0.0192 -0.0132 -0.9997
vn -0.0968 0.3935 -0.9142
vn -0.0375 0.1003 -0.9943
vn -0.0167 -0.0129 -0.9998
vn -0.0970 0.3716 -0.9233
vn -0.0306 0.0831 -0.9961
vn -0.0106 0.0047 -0.9999
vn -0.0296 0.0718 -0.9970
vn -0.0142 0.0158 -0.9998
vn -0.0952 0.3530 -0.9308
vn -0.1772 0.7593 -0.6262
vn -0.0168 0.0441 -0.9989
vn -0.0121 -0.0068 -0.9999
vn -0.0030 0.0054 -1.0000
vn -0.0067 0.0450 -0.9990
vn -0.0153 0.0556 -0.9983
vn 0.0020 0.0344 -0.9994
vn -0.0490 0.2487 -0.9673
vn -0.0582 0.2609 -0.9636
vn -0.1348 0.6650 -0.7346
vn 0.0101 0.0583 -0.9982
vn -0.0648 0.2734 -0.9597
vn -0.0291 0.0375 -0.9989
vn -0.1614 0.6669 -0.7275
vn -0.0763 0.2799 -0.9570
vn -0.0238 0.0377 -0.9990
vn -0.0327 0.0487 -0.9983
vn -0.0398 0.0423 -0.9983
vn -0.0147 0.0498 -0.9986
vn 0.0005 0.0228 -0.9997
vn -0.0253 0.0262 -0.9993
vn 0.0146 0.0070 -0.9999
vn -0.0005 0.0057 -1.0000
vn -0.0015 -0.0115 -0.9999
vn -0.0060 -0.0177 -0.9998
vn 0.0036 -0.0111 -0.9999
vn -0.0197 -0.0075 -0.9998
vn -0.0075 -0.0292 -0.9995
vn -0.0116 -0.0125 -0.9999
vn -0.0187 0.0097 -0.9998
vn -0.0863 0.2946 -0.9517
vn -0.0122 0.0502 -0.9987
vn -0.0218 0.0436 -0.9988
vn -0.0096 0.0220 -0.9997
vn -0.0213 0.0380 -0.9991
vn -0.0198 0.0495 -0.9986
vn -0.0156 -0.0242 -0.9996
vn -0.0167 0.0156 -0.9997
vn -0.0337 0.0314 -0.9989
vn -0.0121 -0.0353 -0.9993
vn -0.0071 -0.0064 -1.0000
vn -0.0035 -0.0174 -0.9998
vn -0.0020 -0.0059 -1.0000
vn -0.0061 0.0108 -0.9999
vn -0.0162 0.0384 -0.9991
vn -0.0263 0.0090 -0.9996
vn -0.0066 -0.0120 -0.9999
vn -0.0041 0.0167 -0.9999
vn -0.0050 -0.0290 -0.9996
vn -0.0117 0.0161 -0.9998
vn -0.0117 0.0160 -0.9998
vn -0.0014 -0.0689 -0.9976
vn 0.0052 -0.0855 -0.9963
vn -0.0321 -0.0144 -0.9994
vn -0.0289 -0.0486 -0.9984
vn -0.0055 -0.0233 -0.9997
vn -0.0340 -0.0490 -0.9982
vn -0.1157 0.7469 -0.6548
vn -0.0477 0.3178 -0.9470
vn -0.1094 0.7477 -0.6549
vn -0.0508 0.2935 -0.9546
vn -0.0538 0.3251 -0.9441
vn 0.0045 0.0061 -1.0000
vn -0.0986 0.7362 -0.6696
vn -0.0137 0.0102 -0.9999
vn -0.0503 0.3176 -0.9469
vn 0.0067 -0.0450 -0.9990
vn -0.0183 0.0325 -0.9993
vn -0.0587 0.2927 -0.9544
vn -0.0210 0.0612 -0.9979
vn -0.0512 0.2988 -0.9529
vn -0.0362 0.0024 -0.9993
vn -0.0181 -0.0245 -0.9995
vn -0.0166 -0.0414 -0.9990
vn -0.0493 0.0591 -0.9970
vn -0.0584 -0.0111 -0.9982
vn -0.0718 0.0167 -0.9973
vn -0.0262 -0.0195 -0.9995
vn -0.0676 -0.0295 -0.9973
vn -0.0177 -0.0016 -0.9998
vn -0.0273 -0.0082 -0.9996
vn -0.0051 0.0281 -0.9996
vn -0.0086 0.0106 -0.9999
vn 0.0035 0.0174 -0.9998
vn 0.0010 0.0172 -0.9999
vn 0.0025 0.0287 -0.9996
vn 0.0126 0.0296 -0.9995
vn 0.0115 0.0983 -0.9951
vn 0.0074 0.0866 -0.9962
vn 0.0146 0.0645 -0.9978
vn 0.0130 0.0525 -0.9985
vn -0.0011 0.0398 -0.9992
vn 0.0141 0.0701 -0.9974
vn 0.0106 0.0526 -0.9986
vn 0.0157 -0.1431 -0.9896
vn -0.0001 0.0285 -0.9996
vn 0.0075 0.0581 -0.9983
vn 0.0136 0.0183 -0.9997
vn 0.0192 0.0705 -0.9973
vn 0.0284 0.0542 -0.9981
vn 0.0110 0.0755 -0.9971
vn -0.0047 0.0509 -0.9987
vn 0.0249 0.0367 -0.9990
vn 0.0315 0.0488 -0.9983
vn 0.0141 0.0127 -0.9998
vn -0.0056 0.0052 -1.0000
vn 0.0050 0.0290 -0.9996
vn 0.0223 -0.0492 -0.9985
vn 0.0041 -0.0452 -0.9990
vn -0.0167 0.0441 -0.9989
vn -0.0433 0.2996 -0.9531
vn 0.0146 0.0071 -0.9999
vn -0.0021 0.0511 -0.9987
vn -0.0342 0.2873 -0.9572
vn -0.0911 0.7241 -0.6837
vn 0.0193 0.0420 -0.9989
vn -0.0282 0.2802 -0.9595
vn -0.0698 0.6969 -0.7138
vn -0.0277 0.2748 -0.9611
vn 0.0059 0.0751 -0.9972
vn -0.0587 0.6765 -0.7341
vn -0.0083 0.0909 -0.9958
vn -0.0632 0.6592 -0.7493
vn -0.0265 0.2619 -0.9647
vn -0.0139 0.0960 -0.9953
vn -0.0730 0.6667 -0.7418
vn -0.0360 0.2500 -0.9676
vn -0.0708 0.6753 -0.7341
vn -0.0200 0.0784 -0.9967
vn -0.0425 0.2364 -0.9707
vn -0.0408 0.0536 -0.9977
vn -0.0516 0.6640 -0.7459
vn -0.0362 0.0311 -0.9989
vn -0.0313 0.2007 -0.9792
vn -0.0382 0.0539 -0.9978
vn -0.0428 0.0191 -0.9989
vn -0.0151 0.1657 -0.9861
vn -0.0103 0.0850 -0.9963
vn -0.0281 0.0262 -0.9993
vn -0.0233 0.0321 -0.9992
vn 0.0162 0.0474 -0.9987
vn -0.0326 0.0200 -0.9993
vn 0.0121 0.0353 -0.9993
vn -0.0423 0.0134 -0.9990
vn -0.0258 0.0033 -0.9997
vn 0.0126 0.0011 -0.9999
vn -0.0131 0.0045 -0.9999
vn -0.0291 0.0376 -0.9989
vn -0.0263 0.0375 -0.9989
vn -0.0016 0.0455 -0.9990
vn -0.0220 0.0725 -0.9971
vn -0.0093 0.0737 -0.9972
vn 0.0095 0.0351 -0.9993
vn -0.0041 0.0452 -0.9990
vn -0.0111 0.0104 -0.9999
vn 0.0054 -0.1429 -0.9897
vn 0.0058 -0.1203 -0.9927
vn 0.0049 -0.1373 -0.9905
vn 0.0371 -0.4068 -0.9128
vn 0.0080 -0.1438 -0.9896
vn 0.0051 0.0005 -1.0000
vn 0.0136 -0.1490 -0.9887
vn 0.0379 -0.4150 -0.9090
vn 0.0776 -0.7794 -0.6218
vn 0.0364 -0.3986 -0.9164
vn 0.0355 -0.3884 -0.9208
vn 0.0325 -0.3857 -0.9221
vn 0.0007 -0.0915 -0.9958
vn 0.0320 -0.3805 -0.9242
vn -0.0162 0.0099 -0.9998
vn -0.0039 -0.0692 -0.9976
vn 0.0281 -0.3675 -0.9296
vn -0.0066 0.0165 -0.9998
vn -0.0152 -0.0014 -0.9999
vn -0.0258 0.0318 -0.9992
vn -0.0110 -0.0466 -0.9989
vn 0.0216 -0.3548 -0.9347
vn 0.0617 -0.7808 -0.6218
vn 0.0183 -0.3470 -0.9377
vn 0.0645 -0.7757 -0.6278
vn -0.0126 -0.0297 -0.9995
vn -0.0311 0.0603 -0.9977
vn -0.0331 -0.0030 -0.9994
vn 0.0171 -0.3339 -0.9425
vn 0.0663 -0.7602 -0.6464
vn -0.0136 -0.0183 -0.9997
vn 0.0138 -0.3262 -0.9452
vn 0.0941 -0.7238 -0.6836
vn -0.0173 -0.0073 -0.9998
vn 0.0458 -0.3259 -0.9443
vn 0.0553 -0.0937 -0.9941
vn -0.0102 0.0560 -0.9984
vn -0.0230 0.0838 -0.9962
vn -0.0301 0.0775 -0.9965
vn -0.0397 0.0136 -0.9991
vn -0.0311 0.0316 -0.9990
vn -0.0310 -0.0258 -0.9992
vn -0.0279 -0.0313 -0.9991
vn 0.0311 -0.0603 -0.9977
vn -0.0456 -0.0389 -0.9982
vn 0.0621 -0.0579 -0.9964
vn -0.0523 -0.0221 -0.9984
vn 0.0071 0.0064 -1.0000
vn -0.0080 -0.0236 -0.9997
vn -0.0459 0.0245 -0.9986
vn -0.0173 0.0497 -0.9986
vn 0.0080 0.0235 -0.9997
vn 0.0075 0.0576 -0.9983
vn 0.0060 0.0461 -0.9989
vn 0.0014 0.0400 -0.9992
vn 0.0013 0.0974 -0.9952
vn -0.0068 0.1023 -0.9947
vn -0.0077 0.0562 -0.9984
vn 0.0187 0.0477 -0.9987
vn 0.0105 0.0812 -0.9966
vn 0.0315 0.0201 -0.9993
vn 0.0131 0.1695 -0.9854
vn -0.0486 0.6643 -0.7459
vn 0.0204 0.2069 -0.9782
vn 0.0076 0.0007 -1.0000
vn -0.0192 0.2386 -0.9709
vn -0.0260 0.2565 -0.9662
vn 0.0207 -0.0038 -0.9998
vn 0.0230 -0.0553 -0.9982
vn -0.0189 0.2941 -0.9556
vn -0.0016 0.0454 -0.9990
vn -0.0893 0.7372 -0.6698
vn 0.0448 -0.0418 -0.9981
vn 0.0667 -0.0463 -0.9967
vn 0.0116 0.0410 -0.9991
vn 0.0672 0.0061 -0.9977
vn 0.1044 -0.0677 -0.9922
vn -0.0329 0.1064 -0.9938
vn 0.1000 -0.1337 -0.9860
vn 0.0095 0.0925 -0.9957
vn 0.0413 -0.0593 -0.9974
vn 0.0708 -0.0052 -0.9975
vn 0.1171 -0.1637 -0.9795
vn 0.0970 -0.1631 -0.9818
vn 0.0326 -0.0200 -0.9993
vn 0.1130 -0.1218 -0.9861
vn 0.1392 -0.1970 -0.9705
vn 0.1043 -0.1216 -0.9871
vn 0.0469 0.0793 -0.9957
vn 0.1243 -0.1407 -0.9822
vn 0.1570 -0.1606 -0.9744
vn 0.0145 0.1515 -0.9884
vn 0.0801 -0.0455 -0.9957
vn 0.0595 0.0932 -0.9939
vn 0.0773 0.1441 -0.9865
vn 0.0195 -0.0728 -0.9972
vn -0.2787 -0.0255 -0.9600
vn -0.2338 -0.0075 -0.9723
vn 0.0378 0.0670 -0.9970
vn 0.1062 0.1128 -0.9879
vn 0.0726 0.0652 -0.9952
vn -0.1659 0.0919 -0.9819
vn 0.0120 0.1219 -0.9925
vn 0.1169 0.1336 -0.9841
vn 0.0838 0.1329 -0.9876
vn 0.0574 0.3803 -0.9231
vn 0.0937 0.3299 -0.9393
vn 0.0162 0.1346 -0.9908
vn -0.0252 0.1071 -0.9939
vn -0.0374 0.1287 -0.9910
vn -0.0043 0.3085 -0.9512
vn -0.0521 0.3066 -0.9504
vn -0.0667 0.3184 -0.9456
vn -0.0311 0.6363 -0.7708
vn -0.0670 0.6673 -0.7418
vn -0.0525 0.3120 -0.9486
vn -0.0920 0.7028 -0.7054
vn -0.0986 0.7361 -0.6696
vn -0.0002 0.7244 -0.6893
vn -0.1339 0.6565 -0.7423
vn -0.0404 0.2421 -0.9694
vn -0.1409 0.6641 -0.7342
vn -0.0365 0.2555 -0.9661
vn -0.1297 0.6742 -0.7271
vn -0.1223 0.6956 -0.7079
vn -0.0407 0.2999 -0.9531
vn -0.1311 0.7125 -0.6893
vn -0.1359 0.7249 -0.6753
vn -0.1274 0.7342 -0.6668
vn 0.1886 -0.7380 -0.6478
vn 0.0308 -0.1123 -0.9932
vn 0.0189 -0.0671 -0.9976
vn 0.0088 -0.0965 -0.9953
vn 0.1878 -0.7300 -0.6572
vn 0.0329 -0.1064 -0.9938
vn 0.0316 -0.0659 -0.9973
vn 0.0133 -0.0619 -0.9980
vn 0.1833 -0.7257 -0.6631
vn 0.0266 -0.0664 -0.9974
vn 0.1000 -0.3417 -0.9345
vn 0.1738 -0.7089 -0.6835
vn 0.0313 -0.1180 -0.9925
vn 0.1008 -0.3009 -0.9483
vn 0.1707 -0.6875 -0.7059
vn 0.0408 -0.1351 -0.9900
vn 0.0205 -0.0841 -0.9963
vn 0.0178 -0.0553 -0.9983
vn 0.0097 -0.0504 -0.9987
vn 0.0098 -0.0794 -0.9968
vn -0.0026 0.0283 -0.9996
vn 0.0101 0.0009 -0.9999
vn -0.0091 0.0163 -0.9998
vn -0.0266 0.0664 -0.9974
vn -0.0119 0.1019 -0.9947
vn -0.0123 0.0791 -0.9968
vn 0.0183 -0.0325 -0.9993
vn -0.0062 0.0683 -0.9976
vn 0.0159 -0.0617 -0.9980
vn -0.0202 -0.0019 -0.9998
vn 0.0166 0.0414 -0.9990
vn 0.0202 0.1463 -0.9890
vn 0.0089 0.1566 -0.9876
vn -0.0211 0.1189 -0.9927
vn 0.0222 0.0651 -0.9976
vn -0.0372 0.0711 -0.9968
vn -0.0021 0.0226 -0.9997
vn -0.0245 0.0723 -0.9971
vn -0.0293 0.0144 -0.9995
vn -0.0149 0.0789 -0.9968
vn -0.0107 0.0332 -0.9994
vn -0.0102 0.0276 -0.9996
vn -0.0324 0.1008 -0.9944
vn -0.0068 0.0739 -0.9972
vn -0.0872 0.3810 -0.9204
vn -0.0964 0.3883 -0.9165
vn -0.1022 0.3928 -0.9139
vn -0.1867 0.7754 -0.6032
vn -0.1788 0.7430 -0.6450
vn -0.1830 0.7290 -0.6596
vn -0.1030 0.3959 -0.9125
vn -0.0291 0.0946 -0.9951
vn -0.0418 0.0077 -0.9991
vn -0.0436 0.1111 -0.9929
vn -0.0407 -0.0324 -0.9986
vn -0.0454 0.0475 -0.9978
vn -0.0392 -0.0208 -0.9990
vn -0.0273 -0.0656 -0.9975
vn -0.0268 -0.0712 -0.9971
vn -0.0281 0.0548 -0.9981
vn -0.0267 0.2067 -0.9781
vn -0.0279 0.2193 -0.9752
vn -0.0227 0.2199 -0.9753
vn -0.0415 0.1702 -0.9845
vn -0.0747 0.3443 -0.9359
vn -0.1058 0.4229 -0.9000
vn -0.0938 0.4158 -0.9046
vn -0.2061 0.7581 -0.6188
vn -0.1963 0.7200 -0.6657
vn -0.0799 0.3170 -0.9450
vn -0.1876 0.6859 -0.7031
vn -0.0402 0.1830 -0.9823
vn -0.0894 0.2997 -0.9498
vn -0.0403 0.2126 -0.9763
vn -0.0564 0.1631 -0.9850
vn -0.0531 0.1817 -0.9819
vn -0.0206 0.1133 -0.9934
vn -0.0181 0.1135 -0.9934
vn -0.0324 -0.0660 -0.9973
vn 0.0040 0.0403 -0.9992
vn -0.0181 -0.0819 -0.9965
vn -0.0233 -0.0538 -0.9983
vn -0.0399 0.7076 -0.7055
vn -0.0789 0.7286 -0.6804
vn -0.1768 0.6605 -0.7297
vn -0.1748 0.6695 -0.7219
vn -0.0841 0.3003 -0.9501
vn -0.0844 0.3057 -0.9484
vn -0.1758 0.6780 -0.7137
vn -0.0855 0.3135 -0.9457
vn -0.1716 0.6959 -0.6973
vn -0.0250 0.0494 -0.9985
vn -0.0306 0.0546 -0.9980
vn -0.0900 0.3319 -0.9390
vt 21.971001 -18.953699
vt 21.964001 -18.947100
vt 21.964100 -18.953899
vt 21.970699 -18.959999
vt 21.964100 -18.960699
vt 21.976900 -18.959700
vt 21.976999 -18.953300
vt 21.983200 -18.959600
vt 21.983200 -18.953100
vt 21.989401 -18.959299
vt 21.989201 -18.952801
vt 21.976999 -18.966499
vt 21.983299 -18.966499
vt 21.970900 -18.966900
vt 21.964199 -18.967400
vt 21.977100 -18.973400
vt 21.971001 -18.973600
vt 21.964300 -18.974199
vt 21.977301 -18.980400
vt 21.971001 -18.980400
vt 21.964300 -18.980900
vt 21.971100 -18.987400
vt 21.964500 -18.987700
vt 21.983400 -18.973400
vt 21.989599 -18.966400
vt 21.964500 -18.992201
vt 21.983500 -18.980499
vt 21.977400 -18.987400
vt 21.989700 -18.973301
vt 21.983601 -18.987400
vt 21.977400 -18.993799
vt 21.989799 -18.980600
vt 21.989901 -18.987499
vt 21.996000 -18.973400
vt 21.995899 -18.966200
vt 21.995701 -18.959299
vt 21.995399 -18.952700
vt 21.995199 -18.946301
vt 22.001400 -18.946501
vt 22.001499 -18.939600
vt 22.007900 -18.946301
vt 22.001699 -18.952801
vt 22.002001 -18.959200
vt 22.008101 -18.952900
vt 22.014400 -18.946501
vt 22.014299 -18.939800
vt 22.020901 -18.946400
vt 22.014601 -18.952999
vt 22.021000 -18.952900
vt 22.014799 -18.959400
vt 22.008400 -18.959499
vt 22.002199 -18.966200
vt 22.008600 -18.966200
vt 22.014900 -18.966299
vt 22.002300 -18.973301
vt 22.008699 -18.973301
vt 22.027399 -18.959900
vt 22.033899 -18.954000
vt 22.027300 -18.953100
vt 22.033501 -18.947500
vt 22.021099 -18.959600
vt 22.021200 -18.966400
vt 22.014900 -18.973499
vt 22.027100 -18.946600
vt 22.033600 -18.940800
vt 22.027000 -18.940100
vt 22.034000 -18.933800
vt 22.027201 -18.933100
vt 22.033800 -18.928301
vt 22.027300 -18.927401
vt 22.021000 -18.927401
vt 22.020800 -18.939699
vt 22.020901 -18.933201
vt 22.014700 -18.927500
vt 22.014500 -18.933399
vt 22.008301 -18.927700
vt 22.008101 -18.933399
vt 22.002100 -18.927601
vt 22.001801 -18.933100
vt 21.995800 -18.927799
vt 22.007900 -18.939501
vt 21.995501 -18.932899
vt 21.989599 -18.927700
vt 21.989401 -18.933100
vt 21.995300 -18.939199
vt 21.983299 -18.927601
vt 21.983200 -18.932899
vt 21.989201 -18.939199
vt 21.989100 -18.945900
vt 21.983101 -18.939400
vt 21.976999 -18.932899
vt 21.977100 -18.927200
vt 21.970800 -18.932800
vt 21.971001 -18.926901
vt 21.964600 -18.927401
vt 21.964199 -18.933100
vt 21.976999 -18.939800
vt 21.970800 -18.939800
vt 21.964199 -18.940201
vt 21.983000 -18.946301
vt 21.977100 -18.946699
vt 21.971001 -18.947001
vt 22.008699 -18.980400
vt 22.014900 -18.980400
vt 22.002399 -18.980499
vt 22.008699 -18.987400
vt 22.014900 -18.987499
vt 21.996099 -18.980499
vt 22.008699 -18.993601
vt 22.002399 -18.987499
vt 22.014999 -18.993500
vt 21.996201 -18.987499
vt 22.002501 -18.993799
vt 21.989901 -18.993999
vt 21.996201 -18.993999
vt 21.983601 -18.993900
vt 21.971001 -18.993799
vt 22.027500 -18.987600
vt 22.027500 -18.993900
vt 22.034100 -18.992399
vt 22.034000 -18.987900
vt 22.021200 -18.993700
vt 22.034300 -18.981100
vt 22.027500 -18.980499
vt 22.034201 -18.974300
vt 22.021200 -18.987499
vt 22.027500 -18.973600
vt 22.034000 -18.967400
vt 22.021200 -18.980499
vt 22.027399 -18.966700
vt 22.034000 -18.960600
vt 22.021200 -18.973600
vt 22.038601 -18.955900
vt 22.038700 -18.949100
vt 22.038799 -18.942400
vt 22.037600 -18.989000
vt 22.039101 -18.982800
vt 21.961000 -18.988800
vt 21.959200 -18.982599
vt 22.039101 -18.935499
vt 21.850901 -18.971001
vt 21.845800 -18.977200
vt 21.851101 -18.977200
vt 21.856100 -18.983400
vt 21.856300 -18.977200
vt 21.850901 -18.983400
vt 21.856001 -18.989700
vt 21.856100 -18.970900
vt 21.861099 -18.970900
vt 21.850700 -18.989700
vt 21.851000 -18.996000
vt 21.845800 -18.995899
vt 21.845800 -18.983500
vt 21.845800 -18.989700
vt 21.838800 -18.995899
vt 21.838699 -18.989700
vt 21.832300 -18.995800
vt 21.832300 -18.989599
vt 21.838699 -18.983400
vt 21.832300 -18.983299
vt 21.838800 -18.977200
vt 21.832300 -18.977100
vt 21.845800 -18.971001
vt 21.838600 -18.971100
vt 21.832199 -18.971001
vt 21.833700 -18.964600
vt 21.838301 -18.964600
vt 21.837200 -18.961100
vt 21.845100 -18.964300
vt 21.843500 -18.959299
vt 21.850300 -18.964199
vt 21.855400 -18.964199
vt 21.860399 -18.964199
vt 21.865400 -18.964199
vt 21.866100 -18.970900
vt 21.870399 -18.964199
vt 21.853901 -19.039400
vt 21.850300 -19.034201
vt 21.848801 -19.039400
vt 21.843800 -19.039301
vt 21.858900 -19.039400
vt 21.855301 -19.034201
vt 21.860300 -19.034201
vt 21.850800 -19.027300
vt 21.865299 -19.034201
vt 21.855801 -19.027300
vt 21.860701 -19.027300
vt 21.870199 -19.034000
vt 21.865900 -19.027300
vt 21.875200 -19.033899
vt 21.870899 -19.027300
vt 21.875999 -19.027300
vt 21.860800 -19.021000
vt 21.866100 -19.021099
vt 21.871099 -19.021000
vt 21.876200 -19.021000
vt 21.855700 -19.021000
vt 21.855700 -19.014700
vt 21.850800 -19.021000
vt 21.846001 -19.021000
vt 21.861000 -19.014799
vt 21.866199 -19.014799
vt 21.871401 -19.014799
vt 21.861000 -19.008499
vt 21.876499 -19.014799
vt 21.881399 -19.021099
vt 21.881599 -19.014799
vt 21.866199 -19.008499
vt 21.871401 -19.008499
vt 21.876600 -19.008499
vt 21.881701 -19.008499
vt 21.876400 -19.002300
vt 21.881599 -19.002300
vt 21.886801 -19.002300
vt 21.871300 -19.002300
vt 21.866199 -19.002199
vt 21.871401 -18.996000
vt 21.886801 -18.996000
vt 21.881599 -18.996000
vt 21.876400 -18.996000
vt 21.860901 -19.002199
vt 21.866100 -18.996000
vt 21.866199 -18.989700
vt 21.871300 -18.989700
vt 21.876499 -18.989700
vt 21.881701 -18.989700
vt 21.876400 -18.983400
vt 21.881599 -18.983400
vt 21.871300 -18.983400
vt 21.881300 -18.977200
vt 21.886900 -18.989700
vt 21.886700 -18.983400
vt 21.886101 -18.977301
vt 21.876301 -18.977100
vt 21.886000 -18.971001
vt 21.881001 -18.970900
vt 21.876101 -18.970900
vt 21.871300 -18.977100
vt 21.866199 -18.977200
vt 21.871099 -18.970900
vt 21.866199 -18.983400
vt 21.861300 -18.977200
vt 21.861099 -18.983400
vt 21.861000 -18.989700
vt 21.860901 -18.995899
vt 21.856001 -18.996000
vt 21.855801 -19.002199
vt 21.855900 -19.008499
vt 21.851000 -19.008499
vt 21.850800 -19.002199
vt 21.850599 -19.014700
vt 21.845900 -19.008499
vt 21.845900 -19.014799
vt 21.845699 -19.002199
vt 21.838800 -19.014700
vt 21.838900 -19.008400
vt 21.838800 -19.002199
vt 21.832500 -19.008301
vt 21.832399 -19.014700
vt 21.832300 -19.002100
vt 21.832500 -19.021000
vt 21.838900 -19.021000
vt 21.832500 -19.027300
vt 21.838900 -19.027300
vt 21.834200 -19.033800
vt 21.846001 -19.027300
vt 21.845301 -19.034201
vt 21.838600 -19.033800
vt 21.837400 -19.037399
vt 22.111200 -18.959700
vt 22.117500 -18.964800
vt 22.117500 -18.959700
vt 22.123800 -18.959999
vt 22.111099 -18.965200
vt 22.104799 -18.960199
vt 22.117500 -18.971399
vt 22.123800 -18.965099
vt 22.130100 -18.960100
vt 22.129999 -18.965200
vt 22.136000 -18.965099
vt 22.123699 -18.971300
vt 22.136000 -18.971800
vt 22.142300 -18.965200
vt 22.129801 -18.971600
vt 21.944201 -19.034300
vt 21.937700 -19.039200
vt 21.942699 -19.039499
vt 21.947701 -19.039700
vt 21.949200 -19.034500
vt 21.944799 -19.027500
vt 21.952700 -19.039801
vt 21.949699 -19.027500
vt 21.954201 -19.034599
vt 21.957701 -19.039900
vt 21.945400 -19.021500
vt 21.959200 -19.034700
vt 21.964199 -19.034800
vt 21.954599 -19.027599
vt 21.959700 -19.027700
vt 22.003799 -19.034901
vt 21.999701 -19.028200
vt 21.999001 -19.034800
vt 22.048401 -19.028601
vt 22.043100 -19.022400
vt 22.043100 -19.028799
vt 22.048401 -19.035400
vt 22.048300 -19.022301
vt 22.042999 -19.016100
vt 22.053699 -19.035200
vt 22.053699 -19.028500
vt 22.058901 -19.035200
vt 22.092899 -19.029400
vt 22.086901 -19.035999
vt 22.093201 -19.035900
vt 22.099501 -19.035500
vt 21.875299 -18.964300
vt 21.880301 -18.964300
vt 21.932400 -18.960300
vt 21.933901 -18.965900
vt 21.937401 -18.960501
vt 21.928801 -18.965799
vt 21.929199 -18.972799
vt 21.927401 -18.959999
vt 21.924200 -18.972700
vt 21.925100 -18.978600
vt 21.923901 -18.965599
vt 21.922400 -18.959801
vt 21.920200 -18.978500
vt 21.921200 -18.984100
vt 21.919300 -18.972500
vt 21.919100 -18.965500
vt 21.917500 -18.959700
vt 21.914499 -18.972300
vt 21.915199 -18.978399
vt 21.914301 -18.965300
vt 22.155500 -19.034800
vt 22.149000 -19.028200
vt 22.149300 -19.035400
vt 22.143101 -19.035299
vt 22.142799 -19.028299
vt 22.136900 -19.035299
vt 22.155199 -19.028200
vt 22.161400 -19.028200
vt 22.161699 -19.034700
vt 22.155001 -19.021999
vt 22.161200 -19.021999
vt 22.167601 -19.028299
vt 22.167900 -19.034500
vt 22.167299 -19.022301
vt 22.148800 -19.022100
vt 22.173700 -19.034700
vt 22.173401 -19.027500
vt 22.180401 -19.036800
vt 22.185301 -19.043100
vt 22.185400 -19.036800
vt 22.180401 -19.028799
vt 22.185301 -19.028700
vt 22.185101 -19.021999
vt 22.180099 -19.021999
vt 22.184999 -19.015699
vt 22.173201 -19.021099
vt 22.180000 -19.015800
vt 22.184799 -19.009501
vt 22.167200 -19.015900
vt 22.173100 -19.015200
vt 22.179899 -19.009600
vt 22.184700 -19.003300
vt 22.187700 -19.009501
vt 22.187901 -19.003300
vt 22.187799 -18.997101
vt 22.179800 -19.003401
vt 22.184601 -18.997101
vt 22.187599 -18.990900
vt 22.173000 -19.009199
vt 22.179701 -18.997101
vt 22.184401 -18.990999
vt 22.167101 -19.009600
vt 22.173000 -19.003201
vt 22.011999 -18.961100
vt 22.018000 -18.965900
vt 22.016899 -18.960800
vt 22.021799 -18.960501
vt 21.997299 -18.960899
vt 21.998600 -18.966400
vt 22.002100 -18.961100
vt 22.003401 -18.966101
vt 22.004000 -18.972700
vt 22.008400 -18.965900
vt 22.008900 -18.972700
vt 22.013300 -18.965900
vt 22.013700 -18.972700
vt 22.018400 -18.972700
vt 21.993799 -18.966400
vt 21.992500 -18.960800
vt 21.999001 -18.973301
vt 21.993999 -18.973400
vt 21.999599 -18.979000
vt 21.994699 -18.979401
vt 22.004601 -18.978600
vt 22.009600 -18.978399
vt 22.004900 -18.984800
vt 22.014299 -18.978500
vt 22.009899 -18.984800
vt 22.018900 -18.978701
vt 22.000500 -18.984699
vt 21.995800 -18.984699
vt 22.014700 -18.984699
vt 22.009600 -18.990900
vt 22.014601 -18.990999
vt 22.018600 -19.022400
vt 22.023500 -19.016199
vt 22.018499 -19.016100
vt 22.023300 -19.022600
vt 22.028000 -19.016199
vt 22.033001 -19.016199
vt 22.028299 -19.009800
vt 22.028299 -19.022600
vt 22.018600 -19.028700
vt 22.023300 -19.028900
vt 22.014000 -19.028700
vt 22.014000 -19.022301
vt 22.013700 -19.016100
vt 22.013901 -19.009701
vt 22.009800 -19.022301
vt 22.009600 -19.009701
vt 22.009501 -19.003401
vt 22.009501 -19.016001
vt 22.005699 -19.003500
vt 22.005501 -18.997200
vt 22.005699 -19.009800
vt 22.004999 -19.022301
vt 22.001200 -19.003500
vt 22.005301 -19.016001
vt 22.000900 -19.009800
vt 22.000700 -19.016001
vt 22.009300 -19.028601
vt 22.000200 -19.022200
vt 22.004601 -19.028400
vt 22.008600 -19.035000
vt 22.013300 -19.035299
vt 22.018101 -19.035500
vt 22.022800 -19.035601
vt 22.027700 -19.035700
vt 22.028200 -19.028999
vt 22.032801 -19.022600
vt 22.032801 -19.035900
vt 22.033001 -19.028999
vt 22.037800 -19.022499
vt 22.037901 -19.035700
vt 22.038099 -19.028799
vt 22.038000 -19.016100
vt 22.037901 -19.009701
vt 22.042999 -19.035601
vt 21.922600 -19.039400
vt 21.919001 -19.034100
vt 21.917700 -19.039301
vt 21.914101 -19.033899
vt 21.923901 -19.034100
vt 21.927601 -19.039400
vt 21.914801 -19.027201
vt 21.919300 -19.027100
vt 21.924200 -19.027201
vt 21.928900 -19.034201
vt 21.932600 -19.039200
vt 21.929399 -19.027300
vt 21.915600 -19.021200
vt 21.919701 -19.020901
vt 21.924700 -19.021000
vt 21.934000 -19.034201
vt 21.930000 -19.021299
vt 21.934700 -19.027500
vt 21.939199 -19.034300
vt 21.935301 -19.021400
vt 21.939899 -19.027599
vt 21.940500 -19.021500
vt 21.930700 -19.014999
vt 21.935900 -19.015301
vt 21.925400 -19.014799
vt 21.941000 -19.015400
vt 21.931299 -19.008801
vt 21.920401 -19.014700
vt 21.925900 -19.008499
vt 21.921101 -19.008499
vt 21.916300 -19.014999
vt 21.917000 -19.008801
vt 21.922001 -19.002501
vt 21.917400 -19.002600
vt 21.927000 -19.002600
vt 21.917299 -18.996201
vt 21.912500 -19.002501
vt 21.912100 -19.008801
vt 21.922300 -18.996300
vt 21.911400 -19.014900
vt 21.907400 -19.002399
vt 21.910700 -19.021099
vt 21.906799 -19.008400
vt 21.906200 -19.014400
vt 21.909800 -19.026800
vt 21.905500 -19.020500
vt 21.909300 -19.033701
vt 21.912800 -19.039000
vt 21.904900 -19.026600
vt 21.908001 -19.039000
vt 21.904499 -19.033600
vt 21.903200 -19.039101
vt 21.899700 -19.033501
vt 21.898300 -19.039101
vt 21.893299 -19.039000
vt 21.889999 -19.033600
vt 21.888399 -19.038700
vt 21.894899 -19.033600
vt 21.899900 -19.026501
vt 21.895100 -19.026501
vt 21.890499 -19.026800
vt 21.900499 -19.020399
vt 21.896099 -19.020800
vt 21.891100 -19.020800
vt 21.930099 -18.978701
vt 21.934299 -18.972900
vt 21.938801 -18.966101
vt 21.939400 -18.973000
vt 21.943899 -18.966101
vt 21.944401 -18.973101
vt 21.942499 -18.960600
vt 21.948999 -18.966101
vt 21.947599 -18.960600
vt 21.949400 -18.973000
vt 21.945101 -18.979099
vt 21.952600 -18.960699
vt 21.950300 -18.978901
vt 21.946199 -18.984501
vt 21.954000 -18.966101
vt 21.954500 -18.973000
vt 21.951300 -18.984501
vt 21.946899 -18.990601
vt 21.955299 -18.978800
vt 21.951799 -18.990700
vt 21.956200 -18.984600
vt 21.947001 -18.996901
vt 21.960501 -18.978600
vt 21.959499 -18.972900
vt 21.959000 -18.966000
vt 21.957600 -18.960699
vt 21.964001 -18.965900
vt 21.962601 -18.960800
vt 21.964701 -18.972601
vt 21.969101 -18.965799
vt 21.965401 -18.978600
vt 21.969700 -18.972601
vt 21.961100 -18.984600
vt 21.969801 -18.978901
vt 21.974100 -18.965799
vt 21.974600 -18.972799
vt 21.965799 -18.984800
vt 21.974701 -18.979000
vt 21.970100 -18.985001
vt 21.965500 -18.991100
vt 21.910299 -18.978201
vt 21.915899 -18.984400
vt 21.910801 -18.984400
vt 21.916901 -18.990101
vt 21.921900 -18.990000
vt 21.911699 -18.990101
vt 21.912300 -18.996201
vt 21.907301 -18.996099
vt 21.902300 -19.002399
vt 21.906799 -18.990000
vt 21.902100 -18.996099
vt 21.897200 -19.002300
vt 21.906000 -18.984200
vt 21.901899 -18.989901
vt 21.896900 -18.996099
vt 21.892000 -19.002300
vt 21.891899 -18.996000
vt 21.896900 -18.989799
vt 21.891701 -18.989799
vt 21.901100 -18.983999
vt 21.896500 -18.983601
vt 21.891399 -18.983601
vt 21.905399 -18.978001
vt 21.900600 -18.977800
vt 21.895700 -18.977600
vt 21.890900 -18.977400
vt 21.910000 -18.972000
vt 21.905399 -18.971800
vt 21.909500 -18.965099
vt 21.912701 -18.959600
vt 21.904800 -18.964899
vt 21.900600 -18.971500
vt 21.907900 -18.959600
vt 21.900000 -18.964800
vt 21.895800 -18.971300
vt 21.890900 -18.971100
vt 21.895100 -18.964500
vt 21.890200 -18.964300
vt 21.885300 -18.964300
vt 21.903099 -18.959600
vt 21.950600 -19.021900
vt 21.955700 -19.022100
vt 21.946199 -19.015699
vt 21.951200 -19.015800
vt 21.960600 -19.022100
vt 21.941601 -19.009300
vt 21.956200 -19.015900
vt 21.946600 -19.009399
vt 21.964701 -19.027901
vt 21.936501 -19.009001
vt 21.969200 -19.034901
vt 21.931801 -19.002600
vt 21.936800 -19.002800
vt 21.941799 -19.003000
vt 21.932301 -18.996500
vt 21.927200 -18.996300
vt 21.937300 -18.996599
vt 21.931999 -18.990101
vt 21.927000 -18.990101
vt 21.937000 -18.990299
vt 21.942101 -18.996700
vt 21.941900 -18.990400
vt 21.941200 -18.984501
vt 21.936100 -18.984501
vt 21.931200 -18.984301
vt 21.940001 -18.979000
vt 21.926201 -18.984100
vt 21.935101 -18.978800
vt 22.019400 -18.984800
vt 22.023500 -18.978800
vt 22.023100 -18.972700
vt 22.024300 -18.984699
vt 22.022800 -18.965700
vt 22.028400 -18.978399
vt 22.028200 -18.972300
vt 22.026899 -18.960400
vt 22.027800 -18.965599
vt 22.032101 -18.960699
vt 22.032801 -18.965401
vt 22.033199 -18.972000
vt 22.038000 -18.965500
vt 22.033300 -18.978300
vt 22.038300 -18.972000
vt 22.042999 -18.965401
vt 22.043301 -18.971901
vt 22.038500 -18.978300
vt 22.038500 -18.984699
vt 22.033300 -18.984600
vt 22.028400 -18.984699
vt 22.033199 -18.990801
vt 22.028200 -18.990900
vt 22.024401 -18.990999
vt 22.019600 -18.991100
vt 22.024300 -18.997299
vt 22.028099 -18.997200
vt 22.033001 -18.997101
vt 22.019400 -18.997400
vt 22.028700 -19.003500
vt 22.024000 -19.003500
vt 22.014299 -18.997200
vt 22.018999 -19.003401
vt 22.023701 -19.009800
vt 22.018700 -19.009701
vt 22.014000 -19.003401
vt 22.009501 -18.997200
vt 21.901199 -19.014400
vt 21.896601 -19.014700
vt 21.891500 -19.014700
vt 21.902100 -19.008699
vt 21.896999 -19.008600
vt 21.891899 -19.008499
vt 21.886801 -19.008499
vt 21.886801 -19.014799
vt 21.886400 -19.021000
vt 21.885599 -19.026800
vt 21.885099 -19.033701
vt 21.881001 -19.027201
vt 21.880199 -19.033800
vt 22.048401 -18.978201
vt 22.048401 -18.971901
vt 22.043400 -18.978300
vt 22.043301 -18.984600
vt 22.048300 -18.984501
vt 22.053499 -18.984501
vt 22.043301 -18.990900
vt 22.048401 -18.990801
vt 22.038300 -18.990999
vt 22.053499 -18.990801
vt 22.048300 -18.997000
vt 22.043200 -18.997101
vt 22.038200 -18.997200
vt 22.053400 -18.997000
vt 22.058599 -18.997000
vt 22.053400 -19.003201
vt 22.058599 -18.990700
vt 22.063801 -18.990801
vt 22.058701 -18.984501
vt 22.053499 -18.978100
vt 22.053499 -18.971800
vt 22.058701 -18.971901
vt 22.058500 -18.965500
vt 22.053400 -18.965300
vt 22.048201 -18.965300
vt 22.123699 -18.977699
vt 22.129801 -18.977900
vt 22.135900 -18.978001
vt 22.142099 -18.971901
vt 22.123600 -18.984200
vt 22.129700 -18.984301
vt 22.135900 -18.984301
vt 22.141800 -18.978300
vt 22.129700 -18.990700
vt 22.142000 -18.984400
vt 22.117500 -18.977699
vt 22.123501 -18.990900
vt 22.135900 -18.990601
vt 22.111099 -18.972000
vt 22.129700 -18.996700
vt 22.117399 -18.984301
vt 22.111000 -18.978201
vt 22.104700 -18.965500
vt 22.104601 -18.972300
vt 22.104500 -18.978500
vt 22.111000 -18.984699
vt 22.117399 -18.990700
vt 22.104601 -18.984900
vt 22.117399 -18.997200
vt 22.111099 -18.990999
vt 22.098200 -18.978600
vt 22.098200 -18.972300
vt 22.098400 -18.965900
vt 22.098499 -18.960600
vt 22.092199 -18.966000
vt 22.092199 -18.961201
vt 22.042999 -19.009701
vt 22.048300 -19.015900
vt 22.048201 -19.009600
vt 22.053499 -19.009600
vt 22.048201 -19.003201
vt 22.042999 -19.003201
vt 22.038000 -19.003300
vt 22.032900 -19.003401
vt 22.032900 -19.009800
vt 22.080000 -18.972000
vt 22.074100 -18.978201
vt 22.080000 -18.978300
vt 22.086000 -18.972200
vt 22.086000 -18.966000
vt 22.086000 -18.978500
vt 22.091999 -18.972300
vt 22.080000 -18.965799
vt 22.073999 -18.971901
vt 22.073999 -18.965799
vt 22.069000 -18.972000
vt 22.068899 -18.965700
vt 22.063900 -18.971901
vt 22.063700 -18.965700
vt 22.069000 -18.978100
vt 22.063900 -18.978100
vt 22.058800 -18.978100
vt 22.063900 -18.984400
vt 22.069000 -18.984501
vt 22.074100 -18.984600
vt 22.069000 -18.990801
vt 22.080099 -18.984699
vt 22.074200 -18.990801
vt 22.063801 -18.997101
vt 22.069000 -18.997101
vt 22.074200 -18.997200
vt 22.080099 -18.990999
vt 22.086000 -18.984900
vt 22.080200 -18.997299
vt 22.091999 -18.978600
vt 22.092100 -18.985100
vt 22.086201 -18.991199
vt 22.098200 -18.985001
vt 22.092199 -18.991400
vt 22.086399 -18.997499
vt 22.104799 -18.991199
vt 22.098400 -18.991400
vt 22.111200 -18.997101
vt 22.104900 -18.997400
vt 22.092400 -18.997700
vt 22.111401 -19.003401
vt 22.098600 -18.997601
vt 22.167000 -19.003300
vt 22.160999 -19.015900
vt 22.160900 -19.009600
vt 22.154900 -19.015800
vt 22.172800 -18.997299
vt 22.160801 -19.003300
vt 22.154699 -19.009501
vt 22.166901 -18.997101
vt 22.172600 -18.991301
vt 22.179501 -18.990900
vt 22.166700 -18.990801
vt 22.160700 -18.997000
vt 22.154600 -19.003300
vt 22.184299 -18.984900
vt 22.179300 -18.984800
vt 22.184200 -18.978600
vt 22.179100 -18.978600
vt 22.184200 -18.971901
vt 22.179199 -18.971800
vt 22.184299 -18.963699
vt 22.172501 -18.979500
vt 22.172501 -18.985399
vt 22.166599 -18.984600
vt 22.172501 -18.973101
vt 22.167000 -18.978600
vt 22.172501 -18.965401
vt 22.160601 -18.990801
vt 22.160700 -18.978399
vt 22.167000 -18.972401
vt 22.154600 -18.997000
vt 22.160500 -18.984501
vt 22.148399 -19.003201
vt 22.154499 -18.990700
vt 22.148399 -18.997000
vt 22.154400 -18.984501
vt 22.148300 -18.990700
vt 22.153799 -18.978201
vt 22.148100 -18.984600
vt 22.142099 -18.996901
vt 22.142200 -19.003201
vt 22.142099 -18.990700
vt 22.147699 -18.978500
vt 22.136000 -18.996901
vt 22.147900 -18.972099
vt 22.136000 -19.003201
vt 22.129801 -19.003300
vt 22.148500 -18.965200
vt 22.153799 -18.971800
vt 22.160400 -18.972200
vt 22.154499 -18.965200
vt 22.148500 -18.960199
vt 22.142300 -18.960300
vt 22.160700 -18.965300
vt 22.166800 -18.965401
vt 22.154699 -18.960100
vt 22.160801 -18.960199
vt 22.166901 -18.960300
vt 22.179300 -18.963600
vt 22.172701 -18.959299
vt 22.179399 -18.957199
vt 22.184401 -18.957300
vt 22.111700 -19.022200
vt 22.117201 -19.016300
vt 22.111200 -19.015900
vt 22.117300 -19.009600
vt 22.105600 -19.028700
vt 22.112400 -19.028700
vt 22.105801 -19.035299
vt 22.117100 -19.022200
vt 22.123301 -19.016100
vt 22.112600 -19.035500
vt 22.118000 -19.028601
vt 22.118700 -19.035700
vt 22.123400 -19.022499
vt 22.124201 -19.028700
vt 22.124100 -19.035500
vt 22.130301 -19.028500
vt 22.130699 -19.035900
vt 22.129900 -19.022301
vt 22.136600 -19.028299
vt 22.136400 -19.022100
vt 22.129900 -19.015800
vt 22.142599 -19.022100
vt 22.148600 -19.015699
vt 22.142500 -19.015699
vt 22.148600 -19.009899
vt 22.142200 -19.009899
vt 22.136299 -19.015699
vt 22.136000 -19.009899
vt 22.130100 -19.009399
vt 22.123699 -19.009100
vt 22.123501 -19.003599
vt 22.117399 -19.003401
vt 22.123301 -18.997400
vt 21.956699 -18.990801
vt 21.960899 -18.990900
vt 21.956600 -18.997101
vt 21.961100 -18.997200
vt 21.970400 -18.991100
vt 21.951599 -18.997000
vt 21.965799 -18.997299
vt 21.974899 -18.985300
vt 21.970699 -18.997299
vt 21.975700 -18.990999
vt 21.980200 -18.985100
vt 21.979799 -18.979000
vt 21.979601 -18.972799
vt 21.979099 -18.965900
vt 21.984100 -18.966101
vt 21.984699 -18.972700
vt 21.985201 -18.978701
vt 21.987600 -18.960800
vt 21.989000 -18.966299
vt 21.989100 -18.973301
vt 21.990200 -18.978800
vt 21.985500 -18.984800
vt 21.990801 -18.984699
vt 21.980801 -18.990999
vt 21.986000 -18.990999
vt 21.991100 -18.990900
vt 21.996300 -18.990801
vt 21.991301 -18.997200
vt 22.000999 -18.990900
vt 21.996401 -18.997200
vt 22.004900 -18.990999
vt 22.001200 -18.997200
vt 21.996401 -19.003500
vt 21.986000 -18.997299
vt 21.996201 -19.009800
vt 21.991199 -19.003500
vt 21.986099 -19.003500
vt 21.981001 -18.997299
vt 21.996000 -19.016100
vt 21.990999 -19.009800
vt 21.995300 -19.022100
vt 21.990801 -19.016001
vt 21.986000 -19.009800
vt 21.994900 -19.028200
vt 21.994101 -19.034800
vt 21.990499 -19.022301
vt 21.990000 -19.028400
vt 21.989201 -19.034800
vt 21.985500 -19.015900
vt 21.981001 -19.009800
vt 21.985300 -19.022200
vt 21.980700 -19.016100
vt 21.980900 -19.003500
vt 21.975800 -19.009800
vt 21.984900 -19.028400
vt 21.980101 -19.022100
vt 21.975700 -19.016100
vt 21.979900 -19.028400
vt 21.984200 -19.035000
vt 21.975201 -19.022200
vt 21.979200 -19.035000
vt 21.974899 -19.028400
vt 21.970900 -19.016100
vt 21.970501 -19.022200
vt 21.974199 -19.035000
vt 21.969900 -19.028200
vt 21.965599 -19.022301
vt 21.966000 -19.016001
vt 21.961100 -19.016001
vt 21.970800 -19.009800
vt 21.965700 -19.009800
vt 21.961201 -19.009701
vt 21.956100 -19.009600
vt 21.975599 -19.003599
vt 21.970501 -19.003599
vt 21.965700 -19.003500
vt 21.960899 -19.003500
vt 21.976000 -18.997299
vt 21.955999 -19.003300
vt 21.951300 -19.009501
vt 21.951300 -19.003201
vt 21.946899 -19.003201
vt 22.105101 -19.003599
vt 22.092600 -19.003799
vt 22.086399 -19.003799
vt 22.080200 -19.003700
vt 22.086500 -19.010201
vt 22.098801 -19.003799
vt 22.092699 -19.010099
vt 22.099001 -19.009899
vt 22.080200 -19.010099
vt 22.074100 -19.003599
vt 22.073999 -19.010000
vt 22.080200 -19.016600
vt 22.073999 -19.016399
vt 22.068899 -19.003500
vt 22.068800 -19.009899
vt 22.068800 -19.016300
vt 22.063801 -19.003401
vt 22.063700 -19.009800
vt 22.063700 -19.016100
vt 22.058599 -19.003300
vt 22.063801 -19.022400
vt 22.058599 -19.009600
vt 22.058701 -19.016001
vt 22.058701 -19.022200
vt 22.053499 -19.015900
vt 22.053699 -19.022200
vt 22.058901 -19.028500
vt 22.063999 -19.028601
vt 22.064100 -19.035299
vt 22.068899 -19.022600
vt 22.069099 -19.028700
vt 22.069300 -19.035299
vt 22.073999 -19.022800
vt 22.074200 -19.028999
vt 22.074499 -19.035601
vt 22.080200 -19.023100
vt 22.080400 -19.029400
vt 22.080700 -19.035801
vt 22.086399 -19.016800
vt 22.086399 -19.023199
vt 22.086599 -19.029600
vt 22.092699 -19.016600
vt 22.092699 -19.023100
vt 22.099199 -19.028999
vt 22.099100 -19.022699
vt 22.099001 -19.016399
vt 22.105400 -19.022499
vt 22.105301 -19.016100
vt 22.105200 -19.009800
vt 22.111200 -19.009701
vt 21.815800 -19.020500
vt 21.820601 -19.013300
vt 21.815701 -19.013300
vt 21.827200 -19.006800
vt 21.827299 -19.014099
vt 21.833200 -19.013100
vt 21.820801 -19.020500
vt 21.820801 -19.027700
vt 21.815901 -19.027800
vt 21.833401 -19.020300
vt 21.827600 -19.020901
vt 21.839300 -19.013000
vt 21.820801 -19.034901
vt 21.815901 -19.035000
vt 21.815701 -19.042101
vt 21.820700 -19.042200
vt 21.820499 -19.049400
vt 21.815500 -19.049400
vt 21.820400 -19.057100
vt 21.815399 -19.057100
vt 21.820400 -19.065300
vt 21.815300 -19.065399
vt 21.827000 -19.055700
vt 21.826900 -19.063499
vt 21.827400 -19.048500
vt 21.827600 -19.041700
vt 21.820299 -19.072001
vt 21.815201 -19.071899
vt 21.826900 -19.070000
vt 22.156500 -18.930401
vt 22.158600 -18.937000
vt 22.162800 -18.928499
vt 22.149700 -18.927500
vt 22.154900 -18.925800
vt 22.151300 -18.932199
vt 22.144600 -18.929100
vt 22.153500 -18.938700
vt 22.160700 -18.944000
vt 22.155600 -18.945801
vt 22.146299 -18.934099
vt 22.139601 -18.930901
vt 22.141300 -18.935900
vt 22.148500 -18.940599
vt 22.136299 -18.937500
vt 22.134600 -18.932501
vt 22.143400 -18.942200
vt 22.129601 -18.934299
vt 21.894100 -19.049101
vt 21.888300 -19.056400
vt 21.894400 -19.056299
vt 21.894501 -19.063000
vt 21.901199 -19.055700
vt 21.901400 -19.062700
vt 21.908100 -19.055599
vt 21.907900 -19.049101
vt 21.908199 -19.062700
vt 21.900999 -19.049101
vt 21.914600 -19.049200
vt 21.900700 -19.041700
vt 21.907700 -19.041700
vt 21.914499 -19.041700
vt 21.915001 -19.055599
vt 21.921200 -19.041599
vt 21.921400 -19.049200
vt 21.914499 -19.034700
vt 21.915199 -19.062700
vt 21.921801 -19.055700
vt 21.927999 -19.041599
vt 21.928301 -19.049200
vt 21.922001 -19.062599
vt 21.928499 -19.055599
vt 21.915400 -19.067801
vt 21.934601 -19.055201
vt 21.928801 -19.062500
vt 21.934799 -19.061899
vt 21.929100 -19.067600
vt 21.922199 -19.067600
vt 21.908400 -19.067900
vt 21.901501 -19.068100
vt 22.144300 -19.008101
vt 22.149300 -19.006300
vt 22.147499 -19.001600
vt 22.154400 -19.004700
vt 22.152599 -18.999800
vt 22.142500 -19.003300
vt 22.139200 -19.010000
vt 22.150200 -18.993401
vt 22.145201 -18.995100
vt 22.155300 -18.991699
vt 22.157700 -18.998100
vt 22.159500 -19.003000
vt 22.164499 -19.001200
vt 22.162800 -18.996401
vt 22.169701 -18.999399
vt 22.167900 -18.994600
vt 22.174801 -18.997700
vt 22.173000 -18.992901
vt 22.179899 -18.996000
vt 22.178101 -18.991199
vt 22.185499 -18.992201
vt 22.160400 -18.990000
vt 22.165501 -18.988199
vt 22.184200 -18.988800
vt 22.175699 -18.984800
vt 22.182199 -18.982599
vt 22.184299 -18.974199
vt 22.186899 -18.980900
vt 22.179701 -18.975800
vt 22.181900 -18.967400
vt 22.170700 -18.986500
vt 22.173201 -18.978001
vt 22.167999 -18.979700
vt 22.177200 -18.969000
vt 22.179399 -18.960699
vt 22.170601 -18.971201
vt 22.174601 -18.962299
vt 22.177000 -18.953899
vt 22.162901 -18.981400
vt 22.165501 -18.972900
vt 22.167999 -18.964500
vt 22.172199 -18.955400
vt 22.174700 -18.947100
vt 22.157801 -18.983200
vt 22.169701 -18.948601
vt 22.172199 -18.940201
vt 22.160400 -18.974600
vt 22.152800 -18.984800
vt 22.155300 -18.976299
vt 22.163000 -18.966101
vt 22.157801 -18.967800
vt 22.147699 -18.986601
vt 22.150200 -18.978001
vt 22.152800 -18.969500
vt 22.160500 -18.959299
vt 22.155399 -18.960899
vt 22.165501 -18.957701
vt 22.163099 -18.950899
vt 22.158100 -18.952499
vt 22.167299 -18.941700
vt 22.153099 -18.954201
vt 22.165199 -18.934700
vt 22.170000 -18.933100
vt 22.166300 -18.927401
vt 22.150400 -18.962700
vt 22.147699 -18.971201
vt 22.148001 -18.955900
vt 22.145201 -18.979700
vt 22.145399 -18.964399
vt 22.142700 -18.972900
vt 22.142700 -18.988300
vt 22.140100 -18.981501
vt 22.140200 -18.996901
vt 22.137699 -18.990101
vt 22.137400 -19.005100
vt 22.135099 -18.998699
vt 22.132401 -19.007000
vt 22.132700 -18.991899
vt 22.135201 -18.983299
vt 22.132799 -18.976400
vt 22.130100 -19.000500
vt 22.130199 -18.985001
vt 22.134199 -19.011900
vt 22.125099 -19.002300
vt 22.127399 -19.008801
vt 22.129200 -19.013800
vt 22.122400 -19.010599
vt 22.124201 -19.015699
vt 22.117300 -19.012501
vt 22.119101 -19.017599
vt 22.120100 -19.004101
vt 22.115101 -19.005899
vt 22.112301 -19.014299
vt 22.110100 -19.007799
vt 22.114100 -19.019400
vt 22.105200 -19.009701
vt 22.107300 -19.016199
vt 22.108999 -19.021099
vt 22.102301 -19.018000
vt 22.103800 -19.022800
vt 22.033199 -19.049400
vt 22.026501 -19.046000
vt 22.028099 -19.051201
vt 22.022301 -19.052700
vt 22.020800 -19.047501
vt 22.016399 -19.054100
vt 22.031601 -19.044201
vt 22.038300 -19.047501
vt 22.024401 -19.039200
vt 22.015100 -19.049101
vt 22.010500 -19.055401
vt 22.018801 -19.040701
vt 22.029400 -19.037500
vt 22.009300 -19.050501
vt 22.022301 -19.032499
vt 22.013201 -19.042200
vt 22.016701 -19.034000
vt 22.004601 -19.056601
vt 22.007500 -19.043699
vt 22.003500 -19.052000
vt 21.933901 -19.041100
vt 21.934299 -19.048599
vt 21.940599 -19.054701
vt 21.941000 -19.061501
vt 21.940300 -19.048000
vt 21.939899 -19.040600
vt 21.933599 -19.033701
vt 21.947100 -19.060900
vt 21.946699 -19.054300
vt 21.953400 -19.060200
vt 21.946301 -19.047300
vt 21.952801 -19.053801
vt 21.959600 -19.059601
vt 21.882299 -19.068199
vt 21.875999 -19.063101
vt 21.875999 -19.068501
vt 21.869900 -19.068501
vt 21.888399 -19.063200
vt 21.882200 -19.063200
vt 21.882200 -19.056299
vt 21.888100 -19.049000
vt 21.875999 -19.056200
vt 21.893900 -19.041800
vt 21.882099 -19.049000
vt 21.887899 -19.041800
vt 21.893999 -19.034599
vt 21.875999 -19.049000
vt 21.881701 -19.041700
vt 21.869801 -19.056200
vt 21.875500 -19.041800
vt 21.869801 -19.063200
vt 21.869699 -19.049000
vt 21.863701 -19.056200
vt 21.863701 -19.068399
vt 21.863701 -19.063200
vt 21.857500 -19.056400
vt 21.857500 -19.063299
vt 21.857500 -19.068399
vt 21.857500 -19.049101
vt 21.863600 -19.049000
vt 21.869301 -19.041800
vt 21.863300 -19.041800
vt 21.875099 -19.034599
vt 21.868999 -19.034599
vt 21.881300 -19.034599
vt 21.887699 -19.034500
vt 21.881399 -19.027399
vt 21.875099 -19.027399
vt 21.869101 -19.027399
vt 21.887800 -19.027399
vt 21.894199 -19.027399
vt 21.875601 -19.020201
vt 21.881800 -19.020201
vt 21.888201 -19.020201
vt 21.900801 -19.034599
vt 21.869600 -19.020201
vt 21.907700 -19.034700
vt 21.900900 -19.027399
vt 21.894501 -19.020300
vt 21.907700 -19.027399
vt 21.901100 -19.020300
vt 21.888500 -19.013000
vt 21.894800 -19.013000
vt 21.907700 -19.020300
vt 21.901300 -19.013000
vt 21.882299 -19.013000
vt 21.888700 -19.005699
vt 21.876101 -19.013000
vt 21.882401 -19.005699
vt 21.876301 -19.005699
vt 21.870001 -19.012899
vt 21.870100 -19.005699
vt 21.882500 -18.998899
vt 21.888800 -18.999001
vt 21.876200 -18.998600
vt 21.895201 -18.999399
vt 21.869900 -18.998600
vt 21.863899 -18.998899
vt 21.863899 -19.005699
vt 21.864000 -18.993900
vt 21.857700 -18.993900
vt 22.110399 -18.992201
vt 22.117701 -18.997200
vt 22.115299 -18.990400
vt 22.112700 -18.999100
vt 22.108299 -18.985500
vt 22.113100 -18.983601
vt 22.105499 -18.994200
vt 22.107700 -19.000900
vt 22.103399 -18.987400
vt 22.100700 -18.996201
vt 22.102800 -19.002899
vt 22.098400 -18.989300
vt 22.095699 -18.998100
vt 22.093500 -18.991199
vt 22.098000 -19.004900
vt 22.100201 -19.011700
vt 22.093000 -19.006800
vt 22.090700 -18.999901
vt 22.088499 -18.993099
vt 22.095200 -19.013599
vt 22.097300 -19.019899
vt 22.087900 -19.008699
vt 22.085699 -19.001801
vt 22.083500 -18.995001
vt 22.090200 -19.015499
vt 22.092199 -19.021799
vt 22.085100 -19.017401
vt 22.087200 -19.023600
vt 22.080099 -19.019300
vt 22.082100 -19.025499
vt 22.068501 -19.035700
vt 22.061899 -19.032900
vt 22.063499 -19.037800
vt 22.056900 -19.034800
vt 22.054701 -19.028400
vt 22.066900 -19.031000
vt 22.073500 -19.033701
vt 22.059799 -19.026501
vt 22.064800 -19.024700
vt 22.072001 -19.029200
vt 22.052500 -19.021601
vt 22.047501 -19.023399
vt 22.057600 -19.019800
vt 22.069901 -19.022900
vt 22.077101 -19.027399
vt 22.062599 -19.017900
vt 22.075001 -19.021099
vt 22.067699 -19.016100
vt 22.072800 -19.014299
vt 22.077801 -19.012501
vt 22.065500 -19.009300
vt 22.070601 -19.007401
vt 22.082899 -19.010599
vt 22.075600 -19.005600
vt 22.080700 -19.003700
vt 22.068300 -19.000500
vt 22.063299 -19.002399
vt 22.073400 -18.998699
vt 22.058201 -19.004200
vt 22.078400 -18.996901
vt 22.071199 -18.991800
vt 22.076200 -18.990000
vt 22.069099 -18.985001
vt 22.060400 -19.011101
vt 22.053200 -19.006001
vt 22.055401 -19.012899
vt 22.048100 -19.007799
vt 22.050301 -19.014700
vt 22.043100 -19.009600
vt 22.040800 -19.002800
vt 22.035801 -19.004601
vt 22.038000 -19.011499
vt 22.045300 -19.016500
vt 22.040199 -19.018299
vt 21.965099 -19.052601
vt 21.965900 -19.059000
vt 21.972401 -19.057899
vt 21.971500 -19.051399
vt 21.978901 -19.056801
vt 21.958900 -19.053101
vt 21.952400 -19.046700
vt 21.958500 -19.046200
vt 21.985399 -19.055700
vt 21.991800 -19.054701
vt 21.990400 -19.048100
vt 21.997700 -19.053301
vt 21.984100 -19.049200
vt 21.996099 -19.046600
vt 22.001900 -19.045200
vt 21.988899 -19.041000
vt 21.994499 -19.039600
vt 21.977800 -19.050301
vt 21.982800 -19.042101
vt 21.976601 -19.043301
vt 21.987301 -19.034100
vt 21.970501 -19.044500
vt 21.964500 -19.045601
vt 21.981199 -19.035200
vt 21.963699 -19.038500
vt 21.958000 -19.039101
vt 21.952000 -19.039700
vt 21.969601 -19.037300
vt 21.975300 -19.036200
vt 21.945999 -19.040199
vt 21.979799 -19.028099
vt 21.962799 -19.031300
vt 21.968300 -19.030300
vt 21.974001 -19.029200
vt 21.961599 -19.024200
vt 21.957199 -19.032000
vt 21.967199 -19.023001
vt 21.956100 -19.024700
vt 21.951401 -19.032400
vt 21.960501 -19.017200
vt 21.950399 -19.025200
vt 21.945400 -19.032801
vt 21.954901 -19.017700
vt 21.944599 -19.025600
vt 21.939400 -19.033100
vt 21.933201 -19.026501
vt 21.938900 -19.025999
vt 21.932800 -19.019501
vt 21.949400 -19.018101
vt 21.943800 -19.018499
vt 21.938299 -19.018999
vt 21.932301 -19.012501
vt 21.926800 -19.013100
vt 21.926500 -19.006201
vt 21.931801 -19.005501
vt 21.937700 -19.011900
vt 21.926201 -18.999599
vt 21.943199 -19.011499
vt 21.937201 -19.004999
vt 21.942499 -19.004601
vt 21.948601 -19.011200
vt 21.947901 -19.004200
vt 22.058500 -19.039700
vt 22.051800 -19.036699
vt 22.053499 -19.041700
vt 22.046801 -19.038601
vt 22.044600 -19.032101
vt 22.049700 -19.030199
vt 22.042400 -19.025200
vt 22.037399 -19.027100
vt 22.035101 -19.020201
vt 22.030300 -19.021900
vt 22.028000 -19.015100
vt 22.023100 -19.016899
vt 22.033001 -19.013300
vt 22.021500 -19.009800
vt 22.016399 -19.011600
vt 22.025900 -19.008200
vt 22.014299 -19.004700
vt 22.030701 -19.006500
vt 22.019300 -19.002899
vt 22.023701 -19.001301
vt 22.008900 -19.006300
vt 22.010700 -19.013201
vt 22.016701 -18.996201
vt 22.021500 -18.994499
vt 22.028601 -18.999599
vt 22.011700 -18.997999
vt 22.003500 -19.007700
vt 22.005301 -19.014601
vt 22.006701 -18.999399
vt 22.009501 -18.991199
vt 22.014400 -18.989300
vt 22.001600 -19.000799
vt 22.004601 -18.992500
vt 22.007500 -18.984600
vt 22.019400 -18.987600
vt 21.998400 -19.009100
vt 21.999901 -19.015900
vt 22.001699 -19.022900
vt 21.994699 -19.017300
vt 21.993200 -19.010401
vt 21.988001 -19.011700
vt 21.996500 -19.002100
vt 21.991400 -19.003300
vt 21.986300 -19.004499
vt 21.981199 -19.005800
vt 21.994699 -18.995399
vt 21.989700 -18.996700
vt 21.984699 -18.997700
vt 21.979601 -18.998800
vt 21.988001 -18.989901
vt 21.983101 -18.991100
vt 21.954100 -19.010700
vt 21.953199 -19.003599
vt 21.947201 -18.997400
vt 21.959499 -19.010099
vt 21.958599 -19.002899
vt 21.972799 -19.022100
vt 21.964899 -19.008900
vt 21.971600 -19.014999
vt 21.978600 -19.021000
vt 21.970301 -19.007799
vt 21.963800 -19.001801
vt 21.977100 -19.013901
vt 21.969101 -19.000799
vt 21.957600 -18.996201
vt 21.962799 -18.995001
vt 21.952400 -18.996700
vt 21.975800 -19.006800
vt 21.957001 -18.990700
vt 21.967899 -18.994101
vt 21.974300 -18.999701
vt 21.978201 -18.992300
vt 21.982700 -19.012800
vt 21.984200 -19.019899
vt 21.989401 -19.018600
vt 21.985901 -19.026899
vt 21.990999 -19.025700
vt 21.992701 -19.032700
vt 21.998100 -19.031300
vt 21.996300 -19.024300
vt 22.000000 -19.038200
vt 22.005501 -19.036900
vt 22.003599 -19.029900
vt 22.007099 -19.021601
vt 22.011000 -19.035500
vt 22.009001 -19.028601
vt 22.012501 -19.020201
vt 22.014601 -19.027100
vt 22.020201 -19.025600
vt 22.018000 -19.018700
vt 22.027399 -19.030701
vt 22.025299 -19.023701
vt 22.032400 -19.028799
vt 22.034500 -19.035700
vt 22.036600 -19.042400
vt 22.039600 -19.033899
vt 22.041700 -19.040501
vt 22.043400 -19.045601
vt 22.048401 -19.043600
vt 22.131300 -18.939199
vt 22.124701 -18.936100
vt 22.138399 -18.944000
vt 22.145700 -18.948900
vt 22.126301 -18.940901
vt 22.119699 -18.938000
vt 22.150700 -18.947300
vt 22.140699 -18.950701
vt 22.143000 -18.957500
vt 22.133400 -18.945601
vt 22.135700 -18.952400
vt 22.140400 -18.966101
vt 22.138000 -18.959299
vt 22.130800 -18.954100
vt 22.128401 -18.947201
vt 22.132999 -18.961000
vt 22.121300 -18.942600
vt 22.123501 -18.948900
vt 22.125799 -18.955799
vt 22.135401 -18.967800
vt 22.128201 -18.962700
vt 22.137699 -18.974701
vt 22.130400 -18.969500
vt 22.120899 -18.957600
vt 22.123199 -18.964399
vt 22.125500 -18.971300
vt 22.115999 -18.959400
vt 22.127800 -18.978201
vt 22.118401 -18.966200
vt 22.120501 -18.973101
vt 22.122900 -18.979900
vt 22.125200 -18.986799
vt 22.115801 -18.975000
vt 22.127600 -18.993700
vt 22.117901 -18.981701
vt 22.120300 -18.988600
vt 22.122700 -18.995501
vt 22.113501 -18.968100
vt 22.081301 -18.988199
vt 22.074100 -18.983200
vt 22.066900 -18.978100
vt 22.086399 -18.986300
vt 22.079201 -18.981300
vt 22.072100 -18.976299
vt 22.064699 -18.971300
vt 22.091400 -18.984400
vt 22.084299 -18.979401
vt 22.077200 -18.974501
vt 22.069799 -18.969400
vt 22.062599 -18.965200
vt 22.096201 -18.982500
vt 22.089300 -18.977600
vt 22.067600 -18.963400
vt 22.082199 -18.972601
vt 22.074900 -18.967600
vt 22.072599 -18.961399
vt 22.079901 -18.965700
vt 22.087099 -18.970800
vt 22.077600 -18.959499
vt 22.084801 -18.963900
vt 22.082500 -18.957500
vt 21.992901 -18.988701
vt 21.999599 -18.993799
vt 22.002701 -18.986000
vt 21.997900 -18.987400
vt 21.986700 -18.984800
vt 21.982000 -18.986401
vt 21.996599 -18.982599
vt 21.991600 -18.983500
vt 22.037399 -18.974199
vt 22.030899 -18.971100
vt 22.032400 -18.975901
vt 22.025900 -18.972900
vt 21.839300 -19.042101
vt 21.833300 -19.042101
vt 21.839001 -19.049299
vt 21.833500 -19.034901
vt 21.833000 -19.049299
vt 21.832800 -19.056499
vt 21.839001 -19.056499
vt 21.832800 -19.063299
vt 21.832701 -19.068800
vt 21.839001 -19.063400
vt 21.839001 -19.068701
vt 21.845200 -19.068701
vt 21.845200 -19.063400
vt 21.851299 -19.068600
vt 21.851299 -19.063400
vt 21.845200 -19.056499
vt 21.851400 -19.056400
vt 21.845200 -19.049200
vt 21.851400 -19.049200
vt 21.845301 -19.042000
vt 21.839300 -19.034800
vt 21.851400 -19.042000
vt 21.857401 -19.041800
vt 21.845501 -19.034800
vt 21.851400 -19.034700
vt 21.863001 -19.034599
vt 21.857300 -19.034599
vt 21.845400 -19.027599
vt 21.851601 -19.027500
vt 21.857401 -19.027399
vt 21.863199 -19.027399
vt 21.851601 -19.020300
vt 21.863600 -19.020100
vt 21.857599 -19.020201
vt 21.845400 -19.020300
vt 21.851500 -19.013000
vt 21.857700 -19.013000
vt 21.863800 -19.013000
vt 21.857700 -19.005800
vt 21.857700 -18.999001
vt 21.851500 -19.005800
vt 21.845301 -19.013100
vt 21.845301 -19.005800
vt 21.839199 -19.020300
vt 21.839300 -19.027599
vt 21.833500 -19.027599
vt 21.827700 -19.027800
vt 21.827700 -19.034700
vt 22.114700 -18.939699
vt 22.116400 -18.944401
vt 22.109800 -18.941500
vt 22.104900 -18.943501
vt 22.111401 -18.946199
vt 22.118601 -18.950701
vt 22.113701 -18.952600
vt 22.106501 -18.948200
vt 22.100000 -18.945400
vt 22.108801 -18.954399
vt 22.101700 -18.950001
vt 22.096901 -18.951799
vt 22.103901 -18.956301
vt 22.111099 -18.961201
vt 22.106300 -18.963100
vt 22.099199 -18.958200
vt 22.092100 -18.953699
vt 22.108601 -18.969900
vt 22.101601 -18.965000
vt 22.094500 -18.960100
vt 22.087299 -18.955601
vt 22.110901 -18.976801
vt 22.103800 -18.971800
vt 22.106001 -18.978600
vt 22.096800 -18.966900
vt 22.099001 -18.973801
vt 22.101101 -18.980499
vt 22.094200 -18.975700
vt 22.091999 -18.968800
vt 22.089701 -18.962000
vt 21.973101 -18.993099
vt 21.972200 -18.988300
vt 21.967199 -18.988899
vt 21.962000 -18.989799
vt 21.941500 -18.992500
vt 21.946600 -18.991800
vt 21.951799 -18.991199
vt 21.901600 -18.995001
vt 21.907801 -18.999901
vt 21.907801 -18.994900
vt 21.901400 -19.005899
vt 21.901501 -18.999599
vt 21.895000 -19.005800
vt 21.907700 -19.006100
vt 21.914000 -19.000000
vt 21.907700 -19.013000
vt 21.914000 -19.006201
vt 21.914000 -18.994600
vt 21.914101 -19.013000
vt 21.920099 -18.999701
vt 21.920200 -19.006399
vt 21.914200 -19.020300
vt 21.920500 -19.013100
vt 21.914400 -19.027300
vt 21.920700 -19.020100
vt 21.921000 -19.027201
vt 21.927200 -19.020000
vt 21.921200 -19.034500
vt 21.927601 -19.027100
vt 21.927900 -19.034401
vt 21.920000 -18.994200
vt 21.926001 -18.993999
vt 21.931400 -18.998899
vt 21.936701 -18.998501
vt 21.931101 -18.993700
vt 21.941900 -18.997900
vt 21.936300 -18.993200
vt 21.851500 -18.993900
vt 21.851500 -18.998899
vt 21.845301 -18.998899
vt 21.839199 -18.999100
vt 21.839199 -19.005800
vt 21.833099 -18.999300
vt 21.827299 -18.999100
vt 21.827499 -18.993099
vt 21.833000 -19.006001
vt 21.820700 -18.991301
vt 21.820601 -19.005600
vt 21.820601 -18.997499
vt 21.815599 -18.997601
vt 21.815599 -19.005600
vt 22.020901 -18.974600
vt 22.027399 -18.977600
vt 22.022400 -18.979300
vt 22.015900 -18.976500
vt 22.034500 -18.982401
vt 22.029400 -18.984100
vt 22.039400 -18.980499
vt 22.044399 -18.978701
vt 22.042400 -18.972401
vt 22.041500 -18.987200
vt 22.036501 -18.989000
vt 22.049400 -18.976900
vt 22.047400 -18.970699
vt 22.046600 -18.985399
vt 22.051600 -18.983601
vt 22.054501 -18.975100
vt 22.052401 -18.968901
vt 22.056700 -18.981800
vt 22.053801 -18.990400
vt 22.059500 -18.973200
vt 22.057501 -18.967100
vt 22.061800 -18.979900
vt 22.058901 -18.988600
vt 22.063999 -18.986799
vt 22.066099 -18.993700
vt 22.061100 -18.995501
vt 22.056000 -18.997299
vt 22.048700 -18.992201
vt 22.043699 -18.994101
vt 22.050900 -18.999100
vt 22.045900 -19.000999
vt 22.038601 -18.995899
vt 22.031500 -18.990801
vt 22.033600 -18.997700
vt 22.024401 -18.985901
vt 22.026600 -18.992701
vt 22.017401 -18.981199
vt 22.012400 -18.982800
vt 21.978901 -19.065001
vt 21.972900 -19.071699
vt 21.979099 -19.071699
vt 21.978201 -19.043800
vt 21.983900 -19.036501
vt 21.977800 -19.036600
vt 21.985201 -19.064899
vt 21.985399 -19.071699
vt 21.984900 -19.058100
vt 21.978701 -19.058201
vt 21.984600 -19.050900
vt 21.978500 -19.051001
vt 21.984200 -19.043699
vt 21.983700 -19.029200
vt 21.991100 -19.058001
vt 21.991400 -19.064800
vt 21.991600 -19.071600
vt 21.990801 -19.050800
vt 21.997400 -19.057899
vt 21.997601 -19.064699
vt 21.997801 -19.071501
vt 21.997101 -19.050699
vt 22.003599 -19.057699
vt 22.003799 -19.064600
vt 22.004000 -19.071400
vt 22.003300 -19.050501
vt 22.009899 -19.057600
vt 22.010099 -19.064400
vt 22.010300 -19.071301
vt 22.009600 -19.050400
vt 22.016100 -19.057501
vt 22.016300 -19.064301
vt 22.016500 -19.071100
vt 22.022499 -19.064100
vt 22.022699 -19.070900
vt 22.015900 -19.050301
vt 22.022400 -19.057301
vt 22.028799 -19.063900
vt 22.028999 -19.070801
vt 22.035700 -19.068800
vt 22.035601 -19.063801
vt 22.040501 -19.063700
vt 22.035400 -19.056900
vt 22.042200 -19.056700
vt 22.028601 -19.057100
vt 22.022100 -19.050100
vt 22.035200 -19.049700
vt 22.042000 -19.049500
vt 22.028400 -19.049900
vt 22.034901 -19.042500
vt 22.041800 -19.042200
vt 22.041500 -19.035101
vt 22.021900 -19.042900
vt 22.028200 -19.042601
vt 22.034700 -19.035299
vt 22.034599 -19.028000
vt 22.041401 -19.027901
vt 22.027901 -19.035400
vt 22.021700 -19.035700
vt 22.015400 -19.043100
vt 22.027800 -19.028200
vt 22.021500 -19.028500
vt 22.009100 -19.043301
vt 22.014999 -19.035999
vt 22.014999 -19.028700
vt 22.002899 -19.043400
vt 22.008600 -19.036100
vt 22.008600 -19.028900
vt 21.996700 -19.043501
vt 22.002399 -19.036200
vt 22.002399 -19.028999
vt 21.990499 -19.043600
vt 21.996500 -19.036400
vt 21.990200 -19.036400
vt 21.996401 -19.029100
vt 21.990101 -19.029200
vt 21.990000 -19.021999
vt 21.996401 -19.021900
vt 22.002600 -19.021799
vt 21.983700 -19.021999
vt 21.977699 -19.021999
vt 21.977800 -19.014799
vt 21.983999 -19.014900
vt 21.978001 -19.007601
vt 21.990101 -19.014799
vt 21.984200 -19.007700
vt 21.978001 -19.000799
vt 21.996500 -19.014799
vt 21.990200 -19.007601
vt 21.984301 -19.000799
vt 21.978001 -18.993999
vt 21.984301 -18.993999
vt 21.990400 -19.000799
vt 21.990499 -18.993900
vt 21.996500 -19.007500
vt 21.996599 -19.000700
vt 21.996700 -18.993799
vt 22.002800 -19.014601
vt 22.002800 -19.007401
vt 22.002899 -19.000601
vt 22.002899 -18.993700
vt 22.008801 -19.021601
vt 22.009001 -19.014400
vt 22.015200 -19.021400
vt 22.008801 -19.007299
vt 22.015301 -19.014200
vt 22.021500 -19.021200
vt 22.021500 -19.013901
vt 22.027901 -19.021099
vt 22.009100 -19.000401
vt 22.009100 -18.993500
vt 22.015100 -19.007099
vt 22.015100 -19.000299
vt 22.015301 -18.993401
vt 22.021400 -19.006800
vt 22.021299 -19.000000
vt 22.021400 -18.993200
vt 22.027599 -19.006701
vt 22.027599 -18.999800
vt 22.027599 -18.993000
vt 22.034401 -18.994699
vt 22.034401 -18.999599
vt 22.039400 -18.999500
vt 22.034500 -19.006500
vt 22.041300 -19.006201
vt 22.041401 -19.013500
vt 22.034599 -19.013599
vt 22.041401 -19.020700
vt 22.027800 -19.013700
vt 22.034599 -19.020800
vt 21.965000 -19.000900
vt 21.965000 -18.995899
vt 21.959999 -19.000900
vt 21.971701 -19.000799
vt 21.971800 -18.993999
vt 21.965000 -19.007700
vt 21.958200 -19.007799
vt 21.971701 -19.007601
vt 21.964899 -19.014900
vt 21.958300 -19.014999
vt 21.971600 -19.014799
vt 21.964800 -19.022200
vt 21.958300 -19.022200
vt 21.958401 -19.029400
vt 21.971600 -19.022100
vt 21.964899 -19.029400
vt 21.958500 -19.036600
vt 21.971701 -19.029301
vt 21.965000 -19.036699
vt 21.958599 -19.043800
vt 21.977600 -19.029200
vt 21.971901 -19.036600
vt 21.965200 -19.043900
vt 21.958799 -19.050900
vt 21.965500 -19.051001
vt 21.959101 -19.058100
vt 21.972000 -19.043900
vt 21.965799 -19.058100
vt 21.961000 -19.065001
vt 21.972200 -19.051100
vt 21.966000 -19.064899
vt 21.966101 -19.069901
vt 21.972500 -19.058100
vt 21.972700 -19.064899
vt 22.045000 -19.013300
vt 22.045200 -19.020500
vt 22.045300 -19.027800
vt 22.045401 -19.035000
vt 22.045500 -19.042101
vt 22.045700 -19.049400
vt 22.045799 -19.057100
vt 22.043699 -19.065399
vt 22.037600 -19.071899
vt 22.029600 -19.074499
vt 22.022900 -19.074699
vt 22.016600 -19.074800
vt 22.010401 -19.075001
vt 22.004200 -19.075100
vt 21.997900 -19.075199
vt 21.991699 -19.075300
vt 21.985399 -19.075500
vt 21.979200 -19.075600
vt 21.972401 -19.075500
vt 21.964300 -19.073099
vt 21.957899 -19.066799
vt 21.955400 -19.058701
vt 21.954800 -19.051100
vt 21.954300 -19.036600
vt 21.954201 -19.029400
vt 21.954500 -19.043800
vt 21.954201 -19.022200
vt 21.954300 -19.014900
vt 21.954500 -19.007200
vt 21.956900 -18.999001
vt 21.963200 -18.992701
vt 21.971300 -18.990200
vt 21.978001 -18.990101
vt 21.984301 -18.990200
vt 21.990499 -18.990400
vt 21.996700 -18.990700
vt 22.002899 -18.990601
vt 22.009001 -18.990200
vt 22.015100 -18.989599
vt 22.021400 -18.989401
vt 22.028099 -18.989201
vt 22.036301 -18.991400
vt 22.042700 -18.997601
vt 22.045099 -19.005600
vt 22.186100 -19.014999
vt 22.186100 -19.008699
vt 22.179800 -19.008699
vt 22.186300 -19.002501
vt 22.180300 -19.002501
vt 22.180599 -18.996201
vt 22.186501 -18.996201
vt 22.186501 -18.989901
vt 22.180599 -18.989901
vt 22.186399 -18.983601
vt 22.180599 -18.983601
vt 22.186399 -18.977400
vt 22.175600 -18.983601
vt 22.180599 -18.977301
vt 22.186399 -18.971001
vt 22.180599 -18.971001
vt 22.185499 -18.964500
vt 22.175501 -18.977301
vt 22.179899 -18.964199
vt 22.175501 -18.989901
vt 22.175501 -18.971001
vt 22.084299 -19.027901
vt 22.088800 -19.034800
vt 22.089300 -19.027901
vt 22.093901 -19.034700
vt 22.089199 -19.021601
vt 22.084101 -19.021601
vt 22.094299 -19.027800
vt 22.098900 -19.034700
vt 22.094299 -19.021601
vt 22.099400 -19.027800
vt 22.103901 -19.034700
vt 22.084400 -19.015400
vt 22.079300 -19.015400
vt 22.089500 -19.015301
vt 22.104401 -19.027800
vt 22.108999 -19.034599
vt 22.099300 -19.021500
vt 22.094601 -19.015301
vt 22.109501 -19.027800
vt 22.114000 -19.034599
vt 22.104401 -19.021500
vt 22.099600 -19.015301
vt 22.114599 -19.027700
vt 22.119101 -19.034500
vt 22.109501 -19.021500
vt 22.104700 -19.015200
vt 22.119699 -19.027700
vt 22.124201 -19.034500
vt 22.114599 -19.021500
vt 22.109699 -19.015200
vt 22.124701 -19.027700
vt 22.129299 -19.034500
vt 22.119699 -19.021500
vt 22.114799 -19.015200
vt 22.129801 -19.027700
vt 22.134300 -19.034401
vt 22.124800 -19.021400
vt 22.119699 -19.015200
vt 22.134899 -19.027599
vt 22.139299 -19.034300
vt 22.129801 -19.021400
vt 22.139999 -19.027599
vt 22.144400 -19.034300
vt 22.135000 -19.021299
vt 22.145100 -19.027599
vt 22.149500 -19.034300
vt 22.140100 -19.021299
vt 22.150200 -19.027599
vt 22.154600 -19.034300
vt 22.145000 -19.021299
vt 22.155300 -19.027599
vt 22.159599 -19.034300
vt 22.150101 -19.021299
vt 22.155300 -19.021200
vt 22.160400 -19.027599
vt 22.164700 -19.034300
vt 22.160400 -19.021299
vt 22.165501 -19.027599
vt 22.169701 -19.034201
vt 22.165300 -19.021200
vt 22.170500 -19.027500
vt 22.174801 -19.034300
vt 22.175501 -19.027500
vt 22.179899 -19.034401
vt 22.170601 -19.021299
vt 22.180500 -19.027500
vt 22.185499 -19.034100
vt 22.175501 -19.021200
vt 22.186300 -19.027500
vt 22.186199 -19.021200
vt 22.179899 -19.021200
vt 21.815201 -18.962400
vt 21.820200 -18.970400
vt 21.820299 -18.962400
vt 21.815100 -18.970400
vt 21.826900 -18.964300
vt 21.820200 -18.977100
vt 21.815100 -18.977100
vt 21.826900 -18.971901
vt 21.820200 -18.983400
vt 21.815100 -18.983400
vt 21.826799 -18.978300
vt 21.820101 -18.989599
vt 21.815100 -18.989599
vt 21.826900 -18.984200
vt 21.832701 -18.977301
vt 21.820000 -18.995899
vt 21.832600 -18.983500
vt 21.826700 -18.990200
vt 21.832500 -18.989799
vt 21.815001 -18.995800
vt 21.826500 -18.996201
vt 21.819901 -19.002100
vt 21.814899 -19.002100
vt 21.832500 -18.996099
vt 21.819700 -19.008301
vt 21.814699 -19.008301
vt 21.826500 -19.002100
vt 21.826401 -19.007999
vt 21.819500 -19.014601
vt 21.814501 -19.014601
vt 21.826401 -19.013901
vt 21.832399 -19.002300
vt 21.832399 -19.008400
vt 21.826099 -19.019899
vt 21.838600 -19.008499
vt 21.838699 -19.002300
vt 21.832300 -19.014799
vt 21.838200 -19.014700
vt 21.831600 -19.020800
vt 21.819300 -19.020901
vt 21.825500 -19.026199
vt 21.814301 -19.020800
vt 21.837700 -19.020901
vt 21.818701 -19.035700
vt 21.814100 -19.027599
vt 21.813801 -19.035700
vt 21.819000 -19.027599
vt 21.825001 -19.033600
vt 21.831200 -19.027000
vt 21.830799 -19.033800
vt 21.837000 -19.034000
vt 21.837400 -19.027100
vt 21.843399 -19.034201
vt 21.843700 -19.027300
vt 21.849800 -19.034401
vt 21.844000 -19.021000
vt 21.850100 -19.027500
vt 21.856300 -19.034599
vt 21.844299 -19.014900
vt 21.850401 -19.021299
vt 21.856501 -19.027700
vt 21.862600 -19.034599
vt 21.862700 -19.027700
vt 21.868900 -19.034599
vt 21.856600 -19.021400
vt 21.850599 -19.015100
vt 21.844601 -19.008699
vt 21.868999 -19.027800
vt 21.875200 -19.034599
vt 21.862900 -19.021500
vt 21.856899 -19.015200
vt 21.850800 -19.008900
vt 21.875299 -19.027800
vt 21.881300 -19.034700
vt 21.869200 -19.021500
vt 21.863100 -19.015301
vt 21.857100 -19.009100
vt 21.881500 -19.027901
vt 21.887699 -19.034700
vt 21.887800 -19.027901
vt 21.875500 -19.021500
vt 21.881701 -19.021601
vt 21.887899 -19.021601
vt 21.869400 -19.015301
vt 21.875601 -19.015301
vt 21.881800 -19.015301
vt 21.888000 -19.015400
vt 21.894199 -19.021700
vt 21.863400 -19.009199
vt 21.869600 -19.009300
vt 21.857300 -19.003000
vt 21.863600 -19.003201
vt 21.875799 -19.009199
vt 21.869801 -19.003201
vt 21.863701 -18.997000
vt 21.851000 -19.002600
vt 21.881901 -19.009100
vt 21.857401 -18.996799
vt 21.844801 -19.002399
vt 21.851000 -18.996500
vt 21.844900 -18.996099
vt 21.838699 -18.996099
vt 21.838699 -18.989901
vt 21.844900 -18.990000
vt 21.851101 -18.990101
vt 21.857401 -18.990400
vt 21.838800 -18.983601
vt 21.844999 -18.983700
vt 21.851200 -18.983900
vt 21.857401 -18.983999
vt 21.838900 -18.977400
vt 21.844999 -18.977501
vt 21.851200 -18.977600
vt 21.857401 -18.977699
vt 21.863600 -18.977699
vt 21.857500 -18.971500
vt 21.863600 -18.971500
vt 21.857500 -18.964800
vt 21.863600 -18.984100
vt 21.869801 -18.977800
vt 21.851299 -18.971399
vt 21.863701 -18.990601
vt 21.869801 -18.984100
vt 21.875900 -18.984100
vt 21.869900 -18.990601
vt 21.875999 -18.990499
vt 21.882000 -18.990299
vt 21.869900 -18.997000
vt 21.875999 -18.996901
vt 21.882000 -18.996599
vt 21.888201 -18.996700
vt 21.875900 -19.003099
vt 21.888201 -19.002899
vt 21.882000 -19.002899
vt 21.888100 -19.009100
vt 21.894300 -19.003000
vt 21.894400 -18.996700
vt 21.901300 -19.003000
vt 21.894400 -19.009100
vt 21.894300 -19.015400
vt 21.901300 -19.009300
vt 21.901300 -19.015499
vt 21.901300 -19.021700
vt 21.908400 -19.015499
vt 21.908400 -19.009300
vt 21.908400 -19.003000
vt 21.908400 -18.996799
vt 21.915300 -19.009300
vt 21.915400 -19.003000
vt 21.915400 -18.996799
vt 21.922400 -19.003099
vt 21.922400 -19.009300
vt 21.915300 -19.015499
vt 21.915300 -19.021799
vt 21.922400 -19.015600
vt 21.929501 -19.015499
vt 21.922400 -19.021799
vt 21.922199 -18.964899
vt 21.928801 -18.959900
vt 21.922001 -18.959801
vt 21.915400 -18.964800
vt 21.915400 -18.971901
vt 21.922300 -18.971800
vt 21.929100 -18.964899
vt 21.908400 -18.971901
vt 21.908400 -18.964800
vt 21.901501 -18.971600
vt 21.901501 -18.964800
vt 21.894501 -18.959900
vt 21.894501 -18.964899
vt 21.888399 -18.964899
vt 21.894501 -18.971600
vt 21.901400 -18.977900
vt 21.908400 -18.978001
vt 21.813801 -19.042101
vt 22.145399 -18.990101
vt 22.150200 -18.996300
vt 22.150400 -18.990101
vt 22.145500 -18.983801
vt 22.154699 -19.002501
vt 22.149700 -19.002501
vt 22.154699 -19.008801
vt 22.159800 -19.002501
vt 22.145201 -18.996300
vt 22.140499 -18.990101
vt 22.140301 -18.983900
vt 22.144800 -19.002501
vt 22.140301 -18.996401
vt 22.135300 -18.990101
vt 22.139900 -19.002600
vt 22.145201 -18.977600
vt 22.150299 -18.977501
vt 22.149599 -19.008801
vt 22.144501 -19.008801
vt 22.150000 -18.971300
vt 22.135401 -18.996401
vt 22.155199 -18.971201
vt 22.139700 -19.008801
vt 22.135000 -19.002600
vt 22.130301 -18.996401
vt 22.139700 -19.015100
vt 22.134701 -19.008801
vt 22.130199 -19.002701
vt 22.129801 -19.008900
vt 22.130199 -18.990200
vt 22.135099 -18.983900
vt 22.125401 -18.990101
vt 22.139999 -18.977600
vt 22.130100 -18.983900
vt 22.134899 -18.977699
vt 22.144899 -18.971399
vt 22.134899 -18.971399
vt 22.129999 -18.977600
vt 22.125299 -18.983900
vt 22.139900 -18.971399
vt 22.144300 -18.964600
vt 22.139200 -18.964600
vt 22.149300 -18.964600
vt 22.154400 -18.964399
vt 22.159500 -18.964300
vt 22.160200 -18.971100
vt 22.160200 -18.977400
vt 22.165400 -18.977400
vt 22.164499 -18.964300
vt 22.165300 -18.971100
vt 22.170300 -18.971100
vt 22.170601 -18.977301
vt 22.169701 -18.964300
vt 22.174801 -18.964199
vt 22.134199 -18.964600
vt 22.129999 -18.971300
vt 22.129200 -18.964701
vt 22.125299 -18.977600
vt 22.125099 -18.971300
vt 22.120399 -18.983900
vt 22.120399 -18.977600
vt 22.120100 -18.971300
vt 22.115299 -18.977600
vt 22.124201 -18.964701
vt 22.114901 -18.971399
vt 22.119101 -18.964800
vt 22.114100 -18.964899
vt 22.109699 -18.971500
vt 22.108999 -18.964899
vt 22.110001 -18.977800
vt 22.115400 -18.983900
vt 22.110100 -18.983999
vt 22.120300 -18.990200
vt 22.104799 -18.977900
vt 22.104500 -18.971701
vt 22.115400 -18.990200
vt 22.120501 -18.996401
vt 22.115499 -18.996500
vt 22.125299 -18.996401
vt 22.125299 -19.002701
vt 22.120399 -19.002701
vt 22.125000 -19.008900
vt 22.129700 -19.015100
vt 22.115400 -19.002800
vt 22.120100 -19.008900
vt 22.124701 -19.015200
vt 22.115101 -19.009001
vt 22.134701 -19.015100
vt 22.144600 -19.015100
vt 22.149700 -19.015100
vt 22.155001 -19.014999
vt 22.160000 -19.008801
vt 22.165100 -19.002399
vt 22.160299 -19.014900
vt 22.165300 -19.008699
vt 22.170500 -19.002399
vt 22.165400 -19.014999
vt 22.170500 -19.008699
vt 22.175400 -19.002399
vt 22.170500 -19.014999
vt 22.175200 -19.008699
vt 22.175200 -19.014999
vt 22.179600 -19.014999
vt 21.921900 -19.040001
vt 21.915199 -19.034901
vt 21.914900 -19.040001
vt 21.922199 -19.034901
vt 21.929001 -19.040001
vt 21.929300 -19.034901
vt 21.935301 -19.040100
vt 21.935699 -19.034800
vt 21.941500 -19.040001
vt 21.941999 -19.034700
vt 21.947701 -19.040001
vt 21.894199 -19.027901
vt 21.893999 -19.034800
vt 21.901100 -19.034800
vt 21.901199 -19.028000
vt 21.908199 -19.034800
vt 21.908300 -19.028099
vt 21.915300 -19.028000
vt 21.908300 -19.021799
vt 21.922400 -19.028000
vt 21.929501 -19.028000
vt 21.935801 -19.028000
vt 21.929501 -19.021799
vt 21.942101 -19.027901
vt 21.948299 -19.034599
vt 21.935801 -19.021700
vt 21.948400 -19.027800
vt 21.954399 -19.034500
vt 21.942101 -19.021601
vt 21.960800 -19.034500
vt 21.948500 -19.021601
vt 21.935900 -19.015499
vt 21.942200 -19.015400
vt 21.960899 -19.027500
vt 21.967100 -19.034500
vt 21.954800 -19.021601
vt 21.948500 -19.015301
vt 21.967300 -19.027599
vt 21.973700 -19.034500
vt 21.961100 -19.021500
vt 21.973900 -19.027599
vt 21.980200 -19.034500
vt 21.967400 -19.021400
vt 21.954800 -19.015301
vt 21.961201 -19.015200
vt 21.980400 -19.027500
vt 21.986700 -19.034500
vt 21.973900 -19.021400
vt 21.967501 -19.015200
vt 21.986900 -19.027599
vt 21.993200 -19.034500
vt 21.980499 -19.021400
vt 21.974100 -19.015100
vt 22.100100 -19.009199
vt 22.105101 -19.009100
vt 22.095400 -19.003000
vt 22.100401 -19.002899
vt 22.090401 -18.996799
vt 22.095400 -18.996700
vt 22.110100 -19.009001
vt 22.105499 -19.002899
vt 22.110500 -19.002800
vt 22.100500 -18.996700
vt 22.105499 -18.996599
vt 22.110500 -18.996500
vt 22.110300 -18.990299
vt 22.105301 -18.990400
vt 22.100201 -18.990400
vt 22.104900 -18.984200
vt 22.095200 -18.990499
vt 22.099701 -18.984301
vt 22.099701 -18.978001
vt 22.090099 -18.990601
vt 22.085400 -18.996901
vt 22.094700 -18.984400
vt 22.094601 -18.978100
vt 22.099199 -18.971901
vt 22.103800 -18.964899
vt 22.089600 -18.984501
vt 22.085100 -18.990601
vt 22.080400 -18.996901
vt 22.080099 -18.990601
vt 22.075199 -18.996799
vt 22.084499 -18.984501
vt 22.089399 -18.978201
vt 22.079500 -18.984501
vt 22.075100 -18.990499
vt 22.070000 -18.996799
vt 22.084400 -18.978300
vt 22.074600 -18.984400
vt 22.069799 -18.990499
vt 22.064800 -18.996700
vt 22.079399 -18.978201
vt 22.069700 -18.984301
vt 22.064600 -18.990499
vt 22.059700 -18.996700
vt 22.074499 -18.978100
vt 22.064600 -18.984200
vt 22.059500 -18.990400
vt 22.054600 -18.996599
vt 22.069500 -18.978001
vt 22.059299 -18.984200
vt 22.054600 -18.990299
vt 22.049299 -18.996599
vt 22.064501 -18.977900
vt 22.054199 -18.984100
vt 22.049400 -18.990299
vt 22.059299 -18.977900
vt 22.049400 -18.983999
vt 22.044300 -18.990200
vt 22.033899 -18.971300
vt 22.038300 -18.964701
vt 22.033199 -18.964600
vt 22.016899 -18.971300
vt 22.022301 -18.964399
vt 22.016399 -18.964399
vt 22.010900 -18.971300
vt 22.010500 -18.964399
vt 22.004999 -18.971300
vt 22.004999 -18.977600
vt 22.004601 -18.964399
vt 21.999100 -18.971399
vt 22.009300 -18.959299
vt 22.003500 -18.959200
vt 21.998800 -18.964399
vt 21.999001 -18.977600
vt 21.999201 -18.983900
vt 21.993200 -18.983999
vt 21.993099 -18.971399
vt 21.993000 -18.977699
vt 21.986601 -18.983999
vt 21.986900 -18.990101
vt 21.980200 -18.990200
vt 21.980000 -18.983999
vt 21.973600 -18.990299
vt 21.986500 -18.977699
vt 21.986500 -18.971500
vt 21.992800 -18.964500
vt 21.997700 -18.959200
vt 21.980000 -18.977699
vt 21.973400 -18.977800
vt 21.986200 -18.964500
vt 21.973400 -18.984100
vt 21.979900 -18.971500
vt 21.973301 -18.971600
vt 21.966700 -18.977900
vt 21.966999 -18.990299
vt 21.967300 -18.996401
vt 21.966700 -18.984100
vt 21.960899 -18.996500
vt 21.961000 -19.002701
vt 21.954700 -19.002800
vt 21.960199 -18.978001
vt 21.960300 -18.984301
vt 21.960199 -18.971800
vt 21.960699 -18.990299
vt 21.954399 -18.990400
vt 21.954599 -18.996599
vt 21.948299 -18.996700
vt 21.993601 -19.027599
vt 21.999001 -19.034500
vt 21.987101 -19.021400
vt 21.980600 -19.015100
vt 21.999399 -19.027599
vt 22.004801 -19.034500
vt 21.993601 -19.021400
vt 21.987200 -19.015100
vt 22.005301 -19.027700
vt 22.010599 -19.034500
vt 21.999399 -19.021400
vt 21.993700 -19.015100
vt 22.011101 -19.027700
vt 22.016399 -19.034500
vt 22.005301 -19.021400
vt 21.999599 -19.015100
vt 22.017000 -19.027700
vt 22.022301 -19.034500
vt 22.011299 -19.021400
vt 22.005400 -19.015100
vt 21.999599 -19.008801
vt 22.022800 -19.027700
vt 22.028099 -19.034599
vt 22.017099 -19.021400
vt 22.011299 -19.015100
vt 22.028700 -19.027800
vt 22.033199 -19.034599
vt 22.023001 -19.021500
vt 22.033800 -19.027800
vt 22.038401 -19.034700
vt 22.028799 -19.021500
vt 22.038900 -19.027800
vt 22.043501 -19.034700
vt 22.033899 -19.021500
vt 22.044001 -19.027901
vt 22.048500 -19.034700
vt 22.039000 -19.021601
vt 22.049101 -19.027901
vt 22.053600 -19.034800
vt 22.044001 -19.021601
vt 22.049000 -19.021601
vt 22.054100 -19.027901
vt 22.058599 -19.034800
vt 22.054100 -19.021700
vt 22.059200 -19.028000
vt 22.063700 -19.034901
vt 22.059099 -19.021700
vt 22.064199 -19.028000
vt 22.068701 -19.034901
vt 22.064100 -19.021700
vt 22.069201 -19.028000
vt 22.073700 -19.034901
vt 22.069099 -19.021700
vt 22.064100 -19.015400
vt 22.059000 -19.015400
vt 22.074301 -19.028000
vt 22.078800 -19.034800
vt 22.073999 -19.021700
vt 22.069099 -19.015400
vt 22.079201 -19.028000
vt 22.083799 -19.034800
vt 22.079000 -19.021700
vt 22.074100 -19.015400
vt 22.175400 -18.996201
vt 22.170500 -18.983601
vt 22.170401 -18.989901
vt 22.165100 -18.983601
vt 22.170300 -18.996201
vt 22.165001 -18.989901
vt 22.165001 -18.996201
vt 22.160000 -18.983601
vt 22.159901 -18.989901
vt 22.159700 -18.996201
vt 22.155199 -18.983700
vt 22.155199 -18.977501
vt 22.155199 -18.990000
vt 22.150299 -18.983801
vt 22.154900 -18.996300
vt 21.941200 -18.965099
vt 21.947100 -18.959400
vt 21.941000 -18.959400
vt 21.947399 -18.965099
vt 21.947399 -18.972200
vt 21.953400 -18.959499
vt 21.953800 -18.965000
vt 21.959600 -18.959499
vt 21.953800 -18.972000
vt 21.953800 -18.978201
vt 21.947500 -18.978399
vt 21.947800 -18.984501
vt 21.941799 -18.984699
vt 21.954100 -18.984301
vt 21.942101 -18.990801
vt 21.935900 -18.990999
vt 21.948200 -18.990499
vt 21.942101 -18.996901
vt 21.935900 -18.997101
vt 21.929600 -18.997000
vt 21.948400 -19.002800
vt 21.942101 -19.002899
vt 21.935801 -19.003000
vt 21.942200 -19.009100
vt 21.929501 -19.003099
vt 21.922501 -18.996901
vt 21.935801 -19.009199
vt 21.929501 -19.009300
vt 21.948400 -19.009100
vt 21.954700 -19.009001
vt 21.961100 -19.009001
vt 21.967400 -19.008900
vt 21.974100 -19.008900
vt 21.967400 -19.002701
vt 21.980600 -19.008801
vt 21.974100 -19.002600
vt 21.987200 -19.008900
vt 21.973900 -18.996401
vt 21.980600 -19.002600
vt 21.993700 -19.008900
vt 21.987200 -19.002600
vt 21.993601 -19.002600
vt 21.999399 -19.002600
vt 21.993700 -18.996300
vt 22.005301 -19.002600
vt 21.987101 -18.996300
vt 21.980499 -18.996300
vt 21.999500 -18.996300
vt 21.993500 -18.990000
vt 21.999399 -18.990101
vt 22.005199 -18.983801
vt 22.005199 -18.990101
vt 22.005199 -18.996300
vt 22.011000 -18.996300
vt 22.011000 -18.990101
vt 22.011101 -19.002600
vt 22.016800 -18.996300
vt 22.005501 -19.008801
vt 22.011200 -19.008900
vt 22.016701 -19.002600
vt 22.017000 -19.008900
vt 22.022600 -19.002701
vt 22.017099 -19.015200
vt 22.022600 -19.009001
vt 22.022900 -19.015200
vt 22.028500 -19.009001
vt 22.028601 -19.015200
vt 22.033701 -19.009001
vt 22.033701 -19.015301
vt 22.038799 -19.015301
vt 22.028601 -19.002701
vt 22.038900 -19.009001
vt 22.043900 -19.015301
vt 22.033800 -19.002701
vt 22.044100 -19.009100
vt 22.048901 -19.015301
vt 22.039101 -19.002701
vt 22.049101 -19.009100
vt 22.054001 -19.015400
vt 22.054001 -19.009100
vt 22.044100 -19.002800
vt 22.049299 -19.002800
vt 22.059099 -19.009100
vt 22.054399 -19.002899
vt 22.064301 -19.009199
vt 22.059601 -19.003000
vt 22.069401 -19.009199
vt 22.064800 -19.003000
vt 22.074499 -19.009199
vt 22.069901 -19.003099
vt 22.079700 -19.009300
vt 22.075001 -19.003099
vt 22.084900 -19.009300
vt 22.080200 -19.003201
vt 22.090099 -19.009300
vt 22.085300 -19.003201
vt 22.095100 -19.009199
vt 22.090401 -19.003099
vt 22.044100 -18.996500
vt 22.039000 -18.990200
vt 22.038900 -18.996401
vt 22.033899 -18.996401
vt 22.033899 -18.990200
vt 22.028799 -18.996500
vt 22.044300 -18.983999
vt 22.034000 -18.983900
vt 22.022800 -18.996401
vt 22.017000 -18.990101
vt 22.022900 -18.990200
vt 22.028700 -18.990200
vt 22.022900 -18.983900
vt 22.028799 -18.983900
vt 22.011200 -18.983801
vt 22.017099 -18.983801
vt 22.033899 -18.977600
vt 22.028799 -18.977600
vt 22.022800 -18.977600
vt 22.016899 -18.977600
vt 22.011000 -18.977600
vt 22.022800 -18.971300
vt 22.028700 -18.971300
vt 22.028099 -18.964500
vt 21.894400 -18.977900
vt 21.901400 -18.984200
vt 21.915400 -18.978100
vt 21.908400 -18.984200
vt 21.922300 -18.978100
vt 21.915400 -18.984301
vt 21.929100 -18.971800
vt 21.922501 -18.984501
vt 21.935200 -18.964899
vt 21.934799 -18.959801
vt 21.929300 -18.978201
vt 21.935200 -18.971901
vt 21.935400 -18.978399
vt 21.929501 -18.984699
vt 21.941099 -18.972300
vt 21.935699 -18.984800
vt 21.941299 -18.978600
vt 21.929701 -18.990999
vt 21.922501 -18.990700
vt 21.915400 -18.990499
vt 21.908400 -18.990499
vt 21.901400 -18.990499
vt 21.901400 -18.996700
vt 21.894400 -18.990400
vt 21.894400 -18.984200
vt 21.888201 -18.990299
vt 21.888201 -18.984200
vt 21.888300 -18.977800
vt 21.888300 -18.971600
vt 21.882099 -18.983999
vt 21.882099 -18.977800
vt 21.882200 -18.971500
vt 21.882299 -18.964800
vt 21.875999 -18.971500
vt 21.875900 -18.977800
vt 21.869801 -18.971500
vt 21.875999 -18.964600
vt 21.869900 -18.964701
vt 21.888399 -18.959700
vt 21.863701 -18.964701
vt 22.097300 -18.959700
vt 22.098700 -18.965000
vt 22.094000 -18.972000
vt 22.093599 -18.965099
vt 22.092199 -18.959700
vt 22.088900 -18.972099
vt 22.088600 -18.965200
vt 22.083799 -18.972200
vt 22.078800 -18.972200
vt 22.083500 -18.965300
vt 22.087200 -18.959700
vt 22.073900 -18.972099
vt 22.078501 -18.965300
vt 22.082100 -18.959801
vt 22.069201 -18.971800
vt 22.064199 -18.971701
vt 22.073500 -18.965200
vt 22.068501 -18.965099
vt 22.063499 -18.965000
vt 22.077101 -18.959801
vt 22.066900 -18.960100
vt 22.072001 -18.959900
vt 22.020901 -19.039600
vt 22.015100 -19.039600
vt 22.026600 -19.039600
vt 22.092300 -19.039900
vt 22.097401 -19.039900
vt 21.960100 -19.040100
vt 21.953899 -19.040100
vt 21.966499 -19.040001
vt 21.972900 -19.040001
vt 21.979300 -19.039900
vt 21.985701 -19.039900
vt 21.992201 -19.039801
vt 21.997900 -19.039700
vt 22.003599 -19.039700
vt 22.009399 -19.039600
vt 21.966600 -18.971600
vt 21.966400 -18.964800
vt 21.973101 -18.964600
vt 21.979700 -18.964500
vt 21.960100 -18.964800
vt 21.965900 -18.959400
vt 21.972401 -18.959200
vt 21.978901 -18.959200
vt 21.985399 -18.959200
vt 21.991800 -18.959101
vt 22.049400 -18.977699
vt 22.044300 -18.977699
vt 22.049101 -18.971500
vt 22.054199 -18.971600
vt 22.053499 -18.964899
vt 22.054300 -18.977800
vt 22.059200 -18.971600
vt 22.058500 -18.964899
vt 22.039000 -18.971399
vt 22.043400 -18.964800
vt 22.044100 -18.971399
vt 22.048401 -18.964800
vt 22.039101 -18.977600
vt 22.039101 -18.983900
vt 21.908001 -19.040001
vt 21.900900 -19.039801
vt 21.893900 -19.039700
vt 21.887501 -19.039700
vt 21.881201 -19.039700
vt 21.875000 -19.039700
vt 21.868700 -19.039700
vt 21.862400 -19.039600
vt 21.832701 -18.971001
vt 21.832701 -18.964399
vt 21.839001 -18.964399
vt 21.838900 -18.971100
vt 21.845200 -18.964600
vt 21.845100 -18.971201
vt 21.851299 -18.964701
vt 21.817301 -18.967400
vt 21.820200 -18.976000
vt 21.822800 -18.969299
vt 21.819901 -18.960600
vt 21.831699 -18.979900
vt 21.829500 -18.971701
vt 21.825399 -18.962601
vt 21.822800 -18.954000
vt 21.834400 -18.973400
vt 21.836599 -18.981701
vt 21.832001 -18.964899
vt 21.827801 -18.955900
vt 21.826099 -18.947500
vt 21.839399 -18.975100
vt 21.841700 -18.983601
vt 21.837099 -18.966600
vt 21.834499 -18.958200
vt 21.830500 -18.949100
vt 21.836800 -18.951599
vt 21.833099 -18.942400
vt 21.839600 -18.959801
vt 21.842100 -18.968399
vt 21.841999 -18.953300
vt 21.844101 -18.976601
vt 21.846701 -18.985201
vt 21.849100 -18.978500
vt 21.847000 -18.970100
vt 21.844700 -18.961700
vt 21.849701 -18.963400
vt 21.847099 -18.955000
vt 21.852100 -18.956699
vt 21.849501 -18.948200
vt 21.844400 -18.946400
vt 21.839300 -18.944700
vt 21.846800 -18.939501
vt 21.841700 -18.937799
vt 21.859501 -18.951500
vt 21.861799 -18.959999
vt 21.864300 -18.953300
vt 21.866400 -18.946800
vt 21.856899 -18.958300
vt 21.859100 -18.966700
vt 21.861700 -18.944901
vt 21.868700 -18.940201
vt 21.854500 -18.949900
vt 21.854300 -18.965000
vt 21.863800 -18.938499
vt 21.856899 -18.943001
vt 21.856600 -18.973400
vt 21.861601 -18.975300
vt 21.859100 -18.982100
vt 21.864201 -18.983900
vt 21.851801 -18.971701
vt 21.854099 -18.980301
vt 21.861799 -18.990601
vt 21.866899 -18.992201
vt 21.859501 -18.997101
vt 21.854700 -18.995001
vt 21.852301 -19.001699
vt 21.856800 -18.988800
vt 21.851801 -18.986900
vt 21.849600 -18.993200
vt 21.847300 -18.999800
vt 21.845400 -19.005199
vt 21.844500 -18.991400
vt 21.842199 -18.998100
vt 21.840401 -19.003500
vt 21.837099 -18.996500
vt 21.835300 -19.001699
vt 21.830299 -18.999599
vt 21.839399 -18.989901
vt 21.834299 -18.988501
vt 21.832001 -18.994801
vt 21.826900 -18.993200
vt 21.825199 -18.997900
vt 21.829201 -18.986799
vt 21.824100 -18.985001
vt 21.821800 -18.991501
vt 21.820101 -18.996300
vt 21.814501 -18.992399
vt 21.815701 -18.989000
vt 21.817699 -18.982800
vt 21.812799 -18.981100
vt 21.812401 -18.987900
vt 21.815001 -18.974300
vt 22.181299 -19.066700
vt 22.181299 -19.073099
vt 22.186199 -19.066799
vt 22.174999 -19.071100
vt 22.175200 -19.064699
vt 22.186100 -19.058701
vt 22.181101 -19.058701
vt 22.185801 -19.051100
vt 22.175301 -19.056999
vt 22.180799 -19.051100
vt 22.071400 -19.057400
vt 22.078100 -19.064199
vt 22.078501 -19.057501
vt 22.085100 -19.064400
vt 22.071899 -19.050100
vt 22.070999 -19.063999
vt 22.064699 -19.063299
vt 22.065300 -19.056700
vt 22.065800 -19.049500
vt 22.059099 -19.056000
vt 22.058500 -19.062700
vt 22.052299 -19.061899
vt 21.851900 -18.941200
vt 21.858900 -18.936701
vt 21.853901 -18.934900
vt 21.848801 -18.933201
vt 21.843800 -18.931299
vt 21.865299 -18.933500
vt 21.870199 -18.935200
vt 21.875200 -18.936899
vt 21.850300 -18.928600
vt 21.845301 -18.926600
vt 21.837400 -18.929399
vt 21.834200 -18.928301
vt 21.835199 -18.935499
vt 21.830400 -18.933800
vt 21.998301 -19.023300
vt 21.995001 -19.014999
vt 21.992901 -19.021700
vt 21.985201 -19.027000
vt 21.988701 -19.035500
vt 21.990700 -19.028601
vt 21.983101 -19.034000
vt 21.986700 -19.042400
vt 21.987400 -19.020201
vt 21.989500 -19.013399
vt 21.981100 -19.040800
vt 21.984900 -19.048800
vt 21.979700 -19.025600
vt 21.979099 -19.047199
vt 21.977501 -19.032400
vt 21.975401 -19.039301
vt 21.973400 -19.045700
vt 21.977699 -19.051901
vt 21.971901 -19.050400
vt 21.966801 -19.048599
vt 21.968300 -19.043900
vt 21.961599 -19.046801
vt 21.970301 -19.037500
vt 21.963200 -19.042101
vt 21.956499 -19.045000
vt 21.972500 -19.030600
vt 21.965200 -19.035601
vt 21.958000 -19.040300
vt 21.951500 -19.043200
vt 21.952999 -19.038500
vt 21.946400 -19.041300
vt 21.960100 -19.033800
vt 21.967400 -19.028799
vt 21.974701 -19.023701
vt 21.948000 -19.036600
vt 21.941401 -19.039499
vt 21.955099 -19.032000
vt 21.962400 -19.026899
vt 21.969700 -19.021900
vt 21.942900 -19.034800
vt 21.936300 -19.037701
vt 21.950001 -19.030100
vt 21.957300 -19.025101
vt 21.964600 -19.020000
vt 21.937901 -19.032900
vt 21.931299 -19.035801
vt 21.945000 -19.028299
vt 21.952299 -19.023199
vt 21.959600 -19.018200
vt 21.932800 -19.031099
vt 21.926300 -19.033899
vt 21.940001 -19.026400
vt 21.947300 -19.021400
vt 21.954500 -19.016300
vt 21.927799 -19.029200
vt 21.921200 -19.032000
vt 21.934999 -19.024500
vt 21.942200 -19.019501
vt 21.949499 -19.014500
vt 21.922800 -19.027300
vt 21.916201 -19.030100
vt 21.930000 -19.022699
vt 21.937201 -19.017599
vt 21.944500 -19.012600
vt 21.917700 -19.025499
vt 21.911200 -19.028299
vt 21.924900 -19.020800
vt 21.932199 -19.015800
vt 21.939501 -19.010799
vt 21.912701 -19.023600
vt 21.906099 -19.026400
vt 21.919901 -19.018999
vt 21.927200 -19.013901
vt 21.934500 -19.008900
vt 21.907700 -19.021799
vt 21.901100 -19.024500
vt 21.914900 -19.017200
vt 21.922199 -19.012100
vt 21.929501 -19.007099
vt 21.909800 -19.015400
vt 21.902599 -19.020000
vt 21.917200 -19.010300
vt 21.924500 -19.005199
vt 21.897600 -19.018101
vt 21.896099 -19.022800
vt 21.891001 -19.021000
vt 21.904800 -19.013500
vt 21.912201 -19.008499
vt 21.919500 -19.003401
vt 21.892599 -19.016199
vt 21.886000 -19.019100
vt 21.899799 -19.011600
vt 21.907101 -19.006701
vt 21.914400 -19.001600
vt 21.887501 -19.014400
vt 21.880899 -19.017300
vt 21.894800 -19.009800
vt 21.902100 -19.004801
vt 21.909401 -18.999800
vt 21.882500 -19.012600
vt 21.875799 -19.015600
vt 21.889700 -19.007999
vt 21.897100 -19.002899
vt 21.904400 -18.997999
vt 22.019199 -19.006500
vt 22.025600 -19.000401
vt 22.020399 -18.999500
vt 22.021700 -18.992701
vt 22.015499 -18.998301
vt 22.014099 -19.005100
vt 22.012699 -19.012199
vt 22.017900 -19.013599
vt 22.009100 -19.003799
vt 22.010500 -18.997000
vt 22.007500 -19.010900
vt 22.011101 -19.019199
vt 22.005899 -19.017900
vt 22.003901 -19.002501
vt 22.005501 -18.995501
vt 22.002300 -19.009501
vt 22.000401 -19.016500
vt 22.009199 -19.026199
vt 22.003799 -19.024799
vt 22.016399 -19.020599
vt 22.021900 -19.021700
vt 22.020300 -19.028799
vt 22.025999 -19.029900
vt 22.014601 -19.027700
vt 22.024700 -19.037001
vt 22.031799 -19.031000
vt 22.018600 -19.035700
vt 22.012699 -19.034599
vt 22.017200 -19.042900
vt 22.030600 -19.038099
vt 22.037701 -19.032101
vt 22.036699 -19.039301
vt 22.023399 -19.044100
vt 22.029499 -19.045200
vt 22.035601 -19.046400
vt 22.041700 -19.047001
vt 22.021900 -19.051100
vt 22.028299 -19.052299
vt 22.040800 -19.054100
vt 22.046900 -19.054800
vt 22.034599 -19.053499
vt 22.046101 -19.061501
vt 22.039900 -19.060900
vt 22.033501 -19.060301
vt 22.027100 -19.059000
vt 22.020700 -19.057699
vt 22.015699 -19.049900
vt 22.014299 -19.056499
vt 22.011000 -19.041599
vt 22.009399 -19.048700
vt 22.007799 -19.055300
vt 22.002100 -19.053600
vt 22.003799 -19.047100
vt 21.996401 -19.052000
vt 22.005501 -19.040100
vt 21.998100 -19.045500
vt 21.990601 -19.050400
vt 21.992399 -19.043900
vt 21.999901 -19.038601
vt 22.007299 -19.033199
vt 22.001699 -19.031700
vt 21.994301 -19.037100
vt 21.996201 -19.030100
vt 21.933500 -18.977699
vt 21.926201 -18.982901
vt 21.931299 -18.984699
vt 21.938499 -18.979601
vt 21.928499 -18.976000
vt 21.923599 -18.974400
vt 21.940701 -18.972700
vt 21.930700 -18.969299
vt 21.925699 -18.967400
vt 21.932600 -18.962999
vt 21.935600 -18.971100
vt 21.937700 -18.964800
vt 21.942699 -18.966400
vt 21.947701 -18.968100
vt 21.945700 -18.974501
vt 21.943501 -18.981400
vt 21.952700 -18.969801
vt 21.950701 -18.976299
vt 21.948400 -18.983200
vt 21.957701 -18.971600
vt 21.955601 -18.978100
vt 21.953400 -18.985001
vt 21.960600 -18.980000
vt 21.958300 -18.986900
vt 21.962700 -18.973400
vt 21.964199 -18.968700
vt 21.995399 -18.992701
vt 21.988300 -18.998100
vt 21.993500 -18.999599
vt 21.991501 -19.006500
vt 22.000500 -18.994101
vt 21.998699 -19.000999
vt 22.007200 -18.988701
vt 22.002300 -18.987400
vt 22.003799 -18.981899
vt 21.996901 -19.007999
vt 21.997400 -18.985901
vt 21.999001 -18.980600
vt 21.986200 -19.004999
vt 21.994101 -18.979300
vt 21.992500 -18.984600
vt 21.990499 -18.991199
vt 21.984100 -19.011900
vt 21.981199 -19.003099
vt 21.981899 -19.018700
vt 21.976900 -19.016800
vt 21.979099 -19.010000
vt 21.971901 -19.014999
vt 21.974001 -19.008101
vt 21.966801 -19.013201
vt 21.961800 -19.011299
vt 21.969101 -19.006300
vt 21.976200 -19.001200
vt 21.983299 -18.996201
vt 21.956800 -19.009399
vt 21.964001 -19.004400
vt 21.985500 -18.989300
vt 21.978300 -18.994301
vt 21.987600 -18.982700
vt 21.971201 -18.999399
vt 21.980499 -18.987499
vt 21.973400 -18.992500
vt 21.966200 -18.997499
vt 21.975599 -18.985600
vt 21.959000 -19.002600
vt 21.968399 -18.990601
vt 21.961201 -18.995701
vt 21.951700 -19.007601
vt 21.954000 -19.000700
vt 21.946699 -19.005699
vt 21.941700 -19.003901
vt 21.948999 -18.998800
vt 21.956200 -18.993799
vt 21.963400 -18.988800
vt 21.936701 -19.002001
vt 21.944000 -18.997000
vt 21.951200 -18.991899
vt 21.931700 -19.000200
vt 21.938999 -18.995199
vt 21.946199 -18.990101
vt 21.926701 -18.998400
vt 21.921700 -18.996700
vt 21.934000 -18.993299
vt 21.929001 -18.991501
vt 21.924000 -18.989799
vt 21.941200 -18.988199
vt 21.936199 -18.986401
vt 22.048401 -18.991899
vt 22.047899 -18.997101
vt 22.053699 -18.992599
vt 22.042400 -18.996500
vt 22.053301 -18.997801
vt 22.047199 -19.004101
vt 22.058901 -18.993000
vt 22.052601 -19.004700
vt 22.041599 -19.003500
vt 22.058599 -18.998400
vt 22.046301 -19.011299
vt 22.036301 -19.002399
vt 22.037201 -18.995501
vt 22.030899 -19.001400
vt 22.032000 -18.994499
vt 22.029800 -19.008499
vt 22.035200 -19.009600
vt 22.040701 -19.010599
vt 22.024500 -19.007500
vt 22.028601 -19.015699
vt 22.023199 -19.014601
vt 22.034100 -19.016701
vt 22.027399 -19.022800
vt 22.039801 -19.017799
vt 22.032900 -19.023800
vt 22.045401 -19.018400
vt 22.038700 -19.025000
vt 22.044500 -19.025600
vt 22.043600 -19.032700
vt 22.050301 -19.026199
vt 22.049500 -19.033400
vt 22.042700 -19.039900
vt 22.048700 -19.040501
vt 22.054501 -19.041100
vt 22.047800 -19.047600
vt 22.055201 -19.034000
vt 22.053699 -19.048201
vt 22.061100 -19.034599
vt 22.060499 -19.041700
vt 22.052999 -19.055500
vt 22.059799 -19.048901
vt 22.066401 -19.042299
vt 22.066999 -19.035200
vt 22.072300 -19.042900
vt 22.072800 -19.035700
vt 22.067400 -19.028000
vt 22.073200 -19.028500
vt 22.061701 -19.027399
vt 22.055901 -19.026800
vt 22.067900 -19.020800
vt 22.073601 -19.021299
vt 22.062300 -19.020300
vt 22.056601 -19.019600
vt 22.051100 -19.018999
vt 22.051901 -19.011900
vt 22.057301 -19.012400
vt 22.058001 -19.005301
vt 22.062799 -19.013000
vt 22.063400 -19.005899
vt 22.063900 -18.998899
vt 22.064100 -18.993500
vt 22.068399 -19.013599
vt 22.068800 -19.006500
vt 22.069099 -18.999399
vt 22.069300 -18.993999
vt 22.073900 -19.014099
vt 22.074301 -19.006901
vt 22.074499 -19.000000
vt 22.074499 -18.994499
vt 22.080799 -19.000200
vt 22.080400 -19.014200
vt 22.080700 -18.994600
vt 22.080601 -19.007099
vt 22.086901 -18.994699
vt 22.087099 -19.000299
vt 22.087000 -19.007299
vt 22.093201 -18.994801
vt 22.093300 -19.000401
vt 22.099501 -18.994801
vt 22.093300 -19.007401
vt 22.086901 -19.014400
vt 22.099701 -19.000500
vt 22.093300 -19.014500
vt 22.105801 -18.994600
vt 22.099701 -19.007601
vt 22.106001 -19.000700
vt 22.099600 -19.014700
vt 22.093100 -19.021799
vt 22.106100 -19.007700
vt 22.112200 -19.000700
vt 22.106100 -19.014900
vt 22.086700 -19.021601
vt 22.099600 -19.021999
vt 22.080099 -19.021400
vt 22.086500 -19.028799
vt 22.079800 -19.028601
vt 22.093000 -19.028999
vt 22.086300 -19.036100
vt 22.079500 -19.035900
vt 22.092800 -19.036301
vt 22.079201 -19.043100
vt 22.086000 -19.043301
vt 22.092699 -19.043501
vt 22.099600 -19.029200
vt 22.099501 -19.036400
vt 22.106199 -19.022100
vt 22.106199 -19.029400
vt 22.099400 -19.043600
vt 22.092501 -19.050699
vt 22.106199 -19.036600
vt 22.106199 -19.043800
vt 22.112499 -19.029301
vt 22.112600 -19.036501
vt 22.112600 -19.043699
vt 22.099400 -19.050800
vt 22.112600 -19.050900
vt 22.106300 -19.051001
vt 22.099199 -19.058001
vt 22.112600 -19.058201
vt 22.106199 -19.058201
vt 22.099100 -19.064699
vt 22.092300 -19.057899
vt 22.085699 -19.050501
vt 22.078800 -19.050301
vt 22.085400 -19.057699
vt 22.091999 -19.064600
vt 22.106001 -19.069901
vt 22.106100 -19.064899
vt 22.112301 -19.069901
vt 22.112499 -19.064899
vt 22.118700 -19.070000
vt 22.118799 -19.065001
vt 22.124800 -19.070000
vt 22.118900 -19.058201
vt 22.125000 -19.065001
vt 22.125099 -19.058201
vt 22.131300 -19.065001
vt 22.118900 -19.050900
vt 22.125000 -19.050900
vt 22.131399 -19.058201
vt 22.137600 -19.065100
vt 22.118900 -19.043699
vt 22.125000 -19.043699
vt 22.131300 -19.050900
vt 22.137699 -19.058100
vt 22.143700 -19.070101
vt 22.143999 -19.065001
vt 22.150200 -19.070101
vt 22.150499 -19.064899
vt 22.156601 -19.070101
vt 22.144100 -19.058001
vt 22.137699 -19.050900
vt 22.131399 -19.043699
vt 22.156900 -19.064899
vt 22.163000 -19.070101
vt 22.150600 -19.057899
vt 22.125000 -19.036501
vt 22.163300 -19.064800
vt 22.169201 -19.070101
vt 22.157101 -19.057800
vt 22.169500 -19.064699
vt 22.163401 -19.057800
vt 22.169600 -19.057699
vt 22.157101 -19.050600
vt 22.150600 -19.050699
vt 22.144199 -19.050800
vt 22.137699 -19.043699
vt 22.144100 -19.043600
vt 22.150600 -19.043501
vt 22.143999 -19.036301
vt 22.131300 -19.036501
vt 22.150400 -19.036200
vt 22.137600 -19.036400
vt 22.143700 -19.029100
vt 22.150101 -19.029100
vt 22.137501 -19.029200
vt 22.131201 -19.029301
vt 22.124901 -19.029301
vt 22.143499 -19.021900
vt 22.137300 -19.021999
vt 22.131100 -19.021999
vt 22.118799 -19.036501
vt 22.118799 -19.029301
vt 22.124800 -19.022100
vt 22.118700 -19.022100
vt 22.112400 -19.022100
vt 22.118500 -19.014900
vt 22.112400 -19.014900
vt 22.112400 -19.007900
vt 22.118500 -19.007799
vt 22.124701 -19.014900
vt 22.124599 -19.007601
vt 22.118900 -19.000700
vt 22.118700 -18.993900
vt 22.124001 -19.000099
vt 22.131001 -19.014799
vt 22.130800 -19.007601
vt 22.130501 -18.999701
vt 22.137100 -19.014799
vt 22.136999 -19.007500
vt 22.136999 -19.000200
vt 22.143299 -19.007500
vt 22.143400 -19.014700
vt 22.143200 -19.000000
vt 22.149500 -19.007401
vt 22.136900 -18.994200
vt 22.149500 -19.014799
vt 22.149799 -19.021900
vt 22.155701 -19.014700
vt 22.155800 -19.021999
vt 22.156000 -19.029301
vt 22.155701 -19.007500
vt 22.156700 -19.036200
vt 22.161900 -19.022100
vt 22.157000 -19.043400
vt 22.162001 -19.029301
vt 22.162399 -19.036501
vt 22.163099 -19.043301
vt 22.163401 -19.050501
vt 22.169500 -19.050501
vt 22.168900 -19.043501
vt 22.168200 -19.036600
vt 22.167999 -19.029301
vt 22.174101 -19.043301
vt 22.174500 -19.049999
vt 22.168200 -19.022301
vt 22.173800 -19.036400
vt 22.173700 -19.029600
vt 22.173800 -19.022900
vt 22.180401 -19.029400
vt 22.180500 -19.036699
vt 22.180700 -19.043900
vt 22.185301 -19.029400
vt 22.185301 -19.036600
vt 22.185600 -19.043800
vt 22.185301 -19.022200
vt 22.180300 -19.022100
vt 22.185301 -19.014900
vt 22.174000 -19.016100
vt 22.180099 -19.014900
vt 22.185200 -19.007200
vt 22.168100 -19.015100
vt 22.174101 -19.008801
vt 22.180099 -19.007200
vt 22.180201 -18.999100
vt 22.185301 -18.999001
vt 22.173901 -19.000900
vt 22.168200 -19.007999
vt 22.161900 -19.014900
vt 22.161900 -19.007799
vt 22.168100 -19.000999
vt 22.161800 -19.000799
vt 22.155600 -19.000601
vt 22.167900 -18.995300
vt 22.161699 -18.995199
vt 22.149401 -19.000200
vt 22.155500 -18.995199
vt 22.149300 -18.994301
vt 22.143101 -18.994400
vt 22.173700 -18.994200
vt 22.180401 -18.992500
vt 22.008600 -18.983200
vt 22.013300 -18.984400
vt 22.011999 -18.990000
vt 22.018101 -18.985800
vt 22.016899 -18.991400
vt 22.022800 -18.987200
vt 22.027700 -18.988199
vt 22.026800 -18.993601
vt 22.032801 -18.989100
vt 22.037901 -18.990101
vt 22.042999 -18.991199
vt 21.877399 -19.010799
vt 21.870701 -19.013800
vt 21.884600 -19.006201
vt 21.892000 -19.001200
vt 21.899401 -18.996300
vt 21.872299 -19.009001
vt 21.865700 -19.011999
vt 21.879601 -19.004400
vt 21.886999 -18.999399
vt 21.894300 -18.994400
vt 21.882000 -18.997601
vt 21.867300 -19.007200
vt 21.874599 -19.002600
vt 21.860701 -19.010201
vt 21.889400 -18.992500
vt 21.862200 -19.005400
vt 21.855600 -19.008600
vt 21.869499 -19.000799
vt 21.876900 -18.995800
vt 21.857300 -19.003500
vt 21.850500 -19.007000
vt 21.864500 -18.999001
vt 21.871901 -18.993999
vt 21.879299 -18.989100
vt 21.874300 -18.987301
vt 21.884300 -18.990801
vt 21.881701 -18.982201
vt 21.886700 -18.983999
vt 21.891701 -18.985800
vt 21.896700 -18.987600
vt 21.876600 -18.980400
vt 21.901699 -18.989401
vt 21.899000 -18.980801
vt 21.903999 -18.982599
vt 21.906700 -18.991199
vt 21.909000 -18.984301
vt 21.893999 -18.978901
vt 21.911699 -18.993000
vt 21.914000 -18.986099
vt 21.889099 -18.977200
vt 21.916700 -18.994900
vt 21.884001 -18.975401
vt 21.919001 -18.988001
vt 21.921200 -18.981100
vt 21.916300 -18.979401
vt 21.911301 -18.977699
vt 21.918600 -18.972700
vt 21.906300 -18.975800
vt 21.913601 -18.970800
vt 21.901400 -18.974001
vt 21.908600 -18.969000
vt 21.896400 -18.972200
vt 21.903700 -18.967199
vt 21.891399 -18.970400
vt 21.898701 -18.965401
vt 21.905899 -18.960300
vt 21.910801 -18.962099
vt 21.915701 -18.963900
vt 21.920601 -18.965700
vt 21.917700 -18.957300
vt 21.922600 -18.959200
vt 21.927601 -18.961000
vt 21.912800 -18.955700
vt 21.914101 -18.951000
vt 21.928900 -18.956600
vt 21.934000 -18.958300
vt 21.939199 -18.959999
vt 21.944201 -18.961901
vt 21.908001 -18.953899
vt 21.901100 -18.958500
vt 21.903200 -18.952101
vt 21.893801 -18.963600
vt 21.896200 -18.956699
vt 21.886499 -18.968599
vt 21.889000 -18.961800
vt 21.881599 -18.966801
vt 21.879101 -18.973600
vt 21.884001 -18.959999
vt 21.874100 -18.971901
vt 21.876600 -18.965099
vt 21.879000 -18.958300
vt 21.886299 -18.953400
vt 21.881201 -18.952000
vt 21.891199 -18.955000
vt 21.883400 -18.945499
vt 21.898300 -18.950399
vt 21.888399 -18.947201
vt 21.893299 -18.948700
vt 21.889999 -18.942499
vt 21.969200 -18.970400
vt 21.885099 -18.940500
vt 21.878500 -18.943800
vt 21.880199 -18.938801
vt 21.876200 -18.950300
vt 21.873600 -18.941999
vt 21.873899 -18.956900
vt 21.871300 -18.948601
vt 21.869101 -18.955000
vt 21.871599 -18.963400
vt 21.866600 -18.961700
vt 21.869101 -18.970200
vt 21.871599 -18.978600
vt 21.864100 -18.968500
vt 21.869200 -18.985500
vt 21.866600 -18.976999
vt 22.112600 -18.993601
vt 22.124100 -18.993900
vt 22.130699 -18.993500
vt 21.989201 -18.977501
vt 21.984200 -18.975700
vt 21.982599 -18.980801
vt 21.977600 -18.979000
vt 21.979200 -18.973900
vt 21.972601 -18.977200
vt 21.974199 -18.972099
vt 21.970600 -18.983801
vt 21.965599 -18.981899
vt 21.967699 -18.975300
s 1
usemtl Meshpart1Mtl.001
f 1/1/1 2/2/2 3/3/3
f 3/3/3 4/4/4 1/1/1
f 4/4/4 3/3/3 5/5/5
f 1/1/1 6/6/6 7/7/7
f 6/6/6 1/1/1 4/4/4
f 7/7/7 8/8/8 9/9/9
f 8/8/8 7/7/7 6/6/6
f 10/10/10 9/9/9 8/8/8
f 9/9/9 10/10/10 11/11/11
f 12/12/12 8/8/8 6/6/6
f 4/4/4 12/12/12 6/6/6
f 8/8/8 12/12/12 13/13/13
f 13/13/13 10/10/10 8/8/8
f 12/12/12 4/4/4 14/14/14
f 5/5/5 14/14/14 4/4/4
f 14/14/14 5/5/5 15/15/15
f 14/14/14 16/16/16 12/12/12
f 16/16/16 13/13/13 12/12/12
f 15/15/15 17/17/17 14/14/14
f 16/16/16 14/14/14 17/17/17
f 17/17/17 15/15/15 18/18/18
f 17/17/17 19/19/19 16/16/16
f 18/18/18 20/20/20 17/17/17
f 19/19/19 17/17/17 20/20/20
f 20/20/20 18/18/18 21/21/21
f 21/21/21 22/22/22 20/20/20
f 20/20/20 22/22/22 19/19/19
f 22/22/22 21/21/21 23/23/23
f 13/13/13 16/16/16 24/24/24
f 19/19/19 24/24/24 16/16/16
f 24/24/24 25/25/25 13/13/13
f 10/10/10 13/13/13 25/25/25
f 26/26/26 22/22/22 23/23/23
f 24/24/24 19/19/19 27/27/27
f 19/19/19 22/22/22 28/28/28
f 19/19/19 28/28/28 27/27/27
f 27/27/27 29/29/29 24/24/24
f 25/25/25 24/24/24 29/29/29
f 27/27/27 28/28/28 30/30/30
f 22/22/22 31/31/31 28/28/28
f 28/28/28 31/31/31 30/30/30
f 27/27/27 30/30/30 32/32/32
f 29/29/29 27/27/27 32/32/32
f 32/32/32 30/30/30 33/33/33
f 29/29/29 32/32/32 34/34/34
f 29/29/29 35/35/35 25/25/25
f 35/35/35 29/29/29 34/34/34
f 36/36/36 25/25/25 35/35/35
f 25/25/25 36/36/36 10/10/10
f 37/37/37 10/10/10 36/36/36
f 10/10/10 37/37/37 11/11/11
f 38/38/38 11/11/11 37/37/37
f 38/38/38 37/37/37 39/39/39
f 40/40/40 38/38/38 39/39/39
f 41/41/41 40/40/40 39/39/39
f 39/39/39 37/37/37 42/42/42
f 42/42/42 41/41/41 39/39/39
f 37/37/37 36/36/36 42/42/42
f 42/42/42 36/36/36 43/43/43
f 35/35/35 43/43/43 36/36/36
f 41/41/41 42/42/42 44/44/44
f 42/42/42 43/43/43 44/44/44
f 41/41/41 44/44/44 45/45/45
f 46/46/46 41/41/41 45/45/45
f 47/47/47 46/46/46 45/45/45
f 48/48/48 47/47/47 45/45/45
f 45/45/45 44/44/44 48/48/48
f 47/47/47 48/48/48 49/49/49
f 50/50/50 49/49/49 48/48/48
f 44/44/44 51/51/51 48/48/48
f 48/48/48 51/51/51 50/50/50
f 44/44/44 43/43/43 51/51/51
f 43/43/43 35/35/35 52/52/52
f 43/43/43 52/52/52 51/51/51
f 35/35/35 34/34/34 52/52/52
f 53/53/53 50/50/50 51/51/51
f 51/51/51 52/52/52 53/53/53
f 50/50/50 53/53/53 54/54/54
f 52/52/52 34/34/34 55/55/55
f 55/55/55 53/53/53 52/52/52
f 53/53/53 56/56/56 54/54/54
f 53/53/53 55/55/55 56/56/56
f 57/57/57 58/58/58 59/59/59
f 60/60/60 59/59/59 58/58/58
f 61/61/61 62/62/62 57/57/57
f 59/59/59 61/61/61 57/57/57
f 54/54/54 63/63/63 62/62/62
f 61/61/61 54/54/54 62/62/62
f 59/59/59 60/60/60 64/64/64
f 65/65/65 64/64/64 60/60/60
f 49/49/49 61/61/61 59/59/59
f 64/64/64 49/49/49 59/59/59
f 50/50/50 54/54/54 61/61/61
f 49/49/49 50/50/50 61/61/61
f 64/64/64 65/65/65 66/66/66
f 67/67/67 66/66/66 65/65/65
f 47/47/47 49/49/49 64/64/64
f 66/66/66 47/47/47 64/64/64
f 66/66/66 67/67/67 68/68/68
f 69/69/69 68/68/68 67/67/67
f 69/69/69 70/70/70 68/68/68
f 71/71/71 68/68/68 70/70/70
f 68/68/68 72/72/72 66/66/66
f 72/72/72 47/47/47 66/66/66
f 68/68/68 71/71/71 73/73/73
f 72/72/72 68/68/68 73/73/73
f 74/74/74 73/73/73 71/71/71
f 73/73/73 74/74/74 75/75/75
f 75/75/75 72/72/72 73/73/73
f 76/76/76 75/75/75 74/74/74
f 46/46/46 47/47/47 72/72/72
f 72/72/72 75/75/75 46/46/46
f 75/75/75 76/76/76 77/77/77
f 77/77/77 46/46/46 75/75/75
f 78/78/78 77/77/77 76/76/76
f 77/77/77 78/78/78 79/79/79
f 80/80/80 79/79/79 78/78/78
f 46/46/46 77/77/77 81/81/81
f 79/79/79 81/81/81 77/77/77
f 79/79/79 80/80/80 82/82/82
f 83/83/83 82/82/82 80/80/80
f 81/81/81 79/79/79 40/40/40
f 82/82/82 83/83/83 84/84/84
f 82/82/82 85/85/85 79/79/79
f 79/79/79 85/85/85 40/40/40
f 84/84/84 85/85/85 82/82/82
f 86/86/86 84/84/84 83/83/83
f 40/40/40 41/41/41 81/81/81
f 81/81/81 41/41/41 46/46/46
f 85/85/85 38/38/38 40/40/40
f 84/84/84 86/86/86 87/87/87
f 85/85/85 84/84/84 88/88/88
f 87/87/87 88/88/88 84/84/84
f 88/88/88 89/89/89 85/85/85
f 85/85/85 89/89/89 38/38/38
f 88/88/88 87/87/87 90/90/90
f 90/90/90 89/89/89 88/88/88
f 86/86/86 91/91/91 87/87/87
f 91/91/91 90/90/90 87/87/87
f 86/86/86 92/92/92 91/91/91
f 92/92/92 93/93/93 91/91/91
f 92/92/92 94/94/94 93/93/93
f 95/95/95 93/93/93 94/94/94
f 93/93/93 95/95/95 96/96/96
f 93/93/93 97/97/97 91/91/91
f 90/90/90 91/91/91 97/97/97
f 96/96/96 98/98/98 93/93/93
f 97/97/97 93/93/93 98/98/98
f 98/98/98 96/96/96 99/99/99
f 97/97/97 100/100/100 90/90/90
f 89/89/89 90/90/90 100/100/100
f 98/98/98 101/101/101 97/97/97
f 100/100/100 97/97/97 101/101/101
f 99/99/99 102/102/102 98/98/98
f 101/101/101 98/98/98 102/102/102
f 102/102/102 99/99/99 2/2/2
f 100/100/100 11/11/11 89/89/89
f 89/89/89 11/11/11 38/38/38
f 101/101/101 9/9/9 100/100/100
f 11/11/11 100/100/100 9/9/9
f 102/102/102 7/7/7 101/101/101
f 9/9/9 101/101/101 7/7/7
f 2/2/2 1/1/1 102/102/102
f 7/7/7 102/102/102 1/1/1
f 54/54/54 56/56/56 63/63/63
f 56/56/56 103/103/103 63/63/63
f 55/55/55 103/103/103 56/56/56
f 63/63/63 103/103/103 104/104/104
f 34/34/34 105/105/105 55/55/55
f 103/103/103 55/55/55 105/105/105
f 106/106/106 104/104/104 103/103/103
f 105/105/105 106/106/106 103/103/103
f 104/104/104 106/106/106 107/107/107
f 105/105/105 34/34/34 108/108/108
f 34/34/34 32/32/32 108/108/108
f 33/33/33 108/108/108 32/32/32
f 106/106/106 109/109/109 107/107/107
f 106/106/106 105/105/105 110/110/110
f 108/108/108 110/110/110 105/105/105
f 110/110/110 109/109/109 106/106/106
f 107/107/107 109/109/109 111/111/111
f 110/110/110 108/108/108 112/112/112
f 108/108/108 33/33/33 112/112/112
f 109/109/109 110/110/110 113/113/113
f 112/112/112 113/113/113 110/110/110
f 33/33/33 114/114/114 112/112/112
f 113/113/113 112/112/112 115/115/115
f 112/112/112 114/114/114 115/115/115
f 33/33/33 116/116/116 114/114/114
f 30/30/30 116/116/116 33/33/33
f 30/30/30 31/31/31 116/116/116
f 31/31/31 22/22/22 117/117/117
f 22/22/22 26/26/26 117/117/117
f 120/118/118 119/119/119 118/120/120
f 121/121/121 120/118/118 118/120/120
f 120/118/118 122/122/122 119/119/119
f 123/123/123 120/118/118 121/121/121
f 120/118/118 123/123/123 124/124/124
f 125/125/125 124/124/124 123/123/123
f 126/126/126 122/122/122 120/118/118
f 124/124/124 126/126/126 120/118/118
f 126/126/126 111/111/111 122/122/122
f 124/124/124 125/125/125 127/127/127
f 128/128/128 127/127/127 125/125/125
f 129/129/129 126/126/126 124/124/124
f 127/127/127 129/129/129 124/124/124
f 127/127/127 128/128/128 130/130/130
f 131/131/131 130/130/130 128/128/128
f 132/132/132 129/129/129 127/127/127
f 130/130/130 132/132/132 127/127/127
f 129/129/129 107/107/107 126/126/126
f 107/107/107 111/111/111 126/126/126
f 132/132/132 104/104/104 129/129/129
f 104/104/104 107/107/107 129/129/129
f 130/130/130 131/131/131 57/57/57
f 58/58/58 57/57/57 131/131/131
f 62/62/62 132/132/132 130/130/130
f 57/57/57 62/62/62 130/130/130
f 63/63/63 104/104/104 132/132/132
f 62/62/62 63/63/63 132/132/132
f 134/60/60 133/133/133 135/134/134
f 136/135/135 134/60/60 135/134/134
f 134/60/60 136/135/135 137/65/136
f 138/120/137 139/136/138 140/121/139
f 141/137/140 140/121/139 139/136/138
f 142/138/141 26/26/142 143/23/143
f 143/23/143 144/139/144 142/138/141
f 144/139/144 143/23/143 145/21/21
f 137/65/136 146/140/145 147/67/146
f 146/140/145 137/65/136 136/135/135
f 148/141/147 149/142/148 150/143/149
f 150/143/149 151/144/150 152/145/151
f 151/144/150 150/143/149 153/146/152
f 153/146/152 154/147/153 151/144/150
f 149/142/148 153/146/152 150/143/149
f 155/148/154 150/143/149 152/145/151
f 150/143/149 155/148/154 148/141/147
f 152/145/151 156/149/155 155/148/154
f 154/147/153 153/146/152 157/150/156
f 158/151/157 154/147/153 157/150/156
f 157/150/156 159/152/158 158/151/157
f 160/153/159 157/150/156 153/146/152
f 153/146/152 149/142/148 160/153/159
f 159/152/158 157/150/156 161/154/160
f 157/150/156 160/153/159 161/154/160
f 161/154/160 162/155/161 159/152/158
f 162/155/161 161/154/160 163/156/162
f 160/153/159 163/156/162 161/154/160
f 163/156/162 164/157/80 162/155/161
f 164/157/80 163/156/162 165/158/83
f 166/159/163 165/158/83 163/156/162
f 163/156/162 160/153/159 166/159/163
f 165/158/83 166/159/163 167/160/86
f 168/161/164 166/159/163 160/153/159
f 168/161/164 167/160/86 166/159/163
f 149/142/148 168/161/164 160/153/159
f 167/160/86 168/161/164 169/162/165
f 170/163/166 168/161/164 149/142/148
f 171/164/167 169/162/165 168/161/164
f 168/161/164 170/163/166 171/164/167
f 169/162/165 171/164/167 172/165/168
f 149/142/148 148/141/147 170/163/166
f 171/164/167 173/166/95 172/165/168
f 173/166/95 171/164/167 174/167/169
f 174/167/169 175/168/170 173/166/95
f 176/169/171 171/164/167 170/163/166
f 171/164/167 176/169/171 174/167/169
f 174/167/169 177/170/172 175/168/170
f 177/170/172 174/167/169 176/169/171
f 176/169/171 170/163/166 178/171/173
f 178/171/173 170/163/166 148/141/147
f 178/171/173 148/141/147 179/172/174
f 179/172/174 148/141/147 155/148/154
f 179/172/174 155/148/154 180/173/175
f 180/173/175 155/148/154 156/149/155
f 180/173/175 156/149/155 181/174/176
f 181/174/176 156/149/155 182/175/177
f 181/174/176 182/175/177 183/176/178
f 185/177/179 187/178/180 186/179/181
f 187/178/180 188/180/182 186/179/181
f 184/181/183 189/182/184 185/177/179
f 187/178/180 185/177/179 189/182/184
f 189/182/184 184/181/183 190/183/185
f 189/182/184 191/184/186 187/178/180
f 192/185/187 190/183/185 184/181/183
f 190/183/185 193/186/188 189/182/184
f 191/184/186 189/182/184 193/186/188
f 192/185/187 194/187/189 190/183/185
f 193/186/188 190/183/185 194/187/189
f 195/188/190 197/189/191 192/185/187
f 194/187/189 192/185/187 197/189/191
f 196/190/192 198/191/193 195/188/190
f 197/189/191 195/188/190 198/191/193
f 198/191/193 196/190/192 199/192/194
f 197/189/191 200/193/195 194/187/189
f 200/193/195 193/186/188 194/187/189
f 198/191/193 201/194/196 197/189/191
f 200/193/195 197/189/191 201/194/196
f 199/192/194 202/195/197 198/191/193
f 201/194/196 198/191/193 202/195/197
f 202/195/197 199/192/194 203/196/198
f 193/186/188 200/193/195 204/197/199
f 204/197/199 191/184/186 193/186/188
f 200/193/195 205/198/200 204/197/199
f 191/184/186 204/197/199 206/199/201
f 205/198/200 206/199/201 204/197/199
f 207/200/202 191/184/186 206/199/201
f 201/194/196 208/201/203 200/193/195
f 205/198/200 200/193/195 208/201/203
f 202/195/197 209/202/204 201/194/196
f 208/201/203 201/194/196 209/202/204
f 209/202/204 202/195/197 210/203/205
f 203/196/198 210/203/205 202/195/197
f 209/202/204 211/204/206 208/201/203
f 210/203/205 203/196/198 212/205/207
f 213/206/208 212/205/207 203/196/198
f 212/205/207 213/206/208 214/207/209
f 210/203/205 215/208/210 209/202/204
f 211/204/206 209/202/204 215/208/210
f 212/205/207 216/209/211 210/203/205
f 215/208/210 210/203/205 216/209/211
f 214/207/209 217/210/212 212/205/207
f 216/209/211 212/205/207 217/210/212
f 217/210/212 214/207/209 218/211/213
f 219/212/214 216/209/211 217/210/212
f 220/213/215 217/210/212 218/211/213
f 217/210/212 220/213/215 219/212/214
f 218/211/213 221/214/216 220/213/215
f 222/215/217 215/208/210 216/209/211
f 216/209/211 219/212/214 222/215/217
f 215/208/210 222/215/217 223/216/218
f 223/216/218 211/204/206 215/208/210
f 219/212/214 224/217/219 222/215/217
f 224/217/219 223/216/218 222/215/217
f 225/218/220 220/213/215 221/214/216
f 226/219/221 219/212/214 220/213/215
f 220/213/215 225/218/220 226/219/221
f 219/212/214 226/219/221 227/220/222
f 224/217/219 219/212/214 227/220/222
f 211/204/206 223/216/218 228/221/223
f 223/216/218 224/217/219 229/222/224
f 229/222/224 228/221/223 223/216/218
f 224/217/219 230/223/225 229/222/224
f 227/220/222 231/224/226 224/217/219
f 230/223/225 224/217/219 231/224/226
f 226/219/221 232/225/227 227/220/222
f 231/224/226 227/220/222 232/225/227
f 232/225/227 226/219/221 233/226/228
f 225/218/220 233/226/228 226/219/221
f 234/227/229 231/224/226 232/225/227
f 235/228/230 232/225/227 233/226/228
f 232/225/227 235/228/230 234/227/229
f 231/224/226 234/227/229 236/229/231
f 236/229/231 230/223/225 231/224/226
f 237/230/232 234/227/229 235/228/230
f 233/226/228 225/218/220 238/231/233
f 233/226/228 239/232/234 235/228/230
f 239/232/234 233/226/228 238/231/233
f 240/233/235 235/228/230 239/232/234
f 235/228/230 240/233/235 237/230/232
f 234/227/229 237/230/232 241/234/236
f 241/234/236 236/229/231 234/227/229
f 242/235/237 237/230/232 240/233/235
f 243/236/238 241/234/236 237/230/232
f 237/230/232 242/235/237 243/236/238
f 241/234/236 243/236/238 244/237/239
f 236/229/231 241/234/236 245/238/240
f 244/237/239 245/238/240 241/234/236
f 246/239/241 236/229/231 245/238/240
f 245/238/240 244/237/239 247/240/242
f 247/240/242 246/239/241 245/238/240
f 236/229/231 246/239/241 248/241/243
f 230/223/225 236/229/231 248/241/243
f 246/239/241 247/240/242 182/175/177
f 249/242/244 248/241/243 246/239/241
f 182/175/177 249/242/244 246/239/241
f 248/241/243 249/242/244 250/243/245
f 250/243/245 230/223/225 248/241/243
f 249/242/244 182/175/177 156/149/155
f 230/223/225 250/243/245 251/244/246
f 251/244/246 229/222/224 230/223/225
f 152/145/151 250/243/245 249/242/244
f 156/149/155 152/145/151 249/242/244
f 151/144/150 251/244/246 250/243/245
f 250/243/245 152/145/151 151/144/150
f 229/222/224 251/244/246 252/245/247
f 228/221/223 229/222/224 252/245/247
f 251/244/246 151/144/150 154/147/153
f 154/147/153 252/245/247 251/244/246
f 253/246/248 228/221/223 252/245/247
f 252/245/247 154/147/153 253/246/248
f 228/221/223 253/246/248 254/247/249
f 154/147/153 158/151/157 253/246/248
f 158/151/157 254/247/249 253/246/248
f 255/248/250 228/221/223 254/247/249
f 228/221/223 255/248/250 211/204/206
f 255/248/250 208/201/203 211/204/206
f 208/201/203 255/248/250 205/198/200
f 254/247/249 256/249/251 255/248/250
f 256/249/251 205/198/200 255/248/250
f 254/247/249 158/151/157 257/250/252
f 256/249/251 254/247/249 257/250/252
f 205/198/200 256/249/251 258/251/253
f 206/199/201 205/198/200 258/251/253
f 257/250/252 259/252/254 256/249/251
f 259/252/254 258/251/253 256/249/251
f 258/251/253 207/200/202 206/199/201
f 159/152/158 257/250/252 158/151/157
f 258/251/253 259/252/254 260/253/255
f 207/200/202 258/251/253 260/253/255
f 259/252/254 257/250/252 261/254/256
f 257/250/252 159/152/158 261/254/256
f 259/252/254 262/255/257 260/253/255
f 261/254/256 263/256/258 259/252/254
f 262/255/257 259/252/254 263/256/258
f 263/256/258 261/254/256 264/257/259
f 159/152/158 264/257/259 261/254/256
f 264/257/259 265/258/260 263/256/258
f 263/256/258 265/258/260 262/255/257
f 265/258/260 266/259/74 262/255/257
f 265/258/260 264/257/259 267/260/261
f 268/261/71 262/255/257 266/259/74
f 162/155/161 267/260/261 264/257/259
f 264/257/259 159/152/158 162/155/161
f 267/260/261 162/155/161 164/157/80
f 262/255/257 268/261/71 269/262/262
f 269/262/262 260/253/255 262/255/257
f 270/263/263 269/262/262 268/261/71
f 260/253/255 269/262/262 207/200/202
f 269/262/262 270/263/263 271/264/264
f 271/264/264 207/200/202 269/262/262
f 270/263/263 272/265/265 271/264/264
f 207/200/202 271/264/264 273/266/266
f 191/184/186 207/200/202 273/266/266
f 273/266/266 187/178/180 191/184/186
f 187/178/180 273/266/266 274/267/267
f 271/264/264 274/267/267 273/266/266
f 274/267/267 271/264/264 275/268/268
f 275/268/268 188/180/182 274/267/267
f 271/264/264 272/265/265 275/268/268
f 188/180/182 275/268/268 276/269/269
f 272/265/265 276/269/269 275/268/268
f 278/270/270 280/271/271 277/272/272
f 277/272/272 280/271/271 279/273/273
f 280/271/271 278/270/270 282/274/274
f 281/275/275 282/274/274 278/270/270
f 282/274/274 283/276/276 280/271/271
f 279/273/273 280/271/271 284/277/277
f 280/271/271 283/276/276 284/277/277
f 279/273/273 284/277/277 285/278/278
f 285/278/278 284/277/277 286/279/279
f 287/280/280 285/278/278 286/279/279
f 284/277/277 288/281/281 286/279/279
f 284/277/277 283/276/276 288/281/281
f 286/279/279 289/282/282 287/280/280
f 287/280/280 289/282/282 290/283/283
f 286/279/279 288/281/281 291/284/284
f 289/282/282 286/279/279 291/284/284
f 295/285/285 293/286/286 294/287/287
f 296/288/288 295/285/285 294/287/287
f 295/285/285 296/288/288 297/289/289
f 297/289/289 298/290/290 295/285/285
f 299/291/291 297/289/289 296/288/288
f 298/290/290 297/289/289 301/292/292
f 297/289/289 299/291/291 302/293/293
f 300/294/294 302/293/293 299/291/291
f 302/293/293 301/292/292 297/289/289
f 301/292/292 303/295/295 298/290/290
f 302/293/293 300/294/294 304/296/296
f 305/297/297 304/296/296 300/294/294
f 304/296/296 306/298/298 302/293/293
f 301/292/292 302/293/293 306/298/298
f 305/297/297 307/299/299 304/296/296
f 306/298/298 304/296/296 307/299/299
f 311/300/300 313/301/301 312/302/302
f 315/303/303 316/304/304 317/305/305
f 317/305/305 318/306/306 315/303/303
f 319/307/307 320/308/308 316/304/304
f 316/304/304 315/303/303 319/307/307
f 321/309/309 315/303/303 318/306/306
f 322/310/310 319/307/307 315/303/303
f 315/303/303 321/309/309 322/310/310
f 323/311/311 322/310/310 321/309/309
f 333/312/312 331/313/313 332/314/314
f 334/315/315 333/312/312 332/314/314
f 183/176/178 182/175/177 247/240/242
f 183/176/178 247/240/242 336/316/316
f 336/316/316 247/240/242 244/237/239
f 336/316/316 244/237/239 337/317/317
f 337/317/317 244/237/239 243/236/238
f 339/318/318 340/319/319 338/320/320
f 339/318/318 341/321/321 340/319/319
f 341/321/321 342/322/322 340/319/319
f 343/323/323 341/321/321 339/318/318
f 341/321/321 344/324/324 342/322/322
f 345/325/325 342/322/322 344/324/324
f 343/323/323 346/326/326 341/321/321
f 346/326/326 344/324/324 341/321/321
f 347/327/327 346/326/326 343/323/323
f 344/324/324 348/328/328 345/325/325
f 349/329/329 345/325/325 348/328/328
f 346/326/326 350/330/330 344/324/324
f 348/328/328 344/324/324 350/330/330
f 347/327/327 351/331/331 346/326/326
f 351/331/331 350/330/330 346/326/326
f 352/332/332 351/331/331 347/327/327
f 351/331/331 353/333/333 350/330/330
f 350/330/330 354/334/334 348/328/328
f 354/334/334 350/330/330 353/333/333
f 355/335/335 353/333/333 351/331/331
f 352/332/332 355/335/335 351/331/331
f 362/336/336 365/337/337 363/338/338
f 365/337/337 364/339/339 363/338/338
f 364/339/339 365/337/337 366/340/340
f 366/340/340 357/341/341 364/339/339
f 365/337/337 362/336/336 367/342/342
f 367/342/342 362/336/336 368/343/343
f 368/343/343 362/336/336 361/344/344
f 369/345/345 365/337/337 367/342/342
f 370/346/346 367/342/342 368/343/343
f 367/342/342 370/346/346 369/345/345
f 368/343/343 361/344/344 371/347/347
f 371/347/347 361/344/344 360/348/348
f 368/343/343 372/349/349 370/346/346
f 372/349/349 368/343/343 371/347/347
f 365/337/337 369/345/345 373/350/350
f 373/350/350 366/340/340 365/337/337
f 371/347/347 360/348/348 374/351/351
f 375/352/352 371/347/347 374/351/351
f 372/349/349 371/347/347 375/352/352
f 376/353/353 358/354/354 359/355/355
f 377/356/356 374/351/351 376/353/353
f 375/352/352 374/351/351 377/356/356
f 378/357/357 376/353/353 359/355/355
f 376/353/353 378/357/357 377/356/356
f 379/358/358 377/356/356 378/357/357
f 380/359/359 375/352/352 377/356/356
f 377/356/356 379/358/358 380/359/359
f 381/360/360 380/359/359 379/358/358
f 375/352/352 380/359/359 382/361/361
f 382/361/361 372/349/349 375/352/352
f 380/359/359 381/360/360 383/362/362
f 383/362/362 382/361/361 380/359/359
f 384/363/363 383/362/362 381/360/360
f 386/364/364 372/349/349 382/361/361
f 386/364/364 370/346/346 372/349/349
f 382/361/361 383/362/362 387/365/365
f 387/365/365 386/364/364 382/361/361
f 383/362/362 384/363/363 388/366/366
f 388/366/366 387/365/365 383/362/362
f 389/367/367 385/368/368 390/369/369
f 391/370/370 389/367/367 390/369/369
f 392/371/371 384/363/363 389/367/367
f 384/363/363 392/371/371 388/366/366
f 389/367/367 391/370/370 393/372/372
f 393/372/372 392/371/371 389/367/367
f 394/373/373 393/372/372 391/370/370
f 392/371/371 395/374/374 388/366/366
f 387/365/365 388/366/366 395/374/374
f 392/371/371 393/372/372 396/375/375
f 397/376/376 396/375/375 393/372/372
f 395/374/374 398/377/377 387/365/365
f 398/377/377 386/364/364 387/365/365
f 395/374/374 392/371/371 399/378/378
f 396/375/375 399/378/378 392/371/371
f 309/379/379 400/380/380 310/381/381
f 400/380/380 326/382/382 310/381/381
f 401/383/383 403/384/384 402/385/385
f 402/385/385 403/384/384 405/386/386
f 407/387/387 406/388/388 405/386/386
f 403/384/384 407/387/387 405/386/386
f 406/388/388 408/389/389 404/390/390
f 406/388/388 407/387/387 408/389/389
f 404/390/390 409/391/391 400/380/380
f 404/390/390 408/389/389 409/391/391
f 400/380/380 409/391/391 410/392/392
f 401/383/383 411/393/393 403/384/384
f 308/394/394 411/393/393 401/383/383
f 407/387/387 403/384/384 412/395/395
f 413/396/396 403/384/384 411/393/393
f 403/384/384 413/396/396 412/395/395
f 414/397/397 407/387/387 412/395/395
f 415/398/398 412/395/395 413/396/396
f 412/395/395 415/398/398 414/397/397
f 407/387/387 414/397/397 416/399/399
f 416/399/399 408/389/389 407/387/387
f 408/389/389 416/399/399 417/400/400
f 417/400/400 409/391/391 408/389/389
f 418/401/401 417/400/400 416/399/399
f 409/391/391 417/400/400 419/402/402
f 419/402/402 410/392/392 409/391/391
f 420/403/403 419/402/402 417/400/400
f 417/400/400 418/401/401 420/403/403
f 410/392/392 419/402/402 421/404/334
f 422/405/404 416/399/399 414/397/397
f 416/399/399 422/405/404 418/401/401
f 414/397/397 423/406/405 422/405/404
f 423/406/405 414/397/397 415/398/398
f 419/402/402 420/403/403 424/407/406
f 424/407/406 421/404/334 419/402/402
f 418/401/401 425/408/407 420/403/403
f 420/403/403 426/409/408 424/407/406
f 426/409/408 420/403/403 425/408/407
f 427/410/409 428/411/410 429/412/411
f 430/413/412 431/414/413 428/411/410
f 428/411/410 427/410/409 430/413/412
f 432/415/414 433/416/415 431/414/413
f 431/414/413 430/413/412 434/417/416
f 434/417/416 432/415/414 431/414/413
f 435/418/417 430/413/412 427/410/409
f 436/419/418 434/417/416 430/413/412
f 430/413/412 435/418/417 436/419/418
f 427/410/409 437/420/419 435/418/417
f 429/412/411 438/421/420 427/410/409
f 437/420/419 427/410/409 438/421/420
f 438/421/420 429/412/411 439/422/421
f 429/412/411 440/423/422 439/422/421
f 439/422/421 441/424/423 438/421/420
f 441/424/423 437/420/419 438/421/420
f 442/425/424 439/422/421 440/423/422
f 440/423/422 443/426/425 442/425/424
f 441/424/423 439/422/421 444/427/426
f 439/422/421 442/425/424 444/427/426
f 445/428/427 442/425/424 443/426/425
f 443/426/425 446/429/428 445/428/427
f 447/430/429 444/427/426 442/425/424
f 442/425/424 445/428/427 447/430/429
f 444/427/426 448/431/430 441/424/423
f 446/429/428 449/432/431 445/428/427
f 449/432/431 447/430/429 445/428/427
f 444/427/426 447/430/429 450/433/432
f 448/431/430 444/427/426 450/433/432
f 451/434/433 450/433/432 447/430/429
f 447/430/429 449/432/431 451/434/433
f 450/433/432 451/434/433 452/435/434
f 452/435/434 448/431/430 450/433/432
f 448/431/430 453/436/435 441/424/423
f 437/420/419 441/424/423 453/436/435
f 448/431/430 452/435/434 454/437/436
f 453/436/435 448/431/430 455/438/437
f 454/437/436 455/438/437 448/431/430
f 455/438/437 456/439/438 453/436/435
f 453/436/435 457/440/439 437/420/419
f 457/440/439 453/436/435 456/439/438
f 458/441/440 437/420/419 457/440/439
f 437/420/419 458/441/440 435/418/417
f 456/439/438 455/438/437 311/300/300
f 455/438/437 454/437/436 313/301/301
f 313/301/301 311/300/300 455/438/437
f 459/442/441 435/418/417 458/441/440
f 435/418/417 459/442/441 436/419/418
f 460/443/442 436/419/418 459/442/441
f 436/419/418 460/443/442 461/444/443
f 434/417/416 436/419/418 461/444/443
f 461/444/443 462/445/444 434/417/416
f 432/415/414 434/417/416 462/445/444
f 463/446/445 461/444/443 460/443/442
f 462/445/444 461/444/443 464/447/446
f 461/444/443 463/446/445 464/447/446
f 464/447/446 465/448/447 462/445/444
f 465/448/447 432/415/414 462/445/444
f 466/449/448 464/447/446 463/446/445
f 465/448/447 464/447/446 467/450/449
f 464/447/446 466/449/448 467/450/449
f 467/450/449 316/304/304 465/448/447
f 432/415/414 465/448/447 468/451/450
f 316/304/304 468/451/450 465/448/447
f 469/452/451 432/415/414 468/451/450
f 470/453/452 467/450/449 466/449/448
f 467/450/449 470/453/452 317/305/305
f 316/304/304 467/450/449 317/305/305
f 468/451/450 316/304/304 320/308/308
f 320/308/308 469/452/451 468/451/450
f 318/306/306 317/305/305 470/453/452
f 472/454/453 475/455/454 471/456/455
f 476/457/456 471/456/455 475/455/454
f 475/455/454 472/454/453 477/458/457
f 473/459/458 477/458/457 472/454/453
f 475/455/454 478/460/459 476/457/456
f 477/458/457 479/461/460 475/455/454
f 478/460/459 475/455/454 479/461/460
f 479/461/460 477/458/457 480/462/461
f 477/458/457 473/459/458 481/463/462
f 481/463/462 480/462/461 477/458/457
f 292/464/463 481/463/462 473/459/458
f 480/462/461 481/463/462 482/465/464
f 479/461/460 483/466/465 478/460/459
f 480/462/461 484/467/466 479/461/460
f 483/466/465 479/461/460 484/467/466
f 484/467/466 480/462/461 485/468/467
f 482/465/464 485/468/467 480/462/461
f 486/469/468 482/465/464 481/463/462
f 485/468/467 482/465/464 487/470/469
f 482/465/464 486/469/468 488/471/470
f 488/471/470 487/470/469 482/465/464
f 489/472/471 488/471/470 486/469/468
f 487/470/469 488/471/470 490/473/472
f 488/471/470 489/472/471 491/474/473
f 491/474/473 490/473/472 488/471/470
f 295/285/285 491/474/473 489/472/471
f 490/473/472 491/474/473 492/475/474
f 490/473/472 493/476/475 487/470/469
f 491/474/473 295/285/285 298/290/290
f 298/290/290 492/475/474 491/474/473
f 492/475/474 494/477/476 490/473/472
f 493/476/475 490/473/472 494/477/476
f 492/475/474 298/290/290 303/295/295
f 495/478/477 487/470/469 493/476/475
f 487/470/469 495/478/477 485/468/467
f 494/477/476 492/475/474 496/479/478
f 303/295/295 496/479/478 492/475/474
f 494/477/476 497/480/479 493/476/475
f 498/481/480 485/468/467 495/478/477
f 485/468/467 498/481/480 484/467/466
f 493/476/475 499/482/481 495/478/477
f 499/482/481 493/476/475 497/480/479
f 495/478/477 500/483/482 498/481/480
f 500/483/482 495/478/477 499/482/481
f 501/484/483 484/467/466 498/481/480
f 484/467/466 501/484/483 483/466/465
f 502/485/484 498/481/480 500/483/482
f 498/481/480 502/485/484 501/484/483
f 499/482/481 503/486/485 500/483/482
f 500/483/482 504/487/486 502/485/484
f 504/487/486 500/483/482 503/486/485
f 503/486/485 499/482/481 505/488/487
f 497/480/479 505/488/487 499/482/481
f 503/486/485 506/489/488 504/487/486
f 507/490/489 502/485/484 504/487/486
f 506/489/488 507/490/489 504/487/486
f 502/485/484 507/490/489 508/491/490
f 508/491/490 501/484/483 502/485/484
f 505/488/487 509/492/491 503/486/485
f 506/489/488 503/486/485 509/492/491
f 501/484/483 508/491/490 510/493/492
f 510/493/492 483/466/465 501/484/483
f 511/494/493 508/491/490 507/490/489
f 483/466/465 510/493/492 512/495/494
f 512/495/494 478/460/459 483/466/465
f 513/496/495 510/493/492 508/491/490
f 508/491/490 511/494/493 513/496/495
f 514/497/496 512/495/494 510/493/492
f 510/493/492 513/496/495 514/497/496
f 478/460/459 512/495/494 515/498/497
f 515/498/497 476/457/456 478/460/459
f 512/495/494 514/497/496 516/499/498
f 516/499/498 515/498/497 512/495/494
f 476/457/456 515/498/497 517/500/499
f 517/500/499 474/501/500 476/457/456
f 515/498/497 516/499/498 518/502/501
f 518/502/501 517/500/499 515/498/497
f 474/501/500 517/500/499 519/503/502
f 517/500/499 518/502/501 520/504/503
f 520/504/503 519/503/502 517/500/499
f 519/503/502 520/504/503 521/505/504
f 521/505/504 525/506/505 522/507/506
f 524/508/507 526/509/508 523/510/509
f 525/506/505 521/505/504 520/504/503
f 522/507/506 527/511/510 524/508/507
f 527/511/510 522/507/506 525/506/505
f 526/509/508 524/508/507 527/511/510
f 520/504/503 528/512/511 525/506/505
f 528/512/511 520/504/503 518/502/501
f 525/506/505 529/513/512 527/511/510
f 529/513/512 525/506/505 528/512/511
f 527/511/510 530/514/513 526/509/508
f 530/514/513 527/511/510 529/513/512
f 518/502/501 531/515/514 528/512/511
f 531/515/514 518/502/501 516/499/498
f 528/512/511 532/516/515 529/513/512
f 532/516/515 528/512/511 531/515/514
f 529/513/512 533/517/516 530/514/513
f 533/517/516 529/513/512 532/516/515
f 534/518/517 535/519/518 342/322/322
f 342/322/322 345/325/325 534/518/517
f 536/520/519 535/519/518 537/521/520
f 340/319/319 342/322/322 535/519/518
f 340/319/319 535/519/518 536/520/519
f 536/520/519 537/521/520 538/522/521
f 538/522/521 537/521/520 539/523/522
f 338/320/320 340/319/319 536/520/519
f 540/524/523 536/520/519 538/522/521
f 338/320/320 536/520/519 540/524/523
f 538/522/521 539/523/522 541/525/524
f 540/524/523 538/522/521 542/526/525
f 542/526/525 538/522/521 541/525/524
f 541/525/524 539/523/522 543/527/526
f 544/528/527 543/527/526 539/523/522
f 542/526/525 541/525/524 545/529/528
f 543/527/526 544/528/527 546/530/529
f 547/531/530 546/530/529 544/528/527
f 541/525/524 543/527/526 548/532/531
f 545/529/528 541/525/524 548/532/531
f 546/530/529 549/533/532 543/527/526
f 548/532/531 543/527/526 549/533/532
f 546/530/529 547/531/530 550/534/405
f 551/535/234 550/534/405 547/531/530
f 549/533/532 546/530/529 552/536/533
f 550/534/405 552/536/533 546/530/529
f 550/534/405 551/535/234 553/537/534
f 552/536/533 550/534/405 554/538/535
f 553/537/534 554/538/535 550/534/405
f 555/539/536 553/537/534 551/535/234
f 554/538/535 556/540/537 552/536/533
f 552/536/533 557/541/538 549/533/532
f 557/541/538 552/536/533 556/540/537
f 558/542/539 549/533/532 557/541/538
f 549/533/532 558/542/539 548/532/531
f 559/543/540 548/532/531 558/542/539
f 545/529/528 548/532/531 559/543/540
f 557/541/538 560/544/541 558/542/539
f 561/545/542 558/542/539 560/544/541
f 559/543/540 558/542/539 561/545/542
f 560/544/541 557/541/538 562/546/543
f 556/540/537 562/546/543 557/541/538
f 560/544/541 562/546/543 563/547/544
f 563/547/544 561/545/542 560/544/541
f 562/546/543 556/540/537 564/548/545
f 563/547/544 562/546/543 565/549/546
f 564/548/545 565/549/546 562/546/543
f 566/550/547 564/548/545 556/540/537
f 556/540/537 554/538/535 566/550/547
f 565/549/546 564/548/545 567/551/548
f 563/547/544 565/549/546 568/552/549
f 568/552/549 565/549/546 569/553/550
f 567/551/548 569/553/550 565/549/546
f 570/554/551 567/551/548 564/548/545
f 564/548/545 566/550/547 570/554/551
f 569/553/550 567/551/548 571/555/552
f 567/551/548 570/554/551 572/556/553
f 572/556/553 571/555/552 567/551/548
f 566/550/547 573/557/554 570/554/551
f 573/557/554 572/556/553 570/554/551
f 353/333/333 575/558/555 354/334/334
f 576/559/556 348/328/328 354/334/334
f 348/328/328 576/559/556 349/329/329
f 354/334/334 577/560/557 576/559/556
f 577/560/557 354/334/334 575/558/555
f 578/561/558 349/329/329 576/559/556
f 349/329/329 578/561/558 579/562/559
f 506/489/488 579/562/559 578/561/558
f 576/559/556 580/563/560 578/561/558
f 580/563/560 576/559/556 577/560/557
f 578/561/558 581/564/561 506/489/488
f 581/564/561 578/561/558 580/563/560
f 507/490/489 506/489/488 581/564/561
f 581/564/561 511/494/493 507/490/489
f 511/494/493 581/564/561 582/565/562
f 580/563/560 582/565/562 581/564/561
f 582/565/562 583/566/563 511/494/493
f 577/560/557 584/567/564 580/563/560
f 582/565/562 580/563/560 584/567/564
f 583/566/563 582/565/562 585/568/565
f 584/567/564 585/568/565 582/565/562
f 585/568/565 586/569/566 583/566/563
f 584/567/564 577/560/557 587/570/567
f 575/558/555 587/570/567 577/560/557
f 585/568/565 584/567/564 588/571/568
f 587/570/567 588/571/568 584/567/564
f 586/569/566 585/568/565 589/572/569
f 588/571/568 589/572/569 585/568/565
f 589/572/569 590/573/570 586/569/566
f 590/573/570 589/572/569 591/574/571
f 591/574/571 221/214/216 590/573/570
f 221/214/216 591/574/571 225/218/220
f 592/575/572 591/574/571 589/572/569
f 589/572/569 588/571/568 592/575/572
f 593/576/573 225/218/220 591/574/571
f 591/574/571 592/575/572 593/576/573
f 225/218/220 593/576/573 238/231/233
f 594/577/574 592/575/572 588/571/568
f 588/571/568 587/570/567 594/577/574
f 595/578/575 593/576/573 592/575/572
f 592/575/572 594/577/574 595/578/575
f 596/579/576 238/231/233 593/576/573
f 593/576/573 595/578/575 596/579/576
f 238/231/233 596/579/576 239/232/234
f 597/580/577 594/577/574 587/570/567
f 587/570/567 575/558/555 597/580/577
f 598/581/578 595/578/575 594/577/574
f 594/577/574 597/580/577 598/581/578
f 599/582/579 596/579/576 595/578/575
f 595/578/575 598/581/578 599/582/579
f 600/583/580 239/232/234 596/579/576
f 596/579/576 599/582/579 600/583/580
f 239/232/234 600/583/580 240/233/235
f 601/584/547 597/580/577 575/558/555
f 575/558/555 353/333/333 601/584/547
f 355/335/335 601/584/547 353/333/333
f 597/580/577 601/584/547 602/585/581
f 602/585/581 598/581/578 597/580/577
f 603/586/582 601/584/547 355/335/335
f 603/586/582 602/585/581 601/584/547
f 604/587/583 603/586/582 355/335/335
f 604/587/583 355/335/335 352/332/332
f 605/588/584 602/585/581 603/586/582
f 598/581/578 602/585/581 606/589/585
f 605/588/584 606/589/585 602/585/581
f 606/589/585 599/582/579 598/581/578
f 607/590/586 605/588/584 603/586/582
f 607/590/586 603/586/582 604/587/583
f 608/591/587 606/589/585 605/588/584
f 599/582/579 606/589/585 609/592/588
f 608/591/587 609/592/588 606/589/585
f 609/592/588 600/583/580 599/582/579
f 600/583/580 609/592/588 610/593/589
f 610/593/589 240/233/235 600/583/580
f 240/233/235 610/593/589 242/235/237
f 611/594/590 610/593/589 609/592/588
f 611/594/590 609/592/588 608/591/587
f 612/595/591 242/235/237 610/593/589
f 612/595/591 610/593/589 611/594/590
f 613/596/592 242/235/237 612/595/591
f 613/596/592 243/236/238 242/235/237
f 337/317/317 243/236/238 613/596/592
f 614/597/593 608/591/587 605/588/584
f 614/597/593 605/588/584 607/590/586
f 306/298/298 615/598/594 301/292/292
f 303/295/295 301/292/292 615/598/594
f 307/299/299 616/599/595 306/298/298
f 615/598/594 306/298/298 616/599/595
f 615/598/594 617/600/596 303/295/295
f 496/479/478 303/295/295 617/600/596
f 616/599/595 618/601/597 615/598/594
f 617/600/596 615/598/594 618/601/597
f 616/599/595 307/299/299 619/602/598
f 617/600/596 620/603/599 496/479/478
f 618/601/597 616/599/595 621/604/600
f 619/602/598 621/604/600 616/599/595
f 618/601/597 622/605/601 617/600/596
f 620/603/599 617/600/596 622/605/601
f 623/606/602 619/602/598 307/299/299
f 307/299/299 305/297/297 623/606/602
f 624/607/603 496/479/478 620/603/599
f 496/479/478 624/607/603 494/477/476
f 497/480/479 494/477/476 624/607/603
f 625/608/604 623/606/602 305/297/297
f 624/607/603 626/609/605 497/480/479
f 505/488/487 497/480/479 626/609/605
f 620/603/599 627/610/606 624/607/603
f 626/609/605 624/607/603 627/610/606
f 627/610/606 620/603/599 628/611/607
f 622/605/601 628/611/607 620/603/599
f 627/610/606 629/612/608 626/609/605
f 626/609/605 630/613/609 505/488/487
f 630/613/609 626/609/605 629/612/608
f 509/492/491 505/488/487 630/613/609
f 629/612/608 627/610/606 631/614/610
f 628/611/607 631/614/610 627/610/606
f 632/615/611 630/613/609 629/612/608
f 633/616/612 509/492/491 630/613/609
f 630/613/609 632/615/611 633/616/612
f 509/492/491 633/616/612 579/562/559
f 579/562/559 506/489/488 509/492/491
f 634/617/613 629/612/608 631/614/610
f 629/612/608 634/617/613 632/615/611
f 631/614/610 628/611/607 635/618/614
f 631/614/610 636/619/615 634/617/613
f 636/619/615 631/614/610 635/618/614
f 628/611/607 555/539/536 635/618/614
f 635/618/614 551/535/234 636/619/615
f 551/535/234 635/618/614 555/539/536
f 637/620/616 634/617/613 636/619/615
f 547/531/530 636/619/615 551/535/234
f 636/619/615 547/531/530 637/620/616
f 634/617/613 637/620/616 638/621/617
f 638/621/617 632/615/611 634/617/613
f 632/615/611 638/621/617 639/622/617
f 639/622/617 633/616/612 632/615/611
f 640/623/618 638/621/617 637/620/616
f 633/616/612 639/622/617 641/624/521
f 641/624/521 579/562/559 633/616/612
f 642/625/319 639/622/617 638/621/617
f 638/621/617 640/623/618 642/625/319
f 534/518/517 641/624/521 639/622/617
f 639/622/617 642/625/319 534/518/517
f 579/562/559 641/624/521 349/329/329
f 637/620/616 544/528/527 640/623/618
f 544/528/527 637/620/616 547/531/530
f 537/521/520 642/625/319 640/623/618
f 539/523/522 640/623/618 544/528/527
f 640/623/618 539/523/522 537/521/520
f 642/625/319 537/521/520 535/519/518
f 535/519/518 534/518/517 642/625/319
f 641/624/521 534/518/517 345/325/325
f 345/325/325 349/329/329 641/624/521
f 421/404/334 424/407/406 643/626/619
f 426/409/408 643/626/619 424/407/406
f 643/626/619 644/627/620 421/404/334
f 645/628/621 421/404/334 644/627/620
f 421/404/334 645/628/621 410/392/392
f 644/627/620 643/626/619 646/629/622
f 647/630/623 410/392/392 645/628/621
f 410/392/392 647/630/623 400/380/380
f 648/631/624 645/628/621 644/627/620
f 646/629/622 648/631/624 644/627/620
f 326/382/382 400/380/380 647/630/623
f 649/632/625 647/630/623 645/628/621
f 645/628/621 648/631/624 649/632/625
f 326/382/382 647/630/623 650/633/626
f 650/633/626 647/630/623 651/634/627
f 325/635/628 650/633/626 651/634/627
f 647/630/623 649/632/625 651/634/627
f 649/632/625 652/636/629 651/634/627
f 652/636/629 649/632/625 654/637/630
f 652/636/629 654/637/630 653/638/631
f 649/632/625 655/639/632 654/637/630
f 655/639/632 649/632/625 648/631/624
f 653/638/631 654/637/630 656/640/633
f 653/638/631 656/640/633 324/641/634
f 655/639/632 656/640/633 654/637/630
f 324/641/634 656/640/633 657/642/635
f 656/640/633 655/639/632 658/643/636
f 658/643/636 657/642/635 656/640/633
f 655/639/632 659/644/637 658/643/636
f 648/631/624 660/645/638 655/639/632
f 659/644/637 655/639/632 660/645/638
f 660/645/638 648/631/624 661/646/639
f 648/631/624 646/629/622 661/646/639
f 661/646/639 662/647/640 660/645/638
f 662/647/640 659/644/637 660/645/638
f 646/629/622 663/648/641 661/646/639
f 662/647/640 661/646/639 663/648/641
f 663/648/641 646/629/622 664/649/642
f 646/629/622 665/650/643 664/649/642
f 665/650/643 646/629/622 643/626/619
f 643/626/619 426/409/408 665/650/643
f 665/650/643 666/651/644 664/649/642
f 664/649/642 667/652/645 663/648/641
f 667/652/645 664/649/642 666/651/644
f 663/648/641 668/653/646 662/647/640
f 668/653/646 663/648/641 667/652/645
f 426/409/408 669/654/647 665/650/643
f 666/651/644 665/650/643 669/654/647
f 666/651/644 670/655/648 667/652/645
f 670/655/648 668/653/646 667/652/645
f 669/654/647 671/656/649 666/651/644
f 670/655/648 666/651/644 671/656/649
f 669/654/647 426/409/408 672/657/650
f 425/408/407 672/657/650 426/409/408
f 671/656/649 669/654/647 673/658/651
f 672/657/650 673/658/651 669/654/647
f 671/656/649 433/416/415 670/655/648
f 673/658/651 674/659/652 671/656/649
f 433/416/415 671/656/649 674/659/652
f 674/659/652 673/658/651 675/660/653
f 673/658/651 672/657/650 676/661/654
f 676/661/654 675/660/653 673/658/651
f 672/657/650 425/408/407 677/662/655
f 677/662/655 676/661/654 672/657/650
f 425/408/407 446/429/428 677/662/655
f 676/661/654 677/662/655 443/426/425
f 446/429/428 443/426/425 677/662/655
f 675/660/653 676/661/654 440/423/422
f 443/426/425 440/423/422 676/661/654
f 675/660/653 428/411/410 674/659/652
f 440/423/422 429/412/411 675/660/653
f 428/411/410 675/660/653 429/412/411
f 431/414/413 674/659/652 428/411/410
f 674/659/652 431/414/413 433/416/415
f 516/499/498 678/663/656 531/515/514
f 678/663/656 516/499/498 514/497/496
f 531/515/514 679/664/459 532/516/515
f 679/664/459 531/515/514 678/663/656
f 532/516/515 680/665/657 533/517/516
f 680/665/657 532/516/515 679/664/459
f 514/497/496 681/666/658 678/663/656
f 681/666/658 514/497/496 513/496/495
f 678/663/656 682/667/659 679/664/459
f 682/667/659 678/663/656 681/666/658
f 679/664/459 683/668/660 680/665/657
f 683/668/660 679/664/459 682/667/659
f 513/496/495 583/566/563 681/666/658
f 583/566/563 513/496/495 511/494/493
f 681/666/658 586/569/566 682/667/659
f 586/569/566 681/666/658 583/566/563
f 682/667/659 590/573/570 683/668/660
f 590/573/570 682/667/659 586/569/566
f 221/214/216 683/668/660 590/573/570
f 684/669/157 680/665/657 683/668/660
f 683/668/660 221/214/216 684/669/157
f 680/665/657 684/669/157 685/670/661
f 685/670/661 533/517/516 680/665/657
f 218/211/213 685/670/661 684/669/157
f 221/214/216 218/211/213 684/669/157
f 533/517/516 685/670/661 686/671/662
f 686/671/662 530/514/513 533/517/516
f 685/670/661 218/211/213 214/207/209
f 214/207/209 686/671/662 685/670/661
f 530/514/513 686/671/662 687/672/514
f 687/672/514 526/509/508 530/514/513
f 686/671/662 214/207/209 213/206/208
f 213/206/208 687/672/514 686/671/662
f 526/509/508 687/672/514 688/673/663
f 687/672/514 213/206/208 689/674/664
f 689/674/664 688/673/663 687/672/514
f 688/673/663 689/674/664 690/675/665
f 203/196/198 689/674/664 213/206/208
f 199/192/194 690/675/665 689/674/664
f 689/674/664 203/196/198 199/192/194
f 690/675/665 199/192/194 196/190/192
f 657/642/635 691/676/666 692/677/667
f 691/676/666 657/642/635 693/678/668
f 657/642/635 658/643/636 693/678/668
f 658/643/636 694/679/669 693/678/668
f 694/679/669 658/643/636 659/644/637
f 693/678/668 695/680/670 691/676/666
f 695/680/670 693/678/668 694/679/669
f 696/681/671 691/676/666 695/680/670
f 659/644/637 697/682/449 694/679/669
f 694/679/669 698/683/672 695/680/670
f 698/683/672 694/679/669 697/682/449
f 697/682/449 659/644/637 699/684/673
f 659/644/637 662/647/640 699/684/673
f 668/653/646 699/684/673 662/647/640
f 700/685/674 695/680/670 698/683/672
f 695/680/670 700/685/674 696/681/671
f 697/682/449 701/686/675 698/683/672
f 699/684/673 702/687/676 697/682/449
f 701/686/675 697/682/449 702/687/676
f 699/684/673 668/653/646 703/688/677
f 702/687/676 699/684/673 703/688/677
f 698/683/672 704/689/678 700/685/674
f 704/689/678 698/683/672 701/686/675
f 705/690/679 700/685/674 704/689/678
f 701/686/675 706/691/680 704/689/678
f 706/691/680 705/690/679 704/689/678
f 700/685/674 705/690/679 707/692/681
f 707/692/681 696/681/671 700/685/674
f 705/690/679 708/693/682 707/692/681
f 708/693/682 709/694/683 707/692/681
f 696/681/671 707/692/681 709/694/683
f 709/694/683 710/695/684 696/681/671
f 691/676/666 696/681/671 710/695/684
f 710/695/684 692/677/667 691/676/666
f 692/677/667 710/695/684 711/696/685
f 710/695/684 712/697/686 711/696/685
f 713/698/687 711/696/685 712/697/686
f 714/699/687 711/696/685 713/698/687
f 714/699/687 692/677/667 711/696/685
f 715/700/688 692/677/667 714/699/687
f 715/700/688 657/642/635 692/677/667
f 657/642/635 715/700/688 324/641/634
f 283/276/276 716/701/689 288/281/281
f 716/701/689 291/284/284 288/281/281
f 717/702/690 289/282/282 291/284/284
f 291/284/284 716/701/689 717/702/690
f 289/282/282 717/702/690 718/703/691
f 290/283/283 289/282/282 719/704/692
f 718/703/691 719/704/692 289/282/282
f 720/705/693 717/702/690 716/701/689
f 721/706/694 718/703/691 717/702/690
f 717/702/690 720/705/693 721/706/694
f 718/703/691 721/706/694 722/707/695
f 719/704/692 718/703/691 723/708/696
f 722/707/695 723/708/696 718/703/691
f 724/709/697 722/707/695 721/706/694
f 720/705/693 724/709/697 721/706/694
f 723/708/696 722/707/695 725/710/698
f 726/711/699 720/705/693 716/701/689
f 716/701/689 283/276/276 726/711/699
f 724/709/697 720/705/693 727/712/700
f 722/707/695 724/709/697 728/713/701
f 728/713/701 725/710/698 722/707/695
f 729/714/702 726/711/699 283/276/276
f 730/715/703 728/713/701 724/709/697
f 727/712/700 730/715/703 724/709/697
f 283/276/276 282/274/274 729/714/702
f 720/705/693 726/711/699 731/716/704
f 731/716/704 727/712/700 720/705/693
f 726/711/699 729/714/702 732/717/705
f 732/717/705 731/716/704 726/711/699
f 733/718/706 729/714/702 282/274/274
f 734/719/707 732/717/705 729/714/702
f 729/714/702 733/718/706 734/719/707
f 282/274/274 281/275/275 733/718/706
f 732/717/705 734/719/707 735/720/708
f 731/716/704 732/717/705 736/721/709
f 735/720/708 736/721/709 732/717/705
f 736/721/709 737/722/710 731/716/704
f 727/712/700 731/716/704 737/722/710
f 736/721/709 735/720/708 738/723/711
f 739/724/712 727/712/700 737/722/710
f 737/722/710 736/721/709 740/725/713
f 740/725/713 739/724/712 737/722/710
f 738/723/711 740/725/713 736/721/709
f 741/726/714 738/723/711 735/720/708
f 742/727/715 735/720/708 734/719/707
f 735/720/708 742/727/715 741/726/714
f 734/719/707 743/728/716 742/727/715
f 743/728/716 734/719/707 733/718/706
f 733/718/706 744/729/717 743/728/716
f 744/729/717 733/718/706 281/275/275
f 745/730/718 742/727/715 743/728/716
f 746/731/719 743/728/716 744/729/717
f 748/732/720 749/733/721 750/734/722
f 749/733/721 751/735/723 750/734/722
f 749/733/721 748/732/720 320/308/308
f 706/691/680 750/734/722 751/735/723
f 469/452/451 320/308/308 748/732/720
f 750/734/722 706/691/680 752/736/724
f 706/691/680 701/686/675 752/736/724
f 702/687/676 752/736/724 701/686/675
f 753/737/725 750/734/722 752/736/724
f 752/736/724 702/687/676 753/737/725
f 750/734/722 753/737/725 748/732/720
f 703/688/677 753/737/725 702/687/676
f 754/738/726 748/732/720 753/737/725
f 753/737/725 703/688/677 754/738/726
f 748/732/720 754/738/726 469/452/451
f 668/653/646 754/738/726 703/688/677
f 754/738/726 668/653/646 755/739/727
f 755/739/727 469/452/451 754/738/726
f 668/653/646 670/655/648 755/739/727
f 469/452/451 755/739/727 756/740/728
f 670/655/648 756/740/728 755/739/727
f 432/415/414 469/452/451 756/740/728
f 756/740/728 670/655/648 433/416/415
f 433/416/415 432/415/414 756/740/728
f 757/741/729 758/742/730 759/743/731
f 759/743/731 760/744/732 757/741/729
f 747/745/733 757/741/729 760/744/732
f 760/744/732 759/743/731 761/746/734
f 762/747/735 747/745/733 760/744/732
f 761/746/734 762/747/735 760/744/732
f 747/745/733 762/747/735 745/730/718
f 742/727/715 745/730/718 762/747/735
f 762/747/735 741/726/714 742/727/715
f 763/748/736 757/741/729 747/745/733
f 763/748/736 764/749/737 757/741/729
f 758/742/730 757/741/729 764/749/737
f 765/750/738 764/749/737 763/748/736
f 765/750/738 767/751/739 764/749/737
f 766/752/740 767/751/739 765/750/738
f 766/752/740 769/753/741 767/751/739
f 768/754/742 769/753/741 766/752/740
f 770/755/743 764/749/737 767/751/739
f 764/749/737 770/755/743 758/742/730
f 771/756/744 767/751/739 769/753/741
f 767/751/739 771/756/744 770/755/743
f 768/754/742 712/697/686 769/753/741
f 713/698/687 712/697/686 768/754/742
f 769/753/741 772/757/745 771/756/744
f 772/757/745 769/753/741 712/697/686
f 773/758/746 770/755/743 771/756/744
f 772/757/745 773/758/746 771/756/744
f 770/755/743 773/758/746 774/759/747
f 774/759/747 758/742/730 770/755/743
f 773/758/746 772/757/745 709/694/683
f 708/693/682 774/759/747 773/758/746
f 709/694/683 708/693/682 773/758/746
f 710/695/684 709/694/683 772/757/745
f 712/697/686 710/695/684 772/757/745
f 758/742/730 774/759/747 775/760/748
f 775/760/748 759/743/731 758/742/730
f 776/761/749 775/760/748 774/759/747
f 774/759/747 708/693/682 776/761/749
f 759/743/731 775/760/748 777/762/750
f 777/762/750 761/746/734 759/743/731
f 775/760/748 776/761/749 778/763/751
f 778/763/751 777/762/750 775/760/748
f 779/764/752 776/761/749 708/693/682
f 780/765/753 778/763/751 776/761/749
f 776/761/749 779/764/752 780/765/753
f 708/693/682 705/690/679 779/764/752
f 778/763/751 780/765/753 781/766/754
f 777/762/750 778/763/751 782/767/755
f 781/766/754 782/767/755 778/763/751
f 782/767/755 783/768/756 777/762/750
f 761/746/734 777/762/750 783/768/756
f 782/767/755 781/766/754 784/769/757
f 783/768/756 785/770/758 761/746/734
f 762/747/735 761/746/734 785/770/758
f 741/726/714 762/747/735 785/770/758
f 785/770/758 783/768/756 786/771/759
f 786/771/759 741/726/714 785/770/758
f 783/768/756 782/767/755 787/772/760
f 787/772/760 786/771/759 783/768/756
f 784/769/757 787/772/760 782/767/755
f 741/726/714 786/771/759 788/773/761
f 738/723/711 741/726/714 788/773/761
f 786/771/759 787/772/760 789/774/762
f 789/774/762 788/773/761 786/771/759
f 787/772/760 784/769/757 790/775/763
f 790/775/763 789/774/762 787/772/760
f 788/773/761 791/776/764 738/723/711
f 740/725/713 738/723/711 791/776/764
f 788/773/761 789/774/762 792/777/749
f 791/776/764 788/773/761 792/777/749
f 791/776/764 793/778/765 740/725/713
f 739/724/712 740/725/713 793/778/765
f 792/777/749 794/779/766 791/776/764
f 793/778/765 791/776/764 794/779/766
f 795/780/767 792/777/749 789/774/762
f 789/774/762 790/775/763 795/780/767
f 796/781/768 739/724/712 793/778/765
f 794/779/766 796/781/768 793/778/765
f 792/777/749 795/780/767 797/782/763
f 794/779/766 792/777/749 797/782/763
f 798/783/769 398/377/377 395/374/374
f 399/378/378 798/783/769 395/374/374
f 398/377/377 799/784/770 386/364/364
f 370/346/346 386/364/364 799/784/770
f 799/784/770 369/345/345 370/346/346
f 799/784/770 398/377/377 800/785/771
f 798/783/769 800/785/771 398/377/377
f 369/345/345 799/784/770 801/786/772
f 800/785/771 801/786/772 799/784/770
f 801/786/772 373/350/350 369/345/345
f 802/787/773 798/783/769 399/378/378
f 399/378/378 396/375/375 802/787/773
f 800/785/771 798/783/769 803/788/774
f 801/786/772 800/785/771 804/789/775
f 803/788/774 804/789/775 800/785/771
f 798/783/769 802/787/773 805/790/776
f 805/790/776 803/788/774 798/783/769
f 396/375/375 806/791/777 802/787/773
f 806/791/777 805/790/776 802/787/773
f 806/791/777 396/375/375 807/792/778
f 396/375/375 397/376/376 807/792/778
f 805/790/776 806/791/777 808/793/779
f 803/788/774 805/790/776 809/794/780
f 808/793/779 809/794/780 805/790/776
f 809/794/780 810/795/781 803/788/774
f 804/789/775 803/788/774 810/795/781
f 811/796/782 807/792/778 397/376/376
f 807/792/778 811/796/782 813/797/783
f 812/798/784 813/797/783 811/796/782
f 813/797/783 812/798/784 815/799/785
f 814/800/786 815/799/785 812/798/784
f 815/799/785 814/800/786 817/801/787
f 816/802/788 817/801/787 814/800/786
f 818/803/789 813/797/783 815/799/785
f 819/804/790 807/792/778 813/797/783
f 813/797/783 818/803/789 819/804/790
f 807/792/778 819/804/790 806/791/777
f 819/804/790 808/793/779 806/791/777
f 818/803/789 820/805/791 819/804/790
f 808/793/779 819/804/790 820/805/791
f 815/799/785 821/806/792 818/803/789
f 821/806/792 815/799/785 817/801/787
f 821/806/792 822/807/793 818/803/789
f 820/805/791 818/803/789 822/807/793
f 817/801/787 823/808/794 821/806/792
f 820/805/791 824/809/795 808/793/779
f 809/794/780 808/793/779 824/809/795
f 825/810/796 820/805/791 822/807/793
f 822/807/793 821/806/792 826/811/797
f 826/811/797 825/810/796 822/807/793
f 823/808/794 826/811/797 821/806/792
f 824/809/795 827/812/798 809/794/780
f 810/795/781 809/794/780 827/812/798
f 824/809/795 820/805/791 828/813/799
f 820/805/791 825/810/796 828/813/799
f 827/812/798 829/814/800 810/795/781
f 829/814/800 804/789/775 810/795/781
f 827/812/798 824/809/795 830/815/801
f 828/813/799 830/815/801 824/809/795
f 830/815/801 831/816/802 827/812/798
f 829/814/800 827/812/798 831/816/802
f 830/815/801 828/813/799 832/817/803
f 825/810/796 832/817/803 828/813/799
f 831/816/802 830/815/801 833/818/804
f 832/817/803 833/818/804 830/815/801
f 832/817/803 825/810/796 834/819/805
f 833/818/804 832/817/803 835/820/806
f 834/819/805 835/820/806 832/817/803
f 833/818/804 836/821/807 831/816/802
f 831/816/802 837/822/808 829/814/800
f 837/822/808 831/816/802 836/821/807
f 836/821/807 833/818/804 838/823/749
f 835/820/806 838/823/749 833/818/804
f 838/823/749 835/820/806 725/710/698
f 725/710/698 728/713/701 838/823/749
f 839/824/809 725/710/698 835/820/806
f 835/820/806 834/819/805 839/824/809
f 725/710/698 839/824/809 723/708/696
f 839/824/809 719/704/692 723/708/696
f 840/825/810 838/823/749 728/713/701
f 838/823/749 840/825/810 836/821/807
f 728/713/701 730/715/703 840/825/810
f 719/704/692 839/824/809 841/826/811
f 834/819/805 841/826/811 839/824/809
f 841/826/811 290/283/283 719/704/692
f 842/827/812 836/821/807 840/825/810
f 836/821/807 842/827/812 837/822/808
f 843/828/813 840/825/810 730/715/703
f 840/825/810 843/828/813 842/827/812
f 290/283/283 841/826/811 844/829/814
f 841/826/811 834/819/805 845/830/815
f 845/830/815 844/829/814 841/826/811
f 834/819/805 846/831/816 845/830/815
f 846/831/816 834/819/805 825/810/796
f 844/829/814 845/830/815 847/832/817
f 846/831/816 847/832/817 845/830/815
f 825/810/796 826/811/797 846/831/816
f 847/832/817 848/833/818 844/829/814
f 574/834/819 844/829/814 848/833/818
f 847/832/817 846/831/816 849/835/820
f 850/836/821 846/831/816 826/811/797
f 849/835/820 846/831/816 850/836/821
f 826/811/797 823/808/794 850/836/821
f 849/835/820 851/837/822 847/832/817
f 848/833/818 847/832/817 851/837/822
f 850/836/821 852/838/823 849/835/820
f 851/837/822 849/835/820 852/838/823
f 852/838/823 850/836/821 853/839/824
f 853/839/824 850/836/821 823/808/794
f 823/808/794 817/801/787 855/840/825
f 855/840/825 817/801/787 816/802/788
f 854/841/826 855/840/825 856/842/827
f 816/802/788 856/842/827 855/840/825
f 856/842/827 816/802/788 857/843/828
f 858/844/829 859/845/830 860/846/831
f 861/847/832 860/846/831 859/845/830
f 858/844/829 862/848/833 863/849/834
f 862/848/833 335/850/835 863/849/834
f 859/845/830 858/844/829 864/851/836
f 863/849/834 864/851/836 858/844/829
f 865/852/837 861/847/832 859/845/830
f 864/851/836 865/852/837 859/845/830
f 863/849/834 335/850/835 866/853/838
f 864/851/836 863/849/834 867/854/839
f 863/849/834 866/853/838 867/854/839
f 867/854/839 866/853/838 356/855/840
f 867/854/839 868/856/841 864/851/836
f 865/852/837 864/851/836 868/856/841
f 867/854/839 356/855/840 869/857/842
f 868/856/841 867/854/839 869/857/842
f 869/857/842 356/855/840 870/858/843
f 872/859/844 870/858/843 871/860/845
f 870/858/843 872/859/844 869/857/842
f 357/341/341 872/859/844 871/860/845
f 869/857/842 873/861/846 868/856/841
f 873/861/846 869/857/842 872/859/844
f 873/861/846 865/852/837 868/856/841
f 872/859/844 357/341/341 874/862/847
f 874/862/847 357/341/341 366/340/340
f 872/859/844 875/863/848 873/861/846
f 875/863/848 872/859/844 874/862/847
f 865/852/837 873/861/846 876/864/849
f 875/863/848 876/864/849 873/861/846
f 877/865/850 874/862/847 366/340/340
f 874/862/847 877/865/850 875/863/848
f 366/340/340 373/350/350 877/865/850
f 878/866/851 877/865/850 373/350/350
f 373/350/350 801/786/772 878/866/851
f 879/867/852 875/863/848 877/865/850
f 877/865/850 878/866/851 879/867/852
f 801/786/772 880/868/853 878/866/851
f 880/868/853 879/867/852 878/866/851
f 880/868/853 801/786/772 804/789/775
f 804/789/775 829/814/800 880/868/853
f 829/814/800 881/869/854 880/868/853
f 879/867/852 880/868/853 881/869/854
f 881/869/854 829/814/800 837/822/808
f 875/863/848 879/867/852 882/870/855
f 881/869/854 882/870/855 879/867/852
f 876/864/849 875/863/848 882/870/855
f 837/822/808 883/871/856 881/869/854
f 882/870/855 881/869/854 883/871/856
f 883/871/856 876/864/849 882/870/855
f 883/871/856 837/822/808 842/827/812
f 842/827/812 884/872/857 883/871/856
f 876/864/849 883/871/856 884/872/857
f 884/872/857 842/827/812 843/828/813
f 885/873/858 876/864/849 884/872/857
f 843/828/813 885/873/858 884/872/857
f 876/864/849 885/873/858 865/852/837
f 861/847/832 865/852/837 885/873/858
f 885/873/858 843/828/813 886/874/859
f 885/873/858 887/875/860 861/847/832
f 887/875/860 885/873/858 886/874/859
f 796/781/768 861/847/832 887/875/860
f 739/724/712 796/781/768 887/875/860
f 888/876/861 887/875/860 886/874/859
f 887/875/860 888/876/861 739/724/712
f 843/828/813 888/876/861 886/874/859
f 727/712/700 739/724/712 888/876/861
f 888/876/861 843/828/813 730/715/703
f 730/715/703 727/712/700 888/876/861
f 889/877/862 566/550/547 554/538/535
f 554/538/535 553/537/534 889/877/862
f 566/550/547 889/877/862 890/878/863
f 573/557/554 566/550/547 890/878/863
f 553/537/534 891/879/864 889/877/862
f 891/879/864 890/878/863 889/877/862
f 892/880/865 573/557/554 890/878/863
f 890/878/863 891/879/864 892/880/865
f 572/556/553 573/557/554 893/881/561
f 891/879/864 553/537/534 894/882/866
f 553/537/534 555/539/536 894/882/866
f 573/557/554 892/880/865 895/883/867
f 895/883/867 893/881/561 573/557/554
f 893/881/561 896/884/620 572/556/553
f 571/555/552 572/556/553 896/884/620
f 893/881/561 895/883/867 897/885/367
f 896/884/620 893/881/561 898/886/868
f 897/885/367 898/886/868 893/881/561
f 898/886/868 899/887/869 896/884/620
f 896/884/620 900/888/870 571/555/552
f 900/888/870 896/884/620 899/887/869
f 901/889/871 571/555/552 900/888/870
f 571/555/552 901/889/871 569/553/550
f 902/890/872 569/553/550 901/889/871
f 568/552/549 569/553/550 902/890/872
f 902/890/872 901/889/871 903/891/873
f 900/888/870 904/892/874 901/889/871
f 903/891/873 901/889/871 904/892/874
f 904/892/874 900/888/870 905/893/875
f 899/887/869 905/893/875 900/888/870
f 906/894/876 903/891/873 907/895/877
f 906/894/876 907/895/877 308/394/394
f 903/891/873 904/892/874 907/895/877
f 308/394/394 907/895/877 411/393/393
f 907/895/877 904/892/874 908/896/878
f 907/895/877 908/896/878 411/393/393
f 905/893/875 908/896/878 904/892/874
f 411/393/393 908/896/878 413/396/396
f 909/897/879 413/396/396 908/896/878
f 908/896/878 905/893/875 909/897/879
f 413/396/396 909/897/879 415/398/398
f 910/898/880 909/897/879 905/893/875
f 905/893/875 899/887/869 910/898/880
f 911/899/881 415/398/398 909/897/879
f 909/897/879 910/898/880 911/899/881
f 415/398/398 911/899/881 423/406/405
f 912/900/882 910/898/880 899/887/869
f 899/887/869 898/886/868 912/900/882
f 913/901/883 911/899/881 910/898/880
f 910/898/880 912/900/882 913/901/883
f 914/902/884 423/406/405 911/899/881
f 911/899/881 913/901/883 914/902/884
f 423/406/405 914/902/884 915/903/885
f 915/903/885 422/405/404 423/406/405
f 913/901/883 916/904/886 914/902/884
f 916/904/886 915/903/885 914/902/884
f 422/405/404 915/903/885 917/905/887
f 917/905/887 418/401/401 422/405/404
f 918/906/888 917/905/887 915/903/885
f 915/903/885 916/904/886 918/906/888
f 418/401/401 917/905/887 919/907/889
f 425/408/407 418/401/401 919/907/889
f 446/429/428 425/408/407 919/907/889
f 920/908/890 919/907/889 917/905/887
f 919/907/889 920/908/890 446/429/428
f 917/905/887 918/906/888 920/908/890
f 449/432/431 446/429/428 920/908/890
f 918/906/888 449/432/431 920/908/890
f 449/432/431 918/906/888 921/909/891
f 916/904/886 921/909/891 918/906/888
f 921/909/891 451/434/433 449/432/431
f 916/904/886 913/901/883 922/910/892
f 451/434/433 921/909/891 923/911/893
f 923/911/893 452/435/434 451/434/433
f 921/909/891 916/904/886 924/912/894
f 924/912/894 923/911/893 921/909/891
f 925/913/895 916/904/886 922/910/892
f 916/904/886 925/913/895 924/912/894
f 913/901/883 926/914/896 922/910/892
f 926/914/896 925/913/895 922/910/892
f 926/914/896 913/901/883 912/900/882
f 452/435/434 923/911/893 927/915/417
f 927/915/417 454/437/436 452/435/434
f 923/911/893 924/912/894 928/916/897
f 928/916/897 927/915/417 923/911/893
f 925/913/895 928/916/897 924/912/894
f 454/437/436 927/915/417 929/917/898
f 929/917/898 313/301/301 454/437/436
f 927/915/417 928/916/897 930/918/899
f 930/918/899 929/917/898 927/915/417
f 928/916/897 925/913/895 931/919/900
f 931/919/900 930/918/899 928/916/897
f 313/301/301 929/917/898 932/920/901
f 932/920/901 312/302/302 313/301/301
f 312/302/302 932/920/901 314/921/902
f 933/922/903 932/920/901 929/917/898
f 929/917/898 930/918/899 933/922/903
f 934/923/904 314/921/902 932/920/901
f 932/920/901 933/922/903 934/923/904
f 314/921/902 934/923/904 935/924/905
f 930/918/899 931/919/900 936/925/417
f 936/925/417 933/922/903 930/918/899
f 937/926/906 936/925/417 931/919/900
f 925/913/895 937/926/906 931/919/900
f 933/922/903 936/925/417 938/927/907
f 938/927/907 934/923/904 933/922/903
f 936/925/417 937/926/906 939/928/908
f 939/928/908 938/927/907 936/925/417
f 937/926/906 925/913/895 940/929/909
f 925/913/895 926/914/896 940/929/909
f 941/930/910 939/928/908 937/926/906
f 940/929/909 941/930/910 937/926/906
f 934/923/904 938/927/907 942/931/911
f 942/931/911 935/924/905 934/923/904
f 938/927/907 939/928/908 943/932/912
f 943/932/912 942/931/911 938/927/907
f 944/933/913 943/932/912 939/928/908
f 939/928/908 941/930/910 944/933/913
f 942/931/911 943/932/912 945/934/487
f 935/924/905 942/931/911 946/935/914
f 945/934/487 946/935/914 942/931/911
f 947/936/915 945/934/487 943/932/912
f 943/932/912 944/933/913 947/936/915
f 946/935/914 945/934/487 948/937/916
f 945/934/487 947/936/915 949/938/917
f 949/938/917 948/937/916 945/934/487
f 950/939/918 947/936/915 944/933/913
f 941/930/910 950/939/918 944/933/913
f 951/940/919 949/938/917 947/936/915
f 947/936/915 950/939/918 951/940/919
f 948/937/916 949/938/917 952/941/920
f 952/941/920 953/942/921 625/608/604
f 953/942/921 952/941/920 949/938/917
f 623/606/602 625/608/604 953/942/921
f 949/938/917 951/940/919 953/942/921
f 953/942/921 954/943/922 623/606/602
f 954/943/922 953/942/921 951/940/919
f 619/602/598 623/606/602 954/943/922
f 951/940/919 955/944/923 954/943/922
f 954/943/922 956/945/924 619/602/598
f 956/945/924 954/943/922 955/944/923
f 955/944/923 951/940/919 950/939/918
f 621/604/600 619/602/598 956/945/924
f 957/946/925 955/944/923 950/939/918
f 950/939/918 941/930/910 957/946/925
f 958/947/926 956/945/924 955/944/923
f 955/944/923 957/946/925 958/947/926
f 959/948/927 621/604/600 956/945/924
f 956/945/924 958/947/926 959/948/927
f 621/604/600 959/948/927 960/949/928
f 960/949/928 618/601/597 621/604/600
f 961/950/929 957/946/925 941/930/910
f 941/930/910 940/929/909 961/950/929
f 962/951/930 958/947/926 957/946/925
f 957/946/925 961/950/929 962/951/930
f 963/952/931 959/948/927 958/947/926
f 958/947/926 962/951/930 963/952/931
f 964/953/932 960/949/928 959/948/927
f 959/948/927 963/952/931 964/953/932
f 962/951/930 895/883/867 963/952/931
f 892/880/865 963/952/931 895/883/867
f 963/952/931 892/880/865 964/953/932
f 895/883/867 962/951/930 897/885/367
f 961/950/929 897/885/367 962/951/930
f 891/879/864 964/953/932 892/880/865
f 897/885/367 961/950/929 965/954/933
f 940/929/909 965/954/933 961/950/929
f 898/886/868 897/885/367 965/954/933
f 965/954/933 940/929/909 926/914/896
f 965/954/933 912/900/882 898/886/868
f 912/900/882 965/954/933 926/914/896
f 964/953/932 891/879/864 966/955/934
f 960/949/928 964/953/932 966/955/934
f 894/882/866 966/955/934 891/879/864
f 966/955/934 967/956/935 960/949/928
f 618/601/597 960/949/928 967/956/935
f 966/955/934 894/882/866 968/957/936
f 967/956/935 966/955/934 968/957/936
f 555/539/536 968/957/936 894/882/866
f 622/605/601 618/601/597 967/956/935
f 968/957/936 555/539/536 969/958/937
f 969/958/937 967/956/935 968/957/936
f 967/956/935 969/958/937 622/605/601
f 555/539/536 628/611/607 969/958/937
f 628/611/607 622/605/601 969/958/937
f 797/782/763 970/959/938 794/779/766
f 796/781/768 794/779/766 970/959/938
f 971/960/939 797/782/763 795/780/767
f 972/961/940 795/780/767 790/775/763
f 795/780/767 972/961/940 971/960/939
f 790/775/763 973/962/941 972/961/940
f 973/962/941 790/775/763 784/769/757
f 974/963/942 971/960/939 972/961/940
f 797/782/763 971/960/939 975/964/943
f 970/959/938 797/782/763 975/964/943
f 976/965/944 975/964/943 971/960/939
f 971/960/939 974/963/942 976/965/944
f 977/966/945 970/959/938 975/964/943
f 975/964/943 976/965/944 977/966/945
f 978/967/946 972/961/940 973/962/941
f 972/961/940 978/967/946 974/963/942
f 784/769/757 979/968/947 973/962/941
f 979/968/947 784/769/757 781/766/754
f 973/962/941 980/969/948 978/967/946
f 980/969/948 973/962/941 979/968/947
f 981/970/949 974/963/942 978/967/946
f 982/971/763 978/967/946 980/969/948
f 978/967/946 982/971/763 981/970/949
f 781/766/754 983/972/950 979/968/947
f 983/972/950 781/766/754 780/765/753
f 979/968/947 984/973/951 980/969/948
f 984/973/951 979/968/947 983/972/950
f 980/969/948 985/974/952 982/971/763
f 985/974/952 980/969/948 984/973/951
f 780/765/753 986/975/953 983/972/950
f 986/975/953 780/765/753 779/764/752
f 983/972/950 987/976/954 984/973/951
f 987/976/954 983/972/950 986/975/953
f 984/973/951 988/977/955 985/974/952
f 988/977/955 984/973/951 987/976/954
f 779/764/752 989/978/956 986/975/953
f 990/979/957 985/974/952 988/977/955
f 989/978/956 779/764/752 705/690/679
f 986/975/953 991/980/958 987/976/954
f 991/980/958 986/975/953 989/978/956
f 987/976/954 992/981/959 988/977/955
f 992/981/959 987/976/954 991/980/958
f 993/982/160 988/977/955 992/981/959
f 988/977/955 993/982/160 990/979/957
f 991/980/958 994/983/960 992/981/959
f 989/978/956 751/735/723 991/980/958
f 994/983/960 991/980/958 751/735/723
f 751/735/723 989/978/956 706/691/680
f 705/690/679 706/691/680 989/978/956
f 992/981/959 995/984/961 993/982/160
f 995/984/961 992/981/959 994/983/960
f 322/310/310 993/982/160 995/984/961
f 994/983/960 319/307/307 995/984/961
f 319/307/307 322/310/310 995/984/961
f 319/307/307 994/983/960 749/733/721
f 751/735/723 749/733/721 994/983/960
f 320/308/308 319/307/307 749/733/721
f 993/982/160 322/310/310 996/985/962
f 996/985/962 990/979/957 993/982/160
f 322/310/310 323/311/311 996/985/962
f 996/985/962 323/311/311 997/986/963
f 990/979/957 996/985/962 997/986/963
f 997/986/963 323/311/311 327/987/964
f 997/986/963 998/988/749 990/979/957
f 985/974/952 990/979/957 998/988/749
f 998/988/749 982/971/763 985/974/952
f 997/986/963 327/987/964 999/989/965
f 998/988/749 997/986/963 999/989/965
f 999/989/965 327/987/964 328/990/966
f 982/971/763 998/988/749 1000/991/804
f 999/989/965 1000/991/804 998/988/749
f 1000/991/804 981/970/949 982/971/763
f 999/989/965 328/990/966 1001/992/967
f 1000/991/804 999/989/965 1001/992/967
f 1001/992/967 328/990/966 329/993/968
f 981/970/949 1000/991/804 1002/994/969
f 1001/992/967 1002/994/969 1000/991/804
f 1001/992/967 329/993/968 1003/995/833
f 1002/994/969 1001/992/967 1003/995/833
f 1003/995/833 329/993/968 330/996/970
f 1002/994/969 1004/997/971 981/970/949
f 974/963/942 981/970/949 1004/997/971
f 1003/995/833 1005/998/972 1002/994/969
f 1004/997/971 1002/994/969 1005/998/972
f 1003/995/833 330/996/970 1006/999/342
f 1005/998/972 1003/995/833 1006/999/342
f 1006/999/342 330/996/970 331/313/313
f 331/313/313 333/312/312 1006/999/342
f 333/312/312 1005/998/972 1006/999/342
f 1007/1000/973 974/963/942 1004/997/971
f 974/963/942 1007/1000/973 976/965/944
f 1008/1001/974 1004/997/971 1005/998/972
f 1005/998/972 333/312/312 1008/1001/974
f 1004/997/971 1008/1001/974 1007/1000/973
f 1009/1002/975 1008/1001/974 333/312/312
f 333/312/312 334/315/315 1009/1002/975
f 1010/1003/976 1007/1000/973 1008/1001/974
f 1008/1001/974 1009/1002/975 1010/1003/976
f 1011/1004/977 976/965/944 1007/1000/973
f 1007/1000/973 1010/1003/976 1011/1004/977
f 976/965/944 1011/1004/977 977/966/945
f 334/315/315 862/848/833 1009/1002/975
f 862/848/833 1010/1003/976 1009/1002/975
f 862/848/833 334/315/315 335/850/835
f 1012/1005/978 1011/1004/977 1010/1003/976
f 1010/1003/976 862/848/833 1012/1005/978
f 1013/1006/979 977/966/945 1011/1004/977
f 1011/1004/977 1012/1005/978 1013/1006/979
f 977/966/945 1013/1006/979 1014/1007/980
f 970/959/938 977/966/945 1014/1007/980
f 1012/1005/978 860/846/831 1013/1006/979
f 860/846/831 1014/1007/980 1013/1006/979
f 1015/1008/981 970/959/938 1014/1007/980
f 1014/1007/980 860/846/831 1015/1008/981
f 970/959/938 1015/1008/981 796/781/768
f 860/846/831 861/847/832 1015/1008/981
f 861/847/832 796/781/768 1015/1008/981
f 860/846/831 1012/1005/978 858/844/829
f 862/848/833 858/844/829 1012/1005/978
f 1019/1009/982 1020/1010/983 1018/1011/984
f 1021/1012/985 1020/1010/983 1022/1013/986
f 1023/1014/987 1021/1012/985 1022/1013/986
f 1020/1010/983 1019/1009/982 1024/1015/988
f 1024/1015/988 1022/1013/986 1020/1010/983
f 1024/1015/988 1019/1009/982 1026/1016/989
f 1019/1009/982 1025/1017/990 1026/1016/989
f 1022/1013/986 1027/1018/991 1023/1014/987
f 1022/1013/986 1024/1015/988 1028/1019/992
f 1027/1018/991 1022/1013/986 1028/1019/992
f 1026/1016/989 1028/1019/992 1024/1015/988
f 1027/1018/991 1029/1020/993 1023/1014/987
f 1026/1016/989 1025/1017/990 1031/1021/994
f 1025/1017/990 1030/1022/995 1031/1021/994
f 1030/1022/995 1032/1023/996 1033/1024/997
f 1031/1021/994 1030/1022/995 1033/1024/997
f 1033/1024/997 1032/1023/996 1035/1025/998
f 1032/1023/996 1034/1026/999 1035/1025/998
f 1035/1025/998 1034/1026/999 1037/1027/1000
f 1034/1026/999 1036/1028/1001 1037/1027/1000
f 1036/1028/1001 1039/1029/1002 1037/1027/1000
f 1039/1029/1002 1036/1028/1001 1038/1030/1003
f 1035/1025/998 1037/1027/1000 1040/1031/1004
f 1041/1032/1005 1037/1027/1000 1039/1029/1002
f 1037/1027/1000 1041/1032/1005 1040/1031/1004
f 1042/1033/1006 1035/1025/998 1040/1031/1004
f 1033/1024/997 1035/1025/998 1042/1033/1006
f 1044/1034/1007 1033/1024/997 1042/1033/1006
f 1031/1021/994 1033/1024/997 1044/1034/1007
f 1045/1035/1008 1038/1030/1003 1043/1036/1009
f 1038/1030/1003 1045/1035/1008 1039/1029/1002
f 1046/1037/1010 1039/1029/1002 1045/1035/1008
f 1039/1029/1002 1046/1037/1010 1041/1032/1005
f 1050/1038/1011 1051/1039/1012 1048/1040/1013
f 1052/1041/1014 1050/1038/1011 1049/1042/1015
f 1053/1043/1016 1051/1039/1012 1050/1038/1011
f 1050/1038/1011 1052/1041/1014 1053/1043/1016
f 1054/1044/1017 1053/1043/1016 1052/1041/1014
f 1051/1039/1012 1053/1043/1016 1055/1045/1018
f 1055/1045/1018 1056/1046/1019 1051/1039/1012
f 1055/1045/1018 1057/1047/1020 1056/1046/1019
f 1058/1048/1021 1055/1045/1018 1053/1043/1016
f 1053/1043/1016 1054/1044/1017 1058/1048/1021
f 1059/1049/1022 1058/1048/1021 1054/1044/1017
f 1058/1048/1021 1059/1049/1022 1060/1050/1023
f 1061/1051/1024 1057/1047/1020 1055/1045/1018
f 1055/1045/1018 1058/1048/1021 1061/1051/1024
f 1063/1052/1025 1060/1050/1023 1059/1049/1022
f 1062/1053/1026 1063/1052/1025 1059/1049/1022
f 1060/1050/1023 1064/1054/1027 1058/1048/1021
f 1064/1054/1027 1061/1051/1024 1058/1048/1021
f 1063/1052/1025 1064/1054/1027 1060/1050/1023
f 1065/1055/1028 1063/1052/1025 1062/1053/1026
f 1067/1056/1029 1068/1057/1030 1069/1058/1031
f 1068/1057/1030 1070/1059/1032 1069/1058/1031
f 1067/1056/1029 1069/1058/1031 1071/1060/1033
f 1069/1058/1031 1072/1061/1034 1071/1060/1033
f 1072/1061/1034 1069/1058/1031 1070/1059/1032
f 1073/1062/1035 1071/1060/1033 1072/1061/1034
f 1074/1063/1036 1071/1060/1033 1073/1062/1035
f 1073/1062/1035 1072/1061/1034 1075/1064/1037
f 1071/1060/1033 1074/1063/1036 1076/1065/1038
f 1076/1065/1038 1067/1056/1029 1071/1060/1033
f 1073/1062/1035 1077/1066/1039 1074/1063/1036
f 1078/1067/1040 1067/1056/1029 1076/1065/1038
f 1079/1068/1041 1076/1065/1038 1074/1063/1036
f 1076/1065/1038 1079/1068/1041 1078/1067/1040
f 1074/1063/1036 1080/1069/1042 1079/1068/1041
f 1080/1069/1042 1074/1063/1036 1077/1066/1039
f 1077/1066/1039 1073/1062/1035 1081/1070/1043
f 1081/1070/1043 1073/1062/1035 1075/1064/1037
f 1077/1066/1039 1082/1071/1044 1080/1069/1042
f 1081/1070/1043 1083/1072/1045 1077/1066/1039
f 1082/1071/1044 1077/1066/1039 1083/1072/1045
f 1084/1073/1046 1079/1068/1041 1080/1069/1042
f 1084/1073/1046 1080/1069/1042 1082/1071/1044
f 1081/1070/1043 1075/1064/1037 1085/1074/1047
f 1083/1072/1045 1081/1070/1043 1086/1075/1048
f 1086/1075/1048 1081/1070/1043 1085/1074/1047
f 1083/1072/1045 1087/1076/1049 1082/1071/1044
f 1086/1075/1048 1088/1077/1050 1083/1072/1045
f 1087/1076/1049 1083/1072/1045 1088/1077/1050
f 1086/1075/1048 1085/1074/1047 1089/1078/1051
f 1088/1077/1050 1086/1075/1048 1090/1079/1052
f 1090/1079/1052 1086/1075/1048 1089/1078/1051
f 1091/1080/1053 1089/1078/1051 1085/1074/1047
f 1088/1077/1050 1090/1079/1052 1092/1081/1054
f 1090/1079/1052 1089/1078/1051 1093/1082/1055
f 1095/1083/1056 1090/1079/1052 1093/1082/1055
f 1090/1079/1052 1095/1083/1056 1092/1081/1054
f 1096/1084/1057 1093/1082/1055 1094/1085/1058
f 1096/1084/1057 1095/1083/1056 1093/1082/1055
f 1085/1074/1047 1097/1086/1059 1091/1080/1053
f 1085/1074/1047 1075/1064/1037 1097/1086/1059
f 1075/1064/1037 1098/1087/1060 1097/1086/1059
f 1075/1064/1037 1072/1061/1034 1098/1087/1060
f 1070/1059/1032 1098/1087/1060 1072/1061/1034
f 1099/1088/1061 1101/1089/1062 1103/1090/1063
f 1101/1089/1062 1102/1091/1064 1104/1092/1065
f 1103/1090/1063 1101/1089/1062 1104/1092/1065
f 1105/1093/1066 1099/1088/1061 1103/1090/1063
f 1100/1094/1067 1099/1088/1061 1105/1093/1066
f 1103/1090/1063 1104/1092/1065 1106/1095/1068
f 1105/1093/1066 1103/1090/1063 1107/1096/1069
f 1107/1096/1069 1103/1090/1063 1106/1095/1068
f 1106/1095/1068 1104/1092/1065 1108/1097/1070
f 1104/1092/1065 1102/1091/1064 1109/1098/1071
f 1104/1092/1065 1109/1098/1071 1108/1097/1070
f 1102/1091/1064 1110/1099/1072 1109/1098/1071
f 1110/1099/1072 1111/1100/1061 1114/1101/1073
f 1109/1098/1071 1110/1099/1072 1114/1101/1073
f 1111/1100/1061 1112/1102/1074 1115/1103/1075
f 1114/1101/1073 1111/1100/1061 1115/1103/1075
f 1112/1102/1074 1113/1104/1076 1116/1105/1075
f 1115/1103/1075 1112/1102/1074 1116/1105/1075
f 1113/1104/1076 1017/1106/1077 1117/1107/1078
f 1116/1105/1075 1113/1104/1076 1117/1107/1078
f 1017/1106/1077 1016/1108/1079 1117/1107/1078
f 1109/1098/1071 1114/1101/1073 1118/1109/1080
f 1108/1097/1070 1109/1098/1071 1118/1109/1080
f 1114/1101/1073 1115/1103/1075 1119/1110/1081
f 1118/1109/1080 1114/1101/1073 1119/1110/1081
f 1117/1107/1078 1016/1108/1079 1120/1111/1082
f 1117/1107/1078 1120/1111/1082 1121/1112/1083
f 1116/1105/1075 1117/1107/1078 1121/1112/1083
f 1121/1112/1083 1120/1111/1082 1122/1113/144
f 1124/1114/1084 1122/1113/144 1123/1115/1085
f 1122/1113/144 1124/1114/1084 1125/1116/1086
f 1125/1116/1086 1121/1112/1083 1122/1113/144
f 1126/1117/1087 1125/1116/1086 1124/1114/1084
f 1127/1118/1088 1116/1105/1075 1121/1112/1083
f 1115/1103/1075 1116/1105/1075 1127/1118/1088
f 1119/1110/1081 1115/1103/1075 1127/1118/1088
f 1128/1119/1089 1127/1118/1088 1121/1112/1083
f 1121/1112/1083 1125/1116/1086 1128/1119/1089
f 1129/1120/1090 1119/1110/1081 1127/1118/1088
f 1127/1118/1088 1128/1119/1089 1129/1120/1090
f 1125/1116/1086 1126/1117/1087 1130/1121/1091
f 1130/1121/1091 1128/1119/1089 1125/1116/1086
f 1131/1122/1084 1130/1121/1091 1126/1117/1087
f 1132/1123/1092 1129/1120/1090 1128/1119/1089
f 1128/1119/1089 1130/1121/1091 1132/1123/1092
f 1130/1121/1091 1131/1122/1084 1133/1124/1093
f 1133/1124/1093 1132/1123/1092 1130/1121/1091
f 1134/1125/1094 1133/1124/1093 1131/1122/1084
f 1119/1110/1081 1129/1120/1090 1135/1126/1095
f 1135/1126/1095 1118/1109/1080 1119/1110/1081
f 1129/1120/1090 1132/1123/1092 1136/1127/1096
f 1136/1127/1096 1135/1126/1095 1129/1120/1090
f 1132/1123/1092 1133/1124/1093 1137/1128/1097
f 1137/1128/1097 1136/1127/1096 1132/1123/1092
f 1133/1124/1093 1134/1125/1094 1138/1129/1098
f 1138/1129/1098 1137/1128/1097 1133/1124/1093
f 1139/1130/1099 1138/1129/1098 1134/1125/1094
f 1118/1109/1080 1135/1126/1095 1140/1131/1100
f 1138/1129/1098 1139/1130/1099 1141/1132/1101
f 1140/1131/1100 1108/1097/1070 1118/1109/1080
f 1142/1133/99 1141/1132/1101 1139/1130/1099
f 1143/1134/1102 1140/1131/1100 1135/1126/1095
f 1135/1126/1095 1136/1127/1096 1143/1134/1102
f 1108/1097/1070 1140/1131/1100 1144/1135/1103
f 1144/1135/1103 1106/1095/1068 1108/1097/1070
f 1140/1131/1100 1143/1134/1102 1145/1136/1104
f 1145/1136/1104 1144/1135/1103 1140/1131/1100
f 1146/1137/1105 1143/1134/1102 1136/1127/1096
f 1136/1127/1096 1137/1128/1097 1146/1137/1105
f 1147/1138/1106 1145/1136/1104 1143/1134/1102
f 1143/1134/1102 1146/1137/1105 1147/1138/1106
f 1106/1095/1068 1144/1135/1103 1148/1139/1107
f 1148/1139/1107 1107/1096/1069 1106/1095/1068
f 1144/1135/1103 1145/1136/1104 1149/1140/1108
f 1149/1140/1108 1148/1139/1107 1144/1135/1103
f 1145/1136/1104 1147/1138/1106 1150/1141/1109
f 1150/1141/1109 1149/1140/1108 1145/1136/1104
f 1151/1142/1110 1147/1138/1106 1146/1137/1105
f 1152/1143/1111 1150/1141/1109 1147/1138/1106
f 1147/1138/1106 1151/1142/1110 1152/1143/1111
f 1153/1144/1112 1146/1137/1105 1137/1128/1097
f 1146/1137/1105 1153/1144/1112 1151/1142/1110
f 1137/1128/1097 1138/1129/1098 1153/1144/1112
f 1141/1132/1101 1153/1144/1112 1138/1129/1098
f 1154/1145/1113 1151/1142/1110 1153/1144/1112
f 1153/1144/1112 1141/1132/1101 1154/1145/1113
f 1155/1146/1114 1152/1143/1111 1151/1142/1110
f 1151/1142/1110 1154/1145/1113 1155/1146/1114
f 1141/1132/1101 1056/1046/1019 1154/1145/1113
f 1056/1046/1019 1155/1146/1114 1154/1145/1113
f 1056/1046/1019 1141/1132/1101 1156/1147/1115
f 1141/1132/1101 1142/1133/99 1156/1147/1115
f 1155/1146/1114 1056/1046/1019 1057/1047/1020
f 1152/1143/1111 1155/1146/1114 1157/1148/1116
f 1057/1047/1020 1157/1148/1116 1155/1146/1114
f 1142/1133/99 1158/1149/1117 1156/1147/1115
f 1158/1149/1117 1142/1133/99 1159/1150/1118
f 1156/1147/1115 1051/1039/1012 1056/1046/1019
f 1051/1039/1012 1156/1147/1115 1158/1149/1117
f 1158/1149/1117 1159/1150/1118 1047/1151/1119
f 1157/1148/1116 1160/1152/1120 1152/1143/1111
f 1150/1141/1109 1152/1143/1111 1160/1152/1120
f 1048/1040/1013 1158/1149/1117 1047/1151/1119
f 1051/1039/1012 1158/1149/1117 1048/1040/1013
f 1160/1152/1120 1161/1153/1121 1150/1141/1109
f 1149/1140/1108 1150/1141/1109 1161/1153/1121
f 1160/1152/1120 1157/1148/1116 1162/1154/1122
f 1161/1153/1121 1163/1155/1123 1149/1140/1108
f 1148/1139/1107 1149/1140/1108 1163/1155/1123
f 1161/1153/1121 1160/1152/1120 1164/1156/1124
f 1162/1154/1122 1164/1156/1124 1160/1152/1120
f 1163/1155/1123 1161/1153/1121 1165/1157/1125
f 1164/1156/1124 1165/1157/1125 1161/1153/1121
f 1163/1155/1123 1166/1158/1126 1148/1139/1107
f 1107/1096/1069 1148/1139/1107 1166/1158/1126
f 1166/1158/1126 1163/1155/1123 1167/1159/1127
f 1165/1157/1125 1167/1159/1127 1163/1155/1123
f 1166/1158/1126 1168/1160/1128 1107/1096/1069
f 1168/1160/1128 1105/1093/1066 1107/1096/1069
f 1168/1160/1128 1166/1158/1126 1169/1161/1129
f 1167/1159/1127 1169/1161/1129 1166/1158/1126
f 1170/1162/1065 1105/1093/1066 1168/1160/1128
f 1170/1162/1065 1100/1094/1067 1105/1093/1066
f 1169/1161/1129 1171/1163/1130 1168/1160/1128
f 1171/1163/1130 1170/1162/1065 1168/1160/1128
f 1172/1164/1131 1100/1094/1067 1170/1162/1065
f 1172/1164/1131 1170/1162/1065 1171/1163/1130
f 1171/1163/1130 1169/1161/1129 1173/1165/1132
f 1169/1161/1129 1167/1159/1127 1174/1166/1133
f 1174/1166/1133 1173/1165/1132 1169/1161/1129
f 1175/1167/994 1174/1166/1133 1167/1159/1127
f 1173/1165/1132 1176/1168/1134 1171/1163/1130
f 1176/1168/1134 1172/1164/1131 1171/1163/1130
f 1173/1165/1132 1174/1166/1133 1177/1169/1135
f 1100/1094/1067 1172/1164/1131 1178/1170/1136
f 1179/1171/1137 1172/1164/1131 1176/1168/1134
f 1180/1172/1138 1178/1170/1136 1172/1164/1131
f 1172/1164/1131 1179/1171/1137 1180/1172/1138
f 1178/1170/1136 1180/1172/1138 1181/1173/1139
f 1181/1173/1139 1183/1174/1140 1182/1175/1141
f 1183/1174/1140 1181/1173/1139 1180/1172/1138
f 1185/1176/1142 1182/1175/1141 1183/1174/1140
f 1182/1175/1141 1185/1176/1142 1184/1177/1143
f 1180/1172/1138 1186/1178/1144 1183/1174/1140
f 1186/1178/1144 1180/1172/1138 1179/1171/1137
f 1183/1174/1140 1187/1179/1145 1185/1176/1142
f 1187/1179/1145 1183/1174/1140 1186/1178/1144
f 1188/1180/1146 1184/1177/1143 1185/1176/1142
f 1189/1181/1147 1185/1176/1142 1187/1179/1145
f 1185/1176/1142 1189/1181/1147 1188/1180/1146
f 1184/1177/1143 1188/1180/1146 1190/1182/1148
f 1191/1183/1149 1188/1180/1146 1189/1181/1147
f 1192/1184/1150 1190/1182/1148 1188/1180/1146
f 1188/1180/1146 1191/1183/1149 1192/1184/1150
f 1190/1182/1148 1192/1184/1150 1193/1185/1151
f 1193/1185/1151 1195/1186/1152 1194/1187/1153
f 1195/1186/1152 1193/1185/1151 1192/1184/1150
f 1196/1188/1154 1197/1189/1155 1198/1190/1156
f 1199/1191/1157 1198/1190/1156 1197/1189/1155
f 1197/1189/1155 1202/1192/1158 1199/1191/1157
f 1201/1193/1159 1199/1191/1157 1202/1192/1158
f 1197/1189/1155 1196/1188/1154 1203/1194/1160
f 1200/1195/1161 1203/1194/1160 1196/1188/1154
f 1202/1192/1158 1197/1189/1155 1204/1196/1162
f 1203/1194/1160 1204/1196/1162 1197/1189/1155
f 1202/1192/1158 1205/1197/1163 1201/1193/1159
f 1206/1198/1164 1201/1193/1159 1205/1197/1163
f 1207/1199/1165 1202/1192/1158 1204/1196/1162
f 1205/1197/1163 1202/1192/1158 1207/1199/1165
f 1204/1196/1162 1203/1194/1160 1208/1200/989
f 1205/1197/1163 1209/1201/1166 1206/1198/1164
f 1210/1202/1167 1207/1199/1165 1204/1196/1162
f 1210/1202/1167 1204/1196/1162 1208/1200/989
f 1211/1203/1168 1205/1197/1163 1207/1199/1165
f 1209/1201/1166 1205/1197/1163 1211/1203/1168
f 1207/1199/1165 1210/1202/1167 1212/1204/1169
f 1212/1204/1169 1211/1203/1168 1207/1199/1165
f 1206/1198/1164 1209/1201/1166 1213/1205/1170
f 1214/1206/1171 1209/1201/1166 1211/1203/1168
f 1215/1207/1172 1209/1201/1166 1214/1206/1171
f 1217/1208/1173 1087/1076/1049 1218/1209/1174
f 1087/1076/1049 1088/1077/1050 1218/1209/1174
f 1218/1209/1174 1088/1077/1050 1092/1081/1054
f 1218/1209/1174 1092/1081/1054 1219/1210/1175
f 1092/1081/1054 1220/1211/1176 1219/1210/1175
f 1217/1208/1173 1218/1209/1174 1221/1212/1177
f 1221/1212/1177 1218/1209/1174 1219/1210/1175
f 1222/1213/1178 1217/1208/1173 1221/1212/1177
f 1223/1214/1179 1217/1208/1173 1222/1213/1178
f 1224/1215/1180 1219/1210/1175 1220/1211/1176
f 1221/1212/1177 1219/1210/1175 1225/1216/1181
f 1219/1210/1175 1224/1215/1180 1225/1216/1181
f 1226/1217/1182 1225/1216/1181 1224/1215/1180
f 1227/1218/1183 1221/1212/1177 1225/1216/1181
f 1222/1213/1178 1221/1212/1177 1227/1218/1183
f 1225/1216/1181 1226/1217/1182 1228/1219/1184
f 1227/1218/1183 1225/1216/1181 1228/1219/1184
f 1229/1220/1180 1228/1219/1184 1226/1217/1182
f 1220/1211/1176 1092/1081/1054 1095/1083/1056
f 1230/1221/1185 1233/1222/1186 1231/1223/1187
f 1233/1222/1186 1232/1224/1188 1231/1223/1187
f 1070/1059/1032 1068/1057/1030 1234/1225/1189
f 1230/1221/1185 1234/1225/1189 1235/1226/1190
f 1068/1057/1030 1235/1226/1190 1234/1225/1189
f 1233/1222/1186 1230/1221/1185 1235/1226/1190
f 1068/1057/1030 1236/1227/1191 1235/1226/1190
f 1236/1227/1191 1233/1222/1186 1235/1226/1190
f 1237/1228/1192 1236/1227/1191 1068/1057/1030
f 1068/1057/1030 1067/1056/1029 1237/1228/1192
f 1236/1227/1191 1238/1229/1193 1233/1222/1186
f 1239/1230/1194 1237/1228/1192 1067/1056/1029
f 1067/1056/1029 1078/1067/1040 1239/1230/1194
f 1236/1227/1191 1237/1228/1192 1240/1231/1195
f 1240/1231/1195 1238/1229/1193 1236/1227/1191
f 1237/1228/1192 1239/1230/1194 1241/1232/1196
f 1241/1232/1196 1240/1231/1195 1237/1228/1192
f 1242/1233/1197 1239/1230/1194 1078/1067/1040
f 1242/1233/1197 1241/1232/1196 1239/1230/1194
f 1238/1229/1193 1240/1231/1195 1243/1234/1198
f 1240/1231/1195 1241/1232/1196 1244/1235/1199
f 1244/1235/1199 1243/1234/1198 1240/1231/1195
f 1243/1234/1198 1245/1236/1200 1238/1229/1193
f 1245/1236/1200 1233/1222/1186 1238/1229/1193
f 1243/1234/1198 1244/1235/1199 1246/1237/1201
f 1233/1222/1186 1245/1236/1200 1247/1238/1202
f 1233/1222/1186 1247/1238/1202 1232/1224/1188
f 1245/1236/1200 1243/1234/1198 1248/1239/1203
f 1246/1237/1201 1248/1239/1203 1243/1234/1198
f 1249/1240/1204 1247/1238/1202 1245/1236/1200
f 1248/1239/1203 1249/1240/1204 1245/1236/1200
f 1247/1238/1202 1250/1241/1188 1232/1224/1188
f 1247/1238/1202 1249/1240/1204 1251/1242/1205
f 1247/1238/1202 1251/1242/1205 1250/1241/1188
f 1252/1243/1206 1251/1242/1205 1249/1240/1204
f 1253/1244/1207 1250/1241/1188 1251/1242/1205
f 1251/1242/1205 1252/1243/1206 1253/1244/1207
f 1250/1241/1188 1253/1244/1207 1066/1245/1187
f 1254/1246/1208 1252/1243/1206 1249/1240/1204
f 1249/1240/1204 1248/1239/1203 1255/1247/1209
f 1255/1247/1209 1254/1246/1208 1249/1240/1204
f 1256/1248/1210 1255/1247/1209 1248/1239/1203
f 1248/1239/1203 1246/1237/1201 1256/1248/1210
f 1255/1247/1209 1256/1248/1210 1257/1249/1211
f 1257/1249/1211 1254/1246/1208 1255/1247/1209
f 1258/1250/1212 1256/1248/1210 1246/1237/1201
f 1259/1251/1213 1257/1249/1211 1256/1248/1210
f 1256/1248/1210 1258/1250/1212 1259/1251/1213
f 1246/1237/1201 1260/1252/1214 1258/1250/1212
f 1260/1252/1214 1246/1237/1201 1244/1235/1199
f 1244/1235/1199 1261/1253/1215 1260/1252/1214
f 1261/1253/1215 1244/1235/1199 1241/1232/1196
f 1241/1232/1196 1242/1233/1197 1261/1253/1215
f 1262/1254/1216 1260/1252/1214 1261/1253/1215
f 1263/1255/1217 1258/1250/1212 1260/1252/1214
f 1262/1254/1216 1263/1255/1217 1260/1252/1214
f 1263/1255/1217 1264/1256/1218 1258/1250/1212
f 1264/1256/1218 1259/1251/1213 1258/1250/1212
f 1265/1257/1219 1261/1253/1215 1242/1233/1197
f 1265/1257/1219 1262/1254/1216 1261/1253/1215
f 1266/1258/1220 1265/1257/1219 1242/1233/1197
f 1267/1259/1221 1263/1255/1217 1262/1254/1216
f 1268/1260/1222 1262/1254/1216 1265/1257/1219
f 1268/1260/1222 1267/1259/1221 1262/1254/1216
f 1269/1261/1223 1268/1260/1222 1265/1257/1219
f 1269/1261/1223 1265/1257/1219 1266/1258/1220
f 1266/1258/1220 1242/1233/1197 1270/1262/1224
f 1270/1262/1224 1242/1233/1197 1078/1067/1040
f 1267/1259/1221 1271/1263/1225 1263/1255/1217
f 1271/1263/1225 1264/1256/1218 1263/1255/1217
f 1078/1067/1040 1272/1264/1226 1270/1262/1224
f 1272/1264/1226 1078/1067/1040 1079/1068/1041
f 1273/1265/1227 1266/1258/1220 1270/1262/1224
f 1273/1265/1227 1270/1262/1224 1272/1264/1226
f 1079/1068/1041 1084/1073/1046 1272/1264/1226
f 1274/1266/1228 1266/1258/1220 1273/1265/1227
f 1274/1266/1228 1269/1261/1223 1266/1258/1220
f 1275/1267/1229 1273/1265/1227 1272/1264/1226
f 1275/1267/1229 1272/1264/1226 1084/1073/1046
f 1276/1268/1230 1274/1266/1228 1273/1265/1227
f 1276/1268/1230 1273/1265/1227 1275/1267/1229
f 1277/1269/1231 1269/1261/1223 1274/1266/1228
f 1278/1270/1232 1274/1266/1228 1276/1268/1230
f 1278/1270/1232 1277/1269/1231 1274/1266/1228
f 1279/1271/1233 1276/1268/1230 1275/1267/1229
f 1280/1272/1234 1278/1270/1232 1276/1268/1230
f 1280/1272/1234 1276/1268/1230 1279/1271/1233
f 1277/1269/1231 1281/1273/1235 1269/1261/1223
f 1281/1273/1235 1268/1260/1222 1269/1261/1223
f 1282/1274/1236 1277/1269/1231 1278/1270/1232
f 1281/1273/1235 1283/1275/1237 1268/1260/1222
f 1283/1275/1237 1267/1259/1221 1268/1260/1222
f 1284/1276/1042 1281/1273/1235 1277/1269/1231
f 1282/1274/1236 1284/1276/1042 1277/1269/1231
f 1285/1277/1238 1283/1275/1237 1281/1273/1235
f 1284/1276/1042 1285/1277/1238 1281/1273/1235
f 1283/1275/1237 1286/1278/1239 1267/1259/1221
f 1286/1278/1239 1271/1263/1225 1267/1259/1221
f 1285/1277/1238 1287/1279/1240 1283/1275/1237
f 1287/1279/1240 1286/1278/1239 1283/1275/1237
f 1288/1280/1241 1285/1277/1238 1284/1276/1042
f 1289/1281/1242 1284/1276/1042 1282/1274/1236
f 1289/1281/1242 1288/1280/1241 1284/1276/1042
f 1288/1280/1241 1290/1282/1243 1285/1277/1238
f 1290/1282/1243 1287/1279/1240 1285/1277/1238
f 1291/1283/1244 1289/1281/1242 1282/1274/1236
f 1290/1282/1243 1292/1284/1245 1287/1279/1240
f 1293/1285/1246 1287/1279/1240 1292/1284/1245
f 1287/1279/1240 1293/1285/1246 1294/1286/1247
f 1287/1279/1240 1294/1286/1247 1286/1278/1239
f 1292/1284/1245 1295/1287/1248 1293/1285/1246
f 1296/1288/1248 1293/1285/1246 1295/1287/1248
f 1297/1289/1249 1298/1290/1250 1299/1291/1251
f 1300/1292/1252 1186/1178/1144 1298/1290/1250
f 1297/1289/1249 1300/1292/1252 1298/1290/1250
f 1300/1292/1252 1187/1179/1145 1186/1178/1144
f 1301/1293/1253 1297/1289/1249 1299/1291/1251
f 1301/1293/1253 1299/1291/1251 1302/1294/1254
f 1303/1295/1255 1300/1292/1252 1297/1289/1249
f 1304/1296/1256 1187/1179/1145 1300/1292/1252
f 1303/1295/1255 1304/1296/1256 1300/1292/1252
f 1304/1296/1256 1189/1181/1147 1187/1179/1145
f 1305/1297/1257 1303/1295/1255 1297/1289/1249
f 1305/1297/1257 1297/1289/1249 1301/1293/1253
f 1306/1298/1258 1304/1296/1256 1303/1295/1255
f 1307/1299/1259 1189/1181/1147 1304/1296/1256
f 1306/1298/1258 1307/1299/1259 1304/1296/1256
f 1307/1299/1259 1191/1183/1149 1189/1181/1147
f 1308/1300/1260 1306/1298/1258 1303/1295/1255
f 1308/1300/1260 1303/1295/1255 1305/1297/1257
f 1309/1301/1261 1307/1299/1259 1306/1298/1258
f 1310/1302/1262 1306/1298/1258 1308/1300/1260
f 1310/1302/1262 1309/1301/1261 1306/1298/1258
f 1311/1303/1263 1191/1183/1149 1307/1299/1259
f 1309/1301/1261 1311/1303/1263 1307/1299/1259
f 1311/1303/1263 1312/1304/1264 1191/1183/1149
f 1312/1304/1264 1192/1184/1150 1191/1183/1149
f 1192/1184/1150 1312/1304/1264 1195/1186/1152
f 1313/1305/1251 1312/1304/1264 1311/1303/1263
f 1314/1306/1265 1311/1303/1263 1309/1301/1261
f 1314/1306/1265 1313/1305/1251 1311/1303/1263
f 1315/1307/1266 1309/1301/1261 1310/1302/1262
f 1315/1307/1266 1314/1306/1265 1309/1301/1261
f 1316/1308/1267 1195/1186/1152 1312/1304/1264
f 1313/1305/1251 1316/1308/1267 1312/1304/1264
f 1195/1186/1152 1316/1308/1267 1317/1309/1268
f 1317/1309/1268 1194/1187/1153 1195/1186/1152
f 1318/1310/1269 1316/1308/1267 1313/1305/1251
f 1319/1311/1198 1313/1305/1251 1314/1306/1265
f 1319/1311/1198 1318/1310/1269 1313/1305/1251
f 1320/1312/1270 1314/1306/1265 1315/1307/1266
f 1320/1312/1270 1319/1311/1198 1314/1306/1265
f 1318/1310/1269 1321/1313/1271 1316/1308/1267
f 1321/1313/1271 1317/1309/1268 1316/1308/1267
f 1317/1309/1268 1321/1313/1271 1322/1314/1272
f 1322/1314/1272 1324/1315/1273 1323/1316/1274
f 1324/1315/1273 1322/1314/1272 1321/1313/1271
f 1326/1317/1275 1323/1316/1274 1324/1315/1273
f 1323/1316/1274 1326/1317/1275 1325/1318/1276
f 1328/1319/1277 1331/1320/1278 1329/1321/1279
f 1332/1322/1280 1329/1321/1279 1331/1320/1278
f 1331/1320/1278 1333/1323/1281 1332/1322/1280
f 1331/1320/1278 1328/1319/1277 1334/1324/1282
f 1327/1325/1283 1334/1324/1282 1328/1319/1277
f 1333/1323/1281 1331/1320/1278 1335/1326/1284
f 1334/1324/1282 1335/1326/1284 1331/1320/1278
f 1335/1326/1284 1334/1324/1282 1337/1327/1285
f 1336/1328/1286 1337/1327/1285 1334/1324/1282
f 1338/1329/1287 1333/1323/1281 1335/1326/1284
f 1339/1330/1288 1333/1323/1281 1338/1329/1287
f 1340/1331/1289 1335/1326/1284 1337/1327/1285
f 1338/1329/1287 1335/1326/1284 1340/1331/1289
f 1337/1327/1285 1336/1328/1286 1341/1332/1290
f 1330/1333/1291 1341/1332/1290 1336/1328/1286
f 1340/1331/1289 1337/1327/1285 1342/1334/1292
f 1342/1334/1292 1337/1327/1285 1341/1332/1290
f 1341/1332/1290 1330/1333/1291 1343/1335/1293
f 1325/1318/1276 1343/1335/1293 1330/1333/1291
f 1343/1335/1293 1325/1318/1276 1326/1317/1275
f 1344/1336/1080 1341/1332/1290 1343/1335/1293
f 1342/1334/1292 1341/1332/1290 1344/1336/1080
f 1345/1337/1294 1343/1335/1293 1326/1317/1275
f 1344/1336/1080 1343/1335/1293 1345/1337/1294
f 1345/1337/1294 1326/1317/1275 1346/1338/1295
f 1346/1338/1295 1326/1317/1275 1324/1315/1273
f 1347/1339/1132 1344/1336/1080 1345/1337/1294
f 1348/1340/997 1345/1337/1294 1346/1338/1295
f 1347/1339/1132 1345/1337/1294 1348/1340/997
f 1346/1338/1295 1324/1315/1273 1349/1341/1296
f 1349/1341/1296 1324/1315/1273 1321/1313/1271
f 1349/1341/1296 1321/1313/1271 1318/1310/1269
f 1350/1342/1297 1346/1338/1295 1349/1341/1296
f 1348/1340/997 1346/1338/1295 1350/1342/1297
f 1351/1343/1298 1349/1341/1296 1318/1310/1269
f 1350/1342/1297 1349/1341/1296 1351/1343/1298
f 1351/1343/1298 1318/1310/1269 1319/1311/1198
f 1352/1344/1299 1348/1340/997 1350/1342/1297
f 1353/1345/1300 1348/1340/997 1352/1344/1299
f 1353/1345/1300 1347/1339/1132 1348/1340/997
f 1352/1344/1299 1350/1342/1297 1354/1346/1301
f 1354/1346/1301 1350/1342/1297 1351/1343/1298
f 1355/1347/1228 1347/1339/1132 1353/1345/1300
f 1354/1346/1301 1351/1343/1298 1356/1348/1302
f 1356/1348/1302 1351/1343/1298 1319/1311/1198
f 1357/1349/1303 1354/1346/1301 1356/1348/1302
f 1356/1348/1302 1319/1311/1198 1320/1312/1270
f 1357/1349/1303 1356/1348/1302 1358/1350/1304
f 1358/1350/1304 1356/1348/1302 1320/1312/1270
f 1359/1351/1019 1357/1349/1303 1358/1350/1304
f 1355/1347/1228 1360/1352/1288 1347/1339/1132
f 1360/1352/1288 1344/1336/1080 1347/1339/1132
f 1361/1353/1305 1360/1352/1288 1355/1347/1228
f 1360/1352/1288 1342/1334/1292 1344/1336/1080
f 1361/1353/1305 1362/1354/1288 1360/1352/1288
f 1362/1354/1288 1342/1334/1292 1360/1352/1288
f 1363/1355/1199 1362/1354/1288 1361/1353/1305
f 1362/1354/1288 1340/1331/1289 1342/1334/1292
f 1364/1356/1306 1340/1331/1289 1362/1354/1288
f 1363/1355/1199 1364/1356/1306 1362/1354/1288
f 1364/1356/1306 1338/1329/1287 1340/1331/1289
f 1365/1357/1307 1364/1356/1306 1363/1355/1199
f 1366/1358/1308 1365/1357/1307 1363/1355/1199
f 1367/1359/1309 1365/1357/1307 1366/1358/1308
f 1367/1359/1309 1368/1360/1310 1365/1357/1307
f 1365/1357/1307 1369/1361/1311 1364/1356/1306
f 1369/1361/1311 1338/1329/1287 1364/1356/1306
f 1368/1360/1310 1369/1361/1311 1365/1357/1307
f 1369/1361/1311 1339/1330/1288 1338/1329/1287
f 1368/1360/1310 1370/1362/1312 1369/1361/1311
f 1370/1362/1312 1339/1330/1288 1369/1361/1311
f 1373/1363/1313 1229/1220/1180 1371/1364/1314
f 1372/1365/1315 1373/1363/1313 1371/1364/1314
f 1373/1363/1313 1372/1365/1315 1375/1366/1316
f 1374/1367/1317 1375/1366/1316 1372/1365/1315
f 1373/1363/1313 1376/1368/1318 1229/1220/1180
f 1228/1219/1184 1229/1220/1180 1376/1368/1318
f 1378/1369/1319 1228/1219/1184 1376/1368/1318
f 1378/1369/1319 1227/1218/1183 1228/1219/1184
f 1379/1370/1320 1376/1368/1318 1373/1363/1313
f 1379/1370/1320 1378/1369/1319 1376/1368/1318
f 1377/1371/1317 1380/1372/1321 1381/1373/1322
f 1216/1374/1323 1381/1373/1322 1380/1372/1321
f 1381/1373/1322 1382/1375/1324 1377/1371/1317
f 1374/1367/1317 1377/1371/1317 1382/1375/1324
f 1381/1373/1322 1216/1374/1323 1383/1376/1325
f 1383/1376/1325 1216/1374/1323 1384/1377/1326
f 1216/1374/1323 1215/1207/1172 1384/1377/1326
f 1385/1378/1327 1381/1373/1322 1383/1376/1325
f 1385/1378/1327 1382/1375/1324 1381/1373/1322
f 1384/1377/1326 1215/1207/1172 1214/1206/1171
f 1385/1378/1327 1383/1376/1325 1386/1379/1328
f 1386/1379/1328 1383/1376/1325 1384/1377/1326
f 1382/1375/1324 1387/1380/1033 1374/1367/1317
f 1375/1366/1316 1374/1367/1317 1387/1380/1033
f 1382/1375/1324 1385/1378/1327 1388/1381/1019
f 1389/1382/1329 1387/1380/1033 1382/1375/1324
f 1389/1382/1329 1382/1375/1324 1388/1381/1019
f 1390/1383/1330 1388/1381/1019 1385/1378/1327
f 1390/1383/1330 1385/1378/1327 1386/1379/1328
f 1391/1384/1331 1375/1366/1316 1387/1380/1033
f 1391/1384/1331 1387/1380/1033 1389/1382/1329
f 1391/1384/1331 1392/1385/1332 1375/1366/1316
f 1392/1385/1332 1373/1363/1313 1375/1366/1316
f 1392/1385/1332 1379/1370/1320 1373/1363/1313
f 1388/1381/1019 1390/1383/1330 1393/1386/1333
f 1393/1386/1333 1389/1382/1329 1388/1381/1019
f 1394/1387/1334 1392/1385/1332 1391/1384/1331
f 1395/1388/1335 1379/1370/1320 1392/1385/1332
f 1394/1387/1334 1395/1388/1335 1392/1385/1332
f 1395/1388/1335 1396/1389/1336 1379/1370/1320
f 1396/1389/1336 1378/1369/1319 1379/1370/1320
f 1397/1390/1337 1391/1384/1331 1389/1382/1329
f 1397/1390/1337 1394/1387/1334 1391/1384/1331
f 1389/1382/1329 1393/1386/1333 1398/1391/1338
f 1397/1390/1337 1389/1382/1329 1398/1391/1338
f 1396/1389/1336 1399/1392/1339 1378/1369/1319
f 1399/1392/1339 1227/1218/1183 1378/1369/1319
f 1399/1392/1339 1222/1213/1178 1227/1218/1183
f 1400/1393/1340 1398/1391/1338 1393/1386/1333
f 1401/1394/1341 1394/1387/1334 1397/1390/1337
f 1401/1394/1341 1395/1388/1335 1394/1387/1334
f 1402/1395/1342 1397/1390/1337 1398/1391/1338
f 1401/1394/1341 1397/1390/1337 1402/1395/1342
f 1402/1395/1342 1398/1391/1338 1403/1396/1343
f 1398/1391/1338 1400/1393/1340 1403/1396/1343
f 1404/1397/1344 1401/1394/1341 1402/1395/1342
f 1395/1388/1335 1401/1394/1341 1405/1398/1345
f 1404/1397/1344 1405/1398/1345 1401/1394/1341
f 1405/1398/1345 1396/1389/1336 1395/1388/1335
f 1404/1397/1344 1402/1395/1342 1406/1399/1346
f 1406/1399/1346 1402/1395/1342 1403/1396/1343
f 1405/1398/1345 1404/1397/1344 1407/1400/1347
f 1396/1389/1336 1405/1398/1345 1408/1401/1348
f 1407/1400/1347 1408/1401/1348 1405/1398/1345
f 1408/1401/1348 1399/1392/1339 1396/1389/1336
f 1409/1402/1349 1407/1400/1347 1404/1397/1344
f 1409/1402/1349 1404/1397/1344 1406/1399/1346
f 1408/1401/1348 1407/1400/1347 1410/1403/1350
f 1399/1392/1339 1408/1401/1348 1411/1404/1351
f 1410/1403/1350 1411/1404/1351 1408/1401/1348
f 1411/1404/1351 1222/1213/1178 1399/1392/1339
f 1412/1405/1352 1410/1403/1350 1407/1400/1347
f 1407/1400/1347 1409/1402/1349 1412/1405/1352
f 1411/1404/1351 1410/1403/1350 1413/1406/1353
f 1222/1213/1178 1411/1404/1351 1414/1407/1354
f 1413/1406/1353 1414/1407/1354 1411/1404/1351
f 1414/1407/1354 1223/1214/1179 1222/1213/1178
f 1415/1408/1355 1223/1214/1179 1414/1407/1354
f 1416/1409/1356 1415/1408/1355 1414/1407/1354
f 1414/1407/1354 1413/1406/1353 1416/1409/1356
f 1417/1410/1357 1415/1408/1355 1416/1409/1356
f 1418/1411/1358 1413/1406/1353 1410/1403/1350
f 1410/1403/1350 1412/1405/1352 1418/1411/1358
f 1419/1412/1359 1416/1409/1356 1413/1406/1353
f 1413/1406/1353 1418/1411/1358 1419/1412/1359
f 1420/1413/1360 1417/1410/1357 1416/1409/1356
f 1416/1409/1356 1419/1412/1359 1420/1413/1360
f 1421/1414/1361 1417/1410/1357 1420/1413/1360
f 1421/1414/1361 1422/1415/1362 1417/1410/1357
f 1423/1416/1363 1422/1415/1362 1421/1414/1361
f 1424/1417/1364 1423/1416/1363 1421/1414/1361
f 1425/1418/1365 1421/1414/1361 1420/1413/1360
f 1424/1417/1364 1421/1414/1361 1425/1418/1365
f 1424/1417/1364 1426/1419/1366 1423/1416/1363
f 1420/1413/1360 1427/1420/1367 1425/1418/1365
f 1427/1420/1367 1420/1413/1360 1419/1412/1359
f 1428/1421/1368 1424/1417/1364 1425/1418/1365
f 1429/1422/1369 1425/1418/1365 1427/1420/1367
f 1425/1418/1365 1429/1422/1369 1428/1421/1368
f 1419/1412/1359 1430/1423/1370 1427/1420/1367
f 1430/1423/1370 1419/1412/1359 1418/1411/1358
f 1431/1424/1371 1427/1420/1367 1430/1423/1370
f 1427/1420/1367 1431/1424/1371 1429/1422/1369
f 1433/1425/1372 1434/1426/1373 1432/1427/1374
f 1435/1428/1375 1432/1427/1374 1434/1426/1373
f 1434/1426/1373 1436/1429/1376 1435/1428/1375
f 1434/1426/1373 1433/1425/1372 1332/1322/1280
f 1329/1321/1279 1332/1322/1280 1433/1425/1372
f 1436/1429/1376 1434/1426/1373 1437/1430/1377
f 1332/1322/1280 1437/1430/1377 1434/1426/1373
f 1438/1431/1378 1436/1429/1376 1437/1430/1377
f 1439/1432/1379 1436/1429/1376 1438/1431/1378
f 1437/1430/1377 1332/1322/1280 1333/1323/1281
f 1440/1433/1380 1439/1432/1379 1438/1431/1378
f 1441/1434/1381 1439/1432/1379 1440/1433/1380
f 1438/1431/1378 1437/1430/1377 1339/1330/1288
f 1339/1330/1288 1437/1430/1377 1333/1323/1281
f 1440/1433/1380 1438/1431/1378 1370/1362/1312
f 1370/1362/1312 1438/1431/1378 1339/1330/1288
f 1442/1435/1382 1441/1434/1381 1440/1433/1380
f 1443/1436/1383 1441/1434/1381 1442/1435/1382
f 1444/1437/1384 1440/1433/1380 1370/1362/1312
f 1442/1435/1382 1440/1433/1380 1444/1437/1384
f 1445/1438/1385 1443/1436/1383 1442/1435/1382
f 1446/1439/1386 1443/1436/1383 1445/1438/1385
f 1447/1440/1387 1442/1435/1382 1444/1437/1384
f 1445/1438/1385 1442/1435/1382 1447/1440/1387
f 1444/1437/1384 1370/1362/1312 1368/1360/1310
f 1448/1441/1388 1446/1439/1386 1445/1438/1385
f 1447/1440/1387 1444/1437/1384 1449/1442/1389
f 1449/1442/1389 1444/1437/1384 1368/1360/1310
f 1450/1443/1390 1445/1438/1385 1447/1440/1387
f 1448/1441/1388 1445/1438/1385 1450/1443/1390
f 1451/1444/1391 1447/1440/1387 1449/1442/1389
f 1450/1443/1390 1447/1440/1387 1451/1444/1391
f 1452/1445/1392 1446/1439/1386 1448/1441/1388
f 1452/1445/1392 1453/1446/1393 1446/1439/1386
f 1454/1447/1394 1448/1441/1388 1450/1443/1390
f 1455/1448/1395 1450/1443/1390 1451/1444/1391
f 1450/1443/1390 1455/1448/1395 1454/1447/1394
f 1451/1444/1391 1449/1442/1389 1456/1449/1396
f 1455/1448/1395 1451/1444/1391 1456/1449/1396
f 1457/1450/1147 1452/1445/1392 1448/1441/1388
f 1448/1441/1388 1454/1447/1394 1457/1450/1147
f 1458/1451/1397 1453/1446/1393 1452/1445/1392
f 1458/1451/1397 1459/1452/1398 1453/1446/1393
f 1452/1445/1392 1457/1450/1147 1460/1453/1399
f 1460/1453/1399 1458/1451/1397 1452/1445/1392
f 1461/1454/1400 1457/1450/1147 1454/1447/1394
f 1461/1454/1400 1460/1453/1399 1457/1450/1147
f 1462/1455/1401 1454/1447/1394 1455/1448/1395
f 1461/1454/1400 1454/1447/1394 1462/1455/1401
f 1458/1451/1397 1460/1453/1399 1463/1456/1402
f 1460/1453/1399 1461/1454/1400 1464/1457/1403
f 1464/1457/1403 1463/1456/1402 1460/1453/1399
f 1462/1455/1401 1465/1458/1404 1461/1454/1400
f 1464/1457/1403 1461/1454/1400 1465/1458/1404
f 1462/1455/1401 1455/1448/1395 1466/1459/1405
f 1467/1460/1406 1459/1452/1398 1458/1451/1397
f 1463/1456/1402 1467/1460/1406 1458/1451/1397
f 1467/1460/1406 1468/1461/1407 1459/1452/1398
f 1469/1462/1408 1459/1452/1398 1468/1461/1407
f 1470/1463/1409 1469/1462/1408 1468/1461/1407
f 1471/1464/1410 1470/1463/1409 1468/1461/1407
f 1471/1464/1410 1468/1461/1407 1467/1460/1406
f 1472/1465/1411 1470/1463/1409 1471/1464/1410
f 1467/1460/1406 1463/1456/1402 1473/1466/1412
f 1473/1466/1412 1471/1464/1410 1467/1460/1406
f 1474/1467/1413 1472/1465/1411 1471/1464/1410
f 1471/1464/1410 1473/1466/1412 1474/1467/1413
f 1472/1465/1411 1474/1467/1413 1475/1468/1414
f 1476/1469/1415 1472/1465/1411 1475/1468/1414
f 1477/1470/1416 1474/1467/1413 1473/1466/1412
f 1477/1470/1416 1473/1466/1412 1463/1456/1402
f 1478/1471/1417 1475/1468/1414 1474/1467/1413
f 1474/1467/1413 1477/1470/1416 1478/1471/1417
f 1479/1472/1418 1476/1469/1415 1475/1468/1414
f 1475/1468/1414 1478/1471/1417 1479/1472/1418
f 1476/1469/1415 1479/1472/1418 1480/1473/1419
f 1477/1470/1416 1481/1474/379 1478/1471/1417
f 1479/1472/1418 1478/1471/1417 1481/1474/379
f 1480/1473/1419 1479/1472/1418 1482/1475/1420
f 1482/1475/1420 1479/1472/1418 1481/1474/379
f 1418/1411/1358 1483/1476/1421 1430/1423/1370
f 1483/1476/1421 1418/1411/1358 1412/1405/1352
f 1430/1423/1370 1484/1477/1422 1431/1424/1371
f 1484/1477/1422 1430/1423/1370 1483/1476/1421
f 1485/1478/1423 1429/1422/1369 1431/1424/1371
f 1484/1477/1422 1485/1478/1423 1431/1424/1371
f 1412/1405/1352 1486/1479/1224 1483/1476/1421
f 1484/1477/1422 1483/1476/1421 1486/1479/1224
f 1486/1479/1224 1412/1405/1352 1409/1402/1349
f 1486/1479/1224 1409/1402/1349 1487/944/1424
f 1409/1402/1349 1406/1399/1346 1487/944/1424
f 1488/1480/1425 1484/1477/1422 1486/1479/1224
f 1487/944/1424 1406/1399/1346 1489/1481/1426
f 1406/1399/1346 1403/1396/1343 1489/1481/1426
f 1489/1481/1426 1403/1396/1343 1400/1393/1340
f 1486/1479/1224 1487/944/1424 1490/1482/1427
f 1488/1480/1425 1486/1479/1224 1490/1482/1427
f 1487/944/1424 1489/1481/1426 1491/1483/1428
f 1490/1482/1427 1487/944/1424 1491/1483/1428
f 1489/1481/1426 1400/1393/1340 1492/1484/1429
f 1491/1483/1428 1489/1481/1426 1492/1484/1429
f 1490/1482/1427 1491/1483/1428 1493/1485/1262
f 1488/1480/1425 1490/1482/1427 1494/1486/1430
f 1494/1486/1430 1490/1482/1427 1493/1485/1262
f 1493/1485/1262 1491/1483/1428 1495/1487/1431
f 1491/1483/1428 1492/1484/1429 1495/1487/1431
f 1494/1486/1430 1493/1485/1262 1496/1488/1432
f 1494/1486/1430 1497/1489/1433 1488/1480/1425
f 1484/1477/1422 1488/1480/1425 1497/1489/1433
f 1497/1489/1433 1494/1486/1430 1498/1490/1434
f 1496/1488/1432 1498/1490/1434 1494/1486/1430
f 1497/1489/1433 1499/1491/1435 1484/1477/1422
f 1496/1488/1432 1493/1485/1262 1500/1492/1436
f 1493/1485/1262 1495/1487/1431 1500/1492/1436
f 1498/1490/1434 1501/1493/1437 1497/1489/1433
f 1501/1493/1437 1499/1491/1435 1497/1489/1433
f 1485/1478/1423 1484/1477/1422 1499/1491/1435
f 1495/1487/1431 1476/1469/1415 1500/1492/1436
f 1498/1490/1434 1496/1488/1432 1502/1494/628
f 1496/1488/1432 1500/1492/1436 1503/1495/1438
f 1503/1495/1438 1502/1494/628 1496/1488/1432
f 1500/1492/1436 1480/1473/1419 1503/1495/1438
f 1480/1473/1419 1500/1492/1436 1476/1469/1415
f 1503/1495/1438 1480/1473/1419 1504/1496/382
f 1476/1469/1415 1495/1487/1431 1505/1497/1439
f 1492/1484/1429 1505/1497/1439 1495/1487/1431
f 1476/1469/1415 1505/1497/1439 1472/1465/1411
f 1505/1497/1439 1492/1484/1429 1506/1498/1440
f 1400/1393/1340 1506/1498/1440 1492/1484/1429
f 1505/1497/1439 1506/1498/1440 1507/1499/1441
f 1505/1497/1439 1507/1499/1441 1472/1465/1411
f 1506/1498/1440 1400/1393/1340 1508/1500/1442
f 1393/1386/1333 1508/1500/1442 1400/1393/1340
f 1508/1500/1442 1393/1386/1333 1390/1383/1330
f 1506/1498/1440 1508/1500/1442 1509/1501/1443
f 1506/1498/1440 1509/1501/1443 1507/1499/1441
f 1508/1500/1442 1390/1383/1330 1510/1502/1444
f 1508/1500/1442 1510/1502/1444 1509/1501/1443
f 1390/1383/1330 1386/1379/1328 1510/1502/1444
f 1509/1501/1443 1510/1502/1444 1511/1503/1445
f 1386/1379/1328 1511/1503/1445 1510/1502/1444
f 1507/1499/1441 1509/1501/1443 1512/1504/1446
f 1509/1501/1443 1511/1503/1445 1512/1504/1446
f 1511/1503/1445 1386/1379/1328 1513/1505/1447
f 1386/1379/1328 1384/1377/1326 1513/1505/1447
f 1511/1503/1445 1469/1462/1408 1512/1504/1446
f 1507/1499/1441 1512/1504/1446 1470/1463/1409
f 1470/1463/1409 1512/1504/1446 1469/1462/1408
f 1472/1465/1411 1507/1499/1441 1470/1463/1409
f 1384/1377/1326 1514/1506/1448 1513/1505/1447
f 1513/1505/1447 1515/1507/1449 1511/1503/1445
f 1469/1462/1408 1511/1503/1445 1515/1507/1449
f 1515/1507/1449 1513/1505/1447 1514/1506/1448
f 1514/1506/1448 1384/1377/1326 1214/1206/1171
f 1515/1507/1449 1516/1508/1450 1469/1462/1408
f 1214/1206/1171 1517/1509/1451 1514/1506/1448
f 1517/1509/1451 1214/1206/1171 1211/1203/1168
f 1514/1506/1448 1518/1510/1348 1515/1507/1449
f 1518/1510/1348 1514/1506/1448 1517/1509/1451
f 1516/1508/1450 1515/1507/1449 1518/1510/1348
f 1211/1203/1168 1212/1204/1169 1517/1509/1451
f 1459/1452/1398 1469/1462/1408 1516/1508/1450
f 1518/1510/1348 1519/1511/1452 1516/1508/1450
f 1459/1452/1398 1516/1508/1450 1519/1511/1452
f 1517/1509/1451 1520/1512/1453 1518/1510/1348
f 1520/1512/1453 1517/1509/1451 1212/1204/1169
f 1519/1511/1452 1518/1510/1348 1520/1512/1453
f 1212/1204/1169 1521/1513/1193 1520/1512/1453
f 1520/1512/1453 1522/1514/1454 1519/1511/1452
f 1522/1514/1454 1520/1512/1453 1521/1513/1193
f 1521/1513/1193 1212/1204/1169 1210/1202/1167
f 1453/1446/1393 1519/1511/1452 1522/1514/1454
f 1459/1452/1398 1519/1511/1452 1453/1446/1393
f 1521/1513/1193 1210/1202/1167 1523/1515/1455
f 1210/1202/1167 1208/1200/989 1523/1515/1455
f 1522/1514/1454 1521/1513/1193 1524/1516/1456
f 1521/1513/1193 1523/1515/1455 1524/1516/1456
f 1453/1446/1393 1522/1514/1454 1446/1439/1386
f 1522/1514/1454 1524/1516/1456 1443/1436/1383
f 1446/1439/1386 1522/1514/1454 1443/1436/1383
f 1524/1516/1456 1523/1515/1455 1525/1517/1457
f 1523/1515/1455 1208/1200/989 1526/1518/1458
f 1523/1515/1455 1526/1518/1458 1525/1517/1457
f 1208/1200/989 1527/1519/1459 1526/1518/1458
f 1527/1519/1459 1208/1200/989 1203/1194/1160
f 1203/1194/1160 1200/1195/1161 1527/1519/1459
f 1524/1516/1456 1525/1517/1457 1441/1434/1381
f 1443/1436/1383 1524/1516/1456 1441/1434/1381
f 1525/1517/1457 1526/1518/1458 1528/1520/1460
f 1529/1521/1461 1526/1518/1458 1527/1519/1459
f 1526/1518/1458 1529/1521/1461 1528/1520/1460
f 1530/1522/1462 1527/1519/1459 1200/1195/1161
f 1527/1519/1459 1530/1522/1462 1529/1521/1461
f 1525/1517/1457 1528/1520/1460 1439/1432/1379
f 1441/1434/1381 1525/1517/1457 1439/1432/1379
f 1435/1428/1375 1528/1520/1460 1529/1521/1461
f 1531/1523/1463 1529/1521/1461 1530/1522/1462
f 1529/1521/1461 1531/1523/1463 1435/1428/1375
f 1528/1520/1460 1435/1428/1375 1436/1429/1376
f 1439/1432/1379 1528/1520/1460 1436/1429/1376
f 1432/1427/1374 1435/1428/1375 1531/1523/1463
f 1063/1052/1025 1065/1055/1028 1532/1524/1464
f 1533/1525/1465 1532/1524/1464 1065/1055/1028
f 1064/1054/1027 1063/1052/1025 1534/1526/1432
f 1532/1524/1464 1534/1526/1432 1063/1052/1025
f 1534/1526/1432 1535/1527/1466 1064/1054/1027
f 1535/1527/1466 1061/1051/1024 1064/1054/1027
f 1532/1524/1464 1533/1525/1465 1537/1528/385
f 1536/1529/1467 1537/1528/385 1533/1525/1465
f 1061/1051/1024 1535/1527/1466 1538/1530/1468
f 1061/1051/1024 1538/1530/1468 1057/1047/1020
f 1157/1148/1116 1057/1047/1020 1538/1530/1468
f 1538/1530/1468 1162/1154/1122 1157/1148/1116
f 1162/1154/1122 1538/1530/1468 1535/1527/1466
f 1539/1531/1469 1162/1154/1122 1535/1527/1466
f 1534/1526/1432 1539/1531/1469 1535/1527/1466
f 1539/1531/1469 1540/1532/1204 1162/1154/1122
f 1164/1156/1124 1162/1154/1122 1540/1532/1204
f 1541/1533/1470 1539/1531/1469 1534/1526/1432
f 1534/1526/1432 1532/1524/1464 1541/1533/1470
f 1542/1534/1471 1540/1532/1204 1539/1531/1469
f 1541/1533/1470 1542/1534/1471 1539/1531/1469
f 1540/1532/1204 1543/1535/1472 1164/1156/1124
f 1165/1157/1125 1164/1156/1124 1543/1535/1472
f 1542/1534/1471 1544/1536/994 1540/1532/1204
f 1543/1535/1472 1540/1532/1204 1544/1536/994
f 1541/1533/1470 1545/1537/1473 1542/1534/1471
f 1545/1537/1473 1544/1536/994 1542/1534/1471
f 1546/1538/1474 1541/1533/1470 1532/1524/1464
f 1545/1537/1473 1541/1533/1470 1546/1538/1474
f 1537/1528/385 1546/1538/1474 1532/1524/1464
f 1545/1537/1473 1547/1539/1475 1544/1536/994
f 1547/1539/1475 1543/1535/1472 1544/1536/994
f 1548/1540/1476 1546/1538/1474 1537/1528/385
f 1537/1528/385 1536/1529/1467 1548/1540/1476
f 1549/1541/1477 1545/1537/1473 1546/1538/1474
f 1546/1538/1474 1548/1540/1476 1549/1541/1477
f 1550/1542/1478 1547/1539/1475 1545/1537/1473
f 1549/1541/1477 1550/1542/1478 1545/1537/1473
f 1547/1539/1475 1551/1543/1479 1543/1535/1472
f 1551/1543/1479 1165/1157/1125 1543/1535/1472
f 1550/1542/1478 1552/1544/1237 1547/1539/1475
f 1552/1544/1237 1551/1543/1479 1547/1539/1475
f 1551/1543/1479 1553/1545/1480 1165/1157/1125
f 1167/1159/1127 1165/1157/1125 1553/1545/1480
f 1552/1544/1237 1554/1546/1481 1551/1543/1479
f 1554/1546/1481 1553/1545/1480 1551/1543/1479
f 1175/1167/994 1167/1159/1127 1553/1545/1480
f 1554/1546/1481 1175/1167/994 1553/1545/1480
f 1555/1547/1482 1552/1544/1237 1550/1542/1478
f 1556/1548/1483 1554/1546/1481 1552/1544/1237
f 1555/1547/1482 1556/1548/1483 1552/1544/1237
f 1556/1548/1483 1557/1549/1484 1554/1546/1481
f 1557/1549/1484 1175/1167/994 1554/1546/1481
f 1558/1550/1485 1556/1548/1483 1555/1547/1482
f 1557/1549/1484 1559/1551/1173 1175/1167/994
f 1559/1551/1173 1174/1166/1133 1175/1167/994
f 1559/1551/1173 1177/1169/1135 1174/1166/1133
f 1560/1552/1486 1557/1549/1484 1556/1548/1483
f 1558/1550/1485 1560/1552/1486 1556/1548/1483
f 1561/1553/1487 1559/1551/1173 1557/1549/1484
f 1560/1552/1486 1561/1553/1487 1557/1549/1484
f 1562/1554/1488 1177/1169/1135 1559/1551/1173
f 1561/1553/1487 1562/1554/1488 1559/1551/1173
f 1562/1554/1488 1563/1555/1489 1177/1169/1135
f 1563/1555/1489 1173/1165/1132 1177/1169/1135
f 1564/1556/1490 1562/1554/1488 1561/1553/1487
f 1563/1555/1489 1565/1557/1491 1173/1165/1132
f 1176/1168/1134 1173/1165/1132 1565/1557/1491
f 1566/1558/1492 1563/1555/1489 1562/1554/1488
f 1564/1556/1490 1566/1558/1492 1562/1554/1488
f 1567/1559/1493 1565/1557/1491 1563/1555/1489
f 1566/1558/1492 1567/1559/1493 1563/1555/1489
f 1568/1560/1494 1176/1168/1134 1565/1557/1491
f 1567/1559/1493 1568/1560/1494 1565/1557/1491
f 1568/1560/1494 1179/1171/1137 1176/1168/1134
f 1569/1561/1112 1564/1556/1490 1561/1553/1487
f 1569/1561/1112 1561/1553/1487 1560/1552/1486
f 1298/1290/1250 1179/1171/1137 1568/1560/1494
f 1298/1290/1250 1186/1178/1144 1179/1171/1137
f 1299/1291/1251 1568/1560/1494 1567/1559/1493
f 1299/1291/1251 1298/1290/1250 1568/1560/1494
f 1302/1294/1254 1299/1291/1251 1567/1559/1493
f 1302/1294/1254 1567/1559/1493 1566/1558/1492
f 1358/1350/1304 1320/1312/1270 1570/1562/1495
f 1570/1562/1495 1320/1312/1270 1315/1307/1266
f 1571/1563/1496 1358/1350/1304 1570/1562/1495
f 1359/1351/1019 1358/1350/1304 1571/1563/1496
f 1572/1564/1497 1359/1351/1019 1571/1563/1496
f 1570/1562/1495 1315/1307/1266 1573/1565/1498
f 1573/1565/1498 1315/1307/1266 1310/1302/1262
f 1571/1563/1496 1570/1562/1495 1574/1566/1499
f 1574/1566/1499 1570/1562/1495 1573/1565/1498
f 1572/1564/1497 1571/1563/1496 1575/1567/1500
f 1575/1567/1500 1571/1563/1496 1574/1566/1499
f 1576/1568/1501 1572/1564/1497 1575/1567/1500
f 1573/1565/1498 1310/1302/1262 1577/1569/1502
f 1577/1569/1502 1310/1302/1262 1308/1300/1260
f 1574/1566/1499 1573/1565/1498 1578/1570/1503
f 1578/1570/1503 1573/1565/1498 1577/1569/1502
f 1575/1567/1500 1574/1566/1499 1579/1571/1504
f 1579/1571/1504 1574/1566/1499 1578/1570/1503
f 1576/1568/1501 1575/1567/1500 1580/1572/1505
f 1580/1572/1505 1575/1567/1500 1579/1571/1504
f 1580/1572/1505 1581/1573/1506 1576/1568/1501
f 1577/1569/1502 1308/1300/1260 1582/1574/1507
f 1582/1574/1507 1308/1300/1260 1305/1297/1257
f 1578/1570/1503 1577/1569/1502 1583/1575/1508
f 1583/1575/1508 1577/1569/1502 1582/1574/1507
f 1581/1573/1506 1580/1572/1505 1584/1576/1509
f 1585/1577/1510 1578/1570/1503 1583/1575/1508
f 1579/1571/1504 1578/1570/1503 1585/1577/1510
f 1580/1572/1505 1579/1571/1504 1586/1578/1511
f 1586/1578/1511 1584/1576/1509 1580/1572/1505
f 1586/1578/1511 1579/1571/1504 1585/1577/1510
f 1584/1576/1509 1586/1578/1511 1587/1579/1509
f 1586/1578/1511 1585/1577/1510 1588/1580/1512
f 1588/1580/1512 1587/1579/1509 1586/1578/1511
f 1588/1580/1512 1585/1577/1510 1589/1581/1513
f 1585/1577/1510 1583/1575/1508 1589/1581/1513
f 1587/1579/1509 1588/1580/1512 1590/1582/1514
f 1591/1583/1515 1590/1582/1514 1588/1580/1512
f 1588/1580/1512 1589/1581/1513 1591/1583/1515
f 1590/1582/1514 1591/1583/1515 1592/1584/332
f 1504/1496/382 1480/1473/1419 1482/1475/1420
f 1481/1474/379 1477/1470/1416 1594/1585/1516
f 1477/1470/1416 1463/1456/1402 1595/1586/1517
f 1595/1586/1517 1594/1585/1516 1477/1470/1416
f 1463/1456/1402 1464/1457/1403 1595/1586/1517
f 1595/1586/1517 1464/1457/1403 1596/1587/1518
f 1596/1587/1518 1464/1457/1403 1465/1458/1404
f 1597/1588/385 1595/1586/1517 1596/1587/1518
f 1594/1585/1516 1595/1586/1517 1597/1588/385
f 1594/1585/1516 1598/1589/1519 1481/1474/379
f 1593/1590/1520 1481/1474/379 1598/1589/1519
f 1594/1585/1516 1597/1588/385 1599/1591/1521
f 1598/1589/1519 1594/1585/1516 1600/1592/1522
f 1599/1591/1521 1600/1592/1522 1594/1585/1516
f 1605/1593/542 1606/1594/1523 1607/1595/1524
f 1608/1596/1525 1607/1595/1524 1606/1594/1523
f 1609/1597/1526 1610/1598/1527 1611/1599/1528
f 1612/1600/1529 1610/1598/1527 1609/1597/1526
f 1612/1600/1529 1044/1034/1007 1610/1598/1527
f 1042/1033/1006 1610/1598/1527 1044/1034/1007
f 1610/1598/1527 1042/1033/1006 1613/1601/1530
f 1610/1598/1527 1613/1601/1530 1611/1599/1528
f 1040/1031/1004 1613/1601/1530 1042/1033/1006
f 1613/1601/1530 1040/1031/1004 1614/1602/1531
f 1041/1032/1005 1614/1602/1531 1040/1031/1004
f 1611/1599/1528 1613/1601/1530 1615/1603/1532
f 1613/1601/1530 1614/1602/1531 1615/1603/1532
f 1614/1602/1531 1041/1032/1005 1616/1604/1533
f 1615/1603/1532 1614/1602/1531 1616/1604/1533
f 1041/1032/1005 1617/1605/1534 1616/1604/1533
f 1617/1605/1534 1041/1032/1005 1046/1037/1010
f 1615/1603/1532 1616/1604/1533 1618/1606/1535
f 1619/1607/1536 1616/1604/1533 1617/1605/1534
f 1616/1604/1533 1619/1607/1536 1618/1606/1535
f 1620/1608/1537 1618/1606/1535 1619/1607/1536
f 1618/1606/1535 1620/1608/1537 1622/1609/1538
f 1621/1610/1539 1622/1609/1538 1620/1608/1537
f 1622/1609/1538 1615/1603/1532 1618/1606/1535
f 1066/1245/1187 1623/1611/1540 1621/1610/1539
f 1622/1609/1538 1621/1610/1539 1623/1611/1540
f 1623/1611/1540 1066/1245/1187 1253/1244/1207
f 1615/1603/1532 1622/1609/1538 1624/1612/1541
f 1623/1611/1540 1624/1612/1541 1622/1609/1538
f 1611/1599/1528 1615/1603/1532 1624/1612/1541
f 1253/1244/1207 1625/1613/1542 1623/1611/1540
f 1624/1612/1541 1623/1611/1540 1625/1613/1542
f 1625/1613/1542 1253/1244/1207 1252/1243/1206
f 1626/1614/1114 1611/1599/1528 1624/1612/1541
f 1626/1614/1114 1624/1612/1541 1625/1613/1542
f 1609/1597/1526 1611/1599/1528 1626/1614/1114
f 1627/1615/1543 1625/1613/1542 1252/1243/1206
f 1627/1615/1543 1626/1614/1114 1625/1613/1542
f 1254/1246/1208 1627/1615/1543 1252/1243/1206
f 1628/1616/1544 1609/1597/1526 1626/1614/1114
f 1628/1616/1544 1626/1614/1114 1627/1615/1543
f 1629/1617/1545 1609/1597/1526 1628/1616/1544
f 1630/1618/1546 1627/1615/1543 1254/1246/1208
f 1630/1618/1546 1628/1616/1544 1627/1615/1543
f 1631/1619/1298 1630/1618/1546 1254/1246/1208
f 1254/1246/1208 1257/1249/1211 1631/1619/1298
f 1632/1620/1547 1628/1616/1544 1630/1618/1546
f 1632/1620/1547 1629/1617/1545 1628/1616/1544
f 1633/1621/1548 1630/1618/1546 1631/1619/1298
f 1633/1621/1548 1632/1620/1547 1630/1618/1546
f 1634/1622/1549 1631/1619/1298 1257/1249/1211
f 1257/1249/1211 1259/1251/1213 1634/1622/1549
f 1635/1623/1297 1633/1621/1548 1631/1619/1298
f 1631/1619/1298 1634/1622/1549 1635/1623/1297
f 1636/1624/1550 1632/1620/1547 1633/1621/1548
f 1636/1624/1550 1629/1617/1545 1632/1620/1547
f 1637/1625/1551 1633/1621/1548 1635/1623/1297
f 1637/1625/1551 1636/1624/1550 1633/1621/1548
f 1638/1626/1552 1635/1623/1297 1634/1622/1549
f 1638/1626/1552 1637/1625/1551 1635/1623/1297
f 1639/1627/1553 1634/1622/1549 1259/1251/1213
f 1639/1627/1553 1638/1626/1552 1634/1622/1549
f 1264/1256/1218 1639/1627/1553 1259/1251/1213
f 1640/1628/1554 1637/1625/1551 1638/1626/1552
f 1641/1629/1555 1639/1627/1553 1264/1256/1218
f 1271/1263/1225 1641/1629/1555 1264/1256/1218
f 1642/1630/1556 1638/1626/1552 1639/1627/1553
f 1642/1630/1556 1640/1628/1554 1638/1626/1552
f 1641/1629/1555 1642/1630/1556 1639/1627/1553
f 1640/1628/1554 1643/1631/1500 1637/1625/1551
f 1643/1631/1500 1636/1624/1550 1637/1625/1551
f 1644/1632/1557 1640/1628/1554 1642/1630/1556
f 1644/1632/1557 1643/1631/1500 1640/1628/1554
f 1645/1633/1558 1642/1630/1556 1641/1629/1555
f 1645/1633/1558 1644/1632/1557 1642/1630/1556
f 1646/1634/1559 1641/1629/1555 1271/1263/1225
f 1646/1634/1559 1645/1633/1558 1641/1629/1555
f 1286/1278/1239 1646/1634/1559 1271/1263/1225
f 1294/1286/1247 1646/1634/1559 1286/1278/1239
f 1294/1286/1247 1647/1635/1477 1646/1634/1559
f 1647/1635/1477 1645/1633/1558 1646/1634/1559
f 1294/1286/1247 1648/1636/819 1647/1635/1477
f 1648/1636/819 1649/1637/1560 1647/1635/1477
f 1647/1635/1477 1649/1637/1560 1645/1633/1558
f 1649/1637/1560 1644/1632/1557 1645/1633/1558
f 1649/1637/1560 1650/1638/1114 1644/1632/1557
f 1650/1638/1114 1649/1637/1560 1651/1639/1561
f 1643/1631/1500 1644/1632/1557 1650/1638/1114
f 1651/1639/1561 1029/1020/993 1650/1638/1114
f 1650/1638/1114 1029/1020/993 1643/1631/1500
f 1029/1020/993 1652/1640/1562 1643/1631/1500
f 1029/1020/993 1027/1018/991 1652/1640/1562
f 1653/1641/1563 1643/1631/1500 1652/1640/1562
f 1643/1631/1500 1653/1641/1563 1636/1624/1550
f 1629/1617/1545 1636/1624/1550 1653/1641/1563
f 1652/1640/1562 1654/1642/1564 1653/1641/1563
f 1654/1642/1564 1652/1640/1562 1027/1018/991
f 1653/1641/1563 1654/1642/1564 1629/1617/1545
f 1028/1019/992 1654/1642/1564 1027/1018/991
f 1654/1642/1564 1612/1600/1529 1629/1617/1545
f 1629/1617/1545 1612/1600/1529 1609/1597/1526
f 1654/1642/1564 1028/1019/992 1655/1643/1565
f 1655/1643/1565 1612/1600/1529 1654/1642/1564
f 1028/1019/992 1026/1016/989 1655/1643/1565
f 1612/1600/1529 1655/1643/1565 1656/1644/1566
f 1655/1643/1565 1026/1016/989 1656/1644/1566
f 1044/1034/1007 1612/1600/1529 1656/1644/1566
f 1026/1016/989 1031/1021/994 1656/1644/1566
f 1656/1644/1566 1031/1021/994 1044/1034/1007
f 1662/1645/1567 1548/1540/1476 1536/1529/1467
f 1548/1540/1476 1662/1645/1567 1663/1646/1568
f 1661/1647/1569 1663/1646/1568 1662/1645/1567
f 1663/1646/1568 1549/1541/1477 1548/1540/1476
f 1660/1648/1570 1664/1649/1571 1661/1647/1569
f 1663/1646/1568 1661/1647/1569 1664/1649/1571
f 1549/1541/1477 1663/1646/1568 1665/1650/1572
f 1664/1649/1571 1665/1650/1572 1663/1646/1568
f 1665/1650/1572 1550/1542/1478 1549/1541/1477
f 1665/1650/1572 1555/1547/1482 1550/1542/1478
f 1666/1651/1425 1555/1547/1482 1665/1650/1572
f 1665/1650/1572 1664/1649/1571 1666/1651/1425
f 1666/1651/1425 1558/1550/1485 1555/1547/1482
f 1664/1649/1571 1660/1648/1570 1667/1652/1573
f 1667/1652/1573 1666/1651/1425 1664/1649/1571
f 1659/1653/587 1667/1652/1573 1660/1648/1570
f 1668/1654/1574 1558/1550/1485 1666/1651/1425
f 1666/1651/1425 1667/1652/1573 1668/1654/1574
f 1667/1652/1573 1659/1653/587 1669/1655/1575
f 1669/1655/1575 1668/1654/1574 1667/1652/1573
f 1669/1655/1575 1659/1653/587 1670/1656/593
f 1670/1656/593 1671/1657/1576 1669/1655/1575
f 1668/1654/1574 1669/1655/1575 1671/1657/1576
f 1668/1654/1574 1672/1658/1577 1558/1550/1485
f 1671/1657/1576 1672/1658/1577 1668/1654/1574
f 1672/1658/1577 1560/1552/1486 1558/1550/1485
f 1672/1658/1577 1569/1561/1112 1560/1552/1486
f 1671/1657/1576 1673/1659/1578 1672/1658/1577
f 1673/1659/1578 1569/1561/1112 1672/1658/1577
f 1671/1657/1576 1670/1656/593 1674/1660/1579
f 1674/1660/1579 1673/1659/1578 1671/1657/1576
f 1658/1661/1580 1674/1660/1579 1670/1656/593
f 1673/1659/1578 1675/1662/1581 1569/1561/1112
f 1675/1662/1581 1564/1556/1490 1569/1561/1112
f 1674/1660/1579 1676/1663/1582 1673/1659/1578
f 1676/1663/1582 1675/1662/1581 1673/1659/1578
f 1674/1660/1579 1658/1661/1580 1677/1664/1583
f 1677/1664/1583 1676/1663/1582 1674/1660/1579
f 1657/1665/1584 1677/1664/1583 1658/1661/1580
f 1675/1662/1581 1678/1666/1329 1564/1556/1490
f 1678/1666/1329 1566/1558/1492 1564/1556/1490
f 1678/1666/1329 1302/1294/1254 1566/1558/1492
f 1679/1667/1585 1678/1666/1329 1675/1662/1581
f 1676/1663/1582 1679/1667/1585 1675/1662/1581
f 1680/1668/1586 1302/1294/1254 1678/1666/1329
f 1679/1667/1585 1680/1668/1586 1678/1666/1329
f 1680/1668/1586 1301/1293/1253 1302/1294/1254
f 1681/1669/1587 1679/1667/1585 1676/1663/1582
f 1677/1664/1583 1681/1669/1587 1676/1663/1582
f 1682/1670/1588 1680/1668/1586 1679/1667/1585
f 1681/1669/1587 1682/1670/1588 1679/1667/1585
f 1683/1671/1589 1301/1293/1253 1680/1668/1586
f 1682/1670/1588 1683/1671/1589 1680/1668/1586
f 1683/1671/1589 1305/1297/1257 1301/1293/1253
f 1582/1574/1507 1305/1297/1257 1683/1671/1589
f 1684/1672/1590 1582/1574/1507 1683/1671/1589
f 1684/1672/1590 1683/1671/1589 1682/1670/1588
f 1583/1575/1508 1582/1574/1507 1684/1672/1590
f 1589/1581/1513 1583/1575/1508 1684/1672/1590
f 1685/1673/1450 1684/1672/1590 1682/1670/1588
f 1589/1581/1513 1684/1672/1590 1685/1673/1450
f 1685/1673/1450 1682/1670/1588 1681/1669/1587
f 1591/1583/1515 1589/1581/1513 1685/1673/1450
f 1686/1674/1591 1685/1673/1450 1681/1669/1587
f 1591/1583/1515 1685/1673/1450 1686/1674/1591
f 1686/1674/1591 1681/1669/1587 1677/1664/1583
f 1686/1674/1591 1592/1584/332 1591/1583/1515
f 1677/1664/1583 1657/1665/1584 1686/1674/1591
f 1592/1584/332 1686/1674/1591 1657/1665/1584
f 1687/1675/1592 1503/1495/1438 1504/1496/382
f 1502/1494/628 1503/1495/1438 1687/1675/1592
f 1688/1676/627 1689/1677/1593 1502/1494/628
f 1690/1678/1594 1502/1494/628 1689/1677/1593
f 1502/1494/628 1690/1678/1594 1498/1490/1434
f 1501/1493/1437 1498/1490/1434 1690/1678/1594
f 1691/1679/1595 1485/1478/1423 1692/1680/1596
f 1499/1491/1435 1692/1680/1596 1485/1478/1423
f 1692/1680/1596 1499/1491/1435 1693/1681/1597
f 1501/1493/1437 1693/1681/1597 1499/1491/1435
f 1648/1636/819 1294/1286/1247 1293/1285/1246
f 1293/1285/1246 1296/1288/1248 1648/1636/819
f 1694/1682/716 1697/1683/1598 1696/1684/1599
f 1291/1283/1244 1698/1685/1600 1695/1686/717
f 1697/1683/1598 1695/1686/717 1698/1685/1600
f 1698/1685/1600 1291/1283/1244 1699/1687/1601
f 1291/1283/1244 1282/1274/1236 1699/1687/1601
f 1699/1687/1601 1282/1274/1236 1278/1270/1232
f 1699/1687/1601 1278/1270/1232 1280/1272/1234
f 1698/1685/1600 1699/1687/1601 1280/1272/1234
f 1697/1683/1598 1698/1685/1600 1700/1688/1602
f 1280/1272/1234 1700/1688/1602 1698/1685/1600
f 1701/1689/1603 1697/1683/1598 1700/1688/1602
f 1701/1689/1603 1696/1684/1599 1697/1683/1598
f 1700/1688/1602 1280/1272/1234 1702/1690/1604
f 1702/1690/1604 1280/1272/1234 1279/1271/1233
f 1701/1689/1603 1700/1688/1602 1703/1691/1605
f 1702/1690/1604 1703/1691/1605 1700/1688/1602
f 1696/1684/1599 1701/1689/1603 1704/1692/1606
f 1279/1271/1233 1705/1693/1607 1702/1690/1604
f 1703/1691/1605 1702/1690/1604 1705/1693/1607
f 1706/1694/1608 1701/1689/1603 1703/1691/1605
f 1706/1694/1608 1704/1692/1606 1701/1689/1603
f 1705/1693/1607 1707/1695/1609 1703/1691/1605
f 1706/1694/1608 1703/1691/1605 1707/1695/1609
f 1705/1693/1607 1279/1271/1233 1708/1696/1610
f 1426/1419/1366 1706/1694/1608 1707/1695/1609
f 1707/1695/1609 1705/1693/1607 1709/1697/1611
f 1708/1696/1610 1709/1697/1611 1705/1693/1607
f 1709/1697/1611 1423/1416/1363 1707/1695/1609
f 1426/1419/1366 1707/1695/1609 1423/1416/1363
f 1708/1696/1610 1279/1271/1233 1710/1698/1612
f 1279/1271/1233 1275/1267/1229 1710/1698/1612
f 1710/1698/1612 1275/1267/1229 1084/1073/1046
f 1710/1698/1612 1711/1699/1613 1708/1696/1610
f 1709/1697/1611 1708/1696/1610 1711/1699/1613
f 1084/1073/1046 1712/1700/1614 1710/1698/1612
f 1711/1699/1613 1710/1698/1612 1712/1700/1614
f 1711/1699/1613 1422/1415/1362 1709/1697/1611
f 1423/1416/1363 1709/1697/1611 1422/1415/1362
f 1712/1700/1614 1713/1701/1615 1711/1699/1613
f 1422/1415/1362 1711/1699/1613 1713/1701/1615
f 1712/1700/1614 1084/1073/1046 1714/1702/1616
f 1714/1702/1616 1084/1073/1046 1082/1071/1044
f 1714/1702/1616 1082/1071/1044 1087/1076/1049
f 1714/1702/1616 1715/1703/1617 1712/1700/1614
f 1713/1701/1615 1712/1700/1614 1715/1703/1617
f 1716/1704/1618 1714/1702/1616 1087/1076/1049
f 1715/1703/1617 1714/1702/1616 1716/1704/1618
f 1716/1704/1618 1087/1076/1049 1217/1208/1173
f 1715/1703/1617 1716/1704/1618 1223/1214/1179
f 1223/1214/1179 1716/1704/1618 1217/1208/1173
f 1713/1701/1615 1715/1703/1617 1415/1408/1355
f 1415/1408/1355 1715/1703/1617 1223/1214/1179
f 1417/1410/1357 1713/1701/1615 1415/1408/1355
f 1422/1415/1362 1713/1701/1615 1417/1410/1357
f 1704/1692/1606 1706/1694/1608 1717/1705/1619
f 1426/1419/1366 1717/1705/1619 1706/1694/1608
f 1717/1705/1619 1426/1419/1366 1718/1706/1620
f 1719/1707/1621 1718/1706/1620 1426/1419/1366
f 1426/1419/1366 1424/1417/1364 1719/1707/1621
f 1428/1421/1368 1719/1707/1621 1424/1417/1364
f 1719/1707/1621 1428/1421/1368 1720/1708/1622
f 1429/1422/1369 1720/1708/1622 1428/1421/1368
f 1718/1706/1620 1719/1707/1621 1721/1709/1623
f 1720/1708/1622 1721/1709/1623 1719/1707/1621
f 1720/1708/1622 1429/1422/1369 1722/1710/1624
f 1485/1478/1423 1722/1710/1624 1429/1422/1369
f 1721/1709/1623 1720/1708/1622 1723/1711/742
f 1722/1710/1624 1723/1711/742 1720/1708/1622
f 1723/1711/742 1722/1710/1624 1691/1679/1595
f 1485/1478/1423 1691/1679/1595 1722/1710/1624
f 1725/1712/814 1648/1636/819 1296/1288/1248
f 1726/1713/1625 1727/1714/1626 1651/1639/1561
f 1728/1715/1627 1651/1639/1561 1727/1714/1626
f 1648/1636/819 1726/1713/1625 1649/1637/1560
f 1726/1713/1625 1651/1639/1561 1649/1637/1560
f 1651/1639/1561 1728/1715/1627 1730/1716/1628
f 1729/1717/1629 1730/1716/1628 1728/1715/1627
f 1029/1020/993 1651/1639/1561 1730/1716/1628
f 1731/1718/1630 1729/1717/1629 1724/1719/1631
f 1730/1716/1628 1729/1717/1629 1732/1720/1632
f 1731/1718/1630 1732/1720/1632 1729/1717/1629
f 1023/1014/987 1730/1716/1628 1732/1720/1632
f 1730/1716/1628 1023/1014/987 1029/1020/993
f 1021/1012/985 1023/1014/987 1732/1720/1632
f 1732/1720/1632 1731/1718/1630 1021/1012/985
f 1733/1721/825 1731/1718/1630 1724/1719/1631
f 1731/1718/1630 1735/1722/1633 1021/1012/985
f 1731/1718/1630 1734/1723/1634 1735/1722/1633
f 1736/1724/828 1735/1722/1633 1734/1723/1634
f 1735/1722/1633 1736/1724/828 1737/1725/1635
f 1020/1010/983 1021/1012/985 1735/1722/1633
f 1735/1722/1633 1737/1725/1635 1020/1010/983
f 1737/1725/1635 1018/1011/984 1020/1010/983
f 1738/1726/1636 1740/1727/1637 1608/1596/1525
f 1607/1595/1524 1608/1596/1525 1740/1727/1637
f 1740/1727/1637 1738/1726/1636 1741/1728/1638
f 1739/1729/1639 1741/1728/1638 1738/1726/1636
f 1740/1727/1637 1742/1730/1640 1607/1595/1524
f 1741/1728/1638 1743/1731/1438 1740/1727/1637
f 1742/1730/1640 1740/1727/1637 1743/1731/1438
f 1744/1732/1641 1607/1595/1524 1742/1730/1640
f 1607/1595/1524 1744/1732/1641 1605/1593/542
f 1745/1733/1642 1605/1593/542 1744/1732/1641
f 1605/1593/542 1745/1733/1642 1604/1734/1643
f 1742/1730/1640 1746/1735/1644 1744/1732/1641
f 1743/1731/1438 1747/1736/1644 1742/1730/1640
f 1742/1730/1640 1747/1736/1644 1746/1735/1644
f 1748/1737/1645 1604/1734/1643 1745/1733/1642
f 1604/1734/1643 1748/1737/1645 1603/1738/528
f 1744/1732/1641 1749/1739/1646 1745/1733/1642
f 1744/1732/1641 1746/1735/1644 1749/1739/1646
f 1745/1733/1642 1750/1740/1647 1748/1737/1645
f 1745/1733/1642 1749/1739/1646 1750/1740/1647
f 1751/1741/1648 1603/1738/528 1748/1737/1645
f 1603/1738/528 1751/1741/1648 1602/1742/525
f 1748/1737/1645 1750/1740/1647 1752/1743/1649
f 1748/1737/1645 1752/1743/1649 1751/1741/1648
f 1749/1739/1646 1753/1744/1041 1750/1740/1647
f 1754/1745/1650 1602/1742/525 1751/1741/1648
f 1602/1742/525 1754/1745/1650 1601/1746/1651
f 1751/1741/1648 1752/1743/1649 1755/1747/1579
f 1751/1741/1648 1755/1747/1579 1754/1745/1650
f 1750/1740/1647 1756/1748/1238 1752/1743/1649
f 1750/1740/1647 1753/1744/1041 1756/1748/1238
f 1752/1743/1649 1757/1749/1652 1755/1747/1579
f 1752/1743/1649 1756/1748/1238 1757/1749/1652
f 1576/1568/1501 1601/1746/1651 1754/1745/1650
f 1601/1746/1651 1576/1568/1501 1581/1573/1506
f 1754/1745/1650 1755/1747/1579 1572/1564/1497
f 1754/1745/1650 1572/1564/1497 1576/1568/1501
f 1755/1747/1579 1757/1749/1652 1359/1351/1019
f 1755/1747/1579 1359/1351/1019 1572/1564/1497
f 1756/1748/1238 1758/1750/1653 1757/1749/1652
f 1757/1749/1652 1357/1349/1303 1359/1351/1019
f 1757/1749/1652 1758/1750/1653 1357/1349/1303
f 1756/1748/1238 1759/1751/1654 1758/1750/1653
f 1753/1744/1041 1759/1751/1654 1756/1748/1238
f 1758/1750/1653 1354/1346/1301 1357/1349/1303
f 1759/1751/1654 1352/1344/1299 1758/1750/1653
f 1758/1750/1653 1352/1344/1299 1354/1346/1301
f 1759/1751/1654 1353/1345/1300 1352/1344/1299
f 1753/1744/1041 1760/1752/1655 1759/1751/1654
f 1760/1752/1655 1353/1345/1300 1759/1751/1654
f 1761/1753/1656 1760/1752/1655 1753/1744/1041
f 1749/1739/1646 1761/1753/1656 1753/1744/1041
f 1746/1735/1644 1761/1753/1656 1749/1739/1646
f 1746/1735/1644 1762/1754/1657 1761/1753/1656
f 1747/1736/1644 1762/1754/1657 1746/1735/1644
f 1761/1753/1656 1763/1755/1658 1760/1752/1655
f 1762/1754/1657 1763/1755/1658 1761/1753/1656
f 1760/1752/1655 1355/1347/1228 1353/1345/1300
f 1763/1755/1658 1355/1347/1228 1760/1752/1655
f 1762/1754/1657 1764/1756/1659 1763/1755/1658
f 1763/1755/1658 1361/1353/1305 1355/1347/1228
f 1764/1756/1659 1361/1353/1305 1763/1755/1658
f 1765/1757/1660 1764/1756/1659 1762/1754/1657
f 1747/1736/1644 1765/1757/1660 1762/1754/1657
f 1764/1756/1659 1363/1355/1199 1361/1353/1305
f 1766/1758/1661 1765/1757/1660 1747/1736/1644
f 1743/1731/1438 1766/1758/1661 1747/1736/1644
f 1765/1757/1660 1366/1358/1308 1764/1756/1659
f 1366/1358/1308 1363/1355/1199 1764/1756/1659
f 1766/1758/1661 1767/1759/1662 1765/1757/1660
f 1767/1759/1662 1366/1358/1308 1765/1757/1660
f 1768/1760/1663 1766/1758/1661 1743/1731/1438
f 1743/1731/1438 1741/1728/1638 1768/1760/1663
f 1769/1761/1664 1767/1759/1662 1766/1758/1661
f 1768/1760/1663 1769/1761/1664 1766/1758/1661
f 1769/1761/1664 1456/1449/1396 1767/1759/1662
f 1455/1448/1395 1456/1449/1396 1769/1761/1664
f 1466/1459/1405 1455/1448/1395 1769/1761/1664
f 1466/1459/1405 1769/1761/1664 1768/1760/1663
f 1770/1762/1665 1768/1760/1663 1741/1728/1638
f 1768/1760/1663 1770/1762/1665 1466/1459/1405
f 1741/1728/1638 1739/1729/1639 1770/1762/1665
f 1456/1449/1396 1367/1359/1309 1767/1759/1662
f 1767/1759/1662 1367/1359/1309 1366/1358/1308
f 1456/1449/1396 1449/1442/1389 1367/1359/1309
f 1449/1442/1389 1368/1360/1310 1367/1359/1309
f 1771/1763/1666 1466/1459/1405 1770/1762/1665
f 1770/1762/1665 1739/1729/1639 1771/1763/1666
f 1466/1459/1405 1771/1763/1666 1462/1455/1401
f 1465/1458/1404 1462/1455/1401 1771/1763/1666
f 1772/1764/1667 1773/1765/1668 1774/1766/1669
f 1775/1767/1670 1776/1768/1671 1777/1769/1672
f 1774/1766/1669 1778/1770/1673 1772/1764/1667
f 1778/1770/1673 1774/1766/1669 1779/1771/1674
f 1772/1764/1667 1780/1772/1675 1781/1773/1676
f 1780/1772/1675 1772/1764/1667 1778/1770/1673
f 1782/1774/1677 1781/1773/1676 1780/1772/1675
f 1781/1773/1676 1782/1774/1677 1783/1775/1678
f 1783/1775/1678 1784/1776/1679 1775/1767/1670
f 1784/1776/1679 1783/1775/1678 1782/1774/1677
f 1776/1768/1671 1775/1767/1670 1784/1776/1679
f 1785/1777/1680 1777/1769/1672 1776/1768/1671
f 1778/1770/1673 1786/1778/1681 1780/1772/1675
f 1779/1771/1674 1787/1779/1682 1778/1770/1673
f 1786/1778/1681 1778/1770/1673 1787/1779/1682
f 1787/1779/1682 1779/1771/1674 1788/1780/1683
f 1789/1781/1684 1780/1772/1675 1786/1778/1681
f 1780/1772/1675 1789/1781/1684 1782/1774/1677
f 1787/1779/1682 1790/1782/1685 1786/1778/1681
f 1788/1780/1683 1791/1783/1686 1787/1779/1682
f 1790/1782/1685 1787/1779/1682 1791/1783/1686
f 1791/1783/1686 1788/1780/1683 1792/1784/1687
f 1793/1785/1688 1786/1778/1681 1790/1782/1685
f 1786/1778/1681 1793/1785/1688 1789/1781/1684
f 1791/1783/1686 1794/1786/1689 1790/1782/1685
f 1792/1784/1687 1795/1787/1690 1791/1783/1686
f 1794/1786/1689 1791/1783/1686 1795/1787/1690
f 1795/1787/1690 1792/1784/1687 1796/1788/1691
f 1797/1789/1692 1790/1782/1685 1794/1786/1689
f 1790/1782/1685 1797/1789/1692 1793/1785/1688
f 1795/1787/1690 1798/1790/1693 1794/1786/1689
f 1796/1788/1691 1799/1791/1694 1795/1787/1690
f 1798/1790/1693 1795/1787/1690 1799/1791/1694
f 1799/1791/1694 1796/1788/1691 1800/1792/1695
f 1801/1793/1696 1794/1786/1689 1798/1790/1693
f 1794/1786/1689 1801/1793/1696 1797/1789/1692
f 1799/1791/1694 1802/1794/1697 1798/1790/1693
f 1800/1792/1695 1803/1795/1698 1799/1791/1694
f 1802/1794/1697 1799/1791/1694 1803/1795/1698
f 1803/1795/1698 1800/1792/1695 1804/1796/1699
f 1804/1796/1699 1805/1797/1700 1803/1795/1698
f 1805/1797/1700 1802/1794/1697 1803/1795/1698
f 1805/1797/1700 1804/1796/1699 1806/1798/1701
f 1807/1799/1702 1798/1790/1693 1802/1794/1697
f 1798/1790/1693 1807/1799/1702 1801/1793/1696
f 1802/1794/1697 1805/1797/1700 1808/1800/1703
f 1806/1798/1701 1809/1801/1704 1805/1797/1700
f 1809/1801/1704 1808/1800/1703 1805/1797/1700
f 1809/1801/1704 1806/1798/1701 1810/1802/1705
f 1811/1803/1706 1809/1801/1704 1810/1802/1705
f 1809/1801/1704 1811/1803/1706 1812/1804/1707
f 1811/1803/1706 1813/1805/1708 1812/1804/1707
f 1813/1805/1708 1814/1806/1709 1812/1804/1707
f 1814/1806/1709 1809/1801/1704 1812/1804/1707
f 1814/1806/1709 1813/1805/1708 1815/1807/1710
f 1808/1800/1703 1809/1801/1704 1816/1808/1711
f 1809/1801/1704 1814/1806/1709 1816/1808/1711
f 1817/1809/1712 1802/1794/1697 1808/1800/1703
f 1816/1808/1711 1817/1809/1712 1808/1800/1703
f 1802/1794/1697 1817/1809/1712 1807/1799/1702
f 1815/1807/1710 1818/1810/1713 1814/1806/1709
f 1818/1810/1713 1816/1808/1711 1814/1806/1709
f 1818/1810/1713 1815/1807/1710 1819/1811/1714
f 1817/1809/1712 1816/1808/1711 1820/1812/1715
f 1816/1808/1711 1818/1810/1713 1820/1812/1715
f 1819/1811/1714 1821/1813/1716 1818/1810/1713
f 1821/1813/1716 1820/1812/1715 1818/1810/1713
f 1821/1813/1716 1819/1811/1714 1822/1814/1717
f 1823/1815/1718 1821/1813/1716 1822/1814/1717
f 1820/1812/1715 1824/1816/1719 1817/1809/1712
f 1824/1816/1719 1807/1799/1702 1817/1809/1712
f 1820/1812/1715 1821/1813/1716 1825/1817/1720
f 1824/1816/1719 1820/1812/1715 1825/1817/1720
f 1821/1813/1716 1823/1815/1718 1826/1818/1721
f 1826/1818/1721 1825/1817/1720 1821/1813/1716
f 1823/1815/1718 1827/1819/1722 1826/1818/1721
f 1827/1819/1722 1823/1815/1718 1828/1820/1723
f 1825/1817/1720 1826/1818/1721 1829/1821/1724
f 1825/1817/1720 1830/1822/1725 1824/1816/1719
f 1830/1822/1725 1825/1817/1720 1829/1821/1724
f 1807/1799/1702 1824/1816/1719 1831/1823/1726
f 1830/1822/1725 1831/1823/1726 1824/1816/1719
f 1831/1823/1726 1801/1793/1696 1807/1799/1702
f 1826/1818/1721 1832/1824/1727 1829/1821/1724
f 1832/1824/1727 1826/1818/1721 1827/1819/1722
f 1829/1821/1724 1833/1825/1728 1830/1822/1725
f 1833/1825/1728 1829/1821/1724 1832/1824/1727
f 1801/1793/1696 1831/1823/1726 1834/1826/1729
f 1834/1826/1729 1797/1789/1692 1801/1793/1696
f 1831/1823/1726 1830/1822/1725 1835/1827/1730
f 1835/1827/1730 1834/1826/1729 1831/1823/1726
f 1836/1828/1731 1830/1822/1725 1833/1825/1728
f 1830/1822/1725 1836/1828/1731 1835/1827/1730
f 1797/1789/1692 1834/1826/1729 1837/1829/1732
f 1837/1829/1732 1793/1785/1688 1797/1789/1692
f 1834/1826/1729 1835/1827/1730 1838/1830/1733
f 1838/1830/1733 1837/1829/1732 1834/1826/1729
f 1839/1831/1734 1835/1827/1730 1836/1828/1731
f 1835/1827/1730 1839/1831/1734 1838/1830/1733
f 1793/1785/1688 1837/1829/1732 1840/1832/1735
f 1840/1832/1735 1789/1781/1684 1793/1785/1688
f 1837/1829/1732 1838/1830/1733 1841/1833/1736
f 1841/1833/1736 1840/1832/1735 1837/1829/1732
f 1842/1834/1728 1838/1830/1733 1839/1831/1734
f 1838/1830/1733 1842/1834/1728 1841/1833/1736
f 1789/1781/1684 1840/1832/1735 1843/1835/1737
f 1843/1835/1737 1782/1774/1677 1789/1781/1684
f 1782/1774/1677 1843/1835/1737 1784/1776/1679
f 1844/1836/1738 1843/1835/1737 1840/1832/1735
f 1840/1832/1735 1841/1833/1736 1844/1836/1738
f 1845/1837/1739 1784/1776/1679 1843/1835/1737
f 1843/1835/1737 1844/1836/1738 1845/1837/1739
f 1784/1776/1679 1845/1837/1739 1776/1768/1671
f 1841/1833/1736 1846/1838/1740 1844/1836/1738
f 1846/1838/1740 1845/1837/1739 1844/1836/1738
f 1846/1838/1740 1841/1833/1736 1842/1834/1728
f 1847/1839/1741 1776/1768/1671 1845/1837/1739
f 1845/1837/1739 1846/1838/1740 1847/1839/1741
f 1776/1768/1671 1847/1839/1741 1785/1777/1680
f 1846/1838/1740 1848/1840/1742 1847/1839/1741
f 1848/1840/1742 1785/1777/1680 1847/1839/1741
f 1842/1834/1728 1849/1841/1743 1846/1838/1740
f 1848/1840/1742 1846/1838/1740 1849/1841/1743
f 1849/1841/1743 1842/1834/1728 1850/1842/1744
f 1839/1831/1734 1850/1842/1744 1842/1834/1728
f 1785/1777/1680 1848/1840/1742 1851/1843/1745
f 1852/1844/1746 1785/1777/1680 1851/1843/1745
f 1851/1843/1745 1853/1845/1747 1852/1844/1746
f 1853/1845/1747 1851/1843/1745 1854/1846/1748
f 1848/1840/1742 1854/1846/1748 1851/1843/1745
f 1854/1846/1748 1855/1847/1749 1853/1845/1747
f 1849/1841/1743 1856/1848/1750 1848/1840/1742
f 1854/1846/1748 1848/1840/1742 1856/1848/1750
f 1855/1847/1749 1854/1846/1748 1857/1849/1751
f 1856/1848/1750 1857/1849/1751 1854/1846/1748
f 1857/1849/1751 1858/1850/1752 1855/1847/1749
f 1856/1848/1750 1849/1841/1743 1859/1851/1753
f 1850/1842/1744 1859/1851/1753 1849/1841/1743
f 1857/1849/1751 1856/1848/1750 1860/1852/1754
f 1859/1851/1753 1860/1852/1754 1856/1848/1750
f 1858/1850/1752 1857/1849/1751 1861/1853/1755
f 1860/1852/1754 1861/1853/1755 1857/1849/1751
f 1861/1853/1755 1862/1854/1756 1858/1850/1752
f 1862/1854/1756 1861/1853/1755 1863/1855/1757
f 1864/1856/1758 1863/1855/1757 1861/1853/1755
f 1861/1853/1755 1860/1852/1754 1864/1856/1758
f 1863/1855/1757 1864/1856/1758 1865/1857/1759
f 1860/1852/1754 1859/1851/1753 1866/1858/1760
f 1866/1858/1760 1864/1856/1758 1860/1852/1754
f 1867/1859/1761 1865/1857/1759 1864/1856/1758
f 1864/1856/1758 1866/1858/1760 1867/1859/1761
f 1865/1857/1759 1867/1859/1761 1868/1860/1762
f 1869/1861/1763 1866/1858/1760 1859/1851/1753
f 1859/1851/1753 1850/1842/1744 1869/1861/1763
f 1870/1862/1764 1867/1859/1761 1866/1858/1760
f 1866/1858/1760 1869/1861/1763 1870/1862/1764
f 1871/1863/1765 1868/1860/1762 1867/1859/1761
f 1867/1859/1761 1870/1862/1764 1871/1863/1765
f 1868/1860/1762 1871/1863/1765 1872/1864/1766
f 1873/1865/1767 1869/1861/1763 1850/1842/1744
f 1850/1842/1744 1839/1831/1734 1873/1865/1767
f 1836/1828/1731 1873/1865/1767 1839/1831/1734
f 1869/1861/1763 1873/1865/1767 1874/1866/1768
f 1874/1866/1768 1870/1862/1764 1869/1861/1763
f 1873/1865/1767 1836/1828/1731 1875/1867/1769
f 1875/1867/1769 1874/1866/1768 1873/1865/1767
f 1833/1825/1728 1875/1867/1769 1836/1828/1731
f 1870/1862/1764 1874/1866/1768 1876/1868/1770
f 1876/1868/1770 1871/1863/1765 1870/1862/1764
f 1874/1866/1768 1875/1867/1769 1877/1869/1771
f 1877/1869/1771 1876/1868/1770 1874/1866/1768
f 1875/1867/1769 1833/1825/1728 1878/1870/1772
f 1878/1870/1772 1877/1869/1771 1875/1867/1769
f 1832/1824/1727 1878/1870/1772 1833/1825/1728
f 1877/1869/1771 1878/1870/1772 1879/1871/1773
f 1878/1870/1772 1832/1824/1727 1880/1872/1774
f 1880/1872/1774 1879/1871/1773 1878/1870/1772
f 1827/1819/1722 1880/1872/1774 1832/1824/1727
f 1871/1863/1765 1876/1868/1770 1881/1873/1775
f 1881/1873/1775 1872/1864/1766 1871/1863/1765
f 1872/1864/1766 1881/1873/1775 1882/1874/1776
f 1876/1868/1770 1877/1869/1771 1883/1875/1777
f 1883/1875/1777 1881/1873/1775 1876/1868/1770
f 1879/1871/1773 1883/1875/1777 1877/1869/1771
f 1884/1876/1778 1882/1874/1776 1881/1873/1775
f 1881/1873/1775 1883/1875/1777 1884/1876/1778
f 1882/1874/1776 1884/1876/1778 1885/1877/1779
f 1883/1875/1777 1879/1871/1773 1886/1878/1780
f 1886/1878/1780 1884/1876/1778 1883/1875/1777
f 1887/1879/1689 1885/1877/1779 1884/1876/1778
f 1884/1876/1778 1886/1878/1780 1887/1879/1689
f 1885/1877/1779 1887/1879/1689 1888/1880/1781
f 1879/1871/1773 1889/1881/1782 1886/1878/1780
f 1889/1881/1782 1887/1879/1689 1886/1878/1780
f 1890/1882/1783 1888/1880/1781 1887/1879/1689
f 1887/1879/1689 1889/1881/1782 1890/1882/1783
f 1888/1880/1781 1890/1882/1783 1891/1883/1784
f 1890/1882/1783 1892/1884/1785 1891/1883/1784
f 1892/1884/1785 1890/1882/1783 1893/1885/1786
f 1893/1885/1786 1894/1886/1787 1892/1884/1785
f 1890/1882/1783 1895/1887/1788 1893/1885/1786
f 1894/1886/1787 1893/1885/1786 1895/1887/1788
f 1895/1887/1788 1890/1882/1783 1889/1881/1782
f 1895/1887/1788 1896/1888/1789 1894/1886/1787
f 1895/1887/1788 1897/1889/1790 1896/1888/1789
f 1897/1889/1790 1895/1887/1788 1898/1890/1791
f 1889/1881/1782 1898/1890/1791 1895/1887/1788
f 1898/1890/1791 1899/1891/1792 1897/1889/1790
f 1889/1881/1782 1879/1871/1773 1900/1892/1793
f 1898/1890/1791 1889/1881/1782 1900/1892/1793
f 1879/1871/1773 1880/1872/1774 1900/1892/1793
f 1899/1891/1792 1898/1890/1791 1901/1893/1794
f 1900/1892/1793 1901/1893/1794 1898/1890/1791
f 1901/1893/1794 1900/1892/1793 1880/1872/1774
f 1901/1893/1794 1828/1820/1723 1899/1891/1792
f 1880/1872/1774 1827/1819/1722 1901/1893/1794
f 1828/1820/1723 1901/1893/1794 1827/1819/1722
f 1902/1894/1795 1903/1895/1796 1904/1896/1797
f 1905/1897/1798 1903/1895/1796 1902/1894/1795
f 1903/1895/1796 1905/1897/1798 1906/1898/1799
f 1904/1896/1797 1907/1899/1800 1902/1894/1795
f 1907/1899/1800 1904/1896/1797 1908/1900/1801
f 1902/1894/1795 1909/1901/1802 1905/1897/1798
f 1909/1901/1802 1902/1894/1795 1907/1899/1800
f 1858/1850/1752 1906/1898/1799 1905/1897/1798
f 1906/1898/1799 1858/1850/1752 1862/1854/1756
f 1855/1847/1749 1905/1897/1798 1909/1901/1802
f 1905/1897/1798 1855/1847/1749 1858/1850/1752
f 1908/1900/1801 1910/1902/1803 1907/1899/1800
f 1910/1902/1803 1908/1900/1801 1911/1903/1804
f 1907/1899/1800 1912/1904/1805 1909/1901/1802
f 1912/1904/1805 1907/1899/1800 1910/1902/1803
f 1909/1901/1802 1853/1845/1747 1855/1847/1749
f 1853/1845/1747 1909/1901/1802 1912/1904/1805
f 1911/1903/1804 1913/1905/1806 1910/1902/1803
f 1913/1905/1806 1911/1903/1804 1914/1906/1807
f 1915/1907/1808 1913/1905/1806 1914/1906/1807
f 1916/1908/1809 1910/1902/1803 1913/1905/1806
f 1910/1902/1803 1916/1908/1809 1912/1904/1805
f 1913/1905/1806 1915/1907/1808 1917/1909/1810
f 1918/1910/1811 1917/1909/1810 1915/1907/1808
f 1913/1905/1806 1919/1911/1812 1916/1908/1809
f 1919/1911/1812 1913/1905/1806 1917/1909/1810
f 1917/1909/1810 1918/1910/1811 1920/1912/1813
f 1920/1912/1813 1919/1911/1812 1917/1909/1810
f 1921/1913/1814 1920/1912/1813 1918/1910/1811
f 1852/1844/1746 1912/1904/1805 1916/1908/1809
f 1912/1904/1805 1852/1844/1746 1853/1845/1747
f 1922/1914/1815 1916/1908/1809 1919/1911/1812
f 1916/1908/1809 1922/1914/1815 1852/1844/1746
f 1919/1911/1812 1920/1912/1813 1923/1915/1816
f 1923/1915/1816 1922/1914/1815 1919/1911/1812
f 1920/1912/1813 1921/1913/1814 1924/1916/1817
f 1924/1916/1817 1923/1915/1816 1920/1912/1813
f 1925/1917/1818 1924/1916/1817 1921/1913/1814
f 1924/1916/1817 1925/1917/1818 1926/1918/1819
f 1927/1919/1820 1926/1918/1819 1925/1917/1818
f 1923/1915/1816 1924/1916/1817 1928/1920/1821
f 1926/1918/1819 1928/1920/1821 1924/1916/1817
f 1922/1914/1815 1923/1915/1816 1777/1769/1672
f 1928/1920/1821 1777/1769/1672 1923/1915/1816
f 1777/1769/1672 1785/1777/1680 1922/1914/1815
f 1785/1777/1680 1852/1844/1746 1922/1914/1815
f 1926/1918/1819 1927/1919/1820 1929/1921/1822
f 1930/1922/1823 1929/1921/1822 1927/1919/1820
f 1928/1920/1821 1926/1918/1819 1931/1923/1824
f 1929/1921/1822 1931/1923/1824 1926/1918/1819
f 1929/1921/1822 1930/1922/1823 1932/1924/1825
f 1933/1925/1826 1932/1924/1825 1930/1922/1823
f 1931/1923/1824 1929/1921/1822 1934/1926/1827
f 1932/1924/1825 1934/1926/1827 1929/1921/1822
f 1933/1925/1826 1935/1927/1828 1932/1924/1825
f 1934/1926/1827 1932/1924/1825 1935/1927/1828
f 1935/1927/1828 1933/1925/1826 1773/1765/1668
f 1931/1923/1824 1775/1767/1670 1928/1920/1821
f 1777/1769/1672 1928/1920/1821 1775/1767/1670
f 1934/1926/1827 1783/1775/1678 1931/1923/1824
f 1775/1767/1670 1931/1923/1824 1783/1775/1678
f 1935/1927/1828 1781/1773/1676 1934/1926/1827
f 1783/1775/1678 1934/1926/1827 1781/1773/1676
f 1773/1765/1668 1772/1764/1667 1935/1927/1828
f 1781/1773/1676 1935/1927/1828 1772/1764/1667
f 1936/1888/1829 1937/1889/1830 1938/1928/984
f 1939/1929/1831 1938/1928/984 1937/1889/1830
f 1937/1889/1830 1940/1891/1832 1939/1929/1831
f 1941/1930/990 1939/1929/1831 1940/1891/1832
f 1940/1891/1832 1942/1820/1833 1941/1930/990
f 1943/1931/995 1941/1930/990 1942/1820/1833
f 1942/1820/1833 1944/1815/1834 1943/1931/995
f 1945/1932/996 1943/1931/995 1944/1815/1834
f 1944/1815/1834 1946/1814/1835 1945/1932/996
f 1947/1811/1836 1945/1932/996 1946/1814/1835
f 1945/1932/996 1947/1811/1836 1948/1933/999
f 1949/1807/1837 1948/1933/999 1947/1811/1836
f 1948/1933/999 1949/1807/1837 1950/1934/1838
f 1951/1805/1839 1950/1934/1838 1949/1807/1837
f 1950/1934/1838 1951/1805/1839 1952/1935/1840
f 1953/1803/1841 1952/1935/1840 1951/1805/1839
f 1952/1935/1840 1953/1803/1841 1954/1936/1842
f 1953/1803/1841 1955/1937/1843 1954/1936/1842
f 1955/1937/1843 1953/1803/1841 1956/1802/1844
f 1956/1802/1844 1957/1938/1845 1955/1937/1843
f 1957/1938/1845 1956/1802/1844 1958/1798/1846
f 1958/1798/1846 1959/1939/1847 1957/1938/1845
f 1959/1939/1847 1958/1798/1846 1960/1796/1848
f 1961/1792/1695 1959/1939/1847 1960/1796/1848
f 1959/1939/1847 1961/1792/1695 1962/1940/1849
f 1963/1788/1850 1962/1940/1849 1961/1792/1695
f 1962/1940/1849 1963/1788/1850 1964/1941/1851
f 1963/1788/1850 1965/1942/1852 1964/1941/1851
f 1965/1942/1852 1963/1788/1850 1966/1784/1853
f 1966/1784/1853 1967/1943/1854 1965/1942/1852
f 1967/1943/1854 1966/1784/1853 1968/1780/1855
f 1968/1780/1855 1969/1944/1856 1967/1943/1854
f 1969/1944/1856 1968/1780/1855 1970/1771/1674
f 1970/1771/1674 1971/1945/1857 1969/1944/1856
f 1971/1945/1857 1970/1771/1674 1972/1766/1858
f 1973/1765/1859 1971/1945/1857 1972/1766/1858
f 1971/1945/1857 1973/1765/1859 1974/1946/1860
f 1975/1925/1861 1974/1946/1860 1973/1765/1859
f 1974/1946/1860 1975/1925/1861 1976/1947/1862
f 1977/1948/1863 1978/1947/1862 1979/1925/1864
f 1977/1948/1863 1979/1925/1864 1980/1922/1865
f 1981/1949/1866 1977/1948/1863 1980/1922/1865
f 1981/1949/1866 1980/1922/1865 1982/1919/1867
f 1982/1919/1867 1983/1950/1868 1981/1949/1866
f 1985/1951/1869 1987/1907/1870 1984/1952/1871
f 1987/1907/1870 1985/1951/1869 1988/1910/1872
f 1986/1953/1873 1988/1910/1872 1985/1951/1869
f 1989/1906/1874 1984/1952/1871 1987/1907/1870
f 1988/1910/1872 1986/1953/1873 1990/1913/1875
f 1984/1952/1871 1989/1906/1874 1991/1954/1876
f 1992/1903/1877 1991/1954/1876 1989/1906/1874
f 1983/1950/1868 1990/1913/1875 1986/1953/1873
f 1990/1913/1875 1983/1950/1868 1993/1917/1878
f 1983/1950/1868 1982/1919/1867 1993/1917/1878
f 1991/1954/1876 1992/1903/1877 1994/1955/1879
f 1995/1900/1880 1994/1955/1879 1992/1903/1877
f 1994/1955/1879 1995/1900/1880 1996/1956/1881
f 1997/1896/1882 1996/1956/1881 1995/1900/1880
f 1996/1956/1881 1997/1896/1882 1998/1957/354
f 1999/1895/1883 1998/1957/354 1997/1896/1882
f 1998/1957/354 1999/1895/1883 2000/1958/1884
f 2001/1959/1885 2000/1958/1884 1999/1895/1883
f 2001/1959/1885 1999/1895/1883 2002/1898/1886
f 2003/1960/1887 2001/1959/1885 2002/1898/1886
f 2003/1960/1887 2002/1898/1886 2004/1854/1888
f 2005/1961/1889 2003/1960/1887 2004/1854/1888
f 2005/1961/1889 2004/1854/1888 2006/1855/1890
f 2007/1962/1891 2005/1961/1889 2006/1855/1890
f 2007/1962/1891 2006/1855/1890 2008/1857/1892
f 2009/1963/367 2007/1962/1891 2008/1857/1892
f 2010/1964/372 2011/1874/1893 2012/1965/1894
f 2013/1877/1895 2012/1965/1894 2011/1874/1893
f 2012/1965/1894 2013/1877/1895 2014/1966/1896
f 2015/1880/1897 2014/1966/1896 2013/1877/1895
f 2014/1966/1896 2015/1880/1897 2016/1967/1898
f 2017/1883/1899 2016/1967/1898 2015/1880/1897
f 2016/1967/1898 2017/1883/1899 2018/1968/786
f 2019/1884/1785 2018/1968/786 2017/1883/1899
f 2018/1968/786 2019/1884/1785 2020/1969/1900
f 2021/1886/1901 2020/1969/1900 2019/1884/1785
f 2020/1969/1900 2021/1886/1901 2022/1970/1902
f 2021/1886/1901 2023/1971/1635 2022/1970/1902
f 2021/1886/1901 1936/1888/1829 2023/1971/1635
f 1938/1928/984 2023/1971/1635 1936/1888/1829
f 2027/1972/1903 2026/1973/1904 2029/1974/1905
f 2026/1973/1904 2028/1975/1906 2031/1976/1907
f 2029/1974/1905 2026/1973/1904 2031/1976/1907
f 2031/1976/1907 2028/1975/1906 2033/1977/1908
f 2028/1975/1906 2032/1978/1909 2033/1977/1908
f 2032/1978/1909 2030/1979/1910 2034/1980/1911
f 2033/1977/1908 2032/1978/1909 2034/1980/1911
f 2035/1981/1912 2034/1980/1911 2030/1979/1910
f 2034/1980/1911 2035/1981/1912 2036/1982/1913
f 2025/1983/1914 2036/1982/1913 2035/1981/1912
f 2037/1984/1915 2034/1980/1911 2036/1982/1913
f 2036/1982/1913 2025/1983/1914 2038/1985/1916
f 2038/1985/1916 2037/1984/1915 2036/1982/1913
f 2039/1986/1917 2038/1985/1916 2025/1983/1914
f 2038/1985/1916 2039/1986/1917 2040/1987/1918
f 2039/1986/1917 2024/1988/1079 2040/1987/1918
f 2040/1987/1918 2041/1989/1919 2038/1985/1916
f 2037/1984/1915 2038/1985/1916 2041/1989/1919
f 2040/1987/1918 2024/1988/1079 2042/1990/1920
f 2034/1980/1911 2037/1984/1915 2043/1991/1921
f 2043/1991/1921 2033/1977/1908 2034/1980/1911
f 2041/1989/1919 2040/1987/1918 2044/1992/1922
f 2040/1987/1918 2042/1990/1920 2044/1992/1922
f 2045/1993/1923 2046/1994/1924 2047/1995/1925
f 2048/1996/1926 2047/1995/1925 2046/1994/1924
f 2045/1993/1923 2049/1997/1927 2050/1998/1928
f 2049/1997/1927 2045/1993/1923 2047/1995/1925
f 2047/1995/1925 2048/1996/1926 2051/1999/1929
f 2052/2000/1926 2051/1999/1929 2048/1996/1926
f 2047/1995/1925 2053/2001/1930 2049/1997/1927
f 2053/2001/1930 2047/1995/1925 2051/1999/1929
f 2051/1999/1929 2052/2000/1926 2054/2002/1931
f 2054/2002/1931 2053/2001/1930 2051/1999/1929
f 2055/2003/1932 2054/2002/1931 2052/2000/1926
f 2049/1997/1927 2056/2004/1933 2050/1998/1928
f 2057/2005/1934 2050/1998/1928 2056/2004/1933
f 2053/2001/1930 2058/2006/1935 2049/1997/1927
f 2056/2004/1933 2049/1997/1927 2058/2006/1935
f 2054/2002/1931 2055/2003/1932 2059/2007/1936
f 2060/2008/1937 2059/2007/1936 2055/2003/1932
f 2053/2001/1930 2054/2002/1931 2061/2009/1938
f 2059/2007/1936 2061/2009/1938 2054/2002/1931
f 2058/2006/1935 2053/2001/1930 2062/2010/1939
f 2061/2009/1938 2062/2010/1939 2053/2001/1930
f 2059/2007/1936 2060/2008/1937 2063/2011/1936
f 2064/2012/1940 2063/2011/1936 2060/2008/1937
f 2061/2009/1938 2059/2007/1936 2065/2013/1941
f 2063/2011/1936 2065/2013/1941 2059/2007/1936
f 2062/2010/1939 2061/2009/1938 2066/2014/1942
f 2065/2013/1941 2066/2014/1942 2061/2009/1938
f 2063/2011/1936 2064/2012/1940 2067/2015/1943
f 2068/2016/1944 2067/2015/1943 2064/2012/1940
f 2065/2013/1941 2063/2011/1936 2069/2017/1927
f 2067/2015/1943 2069/2017/1927 2063/2011/1936
f 2066/2014/1942 2065/2013/1941 2070/2018/1945
f 2069/2017/1927 2070/2018/1945 2065/2013/1941
f 2067/2015/1943 2068/2016/1944 2071/2019/1946
f 2072/2020/1947 2071/2019/1946 2068/2016/1944
f 2069/2017/1927 2067/2015/1943 2073/2021/1948
f 2071/2019/1946 2073/2021/1948 2067/2015/1943
f 2070/2018/1945 2069/2017/1927 2074/2022/1949
f 2073/2021/1948 2074/2022/1949 2069/2017/1927
f 2071/2019/1946 2072/2020/1947 2075/2023/1950
f 2076/2024/1951 2075/2023/1950 2072/2020/1947
f 2073/2021/1948 2071/2019/1946 2077/2025/1952
f 2075/2023/1950 2077/2025/1952 2071/2019/1946
f 2074/2022/1949 2073/2021/1948 2078/2026/1953
f 2077/2025/1952 2078/2026/1953 2073/2021/1948
f 2075/2023/1950 2076/2024/1951 2079/2027/1950
f 2080/2028/1954 2079/2027/1950 2076/2024/1951
f 2077/2025/1952 2075/2023/1950 2081/2029/1955
f 2079/2027/1950 2081/2029/1955 2075/2023/1950
f 2078/2026/1953 2077/2025/1952 2082/2030/1956
f 2081/2029/1955 2082/2030/1956 2077/2025/1952
f 2079/2027/1950 2080/2028/1954 2083/2031/1957
f 2084/2032/1958 2083/2031/1957 2080/2028/1954
f 2081/2029/1955 2079/2027/1950 2085/2033/1959
f 2083/2031/1957 2085/2033/1959 2079/2027/1950
f 2083/2031/1957 2084/2032/1958 2086/2034/1960
f 2087/2035/1961 2086/2034/1960 2084/2032/1958
f 2085/2033/1959 2083/2031/1957 2088/2036/1962
f 2086/2034/1960 2088/2036/1962 2083/2031/1957
f 2086/2034/1960 2087/2035/1961 2089/2037/1963
f 2090/2038/1964 2089/2037/1963 2087/2035/1961
f 2088/2036/1962 2086/2034/1960 2091/2039/1965
f 2089/2037/1963 2091/2039/1965 2086/2034/1960
f 2089/2037/1963 2090/2038/1964 2092/2040/1966
f 2093/2041/1967 2092/2040/1966 2090/2038/1964
f 2091/2039/1965 2089/2037/1963 2094/2042/1968
f 2092/2040/1966 2093/2041/1967 2095/2043/1969
f 2096/2044/1970 2095/2043/1969 2093/2041/1967
f 2097/2045/1971 2089/2037/1963 2092/2040/1966
f 2089/2037/1963 2097/2045/1971 2094/2042/1968
f 2098/2046/1972 2092/2040/1966 2095/2043/1969
f 2092/2040/1966 2098/2046/1972 2097/2045/1971
f 2095/2043/1969 2096/2044/1970 2099/2047/1973
f 2100/2048/1974 2099/2047/1973 2096/2044/1970
f 2095/2043/1969 2101/2049/1975 2098/2046/1972
f 2101/2049/1975 2095/2043/1969 2099/2047/1973
f 2099/2047/1973 2100/2048/1974 2102/2050/1976
f 2103/2051/1977 2102/2050/1976 2100/2048/1974
f 2099/2047/1973 2104/2052/1978 2101/2049/1975
f 2104/2052/1978 2099/2047/1973 2102/2050/1976
f 2102/2050/1976 2103/2051/1977 2105/2053/1942
f 2105/2053/1942 2104/2052/1978 2102/2050/1976
f 2106/2054/1979 2105/2053/1942 2103/2051/1977
f 2105/2053/1942 2106/2054/1979 2107/2055/1980
f 2108/2056/1981 2107/2055/1980 2106/2054/1979
f 2104/2052/1978 2105/2053/1942 2109/2057/1982
f 2107/2055/1980 2109/2057/1982 2105/2053/1942
f 2107/2055/1980 2108/2056/1981 2110/2058/1983
f 2111/2059/1984 2110/2058/1983 2108/2056/1981
f 2109/2057/1982 2107/2055/1980 2112/2060/1985
f 2110/2058/1983 2111/2059/1984 2113/2061/1986
f 2114/2062/1987 2110/2058/1983 2113/2061/1986
f 2110/2058/1983 2114/2062/1987 2115/2063/1988
f 2115/2063/1988 2107/2055/1980 2110/2058/1983
f 2107/2055/1980 2115/2063/1988 2112/2060/1985
f 2027/1972/1903 2115/2063/1988 2114/2062/1987
f 2116/2064/1989 2119/2065/1990 2117/2066/1008
f 2119/2065/1990 2116/2064/1989 2118/2067/1843
f 2119/2065/1990 2120/2068/1991 2117/2066/1008
f 2118/2067/1843 2122/2069/1992 2119/2065/1990
f 2122/2069/1992 2118/2067/1843 2121/2070/1845
f 2123/2071/1993 2120/2068/1991 2119/2065/1990
f 2122/2069/1992 2123/2071/1993 2119/2065/1990
f 2121/2070/1845 2125/2072/1994 2122/2069/1992
f 2125/2072/1994 2121/2070/1845 2124/2073/1995
f 2125/2072/1994 2126/2074/1996 2122/2069/1992
f 2123/2071/1993 2122/2069/1992 2126/2074/1996
f 2124/2073/1995 2128/2075/1997 2125/2072/1994
f 2128/2075/1997 2124/2073/1995 2127/2076/1998
f 2126/2074/1996 2125/2072/1994 2129/2077/1999
f 2128/2075/1997 2129/2077/1999 2125/2072/1994
f 2126/2074/1996 2130/2078/2000 2123/2071/1993
f 2127/2076/1998 2131/2079/2001 2128/2075/1997
f 2129/2077/1999 2132/2080/2002 2126/2074/1996
f 2132/2080/2002 2130/2078/2000 2126/2074/1996
f 2129/2077/1999 2128/2075/1997 2133/2081/2003
f 2131/2079/2001 2133/2081/2003 2128/2075/1997
f 2134/2082/2004 2132/2080/2002 2129/2077/1999
f 2133/2081/2003 2134/2082/2004 2129/2077/1999
f 2131/2079/2001 2127/2076/1998 2135/2083/2005
f 2133/2081/2003 2131/2079/2001 2136/2084/2006
f 2135/2083/2005 2137/2085/2007 2131/2079/2001
f 2137/2085/2007 2136/2084/2006 2131/2079/2001
f 2137/2085/2007 2135/2083/2005 2138/2086/1852
f 2139/2087/2008 2134/2082/2004 2133/2081/2003
f 2136/2084/2006 2139/2087/2008 2133/2081/2003
f 2138/2086/1852 2141/2088/2009 2137/2085/2007
f 2141/2088/2009 2138/2086/1852 2140/2089/2010
f 2136/2084/2006 2137/2085/2007 2142/2090/2011
f 2142/2090/2011 2139/2087/2008 2136/2084/2006
f 2143/2091/2012 2137/2085/2007 2141/2088/2009
f 2137/2085/2007 2143/2091/2012 2142/2090/2011
f 2140/2089/2010 2145/2092/2013 2141/2088/2009
f 2145/2092/2013 2140/2089/2010 2144/2093/1856
f 2141/2088/2009 2146/2094/2014 2143/2091/2012
f 2146/2094/2014 2141/2088/2009 2145/2092/2013
f 2143/2091/2012 2147/2095/2015 2142/2090/2011
f 2139/2087/2008 2142/2090/2011 2147/2095/2015
f 2146/2094/2014 2148/2096/2016 2143/2091/2012
f 2147/2095/2015 2143/2091/2012 2148/2096/2016
f 2145/2092/2013 2149/2097/2017 2146/2094/2014
f 2150/2098/2018 2147/2095/2015 2148/2096/2016
f 2151/2099/2019 2139/2087/2008 2147/2095/2015
f 2147/2095/2015 2150/2098/2018 2151/2099/2019
f 2148/2096/2016 2146/2094/2014 2152/2100/2020
f 2149/2097/2017 2152/2100/2020 2146/2094/2014
f 2153/2101/2021 2148/2096/2016 2152/2100/2020
f 2148/2096/2016 2153/2101/2021 2150/2098/2018
f 2152/2100/2020 2149/2097/2017 2154/2102/2022
f 2149/2097/2017 2145/2092/2013 2155/2103/2023
f 2144/2093/1856 2155/2103/2023 2145/2092/2013
f 2155/2103/2023 2156/2104/2024 2149/2097/2017
f 2156/2104/2024 2154/2102/2022 2149/2097/2017
f 2155/2103/2023 2144/2093/1856 2157/2105/1857
f 2158/2106/2025 2152/2100/2020 2154/2102/2022
f 2152/2100/2020 2158/2106/2025 2153/2101/2021
f 2161/2107/2026 2159/2108/2027 2160/2109/2028
f 2162/2110/2029 2157/2105/1857 2159/2108/2027
f 2159/2108/2027 2161/2107/2026 2162/2110/2029
f 2157/2105/1857 2162/2110/2029 2155/2103/2023
f 2156/2104/2024 2155/2103/2023 2162/2110/2029
f 2163/2111/2030 2162/2110/2029 2161/2107/2026
f 2162/2110/2029 2163/2111/2030 2156/2104/2024
f 2163/2111/2030 2164/2112/2031 2156/2104/2024
f 2154/2102/2022 2156/2104/2024 2164/2112/2031
f 2164/2112/2031 2163/2111/2030 2165/2113/2032
f 2166/2114/2033 2164/2112/2031 2165/2113/2032
f 2167/2115/2034 2154/2102/2022 2164/2112/2031
f 2164/2112/2031 2166/2114/2033 2167/2115/2034
f 2154/2102/2022 2167/2115/2034 2158/2106/2025
f 2168/2116/2035 2167/2115/2034 2166/2114/2033
f 2167/2115/2034 2168/2116/2035 2169/2117/2036
f 2169/2117/2036 2158/2106/2025 2167/2115/2034
f 2170/2118/2037 2169/2117/2036 2168/2116/2035
f 2158/2106/2025 2169/2117/2036 2171/2119/2038
f 2169/2117/2036 2170/2118/2037 2172/2120/2039
f 2172/2120/2039 2171/2119/2038 2169/2117/2036
f 2171/2119/2038 2153/2101/2021 2158/2106/2025
f 2173/2121/2040 2172/2120/2039 2170/2118/2037
f 2153/2101/2021 2171/2119/2038 2174/2122/2041
f 2174/2122/2041 2150/2098/2018 2153/2101/2021
f 2171/2119/2038 2172/2120/2039 2175/2123/2042
f 2175/2123/2042 2174/2122/2041 2171/2119/2038
f 2172/2120/2039 2173/2121/2040 2176/2124/2043
f 2176/2124/2043 2175/2123/2042 2172/2120/2039
f 2177/2125/2044 2176/2124/2043 2173/2121/2040
f 2176/2124/2043 2177/2125/2044 2178/2126/2045
f 2179/2127/2044 2178/2126/2045 2177/2125/2044
f 2175/2123/2042 2176/2124/2043 2180/2128/2046
f 2178/2126/2045 2180/2128/2046 2176/2124/2043
f 2174/2122/2041 2175/2123/2042 2181/2129/2047
f 2180/2128/2046 2181/2129/2047 2175/2123/2042
f 2181/2129/2047 2182/2130/2048 2174/2122/2041
f 2150/2098/2018 2174/2122/2041 2182/2130/2048
f 2178/2126/2045 2179/2127/2044 2183/2131/2049
f 2184/2132/2050 2183/2131/2049 2179/2127/2044
f 2180/2128/2046 2178/2126/2045 2185/2133/2051
f 2183/2131/2049 2185/2133/2051 2178/2126/2045
f 2181/2129/2047 2180/2128/2046 2186/2134/2052
f 2185/2133/2051 2186/2134/2052 2180/2128/2046
f 2186/2134/2052 2187/2135/2053 2181/2129/2047
f 2182/2130/2048 2181/2129/2047 2187/2135/2053
f 2183/2131/2049 2184/2132/2050 2188/2136/2049
f 2189/2137/2050 2188/2136/2049 2184/2132/2050
f 2185/2133/2051 2183/2131/2049 2190/2138/2051
f 2188/2136/2049 2190/2138/2051 2183/2131/2049
f 2186/2134/2052 2185/2133/2051 2191/2139/2054
f 2190/2138/2051 2191/2139/2054 2185/2133/2051
f 2191/2139/2054 2192/2140/2055 2186/2134/2052
f 2187/2135/2053 2186/2134/2052 2192/2140/2055
f 2188/2136/2049 2189/2137/2050 2193/2141/2049
f 2194/2142/2056 2193/2141/2049 2189/2137/2050
f 2193/2141/2049 2194/2142/2056 2195/2143/2057
f 2193/2141/2049 2196/2144/2058 2188/2136/2049
f 2190/2138/2051 2188/2136/2049 2196/2144/2058
f 2195/2143/2057 2197/2145/2059 2193/2141/2049
f 2196/2144/2058 2193/2141/2049 2197/2145/2059
f 2197/2145/2059 2195/2143/2057 2198/2146/2060
f 2196/2144/2058 2199/2147/2061 2190/2138/2051
f 2191/2139/2054 2190/2138/2051 2199/2147/2061
f 2197/2145/2059 2200/2148/2062 2196/2144/2058
f 2199/2147/2061 2196/2144/2058 2200/2148/2062
f 2198/2146/2060 2201/2149/2063 2197/2145/2059
f 2200/2148/2062 2197/2145/2059 2201/2149/2063
f 2201/2149/2063 2198/2146/2060 2202/2150/2064
f 2203/2151/2065 2202/2150/2064 2198/2146/2060
f 2199/2147/2061 2204/2152/2066 2191/2139/2054
f 2192/2140/2055 2191/2139/2054 2204/2152/2066
f 2200/2148/2062 2205/2153/2067 2199/2147/2061
f 2204/2152/2066 2199/2147/2061 2205/2153/2067
f 2204/2152/2066 2206/2154/2068 2192/2140/2055
f 2206/2154/2068 2187/2135/2053 2192/2140/2055
f 2205/2153/2067 2207/2155/2069 2204/2152/2066
f 2206/2154/2068 2204/2152/2066 2207/2155/2069
f 2205/2153/2067 2200/2148/2062 2208/2156/2063
f 2201/2149/2063 2208/2156/2063 2200/2148/2062
f 2207/2155/2069 2205/2153/2067 2209/2157/2070
f 2208/2156/2063 2209/2157/2070 2205/2153/2067
f 2210/2158/2071 2206/2154/2068 2207/2155/2069
f 2209/2157/2070 2210/2158/2071 2207/2155/2069
f 2187/2135/2053 2206/2154/2068 2211/2159/2072
f 2211/2159/2072 2182/2130/2048 2187/2135/2053
f 2208/2156/2063 2201/2149/2063 2212/2160/2073
f 2213/2161/2074 2211/2159/2072 2206/2154/2068
f 2206/2154/2068 2210/2158/2071 2213/2161/2074
f 2202/2150/2064 2212/2160/2073 2201/2149/2063
f 2182/2130/2048 2211/2159/2072 2214/2162/2075
f 2214/2162/2075 2150/2098/2018 2182/2130/2048
f 2150/2098/2018 2214/2162/2075 2151/2099/2019
f 2215/2163/2076 2214/2162/2075 2211/2159/2072
f 2211/2159/2072 2213/2161/2074 2215/2163/2076
f 2216/2164/2077 2151/2099/2019 2214/2162/2075
f 2214/2162/2075 2215/2163/2076 2216/2164/2077
f 2151/2099/2019 2216/2164/2077 2217/2165/2078
f 2139/2087/2008 2151/2099/2019 2217/2165/2078
f 2218/2166/2079 2139/2087/2008 2217/2165/2078
f 2139/2087/2008 2218/2166/2079 2134/2082/2004
f 2219/2167/2080 2217/2165/2078 2216/2164/2077
f 2217/2165/2078 2219/2167/2080 2218/2166/2079
f 2220/2168/2081 2216/2164/2077 2215/2163/2076
f 2216/2164/2077 2220/2168/2081 2219/2167/2080
f 2215/2163/2076 2221/2169/2082 2220/2168/2081
f 2221/2169/2082 2215/2163/2076 2213/2161/2074
f 2222/2170/2083 2134/2082/2004 2218/2166/2079
f 2134/2082/2004 2222/2170/2083 2132/2080/2002
f 2223/2171/2084 2218/2166/2079 2219/2167/2080
f 2218/2166/2079 2223/2171/2084 2222/2170/2083
f 2224/2172/2085 2219/2167/2080 2220/2168/2081
f 2219/2167/2080 2224/2172/2085 2223/2171/2084
f 2225/2173/2086 2220/2168/2081 2221/2169/2082
f 2220/2168/2081 2225/2173/2086 2224/2172/2085
f 2226/2174/2087 2132/2080/2002 2222/2170/2083
f 2132/2080/2002 2226/2174/2087 2130/2078/2000
f 2227/2175/2088 2222/2170/2083 2223/2171/2084
f 2222/2170/2083 2227/2175/2088 2226/2174/2087
f 2228/2176/2089 2223/2171/2084 2224/2172/2085
f 2223/2171/2084 2228/2176/2089 2227/2175/2088
f 2229/2177/2090 2224/2172/2085 2225/2173/2086
f 2224/2172/2085 2229/2177/2090 2228/2176/2089
f 2225/2173/2086 2230/2178/2091 2229/2177/2090
f 2231/2179/2092 2228/2176/2089 2229/2177/2090
f 2230/2178/2091 2231/2179/2092 2229/2177/2090
f 2231/2179/2092 2230/2178/2091 2232/2180/2093
f 2232/2180/2093 2233/2181/1187 2231/2179/2092
f 2230/2178/2091 2225/2173/2086 2234/2182/2094
f 2221/2169/2082 2234/2182/2094 2225/2173/2086
f 2234/2182/2094 2235/2183/2095 2230/2178/2091
f 2228/2176/2089 2231/2179/2092 2236/2184/2092
f 2231/2179/2092 2233/2181/1187 2236/2184/2092
f 2236/2184/2092 2227/2175/2088 2228/2176/2089
f 2234/2182/2094 2221/2169/2082 2237/2185/2096
f 2213/2161/2074 2237/2185/2096 2221/2169/2082
f 2237/2185/2096 2213/2161/2074 2210/2158/2071
f 2235/2183/2095 2234/2182/2094 2238/2186/2097
f 2237/2185/2096 2238/2186/2097 2234/2182/2094
f 2239/2187/2098 2235/2183/2095 2238/2186/2097
f 2210/2158/2071 2240/2188/2099 2237/2185/2096
f 2238/2186/2097 2237/2185/2096 2240/2188/2099
f 2238/2186/2097 2241/2189/2100 2239/2187/2098
f 2241/2189/2100 2238/2186/2097 2240/2188/2099
f 2242/2190/2101 2239/2187/2098 2241/2189/2100
f 2240/2188/2099 2210/2158/2071 2243/2191/2102
f 2210/2158/2071 2209/2157/2070 2243/2191/2102
f 2240/2188/2099 2244/2192/2103 2241/2189/2100
f 2244/2192/2103 2240/2188/2099 2243/2191/2102
f 2241/2189/2100 2245/2193/2104 2242/2190/2101
f 2245/2193/2104 2241/2189/2100 2244/2192/2103
f 2246/2194/2105 2242/2190/2101 2245/2193/2104
f 2247/2195/2106 2243/2191/2102 2209/2157/2070
f 2243/2191/2102 2247/2195/2106 2244/2192/2103
f 2209/2157/2070 2208/2156/2063 2247/2195/2106
f 2212/2160/2073 2247/2195/2106 2208/2156/2063
f 2245/2193/2104 2248/2196/2107 2246/2194/2105
f 2249/2197/2108 2244/2192/2103 2247/2195/2106
f 2244/2192/2103 2249/2197/2108 2245/2193/2104
f 2247/2195/2106 2212/2160/2073 2249/2197/2108
f 2248/2196/2107 2245/2193/2104 2249/2197/2108
f 2250/2198/2109 2249/2197/2108 2212/2160/2073
f 2249/2197/2108 2250/2198/2109 2248/2196/2107
f 2212/2160/2073 2202/2150/2064 2250/2198/2109
f 2250/2198/2109 2251/2199/2110 2248/2196/2107
f 2252/2200/2111 2248/2196/2107 2251/2199/2110
f 2253/2201/2112 2252/2200/2111 2251/2199/2110
f 2251/2199/2110 2250/2198/2109 2254/2202/2113
f 2254/2202/2113 2253/2201/2112 2251/2199/2110
f 2255/2203/2114 2250/2198/2109 2202/2150/2064
f 2250/2198/2109 2255/2203/2114 2254/2202/2113
f 2202/2150/2064 2203/2151/2065 2255/2203/2114
f 2253/2201/2112 2254/2202/2113 2256/2204/2113
f 2255/2203/2114 2256/2204/2113 2254/2202/2113
f 2203/2151/2065 2257/2205/2115 2255/2203/2114
f 2256/2204/2113 2255/2203/2114 2257/2205/2115
f 2257/2205/2115 2203/2151/2065 2258/2206/2116
f 2258/2206/2116 2259/2207/2117 2257/2205/2115
f 2257/2205/2115 2260/2208/2118 2256/2204/2113
f 2260/2208/2118 2257/2205/2115 2259/2207/2117
f 2256/2204/2113 2261/2209/2119 2253/2201/2112
f 2261/2209/2119 2256/2204/2113 2260/2208/2118
f 2262/2210/2120 2253/2201/2112 2261/2209/2119
f 2259/2207/2117 2263/2211/2121 2260/2208/2118
f 2263/2211/2121 2261/2209/2119 2260/2208/2118
f 2264/2212/2122 2262/2210/2120 2261/2209/2119
f 2261/2209/2119 2263/2211/2121 2264/2212/2122
f 2262/2210/2120 2264/2212/2122 2265/2213/2123
f 2266/2214/2124 2265/2213/2123 2264/2212/2122
f 2264/2212/2122 2267/2215/2125 2266/2214/2124
f 2267/2215/2125 2264/2212/2122 2263/2211/2121
f 2263/2211/2121 2259/2207/2117 2268/2216/2126
f 2268/2216/2126 2267/2215/2125 2263/2211/2121
f 2259/2207/2117 2269/2217/2127 2268/2216/2126
f 2267/2215/2125 2268/2216/2126 2270/2218/2019
f 2269/2217/2127 2270/2218/2019 2268/2216/2126
f 2271/2219/2128 2267/2215/2125 2270/2218/2019
f 2270/2218/2019 2269/2217/2127 2272/2220/2129
f 2272/2220/2129 2271/2219/2128 2270/2218/2019
f 2277/2221/2130 2276/2222/2131 2274/2223/2132
f 2277/2221/2130 2274/2223/2132 2275/2224/2133
f 2281/2225/2134 2277/2221/2130 2275/2224/2133
f 2282/2226/2135 2279/2227/2136 2277/2221/2130
f 2277/2221/2130 2281/2225/2134 2282/2226/2135
f 2284/2228/2137 2275/2224/2133 2280/2229/2138
f 2275/2224/2133 2284/2228/2137 2281/2225/2134
f 2285/2230/2139 2280/2229/2138 2283/2231/2140
f 2284/2228/2137 2280/2229/2138 2285/2230/2139
f 2283/2231/2140 2273/2232/2141 2286/2233/2142
f 2286/2233/2142 2285/2230/2139 2283/2231/2140
f 2286/2233/2142 2273/2232/2141 2287/2234/2143
f 2285/2230/2139 2286/2233/2142 2288/2235/2144
f 2287/2234/2143 2288/2235/2144 2286/2233/2142
f 2289/2236/2013 2284/2228/2137 2285/2230/2139
f 2288/2235/2144 2289/2236/2013 2285/2230/2139
f 2284/2228/2137 2289/2236/2013 2290/2237/2145
f 2290/2237/2145 2281/2225/2134 2284/2228/2137
f 2291/2238/1863 2293/2107/2026 2292/2109/2146
f 2294/2239/2147 2295/2240/2148 2296/2241/2149
f 2296/2241/2149 2297/2242/2150 2294/2239/2147
f 2298/2243/2151 2295/2240/2148 2299/2244/2152
f 2300/2245/2153 2301/2246/2154 2298/2243/2151
f 2299/2244/2152 2300/2245/2153 2298/2243/2151
f 2295/2240/2148 2294/2239/2147 2302/2247/2155
f 2302/2247/2155 2299/2244/2152 2295/2240/2148
f 2297/2242/2150 2303/2248/2156 2294/2239/2147
f 2303/2248/2156 2302/2247/2155 2294/2239/2147
f 2303/2248/2156 2297/2242/2150 2304/2249/2157
f 2299/2244/2152 2302/2247/2155 2305/2250/2158
f 2302/2247/2155 2303/2248/2156 2306/2251/2159
f 2306/2251/2159 2305/2250/2158 2302/2247/2155
f 2307/2252/2160 2306/2251/2159 2303/2248/2156
f 2304/2249/2157 2307/2252/2160 2303/2248/2156
f 2305/2250/2158 2306/2251/2159 2308/2253/2161
f 2309/2254/2162 2304/2249/2157 2297/2242/2150
f 2297/2242/2150 2310/2255/2163 2309/2254/2162
f 2305/2250/2158 2311/2256/2164 2299/2244/2152
f 2300/2245/2153 2299/2244/2152 2311/2256/2164
f 2311/2256/2164 2305/2250/2158 2312/2257/2165
f 2308/2253/2161 2312/2257/2165 2305/2250/2158
f 2313/2258/2166 2309/2254/2162 2310/2255/2163
f 2314/2259/2167 2308/2253/2161 2306/2251/2159
f 2306/2251/2159 2307/2252/2160 2314/2259/2167
f 2310/2255/2163 2315/2260/2168 2313/2258/2166
f 2312/2257/2165 2308/2253/2161 2316/2261/2169
f 2308/2253/2161 2314/2259/2167 2317/2262/2170
f 2317/2262/2170 2316/2261/2169 2308/2253/2161
f 2307/2252/2160 2318/2263/2171 2314/2259/2167
f 2318/2263/2171 2317/2262/2170 2314/2259/2167
f 2319/2264/2172 2312/2257/2165 2316/2261/2169
f 2316/2261/2169 2317/2262/2170 2320/2265/2173
f 2320/2265/2173 2319/2264/2172 2316/2261/2169
f 2321/2266/2174 2320/2265/2173 2317/2262/2170
f 2317/2262/2170 2318/2263/2171 2321/2266/2174
f 2320/2265/2173 2321/2266/2174 2322/2267/2175
f 2318/2263/2171 2307/2252/2160 2323/2268/2176
f 2324/2269/2177 2323/2268/2176 2307/2252/2160
f 2307/2252/2160 2304/2249/2157 2324/2269/2177
f 2325/2270/2178 2318/2263/2171 2323/2268/2176
f 2326/2271/2179 2324/2269/2177 2304/2249/2157
f 2304/2249/2157 2309/2254/2162 2326/2271/2179
f 2323/2268/2176 2324/2269/2177 2327/2272/2180
f 2327/2272/2180 2325/2270/2178 2323/2268/2176
f 2328/2273/2181 2327/2272/2180 2324/2269/2177
f 2324/2269/2177 2326/2271/2179 2328/2273/2181
f 2329/2274/2182 2326/2271/2179 2309/2254/2162
f 2309/2254/2162 2313/2258/2166 2329/2274/2182
f 2326/2271/2179 2330/2275/2183 2328/2273/2181
f 2327/2272/2180 2328/2273/2181 2331/2276/2184
f 2330/2275/2183 2331/2276/2184 2328/2273/2181
f 2331/2276/2184 2332/2277/2185 2327/2272/2180
f 2325/2270/2178 2327/2272/2180 2332/2277/2185
f 2326/2271/2179 2329/2274/2182 2333/2278/2186
f 2330/2275/2183 2326/2271/2179 2333/2278/2186
f 2329/2274/2182 2334/2279/2187 2333/2278/2186
f 2333/2278/2186 2335/2280/2188 2330/2275/2183
f 2333/2278/2186 2334/2279/2187 2335/2280/2188
f 2329/2274/2182 2336/2281/2189 2334/2279/2187
f 2313/2258/2166 2336/2281/2189 2329/2274/2182
f 2313/2258/2166 2337/2282/2190 2336/2281/2189
f 2337/2282/2190 2313/2258/2166 2315/2260/2168
f 2315/2260/2168 2338/2283/2191 2337/2282/2190
f 2339/2284/2192 2338/2283/2191 2315/2260/2168
f 2315/2260/2168 2340/2285/2193 2339/2284/2192
f 2341/2286/2194 2339/2284/2192 2340/2285/2193
f 2339/2284/2192 2342/2287/2195 2338/2283/2191
f 2339/2284/2192 2341/2286/2194 2343/2288/1922
f 2343/2288/1922 2342/2287/2195 2339/2284/2192
f 2341/2286/2194 2344/2289/2196 2343/2288/1922
f 2344/2289/2196 2341/2286/2194 2345/2290/2197
f 2345/2290/2197 2044/1992/1922 2344/2289/2196
f 2344/2289/2196 2346/2291/2198 2343/2288/1922
f 2343/2288/1922 2346/2291/2198 2342/2287/2195
f 2044/1992/1922 2347/2292/2199 2344/2289/2196
f 2344/2289/2196 2347/2292/2199 2346/2291/2198
f 2044/1992/1922 2042/1990/1920 2347/2292/2199
f 2330/2275/2183 2335/2280/2188 2348/2293/2200
f 2330/2275/2183 2348/2293/2200 2349/2294/2201
f 2331/2276/2184 2330/2275/2183 2349/2294/2201
f 2349/2294/2201 2348/2293/2200 2350/2295/2202
f 2349/2294/2201 2351/2296/2203 2331/2276/2184
f 2332/2277/2185 2331/2276/2184 2351/2296/2203
f 2349/2294/2201 2350/2295/2202 2352/2297/2204
f 2351/2296/2203 2349/2294/2201 2352/2297/2204
f 2351/2296/2203 2353/2298/2205 2332/2277/2185
f 2352/2297/2204 2354/2299/2206 2351/2296/2203
f 2353/2298/2205 2351/2296/2203 2354/2299/2206
f 2353/2298/2205 2325/2270/2178 2332/2277/2185
f 2354/2299/2206 2352/2297/2204 2355/2300/2207
f 2356/2301/2208 2353/2298/2205 2354/2299/2206
f 2355/2300/2207 2356/2301/2208 2354/2299/2206
f 2352/2297/2204 2357/2302/2209 2355/2300/2207
f 2352/2297/2204 2350/2295/2202 2357/2302/2209
f 2356/2301/2208 2355/2300/2207 2358/2303/2210
f 2355/2300/2207 2357/2302/2209 2359/2304/2211
f 2355/2300/2207 2359/2304/2211 2358/2303/2210
f 2358/2303/2210 2359/2304/2211 2360/2305/2212
f 2360/2305/2212 2362/2306/2213 2358/2303/2210
f 2362/2306/2213 2360/2305/2212 2361/2307/2214
f 2363/2308/2215 2358/2303/2210 2362/2306/2213
f 2358/2303/2210 2363/2308/2215 2356/2301/2208
f 2363/2308/2215 2364/2309/2216 2356/2301/2208
f 2353/2298/2205 2356/2301/2208 2364/2309/2216
f 2364/2309/2216 2363/2308/2215 2365/2310/2217
f 2364/2309/2216 2366/2311/2218 2353/2298/2205
f 2325/2270/2178 2353/2298/2205 2366/2311/2218
f 2362/2306/2213 2367/2312/2219 2363/2308/2215
f 2367/2312/2219 2365/2310/2217 2363/2308/2215
f 2367/2312/2219 2362/2306/2213 2368/2313/2220
f 2361/2307/2214 2368/2313/2220 2362/2306/2213
f 2366/2311/2218 2364/2309/2216 2369/2314/2221
f 2365/2310/2217 2369/2314/2221 2364/2309/2216
f 2370/2315/2222 2325/2270/2178 2366/2311/2218
f 2371/2316/2223 2366/2311/2218 2369/2314/2221
f 2366/2311/2218 2371/2316/2223 2370/2315/2222
f 2325/2270/2178 2370/2315/2222 2372/2317/2224
f 2318/2263/2171 2325/2270/2178 2372/2317/2224
f 2372/2317/2224 2321/2266/2174 2318/2263/2171
f 2321/2266/2174 2372/2317/2224 2373/2318/2225
f 2370/2315/2222 2373/2318/2225 2372/2317/2224
f 2373/2318/2225 2322/2267/2175 2321/2266/2174
f 2371/2316/2223 2374/2319/2226 2370/2315/2222
f 2373/2318/2225 2370/2315/2222 2374/2319/2226
f 2322/2267/2175 2373/2318/2225 2375/2320/2227
f 2374/2319/2226 2375/2320/2227 2373/2318/2225
f 2375/2320/2227 2376/2321/2228 2322/2267/2175
f 2374/2319/2226 2371/2316/2223 2377/2322/2229
f 2375/2320/2227 2374/2319/2226 2378/2323/2230
f 2377/2322/2229 2378/2323/2230 2374/2319/2226
f 2378/2323/2230 2379/2324/2231 2375/2320/2227
f 2376/2321/2228 2375/2320/2227 2379/2324/2231
f 2379/2324/2231 2378/2323/2230 2082/2030/1956
f 2081/2029/1955 2376/2321/2228 2379/2324/2231
f 2082/2030/1956 2081/2029/1955 2379/2324/2231
f 2376/2321/2228 2081/2029/1955 2085/2033/1959
f 2380/2325/2232 2082/2030/1956 2378/2323/2230
f 2378/2323/2230 2377/2322/2229 2380/2325/2232
f 2082/2030/1956 2380/2325/2232 2078/2026/1953
f 2085/2033/1959 2381/2326/2233 2376/2321/2228
f 2381/2326/2233 2322/2267/2175 2376/2321/2228
f 2322/2267/2175 2381/2326/2233 2320/2265/2173
f 2381/2326/2233 2085/2033/1959 2088/2036/1962
f 2319/2264/2172 2320/2265/2173 2381/2326/2233
f 2088/2036/1962 2319/2264/2172 2381/2326/2233
f 2319/2264/2172 2088/2036/1962 2091/2039/1965
f 2091/2039/1965 2382/2327/2234 2319/2264/2172
f 2312/2257/2165 2319/2264/2172 2382/2327/2234
f 2382/2327/2234 2091/2039/1965 2094/2042/1968
f 2382/2327/2234 2311/2256/2164 2312/2257/2165
f 2094/2042/1968 2383/2328/2235 2382/2327/2234
f 2311/2256/2164 2382/2327/2234 2383/2328/2235
f 2383/2328/2235 2094/2042/1968 2097/2045/1971
f 2383/2328/2235 2300/2245/2153 2311/2256/2164
f 2097/2045/1971 2384/2329/2236 2383/2328/2235
f 2300/2245/2153 2383/2328/2235 2384/2329/2236
f 2384/2329/2236 2097/2045/1971 2098/2046/1972
f 2384/2329/2236 2385/2330/2237 2300/2245/2153
f 2301/2246/2154 2300/2245/2153 2385/2330/2237
f 2385/2330/2237 2386/2331/2238 2301/2246/2154
f 2098/2046/1972 2387/2332/2239 2384/2329/2236
f 2385/2330/2237 2384/2329/2236 2387/2332/2239
f 2387/2332/2239 2098/2046/1972 2101/2049/1975
f 2386/2331/2238 2385/2330/2237 2388/2333/2240
f 2387/2332/2239 2388/2333/2240 2385/2330/2237
f 2388/2333/2240 2389/2334/2241 2386/2331/2238
f 2101/2049/1975 2390/2335/2242 2387/2332/2239
f 2388/2333/2240 2387/2332/2239 2390/2335/2242
f 2390/2335/2242 2101/2049/1975 2104/2052/1978
f 2389/2334/2241 2388/2333/2240 2391/2336/2243
f 2390/2335/2242 2391/2336/2243 2388/2333/2240
f 2391/2336/2243 2392/2337/2244 2389/2334/2241
f 2104/2052/1978 2393/2338/2176 2390/2335/2242
f 2391/2336/2243 2390/2335/2242 2393/2338/2176
f 2393/2338/2176 2104/2052/1978 2109/2057/1982
f 2392/2337/2244 2391/2336/2243 2394/2339/2245
f 2393/2338/2176 2394/2339/2245 2391/2336/2243
f 2029/1974/1905 2392/2337/2244 2394/2339/2245
f 2109/2057/1982 2395/2340/2246 2393/2338/2176
f 2394/2339/2245 2393/2338/2176 2395/2340/2246
f 2395/2340/2246 2109/2057/1982 2112/2060/1985
f 2394/2339/2245 2396/2341/2247 2029/1974/1905
f 2396/2341/2247 2394/2339/2245 2395/2340/2246
f 2112/2060/1985 2396/2341/2247 2395/2340/2246
f 2396/2341/2247 2027/1972/1903 2029/1974/1905
f 2396/2341/2247 2112/2060/1985 2115/2063/1988
f 2115/2063/1988 2027/1972/1903 2396/2341/2247
f 2397/2342/2248 2399/2343/2249 2398/2344/2248
f 2399/2343/2249 2397/2342/2248 2400/2345/2250
f 2401/2346/2251 2400/2345/2250 2397/2342/2248
f 2400/2345/2250 2401/2346/2251 2402/2347/2252
f 2403/2348/2253 2402/2347/2252 2401/2346/2251
f 2402/2347/2252 2403/2348/2253 2404/2349/2254
f 2405/2350/2255 2404/2349/2254 2403/2348/2253
f 2404/2349/2254 2405/2350/2255 2406/2351/2256
f 2407/2352/2257 2406/2351/2256 2405/2350/2255
f 2408/2353/2258 2198/2146/2060 2195/2143/2057
f 2195/2143/2057 2409/2354/2259 2408/2353/2258
f 2410/2355/2260 2408/2353/2258 2409/2354/2259
f 2409/2354/2259 2195/2143/2057 2194/2142/2056
f 2408/2353/2258 2410/2355/2260 2411/2356/2261
f 2412/2357/2262 2411/2356/2261 2410/2355/2260
f 2411/2356/2261 2203/2151/2065 2408/2353/2258
f 2198/2146/2060 2408/2353/2258 2203/2151/2065
f 2411/2356/2261 2412/2357/2262 2413/2358/2263
f 2414/2343/2249 2413/2358/2263 2412/2357/2262
f 2413/2358/2263 2258/2206/2116 2411/2356/2261
f 2203/2151/2065 2411/2356/2261 2258/2206/2116
f 2413/2358/2263 2414/2343/2249 2415/2359/2264
f 2416/2345/2250 2415/2359/2264 2414/2343/2249
f 2258/2206/2116 2413/2358/2263 2417/2360/2265
f 2415/2359/2264 2417/2360/2265 2413/2358/2263
f 2415/2359/2264 2416/2345/2250 2418/2361/2266
f 2419/2347/2267 2418/2361/2266 2416/2345/2250
f 2417/2360/2265 2415/2359/2264 2269/2217/2127
f 2418/2361/2266 2269/2217/2127 2415/2359/2264
f 2259/2207/2117 2258/2206/2116 2417/2360/2265
f 2269/2217/2127 2259/2207/2117 2417/2360/2265
f 2418/2361/2266 2419/2347/2267 2420/2362/2268
f 2421/2349/2269 2420/2362/2268 2419/2347/2267
f 2269/2217/2127 2418/2361/2266 2272/2220/2129
f 2420/2362/2268 2272/2220/2129 2418/2361/2266
f 2420/2362/2268 2421/2349/2269 2422/2363/2270
f 2423/2351/2271 2422/2363/2270 2421/2349/2269
f 2272/2220/2129 2420/2362/2268 2424/2364/2272
f 2422/2363/2270 2424/2364/2272 2420/2362/2268
f 2422/2363/2270 2423/2351/2271 2425/2365/2273
f 2426/2366/2274 2425/2365/2273 2423/2351/2271
f 2424/2364/2272 2422/2363/2270 2427/2367/2275
f 2425/2365/2273 2427/2367/2275 2422/2363/2270
f 2271/2219/2128 2272/2220/2129 2424/2364/2272
f 2427/2367/2275 2271/2219/2128 2424/2364/2272
f 2425/2365/2273 2426/2366/2274 2428/2368/2276
f 2429/2369/2277 2428/2368/2276 2426/2366/2274
f 2427/2367/2275 2425/2365/2273 2430/2370/2278
f 2428/2368/2276 2430/2370/2278 2425/2365/2273
f 2428/2368/2276 2429/2369/2277 2431/298/2279
f 2432/2371/2280 2431/298/2279 2429/2369/2277
f 2430/2370/2278 2428/2368/2276 2433/2372/2281
f 2431/298/2279 2433/2372/2281 2428/2368/2276
f 2430/2370/2278 2434/2373/2282 2427/2367/2275
f 2271/2219/2128 2427/2367/2275 2434/2373/2282
f 2433/2372/2281 2435/2374/2283 2430/2370/2278
f 2434/2373/2282 2430/2370/2278 2435/2374/2283
f 2431/298/2279 2432/2371/2280 2436/2375/2284
f 2437/2376/2285 2436/2375/2284 2432/2371/2280
f 2433/2372/2281 2431/298/2279 2438/2377/2286
f 2436/2375/2284 2438/2377/2286 2431/298/2279
f 2435/2374/2283 2433/2372/2281 2439/2378/2287
f 2438/2377/2286 2439/2378/2287 2433/2372/2281
f 2436/2375/2284 2437/2376/2285 2440/2379/2288
f 2441/2380/2289 2440/2379/2288 2437/2376/2285
f 2438/2377/2286 2436/2375/2284 2442/2381/2290
f 2440/2379/2288 2442/2381/2290 2436/2375/2284
f 2440/2379/2288 2441/2380/2289 2443/2382/2291
f 2444/2383/2292 2443/2382/2291 2441/2380/2289
f 2442/2381/2290 2440/2379/2288 2445/2384/2293
f 2443/2382/2291 2445/2384/2293 2440/2379/2288
f 2442/2381/2290 2446/2385/2287 2438/2377/2286
f 2439/2378/2287 2438/2377/2286 2446/2385/2287
f 2445/2384/2293 2447/2386/2294 2442/2381/2290
f 2446/2385/2287 2442/2381/2290 2447/2386/2294
f 2443/2382/2291 2444/2383/2292 2448/2387/2295
f 2449/2388/2296 2448/2387/2295 2444/2383/2292
f 2445/2384/2293 2443/2382/2291 2450/2389/2297
f 2448/2387/2295 2450/2389/2297 2443/2382/2291
f 2447/2386/2294 2445/2384/2293 2451/2390/2298
f 2450/2389/2297 2451/2390/2298 2445/2384/2293
f 2448/2387/2295 2449/2388/2296 2452/2391/2299
f 2453/2392/2300 2452/2391/2299 2449/2388/2296
f 2450/2389/2297 2448/2387/2295 2454/2393/2301
f 2452/2391/2299 2454/2393/2301 2448/2387/2295
f 2451/2390/2298 2450/2389/2297 2455/2394/2302
f 2454/2393/2301 2455/2394/2302 2450/2389/2297
f 2456/2395/2303 2070/2018/1945 2457/2396/2304
f 2074/2022/1949 2457/2396/2304 2070/2018/1945
f 2458/2397/1956 2456/2395/2303 2459/2398/2305
f 2457/2396/2304 2459/2398/2305 2456/2395/2303
f 2460/2399/2306 2458/2397/1956 2461/2400/2307
f 2459/2398/2305 2461/2400/2307 2458/2397/1956
f 2457/2396/2304 2074/2022/1949 2462/2401/2308
f 2078/2026/1953 2462/2401/2308 2074/2022/1949
f 2462/2401/2308 2078/2026/1953 2380/2325/2232
f 2462/2401/2308 2463/2402/2309 2457/2396/2304
f 2459/2398/2305 2457/2396/2304 2463/2402/2309
f 2380/2325/2232 2464/2403/2310 2462/2401/2308
f 2463/2402/2309 2462/2401/2308 2464/2403/2310
f 2464/2403/2310 2380/2325/2232 2377/2322/2229
f 2463/2402/2309 2465/2404/1919 2459/2398/2305
f 2461/2400/2307 2459/2398/2305 2465/2404/1919
f 2464/2403/2310 2466/2405/1919 2463/2402/2309
f 2465/2404/1919 2463/2402/2309 2466/2405/1919
f 2377/2322/2229 2467/2406/2243 2464/2403/2310
f 2466/2405/1919 2464/2403/2310 2467/2406/2243
f 2467/2406/2243 2377/2322/2229 2371/2316/2223
f 2369/2314/2221 2467/2406/2243 2371/2316/2223
f 2467/2406/2243 2369/2314/2221 2468/2407/2311
f 2468/2407/2311 2466/2405/1919 2467/2406/2243
f 2369/2314/2221 2365/2310/2217 2468/2407/2311
f 2466/2405/1919 2468/2407/2311 2469/2408/2312
f 2469/2408/2312 2465/2404/1919 2466/2405/1919
f 2365/2310/2217 2469/2408/2312 2468/2407/2311
f 2465/2404/1919 2469/2408/2312 2470/2409/2313
f 2470/2409/2313 2461/2400/2307 2465/2404/1919
f 2469/2408/2312 2365/2310/2217 2471/2410/2314
f 2471/2410/2314 2470/2409/2313 2469/2408/2312
f 2365/2310/2217 2367/2312/2219 2471/2410/2314
f 2461/2400/2307 2470/2409/2313 2472/2411/2315
f 2472/2411/2315 2460/2399/2306 2461/2400/2307
f 2470/2409/2313 2471/2410/2314 2473/2412/2316
f 2473/2412/2316 2472/2411/2315 2470/2409/2313
f 2474/2413/2317 2471/2410/2314 2367/2312/2219
f 2471/2410/2314 2474/2413/2317 2473/2412/2316
f 2368/2313/2220 2474/2413/2317 2367/2312/2219
f 2460/2399/2306 2472/2411/2315 2475/2414/2318
f 2475/2414/2318 2476/2415/2319 2460/2399/2306
f 2472/2411/2315 2473/2412/2316 2477/2416/2192
f 2477/2416/2192 2475/2414/2318 2472/2411/2315
f 2478/2417/2320 2473/2412/2316 2474/2413/2317
f 2473/2412/2316 2478/2417/2320 2477/2416/2192
f 2474/2413/2317 2368/2313/2220 2479/2418/2321
f 2479/2418/2321 2478/2417/2320 2474/2413/2317
f 2480/2419/1153 2479/2418/2321 2368/2313/2220
f 2368/2313/2220 2361/2307/2214 2480/2419/1153
f 2475/2414/2318 2477/2416/2192 2481/2420/2322
f 2478/2417/2320 2481/2420/2322 2477/2416/2192
f 2476/2415/2319 2475/2414/2318 2482/2421/2323
f 2481/2420/2322 2482/2421/2323 2475/2414/2318
f 2482/2421/2323 2483/2422/2324 2476/2415/2319
f 2483/2422/2324 2482/2421/2323 2484/2423/2325
f 2484/2423/2325 2485/2424/2326 2483/2422/2324
f 2482/2421/2323 2481/2420/2322 2486/2425/2327
f 2486/2425/2327 2484/2423/2325 2482/2421/2323
f 2487/2426/1922 2486/2425/2327 2481/2420/2322
f 2481/2420/2322 2478/2417/2320 2487/2426/1922
f 2484/2423/2325 2486/2425/2327 2488/2427/2328
f 2485/2424/2326 2484/2423/2325 2489/2428/2329
f 2488/2427/2328 2489/2428/2329 2484/2423/2325
f 2489/2428/2329 2490/2429/2330 2485/2424/2326
f 2491/2430/2331 2488/2427/2328 2486/2425/2327
f 2486/2425/2327 2487/2426/1922 2491/2430/2331
f 2489/2428/2329 2488/2427/2328 2492/2431/2332
f 2490/2429/2330 2489/2428/2329 2493/2432/2333
f 2492/2431/2332 2493/2432/2333 2489/2428/2329
f 2493/2432/2333 2494/2433/2334 2490/2429/2330
f 2495/2434/2335 2492/2431/2332 2488/2427/2328
f 2488/2427/2328 2491/2430/2331 2495/2434/2335
f 2493/2432/2333 2492/2431/2332 2496/2435/2177
f 2494/2433/2334 2493/2432/2333 2497/2436/2336
f 2496/2435/2177 2497/2436/2336 2493/2432/2333
f 2497/2436/2336 2498/2437/2337 2494/2433/2334
f 2499/2438/2338 2496/2435/2177 2492/2431/2332
f 2492/2431/2332 2495/2434/2335 2499/2438/2338
f 2497/2436/2336 2496/2435/2177 2500/2439/2339
f 2498/2437/2337 2497/2436/2336 2501/2440/2340
f 2500/2439/2339 2501/2440/2340 2497/2436/2336
f 2501/2440/2340 2502/2441/2341 2498/2437/2337
f 2503/2442/2342 2500/2439/2339 2496/2435/2177
f 2496/2435/2177 2499/2438/2338 2503/2442/2342
f 2501/2440/2340 2500/2439/2339 2504/2443/2343
f 2502/2441/2341 2501/2440/2340 2505/2444/2344
f 2504/2443/2343 2505/2444/2344 2501/2440/2340
f 2505/2444/2344 2506/2445/2345 2502/2441/2341
f 2507/2446/2346 2504/2443/2343 2500/2439/2339
f 2500/2439/2339 2503/2442/2342 2507/2446/2346
f 2505/2444/2344 2504/2443/2343 2508/2447/2347
f 2506/2445/2345 2505/2444/2344 2509/2448/2348
f 2508/2447/2347 2509/2448/2348 2505/2444/2344
f 2510/2449/2349 2508/2447/2347 2504/2443/2343
f 2504/2443/2343 2507/2446/2346 2510/2449/2349
f 2509/2448/2348 2508/2447/2347 2511/2450/2350
f 2512/2451/2351 2506/2445/2345 2509/2448/2348
f 2511/2450/2350 2512/2451/2351 2509/2448/2348
f 2516/2452/2352 2517/2453/2353 2513/2454/2354
f 2518/2455/2355 2515/2456/2356 2519/2457/1159
f 2518/2455/2355 2519/2457/1159 2520/2458/2357
f 2520/2458/2357 2519/2457/1159 2521/2459/2358
f 2520/2458/2357 2521/2459/2358 2522/2460/2359
f 2523/2461/2360 2520/2458/2357 2522/2460/2359
f 2522/2460/2359 2521/2459/2358 2525/2462/2361
f 2522/2460/2359 2525/2462/2361 2526/2463/2362
f 2526/2463/2362 2523/2461/2360 2522/2460/2359
f 2525/2462/2361 2524/2464/2363 2527/2465/2364
f 2526/2463/2362 2525/2462/2361 2528/2466/2365
f 2525/2462/2361 2527/2465/2364 2528/2466/2365
f 2523/2461/2360 2526/2463/2362 2529/2467/2366
f 2530/2468/2367 2523/2461/2360 2529/2467/2366
f 2529/2467/2366 2531/2469/2368 2530/2468/2367
f 2532/2470/2369 2529/2467/2366 2526/2463/2362
f 2528/2466/2365 2532/2470/2369 2526/2463/2362
f 2531/2469/2368 2529/2467/2366 2533/2471/2370
f 2529/2467/2366 2532/2470/2369 2533/2471/2370
f 2533/2471/2370 2534/2472/2371 2531/2469/2368
f 2535/2473/2372 2531/2469/2368 2534/2472/2371
f 2534/2472/2371 2536/2474/2373 2535/2473/2372
f 2536/2474/2373 2534/2472/2371 2537/2475/2374
f 2537/2475/2374 2538/2476/2375 2536/2474/2373
f 2534/2472/2371 2533/2471/2370 2539/2477/2376
f 2539/2477/2376 2537/2475/2374 2534/2472/2371
f 2540/2478/2377 2533/2471/2370 2532/2470/2369
f 2533/2471/2370 2540/2478/2377 2539/2477/2376
f 2532/2470/2369 2528/2466/2365 2541/2479/2378
f 2532/2470/2369 2541/2479/2378 2540/2478/2377
f 2528/2466/2365 2542/2480/1323 2541/2479/2378
f 2528/2466/2365 2527/2465/2364 2542/2480/1323
f 2537/2475/2374 2539/2477/2376 2543/2481/2379
f 2540/2478/2377 2543/2481/2379 2539/2477/2376
f 2544/2482/2380 2537/2475/2374 2543/2481/2379
f 2540/2478/2377 2541/2479/2378 2545/2483/2381
f 2537/2475/2374 2544/2482/2380 2546/2484/2382
f 2538/2476/2375 2537/2475/2374 2546/2484/2382
f 2543/2481/2379 2540/2478/2377 2547/2485/2383
f 2540/2478/2377 2545/2483/2381 2547/2485/2383
f 2543/2481/2379 2548/2486/2384 2544/2482/2380
f 2548/2486/2384 2543/2481/2379 2547/2485/2383
f 2549/2487/2385 2546/2484/2382 2544/2482/2380
f 2548/2486/2384 2549/2487/2385 2544/2482/2380
f 2546/2484/2382 2550/2488/2386 2538/2476/2375
f 2551/2489/2387 2538/2476/2375 2550/2488/2386
f 2550/2488/2386 2546/2484/2382 2552/2490/2388
f 2546/2484/2382 2549/2487/2385 2552/2490/2388
f 2550/2488/2386 2553/2491/2389 2551/2489/2387
f 2554/2492/2390 2551/2489/2387 2553/2491/2389
f 2553/2491/2389 2555/2493/2391 2554/2492/2390
f 2556/2494/2392 2552/2490/2388 2549/2487/2385
f 2552/2490/2388 2556/2494/2392 2557/2495/2393
f 2549/2487/2385 2558/2496/2115 2556/2494/2392
f 2552/2490/2388 2559/2497/2394 2550/2488/2386
f 2559/2497/2394 2552/2490/2388 2557/2495/2393
f 2553/2491/2389 2550/2488/2386 2559/2497/2394
f 2557/2495/2393 2560/2498/2395 2559/2497/2394
f 2555/2493/2391 2553/2491/2389 2561/2499/2396
f 2559/2497/2394 2561/2499/2396 2553/2491/2389
f 2561/2499/2396 2559/2497/2394 2560/2498/2395
f 2562/2500/2397 2555/2493/2391 2561/2499/2396
f 2560/2498/2395 2562/2500/2397 2561/2499/2396
f 2452/2391/2299 2453/2392/2300 2563/2501/2297
f 2564/2502/2398 2563/2501/2297 2453/2392/2300
f 2454/2393/2301 2452/2391/2299 2565/2503/2399
f 2563/2501/2297 2565/2503/2399 2452/2391/2299
f 2455/2394/2302 2454/2393/2301 2566/2504/2400
f 2565/2503/2399 2566/2504/2400 2454/2393/2301
f 2563/2501/2297 2564/2502/2398 2567/2505/2401
f 2568/2506/2402 2567/2505/2401 2564/2502/2398
f 2565/2503/2399 2563/2501/2297 2569/2507/2403
f 2567/2505/2401 2569/2507/2403 2563/2501/2297
f 2566/2504/2400 2565/2503/2399 2570/2508/2404
f 2569/2507/2403 2570/2508/2404 2565/2503/2399
f 2567/2505/2401 2568/2506/2402 2571/2509/2405
f 2572/2510/2406 2571/2509/2405 2568/2506/2402
f 2569/2507/2403 2567/2505/2401 2573/2511/2407
f 2571/2509/2405 2573/2511/2407 2567/2505/2401
f 2570/2508/2404 2569/2507/2403 2574/2512/2408
f 2573/2511/2407 2574/2512/2408 2569/2507/2403
f 2571/2509/2405 2572/2510/2406 2575/2513/2409
f 2576/2514/2410 2575/2513/2409 2572/2510/2406
f 2573/2511/2407 2571/2509/2405 2577/2515/2411
f 2575/2513/2409 2577/2515/2411 2571/2509/2405
f 2574/2512/2408 2573/2511/2407 2578/2516/2412
f 2577/2515/2411 2578/2516/2412 2573/2511/2407
f 2575/2513/2409 2576/2514/2410 2579/2517/2413
f 2580/2518/2410 2579/2517/2413 2576/2514/2410
f 2577/2515/2411 2575/2513/2409 2581/2519/2414
f 2579/2517/2413 2581/2519/2414 2575/2513/2409
f 2578/2516/2412 2577/2515/2411 2582/2520/2345
f 2581/2519/2414 2582/2520/2345 2577/2515/2411
f 2583/2521/2415 2574/2512/2408 2578/2516/2412
f 2582/2520/2345 2583/2521/2415 2578/2516/2412
f 2579/2517/2413 2580/2518/2410 2584/2522/2416
f 2585/2523/2417 2584/2522/2416 2580/2518/2410
f 2581/2519/2414 2579/2517/2413 2586/2524/2418
f 2584/2522/2416 2586/2524/2418 2579/2517/2413
f 2582/2520/2345 2581/2519/2414 2587/2525/2419
f 2586/2524/2418 2587/2525/2419 2581/2519/2414
f 2584/2522/2416 2585/2523/2417 2588/2526/2420
f 2589/2527/2421 2588/2526/2420 2585/2523/2417
f 2586/2524/2418 2584/2522/2416 2590/2528/2422
f 2588/2526/2420 2590/2528/2422 2584/2522/2416
f 2588/2526/2420 2589/2527/2421 2591/2529/2423
f 2592/2530/1947 2591/2529/2423 2589/2527/2421
f 2590/2528/2422 2588/2526/2420 2593/2531/2424
f 2591/2529/2423 2593/2531/2424 2588/2526/2420
f 2591/2529/2423 2592/2530/1947 2594/2532/2425
f 2595/2533/1944 2594/2532/2425 2592/2530/1947
f 2593/2531/2424 2591/2529/2423 2596/2534/2160
f 2594/2532/2425 2596/2534/2160 2591/2529/2423
f 2594/2532/2425 2595/2533/1944 2597/2535/2426
f 2598/2536/2427 2597/2535/2426 2595/2533/1944
f 2596/2534/2160 2594/2532/2425 2599/2537/1959
f 2597/2535/2426 2598/2536/2427 2600/2538/2428
f 2601/2539/2429 2600/2538/2428 2598/2536/2427
f 2602/2540/2430 2594/2532/2425 2597/2535/2426
f 2594/2532/2425 2602/2540/2430 2599/2537/1959
f 2603/2541/2431 2597/2535/2426 2600/2538/2428
f 2597/2535/2426 2603/2541/2431 2602/2540/2430
f 2600/2538/2428 2601/2539/2429 2604/2542/2428
f 2605/2543/1940 2604/2542/2428 2601/2539/2429
f 2600/2538/2428 2606/2544/2431 2603/2541/2431
f 2606/2544/2431 2600/2538/2428 2604/2542/2428
f 2604/2542/2428 2605/2543/1940 2607/2545/2432
f 2608/2546/1940 2607/2545/2432 2605/2543/1940
f 2604/2542/2428 2609/2547/2433 2606/2544/2431
f 2609/2547/2433 2604/2542/2428 2607/2545/2432
f 2607/2545/2432 2608/2546/1940 2610/2548/2434
f 2611/2549/2435 2610/2548/2434 2608/2546/1940
f 2607/2545/2432 2612/2550/2436 2609/2547/2433
f 2612/2550/2436 2607/2545/2432 2610/2548/2434
f 2610/2548/2434 2611/2549/2435 2613/2551/2437
f 2614/2552/2438 2613/2551/2437 2611/2549/2435
f 2610/2548/2434 2615/2553/2439 2612/2550/2436
f 2615/2553/2439 2610/2548/2434 2613/2551/2437
f 2616/2554/2440 2609/2547/2433 2612/2550/2436
f 2615/2553/2439 2616/2554/2440 2612/2550/2436
f 2617/2555/2441 2606/2544/2431 2609/2547/2433
f 2609/2547/2433 2616/2554/2440 2617/2555/2441
f 2613/2551/2437 2614/2552/2438 2618/2556/2305
f 2619/2557/2442 2618/2556/2305 2614/2552/2438
f 2613/2551/2437 2620/2558/2443 2615/2553/2439
f 2620/2558/2443 2613/2551/2437 2618/2556/2305
f 2616/2554/2440 2615/2553/2439 2621/2559/2444
f 2620/2558/2443 2621/2559/2444 2615/2553/2439
f 2618/2556/2305 2619/2557/2442 2622/2560/2445
f 2623/2561/1924 2622/2560/2445 2619/2557/2442
f 2618/2556/2305 2624/2562/2446 2620/2558/2443
f 2624/2562/2446 2618/2556/2305 2622/2560/2445
f 2621/2559/2444 2620/2558/2443 2625/2563/2447
f 2624/2562/2446 2625/2563/2447 2620/2558/2443
f 2622/2560/2445 2623/2561/1924 2045/1993/1923
f 2046/1994/1924 2045/1993/1923 2623/2561/1924
f 2622/2560/2445 2050/1998/1928 2624/2562/2446
f 2050/1998/1928 2622/2560/2445 2045/1993/1923
f 2625/2563/2447 2624/2562/2446 2057/2005/1934
f 2050/1998/1928 2057/2005/1934 2624/2562/2446
f 2345/2290/2197 2037/1984/1915 2041/1989/1919
f 2044/1992/1922 2345/2290/2197 2041/1989/1919
f 2033/1977/1908 2043/1991/1921 2626/2564/2448
f 2626/2564/2448 2031/1976/1907 2033/1977/1908
f 2627/2565/2345 2043/1991/1921 2037/1984/1915
f 2037/1984/1915 2345/2290/2197 2627/2565/2345
f 2043/1991/1921 2627/2565/2345 2628/2566/2449
f 2628/2566/2449 2626/2564/2448 2043/1991/1921
f 2341/2286/2194 2627/2565/2345 2345/2290/2197
f 2629/2567/2450 2628/2566/2449 2627/2565/2345
f 2627/2565/2345 2341/2286/2194 2629/2567/2450
f 2031/1976/1907 2626/2564/2448 2392/2337/2244
f 2392/2337/2244 2029/1974/1905 2031/1976/1907
f 2626/2564/2448 2628/2566/2449 2630/2568/2451
f 2626/2564/2448 2389/2334/2241 2392/2337/2244
f 2389/2334/2241 2626/2564/2448 2630/2568/2451
f 2631/2569/2449 2630/2568/2451 2628/2566/2449
f 2628/2566/2449 2629/2567/2450 2631/2569/2449
f 2630/2568/2451 2386/2331/2238 2389/2334/2241
f 2630/2568/2451 2631/2569/2449 2632/2570/2452
f 2386/2331/2238 2630/2568/2451 2632/2570/2452
f 2633/2571/2453 2631/2569/2449 2629/2567/2450
f 2632/2570/2452 2301/2246/2154 2386/2331/2238
f 2634/2572/2454 2632/2570/2452 2631/2569/2449
f 2631/2569/2449 2633/2571/2453 2634/2572/2454
f 2632/2570/2452 2634/2572/2454 2635/2573/2441
f 2301/2246/2154 2632/2570/2452 2635/2573/2441
f 2629/2567/2450 2340/2285/2193 2633/2571/2453
f 2340/2285/2193 2629/2567/2450 2341/2286/2194
f 2636/2574/2455 2634/2572/2454 2633/2571/2453
f 2637/2575/2456 2633/2571/2453 2340/2285/2193
f 2633/2571/2453 2637/2575/2456 2636/2574/2455
f 2340/2285/2193 2315/2260/2168 2637/2575/2456
f 2310/2255/2163 2636/2574/2455 2637/2575/2456
f 2315/2260/2168 2310/2255/2163 2637/2575/2456
f 2634/2572/2454 2636/2574/2455 2638/2576/2457
f 2638/2576/2457 2635/2573/2441 2634/2572/2454
f 2639/2577/2458 2638/2576/2457 2636/2574/2455
f 2636/2574/2455 2310/2255/2163 2639/2577/2458
f 2635/2573/2441 2638/2576/2457 2640/2578/2459
f 2640/2578/2459 2301/2246/2154 2635/2573/2441
f 2638/2576/2457 2639/2577/2458 2296/2241/2149
f 2296/2241/2149 2640/2578/2459 2638/2576/2457
f 2310/2255/2163 2297/2242/2150 2639/2577/2458
f 2297/2242/2150 2296/2241/2149 2639/2577/2458
f 2301/2246/2154 2640/2578/2459 2298/2243/2151
f 2640/2578/2459 2296/2241/2149 2295/2240/2148
f 2295/2240/2148 2298/2243/2151 2640/2578/2459
f 2643/2579/2460 2642/2580/2461 2641/2581/2462
f 2644/2582/2463 2642/2580/2461 2643/2579/2460
f 2643/2579/2460 2645/2583/2079 2644/2582/2463
f 2644/2582/2463 2646/2584/2464 2642/2580/2461
f 2646/2584/2464 2644/2582/2463 2648/2585/2465
f 2648/2585/2465 2647/2586/2461 2646/2584/2464
f 2644/2582/2463 2649/2587/2466 2648/2585/2465
f 2649/2587/2466 2644/2582/2463 2645/2583/2079
f 2558/2496/2115 2648/2585/2465 2649/2587/2466
f 2645/2583/2079 2650/2588/2467 2649/2587/2466
f 2650/2588/2467 2645/2583/2079 2651/2589/2468
f 2556/2494/2392 2649/2587/2466 2650/2588/2467
f 2649/2587/2466 2556/2494/2392 2558/2496/2115
f 2652/2590/2469 2650/2588/2467 2651/2589/2468
f 2651/2589/2468 2653/2591/2470 2652/2590/2469
f 2650/2588/2467 2652/2590/2469 2654/2592/2471
f 2654/2592/2471 2556/2494/2392 2650/2588/2467
f 2655/2593/2472 2652/2590/2469 2653/2591/2470
f 2653/2591/2470 2656/2594/2473 2655/2593/2472
f 2657/2595/2474 2654/2592/2471 2652/2590/2469
f 2652/2590/2469 2655/2593/2472 2657/2595/2474
f 2556/2494/2392 2654/2592/2471 2557/2495/2393
f 2654/2592/2471 2657/2595/2474 2560/2498/2395
f 2560/2498/2395 2557/2495/2393 2654/2592/2471
f 2655/2593/2472 2562/2500/2397 2657/2595/2474
f 2562/2500/2397 2560/2498/2395 2657/2595/2474
f 2656/2594/2473 2658/2596/2475 2655/2593/2472
f 2562/2500/2397 2655/2593/2472 2658/2596/2475
f 2658/2596/2475 2656/2594/2473 2659/2597/2476
f 2656/2594/2473 2660/2598/2477 2659/2597/2476
f 2658/2596/2475 2661/2599/2478 2562/2500/2397
f 2659/2597/2476 2662/2600/2479 2658/2596/2475
f 2661/2599/2478 2658/2596/2475 2662/2600/2479
f 2660/2598/2477 2663/2601/2480 2659/2597/2476
f 2662/2600/2479 2659/2597/2476 2663/2601/2480
f 2664/2602/2481 2661/2599/2478 2662/2600/2479
f 2663/2601/2480 2664/2602/2481 2662/2600/2479
f 2555/2493/2391 2562/2500/2397 2661/2599/2478
f 2663/2601/2480 2660/2598/2477 2665/2603/2482
f 2666/2604/2483 2665/2603/2482 2660/2598/2477
f 2665/2603/2482 2667/2605/2272 2663/2601/2480
f 2664/2602/2481 2663/2601/2480 2667/2605/2272
f 2665/2603/2482 2666/2604/2483 2266/2214/2124
f 2265/2213/2123 2266/2214/2124 2666/2604/2483
f 2667/2605/2272 2665/2603/2482 2668/2606/2484
f 2266/2214/2124 2668/2606/2484 2665/2603/2482
f 2667/2605/2272 2435/2374/2283 2664/2602/2481
f 2435/2374/2283 2667/2605/2272 2434/2373/2282
f 2668/2606/2484 2434/2373/2282 2667/2605/2272
f 2439/2378/2287 2664/2602/2481 2435/2374/2283
f 2434/2373/2282 2668/2606/2484 2271/2219/2128
f 2664/2602/2481 2439/2378/2287 2669/2607/2485
f 2661/2599/2478 2664/2602/2481 2669/2607/2485
f 2669/2607/2485 2555/2493/2391 2661/2599/2478
f 2439/2378/2287 2670/2608/2486 2669/2607/2485
f 2555/2493/2391 2669/2607/2485 2670/2608/2486
f 2670/2608/2486 2439/2378/2287 2446/2385/2287
f 2267/2215/2125 2271/2219/2128 2668/2606/2484
f 2668/2606/2484 2266/2214/2124 2267/2215/2125
f 2446/2385/2287 2671/2609/2487 2670/2608/2486
f 2671/2609/2487 2446/2385/2287 2447/2386/2294
f 2670/2608/2486 2554/2492/2390 2555/2493/2391
f 2554/2492/2390 2670/2608/2486 2671/2609/2487
f 2447/2386/2294 2672/2610/2488 2671/2609/2487
f 2672/2610/2488 2554/2492/2390 2671/2609/2487
f 2672/2610/2488 2447/2386/2294 2451/2390/2298
f 2451/2390/2298 2673/2611/2489 2672/2610/2488
f 2673/2611/2489 2451/2390/2298 2455/2394/2302
f 2554/2492/2390 2672/2610/2488 2674/2612/1994
f 2673/2611/2489 2674/2612/1994 2672/2610/2488
f 2455/2394/2302 2675/2613/2490 2673/2611/2489
f 2675/2613/2490 2455/2394/2302 2566/2504/2400
f 2674/2612/1994 2673/2611/2489 2676/2614/2001
f 2675/2613/2490 2676/2614/2001 2673/2611/2489
f 2551/2489/2387 2554/2492/2390 2674/2612/1994
f 2566/2504/2400 2677/2615/2491 2675/2613/2490
f 2677/2615/2491 2566/2504/2400 2570/2508/2404
f 2678/2616/2492 2674/2612/1994 2676/2614/2001
f 2674/2612/1994 2678/2616/2492 2551/2489/2387
f 2676/2614/2001 2675/2613/2490 2679/2617/2370
f 2570/2508/2404 2680/2618/2493 2677/2615/2491
f 2680/2618/2493 2570/2508/2404 2574/2512/2408
f 2574/2512/2408 2583/2521/2415 2680/2618/2493
f 2681/2619/2494 2675/2613/2490 2677/2615/2491
f 2675/2613/2490 2681/2619/2494 2679/2617/2370
f 2682/2620/2495 2677/2615/2491 2680/2618/2493
f 2677/2615/2491 2682/2620/2495 2681/2619/2494
f 2683/2621/2496 2680/2618/2493 2583/2521/2415
f 2680/2618/2493 2683/2621/2496 2682/2620/2495
f 2683/2621/2496 2684/2622/2497 2682/2620/2495
f 2684/2622/2497 2681/2619/2494 2682/2620/2495
f 2583/2521/2415 2685/2623/2498 2683/2621/2496
f 2686/2624/2499 2679/2617/2370 2681/2619/2494
f 2681/2619/2494 2684/2622/2497 2686/2624/2499
f 2687/2625/2367 2676/2614/2001 2679/2617/2370
f 2679/2617/2370 2686/2624/2499 2687/2625/2367
f 2676/2614/2001 2687/2625/2367 2678/2616/2492
f 2684/2622/2497 2683/2621/2496 2688/2626/2326
f 2685/2623/2498 2688/2626/2326 2683/2621/2496
f 2689/2627/2500 2686/2624/2499 2684/2622/2497
f 2535/2473/2372 2687/2625/2367 2686/2624/2499
f 2686/2624/2499 2689/2627/2500 2535/2473/2372
f 2536/2474/2373 2678/2616/2492 2687/2625/2367
f 2687/2625/2367 2535/2473/2372 2536/2474/2373
f 2678/2616/2492 2536/2474/2373 2538/2476/2375
f 2538/2476/2375 2551/2489/2387 2678/2616/2492
f 2684/2622/2497 2690/2628/2501 2689/2627/2500
f 2690/2628/2501 2684/2622/2497 2688/2626/2326
f 2531/2469/2368 2535/2473/2372 2689/2627/2500
f 2530/2468/2367 2689/2627/2500 2690/2628/2501
f 2689/2627/2500 2530/2468/2367 2531/2469/2368
f 2690/2628/2501 2691/2629/2502 2530/2468/2367
f 2688/2626/2326 2692/2630/2503 2690/2628/2501
f 2691/2629/2502 2690/2628/2501 2692/2630/2503
f 2692/2630/2503 2688/2626/2326 2693/2631/2504
f 2688/2626/2326 2685/2623/2498 2693/2631/2504
f 2694/2632/2505 2692/2630/2503 2693/2631/2504
f 2685/2623/2498 2694/2632/2505 2693/2631/2504
f 2692/2630/2503 2694/2632/2505 2695/2633/2506
f 2695/2633/2506 2691/2629/2502 2692/2630/2503
f 2694/2632/2505 2685/2623/2498 2696/2634/2507
f 2697/2635/2508 2695/2633/2506 2694/2632/2505
f 2696/2634/2507 2697/2635/2508 2694/2632/2505
f 2698/2636/2509 2696/2634/2507 2685/2623/2498
f 2685/2623/2498 2583/2521/2415 2698/2636/2509
f 2583/2521/2415 2582/2520/2345 2698/2636/2509
f 2582/2520/2345 2699/2637/2510 2698/2636/2509
f 2696/2634/2507 2698/2636/2509 2699/2637/2510
f 2699/2637/2510 2582/2520/2345 2587/2525/2419
f 2699/2637/2510 2700/2638/2511 2696/2634/2507
f 2697/2635/2508 2696/2634/2507 2700/2638/2511
f 2587/2525/2419 2701/2639/2512 2699/2637/2510
f 2700/2638/2511 2699/2637/2510 2701/2639/2512
f 2702/2640/2513 2697/2635/2508 2700/2638/2511
f 2701/2639/2512 2702/2640/2513 2700/2638/2511
f 2701/2639/2512 2587/2525/2419 2703/2641/2343
f 2587/2525/2419 2586/2524/2418 2703/2641/2343
f 2703/2641/2343 2704/2642/2498 2701/2639/2512
f 2702/2640/2513 2701/2639/2512 2704/2642/2498
f 2586/2524/2418 2705/2643/2514 2703/2641/2343
f 2704/2642/2498 2703/2641/2343 2705/2643/2514
f 2705/2643/2514 2586/2524/2418 2590/2528/2422
f 2706/2644/2515 2702/2640/2513 2704/2642/2498
f 2705/2643/2514 2706/2644/2515 2704/2642/2498
f 2590/2528/2422 2707/2645/2516 2705/2643/2514
f 2706/2644/2515 2705/2643/2514 2707/2645/2516
f 2707/2645/2516 2590/2528/2422 2593/2531/2424
f 2707/2645/2516 2708/2646/2517 2706/2644/2515
f 2593/2531/2424 2709/2647/2518 2707/2645/2516
f 2708/2646/2517 2707/2645/2516 2709/2647/2518
f 2709/2647/2518 2593/2531/2424 2596/2534/2160
f 2596/2534/2160 2710/2648/2519 2709/2647/2518
f 2710/2648/2519 2708/2646/2517 2709/2647/2518
f 2710/2648/2519 2596/2534/2160 2599/2537/1959
f 2708/2646/2517 2711/2649/2520 2706/2644/2515
f 2702/2640/2513 2706/2644/2515 2711/2649/2520
f 2708/2646/2517 2710/2648/2519 2712/2650/2521
f 2599/2537/1959 2713/2651/2522 2710/2648/2519
f 2713/2651/2522 2712/2650/2521 2710/2648/2519
f 2713/2651/2522 2599/2537/1959 2602/2540/2430
f 2712/2650/2521 2714/2652/2523 2708/2646/2517
f 2711/2649/2520 2708/2646/2517 2714/2652/2523
f 2712/2650/2521 2713/2651/2522 2715/2653/2524
f 2602/2540/2430 2716/2654/2525 2713/2651/2522
f 2716/2654/2525 2715/2653/2524 2713/2651/2522
f 2716/2654/2525 2602/2540/2430 2603/2541/2431
f 2715/2653/2524 2717/2655/2526 2712/2650/2521
f 2714/2652/2523 2712/2650/2521 2717/2655/2526
f 2715/2653/2524 2716/2654/2525 2718/2656/1929
f 2603/2541/2431 2719/2657/2527 2716/2654/2525
f 2719/2657/2527 2718/2656/1929 2716/2654/2525
f 2719/2657/2527 2603/2541/2431 2606/2544/2431
f 2606/2544/2431 2617/2555/2441 2719/2657/2527
f 2718/2656/1929 2719/2657/2527 2720/2658/2428
f 2617/2555/2441 2720/2658/2428 2719/2657/2527
f 2718/2656/1929 2721/2659/2528 2715/2653/2524
f 2717/2655/2526 2715/2653/2524 2721/2659/2528
f 2720/2658/2428 2722/2660/2529 2718/2656/1929
f 2721/2659/2528 2718/2656/1929 2722/2660/2529
f 2720/2658/2428 2617/2555/2441 2723/2661/2530
f 2616/2554/2440 2723/2661/2530 2617/2555/2441
f 2722/2660/2529 2720/2658/2428 2724/2662/2531
f 2723/2661/2530 2724/2662/2531 2720/2658/2428
f 2723/2661/2530 2616/2554/2440 2725/2663/2532
f 2621/2559/2444 2725/2663/2532 2616/2554/2440
f 2724/2662/2531 2723/2661/2530 2726/2664/2533
f 2725/2663/2532 2726/2664/2533 2723/2661/2530
f 2502/2441/2341 2722/2660/2529 2724/2662/2531
f 2726/2664/2533 2502/2441/2341 2724/2662/2531
f 2506/2445/2345 2721/2659/2528 2722/2660/2529
f 2722/2660/2529 2502/2441/2341 2506/2445/2345
f 2725/2663/2532 2621/2559/2444 2727/2665/2534
f 2625/2563/2447 2727/2665/2534 2621/2559/2444
f 2726/2664/2533 2725/2663/2532 2728/2666/2535
f 2727/2665/2534 2728/2666/2535 2725/2663/2532
f 2502/2441/2341 2726/2664/2533 2498/2437/2337
f 2728/2666/2535 2498/2437/2337 2726/2664/2533
f 2727/2665/2534 2625/2563/2447 2729/2667/2536
f 2057/2005/1934 2729/2667/2536 2625/2563/2447
f 2728/2666/2535 2727/2665/2534 2730/2668/2537
f 2729/2667/2536 2730/2668/2537 2727/2665/2534
f 2498/2437/2337 2728/2666/2535 2494/2433/2334
f 2730/2668/2537 2494/2433/2334 2728/2666/2535
f 2729/2667/2536 2057/2005/1934 2731/2669/2538
f 2056/2004/1933 2731/2669/2538 2057/2005/1934
f 2730/2668/2537 2729/2667/2536 2732/2670/2539
f 2731/2669/2538 2732/2670/2539 2729/2667/2536
f 2494/2433/2334 2730/2668/2537 2490/2429/2330
f 2732/2670/2539 2490/2429/2330 2730/2668/2537
f 2731/2669/2538 2056/2004/1933 2733/2671/2540
f 2058/2006/1935 2733/2671/2540 2056/2004/1933
f 2732/2670/2539 2731/2669/2538 2734/2672/2541
f 2733/2671/2540 2734/2672/2541 2731/2669/2538
f 2490/2429/2330 2732/2670/2539 2485/2424/2326
f 2734/2672/2541 2485/2424/2326 2732/2670/2539
f 2733/2671/2540 2058/2006/1935 2735/2673/2542
f 2062/2010/1939 2735/2673/2542 2058/2006/1935
f 2734/2672/2541 2733/2671/2540 2736/2674/1931
f 2735/2673/2542 2736/2674/1931 2733/2671/2540
f 2485/2424/2326 2734/2672/2541 2483/2422/2324
f 2736/2674/1931 2483/2422/2324 2734/2672/2541
f 2735/2673/2542 2062/2010/1939 2737/2675/2543
f 2066/2014/1942 2737/2675/2543 2062/2010/1939
f 2736/2674/1931 2735/2673/2542 2738/2676/2445
f 2737/2675/2543 2738/2676/2445 2735/2673/2542
f 2483/2422/2324 2736/2674/1931 2476/2415/2319
f 2738/2676/2445 2476/2415/2319 2736/2674/1931
f 2737/2675/2543 2066/2014/1942 2456/2395/2303
f 2070/2018/1945 2456/2395/2303 2066/2014/1942
f 2738/2676/2445 2737/2675/2543 2458/2397/1956
f 2456/2395/2303 2458/2397/1956 2737/2675/2543
f 2476/2415/2319 2738/2676/2445 2460/2399/2306
f 2458/2397/1956 2460/2399/2306 2738/2676/2445
f 2506/2445/2345 2512/2451/2351 2739/2677/2544
f 2721/2659/2528 2506/2445/2345 2739/2677/2544
f 2739/2677/2544 2717/2655/2526 2721/2659/2528
f 2740/2678/2545 2739/2677/2544 2512/2451/2351
f 2717/2655/2526 2739/2677/2544 2741/2679/2528
f 2739/2677/2544 2740/2678/2545 2741/2679/2528
f 2741/2679/2528 2714/2652/2523 2717/2655/2526
f 2714/2652/2523 2741/2679/2528 2742/2680/2546
f 2741/2679/2528 2743/2681/2547 2742/2680/2546
f 2743/2681/2547 2741/2679/2528 2740/2678/2545
f 2744/2682/2517 2714/2652/2523 2742/2680/2546
f 2743/2681/2547 2744/2682/2517 2742/2680/2546
f 2714/2652/2523 2744/2682/2517 2711/2649/2520
f 2745/2683/2548 2740/2678/2545 2512/2451/2351
f 2512/2451/2351 2511/2450/2350 2745/2683/2548
f 2740/2678/2545 2746/2684/2549 2743/2681/2547
f 2747/2685/2550 2711/2649/2520 2744/2682/2517
f 2711/2649/2520 2747/2685/2550 2702/2640/2513
f 2697/2635/2508 2702/2640/2513 2747/2685/2550
f 2747/2685/2550 2748/2686/2551 2697/2635/2508
f 2695/2633/2506 2697/2635/2508 2748/2686/2551
f 2744/2682/2517 2749/2687/2408 2747/2685/2550
f 2748/2686/2551 2747/2685/2550 2749/2687/2408
f 2749/2687/2408 2744/2682/2517 2750/2688/2552
f 2744/2682/2517 2743/2681/2547 2750/2688/2552
f 2751/2689/2553 2748/2686/2551 2749/2687/2408
f 2750/2688/2552 2751/2689/2553 2749/2687/2408
f 2743/2681/2547 2752/2690/2554 2750/2688/2552
f 2751/2689/2553 2750/2688/2552 2752/2690/2554
f 2752/2690/2554 2743/2681/2547 2746/2684/2549
f 2748/2686/2551 2753/2691/2555 2695/2633/2506
f 2691/2629/2502 2695/2633/2506 2753/2691/2555
f 2748/2686/2551 2751/2689/2553 2754/2692/2556
f 2753/2691/2555 2748/2686/2551 2754/2692/2556
f 2755/2693/2557 2752/2690/2554 2746/2684/2549
f 2756/2694/2558 2751/2689/2553 2752/2690/2554
f 2752/2690/2554 2755/2693/2557 2756/2694/2558
f 2757/2695/2559 2754/2692/2556 2751/2689/2553
f 2751/2689/2553 2756/2694/2558 2757/2695/2559
f 2758/2696/2560 2753/2691/2555 2754/2692/2556
f 2754/2692/2556 2757/2695/2559 2758/2696/2560
f 2753/2691/2555 2758/2696/2560 2759/2697/2561
f 2759/2697/2561 2691/2629/2502 2753/2691/2555
f 2691/2629/2502 2759/2697/2561 2523/2461/2360
f 2523/2461/2360 2530/2468/2367 2691/2629/2502
f 2518/2455/2355 2759/2697/2561 2758/2696/2560
f 2760/2698/2562 2758/2696/2560 2757/2695/2559
f 2758/2696/2560 2760/2698/2562 2518/2455/2355
f 2757/2695/2559 2761/2699/2563 2760/2698/2562
f 2761/2699/2563 2757/2695/2559 2756/2694/2558
f 2759/2697/2561 2518/2455/2355 2520/2458/2357
f 2520/2458/2357 2523/2461/2360 2759/2697/2561
f 2756/2694/2558 2516/2452/2352 2761/2699/2563
f 2516/2452/2352 2756/2694/2558 2755/2693/2557
f 2761/2699/2563 2514/2700/2564 2760/2698/2562
f 2516/2452/2352 2513/2454/2354 2761/2699/2563
f 2761/2699/2563 2513/2454/2354 2514/2700/2564
f 2760/2698/2562 2514/2700/2564 2515/2456/2356
f 2760/2698/2562 2515/2456/2356 2518/2455/2355
f 2289/2236/2013 2288/2235/2144 2762/2701/2565
f 2763/2702/2566 2290/2237/2145 2289/2236/2013
f 2762/2701/2565 2763/2702/2566 2289/2236/2013
f 2281/2225/2134 2290/2237/2145 2764/2703/2567
f 2764/2703/2567 2282/2226/2135 2281/2225/2134
f 2765/2704/2568 2764/2703/2567 2290/2237/2145
f 2290/2237/2145 2763/2702/2566 2765/2704/2568
f 2282/2226/2135 2764/2703/2567 2766/2705/2569
f 2764/2703/2567 2765/2704/2568 2767/2706/2570
f 2767/2706/2570 2766/2705/2569 2764/2703/2567
f 2766/2705/2569 2768/2707/2571 2282/2226/2135
f 2279/2227/2136 2282/2226/2135 2768/2707/2571
f 2766/2705/2569 2767/2706/2570 2769/2708/2572
f 2768/2707/2571 2770/2709/2573 2279/2227/2136
f 2770/2709/2573 2278/2710/2574 2279/2227/2136
f 2768/2707/2571 2766/2705/2569 2771/2711/2575
f 2769/2708/2572 2771/2711/2575 2766/2705/2569
f 2772/2712/2576 2770/2709/2573 2768/2707/2571
f 2771/2711/2575 2772/2712/2576 2768/2707/2571
f 2770/2709/2573 2641/2581/2462 2278/2710/2574
f 2772/2712/2576 2643/2579/2460 2770/2709/2573
f 2643/2579/2460 2641/2581/2462 2770/2709/2573
f 2772/2712/2576 2771/2711/2575 2773/2713/2577
f 2771/2711/2575 2769/2708/2572 2774/2714/2103
f 2774/2714/2103 2773/2713/2577 2771/2711/2575
f 2773/2713/2577 2775/2715/2374 2772/2712/2576
f 2775/2715/2374 2643/2579/2460 2772/2712/2576
f 2773/2713/2577 2774/2714/2103 2776/2716/2578
f 2775/2715/2374 2773/2713/2577 2777/2717/2579
f 2776/2716/2578 2777/2717/2579 2773/2713/2577
f 2651/2589/2468 2775/2715/2374 2777/2717/2579
f 2777/2717/2579 2776/2716/2578 2653/2591/2470
f 2653/2591/2470 2651/2589/2468 2777/2717/2579
f 2645/2583/2079 2643/2579/2460 2775/2715/2374
f 2775/2715/2374 2651/2589/2468 2645/2583/2079
f 2656/2594/2473 2653/2591/2470 2776/2716/2578
f 2778/2718/2580 2776/2716/2578 2774/2714/2103
f 2776/2716/2578 2778/2718/2580 2656/2594/2473
f 2774/2714/2103 2779/2719/2581 2778/2718/2580
f 2779/2719/2581 2774/2714/2103 2769/2708/2572
f 2769/2708/2572 2780/2720/2068 2779/2719/2581
f 2780/2720/2068 2769/2708/2572 2767/2706/2570
f 2767/2706/2570 2781/2721/2582 2780/2720/2068
f 2265/2213/2123 2779/2719/2581 2780/2720/2068
f 2781/2721/2582 2265/2213/2123 2780/2720/2068
f 2781/2721/2582 2767/2706/2570 2765/2704/2568
f 2666/2604/2483 2778/2718/2580 2779/2719/2581
f 2779/2719/2581 2265/2213/2123 2666/2604/2483
f 2778/2718/2580 2666/2604/2483 2660/2598/2477
f 2660/2598/2477 2656/2594/2473 2778/2718/2580
f 2765/2704/2568 2782/2722/2065 2781/2721/2582
f 2782/2722/2065 2765/2704/2568 2763/2702/2566
f 2265/2213/2123 2781/2721/2582 2262/2210/2120
f 2783/2723/2583 2781/2721/2582 2782/2722/2065
f 2781/2721/2582 2783/2723/2583 2262/2210/2120
f 2782/2722/2065 2252/2200/2111 2783/2723/2583
f 2253/2201/2112 2262/2210/2120 2783/2723/2583
f 2252/2200/2111 2253/2201/2112 2783/2723/2583
f 2763/2702/2566 2784/2724/2120 2782/2722/2065
f 2252/2200/2111 2782/2722/2065 2784/2724/2120
f 2784/2724/2120 2763/2702/2566 2785/2725/2584
f 2763/2702/2566 2762/2701/2565 2785/2725/2584
f 2784/2724/2120 2246/2194/2105 2252/2200/2111
f 2785/2725/2584 2786/2726/2585 2784/2724/2120
f 2246/2194/2105 2784/2724/2120 2786/2726/2585
f 2762/2701/2565 2787/2727/2586 2785/2725/2584
f 2786/2726/2585 2785/2725/2584 2787/2727/2586
f 2242/2190/2101 2246/2194/2105 2786/2726/2585
f 2787/2727/2586 2242/2190/2101 2786/2726/2585
f 2248/2196/2107 2252/2200/2111 2246/2194/2105
f 2787/2727/2586 2762/2701/2565 2788/2728/2587
f 2762/2701/2565 2789/2729/2588 2788/2728/2587
f 2789/2729/2588 2762/2701/2565 2288/2235/2144
f 2788/2728/2587 2790/2730/2589 2787/2727/2586
f 2242/2190/2101 2787/2727/2586 2790/2730/2589
f 2288/2235/2144 2287/2234/2143 2789/2729/2588
f 2789/2729/2588 2791/2731/2590 2788/2728/2587
f 2790/2730/2589 2788/2728/2587 2791/2731/2590
f 2789/2729/2588 2287/2234/2143 2792/2732/2591
f 2791/2731/2590 2789/2729/2588 2792/2732/2591
f 2792/2732/2591 2287/2234/2143 2793/2733/2592
f 2794/2734/2593 2791/2731/2590 2792/2732/2591
f 2793/2733/2592 2794/2734/2593 2792/2732/2591
f 2795/2735/2089 2790/2730/2589 2791/2731/2590
f 2791/2731/2590 2794/2734/2593 2795/2735/2089
f 2790/2730/2589 2795/2735/2089 2239/2187/2098
f 2239/2187/2098 2242/2190/2101 2790/2730/2589
f 2235/2183/2095 2239/2187/2098 2795/2735/2089
f 2796/2736/2594 2795/2735/2089 2794/2734/2593
f 2795/2735/2089 2796/2736/2594 2235/2183/2095
f 2794/2734/2593 2793/2733/2592 2797/2737/2595
f 2794/2734/2593 2798/2738/2596 2796/2736/2594
f 2798/2738/2596 2794/2734/2593 2797/2737/2595
f 2287/2234/2143 2799/2739/2597 2793/2733/2592
f 2287/2234/2143 2273/2232/2141 2799/2739/2597
f 2800/2740/1188 2796/2736/2594 2798/2738/2596
f 2796/2736/2594 2800/2740/1188 2232/2180/2093
f 2232/2180/2093 2235/2183/2095 2796/2736/2594
f 2233/2181/1187 2232/2180/2093 2800/2740/1188
f 2235/2183/2095 2232/2180/2093 2230/2178/2091
f 2480/2419/1153 2801/2741/1268 2802/2742/2598
f 2479/2418/2321 2480/2419/1153 2802/2742/2598
f 2802/2742/2598 2804/2743/2599 2479/2418/2321
f 2478/2417/2320 2479/2418/2321 2804/2743/2599
f 2804/2743/2599 2487/2426/1922 2478/2417/2320
f 2802/2742/2598 2801/2741/1268 2805/2744/2600
f 2804/2743/2599 2802/2742/2598 2805/2744/2600
f 2805/2744/2600 2801/2741/1268 2803/2745/2601
f 2487/2426/1922 2804/2743/2599 2806/2746/2602
f 2805/2744/2600 2806/2746/2602 2804/2743/2599
f 2806/2746/2602 2491/2430/2331 2487/2426/1922
f 2805/2744/2600 2803/2745/2601 2807/2747/2603
f 2806/2746/2602 2805/2744/2600 2807/2747/2603
f 2491/2430/2331 2806/2746/2602 2808/2748/2604
f 2807/2747/2603 2808/2748/2604 2806/2746/2602
f 2808/2748/2604 2495/2434/2335 2491/2430/2331
f 2495/2434/2335 2808/2748/2604 2809/2749/2605
f 2809/2749/2605 2499/2438/2338 2495/2434/2335
f 2808/2748/2604 2807/2747/2603 2810/2750/2606
f 2808/2748/2604 2810/2750/2606 2809/2749/2605
f 2807/2747/2603 2803/2745/2601 2811/2751/2607
f 2807/2747/2603 2811/2751/2607 2810/2750/2606
f 2499/2438/2338 2809/2749/2605 2812/2752/2608
f 2812/2752/2608 2503/2442/2342 2499/2438/2338
f 2809/2749/2605 2810/2750/2606 2813/2753/2609
f 2809/2749/2605 2813/2753/2609 2812/2752/2608
f 2810/2750/2606 2811/2751/2607 2814/2754/2610
f 2810/2750/2606 2814/2754/2610 2813/2753/2609
f 2503/2442/2342 2812/2752/2608 2815/2755/2611
f 2815/2755/2611 2507/2446/2346 2503/2442/2342
f 2507/2446/2346 2815/2755/2611 2816/2756/2612
f 2812/2752/2608 2817/2757/2613 2815/2755/2611
f 2812/2752/2608 2813/2753/2609 2817/2757/2613
f 2815/2755/2611 2818/2758/2614 2816/2756/2612
f 2815/2755/2611 2817/2757/2613 2818/2758/2614
f 2816/2756/2612 2818/2758/2614 2819/2759/2615
f 2813/2753/2609 2820/2760/2616 2817/2757/2613
f 2813/2753/2609 2814/2754/2610 2820/2760/2616
f 2821/2761/2617 2817/2757/2613 2822/2762/1286
f 2817/2757/2613 2820/2760/2616 2822/2762/1286
f 2824/2763/2618 2825/2514/2619 2823/2764/2620
f 2825/2514/2619 2824/2763/2618 2826/2518/2619
f 2827/2765/2621 2826/2518/2619 2824/2763/2618
f 2828/2766/2622 2830/2767/2623 2829/2000/2624
f 2830/2767/2623 2831/2003/1932 2829/2000/2624
f 2833/2768/2625 2834/2369/2626 2832/2769/2627
f 2835/2366/2628 2832/2769/2627 2834/2369/2626
f 2832/2769/2627 2835/2366/2628 2407/2352/2257
f 2834/2369/2626 2833/2768/2625 2836/2371/2629
f 2406/2351/2256 2407/2352/2257 2835/2366/2628
f 2837/2770/2630 2836/2371/2629 2833/2768/2625
f 2836/2371/2629 2837/2770/2630 2838/2376/2631
f 2839/2771/2632 2838/2376/2631 2837/2770/2630
f 2838/2376/2631 2839/2771/2632 2840/2380/2633
f 2841/2772/2634 2840/2380/2633 2839/2771/2632
f 2840/2380/2633 2841/2772/2634 2842/2383/2635
f 2843/2773/2634 2842/2383/2635 2841/2772/2634
f 2842/2383/2635 2843/2773/2634 2844/2388/2636
f 2845/2774/2637 2844/2388/2636 2843/2773/2634
f 2844/2388/2636 2845/2774/2637 2846/2392/2638
f 2847/2775/2639 2846/2392/2638 2845/2774/2637
f 2846/2392/2638 2847/2775/2639 2848/2502/2640
f 2849/2776/2641 2848/2502/2640 2847/2775/2639
f 2848/2502/2640 2849/2776/2641 2850/2506/2642
f 2851/2777/2643 2850/2506/2642 2849/2776/2641
f 2850/2506/2642 2851/2777/2643 2852/2510/2406
f 2823/2764/2620 2852/2510/2406 2851/2777/2643
f 2852/2510/2406 2823/2764/2620 2825/2514/2619
f 2558/2496/2115 2549/2487/2385 2853/2778/2644
f 2549/2487/2385 2548/2486/2384 2853/2778/2644
f 2854/2779/2645 2558/2496/2115 2853/2778/2644
f 2855/2780/2646 2853/2778/2644 2548/2486/2384
f 2853/2778/2644 2855/2780/2646 2854/2779/2645
f 2548/2486/2384 2856/2781/2647 2855/2780/2646
f 2856/2781/2647 2548/2486/2384 2547/2485/2383
f 2547/2485/2383 2545/2483/2381 2856/2781/2647
f 2558/2496/2115 2854/2779/2645 2857/2782/2648
f 2648/2585/2465 2558/2496/2115 2857/2782/2648
f 2647/2586/2461 2648/2585/2465 2857/2782/2648
f 2854/2779/2645 2858/2783/1314 2857/2782/2648
f 2857/2782/2648 2858/2783/1314 2647/2586/2461
f 2854/2779/2645 2859/2784/1315 2858/2783/1314
f 2859/2784/1315 2854/2779/2645 2855/2780/2646
f 2855/2780/2646 2860/2785/2649 2859/2784/1315
f 2856/2781/2647 2860/2785/2649 2855/2780/2646
f 2856/2781/2647 2861/2786/2649 2860/2785/2649
f 2545/2483/2381 2861/2786/2649 2856/2781/2647
f 2545/2483/2381 2862/2787/2650 2861/2786/2649
f 2541/2479/2378 2862/2787/2650 2545/2483/2381
f 2541/2479/2378 2542/2480/1323 2862/2787/2650
f 2745/2683/2548 2863/2788/2651 2864/2789/2652
f 2865/2790/2653 2864/2789/2652 2863/2788/2651
f 2863/2788/2651 2745/2683/2548 2511/2450/2350
f 2866/2791/2654 2867/2792/2655 2865/2790/2653
f 2863/2788/2651 2866/2791/2654 2865/2790/2653
f 2511/2450/2350 2868/2793/2656 2863/2788/2651
f 2866/2791/2654 2863/2788/2651 2868/2793/2656
f 2868/2793/2656 2511/2450/2350 2508/2447/2347
f 2508/2447/2347 2510/2449/2349 2868/2793/2656
f 2868/2793/2656 2869/2794/2657 2866/2791/2654
f 2869/2794/2657 2868/2793/2656 2510/2449/2349
f 2866/2791/2654 2870/2795/1372 2867/2792/2655
f 2869/2794/2657 2870/2795/1372 2866/2791/2654
f 2510/2449/2349 2816/2756/2612 2869/2794/2657
f 2816/2756/2612 2510/2449/2349 2507/2446/2346
f 2869/2794/2657 2819/2759/2615 2870/2795/1372
f 2816/2756/2612 2819/2759/2615 2869/2794/2657
f 2872/2796/2658 2871/2797/2202 2517/2453/2353
f 2872/2796/2658 2517/2453/2353 2516/2452/2352
f 2755/2693/2557 2872/2796/2658 2516/2452/2352
f 2874/2798/2659 2871/2797/2202 2872/2796/2658
f 2874/2798/2659 2873/2799/2660 2871/2797/2202
f 2875/2800/2661 2874/2798/2659 2872/2796/2658
f 2872/2796/2658 2755/2693/2557 2875/2800/2661
f 2755/2693/2557 2876/2801/2662 2875/2800/2661
f 2876/2801/2662 2755/2693/2557 2746/2684/2549
f 2746/2684/2549 2740/2678/2545 2876/2801/2662
f 2740/2678/2545 2745/2683/2548 2876/2801/2662
f 2876/2801/2662 2864/2789/2652 2875/2800/2661
f 2864/2789/2652 2876/2801/2662 2745/2683/2548
f 2874/2798/2659 2875/2800/2661 2864/2789/2652
f 2865/2790/2653 2873/2799/2660 2874/2798/2659
f 2864/2789/2652 2865/2790/2653 2874/2798/2659
f 2865/2790/2653 2867/2792/2655 2873/2799/2660
f 2878/2802/2663 2879/2355/2664 2877/2803/2665
f 2879/2355/2664 2878/2802/2663 2880/2357/2666
f 2398/2344/2248 2880/2357/2666 2878/2802/2663
f 2881/2354/2667 2877/2803/2665 2879/2355/2664
f 2880/2357/2666 2398/2344/2248 2399/2343/2249
f 2882/2804/2668 2883/2142/2669 2884/2805/2670
f 2885/2137/2671 2884/2805/2670 2883/2142/2669
f 2886/2806/2670 2887/2132/2672 2888/2807/2673
f 2889/2127/2674 2888/2807/2673 2887/2132/2672
f 2888/2807/2673 2889/2127/2674 2890/2808/2675
f 2891/2125/2674 2890/2808/2675 2889/2127/2674
f 2890/2808/2675 2891/2125/2674 2892/2809/2676
f 2893/2121/2677 2892/2809/2676 2891/2125/2674
f 2896/2810/2678 2894/2811/2679 2120/2068/1991
f 2896/2810/2678 2895/2812/2680 2894/2811/2679
f 2123/2071/1993 2896/2810/2678 2120/2068/1991
f 2130/2078/2000 2896/2810/2678 2123/2071/1993
f 2130/2078/2000 2897/2813/2092 2896/2810/2678
f 2897/2813/2092 2895/2812/2680 2896/2810/2678
f 2897/2813/2092 2130/2078/2000 2226/2174/2087
f 2897/2813/2092 2898/2814/2681 2895/2812/2680
f 2226/2174/2087 2899/2815/2092 2897/2813/2092
f 2899/2815/2092 2898/2814/2681 2897/2813/2092
f 2899/2815/2092 2226/2174/2087 2227/2175/2088
f 2227/2175/2088 2236/2184/2092 2899/2815/2092
f 2236/2184/2092 2900/2816/2682 2899/2815/2092
f 2899/2815/2092 2900/2816/2682 2898/2814/2681
f 2236/2184/2092 2233/2181/1187 2900/2816/2682
f 2901/2817/128 2902/2818/2683 2903/2819/2684
f 2904/2074/2685 2903/2819/2684 2902/2818/2683
f 2903/2819/2684 2905/2820/131 2901/2817/128
f 2906/2821/2686 2907/2822/2687 2904/2074/2685
f 2903/2819/2684 2904/2074/2685 2907/2822/2687
f 2905/2820/131 2903/2819/2684 2908/2823/2688
f 2907/2822/2687 2908/2823/2688 2903/2819/2684
f 2908/2823/2688 2909/2824/2689 2905/2820/131
f 2907/2822/2687 2906/2821/2686 2910/2825/2690
f 2911/2826/2691 2910/2825/2690 2906/2821/2686
f 2908/2823/2688 2907/2822/2687 2912/2827/2692
f 2910/2825/2690 2912/2827/2692 2907/2822/2687
f 2909/2824/2689 2908/2823/2688 2913/2828/2693
f 2912/2827/2692 2913/2828/2693 2908/2823/2688
f 2913/2828/2693 2914/2829/2694 2909/2824/2689
f 2910/2825/2690 2911/2826/2691 2915/2830/2695
f 2916/2831/2696 2915/2830/2695 2911/2826/2691
f 2912/2827/2692 2910/2825/2690 2917/2832/2697
f 2915/2830/2695 2917/2832/2697 2910/2825/2690
f 2913/2828/2693 2912/2827/2692 2918/2833/2698
f 2917/2832/2697 2918/2833/2698 2912/2827/2692
f 2918/2833/2698 2919/2834/2699 2913/2828/2693
f 2919/2834/2699 2918/2833/2698 2921/2835/2700
f 2921/2835/2700 2920/2836/135 2919/2834/2699
f 2918/2833/2698 2917/2832/2697 2922/2837/2696
f 2922/2837/2696 2921/2835/2700 2918/2833/2698
f 2923/2838/2701 2922/2837/2696 2917/2832/2697
f 2917/2832/2697 2915/2830/2695 2923/2838/2701
f 2921/2835/2700 2922/2837/2696 2924/2839/2702
f 2915/2830/2695 2916/2831/2696 2925/2840/2703
f 2925/2840/2703 2923/2838/2701 2915/2830/2695
f 2926/2841/2704 2925/2840/2703 2916/2831/2696
f 2925/2840/2703 2926/2841/2704 2927/2842/2705
f 2927/2842/2705 2928/2843/2706 2925/2840/2703
f 2923/2838/2701 2925/2840/2703 2928/2843/2706
f 2922/2837/2696 2923/2838/2701 2929/2844/2707
f 2928/2843/2706 2929/2844/2707 2923/2838/2701
f 2929/2844/2707 2924/2839/2702 2922/2837/2696
f 2929/2844/2707 2928/2843/2706 2930/2845/2708
f 2930/2845/2708 2931/2846/2709 2929/2844/2707
f 2924/2839/2702 2929/2844/2707 2931/2846/2709
f 2931/2846/2709 2930/2845/2708 2932/2847/2710
f 2932/2847/2710 2933/2848/2711 2931/2846/2709
f 2931/2846/2709 2934/2849/2712 2924/2839/2702
f 2934/2849/2712 2931/2846/2709 2933/2848/2711
f 2935/2850/2713 2924/2839/2702 2934/2849/2712
f 2924/2839/2702 2935/2850/2713 2921/2835/2700
f 2920/2836/135 2921/2835/2700 2935/2850/2713
f 2936/2851/2714 2935/2850/2713 2934/2849/2712
f 2933/2848/2711 2936/2851/2714 2934/2849/2712
f 2937/2852/2715 2920/2836/135 2935/2850/2713
f 2935/2850/2713 2936/2851/2714 2937/2852/2715
f 2938/2853/2716 2939/2854/2717 2940/2855/2718
f 2941/2856/2719 2938/2853/2716 2940/2855/2718
f 2942/2857/2720 2943/2858/2721 2939/2854/2717
f 2939/2854/2717 2938/2853/2716 2942/2857/2720
f 2938/2853/2716 2941/2856/2719 2944/2859/2722
f 2941/2856/2719 2945/2860/2723 2944/2859/2722
f 2946/2861/2724 2942/2857/2720 2938/2853/2716
f 2944/2859/2722 2946/2861/2724 2938/2853/2716
f 2943/2858/2721 2942/2857/2720 2947/2862/2725
f 2948/2863/2726 2944/2859/2722 2945/2860/2723
f 2942/2857/2720 2946/2861/2724 2932/2847/2710
f 2932/2847/2710 2947/2862/2725 2942/2857/2720
f 2946/2861/2724 2944/2859/2722 2949/2864/2718
f 2944/2859/2722 2948/2863/2726 2949/2864/2718
f 2933/2848/2711 2932/2847/2710 2946/2861/2724
f 2949/2864/2718 2933/2848/2711 2946/2861/2724
f 2947/2862/2725 2950/2865/2727 2943/2858/2721
f 2951/2866/2728 2943/2858/2721 2950/2865/2727
f 2950/2865/2727 2952/2867/2729 2951/2866/2728
f 2953/2868/2730 2951/2866/2728 2952/2867/2729
f 2950/2865/2727 2947/2862/2725 2954/2869/2731
f 2947/2862/2725 2932/2847/2710 2930/2845/2708
f 2930/2845/2708 2954/2869/2731 2947/2862/2725
f 2954/2869/2731 2955/2870/2732 2950/2865/2727
f 2952/2867/2729 2950/2865/2727 2955/2870/2732
f 2954/2869/2731 2930/2845/2708 2928/2843/2706
f 2952/2867/2729 2956/2871/2733 2953/2868/2730
f 2957/2872/2734 2953/2868/2730 2956/2871/2733
f 2958/2873/2735 2957/2872/2734 2956/2871/2733
f 2955/2870/2732 2954/2869/2731 2927/2842/2705
f 2928/2843/2706 2927/2842/2705 2954/2869/2731
f 2956/2871/2733 2959/2874/2736 2958/2873/2735
f 2959/2874/2736 2960/2875/2737 2958/2873/2735
f 2956/2871/2733 2952/2867/2729 2961/2876/2738
f 2959/2874/2736 2956/2871/2733 2961/2876/2738
f 2962/2877/2739 2952/2867/2729 2955/2870/2732
f 2952/2867/2729 2962/2877/2739 2961/2876/2738
f 2926/2841/2704 2955/2870/2732 2927/2842/2705
f 2955/2870/2732 2926/2841/2704 2962/2877/2739
f 2963/2878/2740 2961/2876/2738 2962/2877/2739
f 2961/2876/2738 2963/2878/2740 2959/2874/2736
f 2926/2841/2704 2963/2878/2740 2962/2877/2739
f 2959/2874/2736 2964/2879/2741 2960/2875/2737
f 2963/2878/2740 2964/2879/2741 2959/2874/2736
f 2960/2875/2737 2964/2879/2741 2965/2880/2742
f 2963/2878/2740 2926/2841/2704 2966/2881/2743
f 2966/2881/2743 2964/2879/2741 2963/2878/2740
f 2967/2882/2744 2965/2880/2742 2964/2879/2741
f 2964/2879/2741 2966/2881/2743 2967/2882/2744
f 2965/2880/2742 2967/2882/2744 2968/2883/2745
f 2969/2884/2746 2968/2883/2745 2967/2882/2744
f 2968/2883/2745 2969/2884/2746 2970/2885/2747
f 2969/2884/2746 2971/2886/1977 2970/2885/2747
f 2972/2887/2748 2967/2882/2744 2966/2881/2743
f 2967/2882/2744 2972/2887/2748 2969/2884/2746
f 2966/2881/2743 2916/2831/2696 2972/2887/2748
f 2916/2831/2696 2966/2881/2743 2926/2841/2704
f 2973/2888/2749 2969/2884/2746 2972/2887/2748
f 2969/2884/2746 2974/2889/2750 2971/2886/1977
f 2969/2884/2746 2973/2888/2749 2974/2889/2750
f 2975/2890/2751 2971/2886/1977 2974/2889/2750
f 2971/2886/1977 2975/2890/2751 2976/2891/2752
f 2977/2892/2753 2974/2889/2750 2973/2888/2749
f 2974/2889/2750 2977/2892/2753 2975/2890/2751
f 2972/2887/2748 2911/2826/2691 2973/2888/2749
f 2911/2826/2691 2972/2887/2748 2916/2831/2696
f 2973/2888/2749 2906/2821/2686 2977/2892/2753
f 2906/2821/2686 2973/2888/2749 2911/2826/2691
f 2978/2893/2754 2975/2890/2751 2977/2892/2753
f 2979/2894/2755 2976/2891/2752 2975/2890/2751
f 2975/2890/2751 2978/2893/2754 2979/2894/2755
f 2976/2891/2752 2979/2894/2755 2980/2895/2756
f 2979/2894/2755 2981/2896/2757 2980/2895/2756
f 2981/2896/2757 2979/2894/2755 2982/2897/2758
f 2978/2893/2754 2982/2897/2758 2979/2894/2755
f 2978/2893/2754 2984/2898/2759 2982/2897/2758
f 2985/2899/2760 2983/2900/2761 2984/2898/2759
f 2984/2898/2759 2986/2901/2762 2985/2899/2760
f 2986/2901/2762 2984/2898/2759 2902/2818/2683
f 2978/2893/2754 2902/2818/2683 2984/2898/2759
f 2902/2818/2683 2901/2817/128 2986/2901/2762
f 2977/2892/2753 2904/2074/2685 2978/2893/2754
f 2902/2818/2683 2978/2893/2754 2904/2074/2685
f 2904/2074/2685 2977/2892/2753 2906/2821/2686
f 2989/2902/2763 2988/2903/2764 2987/2904/2765
f 2989/2902/2763 2990/2905/2766 2988/2903/2764
f 2991/2906/2767 2990/2905/2766 2989/2902/2763
f 2992/2907/2768 2989/2902/2763 2987/2904/2765
f 2994/2908/2769 2989/2902/2763 2992/2907/2768
f 2994/2908/2769 2991/2906/2767 2989/2902/2763
f 2993/2909/1868 2994/2908/2769 2992/2907/2768
f 2995/2910/2770 2991/2906/2767 2994/2908/2769
f 2994/2908/2769 2993/2909/1868 2996/2911/2771
f 2996/2911/2771 2995/2910/2770 2994/2908/2769
f 2997/2912/2772 2998/2913/2773 2999/2914/2774
f 3000/2915/2773 2999/2914/2774 2998/2913/2773
f 2999/2914/2774 3001/2916/2775 2997/2912/2772
f 2998/2913/2773 2997/2912/2772 3002/2917/2776
f 2997/2912/2772 3003/2918/2777 3002/2917/2776
f 3001/2916/2775 3004/2919/2778 2997/2912/2772
f 3004/2919/2778 3003/2918/2777 2997/2912/2772
f 3004/2919/2778 3001/2916/2775 3005/2920/2779
f 3005/2920/2779 3006/2921/2780 3004/2919/2778
f 3004/2919/2778 3007/2922/2781 3003/2918/2777
f 3006/2921/2780 3007/2922/2781 3004/2919/2778
f 3006/2921/2780 3008/2923/2782 3007/2922/2781
f 2936/2851/2714 2933/2848/2711 3009/2924/2783
f 2933/2848/2711 2949/2864/2718 3009/2924/2783
f 3010/2925/183 3009/2924/2783 2949/2864/2718
f 3010/2925/183 2949/2864/2718 2948/2863/2726
f 3011/2926/179 2936/2851/2714 3009/2924/2783
f 3011/2926/179 3009/2924/2783 3010/2925/183
f 3012/2927/181 2936/2851/2714 3011/2926/179
f 3012/2927/181 2937/2852/2715 2936/2851/2714
f 3014/2928/2784 2937/2852/2715 3012/2927/181
f 3015/2929/2785 3010/2925/183 2948/2863/2726
f 3016/2930/2786 3015/2929/2785 2948/2863/2726
f 3016/2930/2786 2948/2863/2726 2945/2860/2723
f 3017/2931/2787 3016/2930/2786 2945/2860/2723
f 3013/2932/180 3019/2933/2788 3014/2928/182
f 3020/2934/2789 2937/2852/2715 3014/2928/2784
f 3018/2935/69 3021/2936/145 3020/2934/2789
f 2937/2852/2715 3020/2934/2789 3021/2936/145
f 3021/2936/145 3018/2935/69 3022/2937/146
f 2920/2836/135 2937/2852/2715 3021/2936/145
f 3023/2938/2790 3024/2939/2791 3025/2940/2792
f 3026/2941/2793 3027/2942/2794 3028/2943/2795
f 3029/2944/2796 3030/2945/2797 3027/2942/2794
f 3027/2942/2794 3026/2941/2793 3029/2944/2796
f 3031/2946/2798 3028/2943/2795 3025/2940/2792
f 3028/2943/2795 3031/2946/2798 3026/2941/2793
f 3032/2947/2799 3025/2940/2792 3024/2939/2791
f 3025/2940/2792 3032/2947/2799 3031/2946/2798
f 3030/2945/2797 3029/2944/2796 3033/2948/2800
f 3033/2948/2800 3034/2949/2801 3030/2945/2797
f 3035/2950/2802 3029/2944/2796 3026/2941/2793
f 3034/2949/2801 3033/2948/2800 3036/2951/2618
f 3038/2952/2803 3033/2948/2800 3029/2944/2796
f 3029/2944/2796 3035/2950/2802 3038/2952/2803
f 3039/2953/2804 3036/2951/2618 3033/2948/2800
f 3033/2948/2800 3038/2952/2803 3039/2953/2804
f 3036/2951/2618 3039/2953/2804 3040/2954/2805
f 3037/2955/2619 3040/2954/2805 3041/2956/2806
f 3040/2954/2805 3042/2957/2807 3041/2956/2806
f 3040/2954/2805 3043/2958/2808 3042/2957/2807
f 3039/2953/2804 3043/2958/2808 3040/2954/2805
f 3043/2958/2808 3044/2959/2809 3042/2957/2807
f 3038/2952/2803 3045/2960/2810 3039/2953/2804
f 3045/2960/2810 3043/2958/2808 3039/2953/2804
f 3043/2958/2808 3046/2961/2811 3044/2959/2809
f 3045/2960/2810 3046/2961/2811 3043/2958/2808
f 3046/2961/2811 3047/2962/1944 3044/2959/2809
f 3045/2960/2810 3038/2952/2803 3048/2963/2812
f 3035/2950/2802 3048/2963/2812 3038/2952/2803
f 3049/2964/2813 3046/2961/2811 3045/2960/2810
f 3048/2963/2812 3049/2964/2813 3045/2960/2810
f 3046/2961/2811 3050/2965/2814 3047/2962/1944
f 3049/2964/2813 3050/2965/2814 3046/2961/2811
f 3050/2965/2814 3051/2966/2815 3047/2962/1944
f 3050/2965/2814 3052/2967/2816 3051/2966/2815
f 3052/2967/2816 3053/2968/2817 3051/2966/2815
f 3054/2969/2818 3050/2965/2814 3049/2964/2813
f 3054/2969/2818 3052/2967/2816 3050/2965/2814
f 3049/2964/2813 3048/2963/2812 3055/2970/2819
f 3055/2970/2819 3054/2969/2818 3049/2964/2813
f 3056/2971/2820 3055/2970/2819 3048/2963/2812
f 3048/2963/2812 3035/2950/2802 3056/2971/2820
f 3052/2967/2816 3057/2972/2821 3053/2968/2817
f 3057/2972/2821 3058/2973/2822 3053/2968/2817
f 3059/2974/2823 3052/2967/2816 3054/2969/2818
f 3059/2974/2823 3057/2972/2821 3052/2967/2816
f 3054/2969/2818 3055/2970/2819 3060/2975/2824
f 3060/2975/2824 3059/2974/2823 3054/2969/2818
f 3061/2976/2820 3060/2975/2824 3055/2970/2819
f 3055/2970/2819 3056/2971/2820 3061/2976/2820
f 3057/2972/2821 3062/2977/2825 3058/2973/2822
f 3062/2977/2825 3063/2978/2822 3058/2973/2822
f 3064/2979/2826 3057/2972/2821 3059/2974/2823
f 3064/2979/2826 3062/2977/2825 3057/2972/2821
f 3059/2974/2823 3060/2975/2824 3065/2980/2824
f 3065/2980/2824 3064/2979/2826 3059/2974/2823
f 3066/2981/2827 3065/2980/2824 3060/2975/2824
f 3060/2975/2824 3061/2976/2820 3066/2981/2827
f 3062/2977/2825 3067/2982/2828 3063/2978/2822
f 3067/2982/2828 3068/2983/2829 3063/2978/2822
f 3069/2984/2826 3062/2977/2825 3064/2979/2826
f 3069/2984/2826 3067/2982/2828 3062/2977/2825
f 3064/2979/2826 3065/2980/2824 3070/2985/2830
f 3070/2985/2830 3069/2984/2826 3064/2979/2826
f 3071/2986/2831 3070/2985/2830 3065/2980/2824
f 3065/2980/2824 3066/2981/2827 3071/2986/2831
f 3067/2982/2828 3072/2987/2832 3068/2983/2829
f 3072/2987/2832 3073/2988/2833 3068/2983/2829
f 3074/2989/2834 3067/2982/2828 3069/2984/2826
f 3074/2989/2834 3072/2987/2832 3067/2982/2828
f 3069/2984/2826 3070/2985/2830 3075/2990/2835
f 3075/2990/2835 3074/2989/2834 3069/2984/2826
f 3076/2991/2836 3075/2990/2835 3070/2985/2830
f 3070/2985/2830 3071/2986/2831 3076/2991/2836
f 3072/2987/2832 3077/2992/2837 3073/2988/2833
f 3077/2992/2837 3078/2993/2838 3073/2988/2833
f 3079/2994/2839 3072/2987/2832 3074/2989/2834
f 3079/2994/2839 3077/2992/2837 3072/2987/2832
f 3074/2989/2834 3075/2990/2835 3080/2995/2840
f 3080/2995/2840 3079/2994/2839 3074/2989/2834
f 3081/2996/2841 3080/2995/2840 3075/2990/2835
f 3075/2990/2835 3076/2991/2836 3081/2996/2841
f 3077/2992/2837 3082/2997/2832 3078/2993/2838
f 3082/2997/2832 3083/2998/2624 3078/2993/2838
f 3084/2999/2842 3077/2992/2837 3079/2994/2839
f 3084/2999/2842 3082/2997/2832 3077/2992/2837
f 3079/2994/2839 3080/2995/2840 3085/3000/2843
f 3085/3000/2843 3084/2999/2842 3079/2994/2839
f 3086/3001/2844 3085/3000/2843 3080/2995/2840
f 3080/2995/2840 3081/2996/2841 3086/3001/2844
f 3082/2997/2832 3087/3002/2845 3083/2998/2624
f 3087/3002/2845 3088/3003/2624 3083/2998/2624
f 3089/3004/2846 3082/2997/2832 3084/2999/2842
f 3089/3004/2846 3087/3002/2845 3082/2997/2832
f 3084/2999/2842 3085/3000/2843 3090/3005/2847
f 3090/3005/2847 3089/3004/2846 3084/2999/2842
f 3091/3006/2848 3090/3005/2847 3085/3000/2843
f 3085/3000/2843 3086/3001/2844 3091/3006/2848
f 3087/3002/2845 3092/3007/2849 3088/3003/2624
f 3092/3007/2849 3093/3008/2850 3088/3003/2624
f 3094/3009/2851 3087/3002/2845 3089/3004/2846
f 3094/3009/2851 3092/3007/2849 3087/3002/2845
f 3089/3004/2846 3090/3005/2847 3095/3010/2852
f 3095/3010/2852 3094/3009/2851 3089/3004/2846
f 3096/3011/2853 3095/3010/2852 3090/3005/2847
f 3090/3005/2847 3091/3006/2848 3096/3011/2853
f 3092/3007/2849 3097/3012/2854 3093/3008/2850
f 3097/3012/2854 3098/3013/2624 3093/3008/2850
f 3099/3014/2846 3092/3007/2849 3094/3009/2851
f 3099/3014/2846 3097/3012/2854 3092/3007/2849
f 3094/3009/2851 3095/3010/2852 3100/3015/2855
f 3100/3015/2855 3099/3014/2846 3094/3009/2851
f 3101/3016/2856 3100/3015/2855 3095/3010/2852
f 3095/3010/2852 3096/3011/2853 3101/3016/2856
f 3104/3017/2857 3097/3012/2854 3099/3014/2846
f 3104/3017/2857 3102/3018/2623 3097/3012/2854
f 3099/3014/2846 3100/3015/2855 3105/3019/2858
f 3105/3019/2858 3104/3017/2857 3099/3014/2846
f 3106/3020/2859 3105/3019/2858 3100/3015/2855
f 3100/3015/2855 3101/3016/2856 3106/3020/2859
f 3102/3018/2623 3107/3021/2860 3103/3022/2861
f 3107/3021/2860 3108/3023/2829 3103/3022/2861
f 3109/3024/2862 3102/3018/2623 3104/3017/2857
f 3109/3024/2862 3107/3021/2860 3102/3018/2623
f 3104/3017/2857 3105/3019/2858 3110/3025/2863
f 3110/3025/2863 3109/3024/2862 3104/3017/2857
f 3111/3026/2864 3110/3025/2863 3105/3019/2858
f 3105/3019/2858 3106/3020/2859 3111/3026/2864
f 3107/3021/2860 3112/3027/2865 3108/3023/2829
f 3112/3027/2865 3113/3028/2866 3108/3023/2829
f 3114/3029/2867 3107/3021/2860 3109/3024/2862
f 3114/3029/2867 3112/3027/2865 3107/3021/2860
f 3109/3024/2862 3110/3025/2863 3115/3030/2868
f 3115/3030/2868 3114/3029/2867 3109/3024/2862
f 3116/3031/2869 3115/3030/2868 3110/3025/2863
f 3110/3025/2863 3111/3026/2864 3116/3031/2869
f 3112/3027/2865 3117/3032/2870 3113/3028/2866
f 3117/3032/2870 3118/3033/1944 3113/3028/2866
f 3119/3034/2871 3112/3027/2865 3114/3029/2867
f 3119/3034/2871 3117/3032/2870 3112/3027/2865
f 3114/3029/2867 3115/3030/2868 3120/3035/2872
f 3120/3035/2872 3119/3034/2871 3114/3029/2867
f 3121/3036/2873 3120/3035/2872 3115/3030/2868
f 3115/3030/2868 3116/3031/2869 3121/3036/2873
f 3117/3032/2870 3122/3037/2821 3118/3033/1944
f 3122/3037/2821 3123/3038/2874 3118/3033/1944
f 3124/3039/2875 3117/3032/2870 3119/3034/2871
f 3124/3039/2875 3122/3037/2821 3117/3032/2870
f 3119/3034/2871 3120/3035/2872 3125/3040/2876
f 3125/3040/2876 3124/3039/2875 3119/3034/2871
f 3126/3041/2869 3125/3040/2876 3120/3035/2872
f 3120/3035/2872 3121/3036/2873 3126/3041/2869
f 3127/3042/2877 3128/3043/2878 3129/3044/2879
f 3128/3043/2878 3130/3045/2880 3129/3044/2879
f 3130/3045/2880 3131/3046/2881 3129/3044/2879
f 3129/3044/2879 3132/3047/2882 3127/3042/2877
f 3132/3047/2882 3129/3044/2879 3131/3046/2881
f 3133/3048/2883 3127/3042/2877 3132/3047/2882
f 3127/3042/2877 3133/3048/2883 3134/3049/2884
f 3131/3046/2881 3135/3050/2885 3132/3047/2882
f 3135/3050/2885 3131/3046/2881 3136/3051/2886
f 3132/3047/2882 3137/3052/2887 3133/3048/2883
f 3137/3052/2887 3132/3047/2882 3135/3050/2885
f 3138/3053/2888 3134/3049/2884 3133/3048/2883
f 3139/3054/2889 3133/3048/2883 3137/3052/2887
f 3133/3048/2883 3139/3054/2889 3138/3053/2888
f 3136/3051/2886 3140/3055/2890 3135/3050/2885
f 3140/3055/2890 3136/3051/2886 3141/3056/2891
f 3135/3050/2885 3142/3057/2892 3137/3052/2887
f 3142/3057/2892 3135/3050/2885 3140/3055/2890
f 3137/3052/2887 3143/3058/2893 3139/3054/2889
f 3143/3058/2893 3137/3052/2887 3142/3057/2892
f 3139/3054/2889 3144/3059/2711 3138/3053/2888
f 3143/3058/2893 3145/3060/2894 3139/3054/2889
f 3144/3059/2711 3139/3054/2889 3145/3060/2894
f 3142/3057/2892 3024/2939/2791 3143/3058/2893
f 3134/3049/2884 3138/3053/2888 3146/3061/2895
f 3144/3059/2711 3146/3061/2895 3138/3053/2888
f 3147/3062/2896 3134/3049/2884 3146/3061/2895
f 3145/3060/2894 3143/3058/2893 3023/2938/2790
f 3024/2939/2791 3023/2938/2790 3143/3058/2893
f 3146/3061/2895 3148/3063/2897 3147/3062/2896
f 3149/3064/2898 3147/3062/2896 3148/3063/2897
f 3146/3061/2895 3144/3059/2711 3150/3065/2899
f 3148/3063/2897 3146/3061/2895 3150/3065/2899
f 3148/3063/2897 3151/3066/2900 3149/3064/2898
f 3151/3066/2900 3152/3067/2901 3149/3064/2898
f 3150/3065/2899 3153/3068/2902 3148/3063/2897
f 3151/3066/2900 3148/3063/2897 3153/3068/2902
f 3144/3059/2711 3154/3069/2903 3150/3065/2899
f 3153/3068/2902 3150/3065/2899 3154/3069/2903
f 3155/3070/2904 3151/3066/2900 3153/3068/2902
f 3154/3069/2903 3155/3070/2904 3153/3068/2902
f 3152/3067/2901 3151/3066/2900 3156/3071/2905
f 3156/3071/2905 3157/3072/2906 3152/3067/2901
f 3157/3072/2906 3156/3071/2905 3158/3073/2907
f 3159/3074/2908 3156/3071/2905 3151/3066/2900
f 3151/3066/2900 3155/3070/2904 3159/3074/2908
f 3160/3075/2909 3158/3073/2907 3156/3071/2905
f 3156/3071/2905 3159/3074/2908 3160/3075/2909
f 3158/3073/2907 3160/3075/2909 3161/3076/2910
f 3162/3077/2911 3158/3073/2907 3161/3076/2910
f 3163/3078/2912 3160/3075/2909 3159/3074/2908
f 3155/3070/2904 3163/3078/2912 3159/3074/2908
f 3164/3079/2913 3161/3076/2910 3160/3075/2909
f 3160/3075/2909 3163/3078/2912 3164/3079/2913
f 3161/3076/2910 3165/3080/2914 3162/3077/2911
f 3166/3081/2915 3162/3077/2911 3165/3080/2914
f 3161/3076/2910 3164/3079/2913 3167/3082/2916
f 3165/3080/2914 3161/3076/2910 3167/3082/2916
f 3165/3080/2914 3168/3083/2917 3166/3081/2915
f 3167/3082/2916 3169/3084/2918 3165/3080/2914
f 3168/3083/2917 3165/3080/2914 3169/3084/2918
f 3008/2923/2782 3166/3081/2915 3168/3083/2917
f 3169/3084/2918 3167/3082/2916 3170/3085/2630
f 3167/3082/2916 3171/3086/2632 3170/3085/2630
f 3164/3079/2913 3171/3086/2632 3167/3082/2916
f 3164/3079/2913 3172/3087/2634 3171/3086/2632
f 3163/3078/2912 3172/3087/2634 3164/3079/2913
f 3173/3088/2919 3172/3087/2634 3163/3078/2912
f 3163/3078/2912 3155/3070/2904 3173/3088/2919
f 3172/3087/2634 3173/3088/2919 3174/3089/2634
f 3175/3090/2920 3173/3088/2919 3155/3070/2904
f 3155/3070/2904 3154/3069/2903 3175/3090/2920
f 3176/3091/2919 3174/3089/2634 3173/3088/2919
f 3173/3088/2919 3175/3090/2920 3176/3091/2919
f 3174/3089/2634 3176/3091/2919 3177/3092/2921
f 3176/3091/2919 3178/3093/2922 3177/3092/2921
f 3175/3090/2920 3179/3094/2923 3176/3091/2919
f 3179/3094/2923 3178/3093/2922 3176/3091/2919
f 3179/3094/2923 3180/3095/2641 3178/3093/2922
f 3179/3094/2923 3175/3090/2920 3181/3096/2924
f 3154/3069/2903 3181/3096/2924 3175/3090/2920
f 3182/3097/2925 3180/3095/2641 3179/3094/2923
f 3181/3096/2924 3182/3097/2925 3179/3094/2923
f 3182/3097/2925 3183/3098/2926 3180/3095/2641
f 3184/3099/2927 3183/3098/2926 3182/3097/2925
f 3184/3099/2927 3034/2949/2801 3183/3098/2926
f 3182/3097/2925 3181/3096/2924 3185/3100/2928
f 3185/3100/2928 3184/3099/2927 3182/3097/2925
f 3181/3096/2924 3154/3069/2903 3186/3101/2929
f 3186/3101/2929 3185/3100/2928 3181/3096/2924
f 3154/3069/2903 3144/3059/2711 3186/3101/2929
f 3145/3060/2894 3186/3101/2929 3144/3059/2711
f 3186/3101/2929 3145/3060/2894 3187/3102/2796
f 3185/3100/2928 3186/3101/2929 3187/3102/2796
f 3023/2938/2790 3187/3102/2796 3145/3060/2894
f 3184/3099/2927 3185/3100/2928 3188/3103/2862
f 3187/3102/2796 3188/3103/2862 3185/3100/2928
f 3187/3102/2796 3023/2938/2790 3189/3104/2930
f 3188/3103/2862 3187/3102/2796 3189/3104/2930
f 3025/2940/2792 3189/3104/2930 3023/2938/2790
f 3188/3103/2862 3030/2945/2797 3184/3099/2927
f 3030/2945/2797 3034/2949/2801 3184/3099/2927
f 3189/3104/2930 3027/2942/2794 3188/3103/2862
f 3030/2945/2797 3188/3103/2862 3027/2942/2794
f 3027/2942/2794 3189/3104/2930 3028/2943/2795
f 3189/3104/2930 3025/2940/2792 3028/2943/2795
f 3190/3105/2931 3191/3106/2932 3192/3107/2933
f 3192/3107/2933 3193/3108/2934 3190/3105/2931
f 3191/3106/2932 3190/3105/2931 3194/3109/2935
f 3195/3110/2936 3191/3106/2932 3194/3109/2935
f 3196/3111/2937 3190/3105/2931 3193/3108/2934
f 3197/3112/2938 3195/3110/2936 3194/3109/2935
f 3195/3110/2936 3197/3112/2938 3198/3113/2939
f 3199/3114/463 3198/3113/2939 3197/3112/2938
f 3200/3115/2940 3194/3109/2935 3190/3105/2931
f 3194/3109/2935 3200/3115/2940 3197/3112/2938
f 3190/3105/2931 3196/3111/2937 3200/3115/2940
f 3199/3114/463 3197/3112/2938 3201/3116/2941
f 3201/3116/2941 3197/3112/2938 3200/3115/2940
f 3196/3111/2937 3201/3116/2941 3200/3115/2940
f 3201/3116/2941 3196/3111/2937 3202/3117/287
f 3202/3117/287 3196/3111/2937 3204/3118/2942
f 3193/3108/2934 3205/3119/2943 3196/3111/2937
f 3204/3118/2942 3196/3111/2937 3205/3119/2943
f 3205/3119/2943 3193/3108/2934 3206/3120/2944
f 3204/3118/2942 3205/3119/2943 3207/3121/2945
f 3206/3120/2944 3208/3122/2946 3205/3119/2943
f 3207/3121/2945 3205/3119/2943 3208/3122/2946
f 3208/3122/2946 3206/3120/2944 3209/3123/2947
f 3207/3121/2945 3208/3122/2946 3210/3124/2948
f 3209/3123/2947 3211/3125/2949 3208/3122/2946
f 3210/3124/2948 3208/3122/2946 3211/3125/2949
f 3211/3125/2949 3209/3123/2947 3212/3126/2950
f 3212/3126/2950 3213/3127/2951 3211/3125/2949
f 3213/3127/2951 3212/3126/2950 3214/3128/2952
f 3210/3124/2948 3211/3125/2949 3215/3129/2953
f 3215/3129/2953 3211/3125/2949 3213/3127/2951
f 3216/3130/2954 3210/3124/2948 3215/3129/2953
f 3217/3131/2955 3218/3132/2956 3219/3133/2957
f 3218/3132/2956 3220/3134/2958 3219/3133/2957
f 3219/3133/2957 3221/3135/2959 3217/3131/2955
f 3221/3135/2959 3219/3133/2957 3222/3136/2960
f 3220/3134/2958 3222/3136/2960 3219/3133/2957
f 3222/3136/2960 3141/3056/2891 3221/3135/2959
f 3223/3137/2961 3221/3135/2959 3141/3056/2891
f 3141/3056/2891 3222/3136/2960 3140/3055/2890
f 3224/3138/2962 3221/3135/2959 3223/3137/2961
f 3224/3138/2962 3217/3131/2955 3221/3135/2959
f 3223/3137/2961 3225/3139/2963 3224/3138/2962
f 3226/3140/2964 3140/3055/2890 3222/3136/2960
f 3222/3136/2960 3220/3134/2958 3226/3140/2964
f 3140/3055/2890 3226/3140/2964 3142/3057/2892
f 3024/2939/2791 3142/3057/2892 3226/3140/2964
f 3220/3134/2958 3024/2939/2791 3226/3140/2964
f 3024/2939/2791 3220/3134/2958 3032/2947/2799
f 3225/3139/2963 3227/3141/2965 3224/3138/2962
f 3227/3141/2965 3217/3131/2955 3224/3138/2962
f 3228/3142/302 3227/3141/2965 3225/3139/2963
f 3229/3143/2966 3032/2947/2799 3220/3134/2958
f 3230/3144/2967 3227/3141/2965 3228/3142/302
f 3220/3134/2958 3218/3132/2956 3229/3143/2966
f 3231/3145/2968 3217/3131/2955 3227/3141/2965
f 3227/3141/2965 3230/3144/2967 3231/3145/2968
f 3218/3132/2956 3217/3131/2955 3232/3146/2969
f 3217/3131/2955 3231/3145/2968 3232/3146/2969
f 3032/2947/2799 3229/3143/2966 3233/3147/2970
f 3233/3147/2970 3031/2946/2798 3032/2947/2799
f 3218/3132/2956 3234/3148/2971 3229/3143/2966
f 3031/2946/2798 3233/3147/2970 3235/3149/2972
f 3235/3149/2972 3026/2941/2793 3031/2946/2798
f 3026/2941/2793 3235/3149/2972 3035/2950/2802
f 3235/3149/2972 3056/2971/2820 3035/2950/2802
f 3056/2971/2820 3235/3149/2972 3236/3150/2973
f 3233/3147/2970 3236/3150/2973 3235/3149/2972
f 3236/3150/2973 3061/2976/2820 3056/2971/2820
f 3229/3143/2966 3237/3151/2974 3233/3147/2970
f 3236/3150/2973 3233/3147/2970 3237/3151/2974
f 3237/3151/2974 3229/3143/2966 3234/3148/2971
f 3061/2976/2820 3236/3150/2973 3238/3152/2975
f 3237/3151/2974 3238/3152/2975 3236/3150/2973
f 3238/3152/2975 3066/2981/2827 3061/2976/2820
f 3234/3148/2971 3239/3153/2976 3237/3151/2974
f 3238/3152/2975 3237/3151/2974 3239/3153/2976
f 3066/2981/2827 3238/3152/2975 3240/3154/2977
f 3239/3153/2976 3240/3154/2977 3238/3152/2975
f 3240/3154/2977 3071/2986/2831 3066/2981/2827
f 3071/2986/2831 3240/3154/2977 3241/3155/2978
f 3241/3155/2978 3076/2991/2836 3071/2986/2831
f 3240/3154/2977 3239/3153/2976 3242/3156/2979
f 3242/3156/2979 3241/3155/2978 3240/3154/2977
f 3239/3153/2976 3234/3148/2971 3243/3157/2905
f 3243/3157/2905 3242/3156/2979 3239/3153/2976
f 3244/3158/2980 3243/3157/2905 3234/3148/2971
f 3234/3148/2971 3218/3132/2956 3244/3158/2980
f 3232/3146/2969 3244/3158/2980 3218/3132/2956
f 3076/2991/2836 3241/3155/2978 3245/3159/2981
f 3245/3159/2981 3081/2996/2841 3076/2991/2836
f 3241/3155/2978 3242/3156/2979 3246/3160/2982
f 3246/3160/2982 3245/3159/2981 3241/3155/2978
f 3244/3158/2980 3232/3146/2969 3247/3161/2969
f 3231/3145/2968 3247/3161/2969 3232/3146/2969
f 3247/3161/2969 3248/3162/2983 3244/3158/2980
f 3243/3157/2905 3244/3158/2980 3248/3162/2983
f 3249/3163/2984 3247/3161/2969 3231/3145/2968
f 3242/3156/2979 3243/3157/2905 3250/3164/2985
f 3248/3162/2983 3250/3164/2985 3243/3157/2905
f 3250/3164/2985 3246/3160/2982 3242/3156/2979
f 3248/3162/2983 3247/3161/2969 3251/3165/2986
f 3249/3163/2984 3251/3165/2986 3247/3161/2969
f 3250/3164/2985 3248/3162/2983 3252/3166/2987
f 3251/3165/2986 3252/3166/2987 3248/3162/2983
f 3230/3144/2967 3249/3163/2984 3231/3145/2968
f 3252/3166/2987 3253/3167/2988 3250/3164/2985
f 3246/3160/2982 3250/3164/2985 3253/3167/2988
f 3252/3166/2987 3251/3165/2986 3254/3168/2989
f 3253/3167/2988 3255/3169/2990 3246/3160/2982
f 3245/3159/2981 3246/3160/2982 3255/3169/2990
f 3253/3167/2988 3252/3166/2987 3256/3170/2991
f 3254/3168/2989 3256/3170/2991 3252/3166/2987
f 3255/3169/2990 3253/3167/2988 3257/3171/2992
f 3256/3170/2991 3257/3171/2992 3253/3167/2988
f 3255/3169/2990 3258/3172/2993 3245/3159/2981
f 3081/2996/2841 3245/3159/2981 3258/3172/2993
f 3258/3172/2993 3086/3001/2844 3081/2996/2841
f 3258/3172/2993 3255/3169/2990 3259/3173/2994
f 3257/3171/2992 3259/3173/2994 3255/3169/2990
f 3086/3001/2844 3258/3172/2993 3260/3174/2995
f 3259/3173/2994 3260/3174/2995 3258/3172/2993
f 3260/3174/2995 3091/3006/2848 3086/3001/2844
f 3091/3006/2848 3260/3174/2995 3261/3175/2996
f 3261/3175/2996 3096/3011/2853 3091/3006/2848
f 3260/3174/2995 3259/3173/2994 3262/3176/2997
f 3262/3176/2997 3261/3175/2996 3260/3174/2995
f 3259/3173/2994 3257/3171/2992 3263/3177/2998
f 3263/3177/2998 3262/3176/2997 3259/3173/2994
f 3264/3178/2999 3263/3177/2998 3257/3171/2992
f 3257/3171/2992 3256/3170/2991 3264/3178/2999
f 3096/3011/2853 3261/3175/2996 3265/3179/3000
f 3265/3179/3000 3101/3016/2856 3096/3011/2853
f 3261/3175/2996 3262/3176/2997 3266/3180/3001
f 3266/3180/3001 3265/3179/3000 3261/3175/2996
f 3262/3176/2997 3263/3177/2998 3267/3181/2908
f 3267/3181/2908 3266/3180/3001 3262/3176/2997
f 3214/3128/2952 3267/3181/2908 3263/3177/2998
f 3263/3177/2998 3264/3178/2999 3214/3128/2952
f 3101/3016/2856 3265/3179/3000 3268/3182/3002
f 3268/3182/3002 3106/3020/2859 3101/3016/2856
f 3265/3179/3000 3266/3180/3001 3269/3183/3003
f 3269/3183/3003 3268/3182/3002 3265/3179/3000
f 3266/3180/3001 3267/3181/2908 3270/3184/3004
f 3270/3184/3004 3269/3183/3003 3266/3180/3001
f 3212/3126/2950 3270/3184/3004 3267/3181/2908
f 3267/3181/2908 3214/3128/2952 3212/3126/2950
f 3106/3020/2859 3268/3182/3002 3271/3185/3005
f 3271/3185/3005 3111/3026/2864 3106/3020/2859
f 3111/3026/2864 3271/3185/3005 3272/3186/3006
f 3273/3187/3007 3271/3185/3005 3268/3182/3002
f 3268/3182/3002 3269/3183/3003 3273/3187/3007
f 3274/3188/3008 3272/3186/3006 3271/3185/3005
f 3271/3185/3005 3273/3187/3007 3274/3188/3008
f 3272/3186/3006 3274/3188/3008 3275/3189/3009
f 3276/3190/2982 3273/3187/3007 3269/3183/3003
f 3269/3183/3003 3270/3184/3004 3276/3190/2982
f 3277/3191/3010 3274/3188/3008 3273/3187/3007
f 3273/3187/3007 3276/3190/2982 3277/3191/3010
f 3192/3107/2933 3275/3189/3009 3274/3188/3008
f 3274/3188/3008 3277/3191/3010 3192/3107/2933
f 3275/3189/3009 3192/3107/2933 3191/3106/2932
f 3209/3123/2947 3276/3190/2982 3270/3184/3004
f 3270/3184/3004 3212/3126/2950 3209/3123/2947
f 3206/3120/2944 3277/3191/3010 3276/3190/2982
f 3276/3190/2982 3209/3123/2947 3206/3120/2944
f 3193/3108/2934 3192/3107/2933 3277/3191/3010
f 3277/3191/3010 3206/3120/2944 3193/3108/2934
f 3278/3192/3011 3280/3193/3012 3279/3194/3013
f 3278/3192/3011 3281/3195/3014 3280/3193/3012
f 3279/3194/3013 3280/3193/3012 3282/3196/3015
f 3281/3195/3014 3283/3197/3016 3280/3193/3012
f 3280/3193/3012 3283/3197/3016 3282/3196/3015
f 3279/3194/3013 3282/3196/3015 3284/3198/3017
f 3282/3196/3015 3283/3197/3016 3285/3199/2973
f 3283/3197/3016 3281/3195/3014 3286/3200/3018
f 3284/3198/3017 3282/3196/3015 3287/3201/3019
f 3282/3196/3015 3285/3199/2973 3287/3201/3019
f 3288/3202/3020 3285/3199/2973 3283/3197/3016
f 3286/3200/3018 3288/3202/3020 3283/3197/3016
f 3281/3195/3014 3289/3203/3021 3286/3200/3018
f 3290/3204/3022 3289/3203/3021 3281/3195/3014
f 3290/3204/3022 3291/3205/3023 3289/3203/3021
f 3292/3206/3024 3291/3205/3023 3290/3204/3022
f 3292/3206/3024 3128/3043/2878 3291/3205/3023
f 3293/3207/3025 3289/3203/3021 3291/3205/3023
f 3294/3208/3026 3286/3200/3018 3289/3203/3021
f 3289/3203/3021 3293/3207/3025 3294/3208/3026
f 3286/3200/3018 3294/3208/3026 3295/3209/3027
f 3288/3202/3020 3286/3200/3018 3295/3209/3027
f 3296/3210/3028 3291/3205/3023 3128/3043/2878
f 3291/3205/3023 3296/3210/3028 3293/3207/3025
f 3128/3043/2878 3127/3042/2877 3296/3210/3028
f 3297/3211/3029 3294/3208/3026 3293/3207/3025
f 3298/3212/3030 3293/3207/3025 3296/3210/3028
f 3293/3207/3025 3298/3212/3030 3297/3211/3029
f 3296/3210/3028 3134/3049/2884 3298/3212/3030
f 3134/3049/2884 3296/3210/3028 3127/3042/2877
f 3147/3062/2896 3297/3211/3029 3298/3212/3030
f 3134/3049/2884 3147/3062/2896 3298/3212/3030
f 3294/3208/3026 3297/3211/3029 3299/3213/3031
f 3299/3213/3031 3295/3209/3027 3294/3208/3026
f 3300/3214/3032 3299/3213/3031 3297/3211/3029
f 3297/3211/3029 3147/3062/2896 3300/3214/3032
f 3295/3209/3027 3299/3213/3031 3301/3215/3033
f 3299/3213/3031 3300/3214/3032 3302/3216/3034
f 3302/3216/3034 3301/3215/3033 3299/3213/3031
f 3147/3062/2896 3149/3064/2898 3300/3214/3032
f 3149/3064/2898 3302/3216/3034 3300/3214/3032
f 3303/3217/3035 3295/3209/3027 3301/3215/3033
f 3295/3209/3027 3303/3217/3035 3288/3202/3020
f 3301/3215/3033 3302/3216/3034 3304/3218/3036
f 3302/3216/3034 3149/3064/2898 3152/3067/2901
f 3152/3067/2901 3304/3218/3036 3302/3216/3034
f 3305/3219/3037 3301/3215/3033 3304/3218/3036
f 3301/3215/3033 3305/3219/3037 3303/3217/3035
f 3304/3218/3036 3152/3067/2901 3157/3072/2906
f 3304/3218/3036 3306/3220/3038 3305/3219/3037
f 3306/3220/3038 3304/3218/3036 3157/3072/2906
f 3307/3221/3039 3303/3217/3035 3305/3219/3037
f 3308/3222/3040 3305/3219/3037 3306/3220/3038
f 3305/3219/3037 3308/3222/3040 3307/3221/3039
f 3157/3072/2906 3309/3223/2932 3306/3220/3038
f 3306/3220/3038 3310/3224/3041 3308/3222/3040
f 3310/3224/3041 3306/3220/3038 3309/3223/2932
f 3309/3223/2932 3157/3072/2906 3158/3073/2907
f 3311/3225/3042 3308/3222/3040 3310/3224/3041
f 3309/3223/2932 3312/3226/3043 3310/3224/3041
f 3308/3222/3040 3311/3225/3042 3313/3227/3044
f 3313/3227/3044 3307/3221/3039 3308/3222/3040
f 3310/3224/3041 3314/3228/3045 3311/3225/3042
f 3314/3228/3045 3310/3224/3041 3312/3226/3043
f 3311/3225/3042 3315/3229/3046 3313/3227/3044
f 3314/3228/3045 3316/3230/3047 3311/3225/3042
f 3315/3229/3046 3311/3225/3042 3316/3230/3047
f 3312/3226/3043 3309/3223/2932 3162/3077/2911
f 3158/3073/2907 3162/3077/2911 3309/3223/2932
f 3312/3226/3043 3317/3231/3048 3314/3228/3045
f 3316/3230/3047 3314/3228/3045 3318/3232/2976
f 3317/3231/3048 3318/3232/2976 3314/3228/3045
f 3317/3231/3048 3312/3226/3043 3166/3081/2915
f 3162/3077/2911 3166/3081/2915 3312/3226/3043
f 3318/3232/2976 3317/3231/3048 3006/2921/2780
f 3166/3081/2915 3008/2923/2782 3317/3231/3048
f 3317/3231/3048 3008/2923/2782 3006/2921/2780
f 3006/2921/2780 3005/2920/2779 3318/3232/2976
f 3318/3232/2976 3319/3233/3049 3316/3230/3047
f 3319/3233/3049 3318/3232/2976 3005/2920/2779
f 3320/3234/3050 3316/3230/3047 3319/3233/3049
f 3316/3230/3047 3320/3234/3050 3315/3229/3046
f 3005/2920/2779 3321/3235/3001 3319/3233/3049
f 3319/3233/3049 3322/3236/3051 3320/3234/3050
f 3322/3236/3051 3319/3233/3049 3321/3235/3001
f 3323/3237/3052 3315/3229/3046 3320/3234/3050
f 3324/3238/3053 3320/3234/3050 3322/3236/3051
f 3320/3234/3050 3324/3238/3053 3323/3237/3052
f 3315/3229/3046 3323/3237/3052 3325/3239/3054
f 3325/3239/3054 3313/3227/3044 3315/3229/3046
f 3313/3227/3044 3325/3239/3054 3326/3240/3055
f 3307/3221/3039 3313/3227/3044 3326/3240/3055
f 3327/3241/3056 3325/3239/3054 3323/3237/3052
f 3328/3242/3057 3323/3237/3052 3324/3238/3053
f 3323/3237/3052 3328/3242/3057 3327/3241/3056
f 3329/3243/3058 3326/3240/3055 3325/3239/3054
f 3325/3239/3054 3327/3241/3056 3329/3243/3058
f 3330/3244/3059 3307/3221/3039 3326/3240/3055
f 3326/3240/3055 3329/3243/3058 3330/3244/3059
f 3307/3221/3039 3330/3244/3059 3331/3245/3060
f 3303/3217/3035 3307/3221/3039 3331/3245/3060
f 3331/3245/3060 3288/3202/3020 3303/3217/3035
f 3288/3202/3020 3331/3245/3060 3332/3246/3061
f 3285/3199/2973 3288/3202/3020 3332/3246/3061
f 3333/3247/3062 3331/3245/3060 3330/3244/3059
f 3331/3245/3060 3333/3247/3062 3332/3246/3061
f 3332/3246/3061 3334/3248/3063 3285/3199/2973
f 3334/3248/3063 3332/3246/3061 3333/3247/3062
f 3287/3201/3019 3285/3199/2973 3334/3248/3063
f 3330/3244/3059 3335/3249/2840 3333/3247/3062
f 3335/3249/2840 3330/3244/3059 3329/3243/3058
f 3333/3247/3062 3336/3250/2910 3334/3248/3063
f 3336/3250/2910 3333/3247/3062 3335/3249/2840
f 3287/3201/3019 3334/3248/3063 3337/3251/3064
f 3337/3251/3064 3334/3248/3063 3336/3250/2910
f 3338/3252/964 3287/3201/3019 3337/3251/3064
f 3284/3198/3017 3287/3201/3019 3338/3252/964
f 3329/3243/3058 3339/3253/3065 3335/3249/2840
f 3339/3253/3065 3329/3243/3058 3327/3241/3056
f 3335/3249/2840 3340/3254/3066 3336/3250/2910
f 3340/3254/3066 3335/3249/2840 3339/3253/3065
f 3337/3251/3064 3336/3250/2910 3341/3255/3067
f 3341/3255/3067 3336/3250/2910 3340/3254/3066
f 3342/3256/3068 3337/3251/3064 3341/3255/3067
f 3338/3252/964 3337/3251/3064 3342/3256/3068
f 3327/3241/3056 3343/3257/3069 3339/3253/3065
f 3343/3257/3069 3327/3241/3056 3328/3242/3057
f 3339/3253/3065 3344/3258/2932 3340/3254/3066
f 3344/3258/2932 3339/3253/3065 3343/3257/3069
f 3341/3255/3067 3340/3254/3066 3345/3259/3070
f 3345/3259/3070 3340/3254/3066 3344/3258/2932
f 3346/3260/3071 3341/3255/3067 3345/3259/3070
f 3342/3256/3068 3341/3255/3067 3346/3260/3071
f 3345/3259/3070 3344/3258/2932 3347/3261/3072
f 3348/3262/3073 3344/3258/2932 3343/3257/3069
f 3346/3260/3071 3345/3259/3070 3349/3263/3074
f 3349/3263/3074 3345/3259/3070 3347/3261/3072
f 3347/3261/3072 3344/3258/2932 3350/3264/3075
f 3344/3258/2932 3348/3262/3073 3350/3264/3075
f 3349/3263/3074 3347/3261/3072 3351/3265/3076
f 3347/3261/3072 3350/3264/3075 3352/3266/3077
f 3351/3265/3076 3347/3261/3072 3352/3266/3077
f 3352/3266/3077 3350/3264/3075 3353/3267/3078
f 3348/3262/3073 3353/3267/3078 3350/3264/3075
f 3351/3265/3076 3352/3266/3077 3354/3268/3079
f 3352/3266/3077 3353/3267/3078 3355/3269/3080
f 3354/3268/3079 3352/3266/3077 3355/3269/3080
f 3354/3268/3079 3355/3269/3080 3356/3270/3081
f 3355/3269/3080 3353/3267/3078 3357/3271/2951
f 3353/3267/3078 3348/3262/3073 3358/3272/3082
f 3358/3272/3082 3357/3271/2951 3353/3267/3078
f 3355/3269/3080 3357/3271/2951 3359/3273/3083
f 3356/3270/3081 3355/3269/3080 3359/3273/3083
f 3357/3271/2951 3358/3272/3082 3360/3274/3084
f 3359/3273/3083 3361/3275/3085 3356/3270/3081
f 3359/3273/3083 3357/3271/2951 3362/3276/3086
f 3360/3274/3084 3362/3276/3086 3357/3271/2951
f 3359/3273/3083 3362/3276/3086 3363/3277/3087
f 3361/3275/3085 3359/3273/3083 3363/3277/3087
f 3362/3276/3086 3360/3274/3084 3364/3278/3088
f 3358/3272/3082 3365/3279/3089 3360/3274/3084
f 3365/3279/3089 3364/3278/3088 3360/3274/3084
f 3364/3278/3088 3366/3280/3021 3362/3276/3086
f 3363/3277/3087 3362/3276/3086 3366/3280/3021
f 3363/3277/3087 3366/3280/3021 3367/3281/3090
f 3367/3281/3090 3361/3275/3085 3363/3277/3087
f 3366/3280/3021 3364/3278/3088 3368/3282/3091
f 3365/3279/3089 3358/3272/3082 3369/3283/3092
f 3348/3262/3073 3369/3283/3092 3358/3272/3082
f 3364/3278/3088 3365/3279/3089 3370/3284/3093
f 3370/3284/3093 3368/3282/3091 3364/3278/3088
f 3369/3283/3092 3348/3262/3073 3371/3285/3094
f 3343/3257/3069 3371/3285/3094 3348/3262/3073
f 3371/3285/3094 3343/3257/3069 3328/3242/3057
f 3371/3285/3094 3372/3286/3095 3369/3283/3092
f 3372/3286/3095 3365/3279/3089 3369/3283/3092
f 3328/3242/3057 3373/3287/3096 3371/3285/3094
f 3372/3286/3095 3371/3285/3094 3373/3287/3096
f 3373/3287/3096 3328/3242/3057 3324/3238/3053
f 3365/3279/3089 3372/3286/3095 3374/3288/3097
f 3374/3288/3097 3370/3284/3093 3365/3279/3089
f 3373/3287/3096 3375/3289/3098 3372/3286/3095
f 3375/3289/3098 3374/3288/3097 3372/3286/3095
f 3324/3238/3053 3376/3290/2812 3373/3287/3096
f 3375/3289/3098 3373/3287/3096 3376/3290/2812
f 3376/3290/2812 3324/3238/3053 3322/3236/3051
f 3374/3288/3097 3375/3289/3098 3377/3291/3089
f 3322/3236/3051 3378/3292/3099 3376/3290/2812
f 3378/3292/3099 3322/3236/3051 3321/3235/3001
f 3376/3290/2812 3379/3293/3100 3375/3289/3098
f 3379/3293/3100 3376/3290/2812 3378/3292/3099
f 3375/3289/3098 3380/3294/3101 3377/3291/3089
f 3380/3294/3101 3375/3289/3098 3379/3293/3100
f 3377/3291/3089 3381/3295/2901 3374/3288/3097
f 3370/3284/3093 3374/3288/3097 3381/3295/2901
f 3380/3294/3101 3382/3296/3102 3377/3291/3089
f 3381/3295/2901 3377/3291/3089 3382/3296/3102
f 3381/3295/2901 3383/3297/3103 3370/3284/3093
f 3368/3282/3091 3370/3284/3093 3383/3297/3103
f 3382/3296/3102 3384/3298/2779 3381/3295/2901
f 3383/3297/3103 3381/3295/2901 3384/3298/2779
f 3382/3296/3102 3380/3294/3101 3385/3299/3104
f 3379/3293/3100 3386/3300/2950 3380/3294/3101
f 3386/3300/2950 3385/3299/3104 3380/3294/3101
f 3385/3299/3104 3387/3301/2802 3382/3296/3102
f 3384/3298/2779 3382/3296/3102 3387/3301/2802
f 3387/3301/2802 3385/3299/3104 3388/3302/3105
f 3389/3303/2712 3383/3297/3103 3384/3298/2779
f 3390/3304/3106 3384/3298/2779 3387/3301/2802
f 3384/3298/2779 3390/3304/3106 3389/3303/2712
f 3387/3301/2802 3391/3305/3107 3390/3304/3106
f 3391/3305/3107 3387/3301/2802 3388/3302/3105
f 3392/3306/3108 3388/3302/3105 3385/3299/3104
f 3385/3299/3104 3386/3300/2950 3392/3306/3108
f 3388/3302/3105 3393/3307/2950 3391/3305/3107
f 3388/3302/3105 3392/3306/3108 3394/3308/2950
f 3393/3307/2950 3388/3302/3105 3394/3308/2950
f 3386/3300/2950 3395/3309/3109 3392/3306/3108
f 3395/3309/3109 3394/3308/2950 3392/3306/3108
f 3394/3308/2950 3396/3310/3110 3393/3307/2950
f 3394/3308/2950 3395/3309/3109 3397/3311/3111
f 3396/3310/3110 3394/3308/2950 3397/3311/3111
f 3395/3309/3109 3398/3312/3112 3397/3311/3111
f 3395/3309/3109 3386/3300/2950 3399/3313/3113
f 3399/3313/3113 3398/3312/3112 3395/3309/3109
f 3400/3314/2996 3399/3313/3113 3386/3300/2950
f 3386/3300/2950 3379/3293/3100 3400/3314/2996
f 3378/3292/3099 3400/3314/2996 3379/3293/3100
f 3400/3314/2996 3378/3292/3099 3401/3315/3114
f 3321/3235/3001 3401/3315/3114 3378/3292/3099
f 3399/3313/3113 3400/3314/2996 3402/3316/3115
f 3401/3315/3114 3402/3316/3115 3400/3314/2996
f 3401/3315/3114 3321/3235/3001 3001/2916/2775
f 3321/3235/3001 3005/2920/2779 3001/2916/2775
f 3402/3316/3115 3401/3315/3114 2999/2914/2774
f 3001/2916/2775 2999/2914/2774 3401/3315/3114
f 3402/3316/3115 3403/3317/3116 3399/3313/3113
f 3398/3312/3112 3399/3313/3113 3403/3317/3116
f 2999/2914/2774 3000/2915/2773 3402/3316/3115
f 3403/3317/3116 3402/3316/3115 3000/2915/2773
f 3398/3312/3112 3404/3318/3117 3405/3319/3118
f 3406/3320/2669 3405/3319/3118 3404/3318/3117
f 3397/3311/3111 3398/3312/3112 3405/3319/3118
f 3407/3321/3119 3397/3311/3111 3405/3319/3118
f 3397/3311/3111 3407/3321/3119 3396/3310/3110
f 3407/3321/3119 3408/3322/2671 3409/3323/3119
f 3409/3323/3119 3396/3310/3110 3407/3321/3119
f 3410/3324/2672 3409/3323/3119 3408/3322/2671
f 3396/3310/3110 3409/3323/3119 3412/3325/2924
f 3411/3326/3120 3412/3325/2924 3409/3323/3119
f 3412/3325/2924 3411/3326/3120 3414/3327/3121
f 3413/3328/3122 3414/3327/3121 3411/3326/3120
f 3415/3329/2950 3396/3310/3110 3412/3325/2924
f 3396/3310/3110 3415/3329/2950 3393/3307/2950
f 3416/3330/3123 3412/3325/2924 3414/3327/3121
f 3412/3325/2924 3416/3330/3123 3415/3329/2950
f 3414/3327/3121 3413/3328/3122 3417/3331/3124
f 3417/3331/3124 3416/3330/3123 3414/3327/3121
f 3418/3332/3125 3417/3331/3124 3413/3328/3122
f 3420/3333/3126 3393/3307/2950 3415/3329/2950
f 3393/3307/2950 3420/3333/3126 3391/3305/3107
f 3421/3334/3127 3415/3329/2950 3416/3330/3123
f 3415/3329/2950 3421/3334/3127 3420/3333/3126
f 3416/3330/3123 3417/3331/3124 3422/3335/3128
f 3422/3335/3128 3421/3334/3127 3416/3330/3123
f 3417/3331/3124 3418/3332/3125 3423/3336/3129
f 3423/3336/3129 3422/3335/3128 3417/3331/3124
f 3418/3332/3125 3419/3337/2677 3424/3338/3130
f 3424/3338/3130 3423/3336/3129 3418/3332/3125
f 3425/3339/3131 3424/3338/3130 3419/3337/2677
f 3424/3338/3130 3425/3339/3131 3426/3340/3132
f 3427/3341/3133 3426/3340/3132 3425/3339/3131
f 3423/3336/3129 3424/3338/3130 3428/3342/3134
f 3426/3340/3132 3428/3342/3134 3424/3338/3130
f 3422/3335/3128 3423/3336/3129 3429/3343/3135
f 3428/3342/3134 3429/3343/3135 3423/3336/3129
f 3429/3343/3135 3430/3344/3136 3422/3335/3128
f 3421/3334/3127 3422/3335/3128 3430/3344/3136
f 3426/3340/3132 3427/3341/3133 3431/3345/3137
f 3432/3346/3138 3431/3345/3137 3427/3341/3133
f 3428/3342/3134 3426/3340/3132 3433/3347/3139
f 3431/3345/3137 3433/3347/3139 3426/3340/3132
f 3430/3344/3136 3434/3348/2830 3421/3334/3127
f 3431/3345/3137 3432/3346/3138 3435/3349/3140
f 3434/3348/2830 3420/3333/3126 3421/3334/3127
f 3436/3350/3141 3435/3349/3140 3432/3346/3138
f 3435/3349/3140 3437/3351/3142 3431/3345/3137
f 3433/3347/3139 3431/3345/3137 3437/3351/3142
f 3435/3349/3140 3436/3350/3141 3438/3352/3143
f 3436/3350/3141 2991/2906/2767 3438/3352/3143
f 3437/3351/3142 3435/3349/3140 3439/3353/3009
f 3438/3352/3143 3439/3353/3009 3435/3349/3140
f 2991/2906/2767 3436/3350/3141 2990/2905/2766
f 3439/3353/3009 3438/3352/3143 3440/3354/3144
f 3440/3354/3144 3438/3352/3143 2991/2906/2767
f 3439/3353/3009 3441/3355/3145 3437/3351/3142
f 3437/3351/3142 3442/3356/3146 3433/3347/3139
f 3442/3356/3146 3437/3351/3142 3441/3355/3145
f 3443/3357/3147 3433/3347/3139 3442/3356/3146
f 3433/3347/3139 3443/3357/3147 3428/3342/3134
f 3429/3343/3135 3428/3342/3134 3443/3357/3147
f 3443/3357/3147 3444/3358/3148 3429/3343/3135
f 3430/3344/3136 3429/3343/3135 3444/3358/3148
f 3442/3356/3146 3445/3359/3149 3443/3357/3147
f 3444/3358/3148 3443/3357/3147 3445/3359/3149
f 3445/3359/3149 3442/3356/3146 3446/3360/3126
f 3441/3355/3145 3446/3360/3126 3442/3356/3146
f 3447/3361/3150 3444/3358/3148 3445/3359/3149
f 3444/3358/3148 3448/3362/3151 3430/3344/3136
f 3449/3363/3152 3445/3359/3149 3446/3360/3126
f 3445/3359/3149 3449/3363/3152 3447/3361/3150
f 3444/3358/3148 3447/3361/3150 3450/3364/3153
f 3448/3362/3151 3444/3358/3148 3450/3364/3153
f 3434/3348/2830 3430/3344/3136 3448/3362/3151
f 3451/3365/3151 3450/3364/3153 3447/3361/3150
f 3452/3366/3154 3447/3361/3150 3449/3363/3152
f 3447/3361/3150 3452/3366/3154 3451/3365/3151
f 3453/3367/3155 3448/3362/3151 3450/3364/3153
f 3450/3364/3153 3451/3365/3151 3453/3367/3155
f 3454/3368/2944 3434/3348/2830 3448/3362/3151
f 3448/3362/3151 3453/3367/3155 3454/3368/2944
f 3434/3348/2830 3454/3368/2944 3455/3369/3156
f 3456/3370/3157 3453/3367/3155 3451/3365/3151
f 3457/3371/3158 3454/3368/2944 3453/3367/3155
f 3453/3367/3155 3456/3370/3157 3457/3371/3158
f 3454/3368/2944 3457/3371/3158 3458/3372/3159
f 3458/3372/3159 3455/3369/3156 3454/3368/2944
f 3455/3369/3156 3459/3373/3037 3434/3348/2830
f 3420/3333/3126 3434/3348/2830 3459/3373/3037
f 3459/3373/3037 3391/3305/3107 3420/3333/3126
f 3391/3305/3107 3459/3373/3037 3390/3304/3106
f 3460/3374/3160 3390/3304/3106 3459/3373/3037
f 3459/3373/3037 3455/3369/3156 3460/3374/3160
f 3390/3304/3106 3460/3374/3160 3389/3303/2712
f 3455/3369/3156 3458/3372/3159 3461/3375/3161
f 3461/3375/3161 3460/3374/3160 3455/3369/3156
f 3460/3374/3160 3461/3375/3161 3462/3376/3162
f 3462/3376/3162 3389/3303/2712 3460/3374/3160
f 3389/3303/2712 3462/3376/3162 3463/3377/3163
f 3383/3297/3103 3389/3303/2712 3463/3377/3163
f 3464/3378/3164 3463/3377/3163 3462/3376/3162
f 3465/3379/3165 3383/3297/3103 3463/3377/3163
f 3463/3377/3163 3464/3378/3164 3465/3379/3165
f 3383/3297/3103 3465/3379/3165 3368/3282/3091
f 3466/3380/3166 3368/3282/3091 3465/3379/3165
f 3464/3378/3164 3466/3380/3166 3465/3379/3165
f 3368/3282/3091 3466/3380/3166 3366/3280/3021
f 3367/3281/3090 3366/3280/3021 3466/3380/3166
f 3466/3380/3166 3464/3378/3164 3467/3381/3167
f 3467/3381/3167 3367/3281/3090 3466/3380/3166
f 3462/3376/3162 3468/3382/3168 3464/3378/3164
f 3468/3382/3168 3462/3376/3162 3461/3375/3161
f 3464/3378/3164 3469/3383/3169 3467/3381/3167
f 3469/3383/3169 3464/3378/3164 3468/3382/3168
f 3367/3281/3090 3467/3381/3167 3470/3384/3170
f 3469/3383/3169 3470/3384/3170 3467/3381/3167
f 3471/3385/3171 3367/3281/3090 3470/3384/3170
f 3470/3384/3170 3469/3383/3169 3472/3386/3172
f 3472/3386/3172 3471/3385/3171 3470/3384/3170
f 3461/3375/3161 3473/3387/2958 3468/3382/3168
f 3473/3387/2958 3461/3375/3161 3458/3372/3159
f 3468/3382/3168 3474/3388/3173 3469/3383/3169
f 3474/3388/3173 3468/3382/3168 3473/3387/2958
f 3469/3383/3169 3475/3389/3174 3472/3386/3172
f 3475/3389/3174 3469/3383/3169 3474/3388/3173
f 3458/3372/3159 3476/3390/3127 3473/3387/2958
f 3476/3390/3127 3458/3372/3159 3457/3371/3158
f 3473/3387/2958 3477/3391/2728 3474/3388/3173
f 3477/3391/2728 3473/3387/2958 3476/3390/3127
f 3478/3392/3175 3474/3388/3173 3477/3391/2728
f 3475/3389/3174 3474/3388/3173 3478/3392/3175
f 3476/3390/3127 3479/3393/3176 3477/3391/2728
f 3479/3393/3176 3478/3392/3175 3477/3391/2728
f 3457/3371/3158 3480/3394/3177 3476/3390/3127
f 3479/3393/3176 3476/3390/3127 3480/3394/3177
f 3480/3394/3177 3457/3371/3158 3456/3370/3157
f 3478/3392/3175 3479/3393/3176 3481/3395/3178
f 3480/3394/3177 3482/3396/3179 3479/3393/3176
f 3483/3397/3180 3475/3389/3174 3478/3392/3175
f 3456/3370/3157 3484/3398/3181 3480/3394/3177
f 3482/3396/3179 3480/3394/3177 3484/3398/3181
f 3484/3398/3181 3456/3370/3157 3485/3399/3182
f 3451/3365/3151 3485/3399/3182 3456/3370/3157
f 3485/3399/3182 3451/3365/3151 3452/3366/3154
f 3485/3399/3182 3486/3400/3183 3484/3398/3181
f 3452/3366/3154 3487/3401/3184 3485/3399/3182
f 3486/3400/3183 3485/3399/3182 3487/3401/3184
f 3487/3401/3184 3452/3366/3154 3488/3402/3185
f 3449/3363/3152 3488/3402/3185 3452/3366/3154
f 3484/3398/3181 3489/3403/3186 3482/3396/3179
f 3489/3403/3186 3484/3398/3181 3486/3400/3183
f 3488/3402/3185 3449/3363/3152 3490/3404/3187
f 3446/3360/3126 3490/3404/3187 3449/3363/3152
f 3488/3402/3185 3491/3405/3188 3487/3401/3184
f 3490/3404/3187 3446/3360/3126 3492/3406/3189
f 3446/3360/3126 3441/3355/3145 3492/3406/3189
f 3490/3404/3187 3493/3407/3190 3488/3402/3185
f 3491/3405/3188 3488/3402/3185 3493/3407/3190
f 3492/3406/3189 3494/3408/3191 3490/3404/3187
f 3493/3407/3190 3490/3404/3187 3494/3408/3191
f 3441/3355/3145 3495/3409/3192 3492/3406/3189
f 3494/3408/3191 3492/3406/3189 3495/3409/3192
f 3495/3409/3192 3441/3355/3145 3496/3410/3193
f 3441/3355/3145 3439/3353/3009 3496/3410/3193
f 3439/3353/3009 3497/3411/3194 3496/3410/3193
f 3497/3411/3194 3439/3353/3009 3440/3354/3144
f 3496/3410/3193 3498/3412/3195 3495/3409/3192
f 3498/3412/3195 3496/3410/3193 3497/3411/3194
f 3495/3409/3192 3499/3413/3196 3494/3408/3191
f 3499/3413/3196 3495/3409/3192 3498/3412/3195
f 3500/3414/3197 3494/3408/3191 3499/3413/3196
f 3494/3408/3191 3500/3414/3197 3493/3407/3190
f 3497/3411/3194 3440/3354/3144 2995/2910/2770
f 2995/2910/2770 3440/3354/3144 2991/2906/2767
f 3497/3411/3194 3501/3415/3198 3498/3412/3195
f 3502/3416/3199 3497/3411/3194 2995/2910/2770
f 3501/3415/3198 3497/3411/3194 3502/3416/3199
f 3503/3417/3200 3493/3407/3190 3500/3414/3197
f 3493/3407/3190 3503/3417/3200 3491/3405/3188
f 3504/3418/3201 3498/3412/3195 3501/3415/3198
f 3498/3412/3195 3504/3418/3201 3499/3413/3196
f 3499/3413/3196 3505/3419/3202 3500/3414/3197
f 3505/3419/3202 3499/3413/3196 3504/3418/3201
f 3500/3414/3197 3506/3420/3203 3503/3417/3200
f 3506/3420/3203 3500/3414/3197 3505/3419/3202
f 3507/3421/3163 3506/3420/3203 3505/3419/3202
f 3504/3418/3201 3507/3421/3163 3505/3419/3202
f 3501/3415/3198 3508/3422/2978 3504/3418/3201
f 3507/3421/3163 3504/3418/3201 3508/3422/2978
f 3508/3422/2978 3501/3415/3198 3509/3423/3204
f 3502/3416/3199 3509/3423/3204 3501/3415/3198
f 3508/3422/2978 3510/3424/1871 3507/3421/3163
f 3509/3423/3204 3502/3416/3199 2996/2911/2771
f 2995/2910/2770 2996/2911/2771 3502/3416/3199
f 3509/3423/3204 3511/3425/3205 3508/3422/2978
f 3510/3424/1871 3508/3422/2978 3511/3425/3205
f 2996/2911/2771 3512/3426/1873 3509/3423/3204
f 3511/3425/3205 3509/3423/3204 3512/3426/1873
f 3513/3427/3206 3507/3421/3163 3510/3424/1871
f 3512/3426/1873 2996/2911/2771 2993/2909/1868
f 3507/3421/3163 3513/3427/3206 3514/3428/3207
f 3506/3420/3203 3507/3421/3163 3514/3428/3207
f 3515/3429/1879 3514/3428/3207 3513/3427/3206
f 3514/3428/3207 3516/3430/3208 3506/3420/3203
f 3514/3428/3207 3515/3429/1879 3518/3431/3209
f 3516/3430/3208 3514/3428/3207 3518/3431/3209
f 3517/3432/3210 3518/3431/3209 3515/3429/1879
f 3516/3430/3208 3503/3417/3200 3506/3420/3203
f 3503/3417/3200 3516/3430/3208 3519/3433/3211
f 3519/3433/3211 3491/3405/3188 3503/3417/3200
f 3518/3431/3209 3520/3434/3212 3516/3430/3208
f 3520/3434/3212 3519/3433/3211 3516/3430/3208
f 3518/3431/3209 3517/3432/3210 3521/3435/3213
f 3520/3434/3212 3518/3431/3209 3521/3435/3213
f 3517/3432/3210 3523/3436/3214 3521/3435/3213
f 3523/3436/3214 3517/3432/3210 3522/3437/354
f 3521/3435/3213 3524/3438/3215 3520/3434/3212
f 3524/3438/3215 3521/3435/3213 3523/3436/3214
f 3519/3433/3211 3520/3434/3212 3525/3439/3216
f 3524/3438/3215 3525/3439/3216 3520/3434/3212
f 3525/3439/3216 3526/3440/3217 3519/3433/3211
f 3491/3405/3188 3519/3433/3211 3526/3440/3217
f 3526/3440/3217 3487/3401/3184 3491/3405/3188
f 3487/3401/3184 3526/3440/3217 3486/3400/3183
f 3527/3441/3218 3486/3400/3183 3526/3440/3217
f 3526/3440/3217 3525/3439/3216 3527/3441/3218
f 3486/3400/3183 3527/3441/3218 3489/3403/3186
f 3528/3442/3219 3527/3441/3218 3525/3439/3216
f 3525/3439/3216 3524/3438/3215 3528/3442/3219
f 3529/3443/3220 3489/3403/3186 3527/3441/3218
f 3529/3443/3220 3527/3441/3218 3528/3442/3219
f 3530/3444/3221 3489/3403/3186 3529/3443/3220
f 3530/3444/3221 3482/3396/3179 3489/3403/3186
f 3531/3445/3222 3529/3443/3220 3528/3442/3219
f 3531/3445/3222 3528/3442/3219 3524/3438/3215
f 3532/3446/3223 3530/3444/3221 3529/3443/3220
f 3532/3446/3223 3529/3443/3220 3531/3445/3222
f 3533/3447/3224 3482/3396/3179 3530/3444/3221
f 3533/3447/3224 3479/3393/3176 3482/3396/3179
f 3481/3395/3178 3479/3393/3176 3533/3447/3224
f 3534/3448/3225 3533/3447/3224 3530/3444/3221
f 3534/3448/3225 3530/3444/3221 3532/3446/3223
f 3535/3449/3226 3481/3395/3178 3533/3447/3224
f 3535/3449/3226 3533/3447/3224 3534/3448/3225
f 3481/3395/3178 3535/3449/3226 3536/3450/339
f 3536/3450/339 3478/3392/3175 3481/3395/3178
f 3483/3397/3180 3478/3392/3175 3536/3450/339
f 3537/3451/351 3531/3445/3222 3524/3438/3215
f 3523/3436/3214 3537/3451/351 3524/3438/3215
f 3537/3451/351 3523/3436/3214 3538/3452/3227
f 3522/3437/354 3538/3452/3227 3523/3436/3214
f 3539/3453/3228 3223/3137/2961 3540/3454/439
f 3225/3139/2963 3223/3137/2961 3539/3453/3228
f 3540/3454/439 3542/3455/3229 3541/3456/3230
f 3540/3454/439 3223/3137/2961 3542/3455/3229
f 3541/3456/3230 3542/3455/3229 3544/3457/3231
f 3541/3456/3230 3544/3457/3231 3543/3458/3232
f 3223/3137/2961 3141/3056/2891 3542/3455/3229
f 3542/3455/3229 3136/3051/2886 3544/3457/3231
f 3542/3455/3229 3141/3056/2891 3136/3051/2886
f 3543/3458/3232 3544/3457/3231 3130/3045/2880
f 3543/3458/3232 3130/3045/2880 3545/3459/3233
f 3544/3457/3231 3136/3051/2886 3131/3046/2881
f 3544/3457/3231 3131/3046/2881 3130/3045/2880
f 3545/3459/3233 3130/3045/2880 3547/3460/3234
f 3545/3459/3233 3547/3460/3234 3546/3461/3235
f 3130/3045/2880 3128/3043/2878 3547/3460/3234
f 3546/3461/3235 3547/3460/3234 3292/3206/3024
f 3547/3460/3234 3128/3043/2878 3292/3206/3024
f 3546/3461/3235 3292/3206/3024 3548/3462/3236
f 3548/3462/3236 3292/3206/3024 3290/3204/3022
f 3548/3462/3236 3290/3204/3022 3549/3463/3237
f 3549/3463/3237 3290/3204/3022 3281/3195/3014
f 3549/3463/3237 3281/3195/3014 3278/3192/3011
f 3122/3037/2821 3550/3464/2821 3123/3038/2874
f 3550/3464/2821 3551/3465/3238 3123/3038/2874
f 3552/3466/3239 3122/3037/2821 3124/3039/2875
f 3552/3466/3239 3550/3464/2821 3122/3037/2821
f 3124/3039/2875 3125/3040/2876 3553/3467/3240
f 3553/3467/3240 3552/3466/3239 3124/3039/2875
f 3554/3468/3241 3553/3467/3240 3125/3040/2876
f 3125/3040/2876 3126/3041/2869 3554/3468/3241
f 3550/3464/2821 3555/3469/2865 3551/3465/3238
f 3555/3469/2865 3556/3470/3242 3551/3465/3238
f 3557/3471/3243 3550/3464/2821 3552/3466/3239
f 3557/3471/3243 3555/3469/2865 3550/3464/2821
f 3552/3466/3239 3553/3467/3240 3558/3472/2796
f 3558/3472/2796 3557/3471/3243 3552/3466/3239
f 3559/3473/3244 3558/3472/2796 3553/3467/3240
f 3553/3467/3240 3554/3468/3241 3559/3473/3244
f 3557/3471/3243 3558/3472/2796 3560/3474/3245
f 3555/3469/2865 3561/3475/2865 3556/3470/3242
f 3562/3476/3239 3555/3469/2865 3557/3471/3243
f 3562/3476/3239 3561/3475/2865 3555/3469/2865
f 3560/3474/3245 3562/3476/3239 3557/3471/3243
f 3561/3475/2865 3563/3477/3246 3556/3470/3242
f 3558/3472/2796 3559/3473/3244 3564/3478/3247
f 3564/3478/3247 3560/3474/3245 3558/3472/2796
f 3561/3475/2865 3565/3479/3248 3563/3477/3246
f 3565/3479/3248 3566/3480/3249 3563/3477/3246
f 3567/3481/3250 3561/3475/2865 3562/3476/3239
f 3567/3481/3250 3565/3479/3248 3561/3475/2865
f 3562/3476/3239 3560/3474/3245 3568/3482/2846
f 3568/3482/2846 3567/3481/3250 3562/3476/3239
f 3565/3479/3248 3569/3483/3251 3566/3480/3249
f 3569/3483/3251 3570/3484/3252 3566/3480/3249
f 3571/3485/3253 3565/3479/3248 3567/3481/3250
f 3571/3485/3253 3569/3483/3251 3565/3479/3248
f 3567/3481/3250 3568/3482/2846 3572/3486/3254
f 3572/3486/3254 3571/3485/3253 3567/3481/3250
f 3560/3474/3245 3573/3487/3255 3568/3482/2846
f 3573/3487/3255 3572/3486/3254 3568/3482/2846
f 3569/3483/3251 2960/2875/2737 3570/3484/3252
f 2960/2875/2737 2965/2880/2742 3570/3484/3252
f 2958/2873/2735 3569/3483/3251 3571/3485/3253
f 2958/2873/2735 2960/2875/2737 3569/3483/3251
f 3571/3485/3253 3572/3486/3254 2957/2872/2734
f 2957/2872/2734 2958/2873/2735 3571/3485/3253
f 3572/3486/3254 3573/3487/3255 3574/3488/3256
f 3574/3488/3256 2957/2872/2734 3572/3486/3254
f 3573/3487/3255 3560/3474/3245 3575/3489/3257
f 3560/3474/3245 3564/3478/3247 3575/3489/3257
f 3576/3490/3258 3574/3488/3256 3573/3487/3255
f 3577/3491/3038 3573/3487/3255 3575/3489/3257
f 3573/3487/3255 3577/3491/3038 3576/3490/3258
f 3578/3492/3259 3575/3489/3257 3564/3478/3247
f 3575/3489/3257 3578/3492/3259 3577/3491/3038
f 3564/3478/3247 3579/3493/3038 3578/3492/3259
f 3579/3493/3038 3564/3478/3247 3559/3473/3244
f 3574/3488/3256 3576/3490/3258 3580/3494/3139
f 3559/3473/3244 3581/3495/3260 3579/3493/3038
f 3581/3495/3260 3559/3473/3244 3554/3468/3241
f 3582/3496/3261 3578/3492/3259 3579/3493/3038
f 3583/3497/3146 3579/3493/3038 3581/3495/3260
f 3579/3493/3038 3583/3497/3146 3582/3496/3261
f 3554/3468/3241 3584/3498/2979 3581/3495/3260
f 3584/3498/2979 3554/3468/3241 3126/3041/2869
f 3581/3495/3260 3585/3499/3262 3583/3497/3146
f 3585/3499/3262 3581/3495/3260 3584/3498/2979
f 3578/3492/3259 3582/3496/3261 3586/3500/3263
f 3586/3500/3263 3577/3491/3038 3578/3492/3259
f 3126/3041/2869 3587/3501/3264 3584/3498/2979
f 3587/3501/3264 3126/3041/2869 3121/3036/2873
f 3584/3498/2979 3588/3502/3188 3585/3499/3262
f 3588/3502/3188 3584/3498/2979 3587/3501/3264
f 3577/3491/3038 3586/3500/3263 3589/3503/3265
f 3589/3503/3265 3576/3490/3258 3577/3491/3038
f 3121/3036/2873 3590/3504/3266 3587/3501/3264
f 3576/3490/3258 3589/3503/3265 3591/3505/3267
f 3590/3504/3266 3121/3036/2873 3116/3031/2869
f 3587/3501/3264 3592/3506/3268 3588/3502/3188
f 3592/3506/3268 3587/3501/3264 3590/3504/3266
f 3591/3505/3267 3580/3494/3139 3576/3490/3258
f 3593/3507/3269 3588/3502/3188 3592/3506/3268
f 3116/3031/2869 3272/3186/3006 3590/3504/3266
f 3272/3186/3006 3116/3031/2869 3111/3026/2864
f 3590/3504/3266 3275/3189/3009 3592/3506/3268
f 3275/3189/3009 3590/3504/3266 3272/3186/3006
f 3592/3506/3268 3191/3106/2932 3593/3507/3269
f 3191/3106/2932 3592/3506/3268 3275/3189/3009
f 3588/3502/3188 3593/3507/3269 3594/3508/3270
f 3594/3508/3270 3585/3499/3262 3588/3502/3188
f 3195/3110/2936 3594/3508/3270 3593/3507/3269
f 3191/3106/2932 3195/3110/2936 3593/3507/3269
f 3585/3499/3262 3594/3508/3270 3595/3509/3271
f 3595/3509/3271 3583/3497/3146 3585/3499/3262
f 3596/3510/3272 3595/3509/3271 3594/3508/3270
f 3594/3508/3270 3195/3110/2936 3596/3510/3272
f 3583/3497/3146 3595/3509/3271 3597/3511/3273
f 3597/3511/3273 3582/3496/3261 3583/3497/3146
f 3595/3509/3271 3596/3510/3272 3598/3512/3274
f 3598/3512/3274 3597/3511/3273 3595/3509/3271
f 3582/3496/3261 3597/3511/3273 3599/3513/3275
f 3599/3513/3275 3586/3500/3263 3582/3496/3261
f 3597/3511/3273 3598/3512/3274 3600/3514/3276
f 3600/3514/3276 3599/3513/3275 3597/3511/3273
f 3586/3500/3263 3599/3513/3275 3601/3515/3277
f 3601/3515/3277 3589/3503/3265 3586/3500/3263
f 3599/3513/3275 3600/3514/3276 3602/3516/3278
f 3602/3516/3278 3601/3515/3277 3599/3513/3275
f 3589/3503/3265 3601/3515/3277 3603/3517/3092
f 3601/3515/3277 3602/3516/3278 3604/3518/3279
f 3604/3518/3279 3603/3517/3092 3601/3515/3277
f 3603/3517/3092 3591/3505/3267 3589/3503/3265
f 3605/3519/3280 3604/3518/3279 3602/3516/3278
f 3606/3520/2949 3602/3516/3278 3600/3514/3276
f 3602/3516/3278 3606/3520/2949 3605/3519/3280
f 3600/3514/3276 3607/3521/3281 3606/3520/2949
f 3607/3521/3281 3600/3514/3276 3598/3512/3274
f 3598/3512/3274 3608/3522/2717 3607/3521/3281
f 3608/3522/2717 3598/3512/3274 3596/3510/3272
f 3609/3523/3282 3606/3520/2949 3607/3521/3281
f 3610/3524/3283 3607/3521/3281 3608/3522/2717
f 3609/3523/3282 3607/3521/3281 3610/3524/3283
f 3596/3510/3272 3198/3113/2939 3608/3522/2717
f 3198/3113/2939 3596/3510/3272 3195/3110/2936
f 3610/3524/3283 3608/3522/2717 3611/3525/3284
f 3611/3525/3284 3608/3522/2717 3198/3113/2939
f 3612/3526/500 3606/3520/2949 3609/3523/3282
f 3612/3526/500 3605/3519/3280 3606/3520/2949
f 3609/3523/3282 3613/3527/456 3612/3526/500
f 3611/3525/3284 3198/3113/2939 3199/3114/463
f 3614/3528/3285 3199/3114/463 3615/3529/3286
f 3616/3530/3287 3615/3529/3286 3199/3114/463
f 3616/3530/3287 3199/3114/463 3201/3116/2941
f 3203/3531/285 3616/3530/3287 3201/3116/2941
f 3617/3532/3288 3605/3519/3280 3612/3526/500
f 3617/3532/3288 3618/3533/3289 3605/3519/3280
f 3604/3518/3279 3605/3519/3280 3618/3533/3289
f 3619/3534/504 3618/3533/3289 3617/3532/3288
f 3618/3533/3289 3620/3535/3290 3604/3518/3279
f 3603/3517/3092 3604/3518/3279 3620/3535/3290
f 3619/3534/504 3621/3536/3291 3618/3533/3289
f 3620/3535/3290 3618/3533/3289 3621/3536/3291
f 3620/3535/3290 3622/3537/3292 3603/3517/3092
f 3591/3505/3267 3603/3517/3092 3622/3537/3292
f 3621/3536/3291 3623/3538/3293 3620/3535/3290
f 3622/3537/3292 3620/3535/3290 3623/3538/3293
f 3624/3539/3294 3591/3505/3267 3622/3537/3292
f 3623/3538/3293 3624/3539/3294 3622/3537/3292
f 3591/3505/3267 3624/3539/3294 3625/3540/3295
f 3580/3494/3139 3591/3505/3267 3625/3540/3295
f 3624/3539/3294 3623/3538/3293 3626/3541/3218
f 3627/3542/3296 3580/3494/3139 3625/3540/3295
f 3628/3543/3297 3625/3540/3295 3624/3539/3294
f 3625/3540/3295 3628/3543/3297 3627/3542/3296
f 3629/3544/3298 3624/3539/3294 3626/3541/3218
f 3624/3539/3294 3629/3544/3298 3628/3543/3297
f 3623/3538/3293 3630/3545/3299 3626/3541/3218
f 3626/3541/3218 3631/3546/3300 3629/3544/3298
f 3631/3546/3300 3626/3541/3218 3630/3545/3299
f 3630/3545/3299 3623/3538/3293 3632/3547/3301
f 3623/3538/3293 3621/3536/3291 3632/3547/3301
f 3630/3545/3299 3633/3548/3302 3631/3546/3300
f 3634/3549/3303 3632/3547/3301 3621/3536/3291
f 3634/3549/3303 3621/3536/3291 3619/3534/504
f 3632/3547/3301 3635/3550/509 3630/3545/3299
f 3633/3548/3302 3630/3545/3299 3635/3550/509
f 3636/3551/3304 3632/3547/3301 3634/3549/3303
f 3635/3550/509 3632/3547/3301 3636/3551/3304
f 3637/3552/3305 3633/3548/3302 3635/3550/509
f 3638/3553/604 3216/3130/2954 3215/3129/2953
f 3637/3552/3305 3639/3554/3306 3633/3548/3302
f 3639/3554/3306 3640/3555/3307 3633/3548/3302
f 3640/3555/3307 3631/3546/3300 3633/3548/3302
f 3639/3554/3306 3641/3556/3308 3640/3555/3307
f 3631/3546/3300 3640/3555/3307 3642/3557/3309
f 3642/3557/3309 3629/3544/3298 3631/3546/3300
f 3641/3556/3308 3643/3558/3310 3640/3555/3307
f 3629/3544/3298 3642/3557/3309 3644/3559/3311
f 3644/3559/3311 3628/3543/3297 3629/3544/3298
f 3640/3555/3307 3645/3560/3312 3642/3557/3309
f 3643/3558/3310 3645/3560/3312 3640/3555/3307
f 3642/3557/3309 3646/3561/3313 3644/3559/3311
f 3646/3561/3313 3642/3557/3309 3645/3560/3312
f 3628/3543/3297 3644/3559/3311 3647/3562/3314
f 3646/3561/3313 3647/3562/3314 3644/3559/3311
f 3647/3562/3314 3627/3542/3296 3628/3543/3297
f 3641/3556/3308 3017/2931/2787 3643/3558/3310
f 3643/3558/3310 2941/2856/2719 3645/3560/3312
f 3645/3560/3312 2940/2855/2718 3646/3561/3313
f 2940/2855/2718 3645/3560/3312 2941/2856/2719
f 3647/3562/3314 3646/3561/3313 3648/3563/3315
f 2940/2855/2718 3648/3563/3315 3646/3561/3313
f 3648/3563/3315 3649/3564/2841 3647/3562/3314
f 3627/3542/3296 3647/3562/3314 3649/3564/2841
f 2945/2860/2723 2941/2856/2719 3643/3558/3310
f 3017/2931/2787 2945/2860/2723 3643/3558/3310
f 3649/3564/2841 3650/3565/3316 3627/3542/3296
f 3580/3494/3139 3627/3542/3296 3650/3565/3316
f 3649/3564/2841 3648/3563/3315 3651/3566/3317
f 3652/3567/3318 3580/3494/3139 3650/3565/3316
f 3580/3494/3139 3652/3567/3318 3574/3488/3256
f 3650/3565/3316 3649/3564/2841 3653/3568/3319
f 3653/3568/3319 3652/3567/3318 3650/3565/3316
f 3651/3566/3317 3653/3568/3319 3649/3564/2841
f 2957/2872/2734 3574/3488/3256 3652/3567/3318
f 2939/2854/2717 3651/3566/3317 3648/3563/3315
f 3648/3563/3315 2940/2855/2718 2939/2854/2717
f 3652/3567/3318 3653/3568/3319 2953/2868/2730
f 2953/2868/2730 2957/2872/2734 3652/3567/3318
f 3653/3568/3319 3651/3566/3317 2951/2866/2728
f 2951/2866/2728 2953/2868/2730 3653/3568/3319
f 3651/3566/3317 2939/2854/2717 2943/2858/2721
f 2943/2858/2721 2951/2866/2728 3651/3566/3317
f 3361/3275/3085 3367/3281/3090 3654/3569/838
f 3654/3569/838 3367/3281/3090 3471/3385/3171
f 3471/3385/3171 3472/3386/3172 3655/3570/3320
f 3475/3389/3174 3655/3570/3320 3472/3386/3172
f 3655/3570/3320 3475/3389/3174 3656/3571/3321
f 3656/3571/3321 3475/3389/3174 3483/3397/3180
f 3230/3144/2967 3657/3572/3322 3249/3163/2984
f 3657/3572/3322 3658/3573/3323 3659/3574/3324
f 3657/3572/3322 3659/3574/3324 3249/3163/2984
f 3659/3574/3324 3251/3165/2986 3249/3163/2984
f 3659/3574/3324 3254/3168/2989 3251/3165/2986
f 3658/3573/3323 3660/3575/3325 3659/3574/3324
f 3660/3575/3325 3254/3168/2989 3659/3574/3324
f 3658/3573/3323 3661/3576/3326 3660/3575/3325
f 3661/3576/3326 3663/3577/3327 3660/3575/3325
f 3661/3576/3326 3662/3578/3328 3663/3577/3327
f 3660/3575/3325 3664/3579/3329 3254/3168/2989
f 3663/3577/3327 3664/3579/3329 3660/3575/3325
f 3256/3170/2991 3254/3168/2989 3664/3579/3329
f 3664/3579/3329 3264/3178/2999 3256/3170/2991
f 3264/3178/2999 3664/3579/3329 3665/3580/3330
f 3663/3577/3327 3665/3580/3330 3664/3579/3329
f 3665/3580/3330 3214/3128/2952 3264/3178/2999
f 3214/3128/2952 3665/3580/3330 3213/3127/2951
f 3666/3581/3331 3665/3580/3330 3663/3577/3327
f 3666/3581/3331 3213/3127/2951 3665/3580/3330
f 3662/3578/3328 3666/3581/3331 3663/3577/3327
f 3215/3129/2953 3213/3127/2951 3666/3581/3331
f 3638/3553/604 3215/3129/2953 3666/3581/3331
f 3662/3578/3328 3638/3553/604 3666/3581/3331
