# Blender 5.2.2 LTS
# www.blender.org
mtllib tinyarm.mtl
o custom_arm
v -0.6746781 -0.0557727 0.2683965
v -0.6745642 -0.0508987 0.2741464
v -0.6346498 -0.0702386 0.2891447
v -0.6746695 -0.0539008 0.2688386
v -0.6746640 -0.0522972 0.2700608
v -0.6593541 -0.0593344 0.2699423
v -0.6598546 -0.0564116 0.2708564
v -0.6602426 -0.0540031 0.2719095
v -0.6516328 -0.0561289 0.2741614
v -0.6592758 -0.0523672 0.2779605
v -0.6463378 -0.0565874 0.2821453
v -0.6745892 -0.0512935 0.2719450
v -0.6598814 -0.0531508 0.2746323
v -0.6480741 -0.0559774 0.2771554
v -0.6376844 -0.0672035 0.2812175
v -0.6464177 -0.0633799 0.2744716
v -0.6376687 -0.0628726 0.2860800
v -0.6421362 -0.0608773 0.2791861
v -0.6480384 -0.0588240 0.2738808
v -0.6747994 -0.0509376 0.4468335
v -0.6744342 -0.0563191 0.4520504
v -0.6346669 -0.0702500 0.4312617
v -0.6747483 -0.0513235 0.4488367
v -0.6746230 -0.0524597 0.4505115
v -0.6594005 -0.0523928 0.4428932
v -0.6599275 -0.0532219 0.4460336
v -0.6602352 -0.0541809 0.4486654
v -0.6516573 -0.0562202 0.4464017
v -0.6592505 -0.0597908 0.4504585
v -0.6463224 -0.0636271 0.4459870
v -0.6745507 -0.0542241 0.4516420
v -0.6598405 -0.0567216 0.4495958
v -0.6480043 -0.0590010 0.4466160
v -0.6377224 -0.0628453 0.4344426
v -0.6463866 -0.0565511 0.4385385
v -0.6377051 -0.0672817 0.4392016
v -0.6421174 -0.0609434 0.4412642
v -0.6481003 -0.0560119 0.4434835
v -0.6744780 -0.2164171 0.2683924
v -0.6346718 -0.2024982 0.2891569
v -0.6747800 -0.2218701 0.2736159
v -0.6592676 -0.2129729 0.2699608
v -0.6463215 -0.2091202 0.2744687
v -0.6745471 -0.2184836 0.2687683
v -0.6598310 -0.2160278 0.2708329
v -0.6480650 -0.2137347 0.2738336
v -0.6516146 -0.2165185 0.2740129
v -0.6377385 -0.2098879 0.2859918
v -0.6464138 -0.2162067 0.2818767
v -0.6376643 -0.2054764 0.2811776
v -0.6421602 -0.2117999 0.2791663
v -0.6480466 -0.2167749 0.2769500
v -0.6747462 -0.2214610 0.2715899
v -0.6746300 -0.2202744 0.2698956
v -0.6594216 -0.2203656 0.2775626
v -0.6599517 -0.2195096 0.2743815
v -0.6602588 -0.2186146 0.2717485
v -0.6745864 -0.2218381 0.4462515
v -0.6346914 -0.2025273 0.4313210
v -0.6746679 -0.2170290 0.4520443
v -0.6593339 -0.2203742 0.4424415
v -0.6463612 -0.2161810 0.4382875
v -0.6746014 -0.2214499 0.4485019
v -0.6598691 -0.2195738 0.4457741
v -0.6480533 -0.2167706 0.4433074
v -0.6516512 -0.2166062 0.4463296
v -0.6377392 -0.2055395 0.4392210
v -0.6463606 -0.2093904 0.4459452
v -0.6376843 -0.2099307 0.4343363
v -0.6421560 -0.2118508 0.4411912
v -0.6480393 -0.2138785 0.4465681
v -0.6746618 -0.2188901 0.4515935
v -0.6746318 -0.2204413 0.4503252
v -0.6593837 -0.2133905 0.4504689
v -0.6599215 -0.2163141 0.4495779
v -0.6602835 -0.2187222 0.4485822
v -2.0507964 -0.0702361 0.4312717
v -2.0107860 -0.0557636 0.4520657
v -2.0108459 -0.0508884 0.4462881
v -2.0477323 -0.0672367 0.4392300
v -2.0390311 -0.0633862 0.4459718
v -2.0477485 -0.0628266 0.4343638
v -2.0432768 -0.0608571 0.4412000
v -2.0374012 -0.0588586 0.4465709
v -2.0337681 -0.0561332 0.4463053
v -2.0107991 -0.0538710 0.4516355
v -2.0108310 -0.0522890 0.4503200
v -2.0260590 -0.0593511 0.4504747
v -2.0255441 -0.0564544 0.4495390
v -2.0251639 -0.0539998 0.4485710
v -2.0261449 -0.0523725 0.4424707
v -2.0390653 -0.0565774 0.4382623
v -2.0108100 -0.0512765 0.4484861
v -2.0256092 -0.0531725 0.4457870
v -2.0374109 -0.0559316 0.4432952
v -2.0106597 -0.0509063 0.2735718
v -2.0109913 -0.0562796 0.2683727
v -2.0507805 -0.0702176 0.2891666
v -2.0107199 -0.0513052 0.2716350
v -2.0108367 -0.0524902 0.2698901
v -2.0259707 -0.0523589 0.2775493
v -2.0255188 -0.0532405 0.2743605
v -2.0251646 -0.0541893 0.2717699
v -2.0338188 -0.0562697 0.2740462
v -2.0261778 -0.0597979 0.2699591
v -2.0391254 -0.0636172 0.2744377
v -2.0108754 -0.0542560 0.2688204
v -2.0256048 -0.0567013 0.2708219
v -2.0374277 -0.0590282 0.2738189
v -2.0477517 -0.0628713 0.2859509
v -2.0390006 -0.0565640 0.2819210
v -2.0477108 -0.0672807 0.2812240
v -2.0433017 -0.0609940 0.2791411
v -2.0373607 -0.0559726 0.2769543
v -2.0109777 -0.2164367 0.4520384
v -2.0507766 -0.2025100 0.4312735
v -2.0106536 -0.2218688 0.4468273
v -2.0261894 -0.2129709 0.4504921
v -2.0391393 -0.2091045 0.4459615
v -2.0108804 -0.2185047 0.4516286
v -2.0255866 -0.2160462 0.4496094
v -2.0374208 -0.2137298 0.4466275
v -2.0337767 -0.2165228 0.4464276
v -2.0477383 -0.2098878 0.4344689
v -2.0390101 -0.2162074 0.4384970
v -2.0477460 -0.2054406 0.4392094
v -2.0433198 -0.2118265 0.4413120
v -2.0373371 -0.2167390 0.4434904
v -2.0107278 -0.2214289 0.4488187
v -2.0108014 -0.2202728 0.4505396
v -2.0259738 -0.2203471 0.4428529
v -2.0255434 -0.2195379 0.4460420
v -2.0251516 -0.2186227 0.4486778
v -2.0108412 -0.2218147 0.2741569
v -2.0507608 -0.2024769 0.2891120
v -2.0107297 -0.2170299 0.2683741
v -2.0261401 -0.2203607 0.2779569
v -2.0391018 -0.2162142 0.2821900
v -2.0108172 -0.2214723 0.2719862
v -2.0255637 -0.2196084 0.2746298
v -2.0373675 -0.2168365 0.2770999
v -2.0337723 -0.2166256 0.2741659
v -2.0477063 -0.2055671 0.2812344
v -2.0390246 -0.2093759 0.2744727
v -2.0477257 -0.2099171 0.2860576
v -2.0433005 -0.2118452 0.2791900
v -2.0373953 -0.2139084 0.2738614
v -2.0107818 -0.2188443 0.2688272
v -2.0108393 -0.2204114 0.2701121
v -2.0260592 -0.2134055 0.2699894
v -2.0255825 -0.2163329 0.2709024
v -2.0252062 -0.2187391 0.2719195
v 1.2863145 0.3237363 0.2685915
v 1.2845767 0.3263915 0.2724521
v 1.3316371 0.3159008 0.2898825
v 1.2856622 0.3247589 0.2688858
v 1.2851444 0.3256178 0.2697253
v 1.3023589 0.3229240 0.2701524
v 1.3006182 0.3248923 0.2709009
v 1.2991710 0.3265506 0.2716528
v 1.3081263 0.3261405 0.2740384
v 1.2993142 0.3277955 0.2768516
v 1.3134380 0.3262750 0.2817583
v 1.2847470 0.3262078 0.2709633
v 1.2991690 0.3271380 0.2740389
v 1.3114486 0.3267169 0.2769161
v 1.3269347 0.3186112 0.2817474
v 1.3165801 0.3211182 0.2748217
v 1.3247588 0.3221236 0.2863349
v 1.3194938 0.3234128 0.2793739
v 1.3127905 0.3245453 0.2740154
v 1.2844298 0.3263879 0.4477297
v 1.2868241 0.3231563 0.4510338
v 1.3316225 0.3159131 0.4296373
v 1.2846552 0.3261346 0.4489734
v 1.2851882 0.3254612 0.4500252
v 1.2992289 0.3277522 0.4431222
v 1.2991579 0.3270789 0.4458327
v 1.2992476 0.3264194 0.4480580
v 1.3082384 0.3260506 0.4456761
v 1.3027308 0.3224590 0.4493504
v 1.3168223 0.3208602 0.4447421
v 1.2859453 0.3243936 0.4507429
v 1.3007743 0.3245900 0.4487057
v 1.3128789 0.3243561 0.4456050
v 1.3247490 0.3220952 0.4333253
v 1.3133375 0.3262474 0.4381151
v 1.3269754 0.3185231 0.4378503
v 1.3195153 0.3233675 0.4402437
v 1.3114581 0.3266466 0.4427963
v 1.3744838 0.1790345 0.2685873
v 1.4018094 0.2004585 0.2899132
v 1.3760479 0.1756779 0.2717987
v 1.3861991 0.1851783 0.2702003
v 1.3955524 0.1913742 0.2748236
v 1.3751734 0.1777036 0.2687766
v 1.3870408 0.1827710 0.2708734
v 1.3962971 0.1872334 0.2739016
v 1.3944029 0.1843032 0.2739033
v 1.4031546 0.1931584 0.2862330
v 1.3987258 0.1859420 0.2814959
v 1.4009894 0.1967631 0.2817511
v 1.4003860 0.1903782 0.2793134
v 1.3976233 0.1849176 0.2767578
v 1.3760370 0.1759087 0.2705726
v 1.3756682 0.1766795 0.2694896
v 1.3892056 0.1797216 0.2764134
v 1.3884006 0.1802663 0.2737469
v 1.3877921 0.1808477 0.2715435
v 1.3762189 0.1756513 0.4470825
v 1.4018447 0.2005461 0.4297147
v 1.3747493 0.1784017 0.4510392
v 1.3893434 0.1797382 0.4426762
v 1.3987821 0.1859135 0.4378508
v 1.3761352 0.1758743 0.4486212
v 1.3885271 0.1802157 0.4455490
v 1.3976817 0.1848643 0.4426561
v 1.3944898 0.1841779 0.4455408
v 1.4010873 0.1967166 0.4378523
v 1.3956641 0.1911096 0.4447533
v 1.4031807 0.1932295 0.4332283
v 1.4004343 0.1903060 0.4402140
v 1.3964200 0.1870464 0.4456036
v 1.3753641 0.1773716 0.4507216
v 1.3758410 0.1764922 0.4498848
v 1.3863831 0.1847214 0.4494126
v 1.3871818 0.1825359 0.4486342
v 1.3878746 0.1806785 0.4479185
v -0.7163471 -0.0877607 0.4296872
v -0.6892965 -0.0655980 0.4510367
v -0.6907458 -0.0629331 0.4470953
v -0.7156184 -0.0839455 0.4378577
v -0.7102082 -0.0784026 0.4447878
v -0.7176936 -0.0804635 0.4332370
v -0.7150293 -0.0775376 0.4401763
v -0.7109741 -0.0743021 0.4455897
v -0.7090279 -0.0714343 0.4455152
v -0.6898631 -0.0645984 0.4506793
v -0.6903739 -0.0637082 0.4498610
v -0.7009802 -0.0719420 0.4493538
v -0.7017445 -0.0697998 0.4486780
v -0.7024045 -0.0679460 0.4478834
v -0.7038736 -0.0669841 0.4426680
v -0.7133312 -0.0731379 0.4378520
v -0.6906934 -0.0631493 0.4485996
v -0.7030714 -0.0675092 0.4455207
v -0.7122800 -0.0721113 0.4426191
v -0.6906372 -0.0628803 0.2717972
v -0.6890417 -0.0662903 0.2685756
v -0.7164177 -0.0877590 0.2898908
v -0.6905496 -0.0631369 0.2705547
v -0.6902533 -0.0638886 0.2694790
v -0.7038067 -0.0670136 0.2764091
v -0.7030067 -0.0675327 0.2737732
v -0.7023341 -0.0680846 0.2715262
v -0.7089641 -0.0715493 0.2738897
v -0.7007948 -0.0723945 0.2701754
v -0.7100813 -0.0786686 0.2747847
v -0.6897269 -0.0649967 0.2688209
v -0.7016017 -0.0700530 0.2708518
v -0.7108661 -0.0744977 0.2739246
v -0.7177191 -0.0804334 0.2861864
v -0.7132713 -0.0731242 0.2814431
v -0.7155509 -0.0840321 0.2817599
v -0.7149587 -0.0776276 0.2792628
v -0.7122404 -0.0721374 0.2767202
v -0.6014028 -0.2103949 0.4510359
v -0.6462099 -0.2031436 0.4296561
v -0.5989457 -0.2135913 0.4477557
v -0.6172746 -0.2096781 0.4494162
v -0.6313921 -0.2080935 0.4447591
v -0.6005004 -0.2116670 0.4507534
v -0.6153713 -0.2118545 0.4487359
v -0.6274548 -0.2116256 0.4456656
v -0.6227844 -0.2132558 0.4456378
v -0.6392807 -0.2093390 0.4333452
v -0.6279414 -0.2135309 0.4381003
v -0.6415488 -0.2057677 0.4377887
v -0.6340618 -0.2106233 0.4402689
v -0.6260093 -0.2139531 0.4428117
v -0.5991993 -0.2134023 0.4490281
v -0.5997474 -0.2126562 0.4500667
v -0.6137579 -0.2149956 0.4431770
v -0.6136755 -0.2143087 0.4458441
v -0.6137732 -0.2136186 0.4480491
v -0.5991550 -0.2136072 0.2724940
v -0.6461993 -0.2031350 0.2898854
v -0.6008893 -0.2109906 0.2685699
v -0.6138633 -0.2150345 0.2768553
v -0.6279897 -0.2135389 0.2817454
v -0.5992536 -0.2134692 0.2709664
v -0.6137311 -0.2144070 0.2740772
v -0.6259800 -0.2139439 0.2769316
v -0.6226962 -0.2134167 0.2740203
v -0.6414913 -0.2058466 0.2817196
v -0.6311763 -0.2083129 0.2747859
v -0.6393343 -0.2093491 0.2863414
v -0.6340515 -0.2106852 0.2793728
v -0.6273270 -0.2117912 0.2740124
v -0.6002154 -0.2119949 0.2688318
v -0.5996493 -0.2128378 0.2697064
v -0.6169132 -0.2101568 0.2701693
v -0.6151468 -0.2121263 0.2709389
v -0.6137146 -0.2137877 0.2716767
v -0.6670270 -0.0575415 0.2691559
v -0.6746573 -0.0548102 0.2686006
v -0.6672823 -0.0551377 0.2698546
v -0.6596227 -0.0578924 0.2704088
v -0.6746294 -0.0530963 0.2694730
v -0.6674068 -0.0531630 0.2709943
v -0.6600835 -0.0552374 0.2713940
v -0.6528849 -0.0614124 0.2722271
v -0.6539870 -0.0576303 0.2723575
v -0.6472290 -0.0611217 0.2741812
v -0.6559143 -0.0550883 0.2729776
v -0.6498885 -0.0574859 0.2740083
v -0.6745606 -0.0511001 0.2730458
v -0.6669225 -0.0516352 0.2760689
v -0.6595754 -0.0527452 0.2762783
v -0.6672487 -0.0521878 0.2732818
v -0.6527957 -0.0544559 0.2800420
v -0.6472244 -0.0562831 0.2796652
v -0.6539340 -0.0545714 0.2759146
v -0.6746068 -0.0518094 0.2710289
v -0.6600209 -0.0535918 0.2732798
v -0.6498520 -0.0560402 0.2756032
v -0.6362058 -0.0665290 0.2876207
v -0.6361835 -0.0687234 0.2852021
v -0.6399419 -0.0640278 0.2801837
v -0.6399014 -0.0618814 0.2826497
v -0.6420288 -0.0653237 0.2778281
v -0.6450972 -0.0598314 0.2765335
v -0.6420190 -0.0597395 0.2841142
v -0.6451061 -0.0584058 0.2781727
v -0.6670930 -0.0516239 0.4448665
v -0.6747795 -0.0511275 0.4478201
v -0.6673150 -0.0522712 0.4474123
v -0.6596761 -0.0527824 0.4444848
v -0.6746677 -0.0518864 0.4496482
v -0.6674543 -0.0533090 0.4496043
v -0.6601057 -0.0536776 0.4473369
v -0.6529568 -0.0545056 0.4407235
v -0.6539809 -0.0546280 0.4447956
v -0.6472532 -0.0563014 0.4410002
v -0.6559227 -0.0551870 0.4475543
v -0.6498736 -0.0561106 0.4449765
v -0.6744905 -0.0552573 0.4518388
v -0.6668506 -0.0580330 0.4512821
v -0.6594988 -0.0582683 0.4500336
v -0.6671788 -0.0554596 0.4506642
v -0.6527641 -0.0616733 0.4482470
v -0.6472056 -0.0612998 0.4462848
v -0.6539096 -0.0578837 0.4481127
v -0.6745691 -0.0533512 0.4510587
v -0.6600334 -0.0554188 0.4491561
v -0.6498290 -0.0576471 0.4465316
v -0.6361835 -0.0687857 0.4352455
v -0.6362078 -0.0665424 0.4328560
v -0.6399276 -0.0618811 0.4378692
v -0.6398971 -0.0641128 0.4402857
v -0.6420941 -0.0597014 0.4365069
v -0.6450985 -0.0584908 0.4423677
v -0.6420391 -0.0654911 0.4426233
v -0.6450510 -0.0599782 0.4439769
v -0.6745321 -0.2174875 0.2685835
v -0.6668599 -0.2147206 0.2692134
v -0.6595441 -0.2144973 0.2703622
v -0.6671550 -0.2172624 0.2697795
v -0.6527858 -0.2110594 0.2722400
v -0.6471779 -0.2114191 0.2741217
v -0.6539379 -0.2149111 0.2723045
v -0.6745926 -0.2194012 0.2693388
v -0.6600401 -0.2173163 0.2712623
v -0.6674652 -0.2194314 0.2708526
v -0.6498336 -0.2151098 0.2739305
v -0.6559357 -0.2175600 0.2729172
v -0.6361734 -0.2039968 0.2851661
v -0.6362130 -0.2062309 0.2875942
v -0.6399048 -0.2108429 0.2825535
v -0.6399139 -0.2086181 0.2801561
v -0.6420750 -0.2130380 0.2839381
v -0.6472254 -0.2164700 0.2794448
v -0.6450859 -0.2142419 0.2780680
v -0.6419782 -0.2072899 0.2778653
v -0.6450505 -0.2127560 0.2764585
v -0.6498557 -0.2166168 0.2754915
v -0.6671043 -0.2211453 0.2755975
v -0.6747286 -0.2216476 0.2726162
v -0.6673162 -0.2205035 0.2729657
v -0.6596671 -0.2199617 0.2760020
v -0.6746847 -0.2208298 0.2707262
v -0.6600813 -0.2190930 0.2730934
v -0.6529059 -0.2182806 0.2797128
v -0.6540018 -0.2181326 0.2756966
v -0.6745595 -0.2216783 0.4473806
v -0.6669136 -0.2210992 0.4443762
v -0.6595603 -0.2200139 0.4440991
v -0.6672467 -0.2205533 0.4471661
v -0.6528396 -0.2182869 0.4403510
v -0.6472280 -0.2165100 0.4408141
v -0.6539858 -0.2182310 0.4445303
v -0.6746239 -0.2209428 0.4494335
v -0.6600392 -0.2191277 0.4471452
v -0.6674091 -0.2195546 0.4494468
v -0.6498313 -0.2167233 0.4448291
v -0.6559391 -0.2176997 0.4474390
v -0.6362048 -0.2061876 0.4328466
v -0.6362173 -0.2040179 0.4352496
v -0.6398978 -0.2086958 0.4402437
v -0.6399159 -0.2108828 0.4378076
v -0.6420405 -0.2074706 0.4426120
v -0.6472219 -0.2116700 0.4462797
v -0.6450808 -0.2128695 0.4439178
v -0.6420417 -0.2130234 0.4362913
v -0.6450939 -0.2143134 0.4422373
v -0.6498394 -0.2152911 0.4464440
v -0.6670132 -0.2152201 0.4512385
v -0.6746471 -0.2179699 0.4517942
v -0.6672898 -0.2175711 0.4505626
v -0.6596339 -0.2148323 0.4500162
v -0.6746544 -0.2196296 0.4510020
v -0.6600743 -0.2175134 0.4490655
v -0.6528749 -0.2113811 0.4481965
v -0.6539592 -0.2150935 0.4480782
v -2.0492449 -0.0665567 0.4328168
v -2.0492246 -0.0687150 0.4352362
v -2.0455112 -0.0640603 0.4401987
v -2.0455375 -0.0618958 0.4378229
v -2.0434211 -0.0653200 0.4425981
v -2.0382074 -0.0610999 0.4462339
v -2.0403385 -0.0598953 0.4439144
v -2.0434166 -0.0596840 0.4363232
v -2.0403687 -0.0584015 0.4422949
v -2.0382622 -0.0562490 0.4407694
v -2.0355806 -0.0575153 0.4464685
v -2.0356021 -0.0560098 0.4448023
v -2.0183843 -0.0575559 0.4512466
v -2.0107780 -0.0548030 0.4518399
v -2.0181667 -0.0551514 0.4506035
v -2.0258215 -0.0578738 0.4500301
v -2.0107948 -0.0530757 0.4509455
v -2.0179977 -0.0531648 0.4494328
v -2.0253687 -0.0552129 0.4490320
v -2.0325689 -0.0613916 0.4482372
v -2.0314913 -0.0576347 0.4480444
v -2.0295089 -0.0550763 0.4474174
v -2.0108384 -0.0510613 0.4473976
v -2.0184738 -0.0516631 0.4443795
v -2.0258622 -0.0527629 0.4441357
v -2.0182049 -0.0522341 0.4471673
v -2.0326002 -0.0544816 0.4403682
v -2.0314509 -0.0545712 0.4445276
v -2.0107976 -0.0517905 0.4493863
v -2.0253582 -0.0536071 0.4471743
v -2.0183191 -0.0516573 0.2755514
v -2.0106753 -0.0511214 0.2726161
v -2.0180922 -0.0522568 0.2729946
v -2.0257371 -0.0527863 0.2759775
v -2.0107528 -0.0519134 0.2707558
v -2.0180099 -0.0533152 0.2708656
v -2.0253165 -0.0536965 0.2730368
v -2.0324845 -0.0544646 0.2797108
v -2.0314374 -0.0546231 0.2756909
v -2.0381937 -0.0562920 0.2794457
v -2.0294663 -0.0551729 0.2728726
v -2.0355926 -0.0561088 0.2754744
v -2.0109412 -0.0553061 0.2685658
v -2.0185767 -0.0580588 0.2692032
v -2.0258928 -0.0582694 0.2704152
v -2.0182646 -0.0554375 0.2698038
v -2.0326312 -0.0617182 0.2721947
v -2.0382629 -0.0613438 0.2741307
v -2.0314872 -0.0578373 0.2722819
v -2.0108518 -0.0533717 0.2693243
v -2.0254113 -0.0554619 0.2713169
v -2.0355705 -0.0576510 0.2739132
v -2.0492504 -0.0687523 0.2851942
v -2.0492230 -0.0665506 0.2875728
v -2.0455049 -0.0619029 0.2825458
v -2.0455555 -0.0641683 0.2801888
v -2.0433670 -0.0596866 0.2839633
v -2.0403599 -0.0585144 0.2780552
v -2.0434349 -0.0654449 0.2778736
v -2.0403535 -0.0599643 0.2764805
v -2.0109151 -0.2174596 0.4518410
v -2.0186096 -0.2147272 0.4512731
v -2.0259389 -0.2145230 0.4500427
v -2.0182358 -0.2172922 0.4506055
v -2.0326850 -0.2110211 0.4482146
v -2.0382453 -0.2114129 0.4463218
v -2.0314986 -0.2148761 0.4480882
v -2.0108626 -0.2193926 0.4510820
v -2.0253890 -0.2173101 0.4491700
v -2.0180107 -0.2194243 0.4495932
v -2.0355824 -0.2151322 0.4464943
v -2.0295137 -0.2175467 0.4475550
v -2.0492559 -0.2039811 0.4352592
v -2.0492154 -0.2061901 0.4328705
v -2.0454989 -0.2108417 0.4378698
v -2.0455396 -0.2086369 0.4402669
v -2.0433493 -0.2130179 0.4365056
v -2.0381918 -0.2164476 0.4410161
v -2.0403111 -0.2142588 0.4423897
v -2.0433975 -0.2073061 0.4425889
v -2.0403784 -0.2127672 0.4439491
v -2.0355804 -0.2166312 0.4449495
v -2.0183339 -0.2211350 0.4448815
v -2.0106762 -0.2216287 0.4478442
v -2.0180957 -0.2205146 0.4474321
v -2.0257879 -0.2199686 0.4444594
v -2.0107572 -0.2208221 0.4497016
v -2.0253599 -0.2190494 0.4473421
v -2.0325082 -0.2182547 0.4407294
v -2.0314513 -0.2181482 0.4447896
v -2.0108510 -0.2216381 0.2730628
v -2.0184717 -0.2211174 0.2760695
v -2.0258614 -0.2199785 0.2763376
v -2.0181831 -0.2205352 0.2733108
v -2.0326017 -0.2182866 0.2800696
v -2.0382279 -0.2165259 0.2796749
v -2.0314856 -0.2181904 0.2759048
v -2.0108276 -0.2209884 0.2710008
v -2.0253935 -0.2191793 0.2732418
v -2.0179736 -0.2195710 0.2709613
v -2.0355906 -0.2166878 0.2756663
v -2.0294596 -0.2176612 0.2729934
v -2.0492550 -0.2061847 0.2876326
v -2.0492599 -0.2040416 0.2851570
v -2.0455083 -0.2087135 0.2801967
v -2.0455024 -0.2108847 0.2826723
v -2.0433957 -0.2074789 0.2778569
v -2.0382122 -0.2116161 0.2741428
v -2.0403070 -0.2128581 0.2765468
v -2.0433854 -0.2130524 0.2841345
v -2.0403174 -0.2143621 0.2781429
v -2.0355841 -0.2152439 0.2739925
v -2.0184191 -0.2152141 0.2691575
v -2.0107492 -0.2179502 0.2685905
v -2.0181881 -0.2176095 0.2698530
v -2.0257797 -0.2148417 0.2704532
v -2.0107851 -0.2196259 0.2694385
v -2.0253348 -0.2174922 0.2713455
v -2.0325749 -0.2113894 0.2722121
v -2.0314935 -0.2150847 0.2723535
v 1.2943695 0.3233154 0.2693392
v 1.2860114 0.3242613 0.2687033
v 1.2931671 0.3248385 0.2698977
v 1.3014948 0.3238957 0.2705561
v 1.2853654 0.3251887 0.2692650
v 1.2921340 0.3260967 0.2706670
v 1.2998487 0.3256792 0.2713287
v 1.3094985 0.3219856 0.2725178
v 1.3066544 0.3247213 0.2724442
v 1.3146699 0.3228280 0.2743967
v 1.3036690 0.3263654 0.2728725
v 1.3104639 0.3253762 0.2740211
v 1.2846488 0.3262906 0.2717217
v 1.2919376 0.3271080 0.2746872
v 1.2992369 0.3274689 0.2754676
v 1.2919414 0.3266921 0.2725038
v 1.3063610 0.3270469 0.2793139
v 1.3124241 0.3264860 0.2793471
v 1.3052731 0.3269672 0.2754939
v 1.2848862 0.3259423 0.2703079
v 1.2991629 0.3268675 0.2728741
v 1.3097772 0.3264679 0.2754917
v 1.3282275 0.3189955 0.2880674
v 1.3292868 0.3172737 0.2857887
v 1.3231780 0.3210257 0.2805493
v 1.3221448 0.3227430 0.2828708
v 1.3217301 0.3198291 0.2782710
v 1.3161048 0.3240269 0.2766513
v 1.3190816 0.3241951 0.2840129
v 1.3154255 0.3250582 0.2781758
v 1.2918248 0.3270632 0.4454456
v 1.2845055 0.3262812 0.4484028
v 1.2918702 0.3266072 0.4474107
v 1.2992028 0.3274550 0.4444625
v 1.2849607 0.3258126 0.4495325
v 1.2922234 0.3259393 0.4490245
v 1.2991751 0.3267474 0.4469590
v 1.3062790 0.3270057 0.4406150
v 1.3052949 0.3268631 0.4442928
v 1.3123769 0.3264589 0.4404865
v 1.3037264 0.3262101 0.4468350
v 1.3098371 0.3263607 0.4442202
v 1.2864201 0.3237532 0.4508618
v 1.2947836 0.3228109 0.4501929
v 1.3017376 0.3234990 0.4490590
v 1.2934087 0.3245260 0.4497408
v 1.3097448 0.3216612 0.4470713
v 1.3148571 0.3226222 0.4451865
v 1.3068719 0.3244955 0.4471804
v 1.2855733 0.3249331 0.4503864
v 1.3000334 0.3255286 0.4483430
v 1.3105934 0.3252043 0.4456260
v 1.3292720 0.3172048 0.4337317
v 1.3282135 0.3190288 0.4315190
v 1.3221550 0.3227405 0.4368290
v 1.3232225 0.3209305 0.4390597
v 1.3190824 0.3242154 0.4357206
v 1.3154918 0.3250437 0.4415676
v 1.3218590 0.3196881 0.4412528
v 1.3162044 0.3238394 0.4429425
v 1.3748563 0.1783601 0.2686720
v 1.3803684 0.1820945 0.2693526
v 1.3866376 0.1839792 0.2705007
v 1.3811104 0.1802519 0.2698270
v 1.3908932 0.1882613 0.2725272
v 1.3959016 0.1893179 0.2743761
v 1.3916542 0.1849931 0.2724000
v 1.3754193 0.1771876 0.2691790
v 1.3874082 0.1818120 0.2712240
v 1.3817551 0.1787401 0.2705178
v 1.3953744 0.1857836 0.2739051
v 1.3910760 0.1825810 0.2727319
v 1.4014195 0.1986510 0.2858249
v 1.4024980 0.1968695 0.2880820
v 1.4018158 0.1917525 0.2827785
v 1.4007093 0.1935974 0.2805132
v 1.4009271 0.1895757 0.2838351
v 1.3982209 0.1854036 0.2790756
v 1.3990492 0.1876534 0.2780085
v 1.3982466 0.1940755 0.2782626
v 1.3983538 0.1887907 0.2766416
v 1.3960215 0.1845811 0.2753103
v 1.3826591 0.1776690 0.2740894
v 1.3760664 0.1757546 0.2712228
v 1.3821979 0.1781156 0.2721622
v 1.3888228 0.1799844 0.2750789
v 1.3758245 0.1762738 0.2700550
v 1.3880739 0.1805348 0.2726223
v 1.3939546 0.1828582 0.2789788
v 1.3930207 0.1825777 0.2752422
v 1.3762064 0.1758100 0.4478679
v 1.3827756 0.1777148 0.4448938
v 1.3889171 0.1799881 0.4440744
v 1.3823394 0.1780852 0.4470673
v 1.3940463 0.1828451 0.4402610
v 1.3982306 0.1854116 0.4402153
v 1.3931298 0.1825278 0.4440833
v 1.3759985 0.1761890 0.4492144
v 1.3881800 0.1804317 0.4466757
v 1.3818210 0.1786100 0.4488558
v 1.3960850 0.1845478 0.4441103
v 1.3911644 0.1824024 0.4466983
v 1.4025039 0.1968830 0.4314679
v 1.4014155 0.1985949 0.4337546
v 1.4007626 0.1934696 0.4389920
v 1.4018054 0.1917331 0.4366963
v 1.3983264 0.1939248 0.4413140
v 1.3960503 0.1891243 0.4451900
v 1.3984150 0.1886977 0.4428805
v 1.4009883 0.1895442 0.4355773
v 1.3990487 0.1875806 0.4414144
v 1.3954471 0.1855838 0.4455712
v 1.3805596 0.1815206 0.4502094
v 1.3750560 0.1778672 0.4508907
v 1.3812133 0.1799049 0.4496987
v 1.3867656 0.1836121 0.4490136
v 1.3755841 0.1769138 0.4502708
v 1.3874808 0.1816141 0.4482719
v 1.3910424 0.1878858 0.4470761
v 1.3917933 0.1848213 0.4471030
v -0.7170284 -0.0841091 0.4314429
v -0.7160280 -0.0858644 0.4337303
v -0.7153362 -0.0807079 0.4390043
v -0.7163961 -0.0789763 0.4367589
v -0.7128964 -0.0811501 0.4412708
v -0.7105675 -0.0763111 0.4451871
v -0.7129500 -0.0759294 0.4428969
v -0.7154957 -0.0768003 0.4355096
v -0.7136526 -0.0748338 0.4414566
v -0.7127866 -0.0726662 0.4402577
v -0.7100165 -0.0728664 0.4455539
v -0.7106884 -0.0717881 0.4440966
v -0.6950976 -0.0687750 0.4502252
v -0.6895651 -0.0650863 0.4508875
v -0.6957868 -0.0672020 0.4496633
v -0.7013724 -0.0708680 0.4490187
v -0.6901436 -0.0641788 0.4502541
v -0.6963860 -0.0658428 0.4488686
v -0.7020954 -0.0688447 0.4482971
v -0.7055807 -0.0751737 0.4470713
v -0.7063220 -0.0720643 0.4470888
v -0.7057171 -0.0697016 0.4466968
v -0.6907375 -0.0630533 0.4478198
v -0.6973547 -0.0649682 0.4449019
v -0.7034335 -0.0672729 0.4440930
v -0.6968897 -0.0652997 0.4470734
v -0.7085754 -0.0700712 0.4402694
v -0.7076637 -0.0697739 0.4440565
v -0.6905057 -0.0634550 0.4492641
v -0.7027626 -0.0677080 0.4466789
v -0.6971708 -0.0649466 0.2741032
v -0.6905751 -0.0630186 0.2711631
v -0.6968085 -0.0653636 0.2721285
v -0.7033843 -0.0672688 0.2751140
v -0.6903786 -0.0635280 0.2700676
v -0.6962749 -0.0660025 0.2704923
v -0.7026558 -0.0678167 0.2726159
v -0.7085581 -0.0700833 0.2789757
v -0.7075689 -0.0698198 0.2752414
v -0.7127198 -0.0726300 0.2791316
v -0.7056775 -0.0698124 0.2726966
v -0.7105654 -0.0718765 0.2753004
v -0.6893727 -0.0656363 0.2687017
v -0.6948987 -0.0693282 0.2693551
v -0.7011825 -0.0712103 0.2705289
v -0.6956845 -0.0675136 0.2698502
v -0.7054401 -0.0755040 0.2725148
v -0.7104960 -0.0765570 0.2744110
v -0.7061921 -0.0722622 0.2723709
v -0.6899507 -0.0644687 0.2691867
v -0.7019874 -0.0690396 0.2712021
v -0.7099339 -0.0730006 0.2739431
v -0.7160098 -0.0859080 0.2858464
v -0.7170656 -0.0841120 0.2881042
v -0.7163698 -0.0789973 0.2827253
v -0.7152848 -0.0807950 0.2805510
v -0.7155206 -0.0767846 0.2838687
v -0.7135916 -0.0748921 0.2779929
v -0.7128641 -0.0813144 0.2782711
v -0.7128797 -0.0760486 0.2766304
v -0.6009474 -0.2110185 0.4509109
v -0.6093100 -0.2100492 0.4502184
v -0.6163369 -0.2107567 0.4490440
v -0.6079635 -0.2117233 0.4497197
v -0.6242895 -0.2088996 0.4470837
v -0.6294415 -0.2098626 0.4451628
v -0.6213962 -0.2117641 0.4471902
v -0.6001631 -0.2121333 0.4503910
v -0.6145643 -0.2127662 0.4483678
v -0.6067527 -0.2131861 0.4490504
v -0.6251126 -0.2124633 0.4456549
v -0.6182545 -0.2134730 0.4468316
v -0.6438587 -0.2044785 0.4337639
v -0.6427610 -0.2062766 0.4314777
v -0.6366698 -0.2099905 0.4367872
v -0.6378084 -0.2082153 0.4390573
v -0.6336005 -0.2114119 0.4357240
v -0.6269603 -0.2137265 0.4404698
v -0.6300519 -0.2122659 0.4415722
v -0.6364188 -0.2069568 0.4412737
v -0.6307664 -0.2111459 0.4429464
v -0.6244178 -0.2135901 0.4442356
v -0.6063687 -0.2142865 0.4454531
v -0.5991020 -0.2134945 0.4484066
v -0.6064617 -0.2138130 0.4473834
v -0.6137219 -0.2146659 0.4444743
v -0.5994580 -0.2130352 0.4495532
v -0.6137487 -0.2139947 0.4469149
v -0.6208669 -0.2142619 0.4405997
v -0.6198448 -0.2140877 0.4443004
v -0.5991879 -0.2135126 0.2716896
v -0.6064636 -0.2143630 0.2746845
v -0.6137721 -0.2147083 0.2754537
v -0.6065187 -0.2139360 0.2725061
v -0.6209367 -0.2142540 0.2793147
v -0.6270079 -0.2137319 0.2793351
v -0.6198621 -0.2141606 0.2754988
v -0.5994681 -0.2131479 0.2703753
v -0.6137447 -0.2141109 0.2728412
v -0.6067262 -0.2133631 0.2707197
v -0.6243348 -0.2136834 0.2755029
v -0.6181896 -0.2135856 0.2728773
v -0.6427695 -0.2062139 0.2881286
v -0.6438207 -0.2045252 0.2858162
v -0.6377355 -0.2082498 0.2805412
v -0.6367118 -0.2100323 0.2828371
v -0.6363417 -0.2071367 0.2782960
v -0.6292661 -0.2100604 0.2743735
v -0.6306546 -0.2112263 0.2766586
v -0.6336581 -0.2114290 0.2839973
v -0.6299894 -0.2123090 0.2781311
v -0.6249968 -0.2125776 0.2739871
v -0.6088696 -0.2105468 0.2693656
v -0.6005832 -0.2115084 0.2687402
v -0.6077274 -0.2120601 0.2698874
v -0.6160313 -0.2111327 0.2705809
v -0.5999588 -0.2124367 0.2692870
v -0.6144319 -0.2129403 0.2713200
v -0.6240733 -0.2092630 0.2724716
v -0.6212331 -0.2119529 0.2724652
v -0.6346455 -0.1364149 0.2891757
v -0.6377210 -0.1363197 0.2812038
v -0.6463860 -0.1362756 0.2744710
v -0.6592932 -0.1361382 0.2699973
v -0.6745401 -0.1360591 0.2683673
v -0.6746764 -0.0509261 0.3605050
v -0.6593915 -0.0523862 0.3604037
v -0.6463657 -0.0565992 0.3603401
v -0.6376954 -0.0628566 0.3602924
v -0.6346668 -0.0702219 0.3602260
v -0.6346667 -0.2025476 0.3601958
v -0.6377111 -0.2099454 0.3601467
v -0.6464099 -0.2162186 0.3600718
v -0.6593397 -0.2203742 0.3599931
v -0.6746879 -0.2218801 0.3599505
v -0.6746020 -0.1366734 0.4520323
v -0.6593260 -0.1365515 0.4504538
v -0.6463329 -0.1365240 0.4459516
v -0.6376952 -0.1363985 0.4392617
v -0.6346821 -0.1363667 0.4313200
v -2.0107267 -0.0509317 0.3599261
v -2.0260717 -0.0523848 0.3599931
v -2.0390702 -0.0565958 0.3600887
v -2.0477030 -0.0628113 0.3601388
v -2.0507842 -0.0702150 0.3602079
v 1.3667161 0.2581763 0.2899038
v 1.3639273 0.2576722 0.2817089
v 1.3560445 0.2562369 0.2748428
v 1.3442607 0.2540338 0.2702022
v 1.3304283 0.2513570 0.2685413
v 1.2844589 0.3263567 0.3600854
v 1.2992359 0.3278076 0.3600409
v 1.3133674 0.3263017 0.3599188
v 1.3247550 0.3221096 0.3598502
v 1.3316294 0.3158860 0.3597941
v 1.4018222 0.2004953 0.3598322
v 1.4031699 0.1932238 0.3597306
v 1.3987254 0.1859223 0.3596315
v 1.3892902 0.1797359 0.3595420
v 1.3761261 0.1756693 0.3594529
v 1.3307899 0.2507841 0.4510341
v 1.3445721 0.2535554 0.4494120
v 1.3562268 0.2559645 0.4447668
v 1.3639822 0.2576197 0.4378199
v 1.3666996 0.2581972 0.4296788
v -0.6906870 -0.0628808 0.3594544
v -0.7038520 -0.0669939 0.3595747
v -0.7133286 -0.0731818 0.3596649
v -0.7177231 -0.0804220 0.3597668
v -0.7163871 -0.0877749 0.3598314
v -1.3426063 -0.0560085 0.4520690
v -1.3426636 -0.0540794 0.4516081
v -1.3427547 -0.0524007 0.4504408
v -1.3427711 -0.0513055 0.4486847
v -1.3428308 -0.0509145 0.4465259
v -1.3425872 -0.0509294 0.2738670
v -1.3426363 -0.0512776 0.2718024
v -1.3427412 -0.0524323 0.2699900
v -1.3427581 -0.0540690 0.2687807
v -1.3428591 -0.0559943 0.2683846
v -1.3428434 -0.2167029 0.4520390
v -1.3427982 -0.2186989 0.4516139
v -1.3427365 -0.2203465 0.4504361
v -1.3426570 -0.2214412 0.4486362
v -1.3425784 -0.2218493 0.4465571
v -2.0507617 -0.1363863 0.4313033
v -2.0477200 -0.1363352 0.4392248
v -2.0391050 -0.1362298 0.4459963
v -2.0261458 -0.1361932 0.4504428
v -2.0108908 -0.1360611 0.4520785
v -2.0508074 -0.2025081 0.3601857
v -2.0477107 -0.2099428 0.3602325
v -2.0390218 -0.2161985 0.3603347
v -2.0261001 -0.2204048 0.3604393
v -2.0107825 -0.2218735 0.3605317
v -2.0108435 -0.1366415 0.2684004
v -2.0261492 -0.1365775 0.2699889
v -2.0390584 -0.1364800 0.2744776
v -2.0477326 -0.1364218 0.2811933
v -2.0507970 -0.1363491 0.2891626
v -1.3425895 -0.2167211 0.2684241
v -1.3426642 -0.2186837 0.2688141
v -1.3427107 -0.2203683 0.2699757
v -1.3427859 -0.2214842 0.2717968
v -1.3428318 -0.2218820 0.2739046
v 0.2987487 0.1287770 0.4509972
v 0.2980063 0.1299076 0.4507310
v 0.2973768 0.1308492 0.4499811
v 0.2969953 0.1314656 0.4488198
v 0.2967853 0.1316960 0.4474179
v 0.2969796 0.1317813 0.2721338
v 0.2970470 0.1315063 0.2707951
v 0.2974211 0.1308514 0.2695820
v 0.2979945 0.1299189 0.2688387
v 0.2986357 0.1287155 0.2685900
v 0.3866905 -0.0159925 0.4510020
v 0.3874029 -0.0171217 0.4507267
v 0.3880086 -0.0181053 0.4499845
v 0.3884855 -0.0187705 0.4488037
v 0.3886372 -0.0189495 0.4474180
v -0.6812588 -0.1454531 0.4296769
v -0.6785599 -0.1448808 0.4378068
v -0.6708045 -0.1432237 0.4447909
v -0.6590889 -0.1408141 0.4493551
v -0.6453419 -0.1380434 0.4509794
v -0.6462445 -0.2031003 0.3597748
v -0.6393078 -0.2093450 0.3598578
v -0.6279220 -0.2135019 0.3599312
v -0.6138219 -0.2150046 0.3600425
v -0.5990291 -0.2136093 0.3601303
v -0.6449735 -0.1386290 0.2685569
v -0.6588256 -0.1412897 0.2702041
v -0.6706524 -0.1434876 0.2748111
v -0.6785211 -0.1449321 0.2817436
v -0.6812901 -0.1454572 0.2898743
v 0.3868159 -0.0160126 0.2685608
v 0.3874896 -0.0171294 0.2688267
v 0.3880002 -0.0180966 0.2696292
v 0.3883558 -0.0187636 0.2707793
v 0.3884471 -0.0189770 0.2721662
v -1.3427453 -0.1363624 0.2683860
v -0.6346937 -0.1363677 0.3602033
v -1.3427071 -0.0509371 0.3602447
v -1.3427323 -0.1363847 0.4520482
v -1.3427191 -0.2218582 0.3602396
v -2.0507668 -0.1364053 0.3602010
v 0.3426984 0.0563823 0.2685929
v 1.3667601 0.2582009 0.3597623
v 0.2968900 0.1317445 0.3597742
v 0.3427214 0.0564010 0.4510252
v 0.3885418 -0.0190100 0.3597622
v -0.6812628 -0.1454693 0.3597827
v -0.6671610 -0.0563609 0.2695062
v -0.6673501 -0.0541705 0.2704182
v -0.6534499 -0.0595286 0.2722709
v -0.6549377 -0.0563585 0.2726770
v -0.6670790 -0.0519081 0.2747124
v -0.6533895 -0.0545308 0.2780095
v -0.6673038 -0.0527169 0.2721480
v -0.6549575 -0.0548078 0.2744639
v -0.6380155 -0.0653130 0.2839128
v -0.6435736 -0.0626158 0.2772235
v -0.6435829 -0.0590396 0.2811429
v -0.6474557 -0.0579460 0.2760648
v -0.6672378 -0.0519787 0.4461206
v -0.6673869 -0.0527827 0.4485062
v -0.6534544 -0.0545541 0.4427286
v -0.6549555 -0.0548827 0.4461402
v -0.6670246 -0.0567675 0.4509326
v -0.6533319 -0.0597475 0.4481348
v -0.6673062 -0.0544053 0.4500871
v -0.6549400 -0.0565426 0.4478037
v -0.6380317 -0.0653136 0.4365904
v -0.6435826 -0.0590820 0.4394438
v -0.6435324 -0.0627122 0.4432672
v -0.6474458 -0.0580444 0.4444753
v -0.6670036 -0.2159963 0.2695027
v -0.6533569 -0.2129677 0.2722521
v -0.6672964 -0.2183730 0.2703101
v -0.6549341 -0.2162563 0.2726278
v -0.6380417 -0.2074295 0.2838535
v -0.6436087 -0.2136541 0.2809840
v -0.6435441 -0.2100043 0.2771807
v -0.6474645 -0.2147171 0.2760158
v -0.6672429 -0.2208179 0.2742942
v -0.6673617 -0.2199604 0.2719190
v -0.6534576 -0.2181950 0.2776956
v -0.6550030 -0.2178554 0.2743124
v -0.6670990 -0.2208102 0.4457655
v -0.6534084 -0.2182571 0.4424842
v -0.6673028 -0.2200910 0.4482984
v -0.6549222 -0.2179040 0.4460200
v -0.6380342 -0.2074843 0.4365601
v -0.6435666 -0.2101919 0.4432157
v -0.6435659 -0.2137047 0.4392637
v -0.6474484 -0.2147752 0.4443583
v -0.6671742 -0.2163870 0.4509462
v -0.6673790 -0.2186161 0.4500280
v -0.6533952 -0.2132744 0.4481102
v -0.6549389 -0.2163814 0.4477754
v -2.0473714 -0.0652807 0.4365352
v -2.0418924 -0.0625719 0.4432141
v -2.0418889 -0.0590653 0.4392790
v -2.0379636 -0.0579445 0.4443394
v -2.0182984 -0.0563640 0.4509198
v -2.0181106 -0.0541773 0.4500413
v -2.0320036 -0.0594890 0.4481638
v -2.0304804 -0.0563823 0.4477397
v -2.0183455 -0.0519266 0.4457466
v -2.0320333 -0.0544846 0.4424424
v -2.0181022 -0.0526984 0.4482782
v -2.0304530 -0.0548089 0.4460152
v -2.0182067 -0.0519662 0.2742932
v -2.0180642 -0.0527754 0.2719218
v -2.0319734 -0.0545701 0.2776823
v -2.0304526 -0.0549137 0.2742866
v -2.0184012 -0.0567901 0.2695156
v -2.0320727 -0.0597982 0.2722880
v -2.0180933 -0.0543911 0.2703307
v -2.0304960 -0.0565166 0.2726034
v -2.0473851 -0.0653661 0.2838899
v -2.0418299 -0.0591002 0.2809681
v -2.0418779 -0.0627592 0.2771467
v -2.0379347 -0.0580206 0.2759676
v -2.0184259 -0.2159709 0.4509386
v -2.0321016 -0.2129415 0.4481555
v -2.0181511 -0.2183254 0.4501299
v -2.0304863 -0.2162136 0.4478118
v -2.0473552 -0.2074201 0.4365765
v -2.0418230 -0.2136893 0.4394367
v -2.0419180 -0.2100149 0.4433065
v -2.0379492 -0.2147007 0.4444829
v -2.0182531 -0.2208202 0.4461327
v -2.0180410 -0.2199787 0.4485101
v -2.0319595 -0.2181883 0.4427377
v -2.0304712 -0.2178376 0.4461453
v -2.0183870 -0.2208007 0.2746855
v -2.0320315 -0.2182243 0.2779723
v -2.0180690 -0.2200784 0.2721309
v -2.0305087 -0.2179192 0.2744691
v -2.0473588 -0.2074736 0.2839078
v -2.0418800 -0.2101629 0.2771841
v -2.0418911 -0.2137250 0.2811508
v -2.0379902 -0.2148078 0.2760728
v -2.0182712 -0.2163783 0.2695109
v -2.0180825 -0.2185792 0.2704004
v -2.0320265 -0.2132215 0.2723277
v -2.0304460 -0.2164063 0.2726831
v 1.2937146 0.3240811 0.2696194
v 1.2926511 0.3254320 0.2702643
v 1.3080810 0.3233224 0.2725046
v 1.3051771 0.3255346 0.2726875
v 1.2919644 0.3268581 0.2736186
v 1.3058135 0.3269644 0.2773847
v 1.2920199 0.3263496 0.2715893
v 1.3044856 0.3266678 0.2741901
v 1.3257176 0.3199833 0.2843241
v 1.3189532 0.3219533 0.2774694
v 1.3172538 0.3246560 0.2811163
v 1.3129655 0.3252039 0.2760984
v 1.2918224 0.3268606 0.4464130
v 1.2920614 0.3262897 0.4482500
v 1.3058054 0.3269698 0.4424589
v 1.3044872 0.3265670 0.4455515
v 1.2940626 0.3236368 0.4499511
v 1.3082731 0.3230606 0.4470927
v 1.2928314 0.3251938 0.4493712
v 1.3052610 0.3253547 0.4470041
v 1.3257299 0.3199725 0.4352472
v 1.3172374 0.3245919 0.4386032
v 1.3190476 0.3217878 0.4421201
v 1.3130175 0.3251372 0.4436296
v 1.3807589 0.1811431 0.2696236
v 1.3912920 0.1866758 0.2724409
v 1.3814345 0.1794922 0.2701553
v 1.3914106 0.1837939 0.2725314
v 1.4016000 0.1952084 0.2842835
v 1.3999547 0.1885727 0.2809086
v 1.3983120 0.1914247 0.2774348
v 1.3971861 0.1867285 0.2759790
v 1.3824009 0.1778901 0.2731092
v 1.3819731 0.1784544 0.2713759
v 1.3934961 0.1827068 0.2770669
v 1.3921013 0.1826108 0.2740068
v 1.3825466 0.1779190 0.4459799
v 1.3935632 0.1827270 0.4421528
v 1.3820684 0.1783019 0.4479396
v 1.3921720 0.1824928 0.4454145
v 1.4016112 0.1951871 0.4352260
v 1.3983900 0.1912885 0.4420914
v 1.4000364 0.1885499 0.4384938
v 1.3972440 0.1865787 0.4434655
v 1.3809175 0.1807170 0.4499630
v 1.3815608 0.1792557 0.4492684
v 1.3914133 0.1863620 0.4471008
v 1.3914679 0.1835878 0.4469193
v -0.7162127 -0.0824164 0.4352646
v -0.7129481 -0.0785379 0.4421203
v -0.7145833 -0.0757933 0.4385137
v -0.7117866 -0.0738693 0.4434744
v -0.6954765 -0.0679678 0.4499156
v -0.6961090 -0.0665210 0.4492794
v -0.7059522 -0.0736241 0.4471002
v -0.7060087 -0.0708937 0.4469409
v -0.6970870 -0.0651155 0.4459664
v -0.7081250 -0.0699114 0.4421485
v -0.6966443 -0.0655607 0.4479707
v -0.7066763 -0.0697384 0.4454102
v -0.6969619 -0.0651578 0.2731627
v -0.6965352 -0.0656472 0.2713161
v -0.7080420 -0.0699773 0.2771240
v -0.7066255 -0.0698349 0.2739681
v -0.6952748 -0.0684013 0.2695733
v -0.7058045 -0.0738816 0.2724161
v -0.6959563 -0.0667239 0.2701626
v -0.7059258 -0.0710132 0.2725399
v -0.7161463 -0.0824573 0.2842967
v -0.7145703 -0.0758069 0.2809296
v -0.7129025 -0.0787216 0.2774173
v -0.7117709 -0.0739202 0.2759510
v -0.6086499 -0.2108758 0.4499520
v -0.6228411 -0.2103135 0.4470961
v -0.6073680 -0.2124426 0.4493729
v -0.6198639 -0.2126047 0.4470136
v -0.6402518 -0.2072173 0.4352699
v -0.6318269 -0.2118234 0.4386272
v -0.6336368 -0.2090074 0.4420906
v -0.6275786 -0.2123262 0.4435687
v -0.6064357 -0.2141031 0.4464493
v -0.6066048 -0.2134895 0.4481953
v -0.6203317 -0.2142283 0.4424458
v -0.6190389 -0.2137709 0.4455734
v -0.6064807 -0.2141115 0.2735665
v -0.6203683 -0.2142346 0.2773659
v -0.6066106 -0.2135990 0.2716291
v -0.6190100 -0.2138778 0.2741558
v -0.6402534 -0.2072363 0.2843233
v -0.6334944 -0.2091927 0.2774969
v -0.6318089 -0.2118876 0.2810613
v -0.6275065 -0.2124859 0.2760878
v -0.6082929 -0.2113127 0.2696080
v -0.6071909 -0.2127077 0.2703220
v -0.6226700 -0.2106221 0.2724986
v -0.6197309 -0.2127501 0.2726840
v -0.6361907 -0.1363889 0.2851797
v -0.6420351 -0.1363167 0.2778217
v -0.6527951 -0.1362276 0.2722190
v -0.6669703 -0.1360999 0.2691464
v -0.6670394 -0.0516133 0.3604420
v -0.6528943 -0.0545064 0.3603949
v -0.6420611 -0.0597180 0.3603214
v -0.6362056 -0.0665475 0.3602118
v -0.6361922 -0.2062284 0.3601748
v -0.6420254 -0.2130495 0.3601319
v -0.6529004 -0.2182487 0.3600645
v -0.6670291 -0.2211078 0.3599870
v -0.6669193 -0.1366501 0.4512827
v -0.6527947 -0.1365662 0.4481958
v -0.6420501 -0.1364351 0.4426022
v -0.6361934 -0.1363981 0.4352689
v -2.0184094 -0.0516484 0.3599464
v -2.0325378 -0.0544421 0.3600379
v -2.0434106 -0.0597052 0.3601014
v -2.0492464 -0.0665566 0.3601766
v 1.3653782 0.2579612 0.2858040
v 1.3600053 0.2569507 0.2782603
v 1.3502035 0.2551215 0.2725007
v 1.3373295 0.2527150 0.2693479
v 1.2918803 0.3271020 0.3601004
v 1.3063149 0.3270187 0.3599582
v 1.3190970 0.3241775 0.3598608
v 1.3282271 0.3189767 0.3597943
v 1.4025161 0.1968882 0.3597476
v 1.4009787 0.1895802 0.3597004
v 1.3939930 0.1828601 0.3596321
v 1.3827393 0.1776871 0.3595079
v 1.3377060 0.2521699 0.4502178
v 1.3503708 0.2548027 0.4470763
v 1.3600985 0.2568262 0.4412843
v 1.3653426 0.2579048 0.4337295
v -0.6972955 -0.0649791 0.3594718
v -0.7085571 -0.0700783 0.3596125
v -0.7155294 -0.0768224 0.3597286
v -0.7170181 -0.0840878 0.3597791
v -1.3426615 -0.0550557 0.4518439
v -1.3426740 -0.0532454 0.4510491
v -1.3427678 -0.0518311 0.4495398
v -1.3428252 -0.0511328 0.4475779
v -1.3426515 -0.0510973 0.2728272
v -1.3426717 -0.0518527 0.2708867
v -1.3427152 -0.0532048 0.2694259
v -1.3427812 -0.0550189 0.2685725
v -1.3427826 -0.2177149 0.4518499
v -1.3427217 -0.2195299 0.4510252
v -1.3427032 -0.2208945 0.4495526
v -1.3426197 -0.2216440 0.4476313
v -2.0492854 -0.1363881 0.4352896
v -2.0434432 -0.1362719 0.4426006
v -2.0326449 -0.1361984 0.4482137
v -2.0185215 -0.1361123 0.4512605
v -2.0492268 -0.2061975 0.3602417
v -2.0433925 -0.2130700 0.3602913
v -2.0325709 -0.2182651 0.3603877
v -2.0184113 -0.2211112 0.3604526
v -2.0184807 -0.1366284 0.2692068
v -2.0326445 -0.1365515 0.2722247
v -2.0433824 -0.1364857 0.2778146
v -2.0492590 -0.1363897 0.2852050
v -1.3426241 -0.2177041 0.2685666
v -1.3426968 -0.2194921 0.2694043
v -1.3427306 -0.2208935 0.2708743
v -1.3427969 -0.2216830 0.2728413
v 0.2983894 0.1293240 0.4508699
v 0.2976957 0.1303675 0.4503525
v 0.2971757 0.1311807 0.4493703
v 0.2968752 0.1316256 0.4481122
v 0.2970386 0.1316184 0.2714350
v 0.2972646 0.1311663 0.2702006
v 0.2976717 0.1304110 0.2691943
v 0.2982943 0.1293097 0.2686857
v 0.3870268 -0.0165696 0.4508550
v 0.3877377 -0.0176511 0.4503160
v 0.3882321 -0.0184528 0.4493963
v 0.3885276 -0.0188700 0.4481157
v -0.6799305 -0.1451654 0.4337390
v -0.6747147 -0.1440719 0.4412750
v -0.6649670 -0.1419918 0.4470484
v -0.6522256 -0.1394266 0.4502195
v -0.6427899 -0.2062580 0.3598255
v -0.6336296 -0.2114610 0.3598688
v -0.6208752 -0.2142890 0.3599661
v -0.6064182 -0.2143378 0.3600954
v -0.6519122 -0.1399235 0.2693565
v -0.6647689 -0.1423782 0.2724718
v -0.6745739 -0.1442235 0.2782774
v -0.6799067 -0.1451799 0.2858403
v 0.3871188 -0.0165390 0.2687023
v 0.3877483 -0.0176109 0.2692025
v 0.3881693 -0.0184171 0.2702186
v 0.3884045 -0.0188876 0.2714281
v -1.1200014 -0.1630996 0.2683678
v -0.6346343 -0.1143250 0.3365103
v -1.1200134 -0.0508957 0.3315585
v -1.5654871 -0.1096662 0.2684077
v -0.6346736 -0.1584472 0.3839168
v -1.1199393 -0.1097159 0.4520761
v -1.5654642 -0.0509203 0.3889231
v -1.5654465 -0.2218653 0.3315079
v -1.1199885 -0.2218351 0.3889148
v -1.5654366 -0.1630993 0.4520198
v -2.0508000 -0.1143031 0.3839261
v -2.0507803 -0.1584306 0.3365572
v 0.6866401 0.0972602 0.2685624
v 1.3550376 0.2774339 0.3365140
v 0.6261366 0.1966363 0.3306735
v -0.0012387 0.0154904 0.2685636
v 1.3784394 0.2389506 0.3830807
v 0.6573918 0.1452836 0.4510254
v -0.0323377 0.0668456 0.3888888
v 0.0592971 -0.0838541 0.3306882
v 0.7177758 0.0459241 0.3888619
v 0.0280232 -0.0325845 0.4509910
v -0.6929546 -0.1262109 0.3830887
v -0.6696251 -0.1646337 0.3364591
vn 0.0694 0.1357 -0.9883
vn 0.0630 0.9927 -0.1030
vn 0.9740 0.1664 -0.1539
vn 0.0914 0.4271 -0.8996
vn 0.0862 0.7489 -0.6571
vn 0.2361 0.1292 -0.9631
vn 0.2443 0.3554 -0.9022
vn 0.2397 0.7252 -0.6455
vn 0.3704 0.6935 -0.6179
vn 0.2188 0.9706 -0.1003
vn 0.4641 0.8843 -0.0515
vn 0.0842 0.9372 -0.3386
vn 0.2259 0.9333 -0.2792
vn 0.4604 0.8327 -0.3078
vn 0.8156 0.1983 -0.5435
vn 0.4914 0.0662 -0.8684
vn 0.7984 0.5760 -0.1755
vn 0.7238 0.5125 -0.4620
vn 0.4798 0.3633 -0.7987
vn 0.0646 0.9910 0.1174
vn 0.0677 0.1192 0.9906
vn 0.9740 0.1670 0.1533
vn 0.0872 0.9214 0.3788
vn 0.0866 0.7082 0.7007
vn 0.2206 0.9691 0.1101
vn 0.2312 0.9229 0.3079
vn 0.2403 0.6962 0.6765
vn 0.3711 0.6729 0.6399
vn 0.2342 0.1178 0.9650
vn 0.4913 0.0613 0.8688
vn 0.0886 0.3839 0.9191
vn 0.2394 0.3236 0.9154
vn 0.4784 0.3481 0.8062
vn 0.7982 0.5754 0.1782
vn 0.4641 0.8840 0.0559
vn 0.8158 0.1955 0.5443
vn 0.7241 0.5041 0.4706
vn 0.4624 0.8261 0.3221
vn 0.0677 -0.1192 -0.9906
vn 0.9740 -0.1670 -0.1533
vn 0.0646 -0.9910 -0.1174
vn 0.2342 -0.1178 -0.9650
vn 0.4913 -0.0613 -0.8688
vn 0.0886 -0.3839 -0.9191
vn 0.2394 -0.3236 -0.9154
vn 0.4784 -0.3481 -0.8062
vn 0.3711 -0.6729 -0.6399
vn 0.7982 -0.5754 -0.1782
vn 0.4641 -0.8840 -0.0559
vn 0.8158 -0.1955 -0.5443
vn 0.7241 -0.5041 -0.4706
vn 0.4624 -0.8261 -0.3221
vn 0.0872 -0.9214 -0.3787
vn 0.0866 -0.7082 -0.7007
vn 0.2206 -0.9691 -0.1102
vn 0.2312 -0.9229 -0.3080
vn 0.2403 -0.6962 -0.6765
vn 0.0630 -0.9927 0.1030
vn 0.9740 -0.1664 0.1539
vn 0.0694 -0.1357 0.9883
vn 0.2188 -0.9706 0.1003
vn 0.4641 -0.8843 0.0515
vn 0.0842 -0.9372 0.3386
vn 0.2259 -0.9333 0.2792
vn 0.4604 -0.8327 0.3078
vn 0.3704 -0.6935 0.6179
vn 0.8156 -0.1984 0.5435
vn 0.4914 -0.0662 0.8684
vn 0.7984 -0.5760 0.1755
vn 0.7238 -0.5125 0.4620
vn 0.4798 -0.3633 0.7987
vn 0.0914 -0.4271 0.8996
vn 0.0862 -0.7489 0.6571
vn 0.2361 -0.1292 0.9631
vn 0.2443 -0.3554 0.9022
vn 0.2397 -0.7252 0.6455
vn -0.9740 0.1664 0.1539
vn -0.0694 0.1357 0.9883
vn -0.0630 0.9927 0.1030
vn -0.8156 0.1983 0.5435
vn -0.4914 0.0662 0.8684
vn -0.7984 0.5760 0.1755
vn -0.7238 0.5125 0.4620
vn -0.4798 0.3633 0.7987
vn -0.3704 0.6935 0.6179
vn -0.0914 0.4271 0.8996
vn -0.0862 0.7489 0.6571
vn -0.2361 0.1292 0.9631
vn -0.2443 0.3554 0.9022
vn -0.2397 0.7252 0.6455
vn -0.2188 0.9706 0.1003
vn -0.4641 0.8843 0.0515
vn -0.0841 0.9372 0.3386
vn -0.2259 0.9333 0.2792
vn -0.4604 0.8326 0.3078
vn -0.0646 0.9910 -0.1174
vn -0.0677 0.1192 -0.9906
vn -0.9740 0.1670 -0.1533
vn -0.0872 0.9214 -0.3788
vn -0.0866 0.7082 -0.7007
vn -0.2206 0.9691 -0.1101
vn -0.2312 0.9229 -0.3080
vn -0.2403 0.6962 -0.6765
vn -0.3711 0.6729 -0.6399
vn -0.2342 0.1178 -0.9650
vn -0.4913 0.0613 -0.8688
vn -0.0886 0.3840 -0.9191
vn -0.2394 0.3236 -0.9154
vn -0.4784 0.3481 -0.8062
vn -0.7982 0.5754 -0.1782
vn -0.4641 0.8840 -0.0559
vn -0.8158 0.1955 -0.5443
vn -0.7241 0.5041 -0.4706
vn -0.4624 0.8261 -0.3221
vn -0.0677 -0.1192 0.9906
vn -0.9740 -0.1670 0.1533
vn -0.0646 -0.9910 0.1174
vn -0.2342 -0.1178 0.9650
vn -0.4913 -0.0613 0.8688
vn -0.0886 -0.3839 0.9191
vn -0.2394 -0.3236 0.9154
vn -0.4784 -0.3481 0.8062
vn -0.3711 -0.6729 0.6399
vn -0.7982 -0.5754 0.1782
vn -0.4641 -0.8840 0.0559
vn -0.8158 -0.1955 0.5443
vn -0.7241 -0.5041 0.4706
vn -0.4624 -0.8261 0.3221
vn -0.0872 -0.9214 0.3787
vn -0.0866 -0.7082 0.7007
vn -0.2206 -0.9691 0.1101
vn -0.2312 -0.9229 0.3080
vn -0.2403 -0.6962 0.6765
vn -0.0630 -0.9927 -0.1030
vn -0.9740 -0.1664 -0.1539
vn -0.0694 -0.1357 -0.9883
vn -0.2188 -0.9706 -0.1003
vn -0.4641 -0.8843 -0.0515
vn -0.0841 -0.9372 -0.3386
vn -0.2259 -0.9333 -0.2792
vn -0.4604 -0.8326 -0.3078
vn -0.3704 -0.6935 -0.6179
vn -0.8156 -0.1983 -0.5435
vn -0.4914 -0.0662 -0.8684
vn -0.7984 -0.5760 -0.1755
vn -0.7238 -0.5125 -0.4620
vn -0.4798 -0.3633 -0.7987
vn -0.0914 -0.4271 -0.8996
vn -0.0862 -0.7489 -0.6571
vn -0.2361 -0.1292 -0.9631
vn -0.2443 -0.3554 -0.9022
vn -0.2397 -0.7252 -0.6455
vn 0.0445 0.1915 -0.9805
vn -0.1259 0.9875 -0.0952
vn 0.7741 0.6215 -0.1209
vn 0.0083 0.4895 -0.8720
vn -0.0577 0.7871 -0.6142
vn 0.2110 0.2710 -0.9392
vn 0.1735 0.4855 -0.8568
vn 0.0934 0.8101 -0.5789
vn 0.2062 0.8238 -0.5281
vn 0.0255 0.9965 -0.0799
vn 0.2396 0.9705 -0.0273
vn -0.0961 0.9483 -0.3025
vn 0.0366 0.9746 -0.2209
vn 0.2488 0.9397 -0.2348
vn 0.6652 0.5992 -0.4455
vn 0.4602 0.3378 -0.8210
vn 0.5421 0.8295 -0.1348
vn 0.5110 0.7811 -0.3589
vn 0.3738 0.5823 -0.7220
vn -0.1217 0.9853 0.1196
vn 0.0468 0.1604 0.9859
vn 0.7737 0.6220 0.1204
vn -0.0855 0.9253 0.3696
vn -0.0441 0.7232 0.6892
vn 0.0290 0.9953 0.0929
vn 0.0468 0.9647 0.2592
vn 0.1023 0.7743 0.6245
vn 0.2130 0.8019 0.5582
vn 0.2111 0.2525 0.9443
vn 0.4613 0.3313 0.8231
vn 0.0180 0.4150 0.9096
vn 0.1760 0.4374 0.8819
vn 0.3770 0.5646 0.7343
vn 0.5425 0.8287 0.1378
vn 0.2404 0.9701 0.0328
vn 0.6664 0.5963 0.4477
vn 0.5147 0.7733 0.3703
vn 0.2530 0.9340 0.2521
vn 0.0939 -0.0758 -0.9927
vn 0.9121 0.3878 -0.1328
vn 0.2649 -0.9560 -0.1262
vn 0.2604 0.0316 -0.9650
vn 0.4878 0.2450 -0.8379
vn 0.1646 -0.3151 -0.9347
vn 0.3104 -0.1621 -0.9367
vn 0.5586 -0.0386 -0.8286
vn 0.5481 -0.4863 -0.6805
vn 0.9786 -0.0846 -0.1877
vn 0.7260 -0.6863 -0.0448
vn 0.8183 0.2846 -0.4994
vn 0.8755 -0.0631 -0.4791
vn 0.7095 -0.6178 -0.3390
vn 0.2762 -0.8762 -0.3949
vn 0.2314 -0.6485 -0.7252
vn 0.4424 -0.8900 -0.1101
vn 0.4468 -0.8400 -0.3077
vn 0.4043 -0.5698 -0.7155
vn 0.2615 -0.9600 0.1002
vn 0.9118 0.3884 0.1332
vn 0.1033 -0.1032 0.9893
vn 0.4386 -0.8937 0.0945
vn 0.7252 -0.6876 0.0374
vn 0.2753 -0.9057 0.3224
vn 0.4399 -0.8592 0.2613
vn 0.7087 -0.6307 0.3161
vn 0.5553 -0.5203 0.6488
vn 0.8203 0.2813 0.4980
vn 0.4905 0.2392 0.8379
vn 0.9792 -0.0860 0.1838
vn 0.8808 -0.0767 0.4672
vn 0.5674 -0.0588 0.8214
vn 0.1851 -0.3888 0.9025
vn 0.2449 -0.7201 0.6492
vn 0.2679 0.0166 0.9633
vn 0.3302 -0.2076 0.9208
vn 0.4140 -0.6180 0.6684
vn -0.9118 -0.3884 0.1333
vn -0.1033 0.1032 0.9893
vn -0.2615 0.9600 0.1002
vn -0.8203 -0.2813 0.4980
vn -0.4905 -0.2392 0.8379
vn -0.9792 0.0861 0.1838
vn -0.8808 0.0766 0.4672
vn -0.5674 0.0588 0.8214
vn -0.5553 0.5203 0.6488
vn -0.1851 0.3888 0.9025
vn -0.2449 0.7201 0.6492
vn -0.2679 -0.0166 0.9633
vn -0.3302 0.2076 0.9208
vn -0.4140 0.6180 0.6684
vn -0.4386 0.8937 0.0946
vn -0.7252 0.6876 0.0374
vn -0.2752 0.9057 0.3224
vn -0.4399 0.8592 0.2613
vn -0.7087 0.6307 0.3162
vn -0.2649 0.9560 -0.1261
vn -0.0939 0.0758 -0.9927
vn -0.9121 -0.3878 -0.1328
vn -0.2762 0.8762 -0.3949
vn -0.2314 0.6485 -0.7252
vn -0.4424 0.8900 -0.1101
vn -0.4469 0.8400 -0.3077
vn -0.4043 0.5698 -0.7155
vn -0.5481 0.4863 -0.6805
vn -0.2604 -0.0316 -0.9650
vn -0.4878 -0.2450 -0.8379
vn -0.1646 0.3151 -0.9347
vn -0.3104 0.1621 -0.9367
vn -0.5586 0.0386 -0.8286
vn -0.9786 0.0846 -0.1877
vn -0.7260 0.6863 -0.0448
vn -0.8183 -0.2846 -0.4994
vn -0.8755 0.0631 -0.4791
vn -0.7095 0.6177 -0.3390
vn -0.0468 -0.1604 0.9859
vn -0.7737 -0.6220 0.1204
vn 0.1217 -0.9853 0.1196
vn -0.2111 -0.2525 0.9443
vn -0.4613 -0.3313 0.8231
vn -0.0180 -0.4150 0.9096
vn -0.1760 -0.4374 0.8819
vn -0.3770 -0.5645 0.7343
vn -0.2130 -0.8019 0.5582
vn -0.5425 -0.8287 0.1377
vn -0.2404 -0.9701 0.0327
vn -0.6664 -0.5963 0.4477
vn -0.5147 -0.7733 0.3703
vn -0.2530 -0.9340 0.2521
vn 0.0855 -0.9253 0.3696
vn 0.0441 -0.7232 0.6892
vn -0.0290 -0.9953 0.0929
vn -0.0468 -0.9647 0.2591
vn -0.1023 -0.7743 0.6245
vn 0.1259 -0.9875 -0.0952
vn -0.7741 -0.6215 -0.1209
vn -0.0445 -0.1915 -0.9805
vn -0.0255 -0.9965 -0.0799
vn -0.2396 -0.9705 -0.0273
vn 0.0961 -0.9483 -0.3025
vn -0.0366 -0.9746 -0.2209
vn -0.2488 -0.9397 -0.2348
vn -0.2062 -0.8238 -0.5281
vn -0.6652 -0.5992 -0.4455
vn -0.4602 -0.3378 -0.8210
vn -0.5421 -0.8295 -0.1348
vn -0.5110 -0.7811 -0.3588
vn -0.3738 -0.5823 -0.7219
vn -0.0083 -0.4895 -0.8720
vn 0.0577 -0.7871 -0.6142
vn -0.2110 -0.2710 -0.9392
vn -0.1735 -0.4855 -0.8569
vn -0.0934 -0.8101 -0.5789
vn 0.1370 0.1438 -0.9801
vn 0.0834 0.2402 -0.9671
vn 0.1853 0.3895 -0.9022
vn 0.2499 0.2663 -0.9309
vn 0.0925 0.5820 -0.8079
vn 0.1784 0.7414 -0.6469
vn 0.2465 0.4410 -0.8630
vn 0.3325 0.0566 -0.9414
vn 0.3078 0.3101 -0.8995
vn 0.4836 0.1138 -0.8679
vn 0.3276 0.7051 -0.6289
vn 0.4349 0.5683 -0.6985
vn 0.0749 0.9802 -0.1832
vn 0.1241 0.9862 -0.1094
vn 0.2294 0.9510 -0.2072
vn 0.1688 0.9391 -0.2992
vn 0.3099 0.9499 -0.0411
vn 0.4555 0.8861 -0.0860
vn 0.2862 0.9261 -0.2457
vn 0.0867 0.8769 -0.4727
vn 0.2306 0.9083 -0.3490
vn 0.4256 0.7617 -0.4886
vn 0.9243 0.3443 -0.1649
vn 0.9304 0.1836 -0.3174
vn 0.7761 0.3251 -0.5404
vn 0.7621 0.5826 -0.2825
vn 0.6422 0.1044 -0.7594
vn 0.6642 0.4253 -0.6148
vn 0.6133 0.7853 -0.0847
vn 0.6492 0.6655 -0.3684
vn 0.1278 0.9841 0.1232
vn 0.0782 0.9751 0.2076
vn 0.1759 0.9240 0.3396
vn 0.2347 0.9448 0.2285
vn 0.0898 0.8467 0.5244
vn 0.1791 0.6993 0.6921
vn 0.2353 0.8923 0.3853
vn 0.3107 0.9493 0.0471
vn 0.2903 0.9189 0.2673
vn 0.4572 0.8842 0.0956
vn 0.3284 0.6820 0.6535
vn 0.4280 0.7456 0.5108
vn 0.0800 0.2122 0.9739
vn 0.1331 0.1278 0.9828
vn 0.2446 0.2420 0.9389
vn 0.1785 0.3452 0.9214
vn 0.3316 0.0498 0.9421
vn 0.4820 0.1033 0.8701
vn 0.3040 0.2864 0.9086
vn 0.0900 0.5291 0.8438
vn 0.2426 0.4020 0.8829
vn 0.4340 0.5460 0.7166
vn 0.9302 0.1816 0.3190
vn 0.9245 0.3428 0.1669
vn 0.7629 0.5776 0.2904
vn 0.7756 0.3170 0.5458
vn 0.6137 0.7844 0.0895
vn 0.6510 0.6568 0.3806
vn 0.6417 0.0992 0.7605
vn 0.6633 0.4128 0.6241
vn 0.0800 -0.2122 -0.9739
vn 0.1331 -0.1278 -0.9828
vn 0.2446 -0.2420 -0.9389
vn 0.1785 -0.3452 -0.9214
vn 0.3316 -0.0498 -0.9421
vn 0.4820 -0.1033 -0.8701
vn 0.3040 -0.2864 -0.9086
vn 0.0900 -0.5291 -0.8438
vn 0.2426 -0.4020 -0.8829
vn 0.1791 -0.6993 -0.6921
vn 0.4340 -0.5460 -0.7166
vn 0.3284 -0.6820 -0.6535
vn 0.9302 -0.1816 -0.3190
vn 0.9245 -0.3428 -0.1669
vn 0.7629 -0.5776 -0.2904
vn 0.7756 -0.3170 -0.5458
vn 0.6137 -0.7844 -0.0895
vn 0.4572 -0.8842 -0.0956
vn 0.6510 -0.6568 -0.3806
vn 0.6417 -0.0992 -0.7605
vn 0.6633 -0.4128 -0.6241
vn 0.4280 -0.7456 -0.5108
vn 0.1278 -0.9841 -0.1232
vn 0.0782 -0.9751 -0.2076
vn 0.1759 -0.9240 -0.3396
vn 0.2347 -0.9448 -0.2285
vn 0.0898 -0.8467 -0.5244
vn 0.2353 -0.8923 -0.3853
vn 0.3107 -0.9493 -0.0471
vn 0.2903 -0.9189 -0.2673
vn 0.0749 -0.9802 0.1832
vn 0.1241 -0.9862 0.1094
vn 0.2294 -0.9510 0.2072
vn 0.1688 -0.9391 0.2992
vn 0.3099 -0.9499 0.0411
vn 0.4555 -0.8861 0.0860
vn 0.2862 -0.9261 0.2457
vn 0.0867 -0.8769 0.4727
vn 0.2306 -0.9083 0.3490
vn 0.1784 -0.7414 0.6469
vn 0.4256 -0.7617 0.4886
vn 0.3276 -0.7051 0.6289
vn 0.9243 -0.3443 0.1649
vn 0.9304 -0.1836 0.3174
vn 0.7761 -0.3251 0.5404
vn 0.7621 -0.5826 0.2825
vn 0.6422 -0.1044 0.7594
vn 0.4836 -0.1138 0.8679
vn 0.6642 -0.4253 0.6148
vn 0.6133 -0.7853 0.0847
vn 0.6492 -0.6655 0.3684
vn 0.4349 -0.5683 0.6985
vn 0.1370 -0.1438 0.9801
vn 0.0834 -0.2402 0.9671
vn 0.1853 -0.3895 0.9022
vn 0.2499 -0.2663 0.9309
vn 0.0925 -0.5820 0.8079
vn 0.2465 -0.4410 0.8630
vn 0.3325 -0.0566 0.9414
vn 0.3078 -0.3101 0.8995
vn -0.9243 0.3443 0.1649
vn -0.9304 0.1835 0.3174
vn -0.7761 0.3251 0.5404
vn -0.7620 0.5826 0.2825
vn -0.6422 0.1044 0.7594
vn -0.4836 0.1139 0.8679
vn -0.6642 0.4253 0.6148
vn -0.6133 0.7853 0.0847
vn -0.6492 0.6654 0.3684
vn -0.4555 0.8861 0.0860
vn -0.4349 0.5683 0.6985
vn -0.4256 0.7617 0.4886
vn -0.1370 0.1438 0.9801
vn -0.0834 0.2402 0.9671
vn -0.1853 0.3895 0.9022
vn -0.2499 0.2663 0.9309
vn -0.0925 0.5820 0.8079
vn -0.1784 0.7414 0.6469
vn -0.2465 0.4410 0.8630
vn -0.3325 0.0566 0.9414
vn -0.3078 0.3101 0.8995
vn -0.3276 0.7051 0.6288
vn -0.0749 0.9802 0.1832
vn -0.1241 0.9862 0.1094
vn -0.2294 0.9510 0.2072
vn -0.1688 0.9391 0.2992
vn -0.3099 0.9499 0.0411
vn -0.2862 0.9261 0.2457
vn -0.0867 0.8769 0.4727
vn -0.2306 0.9083 0.3490
vn -0.1278 0.9841 -0.1232
vn -0.0782 0.9751 -0.2076
vn -0.1759 0.9240 -0.3396
vn -0.2347 0.9448 -0.2285
vn -0.0899 0.8467 -0.5244
vn -0.1791 0.6992 -0.6921
vn -0.2353 0.8923 -0.3853
vn -0.3107 0.9493 -0.0471
vn -0.2903 0.9189 -0.2673
vn -0.4572 0.8842 -0.0956
vn -0.3284 0.6820 -0.6535
vn -0.4280 0.7456 -0.5108
vn -0.0800 0.2122 -0.9739
vn -0.1331 0.1278 -0.9828
vn -0.2446 0.2420 -0.9389
vn -0.1785 0.3452 -0.9214
vn -0.3316 0.0498 -0.9421
vn -0.4820 0.1033 -0.8701
vn -0.3040 0.2863 -0.9086
vn -0.0900 0.5291 -0.8438
vn -0.2426 0.4020 -0.8829
vn -0.4340 0.5460 -0.7166
vn -0.9302 0.1816 -0.3190
vn -0.9245 0.3428 -0.1669
vn -0.7629 0.5776 -0.2904
vn -0.7756 0.3170 -0.5458
vn -0.6137 0.7845 -0.0895
vn -0.6510 0.6568 -0.3806
vn -0.6417 0.0992 -0.7605
vn -0.6633 0.4128 -0.6241
vn -0.0800 -0.2122 0.9739
vn -0.1331 -0.1278 0.9828
vn -0.2446 -0.2420 0.9389
vn -0.1785 -0.3452 0.9214
vn -0.3316 -0.0498 0.9421
vn -0.4820 -0.1033 0.8701
vn -0.3040 -0.2864 0.9086
vn -0.0900 -0.5291 0.8438
vn -0.2426 -0.4020 0.8829
vn -0.1791 -0.6993 0.6921
vn -0.4340 -0.5461 0.7166
vn -0.3284 -0.6820 0.6535
vn -0.9302 -0.1816 0.3190
vn -0.9245 -0.3428 0.1669
vn -0.7629 -0.5776 0.2904
vn -0.7756 -0.3170 0.5458
vn -0.6137 -0.7845 0.0895
vn -0.4572 -0.8842 0.0956
vn -0.6510 -0.6568 0.3806
vn -0.6417 -0.0992 0.7605
vn -0.6633 -0.4128 0.6241
vn -0.4280 -0.7456 0.5108
vn -0.1278 -0.9841 0.1232
vn -0.0782 -0.9751 0.2076
vn -0.1759 -0.9240 0.3396
vn -0.2347 -0.9448 0.2285
vn -0.0898 -0.8467 0.5244
vn -0.2353 -0.8923 0.3853
vn -0.3107 -0.9493 0.0471
vn -0.2903 -0.9189 0.2673
vn -0.0749 -0.9802 -0.1832
vn -0.1241 -0.9862 -0.1094
vn -0.2294 -0.9510 -0.2072
vn -0.1688 -0.9391 -0.2992
vn -0.3099 -0.9499 -0.0411
vn -0.4555 -0.8861 -0.0860
vn -0.2862 -0.9261 -0.2457
vn -0.0867 -0.8769 -0.4727
vn -0.2306 -0.9083 -0.3490
vn -0.1784 -0.7415 -0.6469
vn -0.4256 -0.7617 -0.4886
vn -0.3276 -0.7051 -0.6288
vn -0.9243 -0.3443 -0.1649
vn -0.9304 -0.1836 -0.3174
vn -0.7761 -0.3251 -0.5404
vn -0.7620 -0.5826 -0.2825
vn -0.6422 -0.1044 -0.7594
vn -0.4836 -0.1139 -0.8679
vn -0.6642 -0.4253 -0.6148
vn -0.6132 -0.7853 -0.0847
vn -0.6492 -0.6654 -0.3684
vn -0.4349 -0.5683 -0.6985
vn -0.1370 -0.1438 -0.9801
vn -0.0834 -0.2402 -0.9671
vn -0.1853 -0.3895 -0.9022
vn -0.2499 -0.2663 -0.9309
vn -0.0925 -0.5820 -0.8079
vn -0.2465 -0.4410 -0.8630
vn -0.3325 -0.0566 -0.9414
vn -0.3078 -0.3101 -0.8995
vn 0.1116 0.2403 -0.9643
vn 0.0367 0.3091 -0.9503
vn 0.1104 0.4973 -0.8605
vn 0.1963 0.4144 -0.8887
vn -0.0194 0.6364 -0.7711
vn 0.0364 0.8119 -0.5826
vn 0.1604 0.5542 -0.8168
vn 0.3176 0.2336 -0.9190
vn 0.2424 0.4634 -0.8523
vn 0.4401 0.3514 -0.8263
vn 0.1729 0.8203 -0.5452
vn 0.2892 0.7420 -0.6048
vn -0.1120 0.9799 -0.1653
vn -0.0634 0.9932 -0.0977
vn 0.0379 0.9850 -0.1683
vn -0.0160 0.9698 -0.2435
vn 0.1025 0.9946 -0.0146
vn 0.2252 0.9737 -0.0334
vn 0.0880 0.9795 -0.1811
vn -0.0838 0.9044 -0.4183
vn 0.0437 0.9627 -0.2672
vn 0.2362 0.8909 -0.3880
vn 0.6837 0.7195 -0.1218
vn 0.7435 0.6201 -0.2506
vn 0.6038 0.6618 -0.4443
vn 0.5118 0.8365 -0.1958
vn 0.5735 0.4453 -0.6876
vn 0.4989 0.7019 -0.5084
vn 0.3651 0.9296 -0.0511
vn 0.4178 0.8678 -0.2690
vn -0.0567 0.9914 0.1180
vn -0.1042 0.9730 0.2061
vn -0.0006 0.9530 0.3029
vn 0.0471 0.9794 0.1966
vn -0.0687 0.8605 0.5047
vn 0.0506 0.7529 0.6562
vn 0.0544 0.9473 0.3157
vn 0.1040 0.9943 0.0218
vn 0.0953 0.9734 0.2083
vn 0.2280 0.9726 0.0450
vn 0.1805 0.7943 0.5800
vn 0.2436 0.8759 0.4165
vn 0.0404 0.2564 0.9657
vn 0.1103 0.2105 0.9714
vn 0.1959 0.3748 0.9062
vn 0.1141 0.4238 0.8985
vn 0.3180 0.2243 0.9212
vn 0.4413 0.3371 0.8316
vn 0.2443 0.4297 0.8693
vn -0.0060 0.5475 0.8368
vn 0.1664 0.4983 0.8509
vn 0.2951 0.7167 0.6319
vn 0.7442 0.6181 0.2532
vn 0.6847 0.7182 0.1242
vn 0.5148 0.8323 0.2054
vn 0.6066 0.6535 0.4528
vn 0.3663 0.9288 0.0567
vn 0.4229 0.8604 0.2845
vn 0.5746 0.4388 0.6909
vn 0.5027 0.6885 0.5228
vn 0.1238 -0.1598 -0.9794
vn 0.1631 -0.0464 -0.9855
vn 0.2997 -0.0858 -0.9502
vn 0.2507 -0.2194 -0.9429
vn 0.3313 0.1704 -0.9280
vn 0.4765 0.2195 -0.8513
vn 0.3662 -0.0772 -0.9273
vn 0.1953 -0.4538 -0.8694
vn 0.3298 -0.2271 -0.9164
vn 0.3383 -0.5959 -0.7283
vn 0.5817 -0.2917 -0.7593
vn 0.5047 -0.5127 -0.6946
vn 0.8905 0.3579 -0.2809
vn 0.9640 0.2185 -0.1514
vn 0.9512 -0.1295 -0.2801
vn 0.8297 0.1704 -0.5316
vn 0.8769 -0.4737 -0.0808
vn 0.7090 -0.7026 -0.0611
vn 0.8713 -0.2975 -0.3902
vn 0.6310 0.2907 -0.7193
vn 0.7732 0.0059 -0.6342
vn 0.6437 -0.5458 -0.5365
vn 0.3375 -0.9322 -0.1309
vn 0.2776 -0.9353 -0.2196
vn 0.3828 -0.8566 -0.3460
vn 0.4560 -0.8584 -0.2349
vn 0.2652 -0.8002 -0.5379
vn 0.4462 -0.8129 -0.3744
vn 0.5423 -0.8397 -0.0273
vn 0.5157 -0.8172 -0.2573
vn 0.2725 -0.9460 0.1754
vn 0.3308 -0.9375 0.1078
vn 0.4476 -0.8716 0.2000
vn 0.3734 -0.8855 0.2765
vn 0.5404 -0.8412 0.0183
vn 0.7056 -0.7071 0.0453
vn 0.5100 -0.8307 0.2231
vn 0.2689 -0.8540 0.4454
vn 0.4418 -0.8395 0.3162
vn 0.3522 -0.6707 0.6528
vn 0.6463 -0.5745 0.5023
vn 0.5125 -0.5516 0.6580
vn 0.9650 0.2162 0.1486
vn 0.8921 0.3558 0.2785
vn 0.8359 0.1602 0.5250
vn 0.9534 -0.1390 0.2679
vn 0.6346 0.2851 0.7184
vn 0.4833 0.2077 0.8505
vn 0.7825 -0.0120 0.6225
vn 0.8761 -0.4766 0.0729
vn 0.8738 -0.3148 0.3708
vn 0.5938 -0.3270 0.7352
vn 0.1755 -0.0689 0.9821
vn 0.1403 -0.2068 0.9683
vn 0.2787 -0.2884 0.9160
vn 0.3177 -0.1192 0.9407
vn 0.2189 -0.5464 0.8084
vn 0.3506 -0.2854 0.8920
vn 0.3350 0.1629 0.9280
vn 0.3810 -0.1088 0.9182
vn -0.9650 -0.2162 0.1486
vn -0.8921 -0.3559 0.2785
vn -0.8359 -0.1602 0.5250
vn -0.9534 0.1390 0.2680
vn -0.6346 -0.2851 0.7184
vn -0.4833 -0.2077 0.8505
vn -0.7825 0.0120 0.6225
vn -0.8761 0.4766 0.0729
vn -0.8738 0.3147 0.3708
vn -0.7057 0.7071 0.0454
vn -0.5938 0.3270 0.7352
vn -0.6463 0.5744 0.5023
vn -0.1755 0.0689 0.9821
vn -0.1403 0.2068 0.9683
vn -0.2787 0.2884 0.9160
vn -0.3177 0.1191 0.9407
vn -0.2189 0.5464 0.8084
vn -0.3522 0.6707 0.6528
vn -0.3506 0.2854 0.8920
vn -0.3350 -0.1629 0.9280
vn -0.3810 0.1088 0.9182
vn -0.5125 0.5516 0.6580
vn -0.2725 0.9460 0.1753
vn -0.3308 0.9375 0.1078
vn -0.4476 0.8716 0.2001
vn -0.3734 0.8855 0.2766
vn -0.5404 0.8412 0.0183
vn -0.5100 0.8307 0.2231
vn -0.2689 0.8540 0.4455
vn -0.4418 0.8395 0.3163
vn -0.3375 0.9322 -0.1309
vn -0.2776 0.9353 -0.2195
vn -0.3828 0.8566 -0.3460
vn -0.4560 0.8584 -0.2348
vn -0.2652 0.8002 -0.5378
vn -0.3383 0.5959 -0.7283
vn -0.4462 0.8129 -0.3744
vn -0.5423 0.8397 -0.0273
vn -0.5157 0.8172 -0.2573
vn -0.7090 0.7026 -0.0611
vn -0.5047 0.5128 -0.6945
vn -0.6437 0.5458 -0.5365
vn -0.1238 0.1598 -0.9794
vn -0.1631 0.0463 -0.9855
vn -0.2997 0.0858 -0.9502
vn -0.2507 0.2195 -0.9429
vn -0.3313 -0.1704 -0.9280
vn -0.4765 -0.2195 -0.8513
vn -0.3662 0.0772 -0.9273
vn -0.1953 0.4538 -0.8694
vn -0.3298 0.2271 -0.9164
vn -0.5817 0.2917 -0.7593
vn -0.8905 -0.3580 -0.2809
vn -0.9640 -0.2185 -0.1514
vn -0.9512 0.1295 -0.2801
vn -0.8297 -0.1705 -0.5316
vn -0.8769 0.4738 -0.0808
vn -0.8713 0.2975 -0.3902
vn -0.6309 -0.2907 -0.7193
vn -0.7732 -0.0059 -0.6342
vn -0.0404 -0.2564 0.9657
vn -0.1103 -0.2105 0.9714
vn -0.1959 -0.3747 0.9062
vn -0.1141 -0.4238 0.8985
vn -0.3180 -0.2243 0.9212
vn -0.4413 -0.3371 0.8316
vn -0.2443 -0.4297 0.8693
vn 0.0060 -0.5475 0.8368
vn -0.1664 -0.4983 0.8509
vn -0.0506 -0.7529 0.6562
vn -0.2951 -0.7167 0.6319
vn -0.1805 -0.7943 0.5800
vn -0.7442 -0.6181 0.2532
vn -0.6847 -0.7182 0.1243
vn -0.5148 -0.8323 0.2054
vn -0.6066 -0.6535 0.4528
vn -0.3663 -0.9288 0.0567
vn -0.2280 -0.9726 0.0450
vn -0.4229 -0.8604 0.2845
vn -0.5746 -0.4388 0.6909
vn -0.5027 -0.6885 0.5228
vn -0.2436 -0.8759 0.4165
vn 0.0567 -0.9914 0.1180
vn 0.1042 -0.9730 0.2061
vn 0.0006 -0.9530 0.3028
vn -0.0471 -0.9794 0.1966
vn 0.0687 -0.8605 0.5047
vn -0.0544 -0.9473 0.3157
vn -0.1040 -0.9943 0.0218
vn -0.0953 -0.9734 0.2083
vn 0.1120 -0.9799 -0.1653
vn 0.0634 -0.9932 -0.0976
vn -0.0379 -0.9850 -0.1683
vn 0.0160 -0.9698 -0.2435
vn -0.1025 -0.9946 -0.0146
vn -0.2252 -0.9737 -0.0334
vn -0.0880 -0.9795 -0.1811
vn 0.0838 -0.9044 -0.4183
vn -0.0437 -0.9627 -0.2672
vn -0.0364 -0.8119 -0.5826
vn -0.2362 -0.8909 -0.3880
vn -0.1729 -0.8203 -0.5451
vn -0.6837 -0.7195 -0.1218
vn -0.7435 -0.6201 -0.2506
vn -0.6038 -0.6619 -0.4443
vn -0.5118 -0.8365 -0.1958
vn -0.5735 -0.4453 -0.6877
vn -0.4401 -0.3514 -0.8263
vn -0.4989 -0.7019 -0.5084
vn -0.3650 -0.9296 -0.0511
vn -0.4178 -0.8678 -0.2690
vn -0.2892 -0.7420 -0.6048
vn -0.1116 -0.2403 -0.9643
vn -0.0367 -0.3091 -0.9503
vn -0.1104 -0.4973 -0.8605
vn -0.1963 -0.4145 -0.8886
vn 0.0194 -0.6364 -0.7711
vn -0.1604 -0.5542 -0.8168
vn -0.3176 -0.2336 -0.9190
vn -0.2424 -0.4634 -0.8523
vn 0.9826 -0.0000 -0.1855
vn 0.7855 0.0001 -0.6188
vn 0.4651 0.0002 -0.8853
vn 0.2125 0.0002 -0.9772
vn 0.0513 0.0001 -0.9987
vn 0.0477 0.9989 0.0001
vn 0.1983 0.9801 0.0001
vn 0.4394 0.8983 0.0002
vn 0.7636 0.6457 0.0001
vn 0.9800 0.1990 -0.0000
vn 0.9800 -0.1990 -0.0000
vn 0.7636 -0.6457 -0.0001
vn 0.4394 -0.8983 -0.0002
vn 0.1983 -0.9801 -0.0001
vn 0.0477 -0.9989 -0.0001
vn 0.0513 -0.0001 0.9987
vn 0.2125 -0.0002 0.9772
vn 0.4651 -0.0002 0.8853
vn 0.7855 -0.0001 0.6188
vn 0.9826 -0.0000 0.1855
vn -0.0477 0.9989 -0.0001
vn -0.1983 0.9801 -0.0001
vn -0.4394 0.8983 -0.0002
vn -0.7636 0.6457 -0.0001
vn -0.9800 0.1990 -0.0000
vn 0.8438 0.5131 -0.1574
vn 0.7105 0.4321 -0.5553
vn 0.4503 0.2739 -0.8498
vn 0.2125 0.1294 -0.9686
vn 0.0519 0.0316 -0.9982
vn -0.1435 0.9897 -0.0000
vn 0.0054 1.0000 0.0001
vn 0.2207 0.9753 0.0001
vn 0.4984 0.8669 -0.0000
vn 0.7641 0.6451 -0.0000
vn 0.9316 0.3635 -0.0000
vn 0.9804 -0.1970 -0.0000
vn 0.7003 -0.7139 -0.0001
vn 0.4154 -0.9097 -0.0001
vn 0.2447 -0.9696 -0.0000
vn 0.0519 0.0315 0.9982
vn 0.2126 0.1292 0.9686
vn 0.4503 0.2738 0.8499
vn 0.7105 0.4321 0.5553
vn 0.8437 0.5132 0.1574
vn -0.2447 0.9696 -0.0000
vn -0.4154 0.9097 -0.0001
vn -0.7003 0.7139 -0.0001
vn -0.9804 0.1970 -0.0000
vn -0.9316 -0.3636 -0.0000
vn -0.0000 0.1053 0.9944
vn 0.0001 0.4060 0.9139
vn -0.0000 0.7313 0.6821
vn -0.0001 0.9328 0.3605
vn -0.0000 0.9958 0.0914
vn -0.0000 0.9958 -0.0914
vn 0.0001 0.9328 -0.3605
vn -0.0000 0.7313 -0.6821
vn -0.0001 0.4060 -0.9139
vn -0.0000 0.1053 -0.9944
vn -0.0000 -0.1053 0.9944
vn -0.0001 -0.4060 0.9139
vn -0.0000 -0.7313 0.6821
vn 0.0001 -0.9328 0.3605
vn -0.0000 -0.9958 0.0914
vn -0.9826 -0.0000 0.1855
vn -0.7855 0.0001 0.6188
vn -0.4651 0.0002 0.8853
vn -0.2125 0.0002 0.9772
vn -0.0513 0.0001 0.9987
vn -0.9800 -0.1990 -0.0000
vn -0.7636 -0.6457 0.0001
vn -0.4394 -0.8983 0.0002
vn -0.1983 -0.9801 0.0001
vn -0.0477 -0.9989 0.0001
vn -0.0513 -0.0001 -0.9987
vn -0.2125 -0.0002 -0.9772
vn -0.4651 -0.0002 -0.8853
vn -0.7855 -0.0001 -0.6188
vn -0.9826 -0.0000 -0.1855
vn -0.0000 -0.1053 -0.9944
vn 0.0001 -0.4060 -0.9139
vn -0.0000 -0.7313 -0.6821
vn -0.0001 -0.9328 -0.3605
vn -0.0000 -0.9958 -0.0914
vn -0.0208 0.1056 0.9942
vn -0.0796 0.4042 0.9112
vn -0.1425 0.7230 0.6760
vn -0.1808 0.9170 0.3556
vn -0.1926 0.9772 0.0898
vn -0.1926 0.9772 -0.0898
vn -0.1807 0.9170 -0.3556
vn -0.1425 0.7230 -0.6760
vn -0.0797 0.4041 -0.9112
vn -0.0208 0.1056 -0.9942
vn 0.0208 -0.1056 0.9942
vn 0.0796 -0.4042 0.9112
vn 0.1425 -0.7230 0.6760
vn 0.1808 -0.9170 0.3556
vn 0.1926 -0.9772 0.0898
vn -0.8437 -0.5132 0.1574
vn -0.7105 -0.4321 0.5553
vn -0.4503 -0.2738 0.8499
vn -0.2126 -0.1292 0.9686
vn -0.0519 -0.0315 0.9982
vn -0.7641 -0.6451 -0.0000
vn -0.4984 -0.8670 -0.0000
vn -0.2207 -0.9753 0.0001
vn -0.0054 -1.0000 0.0001
vn 0.1435 -0.9897 -0.0000
vn -0.0519 -0.0316 -0.9982
vn -0.2125 -0.1294 -0.9686
vn -0.4503 -0.2739 -0.8498
vn -0.7105 -0.4321 -0.5553
vn -0.8438 -0.5131 -0.1574
vn 0.0208 -0.1056 -0.9942
vn 0.0797 -0.4041 -0.9112
vn 0.1425 -0.7230 -0.6760
vn 0.1807 -0.9170 -0.3556
vn 0.1926 -0.9772 -0.0898
vn -0.0000 -0.0000 -1.0000
vn 1.0000 -0.0000 -0.0000
vn -0.0000 1.0000 -0.0000
vn -0.0000 -0.0000 1.0000
vn -0.0000 -1.0000 -0.0000
vn -1.0000 -0.0000 -0.0000
vn 0.8544 0.5196 -0.0000
vn -0.1934 0.9811 -0.0000
vn 0.1934 -0.9811 -0.0000
vn -0.8544 -0.5196 -0.0000
vn 0.1712 0.2809 -0.9444
vn 0.1848 0.5026 -0.8445
vn 0.3187 0.1368 -0.9379
vn 0.3143 0.4513 -0.8352
vn 0.1541 0.9646 -0.2140
vn 0.2951 0.9500 -0.1022
vn 0.1719 0.9036 -0.3924
vn 0.2966 0.8819 -0.3664
vn 0.8763 0.3582 -0.3221
vn 0.6715 0.2069 -0.7115
vn 0.6438 0.7462 -0.1692
vn 0.5865 0.6049 -0.5387
vn 0.1609 0.9569 0.2419
vn 0.1777 0.8779 0.4447
vn 0.2978 0.9476 0.1153
vn 0.3007 0.8683 0.3945
vn 0.1642 0.2491 0.9544
vn 0.3159 0.1220 0.9409
vn 0.1800 0.4474 0.8760
vn 0.3111 0.4214 0.8518
vn 0.8765 0.3535 0.3268
vn 0.6454 0.7428 0.1782
vn 0.6702 0.1973 0.7155
vn 0.5872 0.5900 0.5541
vn 0.1642 -0.2491 -0.9544
vn 0.3159 -0.1220 -0.9409
vn 0.1800 -0.4474 -0.8760
vn 0.3111 -0.4214 -0.8518
vn 0.8765 -0.3535 -0.3268
vn 0.6454 -0.7428 -0.1782
vn 0.6702 -0.1973 -0.7155
vn 0.5872 -0.5900 -0.5541
vn 0.1609 -0.9569 -0.2419
vn 0.1777 -0.8779 -0.4447
vn 0.2978 -0.9476 -0.1153
vn 0.3007 -0.8683 -0.3945
vn 0.1541 -0.9646 0.2140
vn 0.2951 -0.9500 0.1022
vn 0.1719 -0.9036 0.3924
vn 0.2966 -0.8819 0.3664
vn 0.8763 -0.3582 0.3221
vn 0.6715 -0.2069 0.7115
vn 0.6438 -0.7462 0.1692
vn 0.5865 -0.6049 0.5387
vn 0.1712 -0.2809 0.9444
vn 0.1848 -0.5026 0.8445
vn 0.3187 -0.1368 0.9379
vn 0.3143 -0.4513 0.8352
vn -0.8763 0.3582 0.3221
vn -0.6715 0.2069 0.7115
vn -0.6438 0.7462 0.1692
vn -0.5865 0.6048 0.5387
vn -0.1712 0.2809 0.9444
vn -0.1848 0.5026 0.8445
vn -0.3187 0.1368 0.9379
vn -0.3143 0.4513 0.8352
vn -0.1541 0.9646 0.2140
vn -0.2951 0.9500 0.1022
vn -0.1719 0.9036 0.3924
vn -0.2966 0.8819 0.3664
vn -0.1609 0.9569 -0.2418
vn -0.1777 0.8778 -0.4448
vn -0.2978 0.9476 -0.1153
vn -0.3007 0.8683 -0.3945
vn -0.1642 0.2491 -0.9544
vn -0.3159 0.1220 -0.9409
vn -0.1800 0.4475 -0.8760
vn -0.3111 0.4214 -0.8518
vn -0.8765 0.3535 -0.3268
vn -0.6454 0.7428 -0.1782
vn -0.6702 0.1973 -0.7155
vn -0.5872 0.5900 -0.5541
vn -0.1642 -0.2491 0.9544
vn -0.3159 -0.1220 0.9409
vn -0.1800 -0.4475 0.8760
vn -0.3111 -0.4214 0.8518
vn -0.8765 -0.3535 0.3268
vn -0.6454 -0.7428 0.1782
vn -0.6702 -0.1973 0.7155
vn -0.5872 -0.5900 0.5541
vn -0.1609 -0.9569 0.2418
vn -0.1777 -0.8779 0.4447
vn -0.2978 -0.9476 0.1153
vn -0.3007 -0.8683 0.3945
vn -0.1541 -0.9646 -0.2140
vn -0.2951 -0.9500 -0.1022
vn -0.1719 -0.9036 -0.3924
vn -0.2966 -0.8819 -0.3664
vn -0.8763 -0.3582 -0.3221
vn -0.6715 -0.2069 -0.7115
vn -0.6438 -0.7462 -0.1692
vn -0.5865 -0.6048 -0.5387
vn -0.1712 -0.2809 -0.9444
vn -0.1848 -0.5026 -0.8445
vn -0.3187 -0.1368 -0.9379
vn -0.3143 -0.4513 -0.8352
vn 0.1178 0.4046 -0.9069
vn 0.0910 0.5913 -0.8013
vn 0.2888 0.2936 -0.9112
vn 0.2185 0.5957 -0.7729
vn -0.0308 0.9818 -0.1876
vn 0.0881 0.9946 -0.0541
vn -0.0070 0.9503 -0.3111
vn 0.1054 0.9539 -0.2811
vn 0.6527 0.7183 -0.2406
vn 0.5676 0.5310 -0.6291
vn 0.3894 0.9155 -0.1008
vn 0.3938 0.8140 -0.4270
vn -0.0174 0.9733 0.2290
vn 0.0096 0.9210 0.3895
vn 0.0924 0.9932 0.0704
vn 0.1143 0.9415 0.3170
vn 0.1170 0.3470 0.9305
vn 0.2891 0.2717 0.9179
vn 0.1008 0.5048 0.8574
vn 0.2232 0.5560 0.8006
vn 0.6550 0.7141 0.2470
vn 0.3928 0.9128 0.1117
vn 0.5698 0.5190 0.6372
vn 0.3997 0.7997 0.4479
vn 0.2217 -0.1507 -0.9634
vn 0.3301 0.1028 -0.9383
vn 0.2733 -0.3055 -0.9121
vn 0.4107 -0.2153 -0.8860
vn 0.9356 0.1834 -0.3017
vn 0.8964 -0.4138 -0.1589
vn 0.6847 0.2291 -0.6919
vn 0.7734 -0.2523 -0.5815
vn 0.3736 -0.8904 -0.2602
vn 0.3778 -0.8127 -0.4437
vn 0.5253 -0.8464 -0.0876
vn 0.5196 -0.7597 -0.3910
vn 0.3624 -0.9077 0.2115
vn 0.5203 -0.8514 0.0670
vn 0.3738 -0.8575 0.3535
vn 0.5162 -0.7832 0.3466
vn 0.9389 0.1771 0.2950
vn 0.6922 0.2179 0.6880
vn 0.8950 -0.4224 0.1435
vn 0.7809 -0.2779 0.5594
vn 0.2458 -0.1989 0.9487
vn 0.3025 -0.3959 0.8670
vn 0.3396 0.0852 0.9367
vn 0.4275 -0.2588 0.8662
vn -0.9389 -0.1770 0.2950
vn -0.6923 -0.2179 0.6880
vn -0.8950 0.4224 0.1435
vn -0.7809 0.2779 0.5594
vn -0.2458 0.1989 0.9487
vn -0.3025 0.3959 0.8670
vn -0.3396 -0.0852 0.9367
vn -0.4275 0.2588 0.8662
vn -0.3624 0.9077 0.2115
vn -0.5203 0.8513 0.0671
vn -0.3738 0.8575 0.3536
vn -0.5162 0.7832 0.3466
vn -0.3736 0.8904 -0.2601
vn -0.3778 0.8127 -0.4437
vn -0.5254 0.8464 -0.0876
vn -0.5196 0.7597 -0.3910
vn -0.2217 0.1507 -0.9634
vn -0.3301 -0.1028 -0.9383
vn -0.2733 0.3056 -0.9121
vn -0.4107 0.2153 -0.8860
vn -0.9356 -0.1834 -0.3017
vn -0.8964 0.4138 -0.1589
vn -0.6847 -0.2291 -0.6919
vn -0.7734 0.2523 -0.5816
vn -0.1170 -0.3470 0.9305
vn -0.2892 -0.2717 0.9179
vn -0.1008 -0.5048 0.8574
vn -0.2232 -0.5560 0.8006
vn -0.6550 -0.7141 0.2470
vn -0.3927 -0.9128 0.1117
vn -0.5698 -0.5190 0.6372
vn -0.3998 -0.7997 0.4479
vn 0.0174 -0.9733 0.2290
vn -0.0095 -0.9210 0.3895
vn -0.0924 -0.9932 0.0704
vn -0.1143 -0.9415 0.3170
vn 0.0308 -0.9818 -0.1876
vn -0.0881 -0.9946 -0.0541
vn 0.0070 -0.9503 -0.3111
vn -0.1054 -0.9539 -0.2811
vn -0.6527 -0.7183 -0.2406
vn -0.5677 -0.5310 -0.6291
vn -0.3894 -0.9155 -0.1008
vn -0.3938 -0.8140 -0.4270
vn -0.1178 -0.4047 -0.9069
vn -0.0910 -0.5913 -0.8013
vn -0.2888 -0.2936 -0.9112
vn -0.2185 -0.5957 -0.7729
vn 0.9340 -0.0000 -0.3572
vn 0.6143 0.0001 -0.7891
vn 0.3283 0.0002 -0.9446
vn 0.1029 0.0001 -0.9947
vn 0.0957 0.9954 0.0001
vn 0.3072 0.9516 0.0002
vn 0.5859 0.8104 0.0001
vn 0.9247 0.3807 -0.0000
vn 0.9247 -0.3807 -0.0000
vn 0.5859 -0.8104 -0.0001
vn 0.3072 -0.9516 -0.0002
vn 0.0957 -0.9954 -0.0001
vn 0.1029 -0.0001 0.9947
vn 0.3283 -0.0002 0.9446
vn 0.6143 -0.0001 0.7891
vn 0.9340 -0.0000 0.3572
vn -0.0957 0.9954 -0.0001
vn -0.3072 0.9516 -0.0002
vn -0.5859 0.8104 -0.0001
vn -0.9247 0.3807 -0.0000
vn 0.8132 0.4945 -0.3067
vn 0.5798 0.3526 -0.7345
vn 0.3258 0.1982 -0.9244
vn 0.1041 0.0634 -0.9925
vn -0.0946 0.9955 0.0001
vn 0.1055 0.9944 0.0001
vn 0.3444 0.9388 -0.0000
vn 0.6701 0.7423 -0.0000
vn 0.9836 0.1802 -0.0000
vn 0.8556 -0.5177 -0.0000
vn 0.5445 -0.8388 -0.0001
vn 0.2977 -0.9547 -0.0001
vn 0.1041 0.0633 0.9925
vn 0.3258 0.1980 0.9245
vn 0.5798 0.3526 0.7345
vn 0.8132 0.4946 0.3067
vn -0.2977 0.9547 -0.0001
vn -0.5445 0.8388 -0.0001
vn -0.8556 0.5177 -0.0000
vn -0.9836 -0.1803 -0.0000
vn 0.0001 0.2093 0.9778
vn -0.0000 0.5835 0.8121
vn -0.0000 0.8491 0.5282
vn -0.0000 0.9833 0.1822
vn -0.0000 0.9833 -0.1822
vn -0.0000 0.8491 -0.5282
vn -0.0000 0.5835 -0.8121
vn -0.0001 0.2093 -0.9778
vn -0.0001 -0.2093 0.9778
vn -0.0000 -0.5835 0.8121
vn -0.0000 -0.8491 0.5282
vn -0.0000 -0.9833 0.1822
vn -0.9340 -0.0000 0.3572
vn -0.6143 0.0001 0.7891
vn -0.3283 0.0002 0.9446
vn -0.1029 0.0001 0.9947
vn -0.9247 -0.3807 -0.0000
vn -0.5859 -0.8104 0.0001
vn -0.3072 -0.9516 0.0002
vn -0.0957 -0.9954 0.0001
vn -0.1029 -0.0001 -0.9947
vn -0.3283 -0.0002 -0.9446
vn -0.6143 -0.0001 -0.7891
vn -0.9340 -0.0000 -0.3572
vn 0.0001 -0.2093 -0.9778
vn -0.0000 -0.5835 -0.8121
vn -0.0000 -0.8491 -0.5282
vn -0.0000 -0.9833 -0.1822
vn -0.0414 0.2102 0.9768
vn -0.1144 0.5809 0.8059
vn -0.1651 0.8376 0.5207
vn -0.1903 0.9653 0.1791
vn -0.1902 0.9653 -0.1790
vn -0.1651 0.8376 -0.5207
vn -0.1145 0.5809 -0.8059
vn -0.0415 0.2102 -0.9768
vn 0.0414 -0.2102 0.9768
vn 0.1144 -0.5809 0.8059
vn 0.1651 -0.8376 0.5207
vn 0.1903 -0.9653 0.1791
vn -0.8132 -0.4946 0.3067
vn -0.5798 -0.3526 0.7345
vn -0.3258 -0.1980 0.9245
vn -0.1041 -0.0633 0.9925
vn -0.6701 -0.7423 -0.0000
vn -0.3444 -0.9388 -0.0000
vn -0.1055 -0.9944 0.0001
vn 0.0946 -0.9955 0.0001
vn -0.1041 -0.0634 -0.9925
vn -0.3258 -0.1982 -0.9244
vn -0.5798 -0.3526 -0.7345
vn -0.8132 -0.4946 -0.3067
vn 0.0415 -0.2102 -0.9768
vn 0.1145 -0.5808 -0.8059
vn 0.1651 -0.8376 -0.5207
vn 0.1902 -0.9653 -0.1791
vt 0.504350 -5.000923
vt 0.504349 -5.000746
vt 0.503531 -5.001041
vt 0.503518 -5.001269
vt 0.504347 -5.000570
vt 0.503545 -5.000814
vt 0.502742 -5.001058
vt 0.502714 -5.001337
vt 0.502685 -5.001615
vt 0.504346 -5.000285
vt 0.503554 -5.000407
vt 0.503545 -5.000813
vt 0.504344 -5.000000
vt 0.503563 -5.000000
vt 0.502781 -5.000000
vt 0.502762 -5.000529
vt 0.502714 -5.001336
vt 0.501357 -5.001643
vt 0.501343 -5.002000
vt 0.501371 -5.001287
vt 0.500000 -5.001516
vt 0.500000 -5.001950
vt 0.500000 -5.002384
vt 0.501842 -5.000644
vt 0.502314 -5.000000
vt 0.501846 -5.000000
vt 0.500923 -5.000758
vt 0.504338 -5.032619
vt 0.503508 -5.032270
vt 0.503524 -5.032524
vt 0.504340 -5.032822
vt 0.502678 -5.031922
vt 0.502708 -5.032228
vt 0.502739 -5.032535
vt 0.503540 -5.032779
vt 0.504341 -5.033024
vt 0.501339 -5.031539
vt 0.501354 -5.031922
vt 0.502708 -5.032228
vt 0.500000 -5.031156
vt 0.500000 -5.031616
vt 0.500000 -5.032077
vt 0.501369 -5.032306
vt 0.503540 -5.032780
vt 0.503551 -5.033230
vt 0.504343 -5.033352
vt 0.502760 -5.033108
vt 0.502781 -5.033680
vt 0.503563 -5.033680
vt 0.504344 -5.033680
vt 0.501380 -5.032730
vt 0.500000 -5.032352
vt 0.500000 -5.032628
vt 0.501391 -5.033154
vt 0.529871 -5.003693
vt 0.530599 -5.003403
vt 0.530830 -5.002748
vt 0.530152 -5.002987
vt 0.531327 -5.003113
vt 0.531509 -5.002509
vt 0.531691 -5.001905
vt 0.531062 -5.002093
vt 0.530433 -5.002280
vt 0.532501 -5.002748
vt 0.532592 -5.002229
vt 0.531509 -5.002509
vt 0.533676 -5.002384
vt 0.533676 -5.001950
vt 0.533676 -5.001516
vt 0.532684 -5.001710
vt 0.531062 -5.002092
vt 0.531337 -5.001046
vt 0.530792 -5.001141
vt 0.531882 -5.000953
vt 0.532073 -5.000001
vt 0.531612 -5.000001
vt 0.531152 -5.000000
vt 0.532779 -5.001105
vt 0.533676 -5.001256
vt 0.533676 -5.000997
vt 0.532874 -5.000499
vt 0.504362 -5.000955
vt 0.504358 -5.000773
vt 0.503539 -5.001081
vt 0.503527 -5.001318
vt 0.504354 -5.000590
vt 0.503550 -5.000844
vt 0.502746 -5.001099
vt 0.502719 -5.001390
vt 0.502693 -5.001682
vt 0.504349 -5.000295
vt 0.503557 -5.000422
vt 0.503550 -5.000844
vt 0.504345 -5.000000
vt 0.503563 -5.000000
vt 0.502782 -5.000000
vt 0.502764 -5.000549
vt 0.501866 -5.001202
vt 0.501966 -5.001461
vt 0.501766 -5.000943
vt 0.500787 -5.000787
vt 0.501013 -5.001014
vt 0.501239 -5.001240
vt 0.501938 -5.000472
vt 0.502110 -5.000000
vt 0.501439 -5.000000
vt 0.501113 -5.000394
vt 0.649602 -5.001031
vt 0.650430 -5.001363
vt 0.650412 -5.001117
vt 0.649598 -5.000834
vt 0.651258 -5.001693
vt 0.651226 -5.001400
vt 0.651194 -5.001106
vt 0.650394 -5.000872
vt 0.649594 -5.000638
vt 0.652594 -5.002062
vt 0.652578 -5.001694
vt 0.651226 -5.001400
vt 0.653929 -5.002431
vt 0.653929 -5.001989
vt 0.653929 -5.001547
vt 0.652562 -5.001327
vt 0.650394 -5.000872
vt 0.650380 -5.000436
vt 0.649589 -5.000319
vt 0.651171 -5.000553
vt 0.651147 -5.000000
vt 0.650366 -5.000000
vt 0.649584 -5.000000
vt 0.652550 -5.000918
vt 0.653929 -5.001283
vt 0.653929 -5.001018
vt 0.652538 -5.000509
vt 0.503808 -5.003691
vt 0.503517 -5.002985
vt 0.502839 -5.002756
vt 0.503079 -5.003412
vt 0.503226 -5.002279
vt 0.502598 -5.002100
vt 0.501971 -5.001920
vt 0.502161 -5.002527
vt 0.502351 -5.003133
vt 0.502232 -5.001760
vt 0.501806 -5.001557
vt 0.501379 -5.001354
vt 0.502161 -5.002526
vt 0.501080 -5.002258
vt 0.501175 -5.002782
vt 0.500986 -5.001734
vt 0.500000 -5.001547
vt 0.500000 -5.001989
vt 0.500000 -5.002431
vt 0.501379 -5.001353
vt 0.501049 -5.001063
vt 0.500720 -5.000774
vt 0.504327 -5.031609
vt 0.503499 -5.031279
vt 0.503517 -5.031523
vt 0.504331 -5.031806
vt 0.502671 -5.030947
vt 0.502703 -5.031241
vt 0.502735 -5.031535
vt 0.503535 -5.031769
vt 0.504335 -5.032003
vt 0.501336 -5.030579
vt 0.501352 -5.030946
vt 0.500000 -5.030210
vt 0.500000 -5.030652
vt 0.500000 -5.031094
vt 0.501368 -5.031314
vt 0.503535 -5.031769
vt 0.503549 -5.032205
vt 0.504340 -5.032322
vt 0.502758 -5.032087
vt 0.502782 -5.032640
vt 0.503563 -5.032640
vt 0.504345 -5.032640
vt 0.501379 -5.031723
vt 0.500000 -5.031358
vt 0.500000 -5.031623
vt 0.501391 -5.032132
vt 0.529868 -5.028950
vt 0.530160 -5.029656
vt 0.530837 -5.029885
vt 0.530597 -5.029229
vt 0.530451 -5.030362
vt 0.531078 -5.030541
vt 0.531705 -5.030721
vt 0.531515 -5.030114
vt 0.531326 -5.029508
vt 0.530824 -5.031501
vt 0.531364 -5.031591
vt 0.531078 -5.030541
vt 0.531197 -5.032640
vt 0.531650 -5.032640
vt 0.532103 -5.032640
vt 0.531904 -5.031681
vt 0.531515 -5.030115
vt 0.532596 -5.030383
vt 0.532501 -5.029859
vt 0.532691 -5.030908
vt 0.533676 -5.031094
vt 0.533676 -5.030652
vt 0.533676 -5.030210
vt 0.532532 -5.031774
vt 0.532373 -5.032640
vt 0.532644 -5.032640
vt 0.533160 -5.031867
vt 0.504362 -5.000955
vt 0.502719 -5.001390
vt 0.501360 -5.001709
vt 0.501346 -5.002081
vt 0.501373 -5.001336
vt 0.500000 -5.001574
vt 0.500000 -5.002027
vt 0.500000 -5.002480
vt 0.501843 -5.000668
vt 0.502314 -5.000000
vt 0.501846 -5.000000
vt 0.500923 -5.000787
vt 0.503524 -5.032525
vt 0.504340 -5.032822
vt 0.503540 -5.032780
vt 0.504341 -5.033025
vt 0.504343 -5.033353
vt 0.503805 -5.028948
vt 0.503077 -5.029237
vt 0.502846 -5.029893
vt 0.503524 -5.029655
vt 0.502349 -5.029526
vt 0.502167 -5.030131
vt 0.501985 -5.030735
vt 0.502614 -5.030548
vt 0.503243 -5.030361
vt 0.501175 -5.029891
vt 0.501084 -5.030411
vt 0.502167 -5.030131
vt 0.500000 -5.030257
vt 0.500000 -5.030691
vt 0.500000 -5.031125
vt 0.500993 -5.030930
vt 0.502339 -5.031594
vt 0.502884 -5.031501
vt 0.501794 -5.031688
vt 0.501603 -5.032640
vt 0.502064 -5.032640
vt 0.502524 -5.032641
vt 0.500897 -5.031536
vt 0.500000 -5.031384
vt 0.500000 -5.031644
vt 0.500802 -5.032142
vt 0.649579 -5.031718
vt 0.649581 -5.031894
vt 0.650398 -5.031600
vt 0.650412 -5.031372
vt 0.649582 -5.032070
vt 0.650384 -5.031827
vt 0.651187 -5.031583
vt 0.651215 -5.031305
vt 0.651244 -5.031026
vt 0.649583 -5.032355
vt 0.650375 -5.032233
vt 0.650384 -5.031826
vt 0.649585 -5.032640
vt 0.650366 -5.032640
vt 0.651148 -5.032640
vt 0.651167 -5.032112
vt 0.651215 -5.031304
vt 0.652572 -5.030997
vt 0.652586 -5.030642
vt 0.652558 -5.031354
vt 0.653929 -5.031125
vt 0.653929 -5.030691
vt 0.653929 -5.030257
vt 0.652087 -5.031997
vt 0.651616 -5.032640
vt 0.652083 -5.032640
vt 0.653006 -5.031883
vt 0.530599 -5.003404
vt 0.531327 -5.003114
vt 0.531509 -5.002510
vt 0.531691 -5.001905
vt 0.532502 -5.002749
vt 0.532593 -5.002230
vt 0.532684 -5.001711
vt 0.531062 -5.002093
vt 0.531337 -5.001047
vt 0.532073 -5.000000
vt 0.531612 -5.000000
vt 0.531152 -5.000000
vt 0.504347 -5.000569
vt 0.649591 -5.001062
vt 0.650421 -5.001410
vt 0.650405 -5.001155
vt 0.649589 -5.000859
vt 0.651251 -5.001759
vt 0.651221 -5.001453
vt 0.651191 -5.001147
vt 0.650389 -5.000901
vt 0.649588 -5.000656
vt 0.652590 -5.002142
vt 0.652575 -5.001759
vt 0.651221 -5.001453
vt 0.653929 -5.002525
vt 0.653929 -5.002065
vt 0.653929 -5.001604
vt 0.652560 -5.001375
vt 0.650389 -5.000901
vt 0.650378 -5.000451
vt 0.649586 -5.000328
vt 0.651169 -5.000574
vt 0.651148 -5.000000
vt 0.650366 -5.000000
vt 0.649585 -5.000000
vt 0.652549 -5.000951
vt 0.653929 -5.001329
vt 0.653929 -5.001054
vt 0.652538 -5.000527
vt 0.649567 -5.032726
vt 0.649571 -5.032909
vt 0.650390 -5.032599
vt 0.650402 -5.032362
vt 0.649575 -5.033091
vt 0.650379 -5.032836
vt 0.651183 -5.032582
vt 0.651210 -5.032291
vt 0.651236 -5.031999
vt 0.649580 -5.033386
vt 0.650372 -5.033258
vt 0.650379 -5.032837
vt 0.649584 -5.033680
vt 0.650366 -5.033680
vt 0.651147 -5.033680
vt 0.651165 -5.033132
vt 0.651210 -5.032290
vt 0.652569 -5.031972
vt 0.652583 -5.031600
vt 0.652556 -5.032345
vt 0.653929 -5.032107
vt 0.653929 -5.031654
vt 0.653929 -5.031201
vt 0.652086 -5.033012
vt 0.651615 -5.033680
vt 0.652083 -5.033680
vt 0.653006 -5.032894
vt 0.650430 -5.001362
vt 0.651258 -5.001693
vt 0.651226 -5.001400
vt 0.651194 -5.001106
vt 0.650394 -5.000872
vt 0.652578 -5.001694
vt 0.651226 -5.001400
vt 0.652561 -5.001327
vt 0.649589 -5.000319
vt 0.651171 -5.000553
vt 0.651147 -5.000000
vt 0.650366 -5.000001
vt 0.649584 -5.000001
vt 0.652538 -5.000509
vt 0.503079 -5.003412
vt 0.502598 -5.002099
vt 0.501971 -5.001919
vt 0.502351 -5.003132
vt 0.502852 -5.001140
vt 0.502312 -5.001050
vt 0.502479 -5.000000
vt 0.502026 -5.000000
vt 0.501573 -5.000000
vt 0.501772 -5.000960
vt 0.502161 -5.002526
vt 0.501080 -5.002257
vt 0.501175 -5.002782
vt 0.500986 -5.001733
vt 0.501144 -5.000867
vt 0.501303 -5.000000
vt 0.501032 -5.000000
vt 0.500516 -5.000774
vt 0.502671 -5.030948
vt 0.502703 -5.031241
vt 0.502735 -5.031534
vt 0.530451 -5.030362
vt 0.651210 -5.032291
vt 0.651236 -5.031999
vt 0.650366 -5.033680
vt 0.651147 -5.033680
vt 0.651165 -5.033132
vt 0.653929 -5.032107
vt 0.653929 -5.031654
vt 0.652086 -5.033012
vt 0.653006 -5.032894
vt 0.650405 -5.001155
vt 0.651251 -5.001759
vt 0.651221 -5.001453
vt 0.503077 -5.029237
vt 0.502846 -5.029893
vt 0.502349 -5.029527
vt 0.501175 -5.029892
vt 0.501084 -5.030411
vt 0.502524 -5.032640
vt 0.649582 -5.032071
vt 0.650384 -5.031827
vt 0.651187 -5.031584
vt 0.649583 -5.032356
vt 0.650375 -5.032234
vt 0.651167 -5.032112
vt 0.651215 -5.031305
vt 0.652572 -5.030998
vt 0.652558 -5.031354
vt 5.254166 -1.000538
vt 5.254167 -1.000435
vt 5.253384 -1.000745
vt 5.253369 -1.000901
vt 5.254169 -1.000332
vt 5.253400 -1.000589
vt 5.252631 -1.000846
vt 5.252602 -1.001055
vt 5.252572 -1.001264
vt 5.254170 -1.000166
vt 5.253411 -1.000295
vt 5.254173 -1.000000
vt 5.253422 -1.000000
vt 5.252672 -1.000000
vt 5.252651 -1.000423
vt 5.252601 -1.001055
vt 5.251301 -1.001385
vt 5.251286 -1.001680
vt 5.251315 -1.001091
vt 5.250000 -1.001336
vt 5.250000 -1.001716
vt 5.250000 -1.002095
vt 5.251769 -1.000546
vt 5.252223 -1.000000
vt 5.251773 -1.000000
vt 5.250887 -1.000668
vt 5.254181 -1.032733
vt 5.253381 -1.032328
vt 5.253393 -1.032527
vt 5.254179 -1.032870
vt 5.252582 -1.031924
vt 5.252608 -1.032184
vt 5.252635 -1.032445
vt 5.253406 -1.032726
vt 5.254177 -1.033007
vt 5.251291 -1.031479
vt 5.251304 -1.031830
vt 5.252608 -1.032184
vt 5.250000 -1.031033
vt 5.250000 -1.031475
vt 5.250000 -1.031917
vt 5.251318 -1.032181
vt 5.253406 -1.032726
vt 5.253414 -1.033088
vt 5.254174 -1.033229
vt 5.252653 -1.032947
vt 5.252672 -1.033450
vt 5.253422 -1.033450
vt 5.254172 -1.033450
vt 5.251327 -1.032564
vt 5.250000 -1.032181
vt 5.250000 -1.032446
vt 5.251336 -1.032948
vt 5.279541 -1.003573
vt 5.280288 -1.003239
vt 5.280560 -1.002615
vt 5.279869 -1.002889
vt 5.281036 -1.002906
vt 5.281252 -1.002340
vt 5.281468 -1.001774
vt 5.280832 -1.001990
vt 5.280196 -1.002206
vt 5.282243 -1.002501
vt 5.282351 -1.002028
vt 5.281252 -1.002340
vt 5.283451 -1.002095
vt 5.283451 -1.001716
vt 5.283451 -1.001336
vt 5.282459 -1.001555
vt 5.281154 -1.000995
vt 5.280615 -1.001103
vt 5.281693 -1.000887
vt 5.281918 -1.000000
vt 5.281476 -1.000000
vt 5.281034 -1.000000
vt 5.282572 -1.000998
vt 5.283451 -1.001109
vt 5.283451 -1.000882
vt 5.282684 -1.000441
vt 5.254199 -1.000596
vt 5.254193 -1.000482
vt 5.253405 -1.000839
vt 5.253396 -1.001018
vt 5.254188 -1.000368
vt 5.253415 -1.000660
vt 5.252641 -1.000953
vt 5.252616 -1.001197
vt 5.252592 -1.001440
vt 5.254182 -1.000184
vt 5.253419 -1.000330
vt 5.253415 -1.000660
vt 5.254175 -1.000000
vt 5.253424 -1.000000
vt 5.252673 -1.000000
vt 5.252657 -1.000476
vt 5.251792 -1.001082
vt 5.251888 -1.001312
vt 5.251696 -1.000851
vt 5.250751 -1.000750
vt 5.250968 -1.000967
vt 5.251184 -1.001184
vt 5.251861 -1.000426
vt 5.251696 -1.000851
vt 5.252026 -1.000000
vt 5.251378 -1.000000
vt 5.251064 -1.000375
vt 5.481431 -1.000662
vt 5.482225 -1.001008
vt 5.482206 -1.000831
vt 5.481425 -1.000535
vt 5.483019 -1.001354
vt 5.482987 -1.001127
vt 5.482955 -1.000901
vt 5.482187 -1.000655
vt 5.481419 -1.000409
vt 5.484300 -1.001751
vt 5.484283 -1.001443
vt 5.482987 -1.001127
vt 5.485580 -1.002149
vt 5.485580 -1.001760
vt 5.485580 -1.001371
vt 5.484268 -1.001136
vt 5.482172 -1.000327
vt 5.481412 -1.000204
vt 5.482931 -1.000450
vt 5.482908 -1.000000
vt 5.482157 -1.000000
vt 5.481406 -1.000000
vt 5.484256 -1.000794
vt 5.485580 -1.001138
vt 5.485580 -1.000906
vt 5.484244 -1.000453
vt 5.253918 -1.003566
vt 5.253578 -1.002884
vt 5.252886 -1.002620
vt 5.253168 -1.003245
vt 5.253238 -1.002201
vt 5.252604 -1.001995
vt 5.251969 -1.001789
vt 5.252194 -1.002357
vt 5.252419 -1.002925
vt 5.252211 -1.001693
vt 5.251785 -1.001481
vt 5.251359 -1.001270
vt 5.252193 -1.002357
vt 5.251097 -1.002058
vt 5.251209 -1.002537
vt 5.250985 -1.001580
vt 5.250000 -1.001371
vt 5.250000 -1.001760
vt 5.250000 -1.002148
vt 5.251360 -1.001270
vt 5.251024 -1.000978
vt 5.250690 -1.000685
vt 5.254150 -1.029788
vt 5.253356 -1.029442
vt 5.253375 -1.029619
vt 5.254155 -1.029915
vt 5.252562 -1.029096
vt 5.252594 -1.029323
vt 5.252626 -1.029549
vt 5.253394 -1.029796
vt 5.254161 -1.030041
vt 5.251281 -1.028699
vt 5.251297 -1.029007
vt 5.252594 -1.029323
vt 5.250000 -1.028302
vt 5.250000 -1.028691
vt 5.250000 -1.029080
vt 5.251313 -1.029315
vt 5.253394 -1.029795
vt 5.253408 -1.030123
vt 5.254169 -1.030246
vt 5.252649 -1.030000
vt 5.252673 -1.030450
vt 5.253424 -1.030450
vt 5.254175 -1.030450
vt 5.251325 -1.029656
vt 5.250000 -1.029312
vt 5.250000 -1.029545
vt 5.251337 -1.029998
vt 5.279534 -1.026885
vt 5.279873 -1.027567
vt 5.280566 -1.027830
vt 5.280283 -1.027205
vt 5.280213 -1.028249
vt 5.280848 -1.028455
vt 5.281483 -1.028661
vt 5.281258 -1.028093
vt 5.281033 -1.027525
vt 5.280648 -1.029350
vt 5.281182 -1.029453
vt 5.281083 -1.030450
vt 5.281517 -1.030450
vt 5.281950 -1.030450
vt 5.281716 -1.029556
vt 5.282354 -1.028392
vt 5.282242 -1.027913
vt 5.282467 -1.028870
vt 5.283451 -1.029080
vt 5.283451 -1.028691
vt 5.283451 -1.028302
vt 5.282338 -1.029660
vt 5.282209 -1.030450
vt 5.282469 -1.030450
vt 5.282960 -1.029765
vt 5.252617 -1.001196
vt 5.251308 -1.001565
vt 5.251296 -1.001904
vt 5.251321 -1.001226
vt 5.250000 -1.001500
vt 5.250000 -1.001934
vt 5.250000 -1.002368
vt 5.251772 -1.000613
vt 5.252224 -1.000000
vt 5.251774 -1.000000
vt 5.250887 -1.000750
vt 5.252581 -1.031924
vt 5.252635 -1.032445
vt 5.253406 -1.032726
vt 5.251291 -1.031479
vt 5.251318 -1.032181
vt 5.251327 -1.032564
vt 5.253911 -1.026877
vt 5.253163 -1.027211
vt 5.252891 -1.027836
vt 5.253583 -1.027561
vt 5.252415 -1.027544
vt 5.252199 -1.028110
vt 5.251983 -1.028676
vt 5.252619 -1.028460
vt 5.253255 -1.028245
vt 5.251207 -1.027950
vt 5.251100 -1.028422
vt 5.252199 -1.028110
vt 5.250000 -1.028355
vt 5.250000 -1.028735
vt 5.250000 -1.029114
vt 5.250992 -1.028895
vt 5.252619 -1.028460
vt 5.252297 -1.029455
vt 5.252836 -1.029347
vt 5.251759 -1.029563
vt 5.251534 -1.030450
vt 5.251975 -1.030450
vt 5.252417 -1.030450
vt 5.250879 -1.029452
vt 5.250000 -1.029341
vt 5.250000 -1.029569
vt 5.250767 -1.030009
vt 5.481415 -1.029912
vt 5.481414 -1.030015
vt 5.482197 -1.029705
vt 5.482213 -1.029549
vt 5.481413 -1.030118
vt 5.482182 -1.029861
vt 5.482951 -1.029605
vt 5.482980 -1.029395
vt 5.483009 -1.029186
vt 5.481411 -1.030284
vt 5.482170 -1.030156
vt 5.482182 -1.029861
vt 5.481408 -1.030450
vt 5.482159 -1.030450
vt 5.482909 -1.030450
vt 5.482930 -1.030027
vt 5.482980 -1.029396
vt 5.484280 -1.029065
vt 5.484295 -1.028771
vt 5.484266 -1.029359
vt 5.485580 -1.029114
vt 5.485580 -1.028735
vt 5.485580 -1.028355
vt 5.483812 -1.029905
vt 5.483358 -1.030450
vt 5.483808 -1.030450
vt 5.484694 -1.029782
vt 5.279540 -1.003573
vt 5.279868 -1.002889
vt 5.281036 -1.002906
vt 5.281468 -1.001774
vt 5.280833 -1.001990
vt 5.280197 -1.002206
vt 5.282244 -1.002501
vt 5.283451 -1.002095
vt 5.283451 -1.001715
vt 5.283451 -1.001336
vt 5.281918 -1.000000
vt 5.281476 -1.000000
vt 5.283451 -1.001109
vt 5.283451 -1.000882
vt 5.282684 -1.000441
vt 5.254166 -1.000538
vt 5.253384 -1.000745
vt 5.253399 -1.000589
vt 5.252630 -1.000846
vt 5.252572 -1.001264
vt 5.254172 -1.000000
vt 5.253422 -1.000000
vt 5.252601 -1.001055
vt 5.251300 -1.001385
vt 5.251286 -1.001679
vt 5.251315 -1.001091
vt 5.250000 -1.001336
vt 5.250000 -1.001715
vt 5.250000 -1.002095
vt 5.251769 -1.000545
vt 5.250887 -1.000668
vt 5.481399 -1.000717
vt 5.482199 -1.001122
vt 5.482187 -1.000923
vt 5.481402 -1.000580
vt 5.483000 -1.001526
vt 5.482973 -1.001266
vt 5.482946 -1.001006
vt 5.482176 -1.000724
vt 5.481404 -1.000443
vt 5.484290 -1.001972
vt 5.484277 -1.001621
vt 5.482973 -1.001266
vt 5.485580 -1.002417
vt 5.485580 -1.001975
vt 5.485580 -1.001533
vt 5.484263 -1.001269
vt 5.482175 -1.000724
vt 5.482167 -1.000362
vt 5.481406 -1.000221
vt 5.482927 -1.000503
vt 5.482909 -1.000000
vt 5.482159 -1.000000
vt 5.481409 -1.000000
vt 5.484254 -1.000886
vt 5.485580 -1.001269
vt 5.485580 -1.001005
vt 5.484245 -1.000502
vt 5.481383 -1.032854
vt 5.481388 -1.032968
vt 5.482175 -1.032611
vt 5.482186 -1.032432
vt 5.481392 -1.033082
vt 5.482166 -1.032790
vt 5.482940 -1.032498
vt 5.482964 -1.032254
vt 5.482989 -1.032010
vt 5.481399 -1.033266
vt 5.482162 -1.033120
vt 5.482166 -1.032790
vt 5.481406 -1.033450
vt 5.482157 -1.033450
vt 5.482908 -1.033450
vt 5.482924 -1.032974
vt 5.482965 -1.032254
vt 5.484272 -1.031885
vt 5.484284 -1.031546
vt 5.484260 -1.032224
vt 5.485580 -1.031950
vt 5.485580 -1.031516
vt 5.485580 -1.031082
vt 5.483809 -1.032837
vt 5.483357 -1.033450
vt 5.483807 -1.033450
vt 5.484694 -1.032700
vt 5.481432 -1.000662
vt 5.482226 -1.001008
vt 5.481426 -1.000535
vt 5.483019 -1.001354
vt 5.482955 -1.000901
vt 5.481420 -1.000409
vt 5.482987 -1.001127
vt 5.485580 -1.002148
vt 5.485580 -1.001760
vt 5.485580 -1.001371
vt 5.484267 -1.001136
vt 5.481413 -1.000204
vt 5.484256 -1.000794
vt 5.485580 -1.001138
vt 5.485580 -1.000905
vt 5.252885 -1.002620
vt 5.253168 -1.003245
vt 5.253238 -1.002201
vt 5.251969 -1.001789
vt 5.252193 -1.002357
vt 5.252418 -1.002925
vt 5.252803 -1.001101
vt 5.252269 -1.000998
vt 5.252604 -1.001995
vt 5.252368 -1.000000
vt 5.251934 -1.000000
vt 5.251501 -1.000000
vt 5.251735 -1.000895
vt 5.251097 -1.002058
vt 5.250985 -1.001580
vt 5.250000 -1.001371
vt 5.251113 -1.000790
vt 5.251242 -1.000000
vt 5.250983 -1.000000
vt 5.250492 -1.000685
vt 5.254168 -1.030246
vt 5.253424 -1.030450
vt 5.254175 -1.030450
vt 5.250000 -1.029312
vt 5.250000 -1.029545
vt 5.251337 -1.029997
vt 5.279534 -1.026884
vt 5.280565 -1.027830
vt 5.280283 -1.027205
vt 5.280213 -1.028249
vt 5.281482 -1.028661
vt 5.281258 -1.028093
vt 5.280848 -1.028455
vt 5.281517 -1.030450
vt 5.281950 -1.030450
vt 5.282466 -1.028870
vt 5.481382 -1.032854
vt 5.482940 -1.032498
vt 5.482965 -1.032254
vt 5.482989 -1.032010
vt 5.482924 -1.032974
vt 5.482965 -1.032254
vt 5.484272 -1.031885
vt 5.484285 -1.031546
vt 5.484261 -1.032224
vt 5.485580 -1.031950
vt 5.483807 -1.033450
vt 5.484694 -1.032700
vt 5.481400 -1.000718
vt 5.481402 -1.000580
vt 5.482999 -1.001526
vt 5.482946 -1.001006
vt 5.482176 -1.000724
vt 5.482973 -1.001266
vt 5.482166 -1.000362
vt 5.481408 -1.000000
vt 5.253911 -1.026877
vt 5.253583 -1.027561
vt 5.251983 -1.028676
vt 5.253255 -1.028245
vt 5.251207 -1.027950
vt 5.251099 -1.028422
vt 5.250000 -1.028355
vt 5.250992 -1.028895
vt 5.252619 -1.028460
vt 5.251758 -1.029563
vt 5.251976 -1.030450
vt 5.252418 -1.030450
vt 5.250879 -1.029452
vt 5.250000 -1.029568
vt 5.481415 -1.029912
vt 5.481414 -1.030015
vt 5.482197 -1.029705
vt 5.482213 -1.029549
vt 5.481412 -1.030118
vt 5.482182 -1.029861
vt 5.482951 -1.029605
vt 5.483010 -1.029186
vt 5.482182 -1.029861
vt 5.481409 -1.030450
vt 5.484295 -1.028771
vt 5.484266 -1.029360
vt 5.485581 -1.029114
vt 5.485580 -1.028355
vt 5.483812 -1.029905
vt 5.483807 -1.030450
vt 0.529870 -5.016322
vt 0.530598 -5.016315
vt 0.531326 -5.016311
vt 0.531326 -5.016311
vt 0.532501 -5.016304
vt 0.533676 -5.016297
vt 0.500000 -5.016297
vt 0.501339 -5.016289
vt 0.502678 -5.016281
vt 0.503508 -5.016273
vt 0.503499 -5.031278
vt 0.504338 -5.016266
vt 0.504350 -5.016788
vt 0.503518 -5.016795
vt 0.502685 -5.016802
vt 0.501653 -5.016500
vt 0.501339 -5.031538
vt 0.500620 -5.016198
vt 0.516196 -5.000620
vt 0.516512 -5.001450
vt 0.516829 -5.002280
vt 0.516834 -5.002985
vt 0.530152 -5.002987
vt 0.516839 -5.003692
vt 0.516837 -5.028949
vt 0.516842 -5.029655
vt 0.516847 -5.030361
vt 0.516847 -5.030361
vt 0.516854 -5.031501
vt 0.516861 -5.032640
vt 0.500000 -5.016818
vt 0.501343 -5.016809
vt 0.502685 -5.016802
vt 0.503518 -5.016794
vt 0.503508 -5.032270
vt 0.504350 -5.016788
vt 0.649591 -5.016375
vt 0.650421 -5.016367
vt 0.651251 -5.016360
vt 0.652590 -5.016352
vt 0.653929 -5.016344
vt 0.500000 -5.016344
vt 0.501175 -5.016336
vt 0.502350 -5.016330
vt 0.503078 -5.016324
vt 0.503807 -5.016320
vt 0.649579 -5.016894
vt 0.650411 -5.016886
vt 0.651244 -5.016879
vt 0.652586 -5.016871
vt 0.653929 -5.016863
vt 0.516815 -5.000000
vt 0.516822 -5.001140
vt 0.516829 -5.002279
vt 5.279537 -1.015229
vt 5.280285 -1.015222
vt 5.281034 -1.015216
vt 5.282242 -1.015207
vt 5.283451 -1.015198
vt 5.250000 -1.015198
vt 5.251284 -1.015189
vt 5.252566 -1.015180
vt 5.252567 -1.015180
vt 5.253362 -1.015172
vt 5.253356 -1.029442
vt 5.254158 -1.015163
vt 5.254190 -1.016665
vt 5.253388 -1.016673
vt 5.252587 -1.016682
vt 5.251590 -1.016395
vt 5.251291 -1.031479
vt 5.250593 -1.016109
vt 5.266109 -1.000592
vt 5.266413 -1.001398
vt 5.280615 -1.001103
vt 5.252212 -1.001693
vt 5.266717 -1.002203
vt 5.266723 -1.002886
vt 5.266729 -1.003569
vt 5.266722 -1.026881
vt 5.266728 -1.027564
vt 5.266734 -1.028247
vt 5.266742 -1.029348
vt 5.266750 -1.030450
vt 5.250000 -1.016701
vt 5.251293 -1.016691
vt 5.252586 -1.016682
vt 5.253388 -1.016673
vt 5.253396 -1.001018
vt 5.253382 -1.032328
vt 5.481423 -1.015287
vt 5.482218 -1.015278
vt 5.483015 -1.015270
vt 5.483014 -1.015270
vt 5.484297 -1.015261
vt 5.485580 -1.015252
vt 5.250000 -1.015252
vt 5.251208 -1.015243
vt 5.252417 -1.015235
vt 5.253165 -1.015228
vt 5.253914 -1.015222
vt 5.481391 -1.016786
vt 5.482193 -1.016777
vt 5.482994 -1.016768
vt 5.484287 -1.016759
vt 5.485580 -1.016750
vt 5.266701 -1.000000
vt 5.266709 -1.001102
vt 5.266718 -1.002203
vt 5.266723 -1.002886
vt 0.576976 -5.000977
vt 0.576973 -5.000790
vt 0.576971 -5.000604
vt 0.576971 -5.000604
vt 0.576967 -5.000302
vt 0.576964 -5.000000
vt 0.576965 -5.000000
vt 0.576968 -5.000311
vt 0.576971 -5.000623
vt 0.576974 -5.000815
vt 0.649589 -5.000859
vt 0.504358 -5.000772
vt 0.576976 -5.001009
vt 0.576953 -5.032672
vt 0.576955 -5.032865
vt 0.576958 -5.033058
vt 0.576958 -5.033058
vt 0.576961 -5.033369
vt 0.576964 -5.033680
vt 0.576964 -5.000001
vt 0.576967 -5.000302
vt 0.576973 -5.000790
vt 0.576953 -5.031663
vt 0.576956 -5.031849
vt 0.576958 -5.032037
vt 0.576958 -5.032037
vt 0.576962 -5.032339
vt 0.576965 -5.032640
vt 0.576961 -5.033369
vt 0.576958 -5.033058
vt 0.576955 -5.032865
vt 0.530598 -5.016316
vt 0.531326 -5.016312
vt 0.531326 -5.016311
vt 0.532501 -5.016304
vt 0.502678 -5.016282
vt 0.652586 -5.016871
vt 0.651244 -5.016879
vt 0.650411 -5.016887
vt 0.651251 -5.016359
vt 0.652590 -5.016351
vt 0.501175 -5.016337
vt 0.502350 -5.016330
vt 0.503079 -5.003412
vt 0.503077 -5.029238
vt 0.576956 -5.031850
vt 0.576958 -5.032037
vt 0.576962 -5.032339
vt 0.576976 -5.001009
vt 5.367798 -1.000600
vt 5.367796 -1.000485
vt 5.367794 -1.000371
vt 5.367794 -1.000371
vt 5.367791 -1.000185
vt 5.367789 -1.000000
vt 5.367792 -1.000000
vt 5.367794 -1.000203
vt 5.367796 -1.000406
vt 5.367796 -1.000406
vt 5.367797 -1.000531
vt 5.367799 -1.000657
vt 5.367783 -1.032793
vt 5.367783 -1.032919
vt 5.367785 -1.033045
vt 5.367785 -1.033045
vt 5.367786 -1.033247
vt 5.367789 -1.033450
vt 5.367794 -1.000371
vt 5.367797 -1.000485
vt 5.367799 -1.000600
vt 5.367783 -1.029850
vt 5.367785 -1.029965
vt 5.367787 -1.030080
vt 5.367789 -1.030265
vt 5.367791 -1.030450
vt 5.367787 -1.033247
vt 5.367783 -1.032919
vt 5.481388 -1.032968
vt 5.367782 -1.032793
vt 5.279537 -1.015229
vt 5.280285 -1.015222
vt 5.281035 -1.015216
vt 5.252567 -1.015180
vt 5.266723 -1.026881
vt 5.266728 -1.027564
vt 5.266735 -1.028247
vt 5.266734 -1.028247
vt 5.482994 -1.016768
vt 5.482995 -1.016768
vt 5.482193 -1.016777
vt 5.482186 -1.032432
vt 5.481423 -1.015287
vt 5.482219 -1.015278
vt 5.483015 -1.015270
vt 5.484297 -1.015261
vt 5.485580 -1.015252
vt 5.250000 -1.015252
vt 5.251208 -1.015243
vt 5.252416 -1.015235
vt 5.253166 -1.015228
vt 5.367783 -1.029850
vt 5.367786 -1.030080
vt 5.367787 -1.030080
vt 5.367792 -1.030450
vt 5.367792 -1.000000
vt 5.367798 -1.000531
vt 5.367800 -1.000657
vt 0.649579 -5.031717
vt 0.576964 -5.016320
vt 0.552752 -5.021417
vt 0.576953 -5.031663
vt 0.504350 -5.000923
vt 0.504338 -5.016266
vt 0.504327 -5.031609
vt 0.529871 -5.003693
vt 0.516839 -5.003692
vt 0.521182 -5.012111
vt 0.529869 -5.016321
vt 0.503808 -5.003691
vt 0.516838 -5.016320
vt 0.529868 -5.028949
vt 0.649567 -5.032726
vt 0.576964 -5.016840
vt 0.552756 -5.022099
vt 0.576953 -5.032672
vt 0.504362 -5.000955
vt 0.504350 -5.016787
vt 0.504338 -5.032618
vt 0.649602 -5.001031
vt 0.576976 -5.000977
vt 0.601177 -5.011224
vt 0.649591 -5.016374
vt 0.512494 -5.020529
vt 0.516837 -5.028948
vt 0.503807 -5.016319
vt 0.503805 -5.028947
vt 0.649591 -5.001061
vt 0.576976 -5.001008
vt 0.601173 -5.011580
vt 0.649579 -5.016893
vt 0.576976 -5.001008
vt 0.504362 -5.000955
vt 0.504350 -5.016787
vt 5.481415 -1.029912
vt 5.367790 -1.015225
vt 5.329910 -1.020079
vt 5.367782 -1.029850
vt 5.254165 -1.000538
vt 5.254157 -1.015163
vt 5.254149 -1.029788
vt 5.279540 -1.003573
vt 5.266728 -1.003569
vt 5.270997 -1.011341
vt 5.279537 -1.015229
vt 5.253917 -1.003566
vt 5.266726 -1.015225
vt 5.279533 -1.026884
vt 5.481382 -1.032854
vt 5.367790 -1.016725
vt 5.329921 -1.022061
vt 5.367782 -1.032793
vt 5.254198 -1.000596
vt 5.254189 -1.016664
vt 5.254181 -1.032733
vt 5.481431 -1.000662
vt 5.367798 -1.000600
vt 5.405671 -1.010371
vt 5.481423 -1.015287
vt 5.262454 -1.019109
vt 5.266722 -1.026881
vt 5.253914 -1.015221
vt 5.253910 -1.026877
vt 5.481431 -1.000662
vt 5.367798 -1.000600
vt 5.405671 -1.010371
vt 5.481422 -1.015287
vt 5.254166 -1.000538
vt 5.481415 -1.029912
vt 5.481399 -1.000717
vt 5.367798 -1.000657
vt 5.405660 -1.011389
vt 5.481390 -1.016786
vt 5.481382 -1.032854
vt 5.329920 -1.022061
vt 5.329910 -1.020079
vt 5.367782 -1.029850
vt 5.254158 -1.015163
vt 5.279540 -1.003573
vt 5.279536 -1.015229
vt 5.266726 -1.015225
vt 5.279533 -1.026884
vt 5.266722 -1.026881
vt 5.253911 -1.026877
s 1
usemtl Meshpart1Mtl
f 1/1/1 306/2/306 917/3/915 305/4/305
f 306/2/306 4/5/4 307/6/307 917/3/915
f 917/3/915 307/6/307 7/7/7 308/8/308
f 305/4/305 917/3/915 308/8/308 6/9/6
f 4/5/4 309/10/309 918/11/916 307/12/307
f 309/10/309 5/13/5 310/14/310 918/11/916
f 918/11/916 310/14/310 8/15/8 311/16/311
f 307/12/307 918/11/916 311/16/311 7/7/7
f 6/9/6 308/17/308 919/18/917 312/19/312
f 308/17/308 7/7/7 313/20/313 919/18/917
f 919/18/917 313/20/313 19/21/19 314/22/314
f 312/19/312 919/18/917 314/22/314 16/23/16
f 7/7/7 311/16/311 920/24/918 313/20/313
f 311/16/311 8/15/8 315/25/315 920/24/918
f 920/24/918 315/25/315 9/26/9 316/27/316
f 313/20/313 920/24/918 316/27/316 19/21/19
f 2/28/2 318/29/318 921/30/919 317/31/317
f 318/29/318 10/32/10 319/33/319 921/30/919
f 921/30/919 319/33/319 13/34/13 320/35/320
f 317/31/317 921/30/919 320/35/320 12/36/12
f 10/32/10 321/37/321 922/38/920 319/39/319
f 321/37/321 11/40/11 322/41/322 922/38/920
f 922/38/920 322/41/322 14/42/14 323/43/323
f 319/39/319 922/38/920 323/43/323 13/34/13
f 12/36/12 320/44/320 923/45/921 324/46/324
f 320/44/320 13/34/13 325/47/325 923/45/921
f 923/45/921 325/47/325 8/48/8 310/49/310
f 324/46/324 923/45/921 310/49/310 5/50/5
f 13/34/13 323/43/323 924/51/922 325/47/325
f 323/43/323 14/42/14 326/52/326 924/51/922
f 924/51/922 326/52/326 9/53/9 315/54/315
f 325/47/325 924/51/922 315/54/315 8/48/8
f 3/55/3 328/56/328 925/57/923 327/58/327
f 328/56/328 15/59/15 329/60/329 925/57/923
f 925/57/923 329/60/329 18/61/18 330/62/330
f 327/58/327 925/57/923 330/62/330 17/63/17
f 15/59/15 331/64/331 926/65/924 329/66/329
f 331/64/331 16/67/16 314/68/314 926/65/924
f 926/65/924 314/68/314 19/69/19 332/70/332
f 329/66/329 926/65/924 332/70/332 18/61/18
f 17/63/17 330/71/330 927/72/925 333/73/333
f 330/71/330 18/61/18 334/74/334 927/72/925
f 927/72/925 334/74/334 14/75/14 322/76/322
f 333/73/333 927/72/925 322/76/322 11/77/11
f 18/61/18 332/70/332 928/78/926 334/74/334
f 332/70/332 19/69/19 316/79/316 928/78/926
f 928/78/926 316/79/316 9/80/9 326/81/326
f 334/74/334 928/78/926 326/81/326 14/75/14
f 20/82/20 336/83/336 929/84/927 335/85/335
f 336/83/336 23/86/23 337/87/337 929/84/927
f 929/84/927 337/87/337 26/88/26 338/89/338
f 335/85/335 929/84/927 338/89/338 25/90/25
f 23/86/23 339/91/339 930/92/928 337/93/337
f 339/91/339 24/94/24 340/95/340 930/92/928
f 930/92/928 340/95/340 27/96/27 341/97/341
f 337/93/337 930/92/928 341/97/341 26/88/26
f 25/90/25 338/89/338 931/98/929 342/99/342
f 338/89/338 26/88/26 343/100/343 931/98/929
f 931/98/929 343/100/343 38/101/38 344/102/344
f 342/99/342 931/98/929 344/102/344 35/103/35
f 26/88/26 341/97/341 932/104/930 343/100/343
f 341/97/341 27/96/27 345/105/345 932/104/930
f 932/104/930 345/105/345 28/106/28 346/107/346
f 343/100/343 932/104/930 346/107/346 38/101/38
f 21/108/21 348/109/348 933/110/931 347/111/347
f 348/109/348 29/112/29 349/113/349 933/110/931
f 933/110/931 349/113/349 32/114/32 350/115/350
f 347/111/347 933/110/931 350/115/350 31/116/31
f 29/112/29 351/117/351 934/118/932 349/119/349
f 351/117/351 30/120/30 352/121/352 934/118/932
f 934/118/932 352/121/352 33/122/33 353/123/353
f 349/119/349 934/118/932 353/123/353 32/114/32
f 31/116/31 350/124/350 935/125/933 354/126/354
f 350/124/350 32/114/32 355/127/355 935/125/933
f 935/125/933 355/127/355 27/128/27 340/129/340
f 354/126/354 935/125/933 340/129/340 24/130/24
f 32/114/32 353/123/353 936/131/934 355/127/355
f 353/123/353 33/122/33 356/132/356 936/131/934
f 936/131/934 356/132/356 28/133/28 345/134/345
f 355/127/355 936/131/934 345/134/345 27/128/27
f 22/135/22 358/136/358 937/137/935 357/138/357
f 358/136/358 34/139/34 359/140/359 937/137/935
f 937/137/935 359/140/359 37/141/37 360/142/360
f 357/138/357 937/137/935 360/142/360 36/143/36
f 34/139/34 361/144/361 938/145/936 359/140/359
f 361/144/361 35/103/35 344/102/344 938/145/936
f 938/145/936 344/102/344 38/101/38 362/146/362
f 359/140/359 938/145/936 362/146/362 37/141/37
f 36/143/36 360/147/360 939/148/937 363/149/363
f 360/147/360 37/141/37 364/150/364 939/148/937
f 939/148/937 364/150/364 33/151/33 352/152/352
f 363/149/363 939/148/937 352/152/352 30/153/30
f 37/141/37 362/154/362 940/155/938 364/150/364
f 362/154/362 38/101/38 346/107/346 940/155/938
f 940/155/938 346/107/346 28/106/28 356/156/356
f 364/150/364 940/155/938 356/156/356 33/151/33
f 39/157/39 366/158/366 941/159/939 365/160/365
f 366/158/366 42/161/42 367/162/367 941/159/939
f 941/159/939 367/162/367 45/163/45 368/164/368
f 365/160/365 941/159/939 368/164/368 44/165/44
f 42/161/42 369/166/369 942/167/940 367/162/367
f 369/166/369 43/168/43 370/169/370 942/167/940
f 942/167/940 370/169/370 46/170/46 371/171/371
f 367/162/367 942/167/940 371/171/371 45/163/45
f 44/165/44 368/172/368 943/173/941 372/174/372
f 368/172/368 45/163/45 373/175/373 943/173/941
f 943/173/941 373/175/373 57/176/57 374/177/374
f 372/174/372 943/173/941 374/177/374 54/178/54
f 45/163/45 371/171/371 944/179/942 373/175/373
f 371/171/371 46/170/46 375/180/375 944/179/942
f 944/179/942 375/180/375 47/181/47 376/182/376
f 373/175/373 944/179/942 376/182/376 57/176/57
f 40/183/40 378/184/378 945/185/943 377/186/377
f 378/184/378 48/187/48 379/188/379 945/185/943
f 945/185/943 379/188/379 51/189/51 380/190/380
f 377/186/377 945/185/943 380/190/380 50/191/50
f 48/187/48 381/192/381 946/193/944 379/194/379
f 381/192/381 49/195/49 382/196/382 946/193/944
f 946/193/944 382/196/382 52/197/52 383/198/383
f 379/194/379 946/193/944 383/198/383 51/189/51
f 50/191/50 380/199/380 947/200/945 384/201/384
f 380/199/380 51/189/51 385/202/385 947/200/945
f 947/200/945 385/202/385 46/203/46 370/204/370
f 384/201/384 947/200/945 370/204/370 43/205/43
f 51/189/51 383/198/383 948/206/946 385/202/385
f 383/198/383 52/197/52 386/207/386 948/206/946
f 948/206/946 386/207/386 47/208/47 375/209/375
f 385/202/385 948/206/946 375/209/375 46/203/46
f 41/210/41 388/83/388 949/84/947 387/85/387
f 388/83/388 53/86/53 389/87/389 949/84/947
f 949/84/947 389/87/389 56/88/56 390/89/390
f 387/85/387 949/84/947 390/89/390 55/90/55
f 53/86/53 391/91/391 950/92/948 389/93/389
f 391/91/391 54/94/54 374/95/374 950/92/948
f 950/92/948 374/95/374 57/96/57 392/97/392
f 389/93/389 950/92/948 392/97/392 56/88/56
f 55/90/55 390/211/390 951/212/949 393/213/393
f 390/211/390 56/88/56 394/214/394 951/212/949
f 951/212/949 394/214/394 52/215/52 382/216/382
f 393/213/393 951/212/949 382/216/382 49/217/49
f 56/88/56 392/97/392 952/218/950 394/214/394
f 392/97/392 57/96/57 376/219/376 952/218/950
f 952/218/950 376/219/376 47/220/47 386/221/386
f 394/214/394 952/218/950 386/221/386 52/215/52
f 58/28/58 396/29/396 953/222/951 395/223/395
f 396/29/396 61/32/61 397/33/397 953/222/951
f 953/222/951 397/33/397 64/34/64 398/224/398
f 395/223/395 953/222/951 398/224/398 63/225/63
f 61/32/61 399/37/399 954/38/952 397/39/397
f 399/37/399 62/40/62 400/41/400 954/38/952
f 954/38/952 400/41/400 65/42/65 401/43/401
f 397/39/397 954/38/952 401/43/401 64/34/64
f 63/225/63 398/44/398 955/45/953 402/226/402
f 398/44/398 64/34/64 403/47/403 955/45/953
f 955/45/953 403/47/403 76/48/76 404/49/404
f 402/226/402 955/45/953 404/49/404 73/50/73
f 64/34/64 401/43/401 956/51/954 403/47/403
f 401/43/401 65/42/65 405/52/405 956/51/954
f 956/51/954 405/52/405 66/53/66 406/54/406
f 403/47/403 956/51/954 406/54/406 76/48/76
f 59/227/59 408/228/408 957/229/955 407/230/407
f 408/228/408 67/231/67 409/232/409 957/229/955
f 957/229/955 409/232/409 70/233/70 410/234/410
f 407/230/407 957/229/955 410/234/410 69/235/69
f 67/231/67 411/236/411 958/237/956 409/238/409
f 411/236/411 68/239/68 412/240/412 958/237/956
f 958/237/956 412/240/412 71/241/71 413/242/413
f 409/238/409 958/237/956 413/242/413 70/233/70
f 69/235/69 410/234/410 959/243/957 414/244/414
f 410/234/410 70/233/70 415/245/415 959/243/957
f 959/243/957 415/245/415 65/246/65 400/247/400
f 414/244/414 959/243/957 400/247/400 62/248/62
f 70/233/70 413/242/413 960/249/958 415/245/415
f 413/242/413 71/241/71 416/250/416 960/249/958
f 960/249/958 416/250/416 66/251/66 405/252/405
f 415/245/415 960/249/958 405/252/405 65/246/65
f 60/253/60 418/254/418 961/255/959 417/256/417
f 418/254/418 72/257/72 419/258/419 961/255/959
f 961/255/959 419/258/419 75/259/75 420/260/420
f 417/256/417 961/255/959 420/260/420 74/261/74
f 72/257/72 421/262/421 962/263/960 419/264/419
f 421/262/421 73/265/73 404/266/404 962/263/960
f 962/263/960 404/266/404 76/267/76 422/268/422
f 419/264/419 962/263/960 422/268/422 75/259/75
f 74/261/74 420/269/420 963/270/961 423/271/423
f 420/269/420 75/259/75 424/272/424 963/270/961
f 963/270/961 424/272/424 71/273/71 412/274/412
f 423/271/423 963/270/961 412/274/412 68/275/68
f 75/259/75 422/268/422 964/276/962 424/272/424
f 422/268/422 76/267/76 406/277/406 964/276/962
f 964/276/962 406/277/406 66/278/66 416/279/416
f 424/272/424 964/276/962 416/279/416 71/273/71
f 77/55/77 426/280/426 965/57/963 425/58/425
f 426/280/426 80/281/80 427/282/427 965/57/963
f 965/57/963 427/282/427 83/283/83 428/62/428
f 425/58/425 965/57/963 428/62/428 82/63/82
f 80/281/80 429/284/429 966/285/964 427/282/427
f 429/284/429 81/67/81 430/68/430 966/285/964
f 966/285/964 430/68/430 84/69/84 431/286/431
f 427/282/427 966/285/964 431/286/431 83/283/83
f 82/63/82 428/287/428 967/288/965 432/73/432
f 428/287/428 83/283/83 433/74/433 967/288/965
f 967/288/965 433/74/433 95/289/95 434/290/434
f 432/73/432 967/288/965 434/290/434 92/291/92
f 83/283/83 431/286/431 968/78/966 433/74/433
f 431/286/431 84/69/84 435/79/435 968/78/966
f 968/78/966 435/79/435 85/80/85 436/81/436
f 433/74/433 968/78/966 436/81/436 95/289/95
f 78/1/78 438/2/438 969/3/967 437/4/437
f 438/2/438 86/292/86 439/12/439 969/3/967
f 969/3/967 439/12/439 89/7/89 440/8/440
f 437/4/437 969/3/967 440/8/440 88/9/88
f 86/292/86 441/10/441 970/11/968 439/12/439
f 441/10/441 87/13/87 442/14/442 970/11/968
f 970/11/968 442/14/442 90/15/90 443/16/443
f 439/12/439 970/11/968 443/16/443 89/7/89
f 88/9/88 440/17/440 971/18/969 444/19/444
f 440/17/440 89/7/89 445/20/445 971/18/969
f 971/18/969 445/20/445 84/21/84 430/22/430
f 444/19/444 971/18/969 430/22/430 81/23/81
f 89/7/89 443/16/443 972/24/970 445/20/445
f 443/16/443 90/15/90 446/25/446 972/24/970
f 972/24/970 446/25/446 85/26/85 435/27/435
f 445/20/445 972/24/970 435/27/435 84/21/84
f 79/293/79 448/294/448 973/295/971 447/296/447
f 448/294/448 91/297/91 449/298/449 973/295/971
f 973/295/971 449/298/449 94/299/94 450/300/450
f 447/296/447 973/295/971 450/300/450 93/301/93
f 91/297/91 451/302/451 974/303/972 449/304/449
f 451/302/451 92/305/92 434/306/434 974/303/972
f 974/303/972 434/306/434 95/307/95 452/308/452
f 449/304/449 974/303/972 452/308/452 94/299/94
f 93/301/93 450/309/450 975/310/973 453/311/453
f 450/309/450 94/299/94 454/312/454 975/310/973
f 975/310/973 454/312/454 90/313/90 442/314/442
f 453/311/453 975/310/973 442/314/442 87/315/87
f 94/299/94 452/308/452 976/316/974 454/312/454
f 452/308/452 95/307/95 436/317/436 976/316/974
f 976/316/974 436/317/436 85/318/85 446/319/446
f 454/312/454 976/316/974 446/319/446 90/313/90
f 96/320/96 456/321/456 977/322/975 455/323/455
f 456/321/456 99/324/99 457/325/457 977/322/975
f 977/322/975 457/325/457 102/326/102 458/327/458
f 455/323/455 977/322/975 458/327/458 101/328/101
f 99/324/99 459/329/459 978/330/976 457/331/457
f 459/329/459 100/332/100 460/333/460 978/330/976
f 978/330/976 460/333/460 103/334/103 461/335/461
f 457/331/457 978/330/976 461/335/461 102/326/102
f 101/328/101 458/336/458 979/337/977 462/338/462
f 458/336/458 102/326/102 463/339/463 979/337/977
f 979/337/977 463/339/463 114/340/114 464/341/464
f 462/338/462 979/337/977 464/341/464 111/342/111
f 102/326/102 461/335/461 980/343/978 463/339/463
f 461/335/461 103/334/103 465/344/465 980/343/978
f 980/343/978 465/344/465 104/345/104 466/346/466
f 463/339/463 980/343/978 466/346/466 114/340/114
f 97/108/97 468/347/468 981/110/979 467/111/467
f 468/347/468 105/348/105 469/349/469 981/110/979
f 981/110/979 469/349/469 108/350/108 470/351/470
f 467/111/467 981/110/979 470/351/470 107/116/107
f 105/348/105 471/117/471 982/352/980 469/353/469
f 471/117/471 106/120/106 472/121/472 982/352/980
f 982/352/980 472/121/472 109/122/109 473/354/473
f 469/353/469 982/352/980 473/354/473 108/350/108
f 107/116/107 470/124/470 983/125/981 474/355/474
f 470/124/470 108/350/108 475/356/475 983/125/981
f 983/125/981 475/356/475 103/357/103 460/358/460
f 474/355/474 983/125/981 460/358/460 100/359/100
f 108/350/108 473/354/473 984/131/982 475/356/475
f 473/354/473 109/122/109 476/132/476 984/131/982
f 984/131/982 476/132/476 104/133/104 465/360/465
f 475/356/475 984/131/982 465/360/465 103/357/103
f 98/135/98 478/136/478 985/137/983 477/361/477
f 478/136/478 110/139/110 479/362/479 985/137/983
f 985/137/983 479/362/479 113/363/113 480/147/480
f 477/361/477 985/137/983 480/147/480 112/364/112
f 110/139/110 481/365/481 986/366/984 479/362/479
f 481/365/481 111/367/111 464/368/464 986/366/984
f 986/366/984 464/368/464 114/369/114 482/370/482
f 479/362/479 986/366/984 482/370/482 113/363/113
f 112/364/112 480/371/480 987/372/985 483/373/483
f 480/371/480 113/363/113 484/374/484 987/372/985
f 987/372/985 484/374/484 109/151/109 472/152/472
f 483/373/483 987/372/985 472/152/472 106/153/106
f 113/363/113 482/370/482 988/375/986 484/374/484
f 482/370/482 114/369/114 466/376/466 988/375/986
f 988/375/986 466/376/466 104/377/104 476/378/476
f 484/374/484 988/375/986 476/378/476 109/151/109
f 115/157/115 486/158/486 989/159/987 485/160/485
f 486/158/486 118/379/118 487/380/487 989/159/987
f 989/159/987 487/380/487 121/381/121 488/164/488
f 485/160/485 989/159/987 488/164/488 120/165/120
f 118/379/118 489/166/489 990/167/988 487/162/487
f 489/166/489 119/168/119 490/169/490 990/167/988
f 990/167/988 490/169/490 122/170/122 491/171/491
f 487/162/487 990/167/988 491/171/491 121/381/121
f 120/165/120 488/172/488 991/173/989 492/174/492
f 488/172/488 121/381/121 493/175/493 991/173/989
f 991/173/989 493/175/493 133/176/133 494/177/494
f 492/174/492 991/173/989 494/177/494 130/178/130
f 121/381/121 491/171/491 992/179/990 493/175/493
f 491/171/491 122/170/122 495/180/495 992/179/990
f 992/179/990 495/180/495 123/181/123 496/182/496
f 493/175/493 992/179/990 496/182/496 133/176/133
f 116/183/116 498/184/498 993/185/991 497/186/497
f 498/184/498 124/382/124 499/194/499 993/185/991
f 993/185/991 499/194/499 127/189/127 500/190/500
f 497/186/497 993/185/991 500/190/500 126/191/126
f 124/382/124 501/192/501 994/193/992 499/194/499
f 501/192/501 125/195/125 502/196/502 994/193/992
f 994/193/992 502/196/502 128/197/128 503/198/503
f 499/194/499 994/193/992 503/198/503 127/189/127
f 126/191/126 500/199/500 995/200/993 504/201/504
f 500/199/500 127/189/127 505/202/505 995/200/993
f 995/200/993 505/202/505 122/203/122 490/204/490
f 504/201/504 995/200/993 490/204/490 119/205/119
f 127/189/127 503/198/503 996/206/994 505/202/505
f 503/198/503 128/197/128 506/207/506 996/206/994
f 996/206/994 506/207/506 123/208/123 495/209/495
f 505/202/505 996/206/994 495/209/495 122/203/122
f 117/320/117 508/321/508 997/322/995 507/323/507
f 508/321/508 129/324/129 509/325/509 997/322/995
f 997/322/995 509/325/509 132/326/132 510/383/510
f 507/323/507 997/322/995 510/383/510 131/384/131
f 129/324/129 511/329/511 998/330/996 509/331/509
f 511/329/511 130/332/130 494/385/494 998/330/996
f 998/330/996 494/385/494 133/386/133 512/387/512
f 509/331/509 998/330/996 512/387/512 132/326/132
f 131/384/131 510/336/510 999/337/997 513/338/513
f 510/336/510 132/326/132 514/339/514 999/337/997
f 999/337/997 514/339/514 128/388/128 502/389/502
f 513/338/513 999/337/997 502/389/502 125/342/125
f 132/326/132 512/387/512 1000/390/998 514/339/514
f 512/387/512 133/386/133 496/344/496 1000/390/998
f 1000/390/998 496/344/496 123/345/123 506/391/506
f 514/339/514 1000/390/998 506/391/506 128/388/128
f 134/293/134 516/294/516 1001/392/999 515/296/515
f 516/294/516 137/393/137 517/298/517 1001/392/999
f 1001/392/999 517/298/517 140/299/140 518/300/518
f 515/296/515 1001/392/999 518/300/518 139/301/139
f 137/393/137 519/302/519 1002/303/1000 517/394/517
f 519/302/519 138/305/138 520/306/520 1002/303/1000
f 1002/303/1000 520/306/520 141/307/141 521/308/521
f 517/394/517 1002/303/1000 521/308/521 140/299/140
f 139/301/139 518/309/518 1003/310/1001 522/311/522
f 518/309/518 140/299/140 523/312/523 1003/310/1001
f 1003/310/1001 523/312/523 152/313/152 524/314/524
f 522/311/522 1003/310/1001 524/314/524 149/315/149
f 140/299/140 521/308/521 1004/316/1002 523/312/523
f 521/308/521 141/307/141 525/317/525 1004/316/1002
f 1004/316/1002 525/317/525 142/318/142 526/319/526
f 523/312/523 1004/316/1002 526/319/526 152/313/152
f 135/227/135 528/395/528 1005/396/1003 527/230/527
f 528/395/528 143/397/143 529/232/529 1005/396/1003
f 1005/396/1003 529/232/529 146/233/146 530/234/530
f 527/230/527 1005/396/1003 530/234/530 145/235/145
f 143/397/143 531/398/531 1006/399/1004 529/232/529
f 531/398/531 144/239/144 532/240/532 1006/399/1004
f 1006/399/1004 532/240/532 147/241/147 533/242/533
f 529/232/529 1006/399/1004 533/242/533 146/233/146
f 145/235/145 530/234/530 1007/243/1005 534/244/534
f 530/234/530 146/233/146 535/245/535 1007/243/1005
f 1007/243/1005 535/245/535 141/246/141 520/247/520
f 534/244/534 1007/243/1005 520/247/520 138/400/138
f 146/233/146 533/242/533 1008/249/1006 535/245/535
f 533/242/533 147/241/147 536/250/536 1008/249/1006
f 1008/249/1006 536/250/536 142/251/142 525/252/525
f 535/245/535 1008/249/1006 525/252/525 141/246/141
f 136/253/136 538/254/538 1009/255/1007 537/256/537
f 538/254/538 148/401/148 539/402/539 1009/255/1007
f 1009/255/1007 539/402/539 151/403/151 540/260/540
f 537/256/537 1009/255/1007 540/260/540 150/261/150
f 148/401/148 541/404/541 1010/405/1008 539/402/539
f 541/404/541 149/265/149 524/266/524 1010/405/1008
f 1010/405/1008 524/266/524 152/267/152 542/406/542
f 539/402/539 1010/405/1008 542/406/542 151/403/151
f 150/261/150 540/407/540 1011/408/1009 543/271/543
f 540/407/540 151/403/151 544/409/544 1011/408/1009
f 1011/408/1009 544/409/544 147/273/147 532/274/532
f 543/271/543 1011/408/1009 532/274/532 144/275/144
f 151/403/151 542/406/542 1012/276/1010 544/409/544
f 542/406/542 152/267/152 526/277/526 1012/276/1010
f 1012/276/1010 526/277/526 142/278/142 536/279/536
f 544/409/544 1012/276/1010 536/279/536 147/273/147
f 153/410/153 546/411/546 1013/412/1011 545/413/545
f 546/411/546 156/414/156 547/415/547 1013/412/1011
f 1013/412/1011 547/415/547 159/416/159 548/417/548
f 545/413/545 1013/412/1011 548/417/548 158/418/158
f 156/414/156 549/419/549 1014/420/1012 547/415/547
f 549/419/549 157/421/157 550/422/550 1014/420/1012
f 1014/420/1012 550/422/550 160/423/160 551/424/551
f 547/415/547 1014/420/1012 551/424/551 159/416/159
f 158/418/158 548/425/548 1015/426/1013 552/427/552
f 548/425/548 159/416/159 553/428/553 1015/426/1013
f 1015/426/1013 553/428/553 171/429/171 554/430/554
f 552/427/552 1015/426/1013 554/430/554 168/431/168
f 159/416/159 551/424/551 1016/432/1014 553/428/553
f 551/424/551 160/423/160 555/433/555 1016/432/1014
f 1016/432/1014 555/433/555 161/434/161 556/435/556
f 553/428/553 1016/432/1014 556/435/556 171/429/171
f 154/436/154 558/437/558 1017/438/1015 557/439/557
f 558/437/558 162/440/162 559/441/559 1017/438/1015
f 1017/438/1015 559/441/559 165/442/165 560/443/560
f 557/439/557 1017/438/1015 560/443/560 164/444/164
f 162/440/162 561/445/561 1018/446/1016 559/447/559
f 561/445/561 163/448/163 562/449/562 1018/446/1016
f 1018/446/1016 562/449/562 166/450/166 563/451/563
f 559/447/559 1018/446/1016 563/451/563 165/442/165
f 164/444/164 560/452/560 1019/453/1017 564/454/564
f 560/452/560 165/442/165 565/455/565 1019/453/1017
f 1019/453/1017 565/455/565 160/456/160 550/457/550
f 564/454/564 1019/453/1017 550/457/550 157/458/157
f 165/442/165 563/451/563 1020/459/1018 565/455/565
f 563/451/563 166/450/166 566/460/566 1020/459/1018
f 1020/459/1018 566/460/566 161/461/161 555/462/555
f 565/455/565 1020/459/1018 555/462/555 160/456/160
f 155/463/155 568/464/568 1021/465/1019 567/466/567
f 568/464/568 167/467/167 569/468/569 1021/465/1019
f 1021/465/1019 569/468/569 170/469/170 570/470/570
f 567/466/567 1021/465/1019 570/470/570 169/471/169
f 167/467/167 571/472/571 1022/473/1020 569/474/569
f 571/472/571 168/475/168 554/476/554 1022/473/1020
f 1022/473/1020 554/476/554 171/477/171 572/478/572
f 569/474/569 1022/473/1020 572/478/572 170/469/170
f 169/471/169 570/470/570 1023/479/1021 573/480/573
f 570/470/570 170/469/170 574/481/574 1023/479/1021
f 1023/479/1021 574/481/574 166/482/166 562/483/562
f 573/480/573 1023/479/1021 562/483/562 163/484/163
f 170/469/170 572/478/572 1024/485/1022 574/481/574
f 572/478/572 171/477/171 556/486/556 1024/485/1022
f 1024/485/1022 556/486/556 161/487/161 566/488/566
f 574/481/574 1024/485/1022 566/488/566 166/482/166
f 172/489/172 576/490/576 1025/491/1023 575/492/575
f 576/490/576 175/493/175 577/494/577 1025/491/1023
f 1025/491/1023 577/494/577 178/495/178 578/496/578
f 575/492/575 1025/491/1023 578/496/578 177/497/177
f 175/493/175 579/498/579 1026/499/1024 577/500/577
f 579/498/579 176/501/176 580/502/580 1026/499/1024
f 1026/499/1024 580/502/580 179/503/179 581/504/581
f 577/500/577 1026/499/1024 581/504/581 178/495/178
f 177/497/177 578/496/578 1027/505/1025 582/506/582
f 578/496/578 178/495/178 583/507/583 1027/505/1025
f 1027/505/1025 583/507/583 190/508/190 584/509/584
f 582/506/582 1027/505/1025 584/509/584 187/510/187
f 178/495/178 581/504/581 1028/511/1026 583/512/583
f 581/504/581 179/503/179 585/513/585 1028/511/1026
f 1028/511/1026 585/513/585 180/514/180 586/515/586
f 583/512/583 1028/511/1026 586/515/586 190/508/190
f 173/516/173 588/517/588 1029/518/1027 587/519/587
f 588/517/588 181/520/181 589/521/589 1029/518/1027
f 1029/518/1027 589/521/589 184/522/184 590/523/590
f 587/519/587 1029/518/1027 590/523/590 183/524/183
f 181/520/181 591/525/591 1030/526/1028 589/527/589
f 591/525/591 182/528/182 592/529/592 1030/526/1028
f 1030/526/1028 592/529/592 185/530/185 593/531/593
f 589/527/589 1030/526/1028 593/531/593 184/522/184
f 183/524/183 590/523/590 1031/532/1029 594/533/594
f 590/523/590 184/522/184 595/534/595 1031/532/1029
f 1031/532/1029 595/534/595 179/535/179 580/536/580
f 594/533/594 1031/532/1029 580/536/580 176/537/176
f 184/522/184 593/531/593 1032/538/1030 595/534/595
f 593/531/593 185/530/185 596/539/596 1032/538/1030
f 1032/538/1030 596/539/596 180/540/180 585/541/585
f 595/534/595 1032/538/1030 585/541/585 179/535/179
f 174/542/174 598/543/598 1033/544/1031 597/545/597
f 598/543/598 186/546/186 599/547/599 1033/544/1031
f 1033/544/1031 599/547/599 189/548/189 600/549/600
f 597/545/597 1033/544/1031 600/549/600 188/550/188
f 186/546/186 601/551/601 1034/552/1032 599/547/599
f 601/551/601 187/510/187 584/509/584 1034/552/1032
f 1034/552/1032 584/509/584 190/508/190 602/553/602
f 599/547/599 1034/552/1032 602/553/602 189/548/189
f 188/550/188 600/554/600 1035/555/1033 603/556/603
f 600/554/600 189/548/189 604/557/604 1035/555/1033
f 1035/555/1033 604/557/604 185/558/185 592/559/592
f 603/556/603 1035/555/1033 592/559/592 182/560/182
f 189/548/189 602/561/602 1036/562/1034 604/557/604
f 602/561/602 190/508/190 586/515/586 1036/562/1034
f 1036/562/1034 586/515/586 180/514/180 596/563/596
f 604/557/604 1036/562/1034 596/563/596 185/558/185
f 191/564/191 606/565/606 1037/566/1035 605/567/605
f 606/565/606 194/568/194 607/569/607 1037/566/1035
f 1037/566/1035 607/569/607 197/570/197 608/571/608
f 605/567/605 1037/566/1035 608/571/608 196/572/196
f 194/568/194 609/573/609 1038/574/1036 607/575/607
f 609/573/609 195/576/195 610/577/610 1038/574/1036
f 1038/574/1036 610/577/610 198/578/198 611/579/611
f 607/575/607 1038/574/1036 611/579/611 197/570/197
f 196/572/196 608/580/608 1039/581/1037 612/582/612
f 608/580/608 197/570/197 613/583/613 1039/581/1037
f 1039/581/1037 613/583/613 209/584/209 614/585/614
f 612/582/612 1039/581/1037 614/585/614 206/586/206
f 197/570/197 611/579/611 1040/587/1038 613/583/613
f 611/579/611 198/578/198 615/588/615 1040/587/1038
f 1040/587/1038 615/588/615 199/589/199 616/590/616
f 613/583/613 1040/587/1038 616/590/616 209/584/209
f 192/591/192 618/592/618 1041/593/1039 617/594/617
f 618/592/618 200/595/200 619/596/619 1041/593/1039
f 1041/593/1039 619/596/619 203/597/203 620/598/620
f 617/594/617 1041/593/1039 620/598/620 202/599/202
f 200/595/200 621/600/621 1042/601/1040 619/596/619
f 621/600/621 201/602/201 622/603/622 1042/601/1040
f 1042/601/1040 622/603/622 204/604/204 623/605/623
f 619/596/619 1042/601/1040 623/605/623 203/597/203
f 202/599/202 620/598/620 1043/606/1041 624/607/624
f 620/598/620 203/597/203 625/608/625 1043/606/1041
f 1043/606/1041 625/608/625 198/609/198 610/610/610
f 624/607/624 1043/606/1041 610/610/610 195/611/195
f 203/597/203 623/605/623 1044/612/1042 625/608/625
f 623/605/623 204/604/204 626/613/626 1044/612/1042
f 1044/612/1042 626/613/626 199/614/199 615/615/615
f 625/608/625 1044/612/1042 615/615/615 198/609/198
f 193/489/193 628/490/628 1045/491/1043 627/492/627
f 628/490/628 205/493/205 629/494/629 1045/491/1043
f 1045/491/1043 629/494/629 208/495/208 630/496/630
f 627/492/627 1045/491/1043 630/496/630 207/497/207
f 205/493/205 631/498/631 1046/499/1044 629/500/629
f 631/498/631 206/501/206 614/502/614 1046/499/1044
f 1046/499/1044 614/502/614 209/503/209 632/504/632
f 629/500/629 1046/499/1044 632/504/632 208/495/208
f 207/497/207 630/616/630 1047/617/1045 633/618/633
f 630/616/630 208/495/208 634/619/634 1047/617/1045
f 1047/617/1045 634/619/634 204/620/204 622/621/622
f 633/618/633 1047/617/1045 622/621/622 201/622/201
f 208/495/208 632/504/632 1048/623/1046 634/619/634
f 632/504/632 209/503/209 616/624/616 1048/623/1046
f 1048/623/1046 616/624/616 199/625/199 626/626/626
f 634/619/634 1048/623/1046 626/626/626 204/620/204
f 210/436/210 636/437/636 1049/438/1047 635/439/635
f 636/437/636 213/627/213 637/441/637 1049/438/1047
f 1049/438/1047 637/441/637 216/628/216 638/629/638
f 635/439/635 1049/438/1047 638/629/638 215/444/215
f 213/627/213 639/630/639 1050/446/1048 637/447/637
f 639/630/639 214/448/214 640/449/640 1050/446/1048
f 1050/446/1048 640/449/640 217/450/217 641/631/641
f 637/447/637 1050/446/1048 641/631/641 216/628/216
f 215/444/215 638/452/638 1051/453/1049 642/454/642
f 638/452/638 216/628/216 643/455/643 1051/453/1049
f 1051/453/1049 643/455/643 228/456/228 644/457/644
f 642/454/642 1051/453/1049 644/457/644 225/458/225
f 216/628/216 641/631/641 1052/632/1050 643/455/643
f 641/631/641 217/450/217 645/460/645 1052/632/1050
f 1052/632/1050 645/460/645 218/461/218 646/462/646
f 643/455/643 1052/632/1050 646/462/646 228/456/228
f 211/633/211 648/634/648 1053/635/1051 647/636/647
f 648/634/648 219/637/219 649/638/649 1053/635/1051
f 1053/635/1051 649/638/649 222/639/222 650/640/650
f 647/636/647 1053/635/1051 650/640/650 221/641/221
f 219/637/219 651/642/651 1054/643/1052 649/644/649
f 651/642/651 220/645/220 652/646/652 1054/643/1052
f 1054/643/1052 652/646/652 223/647/223 653/648/653
f 649/644/649 1054/643/1052 653/648/653 222/639/222
f 221/641/221 650/649/650 1055/650/1053 654/651/654
f 650/649/650 222/639/222 655/652/655 1055/650/1053
f 1055/650/1053 655/652/655 217/653/217 640/654/640
f 654/651/654 1055/650/1053 640/654/640 214/655/214
f 222/639/222 653/648/653 1056/656/1054 655/652/655
f 653/648/653 223/647/223 656/657/656 1056/656/1054
f 1056/656/1054 656/657/656 218/658/218 645/659/645
f 655/652/655 1056/656/1054 645/659/645 217/653/217
f 212/660/212 658/661/658 1057/662/1055 657/663/657
f 658/661/658 224/664/224 659/665/659 1057/662/1055
f 1057/662/1055 659/665/659 227/666/227 660/667/660
f 657/663/657 1057/662/1055 660/667/660 226/668/226
f 224/664/224 661/669/661 1058/670/1056 659/671/659
f 661/669/661 225/672/225 644/673/644 1058/670/1056
f 1058/670/1056 644/673/644 228/674/228 662/675/662
f 659/671/659 1058/670/1056 662/675/662 227/666/227
f 226/668/226 660/676/660 1059/677/1057 663/678/663
f 660/676/660 227/666/227 664/679/664 1059/677/1057
f 1059/677/1057 664/679/664 223/680/223 652/681/652
f 663/678/663 1059/677/1057 652/681/652 220/682/220
f 227/666/227 662/675/662 1060/683/1058 664/679/664
f 662/675/662 228/674/228 646/684/646 1060/683/1058
f 1060/683/1058 646/684/646 218/685/218 656/686/656
f 664/679/664 1060/683/1058 656/686/656 223/680/223
f 229/687/229 666/464/666 1061/465/1059 665/688/665
f 666/464/666 232/689/232 667/468/667 1061/465/1059
f 1061/465/1059 667/468/667 235/690/235 668/691/668
f 665/688/665 1061/465/1059 668/691/668 234/692/234
f 232/689/232 669/693/669 1062/473/1060 667/474/667
f 669/693/669 233/694/233 670/695/670 1062/473/1060
f 1062/473/1060 670/695/670 236/696/236 671/478/671
f 667/474/667 1062/473/1060 671/478/671 235/690/235
f 234/692/234 668/470/668 1063/479/1061 672/480/672
f 668/470/668 235/690/235 673/481/673 1063/479/1061
f 1063/479/1061 673/481/673 247/697/247 674/698/674
f 672/480/672 1063/479/1061 674/698/674 244/484/244
f 235/690/235 671/478/671 1064/485/1062 673/481/673
f 671/478/671 236/696/236 675/699/675 1064/485/1062
f 1064/485/1062 675/699/675 237/700/237 676/701/676
f 673/481/673 1064/485/1062 676/701/676 247/697/247
f 230/702/230 678/411/678 1065/703/1063 677/413/677
f 678/411/678 238/414/238 679/704/679 1065/703/1063
f 1065/703/1063 679/704/679 241/705/241 680/425/680
f 677/413/677 1065/703/1063 680/425/680 240/706/240
f 238/414/238 681/419/681 1066/420/1064 679/704/679
f 681/419/681 239/707/239 682/708/682 1066/420/1064
f 1066/420/1064 682/708/682 242/423/242 683/424/683
f 679/704/679 1066/420/1064 683/424/683 241/705/241
f 240/706/240 680/709/680 1067/710/1065 684/711/684
f 680/709/680 241/705/241 685/712/685 1067/710/1065
f 1067/710/1065 685/712/685 236/713/236 670/714/670
f 684/711/684 1067/710/1065 670/714/670 233/715/233
f 241/705/241 683/424/683 1068/716/1066 685/712/685
f 683/424/683 242/423/242 686/433/686 1068/716/1066
f 1068/716/1066 686/433/686 237/434/237 675/717/675
f 685/712/685 1068/716/1066 675/717/675 236/713/236
f 231/718/231 688/719/688 1069/720/1067 687/721/687
f 688/719/688 243/722/243 689/723/689 1069/720/1067
f 1069/720/1067 689/723/689 246/724/246 690/725/690
f 687/721/687 1069/720/1067 690/725/690 245/726/245
f 243/722/243 691/727/691 1070/728/1068 689/729/689
f 691/727/691 244/730/244 674/731/674 1070/728/1068
f 1070/728/1068 674/731/674 247/732/247 692/733/692
f 689/729/689 1070/728/1068 692/733/692 246/724/246
f 245/726/245 690/734/690 1071/735/1069 693/736/693
f 690/734/690 246/724/246 694/737/694 1071/735/1069
f 1071/735/1069 694/737/694 242/738/242 682/739/682
f 693/736/693 1071/735/1069 682/739/682 239/740/239
f 246/724/246 692/733/692 1072/741/1070 694/737/694
f 692/733/692 247/732/247 676/742/676 1072/741/1070
f 1072/741/1070 676/742/676 237/743/237 686/744/686
f 694/737/694 1072/741/1070 686/744/686 242/738/242
f 248/745/248 696/746/696 1073/747/1071 695/748/695
f 696/746/696 251/749/251 697/750/697 1073/747/1071
f 1073/747/1071 697/750/697 254/751/254 698/752/698
f 695/748/695 1073/747/1071 698/752/698 253/753/253
f 251/749/251 699/754/699 1074/755/1072 697/756/697
f 699/754/699 252/757/252 700/758/700 1074/755/1072
f 1074/755/1072 700/758/700 255/759/255 701/760/701
f 697/756/697 1074/755/1072 701/760/701 254/751/254
f 253/753/253 698/761/698 1075/762/1073 702/763/702
f 698/761/698 254/751/254 703/764/703 1075/762/1073
f 1075/762/1073 703/764/703 266/765/266 704/766/704
f 702/763/702 1075/762/1073 704/766/704 263/767/263
f 254/751/254 701/760/701 1076/768/1074 703/764/703
f 701/760/701 255/759/255 705/769/705 1076/768/1074
f 1076/768/1074 705/769/705 256/770/256 706/771/706
f 703/764/703 1076/768/1074 706/771/706 266/765/266
f 249/772/249 708/773/708 1077/518/1075 707/774/707
f 708/773/708 257/775/257 709/527/709 1077/518/1075
f 1077/518/1075 709/527/709 260/776/260 710/523/710
f 707/774/707 1077/518/1075 710/523/710 259/777/259
f 257/775/257 711/525/711 1078/526/1076 709/778/709
f 711/525/711 258/779/258 712/780/712 1078/526/1076
f 1078/526/1076 712/780/712 261/781/261 713/782/713
f 709/778/709 1078/526/1076 713/782/713 260/776/260
f 259/777/259 710/523/710 1079/532/1077 714/783/714
f 710/523/710 260/776/260 715/534/715 1079/532/1077
f 1079/532/1077 715/534/715 255/535/255 700/536/700
f 714/783/714 1079/532/1077 700/536/700 252/537/252
f 260/776/260 713/782/713 1080/784/1078 715/534/715
f 713/782/713 261/781/261 716/785/716 1080/784/1078
f 1080/784/1078 716/785/716 256/786/256 705/541/705
f 715/534/715 1080/784/1078 705/541/705 255/535/255
f 250/542/250 718/543/718 1081/787/1079 717/788/717
f 718/543/718 262/789/262 719/547/719 1081/787/1079
f 1081/787/1079 719/547/719 265/790/265 720/791/720
f 717/788/717 1081/787/1079 720/791/720 264/792/264
f 262/789/262 721/793/721 1082/794/1080 719/795/719
f 721/793/721 263/796/263 704/797/704 1082/794/1080
f 1082/794/1080 704/797/704 266/798/266 722/799/722
f 719/795/719 1082/794/1080 722/799/722 265/790/265
f 264/792/264 720/791/720 1083/800/1081 723/556/723
f 720/791/720 265/790/265 724/801/724 1083/800/1081
f 1083/800/1081 724/801/724 261/802/261 712/559/712
f 723/556/723 1083/800/1081 712/559/712 258/560/258
f 265/790/265 722/799/722 1084/803/1082 724/801/724
f 722/799/722 266/798/266 706/804/706 1084/803/1082
f 1084/803/1082 706/804/706 256/805/256 716/806/716
f 724/801/724 1084/803/1082 716/806/716 261/802/261
f 267/564/267 726/565/726 1085/566/1083 725/567/725
f 726/565/726 270/568/270 727/569/727 1085/566/1083
f 1085/566/1083 727/569/727 273/570/273 728/571/728
f 725/567/725 1085/566/1083 728/571/728 272/572/272
f 270/568/270 729/573/729 1086/574/1084 727/575/727
f 729/573/729 271/576/271 730/577/730 1086/574/1084
f 1086/574/1084 730/577/730 274/578/274 731/579/731
f 727/575/727 1086/574/1084 731/579/731 273/570/273
f 272/572/272 728/580/728 1087/581/1085 732/807/732
f 728/580/728 273/570/273 733/583/733 1087/581/1085
f 1087/581/1085 733/583/733 285/584/285 734/808/734
f 732/807/732 1087/581/1085 734/808/734 282/809/282
f 273/570/273 731/579/731 1088/587/1086 733/583/733
f 731/579/731 274/578/274 735/810/735 1088/587/1086
f 1088/587/1086 735/810/735 275/811/275 736/812/736
f 733/583/733 1088/587/1086 736/812/736 285/584/285
f 268/813/268 738/592/738 1089/814/1087 737/815/737
f 738/592/738 276/816/276 739/596/739 1089/814/1087
f 1089/814/1087 739/596/739 279/817/279 740/818/740
f 737/815/737 1089/814/1087 740/818/740 278/599/278
f 276/816/276 741/600/741 1090/601/1088 739/819/739
f 741/600/741 277/602/277 742/820/742 1090/601/1088
f 1090/601/1088 742/820/742 280/821/280 743/605/743
f 739/819/739 1090/601/1088 743/605/743 279/817/279
f 278/599/278 740/598/740 1091/606/1089 744/607/744
f 740/598/740 279/817/279 745/822/745 1091/606/1089
f 1091/606/1089 745/822/745 274/609/274 730/610/730
f 744/607/744 1091/606/1089 730/610/730 271/611/271
f 279/817/279 743/605/743 1092/612/1090 745/822/745
f 743/605/743 280/821/280 746/613/746 1092/612/1090
f 1092/612/1090 746/613/746 275/614/275 735/615/735
f 745/822/745 1092/612/1090 735/615/735 274/609/274
f 269/823/269 748/746/748 1093/747/1091 747/748/747
f 748/746/748 281/749/281 749/756/749 1093/747/1091
f 1093/747/1091 749/756/749 284/824/284 750/825/750
f 747/748/747 1093/747/1091 750/825/750 283/826/283
f 281/749/281 751/754/751 1094/755/1092 749/756/749
f 751/754/751 282/757/282 734/758/734 1094/755/1092
f 1094/755/1092 734/758/734 285/759/285 752/827/752
f 749/756/749 1094/755/1092 752/827/752 284/824/284
f 283/826/283 750/828/750 1095/829/1093 753/830/753
f 750/828/750 284/824/284 754/831/754 1095/829/1093
f 1095/829/1093 754/831/754 280/832/280 742/766/742
f 753/830/753 1095/829/1093 742/766/742 277/767/277
f 284/824/284 752/827/752 1096/768/1094 754/831/754
f 752/827/752 285/759/285 736/769/736 1096/768/1094
f 1096/768/1094 736/769/736 275/833/275 746/834/746
f 754/831/754 1096/768/1094 746/834/746 280/832/280
f 286/835/286 756/719/756 1097/720/1095 755/836/755
f 756/719/756 289/837/289 757/723/757 1097/720/1095
f 1097/720/1095 757/723/757 292/838/292 758/839/758
f 755/836/755 1097/720/1095 758/839/758 291/726/291
f 289/837/289 759/727/759 1098/728/1096 757/840/757
f 759/727/759 290/730/290 760/731/760 1098/728/1096
f 1098/728/1096 760/731/760 293/732/293 761/733/761
f 757/840/757 1098/728/1096 761/733/761 292/838/292
f 291/726/291 758/734/758 1099/841/1097 762/736/762
f 758/734/758 292/838/292 763/737/763 1099/841/1097
f 1099/841/1097 763/737/763 304/738/304 764/739/764
f 762/736/762 1099/841/1097 764/739/764 301/842/301
f 292/838/292 761/733/761 1100/741/1098 763/737/763
f 761/733/761 293/732/293 765/742/765 1100/741/1098
f 1100/741/1098 765/742/765 294/743/294 766/744/766
f 763/737/763 1100/741/1098 766/744/766 304/738/304
f 287/843/287 768/634/768 1101/635/1099 767/844/767
f 768/634/768 295/637/295 769/638/769 1101/635/1099
f 1101/635/1099 769/638/769 298/845/298 770/640/770
f 767/844/767 1101/635/1099 770/640/770 297/846/297
f 295/637/295 771/847/771 1102/848/1100 769/638/769
f 771/847/771 296/849/296 772/646/772 1102/848/1100
f 1102/848/1100 772/646/772 299/647/299 773/850/773
f 769/638/769 1102/848/1100 773/850/773 298/845/298
f 297/846/297 770/851/770 1103/650/1101 774/651/774
f 770/851/770 298/845/298 775/852/775 1103/650/1101
f 1103/650/1101 775/852/775 293/653/293 760/853/760
f 774/651/774 1103/650/1101 760/853/760 290/854/290
f 298/845/298 773/850/773 1104/855/1102 775/852/775
f 773/850/773 299/647/299 776/657/776 1104/855/1102
f 1104/855/1102 776/657/776 294/856/294 765/659/765
f 775/852/775 1104/855/1102 765/659/765 293/653/293
f 288/857/288 778/858/778 1105/859/1103 777/860/777
f 778/858/778 300/861/300 779/862/779 1105/859/1103
f 1105/859/1103 779/862/779 303/863/303 780/667/780
f 777/860/777 1105/859/1103 780/667/780 302/864/302
f 300/861/300 781/669/781 1106/670/1104 779/865/779
f 781/669/781 301/866/301 764/673/764 1106/670/1104
f 1106/670/1104 764/673/764 304/674/304 782/675/782
f 779/865/779 1106/670/1104 782/675/782 303/863/303
f 302/864/302 780/676/780 1107/677/1105 783/867/783
f 780/676/780 303/863/303 784/868/784 1107/677/1105
f 1107/677/1105 784/868/784 299/869/299 772/681/772
f 783/867/783 1107/677/1105 772/681/772 296/870/296
f 303/863/303 782/675/782 1108/871/1106 784/868/784
f 782/675/782 304/674/304 766/684/766 1108/871/1106
f 1108/871/1106 766/684/766 294/872/294 776/686/776
f 784/868/784 1108/871/1106 776/686/776 299/869/299
f 3/55/3 785/873/785 1109/874/1107 328/56/328
f 785/873/785 40/183/40 377/186/377 1109/874/1107
f 1109/874/1107 377/186/377 50/191/50 786/875/786
f 328/56/328 1109/874/1107 786/875/786 15/59/15
f 15/59/15 786/876/786 1110/877/1108 331/64/331
f 786/876/786 50/191/50 384/201/384 1110/877/1108
f 1110/877/1108 384/201/384 43/205/43 787/878/787
f 331/64/331 1110/877/1108 787/878/787 16/67/16
f 16/23/16 787/879/787 1111/880/1109 312/19/312
f 787/879/787 43/168/43 369/166/369 1111/880/1109
f 1111/880/1109 369/166/369 42/161/42 788/881/788
f 312/19/312 1111/880/1109 788/881/788 6/9/6
f 6/9/6 788/881/788 1112/882/1110 305/4/305
f 788/881/788 42/161/42 366/883/366 1112/882/1110
f 1112/882/1110 366/883/366 39/157/39 789/884/789
f 305/4/305 1112/882/1110 789/884/789 1/1/1
f 2/28/2 790/885/790 1113/886/1111 318/29/318
f 790/885/790 20/82/20 335/85/335 1113/886/1111
f 1113/886/1111 335/85/335 25/90/25 791/887/791
f 318/29/318 1113/886/1111 791/887/791 10/32/10
f 10/32/10 791/887/791 1114/888/1112 321/889/321
f 791/887/791 25/90/25 342/99/342 1114/888/1112
f 1114/888/1112 342/99/342 35/103/35 792/890/792
f 321/889/321 1114/888/1112 792/890/792 11/40/11
f 11/77/11 792/891/792 1115/892/1113 333/73/333
f 792/891/792 35/103/35 361/144/361 1115/892/1113
f 1115/892/1113 361/144/361 34/139/34 793/893/793
f 333/73/333 1115/892/1113 793/893/793 17/63/17
f 17/63/17 793/893/793 1116/894/1114 327/895/327
f 793/893/793 34/139/34 358/136/358 1116/894/1114
f 1116/894/1114 358/136/358 22/135/22 794/896/794
f 327/895/327 1116/894/1114 794/896/794 3/55/3
f 40/183/40 795/897/795 1117/898/1115 378/184/378
f 795/897/795 59/227/59 407/230/407 1117/898/1115
f 1117/898/1115 407/230/407 69/235/69 796/899/796
f 378/184/378 1117/898/1115 796/899/796 48/187/48
f 48/187/48 796/900/796 1118/901/1116 381/192/381
f 796/900/796 69/235/69 414/244/414 1118/901/1116
f 1118/901/1116 414/244/414 62/248/62 797/902/797
f 381/192/381 1118/901/1116 797/902/797 49/195/49
f 49/217/49 797/903/797 1119/904/1117 393/213/393
f 797/903/797 62/40/62 399/37/399 1119/904/1117
f 1119/904/1117 399/37/399 61/32/61 798/905/798
f 393/213/393 1119/904/1117 798/905/798 55/90/55
f 55/90/55 798/887/798 1120/906/1118 387/85/387
f 798/887/798 61/32/61 396/907/396 1120/906/1118
f 1120/906/1118 396/907/396 58/28/58 799/908/799
f 387/85/387 1120/906/1118 799/908/799 41/210/41
f 21/108/21 800/909/800 1121/910/1119 348/109/348
f 800/909/800 60/253/60 417/256/417 1121/910/1119
f 1121/910/1119 417/256/417 74/261/74 801/911/801
f 348/109/348 1121/910/1119 801/911/801 29/112/29
f 29/112/29 801/911/801 1122/912/1120 351/117/351
f 801/911/801 74/261/74 423/271/423 1122/912/1120
f 1122/912/1120 423/271/423 68/275/68 802/913/802
f 351/117/351 1122/912/1120 802/913/802 30/120/30
f 30/153/30 802/914/802 1123/915/1121 363/149/363
f 802/914/802 68/239/68 411/236/411 1123/915/1121
f 1123/915/1121 411/236/411 67/231/67 803/916/803
f 363/149/363 1123/915/1121 803/916/803 36/143/36
f 36/143/36 803/916/803 1124/917/1122 357/138/357
f 803/916/803 67/231/67 408/395/408 1124/917/1122
f 1124/917/1122 408/395/408 59/227/59 804/918/804
f 357/138/357 1124/917/1122 804/918/804 22/135/22
f 79/293/79 805/919/805 1125/920/1123 448/294/448
f 805/919/805 96/320/96 455/323/455 1125/920/1123
f 1125/920/1123 455/323/455 101/328/101 806/921/806
f 448/294/448 1125/920/1123 806/921/806 91/297/91
f 91/297/91 806/921/806 1126/922/1124 451/302/451
f 806/921/806 101/328/101 462/338/462 1126/922/1124
f 1126/922/1124 462/338/462 111/342/111 807/923/807
f 451/302/451 1126/922/1124 807/923/807 92/305/92
f 92/291/92 807/924/807 1127/925/1125 432/73/432
f 807/924/807 111/367/111 481/365/481 1127/925/1125
f 1127/925/1125 481/365/481 110/139/110 808/926/808
f 432/73/432 1127/925/1125 808/926/808 82/63/82
f 82/63/82 808/893/808 1128/894/1126 425/895/425
f 808/893/808 110/139/110 478/136/478 1128/894/1126
f 1128/894/1126 478/136/478 98/135/98 809/896/809
f 425/895/425 1128/894/1126 809/896/809 77/55/77
f 155/463/155 810/927/810 1129/928/1127 568/464/568
f 810/927/810 192/591/192 617/594/617 1129/928/1127
f 1129/928/1127 617/594/617 202/599/202 811/929/811
f 568/464/568 1129/928/1127 811/929/811 167/467/167
f 167/467/167 811/929/811 1130/930/1128 571/472/571
f 811/929/811 202/599/202 624/607/624 1130/930/1128
f 1130/930/1128 624/607/624 195/611/195 812/931/812
f 571/472/571 1130/930/1128 812/931/812 168/475/168
f 168/431/168 812/932/812 1131/933/1129 552/427/552
f 812/932/812 195/576/195 609/573/609 1131/933/1129
f 1131/933/1129 609/573/609 194/568/194 813/934/813
f 552/427/552 1131/933/1129 813/934/813 158/418/158
f 158/418/158 813/935/813 1132/936/1130 545/413/545
f 813/935/813 194/568/194 606/937/606 1132/936/1130
f 1132/936/1130 606/937/606 191/564/191 814/938/814
f 545/413/545 1132/936/1130 814/938/814 153/410/153
f 154/436/154 815/939/815 1133/940/1131 558/437/558
f 815/939/815 172/489/172 575/492/575 1133/940/1131
f 1133/940/1131 575/492/575 177/497/177 816/941/816
f 558/437/558 1133/940/1131 816/941/816 162/440/162
f 162/440/162 816/941/816 1134/942/1132 561/943/561
f 816/941/816 177/497/177 582/506/582 1134/942/1132
f 1134/942/1132 582/506/582 187/510/187 817/944/817
f 561/943/561 1134/942/1132 817/944/817 163/448/163
f 163/484/163 817/945/817 1135/946/1133 573/947/573
f 817/945/817 187/510/187 601/948/601 1135/946/1133
f 1135/946/1133 601/948/601 186/546/186 818/949/818
f 573/947/573 1135/946/1133 818/949/818 169/471/169
f 169/471/169 818/949/818 1136/950/1134 567/466/567
f 818/949/818 186/546/186 598/543/598 1136/950/1134
f 1136/950/1134 598/543/598 174/542/174 819/951/819
f 567/466/567 1136/950/1134 819/951/819 155/463/155
f 192/591/192 820/952/820 1137/953/1135 618/592/618
f 820/952/820 211/633/211 647/636/647 1137/953/1135
f 1137/953/1135 647/636/647 221/641/221 821/954/821
f 618/592/618 1137/953/1135 821/954/821 200/595/200
f 200/595/200 821/954/821 1138/955/1136 621/600/621
f 821/954/821 221/641/221 654/651/654 1138/955/1136
f 1138/955/1136 654/651/654 214/655/214 822/956/822
f 621/600/621 1138/955/1136 822/956/822 201/602/201
f 201/622/201 822/957/822 1139/958/1137 633/618/633
f 822/957/822 214/448/214 639/630/639 1139/958/1137
f 1139/958/1137 639/630/639 213/627/213 823/959/823
f 633/618/633 1139/958/1137 823/959/823 207/497/207
f 207/497/207 823/941/823 1140/960/1138 627/961/627
f 823/941/823 213/627/213 636/962/636 1140/960/1138
f 1140/960/1138 636/962/636 210/436/210 824/939/824
f 627/961/627 1140/960/1138 824/939/824 193/489/193
f 173/516/173 825/963/825 1141/964/1139 588/517/588
f 825/963/825 212/660/212 657/663/657 1141/964/1139
f 1141/964/1139 657/663/657 226/668/226 826/965/826
f 588/517/588 1141/964/1139 826/965/826 181/520/181
f 181/520/181 826/966/826 1142/967/1140 591/525/591
f 826/966/826 226/668/226 663/678/663 1142/967/1140
f 1142/967/1140 663/678/663 220/682/220 827/968/827
f 591/525/591 1142/967/1140 827/968/827 182/528/182
f 182/560/182 827/969/827 1143/970/1141 603/556/603
f 827/969/827 220/645/220 651/642/651 1143/970/1141
f 1143/970/1141 651/642/651 219/637/219 828/971/828
f 603/556/603 1143/970/1141 828/971/828 188/550/188
f 188/550/188 828/971/828 1144/972/1142 597/545/597
f 828/971/828 219/637/219 648/634/648 1144/972/1142
f 1144/972/1142 648/634/648 211/633/211 829/973/829
f 597/545/597 1144/972/1142 829/973/829 174/542/174
f 231/718/231 830/974/830 1145/975/1143 688/719/688
f 830/974/830 248/745/248 695/748/695 1145/975/1143
f 1145/975/1143 695/748/695 253/753/253 831/976/831
f 688/719/688 1145/975/1143 831/976/831 243/722/243
f 243/722/243 831/976/831 1146/977/1144 691/727/691
f 831/976/831 253/753/253 702/763/702 1146/977/1144
f 1146/977/1144 702/763/702 263/767/263 832/978/832
f 691/727/691 1146/977/1144 832/978/832 244/730/244
f 244/484/244 832/979/832 1147/980/1145 672/480/672
f 832/979/832 263/796/263 721/793/721 1147/980/1145
f 1147/980/1145 721/793/721 262/789/262 833/949/833
f 672/480/672 1147/980/1145 833/949/833 234/692/234
f 234/692/234 833/981/833 1148/982/1146 665/466/665
f 833/981/833 262/789/262 718/543/718 1148/982/1146
f 1148/982/1146 718/543/718 250/542/250 834/951/834
f 665/466/665 1148/982/1146 834/951/834 229/687/229
f 78/1/78 835/983/835 1149/984/1147 438/2/438
f 835/983/835 21/108/21 347/111/347 1149/984/1147
f 1149/984/1147 347/111/347 31/116/31 836/985/836
f 438/2/438 1149/984/1147 836/985/836 86/292/86
f 86/292/86 836/986/836 1150/987/1148 441/10/441
f 836/986/836 31/116/31 354/126/354 1150/987/1148
f 1150/987/1148 354/126/354 24/130/24 837/988/837
f 441/10/441 1150/987/1148 837/988/837 87/13/87
f 87/315/87 837/989/837 1151/990/1149 453/311/453
f 837/989/837 24/94/24 339/91/339 1151/990/1149
f 1151/990/1149 339/91/339 23/86/23 838/991/838
f 453/311/453 1151/990/1149 838/991/838 93/301/93
f 93/301/93 838/991/838 1152/992/1150 447/993/447
f 838/991/838 23/86/23 336/994/336 1152/992/1150
f 1152/992/1150 336/994/336 20/82/20 839/995/839
f 447/993/447 1152/992/1150 839/995/839 79/293/79
f 96/320/96 840/996/840 1153/997/1151 456/321/456
f 840/996/840 2/28/2 317/31/317 1153/997/1151
f 1153/997/1151 317/31/317 12/36/12 841/998/841
f 456/321/456 1153/997/1151 841/998/841 99/324/99
f 99/324/99 841/999/841 1154/1000/1152 459/329/459
f 841/999/841 12/36/12 324/46/324 1154/1000/1152
f 1154/1000/1152 324/46/324 5/50/5 842/1001/842
f 459/329/459 1154/1000/1152 842/1001/842 100/332/100
f 100/359/100 842/1002/842 1155/1003/1153 474/355/474
f 842/1002/842 5/13/5 309/10/309 1155/1003/1153
f 1155/1003/1153 309/10/309 4/5/4 843/986/843
f 474/355/474 1155/1003/1153 843/986/843 107/116/107
f 107/116/107 843/986/843 1156/1004/1154 467/111/467
f 843/986/843 4/5/4 306/2/306 1156/1004/1154
f 1156/1004/1154 306/2/306 1/1/1 844/983/844
f 467/111/467 1156/1004/1154 844/983/844 97/108/97
f 60/253/60 845/1005/845 1157/1006/1155 418/254/418
f 845/1005/845 115/157/115 485/160/485 1157/1006/1155
f 1157/1006/1155 485/160/485 120/165/120 846/1007/846
f 418/254/418 1157/1006/1155 846/1007/846 72/257/72
f 72/257/72 846/1008/846 1158/1009/1156 421/262/421
f 846/1008/846 120/165/120 492/174/492 1158/1009/1156
f 1158/1009/1156 492/174/492 130/178/130 847/1010/847
f 421/262/421 1158/1009/1156 847/1010/847 73/265/73
f 73/50/73 847/1001/847 1159/1011/1157 402/226/402
f 847/1001/847 130/332/130 511/329/511 1159/1011/1157
f 1159/1011/1157 511/329/511 129/324/129 848/1012/848
f 402/226/402 1159/1011/1157 848/1012/848 63/225/63
f 63/225/63 848/998/848 1160/1013/1158 395/223/395
f 848/998/848 129/324/129 508/321/508 1160/1013/1158
f 1160/1013/1158 508/321/508 117/320/117 849/996/849
f 395/223/395 1160/1013/1158 849/996/849 58/28/58
f 77/55/77 850/873/850 1161/1014/1159 426/280/426
f 850/873/850 116/183/116 497/186/497 1161/1014/1159
f 1161/1014/1159 497/186/497 126/191/126 851/1015/851
f 426/280/426 1161/1014/1159 851/1015/851 80/281/80
f 80/281/80 851/1016/851 1162/1017/1160 429/284/429
f 851/1016/851 126/191/126 504/201/504 1162/1017/1160
f 1162/1017/1160 504/201/504 119/205/119 852/878/852
f 429/284/429 1162/1017/1160 852/878/852 81/67/81
f 81/23/81 852/879/852 1163/880/1161 444/19/444
f 852/879/852 119/168/119 489/166/489 1163/880/1161
f 1163/880/1161 489/166/489 118/379/118 853/881/853
f 444/19/444 1163/880/1161 853/881/853 88/9/88
f 88/9/88 853/1018/853 1164/882/1162 437/4/437
f 853/1018/853 118/379/118 486/158/486 1164/882/1162
f 1164/882/1162 486/158/486 115/157/115 854/884/854
f 437/4/437 1164/882/1162 854/884/854 78/1/78
f 116/183/116 855/897/855 1165/898/1163 498/184/498
f 855/897/855 135/227/135 527/230/527 1165/898/1163
f 1165/898/1163 527/230/527 145/235/145 856/899/856
f 498/184/498 1165/898/1163 856/899/856 124/382/124
f 124/382/124 856/899/856 1166/901/1164 501/192/501
f 856/899/856 145/235/145 534/244/534 1166/901/1164
f 1166/901/1164 534/244/534 138/400/138 857/902/857
f 501/192/501 1166/901/1164 857/902/857 125/195/125
f 125/342/125 857/923/857 1167/1019/1165 513/338/513
f 857/923/857 138/305/138 519/302/519 1167/1019/1165
f 1167/1019/1165 519/302/519 137/393/137 858/1020/858
f 513/338/513 1167/1019/1165 858/1020/858 131/384/131
f 131/384/131 858/1020/858 1168/1021/1166 507/323/507
f 858/1020/858 137/393/137 516/294/516 1168/1021/1166
f 1168/1021/1166 516/294/516 134/293/134 859/919/859
f 507/323/507 1168/1021/1166 859/919/859 117/320/117
f 97/108/97 860/909/860 1169/910/1167 468/347/468
f 860/909/860 136/253/136 537/256/537 1169/910/1167
f 1169/910/1167 537/256/537 150/261/150 861/911/861
f 468/347/468 1169/910/1167 861/911/861 105/348/105
f 105/348/105 861/1022/861 1170/1023/1168 471/117/471
f 861/1022/861 150/261/150 543/271/543 1170/1023/1168
f 1170/1023/1168 543/271/543 144/275/144 862/913/862
f 471/117/471 1170/1023/1168 862/913/862 106/120/106
f 106/153/106 862/914/862 1171/1024/1169 483/373/483
f 862/914/862 144/239/144 531/398/531 1171/1024/1169
f 1171/1024/1169 531/398/531 143/397/143 863/916/863
f 483/373/483 1171/1024/1169 863/916/863 112/364/112
f 112/364/112 863/1025/863 1172/917/1170 477/1026/477
f 863/1025/863 143/397/143 528/1027/528 1172/917/1170
f 1172/917/1170 528/1027/528 135/227/135 864/918/864
f 477/1026/477 1172/917/1170 864/918/864 98/135/98
f 136/253/136 865/1005/865 1173/1028/1171 538/254/538
f 865/1005/865 39/157/39 365/160/365 1173/1028/1171
f 1173/1028/1171 365/160/365 44/165/44 866/1029/866
f 538/254/538 1173/1028/1171 866/1029/866 148/401/148
f 148/401/148 866/1029/866 1174/1030/1172 541/404/541
f 866/1029/866 44/165/44 372/174/372 1174/1030/1172
f 1174/1030/1172 372/174/372 54/178/54 867/1010/867
f 541/404/541 1174/1030/1172 867/1010/867 149/265/149
f 149/315/149 867/989/867 1175/990/1173 522/311/522
f 867/989/867 54/94/54 391/91/391 1175/990/1173
f 1175/990/1173 391/91/391 53/86/53 868/991/868
f 522/311/522 1175/990/1173 868/991/868 139/301/139
f 139/301/139 868/991/868 1176/992/1174 515/993/515
f 868/991/868 53/86/53 388/994/388 1176/992/1174
f 1176/992/1174 388/994/388 41/210/41 869/1031/869
f 515/993/515 1176/992/1174 869/1031/869 134/293/134
f 230/702/230 870/1032/870 1177/1033/1175 678/411/678
f 870/1032/870 173/516/173 587/519/587 1177/1033/1175
f 1177/1033/1175 587/519/587 183/524/183 871/1034/871
f 678/411/678 1177/1033/1175 871/1034/871 238/414/238
f 238/414/238 871/1035/871 1178/1036/1176 681/419/681
f 871/1035/871 183/524/183 594/533/594 1178/1036/1176
f 1178/1036/1176 594/533/594 176/537/176 872/1037/872
f 681/419/681 1178/1036/1176 872/1037/872 239/707/239
f 239/740/239 872/1038/872 1179/1039/1177 693/736/693
f 872/1038/872 176/501/176 579/498/579 1179/1039/1177
f 1179/1039/1177 579/498/579 175/493/175 873/1040/873
f 693/736/693 1179/1039/1177 873/1040/873 245/726/245
f 245/726/245 873/1041/873 1180/1042/1178 687/721/687
f 873/1041/873 175/493/175 576/490/576 1180/1042/1178
f 1180/1042/1178 576/490/576 172/489/172 874/1043/874
f 687/721/687 1180/1042/1178 874/1043/874 231/718/231
f 248/745/248 875/1044/875 1181/1045/1179 696/746/696
f 875/1044/875 154/436/154 557/439/557 1181/1045/1179
f 1181/1045/1179 557/439/557 164/444/164 876/1046/876
f 696/746/696 1181/1045/1179 876/1046/876 251/749/251
f 251/749/251 876/1047/876 1182/1048/1180 699/754/699
f 876/1047/876 164/444/164 564/454/564 1182/1048/1180
f 1182/1048/1180 564/454/564 157/458/157 877/1049/877
f 699/754/699 1182/1048/1180 877/1049/877 252/757/252
f 252/537/252 877/1037/877 1183/1036/1181 714/783/714
f 877/1037/877 157/421/157 549/419/549 1183/1036/1181
f 1183/1036/1181 549/419/549 156/414/156 878/1035/878
f 714/783/714 1183/1036/1181 878/1035/878 259/777/259
f 259/777/259 878/1050/878 1184/1051/1182 707/774/707
f 878/1050/878 156/414/156 546/411/546 1184/1051/1182
f 1184/1051/1182 546/411/546 153/410/153 879/1052/879
f 707/774/707 1184/1051/1182 879/1052/879 249/772/249
f 212/660/212 880/1053/880 1185/1054/1183 658/661/658
f 880/1053/880 267/564/267 725/567/725 1185/1054/1183
f 1185/1054/1183 725/567/725 272/572/272 881/1055/881
f 658/661/658 1185/1054/1183 881/1055/881 224/664/224
f 224/664/224 881/1055/881 1186/1056/1184 661/669/661
f 881/1055/881 272/572/272 732/807/732 1186/1056/1184
f 1186/1056/1184 732/807/732 282/809/282 882/1057/882
f 661/669/661 1186/1056/1184 882/1057/882 225/672/225
f 225/458/225 882/1049/882 1187/1058/1185 642/454/642
f 882/1049/882 282/757/282 751/754/751 1187/1058/1185
f 1187/1058/1185 751/754/751 281/749/281 883/1047/883
f 642/454/642 1187/1058/1185 883/1047/883 215/444/215
f 215/444/215 883/1046/883 1188/1059/1186 635/439/635
f 883/1046/883 281/749/281 748/1060/748 1188/1059/1186
f 1188/1059/1186 748/1060/748 269/823/269 884/1061/884
f 635/439/635 1188/1059/1186 884/1061/884 210/436/210
f 229/687/229 885/1062/885 1189/1063/1187 666/464/666
f 885/1062/885 268/813/268 737/815/737 1189/1063/1187
f 1189/1063/1187 737/815/737 278/599/278 886/1064/886
f 666/464/666 1189/1063/1187 886/1064/886 232/689/232
f 232/689/232 886/929/886 1190/930/1188 669/693/669
f 886/929/886 278/599/278 744/607/744 1190/930/1188
f 1190/930/1188 744/607/744 271/611/271 887/931/887
f 669/693/669 1190/930/1188 887/931/887 233/694/233
f 233/715/233 887/932/887 1191/933/1189 684/711/684
f 887/932/887 271/576/271 729/573/729 1191/933/1189
f 1191/933/1189 729/573/729 270/568/270 888/934/888
f 684/711/684 1191/933/1189 888/934/888 240/706/240
f 240/706/240 888/1065/888 1192/936/1190 677/413/677
f 888/1065/888 270/568/270 726/937/726 1192/936/1190
f 1192/936/1190 726/937/726 267/564/267 889/938/889
f 677/413/677 1192/936/1190 889/938/889 230/702/230
f 268/813/268 890/1066/890 1193/1067/1191 738/592/738
f 890/1066/890 287/843/287 767/844/767 1193/1067/1191
f 1193/1067/1191 767/844/767 297/846/297 891/1068/891
f 738/592/738 1193/1067/1191 891/1068/891 276/816/276
f 276/816/276 891/1069/891 1194/955/1192 741/600/741
f 891/1069/891 297/846/297 774/651/774 1194/955/1192
f 1194/955/1192 774/651/774 290/854/290 892/956/892
f 741/600/741 1194/955/1192 892/956/892 277/602/277
f 277/767/277 892/978/892 1195/977/1193 753/830/753
f 892/978/892 290/730/290 759/727/759 1195/977/1193
f 1195/977/1193 759/727/759 289/837/289 893/1070/893
f 753/830/753 1195/977/1193 893/1070/893 283/826/283
f 283/826/283 893/1071/893 1196/1072/1194 747/1073/747
f 893/1071/893 289/837/289 756/719/756 1196/1072/1194
f 1196/1072/1194 756/719/756 286/835/286 894/974/894
f 747/1073/747 1196/1072/1194 894/974/894 269/823/269
f 249/772/249 895/1074/895 1197/1075/1195 708/773/708
f 895/1074/895 288/857/288 777/860/777 1197/1075/1195
f 1197/1075/1195 777/860/777 302/864/302 896/965/896
f 708/773/708 1197/1075/1195 896/965/896 257/775/257
f 257/775/257 896/1076/896 1198/1077/1196 711/525/711
f 896/1076/896 302/864/302 783/867/783 1198/1077/1196
f 1198/1077/1196 783/867/783 296/870/296 897/1078/897
f 711/525/711 1198/1077/1196 897/1078/897 258/779/258
f 258/560/258 897/1079/897 1199/1080/1197 723/556/723
f 897/1079/897 296/849/296 771/847/771 1199/1080/1197
f 1199/1080/1197 771/847/771 295/637/295 898/971/898
f 723/556/723 1199/1080/1197 898/971/898 264/792/264
f 264/792/264 898/1081/898 1200/1082/1198 717/788/717
f 898/1081/898 295/637/295 768/634/768 1200/1082/1198
f 1200/1082/1198 768/634/768 287/843/287 899/973/899
f 717/788/717 1200/1082/1198 899/973/899 250/542/250
f 288/857/288 900/1083/900 1201/1054/1199 778/858/778
f 900/1083/900 191/564/191 605/567/605 1201/1054/1199
f 1201/1054/1199 605/567/605 196/572/196 901/1084/901
f 778/858/778 1201/1054/1199 901/1084/901 300/861/300
f 300/861/300 901/1085/901 1202/1056/1200 781/669/781
f 901/1085/901 196/572/196 612/582/612 1202/1056/1200
f 1202/1056/1200 612/582/612 206/586/206 902/1086/902
f 781/669/781 1202/1056/1200 902/1086/902 301/866/301
f 301/842/301 902/1087/902 1203/1039/1201 762/736/762
f 902/1087/902 206/501/206 631/498/631 1203/1039/1201
f 1203/1039/1201 631/498/631 205/493/205 903/1040/903
f 762/736/762 1203/1039/1201 903/1040/903 291/726/291
f 291/726/291 903/1041/903 1204/1088/1202 755/721/755
f 903/1041/903 205/493/205 628/490/628 1204/1088/1202
f 1204/1088/1202 628/490/628 193/489/193 904/1089/904
f 755/721/755 1204/1088/1202 904/1089/904 286/835/286
f 136/1090/136 905/1091/905 1205/1092/905 865/1093/865
f 1/1094/1 789/1095/789 1205/1092/905 905/1091/905
f 39/1096/39 865/1093/865 1205/1092/905 789/1095/789
f 3/1097/3 794/1098/794 1206/1099/906 785/1100/785
f 22/1101/22 906/1102/906 1206/1099/906 794/1098/794
f 40/1103/40 785/1100/785 1206/1099/906 906/1102/906
f 96/1104/96 907/1105/907 1207/1106/907 840/1107/840
f 20/1108/20 790/1109/790 1207/1106/907 907/1105/907
f 2/1110/2 840/1107/840 1207/1106/907 790/1109/790
f 97/1111/97 844/1112/844 1208/1113/905 860/1114/860
f 1/1094/1 905/1091/905 1208/1113/905 844/1112/844
f 136/1090/136 860/1114/860 1208/1113/905 905/1091/905
f 40/1103/40 906/1102/906 1209/1115/906 795/1116/795
f 22/1101/22 804/1117/804 1209/1115/906 906/1102/906
f 59/1118/59 795/1116/795 1209/1115/906 804/1117/804
f 21/1111/21 835/1112/835 1210/1113/908 800/1114/800
f 78/1094/78 908/1091/908 1210/1113/908 835/1112/835
f 60/1090/60 800/1114/800 1210/1113/908 908/1091/908
f 79/1119/79 839/1120/839 1211/1121/907 805/1122/805
f 20/1108/20 907/1105/907 1211/1121/907 839/1120/839
f 96/1104/96 805/1122/805 1211/1121/907 907/1105/907
f 134/1119/134 869/1123/869 1212/1121/909 859/1122/859
f 41/1124/41 909/1105/909 1212/1121/909 869/1123/869
f 117/1104/117 859/1122/859 1212/1121/909 909/1105/909
f 117/1104/117 909/1105/909 1213/1106/909 849/1107/849
f 41/1124/41 799/1125/799 1213/1106/909 909/1105/909
f 58/1110/58 849/1107/849 1213/1106/909 799/1125/799
f 60/1090/60 908/1091/908 1214/1092/908 845/1093/845
f 78/1094/78 854/1095/854 1214/1092/908 908/1091/908
f 115/1096/115 845/1093/845 1214/1092/908 854/1095/854
f 77/1097/77 809/1098/809 1215/1099/910 850/1100/850
f 98/1101/98 910/1102/910 1215/1099/910 809/1098/809
f 116/1103/116 850/1100/850 1215/1099/910 910/1102/910
f 116/1103/116 910/1102/910 1216/1115/910 855/1116/855
f 98/1101/98 864/1117/864 1216/1115/910 910/1102/910
f 135/1118/135 855/1116/855 1216/1115/910 864/1117/864
f 288/1126/288 911/1127/905 1217/1128/905 900/1129/900
f 153/1130/153 814/1131/814 1217/1128/905 911/1127/905
f 191/1132/191 900/1129/900 1217/1128/905 814/1131/814
f 155/1133/155 819/1134/819 1218/1135/911 810/1136/810
f 174/1137/174 912/1138/911 1218/1135/911 819/1134/819
f 192/1139/192 810/1136/810 1218/1135/911 912/1138/911
f 248/1140/248 913/1141/912 1219/1142/912 875/1143/875
f 172/1144/172 815/1145/815 1219/1142/912 913/1141/912
f 154/1146/154 875/1143/875 1219/1142/912 815/1145/815
f 249/1147/249 879/1148/879 1220/1149/905 895/1150/895
f 153/1130/153 911/1127/905 1220/1149/905 879/1148/879
f 288/1126/288 895/1150/895 1220/1149/905 911/1127/905
f 192/1139/192 912/1138/911 1221/1151/911 820/1152/820
f 174/1137/174 829/1153/829 1221/1151/911 912/1138/911
f 211/1154/211 820/1152/820 1221/1151/911 829/1153/829
f 173/1155/173 870/1156/870 1222/1157/908 825/1158/825
f 230/1159/230 914/1127/908 1222/1157/908 870/1156/870
f 212/1160/212 825/1158/825 1222/1157/908 914/1127/908
f 231/1161/231 874/1162/874 1223/1163/912 830/1164/830
f 172/1144/172 913/1141/912 1223/1163/912 874/1162/874
f 248/1140/248 830/1164/830 1223/1163/912 913/1141/912
f 286/718/286 904/1043/904 1224/1163/913 894/1164/894
f 193/1144/193 915/1141/913 1224/1163/913 904/1043/904
f 269/1165/269 894/1164/894 1224/1163/913 915/1141/913
f 269/1165/269 915/1141/913 1225/1166/913 884/1143/884
f 193/1144/193 824/1145/824 1225/1166/913 915/1141/913
f 210/1146/210 884/1143/884 1225/1166/913 824/1145/824
f 212/1160/212 914/1127/908 1226/1167/908 880/1168/880
f 230/1159/230 889/1169/889 1226/1167/908 914/1127/908
f 267/1132/267 880/1168/880 1226/1167/908 889/1169/889
f 229/1170/229 834/1134/834 1227/1135/914 885/1171/885
f 250/1137/250 916/1172/914 1227/1135/914 834/1134/834
f 268/1173/268 885/1171/885 1227/1135/914 916/1172/914
f 268/1173/268 916/1172/914 1228/1151/914 890/1174/890
f 250/1137/250 899/1153/899 1228/1151/914 916/1172/914
f 287/1175/287 890/1174/890 1228/1151/914 899/1153/899
