# Blender 5.0.0
# www.blender.org
mtllib right tiny arm.mtl
o custom_arm
v -0.6528983 -0.0557451 0.0244274
v -0.6527808 -0.0509002 0.0302619
v -0.6128814 -0.0702406 0.0452298
v -0.6528738 -0.0538723 0.0248824
v -0.6528143 -0.0523273 0.0261350
v -0.6375517 -0.0593413 0.0259975
v -0.6380934 -0.0564140 0.0269506
v -0.6384338 -0.0540195 0.0279776
v -0.6298232 -0.0561179 0.0302059
v -0.6374816 -0.0523597 0.0340522
v -0.6245290 -0.0565804 0.0381915
v -0.6528098 -0.0512415 0.0279997
v -0.6380486 -0.0531364 0.0307161
v -0.6262417 -0.0559380 0.0331638
v -0.6158833 -0.0672240 0.0372253
v -0.6245824 -0.0633747 0.0305072
v -0.6159215 -0.0628653 0.0421019
v -0.6203377 -0.0608817 0.0353036
v -0.6262623 -0.0588678 0.0299430
v -0.6529539 -0.0509131 0.2029305
v -0.6526385 -0.0563162 0.2080734
v -0.6128830 -0.0702425 0.1873071
v -0.6529022 -0.0513009 0.2049220
v -0.6528480 -0.0524591 0.2065632
v -0.6376271 -0.0523772 0.1989188
v -0.6381323 -0.0532143 0.2021286
v -0.6384242 -0.0541840 0.2047202
v -0.6298420 -0.0562676 0.2024497
v -0.6374405 -0.0598054 0.2065539
v -0.6244819 -0.0636458 0.2020513
v -0.6527313 -0.0542254 0.2077125
v -0.6380158 -0.0567199 0.2056538
v -0.6262359 -0.0589971 0.2026607
v -0.6158758 -0.0628688 0.1905053
v -0.6246409 -0.0565986 0.1945586
v -0.6158770 -0.0673445 0.1953086
v -0.6203481 -0.0609788 0.1973403
v -0.6262989 -0.0559860 0.1995170
v -0.6526366 -0.2164597 0.0244770
v -0.6128286 -0.2024957 0.0452247
v -0.6529555 -0.2218367 0.0296757
v -0.6374221 -0.2129849 0.0260451
v -0.6244945 -0.2091450 0.0305003
v -0.6527568 -0.2185396 0.0248532
v -0.6380450 -0.2160787 0.0268384
v -0.6262093 -0.2137202 0.0298468
v -0.6298108 -0.2165457 0.0300875
v -0.6158955 -0.2099331 0.0420498
v -0.6246258 -0.2161855 0.0379543
v -0.6158968 -0.2054245 0.0372979
v -0.6203452 -0.2118004 0.0351837
v -0.6262525 -0.2167225 0.0330545
v -0.6529245 -0.2214345 0.0276523
v -0.6528237 -0.2202866 0.0259727
v -0.6376349 -0.2203758 0.0335874
v -0.6380926 -0.2195151 0.0304631
v -0.6384765 -0.2185628 0.0277961
v -0.6527635 -0.2218624 0.2022804
v -0.6128358 -0.2024783 0.1873710
v -0.6528940 -0.2170243 0.2080937
v -0.6374835 -0.2203684 0.1985278
v -0.6245238 -0.2161837 0.1943033
v -0.6528166 -0.2214992 0.2045332
v -0.6380753 -0.2196249 0.2018539
v -0.6262406 -0.2168373 0.1993896
v -0.6298249 -0.2166251 0.2023445
v -0.6158895 -0.2055598 0.1953141
v -0.6245485 -0.2093943 0.2020375
v -0.6158691 -0.2099368 0.1904030
v -0.6203348 -0.2118847 0.1972649
v -0.6262325 -0.2139199 0.2026257
v -0.6528720 -0.2188798 0.2076283
v -0.6528356 -0.2204032 0.2064173
v -0.6375880 -0.2133606 0.2065255
v -0.6380782 -0.2163250 0.2056166
v -0.6384287 -0.2187016 0.2046094
v -2.0289704 -0.0702472 0.1873488
v -1.9889169 -0.0557045 0.2081132
v -1.9890276 -0.0509307 0.2023196
v -2.0259305 -0.0671914 0.1953042
v -2.0172522 -0.0633914 0.2019937
v -2.0259482 -0.0628510 0.1903879
v -2.0215261 -0.0608500 0.1972738
v -2.0155548 -0.0588171 0.2026390
v -2.0119997 -0.0561431 0.2023749
v -1.9889495 -0.0539241 0.2076281
v -1.9889730 -0.0523523 0.2063844
v -2.0042528 -0.0593575 0.2064952
v -2.0037319 -0.0564255 0.2056374
v -2.0033731 -0.0540065 0.2046085
v -2.0043045 -0.0523507 0.1985464
v -2.0172711 -0.0565852 0.1943151
v -1.9890195 -0.0512855 0.2045425
v -2.0037824 -0.0531905 0.2018603
v -2.0156033 -0.0559742 0.1993709
v -1.9888591 -0.0508771 0.0296306
v -1.9891786 -0.0563230 0.0244226
v -2.0289528 -0.0702172 0.0451949
v -1.9888916 -0.0513453 0.0276791
v -1.9889998 -0.0525001 0.0259730
v -2.0041816 -0.0523738 0.0336338
v -2.0037372 -0.0531899 0.0304642
v -2.0033677 -0.0541465 0.0278266
v -2.0120054 -0.0562069 0.0300729
v -2.0043723 -0.0598008 0.0260055
v -2.0172952 -0.0636544 0.0305376
v -1.9890769 -0.0542516 0.0248149
v -2.0037958 -0.0566854 0.0268424
v -2.0155695 -0.0589801 0.0298540
v -2.0259259 -0.0628702 0.0420037
v -2.0171866 -0.0566013 0.0379819
v -2.0259058 -0.0673440 0.0372458
v -2.0215274 -0.0609738 0.0351598
v -2.0155646 -0.0560168 0.0330295
v -1.9891660 -0.2164728 0.2080995
v -2.0289709 -0.2025115 0.1873024
v -1.9888487 -0.2218681 0.2029266
v -2.0044248 -0.2129818 0.2065257
v -2.0172785 -0.2091311 0.2019916
v -1.9890794 -0.2185430 0.2076816
v -2.0038103 -0.2160228 0.2056599
v -2.0156115 -0.2137635 0.2027051
v -2.0119592 -0.2165350 0.2024496
v -2.0258826 -0.2099511 0.1905336
v -2.0172351 -0.2161842 0.1945994
v -2.0259079 -0.2054533 0.1952949
v -2.0214989 -0.2118109 0.1973534
v -2.0155244 -0.2167315 0.1995332
v -1.9889305 -0.2214373 0.2048628
v -1.9889627 -0.2202895 0.2065870
v -2.0041922 -0.2203790 0.1989190
v -2.0036735 -0.2195090 0.2020949
v -2.0033732 -0.2185952 0.2047542
v -1.9890417 -0.2218635 0.0302350
v -2.0289368 -0.2025114 0.0452005
v -1.9889465 -0.2169905 0.0244775
v -2.0043407 -0.2203632 0.0340027
v -2.0172441 -0.2161508 0.0381967
v -1.9890582 -0.2214591 0.0280369
v -2.0037635 -0.2195994 0.0306899
v -2.0155746 -0.2167844 0.0331997
v -2.0119898 -0.2166177 0.0301961
v -2.0258863 -0.2055427 0.0372405
v -2.0172476 -0.2093495 0.0305486
v -2.0259240 -0.2098921 0.0421622
v -2.0214725 -0.2118690 0.0352591
v -2.0155761 -0.2139376 0.0299516
v -1.9889463 -0.2188991 0.0249028
v -1.9889659 -0.2204397 0.0261201
v -2.0042926 -0.2134002 0.0260040
v -2.0037712 -0.2163029 0.0269388
v -2.0033693 -0.2187399 0.0279595
v 1.3081397 0.3237532 0.0246321
v 1.3063620 0.3264251 0.0285243
v 1.3534376 0.3158563 0.0459653
v 1.3075032 0.3247908 0.0248975
v 1.3069220 0.3256069 0.0257784
v 1.3241822 0.3228866 0.0262443
v 1.3223882 0.3248537 0.0269587
v 1.3209503 0.3265641 0.0277242
v 1.3299612 0.3261556 0.0301279
v 1.3211069 0.3278010 0.0329709
v 1.3352304 0.3262791 0.0377898
v 1.3065375 0.3262202 0.0270081
v 1.3209663 0.3271644 0.0300952
v 1.3332359 0.3267161 0.0330042
v 1.3486901 0.3186437 0.0377642
v 1.3384194 0.3210855 0.0308454
v 1.3466153 0.3221231 0.0423305
v 1.3412922 0.3234669 0.0354410
v 1.3346123 0.3245176 0.0300181
v 1.3062254 0.3263773 0.2038079
v 1.3086537 0.3231872 0.2070363
v 1.3534444 0.3159421 0.1856766
v 1.3064448 0.3261592 0.2050319
v 1.3069887 0.3254401 0.2061142
v 1.3209868 0.3277938 0.1991919
v 1.3209253 0.3270605 0.2018568
v 1.3210490 0.3264104 0.2041142
v 1.3300466 0.3260672 0.2017106
v 1.3245362 0.3224612 0.2054099
v 1.3385847 0.3208386 0.2008040
v 1.3077600 0.3243842 0.2067889
v 1.3226302 0.3245918 0.2047922
v 1.3347258 0.3243785 0.2016819
v 1.3465737 0.3220988 0.1894163
v 1.3351738 0.3263010 0.1941434
v 1.3487804 0.3185602 0.1938711
v 1.3412940 0.3233964 0.1963165
v 1.3332174 0.3266941 0.1989007
v 1.3963375 0.1790351 0.0246433
v 1.4236603 0.2004773 0.0459528
v 1.3979015 0.1756550 0.0278334
v 1.4080172 0.1851589 0.0262264
v 1.4173734 0.1913745 0.0308746
v 1.3969456 0.1777653 0.0248788
v 1.4088041 0.1828000 0.0269146
v 1.4181104 0.1872272 0.0300031
v 1.4162178 0.1842667 0.0299632
v 1.4249470 0.1931694 0.0422532
v 1.4205573 0.1859349 0.0375122
v 1.4228221 0.1967540 0.0378297
v 1.4222265 0.1903830 0.0353499
v 1.4194821 0.1849477 0.0327653
v 1.3978466 0.1759141 0.0266544
v 1.3974644 0.1766865 0.0255367
v 1.4110575 0.1797332 0.0324923
v 1.4102512 0.1802771 0.0298043
v 1.4095450 0.1808689 0.0276058
v 1.3980457 0.1756741 0.2031346
v 1.4236256 0.2005395 0.1857133
v 1.3965499 0.1783648 0.2070457
v 1.4111313 0.1797350 0.1987677
v 1.4206106 0.1859601 0.1938758
v 1.3979295 0.1758777 0.2046349
v 1.4102910 0.1802511 0.2015829
v 1.4195046 0.1848438 0.1987147
v 1.4163141 0.1841698 0.2016082
v 1.4228926 0.1966745 0.1938672
v 1.4174391 0.1911166 0.2008325
v 1.4250005 0.1932420 0.1893248
v 1.4222822 0.1902951 0.1962793
v 1.4182159 0.1870919 0.2016480
v 1.3971471 0.1773433 0.2067345
v 1.3976397 0.1765036 0.2059323
v 1.4082346 0.1846964 0.2054552
v 1.4089716 0.1824984 0.2047126
v 1.4096665 0.1807298 0.2039545
v -0.6945826 -0.0877439 0.1857111
v -0.6674558 -0.0656407 0.2070354
v -0.6689741 -0.0629506 0.2031683
v -0.6937984 -0.0839339 0.1938768
v -0.6884380 -0.0783448 0.2008037
v -0.6958875 -0.0804919 0.1893006
v -0.6931848 -0.0775547 0.1962783
v -0.6891717 -0.0743209 0.2016499
v -0.6872514 -0.0714295 0.2015732
v -0.6680596 -0.0645825 0.2067435
v -0.6685813 -0.0637346 0.2058867
v -0.6791791 -0.0719197 0.2054755
v -0.6799133 -0.0697634 0.2047071
v -0.6806000 -0.0679527 0.2039424
v -0.6820516 -0.0670138 0.1987633
v -0.6915280 -0.0731737 0.1938719
v -0.6688522 -0.0631140 0.2046743
v -0.6812576 -0.0674854 0.2016075
v -0.6904738 -0.0721094 0.1986963
v -0.6688500 -0.0629000 0.0278700
v -0.6672858 -0.0662530 0.0246392
v -0.6945902 -0.0877166 0.0459551
v -0.6687675 -0.0631831 0.0266252
v -0.6684192 -0.0638792 0.0255391
v -0.6819552 -0.0670045 0.0324374
v -0.6811786 -0.0675089 0.0298434
v -0.6805152 -0.0680476 0.0275597
v -0.6871483 -0.0715570 0.0299647
v -0.6789478 -0.0724104 0.0262571
v -0.6883174 -0.0786511 0.0308740
v -0.6679099 -0.0649717 0.0248422
v -0.6797694 -0.0700451 0.0269052
v -0.6890591 -0.0744764 0.0299888
v -0.6959255 -0.0804363 0.0422954
v -0.6914785 -0.0731295 0.0375154
v -0.6937716 -0.0840058 0.0378354
v -0.6931463 -0.0776058 0.0353411
v -0.6904173 -0.0721527 0.0328320
v -0.5795772 -0.2104024 0.2070959
v -0.6243927 -0.2031410 0.1856797
v -0.5771469 -0.2136290 0.2037995
v -0.5954517 -0.2097246 0.2054474
v -0.6095602 -0.2080737 0.2007739
v -0.5787184 -0.2116690 0.2067988
v -0.5935616 -0.2118509 0.2047942
v -0.6056615 -0.2116202 0.2016848
v -0.6009543 -0.2132980 0.2017415
v -0.6175261 -0.2093527 0.1894171
v -0.6061481 -0.2134910 0.1941676
v -0.6197086 -0.2057545 0.1938684
v -0.6122585 -0.2106249 0.1963590
v -0.6041740 -0.2138992 0.1989090
v -0.5773975 -0.2133692 0.2050662
v -0.5779285 -0.2126887 0.2061286
v -0.5919347 -0.2150384 0.1992207
v -0.5918923 -0.2143372 0.2018800
v -0.5919933 -0.2136275 0.2040803
v -0.5773211 -0.2136540 0.0285544
v -0.6244360 -0.2031122 0.0459154
v -0.5790844 -0.2109983 0.0246398
v -0.5920095 -0.2150041 0.0329218
v -0.6061845 -0.2135112 0.0377894
v -0.5774509 -0.2134323 0.0270025
v -0.5919285 -0.2143901 0.0301182
v -0.6041847 -0.2139670 0.0329924
v -0.6009235 -0.2134148 0.0300749
v -0.6196503 -0.2059055 0.0377847
v -0.6093758 -0.2083062 0.0308697
v -0.6175608 -0.2093599 0.0423380
v -0.6122509 -0.2106786 0.0354453
v -0.6055623 -0.2117963 0.0300227
v -0.5784305 -0.2120299 0.0249021
v -0.5778713 -0.2128642 0.0257311
v -0.5951202 -0.2101642 0.0262693
v -0.5933624 -0.2121315 0.0270045
v -0.5918861 -0.2137693 0.0277277
v -0.6451889 -0.0575235 0.0252106
v -0.6528416 -0.0547889 0.0246838
v -0.6454920 -0.0551899 0.0258941
v -0.6378502 -0.0579317 0.0264664
v -0.6528246 -0.0530909 0.0255416
v -0.6456412 -0.0531766 0.0270347
v -0.6382474 -0.0552116 0.0274176
v -0.6310858 -0.0613526 0.0282625
v -0.6321798 -0.0576322 0.0284084
v -0.6254151 -0.0610963 0.0302504
v -0.6341745 -0.0551074 0.0290793
v -0.6280386 -0.0574553 0.0300640
v -0.6527464 -0.0511216 0.0291410
v -0.6451065 -0.0516209 0.0321585
v -0.6377832 -0.0527648 0.0323577
v -0.6453939 -0.0522520 0.0293430
v -0.6310434 -0.0544946 0.0361053
v -0.6254115 -0.0562967 0.0357018
v -0.6321508 -0.0545671 0.0319382
v -0.6527883 -0.0518314 0.0271043
v -0.6382411 -0.0535767 0.0292846
v -0.6280160 -0.0560493 0.0317051
v -0.6143882 -0.0665767 0.0436396
v -0.6143626 -0.0687562 0.0412036
v -0.6181263 -0.0640831 0.0362712
v -0.6181252 -0.0618551 0.0386693
v -0.6202719 -0.0652796 0.0338559
v -0.6232721 -0.0598954 0.0325910
v -0.6201914 -0.0597402 0.0401602
v -0.6232607 -0.0584264 0.0342246
v -0.6452941 -0.0516597 0.2009023
v -0.6529218 -0.0511277 0.2038957
v -0.6455313 -0.0523026 0.2035232
v -0.6378387 -0.0527710 0.2004936
v -0.6528636 -0.0518714 0.2057132
v -0.6456110 -0.0533133 0.2056246
v -0.6382851 -0.0536586 0.2034127
v -0.6310912 -0.0544560 0.1967793
v -0.6322007 -0.0545877 0.2008188
v -0.6254533 -0.0563187 0.1970418
v -0.6341639 -0.0552235 0.2036108
v -0.6280563 -0.0561541 0.2009921
v -0.6527173 -0.0552901 0.2078971
v -0.6450324 -0.0580558 0.2073372
v -0.6377556 -0.0582711 0.2060911
v -0.6453648 -0.0554784 0.2067093
v -0.6309545 -0.0617358 0.2043015
v -0.6253925 -0.0613198 0.2023350
v -0.6321081 -0.0578432 0.2041820
v -0.6528037 -0.0533493 0.2071198
v -0.6382489 -0.0554412 0.2052197
v -0.6280087 -0.0576152 0.2025656
v -0.6143623 -0.0687577 0.1912863
v -0.6143923 -0.0665089 0.1889207
v -0.6180878 -0.0618733 0.1939230
v -0.6180796 -0.0641665 0.1963416
v -0.6202711 -0.0597111 0.1925586
v -0.6233187 -0.0585071 0.1984083
v -0.6201834 -0.0654907 0.1986458
v -0.6232844 -0.0599763 0.2000215
v -0.6527249 -0.2174604 0.0246357
v -0.6450141 -0.2147211 0.0252530
v -0.6377191 -0.2145510 0.0264511
v -0.6453872 -0.2172910 0.0258470
v -0.6310053 -0.2110643 0.0282751
v -0.6253905 -0.2114006 0.0301966
v -0.6321545 -0.2148869 0.0283707
v -0.6527930 -0.2193929 0.0253856
v -0.6382091 -0.2173387 0.0273165
v -0.6456041 -0.2194001 0.0268875
v -0.6280648 -0.2151123 0.0299574
v -0.6341097 -0.2175848 0.0289185
v -0.6143845 -0.2040026 0.0412243
v -0.6143906 -0.2062331 0.0436422
v -0.6181310 -0.2108286 0.0386295
v -0.6181173 -0.2086305 0.0362259
v -0.6202935 -0.2130411 0.0400074
v -0.6254755 -0.2164864 0.0355063
v -0.6232857 -0.2142611 0.0341237
v -0.6202162 -0.2072577 0.0339199
v -0.6233072 -0.2127412 0.0325387
v -0.6280830 -0.2166372 0.0315814
v -0.6452849 -0.2210819 0.0316049
v -0.6529239 -0.2216129 0.0286639
v -0.6454817 -0.2204792 0.0290206
v -0.6378753 -0.2199373 0.0320570
v -0.6528780 -0.2208206 0.0267888
v -0.6382643 -0.2190620 0.0291284
v -0.6311389 -0.2183039 0.0357650
v -0.6322083 -0.2181763 0.0317157
v -0.6527524 -0.2216441 0.2034391
v -0.6451314 -0.2210828 0.2004245
v -0.6377576 -0.2200147 0.2001804
v -0.6453869 -0.2205076 0.2032096
v -0.6309905 -0.2182697 0.1964024
v -0.6253791 -0.2165137 0.1968682
v -0.6321778 -0.2182242 0.2005711
v -0.6527863 -0.2209671 0.2054982
v -0.6382709 -0.2191583 0.2032011
v -0.6456486 -0.2195630 0.2055307
v -0.6280637 -0.2167395 0.2008572
v -0.6341581 -0.2176578 0.2034911
v -0.6143415 -0.2062050 0.1889011
v -0.6143567 -0.2040138 0.1913281
v -0.6180950 -0.2086732 0.1962492
v -0.6181092 -0.2109242 0.1938227
v -0.6202408 -0.2074860 0.1986702
v -0.6253828 -0.2116494 0.2022875
v -0.6232816 -0.2128678 0.1999542
v -0.6202380 -0.2130538 0.1923481
v -0.6232733 -0.2143121 0.1983215
v -0.6280190 -0.2152915 0.2024884
v -0.6451851 -0.2152310 0.2072975
v -0.6528807 -0.2179333 0.2078863
v -0.6454320 -0.2175590 0.2066580
v -0.6378183 -0.2148505 0.2060623
v -0.6528462 -0.2196743 0.2070628
v -0.6382575 -0.2175465 0.2051212
v -0.6310356 -0.2113533 0.2042503
v -0.6321950 -0.2151209 0.2041474
v -2.0274694 -0.0665379 0.1889062
v -2.0274527 -0.0687131 0.1913515
v -2.0237462 -0.0640689 0.1962892
v -2.0237138 -0.0618354 0.1938448
v -2.0215803 -0.0652974 0.1986628
v -2.0164228 -0.0611017 0.2023537
v -2.0185107 -0.0598589 0.1999426
v -2.0216066 -0.0597278 0.1923556
v -2.0185406 -0.0584114 0.1983102
v -2.0164172 -0.0562710 0.1968589
v -2.0137572 -0.0574810 0.2024638
v -2.0137714 -0.0560520 0.2008516
v -1.9965985 -0.0575799 0.2073174
v -1.9889289 -0.0548099 0.2078694
v -1.9963750 -0.0551693 0.2066476
v -2.0040086 -0.0578739 0.2060919
v -1.9889768 -0.0531147 0.2070646
v -1.9961594 -0.0531689 0.2055165
v -2.0035491 -0.0552297 0.2051276
v -2.0107889 -0.0613729 0.2043001
v -2.0096487 -0.0576403 0.2041299
v -2.0076552 -0.0550491 0.2034825
v -1.9890537 -0.0510932 0.2034170
v -1.9967015 -0.0516410 0.2003993
v -2.0040555 -0.0527659 0.2001684
v -1.9963917 -0.0522397 0.2032122
v -2.0107886 -0.0544918 0.1964341
v -2.0096764 -0.0545478 0.2006032
v -1.9890172 -0.0518132 0.2054692
v -2.0036024 -0.0536144 0.2032211
v -1.9965363 -0.0516273 0.0316421
v -1.9889029 -0.0510941 0.0286372
v -1.9963199 -0.0523034 0.0290495
v -2.0039657 -0.0527799 0.0320226
v -1.9889865 -0.0519199 0.0267936
v -1.9961692 -0.0533108 0.0268595
v -2.0035632 -0.0537149 0.0291523
v -2.0107321 -0.0545039 0.0357684
v -2.0096487 -0.0545878 0.0317626
v -2.0163615 -0.0562692 0.0354775
v -2.0076815 -0.0551836 0.0289177
v -2.0137893 -0.0561081 0.0315732
v -1.9891115 -0.0552687 0.0246332
v -1.9967821 -0.0580079 0.0252426
v -2.0041278 -0.0582701 0.0264447
v -1.9964151 -0.0554775 0.0258246
v -2.0108777 -0.0616985 0.0283068
v -2.0164306 -0.0613472 0.0302177
v -2.0096782 -0.0578296 0.0283843
v -1.9890688 -0.0533669 0.0253886
v -2.0035898 -0.0554161 0.0273467
v -2.0137588 -0.0576260 0.0299850
v -2.0274727 -0.0687803 0.0412476
v -2.0274504 -0.0665381 0.0436126
v -2.0237115 -0.0619298 0.0386163
v -2.0237139 -0.0641418 0.0362289
v -2.0215588 -0.0596801 0.0399845
v -2.0185422 -0.0584781 0.0341347
v -2.0216380 -0.0654811 0.0338855
v -2.0185377 -0.0599669 0.0325482
v -1.9891116 -0.2174979 0.2079012
v -1.9968112 -0.2147220 0.2072917
v -2.0040761 -0.2145389 0.2060838
v -1.9964300 -0.2172724 0.2066812
v -2.0108264 -0.2110322 0.2042790
v -2.0164246 -0.2114325 0.2023296
v -2.0096998 -0.2148823 0.2041935
v -1.9890070 -0.2193764 0.2071621
v -2.0035871 -0.2173047 0.2051860
v -1.9961827 -0.2193969 0.2056622
v -2.0138208 -0.2151410 0.2025555
v -2.0076811 -0.2175596 0.2036215
v -2.0274799 -0.2039486 0.1913401
v -2.0274543 -0.2062517 0.1889270
v -2.0236732 -0.2108301 0.1939568
v -2.0237196 -0.2086292 0.1963113
v -2.0215739 -0.2130691 0.1925291
v -2.0163753 -0.2164879 0.1970277
v -2.0185583 -0.2142901 0.1984233
v -2.0216574 -0.2072599 0.1986365
v -2.0185813 -0.2127903 0.1999915
v -2.0137964 -0.2166639 0.2010054
v -1.9965018 -0.2210912 0.2009363
v -1.9889028 -0.2216439 0.2039076
v -1.9962797 -0.2204871 0.2035139
v -2.0039197 -0.2199898 0.2005245
v -1.9889185 -0.2208224 0.2057632
v -2.0035513 -0.2190638 0.2034179
v -2.0107037 -0.2182924 0.1967682
v -2.0096520 -0.2181468 0.2008342
v -1.9890479 -0.2216800 0.0291382
v -1.9966832 -0.2211180 0.0321269
v -2.0040581 -0.2200093 0.0323778
v -1.9963790 -0.2205406 0.0293484
v -2.0107921 -0.2183048 0.0361265
v -2.0164157 -0.2164840 0.0357333
v -2.0096655 -0.2181672 0.0319168
v -1.9890353 -0.2209276 0.0270489
v -2.0035796 -0.2191535 0.0292873
v -1.9961992 -0.2195489 0.0270446
v -2.0138013 -0.2167394 0.0316615
v -2.0076801 -0.2176812 0.0290355
v -2.0274803 -0.2062160 0.0436587
v -2.0274423 -0.2040247 0.0412058
v -2.0236960 -0.2087072 0.0362956
v -2.0236836 -0.2109029 0.0386940
v -2.0215688 -0.2074269 0.0338965
v -2.0163899 -0.2116472 0.0302182
v -2.0185568 -0.2128814 0.0325710
v -2.0216367 -0.2130483 0.0401750
v -2.0185330 -0.2143174 0.0342133
v -2.0137552 -0.2152985 0.0300763
v -1.9966105 -0.2151911 0.0252653
v -1.9889670 -0.2179303 0.0246335
v -1.9963503 -0.2176217 0.0259343
v -2.0039895 -0.2148347 0.0264560
v -1.9890180 -0.2196822 0.0255381
v -2.0035557 -0.2175181 0.0274598
v -2.0107438 -0.2113918 0.0282774
v -2.0096353 -0.2151330 0.0284297
v 1.3161323 0.3233111 0.0254236
v 1.3077719 0.3242486 0.0247655
v 1.3149509 0.3248484 0.0259267
v 1.3232963 0.3238752 0.0266167
v 1.3072347 0.3251635 0.0253679
v 1.3139487 0.3260587 0.0267659
v 1.3217033 0.3256909 0.0273843
v 1.3313022 0.3219786 0.0285199
v 1.3284659 0.3247271 0.0284810
v 1.3364945 0.3228288 0.0304215
v 1.3254564 0.3263651 0.0289411
v 1.3322437 0.3253279 0.0300476
v 1.3064272 0.3262739 0.0277934
v 1.3137616 0.3271178 0.0307146
v 1.3210673 0.3274499 0.0314944
v 1.3137311 0.3266446 0.0285890
v 1.3281904 0.3270416 0.0353988
v 1.3342626 0.3264753 0.0354080
v 1.3271367 0.3269702 0.0315129
v 1.3067387 0.3259003 0.0264160
v 1.3209797 0.3268300 0.0288855
v 1.3316013 0.3264511 0.0315146
v 1.3500530 0.3189622 0.0441491
v 1.3510751 0.3172300 0.0418723
v 1.3450018 0.3210012 0.0366314
v 1.3439199 0.3227585 0.0388722
v 1.3435791 0.3198776 0.0343337
v 1.3379548 0.3240032 0.0327277
v 1.3409051 0.3241519 0.0400633
v 1.3372634 0.3250762 0.0341895
v 1.3136018 0.3270504 0.2015246
v 1.3063785 0.3262146 0.2044319
v 1.3136995 0.3266149 0.2034433
v 1.3210090 0.3274046 0.2005274
v 1.3067197 0.3258138 0.2055549
v 1.3140318 0.3258911 0.2050681
v 1.3209976 0.3267612 0.2029641
v 1.3280918 0.3270265 0.1966542
v 1.3271221 0.3269100 0.2004103
v 1.3342314 0.3264696 0.1965204
v 1.3255169 0.3262261 0.2028753
v 1.3316195 0.3263304 0.2002771
v 1.3082332 0.3237923 0.2069313
v 1.3166143 0.3228318 0.2062195
v 1.3235309 0.3235310 0.2050704
v 1.3152125 0.3244928 0.2057787
v 1.3315552 0.3216300 0.2031389
v 1.3366609 0.3226279 0.2012820
v 1.3286888 0.3244569 0.2032008
v 1.3073794 0.3249286 0.2064637
v 1.3218150 0.3255281 0.2044455
v 1.3323481 0.3252197 0.2016679
v 1.3510816 0.3172076 0.1898214
v 1.3500162 0.3190135 0.1875327
v 1.3439718 0.3227209 0.1928554
v 1.3450554 0.3209759 0.1951226
v 1.3409010 0.3242122 0.1917779
v 1.3372892 0.3249941 0.1976376
v 1.3436783 0.3196840 0.1973602
v 1.3380498 0.3238407 0.1989899
v 1.3966362 0.1783877 0.0247602
v 1.4021769 0.1820712 0.0254512
v 1.4084401 0.1839669 0.0265879
v 1.4028807 0.1802393 0.0259031
v 1.4127069 0.1882772 0.0285644
v 1.4177022 0.1893130 0.0304314
v 1.4134608 0.1849865 0.0284340
v 1.3972361 0.1771669 0.0252363
v 1.4091957 0.1817857 0.0272509
v 1.4035027 0.1787173 0.0266000
v 1.4171952 0.1857870 0.0299758
v 1.4128992 0.1825572 0.0288054
v 1.4232282 0.1986507 0.0418763
v 1.4242802 0.1968597 0.0441477
v 1.4235855 0.1917702 0.0388173
v 1.4224961 0.1935405 0.0365520
v 1.4227695 0.1895283 0.0399229
v 1.4199741 0.1854384 0.0351403
v 1.4208611 0.1876435 0.0340640
v 1.4200551 0.1940560 0.0343246
v 1.4201416 0.1887837 0.0326699
v 1.4178622 0.1846221 0.0314142
v 1.4044503 0.1776894 0.0301925
v 1.3978820 0.1757870 0.0272157
v 1.4040552 0.1781029 0.0282101
v 1.4106547 0.1799922 0.0311146
v 1.3976805 0.1762877 0.0261059
v 1.4098786 0.1805305 0.0287098
v 1.4158050 0.1828120 0.0349831
v 1.4148354 0.1825887 0.0313027
v 1.3979519 0.1757923 0.2038815
v 1.4045478 0.1777076 0.2009268
v 1.4107270 0.1799690 0.2001493
v 1.4041597 0.1780427 0.2031363
v 1.4158613 0.1828169 0.1963315
v 1.4200275 0.1854200 0.1963107
v 1.4149038 0.1825366 0.2001720
v 1.3978171 0.1762141 0.2053028
v 1.4099678 0.1804802 0.2027534
v 1.4036759 0.1786152 0.2049115
v 1.4179272 0.1845376 0.2001284
v 1.4129823 0.1824043 0.2027506
v 1.4243248 0.1968794 0.1874927
v 1.4232329 0.1986045 0.1897984
v 1.4225731 0.1934791 0.1950816
v 1.4235957 0.1917861 0.1928051
v 1.4201987 0.1938768 0.1973242
v 1.4178393 0.1890819 0.2012591
v 1.4202022 0.1886457 0.1989439
v 1.4227412 0.1895689 0.1916195
v 1.4209050 0.1875663 0.1974634
v 1.4172372 0.1856070 0.2016012
v 1.4023665 0.1815457 0.2062621
v 1.3968224 0.1778471 0.2069443
v 1.4030662 0.1799128 0.2057246
v 1.4085791 0.1836209 0.2050719
v 1.3973788 0.1769021 0.2063474
v 1.4093520 0.1816226 0.2043019
v 1.4128454 0.1879305 0.2031527
v 1.4135856 0.1847992 0.2031646
v -0.6952250 -0.0840840 0.1875439
v -0.6941891 -0.0858619 0.1898315
v -0.6935412 -0.0807595 0.1950584
v -0.6945830 -0.0789936 0.1927636
v -0.6911396 -0.0811203 0.1973916
v -0.6888091 -0.0763241 0.2011936
v -0.6911731 -0.0759384 0.1989225
v -0.6937229 -0.0768196 0.1915658
v -0.6918611 -0.0748146 0.1974533
v -0.6910197 -0.0726519 0.1962864
v -0.6882293 -0.0728787 0.2016375
v -0.6888729 -0.0717766 0.2001475
v -0.6733459 -0.0687818 0.2062714
v -0.6677588 -0.0651172 0.2069444
v -0.6740041 -0.0671852 0.2057182
v -0.6795167 -0.0708746 0.2050774
v -0.6683512 -0.0641732 0.2063723
v -0.6745937 -0.0658307 0.2049088
v -0.6802575 -0.0688240 0.2043545
v -0.6837567 -0.0751342 0.2031380
v -0.6845427 -0.0720644 0.2031738
v -0.6839534 -0.0696883 0.2027942
v -0.6689506 -0.0630142 0.2039097
v -0.6754843 -0.0649536 0.2009352
v -0.6816904 -0.0672388 0.2001681
v -0.6750669 -0.0653179 0.2030845
v -0.6868114 -0.0700613 0.1963011
v -0.6858857 -0.0698277 0.2001763
v -0.6687061 -0.0634138 0.2052999
v -0.6809553 -0.0677310 0.2027734
v -0.6753726 -0.0649470 0.0301660
v -0.6687620 -0.0630461 0.0272383
v -0.6749886 -0.0653322 0.0282276
v -0.6816025 -0.0672531 0.0311264
v -0.6686086 -0.0635205 0.0260748
v -0.6744942 -0.0659562 0.0265945
v -0.6808606 -0.0677921 0.0287231
v -0.6867241 -0.0700432 0.0349804
v -0.6857967 -0.0698510 0.0312891
v -0.6909742 -0.0726628 0.0351937
v -0.6838254 -0.0698100 0.0287919
v -0.6887940 -0.0718181 0.0313945
v -0.6675916 -0.0655974 0.0247626
v -0.6731049 -0.0693129 0.0254343
v -0.6793840 -0.0712453 0.0265456
v -0.6738449 -0.0675488 0.0258839
v -0.6836292 -0.0754982 0.0285601
v -0.6886884 -0.0765421 0.0304110
v -0.6843971 -0.0722468 0.0284410
v -0.6681685 -0.0644305 0.0251845
v -0.6801408 -0.0690936 0.0272327
v -0.6881200 -0.0730390 0.0300116
v -0.6941900 -0.0858749 0.0418750
v -0.6952533 -0.0840785 0.0441219
v -0.6945569 -0.0789998 0.0388331
v -0.6934345 -0.0807929 0.0366051
v -0.6937321 -0.0768082 0.0398742
v -0.6917755 -0.0748943 0.0341086
v -0.6910259 -0.0813007 0.0343355
v -0.6910821 -0.0760477 0.0326812
v -0.5791395 -0.2110018 0.2069566
v -0.5875286 -0.2100437 0.2062713
v -0.5944978 -0.2107451 0.2050974
v -0.5861013 -0.2117123 0.2057895
v -0.6025251 -0.2088692 0.2031008
v -0.6075906 -0.2098566 0.2012413
v -0.5996317 -0.2116977 0.2032409
v -0.5783357 -0.2121678 0.2064975
v -0.5927424 -0.2127578 0.2044396
v -0.5849667 -0.2131799 0.2050944
v -0.6033177 -0.2124388 0.2016968
v -0.5965063 -0.2134844 0.2028811
v -0.6220298 -0.2044470 0.1898076
v -0.6209528 -0.2062256 0.1875661
v -0.6149049 -0.2099906 0.1928870
v -0.6159928 -0.2082193 0.1951087
v -0.6118064 -0.2114524 0.1917468
v -0.6051416 -0.2137319 0.1965208
v -0.6082605 -0.2122865 0.1976063
v -0.6146280 -0.2069071 0.1973564
v -0.6089686 -0.2111341 0.1990248
v -0.6025996 -0.2135858 0.2002892
v -0.5845708 -0.2142957 0.2015311
v -0.5772832 -0.2134864 0.2044363
v -0.5846368 -0.2138761 0.2034549
v -0.5919000 -0.2146548 0.2005413
v -0.5776455 -0.2130245 0.2055599
v -0.5919155 -0.2140036 0.2029964
v -0.5990446 -0.2142792 0.1967074
v -0.5980322 -0.2141400 0.2003835
v -0.5774090 -0.2135693 0.0278135
v -0.5846754 -0.2142977 0.0307596
v -0.5919787 -0.2146755 0.0315180
v -0.5846716 -0.2139195 0.0285691
v -0.5990999 -0.2142763 0.0353999
v -0.6051873 -0.2137201 0.0353958
v -0.5980338 -0.2141992 0.0315409
v -0.5776648 -0.2131634 0.0263985
v -0.5919394 -0.2140747 0.0289484
v -0.5849170 -0.2133503 0.0267804
v -0.6025121 -0.2136932 0.0315210
v -0.5963918 -0.2136188 0.0289456
v -0.6209841 -0.2062482 0.0441412
v -0.6220328 -0.2044706 0.0418424
v -0.6159722 -0.2082672 0.0366004
v -0.6148868 -0.2099765 0.0389241
v -0.6145079 -0.2071385 0.0343441
v -0.6074683 -0.2100984 0.0304659
v -0.6088621 -0.2112640 0.0327536
v -0.6118797 -0.2114613 0.0400852
v -0.6081809 -0.2122976 0.0342374
v -0.6032269 -0.2126167 0.0301032
v -0.5870778 -0.2105758 0.0254551
v -0.5787555 -0.2114763 0.0247966
v -0.5858549 -0.2120934 0.0259416
v -0.5942330 -0.2111376 0.0265955
v -0.5781404 -0.2124525 0.0253246
v -0.5926228 -0.2129436 0.0273222
v -0.6022126 -0.2092312 0.0285188
v -0.5994518 -0.2119488 0.0285200
v -0.6128530 -0.1364047 0.0452279
v -0.6159008 -0.1362971 0.0372735
v -0.6245434 -0.1362483 0.0305468
v -0.6374983 -0.1361633 0.0260329
v -0.6527963 -0.1360727 0.0244165
v -0.6528822 -0.0509095 0.1165748
v -0.6375832 -0.0523666 0.1164683
v -0.6245886 -0.0565943 0.1163804
v -0.6159203 -0.0628745 0.1162983
v -0.6128239 -0.0702398 0.1162569
v -0.6128817 -0.2024914 0.1163041
v -0.6158874 -0.2099346 0.1162246
v -0.6245682 -0.2161866 0.1161244
v -0.6375507 -0.2203663 0.1160921
v -0.6528960 -0.2218813 0.1160030
v -0.6527740 -0.1366508 0.2080850
v -0.6374732 -0.1365602 0.2064940
v -0.6245792 -0.1365082 0.2020333
v -0.6158804 -0.1364264 0.1952605
v -0.6128585 -0.1363766 0.1873736
v -1.9889746 -0.0509210 0.1159760
v -2.0042539 -0.0523866 0.1160738
v -2.0172560 -0.0565740 0.1161325
v -2.0259266 -0.0628234 0.1162361
v -2.0289992 -0.0702332 0.1162733
v 1.3885223 0.2581807 0.0459476
v 1.3857857 0.2577308 0.0377826
v 1.3778538 0.2562784 0.0308913
v 1.3661116 0.2540239 0.0262077
v 1.3522197 0.2513536 0.0246321
v 1.3063147 0.3263465 0.1161788
v 1.3210457 0.3277695 0.1160839
v 1.3352075 0.3262930 0.1159497
v 1.3465481 0.3221358 0.1158973
v 1.3534581 0.3159083 0.1157912
v 1.4236600 0.2005016 0.1158557
v 1.4249697 0.1932197 0.1157756
v 1.4205560 0.1859383 0.1157340
v 1.4110434 0.1797712 0.1155923
v 1.3979617 0.1756775 0.1155307
v 1.3525699 0.2507975 0.2070971
v 1.3663701 0.2535940 0.2054606
v 1.3780248 0.2559778 0.2007942
v 1.3858128 0.2576094 0.1939204
v 1.3885436 0.2582242 0.1857350
v -0.6688982 -0.0629278 0.1154831
v -0.6819969 -0.0670116 0.1156379
v -0.6915103 -0.0731828 0.1157201
v -0.6959256 -0.0804588 0.1158129
v -0.6945810 -0.0877615 0.1158906
v -1.3207882 -0.0560120 0.2080828
v -1.3208541 -0.0540954 0.2077031
v -1.3209115 -0.0523924 0.2065092
v -1.3209946 -0.0513071 0.2047403
v -1.3210125 -0.0509190 0.2026219
v -1.3207779 -0.0509401 0.0299564
v -1.3208341 -0.0513062 0.0278124
v -1.3209324 -0.0524152 0.0260292
v -1.3209586 -0.0540552 0.0248560
v -1.3210145 -0.0560194 0.0244698
v -1.3210398 -0.2167315 0.2080837
v -1.3209589 -0.2186914 0.2076870
v -1.3209293 -0.2203406 0.2064885
v -1.3208582 -0.2214500 0.2046773
v -1.3208093 -0.2218174 0.2026230
v -2.0289957 -0.1364118 0.1873322
v -2.0259431 -0.1363076 0.1953064
v -2.0172783 -0.1362743 0.2020130
v -2.0043437 -0.1361506 0.2065488
v -1.9890501 -0.1361052 0.2081067
v -2.0289501 -0.2025285 0.1162428
v -2.0259442 -0.2099021 0.1162969
v -2.0172295 -0.2161584 0.1164194
v -2.0042911 -0.2204021 0.1164526
v -1.9889798 -0.2218545 0.1165588
v -1.9890254 -0.1366969 0.0244251
v -2.0043197 -0.1365534 0.0260474
v -2.0173044 -0.1364798 0.0305355
v -2.0259493 -0.1364408 0.0372465
v -2.0290000 -0.1363688 0.0452369
v -1.3207774 -0.2167042 0.0244130
v -1.3208443 -0.2186921 0.0248581
v -1.3208822 -0.2203624 0.0260782
v -1.3209500 -0.2214366 0.0278080
v -1.3210174 -0.2218222 0.0299184
v 0.3205859 0.1287417 0.2070828
v 0.3198720 0.1298781 0.2068080
v 0.3191992 0.1308442 0.2060205
v 0.3188020 0.1315220 0.2048676
v 0.3186009 0.1317120 0.2034690
v 0.3187660 0.1317253 0.0282051
v 0.3188727 0.1315410 0.0268180
v 0.3192259 0.1308831 0.0256684
v 0.3197967 0.1298800 0.0248947
v 0.3204170 0.1287405 0.0246417
v 0.4084547 -0.0160458 0.2070981
v 0.4092064 -0.0171172 0.2068106
v 0.4098359 -0.0180905 0.2060302
v 0.4102888 -0.0187196 0.2048812
v 0.4104168 -0.0189609 0.2034901
v -0.6594984 -0.1454958 0.1856846
v -0.6567687 -0.1448492 0.1938838
v -0.6490168 -0.1432336 0.2008372
v -0.6373373 -0.1408241 0.2054614
v -0.6235571 -0.1380478 0.2070731
v -0.6244190 -0.2031378 0.1157977
v -0.6175094 -0.2093571 0.1158611
v -0.6061141 -0.2135527 0.1159534
v -0.5919887 -0.2150540 0.1160407
v -0.5772355 -0.2136046 0.1161873
v -0.6231913 -0.1386290 0.0245886
v -0.6370549 -0.1412734 0.0262604
v -0.6488393 -0.1434581 0.0308840
v -0.6566918 -0.1449563 0.0377687
v -0.6594748 -0.1454352 0.0459899
v 0.4086492 -0.0159658 0.0246217
v 0.4092868 -0.0171329 0.0248647
v 0.4098463 -0.0180953 0.0256955
v 0.4101375 -0.0187631 0.0268086
v 0.4102930 -0.0189819 0.0281752
v -1.3209434 -0.1363838 0.0244789
v -0.6128501 -0.1363956 0.1162424
v -1.3209354 -0.0508865 0.1162784
v -1.3209449 -0.1363787 0.2080880
v -1.3209157 -0.2218394 0.1162970
v -2.0289506 -0.1363880 0.1163054
v 0.3644953 0.0564031 0.0245873
v 1.3885683 0.2581887 0.1158738
v 0.3186986 0.1317659 0.1158426
v 0.3645105 0.0563552 0.2070528
v 0.4103484 -0.0189779 0.1158455
v -0.6595212 -0.1454620 0.1158190
v -0.6453624 -0.0563442 0.0255602
v -0.6455548 -0.0541427 0.0264456
v -0.6316095 -0.0594840 0.0283824
v -0.6331250 -0.0563558 0.0287496
v -0.6453030 -0.0518989 0.0307596
v -0.6316090 -0.0544927 0.0340376
v -0.6455068 -0.0527222 0.0282051
v -0.6331382 -0.0548258 0.0305287
v -0.6162424 -0.0652718 0.0399516
v -0.6217515 -0.0625713 0.0332312
v -0.6217791 -0.0590818 0.0371931
v -0.6256444 -0.0579654 0.0321185
v -0.6454113 -0.0519546 0.2022115
v -0.6455788 -0.0528104 0.2045606
v -0.6316722 -0.0545768 0.1987929
v -0.6331672 -0.0549251 0.2021945
v -0.6452351 -0.0567536 0.2069676
v -0.6315707 -0.0597654 0.2042516
v -0.6455012 -0.0543761 0.2062075
v -0.6331158 -0.0564926 0.2038950
v -0.6162198 -0.0653141 0.1926250
v -0.6217476 -0.0590812 0.1954671
v -0.6217630 -0.0627375 0.1993385
v -0.6256374 -0.0580602 0.2005055
v -0.6452024 -0.2159955 0.0255187
v -0.6315168 -0.2129424 0.0283034
v -0.6455041 -0.2183320 0.0263418
v -0.6331161 -0.2162074 0.0286897
v -0.6162549 -0.2074070 0.0399362
v -0.6218104 -0.2136735 0.0370646
v -0.6217279 -0.2100216 0.0331874
v -0.6256716 -0.2146961 0.0320387
v -0.6453865 -0.2208110 0.0303537
v -0.6455546 -0.2199775 0.0279759
v -0.6316711 -0.2182180 0.0337239
v -0.6331589 -0.2178697 0.0303122
v -0.6452773 -0.2207899 0.2018132
v -0.6316081 -0.2182042 0.1984916
v -0.6454944 -0.2200455 0.2043425
v -0.6331471 -0.2179531 0.2020181
v -0.6162548 -0.2074542 0.1925884
v -0.6217680 -0.2102013 0.1992717
v -0.6217573 -0.2136875 0.1953731
v -0.6256839 -0.2148345 0.2003739
v -0.6453746 -0.2163710 0.2069762
v -0.6455495 -0.2185577 0.2061018
v -0.6315981 -0.2132791 0.2042018
v -0.6331565 -0.2163880 0.2038296
v -2.0255539 -0.0653190 0.1925601
v -2.0200434 -0.0625506 0.1992731
v -2.0200858 -0.0590769 0.1953612
v -2.0161252 -0.0579442 0.2004310
v -1.9964804 -0.0563524 0.2069998
v -1.9962809 -0.0541551 0.2060616
v -2.0102339 -0.0595120 0.2042090
v -2.0087004 -0.0563628 0.2037948
v -1.9965390 -0.0519130 0.2017855
v -2.0102310 -0.0545221 0.1985180
v -1.9963123 -0.0526659 0.2043679
v -2.0086615 -0.0547925 0.2020612
v -1.9963856 -0.0519398 0.0303459
v -1.9962359 -0.0527833 0.0279396
v -2.0101998 -0.0545351 0.0337503
v -2.0086667 -0.0549223 0.0303155
v -1.9965888 -0.0567225 0.0255281
v -2.0103026 -0.0597786 0.0283374
v -1.9963323 -0.0544077 0.0263524
v -2.0087045 -0.0565406 0.0286723
v -2.0255831 -0.0653057 0.0398956
v -2.0200112 -0.0590856 0.0370691
v -2.0201170 -0.0627248 0.0332125
v -2.0161559 -0.0580493 0.0320197
v -1.9965811 -0.2159835 0.2070227
v -2.0102442 -0.2129944 0.2042285
v -1.9963312 -0.2183275 0.2061872
v -2.0087152 -0.2162491 0.2039158
v -2.0256058 -0.2074041 0.1926072
v -2.0200685 -0.2136463 0.1954912
v -2.0200598 -0.2099949 0.1993166
v -2.0161718 -0.2146875 0.2005102
v -1.9964397 -0.2207772 0.2022180
v -1.9962254 -0.2199403 0.2045804
v -2.0101821 -0.2182070 0.1987904
v -2.0086748 -0.2178434 0.2022229
v -1.9965162 -0.2208018 0.0307545
v -2.0102150 -0.2182228 0.0340528
v -1.9962963 -0.2200632 0.0281760
v -2.0086731 -0.2179264 0.0305098
v -2.0256063 -0.2074538 0.0399649
v -2.0200779 -0.2101747 0.0332540
v -2.0200653 -0.2136674 0.0371837
v -2.0161274 -0.2148331 0.0321437
v -1.9964808 -0.2163720 0.0255784
v -1.9962930 -0.2185708 0.0264929
v -2.0102080 -0.2132251 0.0283777
v -2.0086471 -0.2163667 0.0287576
v 1.3155266 0.3240588 0.0256999
v 1.3144362 0.3254205 0.0263729
v 1.3298879 0.3233631 0.0285461
v 1.3269924 0.3255379 0.0287131
v 1.3137256 0.3268817 0.0296249
v 1.3276157 0.3269609 0.0334489
v 1.3138338 0.3263920 0.0276404
v 1.3262690 0.3266598 0.0302231
v 1.3475355 0.3200151 0.0403675
v 1.3407382 0.3219202 0.0335104
v 1.3390662 0.3246149 0.0371095
v 1.3347995 0.3252507 0.0321259
v 1.3136774 0.3268453 0.2025080
v 1.3138557 0.3262588 0.2042669
v 1.3276183 0.3269409 0.1985217
v 1.3263093 0.3265606 0.2016509
v 1.3158970 0.3236743 0.2059889
v 1.3301137 0.3230639 0.2031517
v 1.3146120 0.3252179 0.2054508
v 1.3270891 0.3253867 0.2030542
v 1.3475639 0.3200066 0.1913030
v 1.3390682 0.3245805 0.1946677
v 1.3408822 0.3217891 0.1981654
v 1.3348420 0.3250888 0.1996185
v 1.4025457 0.1812003 0.0256924
v 1.4130903 0.1866559 0.0285259
v 1.4032159 0.1794924 0.0262631
v 1.4131873 0.1837890 0.0286039
v 1.4233791 0.1951928 0.0403406
v 1.4218090 0.1885657 0.0369739
v 1.4201078 0.1914352 0.0334796
v 1.4189967 0.1866799 0.0320108
v 1.4042285 0.1778832 0.0292196
v 1.4037869 0.1784187 0.0274016
v 1.4153057 0.1827321 0.0331516
v 1.4138563 0.1825495 0.0300605
v 1.4043468 0.1778760 0.2020160
v 1.4153631 0.1826837 0.1982563
v 1.4039157 0.1783388 0.2039959
v 1.4139478 0.1824748 0.2014456
v 1.4234500 0.1951628 0.1913102
v 1.4202289 0.1912987 0.1981736
v 1.4218332 0.1885498 0.1945325
v 1.4190987 0.1866129 0.1995758
v 1.4026896 0.1807025 0.2059713
v 1.4033809 0.1792343 0.2053344
v 1.4132164 0.1863621 0.2031568
v 1.4133115 0.1836067 0.2029963
v -0.6943904 -0.0824497 0.1913269
v -0.6911392 -0.0785052 0.1981384
v -0.6927643 -0.0758153 0.1945163
v -0.6900296 -0.0738205 0.1995722
v -0.6736777 -0.0679622 0.2060067
v -0.6742888 -0.0665007 0.2053505
v -0.6841664 -0.0735905 0.2031789
v -0.6842404 -0.0708434 0.2029715
v -0.6752827 -0.0651719 0.2020335
v -0.6863275 -0.0699395 0.1982490
v -0.6748472 -0.0655723 0.2040095
v -0.6849072 -0.0697255 0.2014245
v -0.6751536 -0.0651426 0.0291896
v -0.6746901 -0.0656951 0.0273737
v -0.6862911 -0.0699665 0.0331252
v -0.6848432 -0.0698013 0.0300752
v -0.6734746 -0.0684334 0.0256419
v -0.6840574 -0.0739272 0.0284753
v -0.6741674 -0.0667797 0.0262034
v -0.6841583 -0.0710677 0.0286047
v -0.6943830 -0.0824603 0.0403793
v -0.6927221 -0.0758394 0.0369669
v -0.6910653 -0.0786631 0.0335392
v -0.6899329 -0.0739748 0.0320448
v -0.5868512 -0.2108787 0.2060059
v -0.6010902 -0.2103203 0.2031530
v -0.5855536 -0.2124873 0.2054434
v -0.5980333 -0.2125925 0.2030593
v -0.6184742 -0.2072130 0.1913399
v -0.6100121 -0.2118186 0.1947196
v -0.6118297 -0.2090133 0.1981496
v -0.6057866 -0.2123371 0.1996851
v -0.5846097 -0.2140549 0.2024858
v -0.5848248 -0.2134768 0.2042878
v -0.5985690 -0.2142137 0.1985204
v -0.5972609 -0.2138237 0.2016141
v -0.5846806 -0.2141341 0.0296572
v -0.5985465 -0.2141950 0.0334852
v -0.5847883 -0.2136159 0.0276453
v -0.5972454 -0.2138753 0.0302334
v -0.6184327 -0.2072843 0.0404100
v -0.6117156 -0.2092032 0.0335448
v -0.6100565 -0.2118787 0.0371358
v -0.6057434 -0.2124884 0.0321653
v -0.5864636 -0.2113428 0.0257083
v -0.5853685 -0.2126681 0.0263312
v -0.6008536 -0.2106106 0.0285443
v -0.5979557 -0.2127795 0.0287444
v -0.6143516 -0.1363353 0.0412417
v -0.6201998 -0.1363088 0.0338937
v -0.6309974 -0.1362084 0.0282683
v -0.6451501 -0.1361101 0.0252034
v -0.6451953 -0.0516206 0.1165396
v -0.6310361 -0.0544585 0.1164713
v -0.6202062 -0.0596951 0.1163684
v -0.6143750 -0.0665246 0.1162765
v -0.6144095 -0.2061908 0.1162756
v -0.6202397 -0.2130367 0.1161668
v -0.6310707 -0.2182542 0.1161124
v -0.6452145 -0.2211302 0.1160085
v -0.6451182 -0.1366225 0.2073040
v -0.6310421 -0.1365631 0.2042597
v -0.6202326 -0.1364413 0.1986402
v -0.6143537 -0.1364092 0.1913374
v -1.9966069 -0.0516531 0.1160061
v -2.0107353 -0.0545070 0.1161113
v -2.0215775 -0.0597288 0.1162071
v -2.0274538 -0.0665632 0.1162779
v 1.3871634 0.2579229 0.0418546
v 1.3817939 0.2569516 0.0343303
v 1.3719636 0.2551327 0.0285505
v 1.3591601 0.2527184 0.0254311
v 1.3136937 0.3270512 0.1161191
v 1.3281059 0.3270439 0.1160503
v 1.3408946 0.3241719 0.1159024
v 1.3499918 0.3190127 0.1158224
v 1.4243068 0.1968484 0.1158452
v 1.4227511 0.1895885 0.1157338
v 1.4157896 0.1828658 0.1156580
v 1.4045242 0.1777462 0.1155558
v 1.3594573 0.2522087 0.2062504
v 1.3722320 0.2547756 0.2031061
v 1.3819073 0.2568287 0.1973544
v 1.3871456 0.2579023 0.1897816
v -0.6754748 -0.0649259 0.1155787
v -0.6867864 -0.0700605 0.1156387
v -0.6937053 -0.0768299 0.1157343
v -0.6952546 -0.0841367 0.1158372
v -1.3208483 -0.0550331 0.2079116
v -1.3208938 -0.0532583 0.2070876
v -1.3209654 -0.0518218 0.2056038
v -1.3210294 -0.0510760 0.2036389
v -1.3208515 -0.0510976 0.0288747
v -1.3208514 -0.0518292 0.0269592
v -1.3209380 -0.0532672 0.0254490
v -1.3210143 -0.0550346 0.0246248
v -1.3210115 -0.2176817 0.2078958
v -1.3209063 -0.2195474 0.2071125
v -1.3208977 -0.2208836 0.2055921
v -1.3208269 -0.2216427 0.2036333
v -2.0274572 -0.1363317 0.1912935
v -2.0216314 -0.1362676 0.1986276
v -2.0108377 -0.1362333 0.2042594
v -1.9966763 -0.1361516 0.2072961
v -2.0274627 -0.2061972 0.1162793
v -2.0215658 -0.2130676 0.1163470
v -2.0107199 -0.2183105 0.1164500
v -1.9965804 -0.2211031 0.1164915
v -1.9966596 -0.1366202 0.0252663
v -2.0107894 -0.1365532 0.0282851
v -2.0216301 -0.1364705 0.0338604
v -2.0274794 -0.1363971 0.0412190
v -1.3208603 -0.2177075 0.0246566
v -1.3208534 -0.2195204 0.0254559
v -1.3209208 -0.2209321 0.0269214
v -1.3209861 -0.2216700 0.0289085
v 0.3201793 0.1293398 0.2069121
v 0.3195410 0.1304092 0.2063943
v 0.3190084 0.1311489 0.2054184
v 0.3186756 0.1315774 0.2041932
v 0.3188001 0.1316463 0.0275099
v 0.3190562 0.1311709 0.0262219
v 0.3195485 0.1303927 0.0253061
v 0.3200948 0.1293155 0.0247749
v 0.4088449 -0.0165911 0.2069159
v 0.4095108 -0.0176550 0.2063792
v 0.4100864 -0.0184383 0.2054197
v 0.4103684 -0.0188850 0.2041964
v -0.6581283 -0.1451801 0.1898051
v -0.6528709 -0.1440161 0.1973520
v -0.6431483 -0.1419971 0.2031586
v -0.6304405 -0.1394102 0.2062793
v -0.6209541 -0.2062463 0.1158469
v -0.6118475 -0.2114480 0.1159082
v -0.5990637 -0.2142764 0.1160483
v -0.5846253 -0.2143078 0.1161262
v -0.6301114 -0.1399486 0.0254615
v -0.6429306 -0.1423900 0.0285800
v -0.6527986 -0.1442423 0.0343538
v -0.6580991 -0.1451701 0.0418443
v 0.4089748 -0.0165935 0.0247579
v 0.4095535 -0.0176029 0.0252893
v 0.4099854 -0.0184251 0.0262365
v 0.4102381 -0.0188889 0.0275351
v -1.0981284 -0.1630394 0.0244257
v -0.6128237 -0.1143006 0.0925696
v -1.0982173 -0.0508991 0.0876028
v -1.5436912 -0.1096874 0.0244457
v -0.6128738 -0.1584089 0.1399368
v -1.0981469 -0.1096978 0.2081101
v -1.5436488 -0.0508821 0.1449674
v -1.5436562 -0.2218553 0.0875600
v -1.0982079 -0.2218631 0.1449515
v -1.5436662 -0.1630492 0.2080702
v -2.0289326 -0.1143513 0.1399551
v -2.0289326 -0.1584015 0.0925775
v 0.7084726 0.0972653 0.0246125
v 1.3768251 0.2774066 0.0925162
v 0.6479430 0.1966298 0.0867644
v 0.0206354 0.0154947 0.0246160
v 1.4002410 0.2390005 0.1391712
v 0.6792211 0.1453048 0.2070338
v -0.0105521 0.0668563 0.1449777
v 0.0811131 -0.0838306 0.0867193
v 0.7395626 0.0458902 0.1449643
v 0.0498257 -0.0325500 0.2070729
v -0.6711920 -0.1262430 0.1391367
v -0.6477935 -0.1646859 0.0925143
vn 0.0694 0.1357 -0.9883
vn 0.0835 0.2402 -0.9671
vn 0.1712 0.2806 -0.9444
vn 0.1370 0.1439 -0.9801
vn 0.0914 0.4271 -0.8996
vn 0.1853 0.3894 -0.9022
vn 0.2443 0.3554 -0.9022
vn 0.2499 0.2663 -0.9309
vn 0.2361 0.1292 -0.9631
vn 0.0925 0.5820 -0.8079
vn 0.1848 0.5028 -0.8445
vn 0.0862 0.7489 -0.6571
vn 0.1784 0.7414 -0.6469
vn 0.2397 0.7252 -0.6455
vn 0.2466 0.4410 -0.8630
vn 0.3187 0.1367 -0.9379
vn 0.3325 0.0565 -0.9414
vn 0.3078 0.3102 -0.8995
vn 0.4798 0.3633 -0.7987
vn 0.4836 0.1138 -0.8679
vn 0.4914 0.0662 -0.8684
vn 0.3143 0.4516 -0.8350
vn 0.3276 0.7051 -0.6289
vn 0.3704 0.6935 -0.6179
vn 0.4349 0.5683 -0.6985
vn 0.0630 0.9927 -0.1030
vn 0.1242 0.9862 -0.1095
vn 0.1541 0.9646 -0.2140
vn 0.0751 0.9802 -0.1832
vn 0.2188 0.9706 -0.1003
vn 0.2294 0.9510 -0.2072
vn 0.2259 0.9333 -0.2792
vn 0.1688 0.9392 -0.2992
vn 0.0842 0.9372 -0.3386
vn 0.3099 0.9499 -0.0412
vn 0.2951 0.9500 -0.1022
vn 0.4641 0.8843 -0.0515
vn 0.4555 0.8861 -0.0860
vn 0.4604 0.8326 -0.3078
vn 0.2862 0.9261 -0.2457
vn 0.1718 0.9037 -0.3922
vn 0.0867 0.8769 -0.4727
vn 0.2307 0.9083 -0.3490
vn 0.2967 0.8818 -0.3665
vn 0.4256 0.7617 -0.4886
vn 0.9740 0.1664 -0.1539
vn 0.9304 0.1836 -0.3174
vn 0.8763 0.3582 -0.3221
vn 0.9243 0.3443 -0.1649
vn 0.8156 0.1983 -0.5435
vn 0.7761 0.3251 -0.5404
vn 0.7238 0.5125 -0.4620
vn 0.7621 0.5826 -0.2825
vn 0.7984 0.5760 -0.1755
vn 0.6422 0.1044 -0.7594
vn 0.6716 0.2071 -0.7114
vn 0.6642 0.4253 -0.6148
vn 0.6439 0.7461 -0.1695
vn 0.6133 0.7853 -0.0847
vn 0.6492 0.6655 -0.3684
vn 0.5864 0.6049 -0.5387
vn 0.0646 0.9910 0.1173
vn 0.0781 0.9751 0.2076
vn 0.1610 0.9568 0.2420
vn 0.1278 0.9841 0.1232
vn 0.0872 0.9214 0.3788
vn 0.1759 0.9240 0.3396
vn 0.2312 0.9229 0.3079
vn 0.2347 0.9448 0.2285
vn 0.2206 0.9691 0.1101
vn 0.0898 0.8467 0.5244
vn 0.1777 0.8778 0.4449
vn 0.0866 0.7082 0.7007
vn 0.1791 0.6993 0.6921
vn 0.2403 0.6962 0.6765
vn 0.2353 0.8923 0.3853
vn 0.2978 0.9476 0.1153
vn 0.3107 0.9493 0.0472
vn 0.2903 0.9189 0.2673
vn 0.4624 0.8261 0.3221
vn 0.4572 0.8842 0.0956
vn 0.4641 0.8840 0.0559
vn 0.3008 0.8682 0.3947
vn 0.3284 0.6820 0.6535
vn 0.3711 0.6729 0.6399
vn 0.4280 0.7456 0.5108
vn 0.0677 0.1192 0.9906
vn 0.1331 0.1279 0.9828
vn 0.1642 0.2492 0.9544
vn 0.0800 0.2122 0.9739
vn 0.2342 0.1178 0.9650
vn 0.2446 0.2420 0.9389
vn 0.2394 0.3236 0.9154
vn 0.1785 0.3452 0.9214
vn 0.0886 0.3839 0.9191
vn 0.3316 0.0498 0.9421
vn 0.3159 0.1220 0.9409
vn 0.4913 0.0613 0.8688
vn 0.4820 0.1033 0.8701
vn 0.4784 0.3481 0.8062
vn 0.3040 0.2864 0.9086
vn 0.1800 0.4475 0.8760
vn 0.0900 0.5291 0.8438
vn 0.2426 0.4020 0.8829
vn 0.3111 0.4215 0.8518
vn 0.4340 0.5460 0.7166
vn 0.9740 0.1670 0.1533
vn 0.9245 0.3428 0.1669
vn 0.8766 0.3533 0.3269
vn 0.9302 0.1816 0.3190
vn 0.7982 0.5754 0.1782
vn 0.7629 0.5776 0.2904
vn 0.7241 0.5041 0.4706
vn 0.7756 0.3170 0.5458
vn 0.8158 0.1955 0.5443
vn 0.6137 0.7844 0.0895
vn 0.6455 0.7427 0.1784
vn 0.6510 0.6568 0.3806
vn 0.6703 0.1975 0.7153
vn 0.6417 0.0993 0.7605
vn 0.6633 0.4128 0.6241
vn 0.5873 0.5899 0.5541
vn 0.0677 -0.1192 -0.9906
vn 0.1331 -0.1279 -0.9828
vn 0.1642 -0.2491 -0.9544
vn 0.0801 -0.2122 -0.9739
vn 0.2342 -0.1178 -0.9650
vn 0.2446 -0.2420 -0.9389
vn 0.2394 -0.3236 -0.9154
vn 0.1785 -0.3454 -0.9213
vn 0.0886 -0.3839 -0.9191
vn 0.3316 -0.0499 -0.9421
vn 0.3159 -0.1220 -0.9409
vn 0.4913 -0.0613 -0.8688
vn 0.4820 -0.1033 -0.8701
vn 0.4784 -0.3481 -0.8062
vn 0.3040 -0.2864 -0.9086
vn 0.1800 -0.4475 -0.8760
vn 0.0900 -0.5291 -0.8438
vn 0.2426 -0.4020 -0.8829
vn 0.2403 -0.6962 -0.6765
vn 0.1791 -0.6992 -0.6921
vn 0.0866 -0.7082 -0.7007
vn 0.3111 -0.4217 -0.8517
vn 0.4340 -0.5460 -0.7166
vn 0.3711 -0.6729 -0.6399
vn 0.3284 -0.6820 -0.6535
vn 0.9740 -0.1670 -0.1533
vn 0.9245 -0.3428 -0.1669
vn 0.8767 -0.3529 -0.3270
vn 0.9302 -0.1816 -0.3190
vn 0.7982 -0.5754 -0.1782
vn 0.7629 -0.5776 -0.2904
vn 0.7241 -0.5041 -0.4706
vn 0.7756 -0.3170 -0.5458
vn 0.8158 -0.1955 -0.5443
vn 0.6137 -0.7844 -0.0896
vn 0.6454 -0.7427 -0.1783
vn 0.4641 -0.8840 -0.0559
vn 0.4572 -0.8842 -0.0956
vn 0.4624 -0.8261 -0.3221
vn 0.6510 -0.6568 -0.3806
vn 0.6703 -0.1975 -0.7153
vn 0.6417 -0.0993 -0.7605
vn 0.6633 -0.4128 -0.6241
vn 0.5873 -0.5900 -0.5541
vn 0.4280 -0.7456 -0.5108
vn 0.0646 -0.9910 -0.1174
vn 0.0783 -0.9751 -0.2076
vn 0.1609 -0.9569 -0.2418
vn 0.1280 -0.9840 -0.1237
vn 0.0872 -0.9214 -0.3787
vn 0.1759 -0.9240 -0.3396
vn 0.2312 -0.9229 -0.3080
vn 0.2348 -0.9448 -0.2285
vn 0.2206 -0.9691 -0.1102
vn 0.0898 -0.8467 -0.5244
vn 0.1778 -0.8777 -0.4450
vn 0.2353 -0.8923 -0.3853
vn 0.2978 -0.9476 -0.1153
vn 0.3107 -0.9493 -0.0472
vn 0.2903 -0.9189 -0.2673
vn 0.3006 -0.8684 -0.3943
vn 0.0630 -0.9927 0.1030
vn 0.1241 -0.9862 0.1094
vn 0.1542 -0.9645 0.2142
vn 0.0749 -0.9802 0.1832
vn 0.2188 -0.9706 0.1003
vn 0.2294 -0.9510 0.2072
vn 0.2259 -0.9333 0.2792
vn 0.1688 -0.9391 0.2992
vn 0.0842 -0.9372 0.3386
vn 0.3099 -0.9499 0.0411
vn 0.2951 -0.9500 0.1022
vn 0.4641 -0.8843 0.0515
vn 0.4555 -0.8861 0.0860
vn 0.4604 -0.8327 0.3078
vn 0.2862 -0.9261 0.2457
vn 0.1719 -0.9036 0.3924
vn 0.0867 -0.8769 0.4727
vn 0.2305 -0.9083 0.3490
vn 0.2397 -0.7252 0.6455
vn 0.1784 -0.7414 0.6469
vn 0.0862 -0.7489 0.6571
vn 0.2966 -0.8819 0.3664
vn 0.4256 -0.7617 0.4886
vn 0.3704 -0.6935 0.6179
vn 0.3276 -0.7051 0.6289
vn 0.9740 -0.1664 0.1539
vn 0.9304 -0.1836 0.3174
vn 0.8763 -0.3582 0.3221
vn 0.9243 -0.3443 0.1649
vn 0.8156 -0.1984 0.5435
vn 0.7761 -0.3251 0.5404
vn 0.7238 -0.5125 0.4620
vn 0.7621 -0.5826 0.2825
vn 0.7984 -0.5760 0.1755
vn 0.6422 -0.1043 0.7594
vn 0.6715 -0.2071 0.7114
vn 0.4914 -0.0662 0.8684
vn 0.4836 -0.1138 0.8679
vn 0.4798 -0.3633 0.7987
vn 0.6642 -0.4253 0.6148
vn 0.6439 -0.7461 0.1694
vn 0.6133 -0.7853 0.0848
vn 0.6492 -0.6655 0.3683
vn 0.5865 -0.6049 0.5387
vn 0.4349 -0.5683 0.6985
vn 0.0694 -0.1357 0.9883
vn 0.0835 -0.2403 0.9671
vn 0.1712 -0.2809 0.9443
vn 0.1370 -0.1438 0.9801
vn 0.0914 -0.4271 0.8996
vn 0.1853 -0.3895 0.9022
vn 0.2443 -0.3554 0.9022
vn 0.2499 -0.2663 0.9309
vn 0.2361 -0.1292 0.9631
vn 0.0926 -0.5820 0.8079
vn 0.1847 -0.5025 0.8446
vn 0.2465 -0.4410 0.8630
vn 0.3187 -0.1368 0.9379
vn 0.3325 -0.0566 0.9414
vn 0.3078 -0.3101 0.8995
vn 0.3143 -0.4514 0.8351
vn -0.9740 0.1664 0.1539
vn -0.9304 0.1835 0.3174
vn -0.8764 0.3581 0.3221
vn -0.9243 0.3443 0.1649
vn -0.8156 0.1983 0.5435
vn -0.7761 0.3251 0.5404
vn -0.7238 0.5125 0.4620
vn -0.7621 0.5826 0.2825
vn -0.7984 0.5760 0.1755
vn -0.6422 0.1044 0.7594
vn -0.6716 0.2072 0.7113
vn -0.4914 0.0662 0.8684
vn -0.4836 0.1139 0.8678
vn -0.4798 0.3633 0.7986
vn -0.6642 0.4253 0.6148
vn -0.6437 0.7463 0.1691
vn -0.6133 0.7853 0.0848
vn -0.6492 0.6654 0.3684
vn -0.4604 0.8326 0.3078
vn -0.4555 0.8861 0.0860
vn -0.4641 0.8843 0.0515
vn -0.5866 0.6047 0.5387
vn -0.4349 0.5683 0.6985
vn -0.3704 0.6935 0.6179
vn -0.4256 0.7617 0.4886
vn -0.0694 0.1357 0.9883
vn -0.0836 0.2402 0.9671
vn -0.1712 0.2808 0.9444
vn -0.1371 0.1440 0.9800
vn -0.0914 0.4271 0.8996
vn -0.1853 0.3894 0.9022
vn -0.2444 0.3554 0.9022
vn -0.2499 0.2663 0.9309
vn -0.2361 0.1292 0.9631
vn -0.0925 0.5820 0.8079
vn -0.1847 0.5027 0.8445
vn -0.0862 0.7489 0.6571
vn -0.1784 0.7414 0.6469
vn -0.2397 0.7252 0.6455
vn -0.2465 0.4410 0.8630
vn -0.3187 0.1368 0.9379
vn -0.3325 0.0565 0.9414
vn -0.3078 0.3101 0.8995
vn -0.3144 0.4515 0.8350
vn -0.3276 0.7052 0.6288
vn -0.0630 0.9927 0.1030
vn -0.1242 0.9862 0.1096
vn -0.1541 0.9646 0.2140
vn -0.0749 0.9802 0.1832
vn -0.2188 0.9706 0.1003
vn -0.2294 0.9510 0.2072
vn -0.2260 0.9333 0.2792
vn -0.1688 0.9391 0.2992
vn -0.0841 0.9372 0.3386
vn -0.3099 0.9499 0.0410
vn -0.2951 0.9500 0.1022
vn -0.2862 0.9261 0.2458
vn -0.1720 0.9035 0.3926
vn -0.0866 0.8769 0.4727
vn -0.2307 0.9083 0.3490
vn -0.2967 0.8819 0.3664
vn -0.0646 0.9910 -0.1174
vn -0.0783 0.9751 -0.2076
vn -0.1610 0.9568 -0.2420
vn -0.1279 0.9841 -0.1234
vn -0.0872 0.9214 -0.3788
vn -0.1759 0.9240 -0.3396
vn -0.2313 0.9228 -0.3080
vn -0.2348 0.9448 -0.2285
vn -0.2206 0.9691 -0.1101
vn -0.0899 0.8467 -0.5244
vn -0.1778 0.8777 -0.4449
vn -0.0866 0.7082 -0.7007
vn -0.1791 0.6992 -0.6921
vn -0.2403 0.6962 -0.6765
vn -0.2353 0.8923 -0.3853
vn -0.2978 0.9476 -0.1154
vn -0.3107 0.9493 -0.0471
vn -0.2903 0.9189 -0.2673
vn -0.4624 0.8261 -0.3221
vn -0.4572 0.8842 -0.0956
vn -0.4641 0.8840 -0.0559
vn -0.3008 0.8682 -0.3948
vn -0.3284 0.6820 -0.6535
vn -0.3711 0.6729 -0.6399
vn -0.4280 0.7456 -0.5108
vn -0.0677 0.1192 -0.9906
vn -0.1331 0.1279 -0.9828
vn -0.1642 0.2491 -0.9544
vn -0.0802 0.2122 -0.9739
vn -0.2342 0.1178 -0.9650
vn -0.2446 0.2420 -0.9389
vn -0.2394 0.3236 -0.9154
vn -0.1785 0.3453 -0.9214
vn -0.0886 0.3840 -0.9191
vn -0.3316 0.0500 -0.9421
vn -0.3159 0.1220 -0.9409
vn -0.4913 0.0613 -0.8688
vn -0.4820 0.1033 -0.8701
vn -0.4784 0.3481 -0.8062
vn -0.3040 0.2864 -0.9086
vn -0.1800 0.4475 -0.8760
vn -0.0900 0.5291 -0.8438
vn -0.2427 0.4020 -0.8829
vn -0.3111 0.4217 -0.8517
vn -0.4340 0.5460 -0.7166
vn -0.9740 0.1670 -0.1533
vn -0.9245 0.3428 -0.1669
vn -0.8765 0.3534 -0.3268
vn -0.9302 0.1816 -0.3190
vn -0.7982 0.5754 -0.1782
vn -0.7629 0.5776 -0.2904
vn -0.7241 0.5042 -0.4706
vn -0.7756 0.3170 -0.5458
vn -0.8158 0.1955 -0.5443
vn -0.6137 0.7845 -0.0895
vn -0.6455 0.7426 -0.1784
vn -0.6510 0.6568 -0.3806
vn -0.6703 0.1975 -0.7153
vn -0.6417 0.0992 -0.7605
vn -0.6633 0.4128 -0.6241
vn -0.5872 0.5901 -0.5541
vn -0.0677 -0.1192 0.9906
vn -0.1331 -0.1279 0.9828
vn -0.1643 -0.2493 0.9544
vn -0.0801 -0.2122 0.9739
vn -0.2342 -0.1178 0.9650
vn -0.2446 -0.2420 0.9389
vn -0.2395 -0.3236 0.9154
vn -0.1785 -0.3453 0.9213
vn -0.0886 -0.3839 0.9191
vn -0.3316 -0.0499 0.9421
vn -0.3160 -0.1221 0.9409
vn -0.4913 -0.0613 0.8688
vn -0.4820 -0.1033 0.8701
vn -0.4784 -0.3481 0.8062
vn -0.3040 -0.2864 0.9086
vn -0.1800 -0.4475 0.8760
vn -0.0901 -0.5291 0.8438
vn -0.2426 -0.4020 0.8829
vn -0.2403 -0.6961 0.6765
vn -0.1791 -0.6992 0.6921
vn -0.0866 -0.7082 0.7007
vn -0.3111 -0.4217 0.8517
vn -0.4340 -0.5461 0.7166
vn -0.3711 -0.6729 0.6399
vn -0.3284 -0.6820 0.6535
vn -0.9740 -0.1670 0.1533
vn -0.9245 -0.3428 0.1669
vn -0.8765 -0.3534 0.3268
vn -0.9302 -0.1816 0.3190
vn -0.7982 -0.5754 0.1782
vn -0.7629 -0.5776 0.2904
vn -0.7241 -0.5041 0.4706
vn -0.7756 -0.3170 0.5458
vn -0.8158 -0.1955 0.5443
vn -0.6137 -0.7845 0.0895
vn -0.6454 -0.7427 0.1783
vn -0.4641 -0.8840 0.0559
vn -0.4572 -0.8842 0.0956
vn -0.4624 -0.8261 0.3221
vn -0.6510 -0.6568 0.3806
vn -0.6703 -0.1976 0.7153
vn -0.6417 -0.0992 0.7605
vn -0.6633 -0.4128 0.6241
vn -0.5874 -0.5899 0.5541
vn -0.4280 -0.7456 0.5108
vn -0.0646 -0.9910 0.1174
vn -0.0784 -0.9751 0.2076
vn -0.1609 -0.9569 0.2418
vn -0.1278 -0.9841 0.1230
vn -0.0872 -0.9214 0.3787
vn -0.1759 -0.9240 0.3396
vn -0.2312 -0.9229 0.3080
vn -0.2347 -0.9448 0.2285
vn -0.2206 -0.9691 0.1101
vn -0.0898 -0.8467 0.5244
vn -0.1778 -0.8777 0.4451
vn -0.2352 -0.8923 0.3853
vn -0.2978 -0.9476 0.1154
vn -0.3107 -0.9493 0.0473
vn -0.2903 -0.9189 0.2673
vn -0.3007 -0.8683 0.3945
vn -0.0630 -0.9927 -0.1030
vn -0.1241 -0.9862 -0.1094
vn -0.1542 -0.9645 -0.2142
vn -0.0750 -0.9802 -0.1832
vn -0.2188 -0.9706 -0.1003
vn -0.2294 -0.9510 -0.2072
vn -0.2259 -0.9333 -0.2792
vn -0.1688 -0.9391 -0.2992
vn -0.0841 -0.9372 -0.3386
vn -0.3099 -0.9499 -0.0410
vn -0.2952 -0.9500 -0.1023
vn -0.4641 -0.8843 -0.0515
vn -0.4555 -0.8861 -0.0860
vn -0.4604 -0.8326 -0.3078
vn -0.2862 -0.9261 -0.2457
vn -0.1719 -0.9036 -0.3924
vn -0.0867 -0.8769 -0.4727
vn -0.2306 -0.9083 -0.3490
vn -0.2397 -0.7252 -0.6455
vn -0.1784 -0.7415 -0.6469
vn -0.0862 -0.7489 -0.6571
vn -0.2967 -0.8818 -0.3667
vn -0.4256 -0.7617 -0.4886
vn -0.3704 -0.6935 -0.6179
vn -0.3276 -0.7051 -0.6289
vn -0.9740 -0.1664 -0.1539
vn -0.9304 -0.1836 -0.3174
vn -0.8764 -0.3581 -0.3221
vn -0.9243 -0.3443 -0.1649
vn -0.8156 -0.1983 -0.5435
vn -0.7761 -0.3251 -0.5404
vn -0.7238 -0.5125 -0.4620
vn -0.7621 -0.5826 -0.2825
vn -0.7984 -0.5760 -0.1755
vn -0.6422 -0.1043 -0.7594
vn -0.6715 -0.2068 -0.7116
vn -0.4914 -0.0662 -0.8684
vn -0.4836 -0.1139 -0.8678
vn -0.4798 -0.3633 -0.7986
vn -0.6642 -0.4253 -0.6148
vn -0.6439 -0.7462 -0.1693
vn -0.6132 -0.7853 -0.0847
vn -0.6492 -0.6654 -0.3684
vn -0.5865 -0.6048 -0.5387
vn -0.4349 -0.5683 -0.6985
vn -0.0694 -0.1357 -0.9883
vn -0.0834 -0.2402 -0.9671
vn -0.1712 -0.2810 -0.9443
vn -0.1370 -0.1438 -0.9801
vn -0.0914 -0.4271 -0.8996
vn -0.1853 -0.3894 -0.9022
vn -0.2444 -0.3554 -0.9022
vn -0.2499 -0.2663 -0.9309
vn -0.2361 -0.1292 -0.9631
vn -0.0926 -0.5820 -0.8079
vn -0.1848 -0.5027 -0.8445
vn -0.2465 -0.4410 -0.8630
vn -0.3187 -0.1368 -0.9379
vn -0.3325 -0.0568 -0.9414
vn -0.3078 -0.3101 -0.8995
vn -0.3144 -0.4516 -0.8350
vn 0.0445 0.1915 -0.9805
vn 0.0368 0.3092 -0.9503
vn 0.1177 0.4046 -0.9069
vn 0.1116 0.2403 -0.9643
vn 0.0083 0.4895 -0.8720
vn 0.1104 0.4973 -0.8605
vn 0.1735 0.4855 -0.8568
vn 0.1963 0.4144 -0.8887
vn 0.2110 0.2710 -0.9392
vn -0.0195 0.6364 -0.7711
vn 0.0910 0.5913 -0.8013
vn -0.0577 0.7871 -0.6142
vn 0.0364 0.8119 -0.5826
vn 0.0934 0.8101 -0.5789
vn 0.1604 0.5542 -0.8168
vn 0.2889 0.2936 -0.9112
vn 0.3176 0.2336 -0.9190
vn 0.2424 0.4634 -0.8523
vn 0.3738 0.5823 -0.7220
vn 0.4401 0.3514 -0.8263
vn 0.4602 0.3378 -0.8210
vn 0.2185 0.5957 -0.7729
vn 0.1729 0.8203 -0.5452
vn 0.2062 0.8238 -0.5281
vn 0.2892 0.7420 -0.6048
vn -0.1259 0.9875 -0.0952
vn -0.0634 0.9932 -0.0977
vn -0.0308 0.9818 -0.1875
vn -0.1120 0.9799 -0.1653
vn 0.0255 0.9965 -0.0799
vn 0.0380 0.9850 -0.1683
vn 0.0366 0.9747 -0.2207
vn -0.0160 0.9698 -0.2435
vn -0.0961 0.9483 -0.3025
vn 0.1025 0.9946 -0.0146
vn 0.0882 0.9946 -0.0545
vn 0.2396 0.9705 -0.0273
vn 0.2252 0.9737 -0.0334
vn 0.2488 0.9397 -0.2348
vn 0.0881 0.9795 -0.1811
vn -0.0068 0.9503 -0.3112
vn -0.0838 0.9044 -0.4184
vn 0.0436 0.9627 -0.2670
vn 0.1055 0.9538 -0.2813
vn 0.2362 0.8909 -0.3880
vn 0.7741 0.6215 -0.1209
vn 0.7434 0.6201 -0.2506
vn 0.6528 0.7183 -0.2406
vn 0.6837 0.7196 -0.1217
vn 0.6652 0.5992 -0.4455
vn 0.6038 0.6618 -0.4443
vn 0.5110 0.7811 -0.3589
vn 0.5118 0.8365 -0.1958
vn 0.5421 0.8294 -0.1348
vn 0.5735 0.4453 -0.6876
vn 0.5676 0.5309 -0.6292
vn 0.4989 0.7019 -0.5084
vn 0.3895 0.9155 -0.1008
vn 0.3651 0.9296 -0.0512
vn 0.4178 0.8678 -0.2690
vn 0.3938 0.8140 -0.4270
vn -0.1217 0.9853 0.1196
vn -0.1042 0.9730 0.2061
vn -0.0174 0.9732 0.2291
vn -0.0567 0.9914 0.1180
vn -0.0855 0.9253 0.3696
vn -0.0006 0.9530 0.3029
vn 0.0468 0.9647 0.2592
vn 0.0471 0.9794 0.1966
vn 0.0290 0.9953 0.0929
vn -0.0687 0.8606 0.5047
vn 0.0094 0.9209 0.3897
vn -0.0441 0.7232 0.6892
vn 0.0506 0.7529 0.6562
vn 0.1023 0.7743 0.6245
vn 0.0545 0.9473 0.3158
vn 0.0924 0.9932 0.0705
vn 0.1040 0.9943 0.0218
vn 0.0952 0.9734 0.2082
vn 0.2530 0.9340 0.2521
vn 0.2280 0.9726 0.0450
vn 0.2404 0.9701 0.0328
vn 0.1143 0.9415 0.3171
vn 0.1805 0.7944 0.5800
vn 0.2130 0.8019 0.5582
vn 0.2436 0.8759 0.4165
vn 0.0468 0.1604 0.9859
vn 0.1103 0.2105 0.9714
vn 0.1169 0.3468 0.9306
vn 0.0404 0.2564 0.9657
vn 0.2111 0.2525 0.9443
vn 0.1959 0.3748 0.9062
vn 0.1760 0.4374 0.8819
vn 0.1141 0.4238 0.8985
vn 0.0180 0.4150 0.9096
vn 0.3180 0.2243 0.9212
vn 0.2896 0.2718 0.9178
vn 0.4613 0.3313 0.8231
vn 0.4413 0.3371 0.8316
vn 0.3770 0.5646 0.7343
vn 0.2443 0.4297 0.8693
vn 0.1009 0.5047 0.8574
vn -0.0060 0.5475 0.8368
vn 0.1664 0.4983 0.8509
vn 0.2232 0.5559 0.8007
vn 0.2951 0.7167 0.6319
vn 0.7737 0.6220 0.1204
vn 0.6847 0.7182 0.1242
vn 0.6550 0.7141 0.2470
vn 0.7442 0.6181 0.2532
vn 0.5425 0.8287 0.1378
vn 0.5148 0.8323 0.2054
vn 0.5147 0.7733 0.3703
vn 0.6066 0.6535 0.4528
vn 0.6664 0.5963 0.4477
vn 0.3664 0.9287 0.0570
vn 0.3928 0.9128 0.1119
vn 0.4229 0.8604 0.2845
vn 0.5698 0.5190 0.6372
vn 0.5745 0.4392 0.6907
vn 0.5027 0.6885 0.5228
vn 0.3997 0.7998 0.4479
vn 0.0939 -0.0758 -0.9927
vn 0.1631 -0.0463 -0.9855
vn 0.2219 -0.1508 -0.9633
vn 0.1239 -0.1598 -0.9793
vn 0.2604 0.0316 -0.9650
vn 0.2997 -0.0858 -0.9502
vn 0.3104 -0.1621 -0.9367
vn 0.2507 -0.2194 -0.9429
vn 0.1646 -0.3151 -0.9347
vn 0.3313 0.1704 -0.9280
vn 0.3301 0.1028 -0.9383
vn 0.4878 0.2450 -0.8379
vn 0.4765 0.2195 -0.8513
vn 0.5586 -0.0386 -0.8286
vn 0.3662 -0.0772 -0.9273
vn 0.2733 -0.3055 -0.9121
vn 0.1953 -0.4538 -0.8694
vn 0.3298 -0.2271 -0.9163
vn 0.4043 -0.5698 -0.7155
vn 0.3383 -0.5959 -0.7283
vn 0.2314 -0.6485 -0.7252
vn 0.4108 -0.2154 -0.8859
vn 0.5817 -0.2917 -0.7593
vn 0.5481 -0.4863 -0.6805
vn 0.5047 -0.5127 -0.6946
vn 0.9121 0.3878 -0.1328
vn 0.9640 0.2185 -0.1515
vn 0.9356 0.1834 -0.3017
vn 0.8905 0.3579 -0.2809
vn 0.9786 -0.0846 -0.1877
vn 0.9512 -0.1295 -0.2801
vn 0.8755 -0.0631 -0.4791
vn 0.8297 0.1704 -0.5316
vn 0.8183 0.2846 -0.4994
vn 0.8770 -0.4736 -0.0810
vn 0.8964 -0.4137 -0.1590
vn 0.7260 -0.6863 -0.0448
vn 0.7090 -0.7026 -0.0611
vn 0.7095 -0.6178 -0.3390
vn 0.8713 -0.2975 -0.3902
vn 0.6849 0.2289 -0.6917
vn 0.6310 0.2907 -0.7193
vn 0.7732 0.0059 -0.6342
vn 0.7734 -0.2523 -0.5815
vn 0.6437 -0.5458 -0.5365
vn 0.2649 -0.9560 -0.1262
vn 0.2776 -0.9353 -0.2196
vn 0.3735 -0.8905 -0.2599
vn 0.3375 -0.9322 -0.1309
vn 0.2762 -0.8762 -0.3949
vn 0.3828 -0.8566 -0.3460
vn 0.4468 -0.8400 -0.3077
vn 0.4560 -0.8584 -0.2349
vn 0.4424 -0.8900 -0.1101
vn 0.2652 -0.8002 -0.5379
vn 0.3778 -0.8127 -0.4436
vn 0.4462 -0.8128 -0.3744
vn 0.5253 -0.8464 -0.0876
vn 0.5423 -0.8397 -0.0274
vn 0.5157 -0.8172 -0.2573
vn 0.5197 -0.7595 -0.3913
vn 0.2615 -0.9600 0.1002
vn 0.3308 -0.9375 0.1079
vn 0.3624 -0.9077 0.2113
vn 0.2725 -0.9460 0.1754
vn 0.4386 -0.8937 0.0945
vn 0.4476 -0.8716 0.2000
vn 0.4399 -0.8592 0.2613
vn 0.3734 -0.8856 0.2764
vn 0.2753 -0.9057 0.3224
vn 0.5404 -0.8412 0.0183
vn 0.5203 -0.8514 0.0670
vn 0.7252 -0.6875 0.0374
vn 0.7056 -0.7071 0.0453
vn 0.7087 -0.6307 0.3161
vn 0.5100 -0.8307 0.2231
vn 0.3739 -0.8574 0.3536
vn 0.2689 -0.8540 0.4454
vn 0.4418 -0.8395 0.3162
vn 0.4140 -0.6180 0.6684
vn 0.3522 -0.6707 0.6528
vn 0.2449 -0.7201 0.6492
vn 0.5162 -0.7833 0.3464
vn 0.6463 -0.5745 0.5023
vn 0.5553 -0.5203 0.6488
vn 0.5125 -0.5517 0.6580
vn 0.9118 0.3884 0.1332
vn 0.8921 0.3558 0.2785
vn 0.9389 0.1771 0.2950
vn 0.9650 0.2162 0.1484
vn 0.8203 0.2813 0.4980
vn 0.8359 0.1602 0.5250
vn 0.8808 -0.0767 0.4672
vn 0.9534 -0.1390 0.2679
vn 0.9792 -0.0860 0.1838
vn 0.6346 0.2851 0.7184
vn 0.6925 0.2176 0.6878
vn 0.4905 0.2392 0.8380
vn 0.4833 0.2077 0.8505
vn 0.5674 -0.0588 0.8213
vn 0.7825 -0.0120 0.6225
vn 0.8950 -0.4223 0.1436
vn 0.8761 -0.4766 0.0730
vn 0.8738 -0.3148 0.3708
vn 0.7809 -0.2779 0.5594
vn 0.5938 -0.3270 0.7352
vn 0.1033 -0.1032 0.9893
vn 0.1403 -0.2068 0.9683
vn 0.2459 -0.1988 0.9487
vn 0.1755 -0.0689 0.9821
vn 0.1851 -0.3888 0.9025
vn 0.2787 -0.2884 0.9160
vn 0.3302 -0.2076 0.9208
vn 0.3177 -0.1192 0.9407
vn 0.2679 0.0166 0.9633
vn 0.2189 -0.5464 0.8084
vn 0.3025 -0.3959 0.8670
vn 0.3506 -0.2854 0.8920
vn 0.3396 0.0852 0.9367
vn 0.3350 0.1629 0.9280
vn 0.3810 -0.1088 0.9182
vn 0.4275 -0.2587 0.8662
vn -0.9118 -0.3884 0.1333
vn -0.8921 -0.3559 0.2785
vn -0.9390 -0.1770 0.2950
vn -0.9650 -0.2162 0.1486
vn -0.8203 -0.2813 0.4980
vn -0.8359 -0.1602 0.5250
vn -0.8808 0.0766 0.4672
vn -0.9533 0.1390 0.2680
vn -0.9792 0.0861 0.1838
vn -0.6346 -0.2851 0.7184
vn -0.6923 -0.2179 0.6879
vn -0.4905 -0.2392 0.8379
vn -0.4833 -0.2077 0.8505
vn -0.5675 0.0588 0.8213
vn -0.7825 0.0120 0.6225
vn -0.8950 0.4223 0.1437
vn -0.8761 0.4765 0.0729
vn -0.8738 0.3147 0.3708
vn -0.7087 0.6307 0.3162
vn -0.7057 0.7071 0.0454
vn -0.7252 0.6876 0.0374
vn -0.7809 0.2779 0.5594
vn -0.5938 0.3270 0.7352
vn -0.5553 0.5203 0.6488
vn -0.6463 0.5744 0.5023
vn -0.1033 0.1032 0.9893
vn -0.1403 0.2068 0.9683
vn -0.2459 0.1988 0.9487
vn -0.1755 0.0689 0.9821
vn -0.1851 0.3888 0.9025
vn -0.2787 0.2884 0.9160
vn -0.3302 0.2076 0.9208
vn -0.3177 0.1191 0.9407
vn -0.2679 -0.0166 0.9633
vn -0.2189 0.5464 0.8084
vn -0.3025 0.3961 0.8670
vn -0.2449 0.7201 0.6492
vn -0.3522 0.6707 0.6528
vn -0.4140 0.6180 0.6684
vn -0.3506 0.2853 0.8920
vn -0.3396 -0.0852 0.9367
vn -0.3350 -0.1629 0.9280
vn -0.3810 0.1088 0.9182
vn -0.4274 0.2586 0.8663
vn -0.5125 0.5516 0.6580
vn -0.2615 0.9600 0.1002
vn -0.3308 0.9375 0.1078
vn -0.3624 0.9076 0.2118
vn -0.2725 0.9461 0.1753
vn -0.4386 0.8937 0.0946
vn -0.4476 0.8716 0.2001
vn -0.4399 0.8592 0.2613
vn -0.3733 0.8857 0.2761
vn -0.2752 0.9057 0.3224
vn -0.5404 0.8412 0.0182
vn -0.5203 0.8513 0.0671
vn -0.5100 0.8307 0.2231
vn -0.3739 0.8574 0.3537
vn -0.2689 0.8540 0.4455
vn -0.4418 0.8395 0.3163
vn -0.5162 0.7831 0.3467
vn -0.2649 0.9560 -0.1261
vn -0.2776 0.9353 -0.2195
vn -0.3736 0.8904 -0.2602
vn -0.3375 0.9322 -0.1309
vn -0.2762 0.8762 -0.3949
vn -0.3828 0.8566 -0.3460
vn -0.4469 0.8400 -0.3077
vn -0.4560 0.8584 -0.2348
vn -0.4424 0.8900 -0.1101
vn -0.2652 0.8002 -0.5378
vn -0.3779 0.8124 -0.4440
vn -0.2314 0.6485 -0.7252
vn -0.3383 0.5959 -0.7283
vn -0.4043 0.5698 -0.7155
vn -0.4462 0.8128 -0.3744
vn -0.5254 0.8463 -0.0876
vn -0.5423 0.8397 -0.0273
vn -0.5157 0.8172 -0.2573
vn -0.7096 0.6177 -0.3390
vn -0.7090 0.7026 -0.0611
vn -0.7260 0.6863 -0.0448
vn -0.5197 0.7594 -0.3913
vn -0.5047 0.5128 -0.6945
vn -0.5481 0.4863 -0.6805
vn -0.6437 0.5458 -0.5365
vn -0.0939 0.0758 -0.9927
vn -0.1631 0.0461 -0.9855
vn -0.2219 0.1508 -0.9633
vn -0.1238 0.1598 -0.9794
vn -0.2604 -0.0316 -0.9650
vn -0.2997 0.0858 -0.9502
vn -0.3104 0.1621 -0.9367
vn -0.2507 0.2195 -0.9429
vn -0.1646 0.3151 -0.9347
vn -0.3313 -0.1704 -0.9280
vn -0.3301 -0.1028 -0.9383
vn -0.4878 -0.2450 -0.8379
vn -0.4765 -0.2195 -0.8513
vn -0.5586 0.0386 -0.8286
vn -0.3662 0.0772 -0.9273
vn -0.2733 0.3058 -0.9120
vn -0.1953 0.4538 -0.8694
vn -0.3298 0.2271 -0.9163
vn -0.4108 0.2155 -0.8859
vn -0.5817 0.2917 -0.7593
vn -0.9121 -0.3878 -0.1328
vn -0.9640 -0.2185 -0.1514
vn -0.9356 -0.1834 -0.3017
vn -0.8905 -0.3580 -0.2809
vn -0.9786 0.0846 -0.1877
vn -0.9512 0.1295 -0.2801
vn -0.8755 0.0631 -0.4791
vn -0.8297 -0.1705 -0.5316
vn -0.8183 -0.2846 -0.4994
vn -0.8769 0.4738 -0.0808
vn -0.8964 0.4137 -0.1591
vn -0.8713 0.2975 -0.3902
vn -0.6847 -0.2292 -0.6919
vn -0.6309 -0.2907 -0.7193
vn -0.7732 -0.0059 -0.6342
vn -0.7734 0.2523 -0.5815
vn -0.0468 -0.1604 0.9859
vn -0.1103 -0.2106 0.9713
vn -0.1169 -0.3468 0.9306
vn -0.0405 -0.2565 0.9657
vn -0.2111 -0.2525 0.9443
vn -0.1959 -0.3746 0.9062
vn -0.1760 -0.4374 0.8819
vn -0.1141 -0.4238 0.8985
vn -0.0180 -0.4150 0.9096
vn -0.3180 -0.2243 0.9212
vn -0.2893 -0.2717 0.9179
vn -0.4613 -0.3313 0.8231
vn -0.4413 -0.3371 0.8316
vn -0.3770 -0.5645 0.7343
vn -0.2443 -0.4297 0.8693
vn -0.1009 -0.5048 0.8573
vn 0.0058 -0.5475 0.8368
vn -0.1664 -0.4983 0.8509
vn -0.1023 -0.7743 0.6245
vn -0.0506 -0.7529 0.6562
vn 0.0441 -0.7232 0.6892
vn -0.2232 -0.5564 0.8004
vn -0.2951 -0.7167 0.6319
vn -0.2130 -0.8019 0.5582
vn -0.1805 -0.7943 0.5800
vn -0.7737 -0.6220 0.1204
vn -0.6847 -0.7182 0.1242
vn -0.6550 -0.7141 0.2470
vn -0.7442 -0.6181 0.2532
vn -0.5425 -0.8287 0.1377
vn -0.5148 -0.8323 0.2054
vn -0.5147 -0.7733 0.3703
vn -0.6068 -0.6536 0.4523
vn -0.6664 -0.5963 0.4477
vn -0.3663 -0.9288 0.0567
vn -0.3928 -0.9128 0.1119
vn -0.2404 -0.9701 0.0327
vn -0.2280 -0.9726 0.0450
vn -0.2530 -0.9340 0.2521
vn -0.4229 -0.8604 0.2844
vn -0.5698 -0.5191 0.6371
vn -0.5745 -0.4393 0.6906
vn -0.5027 -0.6885 0.5228
vn -0.3998 -0.7997 0.4479
vn -0.2436 -0.8759 0.4165
vn 0.1217 -0.9853 0.1196
vn 0.1042 -0.9730 0.2061
vn 0.0174 -0.9733 0.2291
vn 0.0567 -0.9914 0.1180
vn 0.0855 -0.9253 0.3696
vn 0.0006 -0.9531 0.3028
vn -0.0468 -0.9648 0.2590
vn -0.0471 -0.9794 0.1966
vn -0.0290 -0.9953 0.0929
vn 0.0687 -0.8606 0.5047
vn -0.0095 -0.9210 0.3895
vn -0.0543 -0.9473 0.3158
vn -0.0924 -0.9932 0.0704
vn -0.1040 -0.9943 0.0218
vn -0.0952 -0.9734 0.2083
vn -0.1144 -0.9415 0.3171
vn 0.1259 -0.9875 -0.0952
vn 0.0634 -0.9932 -0.0977
vn 0.0308 -0.9818 -0.1876
vn 0.1120 -0.9799 -0.1653
vn -0.0255 -0.9965 -0.0799
vn -0.0380 -0.9850 -0.1683
vn -0.0366 -0.9747 -0.2207
vn 0.0160 -0.9698 -0.2434
vn 0.0961 -0.9483 -0.3025
vn -0.1025 -0.9946 -0.0146
vn -0.0881 -0.9946 -0.0541
vn -0.2396 -0.9705 -0.0273
vn -0.2252 -0.9737 -0.0334
vn -0.2488 -0.9397 -0.2348
vn -0.0880 -0.9795 -0.1810
vn 0.0071 -0.9504 -0.3111
vn 0.0838 -0.9044 -0.4183
vn -0.0436 -0.9627 -0.2670
vn -0.0934 -0.8101 -0.5789
vn -0.0364 -0.8119 -0.5826
vn 0.0577 -0.7871 -0.6142
vn -0.1054 -0.9539 -0.2811
vn -0.2362 -0.8909 -0.3880
vn -0.2062 -0.8238 -0.5281
vn -0.1729 -0.8203 -0.5451
vn -0.7741 -0.6214 -0.1209
vn -0.7435 -0.6201 -0.2506
vn -0.6527 -0.7184 -0.2406
vn -0.6837 -0.7195 -0.1216
vn -0.6652 -0.5992 -0.4455
vn -0.6040 -0.6620 -0.4439
vn -0.5110 -0.7811 -0.3588
vn -0.5118 -0.8365 -0.1958
vn -0.5421 -0.8294 -0.1348
vn -0.5734 -0.4454 -0.6876
vn -0.5676 -0.5309 -0.6292
vn -0.4602 -0.3378 -0.8210
vn -0.4401 -0.3514 -0.8263
vn -0.3738 -0.5823 -0.7219
vn -0.4989 -0.7019 -0.5084
vn -0.3895 -0.9155 -0.1010
vn -0.3650 -0.9296 -0.0511
vn -0.4178 -0.8678 -0.2690
vn -0.3938 -0.8140 -0.4270
vn -0.2892 -0.7420 -0.6048
vn -0.0445 -0.1915 -0.9805
vn -0.0367 -0.3091 -0.9503
vn -0.1177 -0.4046 -0.9069
vn -0.1116 -0.2403 -0.9643
vn -0.0083 -0.4895 -0.8720
vn -0.1104 -0.4973 -0.8605
vn -0.1735 -0.4855 -0.8569
vn -0.1963 -0.4145 -0.8886
vn -0.2110 -0.2710 -0.9392
vn 0.0195 -0.6364 -0.7712
vn -0.0910 -0.5913 -0.8013
vn -0.1604 -0.5542 -0.8168
vn -0.2888 -0.2936 -0.9112
vn -0.3176 -0.2336 -0.9190
vn -0.2424 -0.4634 -0.8523
vn -0.2184 -0.5961 -0.7726
vn 0.9826 -0.0000 -0.1855
vn 0.9340 -0.0000 -0.3572
vn 0.7855 0.0001 -0.6188
vn 0.6143 0.0001 -0.7891
vn 0.4651 0.0002 -0.8853
vn 0.3283 0.0002 -0.9446
vn 0.2125 0.0002 -0.9772
vn 0.1029 0.0001 -0.9947
vn 0.0515 0.0001 -0.9987
vn 0.0478 0.9989 0.0001
vn 0.0956 0.9954 0.0001
vn 0.1983 0.9801 0.0001
vn 0.3072 0.9516 0.0002
vn 0.4394 0.8983 0.0003
vn 0.5859 0.8104 0.0001
vn 0.7636 0.6457 0.0003
vn 0.9247 0.3807 -0.0000
vn 0.9800 0.1990 -0.0000
vn 0.9800 -0.1990 -0.0000
vn 0.9247 -0.3807 -0.0000
vn 0.7636 -0.6457 -0.0001
vn 0.5859 -0.8104 -0.0001
vn 0.4394 -0.8983 -0.0002
vn 0.3072 -0.9516 -0.0002
vn 0.1983 -0.9801 -0.0001
vn 0.0957 -0.9954 -0.0001
vn 0.0479 -0.9989 -0.0001
vn 0.0516 -0.0001 0.9987
vn 0.1029 -0.0001 0.9947
vn 0.2125 -0.0002 0.9772
vn 0.3283 -0.0002 0.9446
vn 0.4651 -0.0003 0.8853
vn 0.6143 -0.0001 0.7891
vn 0.7855 -0.0003 0.6188
vn 0.9340 -0.0000 0.3572
vn 0.9827 -0.0000 0.1854
vn -0.0475 0.9989 -0.0002
vn -0.0956 0.9954 -0.0001
vn -0.1983 0.9801 -0.0001
vn -0.3072 0.9516 -0.0002
vn -0.4394 0.8983 -0.0003
vn -0.5860 0.8103 -0.0001
vn -0.7636 0.6457 -0.0003
vn -0.9247 0.3807 -0.0000
vn -0.9800 0.1990 -0.0000
vn 0.8438 0.5131 -0.1574
vn 0.8132 0.4945 -0.3067
vn 0.7105 0.4321 -0.5553
vn 0.5798 0.3526 -0.7345
vn 0.4503 0.2739 -0.8498
vn 0.3258 0.1983 -0.9244
vn 0.2125 0.1294 -0.9686
vn 0.1041 0.0634 -0.9925
vn 0.0522 0.0318 -0.9981
vn -0.1435 0.9896 -0.0000
vn -0.0946 0.9955 0.0001
vn 0.0055 1.0000 0.0001
vn 0.1055 0.9944 0.0001
vn 0.2207 0.9753 0.0001
vn 0.3444 0.9388 -0.0000
vn 0.4984 0.8669 0.0001
vn 0.6701 0.7423 -0.0000
vn 0.7641 0.6451 -0.0000
vn 0.9316 0.3635 -0.0000
vn 0.9836 0.1802 -0.0000
vn 0.9804 -0.1970 -0.0000
vn 0.8556 -0.5177 -0.0000
vn 0.7003 -0.7139 -0.0001
vn 0.5445 -0.8388 -0.0001
vn 0.4154 -0.9096 -0.0001
vn 0.2977 -0.9547 -0.0001
vn 0.2447 -0.9696 -0.0000
vn 0.0522 0.0317 0.9981
vn 0.1041 0.0632 0.9926
vn 0.2126 0.1292 0.9686
vn 0.3258 0.1980 0.9245
vn 0.4503 0.2738 0.8499
vn 0.5798 0.3526 0.7345
vn 0.7105 0.4321 0.5553
vn 0.8132 0.4946 0.3067
vn 0.8437 0.5132 0.1573
vn -0.2447 0.9696 -0.0000
vn -0.2977 0.9547 -0.0001
vn -0.4154 0.9096 -0.0002
vn -0.5445 0.8388 -0.0001
vn -0.7003 0.7139 -0.0003
vn -0.8555 0.5178 -0.0000
vn -0.9804 0.1970 -0.0002
vn -0.9836 -0.1803 -0.0000
vn -0.9316 -0.3636 -0.0000
vn -0.0000 0.1054 0.9944
vn 0.0002 0.2091 0.9779
vn 0.0001 0.4060 0.9139
vn -0.0000 0.5836 0.8121
vn -0.0000 0.7313 0.6821
vn -0.0000 0.8491 0.5283
vn -0.0001 0.9328 0.3605
vn -0.0000 0.9833 0.1820
vn -0.0000 0.9958 0.0914
vn -0.0000 0.9958 -0.0914
vn -0.0000 0.9833 -0.1820
vn 0.0001 0.9327 -0.3606
vn -0.0000 0.8491 -0.5283
vn -0.0000 0.7312 -0.6821
vn -0.0000 0.5836 -0.8120
vn -0.0001 0.4059 -0.9139
vn -0.0001 0.2091 -0.9779
vn -0.0000 0.1050 -0.9945
vn -0.0000 -0.1056 0.9944
vn -0.0001 -0.2096 0.9778
vn -0.0001 -0.4060 0.9139
vn -0.0000 -0.5835 0.8121
vn -0.0000 -0.7313 0.6821
vn -0.0000 -0.8491 0.5282
vn 0.0001 -0.9328 0.3605
vn -0.0000 -0.9832 0.1824
vn -0.0000 -0.9958 0.0916
vn -0.9827 -0.0000 0.1855
vn -0.9340 -0.0000 0.3572
vn -0.7856 0.0001 0.6188
vn -0.6143 0.0001 0.7891
vn -0.4651 0.0002 0.8853
vn -0.3283 0.0002 0.9446
vn -0.2125 0.0002 0.9772
vn -0.1029 0.0001 0.9947
vn -0.0512 0.0001 0.9987
vn -0.9800 -0.1990 -0.0000
vn -0.9247 -0.3806 -0.0000
vn -0.7636 -0.6457 0.0001
vn -0.5859 -0.8104 0.0001
vn -0.4394 -0.8983 0.0002
vn -0.3072 -0.9517 0.0002
vn -0.1983 -0.9801 0.0001
vn -0.0957 -0.9954 0.0001
vn -0.0479 -0.9989 0.0001
vn -0.0515 -0.0001 -0.9987
vn -0.1029 -0.0001 -0.9947
vn -0.2125 -0.0002 -0.9772
vn -0.3283 -0.0002 -0.9446
vn -0.4651 -0.0003 -0.8853
vn -0.6143 -0.0001 -0.7890
vn -0.7855 -0.0003 -0.6188
vn -0.9340 -0.0000 -0.3572
vn -0.9827 -0.0000 -0.1854
vn -0.0000 -0.1051 -0.9945
vn 0.0002 -0.2097 -0.9778
vn 0.0001 -0.4060 -0.9139
vn -0.0000 -0.5835 -0.8121
vn -0.0000 -0.7312 -0.6822
vn -0.0000 -0.8491 -0.5282
vn -0.0001 -0.9327 -0.3606
vn -0.0000 -0.9832 -0.1824
vn -0.0000 -0.9958 -0.0916
vn -0.0208 0.1056 0.9942
vn -0.0413 0.2100 0.9768
vn -0.0796 0.4041 0.9112
vn -0.1145 0.5811 0.8057
vn -0.1425 0.7230 0.6760
vn -0.1651 0.8375 0.5209
vn -0.1808 0.9170 0.3556
vn -0.1903 0.9653 0.1790
vn -0.1926 0.9772 0.0898
vn -0.1926 0.9772 -0.0898
vn -0.1902 0.9653 -0.1791
vn -0.1807 0.9170 -0.3556
vn -0.1651 0.8376 -0.5207
vn -0.1425 0.7230 -0.6760
vn -0.1145 0.5806 -0.8061
vn -0.0797 0.4042 -0.9112
vn -0.0415 0.2100 -0.9768
vn -0.0208 0.1056 -0.9942
vn 0.0208 -0.1056 0.9942
vn 0.0414 -0.2100 0.9768
vn 0.0796 -0.4041 0.9113
vn 0.1144 -0.5808 0.8059
vn 0.1425 -0.7230 0.6760
vn 0.1651 -0.8376 0.5208
vn 0.1808 -0.9170 0.3556
vn 0.1903 -0.9652 0.1792
vn 0.1926 -0.9772 0.0896
vn -0.8437 -0.5132 0.1573
vn -0.8132 -0.4946 0.3067
vn -0.7106 -0.4321 0.5553
vn -0.5798 -0.3526 0.7345
vn -0.4503 -0.2738 0.8499
vn -0.3258 -0.1980 0.9245
vn -0.2126 -0.1292 0.9686
vn -0.1041 -0.0633 0.9925
vn -0.0522 -0.0317 0.9981
vn -0.7641 -0.6451 -0.0000
vn -0.6700 -0.7423 -0.0000
vn -0.4984 -0.8670 -0.0000
vn -0.3444 -0.9388 -0.0000
vn -0.2207 -0.9753 0.0001
vn -0.1055 -0.9944 0.0001
vn -0.0055 -1.0000 0.0001
vn 0.0946 -0.9955 0.0001
vn 0.1438 -0.9896 -0.0000
vn -0.0522 -0.0318 -0.9981
vn -0.1041 -0.0634 -0.9925
vn -0.2125 -0.1294 -0.9686
vn -0.3258 -0.1983 -0.9244
vn -0.4503 -0.2739 -0.8498
vn -0.5798 -0.3526 -0.7345
vn -0.7106 -0.4321 -0.5553
vn -0.8132 -0.4945 -0.3067
vn -0.8438 -0.5131 -0.1574
vn 0.0208 -0.1056 -0.9942
vn 0.0415 -0.2104 -0.9767
vn 0.0797 -0.4041 -0.9112
vn 0.1145 -0.5808 -0.8060
vn 0.1425 -0.7230 -0.6760
vn 0.1650 -0.8376 -0.5208
vn 0.1807 -0.9170 -0.3556
vn 0.1902 -0.9653 -0.1788
vn 0.1926 -0.9771 -0.0900
vn -0.0000 -0.0000 -1.0000
vn 1.0000 -0.0000 -0.0000
vn -0.0000 1.0000 -0.0000
vn -0.0000 -0.0000 1.0000
vn -0.0000 -1.0000 -0.0000
vn -1.0000 -0.0000 -0.0000
vn 0.8544 0.5196 -0.0000
vn -0.1934 0.9811 -0.0000
vn 0.1934 -0.9811 -0.0000
vn -0.8544 -0.5196 -0.0000
vt 0.504350 -5.000923
vt 0.504349 -5.000746
vt 0.503531 -5.001041
vt 0.503518 -5.001269
vt 0.504347 -5.000570
vt 0.503545 -5.000814
vt 0.502742 -5.001058
vt 0.502714 -5.001337
vt 0.502685 -5.001615
vt 0.504346 -5.000285
vt 0.503554 -5.000407
vt 0.503545 -5.000813
vt 0.504344 -5.000000
vt 0.503563 -5.000000
vt 0.502781 -5.000000
vt 0.502762 -5.000529
vt 0.502714 -5.001336
vt 0.501357 -5.001643
vt 0.501343 -5.002000
vt 0.501371 -5.001287
vt 0.500000 -5.001516
vt 0.500000 -5.001950
vt 0.500000 -5.002384
vt 0.501842 -5.000644
vt 0.502314 -5.000000
vt 0.501846 -5.000000
vt 0.500923 -5.000758
vt 0.504338 -5.032619
vt 0.503508 -5.032270
vt 0.503524 -5.032524
vt 0.504340 -5.032822
vt 0.502678 -5.031922
vt 0.502708 -5.032228
vt 0.502739 -5.032535
vt 0.503540 -5.032779
vt 0.504341 -5.033024
vt 0.501339 -5.031539
vt 0.501354 -5.031922
vt 0.500000 -5.031156
vt 0.500000 -5.031616
vt 0.500000 -5.032077
vt 0.501369 -5.032306
vt 0.503540 -5.032780
vt 0.503551 -5.033230
vt 0.504343 -5.033352
vt 0.502760 -5.033108
vt 0.502781 -5.033680
vt 0.503563 -5.033680
vt 0.504344 -5.033680
vt 0.501380 -5.032730
vt 0.500000 -5.032352
vt 0.500000 -5.032628
vt 0.501391 -5.033154
vt 0.529871 -5.003693
vt 0.530599 -5.003403
vt 0.530830 -5.002748
vt 0.530152 -5.002987
vt 0.531327 -5.003113
vt 0.531509 -5.002509
vt 0.531691 -5.001905
vt 0.531062 -5.002093
vt 0.530433 -5.002280
vt 0.532501 -5.002748
vt 0.532592 -5.002229
vt 0.533676 -5.002384
vt 0.533676 -5.001950
vt 0.533676 -5.001516
vt 0.532684 -5.001710
vt 0.531062 -5.002092
vt 0.531337 -5.001046
vt 0.530792 -5.001141
vt 0.531882 -5.000953
vt 0.532073 -5.000001
vt 0.531612 -5.000001
vt 0.531152 -5.000000
vt 0.532779 -5.001105
vt 0.533676 -5.001256
vt 0.533676 -5.000997
vt 0.532874 -5.000499
vt 0.504362 -5.000955
vt 0.504358 -5.000773
vt 0.503539 -5.001081
vt 0.503527 -5.001318
vt 0.504354 -5.000590
vt 0.503550 -5.000844
vt 0.502746 -5.001099
vt 0.502719 -5.001390
vt 0.502693 -5.001682
vt 0.504349 -5.000295
vt 0.503557 -5.000422
vt 0.504345 -5.000000
vt 0.502782 -5.000000
vt 0.502764 -5.000549
vt 0.501866 -5.001202
vt 0.501966 -5.001461
vt 0.501766 -5.000943
vt 0.500787 -5.000787
vt 0.501013 -5.001014
vt 0.501239 -5.001240
vt 0.501938 -5.000472
vt 0.502110 -5.000000
vt 0.501439 -5.000000
vt 0.501113 -5.000394
vt 0.649602 -5.001031
vt 0.650430 -5.001363
vt 0.650412 -5.001117
vt 0.649598 -5.000834
vt 0.651258 -5.001693
vt 0.651226 -5.001400
vt 0.651194 -5.001106
vt 0.650394 -5.000872
vt 0.649594 -5.000638
vt 0.652594 -5.002062
vt 0.652578 -5.001694
vt 0.653929 -5.002431
vt 0.653929 -5.001989
vt 0.653929 -5.001547
vt 0.652562 -5.001327
vt 0.650380 -5.000436
vt 0.649589 -5.000319
vt 0.651171 -5.000553
vt 0.651147 -5.000000
vt 0.650366 -5.000000
vt 0.649584 -5.000000
vt 0.652550 -5.000918
vt 0.653929 -5.001283
vt 0.653929 -5.001018
vt 0.652538 -5.000509
vt 0.503808 -5.003691
vt 0.503517 -5.002985
vt 0.502839 -5.002756
vt 0.503079 -5.003412
vt 0.503226 -5.002279
vt 0.502598 -5.002100
vt 0.501971 -5.001920
vt 0.502161 -5.002527
vt 0.502351 -5.003133
vt 0.502232 -5.001760
vt 0.501806 -5.001557
vt 0.501379 -5.001354
vt 0.502161 -5.002526
vt 0.501080 -5.002258
vt 0.501175 -5.002782
vt 0.500986 -5.001734
vt 0.500000 -5.001547
vt 0.500000 -5.001989
vt 0.500000 -5.002431
vt 0.501379 -5.001353
vt 0.501049 -5.001063
vt 0.500720 -5.000774
vt 0.504327 -5.031609
vt 0.503499 -5.031279
vt 0.503517 -5.031523
vt 0.504331 -5.031806
vt 0.502671 -5.030947
vt 0.502703 -5.031241
vt 0.502735 -5.031535
vt 0.503535 -5.031769
vt 0.504335 -5.032003
vt 0.501336 -5.030579
vt 0.501352 -5.030946
vt 0.500000 -5.030210
vt 0.500000 -5.030652
vt 0.500000 -5.031094
vt 0.501368 -5.031314
vt 0.503549 -5.032205
vt 0.504340 -5.032322
vt 0.502758 -5.032087
vt 0.502782 -5.032640
vt 0.503563 -5.032640
vt 0.504345 -5.032640
vt 0.501379 -5.031723
vt 0.500000 -5.031358
vt 0.500000 -5.031623
vt 0.501391 -5.032132
vt 0.529868 -5.028950
vt 0.530160 -5.029656
vt 0.530837 -5.029885
vt 0.530597 -5.029229
vt 0.530451 -5.030362
vt 0.531078 -5.030541
vt 0.531705 -5.030721
vt 0.531515 -5.030114
vt 0.531326 -5.029508
vt 0.530824 -5.031501
vt 0.531364 -5.031591
vt 0.531197 -5.032640
vt 0.531650 -5.032640
vt 0.532103 -5.032640
vt 0.531904 -5.031681
vt 0.531515 -5.030115
vt 0.532596 -5.030383
vt 0.532501 -5.029859
vt 0.532691 -5.030908
vt 0.533676 -5.031094
vt 0.533676 -5.030652
vt 0.533676 -5.030210
vt 0.532532 -5.031774
vt 0.532373 -5.032640
vt 0.532644 -5.032640
vt 0.533160 -5.031867
vt 0.501360 -5.001709
vt 0.501346 -5.002081
vt 0.501373 -5.001336
vt 0.500000 -5.001574
vt 0.500000 -5.002027
vt 0.500000 -5.002480
vt 0.501843 -5.000668
vt 0.500923 -5.000787
vt 0.503524 -5.032525
vt 0.504341 -5.033025
vt 0.504343 -5.033353
vt 0.503805 -5.028948
vt 0.503077 -5.029237
vt 0.502846 -5.029893
vt 0.503524 -5.029655
vt 0.502349 -5.029526
vt 0.502167 -5.030131
vt 0.501985 -5.030735
vt 0.502614 -5.030548
vt 0.503243 -5.030361
vt 0.501175 -5.029891
vt 0.501084 -5.030411
vt 0.500000 -5.030257
vt 0.500000 -5.030691
vt 0.500000 -5.031125
vt 0.500993 -5.030930
vt 0.502339 -5.031594
vt 0.502884 -5.031501
vt 0.501794 -5.031688
vt 0.501603 -5.032640
vt 0.502064 -5.032640
vt 0.502524 -5.032641
vt 0.500897 -5.031536
vt 0.500000 -5.031384
vt 0.500000 -5.031644
vt 0.500802 -5.032142
vt 0.649579 -5.031718
vt 0.649581 -5.031894
vt 0.650398 -5.031600
vt 0.650412 -5.031372
vt 0.649582 -5.032070
vt 0.650384 -5.031827
vt 0.651187 -5.031583
vt 0.651215 -5.031305
vt 0.651244 -5.031026
vt 0.649583 -5.032355
vt 0.650375 -5.032233
vt 0.650384 -5.031826
vt 0.649585 -5.032640
vt 0.650366 -5.032640
vt 0.651148 -5.032640
vt 0.651167 -5.032112
vt 0.651215 -5.031304
vt 0.652572 -5.030997
vt 0.652586 -5.030642
vt 0.652558 -5.031354
vt 0.653929 -5.031125
vt 0.653929 -5.030691
vt 0.653929 -5.030257
vt 0.652087 -5.031997
vt 0.651616 -5.032640
vt 0.652083 -5.032640
vt 0.653006 -5.031883
vt 0.530599 -5.003404
vt 0.531327 -5.003114
vt 0.531509 -5.002510
vt 0.532502 -5.002749
vt 0.532593 -5.002230
vt 0.532684 -5.001711
vt 0.531337 -5.001047
vt 0.532073 -5.000000
vt 0.531612 -5.000000
vt 0.504347 -5.000569
vt 0.649591 -5.001062
vt 0.650421 -5.001410
vt 0.650405 -5.001155
vt 0.649589 -5.000859
vt 0.651251 -5.001759
vt 0.651221 -5.001453
vt 0.651191 -5.001147
vt 0.650389 -5.000901
vt 0.649588 -5.000656
vt 0.652590 -5.002142
vt 0.652575 -5.001759
vt 0.653929 -5.002525
vt 0.653929 -5.002065
vt 0.653929 -5.001604
vt 0.652560 -5.001375
vt 0.650378 -5.000451
vt 0.649586 -5.000328
vt 0.651169 -5.000574
vt 0.651148 -5.000000
vt 0.649585 -5.000000
vt 0.652549 -5.000951
vt 0.653929 -5.001329
vt 0.653929 -5.001054
vt 0.652538 -5.000527
vt 0.649567 -5.032726
vt 0.649571 -5.032909
vt 0.650390 -5.032599
vt 0.650402 -5.032362
vt 0.649575 -5.033091
vt 0.650379 -5.032836
vt 0.651183 -5.032582
vt 0.651210 -5.032291
vt 0.651236 -5.031999
vt 0.649580 -5.033386
vt 0.650372 -5.033258
vt 0.650379 -5.032837
vt 0.649584 -5.033680
vt 0.650366 -5.033680
vt 0.651147 -5.033680
vt 0.651165 -5.033132
vt 0.651210 -5.032290
vt 0.652569 -5.031972
vt 0.652583 -5.031600
vt 0.652556 -5.032345
vt 0.653929 -5.032107
vt 0.653929 -5.031654
vt 0.653929 -5.031201
vt 0.652086 -5.033012
vt 0.651615 -5.033680
vt 0.652083 -5.033680
vt 0.653006 -5.032894
vt 0.650430 -5.001362
vt 0.652561 -5.001327
vt 0.650366 -5.000001
vt 0.649584 -5.000001
vt 0.502598 -5.002099
vt 0.501971 -5.001919
vt 0.502351 -5.003132
vt 0.502852 -5.001140
vt 0.502312 -5.001050
vt 0.502479 -5.000000
vt 0.502026 -5.000000
vt 0.501573 -5.000000
vt 0.501772 -5.000960
vt 0.501080 -5.002257
vt 0.500986 -5.001733
vt 0.501144 -5.000867
vt 0.501303 -5.000000
vt 0.501032 -5.000000
vt 0.500516 -5.000774
vt 0.502671 -5.030948
vt 0.502735 -5.031534
vt 0.502349 -5.029527
vt 0.501175 -5.029892
vt 0.502524 -5.032640
vt 0.649582 -5.032071
vt 0.651187 -5.031584
vt 0.649583 -5.032356
vt 0.650375 -5.032234
vt 0.652572 -5.030998
vt 5.254166 -1.000538
vt 5.254167 -1.000435
vt 5.253384 -1.000745
vt 5.253369 -1.000901
vt 5.254169 -1.000332
vt 5.253400 -1.000589
vt 5.252631 -1.000846
vt 5.252602 -1.001055
vt 5.252572 -1.001264
vt 5.254170 -1.000166
vt 5.253411 -1.000295
vt 5.254173 -1.000000
vt 5.253422 -1.000000
vt 5.252672 -1.000000
vt 5.252651 -1.000423
vt 5.252601 -1.001055
vt 5.251301 -1.001385
vt 5.251286 -1.001680
vt 5.251315 -1.001091
vt 5.250000 -1.001336
vt 5.250000 -1.001716
vt 5.250000 -1.002095
vt 5.251769 -1.000546
vt 5.252223 -1.000000
vt 5.251773 -1.000000
vt 5.250887 -1.000668
vt 5.254181 -1.032733
vt 5.253381 -1.032328
vt 5.253393 -1.032527
vt 5.254179 -1.032870
vt 5.252582 -1.031924
vt 5.252608 -1.032184
vt 5.252635 -1.032445
vt 5.253406 -1.032726
vt 5.254177 -1.033007
vt 5.251291 -1.031479
vt 5.251304 -1.031830
vt 5.250000 -1.031033
vt 5.250000 -1.031475
vt 5.250000 -1.031917
vt 5.251318 -1.032181
vt 5.253414 -1.033088
vt 5.254174 -1.033229
vt 5.252653 -1.032947
vt 5.252672 -1.033450
vt 5.253422 -1.033450
vt 5.254172 -1.033450
vt 5.251327 -1.032564
vt 5.250000 -1.032181
vt 5.250000 -1.032446
vt 5.251336 -1.032948
vt 5.279541 -1.003573
vt 5.280288 -1.003239
vt 5.280560 -1.002615
vt 5.279869 -1.002889
vt 5.281036 -1.002906
vt 5.281252 -1.002340
vt 5.281468 -1.001774
vt 5.280832 -1.001990
vt 5.280196 -1.002206
vt 5.282243 -1.002501
vt 5.282351 -1.002028
vt 5.283451 -1.002095
vt 5.283451 -1.001716
vt 5.283451 -1.001336
vt 5.282459 -1.001555
vt 5.281154 -1.000995
vt 5.280615 -1.001103
vt 5.281693 -1.000887
vt 5.281918 -1.000000
vt 5.281476 -1.000000
vt 5.281034 -1.000000
vt 5.282572 -1.000998
vt 5.283451 -1.001109
vt 5.283451 -1.000882
vt 5.282684 -1.000441
vt 5.254199 -1.000596
vt 5.254193 -1.000482
vt 5.253405 -1.000839
vt 5.253396 -1.001018
vt 5.254188 -1.000368
vt 5.253415 -1.000660
vt 5.252641 -1.000953
vt 5.252616 -1.001197
vt 5.252592 -1.001440
vt 5.254182 -1.000184
vt 5.253419 -1.000330
vt 5.254175 -1.000000
vt 5.253424 -1.000000
vt 5.252673 -1.000000
vt 5.252657 -1.000476
vt 5.251792 -1.001082
vt 5.251888 -1.001312
vt 5.251696 -1.000851
vt 5.250751 -1.000750
vt 5.250968 -1.000967
vt 5.251184 -1.001184
vt 5.251861 -1.000426
vt 5.252026 -1.000000
vt 5.251378 -1.000000
vt 5.251064 -1.000375
vt 5.481431 -1.000662
vt 5.482225 -1.001008
vt 5.482206 -1.000831
vt 5.481425 -1.000535
vt 5.483019 -1.001354
vt 5.482987 -1.001127
vt 5.482955 -1.000901
vt 5.482187 -1.000655
vt 5.481419 -1.000409
vt 5.484300 -1.001751
vt 5.484283 -1.001443
vt 5.485580 -1.002149
vt 5.485580 -1.001760
vt 5.485580 -1.001371
vt 5.484268 -1.001136
vt 5.482172 -1.000327
vt 5.481412 -1.000204
vt 5.482931 -1.000450
vt 5.482908 -1.000000
vt 5.482157 -1.000000
vt 5.481406 -1.000000
vt 5.484256 -1.000794
vt 5.485580 -1.001138
vt 5.485580 -1.000906
vt 5.484244 -1.000453
vt 5.253918 -1.003566
vt 5.253578 -1.002884
vt 5.252885 -1.002620
vt 5.253168 -1.003245
vt 5.253238 -1.002201
vt 5.252604 -1.001995
vt 5.251969 -1.001789
vt 5.252193 -1.002357
vt 5.252418 -1.002925
vt 5.252211 -1.001693
vt 5.251785 -1.001481
vt 5.251359 -1.001270
vt 5.251097 -1.002058
vt 5.251209 -1.002537
vt 5.250985 -1.001580
vt 5.250000 -1.001371
vt 5.250000 -1.001760
vt 5.250000 -1.002148
vt 5.251360 -1.001270
vt 5.251024 -1.000978
vt 5.250690 -1.000685
vt 5.254150 -1.029788
vt 5.253356 -1.029442
vt 5.253375 -1.029619
vt 5.254155 -1.029915
vt 5.252562 -1.029096
vt 5.252594 -1.029323
vt 5.252626 -1.029549
vt 5.253394 -1.029796
vt 5.254161 -1.030041
vt 5.251281 -1.028699
vt 5.251297 -1.029007
vt 5.250000 -1.028302
vt 5.250000 -1.028691
vt 5.250000 -1.029080
vt 5.251313 -1.029315
vt 5.253394 -1.029795
vt 5.253408 -1.030123
vt 5.254169 -1.030246
vt 5.252649 -1.030000
vt 5.252673 -1.030450
vt 5.253424 -1.030450
vt 5.254175 -1.030450
vt 5.251325 -1.029656
vt 5.250000 -1.029312
vt 5.250000 -1.029545
vt 5.251337 -1.029998
vt 5.279534 -1.026885
vt 5.279873 -1.027567
vt 5.280566 -1.027830
vt 5.280283 -1.027205
vt 5.280213 -1.028249
vt 5.280848 -1.028455
vt 5.281483 -1.028661
vt 5.281258 -1.028093
vt 5.281033 -1.027525
vt 5.280648 -1.029350
vt 5.281182 -1.029453
vt 5.281083 -1.030450
vt 5.281517 -1.030450
vt 5.281950 -1.030450
vt 5.281716 -1.029556
vt 5.282354 -1.028392
vt 5.282242 -1.027913
vt 5.282467 -1.028870
vt 5.283451 -1.029080
vt 5.283451 -1.028691
vt 5.283451 -1.028302
vt 5.282338 -1.029660
vt 5.282209 -1.030450
vt 5.282469 -1.030450
vt 5.282960 -1.029765
vt 5.253395 -1.001018
vt 5.252616 -1.001196
vt 5.251308 -1.001565
vt 5.251296 -1.001904
vt 5.251321 -1.001226
vt 5.250000 -1.001500
vt 5.250000 -1.001934
vt 5.250000 -1.002368
vt 5.251772 -1.000613
vt 5.252224 -1.000000
vt 5.251774 -1.000000
vt 5.250887 -1.000750
vt 5.252581 -1.031924
vt 5.253911 -1.026877
vt 5.253163 -1.027211
vt 5.252891 -1.027836
vt 5.253583 -1.027561
vt 5.252415 -1.027544
vt 5.252199 -1.028110
vt 5.251983 -1.028676
vt 5.252619 -1.028460
vt 5.253255 -1.028245
vt 5.251207 -1.027950
vt 5.251100 -1.028422
vt 5.250000 -1.028355
vt 5.250000 -1.028735
vt 5.250000 -1.029114
vt 5.250992 -1.028895
vt 5.252297 -1.029455
vt 5.252836 -1.029347
vt 5.251759 -1.029563
vt 5.251534 -1.030450
vt 5.251975 -1.030450
vt 5.252417 -1.030450
vt 5.250879 -1.029452
vt 5.250000 -1.029341
vt 5.250000 -1.029569
vt 5.250767 -1.030009
vt 5.481415 -1.029912
vt 5.481414 -1.030015
vt 5.482197 -1.029705
vt 5.482213 -1.029549
vt 5.481413 -1.030118
vt 5.482182 -1.029861
vt 5.482951 -1.029605
vt 5.482980 -1.029395
vt 5.483009 -1.029186
vt 5.481411 -1.030284
vt 5.482170 -1.030156
vt 5.481408 -1.030450
vt 5.482159 -1.030450
vt 5.482909 -1.030450
vt 5.482930 -1.030027
vt 5.482980 -1.029396
vt 5.484280 -1.029065
vt 5.484295 -1.028771
vt 5.484266 -1.029359
vt 5.485580 -1.029114
vt 5.485580 -1.028735
vt 5.485580 -1.028355
vt 5.483812 -1.029905
vt 5.483358 -1.030450
vt 5.483808 -1.030450
vt 5.484694 -1.029782
vt 5.279540 -1.003573
vt 5.279868 -1.002889
vt 5.280833 -1.001990
vt 5.280197 -1.002206
vt 5.282244 -1.002501
vt 5.283451 -1.001715
vt 5.253399 -1.000589
vt 5.252630 -1.000846
vt 5.254172 -1.000000
vt 5.251300 -1.001385
vt 5.251286 -1.001679
vt 5.250000 -1.001715
vt 5.251769 -1.000545
vt 5.481399 -1.000717
vt 5.482199 -1.001122
vt 5.482187 -1.000923
vt 5.481402 -1.000580
vt 5.483000 -1.001526
vt 5.482973 -1.001266
vt 5.482946 -1.001006
vt 5.482176 -1.000724
vt 5.481404 -1.000443
vt 5.484290 -1.001972
vt 5.484277 -1.001621
vt 5.485580 -1.002417
vt 5.485580 -1.001975
vt 5.485580 -1.001533
vt 5.484263 -1.001269
vt 5.482175 -1.000724
vt 5.482167 -1.000362
vt 5.481406 -1.000221
vt 5.482927 -1.000503
vt 5.482909 -1.000000
vt 5.482159 -1.000000
vt 5.481409 -1.000000
vt 5.484254 -1.000886
vt 5.485580 -1.001269
vt 5.485580 -1.001005
vt 5.484245 -1.000502
vt 5.481383 -1.032854
vt 5.481388 -1.032968
vt 5.482175 -1.032611
vt 5.482186 -1.032432
vt 5.481392 -1.033082
vt 5.482166 -1.032790
vt 5.482940 -1.032498
vt 5.482964 -1.032254
vt 5.482989 -1.032010
vt 5.481399 -1.033266
vt 5.482162 -1.033120
vt 5.481406 -1.033450
vt 5.482157 -1.033450
vt 5.482908 -1.033450
vt 5.482924 -1.032974
vt 5.482965 -1.032254
vt 5.484272 -1.031885
vt 5.484284 -1.031546
vt 5.484260 -1.032224
vt 5.485580 -1.031950
vt 5.485580 -1.031516
vt 5.485580 -1.031082
vt 5.483809 -1.032837
vt 5.483357 -1.033450
vt 5.483807 -1.033450
vt 5.484694 -1.032700
vt 5.481432 -1.000662
vt 5.482226 -1.001008
vt 5.481426 -1.000535
vt 5.481420 -1.000409
vt 5.485580 -1.002148
vt 5.484267 -1.001136
vt 5.481413 -1.000204
vt 5.485580 -1.000905
vt 5.252803 -1.001101
vt 5.252269 -1.000998
vt 5.252368 -1.000000
vt 5.251934 -1.000000
vt 5.251501 -1.000000
vt 5.251735 -1.000895
vt 5.251113 -1.000790
vt 5.251242 -1.000000
vt 5.250983 -1.000000
vt 5.250492 -1.000685
vt 5.254168 -1.030246
vt 5.251337 -1.029997
vt 5.279534 -1.026884
vt 5.280565 -1.027830
vt 5.281482 -1.028661
vt 5.282466 -1.028870
vt 5.481382 -1.032854
vt 5.484261 -1.032224
vt 5.481400 -1.000718
vt 5.482999 -1.001526
vt 5.482166 -1.000362
vt 5.481408 -1.000000
vt 5.251099 -1.028422
vt 5.251758 -1.029563
vt 5.251976 -1.030450
vt 5.252418 -1.030450
vt 5.250000 -1.029568
vt 5.481412 -1.030118
vt 5.483010 -1.029186
vt 5.481409 -1.030450
vt 5.484266 -1.029360
vt 5.485581 -1.029114
vt 5.483807 -1.030450
vt 0.529870 -5.016322
vt 0.530598 -5.016315
vt 0.531326 -5.016311
vt 0.532501 -5.016304
vt 0.533676 -5.016297
vt 0.500000 -5.016297
vt 0.501339 -5.016289
vt 0.502678 -5.016281
vt 0.503508 -5.016273
vt 0.503499 -5.031278
vt 0.504338 -5.016266
vt 0.504350 -5.016788
vt 0.503518 -5.016795
vt 0.502685 -5.016802
vt 0.501653 -5.016500
vt 0.501339 -5.031538
vt 0.500620 -5.016198
vt 0.516196 -5.000620
vt 0.516512 -5.001450
vt 0.516829 -5.002280
vt 0.516834 -5.002985
vt 0.516839 -5.003692
vt 0.516837 -5.028949
vt 0.516842 -5.029655
vt 0.516847 -5.030361
vt 0.516854 -5.031501
vt 0.516861 -5.032640
vt 0.500000 -5.016818
vt 0.501343 -5.016809
vt 0.503518 -5.016794
vt 0.649591 -5.016375
vt 0.650421 -5.016367
vt 0.651251 -5.016360
vt 0.652590 -5.016352
vt 0.653929 -5.016344
vt 0.500000 -5.016344
vt 0.501175 -5.016336
vt 0.502350 -5.016330
vt 0.503078 -5.016324
vt 0.503807 -5.016320
vt 0.649579 -5.016894
vt 0.650411 -5.016886
vt 0.651244 -5.016879
vt 0.652586 -5.016871
vt 0.653929 -5.016863
vt 0.516815 -5.000000
vt 0.516822 -5.001140
vt 0.516829 -5.002279
vt 5.279537 -1.015229
vt 5.280285 -1.015222
vt 5.281034 -1.015216
vt 5.282242 -1.015207
vt 5.283451 -1.015198
vt 5.250000 -1.015198
vt 5.251284 -1.015189
vt 5.252566 -1.015180
vt 5.252567 -1.015180
vt 5.253362 -1.015172
vt 5.254158 -1.015163
vt 5.254190 -1.016665
vt 5.253388 -1.016673
vt 5.252587 -1.016682
vt 5.251590 -1.016395
vt 5.250593 -1.016109
vt 5.266109 -1.000592
vt 5.266413 -1.001398
vt 5.252212 -1.001693
vt 5.266717 -1.002203
vt 5.266723 -1.002886
vt 5.266729 -1.003569
vt 5.266722 -1.026881
vt 5.266728 -1.027564
vt 5.266734 -1.028247
vt 5.266742 -1.029348
vt 5.266750 -1.030450
vt 5.250000 -1.016701
vt 5.251293 -1.016691
vt 5.252586 -1.016682
vt 5.253387 -1.016673
vt 5.253382 -1.032328
vt 5.481423 -1.015287
vt 5.482218 -1.015278
vt 5.483015 -1.015270
vt 5.483014 -1.015270
vt 5.484297 -1.015261
vt 5.485580 -1.015252
vt 5.250000 -1.015252
vt 5.251208 -1.015243
vt 5.252417 -1.015235
vt 5.252416 -1.015235
vt 5.253165 -1.015228
vt 5.253914 -1.015222
vt 5.481391 -1.016786
vt 5.482193 -1.016777
vt 5.482994 -1.016768
vt 5.484287 -1.016759
vt 5.485580 -1.016750
vt 5.266701 -1.000000
vt 5.266709 -1.001102
vt 5.266718 -1.002203
vt 0.576976 -5.000977
vt 0.576973 -5.000790
vt 0.576971 -5.000604
vt 0.576967 -5.000302
vt 0.576964 -5.000000
vt 0.576965 -5.000000
vt 0.576968 -5.000311
vt 0.576971 -5.000623
vt 0.576974 -5.000815
vt 0.504358 -5.000772
vt 0.576976 -5.001009
vt 0.576953 -5.032672
vt 0.576955 -5.032865
vt 0.576958 -5.033058
vt 0.576961 -5.033369
vt 0.576964 -5.033680
vt 0.576964 -5.000001
vt 0.576953 -5.031663
vt 0.576956 -5.031849
vt 0.576958 -5.032037
vt 0.576962 -5.032339
vt 0.576965 -5.032640
vt 0.530598 -5.016316
vt 0.531326 -5.016312
vt 0.502678 -5.016282
vt 0.650411 -5.016887
vt 0.651251 -5.016359
vt 0.652590 -5.016351
vt 0.501175 -5.016337
vt 0.503077 -5.029238
vt 0.576956 -5.031850
vt 5.367798 -1.000600
vt 5.367796 -1.000485
vt 5.367794 -1.000371
vt 5.367791 -1.000185
vt 5.367789 -1.000000
vt 5.367792 -1.000000
vt 5.367794 -1.000203
vt 5.367796 -1.000406
vt 5.367797 -1.000531
vt 5.367799 -1.000657
vt 5.367783 -1.032793
vt 5.367783 -1.032919
vt 5.367785 -1.033045
vt 5.367786 -1.033247
vt 5.367789 -1.033450
vt 5.367797 -1.000485
vt 5.367799 -1.000600
vt 5.367783 -1.029850
vt 5.367785 -1.029965
vt 5.367787 -1.030080
vt 5.367789 -1.030265
vt 5.367791 -1.030450
vt 5.367787 -1.033247
vt 5.367782 -1.032793
vt 5.281035 -1.015216
vt 5.266723 -1.026881
vt 5.266735 -1.028247
vt 5.482219 -1.015278
vt 5.253166 -1.015228
vt 5.367786 -1.030080
vt 5.367792 -1.030450
vt 5.367798 -1.000531
vt 5.367800 -1.000657
vt 0.649579 -5.031717
vt 0.576964 -5.016320
vt 0.552752 -5.021417
vt 0.521182 -5.012111
vt 0.529869 -5.016321
vt 0.516838 -5.016320
vt 0.529868 -5.028949
vt 0.576964 -5.016840
vt 0.552756 -5.022099
vt 0.504350 -5.016787
vt 0.504338 -5.032618
vt 0.601177 -5.011224
vt 0.649591 -5.016374
vt 0.512494 -5.020529
vt 0.516837 -5.028948
vt 0.503807 -5.016319
vt 0.503805 -5.028947
vt 0.649591 -5.001061
vt 0.576976 -5.001008
vt 0.601173 -5.011580
vt 0.649579 -5.016893
vt 0.529870 -5.016321
vt 5.367790 -1.015225
vt 5.329910 -1.020079
vt 5.367782 -1.029850
vt 5.254165 -1.000538
vt 5.254157 -1.015163
vt 5.254149 -1.029788
vt 5.266728 -1.003569
vt 5.270997 -1.011341
vt 5.253917 -1.003566
vt 5.266726 -1.015225
vt 5.279533 -1.026884
vt 5.367790 -1.016725
vt 5.329921 -1.022061
vt 5.254198 -1.000596
vt 5.254189 -1.016664
vt 5.405671 -1.010371
vt 5.262454 -1.019109
vt 5.253914 -1.015221
vt 5.253910 -1.026877
vt 5.481422 -1.015287
vt 5.367798 -1.000657
vt 5.405660 -1.011389
vt 5.481390 -1.016786
vt 5.329920 -1.022061
vt 5.279536 -1.015229
s 1
usemtl Meshpart1Mtl
f 1/1/1 306/2/2 917/3/3 305/4/4
f 306/2/2 4/5/5 307/6/6 917/3/3
f 917/3/3 307/6/6 7/7/7 308/8/8
f 305/4/4 917/3/3 308/8/8 6/9/9
f 4/5/5 309/10/10 918/11/11 307/12/6
f 309/10/10 5/13/12 310/14/13 918/11/11
f 918/11/11 310/14/13 8/15/14 311/16/15
f 307/12/6 918/11/11 311/16/15 7/7/7
f 6/9/9 308/17/8 919/18/16 312/19/17
f 308/17/8 7/7/7 313/20/18 919/18/16
f 919/18/16 313/20/18 19/21/19 314/22/20
f 312/19/17 919/18/16 314/22/20 16/23/21
f 7/7/7 311/16/15 920/24/22 313/20/18
f 311/16/15 8/15/14 315/25/23 920/24/22
f 920/24/22 315/25/23 9/26/24 316/27/25
f 313/20/18 920/24/22 316/27/25 19/21/19
f 2/28/26 318/29/27 921/30/28 317/31/29
f 318/29/27 10/32/30 319/33/31 921/30/28
f 921/30/28 319/33/31 13/34/32 320/35/33
f 317/31/29 921/30/28 320/35/33 12/36/34
f 10/32/30 321/37/35 922/38/36 319/33/31
f 321/37/35 11/39/37 322/40/38 922/38/36
f 922/38/36 322/40/38 14/41/39 323/42/40
f 319/33/31 922/38/36 323/42/40 13/34/32
f 12/36/34 320/43/33 923/44/41 324/45/42
f 320/43/33 13/34/32 325/46/43 923/44/41
f 923/44/41 325/46/43 8/47/14 310/48/13
f 324/45/42 923/44/41 310/48/13 5/49/12
f 13/34/32 323/42/40 924/50/44 325/46/43
f 323/42/40 14/41/39 326/51/45 924/50/44
f 924/50/44 326/51/45 9/52/24 315/53/23
f 325/46/43 924/50/44 315/53/23 8/47/14
f 3/54/46 328/55/47 925/56/48 327/57/49
f 328/55/47 15/58/50 329/59/51 925/56/48
f 925/56/48 329/59/51 18/60/52 330/61/53
f 327/57/49 925/56/48 330/61/53 17/62/54
f 15/58/50 331/63/55 926/64/56 329/59/51
f 331/63/55 16/65/21 314/66/20 926/64/56
f 926/64/56 314/66/20 19/67/19 332/68/57
f 329/59/51 926/64/56 332/68/57 18/60/52
f 17/62/54 330/69/53 927/70/58 333/71/59
f 330/69/53 18/60/52 334/72/60 927/70/58
f 927/70/58 334/72/60 14/73/39 322/74/38
f 333/71/59 927/70/58 322/74/38 11/75/37
f 18/60/52 332/68/57 928/76/61 334/72/60
f 332/68/57 19/67/19 316/77/25 928/76/61
f 928/76/61 316/77/25 9/78/24 326/79/45
f 334/72/60 928/76/61 326/79/45 14/73/39
f 20/80/62 336/81/63 929/82/64 335/83/65
f 336/81/63 23/84/66 337/85/67 929/82/64
f 929/82/64 337/85/67 26/86/68 338/87/69
f 335/83/65 929/82/64 338/87/69 25/88/70
f 23/84/66 339/89/71 930/90/72 337/85/67
f 339/89/71 24/91/73 340/14/74 930/90/72
f 930/90/72 340/14/74 27/92/75 341/93/76
f 337/85/67 930/90/72 341/93/76 26/86/68
f 25/88/70 338/87/69 931/94/77 342/95/78
f 338/87/69 26/86/68 343/96/79 931/94/77
f 931/94/77 343/96/79 38/97/80 344/98/81
f 342/95/78 931/94/77 344/98/81 35/99/82
f 26/86/68 341/93/76 932/100/83 343/96/79
f 341/93/76 27/92/75 345/101/84 932/100/83
f 932/100/83 345/101/84 28/102/85 346/103/86
f 343/96/79 932/100/83 346/103/86 38/97/80
f 21/104/87 348/105/88 933/106/89 347/107/90
f 348/105/88 29/108/91 349/109/92 933/106/89
f 933/106/89 349/109/92 32/110/93 350/111/94
f 347/107/90 933/106/89 350/111/94 31/112/95
f 29/108/91 351/113/96 934/114/97 349/109/92
f 351/113/96 30/115/98 352/116/99 934/114/97
f 934/114/97 352/116/99 33/117/100 353/118/101
f 349/109/92 934/114/97 353/118/101 32/110/93
f 31/112/95 350/111/94 935/119/102 354/120/103
f 350/111/94 32/110/93 355/121/104 935/119/102
f 935/119/102 355/121/104 27/122/75 340/123/74
f 354/120/103 935/119/102 340/123/74 24/124/73
f 32/110/93 353/118/101 936/125/105 355/121/104
f 353/118/101 33/117/100 356/126/106 936/125/105
f 936/125/105 356/126/106 28/127/85 345/128/84
f 355/121/104 936/125/105 345/128/84 27/122/75
f 22/129/107 358/130/108 937/131/109 357/132/110
f 358/130/108 34/133/111 359/134/112 937/131/109
f 937/131/109 359/134/112 37/135/113 360/136/114
f 357/132/110 937/131/109 360/136/114 36/137/115
f 34/133/111 361/138/116 938/139/117 359/134/112
f 361/138/116 35/99/82 344/98/81 938/139/117
f 938/139/117 344/98/81 38/97/80 362/140/118
f 359/134/112 938/139/117 362/140/118 37/135/113
f 36/137/115 360/141/114 939/142/119 363/143/120
f 360/141/114 37/135/113 364/144/121 939/142/119
f 939/142/119 364/144/121 33/145/100 352/146/99
f 363/143/120 939/142/119 352/146/99 30/147/98
f 37/135/113 362/148/118 940/149/122 364/144/121
f 362/148/118 38/97/80 346/103/86 940/149/122
f 940/149/122 346/103/86 28/102/85 356/150/106
f 364/144/121 940/149/122 356/150/106 33/145/100
f 39/151/123 366/152/124 941/153/125 365/154/126
f 366/152/124 42/155/127 367/156/128 941/153/125
f 941/153/125 367/156/128 45/157/129 368/158/130
f 365/154/126 941/153/125 368/158/130 44/159/131
f 42/155/127 369/160/132 942/161/133 367/156/128
f 369/160/132 43/162/134 370/163/135 942/161/133
f 942/161/133 370/163/135 46/164/136 371/165/137
f 367/156/128 942/161/133 371/165/137 45/157/129
f 44/159/131 368/158/130 943/166/138 372/167/139
f 368/158/130 45/157/129 373/168/140 943/166/138
f 943/166/138 373/168/140 57/169/141 374/170/142
f 372/167/139 943/166/138 374/170/142 54/171/143
f 45/157/129 371/165/137 944/172/144 373/168/140
f 371/165/137 46/164/136 375/173/145 944/172/144
f 944/172/144 375/173/145 47/174/146 376/175/147
f 373/168/140 944/172/144 376/175/147 57/169/141
f 40/176/148 378/177/149 945/178/150 377/179/151
f 378/177/149 48/180/152 379/181/153 945/178/150
f 945/178/150 379/181/153 51/182/154 380/183/155
f 377/179/151 945/178/150 380/183/155 50/184/156
f 48/180/152 381/185/157 946/186/158 379/181/153
f 381/185/157 49/187/159 382/188/160 946/186/158
f 946/186/158 382/188/160 52/189/161 383/190/162
f 379/181/153 946/186/158 383/190/162 51/182/154
f 50/184/156 380/191/155 947/192/163 384/193/164
f 380/191/155 51/182/154 385/194/165 947/192/163
f 947/192/163 385/194/165 46/195/136 370/196/135
f 384/193/164 947/192/163 370/196/135 43/197/134
f 51/182/154 383/190/162 948/198/166 385/194/165
f 383/190/162 52/189/161 386/199/167 948/198/166
f 948/198/166 386/199/167 47/200/146 375/201/145
f 385/194/165 948/198/166 375/201/145 46/195/136
f 41/80/168 388/81/169 949/82/170 387/83/171
f 388/81/169 53/84/172 389/85/173 949/82/170
f 949/82/170 389/85/173 56/86/174 390/87/175
f 387/83/171 949/82/170 390/87/175 55/88/176
f 53/84/172 391/89/177 950/90/178 389/85/173
f 391/89/177 54/91/143 374/14/142 950/90/178
f 950/90/178 374/14/142 57/92/141 392/93/179
f 389/85/173 950/90/178 392/93/179 56/86/174
f 55/88/176 390/87/175 951/202/180 393/203/181
f 390/87/175 56/86/174 394/204/182 951/202/180
f 951/202/180 394/204/182 52/205/161 382/206/160
f 393/203/181 951/202/180 382/206/160 49/207/159
f 56/86/174 392/93/179 952/208/183 394/204/182
f 392/93/179 57/92/141 376/25/147 952/208/183
f 952/208/183 376/25/147 47/26/146 386/209/167
f 394/204/182 952/208/183 386/209/167 52/205/161
f 58/28/184 396/29/185 953/210/186 395/31/187
f 396/29/185 61/32/188 397/33/189 953/210/186
f 953/210/186 397/33/189 64/34/190 398/43/191
f 395/31/187 953/210/186 398/43/191 63/211/192
f 61/32/188 399/37/193 954/38/194 397/33/189
f 399/37/193 62/39/195 400/40/196 954/38/194
f 954/38/194 400/40/196 65/41/197 401/42/198
f 397/33/189 954/38/194 401/42/198 64/34/190
f 63/211/192 398/43/191 955/44/199 402/212/200
f 398/43/191 64/34/190 403/46/201 955/44/199
f 955/44/199 403/46/201 76/47/202 404/48/203
f 402/212/200 955/44/199 404/48/203 73/49/204
f 64/34/190 401/42/198 956/50/205 403/46/201
f 401/42/198 65/41/197 405/51/206 956/50/205
f 956/50/205 405/51/206 66/52/207 406/53/208
f 403/46/201 956/50/205 406/53/208 76/47/202
f 59/213/209 408/214/210 957/215/211 407/216/212
f 408/214/210 67/217/213 409/218/214 957/215/211
f 957/215/211 409/218/214 70/219/215 410/220/216
f 407/216/212 957/215/211 410/220/216 69/221/217
f 67/217/213 411/222/218 958/223/219 409/218/214
f 411/222/218 68/224/220 412/225/221 958/223/219
f 958/223/219 412/225/221 71/226/222 413/227/223
f 409/218/214 958/223/219 413/227/223 70/219/215
f 69/221/217 410/220/216 959/228/224 414/229/225
f 410/220/216 70/219/215 415/230/226 959/228/224
f 959/228/224 415/230/226 65/231/197 400/232/196
f 414/229/225 959/228/224 400/232/196 62/233/195
f 70/219/215 413/227/223 960/234/227 415/230/226
f 413/227/223 71/226/222 416/235/228 960/234/227
f 960/234/227 416/235/228 66/236/207 405/237/206
f 415/230/226 960/234/227 405/237/206 65/231/197
f 60/238/229 418/239/230 961/240/231 417/241/232
f 418/239/230 72/242/233 419/243/234 961/240/231
f 961/240/231 419/243/234 75/244/235 420/245/236
f 417/241/232 961/240/231 420/245/236 74/246/237
f 72/242/233 421/247/238 962/248/239 419/249/234
f 421/247/238 73/250/204 404/251/203 962/248/239
f 962/248/239 404/251/203 76/252/202 422/253/240
f 419/249/234 962/248/239 422/253/240 75/244/235
f 74/246/237 420/254/236 963/255/241 423/256/242
f 420/254/236 75/244/235 424/257/243 963/255/241
f 963/255/241 424/257/243 71/258/222 412/259/221
f 423/256/242 963/255/241 412/259/221 68/260/220
f 75/244/235 422/253/240 964/261/244 424/257/243
f 422/253/240 76/252/202 406/262/208 964/261/244
f 964/261/244 406/262/208 66/263/207 416/264/228
f 424/257/243 964/261/244 416/264/228 71/258/222
f 77/54/245 426/265/246 965/56/247 425/57/248
f 426/265/246 80/266/249 427/267/250 965/56/247
f 965/56/247 427/267/250 83/60/251 428/61/252
f 425/57/248 965/56/247 428/61/252 82/62/253
f 80/266/249 429/268/254 966/269/255 427/267/250
f 429/268/254 81/65/256 430/66/257 966/269/255
f 966/269/255 430/66/257 84/67/258 431/270/259
f 427/267/250 966/269/255 431/270/259 83/60/251
f 82/62/253 428/61/252 967/271/260 432/71/261
f 428/61/252 83/60/251 433/72/262 967/271/260
f 967/271/260 433/72/262 95/272/263 434/273/264
f 432/71/261 967/271/260 434/273/264 92/75/265
f 83/60/251 431/270/259 968/76/266 433/72/262
f 431/270/259 84/67/258 435/77/267 968/76/266
f 968/76/266 435/77/267 85/78/268 436/79/269
f 433/72/262 968/76/266 436/79/269 95/272/263
f 78/1/270 438/2/271 969/3/272 437/4/273
f 438/2/271 86/274/274 439/12/275 969/3/272
f 969/3/272 439/12/275 89/7/276 440/8/277
f 437/4/273 969/3/272 440/8/277 88/9/278
f 86/274/274 441/10/279 970/11/280 439/12/275
f 441/10/279 87/13/281 442/14/282 970/11/280
f 970/11/280 442/14/282 90/15/283 443/16/284
f 439/12/275 970/11/280 443/16/284 89/7/276
f 88/9/278 440/17/277 971/18/285 444/19/286
f 440/17/277 89/7/276 445/20/287 971/18/285
f 971/18/285 445/20/287 84/21/258 430/22/257
f 444/19/286 971/18/285 430/22/257 81/23/256
f 89/7/276 443/16/284 972/24/288 445/20/287
f 443/16/284 90/15/283 446/25/289 972/24/288
f 972/24/288 446/25/289 85/26/268 435/27/267
f 445/20/287 972/24/288 435/27/267 84/21/258
f 79/275/290 448/276/291 973/277/292 447/278/293
f 448/276/291 91/279/294 449/280/295 973/277/292
f 973/277/292 449/280/295 94/281/296 450/282/297
f 447/278/293 973/277/292 450/282/297 93/283/298
f 91/279/294 451/284/299 974/285/300 449/280/295
f 451/284/299 92/286/265 434/287/264 974/285/300
f 974/285/300 434/287/264 95/288/263 452/289/301
f 449/280/295 974/285/300 452/289/301 94/281/296
f 93/283/298 450/282/297 975/290/302 453/291/303
f 450/282/297 94/281/296 454/292/304 975/290/302
f 975/290/302 454/292/304 90/293/283 442/123/282
f 453/291/303 975/290/302 442/123/282 87/294/281
f 94/281/296 452/289/301 976/295/305 454/292/304
f 452/289/301 95/288/263 436/296/269 976/295/305
f 976/295/305 436/296/269 85/297/268 446/298/289
f 454/292/304 976/295/305 446/298/289 90/293/283
f 96/299/306 456/300/307 977/301/308 455/302/309
f 456/300/307 99/303/310 457/304/311 977/301/308
f 977/301/308 457/304/311 102/305/312 458/306/313
f 455/302/309 977/301/308 458/306/313 101/307/314
f 99/303/310 459/308/315 978/309/316 457/310/311
f 459/308/315 100/311/317 460/312/318 978/309/316
f 978/309/316 460/312/318 103/313/319 461/314/320
f 457/310/311 978/309/316 461/314/320 102/305/312
f 101/307/314 458/315/313 979/316/321 462/317/322
f 458/315/313 102/305/312 463/318/323 979/316/321
f 979/316/321 463/318/323 114/319/324 464/320/325
f 462/317/322 979/316/321 464/320/325 111/321/326
f 102/305/312 461/314/320 980/322/327 463/318/323
f 461/314/320 103/313/319 465/323/328 980/322/327
f 980/322/327 465/323/328 104/324/329 466/325/330
f 463/318/323 980/322/327 466/325/330 114/319/324
f 97/104/331 468/326/332 981/106/333 467/107/334
f 468/326/332 105/108/335 469/109/336 981/106/333
f 981/106/333 469/109/336 108/110/337 470/111/338
f 467/107/334 981/106/333 470/111/338 107/112/339
f 105/108/335 471/113/340 982/114/341 469/109/336
f 471/113/340 106/115/342 472/116/343 982/114/341
f 982/114/341 472/116/343 109/117/344 473/327/345
f 469/109/336 982/114/341 473/327/345 108/110/337
f 107/112/339 470/111/338 983/119/346 474/120/347
f 470/111/338 108/110/337 475/121/348 983/119/346
f 983/119/346 475/121/348 103/122/319 460/328/318
f 474/120/347 983/119/346 460/328/318 100/329/317
f 108/110/337 473/327/345 984/125/349 475/121/348
f 473/327/345 109/117/344 476/126/350 984/125/349
f 984/125/349 476/126/350 104/127/329 465/128/328
f 475/121/348 984/125/349 465/128/328 103/122/319
f 98/129/351 478/130/352 985/131/353 477/132/354
f 478/130/352 110/133/355 479/330/356 985/131/353
f 985/131/353 479/330/356 113/331/357 480/141/358
f 477/132/354 985/131/353 480/141/358 112/332/359
f 110/133/355 481/333/360 986/334/361 479/330/356
f 481/333/360 111/335/326 464/336/325 986/334/361
f 986/334/361 464/336/325 114/337/324 482/338/362
f 479/330/356 986/334/361 482/338/362 113/331/357
f 112/332/359 480/141/358 987/339/363 483/143/364
f 480/141/358 113/331/357 484/340/365 987/339/363
f 987/339/363 484/340/365 109/145/344 472/146/343
f 483/143/364 987/339/363 472/146/343 106/147/342
f 113/331/357 482/338/362 988/341/366 484/340/365
f 482/338/362 114/337/324 466/342/330 988/341/366
f 988/341/366 466/342/330 104/343/329 476/344/350
f 484/340/365 988/341/366 476/344/350 109/145/344
f 115/151/367 486/152/368 989/153/369 485/154/370
f 486/152/368 118/345/371 487/156/372 989/153/369
f 989/153/369 487/156/372 121/346/373 488/158/374
f 485/154/370 989/153/369 488/158/374 120/159/375
f 118/345/371 489/160/376 990/161/377 487/156/372
f 489/160/376 119/162/378 490/163/379 990/161/377
f 990/161/377 490/163/379 122/164/380 491/165/381
f 487/156/372 990/161/377 491/165/381 121/346/373
f 120/159/375 488/158/374 991/166/382 492/167/383
f 488/158/374 121/346/373 493/168/384 991/166/382
f 991/166/382 493/168/384 133/169/385 494/170/386
f 492/167/383 991/166/382 494/170/386 130/171/387
f 121/346/373 491/165/381 992/172/388 493/168/384
f 491/165/381 122/164/380 495/173/389 992/172/388
f 992/172/388 495/173/389 123/174/390 496/175/391
f 493/168/384 992/172/388 496/175/391 133/169/385
f 116/176/392 498/177/393 993/178/394 497/179/395
f 498/177/393 124/180/396 499/181/397 993/178/394
f 993/178/394 499/181/397 127/182/398 500/183/399
f 497/179/395 993/178/394 500/183/399 126/184/400
f 124/180/396 501/185/401 994/186/402 499/181/397
f 501/185/401 125/187/403 502/188/404 994/186/402
f 994/186/402 502/188/404 128/189/405 503/190/406
f 499/181/397 994/186/402 503/190/406 127/182/398
f 126/184/400 500/191/399 995/192/407 504/193/408
f 500/191/399 127/182/398 505/194/409 995/192/407
f 995/192/407 505/194/409 122/195/380 490/196/379
f 504/193/408 995/192/407 490/196/379 119/197/378
f 127/182/398 503/190/406 996/198/410 505/194/409
f 503/190/406 128/189/405 506/199/411 996/198/410
f 996/198/410 506/199/411 123/200/390 495/201/389
f 505/194/409 996/198/410 495/201/389 122/195/380
f 117/299/412 508/300/413 997/301/414 507/302/415
f 508/300/413 129/303/416 509/304/417 997/301/414
f 997/301/414 509/304/417 132/305/418 510/306/419
f 507/302/415 997/301/414 510/306/419 131/307/420
f 129/303/416 511/308/421 998/309/422 509/310/417
f 511/308/421 130/311/387 494/312/386 998/309/422
f 998/309/422 494/312/386 133/313/385 512/314/423
f 509/310/417 998/309/422 512/314/423 132/305/418
f 131/307/420 510/315/419 999/316/424 513/317/425
f 510/315/419 132/305/418 514/318/426 999/316/424
f 999/316/424 514/318/426 128/319/405 502/320/404
f 513/317/425 999/316/424 502/320/404 125/321/403
f 132/305/418 512/314/423 1000/322/427 514/318/426
f 512/314/423 133/313/385 496/323/391 1000/322/427
f 1000/322/427 496/323/391 123/324/390 506/325/411
f 514/318/426 1000/322/427 506/325/411 128/319/405
f 134/275/428 516/276/429 1001/277/430 515/278/431
f 516/276/429 137/279/432 517/280/433 1001/277/430
f 1001/277/430 517/280/433 140/281/434 518/282/435
f 515/278/431 1001/277/430 518/282/435 139/283/436
f 137/279/432 519/284/437 1002/285/438 517/280/433
f 519/284/437 138/286/439 520/287/440 1002/285/438
f 1002/285/438 520/287/440 141/288/441 521/289/442
f 517/280/433 1002/285/438 521/289/442 140/281/434
f 139/283/436 518/282/435 1003/290/443 522/291/444
f 518/282/435 140/281/434 523/292/445 1003/290/443
f 1003/290/443 523/292/445 152/293/446 524/123/447
f 522/291/444 1003/290/443 524/123/447 149/294/448
f 140/281/434 521/289/442 1004/295/449 523/292/445
f 521/289/442 141/288/441 525/296/450 1004/295/449
f 1004/295/449 525/296/450 142/297/451 526/298/452
f 523/292/445 1004/295/449 526/298/452 152/293/446
f 135/213/453 528/214/454 1005/215/455 527/216/456
f 528/214/454 143/347/457 529/218/458 1005/215/455
f 1005/215/455 529/218/458 146/219/459 530/220/460
f 527/216/456 1005/215/455 530/220/460 145/221/461
f 143/347/457 531/348/462 1006/223/463 529/218/458
f 531/348/462 144/224/464 532/225/465 1006/223/463
f 1006/223/463 532/225/465 147/226/466 533/227/467
f 529/218/458 1006/223/463 533/227/467 146/219/459
f 145/221/461 530/220/460 1007/228/468 534/229/469
f 530/220/460 146/219/459 535/230/470 1007/228/468
f 1007/228/468 535/230/470 141/231/441 520/232/440
f 534/229/469 1007/228/468 520/232/440 138/349/439
f 146/219/459 533/227/467 1008/234/471 535/230/470
f 533/227/467 147/226/466 536/235/472 1008/234/471
f 1008/234/471 536/235/472 142/236/451 525/237/450
f 535/230/470 1008/234/471 525/237/450 141/231/441
f 136/238/473 538/239/474 1009/240/475 537/241/476
f 538/239/474 148/350/477 539/243/478 1009/240/475
f 1009/240/475 539/243/478 151/351/479 540/245/480
f 537/241/476 1009/240/475 540/245/480 150/246/481
f 148/350/477 541/352/482 1010/353/483 539/243/478
f 541/352/482 149/250/448 524/251/447 1010/353/483
f 1010/353/483 524/251/447 152/252/446 542/253/484
f 539/243/478 1010/353/483 542/253/484 151/351/479
f 150/246/481 540/245/480 1011/354/485 543/256/486
f 540/245/480 151/351/479 544/257/487 1011/354/485
f 1011/354/485 544/257/487 147/258/466 532/259/465
f 543/256/486 1011/354/485 532/259/465 144/260/464
f 151/351/479 542/253/484 1012/261/488 544/257/487
f 542/253/484 152/252/446 526/262/452 1012/261/488
f 1012/261/488 526/262/452 142/263/451 536/264/472
f 544/257/487 1012/261/488 536/264/472 147/258/466
f 153/355/489 546/356/490 1013/357/491 545/358/492
f 546/356/490 156/359/493 547/360/494 1013/357/491
f 1013/357/491 547/360/494 159/361/495 548/362/496
f 545/358/492 1013/357/491 548/362/496 158/363/497
f 156/359/493 549/364/498 1014/365/499 547/360/494
f 549/364/498 157/366/500 550/367/501 1014/365/499
f 1014/365/499 550/367/501 160/368/502 551/369/503
f 547/360/494 1014/365/499 551/369/503 159/361/495
f 158/363/497 548/370/496 1015/371/504 552/372/505
f 548/370/496 159/361/495 553/373/506 1015/371/504
f 1015/371/504 553/373/506 171/374/507 554/375/508
f 552/372/505 1015/371/504 554/375/508 168/376/509
f 159/361/495 551/369/503 1016/377/510 553/373/506
f 551/369/503 160/368/502 555/378/511 1016/377/510
f 1016/377/510 555/378/511 161/379/512 556/380/513
f 553/373/506 1016/377/510 556/380/513 171/374/507
f 154/381/514 558/382/515 1017/383/516 557/384/517
f 558/382/515 162/385/518 559/386/519 1017/383/516
f 1017/383/516 559/386/519 165/387/520 560/388/521
f 557/384/517 1017/383/516 560/388/521 164/389/522
f 162/385/518 561/390/523 1018/391/524 559/386/519
f 561/390/523 163/392/525 562/393/526 1018/391/524
f 1018/391/524 562/393/526 166/394/527 563/395/528
f 559/386/519 1018/391/524 563/395/528 165/387/520
f 164/389/522 560/388/521 1019/396/529 564/397/530
f 560/388/521 165/387/520 565/398/531 1019/396/529
f 1019/396/529 565/398/531 160/399/502 550/400/501
f 564/397/530 1019/396/529 550/400/501 157/401/500
f 165/387/520 563/395/528 1020/402/532 565/398/531
f 563/395/528 166/394/527 566/403/533 1020/402/532
f 1020/402/532 566/403/533 161/404/512 555/405/511
f 565/398/531 1020/402/532 555/405/511 160/399/502
f 155/406/534 568/407/535 1021/408/536 567/409/537
f 568/407/535 167/410/538 569/411/539 1021/408/536
f 1021/408/536 569/411/539 170/412/540 570/413/541
f 567/409/537 1021/408/536 570/413/541 169/414/542
f 167/410/538 571/415/543 1022/416/544 569/411/539
f 571/415/543 168/417/509 554/418/508 1022/416/544
f 1022/416/544 554/418/508 171/419/507 572/420/545
f 569/411/539 1022/416/544 572/420/545 170/412/540
f 169/414/542 570/413/541 1023/421/546 573/422/547
f 570/413/541 170/412/540 574/423/548 1023/421/546
f 1023/421/546 574/423/548 166/424/527 562/425/526
f 573/422/547 1023/421/546 562/425/526 163/426/525
f 170/412/540 572/420/545 1024/427/549 574/423/548
f 572/420/545 171/419/507 556/428/513 1024/427/549
f 1024/427/549 556/428/513 161/429/512 566/430/533
f 574/423/548 1024/427/549 566/430/533 166/424/527
f 172/431/550 576/432/551 1025/433/552 575/434/553
f 576/432/551 175/435/554 577/436/555 1025/433/552
f 1025/433/552 577/436/555 178/437/556 578/438/557
f 575/434/553 1025/433/552 578/438/557 177/439/558
f 175/435/554 579/440/559 1026/441/560 577/436/555
f 579/440/559 176/442/561 580/443/562 1026/441/560
f 1026/441/560 580/443/562 179/444/563 581/445/564
f 577/436/555 1026/441/560 581/445/564 178/437/556
f 177/439/558 578/438/557 1027/446/565 582/447/566
f 578/438/557 178/437/556 583/448/567 1027/446/565
f 1027/446/565 583/448/567 190/449/568 584/450/569
f 582/447/566 1027/446/565 584/450/569 187/451/570
f 178/437/556 581/445/564 1028/452/571 583/448/567
f 581/445/564 179/444/563 585/453/572 1028/452/571
f 1028/452/571 585/453/572 180/454/573 586/455/574
f 583/448/567 1028/452/571 586/455/574 190/449/568
f 173/456/575 588/457/576 1029/458/577 587/459/578
f 588/457/576 181/460/579 589/461/580 1029/458/577
f 1029/458/577 589/461/580 184/462/581 590/463/582
f 587/459/578 1029/458/577 590/463/582 183/464/583
f 181/460/579 591/465/584 1030/466/585 589/461/580
f 591/465/584 182/467/586 592/468/587 1030/466/585
f 1030/466/585 592/468/587 185/469/588 593/470/589
f 589/461/580 1030/466/585 593/470/589 184/462/581
f 183/464/583 590/463/582 1031/471/590 594/472/591
f 590/463/582 184/462/581 595/473/592 1031/471/590
f 1031/471/590 595/473/592 179/474/563 580/475/562
f 594/472/591 1031/471/590 580/475/562 176/476/561
f 184/462/581 593/470/589 1032/477/593 595/473/592
f 593/470/589 185/469/588 596/478/594 1032/477/593
f 1032/477/593 596/478/594 180/479/573 585/480/572
f 595/473/592 1032/477/593 585/480/572 179/474/563
f 174/481/595 598/482/596 1033/483/597 597/484/598
f 598/482/596 186/485/599 599/486/600 1033/483/597
f 1033/483/597 599/486/600 189/487/601 600/488/602
f 597/484/598 1033/483/597 600/488/602 188/489/603
f 186/485/599 601/490/604 1034/491/605 599/486/600
f 601/490/604 187/451/570 584/450/569 1034/491/605
f 1034/491/605 584/450/569 190/449/568 602/492/606
f 599/486/600 1034/491/605 602/492/606 189/487/601
f 188/489/603 600/488/602 1035/493/607 603/494/608
f 600/488/602 189/487/601 604/495/609 1035/493/607
f 1035/493/607 604/495/609 185/496/588 592/497/587
f 603/494/608 1035/493/607 592/497/587 182/498/586
f 189/487/601 602/499/606 1036/500/610 604/495/609
f 602/499/606 190/449/568 586/455/574 1036/500/610
f 1036/500/610 586/455/574 180/454/573 596/501/594
f 604/495/609 1036/500/610 596/501/594 185/496/588
f 191/502/611 606/503/612 1037/504/613 605/505/614
f 606/503/612 194/506/615 607/507/616 1037/504/613
f 1037/504/613 607/507/616 197/508/617 608/509/618
f 605/505/614 1037/504/613 608/509/618 196/510/619
f 194/506/615 609/511/620 1038/512/621 607/507/616
f 609/511/620 195/513/622 610/514/623 1038/512/621
f 1038/512/621 610/514/623 198/515/624 611/516/625
f 607/507/616 1038/512/621 611/516/625 197/508/617
f 196/510/619 608/517/618 1039/518/626 612/519/627
f 608/517/618 197/508/617 613/520/628 1039/518/626
f 1039/518/626 613/520/628 209/521/629 614/522/630
f 612/519/627 1039/518/626 614/522/630 206/523/631
f 197/508/617 611/516/625 1040/524/632 613/520/628
f 611/516/625 198/515/624 615/525/633 1040/524/632
f 1040/524/632 615/525/633 199/526/634 616/527/635
f 613/520/628 1040/524/632 616/527/635 209/521/629
f 192/528/636 618/529/637 1041/530/638 617/531/639
f 618/529/637 200/532/640 619/533/641 1041/530/638
f 1041/530/638 619/533/641 203/534/642 620/535/643
f 617/531/639 1041/530/638 620/535/643 202/536/644
f 200/532/640 621/537/645 1042/538/646 619/533/641
f 621/537/645 201/539/647 622/540/648 1042/538/646
f 1042/538/646 622/540/648 204/541/649 623/542/650
f 619/533/641 1042/538/646 623/542/650 203/534/642
f 202/536/644 620/535/643 1043/543/651 624/544/652
f 620/535/643 203/534/642 625/545/653 1043/543/651
f 1043/543/651 625/545/653 198/546/624 610/547/623
f 624/544/652 1043/543/651 610/547/623 195/548/622
f 203/534/642 623/542/650 1044/549/654 625/545/653
f 623/542/650 204/541/649 626/550/655 1044/549/654
f 1044/549/654 626/550/655 199/551/634 615/552/633
f 625/545/653 1044/549/654 615/552/633 198/546/624
f 193/431/656 628/432/657 1045/433/658 627/553/659
f 628/432/657 205/435/660 629/436/661 1045/433/658
f 1045/433/658 629/436/661 208/437/662 630/438/663
f 627/553/659 1045/433/658 630/438/663 207/439/664
f 205/435/660 631/440/665 1046/441/666 629/436/661
f 631/440/665 206/442/631 614/443/630 1046/441/666
f 1046/441/666 614/443/630 209/444/629 632/445/667
f 629/436/661 1046/441/666 632/445/667 208/437/662
f 207/439/664 630/554/663 1047/555/668 633/556/669
f 630/554/663 208/437/662 634/557/670 1047/555/668
f 1047/555/668 634/557/670 204/558/649 622/559/648
f 633/556/669 1047/555/668 622/559/648 201/560/647
f 208/437/662 632/445/667 1048/561/671 634/557/670
f 632/445/667 209/444/629 616/562/635 1048/561/671
f 1048/561/671 616/562/635 199/563/634 626/564/655
f 634/557/670 1048/561/671 626/564/655 204/558/649
f 210/381/672 636/382/673 1049/383/674 635/384/675
f 636/382/673 213/565/676 637/386/677 1049/383/674
f 1049/383/674 637/386/677 216/387/678 638/388/679
f 635/384/675 1049/383/674 638/388/679 215/389/680
f 213/565/676 639/390/681 1050/391/682 637/386/677
f 639/390/681 214/392/683 640/393/684 1050/391/682
f 1050/391/682 640/393/684 217/394/685 641/395/686
f 637/386/677 1050/391/682 641/395/686 216/387/678
f 215/389/680 638/388/679 1051/396/687 642/397/688
f 638/388/679 216/387/678 643/398/689 1051/396/687
f 1051/396/687 643/398/689 228/399/690 644/400/691
f 642/397/688 1051/396/687 644/400/691 225/401/692
f 216/387/678 641/395/686 1052/402/693 643/398/689
f 641/395/686 217/394/685 645/403/694 1052/402/693
f 1052/402/693 645/403/694 218/404/695 646/405/696
f 643/398/689 1052/402/693 646/405/696 228/399/690
f 211/566/697 648/567/698 1053/568/699 647/569/700
f 648/567/698 219/570/701 649/571/702 1053/568/699
f 1053/568/699 649/571/702 222/572/703 650/573/704
f 647/569/700 1053/568/699 650/573/704 221/574/705
f 219/570/701 651/575/706 1054/576/707 649/571/702
f 651/575/706 220/577/708 652/578/709 1054/576/707
f 1054/576/707 652/578/709 223/579/710 653/580/711
f 649/571/702 1054/576/707 653/580/711 222/572/703
f 221/574/705 650/573/704 1055/581/712 654/582/713
f 650/573/704 222/572/703 655/583/714 1055/581/712
f 1055/581/712 655/583/714 217/584/685 640/585/684
f 654/582/713 1055/581/712 640/585/684 214/586/683
f 222/572/703 653/580/711 1056/587/715 655/583/714
f 653/580/711 223/579/710 656/588/716 1056/587/715
f 1056/587/715 656/588/716 218/589/695 645/590/694
f 655/583/714 1056/587/715 645/590/694 217/584/685
f 212/591/717 658/592/718 1057/593/719 657/594/720
f 658/592/718 224/595/721 659/596/722 1057/593/719
f 1057/593/719 659/596/722 227/597/723 660/598/724
f 657/594/720 1057/593/719 660/598/724 226/599/725
f 224/595/721 661/600/726 1058/601/727 659/596/722
f 661/600/726 225/602/692 644/603/691 1058/601/727
f 1058/601/727 644/603/691 228/604/690 662/605/728
f 659/596/722 1058/601/727 662/605/728 227/597/723
f 226/599/725 660/606/724 1059/607/729 663/608/730
f 660/606/724 227/597/723 664/609/731 1059/607/729
f 1059/607/729 664/609/731 223/610/710 652/611/709
f 663/608/730 1059/607/729 652/611/709 220/612/708
f 227/597/723 662/605/728 1060/613/732 664/609/731
f 662/605/728 228/604/690 646/614/696 1060/613/732
f 1060/613/732 646/614/696 218/615/695 656/616/716
f 664/609/731 1060/613/732 656/616/716 223/610/710
f 229/617/733 666/407/734 1061/408/735 665/618/736
f 666/407/734 232/410/737 667/411/738 1061/408/735
f 1061/408/735 667/411/738 235/412/739 668/619/740
f 665/618/736 1061/408/735 668/619/740 234/620/741
f 232/410/737 669/621/742 1062/416/743 667/411/738
f 669/621/742 233/417/744 670/622/745 1062/416/743
f 1062/416/743 670/622/745 236/419/746 671/420/747
f 667/411/738 1062/416/743 671/420/747 235/412/739
f 234/620/741 668/413/740 1063/421/748 672/422/749
f 668/413/740 235/412/739 673/423/750 1063/421/748
f 1063/421/748 673/423/750 247/424/751 674/425/752
f 672/422/749 1063/421/748 674/425/752 244/426/753
f 235/412/739 671/420/747 1064/427/754 673/423/750
f 671/420/747 236/419/746 675/428/755 1064/427/754
f 1064/427/754 675/428/755 237/429/756 676/430/757
f 673/423/750 1064/427/754 676/430/757 247/424/751
f 230/355/758 678/356/759 1065/357/760 677/358/761
f 678/356/759 238/359/762 679/623/763 1065/357/760
f 1065/357/760 679/623/763 241/624/764 680/370/765
f 677/358/761 1065/357/760 680/370/765 240/363/766
f 238/359/762 681/364/767 1066/365/768 679/623/763
f 681/364/767 239/625/769 682/367/770 1066/365/768
f 1066/365/768 682/367/770 242/368/771 683/369/772
f 679/623/763 1066/365/768 683/369/772 241/624/764
f 240/363/766 680/370/765 1067/626/773 684/627/774
f 680/370/765 241/624/764 685/373/775 1067/626/773
f 1067/626/773 685/373/775 236/374/746 670/628/745
f 684/627/774 1067/626/773 670/628/745 233/376/744
f 241/624/764 683/369/772 1068/629/776 685/373/775
f 683/369/772 242/368/771 686/378/777 1068/629/776
f 1068/629/776 686/378/777 237/379/756 675/380/755
f 685/373/775 1068/629/776 675/380/755 236/374/746
f 231/630/778 688/631/779 1069/632/780 687/633/781
f 688/631/779 243/634/782 689/635/783 1069/632/780
f 1069/632/780 689/635/783 246/636/784 690/637/785
f 687/633/781 1069/632/780 690/637/785 245/638/786
f 243/634/782 691/639/787 1070/640/788 689/635/783
f 691/639/787 244/641/753 674/642/752 1070/640/788
f 1070/640/788 674/642/752 247/643/751 692/644/789
f 689/635/783 1070/640/788 692/644/789 246/636/784
f 245/638/786 690/645/785 1071/646/790 693/647/791
f 690/645/785 246/636/784 694/648/792 1071/646/790
f 1071/646/790 694/648/792 242/649/771 682/650/770
f 693/647/791 1071/646/790 682/650/770 239/651/769
f 246/636/784 692/644/789 1072/652/793 694/648/792
f 692/644/789 247/643/751 676/653/757 1072/652/793
f 1072/652/793 676/653/757 237/654/756 686/655/777
f 694/648/792 1072/652/793 686/655/777 242/649/771
f 248/656/794 696/657/795 1073/658/796 695/659/797
f 696/657/795 251/660/798 697/661/799 1073/658/796
f 1073/658/796 697/661/799 254/662/800 698/663/801
f 695/659/797 1073/658/796 698/663/801 253/664/802
f 251/660/798 699/665/803 1074/666/804 697/661/799
f 699/665/803 252/667/805 700/668/806 1074/666/804
f 1074/666/804 700/668/806 255/669/807 701/670/808
f 697/661/799 1074/666/804 701/670/808 254/662/800
f 253/664/802 698/671/801 1075/672/809 702/673/810
f 698/671/801 254/662/800 703/674/811 1075/672/809
f 1075/672/809 703/674/811 266/675/812 704/676/813
f 702/673/810 1075/672/809 704/676/813 263/677/814
f 254/662/800 701/670/808 1076/678/815 703/674/811
f 701/670/808 255/669/807 705/679/816 1076/678/815
f 1076/678/815 705/679/816 256/680/817 706/681/818
f 703/674/811 1076/678/815 706/681/818 266/675/812
f 249/682/819 708/683/820 1077/458/821 707/684/822
f 708/683/820 257/460/823 709/461/824 1077/458/821
f 1077/458/821 709/461/824 260/462/825 710/463/826
f 707/684/822 1077/458/821 710/463/826 259/685/827
f 257/460/823 711/465/828 1078/466/829 709/461/824
f 711/465/828 258/686/830 712/468/831 1078/466/829
f 1078/466/829 712/468/831 261/469/832 713/687/833
f 709/461/824 1078/466/829 713/687/833 260/462/825
f 259/685/827 710/463/826 1079/471/834 714/688/835
f 710/463/826 260/462/825 715/473/836 1079/471/834
f 1079/471/834 715/473/836 255/474/807 700/475/806
f 714/688/835 1079/471/834 700/475/806 252/476/805
f 260/462/825 713/687/833 1080/477/837 715/473/836
f 713/687/833 261/469/832 716/478/838 1080/477/837
f 1080/477/837 716/478/838 256/689/817 705/480/816
f 715/473/836 1080/477/837 705/480/816 255/474/807
f 250/481/839 718/482/840 1081/483/841 717/484/842
f 718/482/840 262/485/843 719/486/844 1081/483/841
f 1081/483/841 719/486/844 265/487/845 720/488/846
f 717/484/842 1081/483/841 720/488/846 264/489/847
f 262/485/843 721/690/848 1082/691/849 719/486/844
f 721/690/848 263/692/814 704/693/813 1082/691/849
f 1082/691/849 704/693/813 266/694/812 722/695/850
f 719/486/844 1082/691/849 722/695/850 265/487/845
f 264/489/847 720/488/846 1083/493/851 723/494/852
f 720/488/846 265/487/845 724/495/853 1083/493/851
f 1083/493/851 724/495/853 261/496/832 712/497/831
f 723/494/852 1083/493/851 712/497/831 258/498/830
f 265/487/845 722/695/850 1084/696/854 724/495/853
f 722/695/850 266/694/812 706/697/818 1084/696/854
f 1084/696/854 706/697/818 256/698/817 716/699/838
f 724/495/853 1084/696/854 716/699/838 261/496/832
f 267/502/855 726/503/856 1085/504/857 725/505/858
f 726/503/856 270/506/859 727/507/860 1085/504/857
f 1085/504/857 727/507/860 273/508/861 728/509/862
f 725/505/858 1085/504/857 728/509/862 272/510/863
f 270/506/859 729/511/864 1086/512/865 727/507/860
f 729/511/864 271/513/866 730/514/867 1086/512/865
f 1086/512/865 730/514/867 274/515/868 731/516/869
f 727/507/860 1086/512/865 731/516/869 273/508/861
f 272/510/863 728/517/862 1087/518/870 732/700/871
f 728/517/862 273/508/861 733/520/872 1087/518/870
f 1087/518/870 733/520/872 285/521/873 734/522/874
f 732/700/871 1087/518/870 734/522/874 282/523/875
f 273/508/861 731/516/869 1088/524/876 733/520/872
f 731/516/869 274/515/868 735/525/877 1088/524/876
f 1088/524/876 735/525/877 275/526/878 736/701/879
f 733/520/872 1088/524/876 736/701/879 285/521/873
f 268/702/880 738/529/881 1089/703/882 737/531/883
f 738/529/881 276/532/884 739/533/885 1089/703/882
f 1089/703/882 739/533/885 279/704/886 740/535/887
f 737/531/883 1089/703/882 740/535/887 278/536/888
f 276/532/884 741/537/889 1090/538/890 739/533/885
f 741/537/889 277/539/891 742/540/892 1090/538/890
f 1090/538/890 742/540/892 280/541/893 743/542/894
f 739/533/885 1090/538/890 743/542/894 279/704/886
f 278/536/888 740/535/887 1091/543/895 744/544/896
f 740/535/887 279/704/886 745/705/897 1091/543/895
f 1091/543/895 745/705/897 274/546/868 730/547/867
f 744/544/896 1091/543/895 730/547/867 271/548/866
f 279/704/886 743/542/894 1092/549/898 745/705/897
f 743/542/894 280/541/893 746/550/899 1092/549/898
f 1092/549/898 746/550/899 275/551/878 735/552/877
f 745/705/897 1092/549/898 735/552/877 274/546/868
f 269/706/900 748/657/901 1093/658/902 747/659/903
f 748/657/901 281/660/904 749/661/905 1093/658/902
f 1093/658/902 749/661/905 284/662/906 750/671/907
f 747/659/903 1093/658/902 750/671/907 283/664/908
f 281/660/904 751/665/909 1094/666/910 749/661/905
f 751/665/909 282/667/875 734/668/874 1094/666/910
f 1094/666/910 734/668/874 285/669/873 752/670/911
f 749/661/905 1094/666/910 752/670/911 284/662/906
f 283/664/908 750/671/907 1095/672/912 753/673/913
f 750/671/907 284/662/906 754/707/914 1095/672/912
f 1095/672/912 754/707/914 280/675/893 742/676/892
f 753/673/913 1095/672/912 742/676/892 277/677/891
f 284/662/906 752/670/911 1096/678/915 754/707/914
f 752/670/911 285/669/873 736/679/879 1096/678/915
f 1096/678/915 736/679/879 275/680/878 746/681/899
f 754/707/914 1096/678/915 746/681/899 280/675/893
f 286/708/916 756/631/917 1097/632/918 755/633/919
f 756/631/917 289/709/920 757/635/921 1097/632/918
f 1097/632/918 757/635/921 292/636/922 758/637/923
f 755/633/919 1097/632/918 758/637/923 291/638/924
f 289/709/920 759/639/925 1098/640/926 757/635/921
f 759/639/925 290/641/927 760/642/928 1098/640/926
f 1098/640/926 760/642/928 293/643/929 761/644/930
f 757/635/921 1098/640/926 761/644/930 292/636/922
f 291/638/924 758/645/923 1099/710/931 762/647/932
f 758/645/923 292/636/922 763/648/933 1099/710/931
f 1099/710/931 763/648/933 304/649/934 764/650/935
f 762/647/932 1099/710/931 764/650/935 301/711/936
f 292/636/922 761/644/930 1100/652/937 763/648/933
f 761/644/930 293/643/929 765/653/938 1100/652/937
f 1100/652/937 765/653/938 294/654/939 766/655/940
f 763/648/933 1100/652/937 766/655/940 304/649/934
f 287/566/941 768/567/942 1101/568/943 767/569/944
f 768/567/942 295/570/945 769/571/946 1101/568/943
f 1101/568/943 769/571/946 298/572/947 770/573/948
f 767/569/944 1101/568/943 770/573/948 297/574/949
f 295/570/945 771/575/950 1102/712/951 769/571/946
f 771/575/950 296/577/952 772/578/953 1102/712/951
f 1102/712/951 772/578/953 299/579/954 773/580/955
f 769/571/946 1102/712/951 773/580/955 298/572/947
f 297/574/949 770/573/948 1103/581/956 774/582/957
f 770/573/948 298/572/947 775/713/958 1103/581/956
f 1103/581/956 775/713/958 293/584/929 760/714/928
f 774/582/957 1103/581/956 760/714/928 290/715/927
f 298/572/947 773/580/955 1104/587/959 775/713/958
f 773/580/955 299/579/954 776/588/960 1104/587/959
f 1104/587/959 776/588/960 294/716/939 765/590/938
f 775/713/958 1104/587/959 765/590/938 293/584/929
f 288/591/961 778/592/962 1105/593/963 777/594/964
f 778/592/962 300/717/965 779/596/966 1105/593/963
f 1105/593/963 779/596/966 303/597/967 780/598/968
f 777/594/964 1105/593/963 780/598/968 302/718/969
f 300/717/965 781/600/970 1106/601/971 779/596/966
f 781/600/970 301/719/936 764/603/935 1106/601/971
f 1106/601/971 764/603/935 304/604/934 782/605/972
f 779/596/966 1106/601/971 782/605/972 303/597/967
f 302/718/969 780/606/968 1107/607/973 783/608/974
f 780/606/968 303/597/967 784/720/975 1107/607/973
f 1107/607/973 784/720/975 299/721/954 772/611/953
f 783/608/974 1107/607/973 772/611/953 296/612/952
f 303/597/967 782/605/972 1108/613/976 784/720/975
f 782/605/972 304/604/934 766/614/940 1108/613/976
f 1108/613/976 766/614/940 294/722/939 776/616/960
f 784/720/975 1108/613/976 776/616/960 299/721/954
f 3/54/46 785/723/977 1109/724/978 328/55/47
f 785/723/977 40/176/148 377/179/151 1109/724/978
f 1109/724/978 377/179/151 50/184/156 786/725/979
f 328/55/47 1109/724/978 786/725/979 15/58/50
f 15/58/50 786/725/979 1110/726/980 331/63/55
f 786/725/979 50/184/156 384/193/164 1110/726/980
f 1110/726/980 384/193/164 43/197/134 787/727/981
f 331/63/55 1110/726/980 787/727/981 16/65/21
f 16/23/21 787/728/981 1111/729/982 312/19/17
f 787/728/981 43/162/134 369/160/132 1111/729/982
f 1111/729/982 369/160/132 42/155/127 788/730/983
f 312/19/17 1111/729/982 788/730/983 6/9/9
f 6/9/9 788/730/983 1112/731/984 305/4/4
f 788/730/983 42/155/127 366/732/124 1112/731/984
f 1112/731/984 366/732/124 39/151/123 789/733/985
f 305/4/4 1112/731/984 789/733/985 1/1/1
f 2/28/26 790/734/986 1113/735/987 318/29/27
f 790/734/986 20/80/62 335/83/65 1113/735/987
f 1113/735/987 335/83/65 25/88/70 791/736/988
f 318/29/27 1113/735/987 791/736/988 10/32/30
f 10/32/30 791/736/988 1114/737/989 321/738/35
f 791/736/988 25/88/70 342/95/78 1114/737/989
f 1114/737/989 342/95/78 35/99/82 792/739/990
f 321/738/35 1114/737/989 792/739/990 11/39/37
f 11/75/37 792/740/990 1115/741/991 333/71/59
f 792/740/990 35/99/82 361/138/116 1115/741/991
f 1115/741/991 361/138/116 34/133/111 793/742/992
f 333/71/59 1115/741/991 793/742/992 17/62/54
f 17/62/54 793/742/992 1116/743/993 327/57/49
f 793/742/992 34/133/111 358/130/108 1116/743/993
f 1116/743/993 358/130/108 22/129/107 794/744/994
f 327/57/49 1116/743/993 794/744/994 3/54/46
f 40/176/148 795/745/995 1117/746/996 378/177/149
f 795/745/995 59/213/209 407/216/212 1117/746/996
f 1117/746/996 407/216/212 69/221/217 796/747/997
f 378/177/149 1117/746/996 796/747/997 48/180/152
f 48/180/152 796/747/997 1118/748/998 381/185/157
f 796/747/997 69/221/217 414/229/225 1118/748/998
f 1118/748/998 414/229/225 62/233/195 797/749/999
f 381/185/157 1118/748/998 797/749/999 49/187/159
f 49/207/159 797/750/999 1119/751/1000 393/203/181
f 797/750/999 62/39/195 399/37/193 1119/751/1000
f 1119/751/1000 399/37/193 61/32/188 798/736/1001
f 393/203/181 1119/751/1000 798/736/1001 55/88/176
f 55/88/176 798/736/1001 1120/752/1002 387/83/171
f 798/736/1001 61/32/188 396/29/185 1120/752/1002
f 1120/752/1002 396/29/185 58/28/184 799/734/1003
f 387/83/171 1120/752/1002 799/734/1003 41/80/168
f 21/104/87 800/753/1004 1121/754/1005 348/105/88
f 800/753/1004 60/238/229 417/241/232 1121/754/1005
f 1121/754/1005 417/241/232 74/246/237 801/755/1006
f 348/105/88 1121/754/1005 801/755/1006 29/108/91
f 29/108/91 801/755/1006 1122/756/1007 351/113/96
f 801/755/1006 74/246/237 423/256/242 1122/756/1007
f 1122/756/1007 423/256/242 68/260/220 802/757/1008
f 351/113/96 1122/756/1007 802/757/1008 30/115/98
f 30/147/98 802/758/1008 1123/759/1009 363/143/120
f 802/758/1008 68/224/220 411/222/218 1123/759/1009
f 1123/759/1009 411/222/218 67/217/213 803/760/1010
f 363/143/120 1123/759/1009 803/760/1010 36/137/115
f 36/137/115 803/760/1010 1124/761/1011 357/132/110
f 803/760/1010 67/217/213 408/214/210 1124/761/1011
f 1124/761/1011 408/214/210 59/213/209 804/762/1012
f 357/132/110 1124/761/1011 804/762/1012 22/129/107
f 79/275/290 805/763/1013 1125/764/1014 448/276/291
f 805/763/1013 96/299/306 455/302/309 1125/764/1014
f 1125/764/1014 455/302/309 101/307/314 806/765/1015
f 448/276/291 1125/764/1014 806/765/1015 91/279/294
f 91/279/294 806/765/1015 1126/766/1016 451/284/299
f 806/765/1015 101/307/314 462/317/322 1126/766/1016
f 1126/766/1016 462/317/322 111/321/326 807/767/1017
f 451/284/299 1126/766/1016 807/767/1017 92/286/265
f 92/75/265 807/768/1017 1127/769/1018 432/71/261
f 807/768/1017 111/335/326 481/333/360 1127/769/1018
f 1127/769/1018 481/333/360 110/133/355 808/770/1019
f 432/71/261 1127/769/1018 808/770/1019 82/62/253
f 82/62/253 808/742/1019 1128/743/1020 425/57/248
f 808/742/1019 110/133/355 478/130/352 1128/743/1020
f 1128/743/1020 478/130/352 98/129/351 809/744/1021
f 425/57/248 1128/743/1020 809/744/1021 77/54/245
f 155/406/534 810/771/1022 1129/772/1023 568/407/535
f 810/771/1022 192/528/636 617/531/639 1129/772/1023
f 1129/772/1023 617/531/639 202/536/644 811/773/1024
f 568/407/535 1129/772/1023 811/773/1024 167/410/538
f 167/410/538 811/773/1024 1130/774/1025 571/415/543
f 811/773/1024 202/536/644 624/544/652 1130/774/1025
f 1130/774/1025 624/544/652 195/548/622 812/775/1026
f 571/415/543 1130/774/1025 812/775/1026 168/417/509
f 168/376/509 812/776/1026 1131/777/1027 552/372/505
f 812/776/1026 195/513/622 609/511/620 1131/777/1027
f 1131/777/1027 609/511/620 194/506/615 813/778/1028
f 552/372/505 1131/777/1027 813/778/1028 158/363/497
f 158/363/497 813/779/1028 1132/780/1029 545/358/492
f 813/779/1028 194/506/615 606/503/612 1132/780/1029
f 1132/780/1029 606/503/612 191/502/611 814/781/1030
f 545/358/492 1132/780/1029 814/781/1030 153/355/489
f 154/381/514 815/782/1031 1133/783/1032 558/382/515
f 815/782/1031 172/431/550 575/434/553 1133/783/1032
f 1133/783/1032 575/434/553 177/439/558 816/784/1033
f 558/382/515 1133/783/1032 816/784/1033 162/385/518
f 162/385/518 816/784/1033 1134/785/1034 561/390/523
f 816/784/1033 177/439/558 582/447/566 1134/785/1034
f 1134/785/1034 582/447/566 187/451/570 817/786/1035
f 561/390/523 1134/785/1034 817/786/1035 163/392/525
f 163/426/525 817/787/1035 1135/788/1036 573/422/547
f 817/787/1035 187/451/570 601/789/604 1135/788/1036
f 1135/788/1036 601/789/604 186/485/599 818/790/1037
f 573/422/547 1135/788/1036 818/790/1037 169/414/542
f 169/414/542 818/790/1037 1136/791/1038 567/409/537
f 818/790/1037 186/485/599 598/482/596 1136/791/1038
f 1136/791/1038 598/482/596 174/481/595 819/792/1039
f 567/409/537 1136/791/1038 819/792/1039 155/406/534
f 192/528/636 820/793/1040 1137/794/1041 618/529/637
f 820/793/1040 211/566/697 647/569/700 1137/794/1041
f 1137/794/1041 647/569/700 221/574/705 821/795/1042
f 618/529/637 1137/794/1041 821/795/1042 200/532/640
f 200/532/640 821/795/1042 1138/796/1043 621/537/645
f 821/795/1042 221/574/705 654/582/713 1138/796/1043
f 1138/796/1043 654/582/713 214/586/683 822/797/1044
f 621/537/645 1138/796/1043 822/797/1044 201/539/647
f 201/560/647 822/798/1044 1139/799/1045 633/556/669
f 822/798/1044 214/392/683 639/390/681 1139/799/1045
f 1139/799/1045 639/390/681 213/565/676 823/800/1046
f 633/556/669 1139/799/1045 823/800/1046 207/439/664
f 207/439/664 823/800/1046 1140/801/1047 627/553/659
f 823/800/1046 213/565/676 636/802/673 1140/801/1047
f 1140/801/1047 636/802/673 210/381/672 824/782/1048
f 627/553/659 1140/801/1047 824/782/1048 193/431/656
f 173/456/575 825/803/1049 1141/804/1050 588/457/576
f 825/803/1049 212/591/717 657/594/720 1141/804/1050
f 1141/804/1050 657/594/720 226/599/725 826/805/1051
f 588/457/576 1141/804/1050 826/805/1051 181/460/579
f 181/460/579 826/806/1051 1142/807/1052 591/465/584
f 826/806/1051 226/599/725 663/608/730 1142/807/1052
f 1142/807/1052 663/608/730 220/612/708 827/808/1053
f 591/465/584 1142/807/1052 827/808/1053 182/467/586
f 182/498/586 827/809/1053 1143/810/1054 603/494/608
f 827/809/1053 220/577/708 651/575/706 1143/810/1054
f 1143/810/1054 651/575/706 219/570/701 828/811/1055
f 603/494/608 1143/810/1054 828/811/1055 188/489/603
f 188/489/603 828/812/1055 1144/813/1056 597/484/598
f 828/812/1055 219/570/701 648/567/698 1144/813/1056
f 1144/813/1056 648/567/698 211/566/697 829/814/1057
f 597/484/598 1144/813/1056 829/814/1057 174/481/595
f 231/630/778 830/815/1058 1145/816/1059 688/631/779
f 830/815/1058 248/656/794 695/659/797 1145/816/1059
f 1145/816/1059 695/659/797 253/664/802 831/817/1060
f 688/631/779 1145/816/1059 831/817/1060 243/634/782
f 243/634/782 831/817/1060 1146/818/1061 691/639/787
f 831/817/1060 253/664/802 702/673/810 1146/818/1061
f 1146/818/1061 702/673/810 263/677/814 832/819/1062
f 691/639/787 1146/818/1061 832/819/1062 244/641/753
f 244/426/753 832/820/1062 1147/821/1063 672/422/749
f 832/820/1062 263/692/814 721/690/848 1147/821/1063
f 1147/821/1063 721/690/848 262/485/843 833/790/1064
f 672/422/749 1147/821/1063 833/790/1064 234/620/741
f 234/620/741 833/822/1064 1148/791/1065 665/409/736
f 833/822/1064 262/485/843 718/482/840 1148/791/1065
f 1148/791/1065 718/482/840 250/481/839 834/792/1066
f 665/409/736 1148/791/1065 834/792/1066 229/617/733
f 78/1/270 835/823/1067 1149/824/1068 438/2/271
f 835/823/1067 21/104/87 347/107/90 1149/824/1068
f 1149/824/1068 347/107/90 31/112/95 836/825/1069
f 438/2/271 1149/824/1068 836/825/1069 86/274/274
f 86/274/274 836/825/1069 1150/826/1070 441/10/279
f 836/825/1069 31/112/95 354/120/103 1150/826/1070
f 1150/826/1070 354/120/103 24/124/73 837/827/1071
f 441/10/279 1150/826/1070 837/827/1071 87/13/281
f 87/294/281 837/828/1071 1151/829/1072 453/291/303
f 837/828/1071 24/91/73 339/89/71 1151/829/1072
f 1151/829/1072 339/89/71 23/84/66 838/830/1073
f 453/291/303 1151/829/1072 838/830/1073 93/283/298
f 93/283/298 838/830/1073 1152/831/1074 447/278/293
f 838/830/1073 23/84/66 336/832/63 1152/831/1074
f 1152/831/1074 336/832/63 20/80/62 839/833/1075
f 447/278/293 1152/831/1074 839/833/1075 79/275/290
f 96/299/306 840/834/1076 1153/835/1077 456/300/307
f 840/834/1076 2/28/26 317/31/29 1153/835/1077
f 1153/835/1077 317/31/29 12/36/34 841/836/1078
f 456/300/307 1153/835/1077 841/836/1078 99/303/310
f 99/303/310 841/836/1078 1154/837/1079 459/308/315
f 841/836/1078 12/36/34 324/45/42 1154/837/1079
f 1154/837/1079 324/45/42 5/49/12 842/838/1080
f 459/308/315 1154/837/1079 842/838/1080 100/311/317
f 100/329/317 842/839/1080 1155/826/1081 474/120/347
f 842/839/1080 5/13/12 309/10/10 1155/826/1081
f 1155/826/1081 309/10/10 4/5/5 843/825/1082
f 474/120/347 1155/826/1081 843/825/1082 107/112/339
f 107/112/339 843/825/1082 1156/824/1083 467/107/334
f 843/825/1082 4/5/5 306/2/2 1156/824/1083
f 1156/824/1083 306/2/2 1/1/1 844/823/1084
f 467/107/334 1156/824/1083 844/823/1084 97/104/331
f 60/238/229 845/840/1085 1157/841/1086 418/239/230
f 845/840/1085 115/151/367 485/154/370 1157/841/1086
f 1157/841/1086 485/154/370 120/159/375 846/842/1087
f 418/239/230 1157/841/1086 846/842/1087 72/242/233
f 72/242/233 846/842/1087 1158/843/1088 421/247/238
f 846/842/1087 120/159/375 492/167/383 1158/843/1088
f 1158/843/1088 492/167/383 130/171/387 847/844/1089
f 421/247/238 1158/843/1088 847/844/1089 73/250/204
f 73/49/204 847/838/1089 1159/837/1090 402/212/200
f 847/838/1089 130/311/387 511/308/421 1159/837/1090
f 1159/837/1090 511/308/421 129/303/416 848/836/1091
f 402/212/200 1159/837/1090 848/836/1091 63/211/192
f 63/211/192 848/836/1091 1160/835/1092 395/31/187
f 848/836/1091 129/303/416 508/300/413 1160/835/1092
f 1160/835/1092 508/300/413 117/299/412 849/834/1093
f 395/31/187 1160/835/1092 849/834/1093 58/28/184
f 77/54/245 850/723/1094 1161/845/1095 426/265/246
f 850/723/1094 116/176/392 497/179/395 1161/845/1095
f 1161/845/1095 497/179/395 126/184/400 851/846/1096
f 426/265/246 1161/845/1095 851/846/1096 80/266/249
f 80/266/249 851/725/1096 1162/726/1097 429/268/254
f 851/725/1096 126/184/400 504/193/408 1162/726/1097
f 1162/726/1097 504/193/408 119/197/378 852/727/1098
f 429/268/254 1162/726/1097 852/727/1098 81/65/256
f 81/23/256 852/728/1098 1163/729/1099 444/19/286
f 852/728/1098 119/162/378 489/160/376 1163/729/1099
f 1163/729/1099 489/160/376 118/345/371 853/730/1100
f 444/19/286 1163/729/1099 853/730/1100 88/9/278
f 88/9/278 853/847/1100 1164/731/1101 437/4/273
f 853/847/1100 118/345/371 486/152/368 1164/731/1101
f 1164/731/1101 486/152/368 115/151/367 854/733/1102
f 437/4/273 1164/731/1101 854/733/1102 78/1/270
f 116/176/392 855/745/1103 1165/746/1104 498/177/393
f 855/745/1103 135/213/453 527/216/456 1165/746/1104
f 1165/746/1104 527/216/456 145/221/461 856/747/1105
f 498/177/393 1165/746/1104 856/747/1105 124/180/396
f 124/180/396 856/747/1105 1166/748/1106 501/185/401
f 856/747/1105 145/221/461 534/229/469 1166/748/1106
f 1166/748/1106 534/229/469 138/349/439 857/749/1107
f 501/185/401 1166/748/1106 857/749/1107 125/187/403
f 125/321/403 857/767/1107 1167/766/1108 513/317/425
f 857/767/1107 138/286/439 519/284/437 1167/766/1108
f 1167/766/1108 519/284/437 137/279/432 858/765/1109
f 513/317/425 1167/766/1108 858/765/1109 131/307/420
f 131/307/420 858/765/1109 1168/848/1110 507/302/415
f 858/765/1109 137/279/432 516/276/429 1168/848/1110
f 1168/848/1110 516/276/429 134/275/428 859/763/1111
f 507/302/415 1168/848/1110 859/763/1111 117/299/412
f 97/104/331 860/753/1112 1169/754/1113 468/326/332
f 860/753/1112 136/238/473 537/241/476 1169/754/1113
f 1169/754/1113 537/241/476 150/246/481 861/755/1114
f 468/326/332 1169/754/1113 861/755/1114 105/108/335
f 105/108/335 861/849/1114 1170/850/1115 471/113/340
f 861/849/1114 150/246/481 543/256/486 1170/850/1115
f 1170/850/1115 543/256/486 144/260/464 862/757/1116
f 471/113/340 1170/850/1115 862/757/1116 106/115/342
f 106/147/342 862/758/1116 1171/851/1117 483/143/364
f 862/758/1116 144/224/464 531/348/462 1171/851/1117
f 1171/851/1117 531/348/462 143/347/457 863/760/1118
f 483/143/364 1171/851/1117 863/760/1118 112/332/359
f 112/332/359 863/760/1118 1172/761/1119 477/132/354
f 863/760/1118 143/347/457 528/852/454 1172/761/1119
f 1172/761/1119 528/852/454 135/213/453 864/762/1120
f 477/132/354 1172/761/1119 864/762/1120 98/129/351
f 136/238/473 865/840/1121 1173/853/1122 538/239/474
f 865/840/1121 39/151/123 365/154/126 1173/853/1122
f 1173/853/1122 365/154/126 44/159/131 866/842/1123
f 538/239/474 1173/853/1122 866/842/1123 148/350/477
f 148/350/477 866/842/1123 1174/843/1124 541/352/482
f 866/842/1123 44/159/131 372/167/139 1174/843/1124
f 1174/843/1124 372/167/139 54/171/143 867/844/1125
f 541/352/482 1174/843/1124 867/844/1125 149/250/448
f 149/294/448 867/828/1125 1175/829/1126 522/291/444
f 867/828/1125 54/91/143 391/89/177 1175/829/1126
f 1175/829/1126 391/89/177 53/84/172 868/830/1127
f 522/291/444 1175/829/1126 868/830/1127 139/283/436
f 139/283/436 868/830/1127 1176/831/1128 515/278/431
f 868/830/1127 53/84/172 388/832/169 1176/831/1128
f 1176/831/1128 388/832/169 41/80/168 869/833/1129
f 515/278/431 1176/831/1128 869/833/1129 134/275/428
f 230/355/758 870/854/1130 1177/855/1131 678/356/759
f 870/854/1130 173/456/575 587/459/578 1177/855/1131
f 1177/855/1131 587/459/578 183/464/583 871/856/1132
f 678/356/759 1177/855/1131 871/856/1132 238/359/762
f 238/359/762 871/856/1132 1178/857/1133 681/364/767
f 871/856/1132 183/464/583 594/472/591 1178/857/1133
f 1178/857/1133 594/472/591 176/476/561 872/858/1134
f 681/364/767 1178/857/1133 872/858/1134 239/625/769
f 239/651/769 872/859/1134 1179/860/1135 693/647/791
f 872/859/1134 176/442/561 579/440/559 1179/860/1135
f 1179/860/1135 579/440/559 175/435/554 873/861/1136
f 693/647/791 1179/860/1135 873/861/1136 245/638/786
f 245/638/786 873/861/1136 1180/862/1137 687/633/781
f 873/861/1136 175/435/554 576/432/551 1180/862/1137
f 1180/862/1137 576/432/551 172/431/550 874/863/1138
f 687/633/781 1180/862/1137 874/863/1138 231/630/778
f 248/656/794 875/864/1139 1181/865/1140 696/657/795
f 875/864/1139 154/381/514 557/384/517 1181/865/1140
f 1181/865/1140 557/384/517 164/389/522 876/866/1141
f 696/657/795 1181/865/1140 876/866/1141 251/660/798
f 251/660/798 876/866/1141 1182/867/1142 699/665/803
f 876/866/1141 164/389/522 564/397/530 1182/867/1142
f 1182/867/1142 564/397/530 157/401/500 877/868/1143
f 699/665/803 1182/867/1142 877/868/1143 252/667/805
f 252/476/805 877/858/1143 1183/857/1144 714/688/835
f 877/858/1143 157/366/500 549/364/498 1183/857/1144
f 1183/857/1144 549/364/498 156/359/493 878/856/1145
f 714/688/835 1183/857/1144 878/856/1145 259/685/827
f 259/685/827 878/856/1145 1184/869/1146 707/684/822
f 878/856/1145 156/359/493 546/356/490 1184/869/1146
f 1184/869/1146 546/356/490 153/355/489 879/870/1147
f 707/684/822 1184/869/1146 879/870/1147 249/682/819
f 212/591/717 880/871/1148 1185/872/1149 658/592/718
f 880/871/1148 267/502/855 725/505/858 1185/872/1149
f 1185/872/1149 725/505/858 272/510/863 881/873/1150
f 658/592/718 1185/872/1149 881/873/1150 224/595/721
f 224/595/721 881/873/1150 1186/874/1151 661/600/726
f 881/873/1150 272/510/863 732/700/871 1186/874/1151
f 1186/874/1151 732/700/871 282/523/875 882/875/1152
f 661/600/726 1186/874/1151 882/875/1152 225/602/692
f 225/401/692 882/868/1152 1187/876/1153 642/397/688
f 882/868/1152 282/667/875 751/665/909 1187/876/1153
f 1187/876/1153 751/665/909 281/660/904 883/866/1154
f 642/397/688 1187/876/1153 883/866/1154 215/389/680
f 215/389/680 883/866/1154 1188/865/1155 635/384/675
f 883/866/1154 281/660/904 748/657/901 1188/865/1155
f 1188/865/1155 748/657/901 269/706/900 884/877/1156
f 635/384/675 1188/865/1155 884/877/1156 210/381/672
f 229/617/733 885/771/1157 1189/772/1158 666/407/734
f 885/771/1157 268/702/880 737/531/883 1189/772/1158
f 1189/772/1158 737/531/883 278/536/888 886/878/1159
f 666/407/734 1189/772/1158 886/878/1159 232/410/737
f 232/410/737 886/773/1159 1190/774/1160 669/621/742
f 886/773/1159 278/536/888 744/544/896 1190/774/1160
f 1190/774/1160 744/544/896 271/548/866 887/775/1161
f 669/621/742 1190/774/1160 887/775/1161 233/417/744
f 233/376/744 887/776/1161 1191/777/1162 684/627/774
f 887/776/1161 271/513/866 729/511/864 1191/777/1162
f 1191/777/1162 729/511/864 270/506/859 888/778/1163
f 684/627/774 1191/777/1162 888/778/1163 240/363/766
f 240/363/766 888/779/1163 1192/780/1164 677/358/761
f 888/779/1163 270/506/859 726/503/856 1192/780/1164
f 1192/780/1164 726/503/856 267/502/855 889/781/1165
f 677/358/761 1192/780/1164 889/781/1165 230/355/758
f 268/702/880 890/879/1166 1193/794/1167 738/529/881
f 890/879/1166 287/566/941 767/569/944 1193/794/1167
f 1193/794/1167 767/569/944 297/574/949 891/880/1168
f 738/529/881 1193/794/1167 891/880/1168 276/532/884
f 276/532/884 891/795/1168 1194/796/1169 741/537/889
f 891/795/1168 297/574/949 774/582/957 1194/796/1169
f 1194/796/1169 774/582/957 290/715/927 892/797/1170
f 741/537/889 1194/796/1169 892/797/1170 277/539/891
f 277/677/891 892/819/1170 1195/818/1171 753/673/913
f 892/819/1170 290/641/927 759/639/925 1195/818/1171
f 1195/818/1171 759/639/925 289/709/920 893/817/1172
f 753/673/913 1195/818/1171 893/817/1172 283/664/908
f 283/664/908 893/817/1172 1196/816/1173 747/659/903
f 893/817/1172 289/709/920 756/631/917 1196/816/1173
f 1196/816/1173 756/631/917 286/708/916 894/815/1174
f 747/659/903 1196/816/1173 894/815/1174 269/706/900
f 249/682/819 895/803/1175 1197/881/1176 708/683/820
f 895/803/1175 288/591/961 777/594/964 1197/881/1176
f 1197/881/1176 777/594/964 302/718/969 896/805/1177
f 708/683/820 1197/881/1176 896/805/1177 257/460/823
f 257/460/823 896/805/1177 1198/807/1178 711/465/828
f 896/805/1177 302/718/969 783/608/974 1198/807/1178
f 1198/807/1178 783/608/974 296/612/952 897/808/1179
f 711/465/828 1198/807/1178 897/808/1179 258/686/830
f 258/498/830 897/809/1179 1199/810/1180 723/494/852
f 897/809/1179 296/577/952 771/575/950 1199/810/1180
f 1199/810/1180 771/575/950 295/570/945 898/811/1181
f 723/494/852 1199/810/1180 898/811/1181 264/489/847
f 264/489/847 898/812/1181 1200/882/1182 717/484/842
f 898/812/1181 295/570/945 768/567/942 1200/882/1182
f 1200/882/1182 768/567/942 287/566/941 899/814/1183
f 717/484/842 1200/882/1182 899/814/1183 250/481/839
f 288/591/961 900/871/1184 1201/872/1185 778/592/962
f 900/871/1184 191/502/611 605/505/614 1201/872/1185
f 1201/872/1185 605/505/614 196/510/619 901/883/1186
f 778/592/962 1201/872/1185 901/883/1186 300/717/965
f 300/717/965 901/873/1186 1202/874/1187 781/600/970
f 901/873/1186 196/510/619 612/519/627 1202/874/1187
f 1202/874/1187 612/519/627 206/523/631 902/884/1188
f 781/600/970 1202/874/1187 902/884/1188 301/719/936
f 301/711/936 902/859/1188 1203/860/1189 762/647/932
f 902/859/1188 206/442/631 631/440/665 1203/860/1189
f 1203/860/1189 631/440/665 205/435/660 903/861/1190
f 762/647/932 1203/860/1189 903/861/1190 291/638/924
f 291/638/924 903/861/1190 1204/885/1191 755/633/919
f 903/861/1190 205/435/660 628/432/657 1204/885/1191
f 1204/885/1191 628/432/657 193/431/656 904/886/1192
f 755/633/919 1204/885/1191 904/886/1192 286/708/916
f 136/887/473 905/888/1193 1205/889/1193 865/840/1121
f 1/1/1 789/733/985 1205/889/1193 905/888/1193
f 39/151/123 865/840/1121 1205/889/1193 789/733/985
f 3/54/46 794/744/994 1206/890/1194 785/891/977
f 22/129/107 906/892/1194 1206/890/1194 794/744/994
f 40/893/148 785/891/977 1206/890/1194 906/892/1194
f 96/299/306 907/894/1195 1207/895/1195 840/834/1076
f 20/80/62 790/896/986 1207/895/1195 907/894/1195
f 2/897/26 840/834/1076 1207/895/1195 790/896/986
f 97/104/331 844/823/1084 1208/898/1193 860/899/1112
f 1/1/1 905/888/1193 1208/898/1193 844/823/1084
f 136/887/473 860/899/1112 1208/898/1193 905/888/1193
f 40/893/148 906/892/1194 1209/900/1194 795/901/995
f 22/129/107 804/902/1012 1209/900/1194 906/892/1194
f 59/903/209 795/901/995 1209/900/1194 804/902/1012
f 21/104/87 835/823/1067 1210/898/1196 800/899/1004
f 78/1/270 908/888/1196 1210/898/1196 835/823/1067
f 60/887/229 800/899/1004 1210/898/1196 908/888/1196
f 79/904/290 839/905/1075 1211/906/1195 805/907/1013
f 20/80/62 907/894/1195 1211/906/1195 839/905/1075
f 96/299/306 805/907/1013 1211/906/1195 907/894/1195
f 134/904/428 869/905/1129 1212/906/1197 859/907/1111
f 41/80/168 909/894/1197 1212/906/1197 869/905/1129
f 117/299/412 859/907/1111 1212/906/1197 909/894/1197
f 117/299/412 909/894/1197 1213/895/1197 849/834/1093
f 41/80/168 799/896/1003 1213/895/1197 909/894/1197
f 58/897/184 849/834/1093 1213/895/1197 799/896/1003
f 60/887/229 908/888/1196 1214/889/1196 845/840/1085
f 78/1/270 854/733/1102 1214/889/1196 908/888/1196
f 115/151/367 845/840/1085 1214/889/1196 854/733/1102
f 77/54/245 809/744/1021 1215/890/1198 850/908/1094
f 98/129/351 910/892/1198 1215/890/1198 809/744/1021
f 116/893/392 850/908/1094 1215/890/1198 910/892/1198
f 116/893/392 910/892/1198 1216/900/1198 855/901/1103
f 98/129/351 864/902/1120 1216/900/1198 910/892/1198
f 135/903/453 855/901/1103 1216/900/1198 864/902/1120
f 288/591/961 911/909/1193 1217/910/1193 900/911/1184
f 153/912/489 814/913/1030 1217/910/1193 911/909/1193
f 191/914/611 900/911/1184 1217/910/1193 814/913/1030
f 155/617/534 819/915/1039 1218/916/1199 810/771/1022
f 174/917/595 912/918/1199 1218/916/1199 819/915/1039
f 192/919/636 810/771/1022 1218/916/1199 912/918/1199
f 248/706/794 913/920/1200 1219/921/1200 875/877/1139
f 172/922/550 815/923/1031 1219/921/1200 913/920/1200
f 154/381/514 875/877/1139 1219/921/1200 815/923/1031
f 249/456/819 879/854/1147 1220/924/1193 895/803/1175
f 153/912/489 911/909/1193 1220/924/1193 879/854/1147
f 288/591/961 895/803/1175 1220/924/1193 911/909/1193
f 192/919/636 912/918/1199 1221/925/1199 820/793/1040
f 174/917/595 829/926/1057 1221/925/1199 912/918/1199
f 211/927/697 820/793/1040 1221/925/1199 829/926/1057
f 173/456/575 870/854/1130 1222/924/1196 825/928/1049
f 230/355/758 914/909/1196 1222/924/1196 870/854/1130
f 212/591/717 825/928/1049 1222/924/1196 914/909/1196
f 231/630/778 874/929/1138 1223/930/1200 830/931/1058
f 172/922/550 913/920/1200 1223/930/1200 874/929/1138
f 248/706/794 830/931/1058 1223/930/1200 913/920/1200
f 286/630/916 904/863/1192 1224/930/1201 894/931/1174
f 193/922/656 915/920/1201 1224/930/1201 904/863/1192
f 269/706/900 894/931/1174 1224/930/1201 915/920/1201
f 269/706/900 915/920/1201 1225/932/1201 884/877/1156
f 193/922/656 824/923/1048 1225/932/1201 915/920/1201
f 210/381/672 884/877/1156 1225/932/1201 824/923/1048
f 212/591/717 914/909/1196 1226/910/1196 880/911/1148
f 230/355/758 889/781/1165 1226/910/1196 914/909/1196
f 267/914/855 880/911/1148 1226/910/1196 889/781/1165
f 229/617/733 834/915/1066 1227/916/1202 885/933/1157
f 250/917/839 916/918/1202 1227/916/1202 834/915/1066
f 268/919/880 885/933/1157 1227/916/1202 916/918/1202
f 268/919/880 916/918/1202 1228/925/1202 890/793/1166
f 250/917/839 899/926/1183 1228/925/1202 916/918/1202
f 287/566/941 890/793/1166 1228/925/1202 899/926/1183
