# Blender 5.0.0
# www.blender.org
mtllib right tiny sleeve.mtl
o pfsleeve
v 1.0602596 0.3158145 0.2144751
v 1.0294002 0.3354277 0.2349984
v 1.0487490 0.3142248 0.2349256
v 1.0866889 0.2968336 0.2152326
v 1.0699732 0.2934258 0.2347323
v 1.0956252 0.2982704 0.1970039
v 1.0712602 0.3175905 0.1967182
v 1.0991932 0.2988538 0.1784915
v 1.0762080 0.3186075 0.1784352
v 1.1059103 0.3000646 0.1600888
v 1.0831710 0.3201585 0.1605711
v 1.1157337 0.2770830 0.1967645
v 1.1181293 0.2774802 0.1780639
v 1.1040474 0.2749665 0.2145891
v 1.0912614 0.2725485 0.2345491
v 1.1350552 0.2556162 0.1962812
v 1.1267053 0.2544303 0.2143979
v 1.1119842 0.2516320 0.2341083
v 1.1511011 0.2336930 0.1958727
v 1.1491102 0.2336669 0.2143334
v 1.1340474 0.2308095 0.2342080
v 1.1547763 0.2108842 0.2141813
v 1.1407671 0.2090256 0.2336663
v 1.1363424 0.2558099 0.1777209
v 1.1191130 0.2776122 0.1594967
v 1.1248778 0.1930722 0.2337491
v 1.1484346 0.2331847 0.1774119
v 1.1557937 0.2107925 0.1956883
v 1.1387319 0.2561782 0.1591941
v 1.1555115 0.2107752 0.1771579
v 1.1325959 0.1883290 0.1956070
v 1.1434900 0.2325561 0.1589032
v 1.1551352 0.2105761 0.1586094
v 1.1343774 0.2555255 0.1404988
v 1.1262274 0.2788284 0.1409003
v 1.1088871 0.3004543 0.1415597
v 1.0870405 0.3209325 0.1423759
v 1.0602157 0.3402363 0.1430484
v 1.0572300 0.3393232 0.1245494
v 1.0365368 0.3606626 0.1243254
v 1.0603121 0.3402934 0.1054391
v 1.0846629 0.3201553 0.1237694
v 1.1110475 0.3007365 0.1228134
v 1.0822029 0.3196884 0.1047961
v 1.0525599 0.3388333 0.0863823
v 1.0299893 0.3597056 0.0864658
v 1.0517256 0.3393073 0.0671604
v 1.0793178 0.3193870 0.0856693
v 1.0771788 0.3193579 0.0666674
v 1.1061970 0.2998813 0.0850047
v 1.1044328 0.2993442 0.1039826
v 1.1260168 0.2787022 0.1222369
v 1.1272386 0.2788382 0.1034654
v 1.1262672 0.2786186 0.0847859
v 1.1397314 0.2563147 0.1218633
v 1.1419911 0.2564934 0.1031954
v 1.0937501 0.2975440 0.0479604
v 1.0504971 0.3140169 0.0287711
v 1.0708656 0.3182730 0.0480868
v 1.0230047 0.3336455 0.0297495
v 1.1005599 0.2988696 0.0664268
v 1.1231457 0.2780853 0.0660844
v 1.1363598 0.2555724 0.0846496
v 1.0437809 0.3379165 0.0487169
v 1.0016496 0.3543821 0.0295486
v 1.0191366 0.3580377 0.0489530
v 0.9854711 0.3763082 0.0283851
v 1.0006299 0.3795880 0.0483585
v 0.9546396 0.3926960 0.0288867
v 0.9673172 0.3965183 0.0481985
v 0.9675294 0.3962613 0.0667936
v 1.0284384 0.3598447 0.0672483
v 1.0006921 0.3793262 0.0669864
v 0.9683476 0.3961735 0.0853862
v 1.0009682 0.3788967 0.0858254
v 0.9677138 0.3953139 0.1040988
v 1.0031392 0.3790638 0.1048033
v 0.9696623 0.3958305 0.1226655
v 1.0079441 0.3803966 0.1234770
v 0.9692062 0.3951718 0.1411491
v 1.0376708 0.3610542 0.1053517
v 1.0094206 0.3809402 0.1419879
v 0.9692316 0.3953697 0.1595276
v 1.0073911 0.3802223 0.1602091
v 1.0432416 0.3624853 0.1427036
v 0.9691968 0.3959261 0.1779856
v 1.0080485 0.3807382 0.1783155
v 1.0436239 0.3625334 0.1608309
v 1.0686195 0.3420044 0.1608951
v 1.0415895 0.3617177 0.1787270
v 1.0071031 0.3809516 0.1967768
v 0.9694716 0.3970638 0.1963313
v 1.0032529 0.3808523 0.2149496
v 0.9697249 0.3982497 0.2145185
v 0.9578393 0.3958038 0.2333119
v 0.9890128 0.3789937 0.2345389
v 1.0329598 0.3597788 0.1967221
v 1.0266601 0.3592673 0.2151361
v 1.0075907 0.3566769 0.2344782
v 1.0634072 0.3404858 0.1788314
v 1.0522321 0.3382626 0.1965514
v 1.0396668 0.3364248 0.2143160
v 1.1547187 0.2338375 0.1032427
v 1.1567212 0.2340739 0.0846074
v 1.1495202 0.2332315 0.1217326
v 1.1581982 0.2109417 0.1031671
v 1.1593320 0.2108113 0.0846566
v 1.1443362 0.2327246 0.1402732
v 1.1306510 0.1887509 0.1029432
v 1.1562862 0.2107531 0.1216195
v 1.1301794 0.1889214 0.0845218
v 1.1548459 0.2105308 0.1401493
v 1.1321221 0.1881334 0.1214625
v 1.1336307 0.1875797 0.1586177
v 1.1335420 0.1876141 0.1400429
v 1.1328470 0.1880470 0.1770968
v 1.1327157 0.1883030 0.2143451
v 1.1252349 0.1923513 0.0281806
v 1.1321080 0.1878937 0.0475834
v 1.1563417 0.2102773 0.0475066
v 1.1414439 0.2082351 0.0283146
v 1.1310718 0.1884832 0.0660836
v 1.1364118 0.2301823 0.0276247
v 1.1519243 0.2332475 0.0475607
v 1.1175583 0.2516299 0.0278268
v 1.1586336 0.2105936 0.0660866
v 1.1350764 0.2551023 0.0476466
v 1.0972735 0.2728858 0.0282314
v 1.1545259 0.2337023 0.0660775
v 1.1155661 0.2765804 0.0478213
v 1.0752662 0.2938181 0.0283950
v 1.1345865 0.2551194 0.0661939
v 1.0110347 0.3054011 0.0146988
v 1.0230411 0.3336900 0.0297367
v 0.9881538 0.3261046 0.0143465
v 0.9663480 0.3467015 0.0140677
v 1.0016518 0.3543629 0.0295796
v 1.1252410 0.1923991 0.0281719
v 1.1149574 0.2027690 0.0178049
v 1.1414371 0.2082315 0.0283005
v 1.0978211 0.2223986 0.0132130
v 1.1140607 0.2033951 0.2440675
v 1.1407976 0.2090280 0.2336312
v 1.0968108 0.2228687 0.2491952
v 1.1340387 0.2307892 0.2342108
v 0.9480921 0.3683774 0.0131734
v 0.9854702 0.3763279 0.0283609
v 0.8202530 0.3924390 0.2145296
v 0.8605459 0.3988202 0.1960269
v 0.8190166 0.3929092 0.1960351
v 0.7796365 0.3835432 0.1777059
v 0.7777050 0.3865893 0.1961542
v 0.8207153 0.3897249 0.1777601
v 0.7798922 0.3825606 0.1591816
v 0.7793155 0.3853841 0.2147599
v 0.7397319 0.3772137 0.2147118
v 0.8218596 0.3876608 0.1592368
v 0.8198939 0.3898414 0.1406667
v 0.8611993 0.3957196 0.1407674
v 0.8610362 0.3969847 0.1775689
v 0.8609874 0.3965007 0.1591728
v 0.9171465 0.4008951 0.1408789
v 0.9175744 0.4016794 0.1593028
v 0.9692264 0.3951750 0.1411496
v 0.9692111 0.3954041 0.1595529
v 0.9173326 0.4019697 0.1777583
v 0.9691388 0.3958707 0.1779958
v 0.9169384 0.4026013 0.1960812
v 0.9694685 0.3970894 0.1963671
v 0.8609319 0.3998278 0.2142890
v 0.9178318 0.4049623 0.2141369
v 0.9697350 0.3982920 0.2144946
v 0.9578193 0.3958421 0.2333435
v 0.9209391 0.4005553 0.2332910
v 0.9307336 0.3904635 0.2435260
v 0.8663774 0.3952435 0.2341565
v 0.8801152 0.3807696 0.2488647
v 0.8258884 0.3868911 0.2343718
v 0.7853213 0.3789183 0.2344542
v 0.7458513 0.3704285 0.2343891
v 0.7060231 0.3624754 0.2345975
v 0.7000797 0.3689386 0.2147380
v 0.6664270 0.3542335 0.2345847
v 0.7589565 0.3523362 0.0123669
v 0.7985391 0.3607274 0.0122677
v 0.8385250 0.3690106 0.0123800
v 0.8259451 0.3834072 0.0278054
v 0.8785044 0.3776557 0.0126376
v 0.7865098 0.3749208 0.0278798
v 0.7467879 0.3669616 0.0278792
v 0.8216257 0.3877344 0.0482207
v 0.7071792 0.3593197 0.0278368
v 0.7822478 0.3797080 0.0481849
v 0.7428448 0.3711618 0.0481549
v 0.6678358 0.3511413 0.0282945
v 0.6284537 0.3429185 0.0285844
v 0.7022382 0.3649433 0.0481039
v 0.6625344 0.3571151 0.0482571
v 0.6218019 0.3503533 0.0481573
v 0.7421822 0.3716351 0.0667027
v 0.7003932 0.3669639 0.0664368
v 0.6602054 0.3593221 0.0666417
v 0.6200784 0.3519464 0.0667022
v 0.7831478 0.3784044 0.0666901
v 0.7828362 0.3783633 0.0852989
v 0.8217354 0.3875300 0.0666988
v 0.8595897 0.3973956 0.0667334
v 0.7408467 0.3736462 0.0851996
v 0.6995366 0.3679028 0.0850463
v 0.6578634 0.3625092 0.0849723
v 0.7404491 0.3736112 0.1036798
v 0.6175718 0.3548437 0.0849993
v 0.5786755 0.3461690 0.0664598
v 0.5768971 0.3480609 0.0850258
v 0.6989388 0.3682128 0.1035838
v 0.6576954 0.3622571 0.1035569
v 0.6167258 0.3558107 0.1035772
v 0.5759770 0.3491585 0.1035079
v 0.6184684 0.3530012 0.1220681
v 0.5772107 0.3469985 0.1220599
v 0.5354382 0.3420694 0.1220837
v 0.6590648 0.3599867 0.1220279
v 0.6992751 0.3676274 0.1221893
v 0.6582641 0.3610697 0.1406323
v 0.5358452 0.3412192 0.1405993
v 0.5775255 0.3465196 0.1406352
v 0.6183843 0.3531057 0.1406782
v 0.7411453 0.3725716 0.1222041
v 0.6998329 0.3666834 0.1406844
v 0.6989926 0.3683688 0.1592018
v 0.6587077 0.3608581 0.1592076
v 0.6170514 0.3554721 0.1591203
v 0.5760150 0.3492219 0.1591678
v 0.6181135 0.3547098 0.1777515
v 0.5771947 0.3482735 0.1777780
v 0.6589447 0.3610921 0.1777274
v 0.5798848 0.3455103 0.1961694
v 0.5346428 0.3432246 0.1591470
v 0.5365722 0.3411254 0.1777960
v 0.5416129 0.3362823 0.1958648
v 0.6186815 0.3544860 0.1963084
v 0.5427920 0.3349353 0.2144392
v 0.5818385 0.3436821 0.2145907
v 0.6209433 0.3524604 0.2147913
v 0.6590486 0.3618908 0.1963028
v 0.6988058 0.3699149 0.1962453
v 0.6601907 0.3609675 0.2148384
v 0.6988715 0.3689570 0.1777551
v 0.7378076 0.3788953 0.1962210
v 0.7393068 0.3759637 0.1777640
v 0.7407653 0.3734831 0.1592841
v 0.7411319 0.3726839 0.1407314
v 0.7803678 0.3814865 0.1407095
v 0.7820098 0.3791182 0.1222919
v 0.7814398 0.3803324 0.1037402
v 0.8198784 0.3898124 0.1036793
v 0.8212086 0.3879720 0.1221915
v 0.8229517 0.3863330 0.0852097
v 0.8602542 0.3970457 0.1037534
v 0.8600442 0.3968425 0.0851777
v 0.8616635 0.3949171 0.1222000
v 0.9163600 0.4029780 0.0852950
v 0.9160593 0.4018770 0.1038384
v 0.9168202 0.4011636 0.1224034
v 0.9677096 0.3953033 0.1041139
v 0.9683364 0.3961851 0.0853633
v 0.9696968 0.3958155 0.1227063
v 0.9675425 0.3962476 0.0667895
v 0.9159812 0.4032606 0.0667561
v 0.9673441 0.3965056 0.0482062
v 0.9156613 0.4032925 0.0481612
v 0.9546179 0.3926934 0.0288957
v 0.8596097 0.3973968 0.0481463
v 0.8649656 0.3922554 0.0279078
v 0.9184250 0.3974368 0.0288136
v 0.9285606 0.3871869 0.0183173
v -1.2931607 0.0140756 0.2477233
v -1.2429092 0.0168878 0.2476946
v -1.3436493 0.0116442 0.2469414
v -1.2939667 0.0299132 0.2327462
v -1.1919244 0.0188693 0.2463783
v -1.2427975 0.0317936 0.2316915
v -1.2946548 0.0352343 0.2133966
v -1.3446896 0.0275764 0.2318984
v -1.3933467 0.0084968 0.2467332
v -1.3939843 0.0244820 0.2314194
v -1.4419538 0.0207777 0.2317512
v -1.3441957 0.0327841 0.2136166
v -1.4421169 0.0279789 0.2121246
v -1.4917521 0.0176893 0.2315983
v -1.3929037 0.0298425 0.2126455
v 0.1757479 0.2277629 0.0130300
v 0.1358230 0.2191539 0.0131400
v 0.0958955 0.2111309 0.0122358
v 0.0829003 0.2252946 0.0274706
v 0.0562690 0.2029353 0.0116081
v 0.0432279 0.2171062 0.0270329
v 0.0779057 0.2307665 0.0475296
v 0.0165686 0.1948545 0.0111515
v -0.0226437 0.1863679 0.0110307
v 0.0394063 0.2212695 0.0475581
v 0.0037459 0.2087676 0.0266939
v 0.0726697 0.2360247 0.0651720
v -0.0359344 0.2007499 0.0263272
v -0.0754748 0.1925974 0.0259452
v -0.0000161 0.2128290 0.0472666
v -0.0397781 0.2046859 0.0469151
v -0.2978272 0.1257911 0.2444420
v -0.4520551 0.0980883 0.2438100
v -0.4909701 0.0917412 0.2445855
v -0.3886965 0.1287488 0.0256801
v -0.3505454 0.1355531 0.0258769
v -0.3564187 0.1426529 0.0454950
v -0.3119902 0.1422487 0.0260576
v -0.7434415 0.0786291 0.0443982
v -0.7006977 0.0848908 0.0624831
v -0.7012870 0.0842997 0.0438089
v -0.7424125 0.0727809 0.0241412
v -0.7427330 0.0807892 0.0629088
v -0.6998009 0.0817186 0.0813173
v -0.7849445 0.0678684 0.0247324
v -0.7855661 0.0742914 0.0446626
v -0.8266172 0.0635667 0.0248976
v -0.7001903 0.0793686 0.2308412
v -0.6116950 0.0739959 0.2448291
v -0.5300521 0.0853639 0.2455446
v -0.8680871 0.0594809 0.0244985
v -0.9089177 0.0549947 0.0244469
v -0.9505494 0.0508289 0.0235691
v -0.9999747 0.0470459 0.0231735
v -1.0496048 0.0437034 0.0225750
v -1.0999782 0.0401378 0.0229012
v -1.0979294 0.0486992 0.0420563
v -1.1500849 0.0368735 0.0240528
v -1.2005199 0.0341186 0.0244222
v 0.6274104 0.3454859 0.2343565
v 0.5881956 0.3369238 0.2342292
v 0.1377258 0.2177735 0.2455551
v 0.1777127 0.2265349 0.2461586
v 0.1651179 0.2389272 0.2294377
v 0.2046380 0.2475266 0.2298399
v 0.2013271 0.2501932 0.2090992
v 0.2173105 0.2355561 0.2468339
v 0.2411166 0.2585224 0.2094453
v 0.2331607 0.2647090 0.1920565
v 0.2436253 0.2564267 0.2303343
v 0.2566351 0.2444401 0.2474129
v 0.2726533 0.2728506 0.1923203
v 0.2640270 0.2810306 0.1756379
v 0.2800559 0.2672760 0.2098700
v 0.2820382 0.2654228 0.2307797
v 0.2952618 0.2533867 0.2478628
v 0.3175668 0.2769787 0.2105037
v 0.3119949 0.2810101 0.1926411
v 0.3198410 0.2745860 0.2313081
v -1.3036030 0.0299161 0.0233798
v -1.4486682 0.0192297 0.0246000
v -1.8342787 -0.0216249 0.0013889
v -1.8366883 -0.0009237 0.0201337
v -1.6964076 -0.0003874 0.0270066
v -1.6467318 0.0031948 0.0263598
v -1.5971935 0.0062998 0.0259682
v -1.5478716 0.0125032 0.0241180
v -1.4981508 0.0156152 0.0244837
v -1.5460945 0.0184888 0.0453489
v -1.4967327 0.0230781 0.0450357
v -1.5956907 0.0151031 0.0453802
v -1.6449541 0.0128581 0.0453838
v -1.5941365 0.0178648 0.0636873
v -1.6436309 0.0155826 0.0636842
v -1.6945625 0.0113935 0.0450641
v -1.6926282 0.0167610 0.0630520
v -1.5445716 0.0218744 0.0636314
v -1.7432652 0.0001072 0.0263999
v -1.7414662 0.0126168 0.0476167
v -1.7969281 0.0021736 0.0202036
v -1.7971443 0.0115620 0.0437634
v -1.8364625 0.0073814 0.0439667
v -1.8346797 0.0079488 0.0639597
v -1.7953450 0.0122105 0.0637566
v -1.8336728 0.0076791 0.0823164
v -1.7400510 0.0156704 0.0664974
v -1.7940424 0.0107032 0.0821520
v -1.8325734 0.0068195 0.1007861
v -1.8547190 -0.0059980 0.1006134
v -1.6917115 0.0170025 0.0818926
v -1.7390193 0.0118051 0.0839822
v -1.7926792 0.0068196 0.1003713
v -1.8317444 0.0060711 0.1190869
v -1.8564063 -0.0059094 0.1190343
v -1.8558473 -0.0054280 0.1374076
v -1.7922401 0.0039319 0.1187322
v -1.8302746 0.0063694 0.1372657
v -1.8538127 -0.0046934 0.1557411
v -1.7379561 0.0108052 0.1017037
v -1.7911395 0.0043535 0.1372906
v -1.8290553 0.0077534 0.1553192
v -1.6907340 0.0158659 0.1003579
v -1.7377994 0.0133196 0.1193521
v -0.5013517 0.1066983 0.2295407
v -0.3359250 0.1186933 0.2441308
v -0.3742809 0.1117016 0.2435520
v -0.3470297 0.1325349 0.2281237
v -0.4635744 0.1142825 0.2296166
v -0.3854736 0.1266402 0.2287944
v -0.4250891 0.1210354 0.2294251
v -0.3908446 0.1339268 0.2094427
v -0.4296764 0.1270811 0.2094301
v -0.4672142 0.1195757 0.2094215
v -0.5048443 0.1123396 0.2095292
v -0.3088997 0.1388404 0.2278902
v -0.3507165 0.1362055 0.2076735
v -0.3113366 0.1424695 0.2073447
v -0.3561822 0.1434434 0.1908257
v -0.3172812 0.1492693 0.1896756
v -0.3959483 0.1401440 0.1920394
v -0.4353589 0.1341879 0.1924762
v -0.3981894 0.1419863 0.1736289
v -0.4730665 0.1265921 0.1923251
v -0.4379281 0.1365742 0.1737737
v -0.5088574 0.1173610 0.1917563
v -0.3634294 0.1520380 0.1739213
v -0.3263231 0.1594872 0.1738640
v -0.4760113 0.1300534 0.1738758
v -0.4351446 0.1334290 0.1555542
v -0.4754864 0.1294249 0.1552521
v -0.5061986 0.1152654 0.0625733
v -0.5457287 0.1109244 0.0809339
v -0.5059869 0.1143485 0.0812790
v -0.5441244 0.1093984 0.0621777
v -0.5807103 0.1003528 0.0809170
v -0.6203602 0.0945551 0.0809062
v -0.5835211 0.1016565 0.0997864
v -0.5836882 0.1044028 0.0620596
v -0.5065888 0.1160403 0.0439182
v -0.5440108 0.1093041 0.0434153
v -0.4704833 0.1235291 0.0440369
v -0.4705639 0.1237787 0.0627864
v -0.4676315 0.1211243 0.0813194
v -0.4688638 0.1215507 0.1001994
v -0.4369955 0.1340156 0.0627809
v -0.4354411 0.1325175 0.1000827
v -0.4344531 0.1326372 0.1186059
v -0.4342978 0.1316292 0.0815288
v -0.4048137 0.1454388 0.1184266
v -0.4036189 0.1453346 0.1369403
v -0.4046824 0.1448827 0.0998756
v -0.3991583 0.1411902 0.0629620
v -0.3692877 0.1555276 0.1184390
v -0.4018608 0.1431159 0.0814977
v -0.3671505 0.1534473 0.0999216
v -0.3651702 0.1517161 0.0814587
v -0.4333473 0.1305876 0.0444377
v -0.3607638 0.1472921 0.0633045
v -0.3953372 0.1367151 0.0450355
v -0.4269729 0.1220350 0.0254133
v -0.4642453 0.1154464 0.0246296
v -0.5021054 0.1085386 0.0240920
v -0.5395810 0.1014952 0.0237135
v -0.5784947 0.0955154 0.0234339
v -0.5826558 0.1033050 0.0430389
v -0.6189725 0.0935258 0.0620318
v -0.6185736 0.0900882 0.0228976
v -0.6210807 0.0964006 0.0432057
v -0.6587317 0.0868566 0.0622430
v -0.6591411 0.0839468 0.0233726
v -0.6609649 0.0897944 0.0436100
v -0.6600890 0.0886408 0.0811245
v -0.6594353 0.0869357 0.0999877
v -0.6999733 0.0779794 0.0235961
v 0.2939534 0.2540503 0.0127245
v 0.2546585 0.2454540 0.0123021
v 0.2153317 0.2367452 0.0124825
v 0.3325212 0.2620432 0.0136582
v 0.2823828 0.2683513 0.0280391
v 0.3208474 0.2767546 0.0285281
v 0.2436461 0.2593406 0.0280032
v 0.3150184 0.2825134 0.0485210
v 0.2792402 0.2718037 0.0486908
v 0.2407373 0.2628431 0.0485537
v 0.2039411 0.2507478 0.0278987
v 0.1997982 0.2552484 0.0481734
v 0.3084893 0.2876116 0.0663072
v 0.2762302 0.2745638 0.0670678
v 0.2368287 0.2657206 0.0668841
v 0.1633502 0.2423957 0.0277321
v 0.1942809 0.2606601 0.0659692
v 0.1578316 0.2486138 0.0476095
v 0.1226879 0.2340057 0.0275813
v 0.1526308 0.2535266 0.0654168
v 0.1164239 0.2408515 0.0472341
v 0.1117406 0.2453259 0.0651621
v 0.1889176 0.2642313 0.0843740
v 0.1473161 0.2575327 0.0837076
v 0.2308629 0.2699031 0.0851997
v 0.1067401 0.2495944 0.0833032
v 0.1837587 0.2677457 0.1026564
v 0.2703997 0.2786125 0.0854152
v 0.2263713 0.2726063 0.1037276
v 0.2643662 0.2827156 0.1036024
v 0.3023182 0.2919316 0.0845018
v 0.2966066 0.2959666 0.1027552
v 0.2570481 0.2882638 0.1212971
v 0.2934160 0.2991164 0.1210915
v 0.2177525 0.2798626 0.1209468
v 0.2940375 0.2985929 0.1398801
v 0.3321170 0.3082149 0.1212934
v 0.3348168 0.3055323 0.1027846
v 0.2542691 0.2905757 0.1398009
v 0.3407886 0.3012675 0.0846455
v 0.3723942 0.3157147 0.1215971
v 0.3469231 0.2964848 0.0665527
v 0.3775181 0.3098072 0.1039078
v 0.3825499 0.3046330 0.0861368
v 0.3544569 0.2886570 0.0495676
v 0.3887474 0.2989367 0.0683698
v 0.3592315 0.2841301 0.0293329
v 0.3938010 0.2950018 0.0503267
v 0.3706860 0.2702975 0.0137088
v 0.3969497 0.2919199 0.0296825
v 0.4084329 0.2787089 0.0133885
v 0.4469397 0.2868632 0.0134270
v 0.5252174 0.3025658 0.0145453
v 0.4865290 0.2948711 0.0137057
v 0.4348842 0.2999741 0.0298393
v 0.5117454 0.3169973 0.0295531
v 0.4730982 0.3086558 0.0296210
v 0.4329156 0.3025651 0.0505965
v 0.4714505 0.3113472 0.0505352
v 0.5071287 0.3226182 0.0495975
v 0.4285113 0.3067676 0.0686191
v 0.4629098 0.3188743 0.0673501
v 0.5020868 0.3276423 0.0672151
v 0.1938592 0.2562587 0.1916598
v 0.1611497 0.2420439 0.2087602
v 0.1255606 0.2302145 0.2289475
v 0.1210169 0.2340715 0.2085625
v 0.0855053 0.2220097 0.2287726
v 0.0813337 0.2258694 0.2083830
v 0.0973288 0.2091386 0.2451730
v 0.0456175 0.2140294 0.2289200
v 0.0574386 0.2006254 0.2450069
v 0.0415713 0.2178406 0.2083911
v 0.0755340 0.2306786 0.1904899
v 0.0178930 0.1921217 0.2447859
v 0.0344238 0.2244096 0.1912097
v 0.0657946 0.2402801 0.1744592
v 0.0059396 0.2056814 0.2289513
v 0.0015596 0.2099063 0.2085887
v 0.0255334 0.2326433 0.1745567
v 0.0599007 0.2458801 0.1566302
v -0.0056914 0.2166670 0.1914676
v 0.0211684 0.2367681 0.1562150
v -0.0135888 0.2241098 0.1743693
v 0.0594290 0.2467996 0.1380483
v -0.0464362 0.2097455 0.1921091
v -0.0382215 0.2017905 0.2087422
v -0.0339232 0.1977137 0.2291872
v -0.0218154 0.1838284 0.2448319
v -0.0736328 0.1898940 0.2295289
v -0.0614543 0.1753687 0.2445628
v -0.0795318 0.1961920 0.2097528
v -0.1139036 0.1821363 0.2298482
v -0.0850185 0.2004873 0.1919307
v -0.1192100 0.1877648 0.2097028
v -0.0519906 0.2146870 0.1741465
v -0.1195518 0.1884302 0.1912184
v -0.1534635 0.1735920 0.2297007
v -0.1575488 0.1784742 0.2092472
v -0.0888889 0.2042527 0.1737331
v -0.1585093 0.1792783 0.1909156
v -0.1223074 0.1914946 0.1730554
v -0.0863123 0.2035975 0.1551680
v -1.4912755 0.0008996 0.2461154
v 0.3506523 0.2899427 0.1930862
v 0.3055355 0.2866758 0.1748776
v 0.3460365 0.2941354 0.1749125
v 0.2977962 0.2944609 0.1579797
v 0.2574862 0.2874516 0.1582383
v 0.3383750 0.3016234 0.1578652
v 0.3339575 0.3062714 0.1399902
v 0.3730878 0.3150863 0.1403541
v 0.4122304 0.3234821 0.1216561
v 0.3772791 0.3101333 0.1583784
v 0.4144009 0.3205730 0.1401565
v 0.4533423 0.3295471 0.1218453
v 0.3844477 0.3032322 0.1755400
v 0.4162652 0.3185563 0.1586333
v 0.4554006 0.3265015 0.1402828
v 0.4942988 0.3357453 0.1220867
v 0.4951877 0.3343983 0.1405786
v 0.4555172 0.3268142 0.1589244
v 0.4969113 0.3329189 0.1590456
v 0.4231664 0.3120173 0.1761638
v 0.4589336 0.3230881 0.1772086
v 0.4996612 0.3306816 0.1773694
v 0.3892603 0.2987794 0.1937130
v 0.4275627 0.3078702 0.1942550
v 0.4661581 0.3168761 0.1947916
v 0.5037167 0.3267780 0.1955006
v 0.3531527 0.2878033 0.2113915
v 0.3896081 0.2979894 0.2121114
v 0.3571687 0.2839093 0.2318179
v 0.3335121 0.2622341 0.2481394
v 0.3944355 0.2931368 0.2323897
v 0.4268572 0.3077842 0.2129095
v 0.3712909 0.2710139 0.2481399
v 0.4321644 0.3021313 0.2328789
v 0.4648119 0.3174752 0.2135828
v 0.5037702 0.3260679 0.2140634
v 0.4708426 0.3111766 0.2335187
v 0.5095541 0.3201136 0.2342049
v 0.5488371 0.3285808 0.2342849
v 0.4089192 0.2796508 0.2481011
v 0.0311782 0.2296623 0.0640494
v -0.0088026 0.2219895 0.0634798
v 0.0658010 0.2427390 0.0825163
v 0.0260360 0.2345910 0.0820553
v -0.0474388 0.2126550 0.0635466
v 0.1023263 0.2533945 0.1014221
v -0.0129954 0.2257735 0.0818232
v 0.0622900 0.2455198 0.1009430
v -0.0795941 0.1970698 0.0464596
v 0.1428327 0.2606315 0.1020440
v -0.1146424 0.1844966 0.0256483
v 0.1794836 0.2704622 0.1209688
v 0.1397834 0.2624440 0.1204725
v 0.1000219 0.2545824 0.1200006
v 0.1756338 0.2737537 0.1392200
v 0.2155257 0.2815855 0.1395928
v 0.1357735 0.2658352 0.1388116
v 0.1774020 0.2718174 0.1578959
v 0.2170356 0.2800645 0.1581665
v 0.1384770 0.2630118 0.1574206
v 0.0980099 0.2559497 0.1384232
v 0.0993525 0.2542710 0.1569666
v 0.1057362 0.2479259 0.1744916
v 0.1457424 0.2560060 0.1745940
v 0.1846349 0.2649166 0.1751766
v 0.1154924 0.2387417 0.1907176
v 0.2238776 0.2733983 0.1756543
v 0.1542901 0.2477669 0.1912928
v -0.5132537 0.1221169 0.1737595
v -0.5452934 0.1088382 0.1914218
v -0.5419810 0.1042868 0.2093963
v -0.5521907 0.1165763 0.1739073
v -0.5391956 0.1000634 0.2299848
v -0.5842711 0.1042931 0.1925594
v -0.5822661 0.1012485 0.2105158
v -0.5710754 0.0800038 0.2456497
v -0.5788096 0.0952251 0.2304949
v -0.6189840 0.0906221 0.2308984
v -0.6601499 0.0850199 0.2307359
v -0.6223437 0.0986561 0.2114179
v -0.6235735 0.1008391 0.1928145
v -0.6633314 0.0937435 0.2115793
v -0.7029311 0.0884601 0.2116457
v -0.6644248 0.0960264 0.1929086
v -0.6647646 0.0979387 0.1740848
v -0.6229817 0.0980553 0.1742342
v -0.5847167 0.1048546 0.1739445
v -0.6220558 0.0956719 0.1559210
v -0.5829609 0.1033878 0.1555295
v -0.5532407 0.1171259 0.1553653
v -0.5148578 0.1244274 0.1551459
v -0.5521557 0.1153748 0.1368611
v -0.5821618 0.1020652 0.1371633
v -0.6207343 0.0939716 0.1374551
v -0.5133264 0.1225401 0.1365150
v -0.5867082 0.1040946 0.1184988
v -0.5496810 0.1128686 0.1183210
v -0.4724759 0.1248427 0.1371890
v -0.5097252 0.1166111 0.1186639
v -0.5473757 0.1112248 0.0996831
v -0.5070585 0.1140986 0.1000800
v -0.4703075 0.1227931 0.1187684
v -0.4345114 0.1330902 0.1370826
v 0.4225609 0.3124371 0.0862630
v 0.4581927 0.3238363 0.0852388
v 0.4989553 0.3309939 0.0855082
v 0.4144163 0.3206083 0.1030330
v 0.4546963 0.3280776 0.1032666
v 0.4954953 0.3344035 0.1035700
v 0.5356425 0.3418135 0.1035866
v 0.5360651 0.3414968 0.0849929
v 0.5392204 0.3376429 0.0666583
v 0.5457453 0.3311455 0.0494950
v 0.5500590 0.3259281 0.0291869
v 0.5821033 0.3421560 0.0482804
v 0.5892596 0.3343824 0.0290028
v -0.7435901 0.0856892 0.1931990
v -0.7435296 0.0837852 0.2118581
v -0.7037946 0.0920105 0.1929672
v -0.7027441 0.0902061 0.1743224
v -0.7429113 0.0847396 0.1744877
v -0.7843339 0.0818585 0.1746703
v -0.7028988 0.0906931 0.1557873
v -0.7434860 0.0858155 0.1559588
v -0.6633397 0.0962488 0.1553338
v -0.7840685 0.0809308 0.1561122
v -0.7422324 0.0821811 0.1375731
v -0.7016945 0.0877867 0.1373154
v -0.6620731 0.0928389 0.1369977
v -0.7830135 0.0771998 0.1377816
v -0.8247330 0.0726299 0.1377315
v -0.7832738 0.0761539 0.1191924
v -0.8246304 0.0739415 0.1562942
v -0.8665101 0.0727158 0.1560687
v -0.8259431 0.0778569 0.1746746
v -0.7843490 0.0817995 0.1933430
v -0.7842926 0.0794407 0.2119062
v -0.8257090 0.0750287 0.2117392
v -0.8235656 0.0653946 0.2305164
v -0.7823144 0.0704788 0.2312097
v -0.7410055 0.0750565 0.2311732
v -1.3438247 0.0327670 0.1947656
v -1.3926154 0.0314858 0.1941338
v -1.4413248 0.0312517 0.1937005
v -1.4910546 0.0248220 0.2117191
v -1.3432189 0.0359057 0.1753705
v -1.3922857 0.0319882 0.1750867
v -1.4415154 0.0310770 0.1750488
v -1.4888538 0.0280223 0.1929164
v -1.3923655 0.0331435 0.1562683
v -1.4902691 0.0264944 0.1747044
v -1.2944090 0.0362089 0.1945910
v -1.3422595 0.0363907 0.1557832
v -1.4418594 0.0301856 0.1564521
v -1.2429786 0.0363658 0.2116221
v -1.3921476 0.0315953 0.1385501
v -1.2943312 0.0411879 0.1752827
v -1.2423666 0.0404459 0.1931349
v -1.1919457 0.0340553 0.2307762
v -1.1910725 0.0414836 0.2106648
v -1.1911853 0.0471759 0.1923185
v -1.2424086 0.0430038 0.1739110
v -1.2943609 0.0430161 0.1560775
v -1.1915740 0.0489226 0.1733718
v -1.2942140 0.0442621 0.1369539
v -1.2437664 0.0451332 0.1554456
v -1.1406067 0.0526304 0.1921120
v -1.1404600 0.0463297 0.2105102
v -1.1413593 0.0365647 0.2296539
v -1.1409787 0.0214592 0.2450853
v -1.0918808 0.0402007 0.2292370
v -1.0911235 0.0237920 0.2435070
v -1.0425344 0.0442615 0.2292607
v -0.6999382 0.0823118 0.1002167
v -0.7422435 0.0801450 0.0816863
v -0.7414845 0.0781138 0.1004362
v -0.7838083 0.0768499 0.1005360
v -0.7412791 0.0784930 0.1192176
v -0.6999621 0.0823284 0.1192706
v -0.6599365 0.0865501 0.1189125
v -0.6198694 0.0921286 0.1187887
v -0.6194208 0.0924083 0.0998881
v -0.9955099 0.0602537 0.2115801
v -0.9485698 0.0688445 0.1931550
v -0.9958324 0.0648715 0.1927730
v -1.0430678 0.0554874 0.2109291
v -1.0433685 0.0617796 0.1924057
v -1.0911999 0.0509834 0.2106116
v -0.9943881 0.0487698 0.2297250
v -0.9478527 0.0638306 0.2116699
v -0.9463368 0.0524658 0.2297692
v -0.9056928 0.0562872 0.2299154
v -0.9073405 0.0668443 0.2115666
v -0.8646519 0.0606453 0.2301527
v -0.8664975 0.0708665 0.2116275
v -0.9080865 0.0721740 0.1933408
v -0.8673084 0.0756115 0.1933493
v -0.8262416 0.0793486 0.1934278
v -0.8667038 0.0723290 0.1747498
v -0.9079308 0.0694350 0.1745192
v -0.9487030 0.0673403 0.1743547
v -0.9078999 0.0703278 0.1559176
v -0.9959443 0.0618716 0.1739042
v -0.9489448 0.0663738 0.1558665
v -0.8662916 0.0717579 0.1374253
v -0.9074700 0.0686876 0.1372354
v -0.9489342 0.0668256 0.1370572
v -0.9963443 0.0606891 0.1553625
v -1.0436649 0.0605342 0.1732302
v -0.9969835 0.0594581 0.1366787
v -1.0913399 0.0571088 0.1920235
v -1.0919747 0.0589595 0.1727975
v -1.0449020 0.0575098 0.1546490
v -1.1413736 0.0548937 0.1729612
v -1.0930748 0.0575060 0.1540917
v -1.0460902 0.0560455 0.1360929
v -1.1932437 0.0516862 0.1548798
v -1.1427556 0.0553052 0.1541170
v -1.2451759 0.0484175 0.1372195
v -1.1944521 0.0501919 0.1363538
v -1.0948037 0.0560647 0.1356482
v -1.2461116 0.0470746 0.1188182
v -1.1442616 0.0539851 0.1357751
v -1.6902261 0.0157878 0.1189050
v -1.6420987 0.0185568 0.0819599
v -1.6411858 0.0187964 0.1004821
v -1.5930318 0.0197870 0.0820973
v -1.7358668 0.0099005 0.1368967
v -1.6405639 0.0199852 0.1189372
v -1.5918686 0.0200013 0.1006208
v -1.6895569 0.0177549 0.1373959
v -1.7345776 0.0089549 0.1544557
v -1.7897817 0.0065068 0.1557014
v -1.6880776 0.0166738 0.1559198
v -1.6400634 0.0193379 0.1375838
v -1.5909921 0.0205435 0.1189784
v -1.8288144 0.0098098 0.1734863
v -1.8279654 0.0107234 0.1919030
v -1.7881546 0.0127372 0.1735288
v -1.8281939 0.0110722 0.2117321
v -1.7871719 0.0144530 0.1921074
v -1.8277354 0.0040547 0.2359753
v -1.7876709 0.0141580 0.2120361
v -1.7339206 0.0139024 0.1891528
v -1.7338556 0.0126766 0.1718354
v -1.6873189 0.0170414 0.1741569
v -1.7340951 0.0122399 0.2082453
v -1.6902639 0.0143848 0.1918714
v -1.7336110 0.0043482 0.2311111
v -1.6389833 0.0214940 0.1559960
v -1.6393701 0.0179670 0.1924712
v -1.6897197 0.0093623 0.2102340
v -1.5910525 0.0210573 0.1376153
v -1.6383375 0.0223916 0.1744745
v -1.5417451 0.0217850 0.1192532
v -1.5904436 0.0209992 0.1561503
v -1.5411042 0.0224873 0.1377443
v -1.5893079 0.0232339 0.1745126
v -1.5410362 0.0232705 0.1562516
v -1.5850230 0.0223712 0.1931129
v -1.5391001 0.0243217 0.1743488
v -1.4916077 0.0270793 0.1377874
v -1.4919993 0.0257980 0.1194005
v -1.4913751 0.0272394 0.1563633
v -1.5354701 0.0237917 0.1922888
v -1.4421809 0.0288096 0.1379646
v -1.5374790 0.0207002 0.2112549
v -1.4423105 0.0265368 0.1193548
v -1.3925668 0.0316580 0.1190287
v -1.5415782 0.0143189 0.2314149
v -1.5840314 0.0148357 0.2120135
v -1.6367096 0.0098550 0.2108106
v -1.5895012 0.0097896 0.2314599
v -1.5409214 -0.0021427 0.2463820
v -1.6387721 0.0062071 0.2311373
v -1.6879386 0.0033400 0.2308584
v -1.5903186 -0.0054392 0.2465922
v -1.6390974 -0.0092143 0.2464396
v -1.6878772 -0.0129757 0.2460108
v -1.7339224 -0.0154018 0.2488556
v -1.7881184 0.0068110 0.2361497
v -1.7876862 -0.0135096 0.2551390
v -1.8278692 -0.0163262 0.2549377
v -1.2482874 0.0410727 0.0631417
v -1.2924103 0.0383307 0.0805070
v -1.2446503 0.0450511 0.0816675
v -1.2937036 0.0439875 0.1002828
v -1.1991916 0.0423278 0.0440475
v -1.2539753 0.0389725 0.0441108
v -1.2917273 0.0380857 0.0631763
v -1.3408616 0.0365431 0.0813321
v -1.2548357 0.0339277 0.0238952
v -1.2988489 0.0365150 0.0442090
v -1.3415275 0.0336400 0.0623309
v -1.3479780 0.0340060 0.0440450
v -1.3464521 0.0269540 0.0239411
v -1.3994339 0.0249580 0.0228010
v -1.3965511 0.0304579 0.0444947
v -1.3938874 0.0304558 0.0629907
v -1.4473125 0.0261345 0.0450633
v -1.4456815 0.0275769 0.0635985
v -1.3938986 0.0305316 0.0820284
v -1.4951816 0.0251564 0.0636136
v -1.5433431 0.0226326 0.0823039
v -1.4941359 0.0246783 0.0825201
v -1.5427344 0.0215052 0.0996286
v -1.4918701 0.0239311 0.0995212
v -1.4444670 0.0257872 0.0824288
v -1.4426354 0.0268253 0.0995072
v -1.3950682 0.0337252 0.1011211
v -1.3443409 0.0382249 0.1017619
v -1.3431473 0.0400878 0.1182782
v -1.2946430 0.0441706 0.1187807
v -1.3410567 0.0371370 0.1363256
v -0.0170659 0.2273009 0.1559271
v -0.0505490 0.2148105 0.1556072
v -0.0162003 0.2270963 0.1373606
v -0.0520480 0.2161341 0.1371635
v -0.1253668 0.1946378 0.1549899
v 0.0230230 0.2358298 0.1376806
v -0.0891244 0.2060899 0.1368187
v -0.1606455 0.1814756 0.1722923
v -0.1275754 0.1969977 0.1366906
v -0.1672029 0.1894905 0.1552274
v -0.2028088 0.1762700 0.1727979
v -0.1992562 0.1723123 0.1908829
v -0.1970108 0.1701733 0.2090620
v -0.1928147 0.1653363 0.2293986
v -0.2321501 0.1567321 0.2290292
v -0.2376828 0.1632134 0.2092398
v -0.2418582 0.1686269 0.1916099
v -0.2592800 0.1342339 0.2445178
v -0.2709670 0.1476244 0.2283410
v -0.2725737 0.1512253 0.2076618
v -0.2817914 0.1604689 0.1914759
v -0.2451078 0.1729203 0.1737274
v -0.2867301 0.1670509 0.1739353
v -0.2080875 0.1831123 0.1553571
v -0.2490917 0.1768550 0.1554543
v -0.2898415 0.1702141 0.1556347
v -0.3311841 0.1644431 0.1559174
v -0.2910948 0.1707884 0.1369950
v -0.3679923 0.1551410 0.1555796
v -0.3321182 0.1645275 0.1370892
v -0.3981965 0.1423626 0.1552372
v -0.3694084 0.1560527 0.1370859
v -0.3312700 0.1629998 0.1184915
v -0.2487243 0.1756526 0.1368546
v -0.3296208 0.1608932 0.0999879
v -0.2906605 0.1699352 0.1184183
v -0.2502419 0.1775809 0.1183856
v -0.2097266 0.1847225 0.1367966
v -0.3279883 0.1600616 0.0812857
v -0.2886988 0.1679113 0.0999390
v -0.3221389 0.1535937 0.0636419
v -0.2866952 0.1659763 0.0814678
v -0.2493870 0.1764567 0.0997805
v -0.3186054 0.1498864 0.0454268
v -0.2839112 0.1635803 0.0629781
v -0.2795864 0.1587024 0.0450547
v -0.2727510 0.1506134 0.0258641
v -0.2446506 0.1713763 0.0817915
v -0.2094897 0.1841965 0.0997310
v -0.2425893 0.1697165 0.0632793
v -0.2072212 0.1817442 0.0813527
v -0.2082712 0.1825629 0.1183223
v -0.1678352 0.1899603 0.0998926
v -0.2399462 0.1669540 0.0449817
v -0.2015685 0.1763772 0.0634721
v -0.1677723 0.1900722 0.0813748
v -0.2003614 0.1750687 0.0449369
v -0.2333955 0.1592630 0.0255453
v -0.1633866 0.1861035 0.0632739
v -0.1939597 0.1678556 0.0253558
v -0.1608131 0.1833860 0.0450113
v -0.1293421 0.1995086 0.0812834
v -0.1258056 0.1960675 0.0630961
v -0.1546414 0.1763082 0.0253780
v -0.1204940 0.1908881 0.0454879
v -0.0871325 0.2052354 0.0630327
v -0.0908937 0.2086728 0.0814431
v -0.0523214 0.2174615 0.0815518
v -0.1288195 0.1986693 0.0999047
v -0.0879894 0.2059068 0.0999209
v -0.0529792 0.2178370 0.1001927
v -0.0124167 0.2250256 0.1004133
v -0.1666098 0.1882242 0.1182896
v -0.1262081 0.1958548 0.1181768
v -0.0882892 0.2057146 0.1183360
v -0.0498553 0.2147525 0.1185831
v -0.1695027 0.1921056 0.1366174
v -0.0116618 0.2240827 0.1189431
v 0.0257404 0.2345742 0.1007554
v 0.0252038 0.2346406 0.1191909
v 0.0599050 0.2467751 0.1194081
v -1.1956381 0.0516370 0.1181866
v -1.0961183 0.0529666 0.1175914
v -1.0465782 0.0559582 0.1175238
v -0.9974477 0.0621239 0.1179028
v -1.0470943 0.0591513 0.0987887
v -1.1455929 0.0537762 0.1175503
v -1.0967349 0.0529105 0.0989711
v -1.1469724 0.0508884 0.0994383
v -0.9968591 0.0616022 0.0988653
v -0.9480551 0.0654262 0.1180576
v -0.9475555 0.0609881 0.0992592
v -0.9965820 0.0578100 0.0796757
v -0.9470612 0.0594257 0.0802421
v -0.9069476 0.0663854 0.1184186
v -0.9060250 0.0629770 0.0996158
v -0.9061617 0.0635016 0.0806760
v -0.8659331 0.0693432 0.1187409
v -0.8653887 0.0676365 0.0999848
v -0.8649738 0.0651914 0.0812811
v -0.8248217 0.0728876 0.1190945
v -0.8653763 0.0641912 0.0626662
v -0.8246283 0.0714052 0.1003816
v -0.8251582 0.0716317 0.0815652
v -0.8253494 0.0699629 0.0631703
v -0.7841813 0.0765613 0.0818237
v -0.7853176 0.0770871 0.0630465
v -0.8269919 0.0703150 0.0447303
v -0.8673956 0.0658836 0.0443363
v -0.9066713 0.0624817 0.0621482
v -0.9079491 0.0619533 0.0438934
v -0.9473871 0.0594191 0.0613985
v -0.9490415 0.0585752 0.0430403
v -0.9965527 0.0589944 0.0604747
v -0.9982429 0.0557889 0.0418514
v -1.0465050 0.0574650 0.0792959
v -1.0465876 0.0541755 0.0602121
v -1.0481042 0.0530584 0.0413166
v -1.0967487 0.0535299 0.0797884
v -1.0966703 0.0511057 0.0606285
v -1.1483004 0.0450793 0.0431826
v -1.1473959 0.0480278 0.0616055
v -1.1471754 0.0518931 0.0803952
v -1.1980367 0.0464418 0.0623420
v -1.1972221 0.0493824 0.0811750
v -1.1967426 0.0508436 0.0997723
v -1.2443611 0.0480326 0.1000698
v 1.1249051 0.1930662 0.2337018
v 1.0811606 0.1776554 0.2346071
v -1.8236130 -0.0679893 0.2617820
v -1.8207911 -0.0915363 0.2621443
v -1.7839121 -0.0651786 0.2631826
v -1.7326611 -0.0406281 0.2559227
v -1.7304402 -0.0646071 0.2573264
v -1.6834549 -0.0580801 0.2566245
v -1.7814843 -0.0888776 0.2633672
v -1.8185575 -0.1153831 0.2625728
v -1.7796535 -0.1124895 0.2650769
v -1.6805729 -0.0818816 0.2589792
v -1.7265989 -0.0867333 0.2626003
v -1.6350271 -0.0548190 0.2551449
v -1.8174453 -0.1389617 0.2628561
v -1.7782249 -0.1362493 0.2648962
v -1.8169762 -0.1625548 0.2632664
v -1.7773458 -0.1600443 0.2647903
v -1.8171142 -0.1865152 0.2637794
v -1.7770243 -0.1838651 0.2639346
v -1.8167705 -0.2119657 0.2640058
v -1.7764665 -0.2091787 0.2633813
v -1.8155365 -0.2391741 0.2578053
v -1.7749440 -0.2361410 0.2575202
v -1.7243566 -0.2013656 0.2560406
v -1.7233133 -0.2268807 0.2503619
v -1.7228157 -0.1774153 0.2597920
v -1.8146465 -0.2603916 0.2397519
v -1.7227723 -0.1549012 0.2623617
v -1.7744320 -0.2580835 0.2399468
v -1.7219311 -0.2481608 0.2342338
v 0.9578238 0.3958073 0.2333472
v 0.9307208 0.3904576 0.2435704
v 0.8663683 0.3952227 0.2341437
v 0.8801431 0.3807719 0.2488864
v 0.8982855 0.3602776 0.2540817
v 0.8259254 0.3869227 0.2343647
v 0.8394043 0.3722823 0.2490431
v 0.7853491 0.3788777 0.2344811
v 0.8581453 0.3519222 0.2544415
v 0.9172401 0.3385345 0.2537152
v 0.8765975 0.3299974 0.2521353
v 0.7997770 0.3634603 0.2485630
v 0.7458658 0.3704466 0.2343916
v 0.7599014 0.3550309 0.2484678
v 0.8186203 0.3430711 0.2526788
v 0.7059978 0.3624620 0.2346230
v 0.7203466 0.3470260 0.2485805
v 0.7781572 0.3351727 0.2541197
v 0.6664419 0.3542510 0.2346022
v -1.4780007 -0.2271035 0.2327620
v -1.1897150 -0.1448496 0.2576594
v -1.2347949 -0.1717066 0.2539409
v -1.1855142 -0.1683597 0.2539606
v -1.1836871 -0.1902095 0.2472360
v -1.1313063 -0.1626723 0.2492563
v -1.1289062 -0.1856892 0.2464520
v -1.0765593 -0.1588372 0.2496202
v -1.0799569 -0.1375601 0.2589904
v -1.0740113 -0.1820305 0.2473312
v -1.1348416 -0.1410864 0.2581717
v -1.0255754 -0.1344208 0.2607195
v -1.1381999 -0.1170510 0.2606855
v -1.0827831 -0.1134530 0.2614501
v -1.0284200 -0.1098518 0.2623869
v -1.0216277 -0.1554453 0.2508801
v -0.9745997 -0.1061070 0.2637929
v -0.9713806 -0.1308361 0.2623821
v -1.0301935 -0.0867980 0.2553143
v -1.0186530 -0.1783831 0.2476586
v -0.9673374 -0.1519778 0.2519759
v -0.9209293 -0.1025474 0.2651573
v -0.9167904 -0.1272499 0.2633714
v -0.9638233 -0.1747124 0.2476151
v -0.9132535 -0.1481884 0.2520419
v -1.0156765 -0.1950433 0.2326500
v -0.8653171 -0.1438066 0.2537674
v -0.9096698 -0.1708623 0.2472643
v -0.9609699 -0.1909556 0.2325391
v -0.8615774 -0.1657768 0.2475830
v -0.9065131 -0.1873758 0.2324172
v -1.0716401 -0.1991852 0.2327044
v -1.1269775 -0.2032719 0.2326938
v 0.7992911 0.1194846 0.2333343
v 0.7596462 0.1107089 0.2333001
v 0.8389346 0.1279602 0.2334649
v 0.8791965 0.1359066 0.2338829
v 0.8241378 0.1426099 0.2481937
v 0.8638737 0.1510112 0.2480629
v 0.7841848 0.1342394 0.2479988
v 0.8437218 0.1709640 0.2532487
v 0.8037934 0.1626766 0.2532407
v 0.8838813 0.1791682 0.2537022
v 0.9040610 0.1592357 0.2484473
v 0.9195341 0.1441358 0.2342023
v 0.9597124 0.1526355 0.2343031
v 1.0003428 0.1612923 0.2343916
v 1.0406791 0.1695238 0.2345268
v 0.9445001 0.1673949 0.2489135
v 0.9848785 0.1758998 0.2490563
v 1.0258396 0.1841844 0.2492474
v 1.0661801 0.1924164 0.2493065
v 0.9242475 0.1873824 0.2543064
v 0.9645212 0.1957317 0.2544296
v 1.1140775 0.2034047 0.2440437
v 1.0455197 0.2122166 0.2544733
v 1.0967741 0.2228811 0.2491781
v 1.1340381 0.2308237 0.2341816
v 1.1119493 0.2516158 0.2341459
v 1.0751880 0.2438280 0.2489787
v 1.0912465 0.2725490 0.2345576
v 1.0055637 0.2041278 0.2545542
v 1.0242362 0.2333700 0.2547923
v 0.9828647 0.2251113 0.2552760
v 1.0537755 0.2648977 0.2494057
v 1.0699811 0.2934062 0.2347187
v 1.0014177 0.2543315 0.2546217
v 1.0321708 0.2856916 0.2492474
v 1.0487371 0.3142213 0.2349502
v 0.9426288 0.2167253 0.2559785
v 0.9611662 0.2459311 0.2526450
v 0.9794324 0.2750298 0.2531615
v 1.0109399 0.3067564 0.2499377
v 1.0294271 0.3354519 0.2349518
v 0.9023425 0.2083373 0.2550266
v 0.9896383 0.3278309 0.2498751
v 1.0075833 0.3566640 0.2344860
v 0.9209155 0.2378093 0.2532663
v 0.8622668 0.2002265 0.2533065
v 0.8806061 0.2294977 0.2540926
v 0.9395695 0.2669249 0.2508452
v 0.8992038 0.2588256 0.2511872
v 0.8221018 0.1919551 0.2531065
v 0.8405498 0.2212558 0.2541225
v 0.8588941 0.2506337 0.2519457
v 0.9183296 0.2879674 0.2522359
v 0.8779683 0.2801080 0.2518802
v 0.9583074 0.2959960 0.2531996
v 0.9370871 0.3170343 0.2525590
v 0.8979301 0.3090512 0.2544510
v 0.9691159 0.3492738 0.2484644
v 0.8583327 0.3010304 0.2576749
v 0.9504223 0.3713391 0.2488650
v 0.9889927 0.3789712 0.2345460
v 0.8382998 0.2718073 0.2544666
v 0.8191477 0.2424740 0.2525592
v 0.8180778 0.2928872 0.2564121
v 0.8005877 0.2130372 0.2519872
v 0.7988385 0.2635333 0.2558711
v 0.7795617 0.2342205 0.2536612
v 0.7822825 0.1835868 0.2534342
v 0.7607573 0.2047402 0.2523308
v 0.7641515 0.1540582 0.2536248
v 0.7427221 0.1750986 0.2550163
v 0.7442096 0.1257008 0.2477302
v 0.7241957 0.1455727 0.2527950
v 0.7045095 0.1170552 0.2474192
v 0.7031049 0.1665791 0.2549905
v 0.7214140 0.1963442 0.2545520
v 0.7006633 0.2175920 0.2551562
v 0.6844514 0.1371409 0.2519462
v 0.6818307 0.1878804 0.2548585
v 0.7199980 0.1017696 0.2332656
v 0.6449133 0.1286367 0.2508654
v 0.6646523 0.1084219 0.2469472
v 0.6803699 0.0928498 0.2331465
v 0.6405867 0.0840269 0.2329139
v 0.6247912 0.0998384 0.2462905
v 0.6006402 0.0752898 0.2326767
v 0.5851776 0.0912401 0.2459576
v 0.6053255 0.1202042 0.2499428
v 0.5657382 0.1115934 0.2497103
v 0.5455574 0.0824822 0.2461484
v 0.5263706 0.1027700 0.2504460
v 0.5604911 0.0667153 0.2325592
v 0.4872815 0.0938754 0.2518568
v 0.5061337 0.0737692 0.2466404
v 0.5201548 0.0583620 0.2325025
v 0.4795742 0.0502656 0.2323168
v 0.4662527 0.0650726 0.2471208
v -0.0785589 -0.0735492 0.2333152
v -0.1328807 -0.0659233 0.2471889
v -0.1188741 -0.0821200 0.2336326
v -0.1654789 -0.0901111 0.2338412
v -0.0384112 -0.0647566 0.2331808
v -0.2119110 -0.0977684 0.2340214
v -0.1782565 -0.0738446 0.2475475
v -0.0928586 -0.0574369 0.2468234
v -0.1514020 -0.0448213 0.2493660
v -0.2235349 -0.0819307 0.2483105
v -0.2586656 -0.1050769 0.2339967
v -0.1958240 -0.0526507 0.2498879
v -0.1115667 -0.0364944 0.2495446
v -0.2693589 -0.0897644 0.2489665
v -0.1693031 -0.0239040 0.2441185
v -0.2403760 -0.0603192 0.2511083
v -0.2140116 -0.0316512 0.2446685
v -0.3056192 -0.1121964 0.2339182
v -0.2851762 -0.0683421 0.2526563
v -0.3152864 -0.0974187 0.2493206
v -0.3615937 -0.1049132 0.2491448
v -0.8735980 -0.0977976 0.2664785
v -0.8690856 -0.1223493 0.2634459
v -0.8172985 -0.1391650 0.2550628
v -0.8127776 -0.1609875 0.2487773
v -0.8214150 -0.1171469 0.2632555
v -0.8258969 -0.0931049 0.2668803
v -0.8777865 -0.0737993 0.2625084
v -0.7637582 -0.1558568 0.2486483
v -0.7689600 -0.1346557 0.2563445
v -0.7141973 -0.1505932 0.2484683
v -0.7731569 -0.1116466 0.2610172
v -0.7201846 -0.1297783 0.2568606
v -0.6644512 -0.1452871 0.2484610
v -1.2803081 -0.2136680 0.2327297
v -1.3298300 -0.2177313 0.2331605
v -1.3790262 -0.2209826 0.2331351
v -1.3313601 -0.2002032 0.2470256
v -1.2323699 -0.1939078 0.2477342
v -1.2815826 -0.1971677 0.2473597
v -1.2834341 -0.1745300 0.2521997
v -1.2375577 -0.1477050 0.2524884
v -1.3326873 -0.1773930 0.2506845
v -1.1928835 -0.1209893 0.2580226
v -1.2851731 -0.1506624 0.2486933
v -1.2405711 -0.1240598 0.2531611
v -1.1937951 -0.0973772 0.2538200
v -1.3342926 -0.1537093 0.2474225
v -1.2902581 -0.1269128 0.2505335
v -1.3819929 -0.1806468 0.2506820
v -1.3396516 -0.1303219 0.2505937
v -1.3805029 -0.2035104 0.2470039
v -1.3845372 -0.1570333 0.2496858
v -1.4310439 -0.1839671 0.2509177
v -1.4285955 -0.2240175 0.2329307
v -1.4296707 -0.2067950 0.2468944
v -1.4802550 -0.1875344 0.2517989
v -1.4789654 -0.2103159 0.2472093
v -1.4822033 -0.1637095 0.2479052
v -1.4337172 -0.1603006 0.2479021
v -1.3894260 -0.1336572 0.2505524
v -1.4374521 -0.1367172 0.2476095
v -1.3447653 -0.1071187 0.2538287
v -1.3934891 -0.1102103 0.2501908
v -1.2946602 -0.1037516 0.2544104
v -1.2440638 -0.1002081 0.2533290
v -1.2960486 -0.0801639 0.2563065
v -1.3459828 -0.0833702 0.2540258
v -1.3942788 -0.0865283 0.2500992
v -1.2447764 -0.0769088 0.2573347
v -1.1936712 -0.0734996 0.2553401
v -1.3432978 -0.0595385 0.2525734
v -1.2939241 -0.0562632 0.2548831
v -1.2434216 -0.0528943 0.2562623
v -1.1396221 -0.0938316 0.2554702
v -1.3915684 -0.0625639 0.2480606
v -1.0844800 -0.0904290 0.2557827
v -1.1398773 -0.0698868 0.2540611
v -1.1924643 -0.0499102 0.2583751
v -1.0858476 -0.0663507 0.2540196
v -1.1395535 -0.0465363 0.2590104
v -1.2419313 -0.0291348 0.2556970
v -1.1919526 -0.0260068 0.2588487
v -1.0869759 -0.0432192 0.2593169
v -1.1399470 -0.0225659 0.2592793
v -1.2914690 -0.0324379 0.2515188
v -1.2424201 -0.0052988 0.2546357
v -1.3407901 -0.0354800 0.2499661
v -1.2921007 -0.0083891 0.2534877
v -1.3411400 -0.0114685 0.2530595
v -1.3902824 -0.0385895 0.2493743
v -1.3905610 -0.0147662 0.2525094
v -1.2931769 0.0140820 0.2477519
v -1.2428997 0.0169181 0.2477341
v -1.3436136 0.0116052 0.2469437
v -1.1919582 0.0188885 0.2463289
v -1.3933677 0.0084569 0.2467394
v -1.4418058 0.0042599 0.2463843
v -1.4400639 -0.0180623 0.2519114
v -1.4419508 0.0207467 0.2317675
v -1.4918044 0.0176713 0.2316125
v 0.5251670 0.1539767 0.2514513
v 0.5849362 0.1413703 0.2489417
v 0.5642776 0.1627031 0.2502506
v 0.5453094 0.1327550 0.2484663
v 0.5070426 0.1749456 0.2568390
v 0.5451594 0.1837295 0.2542365
v 0.4869547 0.1450141 0.2545658
v 0.5058477 0.1240221 0.2499955
v 0.4683437 0.1661746 0.2586122
v 0.4488534 0.1361114 0.2578299
v 0.4671691 0.1150789 0.2530475
v 0.4291226 0.1575040 0.2592615
v 0.4093984 0.1272951 0.2592445
v 0.3898995 0.1486916 0.2584263
v 0.4291654 0.1059705 0.2570490
v 0.4481471 0.0848904 0.2533393
v 0.3894508 0.0970856 0.2579138
v 0.3698693 0.1185067 0.2594872
v 0.3504398 0.1399045 0.2580687
v 0.4087565 0.0759567 0.2545653
v 0.4265372 0.0562987 0.2477141
v 0.3496678 0.0882615 0.2580709
v 0.3301855 0.1097071 0.2597686
v 0.3108592 0.1310039 0.2575118
v 0.3689403 0.0671431 0.2550191
v 0.3866471 0.0475477 0.2478237
v 0.3466030 0.0388582 0.2477202
v 0.3289576 0.0583332 0.2550602
v 0.3065816 0.0301740 0.2475394
v 0.2889452 0.0496139 0.2550096
v 0.2397490 -0.0012290 0.2316136
v 0.2004560 -0.0105243 0.2318633
v 0.1609230 -0.0197125 0.2320485
v 0.2665974 0.0214534 0.2474698
v 0.1467217 -0.0046596 0.2464542
v 0.1070263 -0.0135426 0.2465741
v 0.0885735 0.0065706 0.2517966
v 0.1865217 0.0041780 0.2465352
v 0.1285037 0.0153370 0.2520130
v 0.2265889 0.0127621 0.2472155
v 0.1685154 0.0239673 0.2527154
v 0.0694544 0.0276496 0.2548454
v 0.0294936 0.0191305 0.2527271
v 0.1095068 0.0362781 0.2560571
v 0.2086718 0.0325149 0.2536786
v 0.1496065 0.0448915 0.2569003
v 0.2489376 0.0410175 0.2545132
v 0.1897494 0.0534660 0.2577374
v 0.2298868 0.0621074 0.2578235
v 0.2698134 0.0707556 0.2579983
v 0.1705322 0.0748673 0.2600213
v 0.2105491 0.0835064 0.2604284
v 0.3097473 0.0795371 0.2580344
v 0.2505843 0.0922097 0.2600376
v 0.2904394 0.1009499 0.2595875
v 0.1914263 0.1049141 0.2596305
v 0.1514160 0.0963061 0.2598274
v 0.2314026 0.1134902 0.2584804
v 0.1113575 0.0877586 0.2586565
v 0.2711347 0.1222246 0.2579443
v 0.2120582 0.1349636 0.2571359
v 0.2521118 0.1435606 0.2551806
v 0.1938111 0.1564261 0.2579555
v 0.1304862 0.0663020 0.2583518
v 0.0713817 0.0792208 0.2578262
v 0.0904662 0.0577709 0.2571158
v 0.0312551 0.0705284 0.2574344
v 0.0505945 0.0492750 0.2550856
v -0.0085920 0.0620137 0.2551392
v -0.0277672 0.0833054 0.2573465
v -0.0676194 0.0747068 0.2551072
v -0.0486041 0.0534117 0.2532821
v 0.0108301 0.0407369 0.2528906
v -0.0293644 0.0320063 0.2524209
v -0.6142548 -0.1401196 0.2487404
v -0.5621860 -0.1330325 0.2491448
v -0.6215764 -0.1193290 0.2568107
v -0.5106235 -0.1259274 0.2493598
v -0.5710788 -0.1120580 0.2564280
v -0.6710880 -0.1244383 0.2565360
v -0.4594208 -0.1189529 0.2493569
v -0.7246644 -0.1066479 0.2604973
v -0.6761489 -0.1018396 0.2616017
v -0.4079439 -0.1123076 0.2496982
v -0.4205502 -0.0915218 0.2557329
v -0.4706095 -0.0984989 0.2570517
v -0.3755080 -0.0837691 0.2557361
v -0.3300091 -0.0762306 0.2544124
v -0.4346016 -0.0692365 0.2566748
v -0.3901111 -0.0614181 0.2548098
v -0.5206909 -0.1053122 0.2566292
v -0.4828674 -0.0759687 0.2591956
v -0.5317543 -0.0829782 0.2611565
v -0.4489603 -0.0471373 0.2545801
v -0.5803283 -0.0900204 0.2619321
v -0.6285771 -0.0968742 0.2621386
v -0.4968213 -0.0538353 0.2555250
v -0.6358650 -0.0739266 0.2625214
v -0.6818053 -0.0787660 0.2639391
v -0.7290509 -0.0839191 0.2665537
v -0.5896094 -0.0669378 0.2628344
v -0.5437609 -0.0601965 0.2597771
v -0.7769537 -0.0885100 0.2667736
v -0.5094256 -0.0312685 0.2556034
v -0.6444985 -0.0507868 0.2632045
v -0.6008925 -0.0444498 0.2590505
v -0.5559192 -0.0380352 0.2569361
v -0.6557114 -0.0279155 0.2598155
v -0.6894853 -0.0557903 0.2657594
v -0.6115166 -0.0213873 0.2587459
v -0.6996906 -0.0324959 0.2628362
v -0.7361265 -0.0603282 0.2671644
v -0.6663868 -0.0057140 0.2539445
v -0.7453135 -0.0370366 0.2638512
v -0.7832205 -0.0645290 0.2671973
v -0.7104714 -0.0103336 0.2565380
v -0.7911706 -0.0413956 0.2627771
v -0.8315814 -0.0688738 0.2662035
v -0.8822201 -0.0503261 0.2591260
v -0.8367006 -0.0458797 0.2597335
v -0.8868734 -0.0275673 0.2550519
v -0.7543944 -0.0143860 0.2588727
v -0.7991715 -0.0184557 0.2597162
v -0.8431968 -0.0229166 0.2577456
v -0.8923398 -0.0049401 0.2529939
v -0.9359562 -0.0096204 0.2528702
v -0.9399198 0.0126881 0.2481294
v -0.8978480 0.0178547 0.2503475
v -0.8493761 -0.0001685 0.2554603
v -0.9438596 0.0342760 0.2424113
v -0.8056209 0.0041293 0.2553064
v -0.8551520 0.0223548 0.2508744
v -0.8126169 0.0264773 0.2499394
v -0.7623861 0.0077548 0.2523766
v -0.7695944 0.0305280 0.2482686
v 0.0813218 -0.0378302 0.2325627
v 0.1212428 -0.0288200 0.2323846
v 0.0671674 -0.0224621 0.2466124
v 0.0271611 -0.0312560 0.2466268
v 0.0087174 -0.0109490 0.2514261
v 0.0487591 -0.0022229 0.2516748
v -0.0104169 0.0105516 0.2516499
v -0.0503674 0.0018372 0.2502962
v -0.0696157 0.0232050 0.2520272
v -0.1082677 0.0150090 0.2471195
v -0.1279789 0.0360847 0.2506728
v -0.1665619 0.0278778 0.2464682
v -0.0885307 0.0446206 0.2532653
v -0.1809495 0.0502978 0.2454397
v -0.2213442 0.0416822 0.2442227
v -0.1455134 0.0578624 0.2513791
v -0.2395974 0.0632252 0.2444058
v -0.1075852 0.0659370 0.2554000
v -0.1993691 0.0719121 0.2458121
v -0.1647807 0.0791671 0.2525406
v -0.2820916 0.0552211 0.2493280
v -0.2659806 0.0335802 0.2449295
v -0.2218687 0.0923830 0.2469683
v -0.1841983 0.1006136 0.2527971
v -0.1264341 0.0875823 0.2557484
v -0.2616983 0.0839399 0.2459261
v -0.3248250 0.0476605 0.2501144
v -0.3093687 0.0259636 0.2460607
v -0.3012462 0.0766872 0.2500507
v -0.2803944 0.1051286 0.2501882
v -0.2417873 0.1137161 0.2505499
v -0.3412758 0.0696042 0.2515565
v -0.3196865 0.0983262 0.2506200
v -0.2978066 0.1257966 0.2444107
v -0.2021285 0.1221156 0.2503130
v -0.3652154 0.0404618 0.2534249
v -0.3516363 0.0189757 0.2463999
v -0.3362571 -0.0030062 0.2432956
v -0.3932287 0.0118288 0.2488237
v -0.4065737 0.0335084 0.2550404
v -0.4479592 0.0267867 0.2562652
v -0.3819015 0.0625837 0.2522127
v -0.4222075 0.0559584 0.2541946
v -0.4627241 0.0493814 0.2558522
v -0.5034211 0.0424253 0.2564158
v -0.3976217 0.0834948 0.2465957
v -0.4376428 0.0766235 0.2472506
v -0.4772851 0.0708021 0.2505068
v -0.5173069 0.0647878 0.2527644
v -0.4520508 0.0981107 0.2438236
v -0.4909536 0.0917171 0.2446116
v -0.7190865 0.0122053 0.2511658
v -0.7271832 0.0352708 0.2487269
v -0.7768036 0.0525337 0.2440514
v -0.6755035 0.0173048 0.2512804
v -0.6225998 0.0011375 0.2551261
v -0.6846044 0.0402275 0.2485436
v -0.5669051 -0.0152348 0.2561798
v -0.6328078 0.0239240 0.2522323
v -0.5781860 0.0073782 0.2539446
v -0.5213189 -0.0087113 0.2574434
v -0.5899323 0.0301630 0.2534297
v -0.6434300 0.0467243 0.2501516
v -0.5341117 0.0138542 0.2548628
v -0.6011097 0.0526048 0.2501459
v -0.6936349 0.0618977 0.2440541
v -0.6529237 0.0683186 0.2445344
v -0.7351489 0.0573747 0.2443338
v -0.5467162 0.0363533 0.2536876
v -0.7001854 0.0793876 0.2308968
v -0.6116992 0.0740425 0.2448104
v -0.5595810 0.0588551 0.2521113
v -0.5300351 0.0853785 0.2455360
v -0.4896189 0.0202267 0.2543268
v -0.4766481 -0.0023152 0.2531363
v -0.4355271 0.0048734 0.2498441
v -0.4617489 -0.0244765 0.2554704
v -0.4211299 -0.0176073 0.2490367
v -0.4059270 -0.0396986 0.2511772
v -0.3628146 -0.0325211 0.2478907
v -0.3791078 -0.0102778 0.2452945
v -0.3465670 -0.0539524 0.2520476
v -0.3025157 -0.0468439 0.2480243
v -0.3192801 -0.0250171 0.2461984
v -0.2936296 0.0041111 0.2433297
v -0.2587064 -0.0394846 0.2456187
v -0.2761388 -0.0177879 0.2430491
v -0.2503041 0.0114938 0.2455596
v -0.2320560 -0.0100561 0.2431973
v -0.1878665 -0.0021764 0.2431680
v -0.2066683 0.0192547 0.2450500
v -0.1290731 -0.0152001 0.2447332
v -0.1474885 0.0064236 0.2439475
v -0.0894343 -0.0065617 0.2465401
v -0.0714989 -0.0280827 0.2502439
v -0.0529130 -0.0488190 0.2467150
v -0.0313115 -0.0196234 0.2510079
v -0.0127412 -0.0400961 0.2466742
v 0.0014841 -0.0557424 0.2328758
v 0.0413963 -0.0467457 0.2326443
v 0.6808433 0.3389368 0.2486453
v 0.6274155 0.3454925 0.2343285
v 0.7386890 0.3269538 0.2537367
v 0.7977389 0.3143707 0.2584269
v 0.5881527 0.3369144 0.2342594
v 0.6414003 0.3308173 0.2488832
v 0.8378851 0.3224518 0.2572537
v 0.7583842 0.3060483 0.2568267
v 0.7786290 0.2847892 0.2559700
v 0.6993052 0.3189438 0.2540330
v 0.7190014 0.2978638 0.2557213
v 0.7591883 0.2553522 0.2555717
v 0.7389267 0.2765987 0.2568771
v 0.6799393 0.2896174 0.2540034
v 0.6599264 0.3111126 0.2553761
v 0.6994637 0.2683935 0.2555371
v 0.6020380 0.3226416 0.2490885
v 0.6208294 0.3029116 0.2555290
v 0.6408796 0.2814649 0.2529681
v 0.7197329 0.2470986 0.2555212
v 0.6609889 0.2602740 0.2522930
v 0.7401092 0.2259113 0.2545225
v 0.6804234 0.2388821 0.2541983
v 0.6019461 0.2730418 0.2540698
v 0.6215642 0.2518417 0.2524298
v 0.6417727 0.2305542 0.2518660
v 0.5633786 0.2647245 0.2565415
v 0.6616176 0.2091987 0.2532929
v 0.5835042 0.2433959 0.2560124
v 0.6024514 0.2220888 0.2527036
v 0.6227715 0.2008177 0.2518399
v 0.6425280 0.1794040 0.2538224
v 0.5646285 0.2135184 0.2560546
v 0.6635122 0.1581205 0.2534195
v 0.5835025 0.1923348 0.2520219
v 0.6037714 0.1710144 0.2508697
v 0.6243924 0.1498175 0.2508275
v 0.5448554 0.2348643 0.2579024
v 0.2923100 0.1521961 0.2542182
v 0.2340499 0.1650365 0.2555019
v 0.1750792 0.1779506 0.2579558
v 0.3323282 0.1609925 0.2541042
v 0.2741950 0.1737294 0.2532991
v 0.2159111 0.1865231 0.2571688
v 0.1556296 0.1989669 0.2543327
v 0.3717639 0.1698287 0.2548278
v 0.3140924 0.1824327 0.2521603
v 0.2563765 0.1950728 0.2559377
v 0.1963085 0.2078118 0.2549385
v 0.1376862 0.2177724 0.2455578
v 0.4103845 0.1787142 0.2568254
v 0.3537121 0.1912032 0.2517823
v 0.1777368 0.2265250 0.2461559
v 0.2960938 0.2037273 0.2546802
v 0.2363944 0.2165224 0.2553240
v 0.2173202 0.2355085 0.2468398
v 0.2763315 0.2252327 0.2553789
v 0.3352484 0.2124845 0.2532554
v 0.2566324 0.2444689 0.2473814
v 0.3154022 0.2338888 0.2553171
v 0.2952669 0.2533675 0.2478810
v -0.5013268 0.1066998 0.2295345
v -0.4135216 0.1047510 0.2434081
v -0.3589963 0.0913339 0.2500650
v -0.3359219 0.1186671 0.2441332
v -0.3742917 0.1117118 0.2435442
v -0.4635678 0.1142592 0.2295726
v -0.3854620 0.1266495 0.2287371
v -0.4250811 0.1210626 0.2294095
v 0.0973822 0.2091020 0.2451886
v 0.0574075 0.2006337 0.2449938
v 0.0178559 0.1921587 0.2448048
v -0.0218162 0.1838235 0.2447969
v -0.0614304 0.1753638 0.2445629
v -0.1139188 0.1821698 0.2298599
v -0.1011258 0.1671940 0.2446174
v -0.1534512 0.1736104 0.2296525
v -1.6284332 -0.1501699 0.2559988
v -1.6768765 -0.1533408 0.2578995
v -1.6293091 -0.1738388 0.2514411
v -1.6769790 -0.1295337 0.2601947
v -1.6780278 -0.1770898 0.2539233
v -1.6776038 -0.2007946 0.2519215
v -1.6281755 -0.1976612 0.2519334
v -1.6766003 -0.2232078 0.2471278
v -1.6756852 -0.2412145 0.2340574
v -1.6268844 -0.2202118 0.2474173
v -1.6258766 -0.2378243 0.2338139
v -1.5764406 -0.2344262 0.2334579
v -1.5271580 -0.2309428 0.2331124
v -1.5775015 -0.2170606 0.2472243
v -1.5281552 -0.2137125 0.2471911
v -1.5788520 -0.1943733 0.2516135
v -1.5294557 -0.1908890 0.2513671
v -1.5800137 -0.1705694 0.2500338
v -1.5308805 -0.1672397 0.2480192
v -1.5810345 -0.1468245 0.2507335
v -1.6304096 -0.1263941 0.2548880
v -1.5323488 -0.1434578 0.2487652
v -1.4846245 -0.1400203 0.2468211
v -1.5809682 -0.1231113 0.2533701
v -1.5340677 -0.1195535 0.2477223
v -1.4410905 -0.1131786 0.2484719
v -1.4868943 -0.1163237 0.2469293
v -1.5829249 -0.0993091 0.2528769
v -1.5338209 -0.0959899 0.2513287
v -1.4878097 -0.0925667 0.2467915
v -1.4408051 -0.0894840 0.2463992
v -1.5352516 -0.0721771 0.2526401
v -1.4398574 -0.0655911 0.2472076
v -1.4870562 -0.0689330 0.2492712
v -1.5848535 -0.0755564 0.2516253
v -1.5372786 -0.0484948 0.2488875
v -1.4880233 -0.0452057 0.2511580
v -1.4391672 -0.0420038 0.2512979
v -1.4896634 -0.0215340 0.2509872
v -1.4912723 0.0008927 0.2460951
v -1.5391719 -0.0248661 0.2508435
v -1.5868152 -0.0517387 0.2508045
v -1.5883452 -0.0278307 0.2523892
v -1.6342604 -0.0787759 0.2526165
v -1.6323207 -0.1026212 0.2536827
v -1.6780248 -0.1055642 0.2605569
v -1.7246462 -0.1093617 0.2636713
v -1.7233652 -0.1320183 0.2636565
v 0.3335180 0.2622706 0.2481819
v 0.3713101 0.2710076 0.2481191
v 0.4321534 0.3021881 0.2328552
v 0.4708271 0.3112038 0.2334980
v 0.5095702 0.3201576 0.2341980
v 0.5488098 0.3285747 0.2342577
v 0.5628498 0.3142566 0.2492520
v 0.5238695 0.3055498 0.2489044
v 0.5819156 0.2944916 0.2553649
v 0.5430479 0.2859194 0.2550557
v 0.4852223 0.2965760 0.2480190
v 0.5043495 0.2772070 0.2546301
v 0.4467843 0.2881381 0.2480389
v 0.4089492 0.2796219 0.2481345
v 0.4661895 0.2686254 0.2546742
v 0.5246696 0.2561162 0.2569121
v 0.4868088 0.2473962 0.2549936
v 0.4288902 0.2599722 0.2545965
v 0.5061484 0.2262573 0.2579242
v 0.4493677 0.2386897 0.2536055
v 0.3915480 0.2513518 0.2548116
v 0.5262730 0.2049296 0.2580037
v 0.4686117 0.2175400 0.2563359
v 0.4875296 0.1963144 0.2589495
v 0.4117567 0.2300255 0.2525661
v 0.4309092 0.2087344 0.2542540
v 0.4488883 0.1876427 0.2584826
v 0.3926597 0.1999314 0.2527008
v 0.3737214 0.2212391 0.2524441
v 0.3536365 0.2425867 0.2551275
v -0.5710638 0.0800055 0.2456418
v -0.5787694 0.0952215 0.2304697
v -0.6190081 0.0906194 0.2308850
v -0.6601248 0.0850419 0.2307192
v -0.8235559 0.0653990 0.2305242
v -0.7822641 0.0705108 0.2311927
v -0.7409566 0.0750171 0.2312051
v -1.1413789 0.0365803 0.2296316
v -1.1410040 0.0214882 0.2450733
v -1.0918479 0.0402257 0.2292636
v -1.0910814 0.0238237 0.2434758
v -1.1406593 0.0008431 0.2544678
v -1.1919864 -0.0023505 0.2547953
v -1.0900019 0.0035688 0.2529278
v -1.0416717 0.0268228 0.2424366
v -1.0886084 -0.0192725 0.2590197
v -1.0397729 0.0062972 0.2509976
v -1.0425396 0.0442649 0.2292623
v -1.0376147 -0.0160158 0.2581894
v -0.9922978 0.0307121 0.2424697
v -0.9899863 0.0090189 0.2488284
v -1.0350655 -0.0396342 0.2598111
v -0.9867541 -0.0128959 0.2555177
v -1.0326722 -0.0626703 0.2540130
v -0.9830923 -0.0358907 0.2582973
v -0.9797695 -0.0591158 0.2548326
v -0.9317149 -0.0320793 0.2559573
v -0.9766300 -0.0828791 0.2569676
v -0.9270744 -0.0553050 0.2559940
v -0.9231426 -0.0789939 0.2588704
v -0.9943615 0.0487515 0.2296921
v -0.9463291 0.0524958 0.2297696
v -0.9025725 0.0392857 0.2435451
v -0.8606344 0.0435119 0.2435558
v -0.9056589 0.0562664 0.2299620
v -0.8188403 0.0480892 0.2438868
v -0.8646408 0.0606335 0.2301698
v -1.7336240 0.0043347 0.2310631
v -1.5416127 0.0142670 0.2313936
v -1.5409364 -0.0021452 0.2463563
v -1.5903020 -0.0054584 0.2465833
v -1.6391160 -0.0092113 0.2464017
v -1.6878582 -0.0129922 0.2460377
v -1.6375593 -0.0311641 0.2529271
v -1.7339529 -0.0153904 0.2488980
v -1.6865203 -0.0349485 0.2524409
v -1.7880661 0.0068122 0.2361306
v -1.7876739 -0.0134963 0.2551454
v -1.7857338 -0.0400035 0.2623217
v -1.8278696 -0.0163676 0.2549801
v -1.8260969 -0.0428237 0.2620403
v -0.1928282 0.1653444 0.2294040
v -0.2321460 0.1566901 0.2289999
v -0.1407650 0.1589491 0.2446682
v -0.1802114 0.1507067 0.2445629
v -0.0831365 0.1469612 0.2501420
v -0.1231313 0.1388175 0.2506686
v -0.0439984 0.1556720 0.2515854
v -0.0044032 0.1642814 0.2522028
v -0.0255945 0.1347709 0.2559460
v -0.0650858 0.1261827 0.2549940
v 0.0354513 0.1728035 0.2524906
v 0.0142978 0.1433689 0.2566196
v 0.0543473 0.1518206 0.2564004
v 0.0753025 0.1812578 0.2526003
v 0.0942823 0.1603479 0.2565133
v 0.0731840 0.1305962 0.2596162
v 0.1151155 0.1901165 0.2536306
v 0.1344377 0.1691892 0.2576146
v 0.1132952 0.1391951 0.2599189
v 0.1534817 0.1478090 0.2595990
v 0.1723749 0.1263791 0.2594434
v 0.1324665 0.1178018 0.2607569
v 0.0922331 0.1091177 0.2609021
v 0.0330735 0.1220022 0.2595490
v -0.0071107 0.1134523 0.2594209
v 0.0521638 0.1005121 0.2600875
v 0.0122291 0.0919038 0.2587893
v -0.0471182 0.1047464 0.2587772
v -0.1049234 0.1176571 0.2544266
v -0.0867910 0.0961587 0.2571659
v -0.1624413 0.1302918 0.2499570
v -0.1438624 0.1089968 0.2517185
v -0.2193413 0.1420389 0.2438248
v -0.2592728 0.1342010 0.2445170
v -1.8312137 -0.2387324 0.0665396
v -1.8412277 -0.2617021 0.0487740
v -1.8379380 -0.2614606 0.0671532
v -1.8295301 -0.1687601 0.0643732
v -1.8501573 -0.1461093 0.0812691
v -1.8361339 -0.1454302 0.0632677
v -1.8340962 -0.2387055 0.0849846
v -1.8372180 -0.2613372 0.0855601
v -1.8304737 -0.2161189 0.0842740
v -1.8254347 -0.2160673 0.0659953
v -1.8359075 -0.1927006 0.0832533
v -1.8233169 -0.1921113 0.0653156
v -1.8440281 -0.1696020 0.0821432
v -1.8509858 -0.1220804 0.0806641
v -1.8364934 -0.2161651 0.1025612
v -1.8392192 -0.2387650 0.1032853
v -1.8371664 -0.2610935 0.1039905
v -1.8402343 -0.1925937 0.1016431
v -1.8373733 -0.2158747 0.1210230
v -1.8358444 -0.2382136 0.1216880
v -1.8369020 -0.2607471 0.1223665
v -1.8466851 -0.1927327 0.1201837
v -1.8333087 -0.2150197 0.1394923
v -1.8341440 -0.2376309 0.1400773
v -1.8360070 -0.2602444 0.1407431
v -1.8405317 -0.1918232 0.1385723
v -1.8331813 -0.2144954 0.1579985
v -1.8322887 -0.2370117 0.1584940
v -1.8344639 -0.2596799 0.1591594
v -1.8448623 -0.1917162 0.1570161
v -1.8421692 -0.2147204 0.1763664
v -1.8317288 -0.2364432 0.1768996
v -1.8333886 -0.2590668 0.1776189
v -1.8305861 -0.2358498 0.1952396
v -1.8324925 -0.2584907 0.1959470
v -1.8439138 -0.1910852 0.1756289
v -1.8403909 -0.2140958 0.1948142
v -1.8296294 -0.2352672 0.2137216
v -1.8332309 -0.2580183 0.2142725
v -1.8344586 -0.2514855 0.2341991
v -1.8341644 -0.2350299 0.2337937
v -1.8355436 -0.2346561 0.2485191
v -1.8331929 -0.2124407 0.2333266
v -1.8370467 -0.2119947 0.2534302
v -1.8364491 -0.2131799 0.2131791
v -1.8347823 -0.1898432 0.1940981
v -1.8298586 -0.1883791 0.2325787
v -1.8357704 -0.1879657 0.2528396
v -1.8400028 -0.1894877 0.2126821
v -1.8275960 -0.1644641 0.2319008
v -1.8333128 -0.1639645 0.2521900
v -1.8323409 -0.1403027 0.2513456
v -1.8437945 -0.1667528 0.1934106
v -1.8409647 -0.1656483 0.2121728
v -1.8256264 -0.1404950 0.2312474
v -1.8293122 -0.1169003 0.2309778
v -1.8335852 -0.1168003 0.2511127
v -1.8306820 -0.1413358 0.2110652
v -1.8481946 -0.1433443 0.1928113
v -1.8383331 -0.1670464 0.1742574
v -1.8344326 -0.1176414 0.2107908
v -1.8448461 -0.1192438 0.1922019
v -1.8474264 -0.1682867 0.1555603
v -1.8491361 -0.1442826 0.1732254
v -1.8518934 -0.1205289 0.1731489
v -1.8497831 -0.1688954 0.1372433
v -1.8430067 -0.1444975 0.1542892
v -1.8441954 -0.1206311 0.1541534
v -1.8468591 -0.1689909 0.1190970
v -1.8465836 -0.1450404 0.1359500
v -1.8503413 -0.1215323 0.1358609
v -1.8484342 -0.1694479 0.1007474
v -1.8565730 -0.1460326 0.1183069
v -1.8558477 -0.1462177 0.0999666
v -1.8592645 -0.1224299 0.1180313
v -1.8578086 -0.1224780 0.0994307
v -1.8612149 -0.0990441 0.0991818
v -1.8626463 -0.0989757 0.1181367
v -1.8523035 -0.0977094 0.1363370
v -1.8512239 -0.0983282 0.0805162
v -1.8330500 -0.0972431 0.0629389
v -1.8314906 -0.0734663 0.0633049
v -1.8453561 -0.0744451 0.0813600
v -1.8332201 -0.0499103 0.0637128
v -1.8607188 -0.0753794 0.0994643
v -1.8448938 -0.0508007 0.0820109
v -1.8378914 -0.0276352 0.0637216
v -1.8657561 -0.0755318 0.1183235
v -1.8608957 -0.0516613 0.0997929
v -1.8440814 -0.0282053 0.0823290
v -1.8499082 -0.0060353 0.0639078
v -1.8512244 -0.0059751 0.0823107
v -1.8538270 -0.0288305 0.1005861
v -1.8547481 -0.0060136 0.1006348
v -1.8693767 -0.0518744 0.1183433
v -1.8619531 -0.0289501 0.1188525
v -1.8564100 -0.0059291 0.1190361
v -1.8659848 -0.0751182 0.1370571
v -1.8647368 -0.0510599 0.1371616
v -1.8626022 -0.0284916 0.1373906
v -1.8558935 -0.0054131 0.1373984
v -1.8541110 -0.0972925 0.1549142
v -1.8583417 -0.0739167 0.1554977
v -1.8516908 -0.0964510 0.1735958
v -1.8470050 -0.0495769 0.1547829
v -1.8537794 -0.0727507 0.1738439
v -1.8507953 -0.0956481 0.1923908
v -1.8515628 -0.0717709 0.1923570
v -1.8497384 -0.0952976 0.2110719
v -1.8545395 -0.0275192 0.1556649
v -1.8538141 -0.0047013 0.1556975
v -1.8392385 -0.0484942 0.1732270
v -1.8388194 -0.0259112 0.1732884
v -1.8475337 -0.0038690 0.1739638
v -1.8396088 -0.0475671 0.1919108
v -1.8331773 -0.0248206 0.1917380
v -1.8447679 -0.0030140 0.1921071
v -1.8335492 -0.0469527 0.2103889
v -1.8351808 -0.0241839 0.2103603
v -1.8460189 -0.0024709 0.2102809
v -1.8458652 -0.0079229 0.2303902
v -1.8373608 -0.0235952 0.2304867
v -1.8452178 -0.0239399 0.2451949
v -1.8331737 -0.0460148 0.2306506
v -1.8433815 -0.0459463 0.2507329
v -1.8414714 -0.0696344 0.2510299
v -1.8450480 -0.0703657 0.2309440
v -1.8382121 -0.0931239 0.2510452
v -1.8509991 -0.0711398 0.2108722
v -1.8364923 -0.0935738 0.2309138
v -1.8519443 -0.0290235 0.0254602
v -1.8553968 -0.0125744 0.0253348
v -1.8539448 -0.0289974 0.0105269
v -1.8415966 -0.0279804 0.0452882
v -1.8522691 -0.0063344 0.0454639
v -1.8441664 -0.0509239 0.0254327
v -1.8507989 -0.0515276 0.0053080
v -1.8333553 -0.0498406 0.0451324
v -1.8327674 -0.0738412 0.0250423
v -1.8471546 -0.0751531 0.0055238
v -1.8260806 -0.0730991 0.0448297
v -1.8273213 -0.0974241 0.0249005
v -1.8434767 -0.0986969 0.0057342
v -1.8394966 -0.1221440 0.0059639
v -1.8236585 -0.0968238 0.0448394
v -1.8205148 -0.1207797 0.0250535
v -1.8372621 -0.1456068 0.0062010
v -1.8213963 -0.1205768 0.0451215
v -1.8186359 -0.1446299 0.0254821
v -1.8388331 -0.1693345 0.0065812
v -1.8374223 -0.1213700 0.0625863
v -1.8210731 -0.1445425 0.0456981
v -1.8238174 -0.1687544 0.0259582
v -1.8429993 -0.1932640 0.0070137
v -1.8339618 -0.1928252 0.0268757
v -1.8466210 -0.2171710 0.0078584
v -1.8193231 -0.1683719 0.0461863
v -1.8428449 -0.2168981 0.0277742
v -1.8469608 -0.2397308 0.0136239
v -1.8244605 -0.1924108 0.0466436
v -1.8444609 -0.2395006 0.0283810
v -1.8448922 -0.2559957 0.0285735
v -1.8356622 -0.2164566 0.0476812
v -1.8386081 -0.2391213 0.0482410
v -1.8434356 -0.0459380 0.2506919
v -1.8414679 -0.0696094 0.2510012
v -1.8236419 -0.0680103 0.2617863
v -1.8208197 -0.0915600 0.2621208
v -1.8382144 -0.0931610 0.2510794
v -1.8185452 -0.1153736 0.2625278
v -1.8335680 -0.1168388 0.2511224
v -1.8174335 -0.1389216 0.2628723
v -1.8323988 -0.1403494 0.2513993
v -1.8169894 -0.1625619 0.2632561
v -1.8333686 -0.1639913 0.2521453
v -1.8358118 -0.1879540 0.2528765
v -1.8171226 -0.1865261 0.2637330
v -1.8370249 -0.2119594 0.2534132
v -1.8168059 -0.2119283 0.2640143
v -1.8355718 -0.2346886 0.2484710
v -1.8155481 -0.2391519 0.2577956
v -1.8344690 -0.2514466 0.2341991
v -1.8146441 -0.2604254 0.2397714
v -1.8147767 -0.2690966 0.2160917
v -1.8332457 -0.2579912 0.2143246
v -1.8147187 -0.2698047 0.1962866
v -1.8325096 -0.2584493 0.1959879
v -1.8147019 -0.2701826 0.1779097
v -1.8333728 -0.2590184 0.1776392
v -1.8344679 -0.2596559 0.1591311
v -1.8154199 -0.2705986 0.1593672
v -1.8360351 -0.2602791 0.1407421
v -1.8158765 -0.2711123 0.1410427
v -1.8168398 -0.2714910 0.1226944
v -1.8368916 -0.2607403 0.1223669
v -1.8181851 -0.2720424 0.1042869
v -1.8371733 -0.2610873 0.1039892
v -1.8194553 -0.2727386 0.0857399
v -1.8372631 -0.2613549 0.0856035
v -1.8210073 -0.2732084 0.0672597
v -1.8379191 -0.2614214 0.0672008
v -1.8412236 -0.2617450 0.0487428
v -1.8233452 -0.2729590 0.0473359
v -1.8449366 -0.2559872 0.0285673
v -1.8255910 -0.2652331 0.0233222
v -1.8269051 -0.2446044 0.0045034
v -1.8255860 -0.2652510 0.0233376
v -1.8449195 -0.2559450 0.0285555
v -1.8469661 -0.2397058 0.0136296
v -1.8279317 -0.2179543 -0.0030009
v -1.8466532 -0.2171612 0.0078721
v -1.8274532 -0.1926500 -0.0045983
v -1.8280994 -0.1212964 -0.0063702
v -1.8267401 -0.1450478 -0.0060417
v -1.8271886 -0.1688616 -0.0056005
v -1.8394590 -0.1221458 0.0059475
v -1.8372689 -0.1455601 0.0061777
v -1.8434907 -0.0986902 0.0057203
v -1.8387950 -0.1693597 0.0066147
v -1.8296415 -0.0975577 -0.0063762
v -1.8471493 -0.0751353 0.0055064
v -1.8429775 -0.1932176 0.0070352
v -1.8306674 -0.0737083 -0.0061799
v -1.8507599 -0.0514820 0.0053053
v -1.8316020 -0.0484047 -0.0055712
v -1.8539268 -0.0290019 0.0104946
v -1.8342774 -0.0216538 0.0013644
v -1.8553924 -0.0125576 0.0253415
v -1.8367389 -0.0009705 0.0201230
v -1.8364292 0.0073602 0.0439775
v -1.8522779 -0.0063102 0.0454732
v -1.8346524 0.0079558 0.0639485
v -1.8499357 -0.0059940 0.0639552
v -1.8336616 0.0076886 0.0823054
v -1.8512093 -0.0059983 0.0822745
v -1.8325947 0.0067868 0.1007725
v -1.8547009 -0.0060075 0.1006069
v -1.8317580 0.0060493 0.1191002
v -1.8302844 0.0063369 0.1372228
v -1.8538079 -0.0046861 0.1556966
v -1.8290252 0.0077761 0.1553068
v -1.8475449 -0.0038684 0.1740128
v -1.8288056 0.0097655 0.1734865
v -1.8447872 -0.0030103 0.1920769
v -1.8279581 0.0106891 0.1918920
v -1.8460048 -0.0024778 0.2102865
v -1.8281592 0.0111100 0.2117280
v -1.8459028 -0.0079468 0.2304107
v -1.8277215 0.0040931 0.2359701
v -1.8452677 -0.0239366 0.2451936
v -1.8278695 -0.0163321 0.2549541
v -1.8261000 -0.0428245 0.2620263
v 1.1248779 0.1931205 0.2337387
v 1.1325807 0.1883174 0.1956303
v 1.1306728 0.1887643 0.1029373
v 1.1301349 0.1889534 0.0845104
v 1.1321517 0.1880975 0.1214889
v 1.0807839 0.1755444 0.1030496
v 1.1336693 0.1875965 0.1586255
v 1.0849574 0.1731181 0.1214530
v 1.1335840 0.1876057 0.1400344
v 1.0870868 0.1718957 0.1400010
v 1.0873531 0.1718282 0.1585603
v 1.1328369 0.1880503 0.1770488
v 1.0871472 0.1720803 0.1771132
v 1.0478572 0.1627792 0.1771686
v 1.0871603 0.1723020 0.1957044
v 1.1326907 0.1883076 0.2143666
v 1.0869396 0.1722859 0.2143363
v 1.0473270 0.1635068 0.1957418
v 1.0811878 0.1776664 0.2345841
v 1.0473178 0.1631616 0.1585930
v 1.0464481 0.1640871 0.2142991
v 0.3251102 0.0110797 0.0463267
v 0.3609222 0.0245006 0.0260134
v 0.3649736 0.0198266 0.0464072
v 0.4006734 0.0332543 0.0262024
v 0.3641216 0.0203671 0.0649999
v 0.3240045 0.0120054 0.0648827
v 0.4047838 0.0285724 0.0465655
v 0.4402326 0.0420150 0.0263831
v 0.4042628 0.0287053 0.0651356
v 0.4446175 0.0371475 0.0466513
v 0.4802548 0.0504119 0.0264466
v 0.3262307 0.0094066 0.0833321
v 0.2856570 0.0013055 0.0832661
v 0.3666114 0.0176810 0.0834407
v 0.4846690 0.0455585 0.0467177
v 0.5202812 0.0590053 0.0265381
v 0.4444368 0.0371508 0.0652416
v 0.4068508 0.0260067 0.0835213
v 0.5247144 0.0539669 0.0467845
v 0.5601394 0.0676675 0.0266333
v 0.4844934 0.0455986 0.0653062
v 0.4467984 0.0347138 0.0836149
v 0.5648866 0.0624134 0.0468157
v 0.6000545 0.0763051 0.0267138
v 0.5246674 0.0539515 0.0653684
v 0.4867120 0.0433120 0.0837498
v 0.6050694 0.0708529 0.0468481
v 0.6404607 0.0845758 0.0267991
v 0.5648770 0.0621999 0.0653566
v 0.5266783 0.0518646 0.0838640
v 0.6452033 0.0792307 0.0469819
v 0.6805799 0.0928795 0.0269203
v 0.6052607 0.0703494 0.0653818
v 0.5663867 0.0606633 0.0838815
v 0.6857576 0.0871875 0.0470153
v 0.7204270 0.1014553 0.0271761
v 0.6455473 0.0786643 0.0654966
v 0.6056760 0.0699281 0.0839750
v 0.7259157 0.0955316 0.0471359
v 0.7604072 0.1099688 0.0273982
v 0.6853767 0.0874518 0.0656011
v 0.7658725 0.1039589 0.0472934
v 0.8005645 0.1179772 0.0273653
v 0.7264834 0.0947206 0.0657613
v 0.8062959 0.1119187 0.0473417
v 0.8409683 0.1258978 0.0273513
v 0.7666142 0.1032773 0.0658846
v 0.8469574 0.1195316 0.0473294
v 0.8809731 0.1342800 0.0275399
v 0.8056217 0.1126898 0.0660114
v 0.8876834 0.1273750 0.0473769
v 0.9210501 0.1426770 0.0276181
v 0.8455700 0.1211428 0.0659465
v 0.8870128 0.1280074 0.0660538
v 0.9277903 0.1358433 0.0473447
v 0.9612232 0.1512013 0.0274464
v 0.9277087 0.1358762 0.0659813
v 0.9677553 0.1446175 0.0473513
v 1.0006116 0.1604510 0.0277486
v 0.9667102 0.1454295 0.0660297
v 1.0070526 0.1539187 0.0474724
v 1.0409747 0.1687243 0.0275353
v 1.0471541 0.1626142 0.0474535
v 1.0815232 0.1768433 0.0272039
v 1.0085441 0.1521583 0.0659765
v 1.0861800 0.1719464 0.0476529
v 1.1252151 0.1924020 0.0281984
v 1.0474104 0.1622121 0.0660550
v 1.1321306 0.1879268 0.0476047
v 1.1310844 0.1884315 0.0661065
v 1.0810869 0.1747862 0.0660135
v -1.8146587 -0.2604259 0.2397535
v -1.7743868 -0.2580915 0.2399198
v -1.8147873 -0.2690858 0.2160882
v -1.7742409 -0.2670896 0.2162192
v -1.7219208 -0.2481509 0.2342465
v -1.8147422 -0.2698091 0.1963037
v -1.7742183 -0.2682592 0.1963364
v -1.7215976 -0.2573282 0.2118504
v -1.8147080 -0.2701422 0.1779091
v -1.7745272 -0.2683400 0.1778574
v -1.7219856 -0.2577664 0.1929655
v -1.8153641 -0.2706444 0.1593238
v -1.7750389 -0.2682603 0.1593236
v -1.7212797 -0.2593442 0.1753142
v -1.6755841 -0.2505121 0.1959107
v -1.7757130 -0.2685119 0.1409536
v -1.6763167 -0.2498863 0.1773857
v -1.7225339 -0.2584101 0.1576886
v -1.6769016 -0.2497140 0.1588374
v -1.8158602 -0.2711077 0.1410152
v -1.7242282 -0.2572518 0.1401467
v -1.7769948 -0.2692238 0.1225155
v -1.8168267 -0.2714983 0.1226959
v -1.6769612 -0.2508263 0.1402928
v -1.8182119 -0.2720547 0.1043043
v -1.7784983 -0.2703857 0.1041328
v -1.7246427 -0.2587936 0.1225048
v -1.7248734 -0.2613344 0.1050537
v -1.8194711 -0.2727421 0.0857367
v -1.7795369 -0.2715376 0.0856426
v -1.7248359 -0.2652106 0.0877382
v -1.6771856 -0.2528310 0.1218530
v -1.6768308 -0.2588697 0.1039941
v -1.7273258 -0.2649910 0.0699968
v -1.6278698 -0.2528850 0.1035399
v -1.6272113 -0.2524713 0.1221215
v -1.6781361 -0.2589973 0.0851828
v -1.6316352 -0.2489291 0.0854611
v -1.6837184 -0.2543860 0.0672193
v -1.7812122 -0.2724257 0.0670594
v -1.7320106 -0.2622215 0.0514046
v -1.8210098 -0.2732416 0.0672302
v -1.6355416 -0.2461415 0.0671602
v -1.8233659 -0.2729926 0.0473511
v -1.8255415 -0.2652701 0.0233085
v -1.7865337 -0.2627714 0.0234373
v -1.7837685 -0.2715201 0.0471461
v -1.7367554 -0.2528985 0.0295049
v -1.6874898 -0.2530917 0.0489271
v -1.6909579 -0.2466147 0.0289251
v -1.6413114 -0.2433713 0.0283269
v -1.6378980 -0.2487748 0.0486555
v -1.5904236 -0.2399674 0.0278298
v -1.5873708 -0.2450597 0.0481960
v -1.5388456 -0.2366224 0.0273093
v -1.5849732 -0.2423550 0.0666991
v -1.5363881 -0.2416487 0.0475970
v -1.4874230 -0.2334552 0.0266810
v -1.5824762 -0.2424124 0.0849104
v -1.5343098 -0.2384914 0.0659362
v -1.4854728 -0.2387222 0.0470624
v -1.4370275 -0.2299587 0.0266084
v -1.4354664 -0.2353204 0.0469000
v -1.3867139 -0.2264767 0.0265759
v -1.4840512 -0.2370276 0.0655458
v -1.5325797 -0.2368318 0.0842568
v -1.5799965 -0.2449877 0.1031306
v -1.3852357 -0.2318901 0.0467777
v -1.3363381 -0.2231799 0.0264487
v -1.4339335 -0.2340356 0.0653740
v -1.4826056 -0.2347795 0.0838233
v -1.5311298 -0.2382712 0.1026120
v -1.3350626 -0.2288238 0.0466772
v -1.2870764 -0.2198602 0.0262865
v -1.3838099 -0.2311430 0.0653108
v -1.4324841 -0.2319518 0.0835618
v -1.4808158 -0.2348128 0.1019580
v -1.2857263 -0.2259285 0.0464618
v -1.2368156 -0.2163355 0.0262872
v -1.2353210 -0.2222203 0.0463910
v -1.3338114 -0.2274848 0.0651399
v -1.2844185 -0.2239456 0.0650987
v -1.2340809 -0.2214450 0.0649443
v -1.3825240 -0.2277351 0.0834665
v -1.3326673 -0.2254302 0.0835120
v -1.2834441 -0.2240715 0.0834822
v -1.2334373 -0.2219911 0.0833902
v -1.1838274 -0.2185505 0.0647879
v -1.4304284 -0.2311259 0.1014615
v -1.3807334 -0.2278011 0.1013775
v -1.4790423 -0.2338258 0.1199899
v -1.4285752 -0.2334751 0.1192949
v -1.3315220 -0.2275727 0.1016531
v -1.3787814 -0.2309016 0.1192872
v -1.4278244 -0.2324953 0.1375846
v -1.5294946 -0.2395846 0.1209357
v -1.2825061 -0.2253288 0.1019462
v -1.4783318 -0.2326383 0.1383044
v -1.5781782 -0.2462027 0.1216025
v -1.5291933 -0.2367486 0.1391913
v -1.5773709 -0.2454138 0.1401488
v -1.6274390 -0.2489525 0.1403268
v -1.6273642 -0.2459296 0.1586479
v -1.5782720 -0.2408552 0.1582843
v -1.5287818 -0.2353982 0.1579183
v -1.4783008 -0.2328186 0.1572535
v -1.6267403 -0.2459172 0.1771363
v -1.5777170 -0.2400335 0.1768510
v -1.5280973 -0.2377456 0.1763795
v -1.4784926 -0.2362986 0.1759723
v -1.6259169 -0.2472783 0.1956305
v -1.5766837 -0.2434672 0.1952471
v -1.5274743 -0.2401580 0.1948939
v -1.4779483 -0.2369921 0.1947364
v -1.4287430 -0.2321521 0.1945462
v -1.4778248 -0.2343719 0.2130409
v -1.4283213 -0.2309364 0.2130481
v -1.4779695 -0.2271300 0.2327548
v -1.4285695 -0.2331978 0.1757453
v -1.3796218 -0.2264229 0.1944256
v -1.5271099 -0.2382682 0.2133807
v -1.4281425 -0.2305544 0.1565631
v -1.3792547 -0.2288643 0.1757104
v -1.3307006 -0.2233981 0.1758049
v -1.3788580 -0.2269630 0.1565133
v -1.3300895 -0.2234116 0.1569262
v -1.2817042 -0.2181195 0.1572979
v -1.3782259 -0.2286179 0.1375011
v -1.3299898 -0.2235154 0.1379839
v -1.2815380 -0.2207668 0.1386575
v -1.2326919 -0.2148213 0.1386052
v -1.3302660 -0.2265077 0.1197749
v -1.2326529 -0.2189635 0.1203056
v -1.2820542 -0.2223161 0.1202419
v -1.2328198 -0.2221317 0.1019825
v -1.1836387 -0.2125931 0.1198747
v -1.1831095 -0.2117090 0.1385751
v -1.1275988 -0.2082119 0.1198900
v -1.1829740 -0.2175685 0.1018110
v -1.1832712 -0.2193746 0.0833387
v -1.1274209 -0.2109342 0.1013872
v -1.1272292 -0.2139019 0.0831191
v -1.1272534 -0.2160893 0.0646288
v -1.0711065 -0.2089711 0.0829680
v -1.0715303 -0.2050345 0.1011963
v -1.0714899 -0.2044639 0.1198316
v -1.0712117 -0.2084085 0.1382185
v -1.0157592 -0.2008411 0.1012172
v -1.0154799 -0.2009728 0.1198866
v -1.0151598 -0.2045395 0.1380981
v -0.9593189 -0.1992731 0.1197136
v -0.9595072 -0.1982992 0.1013352
v -1.0155263 -0.2045262 0.0829430
v -1.0153762 -0.2065943 0.0644781
v -0.9592834 -0.1990530 0.0827901
v -0.9028099 -0.1942231 0.0828257
v -0.9589635 -0.2018268 0.0644610
v -1.1836822 -0.1902134 0.2472776
v -0.9638399 -0.1747246 0.2476452
v -1.0156640 -0.1950474 0.2325993
v -0.9096722 -0.1708642 0.2472310
v -0.9609671 -0.1909552 0.2325217
v -0.8615696 -0.1657586 0.2475950
v -0.9065022 -0.1873476 0.2324325
v -1.0716354 -0.1991724 0.2326805
v -1.0153453 -0.1986362 0.2118763
v -0.9604842 -0.1956042 0.2119535
v -1.1269722 -0.2032460 0.2327088
v -1.0713917 -0.2026879 0.2118092
v -1.1264696 -0.2102001 0.2126357
v -1.1823800 -0.2066263 0.2324866
v -1.2309967 -0.2096966 0.2325495
v -1.1823572 -0.2131982 0.2125217
v -1.1266433 -0.2113754 0.1940697
v -1.0710717 -0.2060107 0.1937701
v -1.8268950 -0.2445570 0.0044929
v -1.8255873 -0.2652200 0.0233118
v -1.7865149 -0.2627455 0.0234591
v 0.8089331 0.1106479 0.1580012
v 0.8463945 0.1218241 0.1396182
v 0.8484507 0.1199302 0.1581141
v 0.8094775 0.1099120 0.1765780
v 0.8821065 0.1340287 0.1213365
v 0.8425292 0.1249348 0.1213119
v 0.8823778 0.1335971 0.1027676
v 0.9221646 0.1430199 0.1213770
v 0.8069634 0.1124500 0.1395896
v 0.7701030 0.1009022 0.1579684
v 0.7684006 0.1022538 0.1764377
v 0.8034252 0.1153874 0.1212808
v 0.7689237 0.1020885 0.1394108
v 0.7292208 0.0929401 0.1579058
v 0.7654490 0.1049877 0.1211330
v 0.8072761 0.1117799 0.1950590
v 0.8480638 0.1196610 0.1952605
v 0.8412259 0.1259727 0.1027751
v 0.8010187 0.1175758 0.1028421
v 0.8452951 0.1220560 0.2136116
v 0.7298673 0.0924581 0.1393388
v 0.8860097 0.1296895 0.2139771
v 0.7630867 0.1068855 0.1026848
v 0.7265568 0.0952271 0.1210309
v 0.6893993 0.0840559 0.1393629
v 0.7631066 0.1067167 0.0841535
v 0.7241279 0.0972340 0.1026927
v 0.6890708 0.0844734 0.1208752
v 0.6855733 0.0873602 0.1025625
v 0.6888569 0.0845066 0.1578447
v 0.7275137 0.0944603 0.1763001
v 0.6506269 0.0742786 0.1578794
v 0.7657223 0.1047966 0.1947859
v 0.6883146 0.0849679 0.1763099
v 0.7260283 0.0958755 0.1947087
v 0.8047288 0.1140100 0.2133245
v 0.7259085 0.0959797 0.2132289
v 0.6872742 0.0859546 0.1948072
v 0.6502838 0.0745646 0.1764456
v 0.7655313 0.1049528 0.2132795
v 0.7992566 0.1194817 0.2333273
v 0.7596264 0.1106741 0.2332962
v 0.8389083 0.1279674 0.2334661
v 0.8791642 0.1359107 0.2339091
v 0.9195480 0.1441153 0.2341973
v 0.9259502 0.1382806 0.2141199
v 0.9255041 0.1390967 0.1955060
v 0.9667234 0.1466606 0.1956532
v 0.9597022 0.1526253 0.2343017
v 0.9657645 0.1471908 0.2142154
v 1.0060076 0.1559299 0.2142063
v 1.0080157 0.1539694 0.1957946
v 1.0003426 0.1612652 0.2343476
v 1.0407081 0.1694755 0.2345308
v 0.7200066 0.1017850 0.2332703
v 0.6871307 0.0862737 0.2134137
v 0.6804029 0.0928631 0.2331673
v 0.6497881 0.0750469 0.1949390
v 0.6482851 0.0766025 0.2134978
v 0.6114627 0.0647631 0.1764453
v 0.6113285 0.0649183 0.1950701
v 0.6085774 0.0673556 0.2134832
v 0.5710185 0.0563380 0.1948772
v 0.6405797 0.0839919 0.2329209
v 0.5679251 0.0591242 0.2132329
v 0.6006231 0.0752874 0.2326485
v 0.5605251 0.0667236 0.2325877
v 0.5201716 0.0583717 0.2325274
v 0.5266133 0.0516244 0.2128289
v 0.5292283 0.0494591 0.1944797
v 0.5718218 0.0557039 0.1762820
v 0.5302798 0.0486130 0.1759523
v 0.6106777 0.0654531 0.1578437
v 0.4880188 0.0418289 0.1941220
v 0.4851424 0.0444122 0.2123542
v 0.5716378 0.0560091 0.1577036
v 0.6121976 0.0641700 0.1393057
v 0.5728225 0.0549077 0.1391872
v 0.6499712 0.0747897 0.1393422
v 0.6504417 0.0744856 0.1207797
v 0.6116658 0.0647117 0.1207135
v 0.6475776 0.0769410 0.1024139
v 0.6843902 0.0883308 0.0840474
v 0.5721272 0.0555547 0.1206282
v 0.6084477 0.0674192 0.1023376
v 0.6454245 0.0788180 0.0840148
v 0.5692989 0.0580203 0.1022525
v 0.7235887 0.0976381 0.0840996
v 0.8019721 0.1163476 0.0841951
v 0.8427229 0.1245085 0.0841944
v 0.8848640 0.1302957 0.0844433
v 0.9238930 0.1403928 0.1029001
v 0.9647378 0.1478090 0.1216049
v 0.9266619 0.1364432 0.0846461
v 0.9661998 0.1456494 0.1031538
v 1.0070769 0.1536299 0.1216800
v 0.9673381 0.1443377 0.0846151
v 1.0076991 0.1529316 0.1031534
v 1.0459202 0.1637621 0.1215497
v 1.0079224 0.1526961 0.0845860
v 1.0446487 0.1642333 0.1030666
v 1.0443504 0.1641733 0.0845019
v 1.0788588 0.1764569 0.0844767
v -0.9644962 -0.1797710 0.0105648
v -1.0205499 -0.1840478 0.0106477
v -1.0172496 -0.1997280 0.0257976
v -0.9609333 -0.1953191 0.0258181
v -0.9077605 -0.1755478 0.0105732
v -0.9040783 -0.1909287 0.0258523
v -0.8578822 -0.1701680 0.0104828
v -0.8537091 -0.1853138 0.0260076
v -0.8083126 -0.1646880 0.0105061
v -0.8035059 -0.1796670 0.0261795
v -0.7587909 -0.1590451 0.0107139
v -1.1844325 -0.2189473 0.0463240
v -1.1858985 -0.2129533 0.0261144
v -1.1290685 -0.2084417 0.0261117
v -1.1280615 -0.2143955 0.0461730
v -1.0728059 -0.2040630 0.0258558
v -1.0716282 -0.2102241 0.0459021
v -1.0172291 -0.1997639 0.0258134
v -1.0159780 -0.2054192 0.0459721
v -0.9609324 -0.1953040 0.0258618
v -1.0711332 -0.2110473 0.0645469
v -0.9594229 -0.2009109 0.0459491
v -0.9040599 -0.1909334 0.0258516
v -0.9025718 -0.1965077 0.0460592
v -0.8536876 -0.1853302 0.0260237
v -0.8523466 -0.1904939 0.0462578
v -0.8035527 -0.1796668 0.0261930
v -0.9026015 -0.1964258 0.0645242
v -0.8020826 -0.1847686 0.0464194
v -0.7535297 -0.1736950 0.0265549
v -0.8518686 -0.1918260 0.0646268
v -0.7519472 -0.1788632 0.0466974
v -0.7043740 -0.1680627 0.0269073
v -0.8017105 -0.1858389 0.0648611
v -0.7027851 -0.1716407 0.0473228
v -0.6538090 -0.1634217 0.0267504
v -0.7510677 -0.1816745 0.0650391
v -0.8519086 -0.1916262 0.0830590
v -0.8013652 -0.1866865 0.0833024
v -0.6525925 -0.1658706 0.0475257
v -0.6034418 -0.1583061 0.0267623
v -0.7010942 -0.1768074 0.0651237
v -0.7507493 -0.1821647 0.0835617
v -0.6017275 -0.1626833 0.0471263
v -0.5510918 -0.1508642 0.0268139
v -0.6504849 -0.1715983 0.0652956
v -0.5494472 -0.1547944 0.0472688
v -0.4996702 -0.1429995 0.0269050
v -0.6004912 -0.1651244 0.0654853
v -0.7006959 -0.1780276 0.0836965
v -0.6500112 -0.1730587 0.0838724
v -0.4977002 -0.1468137 0.0473974
v -0.4478441 -0.1358325 0.0268767
v -0.5488460 -0.1563017 0.0656492
v -0.5995574 -0.1673305 0.0839213
v -0.4454584 -0.1397336 0.0473816
v -0.3959847 -0.1286274 0.0268655
v -0.4965459 -0.1492541 0.0656608
v -0.5468582 -0.1601156 0.0840250
v 0.4511015 0.0305229 0.1017132
v 0.4902863 0.0398917 0.1019555
v 0.4137406 0.0190819 0.1199164
v 0.4533452 0.0282790 0.1201109
v 0.3743633 0.0097071 0.1382408
v 0.4142752 0.0185906 0.1384589
v 0.5300762 0.0487225 0.1020865
v 0.4934627 0.0369548 0.1202869
v 0.5332105 0.0458790 0.1204546
v 0.4541648 0.0274103 0.1386633
v 0.4937732 0.0365611 0.1388411
v 0.5335042 0.0455573 0.1389842
v 0.5319330 0.0470357 0.1574647
v 0.4920064 0.0382130 0.1573014
v 0.4521777 0.0293950 0.1570989
v 0.4886178 0.0417335 0.1755170
v 0.4121315 0.0205554 0.1568821
v 0.4478503 0.0337007 0.1751600
v 0.4472696 0.0338608 0.1938746
v 0.3719745 0.0119090 0.1566600
v 0.3347301 0.0004062 0.1380668
v 0.4078768 0.0247601 0.1749617
v 0.4067800 0.0256850 0.1935519
v 0.4430420 0.0381719 0.2116745
v 0.4795936 0.0502780 0.2323287
v 0.3676215 0.0161105 0.1746683
v 0.3321948 0.0028543 0.1564330
v 0.2950209 -0.0087714 0.1380116
v 0.2932351 -0.0068184 0.1565497
v 0.2543770 -0.0169540 0.1380898
v 0.3274743 0.0073890 0.1744296
v 0.3662437 0.0175087 0.1932207
v 0.2878705 -0.0017891 0.1744417
v 0.2532763 -0.0158152 0.1566984
v 0.2131602 -0.0244592 0.1382452
v 0.3259907 0.0090071 0.1929812
v 0.2489061 -0.0115989 0.1747809
v 0.2112270 -0.0225112 0.1566866
v 0.1721782 -0.0321956 0.1384059
v 0.2867014 -0.0003824 0.1930854
v 0.2108235 -0.0219170 0.1752942
v 0.1699195 -0.0295807 0.1568456
v 0.1316959 -0.0403541 0.1385609
v 0.2479096 -0.0101267 0.1934346
v 0.1701075 -0.0301516 0.1754568
v 0.1295381 -0.0380974 0.1570138
v 0.0908965 -0.0483155 0.1386962
v 0.2088716 -0.0197576 0.1937924
v 0.1282680 -0.0366596 0.1755380
v 0.0908025 -0.0480735 0.1572726
v 0.0488134 -0.0543771 0.1389793
v 0.1696551 -0.0292917 0.1940498
v 0.0878141 -0.0453056 0.1757071
v 0.0500138 -0.0560956 0.1574224
v 0.1281758 -0.0365859 0.1940573
v 0.0501419 -0.0561561 0.1760204
v 0.0092205 -0.0639700 0.1575895
v -0.0785674 -0.0735130 0.2333336
v -0.1188923 -0.0821239 0.2336081
v -0.1655204 -0.0900698 0.2338068
v -0.0727521 -0.0800628 0.2134013
v -0.0384070 -0.0647688 0.2331415
v -0.2078721 -0.1028691 0.2135217
v -0.2119128 -0.0978127 0.2339667
v -0.2550193 -0.1096072 0.2134961
v -0.2586459 -0.1050796 0.2339939
v -0.3025550 -0.1162380 0.2134017
v -0.3017960 -0.1164659 0.1949414
v -0.2693521 -0.0897646 0.2489927
v -0.3056269 -0.1122253 0.2339137
v -0.3495203 -0.1232091 0.2133846
v -0.3152810 -0.0974081 0.2493260
v -0.3520265 -0.1192788 0.2338847
v -0.3499911 -0.1212851 0.1948557
v -0.3482153 -0.1245461 0.1764779
v -0.3963891 -0.1296678 0.1761472
v -0.3968727 -0.1300045 0.2131208
v -0.3976387 -0.1278492 0.1946562
v -0.4486463 -0.1369777 0.1760444
v -0.4460602 -0.1413377 0.1579605
v -0.4987323 -0.1478240 0.1577970
v -0.5007551 -0.1447964 0.1760716
v -0.5513130 -0.1549478 0.1575530
v -0.4493817 -0.1361148 0.1946285
v -0.4491494 -0.1372566 0.2130586
v -0.3991182 -0.1266836 0.2336697
v -0.3615995 -0.1049177 0.2491410
v -0.5009590 -0.1449720 0.1945778
v -0.5534534 -0.1528249 0.1943474
v -0.4516178 -0.1331656 0.2334941
v -0.5534376 -0.1517349 0.1758293
v -0.5013573 -0.1447196 0.2130325
v -0.5541961 -0.1520663 0.2127873
v -0.6066099 -0.1604136 0.1940946
v -0.6043340 -0.1618657 0.1573978
v -0.6014607 -0.1657023 0.1393312
v -0.6063526 -0.1596145 0.1756239
v -0.6521910 -0.1714381 0.1390690
v -0.6511941 -0.1715348 0.1207409
v -0.7020618 -0.1751994 0.1205197
v -0.6582082 -0.1651473 0.1936787
v -0.6572350 -0.1651459 0.1751934
v -0.6581808 -0.1655954 0.2121848
v -0.6542092 -0.1694768 0.1572711
v -0.7044161 -0.1765136 0.1571632
v -0.7025023 -0.1777606 0.1388006
v -0.7524877 -0.1828371 0.1383999
v -0.3927313 -0.1336804 0.0471315
v -0.3497532 -0.1205959 0.0268361
v -0.4443197 -0.1421264 0.0656554
v -0.4952486 -0.1523605 0.0841084
v -0.3464243 -0.1254880 0.0471468
v -0.3038116 -0.1123118 0.0268534
v -0.3921765 -0.1344776 0.0656247
v -0.4434701 -0.1439604 0.0841157
v -0.3000548 -0.1174475 0.0471213
v -0.2579138 -0.1038673 0.0269995
v -0.3462067 -0.1255800 0.0656607
v -0.3913619 -0.1360619 0.0840980
v -0.2535594 -0.1094138 0.0470335
v -0.2118434 -0.0956946 0.0269264
v -0.2998413 -0.1173758 0.0656473
v -0.3450776 -0.1275309 0.0841339
v -0.2072453 -0.1012777 0.0469939
v -0.1655529 -0.0875799 0.0268267
v -0.2522681 -0.1110150 0.0654472
v -0.2984338 -0.1195171 0.0840854
v -0.3448883 -0.1281243 0.1026283
v -0.1606759 -0.0931461 0.0468969
v -0.1190630 -0.0795148 0.0266661
v -0.2060925 -0.1027214 0.0654139
v -0.2519052 -0.1114791 0.0840589
v -0.1141028 -0.0850634 0.0467664
v -0.0788360 -0.0709293 0.0265729
v -0.1595862 -0.0944204 0.0653828
v -0.0736358 -0.0767747 0.0466165
v -0.0382421 -0.0625373 0.0263756
v -0.1135867 -0.0856107 0.0652993
v -0.0333022 -0.0680270 0.0465841
v 0.0020945 -0.0539457 0.0263098
v -0.0732081 -0.0770209 0.0652117
v 0.0068339 -0.0593937 0.0465065
v 0.0422192 -0.0453131 0.0262212
v -0.0327485 -0.0687385 0.0650937
v 0.0468852 -0.0508284 0.0463938
v 0.0821309 -0.0366234 0.0260828
v 0.0068642 -0.0597472 0.0649914
v 0.0466817 -0.0509236 0.0649381
v 0.0869205 -0.0421945 0.0462792
v 0.1220822 -0.0279083 0.0259389
v 0.0867139 -0.0424018 0.0648486
v 0.1268732 -0.0334455 0.0461952
v 0.1620279 -0.0192638 0.0257448
v 0.1265531 -0.0336525 0.0647067
v 0.1665355 -0.0245740 0.0460936
v 0.2019198 -0.0106217 0.0256206
v 0.1657370 -0.0243275 0.0646798
v 0.2062796 -0.0157420 0.0459741
v 0.2416980 -0.0018732 0.0255861
v 0.2049043 -0.0149071 0.0646297
v 0.1657979 -0.0247260 0.0832703
v 0.1254388 -0.0330116 0.0833592
v 0.2459884 -0.0070279 0.0460286
v 0.2811904 0.0071097 0.0258545
v 0.2440960 -0.0055121 0.0646347
v 0.2055049 -0.0158471 0.0832584
v 0.2854135 0.0022481 0.0461714
v 0.3210938 0.0158062 0.0258747
v 0.2838535 0.0034593 0.0647212
v 0.2451101 -0.0067891 0.0832678
v 1.0459595 0.1643470 0.1400751
v 1.0073863 0.1543775 0.1770879
v 1.0061896 0.1556843 0.1586020
v 0.9648370 0.1492210 0.1771690
v 1.0055979 0.1560277 0.1401068
v 0.9640089 0.1499719 0.1586258
v 0.9634950 0.1501263 0.1400948
v 0.9239459 0.1409507 0.1770757
v 0.9232017 0.1418248 0.1585396
v 0.9215839 0.1434561 0.1400128
v 0.8861987 0.1302395 0.1768355
v 0.8863846 0.1297361 0.1953702
v 0.8862574 0.1305652 0.1582667
v 0.8480472 0.1200225 0.1766558
v 0.8836023 0.1326394 0.1398623
v -0.8127830 -0.1610182 0.2487979
v -0.7637680 -0.1558494 0.2486066
v -0.8097316 -0.1756411 0.2318719
v -0.7603233 -0.1701531 0.2318401
v -0.7601935 -0.1727297 0.2110142
v -0.7141940 -0.1506053 0.2485082
v -0.6644157 -0.1453042 0.2485064
v -0.7100618 -0.1650800 0.2322570
v -0.7095596 -0.1694797 0.2115826
v -0.7092829 -0.1689467 0.1931598
v -0.7596816 -0.1730964 0.1926145
v -0.7566798 -0.1783389 0.1745009
v -0.8045495 -0.1852898 0.1740853
v -0.7071005 -0.1724357 0.1750301
v -0.8020501 -0.1884409 0.1558715
v -0.8509537 -0.1934840 0.1553417
v -0.7535197 -0.1830113 0.1567516
v -0.8020849 -0.1863984 0.1378313
v -0.8512571 -0.1917131 0.1374477
v -0.9016114 -0.1961136 0.1375090
v -0.7523537 -0.1792808 0.1204171
v -0.8025321 -0.1839959 0.1201169
v -0.8522846 -0.1896258 0.1197808
v -0.8017517 -0.1856232 0.1017348
v -0.9024257 -0.1958367 0.1195962
v -0.9584980 -0.1999085 0.1379924
v -0.8522533 -0.1904900 0.1015692
v -0.9029375 -0.1939868 0.1014232
v -0.7517274 -0.1793650 0.1019163
v -0.7015007 -0.1750470 0.1020991
v -0.6508545 -0.1707063 0.1022516
v -0.6002694 -0.1658213 0.1024561
v -0.5476259 -0.1592605 0.1025758
v -0.6002898 -0.1665682 0.1209404
v -0.4956776 -0.1519732 0.1026590
v -0.5474580 -0.1601748 0.1211055
v -0.4431375 -0.1446978 0.1026085
v -0.5487866 -0.1585464 0.1394988
v -0.4956062 -0.1530116 0.1211106
v -0.3916686 -0.1358240 0.1026595
v -0.4432094 -0.1452444 0.1211540
v -0.3924332 -0.1354915 0.1211800
v -0.3464913 -0.1264532 0.1210983
v -0.3917225 -0.1366207 0.1396456
v -0.2999036 -0.1183381 0.1210894
v -0.4440235 -0.1444853 0.1397055
v -0.4963862 -0.1517880 0.1397233
v -0.3455181 -0.1277885 0.1396127
v -0.3932633 -0.1347872 0.1581602
v -0.3462305 -0.1272048 0.1581671
v -0.3006190 -0.1179869 0.1765341
v -0.3008275 -0.1175272 0.1580649
v -0.3003189 -0.1180984 0.1395655
v -0.2549653 -0.1082029 0.1395705
v -0.2542879 -0.1093608 0.1580623
v -0.2540659 -0.1091387 0.1210742
v -0.2087283 -0.1001222 0.1395815
v -0.2981994 -0.1200782 0.1026941
v -0.2526597 -0.1106627 0.1025828
v -0.2095326 -0.0991742 0.1209452
v -0.2071621 -0.1016265 0.1025039
v -0.1626122 -0.0912857 0.1209540
v -0.2058849 -0.1029990 0.0840530
v -0.1626013 -0.0912361 0.1022868
v -0.1605978 -0.0934426 0.0839080
v -0.1162686 -0.0829216 0.1022843
v -0.1155016 -0.0837391 0.0837706
v -0.0749038 -0.0756998 0.1022889
v -0.0751371 -0.0752768 0.0837437
v -0.0347586 -0.0668818 0.0836924
v -0.1149303 -0.0847152 0.1207773
v -0.0335485 -0.0686657 0.1021695
v 0.0055779 -0.0588450 0.0835603
v -0.0733732 -0.0777794 0.1207303
v 0.0075553 -0.0613227 0.1019933
v 0.0457160 -0.0503954 0.0835175
v -0.0321476 -0.0707157 0.1206926
v 0.0473714 -0.0525515 0.1019512
v 0.0855985 -0.0417350 0.0834484
v 0.0862348 -0.0428747 0.1020079
v 0.0075925 -0.0616482 0.1206000
v 0.0488103 -0.0545132 0.1204071
v 0.1267315 -0.0345587 0.1019111
v 0.0897036 -0.0467524 0.1202051
v 0.1678407 -0.0272354 0.1016587
v 0.1302716 -0.0387732 0.1199969
v 0.2079955 -0.0187628 0.1016280
v 0.1716196 -0.0314772 0.1198268
v 0.2485601 -0.0104089 0.1015494
v 0.2125276 -0.0236693 0.1196235
v 0.2897541 -0.0030051 0.1013037
v 0.2526731 -0.0150004 0.1195942
v 0.3310032 0.0043723 0.1011524
v 0.2936503 -0.0072912 0.1193876
v 0.3717520 0.0123817 0.1012826
v 0.3343094 0.0009046 0.1194402
v 0.4117123 0.0212757 0.1014821
v 0.3742378 0.0098525 0.1196765
v 0.0075577 -0.0617554 0.1391489
v -0.0322106 -0.0710925 0.1577809
v -0.0333994 -0.0693801 0.1392868
v -0.0732647 -0.0782866 0.1392692
v -0.0731950 -0.0786720 0.1578365
v -0.1133766 -0.0870543 0.1392199
v 0.0096524 -0.0646178 0.1761745
v -0.0723060 -0.0799199 0.1763373
v -0.1607111 -0.0943128 0.1392602
v -0.2066391 -0.1036807 0.1578497
v -0.1597302 -0.0958969 0.1578097
v -0.1138909 -0.0866739 0.1578438
v -0.1598326 -0.0959937 0.1763793
v -0.1135222 -0.0874586 0.1763796
v -0.2530898 -0.1116594 0.1765383
v -0.2062990 -0.1042011 0.1764880
v -0.0725518 -0.0799802 0.1948714
v -0.1132866 -0.0879789 0.1949308
v -0.1608757 -0.0946068 0.1949231
v -0.2080396 -0.1017390 0.1950088
v -0.2544078 -0.1100206 0.1950694
v -0.1608113 -0.0956247 0.2135207
v -0.1136297 -0.0880341 0.2134434
v -1.1825768 -0.2149585 0.1940481
v -1.1271241 -0.2091084 0.1754483
v -1.0157046 -0.1986204 0.1933992
v -1.0706741 -0.2092916 0.1753740
v -0.9598659 -0.1970994 0.1933371
v -1.0150913 -0.2021518 0.1750583
v -0.9054685 -0.1937601 0.2120881
v -0.9586067 -0.1999823 0.1747115
v -0.8580204 -0.1815454 0.2323252
v -0.9039050 -0.1961982 0.1930652
v -0.8570836 -0.1871474 0.2116863
v -0.8561658 -0.1876418 0.1925274
v -0.9020708 -0.1980467 0.1740629
v -0.8105494 -0.1765625 0.2107459
v -0.8528032 -0.1916706 0.1737341
v -0.8090070 -0.1787770 0.1921196
v -0.9011037 -0.1979400 0.1554377
v -0.9579831 -0.2017023 0.1561737
v -1.0149436 -0.2060723 0.1567440
v -1.0710820 -0.2062521 0.1567428
v -1.1268789 -0.2092547 0.1569048
v -1.1272175 -0.2121016 0.1384035
v -1.1829468 -0.2149350 0.1569992
v -1.1826047 -0.2162058 0.1754994
v -1.2322863 -0.2148483 0.1572732
v -1.2320120 -0.2194302 0.1755675
v -1.2315441 -0.2191081 0.1942461
v -1.2312179 -0.2161240 0.2125705
v -1.2812470 -0.2194135 0.1759459
v -1.2809451 -0.2224264 0.1944293
v -1.2801999 -0.2208422 0.2130157
v -1.2803044 -0.2136715 0.2327318
v -1.3299115 -0.2240868 0.2129596
v -1.3303463 -0.2234588 0.1944010
v -1.3789403 -0.2276547 0.2130592
v -1.3298384 -0.2177274 0.2331928
v -1.3790341 -0.2209594 0.2331457
v -1.2323774 -0.1939448 0.2477341
v -1.4285788 -0.2239890 0.2329304
v 0.4265602 0.0563055 0.2477485
v 0.4390240 0.0422329 0.2320861
v 0.3866488 0.0475716 0.2477951
v 0.4023041 0.0301775 0.2113687
v 0.3987241 0.0339213 0.2318653
v 0.3620146 0.0216788 0.2111411
v 0.3586625 0.0253963 0.2316326
v 0.3214721 0.0134770 0.2107958
v 0.2814197 0.0047226 0.2107355
v 0.3186601 0.0168711 0.2313474
v 0.3466015 0.0388794 0.2476969
v 0.2427027 -0.0051872 0.2110837
v 0.2790193 0.0079838 0.2313753
v 0.3065807 0.0301286 0.2474881
v 0.2064800 -0.0168729 0.2120456
v 0.1667489 -0.0261698 0.2122954
v 0.2397069 -0.0012562 0.2316167
v 0.2004476 -0.0105205 0.2318796
v 0.1609440 -0.0196909 0.2320590
v 0.2666188 0.0214508 0.2474318
v 0.1865802 0.0042001 0.2465264
v 0.2266171 0.0127980 0.2472413
v -0.2236999 -0.0810079 0.0118747
v -0.1778138 -0.0729244 0.0117834
v -0.2118395 -0.0957283 0.0268903
v -0.1655613 -0.0876153 0.0268022
v -0.1319648 -0.0649038 0.0116965
v 0.3875533 0.0475767 0.0109584
v 0.4401858 0.0419888 0.0263856
v 0.4272836 0.0562826 0.0110585
v 0.4802381 0.0504253 0.0264297
v -0.7095603 -0.1543062 0.0102121
v -0.6597671 -0.1492088 0.0103434
v -0.7043493 -0.1680596 0.0269355
v -0.7534908 -0.1737507 0.0265647
v -0.6538591 -0.1633905 0.0267722
v -0.6095507 -0.1439633 0.0107442
v -0.6034203 -0.1582860 0.0267640
v -0.5585679 -0.1363658 0.0107851
v -0.5510868 -0.1508844 0.0268335
v -0.5074334 -0.1288625 0.0108412
v -0.4996918 -0.1430468 0.0269151
v -0.4562358 -0.1216590 0.0108674
v -0.4478018 -0.1358423 0.0268715
v -0.4053457 -0.1141858 0.0112921
v -0.3959791 -0.1286625 0.0268351
v -0.3599311 -0.1058995 0.0114555
v -0.3497460 -0.1205952 0.0268081
v -0.3145980 -0.0975457 0.0116573
v -0.3037953 -0.1122884 0.0268440
v -0.2691017 -0.0892220 0.0118537
v -0.2579488 -0.1038799 0.0269534
v -0.6073547 -0.1597966 0.2125970
v -0.6088798 -0.1548693 0.2328613
v -0.5560399 -0.1476906 0.2332967
v -0.5034345 -0.1405759 0.2335282
v -0.6595596 -0.1602120 0.2326336
v -0.6142164 -0.1401049 0.2487365
v -0.5621977 -0.1330154 0.2491753
v -0.5106034 -0.1259466 0.2493678
v -0.4594213 -0.1189920 0.2493957
v -0.4079296 -0.1122832 0.2497011
v 0.0495746 -0.0555750 0.1945348
v 0.0095755 -0.0645418 0.1947446
v 0.0476620 -0.0536178 0.2130291
v 0.0874469 -0.0444318 0.2127977
v 0.0812864 -0.0378395 0.2325596
v 0.0881100 -0.0454939 0.1942568
v 0.1270654 -0.0352974 0.2125249
v 0.1212143 -0.0288041 0.2323888
v 0.0014887 -0.0557264 0.2328621
v -0.0323004 -0.0716254 0.2133824
v 0.0413774 -0.0467431 0.2326616
v 0.0078480 -0.0627483 0.2131927
v -0.0312812 -0.0725317 0.1948206
v -0.0319563 -0.0714647 0.1763250
v -1.1317227 -0.1924473 0.0110719
v -1.0757028 -0.1883501 0.0107584
v -1.1290510 -0.2084023 0.0260761
v -1.0727802 -0.2040266 0.0258885
v -1.1858869 -0.2129365 0.0261289
v -1.1880709 -0.1966999 0.0115038
v -1.2368256 -0.2163793 0.0263252
v -1.2391458 -0.2001137 0.0114454
v -1.2870782 -0.2198355 0.0263000
v -1.2895708 -0.2035094 0.0116208
v -1.3363332 -0.2231772 0.0264870
v -1.3388388 -0.2069353 0.0115739
v -1.3867289 -0.2264955 0.0265672
v -1.3892956 -0.2102456 0.0115756
v -1.4370369 -0.2299111 0.0265768
v -1.4396046 -0.2135763 0.0116931
v -1.4873774 -0.2334673 0.0266860
v -1.6756343 -0.2412355 0.2340632
v -1.6258546 -0.2377918 0.2337925
v -1.6752097 -0.2497802 0.2145404
v -1.6255059 -0.2459373 0.2141291
v -1.5764323 -0.2344715 0.2334545
v -1.5762395 -0.2422022 0.2137845
v -1.5271707 -0.2308898 0.2331170
v 1.0972716 0.2728936 0.0282451
v 1.0758286 0.2431494 0.0145874
v 1.0537198 0.2637949 0.0157739
v 1.0241165 0.2322539 0.0111660
v 1.0752305 0.2937852 0.0283836
v 0.9851888 0.2244164 0.0069300
v 1.0012046 0.2526469 0.0147554
v 1.0321641 0.2844722 0.0159408
v 1.0504838 0.3139920 0.0287445
v 0.9620805 0.2445225 0.0114942
v 0.9461881 0.2159793 0.0046753
v 0.9793974 0.2736977 0.0147736
v 1.0110500 0.3054081 0.0146922
v 1.0230502 0.3336483 0.0297472
v 0.9226009 0.2363518 0.0085756
v 0.9063433 0.2072927 0.0031051
v 0.9393566 0.2653091 0.0134595
v 0.9586481 0.2943623 0.0104732
v 0.9881235 0.3261119 0.0143810
v 0.9663723 0.3467261 0.0140665
v 0.9387422 0.3149252 0.0058021
v 0.9176474 0.2862170 0.0111084
v 0.8999070 0.2568363 0.0107764
v 0.8975965 0.3063441 0.0048482
v 0.8852002 0.2288733 0.0023774
v 0.8661320 0.1993169 0.0041402
v 0.8459687 0.2201849 -0.0002223
v 0.8611515 0.2487045 0.0068972
v 0.8776156 0.2776526 0.0098369
v 0.8377254 0.2692681 0.0083581
v 0.8566893 0.2983843 0.0066107
v 0.8171796 0.2901047 0.0043931
v 0.8359723 0.3193678 0.0038637
v 0.8764527 0.3277385 0.0035650
v 0.9169066 0.3360965 0.0057232
v 0.8560193 0.3491401 0.0055561
v 0.8966792 0.3575460 0.0067038
v 0.7575603 0.3033436 0.0018543
v 0.7407108 0.2741481 -0.0000263
v 0.7195296 0.2948926 0.0036422
v 0.7007574 0.3151373 0.0098808
v 0.7794962 0.2822791 0.0006914
v 0.7632635 0.2535639 -0.0017607
v 0.7382715 0.3237229 0.0078599
v 0.6813781 0.3355532 0.0139142
v 0.7964322 0.3112152 0.0029522
v 0.8011489 0.2615822 0.0020002
v 0.7201486 0.3438855 0.0132381
v 0.7763132 0.3324600 0.0055997
v 0.7851809 0.2328134 -0.0023652
v 0.7454274 0.2241854 -0.0031314
v 0.7665590 0.2030504 -0.0022445
v 0.7264074 0.1946803 -0.0015835
v 0.8231293 0.2409324 0.0022091
v 0.8065441 0.2115616 -0.0015455
v 0.7470150 0.1738330 0.0023686
v 0.7069451 0.1657839 0.0048567
v 0.7666889 0.1537686 0.0088100
v 0.8049256 0.1630708 0.0124350
v 0.8255146 0.1424698 0.0142921
v 0.7869605 0.1823181 0.0027880
v 0.8261653 0.1911354 0.0044750
v 0.8450688 0.1717227 0.0132622
v 0.8649602 0.1510622 0.0149542
v 0.8809976 0.1342896 0.0275401
v 0.8855451 0.1800000 0.0128283
v 0.9050392 0.1591942 0.0147852
v 0.9210387 0.1426777 0.0276344
v 0.9454337 0.1672098 0.0141047
v 0.9612147 0.1511617 0.0274400
v 1.0005861 0.1604802 0.0277201
v 0.9260398 0.1878616 0.0112058
v 0.9663144 0.1948193 0.0071260
v 0.9857664 0.1753640 0.0134164
v 1.0262437 0.1834512 0.0128908
v 1.0409523 0.1687169 0.0275589
v 1.0068248 0.2031684 0.0069061
v 1.0466933 0.2117272 0.0077971
v 1.0668651 0.1915506 0.0125058
v 1.0815188 0.1768254 0.0272193
v 1.1252119 0.1923753 0.0281585
v 1.1149115 0.2027627 0.0178316
v 1.1414692 0.2082357 0.0283245
v 1.0978087 0.2223813 0.0131679
v 1.1363849 0.2302081 0.0276047
v 1.1175959 0.2516528 0.0278367
v -1.8269155 -0.2445742 0.0044848
v -1.7865297 -0.2627842 0.0234250
v -1.7879991 -0.2416041 0.0053591
v -1.7367797 -0.2529071 0.0295226
v -1.7397974 -0.2320385 0.0134228
v -1.8279152 -0.2179197 -0.0029579
v -1.8274805 -0.1926570 -0.0046045
v -1.7878098 -0.2152963 -0.0024778
v -1.7419464 -0.2065607 0.0074556
v -1.7877122 -0.1902203 -0.0058145
v -0.9126434 -0.1539911 0.0038188
v -0.9645083 -0.1797848 0.0105500
v -0.9688556 -0.1580795 0.0040298
v -1.0205532 -0.1840973 0.0106461
v -0.9180763 -0.1305380 0.0025217
v -0.9077785 -0.1755294 0.0106200
v -0.8578700 -0.1701508 0.0104526
v -0.8635918 -0.1485840 0.0037705
v -0.8696926 -0.1252532 0.0029039
v -0.8147931 -0.1433126 0.0035911
v -0.8083194 -0.1646947 0.0105039
v -0.7587410 -0.1590531 0.0106940
v 0.8156399 0.3410212 0.0048276
v 0.7589952 0.3523193 0.0124020
v 0.7985274 0.3607404 0.0123146
v 0.8384774 0.3690121 0.0124028
v 0.8259562 0.3833570 0.0278375
v 0.8785569 0.3776266 0.0126126
v 0.7072099 0.3593239 0.0278013
v 0.6678548 0.3511249 0.0283232
v 0.6284983 0.3429518 0.0285630
v 0.9546279 0.3926600 0.0288883
v 0.8649383 0.3922618 0.0279205
v 0.9285635 0.3872049 0.0183158
v 0.9480960 0.3683808 0.0131937
v 0.9854924 0.3763363 0.0283577
v -0.3362982 -0.0041653 0.0013750
v -0.3112924 0.0247606 0.0066410
v -0.2928697 0.0036372 0.0033040
v -0.2308748 -0.0098329 0.0019637
v -0.2568757 -0.0394248 0.0027187
v -0.2742522 -0.0177688 0.0007085
v -0.2126035 -0.0314727 0.0026016
v -0.2396511 -0.0608987 0.0055238
v -0.2492619 0.0114420 0.0051216
v -0.2675864 0.0327118 0.0077412
v -0.1946602 -0.0528208 0.0053499
v -0.2237181 -0.0809692 0.0119194
v -0.1871429 -0.0021369 0.0038963
v -0.1778376 -0.0728928 0.0118049
v -0.1655674 -0.0875770 0.0268348
v -0.1681417 -0.0234943 0.0030208
v -0.1492793 -0.0449202 0.0054671
v -0.1319242 -0.0648506 0.0117314
v -0.1190777 -0.0795134 0.0266635
v -0.0788272 -0.0709307 0.0265595
v -0.0915929 -0.0562851 0.0116887
v -0.0382591 -0.0625637 0.0263774
v -0.1091593 -0.0362903 0.0053682
v -0.0513552 -0.0477314 0.0116364
v 0.0020710 -0.0539333 0.0262933
v -0.1279511 -0.0148543 0.0033764
v -0.0690013 -0.0276229 0.0057022
v -0.0108933 -0.0392543 0.0114168
v 0.0421943 -0.0452733 0.0261714
v 0.0290217 -0.0305715 0.0113902
v 0.0821648 -0.0366216 0.0261140
v -0.0289541 -0.0189967 0.0056751
v -0.0881438 -0.0061857 0.0045501
v -0.1471220 0.0066084 0.0038523
v 0.0689355 -0.0218693 0.0112819
v 0.1220432 -0.0279380 0.0259475
v 0.0111409 -0.0103975 0.0055537
v -0.0481182 0.0024336 0.0050991
v -0.1074731 0.0151881 0.0061709
v 0.1087914 -0.0132006 0.0111306
v 0.1620092 -0.0192588 0.0257580
v 0.0509107 -0.0016735 0.0055163
v -0.0084779 0.0111098 0.0051894
v -0.0674406 0.0239106 0.0054863
v 0.1486115 -0.0045132 0.0108867
v 0.2019632 -0.0105950 0.0256301
v 0.0906047 0.0069896 0.0054324
v 0.0316613 0.0197688 0.0051299
v -0.0276815 0.0325202 0.0056121
v 0.1884759 0.0041784 0.0107504
v 0.2416897 -0.0018846 0.0255714
v 0.1303415 0.0157659 0.0054342
v 0.0712934 0.0284246 0.0047956
v 0.0124169 0.0412490 0.0056425
v 0.2281689 0.0129756 0.0107911
v 0.2811910 0.0071319 0.0258496
v 0.1700159 0.0244751 0.0055078
v 0.1109246 0.0371712 0.0050284
v 0.0519467 0.0499515 0.0046997
v 0.2679025 0.0216484 0.0108458
v 0.3210990 0.0158232 0.0259166
v 0.2096175 0.0332383 0.0055101
v 0.1504755 0.0459322 0.0054048
v 0.0914995 0.0586001 0.0040104
v 0.3078321 0.0302946 0.0107491
v 0.3609617 0.0245345 0.0260145
v 0.2493541 0.0419112 0.0054330
v 0.1899861 0.0546376 0.0058608
v 0.1310361 0.0672689 0.0029973
v 0.3477721 0.0389532 0.0108264
v 0.4006768 0.0332728 0.0261921
v 0.2891963 0.0504832 0.0052983
v 0.2298500 0.0632910 0.0060354
v 0.1706613 0.0759510 0.0033110
v 0.3875330 0.0476020 0.0109346
v 0.4402348 0.0419675 0.0263978
v 0.3288128 0.0590513 0.0052397
v 0.2693957 0.0718684 0.0062579
v 0.2100959 0.0845072 0.0038905
v 0.4272746 0.0562620 0.0110632
v 0.4802500 0.0504522 0.0264255
v 0.3687071 0.0675976 0.0051616
v 0.3091066 0.0804693 0.0059750
v 0.2497092 0.0932204 0.0044160
v 0.4668546 0.0650453 0.0113836
v 0.5203250 0.0589984 0.0265174
v 0.4084456 0.0762716 0.0051692
v 0.3487314 0.0890283 0.0058409
v 0.2893868 0.1017703 0.0041031
v 0.5068437 0.0737126 0.0115904
v 0.5601608 0.0676530 0.0266110
v 0.4480285 0.0850698 0.0060805
v 0.3885857 0.0975421 0.0045281
v 0.3291050 0.1102435 0.0030696
v 0.5466352 0.0823810 0.0117417
v 0.6000791 0.0762650 0.0267126
v 0.4878969 0.0937441 0.0061769
v 0.4280954 0.1063230 0.0061543
v 0.3687589 0.1188344 0.0029479
v 0.5867190 0.0910243 0.0119481
v 0.6404168 0.0845777 0.0268253
v 0.5277330 0.1023021 0.0060968
v 0.4679657 0.1150314 0.0057310
v 0.4084913 0.1274741 0.0030881
v -0.5063482 0.0400784 0.0025204
v -0.5590612 0.0567465 0.0067189
v -0.5179251 0.0622232 0.0081965
v -0.5294636 0.0840038 0.0112063
v -0.4786147 0.0687576 0.0103458
v -0.4664282 0.0471655 0.0034980
v -0.4533425 0.0247088 -0.0003112
v -0.4943299 0.0174837 -0.0012812
v -0.4261308 0.0540095 0.0061034
v -0.4390132 0.0757800 0.0112870
v -0.4123781 0.0315834 0.0034101
v -0.4387382 0.0023981 -0.0019321
v -0.3974962 0.0093782 0.0022939
v -0.3852170 0.0611939 0.0087211
v -0.3990558 0.0831590 0.0114667
v -0.3707474 0.0387905 0.0075775
v -0.3545914 0.0169363 0.0052940
v -0.4222820 -0.0195634 -0.0029759
v -0.3796480 -0.0119398 -0.0010104
v -0.4806525 -0.0048096 -0.0023152
v -0.5246703 -0.0112543 0.0006952
v -0.5103697 -0.0336035 0.0015103
v -0.5556725 -0.0402476 0.0063529
v -0.4649235 -0.0270836 -0.0013672
v -0.5434498 -0.0629309 0.0065861
v -0.6019752 -0.0469148 0.0082964
v -0.4954471 -0.0556089 0.0048879
v -0.4485598 -0.0489045 0.0017193
v -0.4824214 -0.0783132 0.0040779
v -0.5908612 -0.0697728 0.0077991
v -0.6489350 -0.0537136 0.0081467
v -0.6390988 -0.0766488 0.0078258
v -0.5316911 -0.0854150 0.0029922
v -0.5804759 -0.0923802 0.0034487
v -0.6291268 -0.0995393 0.0069667
v -0.6778945 -0.1045565 0.0049174
v -0.5189087 -0.1079859 0.0039415
v -0.5690495 -0.1151807 0.0042687
v -0.6683894 -0.1274879 0.0041632
v -0.7174718 -0.1329388 0.0030273
v -0.6192019 -0.1222846 0.0046591
v -0.7095269 -0.1543053 0.0102404
v -0.6597786 -0.1492439 0.0103420
v -0.6095600 -0.1439814 0.0107861
v -0.5585239 -0.1363699 0.0107882
v -0.5073880 -0.1288425 0.0108180
v -0.4689334 -0.1006956 0.0042391
v -0.4562405 -0.1216609 0.0109044
v -0.4337758 -0.0711065 0.0042298
v -0.4190118 -0.0934282 0.0047538
v -0.4053358 -0.1141797 0.0112757
v -0.3599201 -0.1058479 0.0114645
v -0.3743906 -0.0852177 0.0053085
v -0.3145804 -0.0975300 0.0116844
v -0.3896009 -0.0631184 0.0035355
v -0.3295183 -0.0770732 0.0054605
v -0.2690794 -0.0892235 0.0118547
v -0.2845555 -0.0689689 0.0053079
v -0.3451991 -0.0554433 0.0018087
v -0.4054346 -0.0414852 -0.0011670
v -0.3616243 -0.0337293 -0.0015903
v -0.3009056 -0.0474513 0.0019184
v -0.3177383 -0.0257171 -0.0006854
v 0.1718216 0.1788068 0.0006735
v 0.2309751 0.1658053 -0.0008241
v 0.1912386 0.1572516 -0.0009516
v 0.1322918 0.1702379 0.0015515
v 0.2115773 0.1870296 0.0019771
v 0.2503515 0.1947971 0.0065915
v 0.1133018 0.1916418 0.0046428
v 0.1926454 0.2080540 0.0061080
v 0.2323263 0.2167063 0.0059065
v 0.1757549 0.2277303 0.0130473
v 0.1532345 0.1994029 0.0064469
v 0.1358099 0.2191803 0.0131087
v 0.0958976 0.2111562 0.0122215
v 0.0828475 0.2253325 0.0274713
v 0.0562760 0.2029345 0.0116552
v 0.0737812 0.1832130 0.0046344
v 0.0930114 0.1617742 0.0025886
v 0.0165649 0.1948499 0.0111565
v 0.0342222 0.1747777 0.0046334
v 0.0538685 0.1531936 0.0050446
v -0.0226820 0.1863415 0.0110608
v -0.0046775 0.1661136 0.0053785
v 0.0147606 0.1447055 0.0055040
v -0.0441513 0.1573852 0.0059519
v -0.0246899 0.1359188 0.0061986
v -0.0622260 0.1778017 0.0110127
v -0.0754689 0.1925920 0.0259104
v -0.3196230 0.0976726 0.0105424
v -0.2619091 0.0836903 0.0099564
v -0.3024862 0.0760670 0.0099066
v -0.2853127 0.0543026 0.0101669
v -0.3594834 0.0903773 0.0107047
v -0.3439250 0.0685026 0.0097318
v -0.4141001 0.1047651 0.0128340
v -0.3756327 0.1115029 0.0132607
v -0.3886818 0.1286988 0.0256325
v -0.3281573 0.0464679 0.0094422
v -0.3369404 0.1188412 0.0127694
v -0.3505304 0.1355777 0.0258768
v -0.2432306 0.0620478 0.0097013
v -0.3119841 0.1422446 0.0260601
v -0.2978976 0.1258405 0.0128745
v -0.2804420 0.1051869 0.0093193
v -0.2248844 0.0406274 0.0067526
v -0.2037169 0.0708245 0.0079450
v -0.2061690 0.0192097 0.0054853
v -0.1662357 0.0279639 0.0050672
v -0.1853792 0.0494227 0.0050948
v -0.1265233 0.0366294 0.0062939
v -0.1455501 0.0580691 0.0049010
v -0.0867834 0.0453071 0.0070954
v -0.0469603 0.0539800 0.0057617
v -0.1060384 0.0667723 0.0054862
v -0.1643635 0.0795994 0.0061371
v -0.2221245 0.0923753 0.0096056
v -0.0073339 0.0626649 0.0057177
v -0.0662688 0.0754423 0.0052696
v -0.2410838 0.1138422 0.0083322
v -0.1827946 0.1010664 0.0087489
v -0.2590705 0.1345843 0.0123548
v -0.1246395 0.0883405 0.0056197
v -0.2016524 0.1225318 0.0079255
v -0.1434136 0.1097735 0.0082535
v -0.0851266 0.0969442 0.0064524
v -0.1624164 0.1312490 0.0075774
v -0.0267483 0.0840654 0.0039353
v -0.1038457 0.1183965 0.0082778
v -0.0457552 0.1056299 0.0048431
v 0.0326369 0.0714233 0.0043718
v 0.0133725 0.0928890 0.0033872
v 0.0720641 0.0800623 0.0032285
v 0.1117011 0.0887991 0.0039736
v 0.0528240 0.1015984 0.0033347
v -0.0057447 0.1144608 0.0038366
v -0.0645400 0.1271111 0.0069678
v 0.1511390 0.0973792 0.0030002
v 0.0922250 0.1102310 0.0027397
v 0.0337770 0.1230709 0.0049415
v 0.1906600 0.1058592 0.0018756
v 0.1317978 0.1188551 0.0034815
v 0.0731019 0.1317353 0.0046633
v 0.2303301 0.1144052 0.0012958
v 0.2698824 0.1228605 0.0003753
v 0.1715237 0.1273947 0.0029969
v 0.2108034 0.1358636 0.0006872
v 0.2503317 0.1442299 -0.0014099
v 0.1128203 0.1403630 0.0048585
v 0.1524759 0.1488673 0.0033400
v -0.7424324 0.0727744 0.0241907
v -0.7849106 0.0678257 0.0247565
v -0.7374675 0.0560703 0.0101486
v -0.6942299 0.0606314 0.0102687
v -0.7805002 0.0509517 0.0106661
v -0.7301490 0.0333160 0.0070046
v -0.8266473 0.0635321 0.0248765
v -0.7736637 0.0284959 0.0070300
v -0.6862942 0.0382041 0.0077272
v -0.8226122 0.0462507 0.0112672
v -0.7221551 0.0102885 0.0112850
v -0.6437834 0.0444437 0.0070776
v -0.6523196 0.0667078 0.0099245
v -0.6012328 0.0505733 0.0069373
v -0.6112219 0.0726133 0.0098803
v -0.5905629 0.0277903 0.0068398
v -0.6338783 0.0215136 0.0072203
v -0.6774505 0.0152707 0.0094097
v -0.5483408 0.0340417 0.0033474
v -0.5796329 0.0049872 0.0062885
v -0.5367379 0.0112342 0.0025530
v -0.6232572 -0.0013649 0.0085601
v -0.5680335 -0.0177462 0.0054202
v -0.6681714 -0.0077572 0.0090398
v -0.6124428 -0.0240526 0.0089476
v -0.7134088 -0.0127590 0.0101785
v -0.6585450 -0.0307423 0.0089941
v -0.7046252 -0.0357106 0.0091427
v -0.6958948 -0.0587531 0.0092845
v -0.7506339 -0.0407725 0.0067078
v -0.7427694 -0.0640128 0.0092487
v -0.6869151 -0.0817092 0.0076071
v -0.7344518 -0.0869990 0.0068996
v -0.7808380 -0.0919006 0.0050668
v -0.7258703 -0.1097303 0.0033694
v -0.7881891 -0.0687919 0.0069200
v -0.7732432 -0.1149246 0.0015176
v -0.8348395 -0.0738389 0.0057339
v -0.8283496 -0.0970408 0.0046648
v -0.7657162 -0.1381969 0.0032986
v -0.8218037 -0.1202538 0.0032227
v -0.8755209 -0.1018465 0.0015984
v -0.8817287 -0.0788237 0.0044821
v -0.9231105 -0.1071418 0.0051304
v -0.9281751 -0.0837506 0.0039829
v -0.8871583 -0.0556243 0.0070423
v -0.9327795 -0.0603012 0.0044788
v -0.8413936 -0.0507294 0.0078522
v -0.7954980 -0.0456733 0.0089787
v -0.8924181 -0.0322189 0.0077564
v -0.9376237 -0.0369338 0.0070021
v -0.8476706 -0.0275541 0.0109700
v -0.8025321 -0.0225095 0.0099784
v -0.7584037 -0.0177025 0.0105437
v -0.7662287 0.0054219 0.0088100
v -0.8093611 0.0007634 0.0083045
v -0.8164509 0.0239155 0.0073246
v -0.8536400 -0.0040729 0.0083120
v -0.8595262 0.0189992 0.0087571
v -0.8649522 0.0417132 0.0113500
v -0.8680841 0.0595059 0.0244910
v -0.8977540 -0.0088263 0.0084727
v -0.9028282 0.0143927 0.0088531
v -0.9068634 0.0372506 0.0112569
v -0.9089057 0.0550079 0.0244562
v -0.9420594 -0.0133567 0.0074601
v -0.9460803 0.0101349 0.0083132
v -0.9491252 0.0327764 0.0112314
v -0.9505415 0.0508096 0.0235390
v -0.9995152 0.0289012 0.0111833
v -0.9939206 -0.0171746 0.0053238
v -0.9999763 0.0470743 0.0231170
v -0.9969461 0.0061796 0.0084083
v -1.0495797 0.0437049 0.0225701
v -1.0496705 0.0250807 0.0112695
v -1.0481044 0.0022698 0.0090592
v -1.0999682 0.0401565 0.0228641
v -1.0994764 0.0216322 0.0113017
v -1.1500869 0.0368823 0.0240569
v -1.0983153 -0.0012936 0.0091449
v -1.0455971 -0.0209504 0.0058358
v -1.1501802 0.0179590 0.0119854
v -1.0964983 -0.0245802 0.0060213
v -1.2005187 0.0341274 0.0244030
v -1.1492798 -0.0052925 0.0112518
v -1.2010083 0.0139140 0.0132206
v -1.1469604 -0.0287450 0.0110937
v -1.0932457 -0.0485779 0.0071465
v -1.2003475 -0.0091684 0.0126562
v -1.2506305 0.0106420 0.0137387
v -1.1986787 -0.0327740 0.0118410
v -1.0425769 -0.0445732 0.0031289
v -1.1456028 -0.0525194 0.0075961
v -0.9898006 -0.0406506 0.0032934
v -1.0390306 -0.0682041 0.0034201
v -0.9859527 -0.0640785 0.0026655
v -1.0907722 -0.0722270 0.0060355
v -1.0361045 -0.0918003 0.0019334
v -0.9819012 -0.0876101 0.0014172
v -1.0880499 -0.0958627 0.0052387
v -0.9778147 -0.1111501 0.0035880
v -1.0320842 -0.1153735 0.0029134
v -1.0854309 -0.1194965 0.0048647
v -1.1432563 -0.0762203 0.0081902
v -1.1410941 -0.0998412 0.0077814
v -1.1977585 -0.0563691 0.0075397
v -1.1963128 -0.0801351 0.0091669
v -1.1393703 -0.1234651 0.0058384
v -1.0823671 -0.1430488 0.0024926
v -1.1949675 -0.1038466 0.0085438
v -1.1935473 -0.1274633 0.0060412
v -1.2466401 -0.0832808 0.0073306
v -1.2457434 -0.1069812 0.0071294
v -1.2442490 -0.1306333 0.0058496
v -1.1371427 -0.1469892 0.0029910
v -1.2427675 -0.1542935 0.0048282
v -1.1921186 -0.1510200 0.0035693
v -1.1345494 -0.1705778 0.0048989
v -1.2411274 -0.1779608 0.0059633
v -1.1900066 -0.1746796 0.0054849
v -1.1316926 -0.1924469 0.0111284
v -1.0790568 -0.1665801 0.0040538
v -1.0283988 -0.1389464 0.0022554
v -0.9733357 -0.1346230 0.0022256
v -1.0244754 -0.1624009 0.0038235
v -1.0757302 -0.1882992 0.0107278
v -1.1859293 -0.2129359 0.0261310
v -1.1880426 -0.1967506 0.0115455
v -1.2367884 -0.2163832 0.0263124
v -1.2391605 -0.2001419 0.0114510
v -1.2870884 -0.2198571 0.0263288
v -1.2895880 -0.2035374 0.0116207
v -1.3363117 -0.2231551 0.0264889
v -1.3388385 -0.2069370 0.0116033
v -1.2916857 -0.1813781 0.0057734
v -1.3892650 -0.2102371 0.0115709
v -1.3407096 -0.1845347 0.0061907
v -1.2933796 -0.1575705 0.0055117
v -1.3422488 -0.1607770 0.0063833
v -1.3912539 -0.1877442 0.0065389
v -1.4395919 -0.2135712 0.0116736
v -1.4873870 -0.2334542 0.0266776
v -1.2946569 -0.1339110 0.0062821
v -1.3436784 -0.1370765 0.0067077
v -1.3925517 -0.1639511 0.0077275
v -1.4418558 -0.1908920 0.0070656
v -1.4903887 -0.2166926 0.0121455
v -1.5388358 -0.2366135 0.0273174
v -1.5421432 -0.2197938 0.0128009
v -1.5904571 -0.2399608 0.0278280
v -1.4931106 -0.1938698 0.0079577
v -1.4434955 -0.1671483 0.0092869
v -1.3941356 -0.1402518 0.0080633
v -1.5940202 -0.2230460 0.0134479
v -1.6413572 -0.2434256 0.0283571
v -1.5450089 -0.1969167 0.0089578
v -1.3450124 -0.1133940 0.0061987
v -1.6449703 -0.2260801 0.0143299
v -1.6909547 -0.2466276 0.0289368
v -1.5967234 -0.1999559 0.0098530
v -1.6941127 -0.2288223 0.0154336
v -1.6473441 -0.2030407 0.0110340
v -1.6967891 -0.2059369 0.0122860
v -1.5980409 -0.1763877 0.0132132
v -1.5465383 -0.1732613 0.0119239
v -1.4948191 -0.1701771 0.0109838
v -1.4448234 -0.1434133 0.0110159
v -1.4961638 -0.1464767 0.0128644
v -1.5476970 -0.1495857 0.0143971
v -1.4963749 -0.1226443 0.0132098
v -1.3953840 -0.1164714 0.0075449
v -1.5480654 -0.1256040 0.0144549
v -1.4456852 -0.1195950 0.0102689
v -1.4957474 -0.0988189 0.0128635
v -1.5471803 -0.1020221 0.0120397
v -1.4462870 -0.0958846 0.0080026
v -1.3959690 -0.0927679 0.0060162
v -1.3459812 -0.0895875 0.0062950
v -1.4955128 -0.0750408 0.0120458
v -1.4459717 -0.0719748 0.0085985
v -1.3963175 -0.0688782 0.0067149
v -1.2958242 -0.1101987 0.0061931
v -1.2968768 -0.0865524 0.0077643
v -1.3464999 -0.0657915 0.0065178
v -1.2975025 -0.0627889 0.0080003
v -1.2477667 -0.0595362 0.0082916
v -1.2979196 -0.0389155 0.0104739
v -1.2489116 -0.0358447 0.0094524
v -1.2506401 -0.0127853 0.0147247
v -1.2994638 -0.0157560 0.0138267
v -1.3474237 -0.0422988 0.0099805
v -1.3477844 -0.0183716 0.0113610
v -1.3035690 0.0071799 0.0137874
v -1.3036417 0.0298949 0.0233642
v -1.3446861 0.0065823 0.0102991
v -1.3972006 -0.0453122 0.0090556
v -1.3975146 -0.0213916 0.0096231
v -1.3965026 0.0047387 0.0090937
v -1.4463729 -0.0482485 0.0105338
v -1.4473251 -0.0243569 0.0092614
v -1.4481901 -0.0002518 0.0103966
v -1.4968891 -0.0275367 0.0074986
v -1.4961286 -0.0513019 0.0110167
v -1.4976395 -0.0028755 0.0088419
v -1.5463716 -0.0305870 0.0061322
v -1.4486785 0.0191973 0.0246084
v -1.5451094 -0.0546267 0.0070599
v -1.5460037 -0.0781598 0.0107674
v -1.5945119 -0.0578310 0.0051786
v -1.5937812 -0.0815828 0.0047063
v -1.5942587 -0.1056506 0.0051798
v -1.5961983 -0.0341727 0.0078019
v -1.5980188 -0.1288351 0.0105176
v -1.6429687 -0.0850808 0.0021775
v -1.5988132 -0.1524656 0.0141831
v -1.6418270 -0.1088950 0.0001284
v -1.6437066 -0.1328169 0.0031207
v -1.6480670 -0.1553473 0.0104567
v -1.6485137 -0.1793486 0.0143038
v -1.6972407 -0.1824013 0.0100697
v -1.6937224 -0.1589869 0.0042405
v -1.6899310 -0.1360742 -0.0025686
v -1.6898417 -0.1120621 -0.0032115
v -1.7355081 -0.1610506 -0.0035064
v -1.7373791 -0.1832083 0.0011729
v -1.6926108 -0.0892335 0.0036537
v -1.7345860 -0.1383707 -0.0070163
v -1.7354195 -0.1158526 -0.0052433
v -1.7376430 -0.0938680 -0.0005130
v -1.7891373 -0.1187912 -0.0094426
v -1.7881088 -0.1426799 -0.0096761
v -1.7881415 -0.1665370 -0.0085186
v -1.8281112 -0.1213189 -0.0063756
v -1.8267784 -0.1450460 -0.0060587
v -1.8272163 -0.1688525 -0.0055600
v -1.8296153 -0.0975736 -0.0063871
v -1.7895113 -0.0948563 -0.0080097
v -1.8306677 -0.0737251 -0.0062131
v -1.7404732 -0.0716343 0.0033545
v -1.8316234 -0.0484268 -0.0055616
v -1.7897589 -0.0710322 -0.0060793
v -1.6938834 -0.0655325 0.0074056
v -1.7427472 -0.0477060 0.0060673
v -1.7909134 -0.0457236 -0.0043886
v -1.8342864 -0.0216243 0.0013597
v -1.7938271 -0.0192121 0.0025388
v -1.7432238 -0.0219869 0.0113210
v -1.6961136 -0.0420688 0.0107793
v -1.6442202 -0.0614781 0.0058924
v -1.6454090 -0.0382029 0.0101842
v -1.6965896 -0.0192321 0.0147699
v -1.6468318 -0.0154255 0.0138325
v -1.5971783 -0.0113493 0.0121350
v -1.6963808 -0.0003936 0.0269810
v -1.6467402 0.0031867 0.0263198
v -1.5473061 -0.0068701 0.0103004
v -1.5972121 0.0063288 0.0259449
v -1.5478578 0.0125356 0.0240894
v -1.4981934 0.0156601 0.0244443
v -1.7432477 0.0001270 0.0263909
v -1.7969086 0.0022109 0.0201987
v -0.4269589 0.1219851 0.0253849
v -0.4642489 0.1154411 0.0246072
v -0.5020716 0.1085596 0.0240392
v -0.4527252 0.0977345 0.0125176
v -0.5396289 0.1014755 0.0236560
v -0.4908744 0.0908908 0.0117734
v -0.5785152 0.0955121 0.0234770
v -0.6185434 0.0900904 0.0228643
v -0.5699085 0.0785217 0.0104212
v -0.6591874 0.0839936 0.0233863
v -0.6999907 0.0779955 0.0236392
v 0.6269818 0.0992953 0.0119078
v 0.6805746 0.0928357 0.0269230
v 0.5679680 0.1107638 0.0059908
v 0.5079207 0.1234077 0.0047418
v 0.4482689 0.1357832 0.0005234
v 0.6669077 0.1078134 0.0122630
v 0.7204240 0.1014578 0.0271758
v 0.6079110 0.1192209 0.0062807
v 0.5478333 0.1319040 0.0045396
v 0.4881730 0.1443883 0.0009394
v 0.5875693 0.1403922 0.0052837
v 0.7069208 0.1163603 0.0124997
v 0.6478685 0.1277126 0.0066688
v 0.7603847 0.1099838 0.0273672
v 0.5274428 0.1531311 0.0039231
v 0.7466655 0.1249051 0.0127527
v 0.8005499 0.1180098 0.0273462
v 0.6876977 0.1362419 0.0066791
v 0.6273229 0.1488435 0.0052477
v 0.7862075 0.1337215 0.0135202
v 0.8409285 0.1259082 0.0273567
v 0.7275313 0.1447609 0.0070322
v 0.6673210 0.1573000 0.0050247
v 0.6071434 0.1696731 0.0008928
v 0.6468135 0.1782847 0.0018808
v 0.5673078 0.1614232 0.0023146
v 0.5867384 0.1910371 0.0017325
v 0.5471628 0.1826210 0.0001581
v 0.5075987 0.1741503 0.0003939
v 0.4681635 0.1656328 -0.0000746
v 0.6264375 0.1995133 0.0026016
v 0.4284015 0.1571454 0.0002290
v 0.4478349 0.1867740 0.0024682
v 0.4085132 0.1782077 0.0028757
v 0.3888144 0.1485338 -0.0000468
v 0.3687549 0.1698723 0.0016581
v 0.4871984 0.1954554 0.0014259
v 0.3491363 0.1399170 0.0000663
v 0.3292899 0.1613367 0.0006303
v 0.5265729 0.2036074 0.0038964
v 0.3096234 0.1313336 -0.0002889
v 0.5662877 0.2121149 0.0037148
v 0.2899470 0.1527791 -0.0011203
v 0.2707332 0.1742560 0.0004653
v 0.3093282 0.1821214 0.0049196
v 0.3489799 0.1905221 0.0066534
v 0.2898324 0.2032489 0.0083705
v 0.3883000 0.1992100 0.0055012
v 0.3295674 0.2117830 0.0094880
v 0.4275510 0.2078042 0.0046951
v 0.3685846 0.2203827 0.0080579
v 0.4667762 0.2162735 0.0049222
v 0.4074320 0.2290306 0.0060847
v 0.5063398 0.2247560 0.0049353
v 0.4469762 0.2373268 0.0084411
v 0.3881959 0.2503587 0.0071517
v 0.3499576 0.2418364 0.0079602
v 0.3111797 0.2334298 0.0074716
v 0.2718649 0.2250529 0.0064833
v 0.2939503 0.2540180 0.0126937
v 0.2546590 0.2454332 0.0123127
v 0.2153305 0.2367402 0.0124581
v 0.3325141 0.2620491 0.0136845
v 0.3208377 0.2767552 0.0285220
v 0.2039287 0.2507079 0.0279218
v 0.1633498 0.2424064 0.0277240
v 0.1227221 0.2340330 0.0275581
v 0.3706811 0.2703150 0.0136927
v 0.4266592 0.2587421 0.0068153
v 0.4084270 0.2787474 0.0134300
v 0.4857241 0.2458288 0.0060068
v 0.4653836 0.2671352 0.0065385
v 0.5451034 0.2332319 0.0025193
v 0.5239839 0.2542967 0.0028935
v 0.5841482 0.2415472 -0.0002046
v 0.6055208 0.2206202 0.0013546
v 0.5632909 0.2627991 0.0016764
v 0.6446976 0.2287497 -0.0015986
v 0.6235761 0.2498671 -0.0022281
v 0.6030739 0.2708931 0.0023382
v 0.5438525 0.2830407 0.0079330
v 0.5838832 0.2902748 0.0107551
v 0.5046297 0.2754075 0.0066783
v 0.5646153 0.3106975 0.0147582
v 0.4469425 0.2868964 0.0134186
v 0.5252305 0.3025684 0.0145256
v 0.4865160 0.2948597 0.0136872
v 0.5118010 0.3170146 0.0295510
v -0.1146672 0.1844631 0.0256056
v 0.5500989 0.3259303 0.0292313
v 0.6039667 0.3186403 0.0154047
v 0.5892209 0.3343746 0.0290292
v 0.6235671 0.2985256 0.0109360
v 0.6429446 0.3270342 0.0149866
v 0.6429086 0.2782365 0.0051439
v 0.6625312 0.3067620 0.0110658
v 0.6813475 0.2868261 0.0036162
v 0.6633415 0.2581371 -0.0019907
v 0.7024502 0.2660986 -0.0009656
v 0.6845989 0.2369683 -0.0035279
v 0.6664048 0.2079746 0.0014217
v 0.7241232 0.2453045 -0.0028516
v 0.6866500 0.1866189 0.0008659
v 0.7056836 0.2159287 -0.0021192
v -1.2548403 0.0339355 0.0239189
v -1.3464087 0.0269129 0.0239453
v -1.3994492 0.0249707 0.0227874
v -0.2727710 0.1505950 0.0259069
v -0.2334297 0.1592324 0.0255251
v -0.2196637 0.1431822 0.0121207
v -0.1803190 0.1518320 0.0117998
v -0.1939686 0.1678735 0.0253808
v -0.1545992 0.1763119 0.0253663
v -0.1409462 0.1604250 0.0116525
v -0.1229036 0.1398386 0.0073937
v -0.0839321 0.1485274 0.0065554
v -0.1016979 0.1690178 0.0113580
vn 0.6056 0.6712 0.4274
vn 0.4559 0.4215 0.7839
vn 0.4483 0.4539 0.7700
vn 0.6052 0.6415 0.4715
vn 0.4364 0.4459 0.7815
vn 0.6547 0.6976 0.2912
vn 0.6378 0.6796 0.3625
vn 0.6922 0.6931 0.2010
vn 0.7006 0.6532 0.2870
vn 0.7236 0.6527 0.2243
vn 0.7152 0.6776 0.1711
vn 0.7110 0.6414 0.2883
vn 0.7560 0.6426 0.1247
vn 0.6354 0.6023 0.4832
vn 0.4416 0.4279 0.7886
vn 0.7475 0.6354 0.1938
vn 0.6414 0.6380 0.4261
vn 0.4363 0.4460 0.7815
vn 0.8975 0.4368 0.0601
vn 0.7854 0.4742 0.3979
vn 0.4910 0.3109 0.8138
vn 0.8914 -0.3180 0.3229
vn 0.5750 -0.1968 0.7941
vn 0.8249 0.5649 0.0189
vn 0.7997 0.5821 0.1473
vn 0.3860 -0.6805 0.6228
vn 0.9183 0.3875 -0.0810
vn 0.9372 -0.3487 -0.0000
vn 0.8767 0.4811 -0.0000
vn 0.9528 -0.3010 -0.0401
vn 0.4946 -0.8690 0.0122
vn 0.9262 0.3721 -0.0612
vn 0.9681 -0.2496 -0.0204
vn 0.9018 0.4203 0.1005
vn 0.8379 0.5338 0.1142
vn 0.7302 0.6752 0.1046
vn 0.6449 0.7641 -0.0160
vn 0.6779 0.7162 -0.1660
vn 0.6622 0.7465 -0.0651
vn 0.6131 0.7844 -0.0937
vn 0.6573 0.7473 -0.0979
vn 0.6139 0.7855 -0.0781
vn 0.7050 0.7059 -0.0683
vn 0.6238 0.7759 -0.0943
vn 0.6351 0.7590 -0.1436
vn 0.5921 0.7941 -0.1375
vn 0.6246 0.7616 -0.1728
vn 0.6121 0.7832 -0.1091
vn 0.6121 0.7684 -0.1869
vn 0.6583 0.7483 -0.0817
vn 0.6693 0.7385 -0.0822
vn 0.8245 0.5646 0.0378
vn 0.7883 0.6128 -0.0550
vn 0.7931 0.5990 -0.1106
vn 0.8778 0.4453 0.1765
vn 0.8515 0.5244 -0.0000
vn 0.5860 0.6551 -0.4770
vn 0.3621 0.4549 -0.8136
vn 0.5472 0.6915 -0.4716
vn 0.3863 0.4702 -0.7935
vn 0.6511 0.7246 -0.2259
vn 0.7632 0.6099 -0.2135
vn 0.8279 0.5491 -0.1139
vn 0.5399 0.6886 -0.4842
vn 0.4407 0.3920 -0.8075
vn 0.6095 0.6461 -0.4595
vn 0.4063 0.5073 -0.7600
vn 0.5529 0.7693 -0.3201
vn 0.2286 0.7859 -0.5746
vn 0.2723 0.9464 -0.1738
vn 0.2731 0.9620 -0.0000
vn 0.6277 0.7654 -0.1421
vn 0.5286 0.8478 -0.0430
vn 0.2664 0.9636 0.0217
vn 0.4871 0.8724 -0.0412
vn 0.2494 0.9683 -0.0107
vn 0.4609 0.8825 -0.0934
vn 0.2266 0.9738 -0.0209
vn 0.4374 0.8946 -0.0911
vn 0.2205 0.9754 -0.0000
vn 0.5933 0.7957 -0.1224
vn 0.4164 0.9088 -0.0255
vn 0.2269 0.9739 -0.0104
vn 0.4078 0.9130 0.0126
vn 0.6026 0.7860 -0.1383
vn 0.2301 0.9727 -0.0313
vn 0.4391 0.8981 0.0261
vn 0.5662 0.8241 0.0148
vn 0.7338 0.6785 0.0350
vn 0.5862 0.7860 0.1965
vn 0.4954 0.8647 0.0828
vn 0.2427 0.9692 -0.0424
vn 0.5299 0.7932 0.3001
vn 0.2608 0.9581 0.1186
vn 0.2233 0.8024 0.5534
vn 0.3880 0.5400 0.7469
vn 0.6515 0.6942 0.3059
vn 0.6700 0.5989 0.4386
vn 0.4340 0.3974 0.8085
vn 0.7182 0.6154 0.3246
vn 0.6907 0.5811 0.4303
vn 0.6777 0.5748 0.4587
vn 0.9312 0.3553 0.0819
vn 0.9047 0.4217 -0.0605
vn 0.9152 0.3492 0.2012
vn 0.8898 -0.4528 0.0568
vn 0.8776 -0.4790 0.0186
vn 0.9231 0.3709 0.1016
vn 0.4213 -0.9052 -0.0563
vn 0.9287 -0.3626 0.0783
vn 0.4017 -0.9157 0.0110
vn 0.9675 -0.2495 0.0408
vn 0.4561 -0.8872 -0.0702
vn 0.4947 -0.8690 0.0122
vn 0.4868 -0.8732 -0.0242
vn 0.4946 -0.8688 0.0244
vn 0.4820 -0.8548 0.1921
vn 0.8645 -0.3764 -0.3331
vn 0.4571 -0.8800 -0.1293
vn 0.3864 -0.6900 -0.6121
vn 0.5731 -0.2200 -0.7894
vn 0.4246 -0.9029 0.0674
vn 0.4758 0.2569 -0.8412
vn 0.8185 0.4213 -0.3905
vn 0.3938 0.3897 -0.8325
vn 0.8906 -0.4533 -0.0379
vn 0.7034 0.5870 -0.4009
vn 0.3666 0.3849 -0.8470
vn 0.8875 0.4501 -0.0990
vn 0.6448 0.6113 -0.4588
vn 0.3647 0.3935 -0.8439
vn 0.8035 0.5848 -0.1110
vn 0.3863 0.4701 -0.7936
vn 0.1708 0.1278 -0.9770
vn 0.2083 0.1926 -0.9589
vn 0.2174 0.1866 -0.9581
vn 0.4406 0.3920 -0.8076
vn 0.3864 -0.6899 -0.6122
vn 0.2643 -0.2586 -0.9291
vn 0.5730 -0.2199 -0.7895
vn 0.1841 0.0985 -0.9780
vn 0.2665 -0.2609 0.9279
vn 0.3859 -0.6803 0.6231
vn 0.5749 -0.1968 0.7942
vn 0.2067 0.0778 0.9753
vn 0.1742 0.2811 -0.9437
vn 0.4063 0.5071 -0.7601
vn -0.1694 0.9705 0.1714
vn -0.1196 0.9897 -0.0792
vn -0.1563 0.9851 -0.0714
vn -0.1665 0.9768 -0.1349
vn -0.1735 0.9834 -0.0539
vn -0.1596 0.9803 -0.1164
vn -0.1809 0.9820 -0.0543
vn -0.1820 0.9593 0.2158
vn -0.1998 0.9531 0.2274
vn -0.1672 0.9858 -0.0180
vn -0.1778 0.9834 -0.0363
vn -0.1333 0.9907 -0.0267
vn -0.1297 0.9883 -0.0797
vn -0.1398 0.9898 -0.0266
vn 0.0041 0.9998 -0.0178
vn 0.0107 0.9996 -0.0267
vn 0.2204 0.9754 -0.0000
vn 0.2266 0.9739 -0.0105
vn 0.0106 0.9990 -0.0444
vn 0.2300 0.9727 -0.0313
vn 0.0145 0.9967 -0.0803
vn -0.1294 0.9859 0.1061
vn 0.0106 0.9980 0.0621
vn 0.0101 0.8833 0.4687
vn 0.0701 0.5496 0.8325
vn -0.1183 0.8433 0.5243
vn -0.0448 0.4614 0.8860
vn -0.1591 0.8075 0.5680
vn -0.1608 0.7895 0.5923
vn -0.1605 0.7824 0.6017
vn -0.1573 0.7829 0.6019
vn -0.1970 0.9557 0.2189
vn -0.1636 0.7819 0.6015
vn -0.1012 0.4872 -0.8674
vn -0.1817 0.8267 -0.5325
vn -0.0944 0.4785 -0.8730
vn -0.0464 0.4848 -0.8734
vn -0.1121 0.4596 -0.8810
vn -0.1754 0.8342 -0.5229
vn -0.1651 0.8318 -0.5299
vn -0.2248 0.9668 -0.1212
vn -0.1662 0.8105 -0.5616
vn -0.2017 0.9733 -0.1096
vn -0.1696 0.9750 -0.1437
vn -0.1677 0.7855 -0.5957
vn -0.1688 0.9657 -0.1973
vn -0.1651 0.7629 -0.6251
vn -0.1822 0.9548 -0.2347
vn -0.1782 0.9461 -0.2705
vn -0.1429 0.9883 -0.0532
vn -0.1494 0.9830 -0.1067
vn -0.1728 0.9744 -0.1437
vn -0.1661 0.9742 -0.1526
vn -0.1877 0.9822 0.0091
vn -0.1743 0.9826 -0.0634
vn -0.2330 0.9717 0.0376
vn -0.1780 0.9839 0.0181
vn -0.1332 0.9897 -0.0533
vn -0.1364 0.9892 -0.0532
vn -0.1602 0.9838 -0.0808
vn -0.1399 0.9901 0.0089
vn -0.1664 0.9811 -0.0986
vn -0.1865 0.9600 -0.2088
vn -0.1663 0.9802 -0.1074
vn -0.1398 0.9898 0.0266
vn -0.1565 0.9862 0.0536
vn -0.1637 0.9850 0.0540
vn -0.1567 0.9873 0.0268
vn -0.1636 0.9839 0.0719
vn -0.1428 0.9878 0.0620
vn -0.1502 0.9883 0.0268
vn -0.1671 0.9849 0.0450
vn -0.1431 0.9891 0.0356
vn -0.1672 0.9853 -0.0360
vn -0.1567 0.9876 -0.0089
vn -0.1396 0.9883 -0.0621
vn -0.1638 0.9850 -0.0540
vn -0.1502 0.9885 0.0179
vn -0.1463 0.9889 -0.0266
vn -0.1565 0.9862 -0.0536
vn -0.1639 0.9861 -0.0270
vn -0.1534 0.9875 -0.0358
vn -0.1501 0.9880 -0.0358
vn -0.1639 0.9858 0.0360
vn -0.1734 0.9779 0.1171
vn -0.1738 0.9846 -0.0180
vn -0.2087 0.9683 0.1375
vn -0.1920 0.9812 0.0183
vn -0.2156 0.9571 0.1937
vn -0.2275 0.9576 0.1769
vn -0.1948 0.9781 0.0728
vn -0.2188 0.9502 0.2217
vn -0.2141 0.9448 0.2480
vn -0.2076 0.9462 0.2482
vn -0.1886 0.9817 0.0274
vn -0.1996 0.9799 -0.0000
vn -0.1966 0.9537 0.2275
vn -0.1808 0.9815 -0.0633
vn -0.1985 0.9797 -0.0273
vn -0.1841 0.9758 -0.1179
vn -0.1741 0.9814 -0.0814
vn -0.1671 0.9849 -0.0450
vn -0.1950 0.9793 -0.0547
vn -0.1985 0.9801 -0.0091
vn -0.1844 0.9827 -0.0181
vn -0.2106 0.9774 -0.0185
vn -0.1920 0.9814 -0.0000
vn -0.2282 0.9725 -0.0465
vn -0.1469 0.9888 0.0268
vn -0.1705 0.9854 -0.0000
vn -0.1333 0.9907 0.0267
vn 0.0106 0.9996 0.0266
vn 0.0074 0.9990 0.0444
vn 0.0008 0.9996 0.0267
vn 0.2494 0.9684 -0.0107
vn 0.2661 0.9637 0.0217
vn 0.2730 0.9620 -0.0000
vn 0.0074 0.9999 0.0089
vn 0.2719 0.9465 -0.1738
vn 0.0079 0.9911 -0.1332
vn 0.2286 0.7860 -0.5744
vn -0.1699 0.9761 -0.1354
vn -0.1318 0.8433 -0.5210
vn 0.0106 0.8742 -0.4854
vn 0.0796 0.5626 -0.8229
vn -0.0186 0.5190 0.8546
vn -0.0368 0.8581 0.5122
vn -0.0315 0.4859 0.8734
vn -0.0371 0.4799 0.8765
vn -0.0307 0.8658 0.4994
vn -0.0116 0.5514 0.8342
vn -0.0445 0.9850 0.1668
vn -0.0521 0.8514 0.5219
vn -0.0398 0.4762 0.8784
vn -0.0582 0.8472 0.5282
vn -0.0568 0.8272 0.5590
vn -0.0543 0.9861 0.1571
vn -0.0533 0.9704 0.2356
vn -0.0475 0.9802 0.1923
vn -0.1774 0.8169 -0.5488
vn -0.0913 0.4732 -0.8762
vn -0.0864 0.4939 -0.8652
vn -0.0952 0.4877 -0.8678
vn -0.1756 0.8402 -0.5130
vn -0.2086 0.9175 -0.3387
vn -0.0973 0.4727 -0.8758
vn -0.1888 0.9102 -0.3686
vn -0.1725 0.8468 -0.5032
vn -0.0984 0.4484 -0.8884
vn -0.1862 0.9138 -0.3610
vn -0.1692 0.8413 -0.5134
vn -0.1604 0.8245 -0.5426
vn -0.1884 0.9027 -0.3869
vn -0.1817 0.9083 -0.3767
vn -0.1240 0.7441 -0.6564
vn -0.1556 0.9317 -0.3282
vn -0.1314 0.7549 -0.6426
vn -0.1119 0.9730 -0.2020
vn -0.0938 0.9950 0.0351
vn -0.1190 0.9816 -0.1495
vn -0.1002 0.8146 -0.5713
vn -0.0906 0.9957 -0.0175
vn -0.0972 0.9939 0.0529
vn -0.0939 0.8153 -0.5714
vn -0.1087 0.9733 -0.2021
vn -0.0837 0.8055 -0.5866
vn -0.0752 0.9599 -0.2702
vn -0.0511 0.7382 -0.6726
vn -0.0608 0.7451 -0.6642
vn -0.0582 0.7528 -0.6557
vn -0.1708 0.7850 0.5955
vn -0.1711 0.7920 0.5861
vn -0.1313 0.5423 0.8299
vn -0.1932 0.8715 0.4507
vn -0.1282 0.5478 0.8267
vn -0.1979 0.8831 0.4254
vn -0.2029 0.9401 0.2739
vn -0.2099 0.9411 0.2652
vn -0.1853 0.8656 0.4652
vn -0.2052 0.8852 0.4175
vn -0.1305 0.5332 0.8359
vn -0.1833 0.8888 0.4200
vn -0.1550 0.8846 0.4399
vn -0.2224 0.9447 0.2409
vn -0.2159 0.8815 0.4199
vn -0.1266 0.5246 0.8419
vn -0.2465 0.9445 0.2172
vn -0.2049 0.9221 0.3283
vn -0.2228 0.8696 0.4407
vn -0.0785 0.7773 -0.6242
vn -0.0822 0.9684 -0.2356
vn -0.0838 0.8056 -0.5865
vn -0.0557 0.8104 -0.5832
vn -0.0664 0.9738 -0.2174
vn -0.0744 0.8064 -0.5867
vn -0.0688 0.9603 -0.2702
vn -0.0355 0.9433 -0.3300
vn -0.0546 0.7456 -0.6642
vn -0.0546 0.9909 -0.1228
vn -0.0219 0.9898 -0.1410
vn -0.0149 0.9236 -0.3831
vn -0.0186 0.7172 -0.6967
vn -0.0187 0.9932 -0.1149
vn -0.0677 0.9931 -0.0960
vn 0.0568 0.7512 -0.6576
vn -0.0004 0.9520 -0.3060
vn 0.0149 0.7941 -0.6076
vn -0.2003 0.4368 -0.8770
vn -0.2560 0.7930 -0.5529
vn -0.0437 0.9709 -0.2356
vn -0.3075 0.9381 -0.1592
vn -0.3181 0.9478 0.0201
vn -0.0711 0.9973 0.0174
vn -0.2825 0.9575 0.0586
vn -0.0389 0.9992 -0.0000
vn -0.0578 0.9907 0.1228
vn -0.2214 0.9730 0.0651
vn -0.0518 0.9983 0.0263
vn -0.0676 0.9912 0.1142
vn -0.0450 0.9943 0.0968
vn -0.1811 0.9831 0.0272
vn -0.7848 0.6048 -0.1354
vn -0.7052 0.7075 -0.0464
vn -0.6891 0.7232 0.0457
vn -0.0455 0.9980 0.0439
vn -0.1704 0.9847 -0.0360
vn -0.7495 0.6375 0.1785
vn -0.0905 0.9953 0.0350
vn -0.0292 0.9994 -0.0175
vn -0.2020 0.9751 -0.0915
vn -0.0745 0.9972 -0.0000
vn -0.1102 0.9938 0.0177
vn -0.0505 0.4102 0.9106
vn -0.1504 0.8283 0.5397
vn -0.0514 0.4697 0.8813
vn -0.0590 0.4928 0.8681
vn -0.0893 0.4881 0.8682
vn -0.1265 0.8595 0.4952
vn -0.0895 0.4493 0.8889
vn -0.1136 0.8236 0.5557
vn -0.1090 0.9304 0.3501
vn -0.1320 0.8059 0.5772
vn -0.1609 0.9142 0.3720
vn -0.1491 0.8116 0.5649
vn -0.1859 0.9179 0.3505
vn -0.1981 0.9334 0.2992
vn -0.1717 0.8697 0.4627
vn -0.0981 0.4816 0.8709
vn -0.1061 0.9408 0.3220
vn -0.1867 0.9274 0.3240
vn -0.1196 0.9007 0.4177
vn -0.1812 0.8528 0.4899
vn -0.1264 0.9429 0.3083
vn -0.1636 0.9443 0.2854
vn -0.2024 0.9708 0.1286
vn -0.1985 0.9299 0.3096
vn -0.1599 0.9868 0.0268
vn -0.2049 0.9221 0.3282
vn -0.2092 0.9203 0.3306
vn -0.1845 0.9001 0.3946
vn -0.1772 0.9800 0.0903
vn -0.1883 0.9800 -0.0638
vn -0.1360 0.9859 -0.0973
vn -0.1746 0.9843 0.0272
vn -0.1673 0.9859 -0.0090
vn -0.1431 0.9895 0.0178
vn -0.1567 0.9876 0.0089
vn -0.2217 0.9747 0.0279
vn -0.1778 0.9837 0.0272
vn -0.2488 0.9663 -0.0665
vn -0.1983 0.9791 0.0456
vn -0.1827 0.9629 -0.1986
vn -0.1549 0.9665 -0.2046
vn -0.1967 0.9489 -0.2466
vn -0.2362 0.9706 0.0468
vn -0.2441 0.9681 0.0566
vn -0.2361 0.9701 -0.0561
vn -0.2376 0.9702 -0.0472
vn -0.3326 0.9417 -0.0510
vn -0.3203 0.9468 -0.0304
vn -0.3004 0.9538 0.0099
vn -0.3238 0.9459 -0.0202
vn -0.3231 0.9437 0.0708
vn -0.2995 0.9508 -0.0791
vn -0.1898 0.9650 -0.1810
vn -0.2326 0.9704 -0.0655
vn -0.2529 0.9618 -0.1049
vn -0.2174 0.9707 -0.1020
vn -0.2003 0.9609 -0.1910
vn -0.1767 0.9329 -0.3139
vn -0.1708 0.9480 -0.2687
vn -0.1519 0.9295 -0.3362
vn -0.1235 0.7365 -0.6651
vn -0.1266 0.7360 -0.6650
vn -0.1302 0.7433 -0.6562
vn -0.1182 0.7523 -0.6481
vn -0.1096 0.7710 -0.6273
vn -0.1659 0.9679 -0.1888
vn -0.1917 0.9799 0.0547
vn -0.1175 0.7856 -0.6075
vn -0.1767 0.9773 -0.1170
vn -0.1300 0.9905 0.0444
vn -0.1216 0.7961 -0.5928
vn -0.1393 0.9863 -0.0885
vn -0.1366 0.9903 0.0267
vn -0.1333 0.9904 0.0355
vn -0.1125 0.8041 -0.5838
vn -0.0972 0.4669 -0.8789
vn -0.1891 0.8357 -0.5156
vn -0.0873 0.4588 -0.8842
vn -0.1683 0.8313 -0.5298
vn -0.1836 0.8467 -0.4994
vn -0.1033 0.4720 -0.8755
vn -0.2170 0.9244 -0.3138
vn -0.2507 0.9409 -0.2279
vn -0.1927 0.9569 -0.2173
vn -0.1684 0.8375 -0.5199
vn -0.1032 0.4663 -0.8786
vn -0.1644 0.9490 -0.2689
vn -0.2625 0.9059 -0.3324
vn -0.2753 0.9250 -0.2619
vn -0.1712 0.9552 -0.2416
vn -0.1630 0.8111 -0.5618
vn -0.1404 0.9539 -0.2653
vn -0.1702 0.9340 -0.3141
vn -0.1683 0.7993 -0.5769
vn -0.1672 0.9462 -0.2771
vn -0.2014 0.9229 -0.3283
vn -0.1943 0.9315 -0.3075
vn -0.1381 0.9653 -0.2218
vn -0.1684 0.9577 -0.2333
vn -0.1680 0.9557 -0.2416
vn -0.1786 0.9483 -0.2623
vn -0.1551 0.9623 -0.2233
vn -0.2908 0.9138 -0.2836
vn -0.1809 0.9374 -0.2975
vn -0.2807 0.9051 -0.3194
vn -0.2909 0.9072 -0.3038
vn -0.2864 0.9185 -0.2725
vn -0.2454 0.9405 -0.2351
vn -0.2526 0.9608 -0.1143
vn -0.1991 0.9439 -0.2635
vn -0.2024 0.9708 0.1285
vn -0.1948 0.9781 -0.0728
vn -0.1676 0.9536 -0.2501
vn -0.2104 0.9765 0.0462
vn -0.1432 0.9457 -0.2918
vn -0.1837 0.9788 -0.0903
vn -0.1317 0.9304 -0.3420
vn -0.1634 0.9386 -0.3039
vn -0.1321 0.9332 -0.3342
vn -0.1462 0.9394 -0.3101
vn -0.1260 0.9403 -0.3162
vn -0.1592 0.8510 -0.5005
vn -0.0905 0.4642 -0.8811
vn -0.1612 0.9547 -0.2502
vn -0.1040 0.4755 -0.8735
vn -0.1749 0.8692 -0.4626
vn -0.1088 0.4989 -0.8598
vn -0.1860 0.8746 -0.4478
vn -0.1059 0.5047 -0.8568
vn -0.0930 0.4970 -0.8628
vn -0.1888 0.8232 -0.5355
vn -0.0787 0.4711 -0.8786
vn -0.1949 0.8524 -0.4851
vn -0.2147 0.9469 -0.2393
vn -0.2446 0.9246 -0.2919
vn -0.2319 0.9164 -0.3263
vn -0.2305 0.9107 -0.3429
vn -0.2501 0.8996 -0.3581
vn -0.2274 0.9183 -0.3240
vn -0.1877 0.8648 0.4658
vn -0.1996 0.9408 0.2741
vn -0.1885 0.8650 0.4650
vn -0.1988 0.9416 0.2717
vn -0.1781 0.8631 0.4726
vn -0.1851 0.9417 0.2808
vn -0.1213 0.5344 0.8365
vn -0.1773 0.8594 0.4796
vn -0.1136 0.5221 0.8453
vn -0.1804 0.9349 0.3057
vn -0.1614 0.8784 0.4498
vn -0.1097 0.5080 0.8543
vn -0.1717 0.8751 0.4525
vn -0.1733 0.8505 0.4965
vn -0.1792 0.9231 0.3403
vn -0.1845 0.9001 0.3947
vn -0.1723 0.8837 0.4351
vn -0.2281 0.9661 0.1211
vn -0.2203 0.9236 0.3136
vn -0.2493 0.9684 -0.0095
vn -0.1884 0.9027 0.3869
vn -0.1655 0.9264 0.3382
vn -0.1590 0.8451 0.5105
vn -0.1051 0.4958 0.8621
vn -0.1533 0.8216 0.5491
vn -0.1032 0.4663 0.8786
vn -0.1915 0.9347 0.2994
vn -0.1702 0.8141 0.5552
vn -0.2525 0.9279 0.2742
vn -0.2272 0.9500 0.2144
vn -0.2546 0.9483 0.1897
vn -0.2679 0.9511 0.1537
vn -0.1775 0.8170 0.5486
vn -0.2086 0.9623 0.1746
vn -0.2909 0.9468 0.1378
vn -0.1980 0.9719 0.1276
vn -0.2585 0.9430 0.2095
vn -0.2686 0.9602 0.0770
vn -0.2295 0.9453 0.2319
vn -0.1568 0.8995 0.4079
vn -0.1955 0.9046 0.3788
vn -0.1618 0.9241 0.3462
vn -0.1699 0.9375 0.3037
vn -0.1849 0.9077 0.3766
vn -0.2006 0.9626 0.1822
vn -0.1869 0.9671 0.1723
vn -0.1746 0.9843 -0.0272
vn -0.1965 0.9149 0.3526
vn -0.1593 0.9781 0.1340
vn -0.2116 0.9097 0.3573
vn -0.1963 0.9467 0.2552
vn -0.1632 0.9817 0.0986
vn -0.1640 0.9863 0.0180
vn -0.1776 0.9826 0.0543
vn -0.1874 0.9700 0.1546
vn -0.2021 0.9751 0.0915
vn -0.2272 0.9114 0.3431
vn -0.2171 0.9306 0.2947
vn -0.2224 0.9447 0.2410
vn -0.2359 0.9570 0.1691
vn -0.2395 0.9576 0.1599
vn -0.2362 0.9584 0.1600
vn -0.2345 0.9575 0.1677
vn -0.2473 0.9539 0.1702
vn -0.2213 0.8451 0.4867
vn -0.1218 0.5068 0.8534
vn -0.2076 0.8254 0.5249
vn -0.1170 0.4890 0.8644
vn -0.1988 0.8055 0.5583
vn -0.2312 0.9583 0.1679
vn -0.2238 0.9567 0.1861
vn -0.1934 0.7911 0.5803
vn -0.1853 0.7911 0.5830
vn -0.1752 0.7955 0.5801
vn -0.1131 0.4747 0.8728
vn -0.1734 0.9001 -0.3998
vn -0.1911 0.8942 -0.4048
vn -0.1888 0.9488 -0.2534
vn -0.2083 0.9607 -0.1835
vn -0.1877 0.8995 -0.3945
vn -0.1800 0.9716 -0.1535
vn -0.2089 0.9695 -0.1285
vn -0.2251 0.9679 -0.1120
vn -0.1684 0.9190 -0.3564
vn -0.1759 0.9678 -0.1799
vn -0.1548 0.7974 -0.5833
vn -0.1862 0.9582 -0.2174
vn -0.1937 0.9674 -0.1633
vn -0.2019 0.9742 -0.1006
vn -0.2028 0.9788 -0.0275
vn -0.2062 0.9785 -0.0092
vn -0.2139 0.9765 -0.0277
vn -0.2024 0.9377 0.2824
vn -0.1921 0.9428 0.2723
vn -0.2094 0.9330 0.2927
vn -0.2218 0.9751 -0.0000
vn -0.2104 0.9433 0.2567
vn -0.1805 0.8589 0.4793
vn -0.1917 0.8531 0.4853
vn -0.1917 0.8530 0.4854
vn -0.1860 0.8746 0.4478
vn -0.1780 0.8631 0.4726
vn -0.1933 0.8715 0.4506
vn -0.1827 0.9629 0.1986
vn -0.1708 0.9425 0.2874
vn -0.1440 0.9556 0.2570
vn -0.2271 0.9559 0.1860
vn -0.1157 0.8474 0.5182
vn -0.1224 0.9824 0.1408
vn -0.0821 0.9663 0.2438
vn -0.0727 0.4714 0.8789
vn -0.0857 0.8328 0.5469
vn -0.0703 0.4385 0.8960
vn -0.0958 0.7977 0.5954
vn -0.0979 0.9601 0.2619
vn -0.1065 0.7714 0.6274
vn -0.0937 0.9942 0.0525
vn -0.1202 0.9494 0.2901
vn -0.0931 0.7614 0.6416
vn -0.1166 0.9474 0.2981
vn -0.1100 0.9914 0.0705
vn -0.0937 0.9946 -0.0438
vn -0.0905 0.9927 -0.0793
vn -0.2218 0.9749 0.0186
vn -0.0934 0.9891 -0.1141
vn -0.2872 0.9538 -0.0884
vn -0.2743 0.9612 -0.0291
vn -0.1501 0.9877 -0.0447
vn -0.2949 0.9547 -0.0393
vn -0.1364 0.9849 -0.1069
vn -0.1250 0.9731 -0.1935
vn -0.2775 0.9595 -0.0485
vn -0.1872 0.9741 -0.1268
vn -0.1425 0.9767 -0.1603
vn -0.1221 0.9767 -0.1765
vn -0.1635 0.9832 -0.0808
vn -0.1266 0.9900 -0.0621
vn -0.1982 0.9729 -0.1187
vn -0.2642 0.9640 -0.0287
vn -0.2298 0.8957 -0.3806
vn -0.2170 0.9244 -0.3137
vn -0.2083 0.9549 -0.2115
vn -0.2099 0.9295 -0.3034
vn -0.1759 0.9623 -0.2074
vn -0.1734 0.9779 -0.1171
vn -0.2087 0.9683 -0.1375
vn -0.2293 0.9324 -0.2795
vn -0.2305 0.9107 -0.3428
vn -0.1822 0.7916 -0.5832
vn -0.2087 0.9242 -0.3199
vn -0.1760 0.7624 -0.6227
vn -0.1166 0.9922 0.0441
vn -0.1073 0.9540 0.2801
vn -0.1364 0.9892 0.0532
vn -0.1469 0.9890 -0.0179
vn -0.1135 0.9934 -0.0177
vn -0.0969 0.9939 -0.0525
vn -0.1163 0.9901 -0.0792
vn -0.0741 0.9907 -0.1141
vn -0.1196 0.9862 -0.1149
vn -0.1121 0.9747 -0.1936
vn -0.1213 0.9659 -0.2287
vn -0.0827 0.9740 -0.2107
vn -0.1098 0.9862 -0.1236
vn -0.0775 0.9945 -0.0700
vn -0.0808 0.9958 -0.0438
vn -0.0935 0.9900 -0.1054
vn -0.0582 0.9969 -0.0525
vn -0.1001 0.9903 -0.0967
vn -0.0840 0.9946 0.0613
vn -0.0971 0.9502 0.2962
vn -0.0962 0.9355 0.3401
vn -0.0896 0.7545 0.6501
vn -0.0896 0.7543 0.6504
vn -0.0803 0.7584 0.6468
vn -0.0613 0.9943 0.0874
vn -0.0327 0.9970 0.0705
vn -0.0453 0.9965 0.0700
vn -0.0757 0.9669 0.2438
vn -0.0839 0.9918 0.0967
vn -0.0454 0.9984 0.0350
vn -0.0519 0.9986 -0.0088
vn -0.0776 0.9951 0.0613
vn -0.0648 0.9977 -0.0175
vn -0.0712 0.9973 -0.0174
vn -0.0609 0.9883 0.1400
vn -0.1069 0.9939 0.0264
vn -0.0551 0.9981 -0.0263
vn -0.0599 0.9720 0.2274
vn -0.0874 0.9960 -0.0175
vn -0.0738 0.9874 0.1400
vn -0.0831 0.9810 0.1754
vn -0.0391 0.8461 0.5316
vn -0.0807 0.9466 0.3121
vn -0.1089 0.9750 0.1936
vn -0.0835 0.9866 0.1400
vn -0.0905 0.9927 0.0793
vn -0.1095 0.9874 0.1140
vn -0.1004 0.9935 0.0529
vn -0.0741 0.9917 0.1055
vn -0.0956 0.9729 0.2106
vn -0.0790 0.9213 0.3807
vn -0.0464 0.8109 0.5833
vn -0.0121 0.5604 0.8281
vn -0.0532 0.7719 0.6335
vn -0.0141 0.5423 0.8401
vn -0.1038 0.9944 0.0177
vn -0.0711 0.9961 0.0525
vn -0.0680 0.9975 0.0175
vn -0.0841 0.9964 0.0088
vn -0.0839 0.9918 -0.0968
vn -0.1094 0.9827 -0.1496
vn -0.1096 0.9851 -0.1323
vn -0.1916 0.9794 -0.0638
vn -0.1887 0.9819 0.0183
vn -0.0783 0.9108 0.4053
vn -0.0807 0.9936 0.0787
vn -0.0775 0.9939 0.0787
vn -0.0844 0.9057 0.4154
vn -0.0636 0.7407 0.6688
vn -0.0707 0.9888 0.1314
vn -0.0814 0.9105 0.4054
vn -0.0624 0.7220 0.6891
vn -0.0722 0.9144 0.3982
vn -0.0656 0.7253 0.6853
vn -0.0820 0.9168 0.3908
vn -0.0759 0.7397 0.6686
vn -0.0921 0.9232 0.3732
vn -0.0829 0.7508 0.6553
vn -0.0775 0.9945 0.0699
vn -0.0936 0.9937 0.0612
vn -0.0904 0.9940 0.0613
vn -0.0840 0.9926 -0.0880
vn -0.0711 0.9956 -0.0612
vn -0.0872 0.9937 -0.0700
vn -0.0680 0.9975 -0.0176
vn -0.0774 0.9923 -0.0967
vn -0.0970 0.9949 -0.0263
vn -0.0549 0.9954 -0.0787
vn -0.0614 0.9950 -0.0787
vn -0.0873 0.9958 -0.0263
vn -0.0904 0.9940 -0.0614
vn -0.0420 0.9960 -0.0786
vn -0.1005 0.9949 -0.0000
vn -0.0829 0.9778 0.1923
vn -0.0583 0.9983 -0.0087
vn -0.0321 0.9948 -0.0967
vn -0.0872 0.9937 0.0700
vn -0.0321 0.9970 -0.0705
vn -0.0486 0.9979 -0.0438
vn -0.0905 0.9945 0.0525
vn -0.0680 0.9975 -0.0175
vn -0.0680 0.9971 0.0350
vn -0.0680 0.9976 0.0088
vn -0.0224 0.9966 -0.0792
vn -0.0713 0.9975 -0.0000
vn -0.0809 0.9966 -0.0176
vn -0.0257 0.9983 -0.0529
vn -0.0389 0.9991 -0.0175
vn -0.0421 0.9981 -0.0439
vn -0.1198 0.9918 0.0441
vn -0.0422 0.9988 -0.0263
vn -0.1002 0.9948 0.0175
vn -0.1002 0.9918 -0.0792
vn -0.0218 0.9872 -0.1582
vn -0.1134 0.9932 -0.0264
vn -0.0389 0.9989 -0.0263
vn -0.0257 0.9993 -0.0265
vn -0.2648 0.9604 -0.0865
vn -0.0316 0.9869 -0.1582
vn -0.2950 0.9551 -0.0295
vn -0.0325 0.9991 -0.0263
vn -0.2858 0.9498 0.1272
vn -0.0186 0.9858 0.1667
vn -0.2586 0.8149 0.5187
vn -0.0062 0.9994 0.0353
vn -0.0547 0.9920 -0.1141
vn -0.0938 0.9952 0.0263
vn 0.0360 0.9796 0.1975
vn -0.0411 0.9821 0.1838
vn 0.0559 0.8423 0.5361
vn -0.0453 0.9976 -0.0525
vn -0.0656 0.9606 0.2702
vn -0.0041 0.9623 0.2718
vn -0.0615 0.9967 0.0525
vn -0.0518 0.9980 -0.0351
vn -0.0224 0.9978 -0.0617
vn -0.0583 0.9977 -0.0351
vn -0.0293 0.9995 0.0087
vn -0.0551 0.9979 -0.0350
vn -0.0568 0.9744 0.2174
vn -0.0454 0.9988 -0.0175
vn -0.0615 0.9967 -0.0525
vn -0.0518 0.9968 -0.0613
vn -0.0644 0.9923 0.1055
vn -0.0517 0.9962 -0.0700
vn -0.0853 0.9661 0.2438
vn -0.0648 0.9973 -0.0350
vn -0.1167 0.9928 0.0265
vn -0.0707 0.8463 0.5281
vn -0.0878 0.9565 0.2782
vn -0.0617 0.9531 0.2964
vn -0.0752 0.8650 0.4962
vn -0.0267 0.4566 0.8893
vn -0.0320 0.4476 0.8937
vn -0.0594 0.8662 0.4962
vn -0.0107 0.8472 0.5311
vn -0.0312 0.4802 0.8766
vn -0.0381 0.4944 0.8684
vn -0.0052 0.4962 0.8682
vn 0.0093 0.8393 0.5436
vn 0.0739 0.4778 0.8754
vn 0.0324 0.4811 0.8761
vn -0.2334 0.4567 0.8585
vn -0.0869 0.9886 -0.1227
vn -0.0866 0.9851 -0.1485
vn -0.0963 0.9827 -0.1582
vn -0.0902 0.9894 -0.1141
vn -0.0529 0.9636 -0.2621
vn -0.0602 0.9778 -0.2007
vn -0.0389 0.7424 -0.6688
vn -0.0743 0.9948 -0.0700
vn -0.0837 0.9889 -0.1227
vn -0.0363 0.7500 -0.6605
vn -0.0639 0.9841 -0.1656
vn -0.0358 0.7426 -0.6688
vn -0.0712 0.9968 -0.0351
vn -0.0609 0.9870 -0.1486
vn -0.0257 0.7806 -0.6245
vn -0.0738 0.9874 -0.1400
vn -0.0643 0.7991 -0.5978
vn -0.0745 0.9972 -0.0088
vn -0.0734 0.9802 -0.1839
vn -0.0583 0.9983 -0.0000
vn -0.0938 0.9931 -0.0705
vn -0.0551 0.9975 -0.0438
vn -0.0519 0.9987 -0.0000
vn -0.0422 0.9988 0.0263
vn -0.0454 0.9990 -0.0000
vn -0.0454 0.9989 -0.0088
vn -0.0648 0.9979 -0.0000
vn -0.0809 0.9964 -0.0263
vn -0.1166 0.9926 -0.0353
vn -0.1034 0.9907 -0.0880
vn -0.1199 0.9922 0.0353
vn -0.0906 0.9959 -0.0001
vn -0.1230 0.9910 0.0529
vn -0.2652 0.9611 0.0770
vn -0.2946 0.9538 0.0590
vn -0.2616 0.9613 -0.0866
vn -0.2778 0.9604 -0.0194
vn -0.2604 0.9632 -0.0669
vn -0.2492 0.9677 0.0381
vn -0.1469 0.9529 0.2652
vn -0.1102 0.9512 0.2881
vn -0.1316 0.9739 0.1849
vn -0.1719 0.9592 0.2246
vn -0.1743 0.8175 0.5489
vn -0.1918 0.8161 0.5452
vn -0.2022 0.9255 0.3202
vn -0.1494 0.9389 0.3100
vn -0.1041 0.4810 0.8705
vn -0.2054 0.8424 0.4981
vn -0.2459 0.8974 0.3664
vn -0.2154 0.8674 0.4485
vn -0.1204 0.9548 0.2718
vn -0.1729 0.9308 0.3221
vn -0.1475 0.9619 0.2301
vn -0.1457 0.9803 0.1330
vn -0.1460 0.9825 0.1156
vn -0.1877 0.9714 0.1457
vn -0.1470 0.9891 -0.0089
vn -0.2767 0.9499 0.1453
vn -0.2856 0.9552 0.0780
vn -0.2659 0.9636 0.0290
vn -0.1804 0.9794 -0.0903
vn -0.1600 0.9871 0.0089
vn -0.1801 0.9777 -0.1081
vn -0.1669 0.9840 -0.0629
vn -0.1705 0.9853 -0.0090
vn -0.1698 0.9762 -0.1349
vn -0.1916 0.9405 -0.2806
vn -0.1621 0.9705 -0.1787
vn -0.1837 0.9736 -0.1358
vn -0.1897 0.9202 -0.3424
vn -0.1508 0.7459 -0.6488
vn -0.1826 0.9568 -0.2262
vn -0.1971 0.9178 -0.3447
vn -0.1669 0.7399 -0.6517
vn -0.1703 0.9844 -0.0450
vn -0.1727 0.9684 -0.1799
vn -0.2039 0.9562 -0.2100
vn -0.1534 0.9880 -0.0179
vn -0.1843 0.9818 0.0453
vn -0.1841 0.9368 -0.2974
vn -0.2079 0.9591 -0.1923
vn -0.2161 0.9652 -0.1475
vn -0.1643 0.7480 -0.6430
vn -0.2229 0.9468 -0.2322
vn -0.1647 0.7555 -0.6341
vn -0.2024 0.9377 -0.2824
vn -0.2257 0.9706 -0.0842
vn -0.2100 0.9355 -0.2843
vn -0.1593 0.7712 -0.6163
vn -0.1797 0.9259 -0.3323
vn -0.1860 0.9179 -0.3505
vn -0.2245 0.9716 -0.0743
vn -0.2172 0.9698 -0.1112
vn -0.2098 0.9734 0.0922
vn -0.2401 0.9662 0.0940
vn -0.2323 0.9690 0.0841
vn -0.2216 0.9740 0.0466
vn -0.1599 0.9868 -0.0268
vn -0.1996 0.9798 0.0092
vn -0.2445 0.9695 0.0189
vn -0.2478 0.9688 -0.0000
vn -0.1502 0.9885 -0.0179
vn -0.2444 0.9689 -0.0377
vn -0.2609 0.9649 -0.0287
vn -0.2774 0.9590 -0.0581
vn -0.2521 0.9654 -0.0664
vn -0.0551 0.9984 -0.0088
vn -0.0357 0.9984 -0.0438
vn -0.0776 0.9964 0.0351
vn -0.0809 0.9967 0.0088
vn -0.0777 0.9970 -0.0000
vn -0.0257 0.9978 -0.0617
vn -0.0616 0.9981 0.0088
vn -0.0224 0.9991 -0.0353
vn -0.0386 0.9954 -0.0880
vn -0.0515 0.9931 -0.1055
vn -0.0352 0.9918 -0.1227
vn -0.0256 0.9965 -0.0792
vn -0.0577 0.9885 -0.1400
vn -0.0677 0.9921 -0.1055
vn -0.0680 0.9967 -0.0438
vn -0.0774 0.9914 -0.1055
vn -0.0970 0.9921 -0.0792
vn -0.0971 0.9934 -0.0617
vn -0.0841 0.9955 -0.0438
vn -0.0970 0.9953 -0.0000
vn -0.1101 0.9929 -0.0441
vn -0.1365 0.9900 -0.0355
vn -0.1038 0.9944 0.0176
vn -0.1166 0.9922 -0.0441
vn -0.1156 0.9806 -0.1581
vn -0.0964 0.9866 -0.1313
vn -0.0802 0.8018 -0.5922
vn -0.0833 0.9824 -0.1669
vn -0.0767 0.7954 -0.6012
vn -0.0599 0.9720 -0.2274
vn -0.0564 0.7717 -0.6335
vn -0.0453 0.9971 -0.0613
vn -0.0458 0.7538 -0.6555
vn -0.0613 0.9935 -0.0960
vn -0.0677 0.9930 -0.0968
vn -0.0646 0.9955 -0.0700
vn -0.0675 0.9890 -0.1314
vn -0.0590 0.9587 -0.2783
vn -0.0510 0.9849 -0.1656
vn -0.0386 0.9961 -0.0792
vn -0.0670 0.9822 -0.1754
vn -0.0611 0.9906 -0.1228
vn -0.0485 0.9969 -0.0613
vn -0.0807 0.9936 -0.0787
vn -0.2368 -0.0071 0.9715
vn 0.0289 0.0518 0.9982
vn -0.2227 -0.0145 0.9748
vn 0.0758 0.1729 0.9820
vn 0.0544 0.1187 0.9914
vn 0.0345 0.1024 0.9941
vn -0.0008 0.0565 0.9984
vn -0.0163 0.0273 0.9995
vn -0.2559 -0.0082 0.9667
vn 0.0780 0.0772 0.9940
vn 0.0433 0.1030 0.9937
vn 0.0478 0.0316 0.9984
vn -0.0119 -0.0078 0.9999
vn -0.2567 0.0002 0.9665
vn -0.2351 0.0177 0.9718
vn 0.0105 -0.0275 0.9996
vn 0.0441 -0.0470 0.9979
vn -0.2077 0.0105 0.9781
vn 0.0799 -0.1322 0.9880
vn -0.1721 -0.1125 0.9786
vn 0.1099 -0.4235 0.8992
vn -0.1503 -0.4366 0.8870
vn 0.1188 -0.1541 0.9809
vn 0.1437 -0.3984 0.9059
vn 0.1030 -0.1100 0.9886
vn 0.0760 -0.0745 0.9943
vn 0.1247 -0.7957 0.5927
vn -0.1479 -0.8083 0.5699
vn 0.1677 -0.7854 0.5958
vn -0.0448 0.4611 0.8862
vn 0.0214 0.1228 0.9922
vn 0.0701 0.5494 0.8326
vn -0.1591 0.8074 0.5681
vn -0.1183 0.8432 0.5244
vn -0.0934 0.4187 0.9033
vn -0.1608 0.7893 0.5926
vn -0.0210 0.0981 0.9950
vn 0.0366 0.0238 0.9990
vn 0.0264 0.0445 0.9987
vn -0.0888 0.4034 0.9107
vn -0.1605 0.7823 0.6019
vn -0.0806 0.4107 0.9082
vn -0.0193 0.1621 0.9866
vn -0.0838 0.4165 0.9053
vn -0.1573 0.7827 0.6022
vn -0.0328 0.1901 0.9812
vn -0.1636 0.7818 0.6017
vn -0.0285 -0.1013 0.9944
vn -0.0243 -0.1230 0.9921
vn 0.0274 -0.1973 0.9800
vn 0.0508 -0.4606 0.8862
vn 0.0362 -0.2409 0.9699
vn 0.0380 -0.4020 0.9149
vn 0.0020 -0.2565 0.9665
vn -0.0014 -0.2502 0.9682
vn 0.0193 -0.3881 0.9214
vn 0.0104 -0.2053 0.9786
vn -0.0101 -0.2506 0.9680
vn -0.0275 0.0623 0.9977
vn -0.0196 0.0770 0.9968
vn -0.0297 0.0976 0.9948
vn 0.0009 -0.2873 0.9578
vn -0.0330 0.1043 0.9940
vn -0.0038 -0.2569 0.9664
vn -0.0255 0.1684 0.9854
vn 0.0208 -0.4121 0.9109
vn 0.0118 -0.3150 0.9490
vn -0.0367 0.0688 0.9970
vn 0.0059 -0.2716 0.9624
vn 0.0281 -0.4324 0.9012
vn 0.0155 -0.3301 0.9438
vn 0.0594 -0.8661 0.4963
vn 0.0159 -0.3364 0.9416
vn 0.0359 -0.4617 0.8863
vn 0.0375 -0.4852 0.8736
vn 0.0770 -0.8457 0.5281
vn 0.0556 -0.8570 0.5123
vn 0.0679 -0.8502 0.5221
vn 0.0631 -0.8267 0.5591
vn 0.1691 -0.8033 0.5711
vn 0.1588 -0.8007 0.5776
vn 0.0877 -0.4252 0.9008
vn 0.1580 -0.7967 0.5834
vn 0.0815 -0.4198 0.9040
vn 0.0876 -0.4252 0.9008
vn 0.1752 -0.7954 0.5802
vn 0.0185 -0.1050 0.9943
vn 0.0301 -0.1045 0.9941
vn 0.0077 -0.1200 0.9927
vn 0.0787 -0.4260 0.9013
vn 0.1616 -0.7934 0.5869
vn 0.0849 -0.4314 0.8982
vn 0.1662 -0.8105 0.5617
vn 0.0855 -0.4345 0.8966
vn 0.1630 -0.8110 0.5619
vn 0.2197 -0.7890 0.5738
vn 0.1295 -0.3874 0.9128
vn 0.3858 -0.6805 0.6229
vn 0.0116 -0.1337 0.9910
vn 0.0234 -0.1340 0.9907
vn 0.2665 -0.2610 0.9278
vn 0.0692 -0.0672 0.9953
vn 0.4362 0.4459 0.7816
vn 0.4910 0.3108 0.8138
vn 0.1858 0.1857 0.9649
vn 0.0281 -0.1187 0.9925
vn 0.0405 0.0525 0.9978
vn -0.0018 0.0282 0.9996
vn 0.1750 0.1839 0.9672
vn 0.0161 0.0647 0.9978
vn 0.1681 0.1746 0.9702
vn 0.4483 0.4538 0.7701
vn -0.0014 0.0212 0.9998
vn -0.0246 0.0625 0.9977
vn 0.0098 0.0290 0.9995
vn 0.1619 0.1579 0.9741
vn 0.4557 0.4215 0.7840
vn -0.0140 -0.0080 0.9999
vn 0.1561 0.1714 0.9728
vn 0.4339 0.3974 0.8086
vn -0.0060 0.0921 0.9957
vn -0.0194 -0.0154 0.9997
vn -0.0094 0.0560 0.9984
vn -0.0203 -0.0013 0.9998
vn 0.0127 0.0292 0.9995
vn -0.0092 0.0065 0.9999
vn -0.0150 0.0061 0.9999
vn 0.0223 0.0156 0.9996
vn 0.0128 -0.0628 0.9979
vn 0.0405 -0.0827 0.9958
vn 0.0227 0.0086 0.9997
vn 0.0303 0.0305 0.9991
vn 0.0380 0.0025 0.9993
vn 0.1726 0.1596 0.9720
vn 0.0465 -0.0398 0.9981
vn 0.1518 0.2575 0.9543
vn 0.3880 0.5397 0.7471
vn 0.2234 0.8023 0.5535
vn 0.0400 -0.0757 0.9963
vn 0.0139 -0.0345 0.9993
vn 0.0161 -0.0696 0.9974
vn -0.0020 -0.0143 0.9999
vn 0.0275 -0.0623 0.9977
vn 0.0181 -0.0554 0.9983
vn 0.0155 0.0293 0.9995
vn 0.0256 0.0087 0.9996
vn 0.0292 -0.1336 0.9906
vn 0.0174 0.0011 0.9998
vn 0.0159 -0.1554 0.9877
vn 0.0769 -0.4020 0.9124
vn -0.0084 -0.0501 0.9987
vn 0.0136 0.0151 0.9998
vn -0.0111 -0.0078 0.9999
vn 0.0034 -0.1423 0.9898
vn -0.0207 0.0058 0.9998
vn 0.1745 -0.7814 0.5991
vn -0.0076 -0.1070 0.9942
vn 0.0699 -0.3873 0.9193
vn 0.1729 -0.7625 0.6234
vn 0.0718 -0.3719 0.9255
vn 0.1643 -0.7479 0.6432
vn 0.0804 -0.3650 0.9275
vn 0.1602 -0.7441 0.6486
vn -0.0012 -0.0708 0.9975
vn 0.0931 -0.3729 0.9232
vn 0.0450 -0.0612 0.9971
vn 0.1584 -0.7563 0.6347
vn 0.0685 -0.0965 0.9930
vn 0.1020 -0.4059 0.9082
vn 0.1565 -0.7786 0.6077
vn 0.1073 -0.4416 0.8908
vn 0.1562 -0.8145 0.5588
vn 0.1660 -0.7670 0.6198
vn 0.0731 -0.3438 0.9362
vn 0.1506 -0.7867 0.5987
vn 0.1386 -0.8021 0.5809
vn 0.0733 -0.3502 0.9338
vn 0.1332 -0.8227 0.5527
vn 0.0760 -0.3436 0.9360
vn 0.1697 -0.7633 0.6234
vn -0.0065 0.0562 0.9984
vn 0.0777 -0.3714 0.9252
vn 0.1318 -0.8432 0.5212
vn 0.0041 0.0709 0.9975
vn 0.0806 -0.4107 0.9082
vn -0.0256 0.1258 0.9917
vn 0.0163 0.0652 0.9977
vn -0.0126 0.1487 0.9888
vn 0.1291 -0.8554 0.5016
vn 0.0327 0.0378 0.9988
vn 0.0805 -0.4499 0.8895
vn -0.0299 0.0122 0.9995
vn 0.0142 -0.2644 0.9643
vn 0.0229 -0.3078 0.9512
vn 0.0459 -0.5224 0.8515
vn 0.0304 -0.2413 0.9700
vn -0.0021 -0.0567 0.9984
vn -0.0684 0.1460 0.9869
vn 0.0538 -0.5485 0.8344
vn 0.0268 -0.2769 0.9605
vn 0.0570 -0.5532 0.8311
vn 0.0318 -0.2191 0.9752
vn 0.0264 -0.2703 0.9624
vn 0.0661 -0.8241 0.5626
vn 0.0236 -0.4090 0.9122
vn 0.0591 -0.8141 0.5777
vn 0.0529 -0.8145 0.5777
vn 0.0310 -0.4767 0.8785
vn 0.0197 -0.4422 0.8967
vn -0.0289 -0.0518 0.9982
vn -0.0701 -0.0117 0.9975
vn -0.0040 -0.0286 0.9996
vn -0.0591 0.0464 0.9972
vn -0.0423 0.0187 0.9989
vn -0.0574 -0.0253 0.9980
vn -0.0230 0.0410 0.9989
vn -0.0005 0.0071 1.0000
vn -0.0168 -0.1006 0.9948
vn 0.0052 -0.0351 0.9994
vn 0.0006 -0.0994 0.9950
vn 0.0262 -0.4033 0.9147
vn -0.0038 0.0139 0.9999
vn 0.0047 -0.0280 0.9996
vn 0.0529 -0.8145 0.5778
vn 0.0297 -0.4116 0.9109
vn 0.0043 -0.0210 0.9998
vn 0.0330 -0.4173 0.9082
vn -0.0026 0.0852 0.9964
vn -0.0210 0.0552 0.9983
vn -0.0264 -0.0445 0.9987
vn -0.0314 -0.0092 0.9995
vn -0.0337 -0.0663 0.9972
vn -0.0550 -0.0107 0.9984
vn -0.0052 -0.0998 0.9950
vn -0.0104 -0.0643 0.9979
vn -0.0223 -0.0156 0.9996
vn -0.0609 0.0248 0.9978
vn -0.0703 0.0385 0.9968
vn 0.0008 -0.0565 0.9984
vn 0.0080 -0.0778 0.9969
vn -0.0608 0.0749 0.9953
vn -0.0463 0.0823 0.9955
vn -0.0340 0.0263 0.9991
vn -0.0223 0.1191 0.9926
vn -0.0443 0.0043 0.9990
vn -0.0130 0.1556 0.9877
vn 0.0051 -0.0780 0.9969
vn -0.0108 -0.0573 0.9983
vn 0.0050 -0.0774 0.9970
vn 0.0035 -0.0993 0.9950
vn -0.0499 0.0466 0.9977
vn -0.0279 0.0694 0.9972
vn 0.0070 -0.1060 0.9943
vn -0.0034 0.0992 0.9951
vn -0.0427 0.0257 0.9988
vn -0.0320 0.1764 0.9838
vn -0.0281 -0.0160 0.9995
vn -0.0290 0.0967 0.9949
vn -0.0162 0.0696 0.9974
vn -0.0041 -0.0709 0.9975
vn -0.0104 0.0700 0.9975
vn -0.0315 0.4856 0.8736
vn -0.0186 0.5188 0.8547
vn -0.0371 0.4795 0.8768
vn -0.0116 0.5512 0.8343
vn -0.0398 0.4761 0.8785
vn -0.0415 0.4556 0.8892
vn -0.0118 0.0917 0.9957
vn -0.0568 0.8271 0.5592
vn 0.0727 -0.1175 0.9904
vn -0.0102 -0.0219 0.9997
vn 0.0322 -0.0903 0.9954
vn 0.0275 -0.0195 0.9994
vn 0.0650 -0.0959 0.9933
vn 0.0659 -0.1038 0.9924
vn 0.0875 -0.1102 0.9900
vn 0.0640 -0.0318 0.9974
vn 0.0412 -0.0474 0.9980
vn 0.0662 -0.0674 0.9955
vn 0.0835 -0.0523 0.9951
vn -0.0009 0.0141 0.9999
vn 0.0279 -0.0265 0.9993
vn -0.0250 0.0696 0.9973
vn 0.0608 -0.0749 0.9953
vn 0.0693 -0.1541 0.9856
vn 0.0029 0.0002 1.0000
vn -0.0268 0.0977 0.9949
vn 0.0565 -0.1900 0.9802
vn 0.1100 -0.4745 0.8734
vn 0.0233 -0.0909 0.9956
vn -0.0005 0.0070 1.0000
vn -0.0214 0.1051 0.9942
vn 0.0485 -0.2043 0.9777
vn 0.1088 -0.4987 0.8599
vn 0.0460 -0.2113 0.9763
vn 0.1059 -0.5046 0.8568
vn 0.0402 -0.2118 0.9765
vn 0.1067 -0.5137 0.8513
vn 0.1936 -0.7979 0.5708
vn 0.0943 -0.4278 0.8989
vn 0.1818 -0.7845 0.5929
vn 0.0932 -0.4127 0.9061
vn 0.0255 -0.1686 0.9854
vn 0.0925 -0.4489 0.8888
vn 0.2035 -0.8284 0.5219
vn 0.0304 -0.1973 0.9799
vn 0.0289 -0.2193 0.9752
vn 0.0974 -0.4781 0.8729
vn -0.0149 -0.0864 0.9961
vn -0.0166 -0.0577 0.9982
vn -0.0014 -0.1136 0.9935
vn 0.0322 -0.2258 0.9736
vn 0.1058 -0.4992 0.8600
vn 0.0024 -0.1274 0.9919
vn 0.0377 -0.2187 0.9751
vn 0.0194 -0.1193 0.9927
vn 0.0210 -0.0981 0.9950
vn 0.0105 -0.0276 0.9996
vn 0.0206 -0.0911 0.9956
vn 0.0121 -0.0063 0.9999
vn 0.0024 0.0072 1.0000
vn 0.0122 0.0361 0.9993
vn -0.0044 -0.0216 0.9998
vn 0.0100 0.0718 0.9974
vn -0.0064 0.0991 0.9951
vn 0.0347 0.0521 0.9980
vn 0.0187 0.0725 0.9972
vn -0.0066 -0.0788 0.9969
vn -0.0168 -0.1005 0.9948
vn -0.0270 -0.0800 0.9964
vn -0.0222 -0.1079 0.9939
vn -0.0231 -0.0939 0.9953
vn -0.0090 -0.0860 0.9963
vn -0.0037 -0.0786 0.9969
vn -0.0245 -0.0728 0.9970
vn -0.0050 -0.0569 0.9984
vn 0.0323 -0.2850 0.9580
vn 0.0621 -0.5390 0.8400
vn 0.0673 -0.5244 0.8488
vn 0.0409 -0.2693 0.9622
vn 0.0702 -0.5242 0.8487
vn 0.0239 -0.2771 0.9605
vn 0.0241 -0.1907 0.9813
vn 0.0193 -0.1621 0.9866
vn 0.0703 -0.5242 0.8487
vn 0.0751 -0.5039 0.8605
vn 0.0388 -0.1469 0.9884
vn 0.0825 -0.4793 0.8738
vn 0.0420 -0.1963 0.9796
vn 0.0384 -0.0970 0.9945
vn 0.0432 -0.0328 0.9985
vn 0.0279 0.0659 0.9974
vn 0.0277 0.1162 0.9928
vn 0.0378 -0.0403 0.9985
vn 0.0409 0.0957 0.9946
vn 0.0272 -0.1047 0.9941
vn 0.0174 -0.1334 0.9909
vn 0.0294 0.0872 0.9958
vn 0.0241 -0.0126 0.9996
vn 0.0342 -0.0761 0.9965
vn 0.0255 0.0587 0.9980
vn 0.0404 0.1028 0.9939
vn 0.0190 -0.1123 0.9935
vn 0.0276 0.0230 0.9994
vn 0.0420 0.0739 0.9964
vn 0.0379 0.0956 0.9947
vn 0.0337 0.0663 0.9972
vn 0.0235 0.1800 0.9834
vn 0.0376 0.0523 0.9979
vn 0.0183 0.1216 0.9924
vn 0.0251 0.2022 0.9790
vn 0.0108 0.0573 0.9983
vn -0.0066 0.1919 0.9814
vn -0.0057 0.1782 0.9840
vn -0.0230 0.0839 0.9962
vn 0.0165 0.2442 0.9696
vn -0.0423 0.1607 0.9861
vn -0.0463 0.1254 0.9910
vn -0.0584 0.1256 0.9904
vn -0.0600 0.1536 0.9863
vn -0.0384 0.0970 0.9945
vn 0.0057 0.2283 0.9736
vn -0.0251 0.1617 0.9865
vn -0.0537 0.1038 0.9931
vn -0.0400 0.1188 0.9921
vn 0.0011 0.1634 0.9866
vn -0.0297 0.2327 0.9721
vn -0.0522 0.2176 0.9746
vn -0.0388 0.1469 0.9884
vn -0.0515 0.4250 0.9037
vn 0.0017 0.1992 0.9800
vn -0.0304 0.2413 0.9700
vn -0.0006 0.2365 0.9716
vn 0.0154 0.2153 0.9764
vn -0.0037 0.1921 0.9814
vn 0.1815 -0.7773 0.6024
vn 0.0893 -0.4039 0.9104
vn 0.1774 -0.7737 0.6082
vn 0.0855 -0.3951 0.9147
vn 0.0127 -0.1058 0.9943
vn 0.0175 -0.1344 0.9908
vn -0.0122 -0.0362 0.9993
vn -0.0444 -0.0385 0.9983
vn -0.0345 -0.1025 0.9941
vn -0.0627 -0.1343 0.9890
vn -0.0744 -0.1349 0.9881
vn -0.0530 -0.0894 0.9946
vn -0.0226 -0.1009 0.9946
vn -0.0790 -0.0629 0.9949
vn 0.0034 -0.0069 1.0000
vn -0.0982 -0.1167 0.9883
vn 0.0313 -0.0333 0.9990
vn -0.0294 -0.0872 0.9958
vn -0.0795 -0.1067 0.9911
vn -0.0960 -0.0940 0.9909
vn 0.0649 -0.0460 0.9968
vn 0.0328 -0.0549 0.9980
vn -0.0447 -0.1243 0.9912
vn -0.0579 -0.0181 0.9982
vn -0.0467 -0.0030 0.9989
vn 0.0500 -0.0899 0.9947
vn 0.0350 -0.1332 0.9905
vn 0.0501 -0.0039 0.9987
vn -0.0012 0.0636 0.9980
vn -0.0362 0.0618 0.9974
vn 0.0064 0.0358 0.9993
vn -0.0078 0.1200 0.9927
vn -0.0981 0.4815 0.8709
vn -0.0379 0.1330 0.9904
vn 0.0617 -0.0890 0.9941
vn 0.0642 -0.1685 0.9836
vn 0.0321 0.0021 0.9995
vn 0.0726 -0.1609 0.9843
vn 0.0529 -0.0896 0.9946
vn 0.0326 -0.0974 0.9947
vn 0.0005 0.1276 0.9918
vn 0.0152 0.1725 0.9849
vn 0.0096 0.1211 0.9926
vn -0.0206 0.0482 0.9986
vn -0.0407 0.1758 0.9836
vn -0.0006 0.2347 0.9721
vn 0.0067 0.2571 0.9664
vn -0.0260 0.2195 0.9753
vn -0.0505 0.4101 0.9106
vn -0.0514 0.4695 0.8814
vn 0.0006 0.1703 0.9854
vn -0.0160 0.1554 0.9877
vn -0.0435 0.3954 0.9175
vn -0.0140 0.1266 0.9919
vn -0.0330 0.1473 0.9885
vn 0.0075 0.0641 0.9979
vn -0.0322 0.0903 0.9954
vn -0.0109 0.0776 0.9969
vn 0.0146 0.0434 0.9990
vn -0.0254 0.0698 0.9972
vn -0.0421 0.1533 0.9873
vn -0.0081 0.0349 0.9994
vn -0.0429 0.1618 0.9859
vn -0.0554 0.3946 0.9172
vn -0.0690 0.4177 0.9059
vn -0.0429 0.3865 0.9213
vn -0.0320 0.0407 0.9987
vn -0.0931 0.7613 0.6417
vn -0.0703 0.4386 0.8960
vn -0.0495 0.1752 0.9833
vn -0.0590 0.4927 0.8682
vn 0.0145 -0.0415 0.9990
vn 0.0584 0.0110 0.9982
vn 0.0675 -0.0886 0.9938
vn 0.0643 0.0544 0.9964
vn 0.0821 0.0708 0.9941
vn 0.0557 0.1481 0.9874
vn 0.0367 0.1599 0.9865
vn 0.0536 0.0320 0.9980
vn 0.0338 0.1597 0.9866
vn 0.0294 0.1803 0.9832
vn 0.0297 0.1303 0.9910
vn 0.0085 -0.0419 0.9991
vn 0.0064 0.1707 0.9853
vn 0.0027 -0.0423 0.9991
vn -0.0000 -0.0000 1.0000
vn -0.0035 -0.0356 0.9994
vn -0.0458 0.0753 0.9961
vn -0.0328 -0.0804 0.9962
vn -0.0651 0.0030 0.9979
vn -0.0214 -0.0297 0.9993
vn 0.0774 -0.3652 0.9277
vn -0.0066 -0.0787 0.9969
vn 0.0815 -0.3802 0.9213
vn 0.1729 -0.7627 0.6232
vn 0.1732 -0.7700 0.6141
vn -0.0817 0.4258 0.9011
vn -0.1708 0.7848 0.5958
vn -0.0428 0.1618 0.9859
vn -0.0152 0.0556 0.9983
vn -0.0895 0.4492 0.8889
vn -0.1711 0.7919 0.5862
vn 0.0260 0.0941 0.9952
vn -0.0226 0.0339 0.9992
vn -0.0267 0.1408 0.9897
vn -0.0192 0.0271 0.9994
vn 0.0119 -0.0488 0.9987
vn -0.0218 -0.0226 0.9995
vn -0.0219 0.1121 0.9935
vn -0.0400 -0.0169 0.9991
vn -0.0963 0.4577 0.8839
vn -0.0176 0.0913 0.9957
vn 0.0003 -0.0495 0.9988
vn -0.0127 -0.0292 0.9995
vn 0.0197 -0.0341 0.9992
vn -0.0351 -0.0023 0.9994
vn 0.0360 -0.0119 0.9993
vn 0.0328 -0.0120 0.9994
vn -0.0082 -0.0076 0.9999
vn 0.0238 0.0370 0.9990
vn 0.0597 -0.0105 0.9982
vn 0.0490 -0.0324 0.9983
vn -0.0053 -0.0074 1.0000
vn -0.0400 -0.0168 0.9991
vn 0.0629 -0.0604 0.9962
vn -0.0308 -0.0661 0.9973
vn 0.0367 -0.0688 0.9970
vn -0.0171 -0.0507 0.9986
vn -0.0347 -0.0521 0.9980
vn -0.0031 0.0922 0.9957
vn 0.0438 0.0029 0.9990
vn -0.0050 0.0774 0.9970
vn -0.0277 0.1117 0.9934
vn 0.0326 -0.0050 0.9995
vn 0.0186 0.0295 0.9994
vn -0.0596 0.2392 0.9691
vn -0.0483 0.1112 0.9926
vn 0.0140 0.0080 0.9999
vn 0.0270 -0.0124 0.9996
vn -0.0493 0.2179 0.9747
vn -0.1282 0.5477 0.8268
vn -0.0533 0.0967 0.9939
vn -0.0134 0.0275 0.9995
vn -0.1313 0.5420 0.8301
vn 0.0320 -0.0407 0.9987
vn -0.0382 0.1829 0.9824
vn -0.1313 0.5421 0.8300
vn -0.0271 0.1477 0.9887
vn 0.0235 -0.0480 0.9986
vn -0.1304 0.5329 0.8360
vn -0.0194 0.1193 0.9927
vn -0.1265 0.5244 0.8420
vn -0.0739 0.4022 0.9126
vn -0.0475 0.1463 0.9881
vn -0.0892 0.4879 0.8683
vn -0.1491 0.8114 0.5651
vn -0.1503 0.8283 0.5397
vn -0.1136 0.8235 0.5558
vn -0.1320 0.8057 0.5774
vn -0.1032 0.4662 0.8786
vn -0.1702 0.8140 0.5554
vn -0.0955 0.4486 0.8886
vn -0.1774 0.8169 0.5488
vn 0.0706 -0.0820 0.9941
vn 0.0842 -0.1033 0.9911
vn 0.0425 -0.0684 0.9968
vn 0.0913 -0.0232 0.9956
vn 0.0755 -0.1173 0.9902
vn 0.0567 -0.1468 0.9875
vn 0.0181 -0.0983 0.9950
vn 0.0594 -0.4094 0.9104
vn 0.0874 -0.7691 0.6331
vn 0.0295 -0.4086 0.9122
vn 0.0573 -0.7858 0.6158
vn 0.0611 -0.7965 0.6015
vn 0.0327 -0.4114 0.9109
vn 0.0618 -0.8073 0.5869
vn 0.0301 -0.4175 0.9082
vn 0.0152 -0.0556 0.9983
vn 0.0080 -0.0273 0.9996
vn 0.0166 0.0577 0.9982
vn 0.0683 -0.0529 0.9963
vn 0.0740 0.0048 0.9972
vn 0.0413 -0.0045 0.9991
vn 0.0024 0.0073 1.0000
vn 0.0631 -0.0175 0.9979
vn 0.0611 -0.0319 0.9976
vn -0.0360 0.0119 0.9993
vn 0.0285 0.0089 0.9996
vn 0.0595 -0.0536 0.9968
vn 0.0407 -0.0401 0.9984
vn -0.0241 0.0126 0.9996
vn 0.0252 0.0158 0.9996
vn 0.0075 -0.0702 0.9975
vn 0.0391 -0.0616 0.9973
vn 0.0185 0.0295 0.9994
vn 0.0082 0.0076 0.9999
vn 0.0023 -0.0353 0.9994
vn 0.0143 -0.0845 0.9963
vn -0.0320 0.4472 0.8939
vn 0.0037 0.0785 0.9969
vn 0.0193 0.1077 0.9940
vn 0.0725 0.0191 0.9972
vn 0.0741 0.0482 0.9961
vn 0.1001 0.0359 0.9943
vn 0.0449 0.0314 0.9985
vn 0.0544 -0.0250 0.9982
vn -0.1752 0.7954 0.5803
vn -0.1022 0.4513 0.8865
vn -0.1853 0.7910 0.5831
vn -0.1934 0.7909 0.5806
vn -0.1109 0.4386 0.8918
vn -0.0161 0.1125 0.9935
vn -0.1111 0.4446 0.8888
vn -0.0454 0.1546 0.9869
vn -0.1060 0.4602 0.8815
vn -0.1130 0.4744 0.8730
vn -0.0409 0.1328 0.9903
vn -0.0148 0.0486 0.9987
vn -0.0344 0.0334 0.9988
vn -0.0301 0.1045 0.9941
vn -0.1170 0.4888 0.8645
vn -0.0201 0.0412 0.9989
vn -0.0294 0.0052 0.9996
vn -0.0234 0.0909 0.9956
vn -0.1218 0.5066 0.8535
vn -0.0454 0.0682 0.9966
vn 0.0021 0.0143 0.9999
vn -0.0131 -0.0221 0.9997
vn -0.0525 0.0825 0.9952
vn -0.0304 0.0621 0.9976
vn -0.0391 0.0616 0.9973
vn -0.0181 0.0983 0.9950
vn -0.0727 0.4712 0.8790
vn -0.0857 0.8325 0.5473
vn -0.0958 0.7976 0.5955
vn -0.1065 0.7713 0.6275
vn -0.0803 0.7583 0.6470
vn -0.0464 0.8109 0.5834
vn -0.0141 0.5422 0.8401
vn -0.0532 0.7718 0.6336
vn -0.0023 0.3091 0.9510
vn -0.0121 0.5600 0.8284
vn -0.0166 0.2556 0.9666
vn 0.0051 0.3313 0.9435
vn -0.0232 0.4952 0.8685
vn 0.0029 0.1357 0.9907
vn 0.0110 0.3316 0.9433
vn -0.0635 0.7406 0.6690
vn 0.0177 0.1796 0.9836
vn -0.0286 0.4416 0.8968
vn 0.0080 0.2877 0.9577
vn 0.0163 -0.0702 0.9974
vn 0.0286 0.1955 0.9803
vn 0.0017 -0.0706 0.9975
vn 0.0266 -0.0054 0.9996
vn -0.0075 -0.0222 0.9997
vn 0.0046 0.0640 0.9979
vn -0.0412 0.1826 0.9823
vn -0.0358 0.0547 0.9979
vn -0.0616 0.1757 0.9825
vn -0.0624 0.7219 0.6892
vn -0.0621 0.4483 0.8917
vn -0.0505 0.4550 0.8891
vn -0.0758 0.7395 0.6689
vn -0.0459 0.4314 0.9010
vn -0.0829 0.7507 0.6554
vn -0.0707 0.8462 0.5282
vn -0.0266 0.4565 0.8893
vn -0.0312 0.4800 0.8767
vn -0.0381 0.4942 0.8685
vn 0.0001 0.1785 0.9839
vn -0.0052 0.4959 0.8684
vn 0.0738 0.4775 0.8755
vn 0.0559 0.8422 0.5363
vn 0.0100 0.2081 0.9781
vn 0.0460 0.1534 0.9871
vn 0.0324 0.4810 0.8761
vn -0.2335 0.4566 0.8585
vn -0.2147 0.1142 0.9700
vn -0.1743 0.8174 0.5491
vn -0.0953 0.4428 0.8915
vn -0.1013 0.4422 0.8912
vn -0.1918 0.8159 0.5454
vn -0.0544 0.2039 0.9775
vn -0.0640 0.2117 0.9752
vn -0.0563 0.2327 0.9709
vn -0.1051 0.4956 0.8622
vn -0.0501 0.1393 0.9890
vn -0.0500 0.1392 0.9890
vn -0.0534 0.2326 0.9711
vn -0.1097 0.5079 0.8544
vn -0.0355 0.1403 0.9895
vn -0.0325 0.1404 0.9896
vn -0.0618 0.2254 0.9723
vn -0.1136 0.5220 0.8453
vn -0.0375 0.1260 0.9913
vn -0.0685 0.2336 0.9699
vn -0.1213 0.5342 0.8366
vn -0.0161 0.0696 0.9974
vn 0.0084 0.0501 0.9987
vn 0.0271 0.0301 0.9992
vn 0.0058 0.0004 1.0000
vn -0.0069 -0.0288 0.9996
vn -0.0215 0.0623 0.9978
vn -0.0288 0.0406 0.9988
vn -0.0088 -0.0431 0.9990
vn -0.0132 -0.0645 0.9978
vn -0.0335 0.0192 0.9993
vn -0.0542 0.1108 0.9924
vn -0.0389 0.0117 0.9992
vn -0.0458 0.1616 0.9858
vn -0.0434 0.0825 0.9956
vn -0.0993 0.4574 0.8837
vn -0.9727 0.1964 0.1236
vn -0.8227 -0.5634 0.0756
vn -0.8725 -0.4788 0.0977
vn -0.8351 -0.1873 -0.5172
vn -0.8645 -0.1590 -0.4769
vn -0.7799 -0.1294 -0.6124
vn -0.9759 0.1419 -0.1659
vn -0.8432 -0.5372 -0.0192
vn -0.9519 0.0116 -0.3061
vn -0.9894 0.1440 0.0210
vn -0.8937 -0.2171 -0.3927
vn -0.9621 -0.0439 -0.2692
vn -0.8549 -0.2783 -0.4378
vn -0.8531 -0.0218 -0.5213
vn -0.9823 -0.0827 -0.1682
vn -0.9968 0.0495 -0.0634
vn -0.8001 -0.5996 0.0184
vn -0.9467 -0.2473 -0.2066
vn -0.9836 -0.1592 0.0847
vn -0.9943 0.0116 0.1057
vn -0.7873 -0.6122 0.0733
vn -0.9677 -0.2513 0.0209
vn -0.9785 -0.1774 0.1054
vn -0.9959 0.0306 0.0846
vn -0.8064 -0.5867 0.0743
vn -0.9556 -0.2878 0.0627
vn -0.9647 -0.2316 -0.1252
vn -0.9996 -0.0265 -0.0000
vn -0.8146 -0.5752 0.0749
vn -0.9763 -0.2152 -0.0210
vn -0.9766 -0.2152 -0.0000
vn -0.9900 -0.1408 -0.0000
vn -0.8237 -0.5642 0.0568
vn -0.9852 -0.1594 0.0636
vn -0.8345 -0.5497 0.0379
vn -0.9933 -0.0455 0.1061
vn -0.9761 -0.1768 0.1262
vn -0.9979 -0.0648 0.0001
vn -0.8050 -0.5860 0.0927
vn -0.7571 -0.5597 0.3369
vn -0.9943 -0.0074 -0.1059
vn -0.7335 -0.3363 0.5907
vn -0.9997 -0.0073 -0.0213
vn -0.7783 -0.0661 0.6244
vn -0.9891 -0.1024 0.1060
vn -0.9953 -0.0455 0.0850
vn -0.9952 0.0495 0.0844
vn -0.8428 0.0614 0.5347
vn -0.9777 -0.0261 0.2085
vn -0.9889 0.1051 0.1046
vn -0.8772 0.0629 0.4760
vn -0.9028 -0.0059 0.4300
vn -0.9845 -0.1210 0.1267
vn -0.9314 0.0649 0.3582
vn -0.9990 0.0116 0.0425
vn -0.9690 -0.2326 0.0838
vn -0.8713 -0.1083 0.4787
vn -0.8943 0.0634 0.4429
vn -0.9447 -0.0430 0.3252
vn -0.9911 -0.1026 0.0850
vn -0.8791 -0.2488 0.4066
vn -0.9301 -0.1329 0.3425
vn -0.9933 -0.0454 0.1060
vn -0.9891 -0.1407 -0.0425
vn -0.9945 -0.1029 -0.0213
vn -0.9891 -0.1024 0.1059
vn -0.9987 -0.0264 0.0425
vn -0.9869 -0.1597 -0.0212
vn -0.9757 -0.2150 0.0421
vn -0.9566 -0.0435 0.2882
vn -0.9301 -0.1328 0.3425
vn -0.9474 -0.2854 -0.1450
vn -0.9701 -0.1758 0.1672
vn -0.9699 -0.1947 -0.1464
vn -0.9659 -0.1191 0.2298
vn -0.9684 -0.1002 -0.2283
vn -0.9454 -0.0248 -0.3251
vn -0.9764 -0.1579 0.1471
vn -0.9286 -0.2611 0.2638
vn -0.8066 0.0755 -0.5863
vn -0.8094 0.0590 -0.5843
vn -0.8875 -0.0057 -0.4609
vn -0.7814 0.0732 -0.6197
vn -0.9481 -0.1356 -0.2877
vn -0.8876 0.0114 -0.4604
vn -0.8182 0.0276 -0.5743
vn -0.9414 -0.3212 -0.1033
vn -0.9898 -0.1408 -0.0213
vn -0.8594 0.0949 -0.5024
vn -0.9108 -0.1127 -0.3972
vn -0.9482 0.3177 -0.0001
vn -0.8834 0.4498 -0.1315
vn -0.9071 0.0990 -0.4090
vn -0.7849 0.6046 -0.1356
vn -0.9838 0.1044 -0.1456
vn -0.9665 0.2132 -0.1431
vn -0.7053 0.7074 -0.0465
vn -0.9482 -0.1355 0.2875
vn -0.9235 0.0654 0.3779
vn -0.9568 0.1211 0.2645
vn -0.6893 0.7230 0.0457
vn -0.9442 0.0658 0.3227
vn -0.9890 -0.1215 0.0849
vn -0.8582 0.1113 0.5011
vn -0.9665 0.2132 0.1431
vn -0.9732 -0.1575 0.1674
vn -0.9651 0.2489 0.0815
vn -0.9135 -0.2751 0.2998
vn -0.8664 -0.0733 0.4939
vn -0.7494 0.6376 0.1785
vn -0.9348 0.2434 0.2585
vn -0.9132 -0.1491 0.3793
vn -0.8580 0.4724 0.2017
vn -0.9382 0.3316 0.0991
vn -0.9308 0.3633 0.0393
vn -0.9553 0.2844 0.0810
vn -0.9677 -0.2514 -0.0210
vn -0.9114 0.4097 0.0384
vn -0.8860 0.3819 0.2629
vn -0.9077 -0.3118 -0.2810
vn -0.8860 0.1994 0.4187
vn -0.9814 0.1241 -0.1462
vn -0.8530 0.0612 0.5183
vn -0.8157 -0.0529 0.5761
vn -0.9883 0.0865 0.1256
vn -0.8139 -0.1506 0.5612
vn -0.9526 0.2280 0.2012
vn -0.9372 -0.2823 0.2050
vn -0.9124 -0.2766 0.3018
vn -0.8615 0.4383 -0.2564
vn -0.7932 0.1997 -0.5753
vn -0.8966 -0.3444 0.2785
vn -0.9168 0.3950 0.0583
vn -0.8725 -0.2998 0.3859
vn -0.8418 -0.0713 -0.5351
vn -0.9280 -0.2980 0.2236
vn -0.8670 -0.2294 0.4423
vn -0.9310 -0.1695 -0.3233
vn -0.9796 -0.1967 0.0422
vn -0.8787 -0.1783 0.4429
vn -0.9793 -0.1583 -0.1263
vn -0.9925 -0.1220 -0.0002
vn -0.9786 -0.0825 -0.1886
vn -0.9036 -0.1119 0.4135
vn -0.9999 0.0115 0.0001
vn -0.9306 -0.0604 -0.3610
vn -0.9177 0.0296 0.3961
vn -0.9818 0.1429 -0.1252
vn -0.7732 -0.0038 -0.6342
vn -0.9238 -0.0599 -0.3783
vn -0.8929 0.2011 0.4028
vn -0.9222 0.1532 -0.3551
vn -0.8844 0.2990 0.3584
vn -0.8258 -0.0210 -0.5636
vn -0.9908 0.0492 -0.1262
vn -0.9371 0.2089 0.2796
vn -0.7599 -0.3321 -0.5588
vn -0.9487 0.2446 0.2002
vn -0.9712 0.0677 0.2283
vn -0.7764 -0.5692 -0.2706
vn -0.9075 0.2363 0.3473
vn -0.9379 0.1365 0.3189
vn -0.8529 0.0612 0.5185
vn -0.8156 -0.0531 0.5762
vn -0.2229 -0.0145 0.9747
vn -0.2369 -0.0071 0.9715
vn -0.8138 -0.1506 0.5613
vn -0.2563 -0.0082 0.9666
vn -0.8712 -0.1082 0.4789
vn -0.2568 0.0002 0.9665
vn -0.9028 -0.0058 0.4300
vn -0.2353 0.0177 0.9718
vn -0.8771 0.0630 0.4761
vn -0.8427 0.0614 0.5348
vn -0.2084 0.0105 0.9780
vn -0.7782 -0.0661 0.6245
vn -0.1727 -0.1125 0.9785
vn -0.7334 -0.3362 0.5909
vn -0.1503 -0.4365 0.8871
vn -0.7569 -0.5599 0.3369
vn -0.1481 -0.8083 0.5699
vn -0.1647 -0.9687 0.1856
vn -0.1802 -0.9832 0.0300
vn -0.8347 -0.5494 0.0379
vn -0.1748 -0.9844 0.0199
vn -0.8236 -0.5643 0.0567
vn -0.1656 -0.9857 0.0296
vn -0.8063 -0.5868 0.0742
vn -0.1568 -0.9872 0.0294
vn -0.1605 -0.9863 0.0391
vn -0.7874 -0.6121 0.0733
vn -0.1744 -0.9834 0.0495
vn -0.7998 -0.6000 0.0185
vn -0.1894 -0.9811 0.0402
vn -0.8433 -0.5371 -0.0191
vn -0.1988 -0.9798 0.0203
vn -0.8724 -0.4789 0.0977
vn -0.8227 -0.5635 0.0756
vn -0.1747 -0.9734 -0.1484
vn -0.7762 -0.5695 -0.2704
vn -0.1479 -0.8309 -0.5364
vn -0.1491 -0.4785 -0.8653
vn -0.7598 -0.3322 -0.5588
vn -0.1846 -0.1704 -0.9679
vn -0.8257 -0.0209 -0.5637
vn -0.2394 -0.0487 -0.9697
vn -0.3159 -0.0205 -0.9486
vn -0.9925 -0.1219 -0.0001
vn -0.3033 -0.0197 -0.9527
vn -0.9999 0.0117 -0.0000
vn -0.2906 -0.0277 -0.9564
vn -0.9818 0.1427 -0.1254
vn -0.2656 -0.0003 -0.9641
vn -0.9309 -0.1696 -0.3235
vn -0.9221 0.1533 -0.3552
vn -0.2192 0.0099 -0.9756
vn -0.8417 -0.0713 -0.5352
vn -0.1865 0.1199 -0.9751
vn -0.7931 0.1995 -0.5755
vn -0.8614 0.4385 -0.2564
vn -0.2560 0.7929 -0.5529
vn -0.3077 0.9381 -0.1592
vn -0.9167 0.3953 0.0583
vn -0.3182 0.9478 0.0201
vn -0.9482 0.3177 -0.0000
vn -0.2828 0.9574 0.0586
vn -0.8834 0.4498 -0.1314
vn -0.7847 0.6049 -0.1355
vn -0.1812 0.9831 0.0272
vn -0.1705 0.9847 -0.0359
vn -0.7496 0.6374 0.1784
vn -0.2021 0.9751 -0.0915
vn -0.2650 0.9604 -0.0865
vn -0.9308 0.3635 0.0392
vn -0.2951 0.9550 -0.0295
vn -0.9114 0.4097 0.0385
vn -0.2862 0.9497 0.1272
vn -0.8860 0.3819 0.2630
vn -0.2588 0.8148 0.5187
vn -0.8859 0.1995 0.4189
vn -0.2335 0.4565 0.8585
vn -0.2152 0.1142 0.9699
vn 0.4212 -0.9052 -0.0563
vn 0.2770 -0.9577 -0.0775
vn 0.4560 -0.8872 -0.0703
vn 0.2650 -0.9604 -0.0865
vn 0.2574 -0.9655 -0.0383
vn 0.4867 -0.8732 -0.0242
vn 0.4945 -0.8691 0.0123
vn 0.2643 -0.9644 -0.0095
vn 0.4944 -0.8689 0.0244
vn 0.2727 -0.9619 0.0193
vn 0.4945 -0.8691 0.0122
vn 0.2140 -0.9768 -0.0093
vn 0.2693 -0.9629 0.0193
vn 0.4819 -0.8549 0.1922
vn 0.2592 -0.9521 0.1620
vn 0.2171 -0.9754 0.0370
vn 0.2197 -0.7890 0.5737
vn 0.1995 -0.9792 -0.0367
vn 0.2006 -0.9626 0.1822
vn 0.2128 -0.9718 -0.1017
vn 0.1817 -0.8268 -0.5324
vn 0.2094 -0.9716 -0.1104
vn 0.2058 -0.9765 -0.0641
vn 0.2054 -0.9776 -0.0464
vn 0.2092 -0.9705 -0.1195
vn 0.2068 -0.9756 -0.0739
vn 0.2056 -0.9701 -0.1286
vn 0.1776 -0.8234 -0.5389
vn 0.1933 -0.9544 -0.2277
vn 0.1902 -0.9612 -0.1998
vn 0.1967 -0.9489 -0.2466
vn 0.2054 -0.9690 -0.1373
vn 0.1774 -0.8171 -0.5486
vn 0.2042 -0.9517 -0.2292
vn 0.2054 -0.9690 -0.1376
vn 0.1766 -0.8130 -0.5548
vn 0.2059 -0.9759 -0.0720
vn 0.2115 -0.9542 -0.2115
vn 0.2016 -0.9670 -0.1556
vn 0.1734 -0.8135 -0.5551
vn 0.2058 -0.9765 -0.0642
vn 0.2085 -0.9607 -0.1835
vn 0.2006 -0.9658 -0.1645
vn 0.1702 -0.8141 -0.5552
vn 0.2059 -0.9770 -0.0550
vn 0.2089 -0.9637 -0.1661
vn 0.1980 -0.9663 -0.1647
vn 0.1732 -0.8069 -0.5647
vn 0.2061 -0.9781 -0.0275
vn 0.2167 -0.9676 -0.1294
vn 0.1980 -0.9663 -0.1646
vn 0.1729 -0.8001 -0.5744
vn 0.2107 -0.9776 -0.0000
vn 0.2209 -0.9708 -0.0933
vn 0.2006 -0.9626 -0.1822
vn 0.1688 -0.7966 -0.5805
vn 0.2061 -0.9778 0.0367
vn 0.2017 -0.9621 -0.1837
vn 0.1605 -0.7825 -0.6016
vn 0.2025 -0.9772 0.0642
vn 0.1940 -0.9688 -0.1545
vn 0.1589 -0.7638 -0.6256
vn 0.2176 -0.9716 0.0928
vn 0.1877 -0.9714 -0.1457
vn 0.1580 -0.7491 -0.6433
vn 0.2089 -0.9695 0.1285
vn 0.1904 -0.9680 -0.1635
vn 0.1544 -0.7528 -0.6399
vn 0.1804 -0.9742 0.1358
vn 0.1707 -0.9812 0.0904
vn 0.2050 -0.9614 -0.1836
vn 0.1651 -0.7629 -0.6251
vn 0.2028 -0.9785 0.0367
vn 0.2124 -0.9578 -0.1938
vn 0.1668 -0.7814 -0.6013
vn 0.2029 -0.9792 -0.0092
vn 0.2115 -0.9542 -0.2114
vn 0.1620 -0.8003 -0.5773
vn 0.2312 -0.9583 -0.1678
vn 0.2197 -0.7890 -0.5738
vn 0.2173 -0.9761 -0.0092
vn 0.2783 -0.9555 -0.0974
vn 0.3863 -0.6901 -0.6120
vn 0.2826 -0.9574 0.0586
vn 0.4243 -0.9030 0.0675
vn 0.2900 -0.9509 0.1078
vn 0.1217 -0.9697 0.2120
vn 0.1247 -0.7958 0.5926
vn 0.1677 -0.7855 0.5957
vn 0.1134 -0.9929 0.0353
vn -0.1801 -0.9832 0.0300
vn 0.1756 -0.9662 0.1885
vn 0.1135 -0.9935 0.0088
vn -0.1746 -0.9844 0.0199
vn 0.1778 -0.9834 0.0362
vn 0.1199 -0.9927 -0.0088
vn -0.1655 -0.9858 0.0295
vn 0.1845 -0.9828 -0.0000
vn 0.1199 -0.9927 0.0088
vn 0.1301 -0.9913 0.0178
vn 0.1301 -0.9913 -0.0179
vn 0.1811 -0.9831 -0.0272
vn 0.1232 -0.9922 0.0176
vn -0.1566 -0.9872 0.0294
vn 0.1737 -0.9844 0.0270
vn 0.1230 -0.9910 0.0529
vn -0.1600 -0.9863 0.0391
vn 0.0905 -0.9920 0.0880
vn 0.1002 -0.9918 0.0792
vn -0.1744 -0.9834 0.0496
vn 0.1492 -0.9820 0.1155
vn 0.1256 -0.9820 0.1408
vn 0.0808 -0.9953 0.0525
vn -0.1891 -0.9811 0.0403
vn 0.1333 -0.9907 0.0267
vn 0.0767 -0.9832 0.1656
vn 0.1033 -0.9899 0.0967
vn 0.1630 -0.9808 -0.1075
vn 0.1300 -0.9905 -0.0444
vn 0.0838 -0.9909 0.1054
vn 0.1566 -0.9818 -0.1075
vn 0.1490 -0.9757 -0.1604
vn 0.1731 -0.9756 -0.1348
vn 0.0873 -0.9956 -0.0350
vn 0.1814 -0.9507 -0.2517
vn 0.1230 -0.9914 -0.0441
vn 0.1348 -0.7987 -0.5865
vn -0.1742 -0.9734 -0.1485
vn -0.1479 -0.8310 -0.5363
vn 0.1116 -0.9671 -0.2288
vn 0.1708 -0.7851 -0.5953
vn 0.1379 -0.9676 -0.2117
vn 0.0798 -0.7951 -0.6012
vn 0.0504 -0.8252 -0.5626
vn 0.0871 -0.9906 -0.1054
vn 0.0481 -0.8379 -0.5437
vn 0.0711 -0.9956 -0.0613
vn 0.0452 -0.8419 -0.5377
vn 0.0871 -0.9948 0.0525
vn 0.0582 -0.9964 -0.0613
vn 0.0483 -0.8418 -0.5376
vn 0.1162 -0.9885 -0.0966
vn 0.0612 -0.9925 0.1055
vn 0.0582 -0.9952 -0.0786
vn 0.0550 -0.8474 -0.5281
vn 0.0646 -0.9932 -0.0969
vn 0.0515 -0.9931 0.1054
vn 0.0777 -0.9969 -0.0088
vn 0.1358 -0.9850 -0.1060
vn 0.0644 -0.9923 -0.1055
vn 0.0546 -0.8414 -0.5377
vn 0.0645 -0.9933 0.0960
vn 0.0518 -0.9977 0.0438
vn 0.1003 -0.9930 -0.0617
vn 0.0643 -0.9923 -0.1057
vn 0.0546 -0.8415 -0.5375
vn 0.0679 -0.9952 0.0700
vn 0.0615 -0.9980 -0.0175
vn 0.0578 -0.8412 -0.5377
vn 0.0643 -0.9904 -0.1227
vn 0.0614 -0.9950 0.0787
vn 0.0550 -0.9975 0.0438
vn 0.0551 -0.9984 0.0088
vn 0.0582 -0.9964 0.0613
vn 0.0422 -0.9991 0.0088
vn 0.0454 -0.9986 -0.0263
vn 0.0551 -0.9983 -0.0175
vn 0.0616 -0.9981 -0.0000
vn 0.0583 -0.9973 -0.0438
vn 0.0517 -0.9962 -0.0700
vn 0.0583 -0.9980 0.0263
vn 0.0422 -0.9990 -0.0175
vn 0.0680 -0.9977 -0.0000
vn 0.0421 -0.9967 0.0700
vn 0.1199 -0.9924 0.0265
vn 0.0551 -0.9979 0.0351
vn 0.0485 -0.9969 0.0613
vn 0.1333 -0.9907 0.0266
vn 0.1162 -0.9885 0.0966
vn 0.1225 -0.9825 0.1403
vn 0.0673 -0.9866 0.1486
vn 0.0839 -0.9934 0.0787
vn 0.1034 -0.9907 0.0880
vn 0.0809 -0.9967 -0.0000
vn 0.0453 -0.9971 -0.0613
vn 0.0905 -0.9949 -0.0440
vn 0.0839 -0.9934 -0.0786
vn 0.0547 -0.9920 -0.1141
vn 0.0548 -0.9938 -0.0967
vn 0.0809 -0.9966 -0.0175
vn 0.0744 -0.9966 -0.0350
vn 0.0616 -0.9981 -0.0088
vn 0.0712 -0.9968 0.0351
vn 0.0905 -0.9945 0.0525
vn 0.0727 -0.9711 0.2274
vn 0.0762 -0.9784 0.1921
vn 0.0591 -0.8144 0.5773
vn 0.0776 -0.9960 -0.0438
vn 0.0873 -0.9958 0.0263
vn 0.0583 -0.9977 -0.0351
vn 0.0906 -0.9959 -0.0000
vn 0.0809 -0.9964 -0.0263
vn 0.0841 -0.9964 -0.0088
vn 0.0906 -0.9959 0.0088
vn 0.0745 -0.9972 -0.0087
vn 0.0807 -0.9920 0.0967
vn 0.0839 -0.9918 0.0967
vn 0.0838 -0.9909 0.1055
vn 0.0775 -0.9945 0.0700
vn 0.0710 -0.9944 0.0787
vn 0.0897 -0.9819 0.1668
vn 0.0738 -0.9874 0.1400
vn 0.0742 -0.9925 0.0968
vn 0.0837 -0.9889 0.1228
vn 0.0519 -0.9986 -0.0088
vn 0.0712 -0.9975 -0.0000
vn 0.0964 -0.9840 0.1497
vn 0.0776 -0.9960 0.0438
vn 0.0902 -0.9894 0.1141
vn 0.0745 -0.9972 0.0088
vn 0.0832 -0.9841 0.1571
vn 0.0804 -0.9892 0.1228
vn 0.0710 -0.9944 -0.0787
vn 0.0550 -0.9960 -0.0700
vn 0.0646 -0.9948 0.0787
vn 0.0549 -0.9947 -0.0874
vn 0.0580 -0.9936 -0.0969
vn 0.0550 -0.9966 -0.0613
vn 0.0648 -0.9979 0.0088
vn 0.0803 -0.9869 0.1399
vn 0.0841 -0.9958 0.0350
vn 0.0743 -0.9948 0.0700
vn 0.0873 -0.9952 0.0438
vn 0.0359 -0.4618 0.8863
vn 0.0281 -0.4326 0.9011
vn 0.0594 -0.8662 0.4962
vn 0.0708 -0.9899 0.1228
vn 0.0447 -0.9879 0.1487
vn 0.0770 -0.8458 0.5279
vn 0.0995 -0.9824 0.1582
vn 0.0679 -0.8503 0.5219
vn 0.0829 -0.9778 0.1923
vn 0.0631 -0.8269 0.5588
vn 0.0508 -0.4607 0.8861
vn 0.0540 -0.8313 0.5532
vn 0.0637 -0.8346 0.5472
vn 0.0602 -0.9760 0.2091
vn 0.0968 -0.9897 0.1054
vn -0.1485 -0.4786 -0.8654
vn 0.1348 -0.7986 -0.5866
vn 0.2327 -0.9709 -0.0562
vn 0.2432 -0.9582 -0.1506
vn 0.2521 -0.9654 -0.0664
vn 0.2104 -0.9765 0.0462
vn 0.2217 -0.9747 -0.0280
vn 0.2248 -0.9668 -0.1212
vn 0.1737 -0.9788 0.1082
vn 0.1700 -0.9828 0.0718
vn 0.2429 -0.9568 -0.1597
vn 0.2173 -0.9761 -0.0000
vn 0.1945 -0.9767 0.0908
vn 0.2429 -0.9568 -0.1598
vn 0.2408 -0.9628 -0.1229
vn 0.2060 -0.9775 0.0459
vn 0.2506 -0.9531 -0.1700
vn 0.1951 -0.9746 0.1097
vn 0.2213 -0.9730 0.0655
vn 0.1952 -0.9804 0.0273
vn 0.2363 -0.9713 -0.0281
vn 0.1933 -0.9544 0.2276
vn 0.2245 -0.9716 -0.0743
vn 0.2046 -0.9597 0.1924
vn 0.2490 -0.9668 -0.0570
vn 0.2433 -0.9582 -0.1506
vn 0.2331 -0.9723 -0.0187
vn 0.2328 -0.9648 0.1220
vn 0.2439 -0.9661 -0.0847
vn 0.2478 -0.9622 -0.1134
vn 0.2523 -0.9597 -0.1237
vn 0.2330 -0.9721 0.0281
vn 0.2131 -0.9727 0.0922
vn 0.2445 -0.9696 0.0095
vn 0.1987 -0.9758 0.0915
vn 0.2490 -0.9668 0.0570
vn 0.2281 -0.9720 0.0558
vn 0.1969 -0.9557 0.2189
vn 0.2242 -0.9583 0.1771
vn 0.2524 -0.9665 0.0475
vn 0.2527 -0.9674 0.0190
vn 0.2083 -0.9607 0.1835
vn 0.1691 -0.8034 0.5709
vn 0.1752 -0.7956 0.5800
vn 0.1588 -0.8008 0.5775
vn 0.1580 -0.7968 0.5832
vn 0.1617 -0.7935 0.5867
vn 0.2057 -0.9645 0.1658
vn 0.2136 -0.9753 -0.0554
vn 0.1811 -0.9828 -0.0363
vn 0.1691 -0.8033 0.5710
vn 0.2014 -0.9604 0.1925
vn 0.1952 -0.9806 0.0183
vn 0.1662 -0.8106 0.5615
vn 0.1630 -0.8111 0.5617
vn 0.1746 -0.7816 0.5989
vn 0.2351 -0.9477 0.2159
vn 0.1729 -0.7628 0.6231
vn 0.2571 -0.9641 0.0669
vn 0.2292 -0.9380 0.2601
vn 0.2298 -0.9732 -0.0001
vn 0.2257 -0.9706 0.0842
vn 0.2061 -0.9337 0.2929
vn 0.1878 -0.9771 0.0999
vn 0.1643 -0.7480 0.6431
vn 0.1814 -0.9399 0.2892
vn 0.1602 -0.7443 0.6483
vn 0.1584 -0.7565 0.6345
vn 0.1713 -0.9502 0.2603
vn 0.1565 -0.7787 0.6075
vn 0.1697 -0.9806 0.0985
vn 0.1996 -0.9797 0.0184
vn 0.1807 -0.9809 0.0723
vn 0.2331 -0.9723 0.0188
vn 0.1769 -0.9783 0.1082
vn 0.1680 -0.9557 0.2417
vn 0.2183 -0.9748 0.0466
vn 0.2411 -0.9703 0.0189
vn 0.2298 -0.9731 0.0187
vn 0.2445 -0.9696 -0.0000
vn 0.2482 -0.9641 -0.0947
vn 0.2368 -0.9670 -0.0941
vn 0.2399 -0.9590 -0.1507
vn 0.2284 -0.9736 -0.0000
vn 0.2319 -0.9673 -0.1030
vn 0.2278 -0.9591 -0.1679
vn 0.2294 -0.9717 -0.0562
vn 0.2275 -0.9576 -0.1769
vn 0.2214 -0.9730 0.0651
vn 0.2206 -0.9640 0.1487
vn 0.1767 -0.9722 0.1536
vn 0.1556 -0.9761 0.1515
vn 0.1524 -0.9766 0.1515
vn 0.1358 -0.9850 0.1060
vn 0.1702 -0.9784 0.1172
vn 0.1524 -0.9825 0.1073
vn 0.1946 -0.9775 0.0818
vn 0.1843 -0.9818 0.0452
vn 0.2250 -0.9736 0.0372
vn 0.2412 -0.9704 -0.0095
vn 0.2862 -0.9574 -0.0391
vn 0.3055 -0.9509 0.0499
vn 0.2863 -0.9577 0.0293
vn 0.0384 -0.4998 -0.8653
vn 0.0679 -0.8502 -0.5221
vn 0.0384 -0.4999 -0.8652
vn 0.0647 -0.8505 -0.5220
vn 0.0450 -0.5083 -0.8600
vn 0.0808 -0.8551 -0.5122
vn 0.0569 -0.5074 -0.8598
vn 0.0969 -0.8573 -0.5056
vn 0.0576 -0.5165 -0.8543
vn 0.1004 -0.8607 -0.4991
vn 0.0555 -0.5308 -0.8457
vn 0.0673 -0.9866 -0.1486
vn 0.0609 -0.8411 -0.5375
vn 0.0641 -0.8408 -0.5375
vn 0.0735 -0.9817 -0.1754
vn 0.0644 -0.8467 -0.5281
vn 0.0795 -0.9813 -0.1752
vn 0.0679 -0.8504 -0.5217
vn 0.0800 -0.9827 -0.1670
vn 0.0647 -0.8506 -0.5219
vn 0.0841 -0.9961 0.0263
vn 0.0800 -0.9843 -0.1571
vn 0.0808 -0.8551 -0.5121
vn 0.0932 -0.9843 -0.1497
vn 0.0969 -0.8574 -0.5054
vn 0.1092 -0.9813 -0.1582
vn 0.1004 -0.8608 -0.4989
vn 0.0873 -0.9956 0.0351
vn 0.1091 -0.9800 -0.1667
vn 0.1043 -0.8696 -0.4826
vn 0.1002 -0.9948 -0.0175
vn 0.1151 -0.9726 -0.2020
vn 0.0992 -0.8879 -0.4493
vn 0.1036 -0.9927 -0.0617
vn 0.1148 -0.9667 -0.2288
vn 0.0867 -0.8941 -0.4395
vn 0.1000 -0.9894 -0.1053
vn 0.1002 -0.9946 0.0263
vn 0.0956 -0.9729 -0.2106
vn 0.1051 -0.8838 -0.4559
vn 0.1026 -0.9806 -0.1668
vn 0.0905 -0.9949 0.0438
vn 0.1187 -0.9755 -0.1851
vn 0.1306 -0.8738 -0.4684
vn 0.1056 -0.9788 -0.1753
vn 0.1490 -0.9758 -0.1602
vn 0.1274 -0.8742 -0.4686
vn 0.1292 -0.9801 -0.1506
vn 0.1038 -0.9944 0.0176
vn 0.1387 -0.9775 -0.1591
vn 0.1174 -0.8718 -0.4756
vn 0.1492 -0.9771 -0.1515
vn 0.1263 -0.9916 -0.0265
vn 0.1288 -0.9774 -0.1678
vn 0.1328 -0.8588 -0.4948
vn 0.1390 -0.9801 -0.1418
vn 0.1428 -0.9878 -0.0620
vn 0.2193 -0.9521 -0.2129
vn 0.2152 -0.9553 -0.2026
vn 0.2209 -0.9709 -0.0928
vn 0.2206 -0.9700 -0.1022
vn 0.2221 -0.9729 0.0649
vn 0.2174 -0.9750 0.0461
vn 0.2188 -0.9564 -0.1935
vn 0.2174 -0.9707 -0.1020
vn 0.2253 -0.9688 -0.1028
vn 0.2170 -0.9755 0.0370
vn 0.2250 -0.9736 0.0371
vn 0.2063 -0.9732 0.1013
vn 0.2040 -0.9664 0.1561
vn 0.2079 -0.9590 0.1924
vn 0.1876 -0.9762 0.1089
vn 0.2087 -0.9567 0.2029
vn 0.2018 -0.9684 0.1466
vn 0.1879 -0.9726 0.1368
vn 0.2116 -0.9542 0.2114
vn 0.2215 -0.9736 0.0560
vn 0.1980 -0.9663 0.1646
vn 0.1753 -0.9540 0.2434
vn 0.1562 -0.8147 0.5585
vn 0.2050 -0.9614 0.1836
vn 0.2222 -0.9495 0.2216
vn 0.2106 -0.9774 0.0186
vn 0.2226 -0.9514 0.2128
vn 0.1920 -0.9814 -0.0000
vn 0.2156 -0.9571 0.1937
vn 0.2006 -0.9626 0.1820
vn 0.2309 -0.9511 0.2053
vn 0.2013 -0.9656 0.1645
vn 0.1811 -0.9831 0.0272
vn 0.2123 -0.9578 0.1938
vn 0.2312 -0.9583 0.1678
vn 0.1845 -0.9777 0.1000
vn 0.1885 -0.9810 0.0456
vn 0.2310 -0.9510 0.2054
vn 0.2131 -0.9727 0.0921
vn 0.1848 -0.9794 0.0819
vn 0.2508 -0.9474 0.1990
vn 0.1844 -0.9822 0.0362
vn 0.2063 -0.9732 0.1014
vn 0.1844 -0.9825 -0.0272
vn 0.2395 -0.9576 0.1599
vn 0.1951 -0.9797 0.0456
vn 0.2135 -0.9748 0.0646
vn 0.1703 -0.9839 -0.0540
vn 0.2017 -0.9733 0.1096
vn 0.2328 -0.9709 0.0562
vn 0.1952 -0.9804 -0.0274
vn 0.1993 -0.9784 0.0550
vn 0.2251 -0.9739 0.0279
vn 0.1807 -0.9809 -0.0723
vn 0.1938 -0.9622 0.1911
vn 0.1697 -0.7634 0.6233
vn 0.1531 -0.9813 0.1164
vn 0.1386 -0.8022 0.5807
vn 0.1333 -0.8227 0.5526
vn 0.1458 -0.9815 0.1243
vn 0.1318 -0.8433 0.5210
vn 0.1364 -0.9849 0.1069
vn 0.1267 -0.9905 0.0533
vn 0.1291 -0.8555 0.5015
vn 0.1396 -0.9883 0.0621
vn 0.0807 -0.4108 0.9081
vn 0.0805 -0.4502 0.8893
vn 0.1330 -0.8643 0.4850
vn 0.1263 -0.9914 0.0353
vn 0.1326 -0.9810 0.1419
vn 0.1316 -0.9739 0.1849
vn 0.1397 -0.9892 0.0444
vn 0.1398 -0.9901 0.0089
vn 0.1421 -0.9783 0.1505
vn 0.1314 -0.9684 0.2118
vn 0.1284 -0.9706 0.2035
vn 0.1398 -0.9853 0.0980
vn 0.1319 -0.9719 0.1949
vn 0.1535 -0.9881 -0.0000
vn 0.1433 -0.9871 0.0716
vn 0.1242 -0.8746 0.4687
vn 0.0825 -0.4796 0.8736
vn 0.1502 -0.9887 -0.0000
vn 0.1431 -0.9897 -0.0000
vn 0.1174 -0.8718 0.4756
vn 0.1429 -0.9840 0.1068
vn 0.1392 -0.9813 0.1331
vn 0.1232 -0.9924 -0.0000
vn 0.1284 -0.9743 0.1849
vn 0.1227 -0.9847 0.1235
vn 0.1266 -0.9894 0.0709
vn 0.1165 -0.9913 0.0616
vn 0.0938 -0.9952 -0.0263
vn 0.0872 -0.9943 -0.0612
vn 0.0970 -0.9951 0.0175
vn 0.1193 -0.9840 0.1322
vn 0.1318 -0.9755 0.1763
vn 0.1258 -0.9792 0.1592
vn 0.1102 -0.9936 -0.0265
vn 0.0937 -0.9917 -0.0880
vn 0.1492 -0.9771 -0.1516
vn 0.1513 -0.8384 -0.5236
vn 0.1395 -0.9834 -0.1156
vn 0.1465 -0.9859 -0.0803
vn 0.1728 -0.9744 -0.1436
vn 0.1511 -0.8323 -0.5333
vn 0.1602 -0.9838 -0.0808
vn 0.1499 -0.9867 -0.0625
vn 0.1661 -0.9742 -0.1525
vn 0.1472 -0.8288 -0.5398
vn 0.1776 -0.9821 -0.0633
vn 0.1670 -0.9845 -0.0540
vn 0.1662 -0.9695 -0.1801
vn 0.1433 -0.8255 -0.5459
vn 0.1604 -0.9850 -0.0630
vn 0.1743 -0.9827 -0.0634
vn 0.1689 -0.9657 -0.1973
vn 0.1434 -0.8254 -0.5460
vn 0.1637 -0.9845 -0.0629
vn 0.1703 -0.9839 -0.0539
vn 0.1737 -0.9841 0.0360
vn 0.1724 -0.9668 -0.1886
vn 0.1564 -0.8211 -0.5489
vn 0.1810 -0.9824 -0.0453
vn 0.1779 -0.9840 -0.0090
vn 0.1869 -0.9672 -0.1723
vn 0.1694 -0.8100 -0.5614
vn 0.1845 -0.9828 -0.0091
vn 0.2010 -0.9641 -0.1734
vn 0.1985 -0.9797 0.0274
vn 0.2053 -0.9630 -0.1747
vn 0.2062 -0.9774 0.0462
vn 0.2089 -0.9638 -0.1657
vn 0.2092 -0.9652 -0.1567
vn 0.1740 -0.8109 -0.5587
vn 0.2106 -0.9772 0.0278
vn 0.2106 -0.9774 0.0185
vn 0.2126 -0.9645 -0.1566
vn 0.1766 -0.8130 -0.5549
vn 0.2172 -0.9759 0.0185
vn 0.2164 -0.9664 -0.1385
vn 0.1774 -0.8169 -0.5488
vn 0.2218 -0.9750 0.0093
vn 0.2172 -0.9698 -0.1111
vn 0.1845 -0.8133 -0.5518
vn 0.2251 -0.9743 -0.0000
vn 0.2101 -0.9742 -0.0829
vn 0.2061 -0.9778 -0.0367
vn 0.2207 -0.9700 -0.1020
vn 0.1847 -0.8198 -0.5420
vn 0.2218 -0.9751 -0.0000
vn 0.2171 -0.9687 -0.1201
vn 0.2176 -0.9716 -0.0928
vn 0.2106 -0.9774 -0.0185
vn 0.2048 -0.9664 -0.1555
vn 0.2062 -0.9785 -0.0092
vn 0.1598 -0.9861 -0.0446
vn 0.1635 -0.9832 -0.0808
vn 0.1704 -0.9847 0.0360
vn 0.1469 -0.9885 0.0357
vn 0.2291 -0.9705 -0.0750
vn 0.2326 -0.9704 -0.0655
vn 0.2641 -0.9637 -0.0382
vn 0.2364 -0.9716 -0.0094
vn 0.2737 -0.9587 -0.0775
vn 0.2609 -0.9585 -0.1151
vn 0.1097 -0.8985 0.4251
vn 0.0538 -0.5487 0.8343
vn 0.0459 -0.5225 0.8514
vn 0.0844 -0.9057 0.4154
vn 0.0839 -0.9934 0.0786
vn 0.0570 -0.5536 0.8308
vn 0.0798 -0.8861 0.4565
vn 0.0774 -0.9923 0.0967
vn 0.0873 -0.9930 0.0793
vn 0.0962 -0.9813 0.1668
vn 0.1142 -0.9578 0.2637
vn 0.1274 -0.9584 0.2553
vn 0.1149 -0.9709 0.2101
vn 0.1101 -0.9925 0.0529
vn 0.1038 -0.9946 -0.0000
vn 0.1131 -0.9869 0.1149
vn 0.0966 -0.9888 -0.1141
vn 0.1032 -0.9891 -0.1054
vn 0.0807 -0.9936 -0.0786
vn 0.0906 -0.9934 -0.0705
vn 0.1004 -0.9940 -0.0441
vn 0.1037 -0.9940 -0.0353
vn 0.1035 -0.9921 0.0705
vn 0.0840 -0.9951 -0.0525
vn 0.0645 -0.9941 -0.0873
vn 0.0873 -0.9956 0.0350
vn 0.0745 -0.9972 -0.0088
vn 0.0937 -0.9924 0.0796
vn 0.0839 -0.9940 0.0700
vn 0.0937 -0.9946 0.0438
vn 0.1134 -0.9932 0.0264
vn 0.1334 -0.9911 0.0001
vn 0.1431 -0.9895 -0.0178
vn 0.1567 -0.9875 -0.0179
vn 0.1292 -0.9801 0.1506
vn 0.1738 -0.9847 0.0090
vn 0.1567 -0.9876 -0.0000
vn 0.1779 -0.9840 -0.0091
vn 0.1812 -0.9833 0.0181
vn 0.1672 -0.9853 0.0360
vn 0.1917 -0.9799 0.0547
vn 0.1430 -0.9849 0.0980
vn 0.1421 -0.9738 0.1776
vn 0.1705 -0.9803 0.0993
vn 0.1429 -0.9883 0.0532
vn 0.1812 -0.9834 -0.0000
vn 0.1985 -0.9801 0.0091
vn 0.1562 -0.9845 -0.0802
vn 0.2024 -0.9772 0.0638
vn 0.1567 -0.9827 -0.0987
vn 0.1810 -0.9824 0.0453
vn 0.1950 -0.9781 0.0728
vn 0.1844 -0.9827 0.0182
vn 0.2021 -0.9751 0.0915
vn 0.1596 -0.9852 -0.0625
vn 0.1990 -0.9765 0.0825
vn 0.1779 -0.9839 -0.0181
vn 0.1957 -0.9772 0.0825
vn 0.1774 -0.9815 -0.0724
vn 0.1951 -0.9797 0.0458
vn 0.1953 -0.9807 -0.0000
vn 0.1632 -0.9817 -0.0986
vn 0.1845 -0.9777 -0.1000
vn 0.2028 -0.9785 -0.0367
vn 0.1953 -0.9756 -0.1006
vn 0.2138 -0.9762 -0.0370
vn 0.1919 -0.9807 -0.0365
vn 0.2139 -0.9767 -0.0185
vn 0.2093 -0.9652 -0.1567
vn 0.1919 -0.9810 -0.0274
vn 0.1849 -0.9800 -0.0729
vn 0.1866 -0.9656 -0.1811
vn 0.1910 -0.9707 -0.1457
vn 0.1897 -0.9594 -0.2087
vn 0.1836 -0.9678 -0.1724
vn 0.2004 -0.9504 -0.2379
vn 0.1839 -0.9692 -0.1635
vn 0.1888 -0.9488 -0.2534
vn 0.1941 -0.9639 -0.1824
vn 0.1777 -0.9491 -0.2601
vn 0.1905 -0.9629 -0.1912
vn 0.1883 -0.9466 -0.2618
vn 0.1901 -0.9665 -0.1722
vn 0.2033 -0.9476 -0.2464
vn 0.2156 -0.9510 -0.2218
vn 0.1843 -0.9818 -0.0453
vn 0.1841 -0.9809 -0.0633
vn 0.1951 -0.9797 -0.0456
vn 0.1775 -0.9815 -0.0723
vn 0.1877 -0.9821 -0.0181
vn 0.1886 -0.9814 -0.0365
vn 0.1492 -0.9820 -0.1156
vn 0.1463 -0.9844 -0.0980
vn 0.1886 -0.9817 -0.0274
vn 0.1705 -0.9850 0.0272
vn 0.1812 -0.9833 -0.0181
vn 0.1469 -0.9890 0.0179
vn 0.1599 -0.9865 0.0357
vn 0.1887 -0.9820 -0.0091
vn 0.1705 -0.9854 -0.0001
vn 0.1567 -0.9875 0.0179
vn 0.1598 -0.9861 0.0446
vn 0.1468 -0.9877 0.0537
vn 0.1530 -0.9803 0.1252
vn 0.1735 -0.9728 0.1536
vn 0.0744 -0.9958 0.0525
vn 0.0712 -0.9971 -0.0263
vn 0.0772 -0.9894 0.1228
vn 0.0680 -0.9967 0.0438
vn 0.0320 -0.9930 0.1141
vn 0.0707 -0.9888 0.1314
vn 0.0862 -0.9792 0.1838
vn 0.0417 -0.9916 0.1228
vn 0.1130 -0.8594 0.4987
vn 0.0375 -0.4854 0.8735
vn 0.0901 -0.9883 0.1228
vn 0.1629 -0.9748 0.1526
vn 0.1659 -0.9729 0.1613
vn 0.1320 -0.9769 0.1678
vn 0.1413 -0.9689 0.2032
vn 0.0777 -0.9966 -0.0263
vn 0.0648 -0.9979 -0.0000
vn 0.0454 -0.9986 0.0263
vn 0.0518 -0.9977 -0.0438
vn 0.0452 -0.9952 -0.0873
vn 0.0418 -0.9952 -0.0880
vn 0.0647 -0.9965 0.0525
vn 0.0761 -0.9728 0.2190
vn 0.0517 -0.9948 -0.0873
vn 0.0519 -0.9987 -0.0000
vn 0.0699 -0.9772 0.2007
vn 0.0661 -0.8242 0.5624
vn 0.0609 -0.9870 0.1486
vn 0.0615 -0.9981 -0.0088
vn 0.0705 -0.9864 0.1486
vn 0.0591 -0.8142 0.5775
vn 0.0529 -0.8146 0.5776
vn 0.0310 -0.4768 0.8785
vn 0.1100 -0.4748 0.8732
vn 0.1654 -0.8441 0.5101
vn 0.1925 -0.9503 0.2448
vn 0.1773 -0.8537 0.4896
vn 0.1088 -0.4989 0.8598
vn 0.1962 -0.9517 0.2361
vn 0.1805 -0.8589 0.4793
vn 0.2037 -0.9497 0.2378
vn 0.2265 -0.9410 0.2514
vn 0.1845 -0.8620 0.4722
vn 0.1059 -0.5047 0.8568
vn 0.2492 -0.9288 0.2743
vn 0.1957 -0.8562 0.4782
vn 0.1067 -0.5138 0.8512
vn 0.2412 -0.9314 0.2725
vn 0.2143 -0.9395 0.2672
vn 0.2035 -0.8285 0.5217
vn 0.1936 -0.7980 0.5707
vn 0.1818 -0.7846 0.5928
vn 0.0925 -0.4490 0.8887
vn 0.0974 -0.4783 0.8728
vn 0.0817 -0.4707 -0.8785
vn 0.1434 -0.8253 -0.5462
vn 0.0847 -0.4703 -0.8784
vn 0.1434 -0.8253 -0.5461
vn 0.0905 -0.4642 -0.8811
vn 0.0992 -0.4517 -0.8866
vn 0.1020 -0.4456 -0.8894
vn 0.1817 -0.8267 -0.5325
vn 0.1776 -0.8234 -0.5390
vn 0.0606 -0.5161 -0.8544
vn 0.0992 -0.8878 -0.4494
vn 0.0559 -0.5344 -0.8434
vn 0.1043 -0.8695 -0.4828
vn 0.0867 -0.8940 -0.4396
vn 0.0666 -0.5156 -0.8542
vn 0.1051 -0.8836 -0.4562
vn 0.0724 -0.5097 -0.8573
vn 0.1305 -0.8737 -0.4686
vn 0.0753 -0.5094 -0.8572
vn 0.0754 -0.5095 -0.8572
vn 0.1174 -0.8716 -0.4759
vn 0.0864 -0.4939 -0.8652
vn 0.1328 -0.8587 -0.4950
vn 0.0913 -0.4732 -0.8762
vn 0.1513 -0.8383 -0.5238
vn 0.0877 -0.4700 -0.8783
vn 0.1511 -0.8322 -0.5335
vn 0.0883 -0.4734 -0.8764
vn 0.1225 -0.9836 0.1322
vn 0.1038 -0.8660 0.4891
vn 0.1172 -0.8663 0.4856
vn 0.1205 -0.8714 0.4755
vn 0.0849 -0.8678 0.4896
vn 0.0621 -0.5391 0.8399
vn 0.0673 -0.5246 0.8487
vn 0.0752 -0.5042 0.8603
vn 0.2326 -0.9704 0.0655
vn 0.2027 -0.9782 0.0459
vn 0.2186 -0.9433 0.2498
vn 0.2229 -0.9468 0.2322
vn 0.1774 -0.7738 0.6081
vn 0.2329 -0.9714 0.0468
vn 0.2114 -0.9476 0.2394
vn 0.1815 -0.7776 0.6020
vn 0.2004 -0.9550 0.2187
vn 0.1729 -0.7629 0.6230
vn 0.2108 -0.9455 0.2481
vn 0.1733 -0.7701 0.6139
vn 0.1920 -0.9814 0.0091
vn 0.1812 -0.9828 -0.0362
vn 0.0321 -0.4947 -0.8685
vn 0.0640 -0.8407 -0.5377
vn 0.0315 -0.4858 -0.8735
vn 0.0644 -0.8467 -0.5282
vn 0.0609 -0.8407 -0.5381
vn 0.0310 -0.4771 -0.8783
vn 0.0578 -0.8411 -0.5378
vn 0.0302 -0.4656 -0.8845
vn 0.0546 -0.8413 -0.5378
vn 0.0270 -0.4624 -0.8863
vn 0.0550 -0.8473 -0.5283
vn 0.0267 -0.4569 -0.8891
vn 0.0227 -0.4421 -0.8967
vn 0.0483 -0.8417 -0.5378
vn 0.1084 -0.9674 0.2289
vn 0.0874 -0.7692 0.6330
vn 0.0728 -0.9711 0.2274
vn 0.0611 -0.7966 0.6014
vn 0.0619 -0.8074 0.5868
vn 0.3665 0.3848 -0.8471
vn 0.1301 0.2058 -0.9699
vn 0.1113 0.1629 -0.9803
vn 0.0362 0.1668 -0.9853
vn 0.3646 0.3934 -0.8440
vn 0.0321 0.1375 -0.9900
vn 0.0272 0.1232 -0.9920
vn 0.1321 0.1063 -0.9855
vn 0.3621 0.4547 -0.8137
vn 0.0357 0.1737 -0.9842
vn 0.0332 0.0307 -0.9990
vn 0.0394 -0.0189 -0.9990
vn 0.0500 0.1912 -0.9803
vn 0.0413 -0.1398 -0.9893
vn 0.0424 0.0241 -0.9988
vn 0.0689 -0.1036 -0.9922
vn 0.0847 -0.0234 -0.9961
vn 0.2173 0.1865 -0.9581
vn 0.0578 0.1118 -0.9920
vn 0.0285 -0.1256 -0.9917
vn 0.0563 0.1329 -0.9895
vn 0.0487 -0.2487 -0.9674
vn 0.0492 0.0104 -0.9987
vn 0.0723 0.1714 -0.9825
vn 0.0508 -0.0608 -0.9969
vn 0.0905 0.0350 -0.9953
vn 0.0364 -0.1110 -0.9932
vn 0.0759 -0.0240 -0.9968
vn 0.0063 -0.0067 -1.0000
vn 0.0107 0.0149 -0.9998
vn 0.0781 0.0850 -0.9933
vn -0.0208 0.1842 -0.9827
vn 0.0374 0.1960 -0.9799
vn -0.0314 0.1254 -0.9916
vn -0.0006 0.0995 -0.9950
vn -0.0562 0.1831 -0.9815
vn -0.0747 0.1901 -0.9789
vn 0.0493 0.0531 -0.9974
vn 0.0391 0.0737 -0.9965
vn -0.0772 0.1829 -0.9801
vn -0.1027 0.3749 -0.9214
vn 0.0108 0.0573 -0.9983
vn 0.0941 0.0793 -0.9924
vn -0.1119 0.4140 -0.9034
vn 0.0434 0.0527 -0.9977
vn 0.0067 -0.0137 -0.9999
vn 0.0306 -0.1115 -0.9933
vn -0.0154 -0.1216 -0.9925
vn 0.0745 0.1432 -0.9869
vn 0.0516 -0.0749 -0.9959
vn 0.0402 -0.2117 -0.9765
vn 0.0130 -0.1556 -0.9877
vn 0.0737 -0.1817 -0.9806
vn 0.0805 -0.1896 -0.9786
vn 0.0921 -0.3138 -0.9450
vn 0.0816 -0.2481 -0.9653
vn 0.0737 -0.2689 -0.9603
vn 0.0518 -0.2109 -0.9761
vn 0.0675 -0.3069 -0.9493
vn 0.1580 -0.7488 -0.6436
vn 0.0268 -0.2330 -0.9721
vn 0.0537 -0.3274 -0.9433
vn 0.1544 -0.7527 -0.6400
vn 0.0514 -0.3798 -0.9236
vn 0.1651 -0.7628 -0.6252
vn 0.1668 -0.7813 -0.6014
vn 0.0094 -0.2341 -0.9722
vn 0.0183 -0.1911 -0.9814
vn 0.0700 -0.4327 -0.8988
vn 0.0857 -0.4404 -0.8937
vn 0.1619 -0.8002 -0.5775
vn 0.0413 -0.0967 -0.9945
vn 0.0656 -0.0101 -0.9978
vn 0.1295 -0.3874 -0.9128
vn 0.2196 -0.7889 -0.5739
vn 0.3863 -0.6900 -0.6121
vn 0.2642 -0.2588 -0.9291
vn 0.1841 0.0984 -0.9780
vn 0.4755 0.2568 -0.8414
vn 0.5730 -0.2201 -0.7894
vn 0.3937 0.3896 -0.8326
vn 0.1310 -0.4551 -0.8808
vn -0.1486 -0.4785 -0.8654
vn 0.1708 -0.7849 -0.5956
vn 0.1571 -0.4062 -0.9002
vn -0.1836 -0.1703 -0.9681
vn 0.1101 -0.2061 -0.9723
vn -0.2393 -0.0488 -0.9697
vn 0.1666 -0.2025 -0.9650
vn 0.0680 -0.1390 -0.9880
vn 0.0172 -0.1760 -0.9842
vn 0.0384 -0.4997 -0.8654
vn 0.0145 -0.1776 -0.9840
vn 0.0384 -0.4996 -0.8654
vn -0.0029 -0.0002 -1.0000
vn 0.0450 -0.5081 -0.8601
vn 0.0569 -0.5073 -0.8599
vn 0.0193 -0.1621 -0.9866
vn 0.0034 -0.0069 -1.0000
vn 0.0139 -0.1694 -0.9855
vn 0.0576 -0.5160 -0.8547
vn 0.0555 -0.5306 -0.8458
vn -0.0353 0.1831 -0.9825
vn -0.1121 0.4595 -0.8811
vn -0.1012 0.4868 -0.8676
vn -0.0944 0.4783 -0.8731
vn -0.0464 0.4845 -0.8736
vn -0.1662 0.8105 -0.5617
vn -0.1677 0.7851 -0.5962
vn -0.1651 0.7628 -0.6252
vn -0.1318 0.8431 -0.5214
vn 0.0796 0.5624 -0.8230
vn 0.1742 0.2812 -0.9437
vn 0.4062 0.5072 -0.7601
vn 0.0170 0.1436 -0.9895
vn 0.0054 0.1429 -0.9897
vn 0.0112 0.1432 -0.9896
vn 0.0137 0.0575 -0.9983
vn 0.0293 -0.0905 -0.9955
vn 0.0209 0.0368 -0.9991
vn 0.0210 -0.0549 -0.9983
vn 0.0357 -0.1899 -0.9812
vn 0.0009 0.1206 -0.9927
vn -0.0127 0.1057 -0.9943
vn 0.0324 -0.1833 -0.9825
vn 0.0847 -0.4703 -0.8785
vn 0.0021 0.0567 -0.9984
vn 0.0817 -0.4705 -0.8786
vn 0.0168 -0.0343 -0.9993
vn 0.0378 -0.1760 -0.9837
vn 0.0905 -0.4640 -0.8812
vn 0.1564 -0.8210 -0.5491
vn 0.1694 -0.8100 -0.5615
vn 0.0963 -0.4577 -0.8839
vn 0.1702 -0.8139 -0.5555
vn 0.0396 -0.1607 -0.9862
vn 0.0925 -0.4489 -0.8888
vn 0.1734 -0.8134 -0.5553
vn 0.0179 -0.0060 -0.9998
vn 0.0354 -0.1407 -0.9894
vn 0.0923 -0.4431 -0.8917
vn 0.0953 -0.4428 -0.8915
vn 0.1740 -0.8108 -0.5589
vn 0.0292 -0.1336 -0.9906
vn 0.0140 0.0080 -0.9999
vn 0.0113 0.0503 -0.9987
vn 0.1766 -0.8129 -0.5550
vn 0.0257 -0.1258 -0.9917
vn -0.0000 -0.0000 -1.0000
vn 0.0253 -0.1257 -0.9917
vn 0.0003 0.0008 -1.0000
vn -0.0105 0.0276 -0.9996
vn 0.0915 -0.4340 -0.8963
vn 0.0256 -0.1258 -0.9917
vn -0.0053 -0.0074 -1.0000
vn -0.0067 0.0137 -0.9999
vn 0.0944 -0.4337 -0.8961
vn 0.1845 -0.8132 -0.5520
vn 0.0282 -0.1188 -0.9925
vn -0.0015 -0.0214 -0.9998
vn -0.0116 -0.0008 -0.9999
vn 0.0973 -0.4275 -0.8988
vn 0.1847 -0.8197 -0.5422
vn 0.0272 -0.1047 -0.9941
vn 0.0047 -0.0280 -0.9996
vn -0.0131 -0.0221 -0.9997
vn 0.1817 -0.8266 -0.5327
vn 0.0239 -0.0979 -0.9949
vn 0.0114 -0.0417 -0.9991
vn -0.0035 -0.0356 -0.9994
vn 0.0953 -0.4427 -0.8916
vn 0.0210 -0.0981 -0.9950
vn 0.0139 -0.0345 -0.9993
vn 0.0056 -0.0422 -0.9991
vn 0.0983 -0.4425 -0.8914
vn 0.0106 -0.0272 -0.9996
vn 0.0123 -0.0558 -0.9984
vn 0.0992 -0.4516 -0.8867
vn 0.0210 -0.0983 -0.9949
vn 0.0043 -0.0210 -0.9998
vn 0.0196 -0.0770 -0.9968
vn 0.0190 -0.1123 -0.9935
vn 0.1020 -0.4453 -0.8896
vn -0.0011 -0.0284 -0.9996
vn 0.0181 -0.0983 -0.9950
vn 0.1011 -0.4363 -0.8941
vn 0.1776 -0.8232 -0.5392
vn 0.0335 -0.1113 -0.9932
vn -0.0026 -0.0497 -0.9988
vn 0.0107 -0.1199 -0.9927
vn 0.0974 -0.4334 -0.8959
vn 0.0359 -0.1041 -0.9939
vn 0.0143 -0.0416 -0.9990
vn 0.0136 -0.1196 -0.9927
vn 0.0981 -0.4366 -0.8943
vn 0.0223 -0.1191 -0.9926
vn 0.0186 -0.0624 -0.9979
vn 0.0243 -0.1049 -0.9942
vn 0.1702 -0.8140 -0.5554
vn 0.0267 -0.1409 -0.9897
vn 0.0069 -0.1061 -0.9943
vn 0.0136 -0.1197 -0.9927
vn -0.0226 0.1688 -0.9854
vn -0.0204 0.1342 -0.9907
vn -0.0003 0.1854 -0.9827
vn -0.0340 0.3416 -0.9392
vn 0.0031 0.1787 -0.9839
vn 0.0091 0.2217 -0.9751
vn 0.0297 0.1303 -0.9910
vn -0.0371 0.0758 -0.9964
vn 0.0259 0.1870 -0.9820
vn 0.0024 0.1427 -0.9898
vn 0.0626 0.1332 -0.9891
vn 0.0274 0.0730 -0.9970
vn 0.0529 0.1398 -0.9888
vn 0.0193 0.1077 -0.9940
vn -0.0093 0.0989 -0.9951
vn 0.0404 0.1028 -0.9939
vn 0.0282 0.1512 -0.9881
vn 0.0284 0.1013 -0.9945
vn -0.0351 -0.0023 -0.9994
vn -0.0810 -0.0342 -0.9961
vn -0.0608 -0.1120 -0.9918
vn -0.0579 -0.0611 -0.9965
vn -0.0347 -0.0946 -0.9949
vn -0.0373 0.0332 -0.9988
vn -0.0232 -0.0015 -0.9997
vn -0.0338 -0.0663 -0.9972
vn -0.0267 -0.1302 -0.9911
vn -0.0058 -0.0004 -1.0000
vn -0.0304 0.0621 -0.9976
vn -0.0076 0.0278 -0.9996
vn -0.0123 0.0558 -0.9984
vn -0.0119 0.0488 -0.9987
vn -0.0329 0.0549 -0.9980
vn -0.0157 0.0626 -0.9979
vn 0.0153 0.0793 -0.9967
vn 0.0247 -0.1549 -0.9876
vn 0.0068 -0.1491 -0.9888
vn 0.0301 -0.1046 -0.9941
vn 0.0271 -0.1477 -0.9887
vn 0.0131 -0.1127 -0.9935
vn 0.0559 -0.5342 -0.8435
vn 0.0606 -0.5159 -0.8545
vn 0.0666 -0.5155 -0.8543
vn 0.0723 -0.5095 -0.8574
vn 0.0753 -0.5093 -0.8573
vn 0.0301 -0.1475 -0.9886
vn 0.0753 -0.5092 -0.8573
vn -0.0041 -0.0709 -0.9975
vn 0.0864 -0.4938 -0.8653
vn 0.0913 -0.4731 -0.8763
vn 0.0284 -0.1684 -0.9853
vn 0.0024 -0.1274 -0.9918
vn 0.0332 -0.1970 -0.9798
vn 0.0394 -0.1981 -0.9794
vn 0.0180 -0.1413 -0.9898
vn -0.0038 -0.1208 -0.9927
vn 0.0210 -0.0552 -0.9983
vn 0.0261 0.0017 -0.9997
vn -0.0306 0.1115 -0.9933
vn 0.0032 0.0856 -0.9963
vn -0.0337 -0.0236 -0.9992
vn -0.0308 0.0263 -0.9992
vn 0.0069 0.1638 -0.9865
vn 0.0287 0.1443 -0.9891
vn -0.0380 0.2255 -0.9735
vn -0.0314 0.2123 -0.9767
vn -0.0126 0.1487 -0.9888
vn -0.1032 0.4662 -0.8786
vn -0.0395 0.2474 -0.9681
vn -0.0913 0.4731 -0.8763
vn -0.0952 0.4875 -0.8679
vn -0.0433 0.1687 -0.9847
vn -0.0223 -0.0156 -0.9996
vn -0.0973 0.4723 -0.8761
vn -0.0404 0.1258 -0.9912
vn -0.0194 -0.0154 -0.9997
vn -0.0330 0.1043 -0.9940
vn -0.0121 0.0063 -0.9999
vn -0.0322 0.0903 -0.9954
vn -0.0159 0.0202 -0.9997
vn -0.0973 0.4275 -0.8988
vn -0.1603 0.8245 -0.5427
vn -0.0180 0.0560 -0.9983
vn -0.0140 -0.0080 -0.9999
vn -0.0034 0.0069 -1.0000
vn -0.0066 0.0562 -0.9984
vn -0.0161 0.0696 -0.9974
vn 0.0031 0.0427 -0.9991
vn -0.0494 0.3059 -0.9508
vn -0.0593 0.3206 -0.9454
vn -0.1240 0.7440 -0.6566
vn 0.0129 0.0721 -0.9973
vn -0.0663 0.3354 -0.9397
vn -0.1314 0.7548 -0.6427
vn -0.0324 0.0478 -0.9983
vn -0.1508 0.7456 -0.6491
vn -0.0790 0.3434 -0.9359
vn -0.0264 0.0478 -0.9985
vn -0.0362 0.0618 -0.9974
vn -0.0445 0.0541 -0.9975
vn -0.0157 0.0625 -0.9979
vn 0.0011 0.0284 -0.9996
vn -0.0284 0.0336 -0.9990
vn 0.0169 0.0082 -0.9998
vn -0.0005 0.0071 -1.0000
vn -0.0020 -0.0143 -0.9999
vn -0.0073 -0.0217 -0.9997
vn 0.0038 -0.0139 -0.9999
vn -0.0227 -0.0085 -0.9997
vn -0.0093 -0.0360 -0.9993
vn -0.0136 -0.0150 -0.9998
vn -0.0212 0.0128 -0.9997
vn -0.0897 0.3606 -0.9284
vn -0.0128 0.0628 -0.9979
vn -0.0239 0.0550 -0.9982
vn -0.0105 0.0277 -0.9996
vn -0.0235 0.0480 -0.9986
vn -0.0215 0.0623 -0.9978
vn -0.0184 -0.0295 -0.9994
vn -0.0188 0.0200 -0.9996
vn -0.0378 0.0403 -0.9985
vn -0.0146 -0.0434 -0.9990
vn -0.0082 -0.0076 -0.9999
vn -0.0044 -0.0215 -0.9998
vn -0.0017 -0.0071 -1.0000
vn -0.0177 0.0484 -0.9987
vn -0.0299 0.0122 -0.9995
vn -0.0078 -0.0147 -0.9999
vn -0.0043 0.0210 -0.9998
vn -0.0064 -0.0358 -0.9993
vn -0.0130 0.0204 -0.9997
vn -0.0032 -0.0864 -0.9963
vn 0.0040 -0.1063 -0.9943
vn -0.0370 -0.0167 -0.9992
vn -0.0342 -0.0592 -0.9977
vn -0.0069 -0.0288 -0.9996
vn -0.0400 -0.0596 -0.9974
vn -0.1002 0.8143 -0.5717
vn -0.0458 0.3863 -0.9212
vn -0.0939 0.8152 -0.5715
vn -0.0500 0.3584 -0.9322
vn -0.0524 0.3948 -0.9173
vn 0.0053 0.0074 -1.0000
vn -0.0837 0.8053 -0.5869
vn -0.0154 0.0132 -0.9998
vn -0.0488 0.3861 -0.9212
vn 0.0066 -0.0561 -0.9984
vn -0.0201 0.0412 -0.9989
vn -0.0589 0.3577 -0.9320
vn -0.0225 0.0768 -0.9968
vn -0.0503 0.3646 -0.9298
vn -0.0413 0.0044 -0.9991
vn -0.0214 -0.0297 -0.9993
vn -0.0200 -0.0508 -0.9985
vn -0.0550 0.0753 -0.9956
vn -0.0671 -0.0116 -0.9977
vn -0.0818 0.0236 -0.9964
vn -0.0305 -0.0232 -0.9993
vn -0.0780 -0.0340 -0.9964
vn -0.0203 -0.0013 -0.9998
vn -0.0314 -0.0091 -0.9995
vn -0.0052 0.0351 -0.9994
vn -0.0096 0.0135 -0.9999
vn 0.0044 0.0215 -0.9998
vn 0.0015 0.0213 -0.9998
vn 0.0035 0.0356 -0.9994
vn 0.0151 0.0364 -0.9992
vn 0.0154 0.1215 -0.9925
vn 0.0105 0.1072 -0.9942
vn 0.0182 0.0795 -0.9967
vn 0.0161 0.0647 -0.9978
vn -0.0003 0.0495 -0.9988
vn 0.0178 0.0865 -0.9961
vn 0.0134 0.0650 -0.9978
vn 0.0006 0.0354 -0.9994
vn 0.0100 0.0719 -0.9974
vn 0.0160 0.0223 -0.9996
vn 0.0236 0.0869 -0.9959
vn 0.0337 0.0663 -0.9972
vn 0.0144 0.0934 -0.9955
vn -0.0041 0.0634 -0.9980
vn 0.0293 0.0447 -0.9986
vn 0.0377 0.0593 -0.9975
vn 0.0165 0.0152 -0.9997
vn -0.0063 0.0067 -1.0000
vn 0.0064 0.0358 -0.9993
vn 0.0244 -0.0621 -0.9978
vn 0.0037 -0.0564 -0.9984
vn -0.0181 0.0555 -0.9983
vn -0.0415 0.3652 -0.9300
vn -0.0012 0.0636 -0.9980
vn -0.0317 0.3508 -0.9359
vn -0.0767 0.7952 -0.6015
vn 0.0230 0.0514 -0.9984
vn -0.0252 0.3422 -0.9393
vn -0.0563 0.7716 -0.6336
vn -0.0248 0.3359 -0.9416
vn 0.0086 0.0930 -0.9956
vn -0.0458 0.7535 -0.6559
vn -0.0074 0.1131 -0.9936
vn -0.0510 0.7381 -0.6728
vn -0.0238 0.3207 -0.9469
vn -0.0136 0.1196 -0.9927
vn -0.0608 0.7450 -0.6643
vn -0.0347 0.3070 -0.9511
vn -0.0582 0.7527 -0.6558
vn -0.0210 0.0981 -0.9950
vn -0.0425 0.2911 -0.9558
vn -0.0454 0.0682 -0.9966
vn -0.0389 0.7423 -0.6689
vn -0.0407 0.0401 -0.9984
vn -0.0308 0.2480 -0.9683
vn -0.0425 0.0684 -0.9968
vn -0.0485 0.0254 -0.9985
vn -0.0133 0.2051 -0.9786
vn -0.0098 0.1059 -0.9943
vn -0.0315 0.0336 -0.9989
vn -0.0259 0.0408 -0.9988
vn 0.0197 0.0583 -0.9981
vn -0.0369 0.0263 -0.9990
vn 0.0146 0.0434 -0.9989
vn -0.0481 0.0183 -0.9987
vn -0.0294 0.0052 -0.9996
vn 0.0179 -0.0059 -0.9998
vn 0.0145 0.0009 -0.9999
vn -0.0150 0.0061 -0.9999
vn -0.0293 0.0476 -0.9984
vn -0.0007 0.0566 -0.9984
vn -0.0234 0.0909 -0.9956
vn -0.0089 0.0919 -0.9957
vn 0.0107 0.0148 -0.9998
vn 0.0117 0.0432 -0.9990
vn -0.0037 0.0564 -0.9984
vn -0.0125 0.0134 -0.9998
vn 0.0028 -0.1770 -0.9842
vn 0.0038 -0.1492 -0.9888
vn 0.0023 -0.1701 -0.9854
vn 0.0315 -0.4856 -0.8736
vn 0.0056 -0.1784 -0.9839
vn -0.0024 -0.0072 -1.0000
vn 0.0058 0.0004 -1.0000
vn 0.0120 -0.1847 -0.9827
vn 0.0321 -0.4946 -0.8685
vn 0.0609 -0.8409 -0.5378
vn 0.0309 -0.4767 -0.8785
vn 0.0302 -0.4654 -0.8846
vn 0.0546 -0.8412 -0.5379
vn 0.0270 -0.4623 -0.8863
vn -0.0014 -0.1136 -0.9935
vn 0.0267 -0.4566 -0.8893
vn -0.0118 0.0063 -0.9999
vn -0.0178 0.0120 -0.9998
vn -0.0060 -0.0859 -0.9963
vn 0.0227 -0.4419 -0.8968
vn -0.0072 0.0208 -0.9998
vn -0.0174 -0.0011 -0.9998
vn -0.0288 0.0406 -0.9988
vn -0.0136 -0.0574 -0.9983
vn 0.0158 -0.4275 -0.9039
vn 0.0452 -0.8419 -0.5378
vn 0.0123 -0.4186 -0.9081
vn 0.0481 -0.8376 -0.5442
vn -0.0151 -0.0364 -0.9992
vn -0.0342 0.0761 -0.9965
vn -0.0380 -0.0025 -0.9993
vn 0.0114 -0.4037 -0.9148
vn -0.0156 -0.0219 -0.9996
vn -0.0054 -0.0075 -1.0000
vn 0.0079 -0.3949 -0.9187
vn 0.0798 -0.7950 -0.6013
vn -0.0202 -0.0081 -0.9998
vn 0.0435 -0.3955 -0.9174
vn 0.0609 -0.1183 -0.9911
vn -0.0104 0.0700 -0.9975
vn -0.0243 0.1049 -0.9942
vn -0.0326 0.0974 -0.9947
vn -0.0452 0.0185 -0.9988
vn -0.0349 0.0405 -0.9986
vn -0.0361 -0.0309 -0.9989
vn -0.0327 -0.0378 -0.9987
vn 0.0342 -0.0761 -0.9965
vn -0.0531 -0.0465 -0.9975
vn -0.0327 -0.0378 -0.9988
vn 0.0696 -0.0743 -0.9948
vn -0.0603 -0.0255 -0.9979
vn 0.0082 0.0076 -0.9999
vn -0.0098 -0.0290 -0.9995
vn -0.0519 0.0323 -0.9981
vn -0.0186 0.0624 -0.9979
vn 0.0098 0.0290 -0.9995
vn 0.0099 0.0713 -0.9974
vn 0.0080 0.0571 -0.9983
vn 0.0026 0.0497 -0.9988
vn 0.0038 0.1208 -0.9927
vn -0.0053 0.1272 -0.9919
vn -0.0075 0.0702 -0.9975
vn 0.0226 0.0585 -0.9980
vn 0.0139 0.1003 -0.9949
vn 0.0366 0.0238 -0.9990
vn 0.0188 0.2087 -0.9778
vn -0.0359 0.7425 -0.6689
vn 0.0277 0.2529 -0.9671
vn 0.0087 0.0006 -1.0000
vn -0.0161 0.2929 -0.9560
vn -0.0234 0.3143 -0.9490
vn 0.0236 -0.0056 -0.9997
vn 0.0250 -0.0696 -0.9973
vn -0.0144 0.3581 -0.9336
vn -0.0008 0.0566 -0.9984
vn -0.0744 0.8062 -0.5870
vn 0.0503 -0.0537 -0.9973
vn 0.0752 -0.0601 -0.9954
vn 0.0142 0.0505 -0.9986
vn 0.0770 0.0050 -0.9970
vn 0.1176 -0.0880 -0.9892
vn -0.0350 0.1332 -0.9905
vn 0.1106 -0.1691 -0.9794
vn 0.0130 0.1144 -0.9934
vn 0.0458 -0.0753 -0.9961
vn 0.0809 -0.0092 -0.9967
vn 0.1289 -0.2062 -0.9700
vn 0.1063 -0.2047 -0.9730
vn 0.0369 -0.0261 -0.9990
vn 0.1258 -0.1549 -0.9799
vn 0.1526 -0.2469 -0.9569
vn 0.1159 -0.1544 -0.9812
vn 0.0555 0.0966 -0.9938
vn 0.1379 -0.1784 -0.9742
vn 0.1740 -0.2036 -0.9635
vn 0.0201 0.1867 -0.9822
vn 0.0906 -0.0596 -0.9941
vn 0.0701 0.1133 -0.9911
vn 0.0914 0.1750 -0.9803
vn 0.0205 -0.0911 -0.9956
vn -0.2905 -0.0277 -0.9565
vn -0.2657 -0.0002 -0.9641
vn 0.0448 0.0817 -0.9956
vn -0.2191 0.0099 -0.9757
vn 0.1237 0.1355 -0.9830
vn 0.0845 0.0782 -0.9934
vn 0.0165 0.1505 -0.9885
vn 0.1361 0.1605 -0.9776
vn 0.0985 0.1611 -0.9820
vn 0.0719 0.4531 -0.8885
vn 0.1118 0.3948 -0.9119
vn 0.0216 0.1659 -0.9859
vn -0.0263 0.1338 -0.9907
vn -0.0396 0.1607 -0.9862
vn 0.0023 0.3742 -0.9274
vn -0.0511 0.3736 -0.9262
vn -0.0669 0.3876 -0.9194
vn -0.0186 0.7167 -0.6971
vn -0.0546 0.7452 -0.6646
vn -0.0514 0.3797 -0.9237
vn -0.0785 0.7771 -0.6245
vn -0.0837 0.8055 -0.5867
vn -0.0557 0.8103 -0.5833
vn 0.0568 0.7510 -0.6579
vn -0.1235 0.7364 -0.6652
vn -0.1266 0.7360 -0.6651
vn -0.0399 0.2978 -0.9538
vn -0.1302 0.7432 -0.6563
vn -0.0351 0.3135 -0.9489
vn -0.1182 0.7522 -0.6483
vn -0.1096 0.7709 -0.6275
vn -0.0386 0.3655 -0.9300
vn -0.1175 0.7855 -0.6076
vn -0.1125 0.8040 -0.5839
vn 0.1732 -0.8068 -0.5649
vn 0.0325 -0.1404 -0.9896
vn 0.0201 -0.0841 -0.9963
vn 0.0078 -0.1200 -0.9927
vn 0.1729 -0.8000 -0.5745
vn 0.0350 -0.1332 -0.9905
vn 0.0346 -0.0831 -0.9959
vn 0.0138 -0.0774 -0.9969
vn 0.0974 -0.4335 -0.8959
vn 0.1688 -0.7964 -0.5807
vn 0.0288 -0.0835 -0.9961
vn 0.1029 -0.4149 -0.9040
vn 0.1605 -0.7821 -0.6021
vn 0.0330 -0.1473 -0.9885
vn 0.1055 -0.3683 -0.9237
vn 0.1588 -0.7638 -0.6256
vn 0.0433 -0.1687 -0.9847
vn 0.0214 -0.1051 -0.9942
vn 0.0190 -0.0694 -0.9974
vn 0.0099 -0.0630 -0.9980
vn 0.0093 -0.0989 -0.9951
vn -0.0023 0.0353 -0.9994
vn 0.0116 0.0007 -0.9999
vn 0.0015 0.0214 -0.9998
vn -0.0160 -0.0223 -0.9996
vn -0.0101 0.0206 -0.9997
vn -0.0288 0.0835 -0.9961
vn -0.0111 0.1268 -0.9919
vn -0.0123 0.0987 -0.9950
vn 0.0201 -0.0412 -0.9989
vn 0.0130 0.1144 -0.9933
vn -0.0055 0.0851 -0.9964
vn 0.0167 -0.0772 -0.9969
vn 0.0200 0.0508 -0.9985
vn 0.0264 0.1801 -0.9833
vn 0.0138 0.1931 -0.9811
vn -0.0213 0.1481 -0.9887
vn 0.0270 0.0800 -0.9964
vn -0.0409 0.0897 -0.9951
vn -0.0018 0.0282 -0.9996
vn -0.0263 0.0907 -0.9955
vn -0.0332 0.0191 -0.9993
vn -0.0152 0.0985 -0.9950
vn -0.0114 0.0417 -0.9991
vn -0.0110 0.0347 -0.9993
vn -0.0346 0.1262 -0.9914
vn -0.0060 0.0921 -0.9957
vn -0.0873 0.4586 -0.8844
vn -0.0971 0.4668 -0.8790
vn -0.1033 0.4718 -0.8757
vn -0.0905 0.4640 -0.8812
vn -0.1682 0.8311 -0.5300
vn -0.1684 0.8374 -0.5200
vn -0.1630 0.8110 -0.5619
vn -0.1774 0.8168 -0.5490
vn -0.1040 0.4753 -0.8737
vn -0.0310 0.1185 -0.9925
vn -0.1088 0.4987 -0.8599
vn -0.0476 0.0111 -0.9988
vn -0.0471 0.1394 -0.9891
vn -0.0473 -0.0387 -0.9981
vn -0.0508 0.0608 -0.9969
vn -0.0453 -0.0243 -0.9987
vn -0.0328 -0.0804 -0.9962
vn -0.0396 0.1608 -0.9862
vn -0.0323 -0.0874 -0.9956
vn -0.0308 0.0692 -0.9971
vn -0.0254 0.2550 -0.9666
vn -0.0264 0.2703 -0.9624
vn -0.0205 0.2707 -0.9624
vn -0.0431 0.2115 -0.9764
vn -0.0749 0.4172 -0.9057
vn -0.1059 0.5045 -0.8569
vn -0.0787 0.4708 -0.8787
vn -0.0930 0.4968 -0.8629
vn -0.1888 0.8231 -0.5356
vn -0.1548 0.7971 -0.5836
vn -0.1821 0.7915 -0.5834
vn -0.0817 0.3863 -0.9187
vn -0.1760 0.7621 -0.6231
vn -0.0413 0.2270 -0.9730
vn -0.0929 0.3667 -0.9257
vn -0.0406 0.2626 -0.9641
vn -0.0602 0.2034 -0.9772
vn -0.0559 0.2259 -0.9725
vn -0.0209 0.1412 -0.9898
vn -0.0180 0.1413 -0.9898
vn -0.0386 -0.0807 -0.9960
vn 0.0055 0.0499 -0.9987
vn -0.0226 -0.1009 -0.9946
vn -0.0279 -0.0659 -0.9974
vn -0.0257 0.7805 -0.6246
vn -0.0643 0.7990 -0.5979
vn -0.1669 0.7398 -0.6518
vn -0.1643 0.7478 -0.6433
vn -0.0869 0.3672 -0.9261
vn -0.0871 0.3734 -0.9236
vn -0.1647 0.7554 -0.6342
vn -0.0880 0.3825 -0.9198
vn -0.1592 0.7711 -0.6165
vn -0.0275 0.0623 -0.9977
vn -0.0337 0.0691 -0.9970
vn -0.0923 0.4036 -0.9103
vt 21.971001 -18.953699
vt 21.964001 -18.947100
vt 21.964100 -18.953899
vt 21.970699 -18.959999
vt 21.964100 -18.960699
vt 21.976900 -18.959700
vt 21.976999 -18.953300
vt 21.983200 -18.959600
vt 21.983200 -18.953100
vt 21.989401 -18.959299
vt 21.989201 -18.952801
vt 21.976999 -18.966499
vt 21.983299 -18.966499
vt 21.970900 -18.966900
vt 21.964199 -18.967400
vt 21.977100 -18.973400
vt 21.971001 -18.973600
vt 21.964300 -18.974199
vt 21.977301 -18.980400
vt 21.971001 -18.980400
vt 21.964300 -18.980900
vt 21.971100 -18.987400
vt 21.964500 -18.987700
vt 21.983400 -18.973400
vt 21.989599 -18.966400
vt 21.964500 -18.992201
vt 21.983500 -18.980499
vt 21.977400 -18.987400
vt 21.989700 -18.973301
vt 21.983601 -18.987400
vt 21.977400 -18.993799
vt 21.989799 -18.980600
vt 21.989901 -18.987499
vt 21.996000 -18.973400
vt 21.995899 -18.966200
vt 21.995701 -18.959299
vt 21.995399 -18.952700
vt 21.995199 -18.946301
vt 22.001400 -18.946501
vt 22.001499 -18.939600
vt 22.007900 -18.946301
vt 22.001699 -18.952801
vt 22.002001 -18.959200
vt 22.008101 -18.952900
vt 22.014400 -18.946501
vt 22.014299 -18.939800
vt 22.020901 -18.946400
vt 22.014601 -18.952999
vt 22.021000 -18.952900
vt 22.014799 -18.959400
vt 22.008400 -18.959499
vt 22.002199 -18.966200
vt 22.008600 -18.966200
vt 22.014900 -18.966299
vt 22.002300 -18.973301
vt 22.008699 -18.973301
vt 22.027399 -18.959900
vt 22.033899 -18.954000
vt 22.027300 -18.953100
vt 22.033501 -18.947500
vt 22.021099 -18.959600
vt 22.021200 -18.966400
vt 22.014900 -18.973499
vt 22.027100 -18.946600
vt 22.033600 -18.940800
vt 22.027000 -18.940100
vt 22.034000 -18.933800
vt 22.027201 -18.933100
vt 22.033800 -18.928301
vt 22.027300 -18.927401
vt 22.021000 -18.927401
vt 22.020800 -18.939699
vt 22.020901 -18.933201
vt 22.014700 -18.927500
vt 22.014500 -18.933399
vt 22.008301 -18.927700
vt 22.008101 -18.933399
vt 22.002100 -18.927601
vt 22.001801 -18.933100
vt 21.995800 -18.927799
vt 22.007900 -18.939501
vt 21.995501 -18.932899
vt 21.989599 -18.927700
vt 21.989401 -18.933100
vt 21.995300 -18.939199
vt 21.983299 -18.927601
vt 21.983200 -18.932899
vt 21.989201 -18.939199
vt 21.989100 -18.945900
vt 21.983101 -18.939400
vt 21.976999 -18.932899
vt 21.977100 -18.927200
vt 21.970800 -18.932800
vt 21.971001 -18.926901
vt 21.964600 -18.927401
vt 21.964199 -18.933100
vt 21.976999 -18.939800
vt 21.970800 -18.939800
vt 21.964199 -18.940201
vt 21.983000 -18.946301
vt 21.977100 -18.946699
vt 21.971001 -18.947001
vt 22.008699 -18.980400
vt 22.014900 -18.980400
vt 22.002399 -18.980499
vt 22.008699 -18.987400
vt 22.014900 -18.987499
vt 21.996099 -18.980499
vt 22.008699 -18.993601
vt 22.002399 -18.987499
vt 22.014999 -18.993500
vt 21.996201 -18.987499
vt 22.002501 -18.993799
vt 21.989901 -18.993999
vt 21.996201 -18.993999
vt 21.983601 -18.993900
vt 21.971001 -18.993799
vt 22.027500 -18.987600
vt 22.027500 -18.993900
vt 22.034100 -18.992399
vt 22.034000 -18.987900
vt 22.021200 -18.993700
vt 22.034300 -18.981100
vt 22.027500 -18.980499
vt 22.034201 -18.974300
vt 22.021200 -18.987499
vt 22.027500 -18.973600
vt 22.034000 -18.967400
vt 22.021200 -18.980499
vt 22.027399 -18.966700
vt 22.034000 -18.960600
vt 22.021200 -18.973600
vt 22.038601 -18.955900
vt 22.038700 -18.949100
vt 22.038799 -18.942400
vt 22.037600 -18.989000
vt 22.039101 -18.982800
vt 21.961000 -18.988800
vt 21.959200 -18.982599
vt 22.039101 -18.935499
vt 21.850901 -18.971001
vt 21.845800 -18.977200
vt 21.851101 -18.977200
vt 21.856100 -18.983400
vt 21.856300 -18.977200
vt 21.850901 -18.983400
vt 21.856001 -18.989700
vt 21.856100 -18.970900
vt 21.861099 -18.970900
vt 21.850700 -18.989700
vt 21.851000 -18.996000
vt 21.845800 -18.995899
vt 21.845800 -18.983500
vt 21.845800 -18.989700
vt 21.838800 -18.995899
vt 21.838699 -18.989700
vt 21.832300 -18.995800
vt 21.832300 -18.989599
vt 21.838699 -18.983400
vt 21.832300 -18.983299
vt 21.838800 -18.977200
vt 21.832300 -18.977100
vt 21.845800 -18.971001
vt 21.838600 -18.971100
vt 21.832199 -18.971001
vt 21.833700 -18.964600
vt 21.838301 -18.964600
vt 21.837200 -18.961100
vt 21.845100 -18.964300
vt 21.843500 -18.959299
vt 21.850300 -18.964199
vt 21.855400 -18.964199
vt 21.860399 -18.964199
vt 21.865400 -18.964199
vt 21.866100 -18.970900
vt 21.870399 -18.964199
vt 21.853901 -19.039400
vt 21.850300 -19.034201
vt 21.848801 -19.039400
vt 21.843800 -19.039301
vt 21.858900 -19.039400
vt 21.855301 -19.034201
vt 21.860300 -19.034201
vt 21.850800 -19.027300
vt 21.865299 -19.034201
vt 21.855801 -19.027300
vt 21.860701 -19.027300
vt 21.870199 -19.034000
vt 21.865900 -19.027300
vt 21.875200 -19.033899
vt 21.870899 -19.027300
vt 21.875999 -19.027300
vt 21.860800 -19.021000
vt 21.866100 -19.021099
vt 21.871099 -19.021000
vt 21.876200 -19.021000
vt 21.855700 -19.021000
vt 21.855700 -19.014700
vt 21.850800 -19.021000
vt 21.846001 -19.021000
vt 21.861000 -19.014799
vt 21.866199 -19.014799
vt 21.871401 -19.014799
vt 21.861000 -19.008499
vt 21.876499 -19.014799
vt 21.881399 -19.021099
vt 21.881599 -19.014799
vt 21.866199 -19.008499
vt 21.871401 -19.008499
vt 21.876600 -19.008499
vt 21.881701 -19.008499
vt 21.876400 -19.002300
vt 21.881599 -19.002300
vt 21.886801 -19.002300
vt 21.871300 -19.002300
vt 21.866199 -19.002199
vt 21.871401 -18.996000
vt 21.886801 -18.996000
vt 21.881599 -18.996000
vt 21.876400 -18.996000
vt 21.860901 -19.002199
vt 21.866100 -18.996000
vt 21.866199 -18.989700
vt 21.871300 -18.989700
vt 21.876499 -18.989700
vt 21.881701 -18.989700
vt 21.876400 -18.983400
vt 21.881599 -18.983400
vt 21.871300 -18.983400
vt 21.881300 -18.977200
vt 21.886900 -18.989700
vt 21.886700 -18.983400
vt 21.886101 -18.977301
vt 21.876301 -18.977100
vt 21.886000 -18.971001
vt 21.881001 -18.970900
vt 21.876101 -18.970900
vt 21.871300 -18.977100
vt 21.866199 -18.977200
vt 21.871099 -18.970900
vt 21.866199 -18.983400
vt 21.861300 -18.977200
vt 21.861099 -18.983400
vt 21.861000 -18.989700
vt 21.860901 -18.995899
vt 21.856001 -18.996000
vt 21.855801 -19.002199
vt 21.855900 -19.008499
vt 21.851000 -19.008499
vt 21.850800 -19.002199
vt 21.850599 -19.014700
vt 21.845900 -19.008499
vt 21.845900 -19.014799
vt 21.845699 -19.002199
vt 21.838800 -19.014700
vt 21.838900 -19.008400
vt 21.838800 -19.002199
vt 21.832500 -19.008301
vt 21.832399 -19.014700
vt 21.832300 -19.002100
vt 21.832500 -19.021000
vt 21.838900 -19.021000
vt 21.832500 -19.027300
vt 21.838900 -19.027300
vt 21.834200 -19.033800
vt 21.846001 -19.027300
vt 21.845301 -19.034201
vt 21.838600 -19.033800
vt 21.837400 -19.037399
vt 22.111200 -18.959700
vt 22.117500 -18.964800
vt 22.117500 -18.959700
vt 22.123800 -18.959999
vt 22.111099 -18.965200
vt 22.104799 -18.960199
vt 22.117500 -18.971399
vt 22.123800 -18.965099
vt 22.130100 -18.960100
vt 22.129999 -18.965200
vt 22.136000 -18.965099
vt 22.123699 -18.971300
vt 22.136000 -18.971800
vt 22.142300 -18.965200
vt 22.129801 -18.971600
vt 21.944201 -19.034300
vt 21.937700 -19.039200
vt 21.942699 -19.039499
vt 21.947701 -19.039700
vt 21.949200 -19.034500
vt 21.944799 -19.027500
vt 21.952700 -19.039801
vt 21.949699 -19.027500
vt 21.954201 -19.034599
vt 21.957701 -19.039900
vt 21.945400 -19.021500
vt 21.959200 -19.034700
vt 21.964199 -19.034800
vt 21.954599 -19.027599
vt 21.959700 -19.027700
vt 22.003799 -19.034901
vt 21.999701 -19.028200
vt 21.999001 -19.034800
vt 22.048401 -19.028601
vt 22.043100 -19.022400
vt 22.043100 -19.028799
vt 22.048401 -19.035400
vt 22.048300 -19.022301
vt 22.042999 -19.016100
vt 22.053699 -19.035200
vt 22.053699 -19.028500
vt 22.058901 -19.035200
vt 22.092899 -19.029400
vt 22.086901 -19.035999
vt 22.093201 -19.035900
vt 22.099501 -19.035500
vt 21.875299 -18.964300
vt 21.880301 -18.964300
vt 21.932400 -18.960300
vt 21.933901 -18.965900
vt 21.937401 -18.960501
vt 21.928801 -18.965799
vt 21.929199 -18.972799
vt 21.927401 -18.959999
vt 21.924200 -18.972700
vt 21.925100 -18.978600
vt 21.923901 -18.965599
vt 21.922400 -18.959801
vt 21.920200 -18.978500
vt 21.921200 -18.984100
vt 21.919300 -18.972500
vt 21.919100 -18.965500
vt 21.917500 -18.959700
vt 21.914499 -18.972300
vt 21.915199 -18.978399
vt 21.914301 -18.965300
vt 22.155500 -19.034800
vt 22.149000 -19.028200
vt 22.149300 -19.035400
vt 22.143101 -19.035299
vt 22.142799 -19.028299
vt 22.136900 -19.035299
vt 22.155199 -19.028200
vt 22.161400 -19.028200
vt 22.161699 -19.034700
vt 22.155001 -19.021999
vt 22.161200 -19.021999
vt 22.167601 -19.028299
vt 22.167900 -19.034500
vt 22.167299 -19.022301
vt 22.148800 -19.022100
vt 22.173700 -19.034700
vt 22.173401 -19.027500
vt 22.180401 -19.036800
vt 22.185301 -19.043100
vt 22.185400 -19.036800
vt 22.180401 -19.028799
vt 22.185301 -19.028700
vt 22.185101 -19.021999
vt 22.180099 -19.021999
vt 22.184999 -19.015699
vt 22.173201 -19.021099
vt 22.180000 -19.015800
vt 22.184799 -19.009501
vt 22.167200 -19.015900
vt 22.173100 -19.015200
vt 22.179899 -19.009600
vt 22.184700 -19.003300
vt 22.187700 -19.009501
vt 22.187901 -19.003300
vt 22.187799 -18.997101
vt 22.179800 -19.003401
vt 22.184601 -18.997101
vt 22.187599 -18.990900
vt 22.173000 -19.009199
vt 22.179701 -18.997101
vt 22.184401 -18.990999
vt 22.167101 -19.009600
vt 22.173000 -19.003201
vt 22.011999 -18.961100
vt 22.018000 -18.965900
vt 22.016899 -18.960800
vt 22.021799 -18.960501
vt 21.997299 -18.960899
vt 21.998600 -18.966400
vt 22.002100 -18.961100
vt 22.003401 -18.966101
vt 22.004000 -18.972700
vt 22.008400 -18.965900
vt 22.008900 -18.972700
vt 22.013300 -18.965900
vt 22.013700 -18.972700
vt 22.018400 -18.972700
vt 21.993799 -18.966400
vt 21.992500 -18.960800
vt 21.999001 -18.973301
vt 21.993999 -18.973400
vt 21.999599 -18.979000
vt 21.994699 -18.979401
vt 22.004601 -18.978600
vt 22.009600 -18.978399
vt 22.004900 -18.984800
vt 22.014299 -18.978500
vt 22.009899 -18.984800
vt 22.018900 -18.978701
vt 22.000500 -18.984699
vt 21.995800 -18.984699
vt 22.014700 -18.984699
vt 22.009600 -18.990900
vt 22.014601 -18.990999
vt 22.018600 -19.022400
vt 22.023500 -19.016199
vt 22.018499 -19.016100
vt 22.023300 -19.022600
vt 22.028000 -19.016199
vt 22.033001 -19.016199
vt 22.028299 -19.009800
vt 22.028299 -19.022600
vt 22.018600 -19.028700
vt 22.023300 -19.028900
vt 22.014000 -19.028700
vt 22.014000 -19.022301
vt 22.013700 -19.016100
vt 22.013901 -19.009701
vt 22.009800 -19.022301
vt 22.009600 -19.009701
vt 22.009501 -19.003401
vt 22.009501 -19.016001
vt 22.005699 -19.003500
vt 22.005501 -18.997200
vt 22.005699 -19.009800
vt 22.004999 -19.022301
vt 22.001200 -19.003500
vt 22.005301 -19.016001
vt 22.000900 -19.009800
vt 22.000700 -19.016001
vt 22.009300 -19.028601
vt 22.000200 -19.022200
vt 22.004601 -19.028400
vt 22.008600 -19.035000
vt 22.013300 -19.035299
vt 22.018101 -19.035500
vt 22.022800 -19.035601
vt 22.027700 -19.035700
vt 22.028200 -19.028999
vt 22.032801 -19.022600
vt 22.032801 -19.035900
vt 22.033001 -19.028999
vt 22.037800 -19.022499
vt 22.037901 -19.035700
vt 22.038099 -19.028799
vt 22.038000 -19.016100
vt 22.037901 -19.009701
vt 22.042999 -19.035601
vt 21.922600 -19.039400
vt 21.919001 -19.034100
vt 21.917700 -19.039301
vt 21.914101 -19.033899
vt 21.923901 -19.034100
vt 21.927601 -19.039400
vt 21.914801 -19.027201
vt 21.919300 -19.027100
vt 21.924200 -19.027201
vt 21.928900 -19.034201
vt 21.932600 -19.039200
vt 21.929399 -19.027300
vt 21.915600 -19.021200
vt 21.919701 -19.020901
vt 21.924700 -19.021000
vt 21.934000 -19.034201
vt 21.930000 -19.021299
vt 21.934700 -19.027500
vt 21.939199 -19.034300
vt 21.935301 -19.021400
vt 21.939899 -19.027599
vt 21.940500 -19.021500
vt 21.930700 -19.014999
vt 21.935900 -19.015301
vt 21.925400 -19.014799
vt 21.941000 -19.015400
vt 21.931299 -19.008801
vt 21.920401 -19.014700
vt 21.925900 -19.008499
vt 21.921101 -19.008499
vt 21.916300 -19.014999
vt 21.917000 -19.008801
vt 21.922001 -19.002501
vt 21.917400 -19.002600
vt 21.927000 -19.002600
vt 21.917299 -18.996201
vt 21.912500 -19.002501
vt 21.912100 -19.008801
vt 21.922300 -18.996300
vt 21.911400 -19.014900
vt 21.907400 -19.002399
vt 21.910700 -19.021099
vt 21.906799 -19.008400
vt 21.906200 -19.014400
vt 21.909800 -19.026800
vt 21.905500 -19.020500
vt 21.909300 -19.033701
vt 21.912800 -19.039000
vt 21.904900 -19.026600
vt 21.908001 -19.039000
vt 21.904499 -19.033600
vt 21.903200 -19.039101
vt 21.899700 -19.033501
vt 21.898300 -19.039101
vt 21.893299 -19.039000
vt 21.889999 -19.033600
vt 21.888399 -19.038700
vt 21.894899 -19.033600
vt 21.899900 -19.026501
vt 21.895100 -19.026501
vt 21.890499 -19.026800
vt 21.900499 -19.020399
vt 21.896099 -19.020800
vt 21.891100 -19.020800
vt 21.930099 -18.978701
vt 21.934299 -18.972900
vt 21.938801 -18.966101
vt 21.939400 -18.973000
vt 21.943899 -18.966101
vt 21.944401 -18.973101
vt 21.942499 -18.960600
vt 21.948999 -18.966101
vt 21.947599 -18.960600
vt 21.949400 -18.973000
vt 21.945101 -18.979099
vt 21.952600 -18.960699
vt 21.950300 -18.978901
vt 21.946199 -18.984501
vt 21.954000 -18.966101
vt 21.954500 -18.973000
vt 21.951300 -18.984501
vt 21.946899 -18.990601
vt 21.955299 -18.978800
vt 21.951799 -18.990700
vt 21.956200 -18.984600
vt 21.947001 -18.996901
vt 21.960501 -18.978600
vt 21.959499 -18.972900
vt 21.959000 -18.966000
vt 21.957600 -18.960699
vt 21.964001 -18.965900
vt 21.962601 -18.960800
vt 21.964701 -18.972601
vt 21.969101 -18.965799
vt 21.965401 -18.978600
vt 21.969700 -18.972601
vt 21.961100 -18.984600
vt 21.969801 -18.978901
vt 21.974100 -18.965799
vt 21.974600 -18.972799
vt 21.965799 -18.984800
vt 21.974701 -18.979000
vt 21.970100 -18.985001
vt 21.965500 -18.991100
vt 21.910299 -18.978201
vt 21.915899 -18.984400
vt 21.910801 -18.984400
vt 21.916901 -18.990101
vt 21.921900 -18.990000
vt 21.911699 -18.990101
vt 21.912300 -18.996201
vt 21.907301 -18.996099
vt 21.902300 -19.002399
vt 21.906799 -18.990000
vt 21.902100 -18.996099
vt 21.897200 -19.002300
vt 21.906000 -18.984200
vt 21.901899 -18.989901
vt 21.896900 -18.996099
vt 21.892000 -19.002300
vt 21.891899 -18.996000
vt 21.896900 -18.989799
vt 21.891701 -18.989799
vt 21.901100 -18.983999
vt 21.896500 -18.983601
vt 21.891399 -18.983601
vt 21.905399 -18.978001
vt 21.900600 -18.977800
vt 21.895700 -18.977600
vt 21.890900 -18.977400
vt 21.910000 -18.972000
vt 21.905399 -18.971800
vt 21.909500 -18.965099
vt 21.912701 -18.959600
vt 21.904800 -18.964899
vt 21.900600 -18.971500
vt 21.907900 -18.959600
vt 21.900000 -18.964800
vt 21.895800 -18.971300
vt 21.890900 -18.971100
vt 21.895100 -18.964500
vt 21.890200 -18.964300
vt 21.885300 -18.964300
vt 21.903099 -18.959600
vt 21.950600 -19.021900
vt 21.955700 -19.022100
vt 21.946199 -19.015699
vt 21.951200 -19.015800
vt 21.960600 -19.022100
vt 21.941601 -19.009300
vt 21.956200 -19.015900
vt 21.946600 -19.009399
vt 21.964701 -19.027901
vt 21.936501 -19.009001
vt 21.969200 -19.034901
vt 21.931801 -19.002600
vt 21.936800 -19.002800
vt 21.941799 -19.003000
vt 21.932301 -18.996500
vt 21.927200 -18.996300
vt 21.937300 -18.996599
vt 21.931999 -18.990101
vt 21.927000 -18.990101
vt 21.937000 -18.990299
vt 21.942101 -18.996700
vt 21.941900 -18.990400
vt 21.941200 -18.984501
vt 21.936100 -18.984501
vt 21.931200 -18.984301
vt 21.940001 -18.979000
vt 21.926201 -18.984100
vt 21.935101 -18.978800
vt 22.019400 -18.984800
vt 22.023500 -18.978800
vt 22.023100 -18.972700
vt 22.024300 -18.984699
vt 22.022800 -18.965700
vt 22.028400 -18.978399
vt 22.028200 -18.972300
vt 22.026899 -18.960400
vt 22.027800 -18.965599
vt 22.032101 -18.960699
vt 22.032801 -18.965401
vt 22.033199 -18.972000
vt 22.038000 -18.965500
vt 22.033300 -18.978300
vt 22.038300 -18.972000
vt 22.042999 -18.965401
vt 22.043301 -18.971901
vt 22.038500 -18.978300
vt 22.038500 -18.984699
vt 22.033300 -18.984600
vt 22.028400 -18.984699
vt 22.033199 -18.990801
vt 22.028200 -18.990900
vt 22.024401 -18.990999
vt 22.019600 -18.991100
vt 22.024300 -18.997299
vt 22.028099 -18.997200
vt 22.033001 -18.997101
vt 22.019400 -18.997400
vt 22.028700 -19.003500
vt 22.024000 -19.003500
vt 22.014299 -18.997200
vt 22.018999 -19.003401
vt 22.023701 -19.009800
vt 22.018700 -19.009701
vt 22.014000 -19.003401
vt 22.009501 -18.997200
vt 21.901199 -19.014400
vt 21.896601 -19.014700
vt 21.891500 -19.014700
vt 21.902100 -19.008699
vt 21.896999 -19.008600
vt 21.891899 -19.008499
vt 21.886801 -19.008499
vt 21.886801 -19.014799
vt 21.886400 -19.021000
vt 21.885599 -19.026800
vt 21.885099 -19.033701
vt 21.881001 -19.027201
vt 21.880199 -19.033800
vt 22.048401 -18.978201
vt 22.048401 -18.971901
vt 22.043400 -18.978300
vt 22.043301 -18.984600
vt 22.048300 -18.984501
vt 22.053499 -18.984501
vt 22.043301 -18.990900
vt 22.048401 -18.990801
vt 22.038300 -18.990999
vt 22.053499 -18.990801
vt 22.048300 -18.997000
vt 22.043200 -18.997101
vt 22.038200 -18.997200
vt 22.053400 -18.997000
vt 22.058599 -18.997000
vt 22.053400 -19.003201
vt 22.058599 -18.990700
vt 22.063801 -18.990801
vt 22.058701 -18.984501
vt 22.053499 -18.978100
vt 22.053499 -18.971800
vt 22.058701 -18.971901
vt 22.058500 -18.965500
vt 22.053400 -18.965300
vt 22.048201 -18.965300
vt 22.123699 -18.977699
vt 22.129801 -18.977900
vt 22.135900 -18.978001
vt 22.142099 -18.971901
vt 22.123600 -18.984200
vt 22.129700 -18.984301
vt 22.135900 -18.984301
vt 22.141800 -18.978300
vt 22.129700 -18.990700
vt 22.142000 -18.984400
vt 22.117500 -18.977699
vt 22.123501 -18.990900
vt 22.135900 -18.990601
vt 22.111099 -18.972000
vt 22.129700 -18.996700
vt 22.117399 -18.984301
vt 22.111000 -18.978201
vt 22.104700 -18.965500
vt 22.104601 -18.972300
vt 22.104500 -18.978500
vt 22.111000 -18.984699
vt 22.117399 -18.990700
vt 22.104601 -18.984900
vt 22.117399 -18.997200
vt 22.111099 -18.990999
vt 22.098200 -18.978600
vt 22.098200 -18.972300
vt 22.098400 -18.965900
vt 22.098499 -18.960600
vt 22.092199 -18.966000
vt 22.092199 -18.961201
vt 22.042999 -19.009701
vt 22.048300 -19.015900
vt 22.048201 -19.009600
vt 22.053499 -19.009600
vt 22.048201 -19.003201
vt 22.042999 -19.003201
vt 22.038000 -19.003300
vt 22.032900 -19.003401
vt 22.032900 -19.009800
vt 22.080000 -18.972000
vt 22.074100 -18.978201
vt 22.080000 -18.978300
vt 22.086000 -18.972200
vt 22.086000 -18.966000
vt 22.086000 -18.978500
vt 22.091999 -18.972300
vt 22.080000 -18.965799
vt 22.073999 -18.971901
vt 22.073999 -18.965799
vt 22.069000 -18.972000
vt 22.068899 -18.965700
vt 22.063900 -18.971901
vt 22.063700 -18.965700
vt 22.069000 -18.978100
vt 22.063900 -18.978100
vt 22.058800 -18.978100
vt 22.063900 -18.984400
vt 22.069000 -18.984501
vt 22.074100 -18.984600
vt 22.069000 -18.990801
vt 22.080099 -18.984699
vt 22.074200 -18.990801
vt 22.063801 -18.997101
vt 22.069000 -18.997101
vt 22.074200 -18.997200
vt 22.080099 -18.990999
vt 22.086000 -18.984900
vt 22.080200 -18.997299
vt 22.091999 -18.978600
vt 22.092100 -18.985100
vt 22.086201 -18.991199
vt 22.098200 -18.985001
vt 22.092199 -18.991400
vt 22.086399 -18.997499
vt 22.104799 -18.991199
vt 22.098400 -18.991400
vt 22.111200 -18.997101
vt 22.104900 -18.997400
vt 22.092400 -18.997700
vt 22.111401 -19.003401
vt 22.098600 -18.997601
vt 22.167000 -19.003300
vt 22.160999 -19.015900
vt 22.160900 -19.009600
vt 22.154900 -19.015800
vt 22.172800 -18.997299
vt 22.160801 -19.003300
vt 22.154699 -19.009501
vt 22.166901 -18.997101
vt 22.172600 -18.991301
vt 22.179501 -18.990900
vt 22.166700 -18.990801
vt 22.160700 -18.997000
vt 22.154600 -19.003300
vt 22.184299 -18.984900
vt 22.179300 -18.984800
vt 22.184200 -18.978600
vt 22.179100 -18.978600
vt 22.184200 -18.971901
vt 22.179199 -18.971800
vt 22.184299 -18.963699
vt 22.172501 -18.979500
vt 22.172501 -18.985399
vt 22.166599 -18.984600
vt 22.172501 -18.973101
vt 22.167000 -18.978600
vt 22.172501 -18.965401
vt 22.160601 -18.990801
vt 22.160700 -18.978399
vt 22.167000 -18.972401
vt 22.154600 -18.997000
vt 22.160500 -18.984501
vt 22.148399 -19.003201
vt 22.154499 -18.990700
vt 22.148399 -18.997000
vt 22.154400 -18.984501
vt 22.148300 -18.990700
vt 22.153799 -18.978201
vt 22.148100 -18.984600
vt 22.142099 -18.996901
vt 22.142200 -19.003201
vt 22.142099 -18.990700
vt 22.147699 -18.978500
vt 22.136000 -18.996901
vt 22.147900 -18.972099
vt 22.136000 -19.003201
vt 22.129801 -19.003300
vt 22.148500 -18.965200
vt 22.153799 -18.971800
vt 22.160400 -18.972200
vt 22.154499 -18.965200
vt 22.148500 -18.960199
vt 22.142300 -18.960300
vt 22.160700 -18.965300
vt 22.166800 -18.965401
vt 22.154699 -18.960100
vt 22.160801 -18.960199
vt 22.166901 -18.960300
vt 22.179300 -18.963600
vt 22.172701 -18.959299
vt 22.179399 -18.957199
vt 22.184401 -18.957300
vt 22.111700 -19.022200
vt 22.117201 -19.016300
vt 22.111200 -19.015900
vt 22.117300 -19.009600
vt 22.105600 -19.028700
vt 22.112400 -19.028700
vt 22.105801 -19.035299
vt 22.117100 -19.022200
vt 22.123301 -19.016100
vt 22.112600 -19.035500
vt 22.118000 -19.028601
vt 22.118700 -19.035700
vt 22.123400 -19.022499
vt 22.124201 -19.028700
vt 22.124100 -19.035500
vt 22.130301 -19.028500
vt 22.130699 -19.035900
vt 22.129900 -19.022301
vt 22.136600 -19.028299
vt 22.136400 -19.022100
vt 22.129900 -19.015800
vt 22.142599 -19.022100
vt 22.148600 -19.015699
vt 22.142500 -19.015699
vt 22.148600 -19.009899
vt 22.142200 -19.009899
vt 22.136299 -19.015699
vt 22.136000 -19.009899
vt 22.130100 -19.009399
vt 22.123699 -19.009100
vt 22.123501 -19.003599
vt 22.117399 -19.003401
vt 22.123301 -18.997400
vt 21.956699 -18.990801
vt 21.960899 -18.990900
vt 21.956600 -18.997101
vt 21.961100 -18.997200
vt 21.970400 -18.991100
vt 21.951599 -18.997000
vt 21.965799 -18.997299
vt 21.974899 -18.985300
vt 21.970699 -18.997299
vt 21.975700 -18.990999
vt 21.980200 -18.985100
vt 21.979799 -18.979000
vt 21.979601 -18.972799
vt 21.979099 -18.965900
vt 21.984100 -18.966101
vt 21.984699 -18.972700
vt 21.985201 -18.978701
vt 21.987600 -18.960800
vt 21.989000 -18.966299
vt 21.989100 -18.973301
vt 21.990200 -18.978800
vt 21.985500 -18.984800
vt 21.990801 -18.984699
vt 21.980801 -18.990999
vt 21.986000 -18.990999
vt 21.991100 -18.990900
vt 21.996300 -18.990801
vt 21.991301 -18.997200
vt 22.000999 -18.990900
vt 21.996401 -18.997200
vt 22.004900 -18.990999
vt 22.001200 -18.997200
vt 21.996401 -19.003500
vt 21.986000 -18.997299
vt 21.996201 -19.009800
vt 21.991199 -19.003500
vt 21.986099 -19.003500
vt 21.981001 -18.997299
vt 21.996000 -19.016100
vt 21.990999 -19.009800
vt 21.995300 -19.022100
vt 21.990801 -19.016001
vt 21.986000 -19.009800
vt 21.994900 -19.028200
vt 21.994101 -19.034800
vt 21.990499 -19.022301
vt 21.990000 -19.028400
vt 21.989201 -19.034800
vt 21.985500 -19.015900
vt 21.981001 -19.009800
vt 21.985300 -19.022200
vt 21.980700 -19.016100
vt 21.980900 -19.003500
vt 21.975800 -19.009800
vt 21.984900 -19.028400
vt 21.980101 -19.022100
vt 21.975700 -19.016100
vt 21.979900 -19.028400
vt 21.984200 -19.035000
vt 21.975201 -19.022200
vt 21.979200 -19.035000
vt 21.974899 -19.028400
vt 21.970900 -19.016100
vt 21.970501 -19.022200
vt 21.974199 -19.035000
vt 21.969900 -19.028200
vt 21.965599 -19.022301
vt 21.966000 -19.016001
vt 21.961100 -19.016001
vt 21.970800 -19.009800
vt 21.965700 -19.009800
vt 21.961201 -19.009701
vt 21.956100 -19.009600
vt 21.975599 -19.003599
vt 21.970501 -19.003599
vt 21.965700 -19.003500
vt 21.960899 -19.003500
vt 21.976000 -18.997299
vt 21.955999 -19.003300
vt 21.951300 -19.009501
vt 21.951300 -19.003201
vt 21.946899 -19.003201
vt 22.105101 -19.003599
vt 22.092600 -19.003799
vt 22.086399 -19.003799
vt 22.080200 -19.003700
vt 22.086500 -19.010201
vt 22.098801 -19.003799
vt 22.092699 -19.010099
vt 22.099001 -19.009899
vt 22.080200 -19.010099
vt 22.074100 -19.003599
vt 22.073999 -19.010000
vt 22.080200 -19.016600
vt 22.073999 -19.016399
vt 22.068899 -19.003500
vt 22.068800 -19.009899
vt 22.068800 -19.016300
vt 22.063801 -19.003401
vt 22.063700 -19.009800
vt 22.063700 -19.016100
vt 22.058599 -19.003300
vt 22.063801 -19.022400
vt 22.058599 -19.009600
vt 22.058701 -19.016001
vt 22.058701 -19.022200
vt 22.053499 -19.015900
vt 22.053699 -19.022200
vt 22.058901 -19.028500
vt 22.063999 -19.028601
vt 22.064100 -19.035299
vt 22.068899 -19.022600
vt 22.069099 -19.028700
vt 22.069300 -19.035299
vt 22.073999 -19.022800
vt 22.074200 -19.028999
vt 22.074499 -19.035601
vt 22.080200 -19.023100
vt 22.080400 -19.029400
vt 22.080700 -19.035801
vt 22.086399 -19.016800
vt 22.086399 -19.023199
vt 22.086599 -19.029600
vt 22.092699 -19.016600
vt 22.092699 -19.023100
vt 22.099199 -19.028999
vt 22.099100 -19.022699
vt 22.099001 -19.016399
vt 22.105400 -19.022499
vt 22.105301 -19.016100
vt 22.105200 -19.009800
vt 22.111200 -19.009701
vt 21.815800 -19.020500
vt 21.820601 -19.013300
vt 21.815701 -19.013300
vt 21.827200 -19.006800
vt 21.827299 -19.014099
vt 21.833200 -19.013100
vt 21.820801 -19.020500
vt 21.820801 -19.027700
vt 21.815901 -19.027800
vt 21.833401 -19.020300
vt 21.827600 -19.020901
vt 21.839300 -19.013000
vt 21.820801 -19.034901
vt 21.815901 -19.035000
vt 21.815701 -19.042101
vt 21.820700 -19.042200
vt 21.820499 -19.049400
vt 21.815500 -19.049400
vt 21.820400 -19.057100
vt 21.815399 -19.057100
vt 21.820400 -19.065300
vt 21.815300 -19.065399
vt 21.827000 -19.055700
vt 21.826900 -19.063499
vt 21.827400 -19.048500
vt 21.827600 -19.041700
vt 21.820299 -19.072001
vt 21.815201 -19.071899
vt 21.826900 -19.070000
vt 22.156500 -18.930401
vt 22.158600 -18.937000
vt 22.162800 -18.928499
vt 22.149700 -18.927500
vt 22.154900 -18.925800
vt 22.151300 -18.932199
vt 22.144600 -18.929100
vt 22.153500 -18.938700
vt 22.160700 -18.944000
vt 22.155600 -18.945801
vt 22.146299 -18.934099
vt 22.139601 -18.930901
vt 22.141300 -18.935900
vt 22.148500 -18.940599
vt 22.136299 -18.937500
vt 22.134600 -18.932501
vt 22.143400 -18.942200
vt 22.129601 -18.934299
vt 21.894100 -19.049101
vt 21.888300 -19.056400
vt 21.894400 -19.056299
vt 21.894501 -19.063000
vt 21.901199 -19.055700
vt 21.901400 -19.062700
vt 21.908100 -19.055599
vt 21.907900 -19.049101
vt 21.908199 -19.062700
vt 21.900999 -19.049101
vt 21.914600 -19.049200
vt 21.900700 -19.041700
vt 21.907700 -19.041700
vt 21.914499 -19.041700
vt 21.915001 -19.055599
vt 21.921200 -19.041599
vt 21.921400 -19.049200
vt 21.914499 -19.034700
vt 21.915199 -19.062700
vt 21.921801 -19.055700
vt 21.927999 -19.041599
vt 21.928301 -19.049200
vt 21.922001 -19.062599
vt 21.928499 -19.055599
vt 21.915400 -19.067801
vt 21.934601 -19.055201
vt 21.928801 -19.062500
vt 21.934799 -19.061899
vt 21.929100 -19.067600
vt 21.922199 -19.067600
vt 21.908400 -19.067900
vt 21.901501 -19.068100
vt 22.144300 -19.008101
vt 22.149300 -19.006300
vt 22.147499 -19.001600
vt 22.154400 -19.004700
vt 22.152599 -18.999800
vt 22.142500 -19.003300
vt 22.139200 -19.010000
vt 22.150200 -18.993401
vt 22.145201 -18.995100
vt 22.155300 -18.991699
vt 22.157700 -18.998100
vt 22.159500 -19.003000
vt 22.164499 -19.001200
vt 22.162800 -18.996401
vt 22.169701 -18.999399
vt 22.167900 -18.994600
vt 22.174801 -18.997700
vt 22.173000 -18.992901
vt 22.179899 -18.996000
vt 22.178101 -18.991199
vt 22.185499 -18.992201
vt 22.160400 -18.990000
vt 22.165501 -18.988199
vt 22.184200 -18.988800
vt 22.175699 -18.984800
vt 22.182199 -18.982599
vt 22.184299 -18.974199
vt 22.186899 -18.980900
vt 22.179701 -18.975800
vt 22.181900 -18.967400
vt 22.170700 -18.986500
vt 22.173201 -18.978001
vt 22.167999 -18.979700
vt 22.177200 -18.969000
vt 22.179399 -18.960699
vt 22.170601 -18.971201
vt 22.174601 -18.962299
vt 22.177000 -18.953899
vt 22.162901 -18.981400
vt 22.165501 -18.972900
vt 22.167999 -18.964500
vt 22.172199 -18.955400
vt 22.174700 -18.947100
vt 22.157801 -18.983200
vt 22.169701 -18.948601
vt 22.172199 -18.940201
vt 22.160400 -18.974600
vt 22.152800 -18.984800
vt 22.155300 -18.976299
vt 22.163000 -18.966101
vt 22.157801 -18.967800
vt 22.147699 -18.986601
vt 22.150200 -18.978001
vt 22.152800 -18.969500
vt 22.160500 -18.959299
vt 22.155399 -18.960899
vt 22.165501 -18.957701
vt 22.163099 -18.950899
vt 22.158100 -18.952499
vt 22.167299 -18.941700
vt 22.153099 -18.954201
vt 22.165199 -18.934700
vt 22.170000 -18.933100
vt 22.166300 -18.927401
vt 22.150400 -18.962700
vt 22.147699 -18.971201
vt 22.148001 -18.955900
vt 22.145201 -18.979700
vt 22.145399 -18.964399
vt 22.142700 -18.972900
vt 22.142700 -18.988300
vt 22.140100 -18.981501
vt 22.140200 -18.996901
vt 22.137699 -18.990101
vt 22.137400 -19.005100
vt 22.135099 -18.998699
vt 22.132401 -19.007000
vt 22.132700 -18.991899
vt 22.135201 -18.983299
vt 22.132799 -18.976400
vt 22.130100 -19.000500
vt 22.130199 -18.985001
vt 22.134199 -19.011900
vt 22.125099 -19.002300
vt 22.127399 -19.008801
vt 22.129200 -19.013800
vt 22.122400 -19.010599
vt 22.124201 -19.015699
vt 22.117300 -19.012501
vt 22.119101 -19.017599
vt 22.120100 -19.004101
vt 22.115101 -19.005899
vt 22.112301 -19.014299
vt 22.110100 -19.007799
vt 22.114100 -19.019400
vt 22.105200 -19.009701
vt 22.107300 -19.016199
vt 22.108999 -19.021099
vt 22.102301 -19.018000
vt 22.103800 -19.022800
vt 22.033199 -19.049400
vt 22.026501 -19.046000
vt 22.028099 -19.051201
vt 22.022301 -19.052700
vt 22.020800 -19.047501
vt 22.016399 -19.054100
vt 22.031601 -19.044201
vt 22.038300 -19.047501
vt 22.024401 -19.039200
vt 22.015100 -19.049101
vt 22.010500 -19.055401
vt 22.018801 -19.040701
vt 22.029400 -19.037500
vt 22.009300 -19.050501
vt 22.022301 -19.032499
vt 22.013201 -19.042200
vt 22.016701 -19.034000
vt 22.004601 -19.056601
vt 22.007500 -19.043699
vt 22.003500 -19.052000
vt 21.933901 -19.041100
vt 21.934299 -19.048599
vt 21.940599 -19.054701
vt 21.941000 -19.061501
vt 21.940300 -19.048000
vt 21.939899 -19.040600
vt 21.933599 -19.033701
vt 21.947100 -19.060900
vt 21.946699 -19.054300
vt 21.953400 -19.060200
vt 21.946301 -19.047300
vt 21.952801 -19.053801
vt 21.959600 -19.059601
vt 21.882299 -19.068199
vt 21.875999 -19.063101
vt 21.875999 -19.068501
vt 21.869900 -19.068501
vt 21.888399 -19.063200
vt 21.882200 -19.063200
vt 21.882200 -19.056299
vt 21.888100 -19.049000
vt 21.875999 -19.056200
vt 21.893900 -19.041800
vt 21.882099 -19.049000
vt 21.887899 -19.041800
vt 21.893999 -19.034599
vt 21.875999 -19.049000
vt 21.881701 -19.041700
vt 21.869801 -19.056200
vt 21.875500 -19.041800
vt 21.869801 -19.063200
vt 21.869699 -19.049000
vt 21.863701 -19.056200
vt 21.863701 -19.068399
vt 21.863701 -19.063200
vt 21.857500 -19.056400
vt 21.857500 -19.063299
vt 21.857500 -19.068399
vt 21.857500 -19.049101
vt 21.863600 -19.049000
vt 21.869301 -19.041800
vt 21.863300 -19.041800
vt 21.875099 -19.034599
vt 21.868999 -19.034599
vt 21.881300 -19.034599
vt 21.887699 -19.034500
vt 21.881399 -19.027399
vt 21.875099 -19.027399
vt 21.869101 -19.027399
vt 21.887800 -19.027399
vt 21.894199 -19.027399
vt 21.875601 -19.020201
vt 21.881800 -19.020201
vt 21.888201 -19.020201
vt 21.900801 -19.034599
vt 21.869600 -19.020201
vt 21.907700 -19.034700
vt 21.900900 -19.027399
vt 21.894501 -19.020300
vt 21.907700 -19.027399
vt 21.901100 -19.020300
vt 21.888500 -19.013000
vt 21.894800 -19.013000
vt 21.907700 -19.020300
vt 21.901300 -19.013000
vt 21.882299 -19.013000
vt 21.888700 -19.005699
vt 21.876101 -19.013000
vt 21.882401 -19.005699
vt 21.876301 -19.005699
vt 21.870001 -19.012899
vt 21.870100 -19.005699
vt 21.882500 -18.998899
vt 21.888800 -18.999001
vt 21.876200 -18.998600
vt 21.895201 -18.999399
vt 21.869900 -18.998600
vt 21.863899 -18.998899
vt 21.863899 -19.005699
vt 21.864000 -18.993900
vt 21.857700 -18.993900
vt 22.110399 -18.992201
vt 22.117701 -18.997200
vt 22.115299 -18.990400
vt 22.112700 -18.999100
vt 22.108299 -18.985500
vt 22.113100 -18.983601
vt 22.105499 -18.994200
vt 22.107700 -19.000900
vt 22.103399 -18.987400
vt 22.100700 -18.996201
vt 22.102800 -19.002899
vt 22.098400 -18.989300
vt 22.095699 -18.998100
vt 22.093500 -18.991199
vt 22.098000 -19.004900
vt 22.100201 -19.011700
vt 22.093000 -19.006800
vt 22.090700 -18.999901
vt 22.088499 -18.993099
vt 22.095200 -19.013599
vt 22.097300 -19.019899
vt 22.087900 -19.008699
vt 22.085699 -19.001801
vt 22.083500 -18.995001
vt 22.090200 -19.015499
vt 22.092199 -19.021799
vt 22.085100 -19.017401
vt 22.087200 -19.023600
vt 22.080099 -19.019300
vt 22.082100 -19.025499
vt 22.068501 -19.035700
vt 22.061899 -19.032900
vt 22.063499 -19.037800
vt 22.056900 -19.034800
vt 22.054701 -19.028400
vt 22.066900 -19.031000
vt 22.073500 -19.033701
vt 22.059799 -19.026501
vt 22.064800 -19.024700
vt 22.072001 -19.029200
vt 22.052500 -19.021601
vt 22.047501 -19.023399
vt 22.057600 -19.019800
vt 22.069901 -19.022900
vt 22.077101 -19.027399
vt 22.062599 -19.017900
vt 22.075001 -19.021099
vt 22.067699 -19.016100
vt 22.072800 -19.014299
vt 22.077801 -19.012501
vt 22.065500 -19.009300
vt 22.070601 -19.007401
vt 22.082899 -19.010599
vt 22.075600 -19.005600
vt 22.080700 -19.003700
vt 22.068300 -19.000500
vt 22.063299 -19.002399
vt 22.073400 -18.998699
vt 22.058201 -19.004200
vt 22.078400 -18.996901
vt 22.071199 -18.991800
vt 22.076200 -18.990000
vt 22.069099 -18.985001
vt 22.060400 -19.011101
vt 22.053200 -19.006001
vt 22.055401 -19.012899
vt 22.048100 -19.007799
vt 22.050301 -19.014700
vt 22.043100 -19.009600
vt 22.040800 -19.002800
vt 22.035801 -19.004601
vt 22.038000 -19.011499
vt 22.045300 -19.016500
vt 22.040199 -19.018299
vt 21.965099 -19.052601
vt 21.965900 -19.059000
vt 21.972401 -19.057899
vt 21.971500 -19.051399
vt 21.978901 -19.056801
vt 21.958900 -19.053101
vt 21.952400 -19.046700
vt 21.958500 -19.046200
vt 21.985399 -19.055700
vt 21.991800 -19.054701
vt 21.990400 -19.048100
vt 21.997700 -19.053301
vt 21.984100 -19.049200
vt 21.996099 -19.046600
vt 22.001900 -19.045200
vt 21.988899 -19.041000
vt 21.994499 -19.039600
vt 21.977800 -19.050301
vt 21.982800 -19.042101
vt 21.976601 -19.043301
vt 21.987301 -19.034100
vt 21.970501 -19.044500
vt 21.964500 -19.045601
vt 21.981199 -19.035200
vt 21.963699 -19.038500
vt 21.958000 -19.039101
vt 21.952000 -19.039700
vt 21.969601 -19.037300
vt 21.975300 -19.036200
vt 21.945999 -19.040199
vt 21.979799 -19.028099
vt 21.962799 -19.031300
vt 21.968300 -19.030300
vt 21.974001 -19.029200
vt 21.961599 -19.024200
vt 21.957199 -19.032000
vt 21.967199 -19.023001
vt 21.956100 -19.024700
vt 21.951401 -19.032400
vt 21.960501 -19.017200
vt 21.950399 -19.025200
vt 21.945400 -19.032801
vt 21.954901 -19.017700
vt 21.944599 -19.025600
vt 21.939400 -19.033100
vt 21.933201 -19.026501
vt 21.938900 -19.025999
vt 21.932800 -19.019501
vt 21.949400 -19.018101
vt 21.943800 -19.018499
vt 21.938299 -19.018999
vt 21.932301 -19.012501
vt 21.926800 -19.013100
vt 21.926500 -19.006201
vt 21.931801 -19.005501
vt 21.937700 -19.011900
vt 21.926201 -18.999599
vt 21.943199 -19.011499
vt 21.937201 -19.004999
vt 21.942499 -19.004601
vt 21.948601 -19.011200
vt 21.947901 -19.004200
vt 22.058500 -19.039700
vt 22.051800 -19.036699
vt 22.053499 -19.041700
vt 22.046801 -19.038601
vt 22.044600 -19.032101
vt 22.049700 -19.030199
vt 22.042400 -19.025200
vt 22.037399 -19.027100
vt 22.035101 -19.020201
vt 22.030300 -19.021900
vt 22.028000 -19.015100
vt 22.023100 -19.016899
vt 22.033001 -19.013300
vt 22.021500 -19.009800
vt 22.016399 -19.011600
vt 22.025900 -19.008200
vt 22.014299 -19.004700
vt 22.030701 -19.006500
vt 22.019300 -19.002899
vt 22.023701 -19.001301
vt 22.008900 -19.006300
vt 22.010700 -19.013201
vt 22.016701 -18.996201
vt 22.021500 -18.994499
vt 22.028601 -18.999599
vt 22.011700 -18.997999
vt 22.003500 -19.007700
vt 22.005301 -19.014601
vt 22.006701 -18.999399
vt 22.009501 -18.991199
vt 22.014400 -18.989300
vt 22.001600 -19.000799
vt 22.004601 -18.992500
vt 22.007500 -18.984600
vt 22.019400 -18.987600
vt 21.998400 -19.009100
vt 21.999901 -19.015900
vt 22.001699 -19.022900
vt 21.994699 -19.017300
vt 21.993200 -19.010401
vt 21.988001 -19.011700
vt 21.996500 -19.002100
vt 21.991400 -19.003300
vt 21.986300 -19.004499
vt 21.981199 -19.005800
vt 21.994699 -18.995399
vt 21.989700 -18.996700
vt 21.984699 -18.997700
vt 21.979601 -18.998800
vt 21.988001 -18.989901
vt 21.983101 -18.991100
vt 21.954100 -19.010700
vt 21.953199 -19.003599
vt 21.947201 -18.997400
vt 21.959499 -19.010099
vt 21.958599 -19.002899
vt 21.972799 -19.022100
vt 21.964899 -19.008900
vt 21.971600 -19.014999
vt 21.978600 -19.021000
vt 21.970301 -19.007799
vt 21.963800 -19.001801
vt 21.977100 -19.013901
vt 21.969101 -19.000799
vt 21.957600 -18.996201
vt 21.962799 -18.995001
vt 21.952400 -18.996700
vt 21.975800 -19.006800
vt 21.957001 -18.990700
vt 21.967899 -18.994101
vt 21.974300 -18.999701
vt 21.978201 -18.992300
vt 21.982700 -19.012800
vt 21.984200 -19.019899
vt 21.989401 -19.018600
vt 21.985901 -19.026899
vt 21.990999 -19.025700
vt 21.992701 -19.032700
vt 21.998100 -19.031300
vt 21.996300 -19.024300
vt 22.000000 -19.038200
vt 22.005501 -19.036900
vt 22.003599 -19.029900
vt 22.007099 -19.021601
vt 22.011000 -19.035500
vt 22.009001 -19.028601
vt 22.012501 -19.020201
vt 22.014601 -19.027100
vt 22.020201 -19.025600
vt 22.018000 -19.018700
vt 22.027399 -19.030701
vt 22.025299 -19.023701
vt 22.032400 -19.028799
vt 22.034500 -19.035700
vt 22.036600 -19.042400
vt 22.039600 -19.033899
vt 22.041700 -19.040501
vt 22.043400 -19.045601
vt 22.048401 -19.043600
vt 22.131300 -18.939199
vt 22.124701 -18.936100
vt 22.138399 -18.944000
vt 22.145700 -18.948900
vt 22.126301 -18.940901
vt 22.119699 -18.938000
vt 22.150700 -18.947300
vt 22.140699 -18.950701
vt 22.143000 -18.957500
vt 22.133400 -18.945601
vt 22.135700 -18.952400
vt 22.140400 -18.966101
vt 22.138000 -18.959299
vt 22.130800 -18.954100
vt 22.128401 -18.947201
vt 22.132999 -18.961000
vt 22.121300 -18.942600
vt 22.123501 -18.948900
vt 22.125799 -18.955799
vt 22.135401 -18.967800
vt 22.128201 -18.962700
vt 22.137699 -18.974701
vt 22.130400 -18.969500
vt 22.120899 -18.957600
vt 22.123199 -18.964399
vt 22.125500 -18.971300
vt 22.115999 -18.959400
vt 22.127800 -18.978201
vt 22.118401 -18.966200
vt 22.120501 -18.973101
vt 22.122900 -18.979900
vt 22.125200 -18.986799
vt 22.115801 -18.975000
vt 22.127600 -18.993700
vt 22.117901 -18.981701
vt 22.120300 -18.988600
vt 22.122700 -18.995501
vt 22.113501 -18.968100
vt 22.081301 -18.988199
vt 22.074100 -18.983200
vt 22.066900 -18.978100
vt 22.086399 -18.986300
vt 22.079201 -18.981300
vt 22.072100 -18.976299
vt 22.064699 -18.971300
vt 22.091400 -18.984400
vt 22.084299 -18.979401
vt 22.077200 -18.974501
vt 22.069799 -18.969400
vt 22.062599 -18.965200
vt 22.096201 -18.982500
vt 22.089300 -18.977600
vt 22.067600 -18.963400
vt 22.082199 -18.972601
vt 22.074900 -18.967600
vt 22.072599 -18.961399
vt 22.079901 -18.965700
vt 22.087099 -18.970800
vt 22.077600 -18.959499
vt 22.084801 -18.963900
vt 22.082500 -18.957500
vt 21.992901 -18.988701
vt 21.999599 -18.993799
vt 22.002701 -18.986000
vt 21.997900 -18.987400
vt 21.986700 -18.984800
vt 21.982000 -18.986401
vt 21.996599 -18.982599
vt 21.991600 -18.983500
vt 22.037399 -18.974199
vt 22.030899 -18.971100
vt 22.032400 -18.975901
vt 22.025900 -18.972900
vt 21.839300 -19.042101
vt 21.833300 -19.042101
vt 21.839001 -19.049299
vt 21.833500 -19.034901
vt 21.833000 -19.049299
vt 21.832800 -19.056499
vt 21.839001 -19.056499
vt 21.832800 -19.063299
vt 21.832701 -19.068800
vt 21.839001 -19.063400
vt 21.839001 -19.068701
vt 21.845200 -19.068701
vt 21.845200 -19.063400
vt 21.851299 -19.068600
vt 21.851299 -19.063400
vt 21.845200 -19.056499
vt 21.851400 -19.056400
vt 21.845200 -19.049200
vt 21.851400 -19.049200
vt 21.845301 -19.042000
vt 21.839300 -19.034800
vt 21.851400 -19.042000
vt 21.857401 -19.041800
vt 21.845501 -19.034800
vt 21.851400 -19.034700
vt 21.863001 -19.034599
vt 21.857300 -19.034599
vt 21.845400 -19.027599
vt 21.851601 -19.027500
vt 21.857401 -19.027399
vt 21.863199 -19.027399
vt 21.851601 -19.020300
vt 21.863600 -19.020100
vt 21.857599 -19.020201
vt 21.845400 -19.020300
vt 21.851500 -19.013000
vt 21.857700 -19.013000
vt 21.863800 -19.013000
vt 21.857700 -19.005800
vt 21.857700 -18.999001
vt 21.851500 -19.005800
vt 21.845301 -19.013100
vt 21.845301 -19.005800
vt 21.839199 -19.020300
vt 21.839300 -19.027599
vt 21.833500 -19.027599
vt 21.827700 -19.027800
vt 21.827700 -19.034700
vt 22.114700 -18.939699
vt 22.116400 -18.944401
vt 22.109800 -18.941500
vt 22.104900 -18.943501
vt 22.111401 -18.946199
vt 22.118601 -18.950701
vt 22.113701 -18.952600
vt 22.106501 -18.948200
vt 22.100000 -18.945400
vt 22.108801 -18.954399
vt 22.101700 -18.950001
vt 22.096901 -18.951799
vt 22.103901 -18.956301
vt 22.111099 -18.961201
vt 22.106300 -18.963100
vt 22.099199 -18.958200
vt 22.092100 -18.953699
vt 22.108601 -18.969900
vt 22.101601 -18.965000
vt 22.094500 -18.960100
vt 22.087299 -18.955601
vt 22.110901 -18.976801
vt 22.103800 -18.971800
vt 22.106001 -18.978600
vt 22.096800 -18.966900
vt 22.099001 -18.973801
vt 22.101101 -18.980499
vt 22.094200 -18.975700
vt 22.091999 -18.968800
vt 22.089701 -18.962000
vt 21.973101 -18.993099
vt 21.972200 -18.988300
vt 21.967199 -18.988899
vt 21.962000 -18.989799
vt 21.941500 -18.992500
vt 21.946600 -18.991800
vt 21.951799 -18.991199
vt 21.901600 -18.995001
vt 21.907801 -18.999901
vt 21.907801 -18.994900
vt 21.901400 -19.005899
vt 21.901501 -18.999599
vt 21.895000 -19.005800
vt 21.907700 -19.006100
vt 21.914000 -19.000000
vt 21.907700 -19.013000
vt 21.914000 -19.006201
vt 21.914000 -18.994600
vt 21.914101 -19.013000
vt 21.920099 -18.999701
vt 21.920200 -19.006399
vt 21.914200 -19.020300
vt 21.920500 -19.013100
vt 21.914400 -19.027300
vt 21.920700 -19.020100
vt 21.921000 -19.027201
vt 21.927200 -19.020000
vt 21.921200 -19.034500
vt 21.927601 -19.027100
vt 21.927900 -19.034401
vt 21.920000 -18.994200
vt 21.926001 -18.993999
vt 21.931400 -18.998899
vt 21.936701 -18.998501
vt 21.931101 -18.993700
vt 21.941900 -18.997900
vt 21.936300 -18.993200
vt 21.851500 -18.993900
vt 21.851500 -18.998899
vt 21.845301 -18.998899
vt 21.839199 -18.999100
vt 21.839199 -19.005800
vt 21.833099 -18.999300
vt 21.827299 -18.999100
vt 21.827499 -18.993099
vt 21.833000 -19.006001
vt 21.820700 -18.991301
vt 21.820601 -19.005600
vt 21.820601 -18.997499
vt 21.815599 -18.997601
vt 21.815599 -19.005600
vt 22.020901 -18.974600
vt 22.027399 -18.977600
vt 22.022400 -18.979300
vt 22.015900 -18.976500
vt 22.034500 -18.982401
vt 22.029400 -18.984100
vt 22.039400 -18.980499
vt 22.044399 -18.978701
vt 22.042400 -18.972401
vt 22.041500 -18.987200
vt 22.036501 -18.989000
vt 22.049400 -18.976900
vt 22.047400 -18.970699
vt 22.046600 -18.985399
vt 22.051600 -18.983601
vt 22.054501 -18.975100
vt 22.052401 -18.968901
vt 22.056700 -18.981800
vt 22.053801 -18.990400
vt 22.059500 -18.973200
vt 22.057501 -18.967100
vt 22.061800 -18.979900
vt 22.058901 -18.988600
vt 22.063999 -18.986799
vt 22.066099 -18.993700
vt 22.061100 -18.995501
vt 22.056000 -18.997299
vt 22.048700 -18.992201
vt 22.043699 -18.994101
vt 22.050900 -18.999100
vt 22.045900 -19.000999
vt 22.038601 -18.995899
vt 22.031500 -18.990801
vt 22.033600 -18.997700
vt 22.024401 -18.985901
vt 22.026600 -18.992701
vt 22.017401 -18.981199
vt 22.012400 -18.982800
vt 21.978901 -19.065001
vt 21.972900 -19.071699
vt 21.979099 -19.071699
vt 21.978201 -19.043800
vt 21.983900 -19.036501
vt 21.977800 -19.036600
vt 21.985201 -19.064899
vt 21.985399 -19.071699
vt 21.984900 -19.058100
vt 21.978701 -19.058201
vt 21.984600 -19.050900
vt 21.978500 -19.051001
vt 21.984200 -19.043699
vt 21.983700 -19.029200
vt 21.991100 -19.058001
vt 21.991400 -19.064800
vt 21.991600 -19.071600
vt 21.990801 -19.050800
vt 21.997400 -19.057899
vt 21.997601 -19.064699
vt 21.997801 -19.071501
vt 21.997101 -19.050699
vt 22.003599 -19.057699
vt 22.003799 -19.064600
vt 22.004000 -19.071400
vt 22.003300 -19.050501
vt 22.009899 -19.057600
vt 22.010099 -19.064400
vt 22.010300 -19.071301
vt 22.009600 -19.050400
vt 22.016100 -19.057501
vt 22.016300 -19.064301
vt 22.016500 -19.071100
vt 22.022499 -19.064100
vt 22.022699 -19.070900
vt 22.015900 -19.050301
vt 22.022400 -19.057301
vt 22.028799 -19.063900
vt 22.028999 -19.070801
vt 22.035700 -19.068800
vt 22.035601 -19.063801
vt 22.040501 -19.063700
vt 22.035400 -19.056900
vt 22.042200 -19.056700
vt 22.028601 -19.057100
vt 22.022100 -19.050100
vt 22.035200 -19.049700
vt 22.042000 -19.049500
vt 22.028400 -19.049900
vt 22.034901 -19.042500
vt 22.041800 -19.042200
vt 22.041500 -19.035101
vt 22.021900 -19.042900
vt 22.028200 -19.042601
vt 22.034700 -19.035299
vt 22.034599 -19.028000
vt 22.041401 -19.027901
vt 22.027901 -19.035400
vt 22.021700 -19.035700
vt 22.015400 -19.043100
vt 22.027800 -19.028200
vt 22.021500 -19.028500
vt 22.009100 -19.043301
vt 22.014999 -19.035999
vt 22.014999 -19.028700
vt 22.002899 -19.043400
vt 22.008600 -19.036100
vt 22.008600 -19.028900
vt 21.996700 -19.043501
vt 22.002399 -19.036200
vt 22.002399 -19.028999
vt 21.990499 -19.043600
vt 21.996500 -19.036400
vt 21.990200 -19.036400
vt 21.996401 -19.029100
vt 21.990101 -19.029200
vt 21.990000 -19.021999
vt 21.996401 -19.021900
vt 22.002600 -19.021799
vt 21.983700 -19.021999
vt 21.977699 -19.021999
vt 21.977800 -19.014799
vt 21.983999 -19.014900
vt 21.978001 -19.007601
vt 21.990101 -19.014799
vt 21.984200 -19.007700
vt 21.978001 -19.000799
vt 21.996500 -19.014799
vt 21.990200 -19.007601
vt 21.984301 -19.000799
vt 21.978001 -18.993999
vt 21.984301 -18.993999
vt 21.990400 -19.000799
vt 21.990499 -18.993900
vt 21.996500 -19.007500
vt 21.996599 -19.000700
vt 21.996700 -18.993799
vt 22.002800 -19.014601
vt 22.002800 -19.007401
vt 22.002899 -19.000601
vt 22.002899 -18.993700
vt 22.008801 -19.021601
vt 22.009001 -19.014400
vt 22.015200 -19.021400
vt 22.008801 -19.007299
vt 22.015301 -19.014200
vt 22.021500 -19.021200
vt 22.021500 -19.013901
vt 22.027901 -19.021099
vt 22.009100 -19.000401
vt 22.009100 -18.993500
vt 22.015100 -19.007099
vt 22.015100 -19.000299
vt 22.015301 -18.993401
vt 22.021400 -19.006800
vt 22.021299 -19.000000
vt 22.021400 -18.993200
vt 22.027599 -19.006701
vt 22.027599 -18.999800
vt 22.027599 -18.993000
vt 22.034401 -18.994699
vt 22.034401 -18.999599
vt 22.039400 -18.999500
vt 22.034500 -19.006500
vt 22.041300 -19.006201
vt 22.041401 -19.013500
vt 22.034599 -19.013599
vt 22.041401 -19.020700
vt 22.027800 -19.013700
vt 22.034599 -19.020800
vt 21.965000 -19.000900
vt 21.965000 -18.995899
vt 21.959999 -19.000900
vt 21.971701 -19.000799
vt 21.971800 -18.993999
vt 21.965000 -19.007700
vt 21.958200 -19.007799
vt 21.971701 -19.007601
vt 21.964899 -19.014900
vt 21.958300 -19.014999
vt 21.971600 -19.014799
vt 21.964800 -19.022200
vt 21.958300 -19.022200
vt 21.958401 -19.029400
vt 21.971600 -19.022100
vt 21.964899 -19.029400
vt 21.958500 -19.036600
vt 21.971701 -19.029301
vt 21.965000 -19.036699
vt 21.958599 -19.043800
vt 21.977600 -19.029200
vt 21.971901 -19.036600
vt 21.965200 -19.043900
vt 21.958799 -19.050900
vt 21.965500 -19.051001
vt 21.959101 -19.058100
vt 21.972000 -19.043900
vt 21.965799 -19.058100
vt 21.961000 -19.065001
vt 21.972200 -19.051100
vt 21.966000 -19.064899
vt 21.966101 -19.069901
vt 21.972500 -19.058100
vt 21.972700 -19.064899
vt 22.045000 -19.013300
vt 22.045200 -19.020500
vt 22.045300 -19.027800
vt 22.045401 -19.035000
vt 22.045500 -19.042101
vt 22.045700 -19.049400
vt 22.045799 -19.057100
vt 22.043699 -19.065399
vt 22.037600 -19.071899
vt 22.029600 -19.074499
vt 22.022900 -19.074699
vt 22.016600 -19.074800
vt 22.010401 -19.075001
vt 22.004200 -19.075100
vt 21.997900 -19.075199
vt 21.991699 -19.075300
vt 21.985399 -19.075500
vt 21.979200 -19.075600
vt 21.972401 -19.075500
vt 21.964300 -19.073099
vt 21.957899 -19.066799
vt 21.955400 -19.058701
vt 21.954800 -19.051100
vt 21.954300 -19.036600
vt 21.954201 -19.029400
vt 21.954500 -19.043800
vt 21.954201 -19.022200
vt 21.954300 -19.014900
vt 21.954500 -19.007200
vt 21.956900 -18.999001
vt 21.963200 -18.992701
vt 21.971300 -18.990200
vt 21.978001 -18.990101
vt 21.984301 -18.990200
vt 21.990499 -18.990400
vt 21.996700 -18.990700
vt 22.002899 -18.990601
vt 22.009001 -18.990200
vt 22.015100 -18.989599
vt 22.021400 -18.989401
vt 22.028099 -18.989201
vt 22.036301 -18.991400
vt 22.042700 -18.997601
vt 22.045099 -19.005600
vt 22.186100 -19.014999
vt 22.186100 -19.008699
vt 22.179800 -19.008699
vt 22.186300 -19.002501
vt 22.180300 -19.002501
vt 22.180599 -18.996201
vt 22.186501 -18.996201
vt 22.186501 -18.989901
vt 22.180599 -18.989901
vt 22.186399 -18.983601
vt 22.180599 -18.983601
vt 22.186399 -18.977400
vt 22.175600 -18.983601
vt 22.180599 -18.977301
vt 22.186399 -18.971001
vt 22.180599 -18.971001
vt 22.185499 -18.964500
vt 22.175501 -18.977301
vt 22.179899 -18.964199
vt 22.175501 -18.989901
vt 22.175501 -18.971001
vt 22.084299 -19.027901
vt 22.088800 -19.034800
vt 22.089300 -19.027901
vt 22.093901 -19.034700
vt 22.089199 -19.021601
vt 22.084101 -19.021601
vt 22.094299 -19.027800
vt 22.098900 -19.034700
vt 22.094299 -19.021601
vt 22.099400 -19.027800
vt 22.103901 -19.034700
vt 22.084400 -19.015400
vt 22.079300 -19.015400
vt 22.089500 -19.015301
vt 22.104401 -19.027800
vt 22.108999 -19.034599
vt 22.099300 -19.021500
vt 22.094601 -19.015301
vt 22.109501 -19.027800
vt 22.114000 -19.034599
vt 22.104401 -19.021500
vt 22.099600 -19.015301
vt 22.114599 -19.027700
vt 22.119101 -19.034500
vt 22.109501 -19.021500
vt 22.104700 -19.015200
vt 22.119699 -19.027700
vt 22.124201 -19.034500
vt 22.114599 -19.021500
vt 22.109699 -19.015200
vt 22.124701 -19.027700
vt 22.129299 -19.034500
vt 22.119699 -19.021500
vt 22.114799 -19.015200
vt 22.129801 -19.027700
vt 22.134300 -19.034401
vt 22.124800 -19.021400
vt 22.119699 -19.015200
vt 22.134899 -19.027599
vt 22.139299 -19.034300
vt 22.129801 -19.021400
vt 22.139999 -19.027599
vt 22.144400 -19.034300
vt 22.135000 -19.021299
vt 22.145100 -19.027599
vt 22.149500 -19.034300
vt 22.140100 -19.021299
vt 22.150200 -19.027599
vt 22.154600 -19.034300
vt 22.145000 -19.021299
vt 22.155300 -19.027599
vt 22.159599 -19.034300
vt 22.150101 -19.021299
vt 22.155300 -19.021200
vt 22.160400 -19.027599
vt 22.164700 -19.034300
vt 22.160400 -19.021299
vt 22.165501 -19.027599
vt 22.169701 -19.034201
vt 22.165300 -19.021200
vt 22.170500 -19.027500
vt 22.174801 -19.034300
vt 22.175501 -19.027500
vt 22.179899 -19.034401
vt 22.170601 -19.021299
vt 22.180500 -19.027500
vt 22.185499 -19.034100
vt 22.175501 -19.021200
vt 22.186300 -19.027500
vt 22.186199 -19.021200
vt 22.179899 -19.021200
vt 21.815201 -18.962400
vt 21.820200 -18.970400
vt 21.820299 -18.962400
vt 21.815100 -18.970400
vt 21.826900 -18.964300
vt 21.820200 -18.977100
vt 21.815100 -18.977100
vt 21.826900 -18.971901
vt 21.820200 -18.983400
vt 21.815100 -18.983400
vt 21.826799 -18.978300
vt 21.820101 -18.989599
vt 21.815100 -18.989599
vt 21.826900 -18.984200
vt 21.832701 -18.977301
vt 21.820000 -18.995899
vt 21.832600 -18.983500
vt 21.826700 -18.990200
vt 21.832500 -18.989799
vt 21.815001 -18.995800
vt 21.826500 -18.996201
vt 21.819901 -19.002100
vt 21.814899 -19.002100
vt 21.832500 -18.996099
vt 21.819700 -19.008301
vt 21.814699 -19.008301
vt 21.826500 -19.002100
vt 21.826401 -19.007999
vt 21.819500 -19.014601
vt 21.814501 -19.014601
vt 21.826401 -19.013901
vt 21.832399 -19.002300
vt 21.832399 -19.008400
vt 21.826099 -19.019899
vt 21.838600 -19.008499
vt 21.838699 -19.002300
vt 21.832300 -19.014799
vt 21.838200 -19.014700
vt 21.831600 -19.020800
vt 21.819300 -19.020901
vt 21.825500 -19.026199
vt 21.814301 -19.020800
vt 21.837700 -19.020901
vt 21.818701 -19.035700
vt 21.814100 -19.027599
vt 21.813801 -19.035700
vt 21.819000 -19.027599
vt 21.825001 -19.033600
vt 21.831200 -19.027000
vt 21.830799 -19.033800
vt 21.837000 -19.034000
vt 21.837400 -19.027100
vt 21.843399 -19.034201
vt 21.843700 -19.027300
vt 21.849800 -19.034401
vt 21.844000 -19.021000
vt 21.850100 -19.027500
vt 21.856300 -19.034599
vt 21.844299 -19.014900
vt 21.850401 -19.021299
vt 21.856501 -19.027700
vt 21.862600 -19.034599
vt 21.862700 -19.027700
vt 21.868900 -19.034599
vt 21.856600 -19.021400
vt 21.850599 -19.015100
vt 21.844601 -19.008699
vt 21.868999 -19.027800
vt 21.875200 -19.034599
vt 21.862900 -19.021500
vt 21.856899 -19.015200
vt 21.850800 -19.008900
vt 21.875299 -19.027800
vt 21.881300 -19.034700
vt 21.869200 -19.021500
vt 21.863100 -19.015301
vt 21.857100 -19.009100
vt 21.881500 -19.027901
vt 21.887699 -19.034700
vt 21.887800 -19.027901
vt 21.875500 -19.021500
vt 21.881701 -19.021601
vt 21.887899 -19.021601
vt 21.869400 -19.015301
vt 21.875601 -19.015301
vt 21.881800 -19.015301
vt 21.888000 -19.015400
vt 21.894199 -19.021700
vt 21.863400 -19.009199
vt 21.869600 -19.009300
vt 21.857300 -19.003000
vt 21.863600 -19.003201
vt 21.875799 -19.009199
vt 21.869801 -19.003201
vt 21.863701 -18.997000
vt 21.851000 -19.002600
vt 21.881901 -19.009100
vt 21.857401 -18.996799
vt 21.844801 -19.002399
vt 21.851000 -18.996500
vt 21.844900 -18.996099
vt 21.838699 -18.996099
vt 21.838699 -18.989901
vt 21.844900 -18.990000
vt 21.851101 -18.990101
vt 21.857401 -18.990400
vt 21.838800 -18.983601
vt 21.844999 -18.983700
vt 21.851200 -18.983900
vt 21.857401 -18.983999
vt 21.838900 -18.977400
vt 21.844999 -18.977501
vt 21.851200 -18.977600
vt 21.857401 -18.977699
vt 21.863600 -18.977699
vt 21.857500 -18.971500
vt 21.863600 -18.971500
vt 21.857500 -18.964800
vt 21.863600 -18.984100
vt 21.869801 -18.977800
vt 21.851299 -18.971399
vt 21.863701 -18.990601
vt 21.869801 -18.984100
vt 21.875900 -18.984100
vt 21.869900 -18.990601
vt 21.875999 -18.990499
vt 21.882000 -18.990299
vt 21.869900 -18.997000
vt 21.875999 -18.996901
vt 21.882000 -18.996599
vt 21.888201 -18.996700
vt 21.875900 -19.003099
vt 21.888201 -19.002899
vt 21.882000 -19.002899
vt 21.888100 -19.009100
vt 21.894300 -19.003000
vt 21.894400 -18.996700
vt 21.901300 -19.003000
vt 21.894400 -19.009100
vt 21.894300 -19.015400
vt 21.901300 -19.009300
vt 21.901300 -19.015499
vt 21.901300 -19.021700
vt 21.908400 -19.015499
vt 21.908400 -19.009300
vt 21.908400 -19.003000
vt 21.908400 -18.996799
vt 21.915300 -19.009300
vt 21.915400 -19.003000
vt 21.915400 -18.996799
vt 21.922400 -19.003099
vt 21.922400 -19.009300
vt 21.915300 -19.015499
vt 21.915300 -19.021799
vt 21.922400 -19.015600
vt 21.929501 -19.015499
vt 21.922400 -19.021799
vt 21.922199 -18.964899
vt 21.928801 -18.959900
vt 21.922001 -18.959801
vt 21.915400 -18.964800
vt 21.915400 -18.971901
vt 21.922300 -18.971800
vt 21.929100 -18.964899
vt 21.908400 -18.971901
vt 21.908400 -18.964800
vt 21.901501 -18.971600
vt 21.901501 -18.964800
vt 21.894501 -18.959900
vt 21.894501 -18.964899
vt 21.888399 -18.964899
vt 21.894501 -18.971600
vt 21.901400 -18.977900
vt 21.908400 -18.978001
vt 21.813801 -19.042101
vt 22.145399 -18.990101
vt 22.150200 -18.996300
vt 22.150400 -18.990101
vt 22.145500 -18.983801
vt 22.154699 -19.002501
vt 22.149700 -19.002501
vt 22.154699 -19.008801
vt 22.159800 -19.002501
vt 22.145201 -18.996300
vt 22.140499 -18.990101
vt 22.140301 -18.983900
vt 22.144800 -19.002501
vt 22.140301 -18.996401
vt 22.135300 -18.990101
vt 22.139900 -19.002600
vt 22.145201 -18.977600
vt 22.150299 -18.977501
vt 22.149599 -19.008801
vt 22.144501 -19.008801
vt 22.150000 -18.971300
vt 22.135401 -18.996401
vt 22.155199 -18.971201
vt 22.139700 -19.008801
vt 22.135000 -19.002600
vt 22.130301 -18.996401
vt 22.139700 -19.015100
vt 22.134701 -19.008801
vt 22.130199 -19.002701
vt 22.129801 -19.008900
vt 22.130199 -18.990200
vt 22.135099 -18.983900
vt 22.125401 -18.990101
vt 22.139999 -18.977600
vt 22.130100 -18.983900
vt 22.134899 -18.977699
vt 22.144899 -18.971399
vt 22.134899 -18.971399
vt 22.129999 -18.977600
vt 22.125299 -18.983900
vt 22.139900 -18.971399
vt 22.144300 -18.964600
vt 22.139200 -18.964600
vt 22.149300 -18.964600
vt 22.154400 -18.964399
vt 22.159500 -18.964300
vt 22.160200 -18.971100
vt 22.160200 -18.977400
vt 22.165400 -18.977400
vt 22.164499 -18.964300
vt 22.165300 -18.971100
vt 22.170300 -18.971100
vt 22.170601 -18.977301
vt 22.169701 -18.964300
vt 22.174801 -18.964199
vt 22.134199 -18.964600
vt 22.129999 -18.971300
vt 22.129200 -18.964701
vt 22.125299 -18.977600
vt 22.125099 -18.971300
vt 22.120399 -18.983900
vt 22.120399 -18.977600
vt 22.120100 -18.971300
vt 22.115299 -18.977600
vt 22.124201 -18.964701
vt 22.114901 -18.971399
vt 22.119101 -18.964800
vt 22.114100 -18.964899
vt 22.109699 -18.971500
vt 22.108999 -18.964899
vt 22.110001 -18.977800
vt 22.115400 -18.983900
vt 22.110100 -18.983999
vt 22.120300 -18.990200
vt 22.104799 -18.977900
vt 22.104500 -18.971701
vt 22.115400 -18.990200
vt 22.120501 -18.996401
vt 22.115499 -18.996500
vt 22.125299 -18.996401
vt 22.125299 -19.002701
vt 22.120399 -19.002701
vt 22.125000 -19.008900
vt 22.129700 -19.015100
vt 22.115400 -19.002800
vt 22.120100 -19.008900
vt 22.124701 -19.015200
vt 22.115101 -19.009001
vt 22.134701 -19.015100
vt 22.144600 -19.015100
vt 22.149700 -19.015100
vt 22.155001 -19.014999
vt 22.160000 -19.008801
vt 22.165100 -19.002399
vt 22.160299 -19.014900
vt 22.165300 -19.008699
vt 22.170500 -19.002399
vt 22.165400 -19.014999
vt 22.170500 -19.008699
vt 22.175400 -19.002399
vt 22.170500 -19.014999
vt 22.175200 -19.008699
vt 22.175200 -19.014999
vt 22.179600 -19.014999
vt 21.921900 -19.040001
vt 21.915199 -19.034901
vt 21.914900 -19.040001
vt 21.922199 -19.034901
vt 21.929001 -19.040001
vt 21.929300 -19.034901
vt 21.935301 -19.040100
vt 21.935699 -19.034800
vt 21.941500 -19.040001
vt 21.941999 -19.034700
vt 21.947701 -19.040001
vt 21.894199 -19.027901
vt 21.893999 -19.034800
vt 21.901100 -19.034800
vt 21.901199 -19.028000
vt 21.908199 -19.034800
vt 21.908300 -19.028099
vt 21.915300 -19.028000
vt 21.908300 -19.021799
vt 21.922400 -19.028000
vt 21.929501 -19.028000
vt 21.935801 -19.028000
vt 21.929501 -19.021799
vt 21.942101 -19.027901
vt 21.948299 -19.034599
vt 21.935801 -19.021700
vt 21.948400 -19.027800
vt 21.954399 -19.034500
vt 21.942101 -19.021601
vt 21.960800 -19.034500
vt 21.948500 -19.021601
vt 21.935900 -19.015499
vt 21.942200 -19.015400
vt 21.960899 -19.027500
vt 21.967100 -19.034500
vt 21.954800 -19.021601
vt 21.948500 -19.015301
vt 21.967300 -19.027599
vt 21.973700 -19.034500
vt 21.961100 -19.021500
vt 21.973900 -19.027599
vt 21.980200 -19.034500
vt 21.967400 -19.021400
vt 21.954800 -19.015301
vt 21.961201 -19.015200
vt 21.980400 -19.027500
vt 21.986700 -19.034500
vt 21.973900 -19.021400
vt 21.967501 -19.015200
vt 21.986900 -19.027599
vt 21.993200 -19.034500
vt 21.980499 -19.021400
vt 21.974100 -19.015100
vt 22.100100 -19.009199
vt 22.105101 -19.009100
vt 22.095400 -19.003000
vt 22.100401 -19.002899
vt 22.090401 -18.996799
vt 22.095400 -18.996700
vt 22.110100 -19.009001
vt 22.105499 -19.002899
vt 22.110500 -19.002800
vt 22.100500 -18.996700
vt 22.105499 -18.996599
vt 22.110500 -18.996500
vt 22.110300 -18.990299
vt 22.105301 -18.990400
vt 22.100201 -18.990400
vt 22.104900 -18.984200
vt 22.095200 -18.990499
vt 22.099701 -18.984301
vt 22.099701 -18.978001
vt 22.090099 -18.990601
vt 22.085400 -18.996901
vt 22.094700 -18.984400
vt 22.094601 -18.978100
vt 22.099199 -18.971901
vt 22.103800 -18.964899
vt 22.089600 -18.984501
vt 22.085100 -18.990601
vt 22.080400 -18.996901
vt 22.080099 -18.990601
vt 22.075199 -18.996799
vt 22.084499 -18.984501
vt 22.089399 -18.978201
vt 22.079500 -18.984501
vt 22.075100 -18.990499
vt 22.070000 -18.996799
vt 22.084400 -18.978300
vt 22.074600 -18.984400
vt 22.069799 -18.990499
vt 22.064800 -18.996700
vt 22.079399 -18.978201
vt 22.069700 -18.984301
vt 22.064600 -18.990499
vt 22.059700 -18.996700
vt 22.074499 -18.978100
vt 22.064600 -18.984200
vt 22.059500 -18.990400
vt 22.054600 -18.996599
vt 22.069500 -18.978001
vt 22.059299 -18.984200
vt 22.054600 -18.990299
vt 22.049299 -18.996599
vt 22.064501 -18.977900
vt 22.054199 -18.984100
vt 22.049400 -18.990299
vt 22.059299 -18.977900
vt 22.049400 -18.983999
vt 22.044300 -18.990200
vt 22.033899 -18.971300
vt 22.038300 -18.964701
vt 22.033199 -18.964600
vt 22.016899 -18.971300
vt 22.022301 -18.964399
vt 22.016399 -18.964399
vt 22.010900 -18.971300
vt 22.010500 -18.964399
vt 22.004999 -18.971300
vt 22.004999 -18.977600
vt 22.004601 -18.964399
vt 21.999100 -18.971399
vt 22.009300 -18.959299
vt 22.003500 -18.959200
vt 21.998800 -18.964399
vt 21.999001 -18.977600
vt 21.999201 -18.983900
vt 21.993200 -18.983999
vt 21.993099 -18.971399
vt 21.993000 -18.977699
vt 21.986601 -18.983999
vt 21.986900 -18.990101
vt 21.980200 -18.990200
vt 21.980000 -18.983999
vt 21.973600 -18.990299
vt 21.986500 -18.977699
vt 21.986500 -18.971500
vt 21.992800 -18.964500
vt 21.997700 -18.959200
vt 21.980000 -18.977699
vt 21.973400 -18.977800
vt 21.986200 -18.964500
vt 21.973400 -18.984100
vt 21.979900 -18.971500
vt 21.973301 -18.971600
vt 21.966700 -18.977900
vt 21.966999 -18.990299
vt 21.967300 -18.996401
vt 21.966700 -18.984100
vt 21.960899 -18.996500
vt 21.961000 -19.002701
vt 21.954700 -19.002800
vt 21.960199 -18.978001
vt 21.960300 -18.984301
vt 21.960199 -18.971800
vt 21.960699 -18.990299
vt 21.954399 -18.990400
vt 21.954599 -18.996599
vt 21.948299 -18.996700
vt 21.993601 -19.027599
vt 21.999001 -19.034500
vt 21.987101 -19.021400
vt 21.980600 -19.015100
vt 21.999399 -19.027599
vt 22.004801 -19.034500
vt 21.993601 -19.021400
vt 21.987200 -19.015100
vt 22.005301 -19.027700
vt 22.010599 -19.034500
vt 21.999399 -19.021400
vt 21.993700 -19.015100
vt 22.011101 -19.027700
vt 22.016399 -19.034500
vt 22.005301 -19.021400
vt 21.999599 -19.015100
vt 22.017000 -19.027700
vt 22.022301 -19.034500
vt 22.011299 -19.021400
vt 22.005400 -19.015100
vt 21.999599 -19.008801
vt 22.022800 -19.027700
vt 22.028099 -19.034599
vt 22.017099 -19.021400
vt 22.011299 -19.015100
vt 22.028700 -19.027800
vt 22.033199 -19.034599
vt 22.023001 -19.021500
vt 22.033800 -19.027800
vt 22.038401 -19.034700
vt 22.028799 -19.021500
vt 22.038900 -19.027800
vt 22.043501 -19.034700
vt 22.033899 -19.021500
vt 22.044001 -19.027901
vt 22.048500 -19.034700
vt 22.039000 -19.021601
vt 22.049101 -19.027901
vt 22.053600 -19.034800
vt 22.044001 -19.021601
vt 22.049000 -19.021601
vt 22.054100 -19.027901
vt 22.058599 -19.034800
vt 22.054100 -19.021700
vt 22.059200 -19.028000
vt 22.063700 -19.034901
vt 22.059099 -19.021700
vt 22.064199 -19.028000
vt 22.068701 -19.034901
vt 22.064100 -19.021700
vt 22.069201 -19.028000
vt 22.073700 -19.034901
vt 22.069099 -19.021700
vt 22.064100 -19.015400
vt 22.059000 -19.015400
vt 22.074301 -19.028000
vt 22.078800 -19.034800
vt 22.073999 -19.021700
vt 22.069099 -19.015400
vt 22.079201 -19.028000
vt 22.083799 -19.034800
vt 22.079000 -19.021700
vt 22.074100 -19.015400
vt 22.175400 -18.996201
vt 22.170500 -18.983601
vt 22.170401 -18.989901
vt 22.165100 -18.983601
vt 22.170300 -18.996201
vt 22.165001 -18.989901
vt 22.165001 -18.996201
vt 22.160000 -18.983601
vt 22.159901 -18.989901
vt 22.159700 -18.996201
vt 22.155199 -18.983700
vt 22.155199 -18.977501
vt 22.155199 -18.990000
vt 22.150299 -18.983801
vt 22.154900 -18.996300
vt 21.941200 -18.965099
vt 21.947100 -18.959400
vt 21.941000 -18.959400
vt 21.947399 -18.965099
vt 21.947399 -18.972200
vt 21.953400 -18.959499
vt 21.953800 -18.965000
vt 21.959600 -18.959499
vt 21.953800 -18.972000
vt 21.953800 -18.978201
vt 21.947500 -18.978399
vt 21.947800 -18.984501
vt 21.941799 -18.984699
vt 21.954100 -18.984301
vt 21.942101 -18.990801
vt 21.935900 -18.990999
vt 21.948200 -18.990499
vt 21.942101 -18.996901
vt 21.935900 -18.997101
vt 21.929600 -18.997000
vt 21.948400 -19.002800
vt 21.942101 -19.002899
vt 21.935801 -19.003000
vt 21.942200 -19.009100
vt 21.929501 -19.003099
vt 21.922501 -18.996901
vt 21.935801 -19.009199
vt 21.929501 -19.009300
vt 21.948400 -19.009100
vt 21.954700 -19.009001
vt 21.961100 -19.009001
vt 21.967400 -19.008900
vt 21.974100 -19.008900
vt 21.967400 -19.002701
vt 21.980600 -19.008801
vt 21.974100 -19.002600
vt 21.987200 -19.008900
vt 21.973900 -18.996401
vt 21.980600 -19.002600
vt 21.993700 -19.008900
vt 21.987200 -19.002600
vt 21.993601 -19.002600
vt 21.999399 -19.002600
vt 21.993700 -18.996300
vt 22.005301 -19.002600
vt 21.987101 -18.996300
vt 21.980499 -18.996300
vt 21.999500 -18.996300
vt 21.993500 -18.990000
vt 21.999399 -18.990101
vt 22.005199 -18.983801
vt 22.005199 -18.990101
vt 22.005199 -18.996300
vt 22.011000 -18.996300
vt 22.011000 -18.990101
vt 22.011101 -19.002600
vt 22.016800 -18.996300
vt 22.005501 -19.008801
vt 22.011200 -19.008900
vt 22.016701 -19.002600
vt 22.017000 -19.008900
vt 22.022600 -19.002701
vt 22.017099 -19.015200
vt 22.022600 -19.009001
vt 22.022900 -19.015200
vt 22.028500 -19.009001
vt 22.028601 -19.015200
vt 22.033701 -19.009001
vt 22.033701 -19.015301
vt 22.038799 -19.015301
vt 22.028601 -19.002701
vt 22.038900 -19.009001
vt 22.043900 -19.015301
vt 22.033800 -19.002701
vt 22.044100 -19.009100
vt 22.048901 -19.015301
vt 22.039101 -19.002701
vt 22.049101 -19.009100
vt 22.054001 -19.015400
vt 22.054001 -19.009100
vt 22.044100 -19.002800
vt 22.049299 -19.002800
vt 22.059099 -19.009100
vt 22.054399 -19.002899
vt 22.064301 -19.009199
vt 22.059601 -19.003000
vt 22.069401 -19.009199
vt 22.064800 -19.003000
vt 22.074499 -19.009199
vt 22.069901 -19.003099
vt 22.079700 -19.009300
vt 22.075001 -19.003099
vt 22.084900 -19.009300
vt 22.080200 -19.003201
vt 22.090099 -19.009300
vt 22.085300 -19.003201
vt 22.095100 -19.009199
vt 22.090401 -19.003099
vt 22.044100 -18.996500
vt 22.039000 -18.990200
vt 22.038900 -18.996401
vt 22.033899 -18.996401
vt 22.033899 -18.990200
vt 22.028799 -18.996500
vt 22.044300 -18.983999
vt 22.034000 -18.983900
vt 22.022800 -18.996401
vt 22.017000 -18.990101
vt 22.022900 -18.990200
vt 22.028700 -18.990200
vt 22.022900 -18.983900
vt 22.028799 -18.983900
vt 22.011200 -18.983801
vt 22.017099 -18.983801
vt 22.033899 -18.977600
vt 22.028799 -18.977600
vt 22.022800 -18.977600
vt 22.016899 -18.977600
vt 22.011000 -18.977600
vt 22.022800 -18.971300
vt 22.028700 -18.971300
vt 22.028099 -18.964500
vt 21.894400 -18.977900
vt 21.901400 -18.984200
vt 21.915400 -18.978100
vt 21.908400 -18.984200
vt 21.922300 -18.978100
vt 21.915400 -18.984301
vt 21.929100 -18.971800
vt 21.922501 -18.984501
vt 21.935200 -18.964899
vt 21.934799 -18.959801
vt 21.929300 -18.978201
vt 21.935200 -18.971901
vt 21.935400 -18.978399
vt 21.929501 -18.984699
vt 21.941099 -18.972300
vt 21.935699 -18.984800
vt 21.941299 -18.978600
vt 21.929701 -18.990999
vt 21.922501 -18.990700
vt 21.915400 -18.990499
vt 21.908400 -18.990499
vt 21.901400 -18.990499
vt 21.901400 -18.996700
vt 21.894400 -18.990400
vt 21.894400 -18.984200
vt 21.888201 -18.990299
vt 21.888201 -18.984200
vt 21.888300 -18.977800
vt 21.888300 -18.971600
vt 21.882099 -18.983999
vt 21.882099 -18.977800
vt 21.882200 -18.971500
vt 21.882299 -18.964800
vt 21.875999 -18.971500
vt 21.875900 -18.977800
vt 21.869801 -18.971500
vt 21.875999 -18.964600
vt 21.869900 -18.964701
vt 21.888399 -18.959700
vt 21.863701 -18.964701
vt 22.097300 -18.959700
vt 22.098700 -18.965000
vt 22.094000 -18.972000
vt 22.093599 -18.965099
vt 22.092199 -18.959700
vt 22.088900 -18.972099
vt 22.088600 -18.965200
vt 22.083799 -18.972200
vt 22.078800 -18.972200
vt 22.083500 -18.965300
vt 22.087200 -18.959700
vt 22.073900 -18.972099
vt 22.078501 -18.965300
vt 22.082100 -18.959801
vt 22.069201 -18.971800
vt 22.064199 -18.971701
vt 22.073500 -18.965200
vt 22.068501 -18.965099
vt 22.063499 -18.965000
vt 22.077101 -18.959801
vt 22.066900 -18.960100
vt 22.072001 -18.959900
vt 22.020901 -19.039600
vt 22.015100 -19.039600
vt 22.026600 -19.039600
vt 22.092300 -19.039900
vt 22.097401 -19.039900
vt 21.960100 -19.040100
vt 21.953899 -19.040100
vt 21.966499 -19.040001
vt 21.972900 -19.040001
vt 21.979300 -19.039900
vt 21.985701 -19.039900
vt 21.992201 -19.039801
vt 21.997900 -19.039700
vt 22.003599 -19.039700
vt 22.009399 -19.039600
vt 21.966600 -18.971600
vt 21.966400 -18.964800
vt 21.973101 -18.964600
vt 21.979700 -18.964500
vt 21.960100 -18.964800
vt 21.965900 -18.959400
vt 21.972401 -18.959200
vt 21.978901 -18.959200
vt 21.985399 -18.959200
vt 21.991800 -18.959101
vt 22.049400 -18.977699
vt 22.044300 -18.977699
vt 22.049101 -18.971500
vt 22.054199 -18.971600
vt 22.053499 -18.964899
vt 22.054300 -18.977800
vt 22.059200 -18.971600
vt 22.058500 -18.964899
vt 22.039000 -18.971399
vt 22.043400 -18.964800
vt 22.044100 -18.971399
vt 22.048401 -18.964800
vt 22.039101 -18.977600
vt 22.039101 -18.983900
vt 21.908001 -19.040001
vt 21.900900 -19.039801
vt 21.893900 -19.039700
vt 21.887501 -19.039700
vt 21.881201 -19.039700
vt 21.875000 -19.039700
vt 21.868700 -19.039700
vt 21.862400 -19.039600
vt 21.832701 -18.971001
vt 21.832701 -18.964399
vt 21.839001 -18.964399
vt 21.838900 -18.971100
vt 21.845200 -18.964600
vt 21.845100 -18.971201
vt 21.851299 -18.964701
vt 21.817301 -18.967400
vt 21.820200 -18.976000
vt 21.822800 -18.969299
vt 21.819901 -18.960600
vt 21.831699 -18.979900
vt 21.829500 -18.971701
vt 21.825399 -18.962601
vt 21.822800 -18.954000
vt 21.834400 -18.973400
vt 21.836599 -18.981701
vt 21.832001 -18.964899
vt 21.827801 -18.955900
vt 21.826099 -18.947500
vt 21.839399 -18.975100
vt 21.841700 -18.983601
vt 21.837099 -18.966600
vt 21.834499 -18.958200
vt 21.830500 -18.949100
vt 21.836800 -18.951599
vt 21.833099 -18.942400
vt 21.839600 -18.959801
vt 21.842100 -18.968399
vt 21.841999 -18.953300
vt 21.844101 -18.976601
vt 21.846701 -18.985201
vt 21.849100 -18.978500
vt 21.847000 -18.970100
vt 21.844700 -18.961700
vt 21.849701 -18.963400
vt 21.847099 -18.955000
vt 21.852100 -18.956699
vt 21.849501 -18.948200
vt 21.844400 -18.946400
vt 21.839300 -18.944700
vt 21.846800 -18.939501
vt 21.841700 -18.937799
vt 21.859501 -18.951500
vt 21.861799 -18.959999
vt 21.864300 -18.953300
vt 21.866400 -18.946800
vt 21.856899 -18.958300
vt 21.859100 -18.966700
vt 21.861700 -18.944901
vt 21.868700 -18.940201
vt 21.854500 -18.949900
vt 21.854300 -18.965000
vt 21.863800 -18.938499
vt 21.856899 -18.943001
vt 21.856600 -18.973400
vt 21.861601 -18.975300
vt 21.859100 -18.982100
vt 21.864201 -18.983900
vt 21.851801 -18.971701
vt 21.854099 -18.980301
vt 21.861799 -18.990601
vt 21.866899 -18.992201
vt 21.859501 -18.997101
vt 21.854700 -18.995001
vt 21.852301 -19.001699
vt 21.856800 -18.988800
vt 21.851801 -18.986900
vt 21.849600 -18.993200
vt 21.847300 -18.999800
vt 21.845400 -19.005199
vt 21.844500 -18.991400
vt 21.842199 -18.998100
vt 21.840401 -19.003500
vt 21.837099 -18.996500
vt 21.835300 -19.001699
vt 21.830299 -18.999599
vt 21.839399 -18.989901
vt 21.834299 -18.988501
vt 21.832001 -18.994801
vt 21.826900 -18.993200
vt 21.825199 -18.997900
vt 21.829201 -18.986799
vt 21.824100 -18.985001
vt 21.821800 -18.991501
vt 21.820101 -18.996300
vt 21.814501 -18.992399
vt 21.815701 -18.989000
vt 21.817699 -18.982800
vt 21.812799 -18.981100
vt 21.812401 -18.987900
vt 21.815001 -18.974300
vt 22.181299 -19.066700
vt 22.181299 -19.073099
vt 22.186199 -19.066799
vt 22.174999 -19.071100
vt 22.175200 -19.064699
vt 22.186100 -19.058701
vt 22.181101 -19.058701
vt 22.185801 -19.051100
vt 22.175301 -19.056999
vt 22.180799 -19.051100
vt 22.071400 -19.057400
vt 22.078100 -19.064199
vt 22.078501 -19.057501
vt 22.085100 -19.064400
vt 22.071899 -19.050100
vt 22.070999 -19.063999
vt 22.064699 -19.063299
vt 22.065300 -19.056700
vt 22.065800 -19.049500
vt 22.059099 -19.056000
vt 22.058500 -19.062700
vt 22.052299 -19.061899
vt 21.851900 -18.941200
vt 21.858900 -18.936701
vt 21.853901 -18.934900
vt 21.848801 -18.933201
vt 21.843800 -18.931299
vt 21.865299 -18.933500
vt 21.870199 -18.935200
vt 21.875200 -18.936899
vt 21.850300 -18.928600
vt 21.845301 -18.926600
vt 21.837400 -18.929399
vt 21.834200 -18.928301
vt 21.835199 -18.935499
vt 21.830400 -18.933800
vt 21.998301 -19.023300
vt 21.995001 -19.014999
vt 21.992901 -19.021700
vt 21.985201 -19.027000
vt 21.988701 -19.035500
vt 21.990700 -19.028601
vt 21.983101 -19.034000
vt 21.986700 -19.042400
vt 21.987400 -19.020201
vt 21.989500 -19.013399
vt 21.981100 -19.040800
vt 21.984900 -19.048800
vt 21.979700 -19.025600
vt 21.979099 -19.047199
vt 21.977501 -19.032400
vt 21.975401 -19.039301
vt 21.973400 -19.045700
vt 21.977699 -19.051901
vt 21.971901 -19.050400
vt 21.966801 -19.048599
vt 21.968300 -19.043900
vt 21.961599 -19.046801
vt 21.970301 -19.037500
vt 21.963200 -19.042101
vt 21.956499 -19.045000
vt 21.972500 -19.030600
vt 21.965200 -19.035601
vt 21.958000 -19.040300
vt 21.951500 -19.043200
vt 21.952999 -19.038500
vt 21.946400 -19.041300
vt 21.960100 -19.033800
vt 21.967400 -19.028799
vt 21.974701 -19.023701
vt 21.948000 -19.036600
vt 21.941401 -19.039499
vt 21.955099 -19.032000
vt 21.962400 -19.026899
vt 21.969700 -19.021900
vt 21.942900 -19.034800
vt 21.936300 -19.037701
vt 21.950001 -19.030100
vt 21.957300 -19.025101
vt 21.964600 -19.020000
vt 21.937901 -19.032900
vt 21.931299 -19.035801
vt 21.945000 -19.028299
vt 21.952299 -19.023199
vt 21.959600 -19.018200
vt 21.932800 -19.031099
vt 21.926300 -19.033899
vt 21.940001 -19.026400
vt 21.947300 -19.021400
vt 21.954500 -19.016300
vt 21.927799 -19.029200
vt 21.921200 -19.032000
vt 21.934999 -19.024500
vt 21.942200 -19.019501
vt 21.949499 -19.014500
vt 21.922800 -19.027300
vt 21.916201 -19.030100
vt 21.930000 -19.022699
vt 21.937201 -19.017599
vt 21.944500 -19.012600
vt 21.917700 -19.025499
vt 21.911200 -19.028299
vt 21.924900 -19.020800
vt 21.932199 -19.015800
vt 21.939501 -19.010799
vt 21.912701 -19.023600
vt 21.906099 -19.026400
vt 21.919901 -19.018999
vt 21.927200 -19.013901
vt 21.934500 -19.008900
vt 21.907700 -19.021799
vt 21.901100 -19.024500
vt 21.914900 -19.017200
vt 21.922199 -19.012100
vt 21.929501 -19.007099
vt 21.909800 -19.015400
vt 21.902599 -19.020000
vt 21.917200 -19.010300
vt 21.924500 -19.005199
vt 21.897600 -19.018101
vt 21.896099 -19.022800
vt 21.891001 -19.021000
vt 21.904800 -19.013500
vt 21.912201 -19.008499
vt 21.919500 -19.003401
vt 21.892599 -19.016199
vt 21.886000 -19.019100
vt 21.899799 -19.011600
vt 21.907101 -19.006701
vt 21.914400 -19.001600
vt 21.887501 -19.014400
vt 21.880899 -19.017300
vt 21.894800 -19.009800
vt 21.902100 -19.004801
vt 21.909401 -18.999800
vt 21.882500 -19.012600
vt 21.875799 -19.015600
vt 21.889700 -19.007999
vt 21.897100 -19.002899
vt 21.904400 -18.997999
vt 22.019199 -19.006500
vt 22.025600 -19.000401
vt 22.020399 -18.999500
vt 22.021700 -18.992701
vt 22.015499 -18.998301
vt 22.014099 -19.005100
vt 22.012699 -19.012199
vt 22.017900 -19.013599
vt 22.009100 -19.003799
vt 22.010500 -18.997000
vt 22.007500 -19.010900
vt 22.011101 -19.019199
vt 22.005899 -19.017900
vt 22.003901 -19.002501
vt 22.005501 -18.995501
vt 22.002300 -19.009501
vt 22.000401 -19.016500
vt 22.009199 -19.026199
vt 22.003799 -19.024799
vt 22.016399 -19.020599
vt 22.021900 -19.021700
vt 22.020300 -19.028799
vt 22.025999 -19.029900
vt 22.014601 -19.027700
vt 22.024700 -19.037001
vt 22.031799 -19.031000
vt 22.018600 -19.035700
vt 22.012699 -19.034599
vt 22.017200 -19.042900
vt 22.030600 -19.038099
vt 22.037701 -19.032101
vt 22.036699 -19.039301
vt 22.023399 -19.044100
vt 22.029499 -19.045200
vt 22.035601 -19.046400
vt 22.041700 -19.047001
vt 22.021900 -19.051100
vt 22.028299 -19.052299
vt 22.040800 -19.054100
vt 22.046900 -19.054800
vt 22.034599 -19.053499
vt 22.046101 -19.061501
vt 22.039900 -19.060900
vt 22.033501 -19.060301
vt 22.027100 -19.059000
vt 22.020700 -19.057699
vt 22.015699 -19.049900
vt 22.014299 -19.056499
vt 22.011000 -19.041599
vt 22.009399 -19.048700
vt 22.007799 -19.055300
vt 22.002100 -19.053600
vt 22.003799 -19.047100
vt 21.996401 -19.052000
vt 22.005501 -19.040100
vt 21.998100 -19.045500
vt 21.990601 -19.050400
vt 21.992399 -19.043900
vt 21.999901 -19.038601
vt 22.007299 -19.033199
vt 22.001699 -19.031700
vt 21.994301 -19.037100
vt 21.996201 -19.030100
vt 21.933500 -18.977699
vt 21.926201 -18.982901
vt 21.931299 -18.984699
vt 21.938499 -18.979601
vt 21.928499 -18.976000
vt 21.923599 -18.974400
vt 21.940701 -18.972700
vt 21.930700 -18.969299
vt 21.925699 -18.967400
vt 21.932600 -18.962999
vt 21.935600 -18.971100
vt 21.937700 -18.964800
vt 21.942699 -18.966400
vt 21.947701 -18.968100
vt 21.945700 -18.974501
vt 21.943501 -18.981400
vt 21.952700 -18.969801
vt 21.950701 -18.976299
vt 21.948400 -18.983200
vt 21.957701 -18.971600
vt 21.955601 -18.978100
vt 21.953400 -18.985001
vt 21.960600 -18.980000
vt 21.958300 -18.986900
vt 21.962700 -18.973400
vt 21.964199 -18.968700
vt 21.995399 -18.992701
vt 21.988300 -18.998100
vt 21.993500 -18.999599
vt 21.991501 -19.006500
vt 22.000500 -18.994101
vt 21.998699 -19.000999
vt 22.007200 -18.988701
vt 22.002300 -18.987400
vt 22.003799 -18.981899
vt 21.996901 -19.007999
vt 21.997400 -18.985901
vt 21.999001 -18.980600
vt 21.986200 -19.004999
vt 21.994101 -18.979300
vt 21.992500 -18.984600
vt 21.990499 -18.991199
vt 21.984100 -19.011900
vt 21.981199 -19.003099
vt 21.981899 -19.018700
vt 21.976900 -19.016800
vt 21.979099 -19.010000
vt 21.971901 -19.014999
vt 21.974001 -19.008101
vt 21.966801 -19.013201
vt 21.961800 -19.011299
vt 21.969101 -19.006300
vt 21.976200 -19.001200
vt 21.983299 -18.996201
vt 21.956800 -19.009399
vt 21.964001 -19.004400
vt 21.985500 -18.989300
vt 21.978300 -18.994301
vt 21.987600 -18.982700
vt 21.971201 -18.999399
vt 21.980499 -18.987499
vt 21.973400 -18.992500
vt 21.966200 -18.997499
vt 21.975599 -18.985600
vt 21.959000 -19.002600
vt 21.968399 -18.990601
vt 21.961201 -18.995701
vt 21.951700 -19.007601
vt 21.954000 -19.000700
vt 21.946699 -19.005699
vt 21.941700 -19.003901
vt 21.948999 -18.998800
vt 21.956200 -18.993799
vt 21.963400 -18.988800
vt 21.936701 -19.002001
vt 21.944000 -18.997000
vt 21.951200 -18.991899
vt 21.931700 -19.000200
vt 21.938999 -18.995199
vt 21.946199 -18.990101
vt 21.926701 -18.998400
vt 21.921700 -18.996700
vt 21.934000 -18.993299
vt 21.929001 -18.991501
vt 21.924000 -18.989799
vt 21.941200 -18.988199
vt 21.936199 -18.986401
vt 22.048401 -18.991899
vt 22.047899 -18.997101
vt 22.053699 -18.992599
vt 22.042400 -18.996500
vt 22.053301 -18.997801
vt 22.047199 -19.004101
vt 22.058901 -18.993000
vt 22.052601 -19.004700
vt 22.041599 -19.003500
vt 22.058599 -18.998400
vt 22.046301 -19.011299
vt 22.036301 -19.002399
vt 22.037201 -18.995501
vt 22.030899 -19.001400
vt 22.032000 -18.994499
vt 22.029800 -19.008499
vt 22.035200 -19.009600
vt 22.040701 -19.010599
vt 22.024500 -19.007500
vt 22.028601 -19.015699
vt 22.023199 -19.014601
vt 22.034100 -19.016701
vt 22.027399 -19.022800
vt 22.039801 -19.017799
vt 22.032900 -19.023800
vt 22.045401 -19.018400
vt 22.038700 -19.025000
vt 22.044500 -19.025600
vt 22.043600 -19.032700
vt 22.050301 -19.026199
vt 22.049500 -19.033400
vt 22.042700 -19.039900
vt 22.048700 -19.040501
vt 22.054501 -19.041100
vt 22.047800 -19.047600
vt 22.055201 -19.034000
vt 22.053699 -19.048201
vt 22.061100 -19.034599
vt 22.060499 -19.041700
vt 22.052999 -19.055500
vt 22.059799 -19.048901
vt 22.066401 -19.042299
vt 22.066999 -19.035200
vt 22.072300 -19.042900
vt 22.072800 -19.035700
vt 22.067400 -19.028000
vt 22.073200 -19.028500
vt 22.061701 -19.027399
vt 22.055901 -19.026800
vt 22.067900 -19.020800
vt 22.073601 -19.021299
vt 22.062300 -19.020300
vt 22.056601 -19.019600
vt 22.051100 -19.018999
vt 22.051901 -19.011900
vt 22.057301 -19.012400
vt 22.058001 -19.005301
vt 22.062799 -19.013000
vt 22.063400 -19.005899
vt 22.063900 -18.998899
vt 22.064100 -18.993500
vt 22.068399 -19.013599
vt 22.068800 -19.006500
vt 22.069099 -18.999399
vt 22.069300 -18.993999
vt 22.073900 -19.014099
vt 22.074301 -19.006901
vt 22.074499 -19.000000
vt 22.074499 -18.994499
vt 22.080799 -19.000200
vt 22.080400 -19.014200
vt 22.080700 -18.994600
vt 22.080601 -19.007099
vt 22.086901 -18.994699
vt 22.087099 -19.000299
vt 22.087000 -19.007299
vt 22.093201 -18.994801
vt 22.093300 -19.000401
vt 22.099501 -18.994801
vt 22.093300 -19.007401
vt 22.086901 -19.014400
vt 22.099701 -19.000500
vt 22.093300 -19.014500
vt 22.105801 -18.994600
vt 22.099701 -19.007601
vt 22.106001 -19.000700
vt 22.099600 -19.014700
vt 22.093100 -19.021799
vt 22.106100 -19.007700
vt 22.112200 -19.000700
vt 22.106100 -19.014900
vt 22.086700 -19.021601
vt 22.099600 -19.021999
vt 22.080099 -19.021400
vt 22.086500 -19.028799
vt 22.079800 -19.028601
vt 22.093000 -19.028999
vt 22.086300 -19.036100
vt 22.079500 -19.035900
vt 22.092800 -19.036301
vt 22.079201 -19.043100
vt 22.086000 -19.043301
vt 22.092699 -19.043501
vt 22.099600 -19.029200
vt 22.099501 -19.036400
vt 22.106199 -19.022100
vt 22.106199 -19.029400
vt 22.099400 -19.043600
vt 22.092501 -19.050699
vt 22.106199 -19.036600
vt 22.106199 -19.043800
vt 22.112499 -19.029301
vt 22.112600 -19.036501
vt 22.112600 -19.043699
vt 22.099400 -19.050800
vt 22.112600 -19.050900
vt 22.106300 -19.051001
vt 22.099199 -19.058001
vt 22.112600 -19.058201
vt 22.106199 -19.058201
vt 22.099100 -19.064699
vt 22.092300 -19.057899
vt 22.085699 -19.050501
vt 22.078800 -19.050301
vt 22.085400 -19.057699
vt 22.091999 -19.064600
vt 22.106001 -19.069901
vt 22.106100 -19.064899
vt 22.112301 -19.069901
vt 22.112499 -19.064899
vt 22.118700 -19.070000
vt 22.118799 -19.065001
vt 22.124800 -19.070000
vt 22.118900 -19.058201
vt 22.125000 -19.065001
vt 22.125099 -19.058201
vt 22.131300 -19.065001
vt 22.118900 -19.050900
vt 22.125000 -19.050900
vt 22.131399 -19.058201
vt 22.137600 -19.065100
vt 22.118900 -19.043699
vt 22.125000 -19.043699
vt 22.131300 -19.050900
vt 22.137699 -19.058100
vt 22.143700 -19.070101
vt 22.143999 -19.065001
vt 22.150200 -19.070101
vt 22.150499 -19.064899
vt 22.156601 -19.070101
vt 22.144100 -19.058001
vt 22.137699 -19.050900
vt 22.131399 -19.043699
vt 22.156900 -19.064899
vt 22.163000 -19.070101
vt 22.150600 -19.057899
vt 22.125000 -19.036501
vt 22.163300 -19.064800
vt 22.169201 -19.070101
vt 22.157101 -19.057800
vt 22.169500 -19.064699
vt 22.163401 -19.057800
vt 22.169600 -19.057699
vt 22.157101 -19.050600
vt 22.150600 -19.050699
vt 22.144199 -19.050800
vt 22.137699 -19.043699
vt 22.144100 -19.043600
vt 22.150600 -19.043501
vt 22.143999 -19.036301
vt 22.131300 -19.036501
vt 22.150400 -19.036200
vt 22.137600 -19.036400
vt 22.143700 -19.029100
vt 22.150101 -19.029100
vt 22.137501 -19.029200
vt 22.131201 -19.029301
vt 22.124901 -19.029301
vt 22.143499 -19.021900
vt 22.137300 -19.021999
vt 22.131100 -19.021999
vt 22.118799 -19.036501
vt 22.118799 -19.029301
vt 22.124800 -19.022100
vt 22.118700 -19.022100
vt 22.112400 -19.022100
vt 22.118500 -19.014900
vt 22.112400 -19.014900
vt 22.112400 -19.007900
vt 22.118500 -19.007799
vt 22.124701 -19.014900
vt 22.124599 -19.007601
vt 22.118900 -19.000700
vt 22.118700 -18.993900
vt 22.124001 -19.000099
vt 22.131001 -19.014799
vt 22.130800 -19.007601
vt 22.130501 -18.999701
vt 22.137100 -19.014799
vt 22.136999 -19.007500
vt 22.136999 -19.000200
vt 22.143299 -19.007500
vt 22.143400 -19.014700
vt 22.143200 -19.000000
vt 22.149500 -19.007401
vt 22.136900 -18.994200
vt 22.149500 -19.014799
vt 22.149799 -19.021900
vt 22.155701 -19.014700
vt 22.155800 -19.021999
vt 22.156000 -19.029301
vt 22.155701 -19.007500
vt 22.156700 -19.036200
vt 22.161900 -19.022100
vt 22.157000 -19.043400
vt 22.162001 -19.029301
vt 22.162399 -19.036501
vt 22.163099 -19.043301
vt 22.163401 -19.050501
vt 22.169500 -19.050501
vt 22.168900 -19.043501
vt 22.168200 -19.036600
vt 22.167999 -19.029301
vt 22.174101 -19.043301
vt 22.174500 -19.049999
vt 22.168200 -19.022301
vt 22.173800 -19.036400
vt 22.173700 -19.029600
vt 22.173800 -19.022900
vt 22.180401 -19.029400
vt 22.180500 -19.036699
vt 22.180700 -19.043900
vt 22.185301 -19.029400
vt 22.185301 -19.036600
vt 22.185600 -19.043800
vt 22.185301 -19.022200
vt 22.180300 -19.022100
vt 22.185301 -19.014900
vt 22.174000 -19.016100
vt 22.180099 -19.014900
vt 22.185200 -19.007200
vt 22.168100 -19.015100
vt 22.174101 -19.008801
vt 22.180099 -19.007200
vt 22.180201 -18.999100
vt 22.185301 -18.999001
vt 22.173901 -19.000900
vt 22.168200 -19.007999
vt 22.161900 -19.014900
vt 22.161900 -19.007799
vt 22.168100 -19.000999
vt 22.161800 -19.000799
vt 22.155600 -19.000601
vt 22.167900 -18.995300
vt 22.161699 -18.995199
vt 22.149401 -19.000200
vt 22.155500 -18.995199
vt 22.149300 -18.994301
vt 22.143101 -18.994400
vt 22.173700 -18.994200
vt 22.180401 -18.992500
vt 22.008600 -18.983200
vt 22.013300 -18.984400
vt 22.011999 -18.990000
vt 22.018101 -18.985800
vt 22.016899 -18.991400
vt 22.022800 -18.987200
vt 22.027700 -18.988199
vt 22.026800 -18.993601
vt 22.032801 -18.989100
vt 22.037901 -18.990101
vt 22.042999 -18.991199
vt 21.877399 -19.010799
vt 21.870701 -19.013800
vt 21.884600 -19.006201
vt 21.892000 -19.001200
vt 21.899401 -18.996300
vt 21.872299 -19.009001
vt 21.865700 -19.011999
vt 21.879601 -19.004400
vt 21.886999 -18.999399
vt 21.894300 -18.994400
vt 21.882000 -18.997601
vt 21.867300 -19.007200
vt 21.874599 -19.002600
vt 21.860701 -19.010201
vt 21.889400 -18.992500
vt 21.862200 -19.005400
vt 21.855600 -19.008600
vt 21.869499 -19.000799
vt 21.876900 -18.995800
vt 21.857300 -19.003500
vt 21.850500 -19.007000
vt 21.864500 -18.999001
vt 21.871901 -18.993999
vt 21.879299 -18.989100
vt 21.874300 -18.987301
vt 21.884300 -18.990801
vt 21.881701 -18.982201
vt 21.886700 -18.983999
vt 21.891701 -18.985800
vt 21.896700 -18.987600
vt 21.876600 -18.980400
vt 21.901699 -18.989401
vt 21.899000 -18.980801
vt 21.903999 -18.982599
vt 21.906700 -18.991199
vt 21.909000 -18.984301
vt 21.893999 -18.978901
vt 21.911699 -18.993000
vt 21.914000 -18.986099
vt 21.889099 -18.977200
vt 21.916700 -18.994900
vt 21.884001 -18.975401
vt 21.919001 -18.988001
vt 21.921200 -18.981100
vt 21.916300 -18.979401
vt 21.911301 -18.977699
vt 21.918600 -18.972700
vt 21.906300 -18.975800
vt 21.913601 -18.970800
vt 21.901400 -18.974001
vt 21.908600 -18.969000
vt 21.896400 -18.972200
vt 21.903700 -18.967199
vt 21.891399 -18.970400
vt 21.898701 -18.965401
vt 21.905899 -18.960300
vt 21.910801 -18.962099
vt 21.915701 -18.963900
vt 21.920601 -18.965700
vt 21.917700 -18.957300
vt 21.922600 -18.959200
vt 21.927601 -18.961000
vt 21.912800 -18.955700
vt 21.914101 -18.951000
vt 21.928900 -18.956600
vt 21.934000 -18.958300
vt 21.939199 -18.959999
vt 21.944201 -18.961901
vt 21.908001 -18.953899
vt 21.901100 -18.958500
vt 21.903200 -18.952101
vt 21.893801 -18.963600
vt 21.896200 -18.956699
vt 21.886499 -18.968599
vt 21.889000 -18.961800
vt 21.881599 -18.966801
vt 21.879101 -18.973600
vt 21.884001 -18.959999
vt 21.874100 -18.971901
vt 21.876600 -18.965099
vt 21.879000 -18.958300
vt 21.886299 -18.953400
vt 21.881201 -18.952000
vt 21.891199 -18.955000
vt 21.883400 -18.945499
vt 21.898300 -18.950399
vt 21.888399 -18.947201
vt 21.893299 -18.948700
vt 21.889999 -18.942499
vt 21.969200 -18.970400
vt 21.885099 -18.940500
vt 21.878500 -18.943800
vt 21.880199 -18.938801
vt 21.876200 -18.950300
vt 21.873600 -18.941999
vt 21.873899 -18.956900
vt 21.871300 -18.948601
vt 21.869101 -18.955000
vt 21.871599 -18.963400
vt 21.866600 -18.961700
vt 21.869101 -18.970200
vt 21.871599 -18.978600
vt 21.864100 -18.968500
vt 21.869200 -18.985500
vt 21.866600 -18.976999
vt 22.112600 -18.993601
vt 22.124100 -18.993900
vt 22.130699 -18.993500
vt 21.989201 -18.977501
vt 21.984200 -18.975700
vt 21.982599 -18.980801
vt 21.977600 -18.979000
vt 21.979200 -18.973900
vt 21.972601 -18.977200
vt 21.974199 -18.972099
vt 21.970600 -18.983801
vt 21.965599 -18.981899
vt 21.967699 -18.975300
s 1
usemtl Meshpart1Mtl.001
f 1/1/1 2/2/2 3/3/3
f 3/3/3 4/4/4 1/1/1
f 4/4/4 3/3/3 5/5/5
f 1/1/1 6/6/6 7/7/7
f 6/6/6 1/1/1 4/4/4
f 7/7/7 8/8/8 9/9/9
f 8/8/8 7/7/7 6/6/6
f 10/10/10 9/9/9 8/8/8
f 9/9/9 10/10/10 11/11/11
f 12/12/12 8/8/8 6/6/6
f 4/4/4 12/12/12 6/6/6
f 8/8/8 12/12/12 13/13/13
f 13/13/13 10/10/10 8/8/8
f 12/12/12 4/4/4 14/14/14
f 5/5/5 14/14/14 4/4/4
f 14/14/14 5/5/5 15/15/15
f 14/14/14 16/16/16 12/12/12
f 16/16/16 13/13/13 12/12/12
f 15/15/15 17/17/17 14/14/14
f 16/16/16 14/14/14 17/17/17
f 17/17/17 15/15/15 18/18/18
f 17/17/17 19/19/19 16/16/16
f 18/18/18 20/20/20 17/17/17
f 19/19/19 17/17/17 20/20/20
f 20/20/20 18/18/18 21/21/21
f 21/21/21 22/22/22 20/20/20
f 20/20/20 22/22/22 19/19/19
f 22/22/22 21/21/21 23/23/23
f 13/13/13 16/16/16 24/24/24
f 19/19/19 24/24/24 16/16/16
f 24/24/24 25/25/25 13/13/13
f 10/10/10 13/13/13 25/25/25
f 26/26/26 22/22/22 23/23/23
f 24/24/24 19/19/19 27/27/27
f 19/19/19 22/22/22 28/28/28
f 19/19/19 28/28/28 27/27/27
f 27/27/27 29/29/29 24/24/24
f 25/25/25 24/24/24 29/29/29
f 27/27/27 28/28/28 30/30/30
f 22/22/22 31/31/31 28/28/28
f 28/28/28 31/31/31 30/30/30
f 27/27/27 30/30/30 32/32/32
f 29/29/29 27/27/27 32/32/32
f 32/32/32 30/30/30 33/33/33
f 29/29/29 32/32/32 34/34/34
f 29/29/29 35/35/35 25/25/25
f 35/35/35 29/29/29 34/34/34
f 36/36/36 25/25/25 35/35/35
f 25/25/25 36/36/36 10/10/10
f 37/37/37 10/10/10 36/36/36
f 10/10/10 37/37/37 11/11/11
f 38/38/38 11/11/11 37/37/37
f 38/38/38 37/37/37 39/39/39
f 40/40/40 38/38/38 39/39/39
f 41/41/41 40/40/40 39/39/39
f 39/39/39 37/37/37 42/42/42
f 42/42/42 41/41/41 39/39/39
f 37/37/37 36/36/36 42/42/42
f 42/42/42 36/36/36 43/43/43
f 35/35/35 43/43/43 36/36/36
f 41/41/41 42/42/42 44/44/44
f 42/42/42 43/43/43 44/44/44
f 41/41/41 44/44/44 45/45/45
f 46/46/46 41/41/41 45/45/45
f 47/47/47 46/46/46 45/45/45
f 48/48/48 47/47/47 45/45/45
f 45/45/45 44/44/44 48/48/48
f 47/47/47 48/48/48 49/49/49
f 50/50/50 49/49/49 48/48/48
f 44/44/44 51/51/51 48/48/48
f 48/48/48 51/51/51 50/50/50
f 44/44/44 43/43/43 51/51/51
f 43/43/43 35/35/35 52/52/52
f 43/43/43 52/52/52 51/51/51
f 35/35/35 34/34/34 52/52/52
f 53/53/53 50/50/50 51/51/51
f 51/51/51 52/52/52 53/53/53
f 50/50/50 53/53/53 54/54/54
f 52/52/52 34/34/34 55/55/55
f 55/55/55 53/53/53 52/52/52
f 53/53/53 56/56/56 54/54/54
f 53/53/53 55/55/55 56/56/56
f 57/57/57 58/58/58 59/59/59
f 60/60/60 59/59/59 58/58/58
f 61/61/61 62/62/62 57/57/57
f 59/59/59 61/61/61 57/57/57
f 54/54/54 63/63/63 62/62/62
f 61/61/61 54/54/54 62/62/62
f 59/59/59 60/60/60 64/64/64
f 65/65/65 64/64/64 60/60/60
f 49/49/49 61/61/61 59/59/59
f 64/64/64 49/49/49 59/59/59
f 50/50/50 54/54/54 61/61/61
f 49/49/49 50/50/50 61/61/61
f 64/64/64 65/65/65 66/66/66
f 67/67/67 66/66/66 65/65/65
f 47/47/47 49/49/49 64/64/64
f 66/66/66 47/47/47 64/64/64
f 66/66/66 67/67/67 68/68/68
f 69/69/69 68/68/68 67/67/67
f 69/69/69 70/70/70 68/68/68
f 71/71/71 68/68/68 70/70/70
f 68/68/68 72/72/72 66/66/66
f 72/72/72 47/47/47 66/66/66
f 68/68/68 71/71/71 73/73/73
f 72/72/72 68/68/68 73/73/73
f 74/74/74 73/73/73 71/71/71
f 73/73/73 74/74/74 75/75/75
f 75/75/75 72/72/72 73/73/73
f 76/76/76 75/75/75 74/74/74
f 46/46/46 47/47/47 72/72/72
f 72/72/72 75/75/75 46/46/46
f 75/75/75 76/76/76 77/77/77
f 77/77/77 46/46/46 75/75/75
f 78/78/78 77/77/77 76/76/76
f 77/77/77 78/78/78 79/79/79
f 80/80/80 79/79/79 78/78/78
f 46/46/46 77/77/77 81/81/81
f 79/79/79 81/81/81 77/77/77
f 79/79/79 80/80/80 82/82/82
f 83/83/83 82/82/82 80/80/80
f 81/81/81 79/79/79 40/40/40
f 82/82/82 83/83/83 84/84/84
f 82/82/82 85/85/85 79/79/79
f 79/79/79 85/85/85 40/40/40
f 84/84/84 85/85/85 82/82/82
f 86/86/86 84/84/84 83/83/83
f 40/40/40 41/41/41 81/81/81
f 81/81/81 41/41/41 46/46/46
f 85/85/85 38/38/38 40/40/40
f 84/84/84 86/86/86 87/87/87
f 85/85/85 84/84/84 88/88/88
f 87/87/87 88/88/88 84/84/84
f 88/88/88 89/89/89 85/85/85
f 85/85/85 89/89/89 38/38/38
f 88/88/88 87/87/87 90/90/90
f 90/90/90 89/89/89 88/88/88
f 86/86/86 91/91/91 87/87/87
f 91/91/91 90/90/90 87/87/87
f 86/86/86 92/92/92 91/91/91
f 92/92/92 93/93/93 91/91/91
f 92/92/92 94/94/94 93/93/93
f 95/95/95 93/93/93 94/94/94
f 93/93/93 95/95/95 96/96/96
f 93/93/93 97/97/97 91/91/91
f 90/90/90 91/91/91 97/97/97
f 96/96/96 98/98/98 93/93/93
f 97/97/97 93/93/93 98/98/98
f 98/98/98 96/96/96 99/99/99
f 97/97/97 100/100/100 90/90/90
f 89/89/89 90/90/90 100/100/100
f 98/98/98 101/101/101 97/97/97
f 100/100/100 97/97/97 101/101/101
f 99/99/99 102/102/102 98/98/98
f 101/101/101 98/98/98 102/102/102
f 102/102/102 99/99/99 2/2/2
f 100/100/100 11/11/11 89/89/89
f 89/89/89 11/11/11 38/38/38
f 101/101/101 9/9/9 100/100/100
f 11/11/11 100/100/100 9/9/9
f 102/102/102 7/7/7 101/101/101
f 9/9/9 101/101/101 7/7/7
f 2/2/2 1/1/1 102/102/102
f 7/7/7 102/102/102 1/1/1
f 54/54/54 56/56/56 63/63/63
f 56/56/56 103/103/103 63/63/63
f 55/55/55 103/103/103 56/56/56
f 63/63/63 103/103/103 104/104/104
f 34/34/34 105/105/105 55/55/55
f 103/103/103 55/55/55 105/105/105
f 106/106/106 104/104/104 103/103/103
f 105/105/105 106/106/106 103/103/103
f 104/104/104 106/106/106 107/107/107
f 105/105/105 34/34/34 108/108/108
f 34/34/34 32/32/32 108/108/108
f 33/33/33 108/108/108 32/32/32
f 106/106/106 109/109/109 107/107/107
f 106/106/106 105/105/105 110/110/110
f 108/108/108 110/110/110 105/105/105
f 110/110/110 109/109/109 106/106/106
f 107/107/107 109/109/109 111/111/111
f 110/110/110 108/108/108 112/112/112
f 108/108/108 33/33/33 112/112/112
f 109/109/109 110/110/110 113/113/113
f 112/112/112 113/113/113 110/110/110
f 33/33/33 114/114/114 112/112/112
f 113/113/113 112/112/112 115/115/115
f 112/112/112 114/114/114 115/115/115
f 33/33/33 116/116/116 114/114/114
f 30/30/30 116/116/116 33/33/33
f 30/30/30 31/31/31 116/116/116
f 31/31/31 22/22/22 117/117/117
f 22/22/22 26/26/26 117/117/117
f 120/118/118 119/119/119 118/120/120
f 121/121/121 120/118/118 118/120/120
f 120/118/118 122/122/122 119/119/119
f 123/123/123 120/118/118 121/121/121
f 120/118/118 123/123/123 124/124/124
f 125/125/125 124/124/124 123/123/123
f 126/126/126 122/122/122 120/118/118
f 124/124/124 126/126/126 120/118/118
f 126/126/126 111/111/111 122/122/122
f 124/124/124 125/125/125 127/127/127
f 128/128/128 127/127/127 125/125/125
f 129/129/129 126/126/126 124/124/124
f 127/127/127 129/129/129 124/124/124
f 127/127/127 128/128/128 130/130/130
f 131/131/131 130/130/130 128/128/128
f 132/132/132 129/129/129 127/127/127
f 130/130/130 132/132/132 127/127/127
f 129/129/129 107/107/107 126/126/126
f 107/107/107 111/111/111 126/126/126
f 132/132/132 104/104/104 129/129/129
f 104/104/104 107/107/107 129/129/129
f 130/130/130 131/131/131 57/57/57
f 58/58/58 57/57/57 131/131/131
f 62/62/62 132/132/132 130/130/130
f 57/57/57 62/62/62 130/130/130
f 63/63/63 104/104/104 132/132/132
f 62/62/62 63/63/63 132/132/132
f 134/60/133 133/133/134 135/134/135
f 136/135/136 134/60/133 135/134/135
f 134/60/133 136/135/136 137/65/137
f 138/120/138 139/136/139 140/121/140
f 141/137/141 140/121/140 139/136/139
f 142/138/142 26/26/143 143/23/144
f 143/23/144 144/139/145 142/138/142
f 144/139/145 143/23/144 145/21/21
f 137/65/137 146/140/146 147/67/147
f 146/140/146 137/65/137 136/135/136
f 148/141/148 149/142/149 150/143/150
f 150/143/150 151/144/151 152/145/152
f 151/144/151 150/143/150 153/146/153
f 153/146/153 154/147/154 151/144/151
f 149/142/149 153/146/153 150/143/150
f 155/148/155 150/143/150 152/145/152
f 150/143/150 155/148/155 148/141/148
f 152/145/152 156/149/156 155/148/155
f 154/147/154 153/146/153 157/150/157
f 158/151/158 154/147/154 157/150/157
f 157/150/157 159/152/159 158/151/158
f 160/153/160 157/150/157 153/146/153
f 153/146/153 149/142/149 160/153/160
f 159/152/159 157/150/157 161/154/161
f 157/150/157 160/153/160 161/154/161
f 161/154/161 162/155/162 159/152/159
f 162/155/162 161/154/161 163/156/163
f 160/153/160 163/156/163 161/154/161
f 163/156/163 164/157/164 162/155/162
f 164/157/164 163/156/163 165/158/165
f 166/159/166 165/158/165 163/156/163
f 163/156/163 160/153/160 166/159/166
f 165/158/165 166/159/166 167/160/167
f 168/161/168 166/159/166 160/153/160
f 168/161/168 167/160/167 166/159/166
f 149/142/149 168/161/168 160/153/160
f 167/160/167 168/161/168 169/162/92
f 170/163/169 168/161/168 149/142/149
f 171/164/170 169/162/92 168/161/168
f 168/161/168 170/163/169 171/164/170
f 169/162/92 171/164/170 172/165/94
f 149/142/149 148/141/148 170/163/169
f 171/164/170 173/166/95 172/165/94
f 173/166/95 171/164/170 174/167/171
f 174/167/171 175/168/172 173/166/95
f 176/169/173 171/164/170 170/163/169
f 171/164/170 176/169/173 174/167/171
f 174/167/171 177/170/174 175/168/172
f 177/170/174 174/167/171 176/169/173
f 176/169/173 170/163/169 178/171/175
f 178/171/175 170/163/169 148/141/148
f 178/171/175 148/141/148 179/172/176
f 179/172/176 148/141/148 155/148/155
f 179/172/176 155/148/155 180/173/177
f 180/173/177 155/148/155 156/149/156
f 180/173/177 156/149/156 181/174/178
f 181/174/178 156/149/156 182/175/179
f 181/174/178 182/175/179 183/176/180
f 185/177/181 187/178/182 186/179/183
f 187/178/182 188/180/184 186/179/183
f 184/181/185 189/182/186 185/177/181
f 187/178/182 185/177/181 189/182/186
f 189/182/186 184/181/185 190/183/187
f 189/182/186 191/184/188 187/178/182
f 192/185/189 190/183/187 184/181/185
f 190/183/187 193/186/190 189/182/186
f 191/184/188 189/182/186 193/186/190
f 192/185/189 194/187/191 190/183/187
f 193/186/190 190/183/187 194/187/191
f 195/188/192 197/189/193 192/185/189
f 194/187/191 192/185/189 197/189/193
f 196/190/194 198/191/195 195/188/192
f 197/189/193 195/188/192 198/191/195
f 198/191/195 196/190/194 199/192/196
f 197/189/193 200/193/197 194/187/191
f 200/193/197 193/186/190 194/187/191
f 198/191/195 201/194/198 197/189/193
f 200/193/197 197/189/193 201/194/198
f 199/192/196 202/195/199 198/191/195
f 201/194/198 198/191/195 202/195/199
f 202/195/199 199/192/196 203/196/200
f 193/186/190 200/193/197 204/197/201
f 204/197/201 191/184/188 193/186/190
f 200/193/197 205/198/202 204/197/201
f 191/184/188 204/197/201 206/199/203
f 205/198/202 206/199/203 204/197/201
f 207/200/204 191/184/188 206/199/203
f 201/194/198 208/201/205 200/193/197
f 205/198/202 200/193/197 208/201/205
f 202/195/199 209/202/206 201/194/198
f 208/201/205 201/194/198 209/202/206
f 209/202/206 202/195/199 210/203/207
f 203/196/200 210/203/207 202/195/199
f 209/202/206 211/204/208 208/201/205
f 210/203/207 203/196/200 212/205/209
f 213/206/210 212/205/209 203/196/200
f 212/205/209 213/206/210 214/207/211
f 210/203/207 215/208/212 209/202/206
f 211/204/208 209/202/206 215/208/212
f 212/205/209 216/209/213 210/203/207
f 215/208/212 210/203/207 216/209/213
f 214/207/211 217/210/214 212/205/209
f 216/209/213 212/205/209 217/210/214
f 217/210/214 214/207/211 218/211/215
f 219/212/216 216/209/213 217/210/214
f 220/213/217 217/210/214 218/211/215
f 217/210/214 220/213/217 219/212/216
f 218/211/215 221/214/218 220/213/217
f 222/215/219 215/208/212 216/209/213
f 216/209/213 219/212/216 222/215/219
f 215/208/212 222/215/219 223/216/220
f 223/216/220 211/204/208 215/208/212
f 219/212/216 224/217/221 222/215/219
f 224/217/221 223/216/220 222/215/219
f 225/218/222 220/213/217 221/214/218
f 226/219/223 219/212/216 220/213/217
f 220/213/217 225/218/222 226/219/223
f 219/212/216 226/219/223 227/220/224
f 224/217/221 219/212/216 227/220/224
f 211/204/208 223/216/220 228/221/225
f 223/216/220 224/217/221 229/222/226
f 229/222/226 228/221/225 223/216/220
f 224/217/221 230/223/227 229/222/226
f 227/220/224 231/224/228 224/217/221
f 230/223/227 224/217/221 231/224/228
f 226/219/223 232/225/229 227/220/224
f 231/224/228 227/220/224 232/225/229
f 232/225/229 226/219/223 233/226/230
f 225/218/222 233/226/230 226/219/223
f 234/227/231 231/224/228 232/225/229
f 235/228/232 232/225/229 233/226/230
f 232/225/229 235/228/232 234/227/231
f 231/224/228 234/227/231 236/229/233
f 236/229/233 230/223/227 231/224/228
f 237/230/234 234/227/231 235/228/232
f 233/226/230 225/218/222 238/231/235
f 233/226/230 239/232/236 235/228/232
f 239/232/236 233/226/230 238/231/235
f 240/233/237 235/228/232 239/232/236
f 235/228/232 240/233/237 237/230/234
f 234/227/231 237/230/234 241/234/238
f 241/234/238 236/229/233 234/227/231
f 242/235/239 237/230/234 240/233/237
f 243/236/240 241/234/238 237/230/234
f 237/230/234 242/235/239 243/236/240
f 241/234/238 243/236/240 244/237/241
f 236/229/233 241/234/238 245/238/242
f 244/237/241 245/238/242 241/234/238
f 246/239/243 236/229/233 245/238/242
f 245/238/242 244/237/241 247/240/244
f 247/240/244 246/239/243 245/238/242
f 236/229/233 246/239/243 248/241/245
f 230/223/227 236/229/233 248/241/245
f 246/239/243 247/240/244 182/175/179
f 249/242/246 248/241/245 246/239/243
f 182/175/179 249/242/246 246/239/243
f 248/241/245 249/242/246 250/243/247
f 250/243/247 230/223/227 248/241/245
f 249/242/246 182/175/179 156/149/156
f 230/223/227 250/243/247 251/244/248
f 251/244/248 229/222/226 230/223/227
f 152/145/152 250/243/247 249/242/246
f 156/149/156 152/145/152 249/242/246
f 151/144/151 251/244/248 250/243/247
f 250/243/247 152/145/152 151/144/151
f 229/222/226 251/244/248 252/245/249
f 228/221/225 229/222/226 252/245/249
f 251/244/248 151/144/151 154/147/154
f 154/147/154 252/245/249 251/244/248
f 253/246/250 228/221/225 252/245/249
f 252/245/249 154/147/154 253/246/250
f 228/221/225 253/246/250 254/247/251
f 154/147/154 158/151/158 253/246/250
f 158/151/158 254/247/251 253/246/250
f 255/248/252 228/221/225 254/247/251
f 228/221/225 255/248/252 211/204/208
f 255/248/252 208/201/205 211/204/208
f 208/201/205 255/248/252 205/198/202
f 254/247/251 256/249/253 255/248/252
f 256/249/253 205/198/202 255/248/252
f 254/247/251 158/151/158 257/250/254
f 256/249/253 254/247/251 257/250/254
f 205/198/202 256/249/253 258/251/255
f 206/199/203 205/198/202 258/251/255
f 257/250/254 259/252/256 256/249/253
f 259/252/256 258/251/255 256/249/253
f 258/251/255 207/200/204 206/199/203
f 159/152/159 257/250/254 158/151/158
f 258/251/255 259/252/256 260/253/257
f 207/200/204 258/251/255 260/253/257
f 259/252/256 257/250/254 261/254/258
f 257/250/254 159/152/159 261/254/258
f 259/252/256 262/255/259 260/253/257
f 261/254/258 263/256/260 259/252/256
f 262/255/259 259/252/256 263/256/260
f 263/256/260 261/254/258 264/257/261
f 159/152/159 264/257/261 261/254/258
f 264/257/261 265/258/262 263/256/260
f 263/256/260 265/258/262 262/255/259
f 265/258/262 266/259/263 262/255/259
f 265/258/262 264/257/261 267/260/78
f 268/261/264 262/255/259 266/259/263
f 162/155/162 267/260/78 264/257/261
f 264/257/261 159/152/159 162/155/162
f 267/260/78 162/155/162 164/157/164
f 262/255/259 268/261/264 269/262/265
f 269/262/265 260/253/257 262/255/259
f 270/263/266 269/262/265 268/261/264
f 260/253/257 269/262/265 207/200/204
f 269/262/265 270/263/266 271/264/267
f 271/264/267 207/200/204 269/262/265
f 270/263/266 272/265/268 271/264/267
f 207/200/204 271/264/267 273/266/269
f 191/184/188 207/200/204 273/266/269
f 273/266/269 187/178/182 191/184/188
f 187/178/182 273/266/269 274/267/270
f 271/264/267 274/267/270 273/266/269
f 274/267/270 271/264/267 275/268/271
f 275/268/271 188/180/184 274/267/270
f 271/264/267 272/265/268 275/268/271
f 188/180/184 275/268/271 276/269/272
f 272/265/268 276/269/272 275/268/271
f 278/270/273 280/271/274 277/272/275
f 277/272/275 280/271/274 279/273/276
f 280/271/274 278/270/273 282/274/277
f 281/275/278 282/274/277 278/270/273
f 282/274/277 283/276/279 280/271/274
f 279/273/276 280/271/274 284/277/280
f 280/271/274 283/276/279 284/277/280
f 279/273/276 284/277/280 285/278/281
f 285/278/281 284/277/280 286/279/282
f 287/280/283 285/278/281 286/279/282
f 284/277/280 288/281/284 286/279/282
f 284/277/280 283/276/279 288/281/284
f 286/279/282 289/282/285 287/280/283
f 287/280/283 289/282/285 290/283/283
f 286/279/282 288/281/284 291/284/286
f 289/282/285 286/279/282 291/284/286
f 295/285/287 293/286/288 294/287/289
f 296/288/290 295/285/287 294/287/289
f 295/285/287 296/288/290 297/289/291
f 297/289/291 298/290/292 295/285/287
f 299/291/293 297/289/291 296/288/290
f 298/290/292 297/289/291 301/292/294
f 297/289/291 299/291/293 302/293/295
f 300/294/296 302/293/295 299/291/293
f 302/293/295 301/292/294 297/289/291
f 301/292/294 303/295/297 298/290/292
f 302/293/295 300/294/296 304/296/298
f 305/297/299 304/296/298 300/294/296
f 304/296/298 306/298/300 302/293/295
f 301/292/294 302/293/295 306/298/300
f 305/297/299 307/299/301 304/296/298
f 306/298/300 304/296/298 307/299/301
f 311/300/302 313/301/303 312/302/304
f 315/303/305 316/304/306 317/305/307
f 317/305/307 318/306/308 315/303/305
f 319/307/309 320/308/310 316/304/306
f 316/304/306 315/303/305 319/307/309
f 321/309/311 315/303/305 318/306/308
f 322/310/312 319/307/309 315/303/305
f 315/303/305 321/309/311 322/310/312
f 323/311/313 322/310/312 321/309/311
f 333/312/314 331/313/315 332/314/316
f 334/315/317 333/312/314 332/314/316
f 183/176/180 182/175/179 247/240/244
f 183/176/180 247/240/244 336/316/318
f 336/316/318 247/240/244 244/237/241
f 336/316/318 244/237/241 337/317/319
f 337/317/319 244/237/241 243/236/240
f 339/318/320 340/319/321 338/320/322
f 339/318/320 341/321/323 340/319/321
f 341/321/323 342/322/324 340/319/321
f 343/323/320 341/321/323 339/318/320
f 341/321/323 344/324/325 342/322/324
f 345/325/326 342/322/324 344/324/325
f 343/323/320 346/326/327 341/321/323
f 346/326/327 344/324/325 341/321/323
f 347/327/328 346/326/327 343/323/320
f 344/324/325 348/328/329 345/325/326
f 349/329/330 345/325/326 348/328/329
f 346/326/327 350/330/331 344/324/325
f 348/328/329 344/324/325 350/330/331
f 347/327/328 351/331/332 346/326/327
f 351/331/332 350/330/331 346/326/327
f 352/332/333 351/331/332 347/327/328
f 351/331/332 353/333/334 350/330/331
f 350/330/331 354/334/335 348/328/329
f 354/334/335 350/330/331 353/333/334
f 355/335/336 353/333/334 351/331/332
f 352/332/333 355/335/336 351/331/332
f 362/336/337 365/337/338 363/338/339
f 365/337/338 364/339/340 363/338/339
f 364/339/340 365/337/338 366/340/341
f 366/340/341 357/341/342 364/339/340
f 365/337/338 362/336/337 367/342/343
f 367/342/343 362/336/337 368/343/344
f 368/343/344 362/336/337 361/344/345
f 369/345/346 365/337/338 367/342/343
f 370/346/347 367/342/343 368/343/344
f 367/342/343 370/346/347 369/345/346
f 368/343/344 361/344/345 371/347/348
f 371/347/348 361/344/345 360/348/349
f 368/343/344 372/349/350 370/346/347
f 372/349/350 368/343/344 371/347/348
f 365/337/338 369/345/346 373/350/351
f 373/350/351 366/340/341 365/337/338
f 371/347/348 360/348/349 374/351/352
f 375/352/353 371/347/348 374/351/352
f 372/349/350 371/347/348 375/352/353
f 376/353/354 358/354/355 359/355/356
f 377/356/357 374/351/352 376/353/354
f 375/352/353 374/351/352 377/356/357
f 378/357/358 376/353/354 359/355/356
f 376/353/354 378/357/358 377/356/357
f 379/358/359 377/356/357 378/357/358
f 380/359/360 375/352/353 377/356/357
f 377/356/357 379/358/359 380/359/360
f 381/360/361 380/359/360 379/358/359
f 375/352/353 380/359/360 382/361/362
f 382/361/362 372/349/350 375/352/353
f 380/359/360 381/360/361 383/362/363
f 383/362/363 382/361/362 380/359/360
f 384/363/364 383/362/363 381/360/361
f 386/364/365 372/349/350 382/361/362
f 386/364/365 370/346/347 372/349/350
f 382/361/362 383/362/363 387/365/366
f 387/365/366 386/364/365 382/361/362
f 383/362/363 384/363/364 388/366/367
f 388/366/367 387/365/366 383/362/363
f 389/367/368 385/368/369 390/369/370
f 391/370/371 389/367/368 390/369/370
f 392/371/372 384/363/364 389/367/368
f 384/363/364 392/371/372 388/366/367
f 389/367/368 391/370/371 393/372/373
f 393/372/373 392/371/372 389/367/368
f 394/373/374 393/372/373 391/370/371
f 392/371/372 395/374/375 388/366/367
f 387/365/366 388/366/367 395/374/375
f 392/371/372 393/372/373 396/375/376
f 397/376/377 396/375/376 393/372/373
f 395/374/375 398/377/378 387/365/366
f 398/377/378 386/364/365 387/365/366
f 395/374/375 392/371/372 399/378/379
f 396/375/376 399/378/379 392/371/372
f 309/379/380 400/380/381 310/381/382
f 400/380/381 326/382/383 310/381/382
f 401/383/384 403/384/385 402/385/386
f 402/385/386 403/384/385 405/386/387
f 407/387/388 406/388/389 405/386/387
f 403/384/385 407/387/388 405/386/387
f 406/388/389 408/389/390 404/390/391
f 406/388/389 407/387/388 408/389/390
f 404/390/391 409/391/392 400/380/381
f 404/390/391 408/389/390 409/391/392
f 400/380/381 409/391/392 410/392/393
f 401/383/384 411/393/394 403/384/385
f 308/394/395 411/393/394 401/383/384
f 407/387/388 403/384/385 412/395/396
f 413/396/397 403/384/385 411/393/394
f 403/384/385 413/396/397 412/395/396
f 414/397/398 407/387/388 412/395/396
f 415/398/399 412/395/396 413/396/397
f 412/395/396 415/398/399 414/397/398
f 407/387/388 414/397/398 416/399/400
f 416/399/400 408/389/390 407/387/388
f 408/389/390 416/399/400 417/400/401
f 417/400/401 409/391/392 408/389/390
f 418/401/402 417/400/401 416/399/400
f 409/391/392 417/400/401 419/402/403
f 419/402/403 410/392/393 409/391/392
f 420/403/404 419/402/403 417/400/401
f 417/400/401 418/401/402 420/403/404
f 410/392/393 419/402/403 421/404/405
f 422/405/406 416/399/400 414/397/398
f 416/399/400 422/405/406 418/401/402
f 414/397/398 423/406/407 422/405/406
f 423/406/407 414/397/398 415/398/399
f 419/402/403 420/403/404 424/407/408
f 424/407/408 421/404/405 419/402/403
f 418/401/402 425/408/409 420/403/404
f 420/403/404 426/409/410 424/407/408
f 426/409/410 420/403/404 425/408/409
f 427/410/411 428/411/412 429/412/413
f 430/413/414 431/414/415 428/411/412
f 428/411/412 427/410/411 430/413/414
f 432/415/416 433/416/417 431/414/415
f 431/414/415 430/413/414 434/417/418
f 434/417/418 432/415/416 431/414/415
f 435/418/419 430/413/414 427/410/411
f 436/419/420 434/417/418 430/413/414
f 430/413/414 435/418/419 436/419/420
f 427/410/411 437/420/421 435/418/419
f 429/412/413 438/421/422 427/410/411
f 437/420/421 427/410/411 438/421/422
f 438/421/422 429/412/413 439/422/423
f 429/412/413 440/423/424 439/422/423
f 439/422/423 441/424/425 438/421/422
f 441/424/425 437/420/421 438/421/422
f 442/425/426 439/422/423 440/423/424
f 440/423/424 443/426/427 442/425/426
f 441/424/425 439/422/423 444/427/428
f 439/422/423 442/425/426 444/427/428
f 445/428/429 442/425/426 443/426/427
f 443/426/427 446/429/430 445/428/429
f 447/430/431 444/427/428 442/425/426
f 442/425/426 445/428/429 447/430/431
f 444/427/428 448/431/432 441/424/425
f 446/429/430 449/432/433 445/428/429
f 449/432/433 447/430/431 445/428/429
f 444/427/428 447/430/431 450/433/434
f 448/431/432 444/427/428 450/433/434
f 451/434/435 450/433/434 447/430/431
f 447/430/431 449/432/433 451/434/435
f 450/433/434 451/434/435 452/435/436
f 452/435/436 448/431/432 450/433/434
f 448/431/432 453/436/437 441/424/425
f 437/420/421 441/424/425 453/436/437
f 448/431/432 452/435/436 454/437/438
f 453/436/437 448/431/432 455/438/439
f 454/437/438 455/438/439 448/431/432
f 455/438/439 456/439/440 453/436/437
f 453/436/437 457/440/441 437/420/421
f 457/440/441 453/436/437 456/439/440
f 458/441/442 437/420/421 457/440/441
f 437/420/421 458/441/442 435/418/419
f 456/439/440 455/438/439 311/300/302
f 455/438/439 454/437/438 313/301/303
f 313/301/303 311/300/302 455/438/439
f 459/442/443 435/418/419 458/441/442
f 435/418/419 459/442/443 436/419/420
f 460/443/444 436/419/420 459/442/443
f 436/419/420 460/443/444 461/444/445
f 434/417/418 436/419/420 461/444/445
f 461/444/445 462/445/446 434/417/418
f 432/415/416 434/417/418 462/445/446
f 463/446/447 461/444/445 460/443/444
f 462/445/446 461/444/445 464/447/448
f 461/444/445 463/446/447 464/447/448
f 464/447/448 465/448/449 462/445/446
f 465/448/449 432/415/416 462/445/446
f 466/449/450 464/447/448 463/446/447
f 465/448/449 464/447/448 467/450/451
f 464/447/448 466/449/450 467/450/451
f 467/450/451 316/304/306 465/448/449
f 432/415/416 465/448/449 468/451/452
f 316/304/306 468/451/452 465/448/449
f 469/452/453 432/415/416 468/451/452
f 470/453/454 467/450/451 466/449/450
f 467/450/451 470/453/454 317/305/307
f 316/304/306 467/450/451 317/305/307
f 468/451/452 316/304/306 320/308/310
f 320/308/310 469/452/453 468/451/452
f 318/306/308 317/305/307 470/453/454
f 472/454/455 475/455/456 471/456/457
f 476/457/458 471/456/457 475/455/456
f 475/455/456 472/454/455 477/458/459
f 473/459/460 477/458/459 472/454/455
f 475/455/456 478/460/461 476/457/458
f 477/458/459 479/461/462 475/455/456
f 478/460/461 475/455/456 479/461/462
f 479/461/462 477/458/459 480/462/463
f 477/458/459 473/459/460 481/463/464
f 481/463/464 480/462/463 477/458/459
f 292/464/465 481/463/464 473/459/460
f 480/462/463 481/463/464 482/465/466
f 479/461/462 483/466/467 478/460/461
f 480/462/463 484/467/468 479/461/462
f 483/466/467 479/461/462 484/467/468
f 484/467/468 480/462/463 485/468/469
f 482/465/466 485/468/469 480/462/463
f 486/469/470 482/465/466 481/463/464
f 485/468/469 482/465/466 487/470/471
f 482/465/466 486/469/470 488/471/472
f 488/471/472 487/470/471 482/465/466
f 489/472/473 488/471/472 486/469/470
f 487/470/471 488/471/472 490/473/474
f 488/471/472 489/472/473 491/474/475
f 491/474/475 490/473/474 488/471/472
f 295/285/287 491/474/475 489/472/473
f 490/473/474 491/474/475 492/475/476
f 490/473/474 493/476/477 487/470/471
f 491/474/475 295/285/287 298/290/292
f 298/290/292 492/475/476 491/474/475
f 492/475/476 494/477/478 490/473/474
f 493/476/477 490/473/474 494/477/478
f 492/475/476 298/290/292 303/295/297
f 495/478/479 487/470/471 493/476/477
f 487/470/471 495/478/479 485/468/469
f 494/477/478 492/475/476 496/479/480
f 303/295/297 496/479/480 492/475/476
f 494/477/478 497/480/481 493/476/477
f 498/481/482 485/468/469 495/478/479
f 485/468/469 498/481/482 484/467/468
f 493/476/477 499/482/483 495/478/479
f 499/482/483 493/476/477 497/480/481
f 495/478/479 500/483/484 498/481/482
f 500/483/484 495/478/479 499/482/483
f 501/484/485 484/467/468 498/481/482
f 484/467/468 501/484/485 483/466/467
f 502/485/486 498/481/482 500/483/484
f 498/481/482 502/485/486 501/484/485
f 499/482/483 503/486/487 500/483/484
f 500/483/484 504/487/488 502/485/486
f 504/487/488 500/483/484 503/486/487
f 503/486/487 499/482/483 505/488/489
f 497/480/481 505/488/489 499/482/483
f 503/486/487 506/489/490 504/487/488
f 507/490/491 502/485/486 504/487/488
f 506/489/490 507/490/491 504/487/488
f 502/485/486 507/490/491 508/491/492
f 508/491/492 501/484/485 502/485/486
f 505/488/489 509/492/493 503/486/487
f 506/489/490 503/486/487 509/492/493
f 501/484/485 508/491/492 510/493/494
f 510/493/494 483/466/467 501/484/485
f 511/494/495 508/491/492 507/490/491
f 483/466/467 510/493/494 512/495/496
f 512/495/496 478/460/461 483/466/467
f 513/496/497 510/493/494 508/491/492
f 508/491/492 511/494/495 513/496/497
f 514/497/498 512/495/496 510/493/494
f 510/493/494 513/496/497 514/497/498
f 478/460/461 512/495/496 515/498/499
f 515/498/499 476/457/458 478/460/461
f 512/495/496 514/497/498 516/499/500
f 516/499/500 515/498/499 512/495/496
f 476/457/458 515/498/499 517/500/501
f 517/500/501 474/501/502 476/457/458
f 515/498/499 516/499/500 518/502/503
f 518/502/503 517/500/501 515/498/499
f 474/501/502 517/500/501 519/503/504
f 517/500/501 518/502/503 520/504/505
f 520/504/505 519/503/504 517/500/501
f 519/503/504 520/504/505 521/505/506
f 521/505/506 525/506/507 522/507/508
f 524/508/509 526/509/510 523/510/511
f 525/506/507 521/505/506 520/504/505
f 522/507/508 527/511/512 524/508/509
f 527/511/512 522/507/508 525/506/507
f 526/509/510 524/508/509 527/511/512
f 520/504/505 528/512/513 525/506/507
f 528/512/513 520/504/505 518/502/503
f 525/506/507 529/513/514 527/511/512
f 529/513/514 525/506/507 528/512/513
f 527/511/512 530/514/515 526/509/510
f 530/514/515 527/511/512 529/513/514
f 518/502/503 531/515/516 528/512/513
f 531/515/516 518/502/503 516/499/500
f 528/512/513 532/516/517 529/513/514
f 532/516/517 528/512/513 531/515/516
f 529/513/514 533/517/518 530/514/515
f 533/517/518 529/513/514 532/516/517
f 534/518/519 535/519/520 342/322/324
f 342/322/324 345/325/326 534/518/519
f 536/520/521 535/519/520 537/521/522
f 340/319/321 342/322/324 535/519/520
f 340/319/321 535/519/520 536/520/521
f 536/520/521 537/521/522 538/522/523
f 538/522/523 537/521/522 539/523/524
f 338/320/322 340/319/321 536/520/521
f 540/524/525 536/520/521 538/522/523
f 338/320/322 536/520/521 540/524/525
f 538/522/523 539/523/524 541/525/526
f 540/524/525 538/522/523 542/526/527
f 542/526/527 538/522/523 541/525/526
f 541/525/526 539/523/524 543/527/528
f 544/528/529 543/527/528 539/523/524
f 542/526/527 541/525/526 545/529/530
f 543/527/528 544/528/529 546/530/529
f 547/531/531 546/530/529 544/528/529
f 541/525/526 543/527/528 548/532/532
f 545/529/530 541/525/526 548/532/532
f 546/530/529 549/533/533 543/527/528
f 548/532/532 543/527/528 549/533/533
f 546/530/529 547/531/531 550/534/534
f 551/535/236 550/534/534 547/531/531
f 549/533/533 546/530/529 552/536/535
f 550/534/534 552/536/535 546/530/529
f 550/534/534 551/535/236 553/537/536
f 552/536/535 550/534/534 554/538/537
f 553/537/536 554/538/537 550/534/534
f 555/539/538 553/537/536 551/535/236
f 554/538/537 556/540/539 552/536/535
f 552/536/535 557/541/540 549/533/533
f 557/541/540 552/536/535 556/540/539
f 558/542/541 549/533/533 557/541/540
f 549/533/533 558/542/541 548/532/532
f 559/543/542 548/532/532 558/542/541
f 545/529/530 548/532/532 559/543/542
f 557/541/540 560/544/543 558/542/541
f 561/545/544 558/542/541 560/544/543
f 559/543/542 558/542/541 561/545/544
f 560/544/543 557/541/540 562/546/545
f 556/540/539 562/546/545 557/541/540
f 560/544/543 562/546/545 563/547/546
f 563/547/546 561/545/544 560/544/543
f 562/546/545 556/540/539 564/548/547
f 563/547/546 562/546/545 565/549/548
f 564/548/547 565/549/548 562/546/545
f 566/550/549 564/548/547 556/540/539
f 556/540/539 554/538/537 566/550/549
f 565/549/548 564/548/547 567/551/550
f 563/547/546 565/549/548 568/552/551
f 568/552/551 565/549/548 569/553/552
f 567/551/550 569/553/552 565/549/548
f 570/554/553 567/551/550 564/548/547
f 564/548/547 566/550/549 570/554/553
f 569/553/552 567/551/550 571/555/554
f 567/551/550 570/554/553 572/556/555
f 572/556/555 571/555/554 567/551/550
f 566/550/549 573/557/556 570/554/553
f 573/557/556 572/556/555 570/554/553
f 353/333/334 575/558/557 354/334/335
f 576/559/558 348/328/329 354/334/335
f 348/328/329 576/559/558 349/329/330
f 354/334/335 577/560/559 576/559/558
f 577/560/559 354/334/335 575/558/557
f 578/561/560 349/329/330 576/559/558
f 349/329/330 578/561/560 579/562/561
f 506/489/490 579/562/561 578/561/560
f 576/559/558 580/563/562 578/561/560
f 580/563/562 576/559/558 577/560/559
f 578/561/560 581/564/563 506/489/490
f 581/564/563 578/561/560 580/563/562
f 507/490/491 506/489/490 581/564/563
f 581/564/563 511/494/495 507/490/491
f 511/494/495 581/564/563 582/565/564
f 580/563/562 582/565/564 581/564/563
f 582/565/564 583/566/565 511/494/495
f 577/560/559 584/567/566 580/563/562
f 582/565/564 580/563/562 584/567/566
f 583/566/565 582/565/564 585/568/567
f 584/567/566 585/568/567 582/565/564
f 585/568/567 586/569/215 583/566/565
f 584/567/566 577/560/559 587/570/568
f 575/558/557 587/570/568 577/560/559
f 585/568/567 584/567/566 588/571/569
f 587/570/568 588/571/569 584/567/566
f 586/569/215 585/568/567 589/572/570
f 588/571/569 589/572/570 585/568/567
f 589/572/570 590/573/571 586/569/215
f 590/573/571 589/572/570 591/574/572
f 591/574/572 221/214/218 590/573/571
f 221/214/218 591/574/572 225/218/222
f 592/575/573 591/574/572 589/572/570
f 589/572/570 588/571/569 592/575/573
f 593/576/574 225/218/222 591/574/572
f 591/574/572 592/575/573 593/576/574
f 225/218/222 593/576/574 238/231/235
f 594/577/575 592/575/573 588/571/569
f 588/571/569 587/570/568 594/577/575
f 595/578/576 593/576/574 592/575/573
f 592/575/573 594/577/575 595/578/576
f 596/579/577 238/231/235 593/576/574
f 593/576/574 595/578/576 596/579/577
f 238/231/235 596/579/577 239/232/236
f 597/580/578 594/577/575 587/570/568
f 587/570/568 575/558/557 597/580/578
f 598/581/579 595/578/576 594/577/575
f 594/577/575 597/580/578 598/581/579
f 599/582/580 596/579/577 595/578/576
f 595/578/576 598/581/579 599/582/580
f 600/583/581 239/232/236 596/579/577
f 596/579/577 599/582/580 600/583/581
f 239/232/236 600/583/581 240/233/237
f 601/584/549 597/580/578 575/558/557
f 575/558/557 353/333/334 601/584/549
f 355/335/336 601/584/549 353/333/334
f 597/580/578 601/584/549 602/585/582
f 602/585/582 598/581/579 597/580/578
f 603/586/583 601/584/549 355/335/336
f 603/586/583 602/585/582 601/584/549
f 604/587/584 603/586/583 355/335/336
f 604/587/584 355/335/336 352/332/333
f 605/588/585 602/585/582 603/586/583
f 598/581/579 602/585/582 606/589/579
f 605/588/585 606/589/579 602/585/582
f 606/589/579 599/582/580 598/581/579
f 607/590/586 605/588/585 603/586/583
f 607/590/586 603/586/583 604/587/584
f 608/591/587 606/589/579 605/588/585
f 599/582/580 606/589/579 609/592/588
f 608/591/587 609/592/588 606/589/579
f 609/592/588 600/583/581 599/582/580
f 600/583/581 609/592/588 610/593/589
f 610/593/589 240/233/237 600/583/581
f 240/233/237 610/593/589 242/235/239
f 611/594/590 610/593/589 609/592/588
f 611/594/590 609/592/588 608/591/587
f 612/595/591 242/235/239 610/593/589
f 612/595/591 610/593/589 611/594/590
f 613/596/592 242/235/239 612/595/591
f 613/596/592 243/236/240 242/235/239
f 337/317/319 243/236/240 613/596/592
f 614/597/593 608/591/587 605/588/585
f 614/597/593 605/588/585 607/590/586
f 306/298/300 615/598/594 301/292/294
f 303/295/297 301/292/294 615/598/594
f 307/299/301 616/599/595 306/298/300
f 615/598/594 306/298/300 616/599/595
f 615/598/594 617/600/596 303/295/297
f 496/479/480 303/295/297 617/600/596
f 616/599/595 618/601/597 615/598/594
f 617/600/596 615/598/594 618/601/597
f 616/599/595 307/299/301 619/602/598
f 617/600/596 620/603/599 496/479/480
f 618/601/597 616/599/595 621/604/600
f 619/602/598 621/604/600 616/599/595
f 618/601/597 622/605/601 617/600/596
f 620/603/599 617/600/596 622/605/601
f 623/606/602 619/602/598 307/299/301
f 307/299/301 305/297/299 623/606/602
f 624/607/603 496/479/480 620/603/599
f 496/479/480 624/607/603 494/477/478
f 497/480/481 494/477/478 624/607/603
f 625/608/604 623/606/602 305/297/299
f 624/607/603 626/609/605 497/480/481
f 505/488/489 497/480/481 626/609/605
f 620/603/599 627/610/606 624/607/603
f 626/609/605 624/607/603 627/610/606
f 627/610/606 620/603/599 628/611/607
f 622/605/601 628/611/607 620/603/599
f 627/610/606 629/612/608 626/609/605
f 626/609/605 630/613/609 505/488/489
f 630/613/609 626/609/605 629/612/608
f 509/492/493 505/488/489 630/613/609
f 629/612/608 627/610/606 631/614/610
f 628/611/607 631/614/610 627/610/606
f 632/615/611 630/613/609 629/612/608
f 633/616/612 509/492/493 630/613/609
f 630/613/609 632/615/611 633/616/612
f 509/492/493 633/616/612 579/562/561
f 579/562/561 506/489/490 509/492/493
f 634/617/613 629/612/608 631/614/610
f 629/612/608 634/617/613 632/615/611
f 631/614/610 628/611/607 635/618/614
f 631/614/610 636/619/615 634/617/613
f 636/619/615 631/614/610 635/618/614
f 628/611/607 555/539/538 635/618/614
f 635/618/614 551/535/236 636/619/615
f 551/535/236 635/618/614 555/539/538
f 637/620/616 634/617/613 636/619/615
f 547/531/531 636/619/615 551/535/236
f 636/619/615 547/531/531 637/620/616
f 634/617/613 637/620/616 638/621/617
f 638/621/617 632/615/611 634/617/613
f 632/615/611 638/621/617 639/622/618
f 639/622/618 633/616/612 632/615/611
f 640/623/619 638/621/617 637/620/616
f 633/616/612 639/622/618 641/624/620
f 641/624/620 579/562/561 633/616/612
f 642/625/621 639/622/618 638/621/617
f 638/621/617 640/623/619 642/625/621
f 534/518/519 641/624/620 639/622/618
f 639/622/618 642/625/621 534/518/519
f 579/562/561 641/624/620 349/329/330
f 637/620/616 544/528/529 640/623/619
f 544/528/529 637/620/616 547/531/531
f 537/521/522 642/625/621 640/623/619
f 539/523/524 640/623/619 544/528/529
f 640/623/619 539/523/524 537/521/522
f 642/625/621 537/521/522 535/519/520
f 535/519/520 534/518/519 642/625/621
f 641/624/620 534/518/519 345/325/326
f 345/325/326 349/329/330 641/624/620
f 421/404/405 424/407/408 643/626/622
f 426/409/410 643/626/622 424/407/408
f 643/626/622 644/627/623 421/404/405
f 645/628/624 421/404/405 644/627/623
f 421/404/405 645/628/624 410/392/393
f 644/627/623 643/626/622 646/629/625
f 647/630/626 410/392/393 645/628/624
f 410/392/393 647/630/626 400/380/381
f 648/631/627 645/628/624 644/627/623
f 646/629/625 648/631/627 644/627/623
f 326/382/383 400/380/381 647/630/626
f 649/632/628 647/630/626 645/628/624
f 645/628/624 648/631/627 649/632/628
f 326/382/383 647/630/626 650/633/629
f 650/633/629 647/630/626 651/634/630
f 325/635/631 650/633/629 651/634/630
f 647/630/626 649/632/628 651/634/630
f 649/632/628 652/636/632 651/634/630
f 652/636/632 649/632/628 654/637/633
f 652/636/632 654/637/633 653/638/634
f 649/632/628 655/639/635 654/637/633
f 655/639/635 649/632/628 648/631/627
f 653/638/634 654/637/633 656/640/636
f 653/638/634 656/640/636 324/641/637
f 655/639/635 656/640/636 654/637/633
f 324/641/637 656/640/636 657/642/638
f 656/640/636 655/639/635 658/643/639
f 658/643/639 657/642/638 656/640/636
f 655/639/635 659/644/640 658/643/639
f 648/631/627 660/645/641 655/639/635
f 659/644/640 655/639/635 660/645/641
f 660/645/641 648/631/627 661/646/642
f 648/631/627 646/629/625 661/646/642
f 661/646/642 662/647/643 660/645/641
f 662/647/643 659/644/640 660/645/641
f 646/629/625 663/648/644 661/646/642
f 662/647/643 661/646/642 663/648/644
f 663/648/644 646/629/625 664/649/645
f 646/629/625 665/650/646 664/649/645
f 665/650/646 646/629/625 643/626/622
f 643/626/622 426/409/410 665/650/646
f 665/650/646 666/651/488 664/649/645
f 664/649/645 667/652/647 663/648/644
f 667/652/647 664/649/645 666/651/488
f 663/648/644 668/653/648 662/647/643
f 668/653/648 663/648/644 667/652/647
f 426/409/410 669/654/649 665/650/646
f 666/651/488 665/650/646 669/654/649
f 666/651/488 670/655/650 667/652/647
f 670/655/650 668/653/648 667/652/647
f 669/654/649 671/656/651 666/651/488
f 670/655/650 666/651/488 671/656/651
f 669/654/649 426/409/410 672/657/652
f 425/408/409 672/657/652 426/409/410
f 671/656/651 669/654/649 673/658/653
f 672/657/652 673/658/653 669/654/649
f 671/656/651 433/416/417 670/655/650
f 673/658/653 674/659/654 671/656/651
f 433/416/417 671/656/651 674/659/654
f 674/659/654 673/658/653 675/660/655
f 673/658/653 672/657/652 676/661/656
f 676/661/656 675/660/655 673/658/653
f 672/657/652 425/408/409 677/662/657
f 677/662/657 676/661/656 672/657/652
f 425/408/409 446/429/430 677/662/657
f 676/661/656 677/662/657 443/426/427
f 446/429/430 443/426/427 677/662/657
f 675/660/655 676/661/656 440/423/424
f 443/426/427 440/423/424 676/661/656
f 675/660/655 428/411/412 674/659/654
f 440/423/424 429/412/413 675/660/655
f 428/411/412 675/660/655 429/412/413
f 431/414/415 674/659/654 428/411/412
f 674/659/654 431/414/415 433/416/417
f 516/499/500 678/663/658 531/515/516
f 678/663/658 516/499/500 514/497/498
f 531/515/516 679/664/659 532/516/517
f 679/664/659 531/515/516 678/663/658
f 532/516/517 680/665/660 533/517/518
f 680/665/660 532/516/517 679/664/659
f 514/497/498 681/666/661 678/663/658
f 681/666/661 514/497/498 513/496/497
f 678/663/658 682/667/662 679/664/659
f 682/667/662 678/663/658 681/666/661
f 679/664/659 683/668/663 680/665/660
f 683/668/663 679/664/659 682/667/662
f 513/496/497 583/566/565 681/666/661
f 583/566/565 513/496/497 511/494/495
f 681/666/661 586/569/215 682/667/662
f 586/569/215 681/666/661 583/566/565
f 682/667/662 590/573/571 683/668/663
f 590/573/571 682/667/662 586/569/215
f 221/214/218 683/668/663 590/573/571
f 684/669/158 680/665/660 683/668/663
f 683/668/663 221/214/218 684/669/158
f 680/665/660 684/669/158 685/670/664
f 685/670/664 533/517/518 680/665/660
f 218/211/215 685/670/664 684/669/158
f 221/214/218 218/211/215 684/669/158
f 533/517/518 685/670/664 686/671/665
f 686/671/665 530/514/515 533/517/518
f 685/670/664 218/211/215 214/207/211
f 214/207/211 686/671/665 685/670/664
f 530/514/515 686/671/665 687/672/666
f 687/672/666 526/509/510 530/514/515
f 686/671/665 214/207/211 213/206/210
f 213/206/210 687/672/666 686/671/665
f 526/509/510 687/672/666 688/673/667
f 687/672/666 213/206/210 689/674/668
f 689/674/668 688/673/667 687/672/666
f 688/673/667 689/674/668 690/675/669
f 203/196/200 689/674/668 213/206/210
f 199/192/196 690/675/669 689/674/668
f 689/674/668 203/196/200 199/192/196
f 690/675/669 199/192/196 196/190/194
f 657/642/638 691/676/670 692/677/671
f 691/676/670 657/642/638 693/678/672
f 657/642/638 658/643/639 693/678/672
f 658/643/639 694/679/673 693/678/672
f 694/679/673 658/643/639 659/644/640
f 693/678/672 695/680/674 691/676/670
f 695/680/674 693/678/672 694/679/673
f 696/681/675 691/676/670 695/680/674
f 659/644/640 697/682/451 694/679/673
f 694/679/673 698/683/676 695/680/674
f 698/683/676 694/679/673 697/682/451
f 697/682/451 659/644/640 699/684/677
f 659/644/640 662/647/643 699/684/677
f 668/653/648 699/684/677 662/647/643
f 700/685/678 695/680/674 698/683/676
f 695/680/674 700/685/678 696/681/675
f 697/682/451 701/686/679 698/683/676
f 699/684/677 702/687/680 697/682/451
f 701/686/679 697/682/451 702/687/680
f 699/684/677 668/653/648 703/688/681
f 702/687/680 699/684/677 703/688/681
f 698/683/676 704/689/682 700/685/678
f 704/689/682 698/683/676 701/686/679
f 705/690/683 700/685/678 704/689/682
f 701/686/679 706/691/684 704/689/682
f 706/691/684 705/690/683 704/689/682
f 700/685/678 705/690/683 707/692/685
f 707/692/685 696/681/675 700/685/678
f 705/690/683 708/693/686 707/692/685
f 708/693/686 709/694/687 707/692/685
f 696/681/675 707/692/685 709/694/687
f 709/694/687 710/695/688 696/681/675
f 691/676/670 696/681/675 710/695/688
f 710/695/688 692/677/671 691/676/670
f 692/677/671 710/695/688 711/696/689
f 710/695/688 712/697/690 711/696/689
f 713/698/691 711/696/689 712/697/690
f 714/699/692 711/696/689 713/698/691
f 714/699/692 692/677/671 711/696/689
f 715/700/693 692/677/671 714/699/692
f 715/700/693 657/642/638 692/677/671
f 657/642/638 715/700/693 324/641/637
f 283/276/279 716/701/694 288/281/284
f 716/701/694 291/284/286 288/281/284
f 717/702/695 289/282/285 291/284/286
f 291/284/286 716/701/694 717/702/695
f 289/282/285 717/702/695 718/703/696
f 290/283/283 289/282/285 719/704/697
f 718/703/696 719/704/697 289/282/285
f 720/705/698 717/702/695 716/701/694
f 721/706/699 718/703/696 717/702/695
f 717/702/695 720/705/698 721/706/699
f 718/703/696 721/706/699 722/707/700
f 719/704/697 718/703/696 723/708/701
f 722/707/700 723/708/701 718/703/696
f 724/709/702 722/707/700 721/706/699
f 720/705/698 724/709/702 721/706/699
f 723/708/701 722/707/700 725/710/703
f 726/711/704 720/705/698 716/701/694
f 716/701/694 283/276/279 726/711/704
f 724/709/702 720/705/698 727/712/705
f 722/707/700 724/709/702 728/713/706
f 728/713/706 725/710/703 722/707/700
f 729/714/707 726/711/704 283/276/279
f 730/715/708 728/713/706 724/709/702
f 727/712/705 730/715/708 724/709/702
f 283/276/279 282/274/277 729/714/707
f 720/705/698 726/711/704 731/716/709
f 731/716/709 727/712/705 720/705/698
f 726/711/704 729/714/707 732/717/710
f 732/717/710 731/716/709 726/711/704
f 733/718/711 729/714/707 282/274/277
f 734/719/712 732/717/710 729/714/707
f 729/714/707 733/718/711 734/719/712
f 282/274/277 281/275/278 733/718/711
f 732/717/710 734/719/712 735/720/713
f 731/716/709 732/717/710 736/721/714
f 735/720/713 736/721/714 732/717/710
f 736/721/714 737/722/715 731/716/709
f 727/712/705 731/716/709 737/722/715
f 736/721/714 735/720/713 738/723/716
f 739/724/717 727/712/705 737/722/715
f 737/722/715 736/721/714 740/725/718
f 740/725/718 739/724/717 737/722/715
f 738/723/716 740/725/718 736/721/714
f 741/726/719 738/723/716 735/720/713
f 742/727/720 735/720/713 734/719/712
f 735/720/713 742/727/720 741/726/719
f 734/719/712 743/728/721 742/727/720
f 743/728/721 734/719/712 733/718/711
f 733/718/711 744/729/722 743/728/721
f 744/729/722 733/718/711 281/275/278
f 745/730/723 742/727/720 743/728/721
f 746/731/724 743/728/721 744/729/722
f 748/732/725 749/733/726 750/734/727
f 749/733/726 751/735/728 750/734/727
f 749/733/726 748/732/725 320/308/310
f 706/691/684 750/734/727 751/735/728
f 469/452/453 320/308/310 748/732/725
f 750/734/727 706/691/684 752/736/729
f 706/691/684 701/686/679 752/736/729
f 702/687/680 752/736/729 701/686/679
f 753/737/730 750/734/727 752/736/729
f 752/736/729 702/687/680 753/737/730
f 750/734/727 753/737/730 748/732/725
f 703/688/681 753/737/730 702/687/680
f 754/738/731 748/732/725 753/737/730
f 753/737/730 703/688/681 754/738/731
f 748/732/725 754/738/731 469/452/453
f 668/653/648 754/738/731 703/688/681
f 754/738/731 668/653/648 755/739/732
f 755/739/732 469/452/453 754/738/731
f 668/653/648 670/655/650 755/739/732
f 469/452/453 755/739/732 756/740/733
f 670/655/650 756/740/733 755/739/732
f 432/415/416 469/452/453 756/740/733
f 756/740/733 670/655/650 433/416/417
f 433/416/417 432/415/416 756/740/733
f 757/741/734 758/742/735 759/743/736
f 759/743/736 760/744/737 757/741/734
f 747/745/738 757/741/734 760/744/737
f 760/744/737 759/743/736 761/746/739
f 762/747/740 747/745/738 760/744/737
f 761/746/739 762/747/740 760/744/737
f 747/745/738 762/747/740 745/730/723
f 742/727/720 745/730/723 762/747/740
f 762/747/740 741/726/719 742/727/720
f 763/748/741 757/741/734 747/745/738
f 763/748/741 764/749/742 757/741/734
f 758/742/735 757/741/734 764/749/742
f 765/750/743 764/749/742 763/748/741
f 765/750/743 767/751/744 764/749/742
f 766/752/745 767/751/744 765/750/743
f 766/752/745 769/753/746 767/751/744
f 768/754/747 769/753/746 766/752/745
f 770/755/748 764/749/742 767/751/744
f 764/749/742 770/755/748 758/742/735
f 771/756/749 767/751/744 769/753/746
f 767/751/744 771/756/749 770/755/748
f 768/754/747 712/697/690 769/753/746
f 713/698/691 712/697/690 768/754/747
f 769/753/746 772/757/750 771/756/749
f 772/757/750 769/753/746 712/697/690
f 773/758/751 770/755/748 771/756/749
f 772/757/750 773/758/751 771/756/749
f 770/755/748 773/758/751 774/759/752
f 774/759/752 758/742/735 770/755/748
f 773/758/751 772/757/750 709/694/687
f 708/693/686 774/759/752 773/758/751
f 709/694/687 708/693/686 773/758/751
f 710/695/688 709/694/687 772/757/750
f 712/697/690 710/695/688 772/757/750
f 758/742/735 774/759/752 775/760/753
f 775/760/753 759/743/736 758/742/735
f 776/761/754 775/760/753 774/759/752
f 774/759/752 708/693/686 776/761/754
f 759/743/736 775/760/753 777/762/755
f 777/762/755 761/746/739 759/743/736
f 775/760/753 776/761/754 778/763/756
f 778/763/756 777/762/755 775/760/753
f 779/764/757 776/761/754 708/693/686
f 780/765/758 778/763/756 776/761/754
f 776/761/754 779/764/757 780/765/758
f 708/693/686 705/690/683 779/764/757
f 778/763/756 780/765/758 781/766/759
f 777/762/755 778/763/756 782/767/760
f 781/766/759 782/767/760 778/763/756
f 782/767/760 783/768/761 777/762/755
f 761/746/739 777/762/755 783/768/761
f 782/767/760 781/766/759 784/769/762
f 783/768/761 785/770/763 761/746/739
f 762/747/740 761/746/739 785/770/763
f 741/726/719 762/747/740 785/770/763
f 785/770/763 783/768/761 786/771/764
f 786/771/764 741/726/719 785/770/763
f 783/768/761 782/767/760 787/772/765
f 787/772/765 786/771/764 783/768/761
f 784/769/762 787/772/765 782/767/760
f 741/726/719 786/771/764 788/773/766
f 738/723/716 741/726/719 788/773/766
f 786/771/764 787/772/765 789/774/767
f 789/774/767 788/773/766 786/771/764
f 787/772/765 784/769/762 790/775/768
f 790/775/768 789/774/767 787/772/765
f 788/773/766 791/776/769 738/723/716
f 740/725/718 738/723/716 791/776/769
f 788/773/766 789/774/767 792/777/770
f 791/776/769 788/773/766 792/777/770
f 791/776/769 793/778/771 740/725/718
f 739/724/717 740/725/718 793/778/771
f 792/777/770 794/779/772 791/776/769
f 793/778/771 791/776/769 794/779/772
f 795/780/773 792/777/770 789/774/767
f 789/774/767 790/775/768 795/780/773
f 796/781/774 739/724/717 793/778/771
f 794/779/772 796/781/774 793/778/771
f 792/777/770 795/780/773 797/782/768
f 794/779/772 792/777/770 797/782/768
f 798/783/775 398/377/378 395/374/375
f 399/378/379 798/783/775 395/374/375
f 398/377/378 799/784/776 386/364/365
f 370/346/347 386/364/365 799/784/776
f 799/784/776 369/345/346 370/346/347
f 799/784/776 398/377/378 800/785/777
f 798/783/775 800/785/777 398/377/378
f 369/345/346 799/784/776 801/786/778
f 800/785/777 801/786/778 799/784/776
f 801/786/778 373/350/351 369/345/346
f 802/787/779 798/783/775 399/378/379
f 399/378/379 396/375/376 802/787/779
f 800/785/777 798/783/775 803/788/780
f 801/786/778 800/785/777 804/789/376
f 803/788/780 804/789/376 800/785/777
f 798/783/775 802/787/779 805/790/781
f 805/790/781 803/788/780 798/783/775
f 396/375/376 806/791/782 802/787/779
f 806/791/782 805/790/781 802/787/779
f 806/791/782 396/375/376 807/792/783
f 396/375/376 397/376/377 807/792/783
f 805/790/781 806/791/782 808/793/784
f 803/788/780 805/790/781 809/794/785
f 808/793/784 809/794/785 805/790/781
f 809/794/785 810/795/786 803/788/780
f 804/789/376 803/788/780 810/795/786
f 811/796/787 807/792/783 397/376/377
f 807/792/783 811/796/787 813/797/788
f 812/798/789 813/797/788 811/796/787
f 813/797/788 812/798/789 815/799/790
f 814/800/791 815/799/790 812/798/789
f 815/799/790 814/800/791 817/801/792
f 816/802/793 817/801/792 814/800/791
f 818/803/794 813/797/788 815/799/790
f 819/804/795 807/792/783 813/797/788
f 813/797/788 818/803/794 819/804/795
f 807/792/783 819/804/795 806/791/782
f 819/804/795 808/793/784 806/791/782
f 818/803/794 820/805/796 819/804/795
f 808/793/784 819/804/795 820/805/796
f 815/799/790 821/806/797 818/803/794
f 821/806/797 815/799/790 817/801/792
f 821/806/797 822/807/798 818/803/794
f 820/805/796 818/803/794 822/807/798
f 817/801/792 823/808/799 821/806/797
f 820/805/796 824/809/800 808/793/784
f 809/794/785 808/793/784 824/809/800
f 825/810/801 820/805/796 822/807/798
f 822/807/798 821/806/797 826/811/802
f 826/811/802 825/810/801 822/807/798
f 823/808/799 826/811/802 821/806/797
f 824/809/800 827/812/786 809/794/785
f 810/795/786 809/794/785 827/812/786
f 824/809/800 820/805/796 828/813/803
f 820/805/796 825/810/801 828/813/803
f 827/812/786 829/814/804 810/795/786
f 829/814/804 804/789/376 810/795/786
f 827/812/786 824/809/800 830/815/805
f 828/813/803 830/815/805 824/809/800
f 830/815/805 831/816/806 827/812/786
f 829/814/804 827/812/786 831/816/806
f 830/815/805 828/813/803 832/817/807
f 825/810/801 832/817/807 828/813/803
f 831/816/806 830/815/805 833/818/808
f 832/817/807 833/818/808 830/815/805
f 832/817/807 825/810/801 834/819/809
f 833/818/808 832/817/807 835/820/810
f 834/819/809 835/820/810 832/817/807
f 833/818/808 836/821/811 831/816/806
f 831/816/806 837/822/812 829/814/804
f 837/822/812 831/816/806 836/821/811
f 836/821/811 833/818/808 838/823/770
f 835/820/810 838/823/770 833/818/808
f 838/823/770 835/820/810 725/710/703
f 725/710/703 728/713/706 838/823/770
f 839/824/813 725/710/703 835/820/810
f 835/820/810 834/819/809 839/824/813
f 725/710/703 839/824/813 723/708/701
f 839/824/813 719/704/697 723/708/701
f 840/825/814 838/823/770 728/713/706
f 838/823/770 840/825/814 836/821/811
f 728/713/706 730/715/708 840/825/814
f 719/704/697 839/824/813 841/826/815
f 834/819/809 841/826/815 839/824/813
f 841/826/815 290/283/283 719/704/697
f 842/827/816 836/821/811 840/825/814
f 836/821/811 842/827/816 837/822/812
f 843/828/817 840/825/814 730/715/708
f 840/825/814 843/828/817 842/827/816
f 290/283/283 841/826/815 844/829/818
f 841/826/815 834/819/809 845/830/819
f 845/830/819 844/829/818 841/826/815
f 834/819/809 846/831/820 845/830/819
f 846/831/820 834/819/809 825/810/801
f 844/829/818 845/830/819 847/832/821
f 846/831/820 847/832/821 845/830/819
f 825/810/801 826/811/802 846/831/820
f 847/832/821 848/833/822 844/829/818
f 574/834/823 844/829/818 848/833/822
f 847/832/821 846/831/820 849/835/824
f 850/836/825 846/831/820 826/811/802
f 849/835/824 846/831/820 850/836/825
f 826/811/802 823/808/799 850/836/825
f 849/835/824 851/837/826 847/832/821
f 848/833/822 847/832/821 851/837/826
f 850/836/825 852/838/827 849/835/824
f 851/837/826 849/835/824 852/838/827
f 852/838/827 850/836/825 853/839/828
f 853/839/828 850/836/825 823/808/799
f 823/808/799 817/801/792 855/840/829
f 855/840/829 817/801/792 816/802/793
f 854/841/830 855/840/829 856/842/831
f 816/802/793 856/842/831 855/840/829
f 856/842/831 816/802/793 857/843/832
f 858/844/833 859/845/834 860/846/835
f 861/847/836 860/846/835 859/845/834
f 858/844/833 862/848/837 863/849/838
f 862/848/837 335/850/839 863/849/838
f 859/845/834 858/844/833 864/851/840
f 863/849/838 864/851/840 858/844/833
f 865/852/841 861/847/836 859/845/834
f 864/851/840 865/852/841 859/845/834
f 863/849/838 335/850/839 866/853/842
f 864/851/840 863/849/838 867/854/843
f 863/849/838 866/853/842 867/854/843
f 867/854/843 866/853/842 356/855/844
f 867/854/843 868/856/845 864/851/840
f 865/852/841 864/851/840 868/856/845
f 867/854/843 356/855/844 869/857/846
f 868/856/845 867/854/843 869/857/846
f 869/857/846 356/855/844 870/858/847
f 872/859/848 870/858/847 871/860/849
f 870/858/847 872/859/848 869/857/846
f 357/341/342 872/859/848 871/860/849
f 869/857/846 873/861/850 868/856/845
f 873/861/850 869/857/846 872/859/848
f 873/861/850 865/852/841 868/856/845
f 872/859/848 357/341/342 874/862/851
f 874/862/851 357/341/342 366/340/341
f 872/859/848 875/863/852 873/861/850
f 875/863/852 872/859/848 874/862/851
f 865/852/841 873/861/850 876/864/853
f 875/863/852 876/864/853 873/861/850
f 877/865/854 874/862/851 366/340/341
f 874/862/851 877/865/854 875/863/852
f 366/340/341 373/350/351 877/865/854
f 878/866/855 877/865/854 373/350/351
f 373/350/351 801/786/778 878/866/855
f 879/867/856 875/863/852 877/865/854
f 877/865/854 878/866/855 879/867/856
f 801/786/778 880/868/857 878/866/855
f 880/868/857 879/867/856 878/866/855
f 880/868/857 801/786/778 804/789/376
f 804/789/376 829/814/804 880/868/857
f 829/814/804 881/869/858 880/868/857
f 879/867/856 880/868/857 881/869/858
f 881/869/858 829/814/804 837/822/812
f 875/863/852 879/867/856 882/870/859
f 881/869/858 882/870/859 879/867/856
f 876/864/853 875/863/852 882/870/859
f 837/822/812 883/871/860 881/869/858
f 882/870/859 881/869/858 883/871/860
f 883/871/860 876/864/853 882/870/859
f 883/871/860 837/822/812 842/827/816
f 842/827/816 884/872/861 883/871/860
f 876/864/853 883/871/860 884/872/861
f 884/872/861 842/827/816 843/828/817
f 885/873/862 876/864/853 884/872/861
f 843/828/817 885/873/862 884/872/861
f 876/864/853 885/873/862 865/852/841
f 861/847/836 865/852/841 885/873/862
f 885/873/862 843/828/817 886/874/863
f 885/873/862 887/875/864 861/847/836
f 887/875/864 885/873/862 886/874/863
f 796/781/774 861/847/836 887/875/864
f 739/724/717 796/781/774 887/875/864
f 888/876/865 887/875/864 886/874/863
f 887/875/864 888/876/865 739/724/717
f 843/828/817 888/876/865 886/874/863
f 727/712/705 739/724/717 888/876/865
f 888/876/865 843/828/817 730/715/708
f 730/715/708 727/712/705 888/876/865
f 889/877/866 566/550/549 554/538/537
f 554/538/537 553/537/536 889/877/866
f 566/550/549 889/877/866 890/878/867
f 573/557/556 566/550/549 890/878/867
f 553/537/536 891/879/868 889/877/866
f 891/879/868 890/878/867 889/877/866
f 892/880/869 573/557/556 890/878/867
f 890/878/867 891/879/868 892/880/869
f 572/556/555 573/557/556 893/881/563
f 891/879/868 553/537/536 894/882/870
f 553/537/536 555/539/538 894/882/870
f 573/557/556 892/880/869 895/883/871
f 895/883/871 893/881/563 573/557/556
f 893/881/563 896/884/623 572/556/555
f 571/555/554 572/556/555 896/884/623
f 893/881/563 895/883/871 897/885/368
f 896/884/623 893/881/563 898/886/872
f 897/885/368 898/886/872 893/881/563
f 898/886/872 899/887/873 896/884/623
f 896/884/623 900/888/874 571/555/554
f 900/888/874 896/884/623 899/887/873
f 901/889/875 571/555/554 900/888/874
f 571/555/554 901/889/875 569/553/552
f 902/890/876 569/553/552 901/889/875
f 568/552/551 569/553/552 902/890/876
f 902/890/876 901/889/875 903/891/877
f 900/888/874 904/892/878 901/889/875
f 903/891/877 901/889/875 904/892/878
f 904/892/878 900/888/874 905/893/879
f 899/887/873 905/893/879 900/888/874
f 906/894/880 903/891/877 907/895/881
f 906/894/880 907/895/881 308/394/395
f 903/891/877 904/892/878 907/895/881
f 308/394/395 907/895/881 411/393/394
f 907/895/881 904/892/878 908/896/882
f 907/895/881 908/896/882 411/393/394
f 905/893/879 908/896/882 904/892/878
f 411/393/394 908/896/882 413/396/397
f 909/897/883 413/396/397 908/896/882
f 908/896/882 905/893/879 909/897/883
f 413/396/397 909/897/883 415/398/399
f 910/898/884 909/897/883 905/893/879
f 905/893/879 899/887/873 910/898/884
f 911/899/885 415/398/399 909/897/883
f 909/897/883 910/898/884 911/899/885
f 415/398/399 911/899/885 423/406/407
f 912/900/886 910/898/884 899/887/873
f 899/887/873 898/886/872 912/900/886
f 913/901/887 911/899/885 910/898/884
f 910/898/884 912/900/886 913/901/887
f 914/902/888 423/406/407 911/899/885
f 911/899/885 913/901/887 914/902/888
f 423/406/407 914/902/888 915/903/889
f 915/903/889 422/405/406 423/406/407
f 913/901/887 916/904/890 914/902/888
f 916/904/890 915/903/889 914/902/888
f 422/405/406 915/903/889 917/905/891
f 917/905/891 418/401/402 422/405/406
f 918/906/252 917/905/891 915/903/889
f 915/903/889 916/904/890 918/906/252
f 418/401/402 917/905/891 919/907/892
f 425/408/409 418/401/402 919/907/892
f 446/429/430 425/408/409 919/907/892
f 920/908/893 919/907/892 917/905/891
f 919/907/892 920/908/893 446/429/430
f 917/905/891 918/906/252 920/908/893
f 449/432/433 446/429/430 920/908/893
f 918/906/252 449/432/433 920/908/893
f 449/432/433 918/906/252 921/909/894
f 916/904/890 921/909/894 918/906/252
f 921/909/894 451/434/435 449/432/433
f 916/904/890 913/901/887 922/910/895
f 451/434/435 921/909/894 923/911/896
f 923/911/896 452/435/436 451/434/435
f 921/909/894 916/904/890 924/912/897
f 924/912/897 923/911/896 921/909/894
f 925/913/157 916/904/890 922/910/895
f 916/904/890 925/913/157 924/912/897
f 913/901/887 926/914/898 922/910/895
f 926/914/898 925/913/157 922/910/895
f 926/914/898 913/901/887 912/900/886
f 452/435/436 923/911/896 927/915/419
f 927/915/419 454/437/438 452/435/436
f 923/911/896 924/912/897 928/916/899
f 928/916/899 927/915/419 923/911/896
f 925/913/157 928/916/899 924/912/897
f 454/437/438 927/915/419 929/917/900
f 929/917/900 313/301/303 454/437/438
f 927/915/419 928/916/899 930/918/901
f 930/918/901 929/917/900 927/915/419
f 928/916/899 925/913/157 931/919/902
f 931/919/902 930/918/901 928/916/899
f 313/301/303 929/917/900 932/920/903
f 932/920/903 312/302/304 313/301/303
f 312/302/304 932/920/903 314/921/904
f 933/922/905 932/920/903 929/917/900
f 929/917/900 930/918/901 933/922/905
f 934/923/906 314/921/904 932/920/903
f 932/920/903 933/922/905 934/923/906
f 314/921/904 934/923/906 935/924/907
f 930/918/901 931/919/902 936/925/419
f 936/925/419 933/922/905 930/918/901
f 937/926/908 936/925/419 931/919/902
f 925/913/157 937/926/908 931/919/902
f 933/922/905 936/925/419 938/927/909
f 938/927/909 934/923/906 933/922/905
f 936/925/419 937/926/908 939/928/910
f 939/928/910 938/927/909 936/925/419
f 937/926/908 925/913/157 940/929/911
f 925/913/157 926/914/898 940/929/911
f 941/930/912 939/928/910 937/926/908
f 940/929/911 941/930/912 937/926/908
f 934/923/906 938/927/909 942/931/913
f 942/931/913 935/924/907 934/923/906
f 938/927/909 939/928/910 943/932/914
f 943/932/914 942/931/913 938/927/909
f 944/933/915 943/932/914 939/928/910
f 939/928/910 941/930/912 944/933/915
f 942/931/913 943/932/914 945/934/489
f 935/924/907 942/931/913 946/935/916
f 945/934/489 946/935/916 942/931/913
f 947/936/917 945/934/489 943/932/914
f 943/932/914 944/933/915 947/936/917
f 946/935/916 945/934/489 948/937/918
f 945/934/489 947/936/917 949/938/919
f 949/938/919 948/937/918 945/934/489
f 950/939/920 947/936/917 944/933/915
f 941/930/912 950/939/920 944/933/915
f 951/940/921 949/938/919 947/936/917
f 947/936/917 950/939/920 951/940/921
f 948/937/918 949/938/919 952/941/922
f 952/941/922 953/942/923 625/608/604
f 953/942/923 952/941/922 949/938/919
f 623/606/602 625/608/604 953/942/923
f 949/938/919 951/940/921 953/942/923
f 953/942/923 954/943/924 623/606/602
f 954/943/924 953/942/923 951/940/921
f 619/602/598 623/606/602 954/943/924
f 951/940/921 955/944/925 954/943/924
f 954/943/924 956/945/926 619/602/598
f 956/945/926 954/943/924 955/944/925
f 955/944/925 951/940/921 950/939/920
f 621/604/600 619/602/598 956/945/926
f 957/946/927 955/944/925 950/939/920
f 950/939/920 941/930/912 957/946/927
f 958/947/928 956/945/926 955/944/925
f 955/944/925 957/946/927 958/947/928
f 959/948/929 621/604/600 956/945/926
f 956/945/926 958/947/928 959/948/929
f 621/604/600 959/948/929 960/949/930
f 960/949/930 618/601/597 621/604/600
f 961/950/931 957/946/927 941/930/912
f 941/930/912 940/929/911 961/950/931
f 962/951/932 958/947/928 957/946/927
f 957/946/927 961/950/931 962/951/932
f 963/952/933 959/948/929 958/947/928
f 958/947/928 962/951/932 963/952/933
f 964/953/934 960/949/930 959/948/929
f 959/948/929 963/952/933 964/953/934
f 962/951/932 895/883/871 963/952/933
f 892/880/869 963/952/933 895/883/871
f 963/952/933 892/880/869 964/953/934
f 895/883/871 962/951/932 897/885/368
f 961/950/931 897/885/368 962/951/932
f 891/879/868 964/953/934 892/880/869
f 897/885/368 961/950/931 965/954/935
f 940/929/911 965/954/935 961/950/931
f 898/886/872 897/885/368 965/954/935
f 965/954/935 940/929/911 926/914/898
f 965/954/935 912/900/886 898/886/872
f 912/900/886 965/954/935 926/914/898
f 964/953/934 891/879/868 966/955/936
f 960/949/930 964/953/934 966/955/936
f 894/882/870 966/955/936 891/879/868
f 966/955/936 967/956/937 960/949/930
f 618/601/597 960/949/930 967/956/937
f 966/955/936 894/882/870 968/957/938
f 967/956/937 966/955/936 968/957/938
f 555/539/538 968/957/938 894/882/870
f 622/605/601 618/601/597 967/956/937
f 968/957/938 555/539/538 969/958/939
f 969/958/939 967/956/937 968/957/938
f 967/956/937 969/958/939 622/605/601
f 555/539/538 628/611/607 969/958/939
f 628/611/607 622/605/601 969/958/939
f 797/782/768 970/959/940 794/779/772
f 796/781/774 794/779/772 970/959/940
f 971/960/941 797/782/768 795/780/773
f 972/961/942 795/780/773 790/775/768
f 795/780/773 972/961/942 971/960/941
f 790/775/768 973/962/943 972/961/942
f 973/962/943 790/775/768 784/769/762
f 974/963/944 971/960/941 972/961/942
f 797/782/768 971/960/941 975/964/945
f 970/959/940 797/782/768 975/964/945
f 976/965/946 975/964/945 971/960/941
f 971/960/941 974/963/944 976/965/946
f 977/966/947 970/959/940 975/964/945
f 975/964/945 976/965/946 977/966/947
f 978/967/948 972/961/942 973/962/943
f 972/961/942 978/967/948 974/963/944
f 784/769/762 979/968/949 973/962/943
f 979/968/949 784/769/762 781/766/759
f 973/962/943 980/969/950 978/967/948
f 980/969/950 973/962/943 979/968/949
f 981/970/951 974/963/944 978/967/948
f 982/971/768 978/967/948 980/969/950
f 978/967/948 982/971/768 981/970/951
f 781/766/759 983/972/952 979/968/949
f 983/972/952 781/766/759 780/765/758
f 979/968/949 984/973/953 980/969/950
f 984/973/953 979/968/949 983/972/952
f 980/969/950 985/974/954 982/971/768
f 985/974/954 980/969/950 984/973/953
f 780/765/758 986/975/955 983/972/952
f 986/975/955 780/765/758 779/764/757
f 983/972/952 987/976/956 984/973/953
f 987/976/956 983/972/952 986/975/955
f 984/973/953 988/977/957 985/974/954
f 988/977/957 984/973/953 987/976/956
f 779/764/757 989/978/958 986/975/955
f 990/979/959 985/974/954 988/977/957
f 989/978/958 779/764/757 705/690/683
f 986/975/955 991/980/960 987/976/956
f 991/980/960 986/975/955 989/978/958
f 987/976/956 992/981/961 988/977/957
f 992/981/961 987/976/956 991/980/960
f 993/982/161 988/977/957 992/981/961
f 988/977/957 993/982/161 990/979/959
f 991/980/960 994/983/962 992/981/961
f 989/978/958 751/735/728 991/980/960
f 994/983/962 991/980/960 751/735/728
f 751/735/728 989/978/958 706/691/684
f 705/690/683 706/691/684 989/978/958
f 992/981/961 995/984/963 993/982/161
f 995/984/963 992/981/961 994/983/962
f 322/310/312 993/982/161 995/984/963
f 994/983/962 319/307/309 995/984/963
f 319/307/309 322/310/312 995/984/963
f 319/307/309 994/983/962 749/733/726
f 751/735/728 749/733/726 994/983/962
f 320/308/310 319/307/309 749/733/726
f 993/982/161 322/310/312 996/985/964
f 996/985/964 990/979/959 993/982/161
f 322/310/312 323/311/313 996/985/964
f 996/985/964 323/311/313 997/986/965
f 990/979/959 996/985/964 997/986/965
f 997/986/965 323/311/313 327/987/966
f 997/986/965 998/988/770 990/979/959
f 985/974/954 990/979/959 998/988/770
f 998/988/770 982/971/768 985/974/954
f 997/986/965 327/987/966 999/989/967
f 998/988/770 997/986/965 999/989/967
f 999/989/967 327/987/966 328/990/968
f 982/971/768 998/988/770 1000/991/808
f 999/989/967 1000/991/808 998/988/770
f 1000/991/808 981/970/951 982/971/768
f 999/989/967 328/990/968 1001/992/969
f 1000/991/808 999/989/967 1001/992/969
f 1001/992/969 328/990/968 329/993/970
f 981/970/951 1000/991/808 1002/994/971
f 1001/992/969 1002/994/971 1000/991/808
f 1001/992/969 329/993/970 1003/995/837
f 1002/994/971 1001/992/969 1003/995/837
f 1003/995/837 329/993/970 330/996/972
f 1002/994/971 1004/997/973 981/970/951
f 974/963/944 981/970/951 1004/997/973
f 1003/995/837 1005/998/974 1002/994/971
f 1004/997/973 1002/994/971 1005/998/974
f 1003/995/837 330/996/972 1006/999/343
f 1005/998/974 1003/995/837 1006/999/343
f 1006/999/343 330/996/972 331/313/315
f 331/313/315 333/312/314 1006/999/343
f 333/312/314 1005/998/974 1006/999/343
f 1007/1000/975 974/963/944 1004/997/973
f 974/963/944 1007/1000/975 976/965/946
f 1008/1001/976 1004/997/973 1005/998/974
f 1005/998/974 333/312/314 1008/1001/976
f 1004/997/973 1008/1001/976 1007/1000/975
f 1009/1002/977 1008/1001/976 333/312/314
f 333/312/314 334/315/317 1009/1002/977
f 1010/1003/978 1007/1000/975 1008/1001/976
f 1008/1001/976 1009/1002/977 1010/1003/978
f 1011/1004/979 976/965/946 1007/1000/975
f 1007/1000/975 1010/1003/978 1011/1004/979
f 976/965/946 1011/1004/979 977/966/947
f 334/315/317 862/848/837 1009/1002/977
f 862/848/837 1010/1003/978 1009/1002/977
f 862/848/837 334/315/317 335/850/839
f 1012/1005/980 1011/1004/979 1010/1003/978
f 1010/1003/978 862/848/837 1012/1005/980
f 1013/1006/981 977/966/947 1011/1004/979
f 1011/1004/979 1012/1005/980 1013/1006/981
f 977/966/947 1013/1006/981 1014/1007/982
f 970/959/940 977/966/947 1014/1007/982
f 1012/1005/980 860/846/835 1013/1006/981
f 860/846/835 1014/1007/982 1013/1006/981
f 1015/1008/983 970/959/940 1014/1007/982
f 1014/1007/982 860/846/835 1015/1008/983
f 970/959/940 1015/1008/983 796/781/774
f 860/846/835 861/847/836 1015/1008/983
f 861/847/836 796/781/774 1015/1008/983
f 860/846/835 1012/1005/980 858/844/833
f 862/848/837 858/844/833 1012/1005/980
f 1019/1009/984 1020/1010/985 1018/1011/986
f 1021/1012/987 1020/1010/985 1022/1013/988
f 1023/1014/989 1021/1012/987 1022/1013/988
f 1020/1010/985 1019/1009/984 1024/1015/990
f 1024/1015/990 1022/1013/988 1020/1010/985
f 1024/1015/990 1019/1009/984 1026/1016/991
f 1019/1009/984 1025/1017/992 1026/1016/991
f 1022/1013/988 1027/1018/993 1023/1014/989
f 1022/1013/988 1024/1015/990 1028/1019/994
f 1027/1018/993 1022/1013/988 1028/1019/994
f 1026/1016/991 1028/1019/994 1024/1015/990
f 1027/1018/993 1029/1020/995 1023/1014/989
f 1026/1016/991 1025/1017/992 1031/1021/996
f 1025/1017/992 1030/1022/997 1031/1021/996
f 1030/1022/997 1032/1023/998 1033/1024/999
f 1031/1021/996 1030/1022/997 1033/1024/999
f 1033/1024/999 1032/1023/998 1035/1025/1000
f 1032/1023/998 1034/1026/1001 1035/1025/1000
f 1035/1025/1000 1034/1026/1001 1037/1027/1002
f 1034/1026/1001 1036/1028/1003 1037/1027/1002
f 1036/1028/1003 1039/1029/1004 1037/1027/1002
f 1039/1029/1004 1036/1028/1003 1038/1030/1005
f 1035/1025/1000 1037/1027/1002 1040/1031/1006
f 1041/1032/1007 1037/1027/1002 1039/1029/1004
f 1037/1027/1002 1041/1032/1007 1040/1031/1006
f 1042/1033/1008 1035/1025/1000 1040/1031/1006
f 1033/1024/999 1035/1025/1000 1042/1033/1008
f 1044/1034/1009 1033/1024/999 1042/1033/1008
f 1031/1021/996 1033/1024/999 1044/1034/1009
f 1045/1035/1010 1038/1030/1005 1043/1036/1011
f 1038/1030/1005 1045/1035/1010 1039/1029/1004
f 1046/1037/1012 1039/1029/1004 1045/1035/1010
f 1039/1029/1004 1046/1037/1012 1041/1032/1007
f 1050/1038/1013 1051/1039/1014 1048/1040/1015
f 1052/1041/1016 1050/1038/1013 1049/1042/1017
f 1053/1043/1018 1051/1039/1014 1050/1038/1013
f 1050/1038/1013 1052/1041/1016 1053/1043/1018
f 1054/1044/1019 1053/1043/1018 1052/1041/1016
f 1051/1039/1014 1053/1043/1018 1055/1045/1020
f 1055/1045/1020 1056/1046/1021 1051/1039/1014
f 1055/1045/1020 1057/1047/1022 1056/1046/1021
f 1058/1048/1023 1055/1045/1020 1053/1043/1018
f 1053/1043/1018 1054/1044/1019 1058/1048/1023
f 1059/1049/1024 1058/1048/1023 1054/1044/1019
f 1058/1048/1023 1059/1049/1024 1060/1050/1025
f 1061/1051/1026 1057/1047/1022 1055/1045/1020
f 1055/1045/1020 1058/1048/1023 1061/1051/1026
f 1063/1052/1027 1060/1050/1025 1059/1049/1024
f 1062/1053/1028 1063/1052/1027 1059/1049/1024
f 1060/1050/1025 1064/1054/1029 1058/1048/1023
f 1064/1054/1029 1061/1051/1026 1058/1048/1023
f 1063/1052/1027 1064/1054/1029 1060/1050/1025
f 1065/1055/1030 1063/1052/1027 1062/1053/1028
f 1067/1056/1031 1068/1057/1032 1069/1058/1033
f 1068/1057/1032 1070/1059/1034 1069/1058/1033
f 1067/1056/1031 1069/1058/1033 1071/1060/1035
f 1069/1058/1033 1072/1061/1036 1071/1060/1035
f 1072/1061/1036 1069/1058/1033 1070/1059/1034
f 1073/1062/1037 1071/1060/1035 1072/1061/1036
f 1074/1063/1038 1071/1060/1035 1073/1062/1037
f 1073/1062/1037 1072/1061/1036 1075/1064/1039
f 1071/1060/1035 1074/1063/1038 1076/1065/1040
f 1076/1065/1040 1067/1056/1031 1071/1060/1035
f 1073/1062/1037 1077/1066/1041 1074/1063/1038
f 1078/1067/1042 1067/1056/1031 1076/1065/1040
f 1079/1068/1043 1076/1065/1040 1074/1063/1038
f 1076/1065/1040 1079/1068/1043 1078/1067/1042
f 1074/1063/1038 1080/1069/1044 1079/1068/1043
f 1080/1069/1044 1074/1063/1038 1077/1066/1041
f 1077/1066/1041 1073/1062/1037 1081/1070/1045
f 1081/1070/1045 1073/1062/1037 1075/1064/1039
f 1077/1066/1041 1082/1071/1046 1080/1069/1044
f 1081/1070/1045 1083/1072/1047 1077/1066/1041
f 1082/1071/1046 1077/1066/1041 1083/1072/1047
f 1084/1073/1048 1079/1068/1043 1080/1069/1044
f 1084/1073/1048 1080/1069/1044 1082/1071/1046
f 1081/1070/1045 1075/1064/1039 1085/1074/1049
f 1083/1072/1047 1081/1070/1045 1086/1075/1050
f 1086/1075/1050 1081/1070/1045 1085/1074/1049
f 1083/1072/1047 1087/1076/1051 1082/1071/1046
f 1086/1075/1050 1088/1077/1052 1083/1072/1047
f 1087/1076/1051 1083/1072/1047 1088/1077/1052
f 1086/1075/1050 1085/1074/1049 1089/1078/1053
f 1088/1077/1052 1086/1075/1050 1090/1079/1054
f 1090/1079/1054 1086/1075/1050 1089/1078/1053
f 1091/1080/1055 1089/1078/1053 1085/1074/1049
f 1088/1077/1052 1090/1079/1054 1092/1081/1056
f 1090/1079/1054 1089/1078/1053 1093/1082/1057
f 1095/1083/1058 1090/1079/1054 1093/1082/1057
f 1090/1079/1054 1095/1083/1058 1092/1081/1056
f 1096/1084/1059 1093/1082/1057 1094/1085/1060
f 1096/1084/1059 1095/1083/1058 1093/1082/1057
f 1085/1074/1049 1097/1086/1061 1091/1080/1055
f 1085/1074/1049 1075/1064/1039 1097/1086/1061
f 1075/1064/1039 1098/1087/1062 1097/1086/1061
f 1075/1064/1039 1072/1061/1036 1098/1087/1062
f 1070/1059/1034 1098/1087/1062 1072/1061/1036
f 1099/1088/1063 1101/1089/1064 1103/1090/1065
f 1101/1089/1064 1102/1091/1066 1104/1092/1067
f 1103/1090/1065 1101/1089/1064 1104/1092/1067
f 1105/1093/1068 1099/1088/1063 1103/1090/1065
f 1100/1094/1069 1099/1088/1063 1105/1093/1068
f 1103/1090/1065 1104/1092/1067 1106/1095/1070
f 1105/1093/1068 1103/1090/1065 1107/1096/1071
f 1107/1096/1071 1103/1090/1065 1106/1095/1070
f 1106/1095/1070 1104/1092/1067 1108/1097/1072
f 1104/1092/1067 1102/1091/1066 1109/1098/1073
f 1104/1092/1067 1109/1098/1073 1108/1097/1072
f 1102/1091/1066 1110/1099/1074 1109/1098/1073
f 1110/1099/1074 1111/1100/1063 1114/1101/1075
f 1109/1098/1073 1110/1099/1074 1114/1101/1075
f 1111/1100/1063 1112/1102/1076 1115/1103/1077
f 1114/1101/1075 1111/1100/1063 1115/1103/1077
f 1112/1102/1076 1113/1104/1078 1116/1105/1077
f 1115/1103/1077 1112/1102/1076 1116/1105/1077
f 1113/1104/1078 1017/1106/1079 1117/1107/1080
f 1116/1105/1077 1113/1104/1078 1117/1107/1080
f 1017/1106/1079 1016/1108/1081 1117/1107/1080
f 1109/1098/1073 1114/1101/1075 1118/1109/1082
f 1108/1097/1072 1109/1098/1073 1118/1109/1082
f 1114/1101/1075 1115/1103/1077 1119/1110/1083
f 1118/1109/1082 1114/1101/1075 1119/1110/1083
f 1117/1107/1080 1016/1108/1081 1120/1111/1084
f 1117/1107/1080 1120/1111/1084 1121/1112/1085
f 1116/1105/1077 1117/1107/1080 1121/1112/1085
f 1121/1112/1085 1120/1111/1084 1122/1113/145
f 1124/1114/1086 1122/1113/145 1123/1115/1087
f 1122/1113/145 1124/1114/1086 1125/1116/1088
f 1125/1116/1088 1121/1112/1085 1122/1113/145
f 1126/1117/15 1125/1116/1088 1124/1114/1086
f 1127/1118/1089 1116/1105/1077 1121/1112/1085
f 1115/1103/1077 1116/1105/1077 1127/1118/1089
f 1119/1110/1083 1115/1103/1077 1127/1118/1089
f 1128/1119/1090 1127/1118/1089 1121/1112/1085
f 1121/1112/1085 1125/1116/1088 1128/1119/1090
f 1129/1120/1091 1119/1110/1083 1127/1118/1089
f 1127/1118/1089 1128/1119/1090 1129/1120/1091
f 1125/1116/1088 1126/1117/15 1130/1121/1092
f 1130/1121/1092 1128/1119/1090 1125/1116/1088
f 1131/1122/1086 1130/1121/1092 1126/1117/15
f 1132/1123/1093 1129/1120/1091 1128/1119/1090
f 1128/1119/1090 1130/1121/1092 1132/1123/1093
f 1130/1121/1092 1131/1122/1086 1133/1124/1094
f 1133/1124/1094 1132/1123/1093 1130/1121/1092
f 1134/1125/1095 1133/1124/1094 1131/1122/1086
f 1119/1110/1083 1129/1120/1091 1135/1126/1096
f 1135/1126/1096 1118/1109/1082 1119/1110/1083
f 1129/1120/1091 1132/1123/1093 1136/1127/1097
f 1136/1127/1097 1135/1126/1096 1129/1120/1091
f 1132/1123/1093 1133/1124/1094 1137/1128/1098
f 1137/1128/1098 1136/1127/1097 1132/1123/1093
f 1133/1124/1094 1134/1125/1095 1138/1129/1099
f 1138/1129/1099 1137/1128/1098 1133/1124/1094
f 1139/1130/1100 1138/1129/1099 1134/1125/1095
f 1118/1109/1082 1135/1126/1096 1140/1131/1101
f 1138/1129/1099 1139/1130/1100 1141/1132/1102
f 1140/1131/1101 1108/1097/1072 1118/1109/1082
f 1142/1133/1103 1141/1132/1102 1139/1130/1100
f 1143/1134/1104 1140/1131/1101 1135/1126/1096
f 1135/1126/1096 1136/1127/1097 1143/1134/1104
f 1108/1097/1072 1140/1131/1101 1144/1135/1105
f 1144/1135/1105 1106/1095/1070 1108/1097/1072
f 1140/1131/1101 1143/1134/1104 1145/1136/1106
f 1145/1136/1106 1144/1135/1105 1140/1131/1101
f 1146/1137/1107 1143/1134/1104 1136/1127/1097
f 1136/1127/1097 1137/1128/1098 1146/1137/1107
f 1147/1138/1108 1145/1136/1106 1143/1134/1104
f 1143/1134/1104 1146/1137/1107 1147/1138/1108
f 1106/1095/1070 1144/1135/1105 1148/1139/1109
f 1148/1139/1109 1107/1096/1071 1106/1095/1070
f 1144/1135/1105 1145/1136/1106 1149/1140/1110
f 1149/1140/1110 1148/1139/1109 1144/1135/1105
f 1145/1136/1106 1147/1138/1108 1150/1141/1111
f 1150/1141/1111 1149/1140/1110 1145/1136/1106
f 1151/1142/1112 1147/1138/1108 1146/1137/1107
f 1152/1143/1113 1150/1141/1111 1147/1138/1108
f 1147/1138/1108 1151/1142/1112 1152/1143/1113
f 1153/1144/1114 1146/1137/1107 1137/1128/1098
f 1146/1137/1107 1153/1144/1114 1151/1142/1112
f 1137/1128/1098 1138/1129/1099 1153/1144/1114
f 1141/1132/1102 1153/1144/1114 1138/1129/1099
f 1154/1145/1115 1151/1142/1112 1153/1144/1114
f 1153/1144/1114 1141/1132/1102 1154/1145/1115
f 1155/1146/1116 1152/1143/1113 1151/1142/1112
f 1151/1142/1112 1154/1145/1115 1155/1146/1116
f 1141/1132/1102 1056/1046/1021 1154/1145/1115
f 1056/1046/1021 1155/1146/1116 1154/1145/1115
f 1056/1046/1021 1141/1132/1102 1156/1147/1117
f 1141/1132/1102 1142/1133/1103 1156/1147/1117
f 1155/1146/1116 1056/1046/1021 1057/1047/1022
f 1152/1143/1113 1155/1146/1116 1157/1148/1118
f 1057/1047/1022 1157/1148/1118 1155/1146/1116
f 1142/1133/1103 1158/1149/1119 1156/1147/1117
f 1158/1149/1119 1142/1133/1103 1159/1150/1120
f 1156/1147/1117 1051/1039/1014 1056/1046/1021
f 1051/1039/1014 1156/1147/1117 1158/1149/1119
f 1158/1149/1119 1159/1150/1120 1047/1151/1121
f 1157/1148/1118 1160/1152/1122 1152/1143/1113
f 1150/1141/1111 1152/1143/1113 1160/1152/1122
f 1048/1040/1015 1158/1149/1119 1047/1151/1121
f 1051/1039/1014 1158/1149/1119 1048/1040/1015
f 1160/1152/1122 1161/1153/1123 1150/1141/1111
f 1149/1140/1110 1150/1141/1111 1161/1153/1123
f 1160/1152/1122 1157/1148/1118 1162/1154/1124
f 1161/1153/1123 1163/1155/1125 1149/1140/1110
f 1148/1139/1109 1149/1140/1110 1163/1155/1125
f 1161/1153/1123 1160/1152/1122 1164/1156/1126
f 1162/1154/1124 1164/1156/1126 1160/1152/1122
f 1163/1155/1125 1161/1153/1123 1165/1157/1127
f 1164/1156/1126 1165/1157/1127 1161/1153/1123
f 1163/1155/1125 1166/1158/1128 1148/1139/1109
f 1107/1096/1071 1148/1139/1109 1166/1158/1128
f 1166/1158/1128 1163/1155/1125 1167/1159/1129
f 1165/1157/1127 1167/1159/1129 1163/1155/1125
f 1166/1158/1128 1168/1160/1130 1107/1096/1071
f 1168/1160/1130 1105/1093/1068 1107/1096/1071
f 1168/1160/1130 1166/1158/1128 1169/1161/1131
f 1167/1159/1129 1169/1161/1131 1166/1158/1128
f 1170/1162/1067 1105/1093/1068 1168/1160/1130
f 1170/1162/1067 1100/1094/1069 1105/1093/1068
f 1169/1161/1131 1171/1163/1132 1168/1160/1130
f 1171/1163/1132 1170/1162/1067 1168/1160/1130
f 1172/1164/1133 1100/1094/1069 1170/1162/1067
f 1172/1164/1133 1170/1162/1067 1171/1163/1132
f 1171/1163/1132 1169/1161/1131 1173/1165/1134
f 1169/1161/1131 1167/1159/1129 1174/1166/1135
f 1174/1166/1135 1173/1165/1134 1169/1161/1131
f 1175/1167/1136 1174/1166/1135 1167/1159/1129
f 1173/1165/1134 1176/1168/1137 1171/1163/1132
f 1176/1168/1137 1172/1164/1133 1171/1163/1132
f 1173/1165/1134 1174/1166/1135 1177/1169/1138
f 1100/1094/1069 1172/1164/1133 1178/1170/1139
f 1179/1171/1140 1172/1164/1133 1176/1168/1137
f 1180/1172/1141 1178/1170/1139 1172/1164/1133
f 1172/1164/1133 1179/1171/1140 1180/1172/1141
f 1178/1170/1139 1180/1172/1141 1181/1173/1142
f 1181/1173/1142 1183/1174/1143 1182/1175/1144
f 1183/1174/1143 1181/1173/1142 1180/1172/1141
f 1185/1176/1145 1182/1175/1144 1183/1174/1143
f 1182/1175/1144 1185/1176/1145 1184/1177/1146
f 1180/1172/1141 1186/1178/1147 1183/1174/1143
f 1186/1178/1147 1180/1172/1141 1179/1171/1140
f 1183/1174/1143 1187/1179/1127 1185/1176/1145
f 1187/1179/1127 1183/1174/1143 1186/1178/1147
f 1188/1180/1148 1184/1177/1146 1185/1176/1145
f 1189/1181/1149 1185/1176/1145 1187/1179/1127
f 1185/1176/1145 1189/1181/1149 1188/1180/1148
f 1184/1177/1146 1188/1180/1148 1190/1182/1150
f 1191/1183/1151 1188/1180/1148 1189/1181/1149
f 1192/1184/1152 1190/1182/1150 1188/1180/1148
f 1188/1180/1148 1191/1183/1151 1192/1184/1152
f 1190/1182/1150 1192/1184/1152 1193/1185/1153
f 1193/1185/1153 1195/1186/1154 1194/1187/1155
f 1195/1186/1154 1193/1185/1153 1192/1184/1152
f 1196/1188/1156 1197/1189/1157 1198/1190/1158
f 1199/1191/1159 1198/1190/1158 1197/1189/1157
f 1197/1189/1157 1202/1192/1160 1199/1191/1159
f 1201/1193/1161 1199/1191/1159 1202/1192/1160
f 1197/1189/1157 1196/1188/1156 1203/1194/1162
f 1200/1195/1163 1203/1194/1162 1196/1188/1156
f 1202/1192/1160 1197/1189/1157 1204/1196/1164
f 1203/1194/1162 1204/1196/1164 1197/1189/1157
f 1202/1192/1160 1205/1197/1165 1201/1193/1161
f 1206/1198/1166 1201/1193/1161 1205/1197/1165
f 1207/1199/1167 1202/1192/1160 1204/1196/1164
f 1205/1197/1165 1202/1192/1160 1207/1199/1167
f 1204/1196/1164 1203/1194/1162 1208/1200/991
f 1205/1197/1165 1209/1201/1168 1206/1198/1166
f 1210/1202/1169 1207/1199/1167 1204/1196/1164
f 1210/1202/1169 1204/1196/1164 1208/1200/991
f 1211/1203/1170 1205/1197/1165 1207/1199/1167
f 1209/1201/1168 1205/1197/1165 1211/1203/1170
f 1207/1199/1167 1210/1202/1169 1212/1204/1171
f 1212/1204/1171 1211/1203/1170 1207/1199/1167
f 1206/1198/1166 1209/1201/1168 1213/1205/1172
f 1214/1206/1173 1209/1201/1168 1211/1203/1170
f 1215/1207/1174 1209/1201/1168 1214/1206/1173
f 1217/1208/1175 1087/1076/1051 1218/1209/1176
f 1087/1076/1051 1088/1077/1052 1218/1209/1176
f 1218/1209/1176 1088/1077/1052 1092/1081/1056
f 1218/1209/1176 1092/1081/1056 1219/1210/1177
f 1092/1081/1056 1220/1211/1178 1219/1210/1177
f 1217/1208/1175 1218/1209/1176 1221/1212/1179
f 1221/1212/1179 1218/1209/1176 1219/1210/1177
f 1222/1213/1180 1217/1208/1175 1221/1212/1179
f 1223/1214/1181 1217/1208/1175 1222/1213/1180
f 1224/1215/1182 1219/1210/1177 1220/1211/1178
f 1221/1212/1179 1219/1210/1177 1225/1216/1183
f 1219/1210/1177 1224/1215/1182 1225/1216/1183
f 1226/1217/1184 1225/1216/1183 1224/1215/1182
f 1227/1218/1185 1221/1212/1179 1225/1216/1183
f 1222/1213/1180 1221/1212/1179 1227/1218/1185
f 1225/1216/1183 1226/1217/1184 1228/1219/1186
f 1227/1218/1185 1225/1216/1183 1228/1219/1186
f 1229/1220/1182 1228/1219/1186 1226/1217/1184
f 1220/1211/1178 1092/1081/1056 1095/1083/1058
f 1230/1221/1187 1233/1222/1188 1231/1223/1189
f 1233/1222/1188 1232/1224/1190 1231/1223/1189
f 1070/1059/1034 1068/1057/1032 1234/1225/1191
f 1230/1221/1187 1234/1225/1191 1235/1226/1192
f 1068/1057/1032 1235/1226/1192 1234/1225/1191
f 1233/1222/1188 1230/1221/1187 1235/1226/1192
f 1068/1057/1032 1236/1227/1193 1235/1226/1192
f 1236/1227/1193 1233/1222/1188 1235/1226/1192
f 1237/1228/1194 1236/1227/1193 1068/1057/1032
f 1068/1057/1032 1067/1056/1031 1237/1228/1194
f 1236/1227/1193 1238/1229/1195 1233/1222/1188
f 1239/1230/1196 1237/1228/1194 1067/1056/1031
f 1067/1056/1031 1078/1067/1042 1239/1230/1196
f 1236/1227/1193 1237/1228/1194 1240/1231/1197
f 1240/1231/1197 1238/1229/1195 1236/1227/1193
f 1237/1228/1194 1239/1230/1196 1241/1232/1198
f 1241/1232/1198 1240/1231/1197 1237/1228/1194
f 1242/1233/1199 1239/1230/1196 1078/1067/1042
f 1242/1233/1199 1241/1232/1198 1239/1230/1196
f 1238/1229/1195 1240/1231/1197 1243/1234/1200
f 1240/1231/1197 1241/1232/1198 1244/1235/1201
f 1244/1235/1201 1243/1234/1200 1240/1231/1197
f 1243/1234/1200 1245/1236/1202 1238/1229/1195
f 1245/1236/1202 1233/1222/1188 1238/1229/1195
f 1243/1234/1200 1244/1235/1201 1246/1237/1203
f 1233/1222/1188 1245/1236/1202 1247/1238/1204
f 1233/1222/1188 1247/1238/1204 1232/1224/1190
f 1245/1236/1202 1243/1234/1200 1248/1239/1205
f 1246/1237/1203 1248/1239/1205 1243/1234/1200
f 1249/1240/1206 1247/1238/1204 1245/1236/1202
f 1248/1239/1205 1249/1240/1206 1245/1236/1202
f 1247/1238/1204 1250/1241/1207 1232/1224/1190
f 1247/1238/1204 1249/1240/1206 1251/1242/1208
f 1247/1238/1204 1251/1242/1208 1250/1241/1207
f 1252/1243/1209 1251/1242/1208 1249/1240/1206
f 1253/1244/1210 1250/1241/1207 1251/1242/1208
f 1251/1242/1208 1252/1243/1209 1253/1244/1210
f 1250/1241/1207 1253/1244/1210 1066/1245/1189
f 1254/1246/1211 1252/1243/1209 1249/1240/1206
f 1249/1240/1206 1248/1239/1205 1255/1247/1212
f 1255/1247/1212 1254/1246/1211 1249/1240/1206
f 1256/1248/1213 1255/1247/1212 1248/1239/1205
f 1248/1239/1205 1246/1237/1203 1256/1248/1213
f 1255/1247/1212 1256/1248/1213 1257/1249/1214
f 1257/1249/1214 1254/1246/1211 1255/1247/1212
f 1258/1250/1215 1256/1248/1213 1246/1237/1203
f 1259/1251/1216 1257/1249/1214 1256/1248/1213
f 1256/1248/1213 1258/1250/1215 1259/1251/1216
f 1246/1237/1203 1260/1252/1217 1258/1250/1215
f 1260/1252/1217 1246/1237/1203 1244/1235/1201
f 1244/1235/1201 1261/1253/1218 1260/1252/1217
f 1261/1253/1218 1244/1235/1201 1241/1232/1198
f 1241/1232/1198 1242/1233/1199 1261/1253/1218
f 1262/1254/1219 1260/1252/1217 1261/1253/1218
f 1263/1255/1220 1258/1250/1215 1260/1252/1217
f 1262/1254/1219 1263/1255/1220 1260/1252/1217
f 1263/1255/1220 1264/1256/1221 1258/1250/1215
f 1264/1256/1221 1259/1251/1216 1258/1250/1215
f 1265/1257/1222 1261/1253/1218 1242/1233/1199
f 1265/1257/1222 1262/1254/1219 1261/1253/1218
f 1266/1258/1223 1265/1257/1222 1242/1233/1199
f 1267/1259/1224 1263/1255/1220 1262/1254/1219
f 1268/1260/1225 1262/1254/1219 1265/1257/1222
f 1268/1260/1225 1267/1259/1224 1262/1254/1219
f 1269/1261/1226 1268/1260/1225 1265/1257/1222
f 1269/1261/1226 1265/1257/1222 1266/1258/1223
f 1266/1258/1223 1242/1233/1199 1270/1262/1227
f 1270/1262/1227 1242/1233/1199 1078/1067/1042
f 1267/1259/1224 1271/1263/1228 1263/1255/1220
f 1271/1263/1228 1264/1256/1221 1263/1255/1220
f 1078/1067/1042 1272/1264/1229 1270/1262/1227
f 1272/1264/1229 1078/1067/1042 1079/1068/1043
f 1273/1265/1230 1266/1258/1223 1270/1262/1227
f 1273/1265/1230 1270/1262/1227 1272/1264/1229
f 1079/1068/1043 1084/1073/1048 1272/1264/1229
f 1274/1266/1231 1266/1258/1223 1273/1265/1230
f 1274/1266/1231 1269/1261/1226 1266/1258/1223
f 1275/1267/1232 1273/1265/1230 1272/1264/1229
f 1275/1267/1232 1272/1264/1229 1084/1073/1048
f 1276/1268/1233 1274/1266/1231 1273/1265/1230
f 1276/1268/1233 1273/1265/1230 1275/1267/1232
f 1277/1269/1234 1269/1261/1226 1274/1266/1231
f 1278/1270/1235 1274/1266/1231 1276/1268/1233
f 1278/1270/1235 1277/1269/1234 1274/1266/1231
f 1279/1271/1236 1276/1268/1233 1275/1267/1232
f 1280/1272/1237 1278/1270/1235 1276/1268/1233
f 1280/1272/1237 1276/1268/1233 1279/1271/1236
f 1277/1269/1234 1281/1273/1238 1269/1261/1226
f 1281/1273/1238 1268/1260/1225 1269/1261/1226
f 1282/1274/1239 1277/1269/1234 1278/1270/1235
f 1281/1273/1238 1283/1275/1240 1268/1260/1225
f 1283/1275/1240 1267/1259/1224 1268/1260/1225
f 1284/1276/1241 1281/1273/1238 1277/1269/1234
f 1282/1274/1239 1284/1276/1241 1277/1269/1234
f 1285/1277/1242 1283/1275/1240 1281/1273/1238
f 1284/1276/1241 1285/1277/1242 1281/1273/1238
f 1283/1275/1240 1286/1278/1243 1267/1259/1224
f 1286/1278/1243 1271/1263/1228 1267/1259/1224
f 1285/1277/1242 1287/1279/1244 1283/1275/1240
f 1287/1279/1244 1286/1278/1243 1283/1275/1240
f 1288/1280/1245 1285/1277/1242 1284/1276/1241
f 1289/1281/1246 1284/1276/1241 1282/1274/1239
f 1289/1281/1246 1288/1280/1245 1284/1276/1241
f 1288/1280/1245 1290/1282/1247 1285/1277/1242
f 1290/1282/1247 1287/1279/1244 1285/1277/1242
f 1291/1283/1248 1289/1281/1246 1282/1274/1239
f 1290/1282/1247 1292/1284/1249 1287/1279/1244
f 1293/1285/1250 1287/1279/1244 1292/1284/1249
f 1287/1279/1244 1293/1285/1250 1294/1286/1251
f 1287/1279/1244 1294/1286/1251 1286/1278/1243
f 1292/1284/1249 1295/1287/1252 1293/1285/1250
f 1296/1288/1252 1293/1285/1250 1295/1287/1252
f 1297/1289/1253 1298/1290/1254 1299/1291/1255
f 1300/1292/1256 1186/1178/1147 1298/1290/1254
f 1297/1289/1253 1300/1292/1256 1298/1290/1254
f 1300/1292/1256 1187/1179/1127 1186/1178/1147
f 1301/1293/1257 1297/1289/1253 1299/1291/1255
f 1301/1293/1257 1299/1291/1255 1302/1294/1258
f 1303/1295/1259 1300/1292/1256 1297/1289/1253
f 1304/1296/1260 1187/1179/1127 1300/1292/1256
f 1303/1295/1259 1304/1296/1260 1300/1292/1256
f 1304/1296/1260 1189/1181/1149 1187/1179/1127
f 1305/1297/1261 1303/1295/1259 1297/1289/1253
f 1305/1297/1261 1297/1289/1253 1301/1293/1257
f 1306/1298/1262 1304/1296/1260 1303/1295/1259
f 1307/1299/1263 1189/1181/1149 1304/1296/1260
f 1306/1298/1262 1307/1299/1263 1304/1296/1260
f 1307/1299/1263 1191/1183/1151 1189/1181/1149
f 1308/1300/1264 1306/1298/1262 1303/1295/1259
f 1308/1300/1264 1303/1295/1259 1305/1297/1261
f 1309/1301/1265 1307/1299/1263 1306/1298/1262
f 1310/1302/1266 1306/1298/1262 1308/1300/1264
f 1310/1302/1266 1309/1301/1265 1306/1298/1262
f 1311/1303/1267 1191/1183/1151 1307/1299/1263
f 1309/1301/1265 1311/1303/1267 1307/1299/1263
f 1311/1303/1267 1312/1304/1268 1191/1183/1151
f 1312/1304/1268 1192/1184/1152 1191/1183/1151
f 1192/1184/1152 1312/1304/1268 1195/1186/1154
f 1313/1305/1255 1312/1304/1268 1311/1303/1267
f 1314/1306/1269 1311/1303/1267 1309/1301/1265
f 1314/1306/1269 1313/1305/1255 1311/1303/1267
f 1315/1307/1270 1309/1301/1265 1310/1302/1266
f 1315/1307/1270 1314/1306/1269 1309/1301/1265
f 1316/1308/1271 1195/1186/1154 1312/1304/1268
f 1313/1305/1255 1316/1308/1271 1312/1304/1268
f 1195/1186/1154 1316/1308/1271 1317/1309/1272
f 1317/1309/1272 1194/1187/1155 1195/1186/1154
f 1318/1310/1273 1316/1308/1271 1313/1305/1255
f 1319/1311/1274 1313/1305/1255 1314/1306/1269
f 1319/1311/1274 1318/1310/1273 1313/1305/1255
f 1320/1312/1275 1314/1306/1269 1315/1307/1270
f 1320/1312/1275 1319/1311/1274 1314/1306/1269
f 1318/1310/1273 1321/1313/1276 1316/1308/1271
f 1321/1313/1276 1317/1309/1272 1316/1308/1271
f 1317/1309/1272 1321/1313/1276 1322/1314/1277
f 1322/1314/1277 1324/1315/1278 1323/1316/1279
f 1324/1315/1278 1322/1314/1277 1321/1313/1276
f 1326/1317/1280 1323/1316/1279 1324/1315/1278
f 1323/1316/1279 1326/1317/1280 1325/1318/1281
f 1328/1319/1282 1331/1320/1283 1329/1321/1284
f 1332/1322/1285 1329/1321/1284 1331/1320/1283
f 1331/1320/1283 1333/1323/1286 1332/1322/1285
f 1331/1320/1283 1328/1319/1282 1334/1324/1287
f 1327/1325/1288 1334/1324/1287 1328/1319/1282
f 1333/1323/1286 1331/1320/1283 1335/1326/1289
f 1334/1324/1287 1335/1326/1289 1331/1320/1283
f 1335/1326/1289 1334/1324/1287 1337/1327/1290
f 1336/1328/1291 1337/1327/1290 1334/1324/1287
f 1338/1329/1292 1333/1323/1286 1335/1326/1289
f 1339/1330/1293 1333/1323/1286 1338/1329/1292
f 1340/1331/1294 1335/1326/1289 1337/1327/1290
f 1338/1329/1292 1335/1326/1289 1340/1331/1294
f 1337/1327/1290 1336/1328/1291 1341/1332/1295
f 1330/1333/1296 1341/1332/1295 1336/1328/1291
f 1340/1331/1294 1337/1327/1290 1342/1334/1297
f 1342/1334/1297 1337/1327/1290 1341/1332/1295
f 1341/1332/1295 1330/1333/1296 1343/1335/1298
f 1325/1318/1281 1343/1335/1298 1330/1333/1296
f 1343/1335/1298 1325/1318/1281 1326/1317/1280
f 1344/1336/1082 1341/1332/1295 1343/1335/1298
f 1342/1334/1297 1341/1332/1295 1344/1336/1082
f 1345/1337/1299 1343/1335/1298 1326/1317/1280
f 1344/1336/1082 1343/1335/1298 1345/1337/1299
f 1345/1337/1299 1326/1317/1280 1346/1338/1300
f 1346/1338/1300 1326/1317/1280 1324/1315/1278
f 1347/1339/1134 1344/1336/1082 1345/1337/1299
f 1348/1340/1301 1345/1337/1299 1346/1338/1300
f 1347/1339/1134 1345/1337/1299 1348/1340/1301
f 1346/1338/1300 1324/1315/1278 1349/1341/1302
f 1349/1341/1302 1324/1315/1278 1321/1313/1276
f 1349/1341/1302 1321/1313/1276 1318/1310/1273
f 1350/1342/1303 1346/1338/1300 1349/1341/1302
f 1348/1340/1301 1346/1338/1300 1350/1342/1303
f 1351/1343/1304 1349/1341/1302 1318/1310/1273
f 1350/1342/1303 1349/1341/1302 1351/1343/1304
f 1351/1343/1304 1318/1310/1273 1319/1311/1274
f 1352/1344/1305 1348/1340/1301 1350/1342/1303
f 1353/1345/1306 1348/1340/1301 1352/1344/1305
f 1353/1345/1306 1347/1339/1134 1348/1340/1301
f 1352/1344/1305 1350/1342/1303 1354/1346/1307
f 1354/1346/1307 1350/1342/1303 1351/1343/1304
f 1355/1347/1231 1347/1339/1134 1353/1345/1306
f 1354/1346/1307 1351/1343/1304 1356/1348/1308
f 1356/1348/1308 1351/1343/1304 1319/1311/1274
f 1357/1349/1309 1354/1346/1307 1356/1348/1308
f 1356/1348/1308 1319/1311/1274 1320/1312/1275
f 1357/1349/1309 1356/1348/1308 1358/1350/1310
f 1358/1350/1310 1356/1348/1308 1320/1312/1275
f 1359/1351/1021 1357/1349/1309 1358/1350/1310
f 1355/1347/1231 1360/1352/1293 1347/1339/1134
f 1360/1352/1293 1344/1336/1082 1347/1339/1134
f 1361/1353/1311 1360/1352/1293 1355/1347/1231
f 1360/1352/1293 1342/1334/1297 1344/1336/1082
f 1361/1353/1311 1362/1354/1293 1360/1352/1293
f 1362/1354/1293 1342/1334/1297 1360/1352/1293
f 1363/1355/1312 1362/1354/1293 1361/1353/1311
f 1362/1354/1293 1340/1331/1294 1342/1334/1297
f 1364/1356/1313 1340/1331/1294 1362/1354/1293
f 1363/1355/1312 1364/1356/1313 1362/1354/1293
f 1364/1356/1313 1338/1329/1292 1340/1331/1294
f 1365/1357/1314 1364/1356/1313 1363/1355/1312
f 1366/1358/1315 1365/1357/1314 1363/1355/1312
f 1367/1359/1316 1365/1357/1314 1366/1358/1315
f 1367/1359/1316 1368/1360/1317 1365/1357/1314
f 1365/1357/1314 1369/1361/1318 1364/1356/1313
f 1369/1361/1318 1338/1329/1292 1364/1356/1313
f 1368/1360/1317 1369/1361/1318 1365/1357/1314
f 1369/1361/1318 1339/1330/1293 1338/1329/1292
f 1368/1360/1317 1370/1362/1319 1369/1361/1318
f 1370/1362/1319 1339/1330/1293 1369/1361/1318
f 1373/1363/1320 1229/1220/1182 1371/1364/1321
f 1372/1365/1322 1373/1363/1320 1371/1364/1321
f 1373/1363/1320 1372/1365/1322 1375/1366/1323
f 1374/1367/1324 1375/1366/1323 1372/1365/1322
f 1373/1363/1320 1376/1368/1325 1229/1220/1182
f 1228/1219/1186 1229/1220/1182 1376/1368/1325
f 1378/1369/1326 1228/1219/1186 1376/1368/1325
f 1378/1369/1326 1227/1218/1185 1228/1219/1186
f 1379/1370/1327 1376/1368/1325 1373/1363/1320
f 1379/1370/1327 1378/1369/1326 1376/1368/1325
f 1377/1371/1328 1380/1372/1329 1381/1373/1330
f 1216/1374/1331 1381/1373/1330 1380/1372/1329
f 1381/1373/1330 1382/1375/1332 1377/1371/1328
f 1374/1367/1324 1377/1371/1328 1382/1375/1332
f 1381/1373/1330 1216/1374/1331 1383/1376/1333
f 1383/1376/1333 1216/1374/1331 1384/1377/1334
f 1216/1374/1331 1215/1207/1174 1384/1377/1334
f 1385/1378/1335 1381/1373/1330 1383/1376/1333
f 1385/1378/1335 1382/1375/1332 1381/1373/1330
f 1384/1377/1334 1215/1207/1174 1214/1206/1173
f 1385/1378/1335 1383/1376/1333 1386/1379/1336
f 1386/1379/1336 1383/1376/1333 1384/1377/1334
f 1382/1375/1332 1387/1380/1035 1374/1367/1324
f 1375/1366/1323 1374/1367/1324 1387/1380/1035
f 1382/1375/1332 1385/1378/1335 1388/1381/1021
f 1389/1382/1337 1387/1380/1035 1382/1375/1332
f 1389/1382/1337 1382/1375/1332 1388/1381/1021
f 1390/1383/1338 1388/1381/1021 1385/1378/1335
f 1390/1383/1338 1385/1378/1335 1386/1379/1336
f 1391/1384/1339 1375/1366/1323 1387/1380/1035
f 1391/1384/1339 1387/1380/1035 1389/1382/1337
f 1391/1384/1339 1392/1385/1340 1375/1366/1323
f 1392/1385/1340 1373/1363/1320 1375/1366/1323
f 1392/1385/1340 1379/1370/1327 1373/1363/1320
f 1388/1381/1021 1390/1383/1338 1393/1386/1341
f 1393/1386/1341 1389/1382/1337 1388/1381/1021
f 1394/1387/1342 1392/1385/1340 1391/1384/1339
f 1395/1388/1343 1379/1370/1327 1392/1385/1340
f 1394/1387/1342 1395/1388/1343 1392/1385/1340
f 1395/1388/1343 1396/1389/1089 1379/1370/1327
f 1396/1389/1089 1378/1369/1326 1379/1370/1327
f 1397/1390/1344 1391/1384/1339 1389/1382/1337
f 1397/1390/1344 1394/1387/1342 1391/1384/1339
f 1389/1382/1337 1393/1386/1341 1398/1391/1345
f 1397/1390/1344 1389/1382/1337 1398/1391/1345
f 1396/1389/1089 1399/1392/1346 1378/1369/1326
f 1399/1392/1346 1227/1218/1185 1378/1369/1326
f 1399/1392/1346 1222/1213/1180 1227/1218/1185
f 1400/1393/1347 1398/1391/1345 1393/1386/1341
f 1401/1394/1348 1394/1387/1342 1397/1390/1344
f 1401/1394/1348 1395/1388/1343 1394/1387/1342
f 1402/1395/1349 1397/1390/1344 1398/1391/1345
f 1401/1394/1348 1397/1390/1344 1402/1395/1349
f 1402/1395/1349 1398/1391/1345 1403/1396/1350
f 1398/1391/1345 1400/1393/1347 1403/1396/1350
f 1404/1397/1351 1401/1394/1348 1402/1395/1349
f 1395/1388/1343 1401/1394/1348 1405/1398/1352
f 1404/1397/1351 1405/1398/1352 1401/1394/1348
f 1405/1398/1352 1396/1389/1089 1395/1388/1343
f 1404/1397/1351 1402/1395/1349 1406/1399/1353
f 1406/1399/1353 1402/1395/1349 1403/1396/1350
f 1405/1398/1352 1404/1397/1351 1407/1400/1354
f 1396/1389/1089 1405/1398/1352 1408/1401/1355
f 1407/1400/1354 1408/1401/1355 1405/1398/1352
f 1408/1401/1355 1399/1392/1346 1396/1389/1089
f 1409/1402/1356 1407/1400/1354 1404/1397/1351
f 1409/1402/1356 1404/1397/1351 1406/1399/1353
f 1408/1401/1355 1407/1400/1354 1410/1403/1357
f 1399/1392/1346 1408/1401/1355 1411/1404/1358
f 1410/1403/1357 1411/1404/1358 1408/1401/1355
f 1411/1404/1358 1222/1213/1180 1399/1392/1346
f 1412/1405/1359 1410/1403/1357 1407/1400/1354
f 1407/1400/1354 1409/1402/1356 1412/1405/1359
f 1411/1404/1358 1410/1403/1357 1413/1406/1360
f 1222/1213/1180 1411/1404/1358 1414/1407/1361
f 1413/1406/1360 1414/1407/1361 1411/1404/1358
f 1414/1407/1361 1223/1214/1181 1222/1213/1180
f 1415/1408/1362 1223/1214/1181 1414/1407/1361
f 1416/1409/1363 1415/1408/1362 1414/1407/1361
f 1414/1407/1361 1413/1406/1360 1416/1409/1363
f 1417/1410/1364 1415/1408/1362 1416/1409/1363
f 1418/1411/1365 1413/1406/1360 1410/1403/1357
f 1410/1403/1357 1412/1405/1359 1418/1411/1365
f 1419/1412/1366 1416/1409/1363 1413/1406/1360
f 1413/1406/1360 1418/1411/1365 1419/1412/1366
f 1420/1413/1367 1417/1410/1364 1416/1409/1363
f 1416/1409/1363 1419/1412/1366 1420/1413/1367
f 1421/1414/1368 1417/1410/1364 1420/1413/1367
f 1421/1414/1368 1422/1415/1369 1417/1410/1364
f 1423/1416/1370 1422/1415/1369 1421/1414/1368
f 1424/1417/1371 1423/1416/1370 1421/1414/1368
f 1425/1418/1372 1421/1414/1368 1420/1413/1367
f 1424/1417/1371 1421/1414/1368 1425/1418/1372
f 1424/1417/1371 1426/1419/1373 1423/1416/1370
f 1420/1413/1367 1427/1420/1374 1425/1418/1372
f 1427/1420/1374 1420/1413/1367 1419/1412/1366
f 1428/1421/1375 1424/1417/1371 1425/1418/1372
f 1429/1422/1376 1425/1418/1372 1427/1420/1374
f 1425/1418/1372 1429/1422/1376 1428/1421/1375
f 1419/1412/1366 1430/1423/1377 1427/1420/1374
f 1430/1423/1377 1419/1412/1366 1418/1411/1365
f 1431/1424/1378 1427/1420/1374 1430/1423/1377
f 1427/1420/1374 1431/1424/1378 1429/1422/1376
f 1433/1425/1379 1434/1426/1380 1432/1427/1381
f 1435/1428/1382 1432/1427/1381 1434/1426/1380
f 1434/1426/1380 1436/1429/1383 1435/1428/1382
f 1434/1426/1380 1433/1425/1379 1332/1322/1285
f 1329/1321/1284 1332/1322/1285 1433/1425/1379
f 1436/1429/1383 1434/1426/1380 1437/1430/1384
f 1332/1322/1285 1437/1430/1384 1434/1426/1380
f 1438/1431/1385 1436/1429/1383 1437/1430/1384
f 1439/1432/1386 1436/1429/1383 1438/1431/1385
f 1437/1430/1384 1332/1322/1285 1333/1323/1286
f 1440/1433/1387 1439/1432/1386 1438/1431/1385
f 1441/1434/1388 1439/1432/1386 1440/1433/1387
f 1438/1431/1385 1437/1430/1384 1339/1330/1293
f 1339/1330/1293 1437/1430/1384 1333/1323/1286
f 1440/1433/1387 1438/1431/1385 1370/1362/1319
f 1370/1362/1319 1438/1431/1385 1339/1330/1293
f 1442/1435/1389 1441/1434/1388 1440/1433/1387
f 1443/1436/1390 1441/1434/1388 1442/1435/1389
f 1444/1437/1391 1440/1433/1387 1370/1362/1319
f 1442/1435/1389 1440/1433/1387 1444/1437/1391
f 1445/1438/1392 1443/1436/1390 1442/1435/1389
f 1446/1439/1393 1443/1436/1390 1445/1438/1392
f 1447/1440/1394 1442/1435/1389 1444/1437/1391
f 1445/1438/1392 1442/1435/1389 1447/1440/1394
f 1444/1437/1391 1370/1362/1319 1368/1360/1317
f 1448/1441/1395 1446/1439/1393 1445/1438/1392
f 1447/1440/1394 1444/1437/1391 1449/1442/1396
f 1449/1442/1396 1444/1437/1391 1368/1360/1317
f 1450/1443/1397 1445/1438/1392 1447/1440/1394
f 1448/1441/1395 1445/1438/1392 1450/1443/1397
f 1451/1444/1398 1447/1440/1394 1449/1442/1396
f 1450/1443/1397 1447/1440/1394 1451/1444/1398
f 1452/1445/1399 1446/1439/1393 1448/1441/1395
f 1452/1445/1399 1453/1446/1400 1446/1439/1393
f 1454/1447/1401 1448/1441/1395 1450/1443/1397
f 1455/1448/1402 1450/1443/1397 1451/1444/1398
f 1450/1443/1397 1455/1448/1402 1454/1447/1401
f 1451/1444/1398 1449/1442/1396 1456/1449/1403
f 1455/1448/1402 1451/1444/1398 1456/1449/1403
f 1457/1450/1149 1452/1445/1399 1448/1441/1395
f 1448/1441/1395 1454/1447/1401 1457/1450/1149
f 1458/1451/1404 1453/1446/1400 1452/1445/1399
f 1458/1451/1404 1459/1452/1405 1453/1446/1400
f 1452/1445/1399 1457/1450/1149 1460/1453/1406
f 1460/1453/1406 1458/1451/1404 1452/1445/1399
f 1461/1454/1407 1457/1450/1149 1454/1447/1401
f 1461/1454/1407 1460/1453/1406 1457/1450/1149
f 1462/1455/1408 1454/1447/1401 1455/1448/1402
f 1461/1454/1407 1454/1447/1401 1462/1455/1408
f 1458/1451/1404 1460/1453/1406 1463/1456/1409
f 1460/1453/1406 1461/1454/1407 1464/1457/1410
f 1464/1457/1410 1463/1456/1409 1460/1453/1406
f 1462/1455/1408 1465/1458/1411 1461/1454/1407
f 1464/1457/1410 1461/1454/1407 1465/1458/1411
f 1462/1455/1408 1455/1448/1402 1466/1459/1412
f 1467/1460/1413 1459/1452/1405 1458/1451/1404
f 1463/1456/1409 1467/1460/1413 1458/1451/1404
f 1467/1460/1413 1468/1461/1414 1459/1452/1405
f 1469/1462/1415 1459/1452/1405 1468/1461/1414
f 1470/1463/1416 1469/1462/1415 1468/1461/1414
f 1471/1464/1417 1470/1463/1416 1468/1461/1414
f 1471/1464/1417 1468/1461/1414 1467/1460/1413
f 1472/1465/1418 1470/1463/1416 1471/1464/1417
f 1467/1460/1413 1463/1456/1409 1473/1466/1419
f 1473/1466/1419 1471/1464/1417 1467/1460/1413
f 1474/1467/1420 1472/1465/1418 1471/1464/1417
f 1471/1464/1417 1473/1466/1419 1474/1467/1420
f 1472/1465/1418 1474/1467/1420 1475/1468/1421
f 1476/1469/1422 1472/1465/1418 1475/1468/1421
f 1477/1470/1423 1474/1467/1420 1473/1466/1419
f 1477/1470/1423 1473/1466/1419 1463/1456/1409
f 1478/1471/1424 1475/1468/1421 1474/1467/1420
f 1474/1467/1420 1477/1470/1423 1478/1471/1424
f 1479/1472/1425 1476/1469/1422 1475/1468/1421
f 1475/1468/1421 1478/1471/1424 1479/1472/1425
f 1476/1469/1422 1479/1472/1425 1480/1473/1426
f 1477/1470/1423 1481/1474/1427 1478/1471/1424
f 1479/1472/1425 1478/1471/1424 1481/1474/1427
f 1480/1473/1426 1479/1472/1425 1482/1475/1428
f 1482/1475/1428 1479/1472/1425 1481/1474/1427
f 1418/1411/1365 1483/1476/1429 1430/1423/1377
f 1483/1476/1429 1418/1411/1365 1412/1405/1359
f 1430/1423/1377 1484/1477/1430 1431/1424/1378
f 1484/1477/1430 1430/1423/1377 1483/1476/1429
f 1485/1478/1431 1429/1422/1376 1431/1424/1378
f 1484/1477/1430 1485/1478/1431 1431/1424/1378
f 1412/1405/1359 1486/1479/1227 1483/1476/1429
f 1484/1477/1430 1483/1476/1429 1486/1479/1227
f 1486/1479/1227 1412/1405/1359 1409/1402/1356
f 1486/1479/1227 1409/1402/1356 1487/944/1432
f 1409/1402/1356 1406/1399/1353 1487/944/1432
f 1488/1480/1433 1484/1477/1430 1486/1479/1227
f 1487/944/1432 1406/1399/1353 1489/1481/1434
f 1406/1399/1353 1403/1396/1350 1489/1481/1434
f 1489/1481/1434 1403/1396/1350 1400/1393/1347
f 1486/1479/1227 1487/944/1432 1490/1482/1435
f 1488/1480/1433 1486/1479/1227 1490/1482/1435
f 1487/944/1432 1489/1481/1434 1491/1483/1436
f 1490/1482/1435 1487/944/1432 1491/1483/1436
f 1489/1481/1434 1400/1393/1347 1492/1484/1437
f 1491/1483/1436 1489/1481/1434 1492/1484/1437
f 1490/1482/1435 1491/1483/1436 1493/1485/1438
f 1488/1480/1433 1490/1482/1435 1494/1486/1439
f 1494/1486/1439 1490/1482/1435 1493/1485/1438
f 1493/1485/1438 1491/1483/1436 1495/1487/1440
f 1491/1483/1436 1492/1484/1437 1495/1487/1440
f 1494/1486/1439 1493/1485/1438 1496/1488/1441
f 1494/1486/1439 1497/1489/1442 1488/1480/1433
f 1484/1477/1430 1488/1480/1433 1497/1489/1442
f 1497/1489/1442 1494/1486/1439 1498/1490/1443
f 1496/1488/1441 1498/1490/1443 1494/1486/1439
f 1497/1489/1442 1499/1491/1444 1484/1477/1430
f 1496/1488/1441 1493/1485/1438 1500/1492/1445
f 1493/1485/1438 1495/1487/1440 1500/1492/1445
f 1498/1490/1443 1501/1493/1446 1497/1489/1442
f 1501/1493/1446 1499/1491/1444 1497/1489/1442
f 1485/1478/1431 1484/1477/1430 1499/1491/1444
f 1495/1487/1440 1476/1469/1422 1500/1492/1445
f 1498/1490/1443 1496/1488/1441 1502/1494/1447
f 1496/1488/1441 1500/1492/1445 1503/1495/1448
f 1503/1495/1448 1502/1494/1447 1496/1488/1441
f 1500/1492/1445 1480/1473/1426 1503/1495/1448
f 1480/1473/1426 1500/1492/1445 1476/1469/1422
f 1503/1495/1448 1480/1473/1426 1504/1496/1449
f 1476/1469/1422 1495/1487/1440 1505/1497/1450
f 1492/1484/1437 1505/1497/1450 1495/1487/1440
f 1476/1469/1422 1505/1497/1450 1472/1465/1418
f 1505/1497/1450 1492/1484/1437 1506/1498/1451
f 1400/1393/1347 1506/1498/1451 1492/1484/1437
f 1505/1497/1450 1506/1498/1451 1507/1499/1452
f 1505/1497/1450 1507/1499/1452 1472/1465/1418
f 1506/1498/1451 1400/1393/1347 1508/1500/1453
f 1393/1386/1341 1508/1500/1453 1400/1393/1347
f 1508/1500/1453 1393/1386/1341 1390/1383/1338
f 1506/1498/1451 1508/1500/1453 1509/1501/1454
f 1506/1498/1451 1509/1501/1454 1507/1499/1452
f 1508/1500/1453 1390/1383/1338 1510/1502/1455
f 1508/1500/1453 1510/1502/1455 1509/1501/1454
f 1390/1383/1338 1386/1379/1336 1510/1502/1455
f 1509/1501/1454 1510/1502/1455 1511/1503/1456
f 1386/1379/1336 1511/1503/1456 1510/1502/1455
f 1507/1499/1452 1509/1501/1454 1512/1504/1457
f 1509/1501/1454 1511/1503/1456 1512/1504/1457
f 1511/1503/1456 1386/1379/1336 1513/1505/1458
f 1386/1379/1336 1384/1377/1334 1513/1505/1458
f 1511/1503/1456 1469/1462/1415 1512/1504/1457
f 1507/1499/1452 1512/1504/1457 1470/1463/1416
f 1470/1463/1416 1512/1504/1457 1469/1462/1415
f 1472/1465/1418 1507/1499/1452 1470/1463/1416
f 1384/1377/1334 1514/1506/1459 1513/1505/1458
f 1513/1505/1458 1515/1507/1460 1511/1503/1456
f 1469/1462/1415 1511/1503/1456 1515/1507/1460
f 1515/1507/1460 1513/1505/1458 1514/1506/1459
f 1514/1506/1459 1384/1377/1334 1214/1206/1173
f 1515/1507/1460 1516/1508/1461 1469/1462/1415
f 1214/1206/1173 1517/1509/1462 1514/1506/1459
f 1517/1509/1462 1214/1206/1173 1211/1203/1170
f 1514/1506/1459 1518/1510/1355 1515/1507/1460
f 1518/1510/1355 1514/1506/1459 1517/1509/1462
f 1516/1508/1461 1515/1507/1460 1518/1510/1355
f 1211/1203/1170 1212/1204/1171 1517/1509/1462
f 1459/1452/1405 1469/1462/1415 1516/1508/1461
f 1518/1510/1355 1519/1511/1463 1516/1508/1461
f 1459/1452/1405 1516/1508/1461 1519/1511/1463
f 1517/1509/1462 1520/1512/1464 1518/1510/1355
f 1520/1512/1464 1517/1509/1462 1212/1204/1171
f 1519/1511/1463 1518/1510/1355 1520/1512/1464
f 1212/1204/1171 1521/1513/1195 1520/1512/1464
f 1520/1512/1464 1522/1514/1465 1519/1511/1463
f 1522/1514/1465 1520/1512/1464 1521/1513/1195
f 1521/1513/1195 1212/1204/1171 1210/1202/1169
f 1453/1446/1400 1519/1511/1463 1522/1514/1465
f 1459/1452/1405 1519/1511/1463 1453/1446/1400
f 1521/1513/1195 1210/1202/1169 1523/1515/1466
f 1210/1202/1169 1208/1200/991 1523/1515/1466
f 1522/1514/1465 1521/1513/1195 1524/1516/1467
f 1521/1513/1195 1523/1515/1466 1524/1516/1467
f 1453/1446/1400 1522/1514/1465 1446/1439/1393
f 1522/1514/1465 1524/1516/1467 1443/1436/1390
f 1446/1439/1393 1522/1514/1465 1443/1436/1390
f 1524/1516/1467 1523/1515/1466 1525/1517/1468
f 1523/1515/1466 1208/1200/991 1526/1518/1469
f 1523/1515/1466 1526/1518/1469 1525/1517/1468
f 1208/1200/991 1527/1519/1470 1526/1518/1469
f 1527/1519/1470 1208/1200/991 1203/1194/1162
f 1203/1194/1162 1200/1195/1163 1527/1519/1470
f 1524/1516/1467 1525/1517/1468 1441/1434/1388
f 1443/1436/1390 1524/1516/1467 1441/1434/1388
f 1525/1517/1468 1526/1518/1469 1528/1520/1471
f 1529/1521/1472 1526/1518/1469 1527/1519/1470
f 1526/1518/1469 1529/1521/1472 1528/1520/1471
f 1530/1522/1473 1527/1519/1470 1200/1195/1163
f 1527/1519/1470 1530/1522/1473 1529/1521/1472
f 1525/1517/1468 1528/1520/1471 1439/1432/1386
f 1441/1434/1388 1525/1517/1468 1439/1432/1386
f 1435/1428/1382 1528/1520/1471 1529/1521/1472
f 1531/1523/1474 1529/1521/1472 1530/1522/1473
f 1529/1521/1472 1531/1523/1474 1435/1428/1382
f 1528/1520/1471 1435/1428/1382 1436/1429/1383
f 1439/1432/1386 1528/1520/1471 1436/1429/1383
f 1432/1427/1381 1435/1428/1382 1531/1523/1474
f 1063/1052/1027 1065/1055/1030 1532/1524/1475
f 1533/1525/1476 1532/1524/1475 1065/1055/1030
f 1064/1054/1029 1063/1052/1027 1534/1526/1477
f 1532/1524/1475 1534/1526/1477 1063/1052/1027
f 1534/1526/1477 1535/1527/1478 1064/1054/1029
f 1535/1527/1478 1061/1051/1026 1064/1054/1029
f 1532/1524/1475 1533/1525/1476 1537/1528/1479
f 1536/1529/1480 1537/1528/1479 1533/1525/1476
f 1061/1051/1026 1535/1527/1478 1538/1530/1481
f 1061/1051/1026 1538/1530/1481 1057/1047/1022
f 1157/1148/1118 1057/1047/1022 1538/1530/1481
f 1538/1530/1481 1162/1154/1124 1157/1148/1118
f 1162/1154/1124 1538/1530/1481 1535/1527/1478
f 1539/1531/1482 1162/1154/1124 1535/1527/1478
f 1534/1526/1477 1539/1531/1482 1535/1527/1478
f 1539/1531/1482 1540/1532/1206 1162/1154/1124
f 1164/1156/1126 1162/1154/1124 1540/1532/1206
f 1541/1533/1483 1539/1531/1482 1534/1526/1477
f 1534/1526/1477 1532/1524/1475 1541/1533/1483
f 1542/1534/1484 1540/1532/1206 1539/1531/1482
f 1541/1533/1483 1542/1534/1484 1539/1531/1482
f 1540/1532/1206 1543/1535/1485 1164/1156/1126
f 1165/1157/1127 1164/1156/1126 1543/1535/1485
f 1542/1534/1484 1544/1536/1136 1540/1532/1206
f 1543/1535/1485 1540/1532/1206 1544/1536/1136
f 1541/1533/1483 1545/1537/1486 1542/1534/1484
f 1545/1537/1486 1544/1536/1136 1542/1534/1484
f 1546/1538/1487 1541/1533/1483 1532/1524/1475
f 1545/1537/1486 1541/1533/1483 1546/1538/1487
f 1537/1528/1479 1546/1538/1487 1532/1524/1475
f 1545/1537/1486 1547/1539/1488 1544/1536/1136
f 1547/1539/1488 1543/1535/1485 1544/1536/1136
f 1548/1540/1489 1546/1538/1487 1537/1528/1479
f 1537/1528/1479 1536/1529/1480 1548/1540/1489
f 1549/1541/1490 1545/1537/1486 1546/1538/1487
f 1546/1538/1487 1548/1540/1489 1549/1541/1490
f 1550/1542/1491 1547/1539/1488 1545/1537/1486
f 1549/1541/1490 1550/1542/1491 1545/1537/1486
f 1547/1539/1488 1551/1543/1492 1543/1535/1485
f 1551/1543/1492 1165/1157/1127 1543/1535/1485
f 1550/1542/1491 1552/1544/1240 1547/1539/1488
f 1552/1544/1240 1551/1543/1492 1547/1539/1488
f 1551/1543/1492 1553/1545/1493 1165/1157/1127
f 1167/1159/1129 1165/1157/1127 1553/1545/1493
f 1552/1544/1240 1554/1546/1494 1551/1543/1492
f 1554/1546/1494 1553/1545/1493 1551/1543/1492
f 1175/1167/1136 1167/1159/1129 1553/1545/1493
f 1554/1546/1494 1175/1167/1136 1553/1545/1493
f 1555/1547/1495 1552/1544/1240 1550/1542/1491
f 1556/1548/1496 1554/1546/1494 1552/1544/1240
f 1555/1547/1495 1556/1548/1496 1552/1544/1240
f 1556/1548/1496 1557/1549/1497 1554/1546/1494
f 1557/1549/1497 1175/1167/1136 1554/1546/1494
f 1558/1550/1498 1556/1548/1496 1555/1547/1495
f 1557/1549/1497 1559/1551/1175 1175/1167/1136
f 1559/1551/1175 1174/1166/1135 1175/1167/1136
f 1559/1551/1175 1177/1169/1138 1174/1166/1135
f 1560/1552/1499 1557/1549/1497 1556/1548/1496
f 1558/1550/1498 1560/1552/1499 1556/1548/1496
f 1561/1553/1500 1559/1551/1175 1557/1549/1497
f 1560/1552/1499 1561/1553/1500 1557/1549/1497
f 1562/1554/1501 1177/1169/1138 1559/1551/1175
f 1561/1553/1500 1562/1554/1501 1559/1551/1175
f 1562/1554/1501 1563/1555/1502 1177/1169/1138
f 1563/1555/1502 1173/1165/1134 1177/1169/1138
f 1564/1556/1503 1562/1554/1501 1561/1553/1500
f 1563/1555/1502 1565/1557/1504 1173/1165/1134
f 1176/1168/1137 1173/1165/1134 1565/1557/1504
f 1566/1558/1505 1563/1555/1502 1562/1554/1501
f 1564/1556/1503 1566/1558/1505 1562/1554/1501
f 1567/1559/1506 1565/1557/1504 1563/1555/1502
f 1566/1558/1505 1567/1559/1506 1563/1555/1502
f 1568/1560/1507 1176/1168/1137 1565/1557/1504
f 1567/1559/1506 1568/1560/1507 1565/1557/1504
f 1568/1560/1507 1179/1171/1140 1176/1168/1137
f 1569/1561/1114 1564/1556/1503 1561/1553/1500
f 1569/1561/1114 1561/1553/1500 1560/1552/1499
f 1298/1290/1254 1179/1171/1140 1568/1560/1507
f 1298/1290/1254 1186/1178/1147 1179/1171/1140
f 1299/1291/1255 1568/1560/1507 1567/1559/1506
f 1299/1291/1255 1298/1290/1254 1568/1560/1507
f 1302/1294/1258 1299/1291/1255 1567/1559/1506
f 1302/1294/1258 1567/1559/1506 1566/1558/1505
f 1358/1350/1310 1320/1312/1275 1570/1562/1508
f 1570/1562/1508 1320/1312/1275 1315/1307/1270
f 1571/1563/1509 1358/1350/1310 1570/1562/1508
f 1359/1351/1021 1358/1350/1310 1571/1563/1509
f 1572/1564/1510 1359/1351/1021 1571/1563/1509
f 1570/1562/1508 1315/1307/1270 1573/1565/1511
f 1573/1565/1511 1315/1307/1270 1310/1302/1266
f 1571/1563/1509 1570/1562/1508 1574/1566/1512
f 1574/1566/1512 1570/1562/1508 1573/1565/1511
f 1572/1564/1510 1571/1563/1509 1575/1567/1513
f 1575/1567/1513 1571/1563/1509 1574/1566/1512
f 1576/1568/1514 1572/1564/1510 1575/1567/1513
f 1573/1565/1511 1310/1302/1266 1577/1569/1515
f 1577/1569/1515 1310/1302/1266 1308/1300/1264
f 1574/1566/1512 1573/1565/1511 1578/1570/1516
f 1578/1570/1516 1573/1565/1511 1577/1569/1515
f 1575/1567/1513 1574/1566/1512 1579/1571/1517
f 1579/1571/1517 1574/1566/1512 1578/1570/1516
f 1576/1568/1514 1575/1567/1513 1580/1572/1518
f 1580/1572/1518 1575/1567/1513 1579/1571/1517
f 1580/1572/1518 1581/1573/1519 1576/1568/1514
f 1577/1569/1515 1308/1300/1264 1582/1574/1520
f 1582/1574/1520 1308/1300/1264 1305/1297/1261
f 1578/1570/1516 1577/1569/1515 1583/1575/1521
f 1583/1575/1521 1577/1569/1515 1582/1574/1520
f 1581/1573/1519 1580/1572/1518 1584/1576/1522
f 1585/1577/1523 1578/1570/1516 1583/1575/1521
f 1579/1571/1517 1578/1570/1516 1585/1577/1523
f 1580/1572/1518 1579/1571/1517 1586/1578/1524
f 1586/1578/1524 1584/1576/1522 1580/1572/1518
f 1586/1578/1524 1579/1571/1517 1585/1577/1523
f 1584/1576/1522 1586/1578/1524 1587/1579/1525
f 1586/1578/1524 1585/1577/1523 1588/1580/1526
f 1588/1580/1526 1587/1579/1525 1586/1578/1524
f 1588/1580/1526 1585/1577/1523 1589/1581/1527
f 1585/1577/1523 1583/1575/1521 1589/1581/1527
f 1587/1579/1525 1588/1580/1526 1590/1582/1528
f 1591/1583/1529 1590/1582/1528 1588/1580/1526
f 1588/1580/1526 1589/1581/1527 1591/1583/1529
f 1590/1582/1528 1591/1583/1529 1592/1584/1530
f 1504/1496/1449 1480/1473/1426 1482/1475/1428
f 1481/1474/1427 1477/1470/1423 1594/1585/1531
f 1477/1470/1423 1463/1456/1409 1595/1586/1532
f 1595/1586/1532 1594/1585/1531 1477/1470/1423
f 1463/1456/1409 1464/1457/1410 1595/1586/1532
f 1595/1586/1532 1464/1457/1410 1596/1587/1533
f 1596/1587/1533 1464/1457/1410 1465/1458/1411
f 1597/1588/1479 1595/1586/1532 1596/1587/1533
f 1594/1585/1531 1595/1586/1532 1597/1588/1479
f 1594/1585/1531 1598/1589/1534 1481/1474/1427
f 1593/1590/1535 1481/1474/1427 1598/1589/1534
f 1594/1585/1531 1597/1588/1479 1599/1591/1536
f 1598/1589/1534 1594/1585/1531 1600/1592/1537
f 1599/1591/1536 1600/1592/1537 1594/1585/1531
f 1605/1593/1538 1606/1594/1539 1607/1595/1540
f 1608/1596/1541 1607/1595/1540 1606/1594/1539
f 1609/1597/1542 1610/1598/1543 1611/1599/1544
f 1612/1600/1545 1610/1598/1543 1609/1597/1542
f 1612/1600/1545 1044/1034/1009 1610/1598/1543
f 1042/1033/1008 1610/1598/1543 1044/1034/1009
f 1610/1598/1543 1042/1033/1008 1613/1601/1546
f 1610/1598/1543 1613/1601/1546 1611/1599/1544
f 1040/1031/1006 1613/1601/1546 1042/1033/1008
f 1613/1601/1546 1040/1031/1006 1614/1602/1547
f 1041/1032/1007 1614/1602/1547 1040/1031/1006
f 1611/1599/1544 1613/1601/1546 1615/1603/1548
f 1613/1601/1546 1614/1602/1547 1615/1603/1548
f 1614/1602/1547 1041/1032/1007 1616/1604/1549
f 1615/1603/1548 1614/1602/1547 1616/1604/1549
f 1041/1032/1007 1617/1605/1550 1616/1604/1549
f 1617/1605/1550 1041/1032/1007 1046/1037/1012
f 1615/1603/1548 1616/1604/1549 1618/1606/1551
f 1619/1607/1552 1616/1604/1549 1617/1605/1550
f 1616/1604/1549 1619/1607/1552 1618/1606/1551
f 1620/1608/1553 1618/1606/1551 1619/1607/1552
f 1618/1606/1551 1620/1608/1553 1622/1609/1554
f 1621/1610/1555 1622/1609/1554 1620/1608/1553
f 1622/1609/1554 1615/1603/1548 1618/1606/1551
f 1066/1245/1189 1623/1611/1556 1621/1610/1555
f 1622/1609/1554 1621/1610/1555 1623/1611/1556
f 1623/1611/1556 1066/1245/1189 1253/1244/1210
f 1615/1603/1548 1622/1609/1554 1624/1612/1557
f 1623/1611/1556 1624/1612/1557 1622/1609/1554
f 1611/1599/1544 1615/1603/1548 1624/1612/1557
f 1253/1244/1210 1625/1613/1558 1623/1611/1556
f 1624/1612/1557 1623/1611/1556 1625/1613/1558
f 1625/1613/1558 1253/1244/1210 1252/1243/1209
f 1626/1614/1116 1611/1599/1544 1624/1612/1557
f 1626/1614/1116 1624/1612/1557 1625/1613/1558
f 1609/1597/1542 1611/1599/1544 1626/1614/1116
f 1627/1615/1559 1625/1613/1558 1252/1243/1209
f 1627/1615/1559 1626/1614/1116 1625/1613/1558
f 1254/1246/1211 1627/1615/1559 1252/1243/1209
f 1628/1616/1560 1609/1597/1542 1626/1614/1116
f 1628/1616/1560 1626/1614/1116 1627/1615/1559
f 1629/1617/1561 1609/1597/1542 1628/1616/1560
f 1630/1618/1562 1627/1615/1559 1254/1246/1211
f 1630/1618/1562 1628/1616/1560 1627/1615/1559
f 1631/1619/1563 1630/1618/1562 1254/1246/1211
f 1254/1246/1211 1257/1249/1214 1631/1619/1563
f 1632/1620/1564 1628/1616/1560 1630/1618/1562
f 1632/1620/1564 1629/1617/1561 1628/1616/1560
f 1633/1621/1565 1630/1618/1562 1631/1619/1563
f 1633/1621/1565 1632/1620/1564 1630/1618/1562
f 1634/1622/1566 1631/1619/1563 1257/1249/1214
f 1257/1249/1214 1259/1251/1216 1634/1622/1566
f 1635/1623/1303 1633/1621/1565 1631/1619/1563
f 1631/1619/1563 1634/1622/1566 1635/1623/1303
f 1636/1624/1567 1632/1620/1564 1633/1621/1565
f 1636/1624/1567 1629/1617/1561 1632/1620/1564
f 1637/1625/1568 1633/1621/1565 1635/1623/1303
f 1637/1625/1568 1636/1624/1567 1633/1621/1565
f 1638/1626/1569 1635/1623/1303 1634/1622/1566
f 1638/1626/1569 1637/1625/1568 1635/1623/1303
f 1639/1627/1570 1634/1622/1566 1259/1251/1216
f 1639/1627/1570 1638/1626/1569 1634/1622/1566
f 1264/1256/1221 1639/1627/1570 1259/1251/1216
f 1640/1628/1571 1637/1625/1568 1638/1626/1569
f 1641/1629/1572 1639/1627/1570 1264/1256/1221
f 1271/1263/1228 1641/1629/1572 1264/1256/1221
f 1642/1630/1573 1638/1626/1569 1639/1627/1570
f 1642/1630/1573 1640/1628/1571 1638/1626/1569
f 1641/1629/1572 1642/1630/1573 1639/1627/1570
f 1640/1628/1571 1643/1631/1574 1637/1625/1568
f 1643/1631/1574 1636/1624/1567 1637/1625/1568
f 1644/1632/1575 1640/1628/1571 1642/1630/1573
f 1644/1632/1575 1643/1631/1574 1640/1628/1571
f 1645/1633/1576 1642/1630/1573 1641/1629/1572
f 1645/1633/1576 1644/1632/1575 1642/1630/1573
f 1646/1634/1577 1641/1629/1572 1271/1263/1228
f 1646/1634/1577 1645/1633/1576 1641/1629/1572
f 1286/1278/1243 1646/1634/1577 1271/1263/1228
f 1294/1286/1251 1646/1634/1577 1286/1278/1243
f 1294/1286/1251 1647/1635/1490 1646/1634/1577
f 1647/1635/1490 1645/1633/1576 1646/1634/1577
f 1294/1286/1251 1648/1636/1578 1647/1635/1490
f 1648/1636/1578 1649/1637/1579 1647/1635/1490
f 1647/1635/1490 1649/1637/1579 1645/1633/1576
f 1649/1637/1579 1644/1632/1575 1645/1633/1576
f 1649/1637/1579 1650/1638/1116 1644/1632/1575
f 1650/1638/1116 1649/1637/1579 1651/1639/1580
f 1643/1631/1574 1644/1632/1575 1650/1638/1116
f 1651/1639/1580 1029/1020/995 1650/1638/1116
f 1650/1638/1116 1029/1020/995 1643/1631/1574
f 1029/1020/995 1652/1640/1581 1643/1631/1574
f 1029/1020/995 1027/1018/993 1652/1640/1581
f 1653/1641/1582 1643/1631/1574 1652/1640/1581
f 1643/1631/1574 1653/1641/1582 1636/1624/1567
f 1629/1617/1561 1636/1624/1567 1653/1641/1582
f 1652/1640/1581 1654/1642/1583 1653/1641/1582
f 1654/1642/1583 1652/1640/1581 1027/1018/993
f 1653/1641/1582 1654/1642/1583 1629/1617/1561
f 1028/1019/994 1654/1642/1583 1027/1018/993
f 1654/1642/1583 1612/1600/1545 1629/1617/1561
f 1629/1617/1561 1612/1600/1545 1609/1597/1542
f 1654/1642/1583 1028/1019/994 1655/1643/1584
f 1655/1643/1584 1612/1600/1545 1654/1642/1583
f 1028/1019/994 1026/1016/991 1655/1643/1584
f 1612/1600/1545 1655/1643/1584 1656/1644/1585
f 1655/1643/1584 1026/1016/991 1656/1644/1585
f 1044/1034/1009 1612/1600/1545 1656/1644/1585
f 1026/1016/991 1031/1021/996 1656/1644/1585
f 1656/1644/1585 1031/1021/996 1044/1034/1009
f 1662/1645/1586 1548/1540/1489 1536/1529/1480
f 1548/1540/1489 1662/1645/1586 1663/1646/1587
f 1661/1647/1588 1663/1646/1587 1662/1645/1586
f 1663/1646/1587 1549/1541/1490 1548/1540/1489
f 1660/1648/1589 1664/1649/1590 1661/1647/1588
f 1663/1646/1587 1661/1647/1588 1664/1649/1590
f 1549/1541/1490 1663/1646/1587 1665/1650/1591
f 1664/1649/1590 1665/1650/1591 1663/1646/1587
f 1665/1650/1591 1550/1542/1491 1549/1541/1490
f 1665/1650/1591 1555/1547/1495 1550/1542/1491
f 1666/1651/1433 1555/1547/1495 1665/1650/1591
f 1665/1650/1591 1664/1649/1590 1666/1651/1433
f 1666/1651/1433 1558/1550/1498 1555/1547/1495
f 1664/1649/1590 1660/1648/1589 1667/1652/1592
f 1667/1652/1592 1666/1651/1433 1664/1649/1590
f 1659/1653/587 1667/1652/1592 1660/1648/1589
f 1668/1654/1593 1558/1550/1498 1666/1651/1433
f 1666/1651/1433 1667/1652/1592 1668/1654/1593
f 1667/1652/1592 1659/1653/587 1669/1655/1594
f 1669/1655/1594 1668/1654/1593 1667/1652/1592
f 1669/1655/1594 1659/1653/587 1670/1656/1595
f 1670/1656/1595 1671/1657/1596 1669/1655/1594
f 1668/1654/1593 1669/1655/1594 1671/1657/1596
f 1668/1654/1593 1672/1658/1597 1558/1550/1498
f 1671/1657/1596 1672/1658/1597 1668/1654/1593
f 1672/1658/1597 1560/1552/1499 1558/1550/1498
f 1672/1658/1597 1569/1561/1114 1560/1552/1499
f 1671/1657/1596 1673/1659/1598 1672/1658/1597
f 1673/1659/1598 1569/1561/1114 1672/1658/1597
f 1671/1657/1596 1670/1656/1595 1674/1660/1599
f 1674/1660/1599 1673/1659/1598 1671/1657/1596
f 1658/1661/1600 1674/1660/1599 1670/1656/1595
f 1673/1659/1598 1675/1662/1601 1569/1561/1114
f 1675/1662/1601 1564/1556/1503 1569/1561/1114
f 1674/1660/1599 1676/1663/1602 1673/1659/1598
f 1676/1663/1602 1675/1662/1601 1673/1659/1598
f 1674/1660/1599 1658/1661/1600 1677/1664/1603
f 1677/1664/1603 1676/1663/1602 1674/1660/1599
f 1657/1665/1604 1677/1664/1603 1658/1661/1600
f 1675/1662/1601 1678/1666/1337 1564/1556/1503
f 1678/1666/1337 1566/1558/1505 1564/1556/1503
f 1678/1666/1337 1302/1294/1258 1566/1558/1505
f 1679/1667/1605 1678/1666/1337 1675/1662/1601
f 1676/1663/1602 1679/1667/1605 1675/1662/1601
f 1680/1668/1606 1302/1294/1258 1678/1666/1337
f 1679/1667/1605 1680/1668/1606 1678/1666/1337
f 1680/1668/1606 1301/1293/1257 1302/1294/1258
f 1681/1669/1607 1679/1667/1605 1676/1663/1602
f 1677/1664/1603 1681/1669/1607 1676/1663/1602
f 1682/1670/1608 1680/1668/1606 1679/1667/1605
f 1681/1669/1607 1682/1670/1608 1679/1667/1605
f 1683/1671/1609 1301/1293/1257 1680/1668/1606
f 1682/1670/1608 1683/1671/1609 1680/1668/1606
f 1683/1671/1609 1305/1297/1261 1301/1293/1257
f 1582/1574/1520 1305/1297/1261 1683/1671/1609
f 1684/1672/1610 1582/1574/1520 1683/1671/1609
f 1684/1672/1610 1683/1671/1609 1682/1670/1608
f 1583/1575/1521 1582/1574/1520 1684/1672/1610
f 1589/1581/1527 1583/1575/1521 1684/1672/1610
f 1685/1673/1461 1684/1672/1610 1682/1670/1608
f 1589/1581/1527 1684/1672/1610 1685/1673/1461
f 1685/1673/1461 1682/1670/1608 1681/1669/1607
f 1591/1583/1529 1589/1581/1527 1685/1673/1461
f 1686/1674/1611 1685/1673/1461 1681/1669/1607
f 1591/1583/1529 1685/1673/1461 1686/1674/1611
f 1686/1674/1611 1681/1669/1607 1677/1664/1603
f 1686/1674/1611 1592/1584/1530 1591/1583/1529
f 1677/1664/1603 1657/1665/1604 1686/1674/1611
f 1592/1584/1530 1686/1674/1611 1657/1665/1604
f 1687/1675/1612 1503/1495/1448 1504/1496/1449
f 1502/1494/1447 1503/1495/1448 1687/1675/1612
f 1688/1676/1613 1689/1677/1614 1502/1494/1447
f 1690/1678/1615 1502/1494/1447 1689/1677/1614
f 1502/1494/1447 1690/1678/1615 1498/1490/1443
f 1501/1493/1446 1498/1490/1443 1690/1678/1615
f 1691/1679/692 1485/1478/1431 1692/1680/692
f 1499/1491/1444 1692/1680/692 1485/1478/1431
f 1692/1680/692 1499/1491/1444 1693/1681/1616
f 1501/1493/1446 1693/1681/1616 1499/1491/1444
f 1648/1636/1578 1294/1286/1251 1293/1285/1250
f 1293/1285/1250 1296/1288/1252 1648/1636/1578
f 1694/1682/1617 1697/1683/1618 1696/1684/1619
f 1291/1283/1248 1698/1685/1620 1695/1686/1621
f 1697/1683/1618 1695/1686/1621 1698/1685/1620
f 1698/1685/1620 1291/1283/1248 1699/1687/1622
f 1291/1283/1248 1282/1274/1239 1699/1687/1622
f 1699/1687/1622 1282/1274/1239 1278/1270/1235
f 1699/1687/1622 1278/1270/1235 1280/1272/1237
f 1698/1685/1620 1699/1687/1622 1280/1272/1237
f 1697/1683/1618 1698/1685/1620 1700/1688/1623
f 1280/1272/1237 1700/1688/1623 1698/1685/1620
f 1701/1689/1624 1697/1683/1618 1700/1688/1623
f 1701/1689/1624 1696/1684/1619 1697/1683/1618
f 1700/1688/1623 1280/1272/1237 1702/1690/1625
f 1702/1690/1625 1280/1272/1237 1279/1271/1236
f 1701/1689/1624 1700/1688/1623 1703/1691/1626
f 1702/1690/1625 1703/1691/1626 1700/1688/1623
f 1696/1684/1619 1701/1689/1624 1704/1692/1627
f 1279/1271/1236 1705/1693/1628 1702/1690/1625
f 1703/1691/1626 1702/1690/1625 1705/1693/1628
f 1706/1694/1629 1701/1689/1624 1703/1691/1626
f 1706/1694/1629 1704/1692/1627 1701/1689/1624
f 1705/1693/1628 1707/1695/1630 1703/1691/1626
f 1706/1694/1629 1703/1691/1626 1707/1695/1630
f 1705/1693/1628 1279/1271/1236 1708/1696/1631
f 1426/1419/1373 1706/1694/1629 1707/1695/1630
f 1707/1695/1630 1705/1693/1628 1709/1697/1632
f 1708/1696/1631 1709/1697/1632 1705/1693/1628
f 1709/1697/1632 1423/1416/1370 1707/1695/1630
f 1426/1419/1373 1707/1695/1630 1423/1416/1370
f 1708/1696/1631 1279/1271/1236 1710/1698/1633
f 1279/1271/1236 1275/1267/1232 1710/1698/1633
f 1710/1698/1633 1275/1267/1232 1084/1073/1048
f 1710/1698/1633 1711/1699/1634 1708/1696/1631
f 1709/1697/1632 1708/1696/1631 1711/1699/1634
f 1084/1073/1048 1712/1700/1635 1710/1698/1633
f 1711/1699/1634 1710/1698/1633 1712/1700/1635
f 1711/1699/1634 1422/1415/1369 1709/1697/1632
f 1423/1416/1370 1709/1697/1632 1422/1415/1369
f 1712/1700/1635 1713/1701/1636 1711/1699/1634
f 1422/1415/1369 1711/1699/1634 1713/1701/1636
f 1712/1700/1635 1084/1073/1048 1714/1702/1637
f 1714/1702/1637 1084/1073/1048 1082/1071/1046
f 1714/1702/1637 1082/1071/1046 1087/1076/1051
f 1714/1702/1637 1715/1703/1638 1712/1700/1635
f 1713/1701/1636 1712/1700/1635 1715/1703/1638
f 1716/1704/1639 1714/1702/1637 1087/1076/1051
f 1715/1703/1638 1714/1702/1637 1716/1704/1639
f 1716/1704/1639 1087/1076/1051 1217/1208/1175
f 1715/1703/1638 1716/1704/1639 1223/1214/1181
f 1223/1214/1181 1716/1704/1639 1217/1208/1175
f 1713/1701/1636 1715/1703/1638 1415/1408/1362
f 1415/1408/1362 1715/1703/1638 1223/1214/1181
f 1417/1410/1364 1713/1701/1636 1415/1408/1362
f 1422/1415/1369 1713/1701/1636 1417/1410/1364
f 1704/1692/1627 1706/1694/1629 1717/1705/1640
f 1426/1419/1373 1717/1705/1640 1706/1694/1629
f 1717/1705/1640 1426/1419/1373 1718/1706/743
f 1719/1707/1641 1718/1706/743 1426/1419/1373
f 1426/1419/1373 1424/1417/1371 1719/1707/1641
f 1428/1421/1375 1719/1707/1641 1424/1417/1371
f 1719/1707/1641 1428/1421/1375 1720/1708/1642
f 1429/1422/1376 1720/1708/1642 1428/1421/1375
f 1718/1706/743 1719/1707/1641 1721/1709/1643
f 1720/1708/1642 1721/1709/1643 1719/1707/1641
f 1720/1708/1642 1429/1422/1376 1722/1710/1644
f 1485/1478/1431 1722/1710/1644 1429/1422/1376
f 1721/1709/1643 1720/1708/1642 1723/1711/1645
f 1722/1710/1644 1723/1711/1645 1720/1708/1642
f 1723/1711/1645 1722/1710/1644 1691/1679/692
f 1485/1478/1431 1691/1679/692 1722/1710/1644
f 1725/1712/1646 1648/1636/1578 1296/1288/1252
f 1726/1713/1647 1727/1714/1648 1651/1639/1580
f 1728/1715/1649 1651/1639/1580 1727/1714/1648
f 1648/1636/1578 1726/1713/1647 1649/1637/1579
f 1726/1713/1647 1651/1639/1580 1649/1637/1579
f 1651/1639/1580 1728/1715/1649 1730/1716/1650
f 1729/1717/1651 1730/1716/1650 1728/1715/1649
f 1029/1020/995 1651/1639/1580 1730/1716/1650
f 1731/1718/1652 1729/1717/1651 1724/1719/1653
f 1730/1716/1650 1729/1717/1651 1732/1720/1654
f 1731/1718/1652 1732/1720/1654 1729/1717/1651
f 1023/1014/989 1730/1716/1650 1732/1720/1654
f 1730/1716/1650 1023/1014/989 1029/1020/995
f 1021/1012/987 1023/1014/989 1732/1720/1654
f 1732/1720/1654 1731/1718/1652 1021/1012/987
f 1733/1721/829 1731/1718/1652 1724/1719/1653
f 1731/1718/1652 1735/1722/1655 1021/1012/987
f 1731/1718/1652 1734/1723/1656 1735/1722/1655
f 1736/1724/1657 1735/1722/1655 1734/1723/1656
f 1735/1722/1655 1736/1724/1657 1737/1725/1658
f 1020/1010/985 1021/1012/987 1735/1722/1655
f 1735/1722/1655 1737/1725/1658 1020/1010/985
f 1737/1725/1658 1018/1011/986 1020/1010/985
f 1738/1726/1659 1740/1727/1660 1608/1596/1541
f 1607/1595/1540 1608/1596/1541 1740/1727/1660
f 1740/1727/1660 1738/1726/1659 1741/1728/1661
f 1739/1729/1662 1741/1728/1661 1738/1726/1659
f 1740/1727/1660 1742/1730/1663 1607/1595/1540
f 1741/1728/1661 1743/1731/1448 1740/1727/1660
f 1742/1730/1663 1740/1727/1660 1743/1731/1448
f 1744/1732/1664 1607/1595/1540 1742/1730/1663
f 1607/1595/1540 1744/1732/1664 1605/1593/1538
f 1745/1733/1665 1605/1593/1538 1744/1732/1664
f 1605/1593/1538 1745/1733/1665 1604/1734/1666
f 1742/1730/1663 1746/1735/1667 1744/1732/1664
f 1743/1731/1448 1747/1736/1668 1742/1730/1663
f 1742/1730/1663 1747/1736/1668 1746/1735/1667
f 1748/1737/1669 1604/1734/1666 1745/1733/1665
f 1604/1734/1666 1748/1737/1669 1603/1738/1670
f 1744/1732/1664 1749/1739/1671 1745/1733/1665
f 1744/1732/1664 1746/1735/1667 1749/1739/1671
f 1745/1733/1665 1750/1740/1672 1748/1737/1669
f 1745/1733/1665 1749/1739/1671 1750/1740/1672
f 1751/1741/1673 1603/1738/1670 1748/1737/1669
f 1603/1738/1670 1751/1741/1673 1602/1742/1674
f 1748/1737/1669 1750/1740/1672 1752/1743/1675
f 1748/1737/1669 1752/1743/1675 1751/1741/1673
f 1749/1739/1671 1753/1744/1043 1750/1740/1672
f 1754/1745/1676 1602/1742/1674 1751/1741/1673
f 1602/1742/1674 1754/1745/1676 1601/1746/1677
f 1751/1741/1673 1752/1743/1675 1755/1747/1599
f 1751/1741/1673 1755/1747/1599 1754/1745/1676
f 1750/1740/1672 1756/1748/1678 1752/1743/1675
f 1750/1740/1672 1753/1744/1043 1756/1748/1678
f 1752/1743/1675 1757/1749/1679 1755/1747/1599
f 1752/1743/1675 1756/1748/1678 1757/1749/1679
f 1576/1568/1514 1601/1746/1677 1754/1745/1676
f 1601/1746/1677 1576/1568/1514 1581/1573/1519
f 1754/1745/1676 1755/1747/1599 1572/1564/1510
f 1754/1745/1676 1572/1564/1510 1576/1568/1514
f 1755/1747/1599 1757/1749/1679 1359/1351/1021
f 1755/1747/1599 1359/1351/1021 1572/1564/1510
f 1756/1748/1678 1758/1750/1680 1757/1749/1679
f 1757/1749/1679 1357/1349/1309 1359/1351/1021
f 1757/1749/1679 1758/1750/1680 1357/1349/1309
f 1756/1748/1678 1759/1751/1681 1758/1750/1680
f 1753/1744/1043 1759/1751/1681 1756/1748/1678
f 1758/1750/1680 1354/1346/1307 1357/1349/1309
f 1759/1751/1681 1352/1344/1305 1758/1750/1680
f 1758/1750/1680 1352/1344/1305 1354/1346/1307
f 1759/1751/1681 1353/1345/1306 1352/1344/1305
f 1753/1744/1043 1760/1752/1682 1759/1751/1681
f 1760/1752/1682 1353/1345/1306 1759/1751/1681
f 1761/1753/1683 1760/1752/1682 1753/1744/1043
f 1749/1739/1671 1761/1753/1683 1753/1744/1043
f 1746/1735/1667 1761/1753/1683 1749/1739/1671
f 1746/1735/1667 1762/1754/1684 1761/1753/1683
f 1747/1736/1668 1762/1754/1684 1746/1735/1667
f 1761/1753/1683 1763/1755/1685 1760/1752/1682
f 1762/1754/1684 1763/1755/1685 1761/1753/1683
f 1760/1752/1682 1355/1347/1231 1353/1345/1306
f 1763/1755/1685 1355/1347/1231 1760/1752/1682
f 1762/1754/1684 1764/1756/1686 1763/1755/1685
f 1763/1755/1685 1361/1353/1311 1355/1347/1231
f 1764/1756/1686 1361/1353/1311 1763/1755/1685
f 1765/1757/1687 1764/1756/1686 1762/1754/1684
f 1747/1736/1668 1765/1757/1687 1762/1754/1684
f 1764/1756/1686 1363/1355/1312 1361/1353/1311
f 1766/1758/1688 1765/1757/1687 1747/1736/1668
f 1743/1731/1448 1766/1758/1688 1747/1736/1668
f 1765/1757/1687 1366/1358/1315 1764/1756/1686
f 1366/1358/1315 1363/1355/1312 1764/1756/1686
f 1766/1758/1688 1767/1759/1689 1765/1757/1687
f 1767/1759/1689 1366/1358/1315 1765/1757/1687
f 1768/1760/1690 1766/1758/1688 1743/1731/1448
f 1743/1731/1448 1741/1728/1661 1768/1760/1690
f 1769/1761/1691 1767/1759/1689 1766/1758/1688
f 1768/1760/1690 1769/1761/1691 1766/1758/1688
f 1769/1761/1691 1456/1449/1403 1767/1759/1689
f 1455/1448/1402 1456/1449/1403 1769/1761/1691
f 1466/1459/1412 1455/1448/1402 1769/1761/1691
f 1466/1459/1412 1769/1761/1691 1768/1760/1690
f 1770/1762/1692 1768/1760/1690 1741/1728/1661
f 1768/1760/1690 1770/1762/1692 1466/1459/1412
f 1741/1728/1661 1739/1729/1662 1770/1762/1692
f 1456/1449/1403 1367/1359/1316 1767/1759/1689
f 1767/1759/1689 1367/1359/1316 1366/1358/1315
f 1456/1449/1403 1449/1442/1396 1367/1359/1316
f 1449/1442/1396 1368/1360/1317 1367/1359/1316
f 1771/1763/880 1466/1459/1412 1770/1762/1692
f 1770/1762/1692 1739/1729/1662 1771/1763/880
f 1466/1459/1412 1771/1763/880 1462/1455/1408
f 1465/1458/1411 1462/1455/1408 1771/1763/880
f 1772/1764/1693 1773/1765/1694 1774/1766/1695
f 1775/1767/1696 1776/1768/1697 1777/1769/1698
f 1774/1766/1695 1778/1770/1699 1772/1764/1693
f 1778/1770/1699 1774/1766/1695 1779/1771/1700
f 1772/1764/1693 1780/1772/1701 1781/1773/1702
f 1780/1772/1701 1772/1764/1693 1778/1770/1699
f 1782/1774/1703 1781/1773/1702 1780/1772/1701
f 1781/1773/1702 1782/1774/1703 1783/1775/1704
f 1783/1775/1704 1784/1776/1705 1775/1767/1696
f 1784/1776/1705 1783/1775/1704 1782/1774/1703
f 1776/1768/1697 1775/1767/1696 1784/1776/1705
f 1785/1777/1706 1777/1769/1698 1776/1768/1697
f 1778/1770/1699 1786/1778/1707 1780/1772/1701
f 1779/1771/1700 1787/1779/1708 1778/1770/1699
f 1786/1778/1707 1778/1770/1699 1787/1779/1708
f 1787/1779/1708 1779/1771/1700 1788/1780/1709
f 1789/1781/1710 1780/1772/1701 1786/1778/1707
f 1780/1772/1701 1789/1781/1710 1782/1774/1703
f 1787/1779/1708 1790/1782/1711 1786/1778/1707
f 1788/1780/1709 1791/1783/1712 1787/1779/1708
f 1790/1782/1711 1787/1779/1708 1791/1783/1712
f 1791/1783/1712 1788/1780/1709 1792/1784/1713
f 1793/1785/1714 1786/1778/1707 1790/1782/1711
f 1786/1778/1707 1793/1785/1714 1789/1781/1710
f 1791/1783/1712 1794/1786/1715 1790/1782/1711
f 1792/1784/1713 1795/1787/1716 1791/1783/1712
f 1794/1786/1715 1791/1783/1712 1795/1787/1716
f 1795/1787/1716 1792/1784/1713 1796/1788/1717
f 1797/1789/1718 1790/1782/1711 1794/1786/1715
f 1790/1782/1711 1797/1789/1718 1793/1785/1714
f 1795/1787/1716 1798/1790/1719 1794/1786/1715
f 1796/1788/1717 1799/1791/1720 1795/1787/1716
f 1798/1790/1719 1795/1787/1716 1799/1791/1720
f 1799/1791/1720 1796/1788/1717 1800/1792/1721
f 1801/1793/1722 1794/1786/1715 1798/1790/1719
f 1794/1786/1715 1801/1793/1722 1797/1789/1718
f 1799/1791/1720 1802/1794/1723 1798/1790/1719
f 1800/1792/1721 1803/1795/1724 1799/1791/1720
f 1802/1794/1723 1799/1791/1720 1803/1795/1724
f 1803/1795/1724 1800/1792/1721 1804/1796/1725
f 1804/1796/1725 1805/1797/1726 1803/1795/1724
f 1805/1797/1726 1802/1794/1723 1803/1795/1724
f 1805/1797/1726 1804/1796/1725 1806/1798/1727
f 1807/1799/1728 1798/1790/1719 1802/1794/1723
f 1798/1790/1719 1807/1799/1728 1801/1793/1722
f 1802/1794/1723 1805/1797/1726 1808/1800/1729
f 1806/1798/1727 1809/1801/1730 1805/1797/1726
f 1809/1801/1730 1808/1800/1729 1805/1797/1726
f 1809/1801/1730 1806/1798/1727 1810/1802/1731
f 1811/1803/1732 1809/1801/1730 1810/1802/1731
f 1809/1801/1730 1811/1803/1732 1812/1804/1733
f 1811/1803/1732 1813/1805/1734 1812/1804/1733
f 1813/1805/1734 1814/1806/1735 1812/1804/1733
f 1814/1806/1735 1809/1801/1730 1812/1804/1733
f 1814/1806/1735 1813/1805/1734 1815/1807/1736
f 1808/1800/1729 1809/1801/1730 1816/1808/1737
f 1809/1801/1730 1814/1806/1735 1816/1808/1737
f 1817/1809/1738 1802/1794/1723 1808/1800/1729
f 1816/1808/1737 1817/1809/1738 1808/1800/1729
f 1802/1794/1723 1817/1809/1738 1807/1799/1728
f 1815/1807/1736 1818/1810/1739 1814/1806/1735
f 1818/1810/1739 1816/1808/1737 1814/1806/1735
f 1818/1810/1739 1815/1807/1736 1819/1811/1740
f 1817/1809/1738 1816/1808/1737 1820/1812/1741
f 1816/1808/1737 1818/1810/1739 1820/1812/1741
f 1819/1811/1740 1821/1813/1742 1818/1810/1739
f 1821/1813/1742 1820/1812/1741 1818/1810/1739
f 1821/1813/1742 1819/1811/1740 1822/1814/1743
f 1823/1815/1744 1821/1813/1742 1822/1814/1743
f 1820/1812/1741 1824/1816/1745 1817/1809/1738
f 1824/1816/1745 1807/1799/1728 1817/1809/1738
f 1820/1812/1741 1821/1813/1742 1825/1817/1746
f 1824/1816/1745 1820/1812/1741 1825/1817/1746
f 1821/1813/1742 1823/1815/1744 1826/1818/1747
f 1826/1818/1747 1825/1817/1746 1821/1813/1742
f 1823/1815/1744 1827/1819/1748 1826/1818/1747
f 1827/1819/1748 1823/1815/1744 1828/1820/1749
f 1825/1817/1746 1826/1818/1747 1829/1821/1750
f 1825/1817/1746 1830/1822/1751 1824/1816/1745
f 1830/1822/1751 1825/1817/1746 1829/1821/1750
f 1807/1799/1728 1824/1816/1745 1831/1823/1752
f 1830/1822/1751 1831/1823/1752 1824/1816/1745
f 1831/1823/1752 1801/1793/1722 1807/1799/1728
f 1826/1818/1747 1832/1824/1753 1829/1821/1750
f 1832/1824/1753 1826/1818/1747 1827/1819/1748
f 1829/1821/1750 1833/1825/1754 1830/1822/1751
f 1833/1825/1754 1829/1821/1750 1832/1824/1753
f 1801/1793/1722 1831/1823/1752 1834/1826/1755
f 1834/1826/1755 1797/1789/1718 1801/1793/1722
f 1831/1823/1752 1830/1822/1751 1835/1827/1756
f 1835/1827/1756 1834/1826/1755 1831/1823/1752
f 1836/1828/1757 1830/1822/1751 1833/1825/1754
f 1830/1822/1751 1836/1828/1757 1835/1827/1756
f 1797/1789/1718 1834/1826/1755 1837/1829/1758
f 1837/1829/1758 1793/1785/1714 1797/1789/1718
f 1834/1826/1755 1835/1827/1756 1838/1830/1759
f 1838/1830/1759 1837/1829/1758 1834/1826/1755
f 1839/1831/1760 1835/1827/1756 1836/1828/1757
f 1835/1827/1756 1839/1831/1760 1838/1830/1759
f 1793/1785/1714 1837/1829/1758 1840/1832/1761
f 1840/1832/1761 1789/1781/1710 1793/1785/1714
f 1837/1829/1758 1838/1830/1759 1841/1833/1762
f 1841/1833/1762 1840/1832/1761 1837/1829/1758
f 1842/1834/1763 1838/1830/1759 1839/1831/1760
f 1838/1830/1759 1842/1834/1763 1841/1833/1762
f 1789/1781/1710 1840/1832/1761 1843/1835/1764
f 1843/1835/1764 1782/1774/1703 1789/1781/1710
f 1782/1774/1703 1843/1835/1764 1784/1776/1705
f 1844/1836/1765 1843/1835/1764 1840/1832/1761
f 1840/1832/1761 1841/1833/1762 1844/1836/1765
f 1845/1837/1766 1784/1776/1705 1843/1835/1764
f 1843/1835/1764 1844/1836/1765 1845/1837/1766
f 1784/1776/1705 1845/1837/1766 1776/1768/1697
f 1841/1833/1762 1846/1838/1767 1844/1836/1765
f 1846/1838/1767 1845/1837/1766 1844/1836/1765
f 1846/1838/1767 1841/1833/1762 1842/1834/1763
f 1847/1839/1768 1776/1768/1697 1845/1837/1766
f 1845/1837/1766 1846/1838/1767 1847/1839/1768
f 1776/1768/1697 1847/1839/1768 1785/1777/1706
f 1846/1838/1767 1848/1840/1769 1847/1839/1768
f 1848/1840/1769 1785/1777/1706 1847/1839/1768
f 1842/1834/1763 1849/1841/1770 1846/1838/1767
f 1848/1840/1769 1846/1838/1767 1849/1841/1770
f 1849/1841/1770 1842/1834/1763 1850/1842/1771
f 1839/1831/1760 1850/1842/1771 1842/1834/1763
f 1785/1777/1706 1848/1840/1769 1851/1843/1772
f 1852/1844/1773 1785/1777/1706 1851/1843/1772
f 1851/1843/1772 1853/1845/1774 1852/1844/1773
f 1853/1845/1774 1851/1843/1772 1854/1846/1775
f 1848/1840/1769 1854/1846/1775 1851/1843/1772
f 1854/1846/1775 1855/1847/1776 1853/1845/1774
f 1849/1841/1770 1856/1848/1777 1848/1840/1769
f 1854/1846/1775 1848/1840/1769 1856/1848/1777
f 1855/1847/1776 1854/1846/1775 1857/1849/1778
f 1856/1848/1777 1857/1849/1778 1854/1846/1775
f 1857/1849/1778 1858/1850/1779 1855/1847/1776
f 1856/1848/1777 1849/1841/1770 1859/1851/1780
f 1850/1842/1771 1859/1851/1780 1849/1841/1770
f 1857/1849/1778 1856/1848/1777 1860/1852/1781
f 1859/1851/1780 1860/1852/1781 1856/1848/1777
f 1858/1850/1779 1857/1849/1778 1861/1853/1782
f 1860/1852/1781 1861/1853/1782 1857/1849/1778
f 1861/1853/1782 1862/1854/1783 1858/1850/1779
f 1862/1854/1783 1861/1853/1782 1863/1855/1784
f 1864/1856/1785 1863/1855/1784 1861/1853/1782
f 1861/1853/1782 1860/1852/1781 1864/1856/1785
f 1863/1855/1784 1864/1856/1785 1865/1857/1786
f 1860/1852/1781 1859/1851/1780 1866/1858/1787
f 1866/1858/1787 1864/1856/1785 1860/1852/1781
f 1867/1859/1788 1865/1857/1786 1864/1856/1785
f 1864/1856/1785 1866/1858/1787 1867/1859/1788
f 1865/1857/1786 1867/1859/1788 1868/1860/1789
f 1869/1861/1790 1866/1858/1787 1859/1851/1780
f 1859/1851/1780 1850/1842/1771 1869/1861/1790
f 1870/1862/1791 1867/1859/1788 1866/1858/1787
f 1866/1858/1787 1869/1861/1790 1870/1862/1791
f 1871/1863/1792 1868/1860/1789 1867/1859/1788
f 1867/1859/1788 1870/1862/1791 1871/1863/1792
f 1868/1860/1789 1871/1863/1792 1872/1864/1793
f 1873/1865/1748 1869/1861/1790 1850/1842/1771
f 1850/1842/1771 1839/1831/1760 1873/1865/1748
f 1836/1828/1757 1873/1865/1748 1839/1831/1760
f 1869/1861/1790 1873/1865/1748 1874/1866/1794
f 1874/1866/1794 1870/1862/1791 1869/1861/1790
f 1873/1865/1748 1836/1828/1757 1875/1867/1795
f 1875/1867/1795 1874/1866/1794 1873/1865/1748
f 1833/1825/1754 1875/1867/1795 1836/1828/1757
f 1870/1862/1791 1874/1866/1794 1876/1868/1796
f 1876/1868/1796 1871/1863/1792 1870/1862/1791
f 1874/1866/1794 1875/1867/1795 1877/1869/1797
f 1877/1869/1797 1876/1868/1796 1874/1866/1794
f 1875/1867/1795 1833/1825/1754 1878/1870/1798
f 1878/1870/1798 1877/1869/1797 1875/1867/1795
f 1832/1824/1753 1878/1870/1798 1833/1825/1754
f 1877/1869/1797 1878/1870/1798 1879/1871/1799
f 1878/1870/1798 1832/1824/1753 1880/1872/1800
f 1880/1872/1800 1879/1871/1799 1878/1870/1798
f 1827/1819/1748 1880/1872/1800 1832/1824/1753
f 1871/1863/1792 1876/1868/1796 1881/1873/1801
f 1881/1873/1801 1872/1864/1793 1871/1863/1792
f 1872/1864/1793 1881/1873/1801 1882/1874/1802
f 1876/1868/1796 1877/1869/1797 1883/1875/1803
f 1883/1875/1803 1881/1873/1801 1876/1868/1796
f 1879/1871/1799 1883/1875/1803 1877/1869/1797
f 1884/1876/1804 1882/1874/1802 1881/1873/1801
f 1881/1873/1801 1883/1875/1803 1884/1876/1804
f 1882/1874/1802 1884/1876/1804 1885/1877/1805
f 1883/1875/1803 1879/1871/1799 1886/1878/1806
f 1886/1878/1806 1884/1876/1804 1883/1875/1803
f 1887/1879/1715 1885/1877/1805 1884/1876/1804
f 1884/1876/1804 1886/1878/1806 1887/1879/1715
f 1885/1877/1805 1887/1879/1715 1888/1880/1807
f 1879/1871/1799 1889/1881/1808 1886/1878/1806
f 1889/1881/1808 1887/1879/1715 1886/1878/1806
f 1890/1882/1809 1888/1880/1807 1887/1879/1715
f 1887/1879/1715 1889/1881/1808 1890/1882/1809
f 1888/1880/1807 1890/1882/1809 1891/1883/1810
f 1890/1882/1809 1892/1884/1811 1891/1883/1810
f 1892/1884/1811 1890/1882/1809 1893/1885/1812
f 1893/1885/1812 1894/1886/1813 1892/1884/1811
f 1890/1882/1809 1895/1887/1814 1893/1885/1812
f 1894/1886/1813 1893/1885/1812 1895/1887/1814
f 1895/1887/1814 1890/1882/1809 1889/1881/1808
f 1895/1887/1814 1896/1888/1815 1894/1886/1813
f 1895/1887/1814 1897/1889/1816 1896/1888/1815
f 1897/1889/1816 1895/1887/1814 1898/1890/1817
f 1889/1881/1808 1898/1890/1817 1895/1887/1814
f 1898/1890/1817 1899/1891/1818 1897/1889/1816
f 1889/1881/1808 1879/1871/1799 1900/1892/1819
f 1898/1890/1817 1889/1881/1808 1900/1892/1819
f 1879/1871/1799 1880/1872/1800 1900/1892/1819
f 1899/1891/1818 1898/1890/1817 1901/1893/1820
f 1900/1892/1819 1901/1893/1820 1898/1890/1817
f 1901/1893/1820 1900/1892/1819 1880/1872/1800
f 1901/1893/1820 1828/1820/1749 1899/1891/1818
f 1880/1872/1800 1827/1819/1748 1901/1893/1820
f 1828/1820/1749 1901/1893/1820 1827/1819/1748
f 1902/1894/1821 1903/1895/1822 1904/1896/1823
f 1905/1897/1824 1903/1895/1822 1902/1894/1821
f 1903/1895/1822 1905/1897/1824 1906/1898/1825
f 1904/1896/1823 1907/1899/1826 1902/1894/1821
f 1907/1899/1826 1904/1896/1823 1908/1900/1827
f 1902/1894/1821 1909/1901/1828 1905/1897/1824
f 1909/1901/1828 1902/1894/1821 1907/1899/1826
f 1858/1850/1779 1906/1898/1825 1905/1897/1824
f 1906/1898/1825 1858/1850/1779 1862/1854/1783
f 1855/1847/1776 1905/1897/1824 1909/1901/1828
f 1905/1897/1824 1855/1847/1776 1858/1850/1779
f 1908/1900/1827 1910/1902/1829 1907/1899/1826
f 1910/1902/1829 1908/1900/1827 1911/1903/1830
f 1907/1899/1826 1912/1904/1831 1909/1901/1828
f 1912/1904/1831 1907/1899/1826 1910/1902/1829
f 1909/1901/1828 1853/1845/1774 1855/1847/1776
f 1853/1845/1774 1909/1901/1828 1912/1904/1831
f 1911/1903/1830 1913/1905/1832 1910/1902/1829
f 1913/1905/1832 1911/1903/1830 1914/1906/1833
f 1915/1907/1834 1913/1905/1832 1914/1906/1833
f 1916/1908/1835 1910/1902/1829 1913/1905/1832
f 1910/1902/1829 1916/1908/1835 1912/1904/1831
f 1913/1905/1832 1915/1907/1834 1917/1909/1836
f 1918/1910/1837 1917/1909/1836 1915/1907/1834
f 1913/1905/1832 1919/1911/1838 1916/1908/1835
f 1919/1911/1838 1913/1905/1832 1917/1909/1836
f 1917/1909/1836 1918/1910/1837 1920/1912/1839
f 1920/1912/1839 1919/1911/1838 1917/1909/1836
f 1921/1913/1840 1920/1912/1839 1918/1910/1837
f 1852/1844/1773 1912/1904/1831 1916/1908/1835
f 1912/1904/1831 1852/1844/1773 1853/1845/1774
f 1922/1914/1841 1916/1908/1835 1919/1911/1838
f 1916/1908/1835 1922/1914/1841 1852/1844/1773
f 1919/1911/1838 1920/1912/1839 1923/1915/1842
f 1923/1915/1842 1922/1914/1841 1919/1911/1838
f 1920/1912/1839 1921/1913/1840 1924/1916/1843
f 1924/1916/1843 1923/1915/1842 1920/1912/1839
f 1925/1917/1844 1924/1916/1843 1921/1913/1840
f 1924/1916/1843 1925/1917/1844 1926/1918/1845
f 1927/1919/1846 1926/1918/1845 1925/1917/1844
f 1923/1915/1842 1924/1916/1843 1928/1920/1847
f 1926/1918/1845 1928/1920/1847 1924/1916/1843
f 1922/1914/1841 1923/1915/1842 1777/1769/1698
f 1928/1920/1847 1777/1769/1698 1923/1915/1842
f 1777/1769/1698 1785/1777/1706 1922/1914/1841
f 1785/1777/1706 1852/1844/1773 1922/1914/1841
f 1926/1918/1845 1927/1919/1846 1929/1921/1848
f 1930/1922/1849 1929/1921/1848 1927/1919/1846
f 1928/1920/1847 1926/1918/1845 1931/1923/1850
f 1929/1921/1848 1931/1923/1850 1926/1918/1845
f 1929/1921/1848 1930/1922/1849 1932/1924/1851
f 1933/1925/1852 1932/1924/1851 1930/1922/1849
f 1931/1923/1850 1929/1921/1848 1934/1926/1853
f 1932/1924/1851 1934/1926/1853 1929/1921/1848
f 1933/1925/1852 1935/1927/1854 1932/1924/1851
f 1934/1926/1853 1932/1924/1851 1935/1927/1854
f 1935/1927/1854 1933/1925/1852 1773/1765/1694
f 1931/1923/1850 1775/1767/1696 1928/1920/1847
f 1777/1769/1698 1928/1920/1847 1775/1767/1696
f 1934/1926/1853 1783/1775/1704 1931/1923/1850
f 1775/1767/1696 1931/1923/1850 1783/1775/1704
f 1935/1927/1854 1781/1773/1702 1934/1926/1853
f 1783/1775/1704 1934/1926/1853 1781/1773/1702
f 1773/1765/1694 1772/1764/1693 1935/1927/1854
f 1781/1773/1702 1935/1927/1854 1772/1764/1693
f 1936/1888/1855 1937/1889/1856 1938/1928/1857
f 1939/1929/1858 1938/1928/1857 1937/1889/1856
f 1937/1889/1856 1940/1891/1859 1939/1929/1858
f 1941/1930/1860 1939/1929/1858 1940/1891/1859
f 1940/1891/1859 1942/1820/1861 1941/1930/1860
f 1943/1931/1862 1941/1930/1860 1942/1820/1861
f 1942/1820/1861 1944/1815/1863 1943/1931/1862
f 1945/1932/1864 1943/1931/1862 1944/1815/1863
f 1944/1815/1863 1946/1814/1865 1945/1932/1864
f 1947/1811/1866 1945/1932/1864 1946/1814/1865
f 1945/1932/1864 1947/1811/1866 1948/1933/1867
f 1949/1807/1868 1948/1933/1867 1947/1811/1866
f 1948/1933/1867 1949/1807/1868 1950/1934/1869
f 1951/1805/1870 1950/1934/1869 1949/1807/1868
f 1950/1934/1869 1951/1805/1870 1952/1935/1871
f 1953/1803/1872 1952/1935/1871 1951/1805/1870
f 1952/1935/1871 1953/1803/1872 1954/1936/1873
f 1953/1803/1872 1955/1937/1874 1954/1936/1873
f 1955/1937/1874 1953/1803/1872 1956/1802/1731
f 1956/1802/1731 1957/1938/1875 1955/1937/1874
f 1957/1938/1875 1956/1802/1731 1958/1798/1876
f 1958/1798/1876 1959/1939/1877 1957/1938/1875
f 1959/1939/1877 1958/1798/1876 1960/1796/1878
f 1961/1792/1721 1959/1939/1877 1960/1796/1878
f 1959/1939/1877 1961/1792/1721 1962/1940/1879
f 1963/1788/1880 1962/1940/1879 1961/1792/1721
f 1962/1940/1879 1963/1788/1880 1964/1941/1881
f 1963/1788/1880 1965/1942/1882 1964/1941/1881
f 1965/1942/1882 1963/1788/1880 1966/1784/1883
f 1966/1784/1883 1967/1943/1884 1965/1942/1882
f 1967/1943/1884 1966/1784/1883 1968/1780/1885
f 1968/1780/1885 1969/1944/1886 1967/1943/1884
f 1969/1944/1886 1968/1780/1885 1970/1771/1887
f 1970/1771/1887 1971/1945/1888 1969/1944/1886
f 1971/1945/1888 1970/1771/1887 1972/1766/1889
f 1973/1765/1890 1971/1945/1888 1972/1766/1889
f 1971/1945/1888 1973/1765/1890 1974/1946/1891
f 1975/1925/1892 1974/1946/1891 1973/1765/1890
f 1974/1946/1891 1975/1925/1892 1976/1947/1893
f 1977/1948/1894 1978/1947/1893 1979/1925/1892
f 1977/1948/1894 1979/1925/1892 1980/1922/1895
f 1981/1949/1896 1977/1948/1894 1980/1922/1895
f 1981/1949/1896 1980/1922/1895 1982/1919/1897
f 1982/1919/1897 1983/1950/1898 1981/1949/1896
f 1985/1951/1899 1987/1907/1900 1984/1952/1901
f 1987/1907/1900 1985/1951/1899 1988/1910/1902
f 1986/1953/1903 1988/1910/1902 1985/1951/1899
f 1989/1906/1833 1984/1952/1901 1987/1907/1900
f 1988/1910/1902 1986/1953/1903 1990/1913/1904
f 1984/1952/1901 1989/1906/1833 1991/1954/1905
f 1992/1903/1906 1991/1954/1905 1989/1906/1833
f 1983/1950/1898 1990/1913/1904 1986/1953/1903
f 1990/1913/1904 1983/1950/1898 1993/1917/1907
f 1983/1950/1898 1982/1919/1897 1993/1917/1907
f 1991/1954/1905 1992/1903/1906 1994/1955/1908
f 1995/1900/1909 1994/1955/1908 1992/1903/1906
f 1994/1955/1908 1995/1900/1909 1996/1956/1910
f 1997/1896/1911 1996/1956/1910 1995/1900/1909
f 1996/1956/1910 1997/1896/1911 1998/1957/355
f 1999/1895/1912 1998/1957/355 1997/1896/1911
f 1998/1957/355 1999/1895/1912 2000/1958/1913
f 2001/1959/1914 2000/1958/1913 1999/1895/1912
f 2001/1959/1914 1999/1895/1912 2002/1898/1915
f 2003/1960/1916 2001/1959/1914 2002/1898/1915
f 2003/1960/1916 2002/1898/1915 2004/1854/1917
f 2005/1961/1918 2003/1960/1916 2004/1854/1917
f 2005/1961/1918 2004/1854/1917 2006/1855/1919
f 2007/1962/364 2005/1961/1918 2006/1855/1919
f 2007/1962/364 2006/1855/1919 2008/1857/1920
f 2009/1963/1921 2007/1962/364 2008/1857/1920
f 2010/1964/1922 2011/1874/1923 2012/1965/1924
f 2013/1877/1805 2012/1965/1924 2011/1874/1923
f 2012/1965/1924 2013/1877/1805 2014/1966/1925
f 2015/1880/1926 2014/1966/1925 2013/1877/1805
f 2014/1966/1925 2015/1880/1926 2016/1967/1927
f 2017/1883/1928 2016/1967/1927 2015/1880/1926
f 2016/1967/1927 2017/1883/1928 2018/1968/1929
f 2019/1884/1930 2018/1968/1929 2017/1883/1928
f 2018/1968/1929 2019/1884/1930 2020/1969/1931
f 2021/1886/1932 2020/1969/1931 2019/1884/1930
f 2020/1969/1931 2021/1886/1932 2022/1970/1933
f 2021/1886/1932 2023/1971/1934 2022/1970/1933
f 2021/1886/1932 1936/1888/1855 2023/1971/1934
f 1938/1928/1857 2023/1971/1934 1936/1888/1855
f 2027/1972/111 2026/1973/1935 2029/1974/1936
f 2026/1973/1935 2028/1975/1937 2031/1976/1938
f 2029/1974/1936 2026/1973/1935 2031/1976/1938
f 2031/1976/1938 2028/1975/1937 2033/1977/1939
f 2028/1975/1937 2032/1978/1940 2033/1977/1939
f 2032/1978/1940 2030/1979/1941 2034/1980/1942
f 2033/1977/1939 2032/1978/1940 2034/1980/1942
f 2035/1981/1943 2034/1980/1942 2030/1979/1941
f 2034/1980/1942 2035/1981/1943 2036/1982/1944
f 2025/1983/1945 2036/1982/1944 2035/1981/1943
f 2037/1984/1946 2034/1980/1942 2036/1982/1944
f 2036/1982/1944 2025/1983/1945 2038/1985/1947
f 2038/1985/1947 2037/1984/1946 2036/1982/1944
f 2039/1986/1948 2038/1985/1947 2025/1983/1945
f 2038/1985/1947 2039/1986/1948 2040/1987/1949
f 2039/1986/1948 2024/1988/1081 2040/1987/1949
f 2040/1987/1949 2041/1989/1950 2038/1985/1947
f 2037/1984/1946 2038/1985/1947 2041/1989/1950
f 2040/1987/1949 2024/1988/1081 2042/1990/1951
f 2034/1980/1942 2037/1984/1946 2043/1991/1952
f 2043/1991/1952 2033/1977/1939 2034/1980/1942
f 2041/1989/1950 2040/1987/1949 2044/1992/1953
f 2040/1987/1949 2042/1990/1951 2044/1992/1953
f 2045/1993/1954 2046/1994/1955 2047/1995/1956
f 2048/1996/1955 2047/1995/1956 2046/1994/1955
f 2045/1993/1954 2049/1997/1957 2050/1998/1958
f 2049/1997/1957 2045/1993/1954 2047/1995/1956
f 2047/1995/1956 2048/1996/1955 2051/1999/1959
f 2052/2000/1955 2051/1999/1959 2048/1996/1955
f 2047/1995/1956 2053/2001/1960 2049/1997/1957
f 2053/2001/1960 2047/1995/1956 2051/1999/1959
f 2051/1999/1959 2052/2000/1955 2054/2002/1961
f 2054/2002/1961 2053/2001/1960 2051/1999/1959
f 2055/2003/1962 2054/2002/1961 2052/2000/1955
f 2049/1997/1957 2056/2004/1963 2050/1998/1958
f 2057/2005/1964 2050/1998/1958 2056/2004/1963
f 2053/2001/1960 2058/2006/1965 2049/1997/1957
f 2056/2004/1963 2049/1997/1957 2058/2006/1965
f 2054/2002/1961 2055/2003/1962 2059/2007/1966
f 2060/2008/1967 2059/2007/1966 2055/2003/1962
f 2053/2001/1960 2054/2002/1961 2061/2009/1960
f 2059/2007/1966 2061/2009/1960 2054/2002/1961
f 2058/2006/1965 2053/2001/1960 2062/2010/1968
f 2061/2009/1960 2062/2010/1968 2053/2001/1960
f 2059/2007/1966 2060/2008/1967 2063/2011/1969
f 2064/2012/1970 2063/2011/1969 2060/2008/1967
f 2061/2009/1960 2059/2007/1966 2065/2013/1971
f 2063/2011/1969 2065/2013/1971 2059/2007/1966
f 2062/2010/1968 2061/2009/1960 2066/2014/1972
f 2065/2013/1971 2066/2014/1972 2061/2009/1960
f 2063/2011/1969 2064/2012/1970 2067/2015/1973
f 2068/2016/1974 2067/2015/1973 2064/2012/1970
f 2065/2013/1971 2063/2011/1969 2069/2017/1975
f 2067/2015/1973 2069/2017/1975 2063/2011/1969
f 2066/2014/1972 2065/2013/1971 2070/2018/1976
f 2069/2017/1975 2070/2018/1976 2065/2013/1971
f 2067/2015/1973 2068/2016/1974 2071/2019/1977
f 2072/2020/1978 2071/2019/1977 2068/2016/1974
f 2069/2017/1975 2067/2015/1973 2073/2021/1979
f 2071/2019/1977 2073/2021/1979 2067/2015/1973
f 2070/2018/1976 2069/2017/1975 2074/2022/1980
f 2073/2021/1979 2074/2022/1980 2069/2017/1975
f 2071/2019/1977 2072/2020/1978 2075/2023/1981
f 2076/2024/1982 2075/2023/1981 2072/2020/1978
f 2073/2021/1979 2071/2019/1977 2077/2025/1983
f 2075/2023/1981 2077/2025/1983 2071/2019/1977
f 2074/2022/1980 2073/2021/1979 2078/2026/1984
f 2077/2025/1983 2078/2026/1984 2073/2021/1979
f 2075/2023/1981 2076/2024/1982 2079/2027/1985
f 2080/2028/1986 2079/2027/1985 2076/2024/1982
f 2077/2025/1983 2075/2023/1981 2081/2029/1987
f 2079/2027/1985 2081/2029/1987 2075/2023/1981
f 2078/2026/1984 2077/2025/1983 2082/2030/1988
f 2081/2029/1987 2082/2030/1988 2077/2025/1983
f 2079/2027/1985 2080/2028/1986 2083/2031/1989
f 2084/2032/1990 2083/2031/1989 2080/2028/1986
f 2081/2029/1987 2079/2027/1985 2085/2033/1991
f 2083/2031/1989 2085/2033/1991 2079/2027/1985
f 2083/2031/1989 2084/2032/1990 2086/2034/1992
f 2087/2035/1993 2086/2034/1992 2084/2032/1990
f 2085/2033/1991 2083/2031/1989 2088/2036/1994
f 2086/2034/1992 2088/2036/1994 2083/2031/1989
f 2086/2034/1992 2087/2035/1993 2089/2037/1995
f 2090/2038/1996 2089/2037/1995 2087/2035/1993
f 2088/2036/1994 2086/2034/1992 2091/2039/1997
f 2089/2037/1995 2091/2039/1997 2086/2034/1992
f 2089/2037/1995 2090/2038/1996 2092/2040/1998
f 2093/2041/1999 2092/2040/1998 2090/2038/1996
f 2091/2039/1997 2089/2037/1995 2094/2042/2000
f 2092/2040/1998 2093/2041/1999 2095/2043/2001
f 2096/2044/2002 2095/2043/2001 2093/2041/1999
f 2097/2045/2003 2089/2037/1995 2092/2040/1998
f 2089/2037/1995 2097/2045/2003 2094/2042/2000
f 2098/2046/2004 2092/2040/1998 2095/2043/2001
f 2092/2040/1998 2098/2046/2004 2097/2045/2003
f 2095/2043/2001 2096/2044/2002 2099/2047/2005
f 2100/2048/2006 2099/2047/2005 2096/2044/2002
f 2095/2043/2001 2101/2049/2007 2098/2046/2004
f 2101/2049/2007 2095/2043/2001 2099/2047/2005
f 2099/2047/2005 2100/2048/2006 2102/2050/2008
f 2103/2051/2009 2102/2050/2008 2100/2048/2006
f 2099/2047/2005 2104/2052/2010 2101/2049/2007
f 2104/2052/2010 2099/2047/2005 2102/2050/2008
f 2102/2050/2008 2103/2051/2009 2105/2053/2011
f 2105/2053/2011 2104/2052/2010 2102/2050/2008
f 2106/2054/2012 2105/2053/2011 2103/2051/2009
f 2105/2053/2011 2106/2054/2012 2107/2055/2013
f 2108/2056/2014 2107/2055/2013 2106/2054/2012
f 2104/2052/2010 2105/2053/2011 2109/2057/2015
f 2107/2055/2013 2109/2057/2015 2105/2053/2011
f 2107/2055/2013 2108/2056/2014 2110/2058/2016
f 2111/2059/2017 2110/2058/2016 2108/2056/2014
f 2109/2057/2015 2107/2055/2013 2112/2060/2018
f 2110/2058/2016 2111/2059/2017 2113/2061/119
f 2114/2062/2019 2110/2058/2016 2113/2061/119
f 2110/2058/2016 2114/2062/2019 2115/2063/2020
f 2115/2063/2020 2107/2055/2013 2110/2058/2016
f 2107/2055/2013 2115/2063/2020 2112/2060/2018
f 2027/1972/111 2115/2063/2020 2114/2062/2019
f 2116/2064/1011 2119/2065/2021 2117/2066/2022
f 2119/2065/2021 2116/2064/1011 2118/2067/1874
f 2119/2065/2021 2120/2068/2023 2117/2066/2022
f 2118/2067/1874 2122/2069/2024 2119/2065/2021
f 2122/2069/2024 2118/2067/1874 2121/2070/2025
f 2123/2071/2026 2120/2068/2023 2119/2065/2021
f 2122/2069/2024 2123/2071/2026 2119/2065/2021
f 2121/2070/2025 2125/2072/2027 2122/2069/2024
f 2125/2072/2027 2121/2070/2025 2124/2073/2028
f 2125/2072/2027 2126/2074/2029 2122/2069/2024
f 2123/2071/2026 2122/2069/2024 2126/2074/2029
f 2124/2073/2028 2128/2075/2030 2125/2072/2027
f 2128/2075/2030 2124/2073/2028 2127/2076/2031
f 2126/2074/2029 2125/2072/2027 2129/2077/2032
f 2128/2075/2030 2129/2077/2032 2125/2072/2027
f 2126/2074/2029 2130/2078/2033 2123/2071/2026
f 2127/2076/2031 2131/2079/2034 2128/2075/2030
f 2129/2077/2032 2132/2080/2035 2126/2074/2029
f 2132/2080/2035 2130/2078/2033 2126/2074/2029
f 2129/2077/2032 2128/2075/2030 2133/2081/2036
f 2131/2079/2034 2133/2081/2036 2128/2075/2030
f 2134/2082/2037 2132/2080/2035 2129/2077/2032
f 2133/2081/2036 2134/2082/2037 2129/2077/2032
f 2131/2079/2034 2127/2076/2031 2135/2083/2038
f 2133/2081/2036 2131/2079/2034 2136/2084/2039
f 2135/2083/2038 2137/2085/2040 2131/2079/2034
f 2137/2085/2040 2136/2084/2039 2131/2079/2034
f 2137/2085/2040 2135/2083/2038 2138/2086/2041
f 2139/2087/2042 2134/2082/2037 2133/2081/2036
f 2136/2084/2039 2139/2087/2042 2133/2081/2036
f 2138/2086/2041 2141/2088/2043 2137/2085/2040
f 2141/2088/2043 2138/2086/2041 2140/2089/2044
f 2136/2084/2039 2137/2085/2040 2142/2090/2045
f 2142/2090/2045 2139/2087/2042 2136/2084/2039
f 2143/2091/2046 2137/2085/2040 2141/2088/2043
f 2137/2085/2040 2143/2091/2046 2142/2090/2045
f 2140/2089/2044 2145/2092/2047 2141/2088/2043
f 2145/2092/2047 2140/2089/2044 2144/2093/2048
f 2141/2088/2043 2146/2094/2049 2143/2091/2046
f 2146/2094/2049 2141/2088/2043 2145/2092/2047
f 2143/2091/2046 2147/2095/2050 2142/2090/2045
f 2139/2087/2042 2142/2090/2045 2147/2095/2050
f 2146/2094/2049 2148/2096/2051 2143/2091/2046
f 2147/2095/2050 2143/2091/2046 2148/2096/2051
f 2145/2092/2047 2149/2097/2052 2146/2094/2049
f 2150/2098/2053 2147/2095/2050 2148/2096/2051
f 2151/2099/2054 2139/2087/2042 2147/2095/2050
f 2147/2095/2050 2150/2098/2053 2151/2099/2054
f 2148/2096/2051 2146/2094/2049 2152/2100/2055
f 2149/2097/2052 2152/2100/2055 2146/2094/2049
f 2153/2101/2056 2148/2096/2051 2152/2100/2055
f 2148/2096/2051 2153/2101/2056 2150/2098/2053
f 2152/2100/2055 2149/2097/2052 2154/2102/2057
f 2149/2097/2052 2145/2092/2047 2155/2103/2058
f 2144/2093/2048 2155/2103/2058 2145/2092/2047
f 2155/2103/2058 2156/2104/2059 2149/2097/2052
f 2156/2104/2059 2154/2102/2057 2149/2097/2052
f 2155/2103/2058 2144/2093/2048 2157/2105/1888
f 2158/2106/2060 2152/2100/2055 2154/2102/2057
f 2152/2100/2055 2158/2106/2060 2153/2101/2056
f 2161/2107/2061 2159/2108/2062 2160/2109/2063
f 2162/2110/2064 2157/2105/1888 2159/2108/2062
f 2159/2108/2062 2161/2107/2061 2162/2110/2064
f 2157/2105/1888 2162/2110/2064 2155/2103/2058
f 2156/2104/2059 2155/2103/2058 2162/2110/2064
f 2163/2111/2065 2162/2110/2064 2161/2107/2061
f 2162/2110/2064 2163/2111/2065 2156/2104/2059
f 2163/2111/2065 2164/2112/2066 2156/2104/2059
f 2154/2102/2057 2156/2104/2059 2164/2112/2066
f 2164/2112/2066 2163/2111/2065 2165/2113/2067
f 2166/2114/2068 2164/2112/2066 2165/2113/2067
f 2167/2115/2069 2154/2102/2057 2164/2112/2066
f 2164/2112/2066 2166/2114/2068 2167/2115/2069
f 2154/2102/2057 2167/2115/2069 2158/2106/2060
f 2168/2116/2070 2167/2115/2069 2166/2114/2068
f 2167/2115/2069 2168/2116/2070 2169/2117/2071
f 2169/2117/2071 2158/2106/2060 2167/2115/2069
f 2170/2118/2072 2169/2117/2071 2168/2116/2070
f 2158/2106/2060 2169/2117/2071 2171/2119/2073
f 2169/2117/2071 2170/2118/2072 2172/2120/2074
f 2172/2120/2074 2171/2119/2073 2169/2117/2071
f 2171/2119/2073 2153/2101/2056 2158/2106/2060
f 2173/2121/2075 2172/2120/2074 2170/2118/2072
f 2153/2101/2056 2171/2119/2073 2174/2122/2076
f 2174/2122/2076 2150/2098/2053 2153/2101/2056
f 2171/2119/2073 2172/2120/2074 2175/2123/2077
f 2175/2123/2077 2174/2122/2076 2171/2119/2073
f 2172/2120/2074 2173/2121/2075 2176/2124/2078
f 2176/2124/2078 2175/2123/2077 2172/2120/2074
f 2177/2125/2079 2176/2124/2078 2173/2121/2075
f 2176/2124/2078 2177/2125/2079 2178/2126/2080
f 2179/2127/2079 2178/2126/2080 2177/2125/2079
f 2175/2123/2077 2176/2124/2078 2180/2128/2081
f 2178/2126/2080 2180/2128/2081 2176/2124/2078
f 2174/2122/2076 2175/2123/2077 2181/2129/2082
f 2180/2128/2081 2181/2129/2082 2175/2123/2077
f 2181/2129/2082 2182/2130/2083 2174/2122/2076
f 2150/2098/2053 2174/2122/2076 2182/2130/2083
f 2178/2126/2080 2179/2127/2079 2183/2131/2084
f 2184/2132/2085 2183/2131/2084 2179/2127/2079
f 2180/2128/2081 2178/2126/2080 2185/2133/2086
f 2183/2131/2084 2185/2133/2086 2178/2126/2080
f 2181/2129/2082 2180/2128/2081 2186/2134/2087
f 2185/2133/2086 2186/2134/2087 2180/2128/2081
f 2186/2134/2087 2187/2135/2088 2181/2129/2082
f 2182/2130/2083 2181/2129/2082 2187/2135/2088
f 2183/2131/2084 2184/2132/2085 2188/2136/2089
f 2189/2137/2090 2188/2136/2089 2184/2132/2085
f 2185/2133/2086 2183/2131/2084 2190/2138/2086
f 2188/2136/2089 2190/2138/2086 2183/2131/2084
f 2186/2134/2087 2185/2133/2086 2191/2139/2091
f 2190/2138/2086 2191/2139/2091 2185/2133/2086
f 2191/2139/2091 2192/2140/2092 2186/2134/2087
f 2187/2135/2088 2186/2134/2087 2192/2140/2092
f 2188/2136/2089 2189/2137/2090 2193/2141/2084
f 2194/2142/2093 2193/2141/2084 2189/2137/2090
f 2193/2141/2084 2194/2142/2093 2195/2143/2094
f 2193/2141/2084 2196/2144/2095 2188/2136/2089
f 2190/2138/2086 2188/2136/2089 2196/2144/2095
f 2195/2143/2094 2197/2145/2096 2193/2141/2084
f 2196/2144/2095 2193/2141/2084 2197/2145/2096
f 2197/2145/2096 2195/2143/2094 2198/2146/2097
f 2196/2144/2095 2199/2147/2098 2190/2138/2086
f 2191/2139/2091 2190/2138/2086 2199/2147/2098
f 2197/2145/2096 2200/2148/2099 2196/2144/2095
f 2199/2147/2098 2196/2144/2095 2200/2148/2099
f 2198/2146/2097 2201/2149/2100 2197/2145/2096
f 2200/2148/2099 2197/2145/2096 2201/2149/2100
f 2201/2149/2100 2198/2146/2097 2202/2150/2101
f 2203/2151/2102 2202/2150/2101 2198/2146/2097
f 2199/2147/2098 2204/2152/2103 2191/2139/2091
f 2192/2140/2092 2191/2139/2091 2204/2152/2103
f 2200/2148/2099 2205/2153/2104 2199/2147/2098
f 2204/2152/2103 2199/2147/2098 2205/2153/2104
f 2204/2152/2103 2206/2154/2105 2192/2140/2092
f 2206/2154/2105 2187/2135/2088 2192/2140/2092
f 2205/2153/2104 2207/2155/2106 2204/2152/2103
f 2206/2154/2105 2204/2152/2103 2207/2155/2106
f 2205/2153/2104 2200/2148/2099 2208/2156/2100
f 2201/2149/2100 2208/2156/2100 2200/2148/2099
f 2207/2155/2106 2205/2153/2104 2209/2157/2107
f 2208/2156/2100 2209/2157/2107 2205/2153/2104
f 2210/2158/2108 2206/2154/2105 2207/2155/2106
f 2209/2157/2107 2210/2158/2108 2207/2155/2106
f 2187/2135/2088 2206/2154/2105 2211/2159/2109
f 2211/2159/2109 2182/2130/2083 2187/2135/2088
f 2208/2156/2100 2201/2149/2100 2212/2160/2110
f 2213/2161/2111 2211/2159/2109 2206/2154/2105
f 2206/2154/2105 2210/2158/2108 2213/2161/2111
f 2202/2150/2101 2212/2160/2110 2201/2149/2100
f 2182/2130/2083 2211/2159/2109 2214/2162/2112
f 2214/2162/2112 2150/2098/2053 2182/2130/2083
f 2150/2098/2053 2214/2162/2112 2151/2099/2054
f 2215/2163/2113 2214/2162/2112 2211/2159/2109
f 2211/2159/2109 2213/2161/2111 2215/2163/2113
f 2216/2164/2114 2151/2099/2054 2214/2162/2112
f 2214/2162/2112 2215/2163/2113 2216/2164/2114
f 2151/2099/2054 2216/2164/2114 2217/2165/2115
f 2139/2087/2042 2151/2099/2054 2217/2165/2115
f 2218/2166/2116 2139/2087/2042 2217/2165/2115
f 2139/2087/2042 2218/2166/2116 2134/2082/2037
f 2219/2167/2117 2217/2165/2115 2216/2164/2114
f 2217/2165/2115 2219/2167/2117 2218/2166/2116
f 2220/2168/2118 2216/2164/2114 2215/2163/2113
f 2216/2164/2114 2220/2168/2118 2219/2167/2117
f 2215/2163/2113 2221/2169/2119 2220/2168/2118
f 2221/2169/2119 2215/2163/2113 2213/2161/2111
f 2222/2170/2120 2134/2082/2037 2218/2166/2116
f 2134/2082/2037 2222/2170/2120 2132/2080/2035
f 2223/2171/2121 2218/2166/2116 2219/2167/2117
f 2218/2166/2116 2223/2171/2121 2222/2170/2120
f 2224/2172/2122 2219/2167/2117 2220/2168/2118
f 2219/2167/2117 2224/2172/2122 2223/2171/2121
f 2225/2173/2123 2220/2168/2118 2221/2169/2119
f 2220/2168/2118 2225/2173/2123 2224/2172/2122
f 2226/2174/2124 2132/2080/2035 2222/2170/2120
f 2132/2080/2035 2226/2174/2124 2130/2078/2033
f 2227/2175/2125 2222/2170/2120 2223/2171/2121
f 2222/2170/2120 2227/2175/2125 2226/2174/2124
f 2228/2176/2126 2223/2171/2121 2224/2172/2122
f 2223/2171/2121 2228/2176/2126 2227/2175/2125
f 2229/2177/2127 2224/2172/2122 2225/2173/2123
f 2224/2172/2122 2229/2177/2127 2228/2176/2126
f 2225/2173/2123 2230/2178/2128 2229/2177/2127
f 2231/2179/2129 2228/2176/2126 2229/2177/2127
f 2230/2178/2128 2231/2179/2129 2229/2177/2127
f 2231/2179/2129 2230/2178/2128 2232/2180/2130
f 2232/2180/2130 2233/2181/2131 2231/2179/2129
f 2230/2178/2128 2225/2173/2123 2234/2182/2132
f 2221/2169/2119 2234/2182/2132 2225/2173/2123
f 2234/2182/2132 2235/2183/2133 2230/2178/2128
f 2228/2176/2126 2231/2179/2129 2236/2184/2129
f 2231/2179/2129 2233/2181/2131 2236/2184/2129
f 2236/2184/2129 2227/2175/2125 2228/2176/2126
f 2234/2182/2132 2221/2169/2119 2237/2185/2134
f 2213/2161/2111 2237/2185/2134 2221/2169/2119
f 2237/2185/2134 2213/2161/2111 2210/2158/2108
f 2235/2183/2133 2234/2182/2132 2238/2186/2135
f 2237/2185/2134 2238/2186/2135 2234/2182/2132
f 2239/2187/2136 2235/2183/2133 2238/2186/2135
f 2210/2158/2108 2240/2188/2137 2237/2185/2134
f 2238/2186/2135 2237/2185/2134 2240/2188/2137
f 2238/2186/2135 2241/2189/2138 2239/2187/2136
f 2241/2189/2138 2238/2186/2135 2240/2188/2137
f 2242/2190/2139 2239/2187/2136 2241/2189/2138
f 2240/2188/2137 2210/2158/2108 2243/2191/2140
f 2210/2158/2108 2209/2157/2107 2243/2191/2140
f 2240/2188/2137 2244/2192/2141 2241/2189/2138
f 2244/2192/2141 2240/2188/2137 2243/2191/2140
f 2241/2189/2138 2245/2193/2142 2242/2190/2139
f 2245/2193/2142 2241/2189/2138 2244/2192/2141
f 2246/2194/2143 2242/2190/2139 2245/2193/2142
f 2247/2195/2144 2243/2191/2140 2209/2157/2107
f 2243/2191/2140 2247/2195/2144 2244/2192/2141
f 2209/2157/2107 2208/2156/2100 2247/2195/2144
f 2212/2160/2110 2247/2195/2144 2208/2156/2100
f 2245/2193/2142 2248/2196/2145 2246/2194/2143
f 2249/2197/2146 2244/2192/2141 2247/2195/2144
f 2244/2192/2141 2249/2197/2146 2245/2193/2142
f 2247/2195/2144 2212/2160/2110 2249/2197/2146
f 2248/2196/2145 2245/2193/2142 2249/2197/2146
f 2250/2198/2147 2249/2197/2146 2212/2160/2110
f 2249/2197/2146 2250/2198/2147 2248/2196/2145
f 2212/2160/2110 2202/2150/2101 2250/2198/2147
f 2250/2198/2147 2251/2199/2148 2248/2196/2145
f 2252/2200/2149 2248/2196/2145 2251/2199/2148
f 2253/2201/2150 2252/2200/2149 2251/2199/2148
f 2251/2199/2148 2250/2198/2147 2254/2202/2151
f 2254/2202/2151 2253/2201/2150 2251/2199/2148
f 2255/2203/2152 2250/2198/2147 2202/2150/2101
f 2250/2198/2147 2255/2203/2152 2254/2202/2151
f 2202/2150/2101 2203/2151/2102 2255/2203/2152
f 2253/2201/2150 2254/2202/2151 2256/2204/2151
f 2255/2203/2152 2256/2204/2151 2254/2202/2151
f 2203/2151/2102 2257/2205/2153 2255/2203/2152
f 2256/2204/2151 2255/2203/2152 2257/2205/2153
f 2257/2205/2153 2203/2151/2102 2258/2206/2154
f 2258/2206/2154 2259/2207/2155 2257/2205/2153
f 2257/2205/2153 2260/2208/2156 2256/2204/2151
f 2260/2208/2156 2257/2205/2153 2259/2207/2155
f 2256/2204/2151 2261/2209/2157 2253/2201/2150
f 2261/2209/2157 2256/2204/2151 2260/2208/2156
f 2262/2210/2158 2253/2201/2150 2261/2209/2157
f 2259/2207/2155 2263/2211/2159 2260/2208/2156
f 2263/2211/2159 2261/2209/2157 2260/2208/2156
f 2264/2212/2160 2262/2210/2158 2261/2209/2157
f 2261/2209/2157 2263/2211/2159 2264/2212/2160
f 2262/2210/2158 2264/2212/2160 2265/2213/2161
f 2266/2214/2162 2265/2213/2161 2264/2212/2160
f 2264/2212/2160 2267/2215/2163 2266/2214/2162
f 2267/2215/2163 2264/2212/2160 2263/2211/2159
f 2263/2211/2159 2259/2207/2155 2268/2216/2164
f 2268/2216/2164 2267/2215/2163 2263/2211/2159
f 2259/2207/2155 2269/2217/2165 2268/2216/2164
f 2267/2215/2163 2268/2216/2164 2270/2218/2054
f 2269/2217/2165 2270/2218/2054 2268/2216/2164
f 2271/2219/2166 2267/2215/2163 2270/2218/2054
f 2270/2218/2054 2269/2217/2165 2272/2220/2167
f 2272/2220/2167 2271/2219/2166 2270/2218/2054
f 2277/2221/1060 2276/2222/2168 2274/2223/2169
f 2277/2221/1060 2274/2223/2169 2275/2224/2170
f 2281/2225/2171 2277/2221/1060 2275/2224/2170
f 2282/2226/2172 2279/2227/2173 2277/2221/1060
f 2277/2221/1060 2281/2225/2171 2282/2226/2172
f 2284/2228/2174 2275/2224/2170 2280/2229/2175
f 2275/2224/2170 2284/2228/2174 2281/2225/2171
f 2285/2230/2176 2280/2229/2175 2283/2231/2177
f 2284/2228/2174 2280/2229/2175 2285/2230/2176
f 2283/2231/2177 2273/2232/2178 2286/2233/2179
f 2286/2233/2179 2285/2230/2176 2283/2231/2177
f 2286/2233/2179 2273/2232/2178 2287/2234/2180
f 2285/2230/2176 2286/2233/2179 2288/2235/2181
f 2287/2234/2180 2288/2235/2181 2286/2233/2179
f 2289/2236/2047 2284/2228/2174 2285/2230/2176
f 2288/2235/2181 2289/2236/2047 2285/2230/2176
f 2284/2228/2174 2289/2236/2047 2290/2237/2182
f 2290/2237/2182 2281/2225/2171 2284/2228/2174
f 2291/2238/2183 2293/2107/2184 2292/2109/2063
f 2294/2239/2185 2295/2240/2186 2296/2241/2187
f 2296/2241/2187 2297/2242/2188 2294/2239/2185
f 2298/2243/2189 2295/2240/2186 2299/2244/2190
f 2300/2245/2191 2301/2246/2192 2298/2243/2189
f 2299/2244/2190 2300/2245/2191 2298/2243/2189
f 2295/2240/2186 2294/2239/2185 2302/2247/2193
f 2302/2247/2193 2299/2244/2190 2295/2240/2186
f 2297/2242/2188 2303/2248/2194 2294/2239/2185
f 2303/2248/2194 2302/2247/2193 2294/2239/2185
f 2303/2248/2194 2297/2242/2188 2304/2249/2195
f 2299/2244/2190 2302/2247/2193 2305/2250/2196
f 2302/2247/2193 2303/2248/2194 2306/2251/2197
f 2306/2251/2197 2305/2250/2196 2302/2247/2193
f 2307/2252/2198 2306/2251/2197 2303/2248/2194
f 2304/2249/2195 2307/2252/2198 2303/2248/2194
f 2305/2250/2196 2306/2251/2197 2308/2253/2199
f 2309/2254/2200 2304/2249/2195 2297/2242/2188
f 2297/2242/2188 2310/2255/2201 2309/2254/2200
f 2305/2250/2196 2311/2256/2202 2299/2244/2190
f 2300/2245/2191 2299/2244/2190 2311/2256/2202
f 2311/2256/2202 2305/2250/2196 2312/2257/2203
f 2308/2253/2199 2312/2257/2203 2305/2250/2196
f 2313/2258/2204 2309/2254/2200 2310/2255/2201
f 2314/2259/2205 2308/2253/2199 2306/2251/2197
f 2306/2251/2197 2307/2252/2198 2314/2259/2205
f 2310/2255/2201 2315/2260/2206 2313/2258/2204
f 2312/2257/2203 2308/2253/2199 2316/2261/2207
f 2308/2253/2199 2314/2259/2205 2317/2262/2208
f 2317/2262/2208 2316/2261/2207 2308/2253/2199
f 2307/2252/2198 2318/2263/2209 2314/2259/2205
f 2318/2263/2209 2317/2262/2208 2314/2259/2205
f 2319/2264/2210 2312/2257/2203 2316/2261/2207
f 2316/2261/2207 2317/2262/2208 2320/2265/2211
f 2320/2265/2211 2319/2264/2210 2316/2261/2207
f 2321/2266/2212 2320/2265/2211 2317/2262/2208
f 2317/2262/2208 2318/2263/2209 2321/2266/2212
f 2320/2265/2211 2321/2266/2212 2322/2267/2213
f 2318/2263/2209 2307/2252/2198 2323/2268/2214
f 2324/2269/2215 2323/2268/2214 2307/2252/2198
f 2307/2252/2198 2304/2249/2195 2324/2269/2215
f 2325/2270/2216 2318/2263/2209 2323/2268/2214
f 2326/2271/2217 2324/2269/2215 2304/2249/2195
f 2304/2249/2195 2309/2254/2200 2326/2271/2217
f 2323/2268/2214 2324/2269/2215 2327/2272/2218
f 2327/2272/2218 2325/2270/2216 2323/2268/2214
f 2328/2273/2219 2327/2272/2218 2324/2269/2215
f 2324/2269/2215 2326/2271/2217 2328/2273/2219
f 2329/2274/2220 2326/2271/2217 2309/2254/2200
f 2309/2254/2200 2313/2258/2204 2329/2274/2220
f 2326/2271/2217 2330/2275/2221 2328/2273/2219
f 2327/2272/2218 2328/2273/2219 2331/2276/2222
f 2330/2275/2221 2331/2276/2222 2328/2273/2219
f 2331/2276/2222 2332/2277/2223 2327/2272/2218
f 2325/2270/2216 2327/2272/2218 2332/2277/2223
f 2326/2271/2217 2329/2274/2220 2333/2278/2224
f 2330/2275/2221 2326/2271/2217 2333/2278/2224
f 2329/2274/2220 2334/2279/2225 2333/2278/2224
f 2333/2278/2224 2335/2280/2226 2330/2275/2221
f 2333/2278/2224 2334/2279/2225 2335/2280/2226
f 2329/2274/2220 2336/2281/2227 2334/2279/2225
f 2313/2258/2204 2336/2281/2227 2329/2274/2220
f 2313/2258/2204 2337/2282/2228 2336/2281/2227
f 2337/2282/2228 2313/2258/2204 2315/2260/2206
f 2315/2260/2206 2338/2283/2229 2337/2282/2228
f 2339/2284/2230 2338/2283/2229 2315/2260/2206
f 2315/2260/2206 2340/2285/2231 2339/2284/2230
f 2341/2286/2232 2339/2284/2230 2340/2285/2231
f 2339/2284/2230 2342/2287/2233 2338/2283/2229
f 2339/2284/2230 2341/2286/2232 2343/2288/1953
f 2343/2288/1953 2342/2287/2233 2339/2284/2230
f 2341/2286/2232 2344/2289/2234 2343/2288/1953
f 2344/2289/2234 2341/2286/2232 2345/2290/2235
f 2345/2290/2235 2044/1992/1953 2344/2289/2234
f 2344/2289/2234 2346/2291/2236 2343/2288/1953
f 2343/2288/1953 2346/2291/2236 2342/2287/2233
f 2044/1992/1953 2347/2292/2237 2344/2289/2234
f 2344/2289/2234 2347/2292/2237 2346/2291/2236
f 2044/1992/1953 2042/1990/1951 2347/2292/2237
f 2330/2275/2221 2335/2280/2226 2348/2293/2238
f 2330/2275/2221 2348/2293/2238 2349/2294/2239
f 2331/2276/2222 2330/2275/2221 2349/2294/2239
f 2349/2294/2239 2348/2293/2238 2350/2295/2240
f 2349/2294/2239 2351/2296/2241 2331/2276/2222
f 2332/2277/2223 2331/2276/2222 2351/2296/2241
f 2349/2294/2239 2350/2295/2240 2352/2297/2242
f 2351/2296/2241 2349/2294/2239 2352/2297/2242
f 2351/2296/2241 2353/2298/2243 2332/2277/2223
f 2352/2297/2242 2354/2299/2244 2351/2296/2241
f 2353/2298/2243 2351/2296/2241 2354/2299/2244
f 2353/2298/2243 2325/2270/2216 2332/2277/2223
f 2354/2299/2244 2352/2297/2242 2355/2300/2245
f 2356/2301/2246 2353/2298/2243 2354/2299/2244
f 2355/2300/2245 2356/2301/2246 2354/2299/2244
f 2352/2297/2242 2357/2302/2247 2355/2300/2245
f 2352/2297/2242 2350/2295/2240 2357/2302/2247
f 2356/2301/2246 2355/2300/2245 2358/2303/2248
f 2355/2300/2245 2357/2302/2247 2359/2304/2249
f 2355/2300/2245 2359/2304/2249 2358/2303/2248
f 2358/2303/2248 2359/2304/2249 2360/2305/2250
f 2360/2305/2250 2362/2306/2251 2358/2303/2248
f 2362/2306/2251 2360/2305/2250 2361/2307/2252
f 2363/2308/2253 2358/2303/2248 2362/2306/2251
f 2358/2303/2248 2363/2308/2253 2356/2301/2246
f 2363/2308/2253 2364/2309/2254 2356/2301/2246
f 2353/2298/2243 2356/2301/2246 2364/2309/2254
f 2364/2309/2254 2363/2308/2253 2365/2310/2255
f 2364/2309/2254 2366/2311/2256 2353/2298/2243
f 2325/2270/2216 2353/2298/2243 2366/2311/2256
f 2362/2306/2251 2367/2312/2257 2363/2308/2253
f 2367/2312/2257 2365/2310/2255 2363/2308/2253
f 2367/2312/2257 2362/2306/2251 2368/2313/2258
f 2361/2307/2252 2368/2313/2258 2362/2306/2251
f 2366/2311/2256 2364/2309/2254 2369/2314/2259
f 2365/2310/2255 2369/2314/2259 2364/2309/2254
f 2370/2315/2260 2325/2270/2216 2366/2311/2256
f 2371/2316/2261 2366/2311/2256 2369/2314/2259
f 2366/2311/2256 2371/2316/2261 2370/2315/2260
f 2325/2270/2216 2370/2315/2260 2372/2317/2262
f 2318/2263/2209 2325/2270/2216 2372/2317/2262
f 2372/2317/2262 2321/2266/2212 2318/2263/2209
f 2321/2266/2212 2372/2317/2262 2373/2318/2263
f 2370/2315/2260 2373/2318/2263 2372/2317/2262
f 2373/2318/2263 2322/2267/2213 2321/2266/2212
f 2371/2316/2261 2374/2319/2264 2370/2315/2260
f 2373/2318/2263 2370/2315/2260 2374/2319/2264
f 2322/2267/2213 2373/2318/2263 2375/2320/2265
f 2374/2319/2264 2375/2320/2265 2373/2318/2263
f 2375/2320/2265 2376/2321/2266 2322/2267/2213
f 2374/2319/2264 2371/2316/2261 2377/2322/2267
f 2375/2320/2265 2374/2319/2264 2378/2323/2268
f 2377/2322/2267 2378/2323/2268 2374/2319/2264
f 2378/2323/2268 2379/2324/2269 2375/2320/2265
f 2376/2321/2266 2375/2320/2265 2379/2324/2269
f 2379/2324/2269 2378/2323/2268 2082/2030/1988
f 2081/2029/1987 2376/2321/2266 2379/2324/2269
f 2082/2030/1988 2081/2029/1987 2379/2324/2269
f 2376/2321/2266 2081/2029/1987 2085/2033/1991
f 2380/2325/2270 2082/2030/1988 2378/2323/2268
f 2378/2323/2268 2377/2322/2267 2380/2325/2270
f 2082/2030/1988 2380/2325/2270 2078/2026/1984
f 2085/2033/1991 2381/2326/2271 2376/2321/2266
f 2381/2326/2271 2322/2267/2213 2376/2321/2266
f 2322/2267/2213 2381/2326/2271 2320/2265/2211
f 2381/2326/2271 2085/2033/1991 2088/2036/1994
f 2319/2264/2210 2320/2265/2211 2381/2326/2271
f 2088/2036/1994 2319/2264/2210 2381/2326/2271
f 2319/2264/2210 2088/2036/1994 2091/2039/1997
f 2091/2039/1997 2382/2327/2272 2319/2264/2210
f 2312/2257/2203 2319/2264/2210 2382/2327/2272
f 2382/2327/2272 2091/2039/1997 2094/2042/2000
f 2382/2327/2272 2311/2256/2202 2312/2257/2203
f 2094/2042/2000 2383/2328/2273 2382/2327/2272
f 2311/2256/2202 2382/2327/2272 2383/2328/2273
f 2383/2328/2273 2094/2042/2000 2097/2045/2003
f 2383/2328/2273 2300/2245/2191 2311/2256/2202
f 2097/2045/2003 2384/2329/2274 2383/2328/2273
f 2300/2245/2191 2383/2328/2273 2384/2329/2274
f 2384/2329/2274 2097/2045/2003 2098/2046/2004
f 2384/2329/2274 2385/2330/2275 2300/2245/2191
f 2301/2246/2192 2300/2245/2191 2385/2330/2275
f 2385/2330/2275 2386/2331/2276 2301/2246/2192
f 2098/2046/2004 2387/2332/2277 2384/2329/2274
f 2385/2330/2275 2384/2329/2274 2387/2332/2277
f 2387/2332/2277 2098/2046/2004 2101/2049/2007
f 2386/2331/2276 2385/2330/2275 2388/2333/2278
f 2387/2332/2277 2388/2333/2278 2385/2330/2275
f 2388/2333/2278 2389/2334/2279 2386/2331/2276
f 2101/2049/2007 2390/2335/2280 2387/2332/2277
f 2388/2333/2278 2387/2332/2277 2390/2335/2280
f 2390/2335/2280 2101/2049/2007 2104/2052/2010
f 2389/2334/2279 2388/2333/2278 2391/2336/2281
f 2390/2335/2280 2391/2336/2281 2388/2333/2278
f 2391/2336/2281 2392/2337/2282 2389/2334/2279
f 2104/2052/2010 2393/2338/2214 2390/2335/2280
f 2391/2336/2281 2390/2335/2280 2393/2338/2214
f 2393/2338/2214 2104/2052/2010 2109/2057/2015
f 2392/2337/2282 2391/2336/2281 2394/2339/2283
f 2393/2338/2214 2394/2339/2283 2391/2336/2281
f 2029/1974/1936 2392/2337/2282 2394/2339/2283
f 2109/2057/2015 2395/2340/2284 2393/2338/2214
f 2394/2339/2283 2393/2338/2214 2395/2340/2284
f 2395/2340/2284 2109/2057/2015 2112/2060/2018
f 2394/2339/2283 2396/2341/2285 2029/1974/1936
f 2396/2341/2285 2394/2339/2283 2395/2340/2284
f 2112/2060/2018 2396/2341/2285 2395/2340/2284
f 2396/2341/2285 2027/1972/111 2029/1974/1936
f 2396/2341/2285 2112/2060/2018 2115/2063/2020
f 2115/2063/2020 2027/1972/111 2396/2341/2285
f 2397/2342/2286 2399/2343/2287 2398/2344/2288
f 2399/2343/2287 2397/2342/2286 2400/2345/2289
f 2401/2346/2290 2400/2345/2289 2397/2342/2286
f 2400/2345/2289 2401/2346/2290 2402/2347/2291
f 2403/2348/2292 2402/2347/2291 2401/2346/2290
f 2402/2347/2291 2403/2348/2292 2404/2349/2293
f 2405/2350/2294 2404/2349/2293 2403/2348/2292
f 2404/2349/2293 2405/2350/2294 2406/2351/2295
f 2407/2352/2296 2406/2351/2295 2405/2350/2294
f 2408/2353/2297 2198/2146/2097 2195/2143/2094
f 2195/2143/2094 2409/2354/2298 2408/2353/2297
f 2410/2355/2299 2408/2353/2297 2409/2354/2298
f 2409/2354/2298 2195/2143/2094 2194/2142/2093
f 2408/2353/2297 2410/2355/2299 2411/2356/2300
f 2412/2357/2301 2411/2356/2300 2410/2355/2299
f 2411/2356/2300 2203/2151/2102 2408/2353/2297
f 2198/2146/2097 2408/2353/2297 2203/2151/2102
f 2411/2356/2300 2412/2357/2301 2413/2358/2302
f 2414/2343/2303 2413/2358/2302 2412/2357/2301
f 2413/2358/2302 2258/2206/2154 2411/2356/2300
f 2203/2151/2102 2411/2356/2300 2258/2206/2154
f 2413/2358/2302 2414/2343/2303 2415/2359/2304
f 2416/2345/2305 2415/2359/2304 2414/2343/2303
f 2258/2206/2154 2413/2358/2302 2417/2360/2306
f 2415/2359/2304 2417/2360/2306 2413/2358/2302
f 2415/2359/2304 2416/2345/2305 2418/2361/2307
f 2419/2347/2308 2418/2361/2307 2416/2345/2305
f 2417/2360/2306 2415/2359/2304 2269/2217/2165
f 2418/2361/2307 2269/2217/2165 2415/2359/2304
f 2259/2207/2155 2258/2206/2154 2417/2360/2306
f 2269/2217/2165 2259/2207/2155 2417/2360/2306
f 2418/2361/2307 2419/2347/2308 2420/2362/2309
f 2421/2349/2310 2420/2362/2309 2419/2347/2308
f 2269/2217/2165 2418/2361/2307 2272/2220/2167
f 2420/2362/2309 2272/2220/2167 2418/2361/2307
f 2420/2362/2309 2421/2349/2310 2422/2363/2311
f 2423/2351/2312 2422/2363/2311 2421/2349/2310
f 2272/2220/2167 2420/2362/2309 2424/2364/2313
f 2422/2363/2311 2424/2364/2313 2420/2362/2309
f 2422/2363/2311 2423/2351/2312 2425/2365/2314
f 2426/2366/2315 2425/2365/2314 2423/2351/2312
f 2424/2364/2313 2422/2363/2311 2427/2367/2316
f 2425/2365/2314 2427/2367/2316 2422/2363/2311
f 2271/2219/2166 2272/2220/2167 2424/2364/2313
f 2427/2367/2316 2271/2219/2166 2424/2364/2313
f 2425/2365/2314 2426/2366/2315 2428/2368/2317
f 2429/2369/2318 2428/2368/2317 2426/2366/2315
f 2427/2367/2316 2425/2365/2314 2430/2370/2319
f 2428/2368/2317 2430/2370/2319 2425/2365/2314
f 2428/2368/2317 2429/2369/2318 2431/298/2320
f 2432/2371/2321 2431/298/2320 2429/2369/2318
f 2430/2370/2319 2428/2368/2317 2433/2372/2322
f 2431/298/2320 2433/2372/2322 2428/2368/2317
f 2430/2370/2319 2434/2373/2165 2427/2367/2316
f 2271/2219/2166 2427/2367/2316 2434/2373/2165
f 2433/2372/2322 2435/2374/2323 2430/2370/2319
f 2434/2373/2165 2430/2370/2319 2435/2374/2323
f 2431/298/2320 2432/2371/2321 2436/2375/2324
f 2437/2376/2325 2436/2375/2324 2432/2371/2321
f 2433/2372/2322 2431/298/2320 2438/2377/2326
f 2436/2375/2324 2438/2377/2326 2431/298/2320
f 2435/2374/2323 2433/2372/2322 2439/2378/2327
f 2438/2377/2326 2439/2378/2327 2433/2372/2322
f 2436/2375/2324 2437/2376/2325 2440/2379/2328
f 2441/2380/2329 2440/2379/2328 2437/2376/2325
f 2438/2377/2326 2436/2375/2324 2442/2381/2330
f 2440/2379/2328 2442/2381/2330 2436/2375/2324
f 2440/2379/2328 2441/2380/2329 2443/2382/2331
f 2444/2383/2332 2443/2382/2331 2441/2380/2329
f 2442/2381/2330 2440/2379/2328 2445/2384/2333
f 2443/2382/2331 2445/2384/2333 2440/2379/2328
f 2442/2381/2330 2446/2385/2327 2438/2377/2326
f 2439/2378/2327 2438/2377/2326 2446/2385/2327
f 2445/2384/2333 2447/2386/2334 2442/2381/2330
f 2446/2385/2327 2442/2381/2330 2447/2386/2334
f 2443/2382/2331 2444/2383/2332 2448/2387/2335
f 2449/2388/2336 2448/2387/2335 2444/2383/2332
f 2445/2384/2333 2443/2382/2331 2450/2389/2337
f 2448/2387/2335 2450/2389/2337 2443/2382/2331
f 2447/2386/2334 2445/2384/2333 2451/2390/2338
f 2450/2389/2337 2451/2390/2338 2445/2384/2333
f 2448/2387/2335 2449/2388/2336 2452/2391/2339
f 2453/2392/2340 2452/2391/2339 2449/2388/2336
f 2450/2389/2337 2448/2387/2335 2454/2393/2341
f 2452/2391/2339 2454/2393/2341 2448/2387/2335
f 2451/2390/2338 2450/2389/2337 2455/2394/2342
f 2454/2393/2341 2455/2394/2342 2450/2389/2337
f 2456/2395/2343 2070/2018/1976 2457/2396/2344
f 2074/2022/1980 2457/2396/2344 2070/2018/1976
f 2458/2397/2345 2456/2395/2343 2459/2398/2346
f 2457/2396/2344 2459/2398/2346 2456/2395/2343
f 2460/2399/2347 2458/2397/2345 2461/2400/2348
f 2459/2398/2346 2461/2400/2348 2458/2397/2345
f 2457/2396/2344 2074/2022/1980 2462/2401/2349
f 2078/2026/1984 2462/2401/2349 2074/2022/1980
f 2462/2401/2349 2078/2026/1984 2380/2325/2270
f 2462/2401/2349 2463/2402/2350 2457/2396/2344
f 2459/2398/2346 2457/2396/2344 2463/2402/2350
f 2380/2325/2270 2464/2403/2351 2462/2401/2349
f 2463/2402/2350 2462/2401/2349 2464/2403/2351
f 2464/2403/2351 2380/2325/2270 2377/2322/2267
f 2463/2402/2350 2465/2404/2352 2459/2398/2346
f 2461/2400/2348 2459/2398/2346 2465/2404/2352
f 2464/2403/2351 2466/2405/1950 2463/2402/2350
f 2465/2404/2352 2463/2402/2350 2466/2405/1950
f 2377/2322/2267 2467/2406/2353 2464/2403/2351
f 2466/2405/1950 2464/2403/2351 2467/2406/2353
f 2467/2406/2353 2377/2322/2267 2371/2316/2261
f 2369/2314/2259 2467/2406/2353 2371/2316/2261
f 2467/2406/2353 2369/2314/2259 2468/2407/2354
f 2468/2407/2354 2466/2405/1950 2467/2406/2353
f 2369/2314/2259 2365/2310/2255 2468/2407/2354
f 2466/2405/1950 2468/2407/2354 2469/2408/2355
f 2469/2408/2355 2465/2404/2352 2466/2405/1950
f 2365/2310/2255 2469/2408/2355 2468/2407/2354
f 2465/2404/2352 2469/2408/2355 2470/2409/2356
f 2470/2409/2356 2461/2400/2348 2465/2404/2352
f 2469/2408/2355 2365/2310/2255 2471/2410/2357
f 2471/2410/2357 2470/2409/2356 2469/2408/2355
f 2365/2310/2255 2367/2312/2257 2471/2410/2357
f 2461/2400/2348 2470/2409/2356 2472/2411/2358
f 2472/2411/2358 2460/2399/2347 2461/2400/2348
f 2470/2409/2356 2471/2410/2357 2473/2412/2359
f 2473/2412/2359 2472/2411/2358 2470/2409/2356
f 2474/2413/2360 2471/2410/2357 2367/2312/2257
f 2471/2410/2357 2474/2413/2360 2473/2412/2359
f 2368/2313/2258 2474/2413/2360 2367/2312/2257
f 2460/2399/2347 2472/2411/2358 2475/2414/2361
f 2475/2414/2361 2476/2415/2362 2460/2399/2347
f 2472/2411/2358 2473/2412/2359 2477/2416/2230
f 2477/2416/2230 2475/2414/2361 2472/2411/2358
f 2478/2417/2363 2473/2412/2359 2474/2413/2360
f 2473/2412/2359 2478/2417/2363 2477/2416/2230
f 2474/2413/2360 2368/2313/2258 2479/2418/2364
f 2479/2418/2364 2478/2417/2363 2474/2413/2360
f 2480/2419/2365 2479/2418/2364 2368/2313/2258
f 2368/2313/2258 2361/2307/2252 2480/2419/2365
f 2475/2414/2361 2477/2416/2230 2481/2420/2366
f 2478/2417/2363 2481/2420/2366 2477/2416/2230
f 2476/2415/2362 2475/2414/2361 2482/2421/2367
f 2481/2420/2366 2482/2421/2367 2475/2414/2361
f 2482/2421/2367 2483/2422/2368 2476/2415/2362
f 2483/2422/2368 2482/2421/2367 2484/2423/2369
f 2484/2423/2369 2485/2424/2370 2483/2422/2368
f 2482/2421/2367 2481/2420/2366 2486/2425/2371
f 2486/2425/2371 2484/2423/2369 2482/2421/2367
f 2487/2426/2372 2486/2425/2371 2481/2420/2366
f 2481/2420/2366 2478/2417/2363 2487/2426/2372
f 2484/2423/2369 2486/2425/2371 2488/2427/2373
f 2485/2424/2370 2484/2423/2369 2489/2428/2374
f 2488/2427/2373 2489/2428/2374 2484/2423/2369
f 2489/2428/2374 2490/2429/2375 2485/2424/2370
f 2491/2430/2376 2488/2427/2373 2486/2425/2371
f 2486/2425/2371 2487/2426/2372 2491/2430/2376
f 2489/2428/2374 2488/2427/2373 2492/2431/2377
f 2490/2429/2375 2489/2428/2374 2493/2432/2378
f 2492/2431/2377 2493/2432/2378 2489/2428/2374
f 2493/2432/2378 2494/2433/2379 2490/2429/2375
f 2495/2434/2380 2492/2431/2377 2488/2427/2373
f 2488/2427/2373 2491/2430/2376 2495/2434/2380
f 2493/2432/2378 2492/2431/2377 2496/2435/2381
f 2494/2433/2379 2493/2432/2378 2497/2436/2382
f 2496/2435/2381 2497/2436/2382 2493/2432/2378
f 2497/2436/2382 2498/2437/2254 2494/2433/2379
f 2499/2438/2383 2496/2435/2381 2492/2431/2377
f 2492/2431/2377 2495/2434/2380 2499/2438/2383
f 2497/2436/2382 2496/2435/2381 2500/2439/2384
f 2498/2437/2254 2497/2436/2382 2501/2440/2385
f 2500/2439/2384 2501/2440/2385 2497/2436/2382
f 2501/2440/2385 2502/2441/2386 2498/2437/2254
f 2503/2442/2387 2500/2439/2384 2496/2435/2381
f 2496/2435/2381 2499/2438/2383 2503/2442/2387
f 2501/2440/2385 2500/2439/2384 2504/2443/2388
f 2502/2441/2386 2501/2440/2385 2505/2444/2389
f 2504/2443/2388 2505/2444/2389 2501/2440/2385
f 2505/2444/2389 2506/2445/2390 2502/2441/2386
f 2507/2446/2391 2504/2443/2388 2500/2439/2384
f 2500/2439/2384 2503/2442/2387 2507/2446/2391
f 2505/2444/2389 2504/2443/2388 2508/2447/2392
f 2506/2445/2390 2505/2444/2389 2509/2448/2393
f 2508/2447/2392 2509/2448/2393 2505/2444/2389
f 2510/2449/2394 2508/2447/2392 2504/2443/2388
f 2504/2443/2388 2507/2446/2391 2510/2449/2394
f 2509/2448/2393 2508/2447/2392 2511/2450/2395
f 2512/2451/2396 2506/2445/2390 2509/2448/2393
f 2511/2450/2395 2512/2451/2396 2509/2448/2393
f 2516/2452/2397 2517/2453/2398 2513/2454/1156
f 2518/2455/2399 2515/2456/2400 2519/2457/2401
f 2518/2455/2399 2519/2457/2401 2520/2458/2402
f 2520/2458/2402 2519/2457/2401 2521/2459/2403
f 2520/2458/2402 2521/2459/2403 2522/2460/2404
f 2523/2461/2405 2520/2458/2402 2522/2460/2404
f 2522/2460/2404 2521/2459/2403 2525/2462/2406
f 2522/2460/2404 2525/2462/2406 2526/2463/2407
f 2526/2463/2407 2523/2461/2405 2522/2460/2404
f 2525/2462/2406 2524/2464/2408 2527/2465/2409
f 2526/2463/2407 2525/2462/2406 2528/2466/2410
f 2525/2462/2406 2527/2465/2409 2528/2466/2410
f 2523/2461/2405 2526/2463/2407 2529/2467/2411
f 2530/2468/2412 2523/2461/2405 2529/2467/2411
f 2529/2467/2411 2531/2469/2413 2530/2468/2412
f 2532/2470/2414 2529/2467/2411 2526/2463/2407
f 2528/2466/2410 2532/2470/2414 2526/2463/2407
f 2531/2469/2413 2529/2467/2411 2533/2471/2415
f 2529/2467/2411 2532/2470/2414 2533/2471/2415
f 2533/2471/2415 2534/2472/2416 2531/2469/2413
f 2535/2473/2417 2531/2469/2413 2534/2472/2416
f 2534/2472/2416 2536/2474/2418 2535/2473/2417
f 2536/2474/2418 2534/2472/2416 2537/2475/2419
f 2537/2475/2419 2538/2476/2420 2536/2474/2418
f 2534/2472/2416 2533/2471/2415 2539/2477/2421
f 2539/2477/2421 2537/2475/2419 2534/2472/2416
f 2540/2478/2422 2533/2471/2415 2532/2470/2414
f 2533/2471/2415 2540/2478/2422 2539/2477/2421
f 2532/2470/2414 2528/2466/2410 2541/2479/2423
f 2532/2470/2414 2541/2479/2423 2540/2478/2422
f 2528/2466/2410 2542/2480/2424 2541/2479/2423
f 2528/2466/2410 2527/2465/2409 2542/2480/2424
f 2537/2475/2419 2539/2477/2421 2543/2481/2425
f 2540/2478/2422 2543/2481/2425 2539/2477/2421
f 2544/2482/2426 2537/2475/2419 2543/2481/2425
f 2540/2478/2422 2541/2479/2423 2545/2483/2427
f 2537/2475/2419 2544/2482/2426 2546/2484/2407
f 2538/2476/2420 2537/2475/2419 2546/2484/2407
f 2543/2481/2425 2540/2478/2422 2547/2485/2428
f 2540/2478/2422 2545/2483/2427 2547/2485/2428
f 2543/2481/2425 2548/2486/2429 2544/2482/2426
f 2548/2486/2429 2543/2481/2425 2547/2485/2428
f 2549/2487/2430 2546/2484/2407 2544/2482/2426
f 2548/2486/2429 2549/2487/2430 2544/2482/2426
f 2546/2484/2407 2550/2488/2431 2538/2476/2420
f 2551/2489/2432 2538/2476/2420 2550/2488/2431
f 2550/2488/2431 2546/2484/2407 2552/2490/2433
f 2546/2484/2407 2549/2487/2430 2552/2490/2433
f 2550/2488/2431 2553/2491/2434 2551/2489/2432
f 2554/2492/2435 2551/2489/2432 2553/2491/2434
f 2553/2491/2434 2555/2493/2436 2554/2492/2435
f 2556/2494/2437 2552/2490/2433 2549/2487/2430
f 2552/2490/2433 2556/2494/2437 2557/2495/2438
f 2549/2487/2430 2558/2496/2153 2556/2494/2437
f 2552/2490/2433 2559/2497/2439 2550/2488/2431
f 2559/2497/2439 2552/2490/2433 2557/2495/2438
f 2553/2491/2434 2550/2488/2431 2559/2497/2439
f 2557/2495/2438 2560/2498/2440 2559/2497/2439
f 2555/2493/2436 2553/2491/2434 2561/2499/2441
f 2559/2497/2439 2561/2499/2441 2553/2491/2434
f 2561/2499/2441 2559/2497/2439 2560/2498/2440
f 2562/2500/2442 2555/2493/2436 2561/2499/2441
f 2560/2498/2440 2562/2500/2442 2561/2499/2441
f 2452/2391/2339 2453/2392/2340 2563/2501/2443
f 2564/2502/2444 2563/2501/2443 2453/2392/2340
f 2454/2393/2341 2452/2391/2339 2565/2503/2445
f 2563/2501/2443 2565/2503/2445 2452/2391/2339
f 2455/2394/2342 2454/2393/2341 2566/2504/2446
f 2565/2503/2445 2566/2504/2446 2454/2393/2341
f 2563/2501/2443 2564/2502/2444 2567/2505/2447
f 2568/2506/2448 2567/2505/2447 2564/2502/2444
f 2565/2503/2445 2563/2501/2443 2569/2507/2449
f 2567/2505/2447 2569/2507/2449 2563/2501/2443
f 2566/2504/2446 2565/2503/2445 2570/2508/2450
f 2569/2507/2449 2570/2508/2450 2565/2503/2445
f 2567/2505/2447 2568/2506/2448 2571/2509/2451
f 2572/2510/2452 2571/2509/2451 2568/2506/2448
f 2569/2507/2449 2567/2505/2447 2573/2511/2453
f 2571/2509/2451 2573/2511/2453 2567/2505/2447
f 2570/2508/2450 2569/2507/2449 2574/2512/2454
f 2573/2511/2453 2574/2512/2454 2569/2507/2449
f 2571/2509/2451 2572/2510/2452 2575/2513/2455
f 2576/2514/2456 2575/2513/2455 2572/2510/2452
f 2573/2511/2453 2571/2509/2451 2577/2515/2457
f 2575/2513/2455 2577/2515/2457 2571/2509/2451
f 2574/2512/2454 2573/2511/2453 2578/2516/2458
f 2577/2515/2457 2578/2516/2458 2573/2511/2453
f 2575/2513/2455 2576/2514/2456 2579/2517/2459
f 2580/2518/2460 2579/2517/2459 2576/2514/2456
f 2577/2515/2457 2575/2513/2455 2581/2519/2461
f 2579/2517/2459 2581/2519/2461 2575/2513/2455
f 2578/2516/2458 2577/2515/2457 2582/2520/2462
f 2581/2519/2461 2582/2520/2462 2577/2515/2457
f 2583/2521/2463 2574/2512/2454 2578/2516/2458
f 2582/2520/2462 2583/2521/2463 2578/2516/2458
f 2579/2517/2459 2580/2518/2460 2584/2522/2464
f 2585/2523/2465 2584/2522/2464 2580/2518/2460
f 2581/2519/2461 2579/2517/2459 2586/2524/2466
f 2584/2522/2464 2586/2524/2466 2579/2517/2459
f 2582/2520/2462 2581/2519/2461 2587/2525/2467
f 2586/2524/2466 2587/2525/2467 2581/2519/2461
f 2584/2522/2464 2585/2523/2465 2588/2526/2468
f 2589/2527/2469 2588/2526/2468 2585/2523/2465
f 2586/2524/2466 2584/2522/2464 2590/2528/2470
f 2588/2526/2468 2590/2528/2470 2584/2522/2464
f 2588/2526/2468 2589/2527/2469 2591/2529/2471
f 2592/2530/1978 2591/2529/2471 2589/2527/2469
f 2590/2528/2470 2588/2526/2468 2593/2531/2472
f 2591/2529/2471 2593/2531/2472 2588/2526/2468
f 2591/2529/2471 2592/2530/1978 2594/2532/2473
f 2595/2533/1974 2594/2532/2473 2592/2530/1978
f 2593/2531/2472 2591/2529/2471 2596/2534/2474
f 2594/2532/2473 2596/2534/2474 2591/2529/2471
f 2594/2532/2473 2595/2533/1974 2597/2535/2475
f 2598/2536/1974 2597/2535/2475 2595/2533/1974
f 2596/2534/2474 2594/2532/2473 2599/2537/1991
f 2597/2535/2475 2598/2536/1974 2600/2538/2476
f 2601/2539/2477 2600/2538/2476 2598/2536/1974
f 2602/2540/2478 2594/2532/2473 2597/2535/2475
f 2594/2532/2473 2602/2540/2478 2599/2537/1991
f 2603/2541/2479 2597/2535/2475 2600/2538/2476
f 2597/2535/2475 2603/2541/2479 2602/2540/2478
f 2600/2538/2476 2601/2539/2477 2604/2542/2476
f 2605/2543/1970 2604/2542/2476 2601/2539/2477
f 2600/2538/2476 2606/2544/2479 2603/2541/2479
f 2606/2544/2479 2600/2538/2476 2604/2542/2476
f 2604/2542/2476 2605/2543/1970 2607/2545/2480
f 2608/2546/2481 2607/2545/2480 2605/2543/1970
f 2604/2542/2476 2609/2547/2482 2606/2544/2479
f 2609/2547/2482 2604/2542/2476 2607/2545/2480
f 2607/2545/2480 2608/2546/2481 2610/2548/2483
f 2611/2549/2484 2610/2548/2483 2608/2546/2481
f 2607/2545/2480 2612/2550/2485 2609/2547/2482
f 2612/2550/2485 2607/2545/2480 2610/2548/2483
f 2610/2548/2483 2611/2549/2484 2613/2551/2486
f 2614/2552/2487 2613/2551/2486 2611/2549/2484
f 2610/2548/2483 2615/2553/2488 2612/2550/2485
f 2615/2553/2488 2610/2548/2483 2613/2551/2486
f 2616/2554/2489 2609/2547/2482 2612/2550/2485
f 2615/2553/2488 2616/2554/2489 2612/2550/2485
f 2617/2555/2490 2606/2544/2479 2609/2547/2482
f 2609/2547/2482 2616/2554/2489 2617/2555/2490
f 2613/2551/2486 2614/2552/2487 2618/2556/2491
f 2619/2557/2492 2618/2556/2491 2614/2552/2487
f 2613/2551/2486 2620/2558/2493 2615/2553/2488
f 2620/2558/2493 2613/2551/2486 2618/2556/2491
f 2616/2554/2489 2615/2553/2488 2621/2559/2494
f 2620/2558/2493 2621/2559/2494 2615/2553/2488
f 2618/2556/2491 2619/2557/2492 2622/2560/2495
f 2623/2561/1955 2622/2560/2495 2619/2557/2492
f 2618/2556/2491 2624/2562/2496 2620/2558/2493
f 2624/2562/2496 2618/2556/2491 2622/2560/2495
f 2621/2559/2494 2620/2558/2493 2625/2563/2497
f 2624/2562/2496 2625/2563/2497 2620/2558/2493
f 2622/2560/2495 2623/2561/1955 2045/1993/1954
f 2046/1994/1955 2045/1993/1954 2623/2561/1955
f 2622/2560/2495 2050/1998/1958 2624/2562/2496
f 2050/1998/1958 2622/2560/2495 2045/1993/1954
f 2625/2563/2497 2624/2562/2496 2057/2005/1964
f 2050/1998/1958 2057/2005/1964 2624/2562/2496
f 2345/2290/2235 2037/1984/1946 2041/1989/1950
f 2044/1992/1953 2345/2290/2235 2041/1989/1950
f 2033/1977/1939 2043/1991/1952 2626/2564/2498
f 2626/2564/2498 2031/1976/1938 2033/1977/1939
f 2627/2565/2462 2043/1991/1952 2037/1984/1946
f 2037/1984/1946 2345/2290/2235 2627/2565/2462
f 2043/1991/1952 2627/2565/2462 2628/2566/2499
f 2628/2566/2499 2626/2564/2498 2043/1991/1952
f 2341/2286/2232 2627/2565/2462 2345/2290/2235
f 2629/2567/2500 2628/2566/2499 2627/2565/2462
f 2627/2565/2462 2341/2286/2232 2629/2567/2500
f 2031/1976/1938 2626/2564/2498 2392/2337/2282
f 2392/2337/2282 2029/1974/1936 2031/1976/1938
f 2626/2564/2498 2628/2566/2499 2630/2568/2501
f 2626/2564/2498 2389/2334/2279 2392/2337/2282
f 2389/2334/2279 2626/2564/2498 2630/2568/2501
f 2631/2569/2499 2630/2568/2501 2628/2566/2499
f 2628/2566/2499 2629/2567/2500 2631/2569/2499
f 2630/2568/2501 2386/2331/2276 2389/2334/2279
f 2630/2568/2501 2631/2569/2499 2632/2570/2502
f 2386/2331/2276 2630/2568/2501 2632/2570/2502
f 2633/2571/2503 2631/2569/2499 2629/2567/2500
f 2632/2570/2502 2301/2246/2192 2386/2331/2276
f 2634/2572/2504 2632/2570/2502 2631/2569/2499
f 2631/2569/2499 2633/2571/2503 2634/2572/2504
f 2632/2570/2502 2634/2572/2504 2635/2573/2490
f 2301/2246/2192 2632/2570/2502 2635/2573/2490
f 2629/2567/2500 2340/2285/2231 2633/2571/2503
f 2340/2285/2231 2629/2567/2500 2341/2286/2232
f 2636/2574/2505 2634/2572/2504 2633/2571/2503
f 2637/2575/2506 2633/2571/2503 2340/2285/2231
f 2633/2571/2503 2637/2575/2506 2636/2574/2505
f 2340/2285/2231 2315/2260/2206 2637/2575/2506
f 2310/2255/2201 2636/2574/2505 2637/2575/2506
f 2315/2260/2206 2310/2255/2201 2637/2575/2506
f 2634/2572/2504 2636/2574/2505 2638/2576/2507
f 2638/2576/2507 2635/2573/2490 2634/2572/2504
f 2639/2577/2262 2638/2576/2507 2636/2574/2505
f 2636/2574/2505 2310/2255/2201 2639/2577/2262
f 2635/2573/2490 2638/2576/2507 2640/2578/2508
f 2640/2578/2508 2301/2246/2192 2635/2573/2490
f 2638/2576/2507 2639/2577/2262 2296/2241/2187
f 2296/2241/2187 2640/2578/2508 2638/2576/2507
f 2310/2255/2201 2297/2242/2188 2639/2577/2262
f 2297/2242/2188 2296/2241/2187 2639/2577/2262
f 2301/2246/2192 2640/2578/2508 2298/2243/2189
f 2640/2578/2508 2296/2241/2187 2295/2240/2186
f 2295/2240/2186 2298/2243/2189 2640/2578/2508
f 2643/2579/2509 2642/2580/2510 2641/2581/2511
f 2644/2582/2512 2642/2580/2510 2643/2579/2509
f 2643/2579/2509 2645/2583/2513 2644/2582/2512
f 2644/2582/2512 2646/2584/2514 2642/2580/2510
f 2646/2584/2514 2644/2582/2512 2648/2585/2515
f 2648/2585/2515 2647/2586/2510 2646/2584/2514
f 2644/2582/2512 2649/2587/2516 2648/2585/2515
f 2649/2587/2516 2644/2582/2512 2645/2583/2513
f 2558/2496/2153 2648/2585/2515 2649/2587/2516
f 2645/2583/2513 2650/2588/2517 2649/2587/2516
f 2650/2588/2517 2645/2583/2513 2651/2589/2518
f 2556/2494/2437 2649/2587/2516 2650/2588/2517
f 2649/2587/2516 2556/2494/2437 2558/2496/2153
f 2652/2590/2519 2650/2588/2517 2651/2589/2518
f 2651/2589/2518 2653/2591/2520 2652/2590/2519
f 2650/2588/2517 2652/2590/2519 2654/2592/2521
f 2654/2592/2521 2556/2494/2437 2650/2588/2517
f 2655/2593/2522 2652/2590/2519 2653/2591/2520
f 2653/2591/2520 2656/2594/2523 2655/2593/2522
f 2657/2595/2524 2654/2592/2521 2652/2590/2519
f 2652/2590/2519 2655/2593/2522 2657/2595/2524
f 2556/2494/2437 2654/2592/2521 2557/2495/2438
f 2654/2592/2521 2657/2595/2524 2560/2498/2440
f 2560/2498/2440 2557/2495/2438 2654/2592/2521
f 2655/2593/2522 2562/2500/2442 2657/2595/2524
f 2562/2500/2442 2560/2498/2440 2657/2595/2524
f 2656/2594/2523 2658/2596/2525 2655/2593/2522
f 2562/2500/2442 2655/2593/2522 2658/2596/2525
f 2658/2596/2525 2656/2594/2523 2659/2597/2526
f 2656/2594/2523 2660/2598/2527 2659/2597/2526
f 2658/2596/2525 2661/2599/2528 2562/2500/2442
f 2659/2597/2526 2662/2600/2529 2658/2596/2525
f 2661/2599/2528 2658/2596/2525 2662/2600/2529
f 2660/2598/2527 2663/2601/2530 2659/2597/2526
f 2662/2600/2529 2659/2597/2526 2663/2601/2530
f 2664/2602/2531 2661/2599/2528 2662/2600/2529
f 2663/2601/2530 2664/2602/2531 2662/2600/2529
f 2555/2493/2436 2562/2500/2442 2661/2599/2528
f 2663/2601/2530 2660/2598/2527 2665/2603/2532
f 2666/2604/2533 2665/2603/2532 2660/2598/2527
f 2665/2603/2532 2667/2605/2534 2663/2601/2530
f 2664/2602/2531 2663/2601/2530 2667/2605/2534
f 2665/2603/2532 2666/2604/2533 2266/2214/2162
f 2265/2213/2161 2266/2214/2162 2666/2604/2533
f 2667/2605/2534 2665/2603/2532 2668/2606/2535
f 2266/2214/2162 2668/2606/2535 2665/2603/2532
f 2667/2605/2534 2435/2374/2323 2664/2602/2531
f 2435/2374/2323 2667/2605/2534 2434/2373/2165
f 2668/2606/2535 2434/2373/2165 2667/2605/2534
f 2439/2378/2327 2664/2602/2531 2435/2374/2323
f 2434/2373/2165 2668/2606/2535 2271/2219/2166
f 2664/2602/2531 2439/2378/2327 2669/2607/2536
f 2661/2599/2528 2664/2602/2531 2669/2607/2536
f 2669/2607/2536 2555/2493/2436 2661/2599/2528
f 2439/2378/2327 2670/2608/2537 2669/2607/2536
f 2555/2493/2436 2669/2607/2536 2670/2608/2537
f 2670/2608/2537 2439/2378/2327 2446/2385/2327
f 2267/2215/2163 2271/2219/2166 2668/2606/2535
f 2668/2606/2535 2266/2214/2162 2267/2215/2163
f 2446/2385/2327 2671/2609/2538 2670/2608/2537
f 2671/2609/2538 2446/2385/2327 2447/2386/2334
f 2670/2608/2537 2554/2492/2435 2555/2493/2436
f 2554/2492/2435 2670/2608/2537 2671/2609/2538
f 2447/2386/2334 2672/2610/2539 2671/2609/2538
f 2672/2610/2539 2554/2492/2435 2671/2609/2538
f 2672/2610/2539 2447/2386/2334 2451/2390/2338
f 2451/2390/2338 2673/2611/2540 2672/2610/2539
f 2673/2611/2540 2451/2390/2338 2455/2394/2342
f 2554/2492/2435 2672/2610/2539 2674/2612/2027
f 2673/2611/2540 2674/2612/2027 2672/2610/2539
f 2455/2394/2342 2675/2613/2541 2673/2611/2540
f 2675/2613/2541 2455/2394/2342 2566/2504/2446
f 2674/2612/2027 2673/2611/2540 2676/2614/2034
f 2675/2613/2541 2676/2614/2034 2673/2611/2540
f 2551/2489/2432 2554/2492/2435 2674/2612/2027
f 2566/2504/2446 2677/2615/2542 2675/2613/2541
f 2677/2615/2542 2566/2504/2446 2570/2508/2450
f 2678/2616/2543 2674/2612/2027 2676/2614/2034
f 2674/2612/2027 2678/2616/2543 2551/2489/2432
f 2676/2614/2034 2675/2613/2541 2679/2617/2415
f 2570/2508/2450 2680/2618/2544 2677/2615/2542
f 2680/2618/2544 2570/2508/2450 2574/2512/2454
f 2574/2512/2454 2583/2521/2463 2680/2618/2544
f 2681/2619/2545 2675/2613/2541 2677/2615/2542
f 2675/2613/2541 2681/2619/2545 2679/2617/2415
f 2682/2620/2546 2677/2615/2542 2680/2618/2544
f 2677/2615/2542 2682/2620/2546 2681/2619/2545
f 2683/2621/2547 2680/2618/2544 2583/2521/2463
f 2680/2618/2544 2683/2621/2547 2682/2620/2546
f 2683/2621/2547 2684/2622/2548 2682/2620/2546
f 2684/2622/2548 2681/2619/2545 2682/2620/2546
f 2583/2521/2463 2685/2623/2549 2683/2621/2547
f 2686/2624/2550 2679/2617/2415 2681/2619/2545
f 2681/2619/2545 2684/2622/2548 2686/2624/2550
f 2687/2625/2412 2676/2614/2034 2679/2617/2415
f 2679/2617/2415 2686/2624/2550 2687/2625/2412
f 2676/2614/2034 2687/2625/2412 2678/2616/2543
f 2684/2622/2548 2683/2621/2547 2688/2626/2370
f 2685/2623/2549 2688/2626/2370 2683/2621/2547
f 2689/2627/2551 2686/2624/2550 2684/2622/2548
f 2535/2473/2417 2687/2625/2412 2686/2624/2550
f 2686/2624/2550 2689/2627/2551 2535/2473/2417
f 2536/2474/2418 2678/2616/2543 2687/2625/2412
f 2687/2625/2412 2535/2473/2417 2536/2474/2418
f 2678/2616/2543 2536/2474/2418 2538/2476/2420
f 2538/2476/2420 2551/2489/2432 2678/2616/2543
f 2684/2622/2548 2690/2628/2552 2689/2627/2551
f 2690/2628/2552 2684/2622/2548 2688/2626/2370
f 2531/2469/2413 2535/2473/2417 2689/2627/2551
f 2530/2468/2412 2689/2627/2551 2690/2628/2552
f 2689/2627/2551 2530/2468/2412 2531/2469/2413
f 2690/2628/2552 2691/2629/2553 2530/2468/2412
f 2688/2626/2370 2692/2630/2554 2690/2628/2552
f 2691/2629/2553 2690/2628/2552 2692/2630/2554
f 2692/2630/2554 2688/2626/2370 2693/2631/2555
f 2688/2626/2370 2685/2623/2549 2693/2631/2555
f 2694/2632/2386 2692/2630/2554 2693/2631/2555
f 2685/2623/2549 2694/2632/2386 2693/2631/2555
f 2692/2630/2554 2694/2632/2386 2695/2633/2556
f 2695/2633/2556 2691/2629/2553 2692/2630/2554
f 2694/2632/2386 2685/2623/2549 2696/2634/2557
f 2697/2635/2558 2695/2633/2556 2694/2632/2386
f 2696/2634/2557 2697/2635/2558 2694/2632/2386
f 2698/2636/2559 2696/2634/2557 2685/2623/2549
f 2685/2623/2549 2583/2521/2463 2698/2636/2559
f 2583/2521/2463 2582/2520/2462 2698/2636/2559
f 2582/2520/2462 2699/2637/2560 2698/2636/2559
f 2696/2634/2557 2698/2636/2559 2699/2637/2560
f 2699/2637/2560 2582/2520/2462 2587/2525/2467
f 2699/2637/2560 2700/2638/2561 2696/2634/2557
f 2697/2635/2558 2696/2634/2557 2700/2638/2561
f 2587/2525/2467 2701/2639/2562 2699/2637/2560
f 2700/2638/2561 2699/2637/2560 2701/2639/2562
f 2702/2640/2563 2697/2635/2558 2700/2638/2561
f 2701/2639/2562 2702/2640/2563 2700/2638/2561
f 2701/2639/2562 2587/2525/2467 2703/2641/2388
f 2587/2525/2467 2586/2524/2466 2703/2641/2388
f 2703/2641/2388 2704/2642/2549 2701/2639/2562
f 2702/2640/2563 2701/2639/2562 2704/2642/2549
f 2586/2524/2466 2705/2643/2564 2703/2641/2388
f 2704/2642/2549 2703/2641/2388 2705/2643/2564
f 2705/2643/2564 2586/2524/2466 2590/2528/2470
f 2706/2644/2565 2702/2640/2563 2704/2642/2549
f 2705/2643/2564 2706/2644/2565 2704/2642/2549
f 2590/2528/2470 2707/2645/2566 2705/2643/2564
f 2706/2644/2565 2705/2643/2564 2707/2645/2566
f 2707/2645/2566 2590/2528/2470 2593/2531/2472
f 2707/2645/2566 2708/2646/2567 2706/2644/2565
f 2593/2531/2472 2709/2647/2568 2707/2645/2566
f 2708/2646/2567 2707/2645/2566 2709/2647/2568
f 2709/2647/2568 2593/2531/2472 2596/2534/2474
f 2596/2534/2474 2710/2648/2569 2709/2647/2568
f 2710/2648/2569 2708/2646/2567 2709/2647/2568
f 2710/2648/2569 2596/2534/2474 2599/2537/1991
f 2708/2646/2567 2711/2649/2570 2706/2644/2565
f 2702/2640/2563 2706/2644/2565 2711/2649/2570
f 2708/2646/2567 2710/2648/2569 2712/2650/2571
f 2599/2537/1991 2713/2651/2572 2710/2648/2569
f 2713/2651/2572 2712/2650/2571 2710/2648/2569
f 2713/2651/2572 2599/2537/1991 2602/2540/2478
f 2712/2650/2571 2714/2652/2567 2708/2646/2567
f 2711/2649/2570 2708/2646/2567 2714/2652/2567
f 2712/2650/2571 2713/2651/2572 2715/2653/2573
f 2602/2540/2478 2716/2654/2574 2713/2651/2572
f 2716/2654/2574 2715/2653/2573 2713/2651/2572
f 2716/2654/2574 2602/2540/2478 2603/2541/2479
f 2715/2653/2573 2717/2655/2575 2712/2650/2571
f 2714/2652/2567 2712/2650/2571 2717/2655/2575
f 2715/2653/2573 2716/2654/2574 2718/2656/1959
f 2603/2541/2479 2719/2657/2576 2716/2654/2574
f 2719/2657/2576 2718/2656/1959 2716/2654/2574
f 2719/2657/2576 2603/2541/2479 2606/2544/2479
f 2606/2544/2479 2617/2555/2490 2719/2657/2576
f 2718/2656/1959 2719/2657/2576 2720/2658/2577
f 2617/2555/2490 2720/2658/2577 2719/2657/2576
f 2718/2656/1959 2721/2659/2578 2715/2653/2573
f 2717/2655/2575 2715/2653/2573 2721/2659/2578
f 2720/2658/2577 2722/2660/2579 2718/2656/1959
f 2721/2659/2578 2718/2656/1959 2722/2660/2579
f 2720/2658/2577 2617/2555/2490 2723/2661/2580
f 2616/2554/2489 2723/2661/2580 2617/2555/2490
f 2722/2660/2579 2720/2658/2577 2724/2662/2581
f 2723/2661/2580 2724/2662/2581 2720/2658/2577
f 2723/2661/2580 2616/2554/2489 2725/2663/2582
f 2621/2559/2494 2725/2663/2582 2616/2554/2489
f 2724/2662/2581 2723/2661/2580 2726/2664/2583
f 2725/2663/2582 2726/2664/2583 2723/2661/2580
f 2502/2441/2386 2722/2660/2579 2724/2662/2581
f 2726/2664/2583 2502/2441/2386 2724/2662/2581
f 2506/2445/2390 2721/2659/2578 2722/2660/2579
f 2722/2660/2579 2502/2441/2386 2506/2445/2390
f 2725/2663/2582 2621/2559/2494 2727/2665/2584
f 2625/2563/2497 2727/2665/2584 2621/2559/2494
f 2726/2664/2583 2725/2663/2582 2728/2666/2585
f 2727/2665/2584 2728/2666/2585 2725/2663/2582
f 2502/2441/2386 2726/2664/2583 2498/2437/2254
f 2728/2666/2585 2498/2437/2254 2726/2664/2583
f 2727/2665/2584 2625/2563/2497 2729/2667/2586
f 2057/2005/1964 2729/2667/2586 2625/2563/2497
f 2728/2666/2585 2727/2665/2584 2730/2668/2587
f 2729/2667/2586 2730/2668/2587 2727/2665/2584
f 2498/2437/2254 2728/2666/2585 2494/2433/2379
f 2730/2668/2587 2494/2433/2379 2728/2666/2585
f 2729/2667/2586 2057/2005/1964 2731/2669/2588
f 2056/2004/1963 2731/2669/2588 2057/2005/1964
f 2730/2668/2587 2729/2667/2586 2732/2670/2589
f 2731/2669/2588 2732/2670/2589 2729/2667/2586
f 2494/2433/2379 2730/2668/2587 2490/2429/2375
f 2732/2670/2589 2490/2429/2375 2730/2668/2587
f 2731/2669/2588 2056/2004/1963 2733/2671/2590
f 2058/2006/1965 2733/2671/2590 2056/2004/1963
f 2732/2670/2589 2731/2669/2588 2734/2672/2591
f 2733/2671/2590 2734/2672/2591 2731/2669/2588
f 2490/2429/2375 2732/2670/2589 2485/2424/2370
f 2734/2672/2591 2485/2424/2370 2732/2670/2589
f 2733/2671/2590 2058/2006/1965 2735/2673/2592
f 2062/2010/1968 2735/2673/2592 2058/2006/1965
f 2734/2672/2591 2733/2671/2590 2736/2674/1961
f 2735/2673/2592 2736/2674/1961 2733/2671/2590
f 2485/2424/2370 2734/2672/2591 2483/2422/2368
f 2736/2674/1961 2483/2422/2368 2734/2672/2591
f 2735/2673/2592 2062/2010/1968 2737/2675/2593
f 2066/2014/1972 2737/2675/2593 2062/2010/1968
f 2736/2674/1961 2735/2673/2592 2738/2676/2495
f 2737/2675/2593 2738/2676/2495 2735/2673/2592
f 2483/2422/2368 2736/2674/1961 2476/2415/2362
f 2738/2676/2495 2476/2415/2362 2736/2674/1961
f 2737/2675/2593 2066/2014/1972 2456/2395/2343
f 2070/2018/1976 2456/2395/2343 2066/2014/1972
f 2738/2676/2495 2737/2675/2593 2458/2397/2345
f 2456/2395/2343 2458/2397/2345 2737/2675/2593
f 2476/2415/2362 2738/2676/2495 2460/2399/2347
f 2458/2397/2345 2460/2399/2347 2738/2676/2495
f 2506/2445/2390 2512/2451/2396 2739/2677/2594
f 2721/2659/2578 2506/2445/2390 2739/2677/2594
f 2739/2677/2594 2717/2655/2575 2721/2659/2578
f 2740/2678/2595 2739/2677/2594 2512/2451/2396
f 2717/2655/2575 2739/2677/2594 2741/2679/2578
f 2739/2677/2594 2740/2678/2595 2741/2679/2578
f 2741/2679/2578 2714/2652/2567 2717/2655/2575
f 2714/2652/2567 2741/2679/2578 2742/2680/2393
f 2741/2679/2578 2743/2681/2596 2742/2680/2393
f 2743/2681/2596 2741/2679/2578 2740/2678/2595
f 2744/2682/2597 2714/2652/2567 2742/2680/2393
f 2743/2681/2596 2744/2682/2597 2742/2680/2393
f 2714/2652/2567 2744/2682/2597 2711/2649/2570
f 2745/2683/2598 2740/2678/2595 2512/2451/2396
f 2512/2451/2396 2511/2450/2395 2745/2683/2598
f 2740/2678/2595 2746/2684/2599 2743/2681/2596
f 2747/2685/2600 2711/2649/2570 2744/2682/2597
f 2711/2649/2570 2747/2685/2600 2702/2640/2563
f 2697/2635/2558 2702/2640/2563 2747/2685/2600
f 2747/2685/2600 2748/2686/2601 2697/2635/2558
f 2695/2633/2556 2697/2635/2558 2748/2686/2601
f 2744/2682/2597 2749/2687/2454 2747/2685/2600
f 2748/2686/2601 2747/2685/2600 2749/2687/2454
f 2749/2687/2454 2744/2682/2597 2750/2688/2602
f 2744/2682/2597 2743/2681/2596 2750/2688/2602
f 2751/2689/2603 2748/2686/2601 2749/2687/2454
f 2750/2688/2602 2751/2689/2603 2749/2687/2454
f 2743/2681/2596 2752/2690/2604 2750/2688/2602
f 2751/2689/2603 2750/2688/2602 2752/2690/2604
f 2752/2690/2604 2743/2681/2596 2746/2684/2599
f 2748/2686/2601 2753/2691/2605 2695/2633/2556
f 2691/2629/2553 2695/2633/2556 2753/2691/2605
f 2748/2686/2601 2751/2689/2603 2754/2692/2606
f 2753/2691/2605 2748/2686/2601 2754/2692/2606
f 2755/2693/2607 2752/2690/2604 2746/2684/2599
f 2756/2694/2608 2751/2689/2603 2752/2690/2604
f 2752/2690/2604 2755/2693/2607 2756/2694/2608
f 2757/2695/2609 2754/2692/2606 2751/2689/2603
f 2751/2689/2603 2756/2694/2608 2757/2695/2609
f 2758/2696/2610 2753/2691/2605 2754/2692/2606
f 2754/2692/2606 2757/2695/2609 2758/2696/2610
f 2753/2691/2605 2758/2696/2610 2759/2697/2611
f 2759/2697/2611 2691/2629/2553 2753/2691/2605
f 2691/2629/2553 2759/2697/2611 2523/2461/2405
f 2523/2461/2405 2530/2468/2412 2691/2629/2553
f 2518/2455/2399 2759/2697/2611 2758/2696/2610
f 2760/2698/2612 2758/2696/2610 2757/2695/2609
f 2758/2696/2610 2760/2698/2612 2518/2455/2399
f 2757/2695/2609 2761/2699/2613 2760/2698/2612
f 2761/2699/2613 2757/2695/2609 2756/2694/2608
f 2759/2697/2611 2518/2455/2399 2520/2458/2402
f 2520/2458/2402 2523/2461/2405 2759/2697/2611
f 2756/2694/2608 2516/2452/2397 2761/2699/2613
f 2516/2452/2397 2756/2694/2608 2755/2693/2607
f 2761/2699/2613 2514/2700/1158 2760/2698/2612
f 2516/2452/2397 2513/2454/1156 2761/2699/2613
f 2761/2699/2613 2513/2454/1156 2514/2700/1158
f 2760/2698/2612 2514/2700/1158 2515/2456/2400
f 2760/2698/2612 2515/2456/2400 2518/2455/2399
f 2289/2236/2047 2288/2235/2181 2762/2701/2614
f 2763/2702/2615 2290/2237/2182 2289/2236/2047
f 2762/2701/2614 2763/2702/2615 2289/2236/2047
f 2281/2225/2171 2290/2237/2182 2764/2703/2616
f 2764/2703/2616 2282/2226/2172 2281/2225/2171
f 2765/2704/2617 2764/2703/2616 2290/2237/2182
f 2290/2237/2182 2763/2702/2615 2765/2704/2617
f 2282/2226/2172 2764/2703/2616 2766/2705/2618
f 2764/2703/2616 2765/2704/2617 2767/2706/2619
f 2767/2706/2619 2766/2705/2618 2764/2703/2616
f 2766/2705/2618 2768/2707/2620 2282/2226/2172
f 2279/2227/2173 2282/2226/2172 2768/2707/2620
f 2766/2705/2618 2767/2706/2619 2769/2708/2621
f 2768/2707/2620 2770/2709/2622 2279/2227/2173
f 2770/2709/2622 2278/2710/2623 2279/2227/2173
f 2768/2707/2620 2766/2705/2618 2771/2711/2624
f 2769/2708/2621 2771/2711/2624 2766/2705/2618
f 2772/2712/2625 2770/2709/2622 2768/2707/2620
f 2771/2711/2624 2772/2712/2625 2768/2707/2620
f 2770/2709/2622 2641/2581/2511 2278/2710/2623
f 2772/2712/2625 2643/2579/2509 2770/2709/2622
f 2643/2579/2509 2641/2581/2511 2770/2709/2622
f 2772/2712/2625 2771/2711/2624 2773/2713/2626
f 2771/2711/2624 2769/2708/2621 2774/2714/2141
f 2774/2714/2141 2773/2713/2626 2771/2711/2624
f 2773/2713/2626 2775/2715/2419 2772/2712/2625
f 2775/2715/2419 2643/2579/2509 2772/2712/2625
f 2773/2713/2626 2774/2714/2141 2776/2716/2627
f 2775/2715/2419 2773/2713/2626 2777/2717/2628
f 2776/2716/2627 2777/2717/2628 2773/2713/2626
f 2651/2589/2518 2775/2715/2419 2777/2717/2628
f 2777/2717/2628 2776/2716/2627 2653/2591/2520
f 2653/2591/2520 2651/2589/2518 2777/2717/2628
f 2645/2583/2513 2643/2579/2509 2775/2715/2419
f 2775/2715/2419 2651/2589/2518 2645/2583/2513
f 2656/2594/2523 2653/2591/2520 2776/2716/2627
f 2778/2718/2629 2776/2716/2627 2774/2714/2141
f 2776/2716/2627 2778/2718/2629 2656/2594/2523
f 2774/2714/2141 2779/2719/2630 2778/2718/2629
f 2779/2719/2630 2774/2714/2141 2769/2708/2621
f 2769/2708/2621 2780/2720/2105 2779/2719/2630
f 2780/2720/2105 2769/2708/2621 2767/2706/2619
f 2767/2706/2619 2781/2721/2631 2780/2720/2105
f 2265/2213/2161 2779/2719/2630 2780/2720/2105
f 2781/2721/2631 2265/2213/2161 2780/2720/2105
f 2781/2721/2631 2767/2706/2619 2765/2704/2617
f 2666/2604/2533 2778/2718/2629 2779/2719/2630
f 2779/2719/2630 2265/2213/2161 2666/2604/2533
f 2778/2718/2629 2666/2604/2533 2660/2598/2527
f 2660/2598/2527 2656/2594/2523 2778/2718/2629
f 2765/2704/2617 2782/2722/2102 2781/2721/2631
f 2782/2722/2102 2765/2704/2617 2763/2702/2615
f 2265/2213/2161 2781/2721/2631 2262/2210/2158
f 2783/2723/2632 2781/2721/2631 2782/2722/2102
f 2781/2721/2631 2783/2723/2632 2262/2210/2158
f 2782/2722/2102 2252/2200/2149 2783/2723/2632
f 2253/2201/2150 2262/2210/2158 2783/2723/2632
f 2252/2200/2149 2253/2201/2150 2783/2723/2632
f 2763/2702/2615 2784/2724/2158 2782/2722/2102
f 2252/2200/2149 2782/2722/2102 2784/2724/2158
f 2784/2724/2158 2763/2702/2615 2785/2725/2132
f 2763/2702/2615 2762/2701/2614 2785/2725/2132
f 2784/2724/2158 2246/2194/2143 2252/2200/2149
f 2785/2725/2132 2786/2726/2633 2784/2724/2158
f 2246/2194/2143 2784/2724/2158 2786/2726/2633
f 2762/2701/2614 2787/2727/2634 2785/2725/2132
f 2786/2726/2633 2785/2725/2132 2787/2727/2634
f 2242/2190/2139 2246/2194/2143 2786/2726/2633
f 2787/2727/2634 2242/2190/2139 2786/2726/2633
f 2248/2196/2145 2252/2200/2149 2246/2194/2143
f 2787/2727/2634 2762/2701/2614 2788/2728/2635
f 2762/2701/2614 2789/2729/2636 2788/2728/2635
f 2789/2729/2636 2762/2701/2614 2288/2235/2181
f 2788/2728/2635 2790/2730/2637 2787/2727/2634
f 2242/2190/2139 2787/2727/2634 2790/2730/2637
f 2288/2235/2181 2287/2234/2180 2789/2729/2636
f 2789/2729/2636 2791/2731/2638 2788/2728/2635
f 2790/2730/2637 2788/2728/2635 2791/2731/2638
f 2789/2729/2636 2287/2234/2180 2792/2732/2639
f 2791/2731/2638 2789/2729/2636 2792/2732/2639
f 2792/2732/2639 2287/2234/2180 2793/2733/2640
f 2794/2734/2641 2791/2731/2638 2792/2732/2639
f 2793/2733/2640 2794/2734/2641 2792/2732/2639
f 2795/2735/2642 2790/2730/2637 2791/2731/2638
f 2791/2731/2638 2794/2734/2641 2795/2735/2642
f 2790/2730/2637 2795/2735/2642 2239/2187/2136
f 2239/2187/2136 2242/2190/2139 2790/2730/2637
f 2235/2183/2133 2239/2187/2136 2795/2735/2642
f 2796/2736/2643 2795/2735/2642 2794/2734/2641
f 2795/2735/2642 2796/2736/2643 2235/2183/2133
f 2794/2734/2641 2793/2733/2640 2797/2737/2644
f 2794/2734/2641 2798/2738/2645 2796/2736/2643
f 2798/2738/2645 2794/2734/2641 2797/2737/2644
f 2287/2234/2180 2799/2739/2646 2793/2733/2640
f 2287/2234/2180 2273/2232/2178 2799/2739/2646
f 2800/2740/2645 2796/2736/2643 2798/2738/2645
f 2796/2736/2643 2800/2740/2645 2232/2180/2130
f 2232/2180/2130 2235/2183/2133 2796/2736/2643
f 2233/2181/2131 2232/2180/2130 2800/2740/2645
f 2235/2183/2133 2232/2180/2130 2230/2178/2128
f 2480/2419/2365 2801/2741/2647 2802/2742/2648
f 2479/2418/2364 2480/2419/2365 2802/2742/2648
f 2802/2742/2648 2804/2743/2649 2479/2418/2364
f 2478/2417/2363 2479/2418/2364 2804/2743/2649
f 2804/2743/2649 2487/2426/2372 2478/2417/2363
f 2802/2742/2648 2801/2741/2647 2805/2744/2650
f 2804/2743/2649 2802/2742/2648 2805/2744/2650
f 2805/2744/2650 2801/2741/2647 2803/2745/2651
f 2487/2426/2372 2804/2743/2649 2806/2746/2652
f 2805/2744/2650 2806/2746/2652 2804/2743/2649
f 2806/2746/2652 2491/2430/2376 2487/2426/2372
f 2805/2744/2650 2803/2745/2651 2807/2747/2653
f 2806/2746/2652 2805/2744/2650 2807/2747/2653
f 2491/2430/2376 2806/2746/2652 2808/2748/2654
f 2807/2747/2653 2808/2748/2654 2806/2746/2652
f 2808/2748/2654 2495/2434/2380 2491/2430/2376
f 2495/2434/2380 2808/2748/2654 2809/2749/2655
f 2809/2749/2655 2499/2438/2383 2495/2434/2380
f 2808/2748/2654 2807/2747/2653 2810/2750/2656
f 2808/2748/2654 2810/2750/2656 2809/2749/2655
f 2807/2747/2653 2803/2745/2651 2811/2751/2657
f 2807/2747/2653 2811/2751/2657 2810/2750/2656
f 2499/2438/2383 2809/2749/2655 2812/2752/2658
f 2812/2752/2658 2503/2442/2387 2499/2438/2383
f 2809/2749/2655 2810/2750/2656 2813/2753/2659
f 2809/2749/2655 2813/2753/2659 2812/2752/2658
f 2810/2750/2656 2811/2751/2657 2814/2754/2660
f 2810/2750/2656 2814/2754/2660 2813/2753/2659
f 2503/2442/2387 2812/2752/2658 2815/2755/2661
f 2815/2755/2661 2507/2446/2391 2503/2442/2387
f 2507/2446/2391 2815/2755/2661 2816/2756/2662
f 2812/2752/2658 2817/2757/2663 2815/2755/2661
f 2812/2752/2658 2813/2753/2659 2817/2757/2663
f 2815/2755/2661 2818/2758/2664 2816/2756/2662
f 2815/2755/2661 2817/2757/2663 2818/2758/2664
f 2816/2756/2662 2818/2758/2664 2819/2759/2665
f 2813/2753/2659 2820/2760/1296 2817/2757/2663
f 2813/2753/2659 2814/2754/2660 2820/2760/1296
f 2821/2761/2666 2817/2757/2663 2822/2762/2667
f 2817/2757/2663 2820/2760/1296 2822/2762/2667
f 2824/2763/2668 2825/2514/2669 2823/2764/2670
f 2825/2514/2669 2824/2763/2668 2826/2518/2671
f 2827/2765/2672 2826/2518/2671 2824/2763/2668
f 2828/2766/2673 2830/2767/2674 2829/2000/2675
f 2830/2767/2674 2831/2003/2676 2829/2000/2675
f 2833/2768/2677 2834/2369/2678 2832/2769/2679
f 2835/2366/2680 2832/2769/2679 2834/2369/2678
f 2832/2769/2679 2835/2366/2680 2407/2352/2296
f 2834/2369/2678 2833/2768/2677 2836/2371/2681
f 2406/2351/2295 2407/2352/2296 2835/2366/2680
f 2837/2770/2682 2836/2371/2681 2833/2768/2677
f 2836/2371/2681 2837/2770/2682 2838/2376/2683
f 2839/2771/2684 2838/2376/2683 2837/2770/2682
f 2838/2376/2683 2839/2771/2684 2840/2380/2685
f 2841/2772/2686 2840/2380/2685 2839/2771/2684
f 2840/2380/2685 2841/2772/2686 2842/2383/2332
f 2843/2773/2687 2842/2383/2332 2841/2772/2686
f 2842/2383/2332 2843/2773/2687 2844/2388/2688
f 2845/2774/2689 2844/2388/2688 2843/2773/2687
f 2844/2388/2688 2845/2774/2689 2846/2392/2690
f 2847/2775/2691 2846/2392/2690 2845/2774/2689
f 2846/2392/2690 2847/2775/2691 2848/2502/2692
f 2849/2776/2693 2848/2502/2692 2847/2775/2691
f 2848/2502/2692 2849/2776/2693 2850/2506/2694
f 2851/2777/2695 2850/2506/2694 2849/2776/2693
f 2850/2506/2694 2851/2777/2695 2852/2510/2452
f 2823/2764/2670 2852/2510/2452 2851/2777/2695
f 2852/2510/2452 2823/2764/2670 2825/2514/2669
f 2558/2496/2153 2549/2487/2430 2853/2778/2696
f 2549/2487/2430 2548/2486/2429 2853/2778/2696
f 2854/2779/2697 2558/2496/2153 2853/2778/2696
f 2855/2780/2698 2853/2778/2696 2548/2486/2429
f 2853/2778/2696 2855/2780/2698 2854/2779/2697
f 2548/2486/2429 2856/2781/2699 2855/2780/2698
f 2856/2781/2699 2548/2486/2429 2547/2485/2428
f 2547/2485/2428 2545/2483/2427 2856/2781/2699
f 2558/2496/2153 2854/2779/2697 2857/2782/2700
f 2648/2585/2515 2558/2496/2153 2857/2782/2700
f 2647/2586/2510 2648/2585/2515 2857/2782/2700
f 2854/2779/2697 2858/2783/2701 2857/2782/2700
f 2857/2782/2700 2858/2783/2701 2647/2586/2510
f 2854/2779/2697 2859/2784/2702 2858/2783/2701
f 2859/2784/2702 2854/2779/2697 2855/2780/2698
f 2855/2780/2698 2860/2785/1324 2859/2784/2702
f 2856/2781/2699 2860/2785/1324 2855/2780/2698
f 2856/2781/2699 2861/2786/1328 2860/2785/1324
f 2545/2483/2427 2861/2786/1328 2856/2781/2699
f 2545/2483/2427 2862/2787/2703 2861/2786/1328
f 2541/2479/2423 2862/2787/2703 2545/2483/2427
f 2541/2479/2423 2542/2480/2424 2862/2787/2703
f 2745/2683/2598 2863/2788/2704 2864/2789/2705
f 2865/2790/2706 2864/2789/2705 2863/2788/2704
f 2863/2788/2704 2745/2683/2598 2511/2450/2395
f 2866/2791/2707 2867/2792/2708 2865/2790/2706
f 2863/2788/2704 2866/2791/2707 2865/2790/2706
f 2511/2450/2395 2868/2793/2709 2863/2788/2704
f 2866/2791/2707 2863/2788/2704 2868/2793/2709
f 2868/2793/2709 2511/2450/2395 2508/2447/2392
f 2508/2447/2392 2510/2449/2394 2868/2793/2709
f 2868/2793/2709 2869/2794/2710 2866/2791/2707
f 2869/2794/2710 2868/2793/2709 2510/2449/2394
f 2866/2791/2707 2870/2795/2711 2867/2792/2708
f 2869/2794/2710 2870/2795/2711 2866/2791/2707
f 2510/2449/2394 2816/2756/2662 2869/2794/2710
f 2816/2756/2662 2510/2449/2394 2507/2446/2391
f 2869/2794/2710 2819/2759/2665 2870/2795/2711
f 2816/2756/2662 2819/2759/2665 2869/2794/2710
f 2872/2796/2712 2871/2797/2713 2517/2453/2398
f 2872/2796/2712 2517/2453/2398 2516/2452/2397
f 2755/2693/2607 2872/2796/2712 2516/2452/2397
f 2874/2798/2714 2871/2797/2713 2872/2796/2712
f 2874/2798/2714 2873/2799/2715 2871/2797/2713
f 2875/2800/2716 2874/2798/2714 2872/2796/2712
f 2872/2796/2712 2755/2693/2607 2875/2800/2716
f 2755/2693/2607 2876/2801/2717 2875/2800/2716
f 2876/2801/2717 2755/2693/2607 2746/2684/2599
f 2746/2684/2599 2740/2678/2595 2876/2801/2717
f 2740/2678/2595 2745/2683/2598 2876/2801/2717
f 2876/2801/2717 2864/2789/2705 2875/2800/2716
f 2864/2789/2705 2876/2801/2717 2745/2683/2598
f 2874/2798/2714 2875/2800/2716 2864/2789/2705
f 2865/2790/2706 2873/2799/2715 2874/2798/2714
f 2864/2789/2705 2865/2790/2706 2874/2798/2714
f 2865/2790/2706 2867/2792/2708 2873/2799/2715
f 2878/2802/2718 2879/2355/2719 2877/2803/2720
f 2879/2355/2719 2878/2802/2718 2880/2357/2721
f 2398/2344/2288 2880/2357/2721 2878/2802/2718
f 2881/2354/2722 2877/2803/2720 2879/2355/2719
f 2880/2357/2721 2398/2344/2288 2399/2343/2287
f 2882/2804/2723 2883/2142/2724 2884/2805/2725
f 2885/2137/2726 2884/2805/2725 2883/2142/2724
f 2886/2806/2725 2887/2132/2726 2888/2807/2727
f 2889/2127/2728 2888/2807/2727 2887/2132/2726
f 2888/2807/2727 2889/2127/2728 2890/2808/2729
f 2891/2125/2728 2890/2808/2729 2889/2127/2728
f 2890/2808/2729 2891/2125/2728 2892/2809/2730
f 2893/2121/2731 2892/2809/2730 2891/2125/2728
f 2896/2810/2732 2894/2811/2733 2120/2068/2023
f 2896/2810/2732 2895/2812/1552 2894/2811/2733
f 2123/2071/2026 2896/2810/2732 2120/2068/2023
f 2130/2078/2033 2896/2810/2732 2123/2071/2026
f 2130/2078/2033 2897/2813/2734 2896/2810/2732
f 2897/2813/2734 2895/2812/1552 2896/2810/2732
f 2897/2813/2734 2130/2078/2033 2226/2174/2124
f 2897/2813/2734 2898/2814/2735 2895/2812/1552
f 2226/2174/2124 2899/2815/2129 2897/2813/2734
f 2899/2815/2129 2898/2814/2735 2897/2813/2734
f 2899/2815/2129 2226/2174/2124 2227/2175/2125
f 2227/2175/2125 2236/2184/2129 2899/2815/2129
f 2236/2184/2129 2900/2816/2736 2899/2815/2129
f 2899/2815/2129 2900/2816/2736 2898/2814/2735
f 2236/2184/2129 2233/2181/2131 2900/2816/2736
f 2901/2817/2737 2902/2818/2738 2903/2819/2739
f 2904/2074/2740 2903/2819/2739 2902/2818/2738
f 2903/2819/2739 2905/2820/2741 2901/2817/2737
f 2906/2821/2742 2907/2822/2743 2904/2074/2740
f 2903/2819/2739 2904/2074/2740 2907/2822/2743
f 2905/2820/2741 2903/2819/2739 2908/2823/2744
f 2907/2822/2743 2908/2823/2744 2903/2819/2739
f 2908/2823/2744 2909/2824/2745 2905/2820/2741
f 2907/2822/2743 2906/2821/2742 2910/2825/2746
f 2911/2826/2747 2910/2825/2746 2906/2821/2742
f 2908/2823/2744 2907/2822/2743 2912/2827/2748
f 2910/2825/2746 2912/2827/2748 2907/2822/2743
f 2909/2824/2745 2908/2823/2744 2913/2828/134
f 2912/2827/2748 2913/2828/134 2908/2823/2744
f 2913/2828/134 2914/2829/133 2909/2824/2745
f 2910/2825/2746 2911/2826/2747 2915/2830/2749
f 2916/2831/2750 2915/2830/2749 2911/2826/2747
f 2912/2827/2748 2910/2825/2746 2917/2832/2751
f 2915/2830/2749 2917/2832/2751 2910/2825/2746
f 2913/2828/134 2912/2827/2748 2918/2833/2752
f 2917/2832/2751 2918/2833/2752 2912/2827/2748
f 2918/2833/2752 2919/2834/135 2913/2828/134
f 2919/2834/135 2918/2833/2752 2921/2835/2753
f 2921/2835/2753 2920/2836/2754 2919/2834/135
f 2918/2833/2752 2917/2832/2751 2922/2837/2750
f 2922/2837/2750 2921/2835/2753 2918/2833/2752
f 2923/2838/2755 2922/2837/2750 2917/2832/2751
f 2917/2832/2751 2915/2830/2749 2923/2838/2755
f 2921/2835/2753 2922/2837/2750 2924/2839/2756
f 2915/2830/2749 2916/2831/2750 2925/2840/2757
f 2925/2840/2757 2923/2838/2755 2915/2830/2749
f 2926/2841/2758 2925/2840/2757 2916/2831/2750
f 2925/2840/2757 2926/2841/2758 2927/2842/2759
f 2927/2842/2759 2928/2843/2760 2925/2840/2757
f 2923/2838/2755 2925/2840/2757 2928/2843/2760
f 2922/2837/2750 2923/2838/2755 2929/2844/2761
f 2928/2843/2760 2929/2844/2761 2923/2838/2755
f 2929/2844/2761 2924/2839/2756 2922/2837/2750
f 2929/2844/2761 2928/2843/2760 2930/2845/2762
f 2930/2845/2762 2931/2846/2763 2929/2844/2761
f 2924/2839/2756 2929/2844/2761 2931/2846/2763
f 2931/2846/2763 2930/2845/2762 2932/2847/2764
f 2932/2847/2764 2933/2848/2765 2931/2846/2763
f 2931/2846/2763 2934/2849/2766 2924/2839/2756
f 2934/2849/2766 2931/2846/2763 2933/2848/2765
f 2935/2850/2767 2924/2839/2756 2934/2849/2766
f 2924/2839/2756 2935/2850/2767 2921/2835/2753
f 2920/2836/2754 2921/2835/2753 2935/2850/2767
f 2936/2851/2768 2935/2850/2767 2934/2849/2766
f 2933/2848/2765 2936/2851/2768 2934/2849/2766
f 2937/2852/2769 2920/2836/2754 2935/2850/2767
f 2935/2850/2767 2936/2851/2768 2937/2852/2769
f 2938/2853/2770 2939/2854/2771 2940/2855/2772
f 2941/2856/2773 2938/2853/2770 2940/2855/2772
f 2942/2857/2774 2943/2858/2775 2939/2854/2771
f 2939/2854/2771 2938/2853/2770 2942/2857/2774
f 2938/2853/2770 2941/2856/2773 2944/2859/2776
f 2941/2856/2773 2945/2860/2777 2944/2859/2776
f 2946/2861/2778 2942/2857/2774 2938/2853/2770
f 2944/2859/2776 2946/2861/2778 2938/2853/2770
f 2943/2858/2775 2942/2857/2774 2947/2862/2779
f 2948/2863/2780 2944/2859/2776 2945/2860/2777
f 2942/2857/2774 2946/2861/2778 2932/2847/2764
f 2932/2847/2764 2947/2862/2779 2942/2857/2774
f 2946/2861/2778 2944/2859/2776 2949/2864/2772
f 2944/2859/2776 2948/2863/2780 2949/2864/2772
f 2933/2848/2765 2932/2847/2764 2946/2861/2778
f 2949/2864/2772 2933/2848/2765 2946/2861/2778
f 2947/2862/2779 2950/2865/2781 2943/2858/2775
f 2951/2866/2782 2943/2858/2775 2950/2865/2781
f 2950/2865/2781 2952/2867/2783 2951/2866/2782
f 2953/2868/2784 2951/2866/2782 2952/2867/2783
f 2950/2865/2781 2947/2862/2779 2954/2869/2785
f 2947/2862/2779 2932/2847/2764 2930/2845/2762
f 2930/2845/2762 2954/2869/2785 2947/2862/2779
f 2954/2869/2785 2955/2870/2786 2950/2865/2781
f 2952/2867/2783 2950/2865/2781 2955/2870/2786
f 2954/2869/2785 2930/2845/2762 2928/2843/2760
f 2952/2867/2783 2956/2871/2787 2953/2868/2784
f 2957/2872/2788 2953/2868/2784 2956/2871/2787
f 2958/2873/2789 2957/2872/2788 2956/2871/2787
f 2955/2870/2786 2954/2869/2785 2927/2842/2759
f 2928/2843/2760 2927/2842/2759 2954/2869/2785
f 2956/2871/2787 2959/2874/2790 2958/2873/2789
f 2959/2874/2790 2960/2875/2791 2958/2873/2789
f 2956/2871/2787 2952/2867/2783 2961/2876/2792
f 2959/2874/2790 2956/2871/2787 2961/2876/2792
f 2962/2877/2793 2952/2867/2783 2955/2870/2786
f 2952/2867/2783 2962/2877/2793 2961/2876/2792
f 2926/2841/2758 2955/2870/2786 2927/2842/2759
f 2955/2870/2786 2926/2841/2758 2962/2877/2793
f 2963/2878/2794 2961/2876/2792 2962/2877/2793
f 2961/2876/2792 2963/2878/2794 2959/2874/2790
f 2926/2841/2758 2963/2878/2794 2962/2877/2793
f 2959/2874/2790 2964/2879/2795 2960/2875/2791
f 2963/2878/2794 2964/2879/2795 2959/2874/2790
f 2960/2875/2791 2964/2879/2795 2965/2880/2796
f 2963/2878/2794 2926/2841/2758 2966/2881/2797
f 2966/2881/2797 2964/2879/2795 2963/2878/2794
f 2967/2882/2798 2965/2880/2796 2964/2879/2795
f 2964/2879/2795 2966/2881/2797 2967/2882/2798
f 2965/2880/2796 2967/2882/2798 2968/2883/2799
f 2969/2884/2800 2968/2883/2799 2967/2882/2798
f 2968/2883/2799 2969/2884/2800 2970/2885/2801
f 2969/2884/2800 2971/2886/2802 2970/2885/2801
f 2972/2887/2803 2967/2882/2798 2966/2881/2797
f 2967/2882/2798 2972/2887/2803 2969/2884/2800
f 2966/2881/2797 2916/2831/2750 2972/2887/2803
f 2916/2831/2750 2966/2881/2797 2926/2841/2758
f 2973/2888/2804 2969/2884/2800 2972/2887/2803
f 2969/2884/2800 2974/2889/2805 2971/2886/2802
f 2969/2884/2800 2973/2888/2804 2974/2889/2805
f 2975/2890/2806 2971/2886/2802 2974/2889/2805
f 2971/2886/2802 2975/2890/2806 2976/2891/2807
f 2977/2892/2808 2974/2889/2805 2973/2888/2804
f 2974/2889/2805 2977/2892/2808 2975/2890/2806
f 2972/2887/2803 2911/2826/2747 2973/2888/2804
f 2911/2826/2747 2972/2887/2803 2916/2831/2750
f 2973/2888/2804 2906/2821/2742 2977/2892/2808
f 2906/2821/2742 2973/2888/2804 2911/2826/2747
f 2978/2893/2809 2975/2890/2806 2977/2892/2808
f 2979/2894/2810 2976/2891/2807 2975/2890/2806
f 2975/2890/2806 2978/2893/2809 2979/2894/2810
f 2976/2891/2807 2979/2894/2810 2980/2895/2811
f 2979/2894/2810 2981/2896/2812 2980/2895/2811
f 2981/2896/2812 2979/2894/2810 2982/2897/2813
f 2978/2893/2809 2982/2897/2813 2979/2894/2810
f 2978/2893/2809 2984/2898/2814 2982/2897/2813
f 2985/2899/2815 2983/2900/2816 2984/2898/2814
f 2984/2898/2814 2986/2901/2817 2985/2899/2815
f 2986/2901/2817 2984/2898/2814 2902/2818/2738
f 2978/2893/2809 2902/2818/2738 2984/2898/2814
f 2902/2818/2738 2901/2817/2737 2986/2901/2817
f 2977/2892/2808 2904/2074/2740 2978/2893/2809
f 2902/2818/2738 2978/2893/2809 2904/2074/2740
f 2904/2074/2740 2977/2892/2808 2906/2821/2742
f 2989/2902/2818 2988/2903/2184 2987/2904/2819
f 2989/2902/2818 2990/2905/2820 2988/2903/2184
f 2991/2906/2821 2990/2905/2820 2989/2902/2818
f 2992/2907/2822 2989/2902/2818 2987/2904/2819
f 2994/2908/2823 2989/2902/2818 2992/2907/2822
f 2994/2908/2823 2991/2906/2821 2989/2902/2818
f 2993/2909/2824 2994/2908/2823 2992/2907/2822
f 2995/2910/2825 2991/2906/2821 2994/2908/2823
f 2994/2908/2823 2993/2909/2824 2996/2911/2826
f 2996/2911/2826 2995/2910/2825 2994/2908/2823
f 2997/2912/2827 2998/2913/2828 2999/2914/2829
f 3000/2915/2830 2999/2914/2829 2998/2913/2828
f 2999/2914/2829 3001/2916/2831 2997/2912/2827
f 2998/2913/2828 2997/2912/2827 3002/2917/2832
f 2997/2912/2827 3003/2918/2833 3002/2917/2832
f 3001/2916/2831 3004/2919/2834 2997/2912/2827
f 3004/2919/2834 3003/2918/2833 2997/2912/2827
f 3004/2919/2834 3001/2916/2831 3005/2920/2835
f 3005/2920/2835 3006/2921/2836 3004/2919/2834
f 3004/2919/2834 3007/2922/2837 3003/2918/2833
f 3006/2921/2836 3007/2922/2837 3004/2919/2834
f 3006/2921/2836 3008/2923/2838 3007/2922/2837
f 2936/2851/2768 2933/2848/2765 3009/2924/2839
f 2933/2848/2765 2949/2864/2772 3009/2924/2839
f 3010/2925/2840 3009/2924/2839 2949/2864/2772
f 3010/2925/2840 2949/2864/2772 2948/2863/2780
f 3011/2926/2841 2936/2851/2768 3009/2924/2839
f 3011/2926/2841 3009/2924/2839 3010/2925/2840
f 3012/2927/2842 2936/2851/2768 3011/2926/2841
f 3012/2927/2842 2937/2852/2769 2936/2851/2768
f 3014/2928/2843 2937/2852/2769 3012/2927/2842
f 3015/2929/2844 3010/2925/2840 2948/2863/2780
f 3016/2930/2845 3015/2929/2844 2948/2863/2780
f 3016/2930/2845 2948/2863/2780 2945/2860/2777
f 3017/2931/2846 3016/2930/2845 2945/2860/2777
f 3013/2932/182 3019/2933/2847 3014/2928/184
f 3020/2934/2848 2937/2852/2769 3014/2928/2843
f 3018/2935/69 3021/2936/2849 3020/2934/2848
f 2937/2852/2769 3020/2934/2848 3021/2936/2849
f 3021/2936/2849 3018/2935/69 3022/2937/2850
f 2920/2836/2754 2937/2852/2769 3021/2936/2849
f 3023/2938/2851 3024/2939/2852 3025/2940/2853
f 3026/2941/2854 3027/2942/2855 3028/2943/2856
f 3029/2944/2857 3030/2945/2858 3027/2942/2855
f 3027/2942/2855 3026/2941/2854 3029/2944/2857
f 3031/2946/2859 3028/2943/2856 3025/2940/2853
f 3028/2943/2856 3031/2946/2859 3026/2941/2854
f 3032/2947/2860 3025/2940/2853 3024/2939/2852
f 3025/2940/2853 3032/2947/2860 3031/2946/2859
f 3030/2945/2858 3029/2944/2857 3033/2948/2861
f 3033/2948/2861 3034/2949/2862 3030/2945/2858
f 3035/2950/2863 3029/2944/2857 3026/2941/2854
f 3034/2949/2862 3033/2948/2861 3036/2951/2864
f 3038/2952/2865 3033/2948/2861 3029/2944/2857
f 3029/2944/2857 3035/2950/2863 3038/2952/2865
f 3039/2953/2866 3036/2951/2864 3033/2948/2861
f 3033/2948/2861 3038/2952/2865 3039/2953/2866
f 3036/2951/2864 3039/2953/2866 3040/2954/2867
f 3037/2955/2669 3040/2954/2867 3041/2956/2868
f 3040/2954/2867 3042/2957/2869 3041/2956/2868
f 3040/2954/2867 3043/2958/2870 3042/2957/2869
f 3039/2953/2866 3043/2958/2870 3040/2954/2867
f 3043/2958/2870 3044/2959/2871 3042/2957/2869
f 3038/2952/2865 3045/2960/2872 3039/2953/2866
f 3045/2960/2872 3043/2958/2870 3039/2953/2866
f 3043/2958/2870 3046/2961/2873 3044/2959/2871
f 3045/2960/2872 3046/2961/2873 3043/2958/2870
f 3046/2961/2873 3047/2962/2874 3044/2959/2871
f 3045/2960/2872 3038/2952/2865 3048/2963/2875
f 3035/2950/2863 3048/2963/2875 3038/2952/2865
f 3049/2964/2876 3046/2961/2873 3045/2960/2872
f 3048/2963/2875 3049/2964/2876 3045/2960/2872
f 3046/2961/2873 3050/2965/2877 3047/2962/2874
f 3049/2964/2876 3050/2965/2877 3046/2961/2873
f 3050/2965/2877 3051/2966/2874 3047/2962/2874
f 3050/2965/2877 3052/2967/2878 3051/2966/2874
f 3052/2967/2878 3053/2968/2879 3051/2966/2874
f 3054/2969/2880 3050/2965/2877 3049/2964/2876
f 3054/2969/2880 3052/2967/2878 3050/2965/2877
f 3049/2964/2876 3048/2963/2875 3055/2970/2881
f 3055/2970/2881 3054/2969/2880 3049/2964/2876
f 3056/2971/2882 3055/2970/2881 3048/2963/2875
f 3048/2963/2875 3035/2950/2863 3056/2971/2882
f 3052/2967/2878 3057/2972/2878 3053/2968/2879
f 3057/2972/2878 3058/2973/2883 3053/2968/2879
f 3059/2974/2884 3052/2967/2878 3054/2969/2880
f 3059/2974/2884 3057/2972/2878 3052/2967/2878
f 3054/2969/2880 3055/2970/2881 3060/2975/2885
f 3060/2975/2885 3059/2974/2884 3054/2969/2880
f 3061/2976/2882 3060/2975/2885 3055/2970/2881
f 3055/2970/2881 3056/2971/2882 3061/2976/2882
f 3057/2972/2878 3062/2977/2877 3058/2973/2883
f 3062/2977/2877 3063/2978/2883 3058/2973/2883
f 3064/2979/2886 3057/2972/2878 3059/2974/2884
f 3064/2979/2886 3062/2977/2877 3057/2972/2878
f 3059/2974/2884 3060/2975/2885 3065/2980/2887
f 3065/2980/2887 3064/2979/2886 3059/2974/2884
f 3066/2981/2888 3065/2980/2887 3060/2975/2885
f 3060/2975/2885 3061/2976/2882 3066/2981/2888
f 3062/2977/2877 3067/2982/2889 3063/2978/2883
f 3067/2982/2889 3068/2983/2484 3063/2978/2883
f 3069/2984/2890 3062/2977/2877 3064/2979/2886
f 3069/2984/2890 3067/2982/2889 3062/2977/2877
f 3064/2979/2886 3065/2980/2887 3070/2985/2891
f 3070/2985/2891 3069/2984/2890 3064/2979/2886
f 3071/2986/2892 3070/2985/2891 3065/2980/2887
f 3065/2980/2887 3066/2981/2888 3071/2986/2892
f 3067/2982/2889 3072/2987/2893 3068/2983/2484
f 3072/2987/2893 3073/2988/2894 3068/2983/2484
f 3074/2989/2895 3067/2982/2889 3069/2984/2890
f 3074/2989/2895 3072/2987/2893 3067/2982/2889
f 3069/2984/2890 3070/2985/2891 3075/2990/2896
f 3075/2990/2896 3074/2989/2895 3069/2984/2890
f 3076/2991/2897 3075/2990/2896 3070/2985/2891
f 3070/2985/2891 3071/2986/2892 3076/2991/2897
f 3072/2987/2893 3077/2992/2898 3073/2988/2894
f 3077/2992/2898 3078/2993/2899 3073/2988/2894
f 3079/2994/2900 3072/2987/2893 3074/2989/2895
f 3079/2994/2900 3077/2992/2898 3072/2987/2893
f 3074/2989/2895 3075/2990/2896 3080/2995/2901
f 3080/2995/2901 3079/2994/2900 3074/2989/2895
f 3081/2996/2902 3080/2995/2901 3075/2990/2896
f 3075/2990/2896 3076/2991/2897 3081/2996/2902
f 3077/2992/2898 3082/2997/2893 3078/2993/2899
f 3082/2997/2893 3083/2998/2903 3078/2993/2899
f 3084/2999/2904 3077/2992/2898 3079/2994/2900
f 3084/2999/2904 3082/2997/2893 3077/2992/2898
f 3079/2994/2900 3080/2995/2901 3085/3000/2905
f 3085/3000/2905 3084/2999/2904 3079/2994/2900
f 3086/3001/2906 3085/3000/2905 3080/2995/2901
f 3080/2995/2901 3081/2996/2902 3086/3001/2906
f 3082/2997/2893 3087/3002/2907 3083/2998/2903
f 3087/3002/2907 3088/3003/2675 3083/2998/2903
f 3089/3004/2908 3082/2997/2893 3084/2999/2904
f 3089/3004/2908 3087/3002/2907 3082/2997/2893
f 3084/2999/2904 3085/3000/2905 3090/3005/2909
f 3090/3005/2909 3089/3004/2908 3084/2999/2904
f 3091/3006/2910 3090/3005/2909 3085/3000/2905
f 3085/3000/2905 3086/3001/2906 3091/3006/2910
f 3087/3002/2907 3092/3007/2911 3088/3003/2675
f 3092/3007/2911 3093/3008/2675 3088/3003/2675
f 3094/3009/2908 3087/3002/2907 3089/3004/2908
f 3094/3009/2908 3092/3007/2911 3087/3002/2907
f 3089/3004/2908 3090/3005/2909 3095/3010/2912
f 3095/3010/2912 3094/3009/2908 3089/3004/2908
f 3096/3011/2913 3095/3010/2912 3090/3005/2909
f 3090/3005/2909 3091/3006/2910 3096/3011/2913
f 3092/3007/2911 3097/3012/2914 3093/3008/2675
f 3097/3012/2914 3098/3013/2675 3093/3008/2675
f 3099/3014/2915 3092/3007/2911 3094/3009/2908
f 3099/3014/2915 3097/3012/2914 3092/3007/2911
f 3094/3009/2908 3095/3010/2912 3100/3015/2916
f 3100/3015/2916 3099/3014/2915 3094/3009/2908
f 3101/3016/2917 3100/3015/2916 3095/3010/2912
f 3095/3010/2912 3096/3011/2913 3101/3016/2917
f 3104/3017/2918 3097/3012/2914 3099/3014/2915
f 3104/3017/2918 3102/3018/2919 3097/3012/2914
f 3099/3014/2915 3100/3015/2916 3105/3019/2920
f 3105/3019/2920 3104/3017/2918 3099/3014/2915
f 3106/3020/2921 3105/3019/2920 3100/3015/2916
f 3100/3015/2916 3101/3016/2917 3106/3020/2921
f 3102/3018/2919 3107/3021/2922 3103/3022/2923
f 3107/3021/2922 3108/3023/2484 3103/3022/2923
f 3109/3024/2924 3102/3018/2919 3104/3017/2918
f 3109/3024/2924 3107/3021/2922 3102/3018/2919
f 3104/3017/2918 3105/3019/2920 3110/3025/2925
f 3110/3025/2925 3109/3024/2924 3104/3017/2918
f 3111/3026/2926 3110/3025/2925 3105/3019/2920
f 3105/3019/2920 3106/3020/2921 3111/3026/2926
f 3107/3021/2922 3112/3027/2927 3108/3023/2484
f 3112/3027/2927 3113/3028/2883 3108/3023/2484
f 3114/3029/2928 3107/3021/2922 3109/3024/2924
f 3114/3029/2928 3112/3027/2927 3107/3021/2922
f 3109/3024/2924 3110/3025/2925 3115/3030/2929
f 3115/3030/2929 3114/3029/2928 3109/3024/2924
f 3116/3031/2930 3115/3030/2929 3110/3025/2925
f 3110/3025/2925 3111/3026/2926 3116/3031/2930
f 3112/3027/2927 3117/3032/2931 3113/3028/2883
f 3117/3032/2931 3118/3033/2874 3113/3028/2883
f 3119/3034/2932 3112/3027/2927 3114/3029/2928
f 3119/3034/2932 3117/3032/2931 3112/3027/2927
f 3114/3029/2928 3115/3030/2929 3120/3035/2933
f 3120/3035/2933 3119/3034/2932 3114/3029/2928
f 3121/3036/2934 3120/3035/2933 3115/3030/2929
f 3115/3030/2929 3116/3031/2930 3121/3036/2934
f 3117/3032/2931 3122/3037/2878 3118/3033/2874
f 3122/3037/2878 3123/3038/2935 3118/3033/2874
f 3124/3039/2936 3117/3032/2931 3119/3034/2932
f 3124/3039/2936 3122/3037/2878 3117/3032/2931
f 3119/3034/2932 3120/3035/2933 3125/3040/2937
f 3125/3040/2937 3124/3039/2936 3119/3034/2932
f 3126/3041/2938 3125/3040/2937 3120/3035/2933
f 3120/3035/2933 3121/3036/2934 3126/3041/2938
f 3127/3042/2939 3128/3043/2940 3129/3044/2941
f 3128/3043/2940 3130/3045/2942 3129/3044/2941
f 3130/3045/2942 3131/3046/2943 3129/3044/2941
f 3129/3044/2941 3132/3047/2944 3127/3042/2939
f 3132/3047/2944 3129/3044/2941 3131/3046/2943
f 3133/3048/2945 3127/3042/2939 3132/3047/2944
f 3127/3042/2939 3133/3048/2945 3134/3049/2946
f 3131/3046/2943 3135/3050/2947 3132/3047/2944
f 3135/3050/2947 3131/3046/2943 3136/3051/2948
f 3132/3047/2944 3137/3052/2949 3133/3048/2945
f 3137/3052/2949 3132/3047/2944 3135/3050/2947
f 3138/3053/2950 3134/3049/2946 3133/3048/2945
f 3139/3054/2951 3133/3048/2945 3137/3052/2949
f 3133/3048/2945 3139/3054/2951 3138/3053/2950
f 3136/3051/2948 3140/3055/2952 3135/3050/2947
f 3140/3055/2952 3136/3051/2948 3141/3056/2953
f 3135/3050/2947 3142/3057/2954 3137/3052/2949
f 3142/3057/2954 3135/3050/2947 3140/3055/2952
f 3137/3052/2949 3143/3058/2955 3139/3054/2951
f 3143/3058/2955 3137/3052/2949 3142/3057/2954
f 3139/3054/2951 3144/3059/2765 3138/3053/2950
f 3143/3058/2955 3145/3060/2956 3139/3054/2951
f 3144/3059/2765 3139/3054/2951 3145/3060/2956
f 3142/3057/2954 3024/2939/2852 3143/3058/2955
f 3134/3049/2946 3138/3053/2950 3146/3061/2957
f 3144/3059/2765 3146/3061/2957 3138/3053/2950
f 3147/3062/2958 3134/3049/2946 3146/3061/2957
f 3145/3060/2956 3143/3058/2955 3023/2938/2851
f 3024/2939/2852 3023/2938/2851 3143/3058/2955
f 3146/3061/2957 3148/3063/2959 3147/3062/2958
f 3149/3064/2960 3147/3062/2958 3148/3063/2959
f 3146/3061/2957 3144/3059/2765 3150/3065/2961
f 3148/3063/2959 3146/3061/2957 3150/3065/2961
f 3148/3063/2959 3151/3066/2962 3149/3064/2960
f 3151/3066/2962 3152/3067/2963 3149/3064/2960
f 3150/3065/2961 3153/3068/2964 3148/3063/2959
f 3151/3066/2962 3148/3063/2959 3153/3068/2964
f 3144/3059/2765 3154/3069/2965 3150/3065/2961
f 3153/3068/2964 3150/3065/2961 3154/3069/2965
f 3155/3070/2966 3151/3066/2962 3153/3068/2964
f 3154/3069/2965 3155/3070/2966 3153/3068/2964
f 3152/3067/2963 3151/3066/2962 3156/3071/2967
f 3156/3071/2967 3157/3072/2968 3152/3067/2963
f 3157/3072/2968 3156/3071/2967 3158/3073/2969
f 3159/3074/2970 3156/3071/2967 3151/3066/2962
f 3151/3066/2962 3155/3070/2966 3159/3074/2970
f 3160/3075/2971 3158/3073/2969 3156/3071/2967
f 3156/3071/2967 3159/3074/2970 3160/3075/2971
f 3158/3073/2969 3160/3075/2971 3161/3076/2972
f 3162/3077/2973 3158/3073/2969 3161/3076/2972
f 3163/3078/2974 3160/3075/2971 3159/3074/2970
f 3155/3070/2966 3163/3078/2974 3159/3074/2970
f 3164/3079/2975 3161/3076/2972 3160/3075/2971
f 3160/3075/2971 3163/3078/2974 3164/3079/2975
f 3161/3076/2972 3165/3080/2976 3162/3077/2973
f 3166/3081/2977 3162/3077/2973 3165/3080/2976
f 3161/3076/2972 3164/3079/2975 3167/3082/2978
f 3165/3080/2976 3161/3076/2972 3167/3082/2978
f 3165/3080/2976 3168/3083/2979 3166/3081/2977
f 3167/3082/2978 3169/3084/2980 3165/3080/2976
f 3168/3083/2979 3165/3080/2976 3169/3084/2980
f 3008/2923/2838 3166/3081/2977 3168/3083/2979
f 3169/3084/2980 3167/3082/2978 3170/3085/2981
f 3167/3082/2978 3171/3086/2982 3170/3085/2981
f 3164/3079/2975 3171/3086/2982 3167/3082/2978
f 3164/3079/2975 3172/3087/2983 3171/3086/2982
f 3163/3078/2974 3172/3087/2983 3164/3079/2975
f 3173/3088/2984 3172/3087/2983 3163/3078/2974
f 3163/3078/2974 3155/3070/2966 3173/3088/2984
f 3172/3087/2983 3173/3088/2984 3174/3089/2985
f 3175/3090/2986 3173/3088/2984 3155/3070/2966
f 3155/3070/2966 3154/3069/2965 3175/3090/2986
f 3176/3091/2984 3174/3089/2985 3173/3088/2984
f 3173/3088/2984 3175/3090/2986 3176/3091/2984
f 3174/3089/2985 3176/3091/2984 3177/3092/2987
f 3176/3091/2984 3178/3093/2988 3177/3092/2987
f 3175/3090/2986 3179/3094/2989 3176/3091/2984
f 3179/3094/2989 3178/3093/2988 3176/3091/2984
f 3179/3094/2989 3180/3095/2693 3178/3093/2988
f 3179/3094/2989 3175/3090/2986 3181/3096/2990
f 3154/3069/2965 3181/3096/2990 3175/3090/2986
f 3182/3097/2991 3180/3095/2693 3179/3094/2989
f 3181/3096/2990 3182/3097/2991 3179/3094/2989
f 3182/3097/2991 3183/3098/2695 3180/3095/2693
f 3184/3099/2992 3183/3098/2695 3182/3097/2991
f 3184/3099/2992 3034/2949/2862 3183/3098/2695
f 3182/3097/2991 3181/3096/2990 3185/3100/2993
f 3185/3100/2993 3184/3099/2992 3182/3097/2991
f 3181/3096/2990 3154/3069/2965 3186/3101/2994
f 3186/3101/2994 3185/3100/2993 3181/3096/2990
f 3154/3069/2965 3144/3059/2765 3186/3101/2994
f 3145/3060/2956 3186/3101/2994 3144/3059/2765
f 3186/3101/2994 3145/3060/2956 3187/3102/2995
f 3185/3100/2993 3186/3101/2994 3187/3102/2995
f 3023/2938/2851 3187/3102/2995 3145/3060/2956
f 3184/3099/2992 3185/3100/2993 3188/3103/2924
f 3187/3102/2995 3188/3103/2924 3185/3100/2993
f 3187/3102/2995 3023/2938/2851 3189/3104/2996
f 3188/3103/2924 3187/3102/2995 3189/3104/2996
f 3025/2940/2853 3189/3104/2996 3023/2938/2851
f 3188/3103/2924 3030/2945/2858 3184/3099/2992
f 3030/2945/2858 3034/2949/2862 3184/3099/2992
f 3189/3104/2996 3027/2942/2855 3188/3103/2924
f 3030/2945/2858 3188/3103/2924 3027/2942/2855
f 3027/2942/2855 3189/3104/2996 3028/2943/2856
f 3189/3104/2996 3025/2940/2853 3028/2943/2856
f 3190/3105/2997 3191/3106/2998 3192/3107/2999
f 3192/3107/2999 3193/3108/3000 3190/3105/2997
f 3191/3106/2998 3190/3105/2997 3194/3109/3001
f 3195/3110/3002 3191/3106/2998 3194/3109/3001
f 3196/3111/3003 3190/3105/2997 3193/3108/3000
f 3197/3112/3004 3195/3110/3002 3194/3109/3001
f 3195/3110/3002 3197/3112/3004 3198/3113/3005
f 3199/3114/3006 3198/3113/3005 3197/3112/3004
f 3200/3115/3007 3194/3109/3001 3190/3105/2997
f 3194/3109/3001 3200/3115/3007 3197/3112/3004
f 3190/3105/2997 3196/3111/3003 3200/3115/3007
f 3199/3114/3006 3197/3112/3004 3201/3116/3008
f 3201/3116/3008 3197/3112/3004 3200/3115/3007
f 3196/3111/3003 3201/3116/3008 3200/3115/3007
f 3201/3116/3008 3196/3111/3003 3202/3117/289
f 3202/3117/289 3196/3111/3003 3204/3118/3009
f 3193/3108/3000 3205/3119/3010 3196/3111/3003
f 3204/3118/3009 3196/3111/3003 3205/3119/3010
f 3205/3119/3010 3193/3108/3000 3206/3120/3011
f 3204/3118/3009 3205/3119/3010 3207/3121/3012
f 3206/3120/3011 3208/3122/3013 3205/3119/3010
f 3207/3121/3012 3205/3119/3010 3208/3122/3013
f 3208/3122/3013 3206/3120/3011 3209/3123/3014
f 3207/3121/3012 3208/3122/3013 3210/3124/296
f 3209/3123/3014 3211/3125/3015 3208/3122/3013
f 3210/3124/296 3208/3122/3013 3211/3125/3015
f 3211/3125/3015 3209/3123/3014 3212/3126/3016
f 3212/3126/3016 3213/3127/3017 3211/3125/3015
f 3213/3127/3017 3212/3126/3016 3214/3128/3018
f 3210/3124/296 3211/3125/3015 3215/3129/3019
f 3215/3129/3019 3211/3125/3015 3213/3127/3017
f 3216/3130/3020 3210/3124/296 3215/3129/3019
f 3217/3131/3021 3218/3132/3022 3219/3133/3023
f 3218/3132/3022 3220/3134/3024 3219/3133/3023
f 3219/3133/3023 3221/3135/3025 3217/3131/3021
f 3221/3135/3025 3219/3133/3023 3222/3136/3026
f 3220/3134/3024 3222/3136/3026 3219/3133/3023
f 3222/3136/3026 3141/3056/2953 3221/3135/3025
f 3223/3137/3027 3221/3135/3025 3141/3056/2953
f 3141/3056/2953 3222/3136/3026 3140/3055/2952
f 3224/3138/3028 3221/3135/3025 3223/3137/3027
f 3224/3138/3028 3217/3131/3021 3221/3135/3025
f 3223/3137/3027 3225/3139/3029 3224/3138/3028
f 3226/3140/3030 3140/3055/2952 3222/3136/3026
f 3222/3136/3026 3220/3134/3024 3226/3140/3030
f 3140/3055/2952 3226/3140/3030 3142/3057/2954
f 3024/2939/2852 3142/3057/2954 3226/3140/3030
f 3220/3134/3024 3024/2939/2852 3226/3140/3030
f 3024/2939/2852 3220/3134/3024 3032/2947/2860
f 3225/3139/3029 3227/3141/3031 3224/3138/3028
f 3227/3141/3031 3217/3131/3021 3224/3138/3028
f 3228/3142/3032 3227/3141/3031 3225/3139/3029
f 3229/3143/3033 3032/2947/2860 3220/3134/3024
f 3230/3144/3034 3227/3141/3031 3228/3142/3032
f 3220/3134/3024 3218/3132/3022 3229/3143/3033
f 3231/3145/3035 3217/3131/3021 3227/3141/3031
f 3227/3141/3031 3230/3144/3034 3231/3145/3035
f 3218/3132/3022 3217/3131/3021 3232/3146/3036
f 3217/3131/3021 3231/3145/3035 3232/3146/3036
f 3032/2947/2860 3229/3143/3033 3233/3147/3037
f 3233/3147/3037 3031/2946/2859 3032/2947/2860
f 3218/3132/3022 3234/3148/3038 3229/3143/3033
f 3031/2946/2859 3233/3147/3037 3235/3149/3039
f 3235/3149/3039 3026/2941/2854 3031/2946/2859
f 3026/2941/2854 3235/3149/3039 3035/2950/2863
f 3235/3149/3039 3056/2971/2882 3035/2950/2863
f 3056/2971/2882 3235/3149/3039 3236/3150/3040
f 3233/3147/3037 3236/3150/3040 3235/3149/3039
f 3236/3150/3040 3061/2976/2882 3056/2971/2882
f 3229/3143/3033 3237/3151/3041 3233/3147/3037
f 3236/3150/3040 3233/3147/3037 3237/3151/3041
f 3237/3151/3041 3229/3143/3033 3234/3148/3038
f 3061/2976/2882 3236/3150/3040 3238/3152/3042
f 3237/3151/3041 3238/3152/3042 3236/3150/3040
f 3238/3152/3042 3066/2981/2888 3061/2976/2882
f 3234/3148/3038 3239/3153/3043 3237/3151/3041
f 3238/3152/3042 3237/3151/3041 3239/3153/3043
f 3066/2981/2888 3238/3152/3042 3240/3154/3044
f 3239/3153/3043 3240/3154/3044 3238/3152/3042
f 3240/3154/3044 3071/2986/2892 3066/2981/2888
f 3071/2986/2892 3240/3154/3044 3241/3155/3045
f 3241/3155/3045 3076/2991/2897 3071/2986/2892
f 3240/3154/3044 3239/3153/3043 3242/3156/3046
f 3242/3156/3046 3241/3155/3045 3240/3154/3044
f 3239/3153/3043 3234/3148/3038 3243/3157/2967
f 3243/3157/2967 3242/3156/3046 3239/3153/3043
f 3244/3158/3047 3243/3157/2967 3234/3148/3038
f 3234/3148/3038 3218/3132/3022 3244/3158/3047
f 3232/3146/3036 3244/3158/3047 3218/3132/3022
f 3076/2991/2897 3241/3155/3045 3245/3159/3048
f 3245/3159/3048 3081/2996/2902 3076/2991/2897
f 3241/3155/3045 3242/3156/3046 3246/3160/3049
f 3246/3160/3049 3245/3159/3048 3241/3155/3045
f 3244/3158/3047 3232/3146/3036 3247/3161/3036
f 3231/3145/3035 3247/3161/3036 3232/3146/3036
f 3247/3161/3036 3248/3162/3050 3244/3158/3047
f 3243/3157/2967 3244/3158/3047 3248/3162/3050
f 3249/3163/3051 3247/3161/3036 3231/3145/3035
f 3242/3156/3046 3243/3157/2967 3250/3164/3052
f 3248/3162/3050 3250/3164/3052 3243/3157/2967
f 3250/3164/3052 3246/3160/3049 3242/3156/3046
f 3248/3162/3050 3247/3161/3036 3251/3165/3053
f 3249/3163/3051 3251/3165/3053 3247/3161/3036
f 3250/3164/3052 3248/3162/3050 3252/3166/3054
f 3251/3165/3053 3252/3166/3054 3248/3162/3050
f 3230/3144/3034 3249/3163/3051 3231/3145/3035
f 3252/3166/3054 3253/3167/3055 3250/3164/3052
f 3246/3160/3049 3250/3164/3052 3253/3167/3055
f 3252/3166/3054 3251/3165/3053 3254/3168/3056
f 3253/3167/3055 3255/3169/3057 3246/3160/3049
f 3245/3159/3048 3246/3160/3049 3255/3169/3057
f 3253/3167/3055 3252/3166/3054 3256/3170/3058
f 3254/3168/3056 3256/3170/3058 3252/3166/3054
f 3255/3169/3057 3253/3167/3055 3257/3171/3059
f 3256/3170/3058 3257/3171/3059 3253/3167/3055
f 3255/3169/3057 3258/3172/3060 3245/3159/3048
f 3081/2996/2902 3245/3159/3048 3258/3172/3060
f 3258/3172/3060 3086/3001/2906 3081/2996/2902
f 3258/3172/3060 3255/3169/3057 3259/3173/3061
f 3257/3171/3059 3259/3173/3061 3255/3169/3057
f 3086/3001/2906 3258/3172/3060 3260/3174/3062
f 3259/3173/3061 3260/3174/3062 3258/3172/3060
f 3260/3174/3062 3091/3006/2910 3086/3001/2906
f 3091/3006/2910 3260/3174/3062 3261/3175/3063
f 3261/3175/3063 3096/3011/2913 3091/3006/2910
f 3260/3174/3062 3259/3173/3061 3262/3176/2892
f 3262/3176/2892 3261/3175/3063 3260/3174/3062
f 3259/3173/3061 3257/3171/3059 3263/3177/3064
f 3263/3177/3064 3262/3176/2892 3259/3173/3061
f 3264/3178/3065 3263/3177/3064 3257/3171/3059
f 3257/3171/3059 3256/3170/3058 3264/3178/3065
f 3096/3011/2913 3261/3175/3063 3265/3179/3066
f 3265/3179/3066 3101/3016/2917 3096/3011/2913
f 3261/3175/3063 3262/3176/2892 3266/3180/3067
f 3266/3180/3067 3265/3179/3066 3261/3175/3063
f 3262/3176/2892 3263/3177/3064 3267/3181/2970
f 3267/3181/2970 3266/3180/3067 3262/3176/2892
f 3214/3128/3018 3267/3181/2970 3263/3177/3064
f 3263/3177/3064 3264/3178/3065 3214/3128/3018
f 3101/3016/2917 3265/3179/3066 3268/3182/3068
f 3268/3182/3068 3106/3020/2921 3101/3016/2917
f 3265/3179/3066 3266/3180/3067 3269/3183/3069
f 3269/3183/3069 3268/3182/3068 3265/3179/3066
f 3266/3180/3067 3267/3181/2970 3270/3184/3069
f 3270/3184/3069 3269/3183/3069 3266/3180/3067
f 3212/3126/3016 3270/3184/3069 3267/3181/2970
f 3267/3181/2970 3214/3128/3018 3212/3126/3016
f 3106/3020/2921 3268/3182/3068 3271/3185/3070
f 3271/3185/3070 3111/3026/2926 3106/3020/2921
f 3111/3026/2926 3271/3185/3070 3272/3186/3071
f 3273/3187/3072 3271/3185/3070 3268/3182/3068
f 3268/3182/3068 3269/3183/3069 3273/3187/3072
f 3274/3188/3073 3272/3186/3071 3271/3185/3070
f 3271/3185/3070 3273/3187/3072 3274/3188/3073
f 3272/3186/3071 3274/3188/3073 3275/3189/3074
f 3276/3190/3049 3273/3187/3072 3269/3183/3069
f 3269/3183/3069 3270/3184/3069 3276/3190/3049
f 3277/3191/3075 3274/3188/3073 3273/3187/3072
f 3273/3187/3072 3276/3190/3049 3277/3191/3075
f 3192/3107/2999 3275/3189/3074 3274/3188/3073
f 3274/3188/3073 3277/3191/3075 3192/3107/2999
f 3275/3189/3074 3192/3107/2999 3191/3106/2998
f 3209/3123/3014 3276/3190/3049 3270/3184/3069
f 3270/3184/3069 3212/3126/3016 3209/3123/3014
f 3206/3120/3011 3277/3191/3075 3276/3190/3049
f 3276/3190/3049 3209/3123/3014 3206/3120/3011
f 3193/3108/3000 3192/3107/2999 3277/3191/3075
f 3277/3191/3075 3206/3120/3011 3193/3108/3000
f 3278/3192/3076 3280/3193/3077 3279/3194/3078
f 3278/3192/3076 3281/3195/3079 3280/3193/3077
f 3279/3194/3078 3280/3193/3077 3282/3196/3080
f 3281/3195/3079 3283/3197/3081 3280/3193/3077
f 3280/3193/3077 3283/3197/3081 3282/3196/3080
f 3279/3194/3078 3282/3196/3080 3284/3198/3082
f 3282/3196/3080 3283/3197/3081 3285/3199/3040
f 3283/3197/3081 3281/3195/3079 3286/3200/3083
f 3284/3198/3082 3282/3196/3080 3287/3201/3084
f 3282/3196/3080 3285/3199/3040 3287/3201/3084
f 3288/3202/3085 3285/3199/3040 3283/3197/3081
f 3286/3200/3083 3288/3202/3085 3283/3197/3081
f 3281/3195/3079 3289/3203/3086 3286/3200/3083
f 3290/3204/3087 3289/3203/3086 3281/3195/3079
f 3290/3204/3087 3291/3205/3088 3289/3203/3086
f 3292/3206/3089 3291/3205/3088 3290/3204/3087
f 3292/3206/3089 3128/3043/2940 3291/3205/3088
f 3293/3207/3090 3289/3203/3086 3291/3205/3088
f 3294/3208/3091 3286/3200/3083 3289/3203/3086
f 3289/3203/3086 3293/3207/3090 3294/3208/3091
f 3286/3200/3083 3294/3208/3091 3295/3209/3092
f 3288/3202/3085 3286/3200/3083 3295/3209/3092
f 3296/3210/3093 3291/3205/3088 3128/3043/2940
f 3291/3205/3088 3296/3210/3093 3293/3207/3090
f 3128/3043/2940 3127/3042/2939 3296/3210/3093
f 3297/3211/3094 3294/3208/3091 3293/3207/3090
f 3298/3212/3095 3293/3207/3090 3296/3210/3093
f 3293/3207/3090 3298/3212/3095 3297/3211/3094
f 3296/3210/3093 3134/3049/2946 3298/3212/3095
f 3134/3049/2946 3296/3210/3093 3127/3042/2939
f 3147/3062/2958 3297/3211/3094 3298/3212/3095
f 3134/3049/2946 3147/3062/2958 3298/3212/3095
f 3294/3208/3091 3297/3211/3094 3299/3213/3096
f 3299/3213/3096 3295/3209/3092 3294/3208/3091
f 3300/3214/3097 3299/3213/3096 3297/3211/3094
f 3297/3211/3094 3147/3062/2958 3300/3214/3097
f 3295/3209/3092 3299/3213/3096 3301/3215/3098
f 3299/3213/3096 3300/3214/3097 3302/3216/3099
f 3302/3216/3099 3301/3215/3098 3299/3213/3096
f 3147/3062/2958 3149/3064/2960 3300/3214/3097
f 3149/3064/2960 3302/3216/3099 3300/3214/3097
f 3303/3217/3100 3295/3209/3092 3301/3215/3098
f 3295/3209/3092 3303/3217/3100 3288/3202/3085
f 3301/3215/3098 3302/3216/3099 3304/3218/3101
f 3302/3216/3099 3149/3064/2960 3152/3067/2963
f 3152/3067/2963 3304/3218/3101 3302/3216/3099
f 3305/3219/3102 3301/3215/3098 3304/3218/3101
f 3301/3215/3098 3305/3219/3102 3303/3217/3100
f 3304/3218/3101 3152/3067/2963 3157/3072/2968
f 3304/3218/3101 3306/3220/3103 3305/3219/3102
f 3306/3220/3103 3304/3218/3101 3157/3072/2968
f 3307/3221/3104 3303/3217/3100 3305/3219/3102
f 3308/3222/3105 3305/3219/3102 3306/3220/3103
f 3305/3219/3102 3308/3222/3105 3307/3221/3104
f 3157/3072/2968 3309/3223/2998 3306/3220/3103
f 3306/3220/3103 3310/3224/3106 3308/3222/3105
f 3310/3224/3106 3306/3220/3103 3309/3223/2998
f 3309/3223/2998 3157/3072/2968 3158/3073/2969
f 3311/3225/3107 3308/3222/3105 3310/3224/3106
f 3309/3223/2998 3312/3226/3108 3310/3224/3106
f 3308/3222/3105 3311/3225/3107 3313/3227/3109
f 3313/3227/3109 3307/3221/3104 3308/3222/3105
f 3310/3224/3106 3314/3228/3110 3311/3225/3107
f 3314/3228/3110 3310/3224/3106 3312/3226/3108
f 3311/3225/3107 3315/3229/3111 3313/3227/3109
f 3314/3228/3110 3316/3230/3112 3311/3225/3107
f 3315/3229/3111 3311/3225/3107 3316/3230/3112
f 3312/3226/3108 3309/3223/2998 3162/3077/2973
f 3158/3073/2969 3162/3077/2973 3309/3223/2998
f 3312/3226/3108 3317/3231/2829 3314/3228/3110
f 3316/3230/3112 3314/3228/3110 3318/3232/3043
f 3317/3231/2829 3318/3232/3043 3314/3228/3110
f 3317/3231/2829 3312/3226/3108 3166/3081/2977
f 3162/3077/2973 3166/3081/2977 3312/3226/3108
f 3318/3232/3043 3317/3231/2829 3006/2921/2836
f 3166/3081/2977 3008/2923/2838 3317/3231/2829
f 3317/3231/2829 3008/2923/2838 3006/2921/2836
f 3006/2921/2836 3005/2920/2835 3318/3232/3043
f 3318/3232/3043 3319/3233/3113 3316/3230/3112
f 3319/3233/3113 3318/3232/3043 3005/2920/2835
f 3320/3234/3114 3316/3230/3112 3319/3233/3113
f 3316/3230/3112 3320/3234/3114 3315/3229/3111
f 3005/2920/2835 3321/3235/3067 3319/3233/3113
f 3319/3233/3113 3322/3236/3115 3320/3234/3114
f 3322/3236/3115 3319/3233/3113 3321/3235/3067
f 3323/3237/3116 3315/3229/3111 3320/3234/3114
f 3324/3238/3117 3320/3234/3114 3322/3236/3115
f 3320/3234/3114 3324/3238/3117 3323/3237/3116
f 3315/3229/3111 3323/3237/3116 3325/3239/3118
f 3325/3239/3118 3313/3227/3109 3315/3229/3111
f 3313/3227/3109 3325/3239/3118 3326/3240/3119
f 3307/3221/3104 3313/3227/3109 3326/3240/3119
f 3327/3241/3120 3325/3239/3118 3323/3237/3116
f 3328/3242/3121 3323/3237/3116 3324/3238/3117
f 3323/3237/3116 3328/3242/3121 3327/3241/3120
f 3329/3243/3122 3326/3240/3119 3325/3239/3118
f 3325/3239/3118 3327/3241/3120 3329/3243/3122
f 3330/3244/3123 3307/3221/3104 3326/3240/3119
f 3326/3240/3119 3329/3243/3122 3330/3244/3123
f 3307/3221/3104 3330/3244/3123 3331/3245/3124
f 3303/3217/3100 3307/3221/3104 3331/3245/3124
f 3331/3245/3124 3288/3202/3085 3303/3217/3100
f 3288/3202/3085 3331/3245/3124 3332/3246/3125
f 3285/3199/3040 3288/3202/3085 3332/3246/3125
f 3333/3247/3126 3331/3245/3124 3330/3244/3123
f 3331/3245/3124 3333/3247/3126 3332/3246/3125
f 3332/3246/3125 3334/3248/3127 3285/3199/3040
f 3334/3248/3127 3332/3246/3125 3333/3247/3126
f 3287/3201/3084 3285/3199/3040 3334/3248/3127
f 3330/3244/3123 3335/3249/2901 3333/3247/3126
f 3335/3249/2901 3330/3244/3123 3329/3243/3122
f 3333/3247/3126 3336/3250/2972 3334/3248/3127
f 3336/3250/2972 3333/3247/3126 3335/3249/2901
f 3287/3201/3084 3334/3248/3127 3337/3251/3128
f 3337/3251/3128 3334/3248/3127 3336/3250/2972
f 3338/3252/966 3287/3201/3084 3337/3251/3128
f 3284/3198/3082 3287/3201/3084 3338/3252/966
f 3329/3243/3122 3339/3253/3042 3335/3249/2901
f 3339/3253/3042 3329/3243/3122 3327/3241/3120
f 3335/3249/2901 3340/3254/3129 3336/3250/2972
f 3340/3254/3129 3335/3249/2901 3339/3253/3042
f 3337/3251/3128 3336/3250/2972 3341/3255/3130
f 3341/3255/3130 3336/3250/2972 3340/3254/3129
f 3342/3256/3131 3337/3251/3128 3341/3255/3130
f 3338/3252/966 3337/3251/3128 3342/3256/3131
f 3327/3241/3120 3343/3257/3132 3339/3253/3042
f 3343/3257/3132 3327/3241/3120 3328/3242/3121
f 3339/3253/3042 3344/3258/2998 3340/3254/3129
f 3344/3258/2998 3339/3253/3042 3343/3257/3132
f 3341/3255/3130 3340/3254/3129 3345/3259/3133
f 3345/3259/3133 3340/3254/3129 3344/3258/2998
f 3346/3260/3134 3341/3255/3130 3345/3259/3133
f 3342/3256/3131 3341/3255/3130 3346/3260/3134
f 3345/3259/3133 3344/3258/2998 3347/3261/3135
f 3348/3262/3136 3344/3258/2998 3343/3257/3132
f 3346/3260/3134 3345/3259/3133 3349/3263/3137
f 3349/3263/3137 3345/3259/3133 3347/3261/3135
f 3347/3261/3135 3344/3258/2998 3350/3264/3138
f 3344/3258/2998 3348/3262/3136 3350/3264/3138
f 3349/3263/3137 3347/3261/3135 3351/3265/3139
f 3347/3261/3135 3350/3264/3138 3352/3266/3140
f 3351/3265/3139 3347/3261/3135 3352/3266/3140
f 3352/3266/3140 3350/3264/3138 3353/3267/3141
f 3348/3262/3136 3353/3267/3141 3350/3264/3138
f 3351/3265/3139 3352/3266/3140 3354/3268/3142
f 3352/3266/3140 3353/3267/3141 3355/3269/3143
f 3354/3268/3142 3352/3266/3140 3355/3269/3143
f 3354/3268/3142 3355/3269/3143 3356/3270/3144
f 3355/3269/3143 3353/3267/3141 3357/3271/3017
f 3353/3267/3141 3348/3262/3136 3358/3272/3145
f 3358/3272/3145 3357/3271/3017 3353/3267/3141
f 3355/3269/3143 3357/3271/3017 3359/3273/3146
f 3356/3270/3144 3355/3269/3143 3359/3273/3146
f 3357/3271/3017 3358/3272/3145 3360/3274/3147
f 3359/3273/3146 3361/3275/3148 3356/3270/3144
f 3359/3273/3146 3357/3271/3017 3362/3276/3149
f 3360/3274/3147 3362/3276/3149 3357/3271/3017
f 3359/3273/3146 3362/3276/3149 3363/3277/3150
f 3361/3275/3148 3359/3273/3146 3363/3277/3150
f 3362/3276/3149 3360/3274/3147 3364/3278/3151
f 3358/3272/3145 3365/3279/3152 3360/3274/3147
f 3365/3279/3152 3364/3278/3151 3360/3274/3147
f 3364/3278/3151 3366/3280/3086 3362/3276/3149
f 3363/3277/3150 3362/3276/3149 3366/3280/3086
f 3363/3277/3150 3366/3280/3086 3367/3281/3153
f 3367/3281/3153 3361/3275/3148 3363/3277/3150
f 3366/3280/3086 3364/3278/3151 3368/3282/3154
f 3365/3279/3152 3358/3272/3145 3369/3283/3155
f 3348/3262/3136 3369/3283/3155 3358/3272/3145
f 3364/3278/3151 3365/3279/3152 3370/3284/3156
f 3370/3284/3156 3368/3282/3154 3364/3278/3151
f 3369/3283/3155 3348/3262/3136 3371/3285/3157
f 3343/3257/3132 3371/3285/3157 3348/3262/3136
f 3371/3285/3157 3343/3257/3132 3328/3242/3121
f 3371/3285/3157 3372/3286/3158 3369/3283/3155
f 3372/3286/3158 3365/3279/3152 3369/3283/3155
f 3328/3242/3121 3373/3287/3159 3371/3285/3157
f 3372/3286/3158 3371/3285/3157 3373/3287/3159
f 3373/3287/3159 3328/3242/3121 3324/3238/3117
f 3365/3279/3152 3372/3286/3158 3374/3288/3160
f 3374/3288/3160 3370/3284/3156 3365/3279/3152
f 3373/3287/3159 3375/3289/3161 3372/3286/3158
f 3375/3289/3161 3374/3288/3160 3372/3286/3158
f 3324/3238/3117 3376/3290/3162 3373/3287/3159
f 3375/3289/3161 3373/3287/3159 3376/3290/3162
f 3376/3290/3162 3324/3238/3117 3322/3236/3115
f 3374/3288/3160 3375/3289/3161 3377/3291/3152
f 3322/3236/3115 3378/3292/3163 3376/3290/3162
f 3378/3292/3163 3322/3236/3115 3321/3235/3067
f 3376/3290/3162 3379/3293/3164 3375/3289/3161
f 3379/3293/3164 3376/3290/3162 3378/3292/3163
f 3375/3289/3161 3380/3294/3033 3377/3291/3152
f 3380/3294/3033 3375/3289/3161 3379/3293/3164
f 3377/3291/3152 3381/3295/2963 3374/3288/3160
f 3370/3284/3156 3374/3288/3160 3381/3295/2963
f 3380/3294/3033 3382/3296/3165 3377/3291/3152
f 3381/3295/2963 3377/3291/3152 3382/3296/3165
f 3381/3295/2963 3383/3297/3166 3370/3284/3156
f 3368/3282/3154 3370/3284/3156 3383/3297/3166
f 3382/3296/3165 3384/3298/2835 3381/3295/2963
f 3383/3297/3166 3381/3295/2963 3384/3298/2835
f 3382/3296/3165 3380/3294/3033 3385/3299/3167
f 3379/3293/3164 3386/3300/3016 3380/3294/3033
f 3386/3300/3016 3385/3299/3167 3380/3294/3033
f 3385/3299/3167 3387/3301/2863 3382/3296/3165
f 3384/3298/2835 3382/3296/3165 3387/3301/2863
f 3387/3301/2863 3385/3299/3167 3388/3302/3168
f 3389/3303/3169 3383/3297/3166 3384/3298/2835
f 3390/3304/3170 3384/3298/2835 3387/3301/2863
f 3384/3298/2835 3390/3304/3170 3389/3303/3169
f 3387/3301/2863 3391/3305/3171 3390/3304/3170
f 3391/3305/3171 3387/3301/2863 3388/3302/3168
f 3392/3306/3172 3388/3302/3168 3385/3299/3167
f 3385/3299/3167 3386/3300/3016 3392/3306/3172
f 3388/3302/3168 3393/3307/3016 3391/3305/3171
f 3388/3302/3168 3392/3306/3172 3394/3308/3016
f 3393/3307/3016 3388/3302/3168 3394/3308/3016
f 3386/3300/3016 3395/3309/3173 3392/3306/3172
f 3395/3309/3173 3394/3308/3016 3392/3306/3172
f 3394/3308/3016 3396/3310/3174 3393/3307/3016
f 3394/3308/3016 3395/3309/3173 3397/3311/3175
f 3396/3310/3174 3394/3308/3016 3397/3311/3175
f 3395/3309/3173 3398/3312/3176 3397/3311/3175
f 3395/3309/3173 3386/3300/3016 3399/3313/3177
f 3399/3313/3177 3398/3312/3176 3395/3309/3173
f 3400/3314/3178 3399/3313/3177 3386/3300/3016
f 3386/3300/3016 3379/3293/3164 3400/3314/3178
f 3378/3292/3163 3400/3314/3178 3379/3293/3164
f 3400/3314/3178 3378/3292/3163 3401/3315/3179
f 3321/3235/3067 3401/3315/3179 3378/3292/3163
f 3399/3313/3177 3400/3314/3178 3402/3316/3180
f 3401/3315/3179 3402/3316/3180 3400/3314/3178
f 3401/3315/3179 3321/3235/3067 3001/2916/2831
f 3321/3235/3067 3005/2920/2835 3001/2916/2831
f 3402/3316/3180 3401/3315/3179 2999/2914/2829
f 3001/2916/2831 2999/2914/2829 3401/3315/3179
f 3402/3316/3180 3403/3317/3181 3399/3313/3177
f 3398/3312/3176 3399/3313/3177 3403/3317/3181
f 2999/2914/2829 3000/2915/2830 3402/3316/3180
f 3403/3317/3181 3402/3316/3180 3000/2915/2830
f 3398/3312/3176 3404/3318/3182 3405/3319/3183
f 3406/3320/2724 3405/3319/3183 3404/3318/3182
f 3397/3311/3175 3398/3312/3176 3405/3319/3183
f 3407/3321/3184 3397/3311/3175 3405/3319/3183
f 3397/3311/3175 3407/3321/3184 3396/3310/3174
f 3407/3321/3184 3408/3322/3185 3409/3323/3184
f 3409/3323/3184 3396/3310/3174 3407/3321/3184
f 3410/3324/2726 3409/3323/3184 3408/3322/3185
f 3396/3310/3174 3409/3323/3184 3412/3325/2990
f 3411/3326/3186 3412/3325/2990 3409/3323/3184
f 3412/3325/2990 3411/3326/3186 3414/3327/3187
f 3413/3328/3188 3414/3327/3187 3411/3326/3186
f 3415/3329/3189 3396/3310/3174 3412/3325/2990
f 3396/3310/3174 3415/3329/3189 3393/3307/3016
f 3416/3330/3190 3412/3325/2990 3414/3327/3187
f 3412/3325/2990 3416/3330/3190 3415/3329/3189
f 3414/3327/3187 3413/3328/3188 3417/3331/3191
f 3417/3331/3191 3416/3330/3190 3414/3327/3187
f 3418/3332/3192 3417/3331/3191 3413/3328/3188
f 3420/3333/3193 3393/3307/3016 3415/3329/3189
f 3393/3307/3016 3420/3333/3193 3391/3305/3171
f 3421/3334/3194 3415/3329/3189 3416/3330/3190
f 3415/3329/3189 3421/3334/3194 3420/3333/3193
f 3416/3330/3190 3417/3331/3191 3422/3335/3195
f 3422/3335/3195 3421/3334/3194 3416/3330/3190
f 3417/3331/3191 3418/3332/3192 3423/3336/3196
f 3423/3336/3196 3422/3335/3195 3417/3331/3191
f 3418/3332/3192 3419/3337/2731 3424/3338/3197
f 3424/3338/3197 3423/3336/3196 3418/3332/3192
f 3425/3339/3198 3424/3338/3197 3419/3337/2731
f 3424/3338/3197 3425/3339/3198 3426/3340/3199
f 3427/3341/3200 3426/3340/3199 3425/3339/3198
f 3423/3336/3196 3424/3338/3197 3428/3342/3201
f 3426/3340/3199 3428/3342/3201 3424/3338/3197
f 3422/3335/3195 3423/3336/3196 3429/3343/3202
f 3428/3342/3201 3429/3343/3202 3423/3336/3196
f 3429/3343/3202 3430/3344/3203 3422/3335/3195
f 3421/3334/3194 3422/3335/3195 3430/3344/3203
f 3426/3340/3199 3427/3341/3200 3431/3345/3204
f 3432/3346/2068 3431/3345/3204 3427/3341/3200
f 3428/3342/3201 3426/3340/3199 3433/3347/3205
f 3431/3345/3204 3433/3347/3205 3426/3340/3199
f 3430/3344/3203 3434/3348/3206 3421/3334/3194
f 3431/3345/3204 3432/3346/2068 3435/3349/3207
f 3434/3348/3206 3420/3333/3193 3421/3334/3194
f 3436/3350/3208 3435/3349/3207 3432/3346/2068
f 3435/3349/3207 3437/3351/3209 3431/3345/3204
f 3433/3347/3205 3431/3345/3204 3437/3351/3209
f 3435/3349/3207 3436/3350/3208 3438/3352/3210
f 3436/3350/3208 2991/2906/2821 3438/3352/3210
f 3437/3351/3209 3435/3349/3207 3439/3353/3074
f 3438/3352/3210 3439/3353/3074 3435/3349/3207
f 2991/2906/2821 3436/3350/3208 2990/2905/2820
f 3439/3353/3074 3438/3352/3210 3440/3354/3211
f 3440/3354/3211 3438/3352/3210 2991/2906/2821
f 3439/3353/3074 3441/3355/3212 3437/3351/3209
f 3437/3351/3209 3442/3356/3213 3433/3347/3205
f 3442/3356/3213 3437/3351/3209 3441/3355/3212
f 3443/3357/3214 3433/3347/3205 3442/3356/3213
f 3433/3347/3205 3443/3357/3214 3428/3342/3201
f 3429/3343/3202 3428/3342/3201 3443/3357/3214
f 3443/3357/3214 3444/3358/3215 3429/3343/3202
f 3430/3344/3203 3429/3343/3202 3444/3358/3215
f 3442/3356/3213 3445/3359/3216 3443/3357/3214
f 3444/3358/3215 3443/3357/3214 3445/3359/3216
f 3445/3359/3216 3442/3356/3213 3446/3360/3193
f 3441/3355/3212 3446/3360/3193 3442/3356/3213
f 3447/3361/3217 3444/3358/3215 3445/3359/3216
f 3444/3358/3215 3448/3362/3218 3430/3344/3203
f 3449/3363/3219 3445/3359/3216 3446/3360/3193
f 3445/3359/3216 3449/3363/3219 3447/3361/3217
f 3444/3358/3215 3447/3361/3217 3450/3364/3220
f 3448/3362/3218 3444/3358/3215 3450/3364/3220
f 3434/3348/3206 3430/3344/3203 3448/3362/3218
f 3451/3365/3221 3450/3364/3220 3447/3361/3217
f 3452/3366/3222 3447/3361/3217 3449/3363/3219
f 3447/3361/3217 3452/3366/3222 3451/3365/3221
f 3453/3367/3223 3448/3362/3218 3450/3364/3220
f 3450/3364/3220 3451/3365/3221 3453/3367/3223
f 3454/3368/3011 3434/3348/3206 3448/3362/3218
f 3448/3362/3218 3453/3367/3223 3454/3368/3011
f 3434/3348/3206 3454/3368/3011 3455/3369/3224
f 3456/3370/3225 3453/3367/3223 3451/3365/3221
f 3457/3371/3226 3454/3368/3011 3453/3367/3223
f 3453/3367/3223 3456/3370/3225 3457/3371/3226
f 3454/3368/3011 3457/3371/3226 3458/3372/3227
f 3458/3372/3227 3455/3369/3224 3454/3368/3011
f 3455/3369/3224 3459/3373/3102 3434/3348/3206
f 3420/3333/3193 3434/3348/3206 3459/3373/3102
f 3459/3373/3102 3391/3305/3171 3420/3333/3193
f 3391/3305/3171 3459/3373/3102 3390/3304/3170
f 3460/3374/3228 3390/3304/3170 3459/3373/3102
f 3459/3373/3102 3455/3369/3224 3460/3374/3228
f 3390/3304/3170 3460/3374/3228 3389/3303/3169
f 3455/3369/3224 3458/3372/3227 3461/3375/3229
f 3461/3375/3229 3460/3374/3228 3455/3369/3224
f 3460/3374/3228 3461/3375/3229 3462/3376/3230
f 3462/3376/3230 3389/3303/3169 3460/3374/3228
f 3389/3303/3169 3462/3376/3230 3463/3377/3231
f 3383/3297/3166 3389/3303/3169 3463/3377/3231
f 3464/3378/3232 3463/3377/3231 3462/3376/3230
f 3465/3379/3233 3383/3297/3166 3463/3377/3231
f 3463/3377/3231 3464/3378/3232 3465/3379/3233
f 3383/3297/3166 3465/3379/3233 3368/3282/3154
f 3466/3380/3234 3368/3282/3154 3465/3379/3233
f 3464/3378/3232 3466/3380/3234 3465/3379/3233
f 3368/3282/3154 3466/3380/3234 3366/3280/3086
f 3367/3281/3153 3366/3280/3086 3466/3380/3234
f 3466/3380/3234 3464/3378/3232 3467/3381/3235
f 3467/3381/3235 3367/3281/3153 3466/3380/3234
f 3462/3376/3230 3468/3382/3236 3464/3378/3232
f 3468/3382/3236 3462/3376/3230 3461/3375/3229
f 3464/3378/3232 3469/3383/3237 3467/3381/3235
f 3469/3383/3237 3464/3378/3232 3468/3382/3236
f 3367/3281/3153 3467/3381/3235 3470/3384/3238
f 3469/3383/3237 3470/3384/3238 3467/3381/3235
f 3471/3385/3239 3367/3281/3153 3470/3384/3238
f 3470/3384/3238 3469/3383/3237 3472/3386/3240
f 3472/3386/3240 3471/3385/3239 3470/3384/3238
f 3461/3375/3229 3473/3387/3024 3468/3382/3236
f 3473/3387/3024 3461/3375/3229 3458/3372/3227
f 3468/3382/3236 3474/3388/3241 3469/3383/3237
f 3474/3388/3241 3468/3382/3236 3473/3387/3024
f 3469/3383/3237 3475/3389/3242 3472/3386/3240
f 3475/3389/3242 3469/3383/3237 3474/3388/3241
f 3458/3372/3227 3476/3390/3194 3473/3387/3024
f 3476/3390/3194 3458/3372/3227 3457/3371/3226
f 3473/3387/3024 3477/3391/2782 3474/3388/3241
f 3477/3391/2782 3473/3387/3024 3476/3390/3194
f 3478/3392/3243 3474/3388/3241 3477/3391/2782
f 3475/3389/3242 3474/3388/3241 3478/3392/3243
f 3476/3390/3194 3479/3393/3244 3477/3391/2782
f 3479/3393/3244 3478/3392/3243 3477/3391/2782
f 3457/3371/3226 3480/3394/3245 3476/3390/3194
f 3479/3393/3244 3476/3390/3194 3480/3394/3245
f 3480/3394/3245 3457/3371/3226 3456/3370/3225
f 3478/3392/3243 3479/3393/3244 3481/3395/3246
f 3480/3394/3245 3482/3396/3247 3479/3393/3244
f 3483/3397/3248 3475/3389/3242 3478/3392/3243
f 3456/3370/3225 3484/3398/3249 3480/3394/3245
f 3482/3396/3247 3480/3394/3245 3484/3398/3249
f 3484/3398/3249 3456/3370/3225 3485/3399/3250
f 3451/3365/3221 3485/3399/3250 3456/3370/3225
f 3485/3399/3250 3451/3365/3221 3452/3366/3222
f 3485/3399/3250 3486/3400/3251 3484/3398/3249
f 3452/3366/3222 3487/3401/3252 3485/3399/3250
f 3486/3400/3251 3485/3399/3250 3487/3401/3252
f 3487/3401/3252 3452/3366/3222 3488/3402/3253
f 3449/3363/3219 3488/3402/3253 3452/3366/3222
f 3484/3398/3249 3489/3403/3254 3482/3396/3247
f 3489/3403/3254 3484/3398/3249 3486/3400/3251
f 3488/3402/3253 3449/3363/3219 3490/3404/3255
f 3446/3360/3193 3490/3404/3255 3449/3363/3219
f 3488/3402/3253 3491/3405/3256 3487/3401/3252
f 3490/3404/3255 3446/3360/3193 3492/3406/3257
f 3446/3360/3193 3441/3355/3212 3492/3406/3257
f 3490/3404/3255 3493/3407/3258 3488/3402/3253
f 3491/3405/3256 3488/3402/3253 3493/3407/3258
f 3492/3406/3257 3494/3408/3259 3490/3404/3255
f 3493/3407/3258 3490/3404/3255 3494/3408/3259
f 3441/3355/3212 3495/3409/3260 3492/3406/3257
f 3494/3408/3259 3492/3406/3257 3495/3409/3260
f 3495/3409/3260 3441/3355/3212 3496/3410/3261
f 3441/3355/3212 3439/3353/3074 3496/3410/3261
f 3439/3353/3074 3497/3411/3262 3496/3410/3261
f 3497/3411/3262 3439/3353/3074 3440/3354/3211
f 3496/3410/3261 3498/3412/3263 3495/3409/3260
f 3498/3412/3263 3496/3410/3261 3497/3411/3262
f 3495/3409/3260 3499/3413/3264 3494/3408/3259
f 3499/3413/3264 3495/3409/3260 3498/3412/3263
f 3500/3414/3265 3494/3408/3259 3499/3413/3264
f 3494/3408/3259 3500/3414/3265 3493/3407/3258
f 3497/3411/3262 3440/3354/3211 2995/2910/2825
f 2995/2910/2825 3440/3354/3211 2991/2906/2821
f 3497/3411/3262 3501/3415/3266 3498/3412/3263
f 3502/3416/3267 3497/3411/3262 2995/2910/2825
f 3501/3415/3266 3497/3411/3262 3502/3416/3267
f 3503/3417/3268 3493/3407/3258 3500/3414/3265
f 3493/3407/3258 3503/3417/3268 3491/3405/3256
f 3504/3418/3269 3498/3412/3263 3501/3415/3266
f 3498/3412/3263 3504/3418/3269 3499/3413/3264
f 3499/3413/3264 3505/3419/3270 3500/3414/3265
f 3505/3419/3270 3499/3413/3264 3504/3418/3269
f 3500/3414/3265 3506/3420/3271 3503/3417/3268
f 3506/3420/3271 3500/3414/3265 3505/3419/3270
f 3507/3421/3231 3506/3420/3271 3505/3419/3270
f 3504/3418/3269 3507/3421/3231 3505/3419/3270
f 3501/3415/3266 3508/3422/3045 3504/3418/3269
f 3507/3421/3231 3504/3418/3269 3508/3422/3045
f 3508/3422/3045 3501/3415/3266 3509/3423/3272
f 3502/3416/3267 3509/3423/3272 3501/3415/3266
f 3508/3422/3045 3510/3424/1901 3507/3421/3231
f 3509/3423/3272 3502/3416/3267 2996/2911/2826
f 2995/2910/2825 2996/2911/2826 3502/3416/3267
f 3509/3423/3272 3511/3425/1899 3508/3422/3045
f 3510/3424/1901 3508/3422/3045 3511/3425/1899
f 2996/2911/2826 3512/3426/3273 3509/3423/3272
f 3511/3425/1899 3509/3423/3272 3512/3426/3273
f 3513/3427/3274 3507/3421/3231 3510/3424/1901
f 3512/3426/3273 2996/2911/2826 2993/2909/2824
f 3507/3421/3231 3513/3427/3274 3514/3428/3275
f 3506/3420/3271 3507/3421/3231 3514/3428/3275
f 3515/3429/3276 3514/3428/3275 3513/3427/3274
f 3514/3428/3275 3516/3430/3277 3506/3420/3271
f 3514/3428/3275 3515/3429/3276 3518/3431/3278
f 3516/3430/3277 3514/3428/3275 3518/3431/3278
f 3517/3432/1910 3518/3431/3278 3515/3429/3276
f 3516/3430/3277 3503/3417/3268 3506/3420/3271
f 3503/3417/3268 3516/3430/3277 3519/3433/3279
f 3519/3433/3279 3491/3405/3256 3503/3417/3268
f 3518/3431/3278 3520/3434/3280 3516/3430/3277
f 3520/3434/3280 3519/3433/3279 3516/3430/3277
f 3518/3431/3278 3517/3432/1910 3521/3435/3281
f 3520/3434/3280 3518/3431/3278 3521/3435/3281
f 3517/3432/1910 3523/3436/3282 3521/3435/3281
f 3523/3436/3282 3517/3432/1910 3522/3437/355
f 3521/3435/3281 3524/3438/3283 3520/3434/3280
f 3524/3438/3283 3521/3435/3281 3523/3436/3282
f 3519/3433/3279 3520/3434/3280 3525/3439/3284
f 3524/3438/3283 3525/3439/3284 3520/3434/3280
f 3525/3439/3284 3526/3440/3285 3519/3433/3279
f 3491/3405/3256 3519/3433/3279 3526/3440/3285
f 3526/3440/3285 3487/3401/3252 3491/3405/3256
f 3487/3401/3252 3526/3440/3285 3486/3400/3251
f 3527/3441/3286 3486/3400/3251 3526/3440/3285
f 3526/3440/3285 3525/3439/3284 3527/3441/3286
f 3486/3400/3251 3527/3441/3286 3489/3403/3254
f 3528/3442/3287 3527/3441/3286 3525/3439/3284
f 3525/3439/3284 3524/3438/3283 3528/3442/3287
f 3529/3443/3288 3489/3403/3254 3527/3441/3286
f 3529/3443/3288 3527/3441/3286 3528/3442/3287
f 3530/3444/3289 3489/3403/3254 3529/3443/3288
f 3530/3444/3289 3482/3396/3247 3489/3403/3254
f 3531/3445/3290 3529/3443/3288 3528/3442/3287
f 3531/3445/3290 3528/3442/3287 3524/3438/3283
f 3532/3446/3291 3530/3444/3289 3529/3443/3288
f 3532/3446/3291 3529/3443/3288 3531/3445/3290
f 3533/3447/3292 3482/3396/3247 3530/3444/3289
f 3533/3447/3292 3479/3393/3244 3482/3396/3247
f 3481/3395/3246 3479/3393/3244 3533/3447/3292
f 3534/3448/3293 3533/3447/3292 3530/3444/3289
f 3534/3448/3293 3530/3444/3289 3532/3446/3291
f 3535/3449/3294 3481/3395/3246 3533/3447/3292
f 3535/3449/3294 3533/3447/3292 3534/3448/3293
f 3481/3395/3246 3535/3449/3294 3536/3450/3295
f 3536/3450/3295 3478/3392/3243 3481/3395/3246
f 3483/3397/3248 3478/3392/3243 3536/3450/3295
f 3537/3451/3296 3531/3445/3290 3524/3438/3283
f 3523/3436/3282 3537/3451/3296 3524/3438/3283
f 3537/3451/3296 3523/3436/3282 3538/3452/354
f 3522/3437/355 3538/3452/354 3523/3436/3282
f 3539/3453/3297 3223/3137/3027 3540/3454/3298
f 3225/3139/3029 3223/3137/3027 3539/3453/3297
f 3540/3454/3298 3542/3455/3299 3541/3456/3300
f 3540/3454/3298 3223/3137/3027 3542/3455/3299
f 3541/3456/3300 3542/3455/3299 3544/3457/3301
f 3541/3456/3300 3544/3457/3301 3543/3458/3302
f 3223/3137/3027 3141/3056/2953 3542/3455/3299
f 3542/3455/3299 3136/3051/2948 3544/3457/3301
f 3542/3455/3299 3141/3056/2953 3136/3051/2948
f 3543/3458/3302 3544/3457/3301 3130/3045/2942
f 3543/3458/3302 3130/3045/2942 3545/3459/3303
f 3544/3457/3301 3136/3051/2948 3131/3046/2943
f 3544/3457/3301 3131/3046/2943 3130/3045/2942
f 3545/3459/3303 3130/3045/2942 3547/3460/3304
f 3545/3459/3303 3547/3460/3304 3546/3461/3305
f 3130/3045/2942 3128/3043/2940 3547/3460/3304
f 3546/3461/3305 3547/3460/3304 3292/3206/3089
f 3547/3460/3304 3128/3043/2940 3292/3206/3089
f 3546/3461/3305 3292/3206/3089 3548/3462/450
f 3548/3462/450 3292/3206/3089 3290/3204/3087
f 3548/3462/450 3290/3204/3087 3549/3463/3306
f 3549/3463/3306 3290/3204/3087 3281/3195/3079
f 3549/3463/3306 3281/3195/3079 3278/3192/3076
f 3122/3037/2878 3550/3464/2878 3123/3038/2935
f 3550/3464/2878 3551/3465/3307 3123/3038/2935
f 3552/3466/3308 3122/3037/2878 3124/3039/2936
f 3552/3466/3308 3550/3464/2878 3122/3037/2878
f 3124/3039/2936 3125/3040/2937 3553/3467/3309
f 3553/3467/3309 3552/3466/3308 3124/3039/2936
f 3554/3468/3310 3553/3467/3309 3125/3040/2937
f 3125/3040/2937 3126/3041/2938 3554/3468/3310
f 3550/3464/2878 3555/3469/2927 3551/3465/3307
f 3555/3469/2927 3556/3470/3311 3551/3465/3307
f 3557/3471/3312 3550/3464/2878 3552/3466/3308
f 3557/3471/3312 3555/3469/2927 3550/3464/2878
f 3552/3466/3308 3553/3467/3309 3558/3472/2995
f 3558/3472/2995 3557/3471/3312 3552/3466/3308
f 3559/3473/3313 3558/3472/2995 3553/3467/3309
f 3553/3467/3309 3554/3468/3310 3559/3473/3313
f 3557/3471/3312 3558/3472/2995 3560/3474/3314
f 3555/3469/2927 3561/3475/3315 3556/3470/3311
f 3562/3476/3308 3555/3469/2927 3557/3471/3312
f 3562/3476/3308 3561/3475/3315 3555/3469/2927
f 3560/3474/3314 3562/3476/3308 3557/3471/3312
f 3561/3475/3315 3563/3477/3316 3556/3470/3311
f 3558/3472/2995 3559/3473/3313 3564/3478/3317
f 3564/3478/3317 3560/3474/3314 3558/3472/2995
f 3561/3475/3315 3565/3479/3318 3563/3477/3316
f 3565/3479/3318 3566/3480/3319 3563/3477/3316
f 3567/3481/3320 3561/3475/3315 3562/3476/3308
f 3567/3481/3320 3565/3479/3318 3561/3475/3315
f 3562/3476/3308 3560/3474/3314 3568/3482/2908
f 3568/3482/2908 3567/3481/3320 3562/3476/3308
f 3565/3479/3318 3569/3483/3321 3566/3480/3319
f 3569/3483/3321 3570/3484/3322 3566/3480/3319
f 3571/3485/3323 3565/3479/3318 3567/3481/3320
f 3571/3485/3323 3569/3483/3321 3565/3479/3318
f 3567/3481/3320 3568/3482/2908 3572/3486/3324
f 3572/3486/3324 3571/3485/3323 3567/3481/3320
f 3560/3474/3314 3573/3487/3325 3568/3482/2908
f 3573/3487/3325 3572/3486/3324 3568/3482/2908
f 3569/3483/3321 2960/2875/2791 3570/3484/3322
f 2960/2875/2791 2965/2880/2796 3570/3484/3322
f 2958/2873/2789 3569/3483/3321 3571/3485/3323
f 2958/2873/2789 2960/2875/2791 3569/3483/3321
f 3571/3485/3323 3572/3486/3324 2957/2872/2788
f 2957/2872/2788 2958/2873/2789 3571/3485/3323
f 3572/3486/3324 3573/3487/3325 3574/3488/3326
f 3574/3488/3326 2957/2872/2788 3572/3486/3324
f 3573/3487/3325 3560/3474/3314 3575/3489/3327
f 3560/3474/3314 3564/3478/3317 3575/3489/3327
f 3576/3490/3328 3574/3488/3326 3573/3487/3325
f 3577/3491/3103 3573/3487/3325 3575/3489/3327
f 3573/3487/3325 3577/3491/3103 3576/3490/3328
f 3578/3492/3329 3575/3489/3327 3564/3478/3317
f 3575/3489/3327 3578/3492/3329 3577/3491/3103
f 3564/3478/3317 3579/3493/3330 3578/3492/3329
f 3579/3493/3330 3564/3478/3317 3559/3473/3313
f 3574/3488/3326 3576/3490/3328 3580/3494/3331
f 3559/3473/3313 3581/3495/3332 3579/3493/3330
f 3581/3495/3332 3559/3473/3313 3554/3468/3310
f 3582/3496/3333 3578/3492/3329 3579/3493/3330
f 3583/3497/3213 3579/3493/3330 3581/3495/3332
f 3579/3493/3330 3583/3497/3213 3582/3496/3333
f 3554/3468/3310 3584/3498/3046 3581/3495/3332
f 3584/3498/3046 3554/3468/3310 3126/3041/2938
f 3581/3495/3332 3585/3499/3334 3583/3497/3213
f 3585/3499/3334 3581/3495/3332 3584/3498/3046
f 3578/3492/3329 3582/3496/3333 3586/3500/3335
f 3586/3500/3335 3577/3491/3103 3578/3492/3329
f 3126/3041/2938 3587/3501/3336 3584/3498/3046
f 3587/3501/3336 3126/3041/2938 3121/3036/2934
f 3584/3498/3046 3588/3502/3337 3585/3499/3334
f 3588/3502/3337 3584/3498/3046 3587/3501/3336
f 3577/3491/3103 3586/3500/3335 3589/3503/3338
f 3589/3503/3338 3576/3490/3328 3577/3491/3103
f 3121/3036/2934 3590/3504/3339 3587/3501/3336
f 3576/3490/3328 3589/3503/3338 3591/3505/2963
f 3590/3504/3339 3121/3036/2934 3116/3031/2930
f 3587/3501/3336 3592/3506/3340 3588/3502/3337
f 3592/3506/3340 3587/3501/3336 3590/3504/3339
f 3591/3505/2963 3580/3494/3331 3576/3490/3328
f 3593/3507/3341 3588/3502/3337 3592/3506/3340
f 3116/3031/2930 3272/3186/3071 3590/3504/3339
f 3272/3186/3071 3116/3031/2930 3111/3026/2926
f 3590/3504/3339 3275/3189/3074 3592/3506/3340
f 3275/3189/3074 3590/3504/3339 3272/3186/3071
f 3592/3506/3340 3191/3106/2998 3593/3507/3341
f 3191/3106/2998 3592/3506/3340 3275/3189/3074
f 3588/3502/3337 3593/3507/3341 3594/3508/3342
f 3594/3508/3342 3585/3499/3334 3588/3502/3337
f 3195/3110/3002 3594/3508/3342 3593/3507/3341
f 3191/3106/2998 3195/3110/3002 3593/3507/3341
f 3585/3499/3334 3594/3508/3342 3595/3509/3343
f 3595/3509/3343 3583/3497/3213 3585/3499/3334
f 3596/3510/3344 3595/3509/3343 3594/3508/3342
f 3594/3508/3342 3195/3110/3002 3596/3510/3344
f 3583/3497/3213 3595/3509/3343 3597/3511/3345
f 3597/3511/3345 3582/3496/3333 3583/3497/3213
f 3595/3509/3343 3596/3510/3344 3598/3512/3346
f 3598/3512/3346 3597/3511/3345 3595/3509/3343
f 3582/3496/3333 3597/3511/3345 3599/3513/3347
f 3599/3513/3347 3586/3500/3335 3582/3496/3333
f 3597/3511/3345 3598/3512/3346 3600/3514/3348
f 3600/3514/3348 3599/3513/3347 3597/3511/3345
f 3586/3500/3335 3599/3513/3347 3601/3515/3349
f 3601/3515/3349 3589/3503/3338 3586/3500/3335
f 3599/3513/3347 3600/3514/3348 3602/3516/3350
f 3602/3516/3350 3601/3515/3349 3599/3513/3347
f 3589/3503/3338 3601/3515/3349 3603/3517/3155
f 3601/3515/3349 3602/3516/3350 3604/3518/3351
f 3604/3518/3351 3603/3517/3155 3601/3515/3349
f 3603/3517/3155 3591/3505/2963 3589/3503/3338
f 3605/3519/3352 3604/3518/3351 3602/3516/3350
f 3606/3520/3015 3602/3516/3350 3600/3514/3348
f 3602/3516/3350 3606/3520/3015 3605/3519/3352
f 3600/3514/3348 3607/3521/3353 3606/3520/3015
f 3607/3521/3353 3600/3514/3348 3598/3512/3346
f 3598/3512/3346 3608/3522/2771 3607/3521/3353
f 3608/3522/2771 3598/3512/3346 3596/3510/3344
f 3609/3523/3354 3606/3520/3015 3607/3521/3353
f 3610/3524/3355 3607/3521/3353 3608/3522/2771
f 3609/3523/3354 3607/3521/3353 3610/3524/3355
f 3596/3510/3344 3198/3113/3005 3608/3522/2771
f 3198/3113/3005 3596/3510/3344 3195/3110/3002
f 3610/3524/3355 3608/3522/2771 3611/3525/3356
f 3611/3525/3356 3608/3522/2771 3198/3113/3005
f 3612/3526/3357 3606/3520/3015 3609/3523/3354
f 3612/3526/3357 3605/3519/3352 3606/3520/3015
f 3609/3523/3354 3613/3527/3358 3612/3526/3357
f 3611/3525/3356 3198/3113/3005 3199/3114/3006
f 3614/3528/3359 3199/3114/3006 3615/3529/3360
f 3616/3530/473 3615/3529/3360 3199/3114/3006
f 3616/3530/473 3199/3114/3006 3201/3116/3008
f 3203/3531/3361 3616/3530/473 3201/3116/3008
f 3617/3532/3362 3605/3519/3352 3612/3526/3357
f 3617/3532/3362 3618/3533/3363 3605/3519/3352
f 3604/3518/3351 3605/3519/3352 3618/3533/3363
f 3619/3534/3364 3618/3533/3363 3617/3532/3362
f 3618/3533/3363 3620/3535/3365 3604/3518/3351
f 3603/3517/3155 3604/3518/3351 3620/3535/3365
f 3619/3534/3364 3621/3536/3366 3618/3533/3363
f 3620/3535/3365 3618/3533/3363 3621/3536/3366
f 3620/3535/3365 3622/3537/3367 3603/3517/3155
f 3591/3505/2963 3603/3517/3155 3622/3537/3367
f 3621/3536/3366 3623/3538/3368 3620/3535/3365
f 3622/3537/3367 3620/3535/3365 3623/3538/3368
f 3624/3539/3369 3591/3505/2963 3622/3537/3367
f 3623/3538/3368 3624/3539/3369 3622/3537/3367
f 3591/3505/2963 3624/3539/3369 3625/3540/3370
f 3580/3494/3331 3591/3505/2963 3625/3540/3370
f 3624/3539/3369 3623/3538/3368 3626/3541/3371
f 3627/3542/3372 3580/3494/3331 3625/3540/3370
f 3628/3543/3373 3625/3540/3370 3624/3539/3369
f 3625/3540/3370 3628/3543/3373 3627/3542/3372
f 3629/3544/3374 3624/3539/3369 3626/3541/3371
f 3624/3539/3369 3629/3544/3374 3628/3543/3373
f 3623/3538/3368 3630/3545/3375 3626/3541/3371
f 3626/3541/3371 3631/3546/3376 3629/3544/3374
f 3631/3546/3376 3626/3541/3371 3630/3545/3375
f 3630/3545/3375 3623/3538/3368 3632/3547/3377
f 3623/3538/3368 3621/3536/3366 3632/3547/3377
f 3630/3545/3375 3633/3548/3378 3631/3546/3376
f 3634/3549/3379 3632/3547/3377 3621/3536/3366
f 3634/3549/3379 3621/3536/3366 3619/3534/3364
f 3632/3547/3377 3635/3550/3380 3630/3545/3375
f 3633/3548/3378 3630/3545/3375 3635/3550/3380
f 3636/3551/3381 3632/3547/3377 3634/3549/3379
f 3635/3550/3380 3632/3547/3377 3636/3551/3381
f 3637/3552/3382 3633/3548/3378 3635/3550/3380
f 3638/3553/3383 3216/3130/3020 3215/3129/3019
f 3637/3552/3382 3639/3554/3384 3633/3548/3378
f 3639/3554/3384 3640/3555/3385 3633/3548/3378
f 3640/3555/3385 3631/3546/3376 3633/3548/3378
f 3639/3554/3384 3641/3556/3386 3640/3555/3385
f 3631/3546/3376 3640/3555/3385 3642/3557/3387
f 3642/3557/3387 3629/3544/3374 3631/3546/3376
f 3641/3556/3386 3643/3558/3388 3640/3555/3385
f 3629/3544/3374 3642/3557/3387 3644/3559/3389
f 3644/3559/3389 3628/3543/3373 3629/3544/3374
f 3640/3555/3385 3645/3560/3390 3642/3557/3387
f 3643/3558/3388 3645/3560/3390 3640/3555/3385
f 3642/3557/3387 3646/3561/3391 3644/3559/3389
f 3646/3561/3391 3642/3557/3387 3645/3560/3390
f 3628/3543/3373 3644/3559/3389 3647/3562/3392
f 3646/3561/3391 3647/3562/3392 3644/3559/3389
f 3647/3562/3392 3627/3542/3372 3628/3543/3373
f 3641/3556/3386 3017/2931/2846 3643/3558/3388
f 3643/3558/3388 2941/2856/2773 3645/3560/3390
f 3645/3560/3390 2940/2855/2772 3646/3561/3391
f 2940/2855/2772 3645/3560/3390 2941/2856/2773
f 3647/3562/3392 3646/3561/3391 3648/3563/3393
f 2940/2855/2772 3648/3563/3393 3646/3561/3391
f 3648/3563/3393 3649/3564/2902 3647/3562/3392
f 3627/3542/3372 3647/3562/3392 3649/3564/2902
f 2945/2860/2777 2941/2856/2773 3643/3558/3388
f 3017/2931/2846 2945/2860/2777 3643/3558/3388
f 3649/3564/2902 3650/3565/3394 3627/3542/3372
f 3580/3494/3331 3627/3542/3372 3650/3565/3394
f 3649/3564/2902 3648/3563/3393 3651/3566/3395
f 3652/3567/3396 3580/3494/3331 3650/3565/3394
f 3580/3494/3331 3652/3567/3396 3574/3488/3326
f 3650/3565/3394 3649/3564/2902 3653/3568/3397
f 3653/3568/3397 3652/3567/3396 3650/3565/3394
f 3651/3566/3395 3653/3568/3397 3649/3564/2902
f 2957/2872/2788 3574/3488/3326 3652/3567/3396
f 2939/2854/2771 3651/3566/3395 3648/3563/3393
f 3648/3563/3393 2940/2855/2772 2939/2854/2771
f 3652/3567/3396 3653/3568/3397 2953/2868/2784
f 2953/2868/2784 2957/2872/2788 3652/3567/3396
f 3653/3568/3397 3651/3566/3395 2951/2866/2782
f 2951/2866/2782 2953/2868/2784 3653/3568/3397
f 3651/3566/3395 2939/2854/2771 2943/2858/2775
f 2943/2858/2775 2951/2866/2782 3651/3566/3395
f 3361/3275/3148 3367/3281/3153 3654/3569/842
f 3654/3569/842 3367/3281/3153 3471/3385/3239
f 3471/3385/3239 3472/3386/3240 3655/3570/3398
f 3475/3389/3242 3655/3570/3398 3472/3386/3240
f 3655/3570/3398 3475/3389/3242 3656/3571/3399
f 3656/3571/3399 3475/3389/3242 3483/3397/3248
f 3230/3144/3034 3657/3572/3400 3249/3163/3051
f 3657/3572/3400 3658/3573/3401 3659/3574/3402
f 3657/3572/3400 3659/3574/3402 3249/3163/3051
f 3659/3574/3402 3251/3165/3053 3249/3163/3051
f 3659/3574/3402 3254/3168/3056 3251/3165/3053
f 3658/3573/3401 3660/3575/3403 3659/3574/3402
f 3660/3575/3403 3254/3168/3056 3659/3574/3402
f 3658/3573/3401 3661/3576/3404 3660/3575/3403
f 3661/3576/3404 3663/3577/3405 3660/3575/3403
f 3661/3576/3404 3662/3578/3406 3663/3577/3405
f 3660/3575/3403 3664/3579/3407 3254/3168/3056
f 3663/3577/3405 3664/3579/3407 3660/3575/3403
f 3256/3170/3058 3254/3168/3056 3664/3579/3407
f 3664/3579/3407 3264/3178/3065 3256/3170/3058
f 3264/3178/3065 3664/3579/3407 3665/3580/3408
f 3663/3577/3405 3665/3580/3408 3664/3579/3407
f 3665/3580/3408 3214/3128/3018 3264/3178/3065
f 3214/3128/3018 3665/3580/3408 3213/3127/3017
f 3666/3581/3409 3665/3580/3408 3663/3577/3405
f 3666/3581/3409 3213/3127/3017 3665/3580/3408
f 3662/3578/3406 3666/3581/3409 3663/3577/3405
f 3215/3129/3019 3213/3127/3017 3666/3581/3409
f 3638/3553/3383 3215/3129/3019 3666/3581/3409
f 3662/3578/3406 3638/3553/3383 3666/3581/3409
